
Medición hecha el 2026-10-02  05:15 p.m.

Medición de corriente y tensión en el tiempo con posibilidad de inyectar corriente.
Tiempo	Corriente	Tensión
2.473000E+0	1.022030E-5	1.222240E+4	0.000000E+0	0.000000E+0
5.158000E+0	1.021790E-5	1.222470E+4	0.000000E+0	0.000000E+0
8.163000E+0	1.021430E-5	1.222750E+4	0.000000E+0	0.000000E+0
1.116100E+1	1.021180E-5	1.223020E+4	0.000000E+0	0.000000E+0
1.415900E+1	1.020870E-5	1.223270E+4	0.000000E+0	0.000000E+0
1.716100E+1	1.020740E-5	1.223500E+4	0.000000E+0	0.000000E+0
2.015900E+1	1.020460E-5	1.223730E+4	0.000000E+0	0.000000E+0
2.315900E+1	1.020220E-5	1.223920E+4	0.000000E+0	0.000000E+0
2.616400E+1	1.019920E-5	1.224120E+4	0.000000E+0	0.000000E+0
2.915600E+1	1.019760E-5	1.224310E+4	0.000000E+0	0.000000E+0
3.216400E+1	1.019520E-5	1.224520E+4	0.000000E+0	0.000000E+0
3.516100E+1	1.019320E-5	1.224730E+4	0.000000E+0	0.000000E+0
3.815900E+1	1.019140E-5	1.224910E+4	0.000000E+0	0.000000E+0
4.115900E+1	1.018910E-5	1.225070E+4	0.000000E+0	0.000000E+0
4.415300E+1	1.018740E-5	1.225210E+4	0.000000E+0	0.000000E+0
4.715200E+1	1.018610E-5	1.225350E+4	0.000000E+0	0.000000E+0
5.015500E+1	1.018510E-5	1.225490E+4	0.000000E+0	0.000000E+0
5.315500E+1	1.018280E-5	1.225640E+4	0.000000E+0	0.000000E+0
5.614700E+1	1.018220E-5	1.225790E+4	0.000000E+0	0.000000E+0
5.914000E+1	1.018090E-5	1.225930E+4	0.000000E+0	0.000000E+0
6.215300E+1	1.017830E-5	1.226060E+4	0.000000E+0	0.000000E+0
6.516000E+1	1.017780E-5	1.226180E+4	0.000000E+0	0.000000E+0
6.815000E+1	1.017620E-5	1.226290E+4	0.000000E+0	0.000000E+0
7.115300E+1	1.017510E-5	1.226410E+4	0.000000E+0	0.000000E+0
7.415300E+1	1.017420E-5	1.226520E+4	0.000000E+0	0.000000E+0
7.715300E+1	1.017280E-5	1.226640E+4	0.000000E+0	0.000000E+0
8.015600E+1	1.017210E-5	1.226750E+4	0.000000E+0	0.000000E+0
8.315600E+1	1.017070E-5	1.226840E+4	0.000000E+0	0.000000E+0
8.616100E+1	1.016990E-5	1.226930E+4	0.000000E+0	0.000000E+0
8.915500E+1	1.016830E-5	1.227010E+4	0.000000E+0	0.000000E+0
9.215400E+1	1.016690E-5	1.227090E+4	0.000000E+0	0.000000E+0
9.515300E+1	1.016580E-5	1.227160E+4	0.000000E+0	0.000000E+0
9.816200E+1	1.016540E-5	1.227240E+4	0.000000E+0	0.000000E+0
1.011560E+2	1.016440E-5	1.227310E+4	0.000000E+0	0.000000E+0
1.041560E+2	1.016320E-5	1.227380E+4	0.000000E+0	0.000000E+0
1.071570E+2	1.016260E-5	1.227440E+4	0.000000E+0	0.000000E+0
1.101570E+2	1.016180E-5	1.227510E+4	0.000000E+0	0.000000E+0
1.131600E+2	1.016090E-5	1.227590E+4	0.000000E+0	0.000000E+0
1.161600E+2	1.015990E-5	1.227660E+4	0.000000E+0	0.000000E+0
1.191570E+2	1.015980E-5	1.227720E+4	0.000000E+0	0.000000E+0
1.221550E+2	1.015840E-5	1.227800E+4	0.000000E+0	0.000000E+0
1.251550E+2	1.015790E-5	1.227850E+4	0.000000E+0	0.000000E+0
1.281600E+2	1.015650E-5	1.227920E+4	0.000000E+0	0.000000E+0
1.311570E+2	1.015640E-5	1.227980E+4	0.000000E+0	0.000000E+0
1.341550E+2	1.015560E-5	1.228020E+4	0.000000E+0	0.000000E+0
1.371580E+2	1.015540E-5	1.228080E+4	0.000000E+0	0.000000E+0
1.401580E+2	1.015470E-5	1.228140E+4	0.000000E+0	0.000000E+0
1.431580E+2	1.015310E-5	1.228190E+4	0.000000E+0	0.000000E+0
1.461560E+2	1.015310E-5	1.228240E+4	0.000000E+0	0.000000E+0
1.491610E+2	1.015170E-5	1.228300E+4	0.000000E+0	0.000000E+0
1.521580E+2	1.015160E-5	1.228340E+4	0.000000E+0	0.000000E+0
1.551640E+2	1.015080E-5	1.228390E+4	0.000000E+0	0.000000E+0
1.581590E+2	1.015040E-5	1.228450E+4	0.000000E+0	0.000000E+0
1.611610E+2	1.015010E-5	1.228490E+4	0.000000E+0	0.000000E+0
1.641580E+2	1.014960E-5	1.228530E+4	0.000000E+0	0.000000E+0
1.671620E+2	1.014880E-5	1.228570E+4	0.000000E+0	0.000000E+0
1.701570E+2	1.014820E-5	1.228610E+4	0.000000E+0	0.000000E+0
1.731560E+2	1.014750E-5	1.228640E+4	0.000000E+0	0.000000E+0
1.761620E+2	1.014740E-5	1.228670E+4	0.000000E+0	0.000000E+0
1.791590E+2	1.014720E-5	1.228710E+4	0.000000E+0	0.000000E+0
1.821590E+2	1.014650E-5	1.228730E+4	0.000000E+0	0.000000E+0
1.851640E+2	1.014580E-5	1.228770E+4	0.000000E+0	0.000000E+0
1.881600E+2	1.014510E-5	1.228790E+4	0.000000E+0	0.000000E+0
1.911620E+2	1.014460E-5	1.228820E+4	0.000000E+0	0.000000E+0
1.941550E+2	1.014450E-5	1.228850E+4	0.000000E+0	0.000000E+0
1.971570E+2	1.014380E-5	1.228870E+4	0.000000E+0	0.000000E+0
2.001550E+2	1.014350E-5	1.228900E+4	0.000000E+0	0.000000E+0
2.031580E+2	1.014260E-5	1.228930E+4	0.000000E+0	0.000000E+0
2.061530E+2	1.014170E-5	1.228960E+4	0.000000E+0	0.000000E+0
2.091570E+2	1.014120E-5	1.228980E+4	0.000000E+0	0.000000E+0
2.121530E+2	1.014040E-5	1.228990E+4	0.000000E+0	0.000000E+0
2.151570E+2	1.014030E-5	1.229010E+4	0.000000E+0	0.000000E+0
2.181510E+2	1.013970E-5	1.229030E+4	0.000000E+0	0.000000E+0
2.211530E+2	1.013910E-5	1.229050E+4	0.000000E+0	0.000000E+0
2.241520E+2	1.013890E-5	1.229070E+4	0.000000E+0	0.000000E+0
2.271510E+2	1.013850E-5	1.229090E+4	0.000000E+0	0.000000E+0
2.301540E+2	1.013820E-5	1.229110E+4	0.000000E+0	0.000000E+0
2.331550E+2	1.013830E-5	1.229130E+4	0.000000E+0	0.000000E+0
2.361530E+2	1.013750E-5	1.229150E+4	0.000000E+0	0.000000E+0
2.391540E+2	1.013730E-5	1.229180E+4	0.000000E+0	0.000000E+0
2.421560E+2	1.013660E-5	1.229210E+4	0.000000E+0	0.000000E+0
2.451540E+2	1.013570E-5	1.229230E+4	0.000000E+0	0.000000E+0
2.481540E+2	1.013530E-5	1.229250E+4	0.000000E+0	0.000000E+0
2.511570E+2	1.013520E-5	1.229260E+4	0.000000E+0	0.000000E+0
2.541570E+2	1.013460E-5	1.229270E+4	0.000000E+0	0.000000E+0
2.571560E+2	1.013440E-5	1.229300E+4	0.000000E+0	0.000000E+0
2.601540E+2	1.013370E-5	1.229310E+4	0.000000E+0	0.000000E+0
2.631590E+2	1.013360E-5	1.229320E+4	0.000000E+0	0.000000E+0
2.661570E+2	1.013330E-5	1.229330E+4	0.000000E+0	0.000000E+0
2.691550E+2	1.013280E-5	1.229340E+4	0.000000E+0	0.000000E+0
2.721550E+2	1.013200E-5	1.229360E+4	0.000000E+0	0.000000E+0
2.751550E+2	1.013190E-5	1.229360E+4	0.000000E+0	0.000000E+0
2.781570E+2	1.013200E-5	1.229380E+4	0.000000E+0	0.000000E+0
2.811580E+2	1.013120E-5	1.229390E+4	0.000000E+0	0.000000E+0
2.841560E+2	1.013080E-5	1.229400E+4	0.000000E+0	0.000000E+0
2.871550E+2	1.013090E-5	1.229400E+4	0.000000E+0	0.000000E+0
2.901530E+2	1.013050E-5	1.229430E+4	0.000000E+0	0.000000E+0
2.931530E+2	1.012980E-5	1.229420E+4	0.000000E+0	0.000000E+0
2.961530E+2	1.012970E-5	1.229440E+4	0.000000E+0	0.000000E+0
2.991530E+2	1.012910E-5	1.229440E+4	0.000000E+0	0.000000E+0
3.021470E+2	1.012850E-5	1.229450E+4	0.000000E+0	0.000000E+0
3.051430E+2	1.012830E-5	1.229460E+4	0.000000E+0	0.000000E+0
3.081540E+2	1.012790E-5	1.229470E+4	0.000000E+0	0.000000E+0
3.111560E+2	1.012790E-5	1.229470E+4	0.000000E+0	0.000000E+0
3.141540E+2	1.012750E-5	1.229460E+4	0.000000E+0	0.000000E+0
3.171540E+2	1.012700E-5	1.229480E+4	0.000000E+0	0.000000E+0
3.201570E+2	1.012650E-5	1.229480E+4	0.000000E+0	0.000000E+0
3.231610E+2	1.012640E-5	1.229490E+4	0.000000E+0	0.000000E+0
3.261570E+2	1.012610E-5	1.229480E+4	0.000000E+0	0.000000E+0
3.291540E+2	1.012610E-5	1.229490E+4	0.000000E+0	0.000000E+0
3.321590E+2	1.012600E-5	1.229480E+4	0.000000E+0	0.000000E+0
3.351590E+2	1.012570E-5	1.229480E+4	0.000000E+0	0.000000E+0
3.381680E+2	1.012470E-5	1.229490E+4	0.000000E+0	0.000000E+0
3.411600E+2	1.012430E-5	1.229490E+4	0.000000E+0	0.000000E+0
3.441550E+2	1.012400E-5	1.229490E+4	0.000000E+0	0.000000E+0
3.471600E+2	1.012370E-5	1.229490E+4	0.000000E+0	0.000000E+0
3.501580E+2	1.012350E-5	1.229500E+4	0.000000E+0	0.000000E+0
3.531530E+2	1.012340E-5	1.229490E+4	0.000000E+0	0.000000E+0
3.561550E+2	1.012270E-5	1.229500E+4	0.000000E+0	0.000000E+0
3.591580E+2	1.012270E-5	1.229500E+4	0.000000E+0	0.000000E+0
3.621600E+2	1.012280E-5	1.229490E+4	0.000000E+0	0.000000E+0
3.651580E+2	1.012210E-5	1.229500E+4	0.000000E+0	0.000000E+0
3.681590E+2	1.012190E-5	1.229490E+4	0.000000E+0	0.000000E+0
3.711580E+2	1.012240E-5	1.229490E+4	0.000000E+0	0.000000E+0
3.741540E+2	1.012160E-5	1.229490E+4	0.000000E+0	0.000000E+0
3.771580E+2	1.012140E-5	1.229490E+4	0.000000E+0	0.000000E+0
3.801580E+2	1.012080E-5	1.229490E+4	0.000000E+0	0.000000E+0
3.831580E+2	1.012040E-5	1.229490E+4	0.000000E+0	0.000000E+0
3.861570E+2	1.012060E-5	1.229480E+4	0.000000E+0	0.000000E+0
3.891530E+2	1.012040E-5	1.229470E+4	0.000000E+0	0.000000E+0
3.921560E+2	1.011990E-5	1.229470E+4	0.000000E+0	0.000000E+0
3.951570E+2	1.011970E-5	1.229470E+4	0.000000E+0	0.000000E+0
3.981540E+2	1.011990E-5	1.229470E+4	0.000000E+0	0.000000E+0
4.011590E+2	1.011960E-5	1.229460E+4	0.000000E+0	0.000000E+0
4.041550E+2	1.011920E-5	1.229450E+4	0.000000E+0	0.000000E+0
4.071530E+2	1.011860E-5	1.229450E+4	0.000000E+0	0.000000E+0
4.101530E+2	1.011860E-5	1.229440E+4	0.000000E+0	0.000000E+0
4.131550E+2	1.011790E-5	1.229440E+4	0.000000E+0	0.000000E+0
4.161510E+2	1.011790E-5	1.229440E+4	0.000000E+0	0.000000E+0
4.191480E+2	1.011770E-5	1.229430E+4	0.000000E+0	0.000000E+0
4.221450E+2	1.011740E-5	1.229430E+4	0.000000E+0	0.000000E+0
4.251450E+2	1.011710E-5	1.229420E+4	0.000000E+0	0.000000E+0
4.281550E+2	1.011670E-5	1.229410E+4	0.000000E+0	0.000000E+0
4.311670E+2	1.011680E-5	1.229420E+4	0.000000E+0	0.000000E+0
4.341600E+2	1.011680E-5	1.229410E+4	0.000000E+0	0.000000E+0
4.371600E+2	1.011640E-5	1.229410E+4	0.000000E+0	0.000000E+0
4.401580E+2	1.011640E-5	1.229400E+4	0.000000E+0	0.000000E+0
4.431670E+2	1.011580E-5	1.229390E+4	0.000000E+0	0.000000E+0
4.461590E+2	1.011620E-5	1.229390E+4	0.000000E+0	0.000000E+0
4.491580E+2	1.011570E-5	1.229370E+4	0.000000E+0	0.000000E+0
4.521640E+2	1.011530E-5	1.229370E+4	0.000000E+0	0.000000E+0
4.551590E+2	1.011500E-5	1.229370E+4	0.000000E+0	0.000000E+0
4.581590E+2	1.011480E-5	1.229360E+4	0.000000E+0	0.000000E+0
4.611570E+2	1.011490E-5	1.229340E+4	0.000000E+0	0.000000E+0
4.641590E+2	1.011460E-5	1.229330E+4	0.000000E+0	0.000000E+0
4.671640E+2	1.011470E-5	1.229330E+4	0.000000E+0	0.000000E+0
4.701590E+2	1.011440E-5	1.229320E+4	0.000000E+0	0.000000E+0
4.731600E+2	1.011350E-5	1.229310E+4	0.000000E+0	0.000000E+0
4.761590E+2	1.011370E-5	1.229300E+4	0.000000E+0	0.000000E+0
4.791570E+2	1.011330E-5	1.229290E+4	0.000000E+0	0.000000E+0
4.821650E+2	1.011330E-5	1.229280E+4	0.000000E+0	0.000000E+0
4.851590E+2	1.011280E-5	1.229270E+4	0.000000E+0	0.000000E+0
4.881580E+2	1.011250E-5	1.229260E+4	0.000000E+0	0.000000E+0
4.911630E+2	1.011210E-5	1.229250E+4	0.000000E+0	0.000000E+0
4.941580E+2	1.011190E-5	1.229230E+4	0.000000E+0	0.000000E+0
4.971610E+2	1.011200E-5	1.229220E+4	0.000000E+0	0.000000E+0
5.001610E+2	1.011160E-5	1.229200E+4	0.000000E+0	0.000000E+0
5.031580E+2	1.011140E-5	1.229200E+4	0.000000E+0	0.000000E+0
5.061580E+2	1.011130E-5	1.229180E+4	0.000000E+0	0.000000E+0
5.091560E+2	1.011100E-5	1.229170E+4	0.000000E+0	0.000000E+0
5.121560E+2	1.011110E-5	1.229160E+4	0.000000E+0	0.000000E+0
5.151560E+2	1.011110E-5	1.229160E+4	0.000000E+0	0.000000E+0
5.181590E+2	1.011100E-5	1.229140E+4	0.000000E+0	0.000000E+0
5.211540E+2	1.011080E-5	1.229130E+4	0.000000E+0	0.000000E+0
5.241530E+2	1.011040E-5	1.229120E+4	0.000000E+0	0.000000E+0
5.271510E+2	1.010990E-5	1.229100E+4	0.000000E+0	0.000000E+0
5.301540E+2	1.011010E-5	1.229090E+4	0.000000E+0	0.000000E+0
5.331520E+2	1.011010E-5	1.229090E+4	0.000000E+0	0.000000E+0
5.361520E+2	1.010910E-5	1.229080E+4	0.000000E+0	0.000000E+0
5.391500E+2	1.010950E-5	1.229060E+4	0.000000E+0	0.000000E+0
5.421520E+2	1.010900E-5	1.229060E+4	0.000000E+0	0.000000E+0
5.451560E+2	1.010900E-5	1.229030E+4	0.000000E+0	0.000000E+0
5.481550E+2	1.010840E-5	1.229020E+4	0.000000E+0	0.000000E+0
5.511570E+2	1.010880E-5	1.229020E+4	0.000000E+0	0.000000E+0
5.541550E+2	1.010870E-5	1.229000E+4	0.000000E+0	0.000000E+0
5.571570E+2	1.010840E-5	1.228990E+4	0.000000E+0	0.000000E+0
5.601510E+2	1.010820E-5	1.228980E+4	0.000000E+0	0.000000E+0
5.631550E+2	1.010810E-5	1.228960E+4	0.000000E+0	0.000000E+0
5.661510E+2	1.010770E-5	1.228940E+4	0.000000E+0	0.000000E+0
5.691480E+2	1.010770E-5	1.228920E+4	0.000000E+0	0.000000E+0
5.721510E+2	1.010670E-5	1.228920E+4	0.000000E+0	0.000000E+0
5.751550E+2	1.010680E-5	1.228900E+4	0.000000E+0	0.000000E+0
5.781650E+2	1.010670E-5	1.228900E+4	0.000000E+0	0.000000E+0
5.811590E+2	1.010640E-5	1.228880E+4	0.000000E+0	0.000000E+0
5.841630E+2	1.010590E-5	1.228870E+4	0.000000E+0	0.000000E+0
5.871620E+2	1.010580E-5	1.228860E+4	0.000000E+0	0.000000E+0
5.901520E+2	1.010600E-5	1.228840E+4	0.000000E+0	0.000000E+0
5.931490E+2	1.010640E-5	1.228840E+4	0.000000E+0	0.000000E+0
5.961460E+2	1.010610E-5	1.228820E+4	0.000000E+0	0.000000E+0
5.991560E+2	1.010570E-5	1.228810E+4	0.000000E+0	0.000000E+0
6.021490E+2	1.010530E-5	1.228790E+4	0.000000E+0	0.000000E+0
6.051470E+2	1.010520E-5	1.228780E+4	0.000000E+0	0.000000E+0
6.081560E+2	1.010550E-5	1.228770E+4	0.000000E+0	0.000000E+0
6.111620E+2	1.010540E-5	1.228750E+4	0.000000E+0	0.000000E+0
6.141650E+2	1.010440E-5	1.228740E+4	0.000000E+0	0.000000E+0
6.171600E+2	1.010490E-5	1.228730E+4	0.000000E+0	0.000000E+0
6.201590E+2	1.010440E-5	1.228710E+4	0.000000E+0	0.000000E+0
6.231620E+2	1.010430E-5	1.228700E+4	0.000000E+0	0.000000E+0
6.261570E+2	1.010390E-5	1.228690E+4	0.000000E+0	0.000000E+0
6.291570E+2	1.010390E-5	1.228680E+4	0.000000E+0	0.000000E+0
6.321620E+2	1.010330E-5	1.228660E+4	0.000000E+0	0.000000E+0
6.351550E+2	1.010350E-5	1.228650E+4	0.000000E+0	0.000000E+0
6.381530E+2	1.010380E-5	1.228640E+4	0.000000E+0	0.000000E+0
6.411580E+2	1.010340E-5	1.228630E+4	0.000000E+0	0.000000E+0
6.441580E+2	1.010310E-5	1.228610E+4	0.000000E+0	0.000000E+0
6.471610E+2	1.010320E-5	1.228600E+4	0.000000E+0	0.000000E+0
6.501550E+2	1.010270E-5	1.228590E+4	0.000000E+0	0.000000E+0
6.531580E+2	1.010250E-5	1.228570E+4	0.000000E+0	0.000000E+0
6.561620E+2	1.010240E-5	1.228550E+4	0.000000E+0	0.000000E+0
6.591620E+2	1.010250E-5	1.228540E+4	0.000000E+0	0.000000E+0
6.621530E+2	1.010180E-5	1.228520E+4	0.000000E+0	0.000000E+0
6.651580E+2	1.010190E-5	1.228510E+4	0.000000E+0	0.000000E+0
6.681520E+2	1.010150E-5	1.228500E+4	0.000000E+0	0.000000E+0
6.711610E+2	1.010150E-5	1.228480E+4	0.000000E+0	0.000000E+0
6.741570E+2	1.010160E-5	1.228460E+4	0.000000E+0	0.000000E+0
6.771590E+2	1.010070E-5	1.228440E+4	0.000000E+0	0.000000E+0
6.801560E+2	1.010070E-5	1.228430E+4	0.000000E+0	0.000000E+0
6.831610E+2	1.010090E-5	1.228420E+4	0.000000E+0	0.000000E+0
6.861600E+2	1.010040E-5	1.228400E+4	0.000000E+0	0.000000E+0
6.891590E+2	1.010040E-5	1.228390E+4	0.000000E+0	0.000000E+0
6.921540E+2	1.010050E-5	1.228370E+4	0.000000E+0	0.000000E+0
6.951590E+2	1.010040E-5	1.228360E+4	0.000000E+0	0.000000E+0
6.981590E+2	1.010040E-5	1.228340E+4	0.000000E+0	0.000000E+0
7.011590E+2	1.010010E-5	1.228330E+4	0.000000E+0	0.000000E+0
7.041540E+2	1.010040E-5	1.228310E+4	0.000000E+0	0.000000E+0
7.071570E+2	1.010020E-5	1.228290E+4	0.000000E+0	0.000000E+0
7.101580E+2	1.009990E-5	1.228280E+4	0.000000E+0	0.000000E+0
7.131570E+2	1.010020E-5	1.228270E+4	0.000000E+0	0.000000E+0
7.161600E+2	1.009950E-5	1.228260E+4	0.000000E+0	0.000000E+0
7.191600E+2	1.009940E-5	1.228250E+4	0.000000E+0	0.000000E+0
7.221550E+2	1.009950E-5	1.228230E+4	0.000000E+0	0.000000E+0
7.251530E+2	1.009920E-5	1.228220E+4	0.000000E+0	0.000000E+0
7.281460E+2	1.009910E-5	1.228200E+4	0.000000E+0	0.000000E+0
7.311430E+2	1.009910E-5	1.228180E+4	0.000000E+0	0.000000E+0
7.341550E+2	1.009880E-5	1.228170E+4	0.000000E+0	0.000000E+0
7.371520E+2	1.009910E-5	1.228160E+4	0.000000E+0	0.000000E+0
7.401530E+2	1.009810E-5	1.228130E+4	0.000000E+0	0.000000E+0
7.431530E+2	1.009760E-5	1.228120E+4	0.000000E+0	0.000000E+0
7.461520E+2	1.009810E-5	1.228090E+4	0.000000E+0	0.000000E+0
7.491540E+2	1.009790E-5	1.228080E+4	0.000000E+0	0.000000E+0
7.521590E+2	1.009810E-5	1.228060E+4	0.000000E+0	0.000000E+0
7.551620E+2	1.009750E-5	1.228040E+4	0.000000E+0	0.000000E+0
7.581620E+2	1.009710E-5	1.228050E+4	0.000000E+0	0.000000E+0
7.611540E+2	1.009680E-5	1.228020E+4	0.000000E+0	0.000000E+0
7.641620E+2	1.009720E-5	1.228000E+4	0.000000E+0	0.000000E+0
7.671560E+2	1.009700E-5	1.227990E+4	0.000000E+0	0.000000E+0
7.701570E+2	1.009690E-5	1.227960E+4	0.000000E+0	0.000000E+0
7.731620E+2	1.009710E-5	1.227940E+4	0.000000E+0	0.000000E+0
7.761570E+2	1.009720E-5	1.227940E+4	0.000000E+0	0.000000E+0
7.791580E+2	1.009660E-5	1.227920E+4	0.000000E+0	0.000000E+0
7.821650E+2	1.009690E-5	1.227890E+4	0.000000E+0	0.000000E+0
7.851600E+2	1.009670E-5	1.227880E+4	0.000000E+0	0.000000E+0
7.881600E+2	1.009610E-5	1.227870E+4	0.000000E+0	0.000000E+0
7.911550E+2	1.009700E-5	1.227860E+4	0.000000E+0	0.000000E+0
7.941600E+2	1.009570E-5	1.227830E+4	0.000000E+0	0.000000E+0
7.971600E+2	1.009540E-5	1.227820E+4	0.000000E+0	0.000000E+0
8.001600E+2	1.009560E-5	1.227810E+4	0.000000E+0	0.000000E+0
8.031600E+2	1.009600E-5	1.227790E+4	0.000000E+0	0.000000E+0
8.061530E+2	1.009520E-5	1.227770E+4	0.000000E+0	0.000000E+0
8.091530E+2	1.009570E-5	1.227760E+4	0.000000E+0	0.000000E+0
8.121590E+2	1.009530E-5	1.227740E+4	0.000000E+0	0.000000E+0
8.151530E+2	1.009470E-5	1.227720E+4	0.000000E+0	0.000000E+0
8.181580E+2	1.009460E-5	1.227710E+4	0.000000E+0	0.000000E+0
8.211540E+2	1.009420E-5	1.227680E+4	0.000000E+0	0.000000E+0
8.241560E+2	1.009410E-5	1.227650E+4	0.000000E+0	0.000000E+0
8.271580E+2	1.009450E-5	1.227650E+4	0.000000E+0	0.000000E+0
8.301560E+2	1.009430E-5	1.227620E+4	0.000000E+0	0.000000E+0
8.331610E+2	1.009380E-5	1.227610E+4	0.000000E+0	0.000000E+0
8.361590E+2	1.009460E-5	1.227590E+4	0.000000E+0	0.000000E+0
8.391560E+2	1.009400E-5	1.227580E+4	0.000000E+0	0.000000E+0
8.421540E+2	1.009400E-5	1.227560E+4	0.000000E+0	0.000000E+0
8.451570E+2	1.009400E-5	1.227540E+4	0.000000E+0	0.000000E+0
8.481570E+2	1.009390E-5	1.227530E+4	0.000000E+0	0.000000E+0
8.511530E+2	1.009390E-5	1.227510E+4	0.000000E+0	0.000000E+0
8.541550E+2	1.009380E-5	1.227490E+4	0.000000E+0	0.000000E+0
8.571540E+2	1.009330E-5	1.227480E+4	0.000000E+0	0.000000E+0
8.601600E+2	1.009340E-5	1.227460E+4	0.000000E+0	0.000000E+0
8.631570E+2	1.009290E-5	1.227440E+4	0.000000E+0	0.000000E+0
8.661580E+2	1.009310E-5	1.227420E+4	0.000000E+0	0.000000E+0
8.691550E+2	1.009340E-5	1.227410E+4	0.000000E+0	0.000000E+0
8.721530E+2	1.009310E-5	1.227390E+4	0.000000E+0	0.000000E+0
8.751550E+2	1.009360E-5	1.227370E+4	0.000000E+0	0.000000E+0
8.781590E+2	1.009290E-5	1.227360E+4	0.000000E+0	0.000000E+0
8.811690E+2	1.009200E-5	1.227350E+4	0.000000E+0	0.000000E+0
8.841560E+2	1.009280E-5	1.227330E+4	0.000000E+0	0.000000E+0
8.871550E+2	1.009280E-5	1.227310E+4	0.000000E+0	0.000000E+0
8.901560E+2	1.009260E-5	1.227290E+4	0.000000E+0	0.000000E+0
8.931590E+2	1.009190E-5	1.227270E+4	0.000000E+0	0.000000E+0
8.961590E+2	1.009180E-5	1.227260E+4	0.000000E+0	0.000000E+0
8.991560E+2	1.009230E-5	1.227240E+4	0.000000E+0	0.000000E+0
9.021560E+2	1.009220E-5	1.227220E+4	0.000000E+0	0.000000E+0
9.051580E+2	1.009210E-5	1.227200E+4	0.000000E+0	0.000000E+0
9.081590E+2	1.009210E-5	1.227190E+4	0.000000E+0	0.000000E+0
9.111570E+2	1.009160E-5	1.227160E+4	0.000000E+0	0.000000E+0
9.141540E+2	1.009130E-5	1.227150E+4	0.000000E+0	0.000000E+0
9.171560E+2	1.009100E-5	1.227130E+4	0.000000E+0	0.000000E+0
9.201540E+2	1.009110E-5	1.227110E+4	0.000000E+0	0.000000E+0
9.231540E+2	1.009110E-5	1.227090E+4	0.000000E+0	0.000000E+0
9.261540E+2	1.009110E-5	1.227080E+4	0.000000E+0	0.000000E+0
9.291550E+2	1.009070E-5	1.227060E+4	0.000000E+0	0.000000E+0
9.321550E+2	1.009160E-5	1.227040E+4	0.000000E+0	0.000000E+0
9.351570E+2	1.009070E-5	1.227020E+4	0.000000E+0	0.000000E+0
9.381550E+2	1.009030E-5	1.227000E+4	0.000000E+0	0.000000E+0
9.411550E+2	1.009030E-5	1.226990E+4	0.000000E+0	0.000000E+0
9.441550E+2	1.009080E-5	1.226970E+4	0.000000E+0	0.000000E+0
9.471550E+2	1.009060E-5	1.226950E+4	0.000000E+0	0.000000E+0
9.501530E+2	1.009080E-5	1.226930E+4	0.000000E+0	0.000000E+0
9.531530E+2	1.009080E-5	1.226920E+4	0.000000E+0	0.000000E+0
9.561530E+2	1.009000E-5	1.226900E+4	0.000000E+0	0.000000E+0
9.591530E+2	1.009060E-5	1.226880E+4	0.000000E+0	0.000000E+0
9.621530E+2	1.009040E-5	1.226860E+4	0.000000E+0	0.000000E+0
9.651560E+2	1.009050E-5	1.226850E+4	0.000000E+0	0.000000E+0
9.681540E+2	1.008970E-5	1.226810E+4	0.000000E+0	0.000000E+0
9.711530E+2	1.009000E-5	1.226800E+4	0.000000E+0	0.000000E+0
9.741530E+2	1.008940E-5	1.226770E+4	0.000000E+0	0.000000E+0
9.771690E+2	1.009000E-5	1.226740E+4	0.000000E+0	0.000000E+0
9.801570E+2	1.008970E-5	1.226720E+4	0.000000E+0	0.000000E+0
9.831560E+2	1.008910E-5	1.226710E+4	0.000000E+0	0.000000E+0
9.861560E+2	1.008920E-5	1.226690E+4	0.000000E+0	0.000000E+0
9.891540E+2	1.008920E-5	1.226670E+4	0.000000E+0	0.000000E+0
9.921540E+2	1.008940E-5	1.226650E+4	0.000000E+0	0.000000E+0
9.951550E+2	1.008870E-5	1.226640E+4	0.000000E+0	0.000000E+0
9.981650E+2	1.008890E-5	1.226610E+4	0.000000E+0	0.000000E+0
1.001154E+3	1.008850E-5	1.226590E+4	0.000000E+0	0.000000E+0
1.004153E+3	1.008870E-5	1.226570E+4	0.000000E+0	0.000000E+0
1.007155E+3	1.008920E-5	1.226550E+4	0.000000E+0	0.000000E+0
1.010155E+3	1.008830E-5	1.226530E+4	0.000000E+0	0.000000E+0
1.013155E+3	1.008850E-5	1.226520E+4	0.000000E+0	0.000000E+0
1.016155E+3	1.008880E-5	1.226500E+4	0.000000E+0	0.000000E+0
1.019155E+3	1.008770E-5	1.226470E+4	0.000000E+0	0.000000E+0
1.022155E+3	1.008800E-5	1.226460E+4	0.000000E+0	0.000000E+0
1.025158E+3	1.008790E-5	1.226430E+4	0.000000E+0	0.000000E+0
1.028155E+3	1.008790E-5	1.226420E+4	0.000000E+0	0.000000E+0
1.031155E+3	1.008760E-5	1.226400E+4	0.000000E+0	0.000000E+0
1.034155E+3	1.008750E-5	1.226380E+4	0.000000E+0	0.000000E+0
1.037155E+3	1.008750E-5	1.226350E+4	0.000000E+0	0.000000E+0
1.040154E+3	1.008810E-5	1.226320E+4	0.000000E+0	0.000000E+0
1.043155E+3	1.008740E-5	1.226300E+4	0.000000E+0	0.000000E+0
1.046156E+3	1.008720E-5	1.226280E+4	0.000000E+0	0.000000E+0
1.049154E+3	1.008700E-5	1.226250E+4	0.000000E+0	0.000000E+0
1.052157E+3	1.008720E-5	1.226240E+4	0.000000E+0	0.000000E+0
1.055154E+3	1.008680E-5	1.226220E+4	0.000000E+0	0.000000E+0
1.058153E+3	1.008670E-5	1.226200E+4	0.000000E+0	0.000000E+0
1.061163E+3	1.008710E-5	1.226170E+4	0.000000E+0	0.000000E+0
1.064154E+3	1.008690E-5	1.226150E+4	0.000000E+0	0.000000E+0
1.067160E+3	1.008750E-5	1.226130E+4	0.000000E+0	0.000000E+0
1.070153E+3	1.008680E-5	1.226120E+4	0.000000E+0	0.000000E+0
1.073163E+3	1.008640E-5	1.226090E+4	0.000000E+0	0.000000E+0
1.076154E+3	1.008660E-5	1.226070E+4	0.000000E+0	0.000000E+0
1.079165E+3	1.008600E-5	1.226060E+4	0.000000E+0	0.000000E+0
1.082154E+3	1.008650E-5	1.226030E+4	0.000000E+0	0.000000E+0
1.085160E+3	1.008670E-5	1.226020E+4	0.000000E+0	0.000000E+0
1.088158E+3	1.008650E-5	1.226000E+4	0.000000E+0	0.000000E+0
1.091161E+3	1.008570E-5	1.225990E+4	0.000000E+0	0.000000E+0
1.094158E+3	1.008600E-5	1.225970E+4	0.000000E+0	0.000000E+0
1.097161E+3	1.008580E-5	1.225960E+4	0.000000E+0	0.000000E+0
1.100156E+3	1.008580E-5	1.225940E+4	0.000000E+0	0.000000E+0
1.103161E+3	1.008510E-5	1.225920E+4	0.000000E+0	0.000000E+0
1.106159E+3	1.008510E-5	1.225900E+4	0.000000E+0	0.000000E+0
1.109161E+3	1.008510E-5	1.225880E+4	0.000000E+0	0.000000E+0
1.112158E+3	1.008510E-5	1.225870E+4	0.000000E+0	0.000000E+0
1.115158E+3	1.008500E-5	1.225830E+4	0.000000E+0	0.000000E+0
1.118158E+3	1.008490E-5	1.225830E+4	0.000000E+0	0.000000E+0
1.121159E+3	1.008490E-5	1.225800E+4	0.000000E+0	0.000000E+0
1.124157E+3	1.008590E-5	1.225780E+4	0.000000E+0	0.000000E+0
1.127162E+3	1.008510E-5	1.225760E+4	0.000000E+0	0.000000E+0
1.130154E+3	1.008480E-5	1.225740E+4	0.000000E+0	0.000000E+0
1.133154E+3	1.008520E-5	1.225720E+4	0.000000E+0	0.000000E+0
1.136156E+3	1.008430E-5	1.225700E+4	0.000000E+0	0.000000E+0
1.139153E+3	1.008450E-5	1.225680E+4	0.000000E+0	0.000000E+0
1.142154E+3	1.008440E-5	1.225670E+4	0.000000E+0	0.000000E+0
1.145154E+3	1.008470E-5	1.225650E+4	0.000000E+0	0.000000E+0
1.148154E+3	1.008430E-5	1.225630E+4	0.000000E+0	0.000000E+0
1.151157E+3	1.008420E-5	1.225620E+4	0.000000E+0	0.000000E+0
1.154157E+3	1.008440E-5	1.225600E+4	0.000000E+0	0.000000E+0
1.157155E+3	1.008470E-5	1.225580E+4	0.000000E+0	0.000000E+0
1.160155E+3	1.008450E-5	1.225560E+4	0.000000E+0	0.000000E+0
1.163178E+3	1.008430E-5	1.225520E+4	0.000000E+0	0.000000E+0
1.166158E+3	1.008440E-5	1.225510E+4	0.000000E+0	0.000000E+0
1.169155E+3	1.008360E-5	1.225500E+4	0.000000E+0	0.000000E+0
1.172156E+3	1.008350E-5	1.225480E+4	0.000000E+0	0.000000E+0
1.175153E+3	1.008380E-5	1.225460E+4	0.000000E+0	0.000000E+0
1.178158E+3	1.008430E-5	1.225440E+4	0.000000E+0	0.000000E+0
1.181156E+3	1.008410E-5	1.225410E+4	0.000000E+0	0.000000E+0
1.184155E+3	1.008400E-5	1.225390E+4	0.000000E+0	0.000000E+0
1.187153E+3	1.008400E-5	1.225380E+4	0.000000E+0	0.000000E+0
1.190153E+3	1.008380E-5	1.225350E+4	0.000000E+0	0.000000E+0
1.193153E+3	1.008370E-5	1.225330E+4	0.000000E+0	0.000000E+0
1.196154E+3	1.008370E-5	1.225330E+4	0.000000E+0	0.000000E+0
1.199159E+3	1.008370E-5	1.225310E+4	0.000000E+0	0.000000E+0
1.202153E+3	1.008350E-5	1.225280E+4	0.000000E+0	0.000000E+0
1.205153E+3	1.008350E-5	1.225270E+4	0.000000E+0	0.000000E+0
1.208153E+3	1.008310E-5	1.225240E+4	0.000000E+0	0.000000E+0
1.211154E+3	1.008350E-5	1.225230E+4	0.000000E+0	0.000000E+0
1.214154E+3	1.008290E-5	1.225210E+4	0.000000E+0	0.000000E+0
1.217156E+3	1.008270E-5	1.225190E+4	0.000000E+0	0.000000E+0
1.220155E+3	1.008370E-5	1.225170E+4	0.000000E+0	0.000000E+0
1.223154E+3	1.008310E-5	1.225150E+4	0.000000E+0	0.000000E+0
1.226154E+3	1.008290E-5	1.225140E+4	0.000000E+0	0.000000E+0
1.229155E+3	1.008290E-5	1.225120E+4	0.000000E+0	0.000000E+0
1.232154E+3	1.008290E-5	1.225090E+4	0.000000E+0	0.000000E+0
1.235155E+3	1.008280E-5	1.225080E+4	0.000000E+0	0.000000E+0
1.238155E+3	1.008300E-5	1.225060E+4	0.000000E+0	0.000000E+0
1.241157E+3	1.008330E-5	1.225040E+4	0.000000E+0	0.000000E+0
1.244157E+3	1.008290E-5	1.225020E+4	0.000000E+0	0.000000E+0
1.247151E+3	1.008280E-5	1.224980E+4	0.000000E+0	0.000000E+0
1.250149E+3	1.008300E-5	1.224950E+4	0.000000E+0	0.000000E+0
1.253148E+3	1.008290E-5	1.224940E+4	0.000000E+0	0.000000E+0
1.256140E+3	1.008280E-5	1.224920E+4	0.000000E+0	0.000000E+0
1.259151E+3	1.008260E-5	1.224900E+4	0.000000E+0	0.000000E+0
1.262153E+3	1.008220E-5	1.224880E+4	0.000000E+0	0.000000E+0
1.265162E+3	1.008200E-5	1.224850E+4	0.000000E+0	0.000000E+0
1.268161E+3	1.008180E-5	1.224840E+4	0.000000E+0	0.000000E+0
1.271153E+3	1.008200E-5	1.224820E+4	0.000000E+0	0.000000E+0
1.274161E+3	1.008150E-5	1.224810E+4	0.000000E+0	0.000000E+0
1.277161E+3	1.008200E-5	1.224780E+4	0.000000E+0	0.000000E+0
1.280162E+3	1.008210E-5	1.224750E+4	0.000000E+0	0.000000E+0
1.283162E+3	1.008190E-5	1.224740E+4	0.000000E+0	0.000000E+0
1.286156E+3	1.008170E-5	1.224720E+4	0.000000E+0	0.000000E+0
1.289165E+3	1.008140E-5	1.224700E+4	0.000000E+0	0.000000E+0
1.292159E+3	1.008150E-5	1.224680E+4	0.000000E+0	0.000000E+0
1.295156E+3	1.008170E-5	1.224660E+4	0.000000E+0	0.000000E+0
1.298154E+3	1.008150E-5	1.224640E+4	0.000000E+0	0.000000E+0
1.301153E+3	1.008130E-5	1.224620E+4	0.000000E+0	0.000000E+0
1.304155E+3	1.008120E-5	1.224580E+4	0.000000E+0	0.000000E+0
1.307157E+3	1.008140E-5	1.224570E+4	0.000000E+0	0.000000E+0
1.310158E+3	1.008050E-5	1.224540E+4	0.000000E+0	0.000000E+0
1.313157E+3	1.008090E-5	1.224520E+4	0.000000E+0	0.000000E+0
1.316157E+3	1.008070E-5	1.224500E+4	0.000000E+0	0.000000E+0
1.319161E+3	1.008090E-5	1.224480E+4	0.000000E+0	0.000000E+0
1.322160E+3	1.008080E-5	1.224470E+4	0.000000E+0	0.000000E+0
1.325160E+3	1.008090E-5	1.224450E+4	0.000000E+0	0.000000E+0
1.328155E+3	1.008080E-5	1.224430E+4	0.000000E+0	0.000000E+0
1.331153E+3	1.008020E-5	1.224410E+4	0.000000E+0	0.000000E+0
1.334155E+3	1.008030E-5	1.224390E+4	0.000000E+0	0.000000E+0
1.337160E+3	1.008000E-5	1.224370E+4	0.000000E+0	0.000000E+0
1.340154E+3	1.008020E-5	1.224350E+4	0.000000E+0	0.000000E+0
1.343155E+3	1.008050E-5	1.224330E+4	0.000000E+0	0.000000E+0
1.346153E+3	1.008070E-5	1.224320E+4	0.000000E+0	0.000000E+0
1.349153E+3	1.008070E-5	1.224300E+4	0.000000E+0	0.000000E+0
1.352156E+3	1.007950E-5	1.224270E+4	0.000000E+0	0.000000E+0
1.355154E+3	1.008000E-5	1.224250E+4	0.000000E+0	0.000000E+0
1.358154E+3	1.007990E-5	1.224240E+4	0.000000E+0	0.000000E+0
1.361154E+3	1.008000E-5	1.224220E+4	0.000000E+0	0.000000E+0
1.364153E+3	1.007970E-5	1.224210E+4	0.000000E+0	0.000000E+0
1.367153E+3	1.007960E-5	1.224180E+4	0.000000E+0	0.000000E+0
1.370154E+3	1.007910E-5	1.224160E+4	0.000000E+0	0.000000E+0
1.373157E+3	1.007940E-5	1.224140E+4	0.000000E+0	0.000000E+0
1.376150E+3	1.007870E-5	1.224120E+4	0.000000E+0	0.000000E+0
1.379160E+3	1.007740E-5	1.224100E+4	0.000000E+0	0.000000E+0
1.382155E+3	1.007770E-5	1.224080E+4	0.000000E+0	0.000000E+0
1.385165E+3	1.007810E-5	1.224070E+4	0.000000E+0	0.000000E+0
1.388157E+3	1.007760E-5	1.224040E+4	0.000000E+0	0.000000E+0
1.391163E+3	1.007750E-5	1.224020E+4	0.000000E+0	0.000000E+0
1.394153E+3	1.007750E-5	1.224000E+4	0.000000E+0	0.000000E+0
1.397153E+3	1.007800E-5	1.223990E+4	0.000000E+0	0.000000E+0
1.400153E+3	1.007820E-5	1.223970E+4	0.000000E+0	0.000000E+0
1.403158E+3	1.007840E-5	1.223950E+4	0.000000E+0	0.000000E+0
1.406152E+3	1.007840E-5	1.223930E+4	0.000000E+0	0.000000E+0
1.409163E+3	1.007770E-5	1.223900E+4	0.000000E+0	0.000000E+0
1.412158E+3	1.007750E-5	1.223890E+4	0.000000E+0	0.000000E+0
1.415156E+3	1.007730E-5	1.223870E+4	0.000000E+0	0.000000E+0
1.418154E+3	1.007740E-5	1.223840E+4	0.000000E+0	0.000000E+0
1.421159E+3	1.007730E-5	1.223820E+4	0.000000E+0	0.000000E+0
1.424158E+3	1.007730E-5	1.223800E+4	0.000000E+0	0.000000E+0
1.427162E+3	1.007720E-5	1.223780E+4	0.000000E+0	0.000000E+0
1.430156E+3	1.007670E-5	1.223760E+4	0.000000E+0	0.000000E+0
1.433156E+3	1.007640E-5	1.223740E+4	0.000000E+0	0.000000E+0
1.436156E+3	1.007670E-5	1.223710E+4	0.000000E+0	0.000000E+0
1.439157E+3	1.007720E-5	1.223710E+4	0.000000E+0	0.000000E+0
1.442156E+3	1.007740E-5	1.223690E+4	0.000000E+0	0.000000E+0
1.445159E+3	1.007720E-5	1.223660E+4	0.000000E+0	0.000000E+0
1.448159E+3	1.007660E-5	1.223650E+4	0.000000E+0	0.000000E+0
1.451172E+3	1.007690E-5	1.223630E+4	0.000000E+0	0.000000E+0
1.454153E+3	1.007630E-5	1.223610E+4	0.000000E+0	0.000000E+0
1.457155E+3	1.007620E-5	1.223580E+4	0.000000E+0	0.000000E+0
1.460155E+3	1.007570E-5	1.223560E+4	0.000000E+0	0.000000E+0
1.463155E+3	1.007590E-5	1.223550E+4	0.000000E+0	0.000000E+0
1.466158E+3	1.007620E-5	1.223530E+4	0.000000E+0	0.000000E+0
1.469158E+3	1.007610E-5	1.223500E+4	0.000000E+0	0.000000E+0
1.472153E+3	1.007600E-5	1.223490E+4	0.000000E+0	0.000000E+0
1.475158E+3	1.007620E-5	1.223470E+4	0.000000E+0	0.000000E+0
1.478158E+3	1.007610E-5	1.223460E+4	0.000000E+0	0.000000E+0
1.481160E+3	1.007630E-5	1.223430E+4	0.000000E+0	0.000000E+0
1.484156E+3	1.007660E-5	1.223420E+4	0.000000E+0	0.000000E+0
1.487156E+3	1.007660E-5	1.223390E+4	0.000000E+0	0.000000E+0
1.490158E+3	1.007680E-5	1.223380E+4	0.000000E+0	0.000000E+0
1.493153E+3	1.007630E-5	1.223350E+4	0.000000E+0	0.000000E+0
1.496154E+3	1.007670E-5	1.223330E+4	0.000000E+0	0.000000E+0
1.499163E+3	1.007640E-5	1.223320E+4	0.000000E+0	0.000000E+0
1.502154E+3	1.007580E-5	1.223300E+4	0.000000E+0	0.000000E+0
1.505156E+3	1.007650E-5	1.223280E+4	0.000000E+0	0.000000E+0
1.508159E+3	1.007650E-5	1.223250E+4	0.000000E+0	0.000000E+0
1.511157E+3	1.007660E-5	1.223210E+4	0.000000E+0	0.000000E+0
1.514150E+3	1.007640E-5	1.223200E+4	0.000000E+0	0.000000E+0
1.517147E+3	1.007640E-5	1.223170E+4	0.000000E+0	0.000000E+0
1.520145E+3	1.007730E-5	1.223150E+4	0.000000E+0	0.000000E+0
1.523159E+3	1.007650E-5	1.223120E+4	0.000000E+0	0.000000E+0
1.526160E+3	1.007610E-5	1.223110E+4	0.000000E+0	0.000000E+0
1.529157E+3	1.007670E-5	1.223090E+4	0.000000E+0	0.000000E+0
1.532154E+3	1.007610E-5	1.223070E+4	0.000000E+0	0.000000E+0
1.535155E+3	1.007640E-5	1.223050E+4	0.000000E+0	0.000000E+0
1.538158E+3	1.007660E-5	1.223020E+4	0.000000E+0	0.000000E+0
1.541154E+3	1.007590E-5	1.223010E+4	0.000000E+0	0.000000E+0
1.544162E+3	1.007660E-5	1.223000E+4	0.000000E+0	0.000000E+0
1.547157E+3	1.007670E-5	1.222980E+4	0.000000E+0	0.000000E+0
1.550168E+3	1.007600E-5	1.222960E+4	0.000000E+0	0.000000E+0
1.553160E+3	1.007640E-5	1.222940E+4	0.000000E+0	0.000000E+0
1.556166E+3	1.007610E-5	1.222910E+4	0.000000E+0	0.000000E+0
1.559161E+3	1.007620E-5	1.222900E+4	0.000000E+0	0.000000E+0
1.562155E+3	1.007570E-5	1.222880E+4	0.000000E+0	0.000000E+0
1.565166E+3	1.007600E-5	1.222850E+4	0.000000E+0	0.000000E+0
1.568161E+3	1.007520E-5	1.222840E+4	0.000000E+0	0.000000E+0
1.571166E+3	1.007540E-5	1.222830E+4	0.000000E+0	0.000000E+0
1.574159E+3	1.007540E-5	1.222810E+4	0.000000E+0	0.000000E+0
1.577158E+3	1.007600E-5	1.222790E+4	0.000000E+0	0.000000E+0
1.580164E+3	1.007480E-5	1.222760E+4	0.000000E+0	0.000000E+0
1.583156E+3	1.007520E-5	1.222750E+4	0.000000E+0	0.000000E+0
1.586157E+3	1.007460E-5	1.222720E+4	0.000000E+0	0.000000E+0
1.589162E+3	1.007440E-5	1.222710E+4	0.000000E+0	0.000000E+0
1.592156E+3	1.007420E-5	1.222690E+4	0.000000E+0	0.000000E+0
1.595153E+3	1.007470E-5	1.222660E+4	0.000000E+0	0.000000E+0
1.598157E+3	1.007450E-5	1.222650E+4	0.000000E+0	0.000000E+0
1.601157E+3	1.007400E-5	1.222630E+4	0.000000E+0	0.000000E+0
1.604154E+3	1.007380E-5	1.222620E+4	0.000000E+0	0.000000E+0
1.607148E+3	1.007430E-5	1.222590E+4	0.000000E+0	0.000000E+0
1.610152E+3	1.007510E-5	1.222570E+4	0.000000E+0	0.000000E+0
1.613157E+3	1.007590E-5	1.222540E+4	0.000000E+0	0.000000E+0
1.616158E+3	1.007610E-5	1.222520E+4	0.000000E+0	0.000000E+0
1.619167E+3	1.007610E-5	1.222490E+4	0.000000E+0	0.000000E+0
1.622153E+3	1.007580E-5	1.222470E+4	0.000000E+0	0.000000E+0
1.625157E+3	1.007510E-5	1.222430E+4	0.000000E+0	0.000000E+0
1.628165E+3	1.007610E-5	1.222420E+4	0.000000E+0	0.000000E+0
1.631157E+3	1.007550E-5	1.222410E+4	0.000000E+0	0.000000E+0
1.634153E+3	1.007540E-5	1.222390E+4	0.000000E+0	0.000000E+0
1.637158E+3	1.007590E-5	1.222390E+4	0.000000E+0	0.000000E+0
1.640166E+3	1.007560E-5	1.222370E+4	0.000000E+0	0.000000E+0
1.643155E+3	1.007570E-5	1.222360E+4	0.000000E+0	0.000000E+0
1.646155E+3	1.007580E-5	1.222340E+4	0.000000E+0	0.000000E+0
1.649159E+3	1.007600E-5	1.222320E+4	0.000000E+0	0.000000E+0
1.652158E+3	1.007530E-5	1.222300E+4	0.000000E+0	0.000000E+0
1.655155E+3	1.007480E-5	1.222270E+4	0.000000E+0	0.000000E+0
1.658154E+3	1.007500E-5	1.222260E+4	0.000000E+0	0.000000E+0
1.661156E+3	1.007500E-5	1.222230E+4	0.000000E+0	0.000000E+0
1.664157E+3	1.007550E-5	1.222200E+4	0.000000E+0	0.000000E+0
1.667161E+3	1.007480E-5	1.222180E+4	0.000000E+0	0.000000E+0
1.670156E+3	1.007480E-5	1.222160E+4	0.000000E+0	0.000000E+0
1.673156E+3	1.007450E-5	1.222150E+4	0.000000E+0	0.000000E+0
1.676156E+3	1.007510E-5	1.222130E+4	0.000000E+0	0.000000E+0
1.679157E+3	1.007480E-5	1.222110E+4	0.000000E+0	0.000000E+0
1.682154E+3	1.007500E-5	1.222090E+4	0.000000E+0	0.000000E+0
1.685154E+3	1.007510E-5	1.222080E+4	0.000000E+0	0.000000E+0
1.688155E+3	1.007480E-5	1.222060E+4	0.000000E+0	0.000000E+0
1.691155E+3	1.007490E-5	1.222040E+4	0.000000E+0	0.000000E+0
1.694157E+3	1.007420E-5	1.222020E+4	0.000000E+0	0.000000E+0
1.697155E+3	1.007460E-5	1.222000E+4	0.000000E+0	0.000000E+0
1.700158E+3	1.007450E-5	1.221970E+4	0.000000E+0	0.000000E+0
1.703153E+3	1.007450E-5	1.221950E+4	0.000000E+0	0.000000E+0
1.706155E+3	1.007480E-5	1.221940E+4	0.000000E+0	0.000000E+0
1.709155E+3	1.007490E-5	1.221910E+4	0.000000E+0	0.000000E+0
1.712160E+3	1.007410E-5	1.221900E+4	0.000000E+0	0.000000E+0
1.715155E+3	1.007490E-5	1.221870E+4	0.000000E+0	0.000000E+0
1.718156E+3	1.007430E-5	1.221850E+4	0.000000E+0	0.000000E+0
1.721155E+3	1.007430E-5	1.221840E+4	0.000000E+0	0.000000E+0
1.724163E+3	1.007460E-5	1.221820E+4	0.000000E+0	0.000000E+0
1.727155E+3	1.007430E-5	1.221790E+4	0.000000E+0	0.000000E+0
1.730162E+3	1.007410E-5	1.221770E+4	0.000000E+0	0.000000E+0
1.733159E+3	1.007410E-5	1.221740E+4	0.000000E+0	0.000000E+0
1.736164E+3	1.007430E-5	1.221720E+4	0.000000E+0	0.000000E+0
1.739159E+3	1.007410E-5	1.221710E+4	0.000000E+0	0.000000E+0
1.742152E+3	1.007380E-5	1.221680E+4	0.000000E+0	0.000000E+0
1.745152E+3	1.007460E-5	1.221660E+4	0.000000E+0	0.000000E+0
1.748149E+3	1.007440E-5	1.221650E+4	0.000000E+0	0.000000E+0
1.751154E+3	1.007430E-5	1.221640E+4	0.000000E+0	0.000000E+0
1.754154E+3	1.007430E-5	1.221610E+4	0.000000E+0	0.000000E+0
1.757153E+3	1.007440E-5	1.221600E+4	0.000000E+0	0.000000E+0
1.760155E+3	1.007380E-5	1.221580E+4	0.000000E+0	0.000000E+0
1.763155E+3	1.007440E-5	1.221560E+4	0.000000E+0	0.000000E+0
1.766160E+3	1.007430E-5	1.221550E+4	0.000000E+0	0.000000E+0
1.769159E+3	1.007460E-5	1.221520E+4	0.000000E+0	0.000000E+0
1.772155E+3	1.007440E-5	1.221500E+4	0.000000E+0	0.000000E+0
1.775155E+3	1.007390E-5	1.221480E+4	0.000000E+0	0.000000E+0
1.778153E+3	1.007410E-5	1.221460E+4	0.000000E+0	0.000000E+0
1.781158E+3	1.007400E-5	1.221420E+4	0.000000E+0	0.000000E+0
1.784153E+3	1.007330E-5	1.221410E+4	0.000000E+0	0.000000E+0
1.787153E+3	1.007390E-5	1.221370E+4	0.000000E+0	0.000000E+0
1.790155E+3	1.007380E-5	1.221350E+4	0.000000E+0	0.000000E+0
1.793155E+3	1.007410E-5	1.221320E+4	0.000000E+0	0.000000E+0
1.796159E+3	1.007380E-5	1.221310E+4	0.000000E+0	0.000000E+0
1.799156E+3	1.007330E-5	1.221300E+4	0.000000E+0	0.000000E+0
1.802155E+3	1.007320E-5	1.221270E+4	0.000000E+0	0.000000E+0
1.805155E+3	1.007370E-5	1.221250E+4	0.000000E+0	0.000000E+0
1.808154E+3	1.007380E-5	1.221230E+4	0.000000E+0	0.000000E+0
1.811154E+3	1.007360E-5	1.221220E+4	0.000000E+0	0.000000E+0
1.814158E+3	1.007390E-5	1.221190E+4	0.000000E+0	0.000000E+0
1.817153E+3	1.007360E-5	1.221180E+4	0.000000E+0	0.000000E+0
1.820154E+3	1.007350E-5	1.221150E+4	0.000000E+0	0.000000E+0
1.823156E+3	1.007380E-5	1.221150E+4	0.000000E+0	0.000000E+0
1.826159E+3	1.007350E-5	1.221110E+4	0.000000E+0	0.000000E+0
1.829157E+3	1.007370E-5	1.221080E+4	0.000000E+0	0.000000E+0
1.832152E+3	1.007390E-5	1.221060E+4	0.000000E+0	0.000000E+0
1.835156E+3	1.007330E-5	1.221040E+4	0.000000E+0	0.000000E+0
1.838164E+3	1.007360E-5	1.221020E+4	0.000000E+0	0.000000E+0
1.841154E+3	1.007360E-5	1.221000E+4	0.000000E+0	0.000000E+0
1.844154E+3	1.007380E-5	1.220980E+4	0.000000E+0	0.000000E+0
1.847154E+3	1.007370E-5	1.220970E+4	0.000000E+0	0.000000E+0
1.850153E+3	1.007360E-5	1.220940E+4	0.000000E+0	0.000000E+0
1.853163E+3	1.007350E-5	1.220920E+4	0.000000E+0	0.000000E+0
1.856155E+3	1.007340E-5	1.220900E+4	0.000000E+0	0.000000E+0
1.859157E+3	1.007330E-5	1.220880E+4	0.000000E+0	0.000000E+0
1.862153E+3	1.007330E-5	1.220860E+4	0.000000E+0	0.000000E+0
1.865153E+3	1.007340E-5	1.220840E+4	0.000000E+0	0.000000E+0
1.868155E+3	1.007330E-5	1.220810E+4	0.000000E+0	0.000000E+0
1.871155E+3	1.007380E-5	1.220790E+4	0.000000E+0	0.000000E+0
1.874153E+3	1.007360E-5	1.220770E+4	0.000000E+0	0.000000E+0
1.877155E+3	1.007360E-5	1.220750E+4	0.000000E+0	0.000000E+0
1.880152E+3	1.007390E-5	1.220720E+4	0.000000E+0	0.000000E+0
1.883152E+3	1.007370E-5	1.220700E+4	0.000000E+0	0.000000E+0
1.886156E+3	1.007340E-5	1.220670E+4	0.000000E+0	0.000000E+0
1.889156E+3	1.007370E-5	1.220660E+4	0.000000E+0	0.000000E+0
1.892150E+3	1.007350E-5	1.220630E+4	0.000000E+0	0.000000E+0
1.895147E+3	1.007340E-5	1.220620E+4	0.000000E+0	0.000000E+0
1.898146E+3	1.007320E-5	1.220590E+4	0.000000E+0	0.000000E+0
1.901153E+3	1.007360E-5	1.220560E+4	0.000000E+0	0.000000E+0
1.904156E+3	1.007360E-5	1.220550E+4	0.000000E+0	0.000000E+0
1.907150E+3	1.007370E-5	1.220520E+4	0.000000E+0	0.000000E+0
1.910149E+3	1.007390E-5	1.220510E+4	0.000000E+0	0.000000E+0
1.913154E+3	1.007340E-5	1.220480E+4	0.000000E+0	0.000000E+0
1.916153E+3	1.007360E-5	1.220470E+4	0.000000E+0	0.000000E+0
1.919148E+3	1.007360E-5	1.220450E+4	0.000000E+0	0.000000E+0
1.922148E+3	1.007300E-5	1.220430E+4	0.000000E+0	0.000000E+0
1.925154E+3	1.007320E-5	1.220420E+4	0.000000E+0	0.000000E+0
1.928160E+3	1.007330E-5	1.220410E+4	0.000000E+0	0.000000E+0
1.931157E+3	1.007330E-5	1.220380E+4	0.000000E+0	0.000000E+0
1.934157E+3	1.007270E-5	1.220360E+4	0.000000E+0	0.000000E+0
1.937155E+3	1.007260E-5	1.220340E+4	0.000000E+0	0.000000E+0
1.940163E+3	1.007280E-5	1.220330E+4	0.000000E+0	0.000000E+0
1.943155E+3	1.007280E-5	1.220300E+4	0.000000E+0	0.000000E+0
1.946163E+3	1.007320E-5	1.220290E+4	0.000000E+0	0.000000E+0
1.949163E+3	1.007330E-5	1.220260E+4	0.000000E+0	0.000000E+0
1.952158E+3	1.007260E-5	1.220260E+4	0.000000E+0	0.000000E+0
1.955167E+3	1.007320E-5	1.220220E+4	0.000000E+0	0.000000E+0
1.958153E+3	1.007280E-5	1.220220E+4	0.000000E+0	0.000000E+0
1.961156E+3	1.007300E-5	1.220190E+4	0.000000E+0	0.000000E+0
1.964164E+3	1.007290E-5	1.220170E+4	0.000000E+0	0.000000E+0
1.967154E+3	1.007220E-5	1.220150E+4	0.000000E+0	0.000000E+0
1.970159E+3	1.007290E-5	1.220130E+4	0.000000E+0	0.000000E+0
1.973156E+3	1.007280E-5	1.220110E+4	0.000000E+0	0.000000E+0
1.976164E+3	1.007270E-5	1.220090E+4	0.000000E+0	0.000000E+0
1.979154E+3	1.007300E-5	1.220070E+4	0.000000E+0	0.000000E+0
1.982154E+3	1.007350E-5	1.220060E+4	0.000000E+0	0.000000E+0
1.985154E+3	1.007310E-5	1.220040E+4	0.000000E+0	0.000000E+0
1.988154E+3	1.007300E-5	1.220020E+4	0.000000E+0	0.000000E+0
1.991154E+3	1.007290E-5	1.220000E+4	0.000000E+0	0.000000E+0
1.994165E+3	1.007310E-5	1.219970E+4	0.000000E+0	0.000000E+0
1.997167E+3	1.007300E-5	1.219940E+4	0.000000E+0	0.000000E+0
2.000155E+3	1.007300E-5	1.219930E+4	0.000000E+0	0.000000E+0
2.003157E+3	1.007300E-5	1.219900E+4	0.000000E+0	0.000000E+0
2.006168E+3	1.007300E-5	1.219890E+4	0.000000E+0	0.000000E+0
2.009154E+3	1.007340E-5	1.219870E+4	0.000000E+0	0.000000E+0
2.012160E+3	1.007300E-5	1.219850E+4	0.000000E+0	0.000000E+0
2.015154E+3	1.007270E-5	1.219830E+4	0.000000E+0	0.000000E+0
2.018153E+3	1.007310E-5	1.219810E+4	0.000000E+0	0.000000E+0
2.021150E+3	1.007290E-5	1.219790E+4	0.000000E+0	0.000000E+0
2.024140E+3	1.007230E-5	1.219760E+4	0.000000E+0	0.000000E+0
2.027151E+3	1.007270E-5	1.219750E+4	0.000000E+0	0.000000E+0
2.030153E+3	1.007260E-5	1.219720E+4	0.000000E+0	0.000000E+0
2.033151E+3	1.007260E-5	1.219710E+4	0.000000E+0	0.000000E+0
2.036151E+3	1.007220E-5	1.219680E+4	0.000000E+0	0.000000E+0
2.039158E+3	1.007260E-5	1.219660E+4	0.000000E+0	0.000000E+0
2.042164E+3	1.007270E-5	1.219610E+4	0.000000E+0	0.000000E+0
2.045153E+3	1.007330E-5	1.219590E+4	0.000000E+0	0.000000E+0
2.048158E+3	1.007290E-5	1.219570E+4	0.000000E+0	0.000000E+0
2.051156E+3	1.007280E-5	1.219550E+4	0.000000E+0	0.000000E+0
2.054166E+3	1.007300E-5	1.219530E+4	0.000000E+0	0.000000E+0
2.057153E+3	1.007240E-5	1.219510E+4	0.000000E+0	0.000000E+0
2.060152E+3	1.007270E-5	1.219490E+4	0.000000E+0	0.000000E+0
2.063154E+3	1.007270E-5	1.219460E+4	0.000000E+0	0.000000E+0
2.066156E+3	1.007310E-5	1.219440E+4	0.000000E+0	0.000000E+0
2.069157E+3	1.007300E-5	1.219420E+4	0.000000E+0	0.000000E+0
2.072157E+3	1.007260E-5	1.219400E+4	0.000000E+0	0.000000E+0
2.075157E+3	1.007280E-5	1.219380E+4	0.000000E+0	0.000000E+0
2.078154E+3	1.007270E-5	1.219360E+4	0.000000E+0	0.000000E+0
2.081155E+3	1.007240E-5	1.219330E+4	0.000000E+0	0.000000E+0
2.084162E+3	1.007270E-5	1.219330E+4	0.000000E+0	0.000000E+0
2.087158E+3	1.007270E-5	1.219310E+4	0.000000E+0	0.000000E+0
2.090163E+3	1.007250E-5	1.219280E+4	0.000000E+0	0.000000E+0
2.093154E+3	1.007280E-5	1.219260E+4	0.000000E+0	0.000000E+0
2.096150E+3	1.007320E-5	1.219240E+4	0.000000E+0	0.000000E+0
2.099155E+3	1.007230E-5	1.219220E+4	0.000000E+0	0.000000E+0
2.102155E+3	1.007210E-5	1.219200E+4	0.000000E+0	0.000000E+0
2.105150E+3	1.007160E-5	1.219180E+4	0.000000E+0	0.000000E+0
2.108153E+3	1.007210E-5	1.219170E+4	0.000000E+0	0.000000E+0
2.111162E+3	1.007270E-5	1.219150E+4	0.000000E+0	0.000000E+0
2.114155E+3	1.007220E-5	1.219130E+4	0.000000E+0	0.000000E+0
2.117158E+3	1.007190E-5	1.219100E+4	0.000000E+0	0.000000E+0
2.120158E+3	1.007180E-5	1.219100E+4	0.000000E+0	0.000000E+0
2.123163E+3	1.007170E-5	1.219070E+4	0.000000E+0	0.000000E+0
2.126151E+3	1.007240E-5	1.219070E+4	0.000000E+0	0.000000E+0
2.129164E+3	1.007260E-5	1.219050E+4	0.000000E+0	0.000000E+0
2.132153E+3	1.007190E-5	1.219020E+4	0.000000E+0	0.000000E+0
2.135151E+3	1.007240E-5	1.219000E+4	0.000000E+0	0.000000E+0
2.138160E+3	1.007240E-5	1.218980E+4	0.000000E+0	0.000000E+0
2.141150E+3	1.007160E-5	1.218970E+4	0.000000E+0	0.000000E+0
2.144149E+3	1.007170E-5	1.218950E+4	0.000000E+0	0.000000E+0
2.147162E+3	1.007180E-5	1.218930E+4	0.000000E+0	0.000000E+0
2.150148E+3	1.007170E-5	1.218920E+4	0.000000E+0	0.000000E+0
2.153149E+3	1.007130E-5	1.218900E+4	0.000000E+0	0.000000E+0
2.156148E+3	1.007150E-5	1.218890E+4	0.000000E+0	0.000000E+0
2.159160E+3	1.007170E-5	1.218870E+4	0.000000E+0	0.000000E+0
2.162162E+3	1.007200E-5	1.218870E+4	0.000000E+0	0.000000E+0
2.165154E+3	1.007170E-5	1.218840E+4	0.000000E+0	0.000000E+0
2.168151E+3	1.007200E-5	1.218820E+4	0.000000E+0	0.000000E+0
2.171153E+3	1.007220E-5	1.218810E+4	0.000000E+0	0.000000E+0
2.174160E+3	1.007130E-5	1.218790E+4	0.000000E+0	0.000000E+0
2.177153E+3	1.007160E-5	1.218780E+4	0.000000E+0	0.000000E+0
2.180149E+3	1.007160E-5	1.218750E+4	0.000000E+0	0.000000E+0
2.183150E+3	1.007150E-5	1.218750E+4	0.000000E+0	0.000000E+0
2.186151E+3	1.007130E-5	1.218730E+4	0.000000E+0	0.000000E+0
2.189149E+3	1.007140E-5	1.218710E+4	0.000000E+0	0.000000E+0
2.192153E+3	1.007140E-5	1.218700E+4	0.000000E+0	0.000000E+0
2.195155E+3	1.007100E-5	1.218670E+4	0.000000E+0	0.000000E+0
2.198156E+3	1.007190E-5	1.218660E+4	0.000000E+0	0.000000E+0
2.201156E+3	1.007150E-5	1.218640E+4	0.000000E+0	0.000000E+0
2.204158E+3	1.007170E-5	1.218610E+4	0.000000E+0	0.000000E+0
2.207161E+3	1.007170E-5	1.218590E+4	0.000000E+0	0.000000E+0
2.210153E+3	1.007180E-5	1.218570E+4	0.000000E+0	0.000000E+0
2.213153E+3	1.007210E-5	1.218540E+4	0.000000E+0	0.000000E+0
2.216156E+3	1.007150E-5	1.218530E+4	0.000000E+0	0.000000E+0
2.219157E+3	1.007190E-5	1.218510E+4	0.000000E+0	0.000000E+0
2.222154E+3	1.007120E-5	1.218490E+4	0.000000E+0	0.000000E+0
2.225156E+3	1.007150E-5	1.218450E+4	0.000000E+0	0.000000E+0
2.228155E+3	1.007150E-5	1.218430E+4	0.000000E+0	0.000000E+0
2.231155E+3	1.007110E-5	1.218420E+4	0.000000E+0	0.000000E+0
2.234157E+3	1.007150E-5	1.218410E+4	0.000000E+0	0.000000E+0
2.237157E+3	1.007160E-5	1.218370E+4	0.000000E+0	0.000000E+0
2.240157E+3	1.007180E-5	1.218350E+4	0.000000E+0	0.000000E+0
2.243158E+3	1.007190E-5	1.218330E+4	0.000000E+0	0.000000E+0
2.246155E+3	1.007130E-5	1.218310E+4	0.000000E+0	0.000000E+0
2.249158E+3	1.007110E-5	1.218300E+4	0.000000E+0	0.000000E+0
2.252160E+3	1.007160E-5	1.218270E+4	0.000000E+0	0.000000E+0
2.255161E+3	1.007150E-5	1.218260E+4	0.000000E+0	0.000000E+0
2.258158E+3	1.007130E-5	1.218230E+4	0.000000E+0	0.000000E+0
2.261157E+3	1.007120E-5	1.218220E+4	0.000000E+0	0.000000E+0
2.264149E+3	1.007160E-5	1.218200E+4	0.000000E+0	0.000000E+0
2.267148E+3	1.007170E-5	1.218180E+4	0.000000E+0	0.000000E+0
2.270141E+3	1.007180E-5	1.218150E+4	0.000000E+0	0.000000E+0
2.273149E+3	1.007170E-5	1.218130E+4	0.000000E+0	0.000000E+0
2.276153E+3	1.007100E-5	1.218120E+4	0.000000E+0	0.000000E+0
2.279153E+3	1.007180E-5	1.218110E+4	0.000000E+0	0.000000E+0
2.282149E+3	1.007200E-5	1.218080E+4	0.000000E+0	0.000000E+0
2.285149E+3	1.007170E-5	1.218060E+4	0.000000E+0	0.000000E+0
2.288153E+3	1.007150E-5	1.218040E+4	0.000000E+0	0.000000E+0
2.291149E+3	1.007170E-5	1.218010E+4	0.000000E+0	0.000000E+0
2.294152E+3	1.007130E-5	1.218010E+4	0.000000E+0	0.000000E+0
2.297159E+3	1.007170E-5	1.217990E+4	0.000000E+0	0.000000E+0
2.300152E+3	1.007160E-5	1.217980E+4	0.000000E+0	0.000000E+0
2.303160E+3	1.007190E-5	1.217970E+4	0.000000E+0	0.000000E+0
2.306160E+3	1.007110E-5	1.217940E+4	0.000000E+0	0.000000E+0
2.309157E+3	1.007100E-5	1.217930E+4	0.000000E+0	0.000000E+0
2.312163E+3	1.007160E-5	1.217920E+4	0.000000E+0	0.000000E+0
2.315162E+3	1.007140E-5	1.217900E+4	0.000000E+0	0.000000E+0
2.318160E+3	1.007080E-5	1.217880E+4	0.000000E+0	0.000000E+0
2.321160E+3	1.007140E-5	1.217870E+4	0.000000E+0	0.000000E+0
2.324160E+3	1.007140E-5	1.217850E+4	0.000000E+0	0.000000E+0
2.327155E+3	1.007080E-5	1.217830E+4	0.000000E+0	0.000000E+0
2.330157E+3	1.007130E-5	1.217810E+4	0.000000E+0	0.000000E+0
2.333155E+3	1.007110E-5	1.217800E+4	0.000000E+0	0.000000E+0
2.336156E+3	1.007100E-5	1.217790E+4	0.000000E+0	0.000000E+0
2.339155E+3	1.007100E-5	1.217760E+4	0.000000E+0	0.000000E+0
2.342153E+3	1.007150E-5	1.217740E+4	0.000000E+0	0.000000E+0
2.345158E+3	1.007100E-5	1.217720E+4	0.000000E+0	0.000000E+0
2.348153E+3	1.007140E-5	1.217700E+4	0.000000E+0	0.000000E+0
2.351153E+3	1.007110E-5	1.217670E+4	0.000000E+0	0.000000E+0
2.354153E+3	1.007150E-5	1.217660E+4	0.000000E+0	0.000000E+0
2.357155E+3	1.007150E-5	1.217640E+4	0.000000E+0	0.000000E+0
2.360158E+3	1.007180E-5	1.217620E+4	0.000000E+0	0.000000E+0
2.363162E+3	1.007130E-5	1.217590E+4	0.000000E+0	0.000000E+0
2.366153E+3	1.007150E-5	1.217570E+4	0.000000E+0	0.000000E+0
2.369153E+3	1.007100E-5	1.217550E+4	0.000000E+0	0.000000E+0
2.372152E+3	1.007130E-5	1.217530E+4	0.000000E+0	0.000000E+0
2.375157E+3	1.007160E-5	1.217510E+4	0.000000E+0	0.000000E+0
2.378152E+3	1.007080E-5	1.217480E+4	0.000000E+0	0.000000E+0
2.381157E+3	1.007120E-5	1.217460E+4	0.000000E+0	0.000000E+0
2.384157E+3	1.007170E-5	1.217430E+4	0.000000E+0	0.000000E+0
2.387159E+3	1.007080E-5	1.217420E+4	0.000000E+0	0.000000E+0
2.390157E+3	1.007110E-5	1.217400E+4	0.000000E+0	0.000000E+0
2.393159E+3	1.007100E-5	1.217370E+4	0.000000E+0	0.000000E+0
2.396154E+3	1.007050E-5	1.217350E+4	0.000000E+0	0.000000E+0
2.399153E+3	1.007140E-5	1.217340E+4	0.000000E+0	0.000000E+0
2.402158E+3	1.007150E-5	1.217320E+4	0.000000E+0	0.000000E+0
2.405158E+3	1.007150E-5	1.217310E+4	0.000000E+0	0.000000E+0
2.408155E+3	1.007140E-5	1.217290E+4	0.000000E+0	0.000000E+0
2.411153E+3	1.007140E-5	1.217270E+4	0.000000E+0	0.000000E+0
2.414153E+3	1.007140E-5	1.217250E+4	0.000000E+0	0.000000E+0
2.417153E+3	1.007150E-5	1.217230E+4	0.000000E+0	0.000000E+0
2.420156E+3	1.007140E-5	1.217210E+4	0.000000E+0	0.000000E+0
2.423153E+3	1.007130E-5	1.217190E+4	0.000000E+0	0.000000E+0
2.426156E+3	1.007070E-5	1.217170E+4	0.000000E+0	0.000000E+0
2.429155E+3	1.007080E-5	1.217150E+4	0.000000E+0	0.000000E+0
2.432152E+3	1.007100E-5	1.217130E+4	0.000000E+0	0.000000E+0
2.435153E+3	1.007100E-5	1.217100E+4	0.000000E+0	0.000000E+0
2.438156E+3	1.007150E-5	1.217100E+4	0.000000E+0	0.000000E+0
2.441152E+3	1.007100E-5	1.217080E+4	0.000000E+0	0.000000E+0
2.444152E+3	1.007100E-5	1.217060E+4	0.000000E+0	0.000000E+0
2.447154E+3	1.007060E-5	1.217040E+4	0.000000E+0	0.000000E+0
2.450156E+3	1.007110E-5	1.217020E+4	0.000000E+0	0.000000E+0
2.453153E+3	1.007100E-5	1.216990E+4	0.000000E+0	0.000000E+0
2.456157E+3	1.007130E-5	1.216980E+4	0.000000E+0	0.000000E+0
2.459157E+3	1.007110E-5	1.216960E+4	0.000000E+0	0.000000E+0
2.462156E+3	1.007080E-5	1.216930E+4	0.000000E+0	0.000000E+0
2.465157E+3	1.007070E-5	1.216910E+4	0.000000E+0	0.000000E+0
2.468157E+3	1.007120E-5	1.216890E+4	0.000000E+0	0.000000E+0
2.471157E+3	1.007060E-5	1.216870E+4	0.000000E+0	0.000000E+0
2.474155E+3	1.007090E-5	1.216850E+4	0.000000E+0	0.000000E+0
2.477153E+3	1.007070E-5	1.216830E+4	0.000000E+0	0.000000E+0
2.480157E+3	1.007090E-5	1.216810E+4	0.000000E+0	0.000000E+0
2.483158E+3	1.007100E-5	1.216780E+4	0.000000E+0	0.000000E+0
2.486158E+3	1.007140E-5	1.216760E+4	0.000000E+0	0.000000E+0
2.489157E+3	1.007130E-5	1.216740E+4	0.000000E+0	0.000000E+0
2.492161E+3	1.007110E-5	1.216720E+4	0.000000E+0	0.000000E+0
2.495158E+3	1.007100E-5	1.216700E+4	0.000000E+0	0.000000E+0
2.498156E+3	1.007070E-5	1.216670E+4	0.000000E+0	0.000000E+0
2.501156E+3	1.007070E-5	1.216650E+4	0.000000E+0	0.000000E+0
2.504156E+3	1.007060E-5	1.216630E+4	0.000000E+0	0.000000E+0
2.507155E+3	1.007060E-5	1.216620E+4	0.000000E+0	0.000000E+0
2.510156E+3	1.007110E-5	1.216600E+4	0.000000E+0	0.000000E+0
2.513155E+3	1.007100E-5	1.216580E+4	0.000000E+0	0.000000E+0
2.516158E+3	1.007070E-5	1.216570E+4	0.000000E+0	0.000000E+0
2.519159E+3	1.007080E-5	1.216550E+4	0.000000E+0	0.000000E+0
2.522158E+3	1.007120E-5	1.216530E+4	0.000000E+0	0.000000E+0
2.525161E+3	1.007060E-5	1.216520E+4	0.000000E+0	0.000000E+0
2.528159E+3	1.007080E-5	1.216490E+4	0.000000E+0	0.000000E+0
2.531154E+3	1.007110E-5	1.216470E+4	0.000000E+0	0.000000E+0
2.534157E+3	1.007040E-5	1.216450E+4	0.000000E+0	0.000000E+0
2.537154E+3	1.007110E-5	1.216440E+4	0.000000E+0	0.000000E+0
2.540150E+3	1.007080E-5	1.216410E+4	0.000000E+0	0.000000E+0
2.543144E+3	1.007040E-5	1.216400E+4	0.000000E+0	0.000000E+0
2.546159E+3	1.007080E-5	1.216370E+4	0.000000E+0	0.000000E+0
2.549160E+3	1.007080E-5	1.216360E+4	0.000000E+0	0.000000E+0
2.552154E+3	1.007050E-5	1.216330E+4	0.000000E+0	0.000000E+0
2.555159E+3	1.007080E-5	1.216320E+4	0.000000E+0	0.000000E+0
2.558157E+3	1.007100E-5	1.216310E+4	0.000000E+0	0.000000E+0
2.561158E+3	1.007090E-5	1.216300E+4	0.000000E+0	0.000000E+0
2.564157E+3	1.007060E-5	1.216280E+4	0.000000E+0	0.000000E+0
2.567155E+3	1.007120E-5	1.216280E+4	0.000000E+0	0.000000E+0
2.570158E+3	1.007120E-5	1.216250E+4	0.000000E+0	0.000000E+0
2.573153E+3	1.007130E-5	1.216230E+4	0.000000E+0	0.000000E+0
2.576155E+3	1.007100E-5	1.216210E+4	0.000000E+0	0.000000E+0
2.579158E+3	1.007120E-5	1.216180E+4	0.000000E+0	0.000000E+0
2.582160E+3	1.007080E-5	1.216160E+4	0.000000E+0	0.000000E+0
2.585161E+3	1.007090E-5	1.216130E+4	0.000000E+0	0.000000E+0
2.588158E+3	1.007090E-5	1.216120E+4	0.000000E+0	0.000000E+0
2.591158E+3	1.007050E-5	1.216110E+4	0.000000E+0	0.000000E+0
2.594163E+3	1.007040E-5	1.216080E+4	0.000000E+0	0.000000E+0
2.597158E+3	1.007080E-5	1.216060E+4	0.000000E+0	0.000000E+0
2.600158E+3	1.007080E-5	1.216040E+4	0.000000E+0	0.000000E+0
2.603164E+3	1.007110E-5	1.216020E+4	0.000000E+0	0.000000E+0
2.606154E+3	1.007090E-5	1.216000E+4	0.000000E+0	0.000000E+0
2.609152E+3	1.007090E-5	1.215980E+4	0.000000E+0	0.000000E+0
2.612156E+3	1.007060E-5	1.215970E+4	0.000000E+0	0.000000E+0
2.615157E+3	1.007060E-5	1.215950E+4	0.000000E+0	0.000000E+0
2.618154E+3	1.007040E-5	1.215930E+4	0.000000E+0	0.000000E+0
2.621154E+3	1.007030E-5	1.215910E+4	0.000000E+0	0.000000E+0
2.624156E+3	1.007080E-5	1.215890E+4	0.000000E+0	0.000000E+0
2.627159E+3	1.007050E-5	1.215870E+4	0.000000E+0	0.000000E+0
2.630157E+3	1.007040E-5	1.215840E+4	0.000000E+0	0.000000E+0
2.633157E+3	1.007040E-5	1.215830E+4	0.000000E+0	0.000000E+0
2.636155E+3	1.007010E-5	1.215810E+4	0.000000E+0	0.000000E+0
2.639157E+3	1.007020E-5	1.215790E+4	0.000000E+0	0.000000E+0
2.642155E+3	1.007090E-5	1.215770E+4	0.000000E+0	0.000000E+0
2.645155E+3	1.007050E-5	1.215750E+4	0.000000E+0	0.000000E+0
2.648151E+3	1.007080E-5	1.215740E+4	0.000000E+0	0.000000E+0
2.651150E+3	1.007080E-5	1.215710E+4	0.000000E+0	0.000000E+0
2.654155E+3	1.007080E-5	1.215700E+4	0.000000E+0	0.000000E+0
2.657155E+3	1.007110E-5	1.215690E+4	0.000000E+0	0.000000E+0
2.660153E+3	1.007060E-5	1.215660E+4	0.000000E+0	0.000000E+0
2.663153E+3	1.007100E-5	1.215660E+4	0.000000E+0	0.000000E+0
2.666153E+3	1.007080E-5	1.215620E+4	0.000000E+0	0.000000E+0
2.669155E+3	1.007060E-5	1.215610E+4	0.000000E+0	0.000000E+0
2.672155E+3	1.007110E-5	1.215600E+4	0.000000E+0	0.000000E+0
2.675156E+3	1.007090E-5	1.215580E+4	0.000000E+0	0.000000E+0
2.678152E+3	1.007050E-5	1.215560E+4	0.000000E+0	0.000000E+0
2.681153E+3	1.007100E-5	1.215550E+4	0.000000E+0	0.000000E+0
2.684159E+3	1.007090E-5	1.215530E+4	0.000000E+0	0.000000E+0
2.687161E+3	1.007110E-5	1.215510E+4	0.000000E+0	0.000000E+0
2.690157E+3	1.007120E-5	1.215500E+4	0.000000E+0	0.000000E+0
2.693159E+3	1.007130E-5	1.215470E+4	0.000000E+0	0.000000E+0
2.696156E+3	1.007130E-5	1.215460E+4	0.000000E+0	0.000000E+0
2.699153E+3	1.007100E-5	1.215440E+4	0.000000E+0	0.000000E+0
2.702150E+3	1.007130E-5	1.215420E+4	0.000000E+0	0.000000E+0
2.705144E+3	1.007130E-5	1.215400E+4	0.000000E+0	0.000000E+0
2.708155E+3	1.007120E-5	1.215380E+4	0.000000E+0	0.000000E+0
2.711155E+3	1.007080E-5	1.215380E+4	0.000000E+0	0.000000E+0
2.714150E+3	1.007140E-5	1.215350E+4	0.000000E+0	0.000000E+0
2.717152E+3	1.007150E-5	1.215330E+4	0.000000E+0	0.000000E+0
2.720155E+3	1.007060E-5	1.215320E+4	0.000000E+0	0.000000E+0
2.723155E+3	1.007100E-5	1.215300E+4	0.000000E+0	0.000000E+0
2.726155E+3	1.007120E-5	1.215290E+4	0.000000E+0	0.000000E+0
2.729155E+3	1.007120E-5	1.215270E+4	0.000000E+0	0.000000E+0
2.732157E+3	1.007100E-5	1.215250E+4	0.000000E+0	0.000000E+0
2.735157E+3	1.007130E-5	1.215240E+4	0.000000E+0	0.000000E+0
2.738153E+3	1.007110E-5	1.215210E+4	0.000000E+0	0.000000E+0
2.741155E+3	1.007150E-5	1.215190E+4	0.000000E+0	0.000000E+0
2.744158E+3	1.007120E-5	1.215190E+4	0.000000E+0	0.000000E+0
2.747158E+3	1.007150E-5	1.215160E+4	0.000000E+0	0.000000E+0
2.750151E+3	1.007130E-5	1.215140E+4	0.000000E+0	0.000000E+0
2.753152E+3	1.007130E-5	1.215140E+4	0.000000E+0	0.000000E+0
2.756156E+3	1.007130E-5	1.215110E+4	0.000000E+0	0.000000E+0
2.759152E+3	1.007120E-5	1.215080E+4	0.000000E+0	0.000000E+0
2.762156E+3	1.007120E-5	1.215060E+4	0.000000E+0	0.000000E+0
2.765156E+3	1.007100E-5	1.215040E+4	0.000000E+0	0.000000E+0
2.768152E+3	1.007100E-5	1.215010E+4	0.000000E+0	0.000000E+0
2.771151E+3	1.007120E-5	1.214990E+4	0.000000E+0	0.000000E+0
2.774154E+3	1.007110E-5	1.214990E+4	0.000000E+0	0.000000E+0
2.777154E+3	1.007090E-5	1.214960E+4	0.000000E+0	0.000000E+0
2.780159E+3	1.007120E-5	1.214940E+4	0.000000E+0	0.000000E+0
2.783156E+3	1.007150E-5	1.214930E+4	0.000000E+0	0.000000E+0
2.786154E+3	1.007090E-5	1.214900E+4	0.000000E+0	0.000000E+0
2.789157E+3	1.007130E-5	1.214870E+4	0.000000E+0	0.000000E+0
2.792162E+3	1.007060E-5	1.214860E+4	0.000000E+0	0.000000E+0
2.795154E+3	1.007110E-5	1.214850E+4	0.000000E+0	0.000000E+0
2.798154E+3	1.007150E-5	1.214810E+4	0.000000E+0	0.000000E+0
2.801154E+3	1.007100E-5	1.214790E+4	0.000000E+0	0.000000E+0
2.804155E+3	1.007110E-5	1.214770E+4	0.000000E+0	0.000000E+0
2.807160E+3	1.007130E-5	1.214750E+4	0.000000E+0	0.000000E+0
2.810160E+3	1.007110E-5	1.214730E+4	0.000000E+0	0.000000E+0
2.813153E+3	1.007080E-5	1.214720E+4	0.000000E+0	0.000000E+0
2.816155E+3	1.007120E-5	1.214700E+4	0.000000E+0	0.000000E+0
2.819151E+3	1.007090E-5	1.214680E+4	0.000000E+0	0.000000E+0
2.822146E+3	1.007170E-5	1.214680E+4	0.000000E+0	0.000000E+0
2.825141E+3	1.007150E-5	1.214660E+4	0.000000E+0	0.000000E+0
2.828143E+3	1.007110E-5	1.214640E+4	0.000000E+0	0.000000E+0
2.831151E+3	1.007230E-5	1.214620E+4	0.000000E+0	0.000000E+0
2.834151E+3	1.007230E-5	1.214620E+4	0.000000E+0	0.000000E+0
2.837151E+3	1.007190E-5	1.214600E+4	0.000000E+0	0.000000E+0
2.840156E+3	1.007150E-5	1.214590E+4	0.000000E+0	0.000000E+0
2.843159E+3	1.007220E-5	1.214580E+4	0.000000E+0	0.000000E+0
2.846154E+3	1.007180E-5	1.214560E+4	0.000000E+0	0.000000E+0
2.849158E+3	1.007200E-5	1.214550E+4	0.000000E+0	0.000000E+0
2.852156E+3	1.007160E-5	1.214530E+4	0.000000E+0	0.000000E+0
2.855161E+3	1.007160E-5	1.214520E+4	0.000000E+0	0.000000E+0
2.858162E+3	1.007180E-5	1.214520E+4	0.000000E+0	0.000000E+0
2.861154E+3	1.007170E-5	1.214490E+4	0.000000E+0	0.000000E+0
2.864159E+3	1.007170E-5	1.214480E+4	0.000000E+0	0.000000E+0
2.867159E+3	1.007170E-5	1.214460E+4	0.000000E+0	0.000000E+0
2.870162E+3	1.007190E-5	1.214440E+4	0.000000E+0	0.000000E+0
2.873163E+3	1.007200E-5	1.214420E+4	0.000000E+0	0.000000E+0
2.876160E+3	1.007180E-5	1.214400E+4	0.000000E+0	0.000000E+0
2.879160E+3	1.007150E-5	1.214360E+4	0.000000E+0	0.000000E+0
2.882158E+3	1.007190E-5	1.214370E+4	0.000000E+0	0.000000E+0
2.885153E+3	1.007140E-5	1.214350E+4	0.000000E+0	0.000000E+0
2.888161E+3	1.007150E-5	1.214320E+4	0.000000E+0	0.000000E+0
2.891155E+3	1.007130E-5	1.214310E+4	0.000000E+0	0.000000E+0
2.894155E+3	1.007140E-5	1.214280E+4	0.000000E+0	0.000000E+0
2.897157E+3	1.007230E-5	1.214260E+4	0.000000E+0	0.000000E+0
2.900156E+3	1.007160E-5	1.214240E+4	0.000000E+0	0.000000E+0
2.903156E+3	1.007170E-5	1.214210E+4	0.000000E+0	0.000000E+0
2.906156E+3	1.007130E-5	1.214180E+4	0.000000E+0	0.000000E+0
2.909158E+3	1.007160E-5	1.214180E+4	0.000000E+0	0.000000E+0
2.912156E+3	1.007130E-5	1.214150E+4	0.000000E+0	0.000000E+0
2.915155E+3	1.007120E-5	1.214140E+4	0.000000E+0	0.000000E+0
2.918159E+3	1.007140E-5	1.214110E+4	0.000000E+0	0.000000E+0
2.921158E+3	1.007170E-5	1.214090E+4	0.000000E+0	0.000000E+0
2.924159E+3	1.007170E-5	1.214070E+4	0.000000E+0	0.000000E+0
2.927154E+3	1.007160E-5	1.214050E+4	0.000000E+0	0.000000E+0
2.930162E+3	1.007230E-5	1.214040E+4	0.000000E+0	0.000000E+0
2.933150E+3	1.007130E-5	1.214020E+4	0.000000E+0	0.000000E+0
2.936147E+3	1.007180E-5	1.213990E+4	0.000000E+0	0.000000E+0
2.939149E+3	1.007150E-5	1.213970E+4	0.000000E+0	0.000000E+0
2.942159E+3	1.007180E-5	1.213960E+4	0.000000E+0	0.000000E+0
2.945154E+3	1.007180E-5	1.213920E+4	0.000000E+0	0.000000E+0
2.948155E+3	1.007200E-5	1.213900E+4	0.000000E+0	0.000000E+0
2.951152E+3	1.007180E-5	1.213880E+4	0.000000E+0	0.000000E+0
2.954167E+3	1.007210E-5	1.213860E+4	0.000000E+0	0.000000E+0
2.957154E+3	1.007210E-5	1.213840E+4	0.000000E+0	0.000000E+0
2.960155E+3	1.007150E-5	1.213820E+4	0.000000E+0	0.000000E+0
2.963153E+3	1.007170E-5	1.213820E+4	0.000000E+0	0.000000E+0
2.966168E+3	1.007150E-5	1.213810E+4	0.000000E+0	0.000000E+0
2.969157E+3	1.007210E-5	1.213790E+4	0.000000E+0	0.000000E+0
2.972150E+3	1.007160E-5	1.213790E+4	0.000000E+0	0.000000E+0
2.975151E+3	1.007150E-5	1.213770E+4	0.000000E+0	0.000000E+0
2.978153E+3	1.007200E-5	1.213760E+4	0.000000E+0	0.000000E+0
2.981155E+3	1.007200E-5	1.213730E+4	0.000000E+0	0.000000E+0
2.984155E+3	1.007180E-5	1.213710E+4	0.000000E+0	0.000000E+0
2.987155E+3	1.007180E-5	1.213690E+4	0.000000E+0	0.000000E+0
2.990152E+3	1.007170E-5	1.213660E+4	0.000000E+0	0.000000E+0
2.993156E+3	1.007170E-5	1.213640E+4	0.000000E+0	0.000000E+0
2.996161E+3	1.007200E-5	1.213630E+4	0.000000E+0	0.000000E+0
2.999156E+3	1.007150E-5	1.213600E+4	0.000000E+0	0.000000E+0
3.002156E+3	1.007200E-5	1.213590E+4	0.000000E+0	0.000000E+0
3.005153E+3	1.007210E-5	1.213570E+4	0.000000E+0	0.000000E+0
3.008154E+3	1.007270E-5	1.213550E+4	0.000000E+0	0.000000E+0
3.011154E+3	1.007200E-5	1.213520E+4	0.000000E+0	0.000000E+0
3.014154E+3	1.007230E-5	1.213500E+4	0.000000E+0	0.000000E+0
3.017156E+3	1.007280E-5	1.213480E+4	0.000000E+0	0.000000E+0
3.020159E+3	1.007230E-5	1.213440E+4	0.000000E+0	0.000000E+0
3.023157E+3	1.007200E-5	1.213440E+4	0.000000E+0	0.000000E+0
3.026153E+3	1.007240E-5	1.213400E+4	0.000000E+0	0.000000E+0
3.029156E+3	1.007230E-5	1.213390E+4	0.000000E+0	0.000000E+0
3.032154E+3	1.007280E-5	1.213370E+4	0.000000E+0	0.000000E+0
3.035154E+3	1.007220E-5	1.213350E+4	0.000000E+0	0.000000E+0
3.038155E+3	1.007270E-5	1.213330E+4	0.000000E+0	0.000000E+0
3.041155E+3	1.007250E-5	1.213320E+4	0.000000E+0	0.000000E+0
3.044155E+3	1.007260E-5	1.213300E+4	0.000000E+0	0.000000E+0
3.047155E+3	1.007220E-5	1.213290E+4	0.000000E+0	0.000000E+0
3.050153E+3	1.007200E-5	1.213280E+4	0.000000E+0	0.000000E+0
3.053154E+3	1.007190E-5	1.213260E+4	0.000000E+0	0.000000E+0
3.056157E+3	1.007190E-5	1.213250E+4	0.000000E+0	0.000000E+0
3.059153E+3	1.007300E-5	1.213230E+4	0.000000E+0	0.000000E+0
3.062151E+3	1.007230E-5	1.213220E+4	0.000000E+0	0.000000E+0
3.065153E+3	1.007260E-5	1.213190E+4	0.000000E+0	0.000000E+0
3.068163E+3	1.007310E-5	1.213180E+4	0.000000E+0	0.000000E+0
3.071166E+3	1.007220E-5	1.213160E+4	0.000000E+0	0.000000E+0
3.074153E+3	1.007250E-5	1.213140E+4	0.000000E+0	0.000000E+0
3.077158E+3	1.007250E-5	1.213130E+4	0.000000E+0	0.000000E+0
3.080162E+3	1.007280E-5	1.213110E+4	0.000000E+0	0.000000E+0
3.083154E+3	1.007210E-5	1.213090E+4	0.000000E+0	0.000000E+0
3.086153E+3	1.007240E-5	1.213080E+4	0.000000E+0	0.000000E+0
3.089156E+3	1.007230E-5	1.213080E+4	0.000000E+0	0.000000E+0
3.092153E+3	1.007270E-5	1.213040E+4	0.000000E+0	0.000000E+0
3.095153E+3	1.007220E-5	1.213040E+4	0.000000E+0	0.000000E+0
3.098172E+3	1.007250E-5	1.213000E+4	0.000000E+0	0.000000E+0
3.101153E+3	1.007270E-5	1.212980E+4	0.000000E+0	0.000000E+0
3.104152E+3	1.007240E-5	1.212950E+4	0.000000E+0	0.000000E+0
3.107162E+3	1.007230E-5	1.212940E+4	0.000000E+0	0.000000E+0
3.110165E+3	1.007270E-5	1.212920E+4	0.000000E+0	0.000000E+0
3.113149E+3	1.007240E-5	1.212900E+4	0.000000E+0	0.000000E+0
3.116155E+3	1.007250E-5	1.212890E+4	0.000000E+0	0.000000E+0
3.119162E+3	1.007240E-5	1.212860E+4	0.000000E+0	0.000000E+0
3.122151E+3	1.007230E-5	1.212850E+4	0.000000E+0	0.000000E+0
3.125157E+3	1.007240E-5	1.212830E+4	0.000000E+0	0.000000E+0
3.128157E+3	1.007280E-5	1.212810E+4	0.000000E+0	0.000000E+0
3.131162E+3	1.007270E-5	1.212790E+4	0.000000E+0	0.000000E+0
3.134161E+3	1.007250E-5	1.212780E+4	0.000000E+0	0.000000E+0
3.137161E+3	1.007260E-5	1.212770E+4	0.000000E+0	0.000000E+0
3.140158E+3	1.007300E-5	1.212740E+4	0.000000E+0	0.000000E+0
3.143153E+3	1.007260E-5	1.212720E+4	0.000000E+0	0.000000E+0
3.146156E+3	1.007310E-5	1.212710E+4	0.000000E+0	0.000000E+0
3.149158E+3	1.007270E-5	1.212690E+4	0.000000E+0	0.000000E+0
3.152156E+3	1.007270E-5	1.212680E+4	0.000000E+0	0.000000E+0
3.155155E+3	1.007280E-5	1.212660E+4	0.000000E+0	0.000000E+0
3.158155E+3	1.007260E-5	1.212650E+4	0.000000E+0	0.000000E+0
3.161155E+3	1.007230E-5	1.212630E+4	0.000000E+0	0.000000E+0
3.164161E+3	1.007280E-5	1.212630E+4	0.000000E+0	0.000000E+0
3.167154E+3	1.007310E-5	1.212590E+4	0.000000E+0	0.000000E+0
3.170161E+3	1.007280E-5	1.212580E+4	0.000000E+0	0.000000E+0
3.173154E+3	1.007310E-5	1.212550E+4	0.000000E+0	0.000000E+0
3.176154E+3	1.007280E-5	1.212540E+4	0.000000E+0	0.000000E+0
3.179161E+3	1.007260E-5	1.212520E+4	0.000000E+0	0.000000E+0
3.182162E+3	1.007300E-5	1.212510E+4	0.000000E+0	0.000000E+0
3.185162E+3	1.007320E-5	1.212490E+4	0.000000E+0	0.000000E+0
3.188159E+3	1.007310E-5	1.212460E+4	0.000000E+0	0.000000E+0
3.191159E+3	1.007260E-5	1.212450E+4	0.000000E+0	0.000000E+0
3.194155E+3	1.007270E-5	1.212430E+4	0.000000E+0	0.000000E+0
3.197160E+3	1.007270E-5	1.212400E+4	0.000000E+0	0.000000E+0
3.200153E+3	1.007270E-5	1.212390E+4	0.000000E+0	0.000000E+0
3.203160E+3	1.007300E-5	1.212390E+4	0.000000E+0	0.000000E+0
3.206154E+3	1.007300E-5	1.212360E+4	0.000000E+0	0.000000E+0
3.209154E+3	1.007310E-5	1.212340E+4	0.000000E+0	0.000000E+0
3.212161E+3	1.007310E-5	1.212320E+4	0.000000E+0	0.000000E+0
3.215154E+3	1.007330E-5	1.212310E+4	0.000000E+0	0.000000E+0
3.218158E+3	1.007300E-5	1.212280E+4	0.000000E+0	0.000000E+0
3.221153E+3	1.007300E-5	1.212260E+4	0.000000E+0	0.000000E+0
3.224148E+3	1.007260E-5	1.212240E+4	0.000000E+0	0.000000E+0
3.227149E+3	1.007280E-5	1.212230E+4	0.000000E+0	0.000000E+0
3.230143E+3	1.007210E-5	1.212210E+4	0.000000E+0	0.000000E+0
3.233153E+3	1.007300E-5	1.212190E+4	0.000000E+0	0.000000E+0
3.236153E+3	1.007300E-5	1.212180E+4	0.000000E+0	0.000000E+0
3.239152E+3	1.007280E-5	1.212160E+4	0.000000E+0	0.000000E+0
3.242156E+3	1.007290E-5	1.212140E+4	0.000000E+0	0.000000E+0
3.245156E+3	1.007290E-5	1.212120E+4	0.000000E+0	0.000000E+0
3.248159E+3	1.007280E-5	1.212100E+4	0.000000E+0	0.000000E+0
3.251156E+3	1.007260E-5	1.212100E+4	0.000000E+0	0.000000E+0
3.254154E+3	1.007290E-5	1.212060E+4	0.000000E+0	0.000000E+0
3.257162E+3	1.007330E-5	1.212050E+4	0.000000E+0	0.000000E+0
3.260154E+3	1.007340E-5	1.212010E+4	0.000000E+0	0.000000E+0
3.263154E+3	1.007310E-5	1.212000E+4	0.000000E+0	0.000000E+0
3.266157E+3	1.007300E-5	1.212000E+4	0.000000E+0	0.000000E+0
3.269156E+3	1.007350E-5	1.211980E+4	0.000000E+0	0.000000E+0
3.272154E+3	1.007300E-5	1.211950E+4	0.000000E+0	0.000000E+0
3.275159E+3	1.007310E-5	1.211950E+4	0.000000E+0	0.000000E+0
3.278154E+3	1.007350E-5	1.211930E+4	0.000000E+0	0.000000E+0
3.281157E+3	1.007320E-5	1.211920E+4	0.000000E+0	0.000000E+0
3.284151E+3	1.007330E-5	1.211910E+4	0.000000E+0	0.000000E+0
3.287157E+3	1.007360E-5	1.211890E+4	0.000000E+0	0.000000E+0
3.290150E+3	1.007340E-5	1.211870E+4	0.000000E+0	0.000000E+0
3.293154E+3	1.007340E-5	1.211860E+4	0.000000E+0	0.000000E+0
3.296158E+3	1.007360E-5	1.211840E+4	0.000000E+0	0.000000E+0
3.299155E+3	1.007350E-5	1.211830E+4	0.000000E+0	0.000000E+0
3.302155E+3	1.007340E-5	1.211810E+4	0.000000E+0	0.000000E+0
3.305155E+3	1.007400E-5	1.211790E+4	0.000000E+0	0.000000E+0
3.308155E+3	1.007400E-5	1.211780E+4	0.000000E+0	0.000000E+0
3.311153E+3	1.007360E-5	1.211760E+4	0.000000E+0	0.000000E+0
3.314153E+3	1.007350E-5	1.211750E+4	0.000000E+0	0.000000E+0
3.317156E+3	1.007400E-5	1.211740E+4	0.000000E+0	0.000000E+0
3.320156E+3	1.007400E-5	1.211710E+4	0.000000E+0	0.000000E+0
3.323156E+3	1.007340E-5	1.211700E+4	0.000000E+0	0.000000E+0
3.326152E+3	1.007370E-5	1.211690E+4	0.000000E+0	0.000000E+0
3.329156E+3	1.007360E-5	1.211670E+4	0.000000E+0	0.000000E+0
3.332154E+3	1.007360E-5	1.211650E+4	0.000000E+0	0.000000E+0
3.335154E+3	1.007360E-5	1.211640E+4	0.000000E+0	0.000000E+0
3.338153E+3	1.007390E-5	1.211620E+4	0.000000E+0	0.000000E+0
3.341152E+3	1.007360E-5	1.211590E+4	0.000000E+0	0.000000E+0
3.344164E+3	1.007320E-5	1.211570E+4	0.000000E+0	0.000000E+0
3.347154E+3	1.007320E-5	1.211550E+4	0.000000E+0	0.000000E+0
3.350156E+3	1.007350E-5	1.211530E+4	0.000000E+0	0.000000E+0
3.353154E+3	1.007400E-5	1.211500E+4	0.000000E+0	0.000000E+0
3.356153E+3	1.007360E-5	1.211490E+4	0.000000E+0	0.000000E+0
3.359163E+3	1.007420E-5	1.211470E+4	0.000000E+0	0.000000E+0
3.362154E+3	1.007420E-5	1.211460E+4	0.000000E+0	0.000000E+0
3.365154E+3	1.007440E-5	1.211430E+4	0.000000E+0	0.000000E+0
3.368158E+3	1.007400E-5	1.211420E+4	0.000000E+0	0.000000E+0
3.371151E+3	1.007410E-5	1.211390E+4	0.000000E+0	0.000000E+0
3.374148E+3	1.007380E-5	1.211380E+4	0.000000E+0	0.000000E+0
3.377142E+3	1.007390E-5	1.211350E+4	0.000000E+0	0.000000E+0
3.380138E+3	1.007420E-5	1.211330E+4	0.000000E+0	0.000000E+0
3.383146E+3	1.007390E-5	1.211330E+4	0.000000E+0	0.000000E+0
3.386163E+3	1.007410E-5	1.211290E+4	0.000000E+0	0.000000E+0
3.389159E+3	1.007420E-5	1.211290E+4	0.000000E+0	0.000000E+0
3.392156E+3	1.007400E-5	1.211260E+4	0.000000E+0	0.000000E+0
3.395149E+3	1.007380E-5	1.211250E+4	0.000000E+0	0.000000E+0
3.398164E+3	1.007460E-5	1.211240E+4	0.000000E+0	0.000000E+0
3.401155E+3	1.007420E-5	1.211220E+4	0.000000E+0	0.000000E+0
3.404152E+3	1.007370E-5	1.211200E+4	0.000000E+0	0.000000E+0
3.407158E+3	1.007390E-5	1.211190E+4	0.000000E+0	0.000000E+0
3.410161E+3	1.007430E-5	1.211150E+4	0.000000E+0	0.000000E+0
3.413158E+3	1.007430E-5	1.211130E+4	0.000000E+0	0.000000E+0
3.416169E+3	1.007400E-5	1.211120E+4	0.000000E+0	0.000000E+0
3.419154E+3	1.007370E-5	1.211100E+4	0.000000E+0	0.000000E+0
3.422154E+3	1.007420E-5	1.211090E+4	0.000000E+0	0.000000E+0
3.425161E+3	1.007380E-5	1.211080E+4	0.000000E+0	0.000000E+0
3.428153E+3	1.007380E-5	1.211060E+4	0.000000E+0	0.000000E+0
3.431156E+3	1.007420E-5	1.211040E+4	0.000000E+0	0.000000E+0
3.434159E+3	1.007400E-5	1.211020E+4	0.000000E+0	0.000000E+0
3.437157E+3	1.007380E-5	1.211010E+4	0.000000E+0	0.000000E+0
3.440154E+3	1.007430E-5	1.210990E+4	0.000000E+0	0.000000E+0
3.443159E+3	1.007410E-5	1.210970E+4	0.000000E+0	0.000000E+0
3.446155E+3	1.007410E-5	1.210960E+4	0.000000E+0	0.000000E+0
3.449157E+3	1.007410E-5	1.210940E+4	0.000000E+0	0.000000E+0
3.452153E+3	1.007420E-5	1.210940E+4	0.000000E+0	0.000000E+0
3.455160E+3	1.007410E-5	1.210910E+4	0.000000E+0	0.000000E+0
3.458157E+3	1.007390E-5	1.210890E+4	0.000000E+0	0.000000E+0
3.461153E+3	1.007410E-5	1.210870E+4	0.000000E+0	0.000000E+0
3.464157E+3	1.007430E-5	1.210870E+4	0.000000E+0	0.000000E+0
3.467153E+3	1.007510E-5	1.210850E+4	0.000000E+0	0.000000E+0
3.470156E+3	1.007400E-5	1.210830E+4	0.000000E+0	0.000000E+0
3.473155E+3	1.007440E-5	1.210820E+4	0.000000E+0	0.000000E+0
3.476153E+3	1.007370E-5	1.210810E+4	0.000000E+0	0.000000E+0
3.479153E+3	1.007420E-5	1.210780E+4	0.000000E+0	0.000000E+0
3.482155E+3	1.007420E-5	1.210760E+4	0.000000E+0	0.000000E+0
3.485158E+3	1.007440E-5	1.210740E+4	0.000000E+0	0.000000E+0
3.488156E+3	1.007430E-5	1.210720E+4	0.000000E+0	0.000000E+0
3.491156E+3	1.007500E-5	1.210710E+4	0.000000E+0	0.000000E+0
3.494156E+3	1.007430E-5	1.210690E+4	0.000000E+0	0.000000E+0
3.497156E+3	1.007420E-5	1.210680E+4	0.000000E+0	0.000000E+0
3.500157E+3	1.007420E-5	1.210680E+4	0.000000E+0	0.000000E+0
3.503158E+3	1.007450E-5	1.210650E+4	0.000000E+0	0.000000E+0
3.506156E+3	1.007480E-5	1.210640E+4	0.000000E+0	0.000000E+0
3.509157E+3	1.007470E-5	1.210620E+4	0.000000E+0	0.000000E+0
3.512153E+3	1.007490E-5	1.210600E+4	0.000000E+0	0.000000E+0
3.515153E+3	1.007450E-5	1.210590E+4	0.000000E+0	0.000000E+0
3.518166E+3	1.007520E-5	1.210590E+4	0.000000E+0	0.000000E+0
3.521154E+3	1.007470E-5	1.210570E+4	0.000000E+0	0.000000E+0
3.524166E+3	1.007470E-5	1.210560E+4	0.000000E+0	0.000000E+0
3.527150E+3	1.007470E-5	1.210540E+4	0.000000E+0	0.000000E+0
3.530153E+3	1.007450E-5	1.210520E+4	0.000000E+0	0.000000E+0
3.533155E+3	1.007440E-5	1.210500E+4	0.000000E+0	0.000000E+0
3.536157E+3	1.007440E-5	1.210490E+4	0.000000E+0	0.000000E+0
3.539154E+3	1.007480E-5	1.210470E+4	0.000000E+0	0.000000E+0
3.542158E+3	1.007420E-5	1.210450E+4	0.000000E+0	0.000000E+0
3.545153E+3	1.007440E-5	1.210430E+4	0.000000E+0	0.000000E+0
3.548155E+3	1.007410E-5	1.210410E+4	0.000000E+0	0.000000E+0
3.551155E+3	1.007460E-5	1.210390E+4	0.000000E+0	0.000000E+0
3.554155E+3	1.007490E-5	1.210380E+4	0.000000E+0	0.000000E+0
3.557155E+3	1.007450E-5	1.210360E+4	0.000000E+0	0.000000E+0
3.560155E+3	1.007460E-5	1.210360E+4	0.000000E+0	0.000000E+0
3.563153E+3	1.007510E-5	1.210330E+4	0.000000E+0	0.000000E+0
3.566151E+3	1.007470E-5	1.210320E+4	0.000000E+0	0.000000E+0
3.569153E+3	1.007510E-5	1.210290E+4	0.000000E+0	0.000000E+0
3.572153E+3	1.007530E-5	1.210280E+4	0.000000E+0	0.000000E+0
3.575153E+3	1.007490E-5	1.210250E+4	0.000000E+0	0.000000E+0
3.578159E+3	1.007530E-5	1.210240E+4	0.000000E+0	0.000000E+0
3.581154E+3	1.007520E-5	1.210220E+4	0.000000E+0	0.000000E+0
3.584161E+3	1.007500E-5	1.210200E+4	0.000000E+0	0.000000E+0
3.587149E+3	1.007440E-5	1.210170E+4	0.000000E+0	0.000000E+0
3.590145E+3	1.007500E-5	1.210160E+4	0.000000E+0	0.000000E+0
3.593149E+3	1.007530E-5	1.210140E+4	0.000000E+0	0.000000E+0
3.596157E+3	1.007540E-5	1.210140E+4	0.000000E+0	0.000000E+0
3.599153E+3	1.007540E-5	1.210110E+4	0.000000E+0	0.000000E+0
3.602153E+3	1.007490E-5	1.210090E+4	0.000000E+0	0.000000E+0
3.605154E+3	1.007540E-5	1.210080E+4	0.000000E+0	0.000000E+0
3.608157E+3	1.007510E-5	1.210050E+4	0.000000E+0	0.000000E+0
3.611155E+3	1.007500E-5	1.210050E+4	0.000000E+0	0.000000E+0
3.614158E+3	1.007530E-5	1.210040E+4	0.000000E+0	0.000000E+0
3.617154E+3	1.007540E-5	1.210020E+4	0.000000E+0	0.000000E+0
3.620155E+3	1.007490E-5	1.210010E+4	0.000000E+0	0.000000E+0
3.623158E+3	1.007520E-5	1.210000E+4	0.000000E+0	0.000000E+0
3.626153E+3	1.007570E-5	1.209980E+4	0.000000E+0	0.000000E+0
3.629158E+3	1.007530E-5	1.209970E+4	0.000000E+0	0.000000E+0
3.632155E+3	1.007510E-5	1.209940E+4	0.000000E+0	0.000000E+0
3.635155E+3	1.007510E-5	1.209930E+4	0.000000E+0	0.000000E+0
3.638155E+3	1.007540E-5	1.209910E+4	0.000000E+0	0.000000E+0
3.641160E+3	1.007540E-5	1.209900E+4	0.000000E+0	0.000000E+0
3.644156E+3	1.007510E-5	1.209880E+4	0.000000E+0	0.000000E+0
3.647153E+3	1.007580E-5	1.209870E+4	0.000000E+0	0.000000E+0
3.650155E+3	1.007540E-5	1.209860E+4	0.000000E+0	0.000000E+0
3.653156E+3	1.007510E-5	1.209850E+4	0.000000E+0	0.000000E+0
3.656159E+3	1.007540E-5	1.209820E+4	0.000000E+0	0.000000E+0
3.659159E+3	1.007540E-5	1.209810E+4	0.000000E+0	0.000000E+0
3.662154E+3	1.007580E-5	1.209790E+4	0.000000E+0	0.000000E+0
3.665152E+3	1.007570E-5	1.209770E+4	0.000000E+0	0.000000E+0
3.668157E+3	1.007500E-5	1.209760E+4	0.000000E+0	0.000000E+0
3.671157E+3	1.007530E-5	1.209740E+4	0.000000E+0	0.000000E+0
3.674159E+3	1.007540E-5	1.209730E+4	0.000000E+0	0.000000E+0
3.677154E+3	1.007550E-5	1.209710E+4	0.000000E+0	0.000000E+0
3.680154E+3	1.007530E-5	1.209690E+4	0.000000E+0	0.000000E+0
3.683154E+3	1.007580E-5	1.209670E+4	0.000000E+0	0.000000E+0
3.686162E+3	1.007570E-5	1.209660E+4	0.000000E+0	0.000000E+0
3.689157E+3	1.007490E-5	1.209650E+4	0.000000E+0	0.000000E+0
3.692155E+3	1.007600E-5	1.209630E+4	0.000000E+0	0.000000E+0
3.695165E+3	1.007580E-5	1.209600E+4	0.000000E+0	0.000000E+0
3.698157E+3	1.007570E-5	1.209590E+4	0.000000E+0	0.000000E+0
3.701158E+3	1.007560E-5	1.209590E+4	0.000000E+0	0.000000E+0
3.704157E+3	1.007550E-5	1.209550E+4	0.000000E+0	0.000000E+0
3.707157E+3	1.007590E-5	1.209540E+4	0.000000E+0	0.000000E+0
3.710158E+3	1.007530E-5	1.209520E+4	0.000000E+0	0.000000E+0
3.713158E+3	1.007510E-5	1.209500E+4	0.000000E+0	0.000000E+0
3.716156E+3	1.007560E-5	1.209480E+4	0.000000E+0	0.000000E+0
3.719157E+3	1.007570E-5	1.209460E+4	0.000000E+0	0.000000E+0
3.722169E+3	1.007570E-5	1.209440E+4	0.000000E+0	0.000000E+0
3.725158E+3	1.007590E-5	1.209420E+4	0.000000E+0	0.000000E+0
3.728158E+3	1.007600E-5	1.209410E+4	0.000000E+0	0.000000E+0
3.731158E+3	1.007530E-5	1.209390E+4	0.000000E+0	0.000000E+0
3.734161E+3	1.007530E-5	1.209380E+4	0.000000E+0	0.000000E+0
3.737159E+3	1.007500E-5	1.209360E+4	0.000000E+0	0.000000E+0
3.740159E+3	1.007520E-5	1.209350E+4	0.000000E+0	0.000000E+0
3.743159E+3	1.007570E-5	1.209330E+4	0.000000E+0	0.000000E+0
3.746159E+3	1.007520E-5	1.209320E+4	0.000000E+0	0.000000E+0
3.749154E+3	1.007520E-5	1.209310E+4	0.000000E+0	0.000000E+0
3.752156E+3	1.007530E-5	1.209290E+4	0.000000E+0	0.000000E+0
3.755156E+3	1.007580E-5	1.209270E+4	0.000000E+0	0.000000E+0
3.758157E+3	1.007570E-5	1.209260E+4	0.000000E+0	0.000000E+0
3.761157E+3	1.007580E-5	1.209240E+4	0.000000E+0	0.000000E+0
3.764155E+3	1.007550E-5	1.209240E+4	0.000000E+0	0.000000E+0
3.767156E+3	1.007560E-5	1.209210E+4	0.000000E+0	0.000000E+0
3.770155E+3	1.007640E-5	1.209190E+4	0.000000E+0	0.000000E+0
3.773155E+3	1.007590E-5	1.209190E+4	0.000000E+0	0.000000E+0
3.776155E+3	1.007580E-5	1.209160E+4	0.000000E+0	0.000000E+0
3.779155E+3	1.007630E-5	1.209150E+4	0.000000E+0	0.000000E+0
3.782157E+3	1.007590E-5	1.209140E+4	0.000000E+0	0.000000E+0
3.785157E+3	1.007610E-5	1.209120E+4	0.000000E+0	0.000000E+0
3.788153E+3	1.007550E-5	1.209110E+4	0.000000E+0	0.000000E+0
3.791155E+3	1.007610E-5	1.209090E+4	0.000000E+0	0.000000E+0
3.794155E+3	1.007630E-5	1.209070E+4	0.000000E+0	0.000000E+0
3.797155E+3	1.007590E-5	1.209060E+4	0.000000E+0	0.000000E+0
3.800153E+3	1.007620E-5	1.209050E+4	0.000000E+0	0.000000E+0
3.803155E+3	1.007650E-5	1.209030E+4	0.000000E+0	0.000000E+0
3.806155E+3	1.007640E-5	1.209010E+4	0.000000E+0	0.000000E+0
3.809156E+3	1.007580E-5	1.209000E+4	0.000000E+0	0.000000E+0
3.812155E+3	1.007600E-5	1.208980E+4	0.000000E+0	0.000000E+0
3.815152E+3	1.007580E-5	1.208970E+4	0.000000E+0	0.000000E+0
3.818149E+3	1.007610E-5	1.208950E+4	0.000000E+0	0.000000E+0
3.821141E+3	1.007600E-5	1.208940E+4	0.000000E+0	0.000000E+0
3.824158E+3	1.007560E-5	1.208930E+4	0.000000E+0	0.000000E+0
3.827161E+3	1.007650E-5	1.208900E+4	0.000000E+0	0.000000E+0
3.830156E+3	1.007590E-5	1.208890E+4	0.000000E+0	0.000000E+0
3.833154E+3	1.007610E-5	1.208880E+4	0.000000E+0	0.000000E+0
3.836154E+3	1.007570E-5	1.208870E+4	0.000000E+0	0.000000E+0
3.839157E+3	1.007600E-5	1.208850E+4	0.000000E+0	0.000000E+0
3.842154E+3	1.007590E-5	1.208840E+4	0.000000E+0	0.000000E+0
3.845152E+3	1.007570E-5	1.208820E+4	0.000000E+0	0.000000E+0
3.848157E+3	1.007660E-5	1.208790E+4	0.000000E+0	0.000000E+0
3.851160E+3	1.007620E-5	1.208780E+4	0.000000E+0	0.000000E+0
3.854159E+3	1.007620E-5	1.208760E+4	0.000000E+0	0.000000E+0
3.857155E+3	1.007620E-5	1.208740E+4	0.000000E+0	0.000000E+0
3.860155E+3	1.007610E-5	1.208730E+4	0.000000E+0	0.000000E+0
3.863155E+3	1.007680E-5	1.208720E+4	0.000000E+0	0.000000E+0
3.866153E+3	1.007610E-5	1.208700E+4	0.000000E+0	0.000000E+0
3.869154E+3	1.007600E-5	1.208690E+4	0.000000E+0	0.000000E+0
3.872153E+3	1.007640E-5	1.208680E+4	0.000000E+0	0.000000E+0
3.875153E+3	1.007640E-5	1.208670E+4	0.000000E+0	0.000000E+0
3.878155E+3	1.007660E-5	1.208660E+4	0.000000E+0	0.000000E+0
3.881157E+3	1.007670E-5	1.208650E+4	0.000000E+0	0.000000E+0
3.884155E+3	1.007630E-5	1.208640E+4	0.000000E+0	0.000000E+0
3.887156E+3	1.007620E-5	1.208620E+4	0.000000E+0	0.000000E+0
3.890159E+3	1.007610E-5	1.208610E+4	0.000000E+0	0.000000E+0
3.893156E+3	1.007650E-5	1.208600E+4	0.000000E+0	0.000000E+0
3.896156E+3	1.007630E-5	1.208580E+4	0.000000E+0	0.000000E+0
3.899155E+3	1.007630E-5	1.208570E+4	0.000000E+0	0.000000E+0
3.902156E+3	1.007590E-5	1.208550E+4	0.000000E+0	0.000000E+0
3.905156E+3	1.007580E-5	1.208530E+4	0.000000E+0	0.000000E+0
3.908167E+3	1.007630E-5	1.208520E+4	0.000000E+0	0.000000E+0
3.911159E+3	1.007620E-5	1.208500E+4	0.000000E+0	0.000000E+0
3.914157E+3	1.007600E-5	1.208490E+4	0.000000E+0	0.000000E+0
3.917153E+3	1.007680E-5	1.208450E+4	0.000000E+0	0.000000E+0
3.920156E+3	1.007570E-5	1.208430E+4	0.000000E+0	0.000000E+0
3.923159E+3	1.007650E-5	1.208430E+4	0.000000E+0	0.000000E+0
3.926159E+3	1.007600E-5	1.208420E+4	0.000000E+0	0.000000E+0
3.929150E+3	1.007570E-5	1.208410E+4	0.000000E+0	0.000000E+0
3.932154E+3	1.007610E-5	1.208400E+4	0.000000E+0	0.000000E+0
3.935159E+3	1.007590E-5	1.208370E+4	0.000000E+0	0.000000E+0
3.938153E+3	1.007610E-5	1.208370E+4	0.000000E+0	0.000000E+0
3.941153E+3	1.007560E-5	1.208350E+4	0.000000E+0	0.000000E+0
3.944154E+3	1.007620E-5	1.208350E+4	0.000000E+0	0.000000E+0
3.947155E+3	1.007640E-5	1.208320E+4	0.000000E+0	0.000000E+0
3.950166E+3	1.007650E-5	1.208310E+4	0.000000E+0	0.000000E+0
3.953157E+3	1.007670E-5	1.208290E+4	0.000000E+0	0.000000E+0
3.956155E+3	1.007660E-5	1.208280E+4	0.000000E+0	0.000000E+0
3.959155E+3	1.007680E-5	1.208260E+4	0.000000E+0	0.000000E+0
3.962166E+3	1.007650E-5	1.208250E+4	0.000000E+0	0.000000E+0
3.965153E+3	1.007660E-5	1.208250E+4	0.000000E+0	0.000000E+0
3.968168E+3	1.007700E-5	1.208230E+4	0.000000E+0	0.000000E+0
3.971170E+3	1.007680E-5	1.208200E+4	0.000000E+0	0.000000E+0
3.974168E+3	1.007640E-5	1.208180E+4	0.000000E+0	0.000000E+0
3.977156E+3	1.007710E-5	1.208180E+4	0.000000E+0	0.000000E+0
3.980159E+3	1.007680E-5	1.208170E+4	0.000000E+0	0.000000E+0
3.983158E+3	1.007670E-5	1.208160E+4	0.000000E+0	0.000000E+0
3.986156E+3	1.007660E-5	1.208140E+4	0.000000E+0	0.000000E+0
3.989155E+3	1.007620E-5	1.208120E+4	0.000000E+0	0.000000E+0
3.992167E+3	1.007650E-5	1.208110E+4	0.000000E+0	0.000000E+0
3.995158E+3	1.007590E-5	1.208100E+4	0.000000E+0	0.000000E+0
3.998157E+3	1.007600E-5	1.208070E+4	0.000000E+0	0.000000E+0
4.001170E+3	1.007640E-5	1.208050E+4	0.000000E+0	0.000000E+0
4.004159E+3	1.007660E-5	1.208040E+4	0.000000E+0	0.000000E+0
4.007154E+3	1.007720E-5	1.208020E+4	0.000000E+0	0.000000E+0
4.010153E+3	1.007710E-5	1.207990E+4	0.000000E+0	0.000000E+0
4.013153E+3	1.007660E-5	1.207980E+4	0.000000E+0	0.000000E+0
4.016153E+3	1.007680E-5	1.207970E+4	0.000000E+0	0.000000E+0
4.019157E+3	1.007710E-5	1.207970E+4	0.000000E+0	0.000000E+0
4.022155E+3	1.007740E-5	1.207950E+4	0.000000E+0	0.000000E+0
4.025165E+3	1.007680E-5	1.207930E+4	0.000000E+0	0.000000E+0
4.028158E+3	1.007730E-5	1.207910E+4	0.000000E+0	0.000000E+0
4.031157E+3	1.007750E-5	1.207890E+4	0.000000E+0	0.000000E+0
4.034154E+3	1.007710E-5	1.207870E+4	0.000000E+0	0.000000E+0
4.037155E+3	1.007720E-5	1.207860E+4	0.000000E+0	0.000000E+0
4.040157E+3	1.007720E-5	1.207860E+4	0.000000E+0	0.000000E+0
4.043157E+3	1.007700E-5	1.207830E+4	0.000000E+0	0.000000E+0
4.046155E+3	1.007680E-5	1.207820E+4	0.000000E+0	0.000000E+0
4.049161E+3	1.007710E-5	1.207800E+4	0.000000E+0	0.000000E+0
4.052161E+3	1.007740E-5	1.207780E+4	0.000000E+0	0.000000E+0
4.055161E+3	1.007730E-5	1.207780E+4	0.000000E+0	0.000000E+0
4.058163E+3	1.007800E-5	1.207770E+4	0.000000E+0	0.000000E+0
4.061156E+3	1.007740E-5	1.207740E+4	0.000000E+0	0.000000E+0
4.064156E+3	1.007700E-5	1.207730E+4	0.000000E+0	0.000000E+0
4.067156E+3	1.007690E-5	1.207710E+4	0.000000E+0	0.000000E+0
4.070156E+3	1.007730E-5	1.207700E+4	0.000000E+0	0.000000E+0
4.073154E+3	1.007730E-5	1.207680E+4	0.000000E+0	0.000000E+0
4.076162E+3	1.007720E-5	1.207660E+4	0.000000E+0	0.000000E+0
4.079158E+3	1.007750E-5	1.207660E+4	0.000000E+0	0.000000E+0
4.082157E+3	1.007760E-5	1.207650E+4	0.000000E+0	0.000000E+0
4.085156E+3	1.007740E-5	1.207630E+4	0.000000E+0	0.000000E+0
4.088156E+3	1.007840E-5	1.207610E+4	0.000000E+0	0.000000E+0
4.091154E+3	1.007780E-5	1.207590E+4	0.000000E+0	0.000000E+0
4.094165E+3	1.007780E-5	1.207580E+4	0.000000E+0	0.000000E+0
4.097157E+3	1.007800E-5	1.207570E+4	0.000000E+0	0.000000E+0
4.100153E+3	1.007850E-5	1.207540E+4	0.000000E+0	0.000000E+0
4.103157E+3	1.007820E-5	1.207530E+4	0.000000E+0	0.000000E+0
4.106148E+3	1.007790E-5	1.207510E+4	0.000000E+0	0.000000E+0
4.109148E+3	1.007870E-5	1.207500E+4	0.000000E+0	0.000000E+0
4.112145E+3	1.007820E-5	1.207490E+4	0.000000E+0	0.000000E+0
4.115158E+3	1.007810E-5	1.207460E+4	0.000000E+0	0.000000E+0
4.118162E+3	1.007780E-5	1.207450E+4	0.000000E+0	0.000000E+0
4.121162E+3	1.007810E-5	1.207440E+4	0.000000E+0	0.000000E+0
4.124160E+3	1.007780E-5	1.207420E+4	0.000000E+0	0.000000E+0
4.127157E+3	1.007850E-5	1.207410E+4	0.000000E+0	0.000000E+0
4.130161E+3	1.007830E-5	1.207390E+4	0.000000E+0	0.000000E+0
4.133161E+3	1.007820E-5	1.207380E+4	0.000000E+0	0.000000E+0
4.136156E+3	1.007860E-5	1.207370E+4	0.000000E+0	0.000000E+0
4.139156E+3	1.007840E-5	1.207350E+4	0.000000E+0	0.000000E+0
4.142153E+3	1.007830E-5	1.207330E+4	0.000000E+0	0.000000E+0
4.145155E+3	1.007860E-5	1.207330E+4	0.000000E+0	0.000000E+0
4.148151E+3	1.007830E-5	1.207320E+4	0.000000E+0	0.000000E+0
4.151151E+3	1.007820E-5	1.207310E+4	0.000000E+0	0.000000E+0
4.154154E+3	1.007790E-5	1.207300E+4	0.000000E+0	0.000000E+0
4.157156E+3	1.007790E-5	1.207280E+4	0.000000E+0	0.000000E+0
4.160149E+3	1.007850E-5	1.207270E+4	0.000000E+0	0.000000E+0
4.163156E+3	1.007850E-5	1.207260E+4	0.000000E+0	0.000000E+0
4.166156E+3	1.007880E-5	1.207250E+4	0.000000E+0	0.000000E+0
4.169159E+3	1.007870E-5	1.207230E+4	0.000000E+0	0.000000E+0
4.172157E+3	1.007880E-5	1.207220E+4	0.000000E+0	0.000000E+0
4.175161E+3	1.007880E-5	1.207210E+4	0.000000E+0	0.000000E+0
4.178153E+3	1.007850E-5	1.207190E+4	0.000000E+0	0.000000E+0
4.181157E+3	1.007850E-5	1.207170E+4	0.000000E+0	0.000000E+0
4.184152E+3	1.007840E-5	1.207160E+4	0.000000E+0	0.000000E+0
4.187154E+3	1.007860E-5	1.207150E+4	0.000000E+0	0.000000E+0
4.190159E+3	1.007810E-5	1.207140E+4	0.000000E+0	0.000000E+0
4.193157E+3	1.007860E-5	1.207130E+4	0.000000E+0	0.000000E+0
4.196151E+3	1.007870E-5	1.207110E+4	0.000000E+0	0.000000E+0
4.199147E+3	1.007820E-5	1.207110E+4	0.000000E+0	0.000000E+0
4.202140E+3	1.007910E-5	1.207090E+4	0.000000E+0	0.000000E+0
4.205157E+3	1.007880E-5	1.207060E+4	0.000000E+0	0.000000E+0
4.208157E+3	1.007920E-5	1.207040E+4	0.000000E+0	0.000000E+0
4.211152E+3	1.007880E-5	1.207030E+4	0.000000E+0	0.000000E+0
4.214151E+3	1.007860E-5	1.207020E+4	0.000000E+0	0.000000E+0
4.217155E+3	1.007820E-5	1.206980E+4	0.000000E+0	0.000000E+0
4.220153E+3	1.007860E-5	1.206980E+4	0.000000E+0	0.000000E+0
4.223157E+3	1.007870E-5	1.206950E+4	0.000000E+0	0.000000E+0
4.226155E+3	1.007860E-5	1.206940E+4	0.000000E+0	0.000000E+0
4.229155E+3	1.007940E-5	1.206940E+4	0.000000E+0	0.000000E+0
4.232153E+3	1.007910E-5	1.206910E+4	0.000000E+0	0.000000E+0
4.235153E+3	1.007940E-5	1.206900E+4	0.000000E+0	0.000000E+0
4.238152E+3	1.007940E-5	1.206880E+4	0.000000E+0	0.000000E+0
4.241153E+3	1.007930E-5	1.206870E+4	0.000000E+0	0.000000E+0
4.244156E+3	1.007990E-5	1.206860E+4	0.000000E+0	0.000000E+0
4.247158E+3	1.007940E-5	1.206840E+4	0.000000E+0	0.000000E+0
4.250153E+3	1.007950E-5	1.206840E+4	0.000000E+0	0.000000E+0
4.253156E+3	1.007910E-5	1.206810E+4	0.000000E+0	0.000000E+0
4.256156E+3	1.007950E-5	1.206810E+4	0.000000E+0	0.000000E+0
4.259156E+3	1.007920E-5	1.206790E+4	0.000000E+0	0.000000E+0
4.262156E+3	1.007900E-5	1.206770E+4	0.000000E+0	0.000000E+0
4.265156E+3	1.007960E-5	1.206760E+4	0.000000E+0	0.000000E+0
4.268154E+3	1.007980E-5	1.206740E+4	0.000000E+0	0.000000E+0
4.271157E+3	1.007960E-5	1.206720E+4	0.000000E+0	0.000000E+0
4.274155E+3	1.007920E-5	1.206720E+4	0.000000E+0	0.000000E+0
4.277162E+3	1.007890E-5	1.206710E+4	0.000000E+0	0.000000E+0
4.280151E+3	1.007960E-5	1.206690E+4	0.000000E+0	0.000000E+0
4.283152E+3	1.007980E-5	1.206680E+4	0.000000E+0	0.000000E+0
4.286160E+3	1.007930E-5	1.206660E+4	0.000000E+0	0.000000E+0
4.289151E+3	1.007990E-5	1.206640E+4	0.000000E+0	0.000000E+0
4.292153E+3	1.007970E-5	1.206640E+4	0.000000E+0	0.000000E+0
4.295154E+3	1.007990E-5	1.206610E+4	0.000000E+0	0.000000E+0
4.298161E+3	1.007980E-5	1.206590E+4	0.000000E+0	0.000000E+0
4.301157E+3	1.007960E-5	1.206580E+4	0.000000E+0	0.000000E+0
4.304149E+3	1.008000E-5	1.206560E+4	0.000000E+0	0.000000E+0
4.307150E+3	1.007990E-5	1.206550E+4	0.000000E+0	0.000000E+0
4.310143E+3	1.008000E-5	1.206550E+4	0.000000E+0	0.000000E+0
4.313156E+3	1.007980E-5	1.206530E+4	0.000000E+0	0.000000E+0
4.316153E+3	1.007990E-5	1.206510E+4	0.000000E+0	0.000000E+0
4.319153E+3	1.008000E-5	1.206500E+4	0.000000E+0	0.000000E+0
4.322153E+3	1.007950E-5	1.206490E+4	0.000000E+0	0.000000E+0
4.325152E+3	1.008020E-5	1.206480E+4	0.000000E+0	0.000000E+0
4.328153E+3	1.007990E-5	1.206470E+4	0.000000E+0	0.000000E+0
4.331153E+3	1.007950E-5	1.206460E+4	0.000000E+0	0.000000E+0
4.334156E+3	1.008020E-5	1.206430E+4	0.000000E+0	0.000000E+0
4.337153E+3	1.008010E-5	1.206410E+4	0.000000E+0	0.000000E+0
4.340153E+3	1.008000E-5	1.206400E+4	0.000000E+0	0.000000E+0
4.343154E+3	1.007970E-5	1.206390E+4	0.000000E+0	0.000000E+0
4.346157E+3	1.007960E-5	1.206370E+4	0.000000E+0	0.000000E+0
4.349154E+3	1.008000E-5	1.206370E+4	0.000000E+0	0.000000E+0
4.352157E+3	1.007970E-5	1.206350E+4	0.000000E+0	0.000000E+0
4.355154E+3	1.008020E-5	1.206340E+4	0.000000E+0	0.000000E+0
4.358153E+3	1.008050E-5	1.206330E+4	0.000000E+0	0.000000E+0
4.361152E+3	1.008030E-5	1.206310E+4	0.000000E+0	0.000000E+0
4.364151E+3	1.008080E-5	1.206270E+4	0.000000E+0	0.000000E+0
4.367155E+3	1.008020E-5	1.206270E+4	0.000000E+0	0.000000E+0
4.370151E+3	1.008000E-5	1.206240E+4	0.000000E+0	0.000000E+0
4.373152E+3	1.008000E-5	1.206220E+4	0.000000E+0	0.000000E+0
4.376153E+3	1.008040E-5	1.206210E+4	0.000000E+0	0.000000E+0
4.379153E+3	1.008060E-5	1.206200E+4	0.000000E+0	0.000000E+0
4.382153E+3	1.008050E-5	1.206190E+4	0.000000E+0	0.000000E+0
4.385151E+3	1.008060E-5	1.206190E+4	0.000000E+0	0.000000E+0
4.388155E+3	1.008020E-5	1.206170E+4	0.000000E+0	0.000000E+0
4.391153E+3	1.008060E-5	1.206160E+4	0.000000E+0	0.000000E+0
4.394155E+3	1.008050E-5	1.206140E+4	0.000000E+0	0.000000E+0
4.397155E+3	1.008040E-5	1.206130E+4	0.000000E+0	0.000000E+0
4.400166E+3	1.008050E-5	1.206120E+4	0.000000E+0	0.000000E+0
4.403153E+3	1.008010E-5	1.206100E+4	0.000000E+0	0.000000E+0
4.406152E+3	1.008040E-5	1.206080E+4	0.000000E+0	0.000000E+0
4.409152E+3	1.008030E-5	1.206070E+4	0.000000E+0	0.000000E+0
4.412149E+3	1.008090E-5	1.206070E+4	0.000000E+0	0.000000E+0
4.415146E+3	1.008050E-5	1.206050E+4	0.000000E+0	0.000000E+0
4.418142E+3	1.008070E-5	1.206040E+4	0.000000E+0	0.000000E+0
4.421157E+3	1.008020E-5	1.206020E+4	0.000000E+0	0.000000E+0
4.424161E+3	1.008060E-5	1.206000E+4	0.000000E+0	0.000000E+0
4.427153E+3	1.008070E-5	1.206000E+4	0.000000E+0	0.000000E+0
4.430153E+3	1.008110E-5	1.205980E+4	0.000000E+0	0.000000E+0
4.433152E+3	1.008020E-5	1.205970E+4	0.000000E+0	0.000000E+0
4.436149E+3	1.008080E-5	1.205960E+4	0.000000E+0	0.000000E+0
4.439157E+3	1.008070E-5	1.205950E+4	0.000000E+0	0.000000E+0
4.442155E+3	1.008070E-5	1.205940E+4	0.000000E+0	0.000000E+0
4.445152E+3	1.008080E-5	1.205910E+4	0.000000E+0	0.000000E+0
4.448155E+3	1.008010E-5	1.205910E+4	0.000000E+0	0.000000E+0
4.451153E+3	1.008080E-5	1.205890E+4	0.000000E+0	0.000000E+0
4.454154E+3	1.008090E-5	1.205880E+4	0.000000E+0	0.000000E+0
4.457155E+3	1.008080E-5	1.205870E+4	0.000000E+0	0.000000E+0
4.460162E+3	1.008080E-5	1.205850E+4	0.000000E+0	0.000000E+0
4.463153E+3	1.008060E-5	1.205850E+4	0.000000E+0	0.000000E+0
4.466155E+3	1.008110E-5	1.205830E+4	0.000000E+0	0.000000E+0
4.469151E+3	1.008070E-5	1.205810E+4	0.000000E+0	0.000000E+0
4.472151E+3	1.008070E-5	1.205800E+4	0.000000E+0	0.000000E+0
4.475151E+3	1.008090E-5	1.205790E+4	0.000000E+0	0.000000E+0
4.478153E+3	1.008080E-5	1.205780E+4	0.000000E+0	0.000000E+0
4.481153E+3	1.008090E-5	1.205760E+4	0.000000E+0	0.000000E+0
4.484149E+3	1.008130E-5	1.205750E+4	0.000000E+0	0.000000E+0
4.487153E+3	1.008090E-5	1.205740E+4	0.000000E+0	0.000000E+0
4.490159E+3	1.008130E-5	1.205720E+4	0.000000E+0	0.000000E+0
4.493161E+3	1.008130E-5	1.205710E+4	0.000000E+0	0.000000E+0
4.496163E+3	1.008120E-5	1.205690E+4	0.000000E+0	0.000000E+0
4.499155E+3	1.008190E-5	1.205680E+4	0.000000E+0	0.000000E+0
4.502153E+3	1.008100E-5	1.205680E+4	0.000000E+0	0.000000E+0
4.505164E+3	1.008050E-5	1.205670E+4	0.000000E+0	0.000000E+0
4.508154E+3	1.008100E-5	1.205650E+4	0.000000E+0	0.000000E+0
4.511154E+3	1.008090E-5	1.205640E+4	0.000000E+0	0.000000E+0
4.514153E+3	1.008070E-5	1.205630E+4	0.000000E+0	0.000000E+0
4.517152E+3	1.008090E-5	1.205610E+4	0.000000E+0	0.000000E+0
4.520147E+3	1.008090E-5	1.205600E+4	0.000000E+0	0.000000E+0
4.523144E+3	1.008120E-5	1.205590E+4	0.000000E+0	0.000000E+0
4.526136E+3	1.008110E-5	1.205570E+4	0.000000E+0	0.000000E+0
4.529149E+3	1.008120E-5	1.205550E+4	0.000000E+0	0.000000E+0
4.532148E+3	1.008110E-5	1.205550E+4	0.000000E+0	0.000000E+0
4.535152E+3	1.008150E-5	1.205530E+4	0.000000E+0	0.000000E+0
4.538162E+3	1.008160E-5	1.205510E+4	0.000000E+0	0.000000E+0
4.541155E+3	1.008100E-5	1.205500E+4	0.000000E+0	0.000000E+0
4.544162E+3	1.008110E-5	1.205490E+4	0.000000E+0	0.000000E+0
4.547153E+3	1.008110E-5	1.205480E+4	0.000000E+0	0.000000E+0
4.550146E+3	1.008120E-5	1.205480E+4	0.000000E+0	0.000000E+0
4.553148E+3	1.008160E-5	1.205460E+4	0.000000E+0	0.000000E+0
4.556143E+3	1.008120E-5	1.205450E+4	0.000000E+0	0.000000E+0
4.559155E+3	1.008150E-5	1.205440E+4	0.000000E+0	0.000000E+0
4.562156E+3	1.008180E-5	1.205430E+4	0.000000E+0	0.000000E+0
4.565153E+3	1.008150E-5	1.205410E+4	0.000000E+0	0.000000E+0
4.568149E+3	1.008140E-5	1.205390E+4	0.000000E+0	0.000000E+0
4.571151E+3	1.008150E-5	1.205380E+4	0.000000E+0	0.000000E+0
4.574155E+3	1.008200E-5	1.205360E+4	0.000000E+0	0.000000E+0
4.577161E+3	1.008180E-5	1.205350E+4	0.000000E+0	0.000000E+0
4.580163E+3	1.008130E-5	1.205350E+4	0.000000E+0	0.000000E+0
4.583156E+3	1.008140E-5	1.205330E+4	0.000000E+0	0.000000E+0
4.586152E+3	1.008150E-5	1.205320E+4	0.000000E+0	0.000000E+0
4.589154E+3	1.008150E-5	1.205300E+4	0.000000E+0	0.000000E+0
4.592154E+3	1.008140E-5	1.205300E+4	0.000000E+0	0.000000E+0
4.595156E+3	1.008140E-5	1.205280E+4	0.000000E+0	0.000000E+0
4.598156E+3	1.008130E-5	1.205270E+4	0.000000E+0	0.000000E+0
4.601157E+3	1.008140E-5	1.205250E+4	0.000000E+0	0.000000E+0
4.604156E+3	1.008180E-5	1.205240E+4	0.000000E+0	0.000000E+0
4.607157E+3	1.008220E-5	1.205230E+4	0.000000E+0	0.000000E+0
4.610155E+3	1.008220E-5	1.205220E+4	0.000000E+0	0.000000E+0
4.613157E+3	1.008210E-5	1.205210E+4	0.000000E+0	0.000000E+0
4.616152E+3	1.008240E-5	1.205210E+4	0.000000E+0	0.000000E+0
4.619154E+3	1.008200E-5	1.205190E+4	0.000000E+0	0.000000E+0
4.622154E+3	1.008200E-5	1.205180E+4	0.000000E+0	0.000000E+0
4.625153E+3	1.008160E-5	1.205170E+4	0.000000E+0	0.000000E+0
4.628153E+3	1.008220E-5	1.205170E+4	0.000000E+0	0.000000E+0
4.631151E+3	1.008190E-5	1.205160E+4	0.000000E+0	0.000000E+0
4.634153E+3	1.008170E-5	1.205160E+4	0.000000E+0	0.000000E+0
4.637158E+3	1.008230E-5	1.205150E+4	0.000000E+0	0.000000E+0
4.640165E+3	1.008260E-5	1.205160E+4	0.000000E+0	0.000000E+0
4.643157E+3	1.008220E-5	1.205150E+4	0.000000E+0	0.000000E+0
4.646155E+3	1.008240E-5	1.205150E+4	0.000000E+0	0.000000E+0
4.649155E+3	1.008220E-5	1.205120E+4	0.000000E+0	0.000000E+0
4.652153E+3	1.008230E-5	1.205120E+4	0.000000E+0	0.000000E+0
4.655153E+3	1.008220E-5	1.205100E+4	0.000000E+0	0.000000E+0
4.658148E+3	1.008170E-5	1.205090E+4	0.000000E+0	0.000000E+0
4.661153E+3	1.008100E-5	1.205080E+4	0.000000E+0	0.000000E+0
4.664149E+3	1.008140E-5	1.205040E+4	0.000000E+0	0.000000E+0
4.667151E+3	1.008190E-5	1.205040E+4	0.000000E+0	0.000000E+0
4.670152E+3	1.008220E-5	1.205030E+4	0.000000E+0	0.000000E+0
4.673149E+3	1.008240E-5	1.205010E+4	0.000000E+0	0.000000E+0
4.676149E+3	1.008200E-5	1.205000E+4	0.000000E+0	0.000000E+0
4.679144E+3	1.008200E-5	1.204980E+4	0.000000E+0	0.000000E+0
4.682141E+3	1.008250E-5	1.204960E+4	0.000000E+0	0.000000E+0
4.685147E+3	1.008170E-5	1.204950E+4	0.000000E+0	0.000000E+0
4.688147E+3	1.008230E-5	1.204940E+4	0.000000E+0	0.000000E+0
4.691149E+3	1.008200E-5	1.204920E+4	0.000000E+0	0.000000E+0
4.694159E+3	1.008220E-5	1.204910E+4	0.000000E+0	0.000000E+0
4.697149E+3	1.008250E-5	1.204900E+4	0.000000E+0	0.000000E+0
4.700145E+3	1.008190E-5	1.204890E+4	0.000000E+0	0.000000E+0
4.703140E+3	1.008210E-5	1.204870E+4	0.000000E+0	0.000000E+0
4.706143E+3	1.008230E-5	1.204860E+4	0.000000E+0	0.000000E+0
4.709161E+3	1.008230E-5	1.204840E+4	0.000000E+0	0.000000E+0
4.712162E+3	1.008220E-5	1.204830E+4	0.000000E+0	0.000000E+0
4.715160E+3	1.008240E-5	1.204820E+4	0.000000E+0	0.000000E+0
4.718153E+3	1.008240E-5	1.204800E+4	0.000000E+0	0.000000E+0
4.721154E+3	1.008260E-5	1.204790E+4	0.000000E+0	0.000000E+0
4.724151E+3	1.008240E-5	1.204780E+4	0.000000E+0	0.000000E+0
4.727152E+3	1.008220E-5	1.204770E+4	0.000000E+0	0.000000E+0
4.730156E+3	1.008280E-5	1.204760E+4	0.000000E+0	0.000000E+0
4.733153E+3	1.008250E-5	1.204750E+4	0.000000E+0	0.000000E+0
4.736159E+3	1.008260E-5	1.204730E+4	0.000000E+0	0.000000E+0
4.739158E+3	1.008300E-5	1.204700E+4	0.000000E+0	0.000000E+0
4.742159E+3	1.008290E-5	1.204700E+4	0.000000E+0	0.000000E+0
4.745156E+3	1.008320E-5	1.204690E+4	0.000000E+0	0.000000E+0
4.748156E+3	1.008260E-5	1.204670E+4	0.000000E+0	0.000000E+0
4.751153E+3	1.008240E-5	1.204660E+4	0.000000E+0	0.000000E+0
4.754156E+3	1.008290E-5	1.204630E+4	0.000000E+0	0.000000E+0
4.757153E+3	1.008250E-5	1.204620E+4	0.000000E+0	0.000000E+0
4.760157E+3	1.008300E-5	1.204590E+4	0.000000E+0	0.000000E+0
4.763159E+3	1.008220E-5	1.204580E+4	0.000000E+0	0.000000E+0
4.766153E+3	1.008260E-5	1.204570E+4	0.000000E+0	0.000000E+0
4.769153E+3	1.008300E-5	1.204550E+4	0.000000E+0	0.000000E+0
4.772165E+3	1.008280E-5	1.204540E+4	0.000000E+0	0.000000E+0
4.775152E+3	1.008250E-5	1.204520E+4	0.000000E+0	0.000000E+0
4.778173E+3	1.008290E-5	1.204510E+4	0.000000E+0	0.000000E+0
4.781156E+3	1.008260E-5	1.204490E+4	0.000000E+0	0.000000E+0
4.784153E+3	1.008220E-5	1.204490E+4	0.000000E+0	0.000000E+0
4.787152E+3	1.008230E-5	1.204460E+4	0.000000E+0	0.000000E+0
4.790155E+3	1.008280E-5	1.204450E+4	0.000000E+0	0.000000E+0
4.793154E+3	1.008270E-5	1.204430E+4	0.000000E+0	0.000000E+0
4.796157E+3	1.008300E-5	1.204430E+4	0.000000E+0	0.000000E+0
4.799155E+3	1.008250E-5	1.204430E+4	0.000000E+0	0.000000E+0
4.802155E+3	1.008310E-5	1.204400E+4	0.000000E+0	0.000000E+0
4.805153E+3	1.008320E-5	1.204390E+4	0.000000E+0	0.000000E+0
4.808153E+3	1.008280E-5	1.204370E+4	0.000000E+0	0.000000E+0
4.811153E+3	1.008310E-5	1.204360E+4	0.000000E+0	0.000000E+0
4.814155E+3	1.008270E-5	1.204350E+4	0.000000E+0	0.000000E+0
4.817153E+3	1.008280E-5	1.204330E+4	0.000000E+0	0.000000E+0
4.820155E+3	1.008310E-5	1.204310E+4	0.000000E+0	0.000000E+0
4.823153E+3	1.008290E-5	1.204300E+4	0.000000E+0	0.000000E+0
4.826153E+3	1.008320E-5	1.204290E+4	0.000000E+0	0.000000E+0
4.829151E+3	1.008300E-5	1.204270E+4	0.000000E+0	0.000000E+0
4.832153E+3	1.008330E-5	1.204260E+4	0.000000E+0	0.000000E+0
4.835152E+3	1.008300E-5	1.204250E+4	0.000000E+0	0.000000E+0
4.838152E+3	1.008370E-5	1.204230E+4	0.000000E+0	0.000000E+0
4.841152E+3	1.008350E-5	1.204210E+4	0.000000E+0	0.000000E+0
4.844154E+3	1.008400E-5	1.204200E+4	0.000000E+0	0.000000E+0
4.847149E+3	1.008320E-5	1.204180E+4	0.000000E+0	0.000000E+0
4.850147E+3	1.008290E-5	1.204180E+4	0.000000E+0	0.000000E+0
4.853144E+3	1.008290E-5	1.204180E+4	0.000000E+0	0.000000E+0
4.856162E+3	1.008430E-5	1.204160E+4	0.000000E+0	0.000000E+0
4.859156E+3	1.008370E-5	1.204140E+4	0.000000E+0	0.000000E+0
4.862152E+3	1.008340E-5	1.204130E+4	0.000000E+0	0.000000E+0
4.865154E+3	1.008400E-5	1.204120E+4	0.000000E+0	0.000000E+0
4.868152E+3	1.008390E-5	1.204110E+4	0.000000E+0	0.000000E+0
4.871146E+3	1.008380E-5	1.204100E+4	0.000000E+0	0.000000E+0
4.874165E+3	1.008410E-5	1.204090E+4	0.000000E+0	0.000000E+0
4.877159E+3	1.008410E-5	1.204070E+4	0.000000E+0	0.000000E+0
4.880154E+3	1.008400E-5	1.204060E+4	0.000000E+0	0.000000E+0
4.883153E+3	1.008330E-5	1.204050E+4	0.000000E+0	0.000000E+0
4.886153E+3	1.008290E-5	1.204030E+4	0.000000E+0	0.000000E+0
4.889153E+3	1.008340E-5	1.204030E+4	0.000000E+0	0.000000E+0
4.892153E+3	1.008350E-5	1.204000E+4	0.000000E+0	0.000000E+0
4.895155E+3	1.008390E-5	1.203990E+4	0.000000E+0	0.000000E+0
4.898163E+3	1.008400E-5	1.203980E+4	0.000000E+0	0.000000E+0
4.901155E+3	1.008400E-5	1.203960E+4	0.000000E+0	0.000000E+0
4.904156E+3	1.008430E-5	1.203950E+4	0.000000E+0	0.000000E+0
4.907153E+3	1.008370E-5	1.203940E+4	0.000000E+0	0.000000E+0
4.910156E+3	1.008370E-5	1.203940E+4	0.000000E+0	0.000000E+0
4.913156E+3	1.008450E-5	1.203920E+4	0.000000E+0	0.000000E+0
4.916153E+3	1.008400E-5	1.203910E+4	0.000000E+0	0.000000E+0
4.919155E+3	1.008370E-5	1.203900E+4	0.000000E+0	0.000000E+0
4.922152E+3	1.008430E-5	1.203900E+4	0.000000E+0	0.000000E+0
4.925156E+3	1.008430E-5	1.203890E+4	0.000000E+0	0.000000E+0
4.928163E+3	1.008450E-5	1.203880E+4	0.000000E+0	0.000000E+0
4.931162E+3	1.008430E-5	1.203870E+4	0.000000E+0	0.000000E+0
4.934156E+3	1.008420E-5	1.203860E+4	0.000000E+0	0.000000E+0
4.937153E+3	1.008480E-5	1.203850E+4	0.000000E+0	0.000000E+0
4.940153E+3	1.008450E-5	1.203840E+4	0.000000E+0	0.000000E+0
4.943162E+3	1.008480E-5	1.203830E+4	0.000000E+0	0.000000E+0
4.946150E+3	1.008500E-5	1.203810E+4	0.000000E+0	0.000000E+0
4.949160E+3	1.008450E-5	1.203810E+4	0.000000E+0	0.000000E+0
4.952162E+3	1.008480E-5	1.203780E+4	0.000000E+0	0.000000E+0
4.955149E+3	1.008430E-5	1.203790E+4	0.000000E+0	0.000000E+0
4.958145E+3	1.008390E-5	1.203770E+4	0.000000E+0	0.000000E+0
4.961142E+3	1.008370E-5	1.203760E+4	0.000000E+0	0.000000E+0
4.964140E+3	1.008420E-5	1.203740E+4	0.000000E+0	0.000000E+0
4.967155E+3	1.008350E-5	1.203740E+4	0.000000E+0	0.000000E+0
4.970159E+3	1.008390E-5	1.203720E+4	0.000000E+0	0.000000E+0
4.973153E+3	1.008460E-5	1.203710E+4	0.000000E+0	0.000000E+0
4.976158E+3	1.008450E-5	1.203700E+4	0.000000E+0	0.000000E+0
4.979155E+3	1.008450E-5	1.203680E+4	0.000000E+0	0.000000E+0
4.982153E+3	1.008490E-5	1.203680E+4	0.000000E+0	0.000000E+0
4.985155E+3	1.008450E-5	1.203670E+4	0.000000E+0	0.000000E+0
4.988153E+3	1.008450E-5	1.203650E+4	0.000000E+0	0.000000E+0
4.991149E+3	1.008500E-5	1.203650E+4	0.000000E+0	0.000000E+0
4.994149E+3	1.008460E-5	1.203630E+4	0.000000E+0	0.000000E+0
4.997154E+3	1.008450E-5	1.203620E+4	0.000000E+0	0.000000E+0
5.000159E+3	1.008440E-5	1.203600E+4	0.000000E+0	0.000000E+0
5.003156E+3	1.008490E-5	1.203600E+4	0.000000E+0	0.000000E+0
5.006154E+3	1.008500E-5	1.203580E+4	0.000000E+0	0.000000E+0
5.009159E+3	1.008480E-5	1.203570E+4	0.000000E+0	0.000000E+0
5.012152E+3	1.008500E-5	1.203550E+4	0.000000E+0	0.000000E+0
5.015153E+3	1.008500E-5	1.203550E+4	0.000000E+0	0.000000E+0
5.018164E+3	1.008540E-5	1.203540E+4	0.000000E+0	0.000000E+0
5.021166E+3	1.008530E-5	1.203520E+4	0.000000E+0	0.000000E+0
5.024156E+3	1.008520E-5	1.203510E+4	0.000000E+0	0.000000E+0
5.027165E+3	1.008520E-5	1.203500E+4	0.000000E+0	0.000000E+0
5.030167E+3	1.008510E-5	1.203480E+4	0.000000E+0	0.000000E+0
5.033157E+3	1.008500E-5	1.203450E+4	0.000000E+0	0.000000E+0
5.036155E+3	1.008510E-5	1.203440E+4	0.000000E+0	0.000000E+0
5.039157E+3	1.008520E-5	1.203420E+4	0.000000E+0	0.000000E+0
5.042155E+3	1.008560E-5	1.203410E+4	0.000000E+0	0.000000E+0
5.045152E+3	1.008540E-5	1.203400E+4	0.000000E+0	0.000000E+0
5.048154E+3	1.008560E-5	1.203390E+4	0.000000E+0	0.000000E+0
5.051153E+3	1.008580E-5	1.203390E+4	0.000000E+0	0.000000E+0
5.054154E+3	1.008550E-5	1.203380E+4	0.000000E+0	0.000000E+0
5.057152E+3	1.008510E-5	1.203370E+4	0.000000E+0	0.000000E+0
5.060153E+3	1.008520E-5	1.203370E+4	0.000000E+0	0.000000E+0
5.063158E+3	1.008550E-5	1.203340E+4	0.000000E+0	0.000000E+0
5.066160E+3	1.008500E-5	1.203320E+4	0.000000E+0	0.000000E+0
5.069158E+3	1.008550E-5	1.203320E+4	0.000000E+0	0.000000E+0
5.072162E+3	1.008530E-5	1.203300E+4	0.000000E+0	0.000000E+0
5.075162E+3	1.008560E-5	1.203290E+4	0.000000E+0	0.000000E+0
5.078149E+3	1.008500E-5	1.203280E+4	0.000000E+0	0.000000E+0
5.081151E+3	1.008540E-5	1.203270E+4	0.000000E+0	0.000000E+0
5.084153E+3	1.008530E-5	1.203270E+4	0.000000E+0	0.000000E+0
5.087149E+3	1.008560E-5	1.203260E+4	0.000000E+0	0.000000E+0
5.090155E+3	1.008490E-5	1.203230E+4	0.000000E+0	0.000000E+0
5.093153E+3	1.008570E-5	1.203240E+4	0.000000E+0	0.000000E+0
5.096156E+3	1.008530E-5	1.203220E+4	0.000000E+0	0.000000E+0
5.099153E+3	1.008580E-5	1.203220E+4	0.000000E+0	0.000000E+0
5.102153E+3	1.008530E-5	1.203220E+4	0.000000E+0	0.000000E+0
5.105152E+3	1.008550E-5	1.203200E+4	0.000000E+0	0.000000E+0
5.108152E+3	1.008510E-5	1.203190E+4	0.000000E+0	0.000000E+0
5.111153E+3	1.008550E-5	1.203180E+4	0.000000E+0	0.000000E+0
5.114149E+3	1.008580E-5	1.203170E+4	0.000000E+0	0.000000E+0
5.117149E+3	1.008530E-5	1.203150E+4	0.000000E+0	0.000000E+0
5.120153E+3	1.008560E-5	1.203140E+4	0.000000E+0	0.000000E+0
5.123152E+3	1.008620E-5	1.203130E+4	0.000000E+0	0.000000E+0
5.126155E+3	1.008520E-5	1.203110E+4	0.000000E+0	0.000000E+0
5.129156E+3	1.008500E-5	1.203090E+4	0.000000E+0	0.000000E+0
5.132157E+3	1.008540E-5	1.203100E+4	0.000000E+0	0.000000E+0
5.135153E+3	1.008480E-5	1.203080E+4	0.000000E+0	0.000000E+0
5.138153E+3	1.008550E-5	1.203070E+4	0.000000E+0	0.000000E+0
5.141154E+3	1.008530E-5	1.203070E+4	0.000000E+0	0.000000E+0
5.144153E+3	1.008570E-5	1.203050E+4	0.000000E+0	0.000000E+0
5.147154E+3	1.008600E-5	1.203060E+4	0.000000E+0	0.000000E+0
5.150153E+3	1.008590E-5	1.203040E+4	0.000000E+0	0.000000E+0
5.153155E+3	1.008580E-5	1.203040E+4	0.000000E+0	0.000000E+0
5.156155E+3	1.008620E-5	1.203040E+4	0.000000E+0	0.000000E+0
5.159155E+3	1.008610E-5	1.203020E+4	0.000000E+0	0.000000E+0
5.162153E+3	1.008620E-5	1.203010E+4	0.000000E+0	0.000000E+0
5.165153E+3	1.008570E-5	1.203020E+4	0.000000E+0	0.000000E+0
5.168153E+3	1.008650E-5	1.203000E+4	0.000000E+0	0.000000E+0
5.171156E+3	1.008660E-5	1.202990E+4	0.000000E+0	0.000000E+0
5.174153E+3	1.008620E-5	1.202960E+4	0.000000E+0	0.000000E+0
5.177153E+3	1.008610E-5	1.202950E+4	0.000000E+0	0.000000E+0
5.180153E+3	1.008630E-5	1.202940E+4	0.000000E+0	0.000000E+0
5.183156E+3	1.008600E-5	1.202930E+4	0.000000E+0	0.000000E+0
5.186153E+3	1.008620E-5	1.202920E+4	0.000000E+0	0.000000E+0
5.189152E+3	1.008630E-5	1.202890E+4	0.000000E+0	0.000000E+0
5.192150E+3	1.008600E-5	1.202870E+4	0.000000E+0	0.000000E+0
5.195153E+3	1.008630E-5	1.202850E+4	0.000000E+0	0.000000E+0
5.198152E+3	1.008610E-5	1.202850E+4	0.000000E+0	0.000000E+0
5.201153E+3	1.008650E-5	1.202830E+4	0.000000E+0	0.000000E+0
5.204165E+3	1.008650E-5	1.202820E+4	0.000000E+0	0.000000E+0
5.207154E+3	1.008650E-5	1.202810E+4	0.000000E+0	0.000000E+0
5.210155E+3	1.008680E-5	1.202790E+4	0.000000E+0	0.000000E+0
5.213156E+3	1.008620E-5	1.202790E+4	0.000000E+0	0.000000E+0
5.216155E+3	1.008640E-5	1.202790E+4	0.000000E+0	0.000000E+0
5.219155E+3	1.008670E-5	1.202770E+4	0.000000E+0	0.000000E+0
5.222158E+3	1.008700E-5	1.202770E+4	0.000000E+0	0.000000E+0
5.225155E+3	1.008640E-5	1.202760E+4	0.000000E+0	0.000000E+0
5.228158E+3	1.008630E-5	1.202760E+4	0.000000E+0	0.000000E+0
5.231157E+3	1.008650E-5	1.202750E+4	0.000000E+0	0.000000E+0
5.234158E+3	1.008660E-5	1.202730E+4	0.000000E+0	0.000000E+0
5.237161E+3	1.008690E-5	1.202710E+4	0.000000E+0	0.000000E+0
5.240153E+3	1.008710E-5	1.202700E+4	0.000000E+0	0.000000E+0
5.243158E+3	1.008660E-5	1.202690E+4	0.000000E+0	0.000000E+0
5.246155E+3	1.008670E-5	1.202680E+4	0.000000E+0	0.000000E+0
5.249155E+3	1.008610E-5	1.202650E+4	0.000000E+0	0.000000E+0
5.252156E+3	1.008690E-5	1.202650E+4	0.000000E+0	0.000000E+0
5.255156E+3	1.008650E-5	1.202630E+4	0.000000E+0	0.000000E+0
5.258156E+3	1.008700E-5	1.202630E+4	0.000000E+0	0.000000E+0
5.261156E+3	1.008670E-5	1.202610E+4	0.000000E+0	0.000000E+0
5.264154E+3	1.008680E-5	1.202600E+4	0.000000E+0	0.000000E+0
5.267156E+3	1.008730E-5	1.202590E+4	0.000000E+0	0.000000E+0
5.270159E+3	1.008730E-5	1.202580E+4	0.000000E+0	0.000000E+0
5.273158E+3	1.008700E-5	1.202570E+4	0.000000E+0	0.000000E+0
5.276156E+3	1.008680E-5	1.202550E+4	0.000000E+0	0.000000E+0
5.279156E+3	1.008610E-5	1.202550E+4	0.000000E+0	0.000000E+0
5.282159E+3	1.008660E-5	1.202540E+4	0.000000E+0	0.000000E+0
5.285159E+3	1.008710E-5	1.202530E+4	0.000000E+0	0.000000E+0
5.288156E+3	1.008700E-5	1.202520E+4	0.000000E+0	0.000000E+0
5.291154E+3	1.008670E-5	1.202500E+4	0.000000E+0	0.000000E+0
5.294154E+3	1.008690E-5	1.202480E+4	0.000000E+0	0.000000E+0
5.297157E+3	1.008680E-5	1.202480E+4	0.000000E+0	0.000000E+0
5.300153E+3	1.008670E-5	1.202460E+4	0.000000E+0	0.000000E+0
5.303150E+3	1.008690E-5	1.202470E+4	0.000000E+0	0.000000E+0
5.306147E+3	1.008670E-5	1.202450E+4	0.000000E+0	0.000000E+0
5.309147E+3	1.008700E-5	1.202430E+4	0.000000E+0	0.000000E+0
5.312155E+3	1.008680E-5	1.202420E+4	0.000000E+0	0.000000E+0
5.315159E+3	1.008700E-5	1.202410E+4	0.000000E+0	0.000000E+0
5.318157E+3	1.008660E-5	1.202400E+4	0.000000E+0	0.000000E+0
5.321153E+3	1.008730E-5	1.202400E+4	0.000000E+0	0.000000E+0
5.324160E+3	1.008720E-5	1.202380E+4	0.000000E+0	0.000000E+0
5.327153E+3	1.008720E-5	1.202370E+4	0.000000E+0	0.000000E+0
5.330155E+3	1.008700E-5	1.202360E+4	0.000000E+0	0.000000E+0
5.333164E+3	1.008700E-5	1.202340E+4	0.000000E+0	0.000000E+0
5.336156E+3	1.008720E-5	1.202330E+4	0.000000E+0	0.000000E+0
5.339161E+3	1.008720E-5	1.202330E+4	0.000000E+0	0.000000E+0
5.342156E+3	1.008650E-5	1.202310E+4	0.000000E+0	0.000000E+0
5.345156E+3	1.008690E-5	1.202300E+4	0.000000E+0	0.000000E+0
5.348152E+3	1.008740E-5	1.202290E+4	0.000000E+0	0.000000E+0
5.351155E+3	1.008720E-5	1.202280E+4	0.000000E+0	0.000000E+0
5.354156E+3	1.008740E-5	1.202250E+4	0.000000E+0	0.000000E+0
5.357156E+3	1.008750E-5	1.202260E+4	0.000000E+0	0.000000E+0
5.360161E+3	1.008720E-5	1.202240E+4	0.000000E+0	0.000000E+0
5.363158E+3	1.008710E-5	1.202230E+4	0.000000E+0	0.000000E+0
5.366154E+3	1.008680E-5	1.202210E+4	0.000000E+0	0.000000E+0
5.369154E+3	1.008720E-5	1.202200E+4	0.000000E+0	0.000000E+0
5.372154E+3	1.008800E-5	1.202190E+4	0.000000E+0	0.000000E+0
5.375154E+3	1.008720E-5	1.202190E+4	0.000000E+0	0.000000E+0
5.378154E+3	1.008760E-5	1.202190E+4	0.000000E+0	0.000000E+0
5.381156E+3	1.008690E-5	1.202180E+4	0.000000E+0	0.000000E+0
5.384153E+3	1.008710E-5	1.202160E+4	0.000000E+0	0.000000E+0
5.387153E+3	1.008720E-5	1.202150E+4	0.000000E+0	0.000000E+0
5.390147E+3	1.008770E-5	1.202130E+4	0.000000E+0	0.000000E+0
5.393144E+3	1.008750E-5	1.202120E+4	0.000000E+0	0.000000E+0
5.396155E+3	1.008740E-5	1.202140E+4	0.000000E+0	0.000000E+0
5.399160E+3	1.008740E-5	1.202110E+4	0.000000E+0	0.000000E+0
5.402153E+3	1.008750E-5	1.202110E+4	0.000000E+0	0.000000E+0
5.405157E+3	1.008750E-5	1.202090E+4	0.000000E+0	0.000000E+0
5.408155E+3	1.008760E-5	1.202090E+4	0.000000E+0	0.000000E+0
5.411155E+3	1.008770E-5	1.202080E+4	0.000000E+0	0.000000E+0
5.414156E+3	1.008790E-5	1.202050E+4	0.000000E+0	0.000000E+0
5.417155E+3	1.008730E-5	1.202050E+4	0.000000E+0	0.000000E+0
5.420158E+3	1.008810E-5	1.202040E+4	0.000000E+0	0.000000E+0
5.423156E+3	1.008790E-5	1.202030E+4	0.000000E+0	0.000000E+0
5.426159E+3	1.008840E-5	1.202030E+4	0.000000E+0	0.000000E+0
5.429156E+3	1.008840E-5	1.202010E+4	0.000000E+0	0.000000E+0
5.432167E+3	1.008840E-5	1.202000E+4	0.000000E+0	0.000000E+0
5.435155E+3	1.008820E-5	1.201990E+4	0.000000E+0	0.000000E+0
5.438159E+3	1.008820E-5	1.201970E+4	0.000000E+0	0.000000E+0
5.441154E+3	1.008810E-5	1.201960E+4	0.000000E+0	0.000000E+0
5.444154E+3	1.008850E-5	1.201950E+4	0.000000E+0	0.000000E+0
5.447154E+3	1.008840E-5	1.201940E+4	0.000000E+0	0.000000E+0
5.450157E+3	1.008870E-5	1.201930E+4	0.000000E+0	0.000000E+0
5.453154E+3	1.008780E-5	1.201920E+4	0.000000E+0	0.000000E+0
5.456156E+3	1.008810E-5	1.201900E+4	0.000000E+0	0.000000E+0
5.459154E+3	1.008850E-5	1.201890E+4	0.000000E+0	0.000000E+0
5.462153E+3	1.008880E-5	1.201870E+4	0.000000E+0	0.000000E+0
5.465154E+3	1.008870E-5	1.201860E+4	0.000000E+0	0.000000E+0
5.468156E+3	1.008930E-5	1.201860E+4	0.000000E+0	0.000000E+0
5.471154E+3	1.008870E-5	1.201840E+4	0.000000E+0	0.000000E+0
5.474155E+3	1.008890E-5	1.201830E+4	0.000000E+0	0.000000E+0
5.477152E+3	1.008900E-5	1.201820E+4	0.000000E+0	0.000000E+0
5.480153E+3	1.008940E-5	1.201810E+4	0.000000E+0	0.000000E+0
5.483150E+3	1.008910E-5	1.201800E+4	0.000000E+0	0.000000E+0
5.486148E+3	1.008890E-5	1.201780E+4	0.000000E+0	0.000000E+0
5.489150E+3	1.008910E-5	1.201770E+4	0.000000E+0	0.000000E+0
5.492151E+3	1.008930E-5	1.201760E+4	0.000000E+0	0.000000E+0
5.495151E+3	1.008900E-5	1.201740E+4	0.000000E+0	0.000000E+0
5.498148E+3	1.008940E-5	1.201730E+4	0.000000E+0	0.000000E+0
5.501150E+3	1.008920E-5	1.201720E+4	0.000000E+0	0.000000E+0
5.504153E+3	1.008920E-5	1.201720E+4	0.000000E+0	0.000000E+0
5.507153E+3	1.008880E-5	1.201700E+4	0.000000E+0	0.000000E+0
5.510153E+3	1.008930E-5	1.201690E+4	0.000000E+0	0.000000E+0
5.513155E+3	1.008910E-5	1.201660E+4	0.000000E+0	0.000000E+0
5.516155E+3	1.008880E-5	1.201660E+4	0.000000E+0	0.000000E+0
5.519153E+3	1.008900E-5	1.201630E+4	0.000000E+0	0.000000E+0
5.522153E+3	1.008900E-5	1.201620E+4	0.000000E+0	0.000000E+0
5.525152E+3	1.008900E-5	1.201600E+4	0.000000E+0	0.000000E+0
5.528149E+3	1.008970E-5	1.201600E+4	0.000000E+0	0.000000E+0
5.531151E+3	1.008920E-5	1.201580E+4	0.000000E+0	0.000000E+0
5.534153E+3	1.008930E-5	1.201570E+4	0.000000E+0	0.000000E+0
5.537161E+3	1.008970E-5	1.201550E+4	0.000000E+0	0.000000E+0
5.540164E+3	1.008950E-5	1.201550E+4	0.000000E+0	0.000000E+0
5.543154E+3	1.008990E-5	1.201520E+4	0.000000E+0	0.000000E+0
5.546154E+3	1.008990E-5	1.201520E+4	0.000000E+0	0.000000E+0
5.549154E+3	1.008920E-5	1.201500E+4	0.000000E+0	0.000000E+0
5.552167E+3	1.008970E-5	1.201490E+4	0.000000E+0	0.000000E+0
5.555157E+3	1.008930E-5	1.201480E+4	0.000000E+0	0.000000E+0
5.558155E+3	1.008960E-5	1.201460E+4	0.000000E+0	0.000000E+0
5.561155E+3	1.009000E-5	1.201460E+4	0.000000E+0	0.000000E+0
5.564155E+3	1.009000E-5	1.201440E+4	0.000000E+0	0.000000E+0
5.567155E+3	1.008910E-5	1.201440E+4	0.000000E+0	0.000000E+0
5.570155E+3	1.008950E-5	1.201430E+4	0.000000E+0	0.000000E+0
5.573154E+3	1.008980E-5	1.201410E+4	0.000000E+0	0.000000E+0
5.576157E+3	1.008970E-5	1.201400E+4	0.000000E+0	0.000000E+0
5.579154E+3	1.008950E-5	1.201390E+4	0.000000E+0	0.000000E+0
5.582160E+3	1.008950E-5	1.201380E+4	0.000000E+0	0.000000E+0
5.585157E+3	1.008940E-5	1.201370E+4	0.000000E+0	0.000000E+0
5.588156E+3	1.008980E-5	1.201370E+4	0.000000E+0	0.000000E+0
5.591156E+3	1.008940E-5	1.201350E+4	0.000000E+0	0.000000E+0
5.594155E+3	1.008990E-5	1.201340E+4	0.000000E+0	0.000000E+0
5.597155E+3	1.009010E-5	1.201320E+4	0.000000E+0	0.000000E+0
5.600158E+3	1.008980E-5	1.201310E+4	0.000000E+0	0.000000E+0
5.603156E+3	1.009080E-5	1.201280E+4	0.000000E+0	0.000000E+0
5.606158E+3	1.008990E-5	1.201270E+4	0.000000E+0	0.000000E+0
5.609153E+3	1.009000E-5	1.201270E+4	0.000000E+0	0.000000E+0
5.612154E+3	1.009030E-5	1.201260E+4	0.000000E+0	0.000000E+0
5.615154E+3	1.009020E-5	1.201260E+4	0.000000E+0	0.000000E+0
5.618156E+3	1.008960E-5	1.201240E+4	0.000000E+0	0.000000E+0
5.621156E+3	1.008970E-5	1.201230E+4	0.000000E+0	0.000000E+0
5.624159E+3	1.008980E-5	1.201220E+4	0.000000E+0	0.000000E+0
5.627156E+3	1.009000E-5	1.201210E+4	0.000000E+0	0.000000E+0
5.630150E+3	1.008990E-5	1.201200E+4	0.000000E+0	0.000000E+0
5.633150E+3	1.008970E-5	1.201200E+4	0.000000E+0	0.000000E+0
5.636145E+3	1.009020E-5	1.201180E+4	0.000000E+0	0.000000E+0
5.639145E+3	1.009030E-5	1.201170E+4	0.000000E+0	0.000000E+0
5.642160E+3	1.009000E-5	1.201160E+4	0.000000E+0	0.000000E+0
5.645159E+3	1.009030E-5	1.201150E+4	0.000000E+0	0.000000E+0
5.648155E+3	1.009000E-5	1.201130E+4	0.000000E+0	0.000000E+0
5.651157E+3	1.009020E-5	1.201120E+4	0.000000E+0	0.000000E+0
5.654155E+3	1.009020E-5	1.201100E+4	0.000000E+0	0.000000E+0
5.657157E+3	1.009050E-5	1.201090E+4	0.000000E+0	0.000000E+0
5.660158E+3	1.009010E-5	1.201100E+4	0.000000E+0	0.000000E+0
5.663165E+3	1.009020E-5	1.201080E+4	0.000000E+0	0.000000E+0
5.666157E+3	1.008990E-5	1.201080E+4	0.000000E+0	0.000000E+0
5.669163E+3	1.009040E-5	1.201070E+4	0.000000E+0	0.000000E+0
5.672158E+3	1.009030E-5	1.201050E+4	0.000000E+0	0.000000E+0
5.675165E+3	1.009050E-5	1.201040E+4	0.000000E+0	0.000000E+0
5.678156E+3	1.008980E-5	1.201020E+4	0.000000E+0	0.000000E+0
5.681161E+3	1.009070E-5	1.201020E+4	0.000000E+0	0.000000E+0
5.684158E+3	1.009060E-5	1.201000E+4	0.000000E+0	0.000000E+0
5.687161E+3	1.009030E-5	1.201000E+4	0.000000E+0	0.000000E+0
5.690158E+3	1.008980E-5	1.201000E+4	0.000000E+0	0.000000E+0
5.693161E+3	1.009020E-5	1.201010E+4	0.000000E+0	0.000000E+0
5.696159E+3	1.009000E-5	1.201000E+4	0.000000E+0	0.000000E+0
5.699159E+3	1.009090E-5	1.200980E+4	0.000000E+0	0.000000E+0
5.702158E+3	1.009070E-5	1.200980E+4	0.000000E+0	0.000000E+0
5.705159E+3	1.009010E-5	1.200970E+4	0.000000E+0	0.000000E+0
5.708157E+3	1.009020E-5	1.200970E+4	0.000000E+0	0.000000E+0
5.711156E+3	1.009010E-5	1.200950E+4	0.000000E+0	0.000000E+0
5.714165E+3	1.009090E-5	1.200930E+4	0.000000E+0	0.000000E+0
5.717156E+3	1.009050E-5	1.200930E+4	0.000000E+0	0.000000E+0
5.720160E+3	1.009030E-5	1.200900E+4	0.000000E+0	0.000000E+0
5.723160E+3	1.009050E-5	1.200880E+4	0.000000E+0	0.000000E+0
5.726160E+3	1.008990E-5	1.200880E+4	0.000000E+0	0.000000E+0
5.729160E+3	1.009080E-5	1.200870E+4	0.000000E+0	0.000000E+0
5.732160E+3	1.009020E-5	1.200870E+4	0.000000E+0	0.000000E+0
5.735167E+3	1.009080E-5	1.200860E+4	0.000000E+0	0.000000E+0
5.738155E+3	1.009050E-5	1.200840E+4	0.000000E+0	0.000000E+0
5.741155E+3	1.009020E-5	1.200840E+4	0.000000E+0	0.000000E+0
5.744155E+3	1.009040E-5	1.200830E+4	0.000000E+0	0.000000E+0
5.747158E+3	1.009040E-5	1.200820E+4	0.000000E+0	0.000000E+0
5.750158E+3	1.008980E-5	1.200810E+4	0.000000E+0	0.000000E+0
5.753158E+3	1.009010E-5	1.200800E+4	0.000000E+0	0.000000E+0
5.756160E+3	1.009050E-5	1.200790E+4	0.000000E+0	0.000000E+0
5.759158E+3	1.009030E-5	1.200780E+4	0.000000E+0	0.000000E+0
5.762158E+3	1.009010E-5	1.200760E+4	0.000000E+0	0.000000E+0
5.765156E+3	1.009070E-5	1.200740E+4	0.000000E+0	0.000000E+0
5.768158E+3	1.009110E-5	1.200720E+4	0.000000E+0	0.000000E+0
5.771156E+3	1.009070E-5	1.200710E+4	0.000000E+0	0.000000E+0
5.774163E+3	1.009010E-5	1.200700E+4	0.000000E+0	0.000000E+0
5.777156E+3	1.009020E-5	1.200690E+4	0.000000E+0	0.000000E+0
5.780161E+3	1.009100E-5	1.200670E+4	0.000000E+0	0.000000E+0
5.783153E+3	1.009110E-5	1.200660E+4	0.000000E+0	0.000000E+0
5.786154E+3	1.009060E-5	1.200650E+4	0.000000E+0	0.000000E+0
5.789158E+3	1.009070E-5	1.200640E+4	0.000000E+0	0.000000E+0
5.792159E+3	1.009070E-5	1.200630E+4	0.000000E+0	0.000000E+0
5.795157E+3	1.009150E-5	1.200610E+4	0.000000E+0	0.000000E+0
5.798152E+3	1.009160E-5	1.200600E+4	0.000000E+0	0.000000E+0
5.801152E+3	1.009140E-5	1.200590E+4	0.000000E+0	0.000000E+0
5.804149E+3	1.009110E-5	1.200580E+4	0.000000E+0	0.000000E+0
5.807159E+3	1.009060E-5	1.200560E+4	0.000000E+0	0.000000E+0
5.810165E+3	1.009170E-5	1.200560E+4	0.000000E+0	0.000000E+0
5.813154E+3	1.009160E-5	1.200560E+4	0.000000E+0	0.000000E+0
5.816157E+3	1.009130E-5	1.200540E+4	0.000000E+0	0.000000E+0
5.819159E+3	1.009140E-5	1.200520E+4	0.000000E+0	0.000000E+0
5.822157E+3	1.009100E-5	1.200520E+4	0.000000E+0	0.000000E+0
5.825157E+3	1.009140E-5	1.200500E+4	0.000000E+0	0.000000E+0
5.828154E+3	1.009100E-5	1.200490E+4	0.000000E+0	0.000000E+0
5.831158E+3	1.009080E-5	1.200480E+4	0.000000E+0	0.000000E+0
5.834155E+3	1.009130E-5	1.200460E+4	0.000000E+0	0.000000E+0
5.837157E+3	1.009040E-5	1.200460E+4	0.000000E+0	0.000000E+0
5.840151E+3	1.009100E-5	1.200440E+4	0.000000E+0	0.000000E+0
5.843158E+3	1.009120E-5	1.200430E+4	0.000000E+0	0.000000E+0
5.846155E+3	1.009080E-5	1.200420E+4	0.000000E+0	0.000000E+0
5.849155E+3	1.009110E-5	1.200410E+4	0.000000E+0	0.000000E+0
5.852160E+3	1.009080E-5	1.200410E+4	0.000000E+0	0.000000E+0
5.855155E+3	1.009080E-5	1.200400E+4	0.000000E+0	0.000000E+0
5.858156E+3	1.009100E-5	1.200390E+4	0.000000E+0	0.000000E+0
5.861161E+3	1.009090E-5	1.200370E+4	0.000000E+0	0.000000E+0
5.864158E+3	1.009140E-5	1.200360E+4	0.000000E+0	0.000000E+0
5.867158E+3	1.009120E-5	1.200340E+4	0.000000E+0	0.000000E+0
5.870153E+3	1.009070E-5	1.200340E+4	0.000000E+0	0.000000E+0
5.873153E+3	1.009080E-5	1.200330E+4	0.000000E+0	0.000000E+0
5.876154E+3	1.009010E-5	1.200310E+4	0.000000E+0	0.000000E+0
5.879151E+3	1.009070E-5	1.200310E+4	0.000000E+0	0.000000E+0
5.882157E+3	1.009090E-5	1.200300E+4	0.000000E+0	0.000000E+0
5.885153E+3	1.009100E-5	1.200290E+4	0.000000E+0	0.000000E+0
5.888153E+3	1.009110E-5	1.200260E+4	0.000000E+0	0.000000E+0
5.891156E+3	1.009120E-5	1.200250E+4	0.000000E+0	0.000000E+0
5.894154E+3	1.009140E-5	1.200220E+4	0.000000E+0	0.000000E+0
5.897156E+3	1.009120E-5	1.200210E+4	0.000000E+0	0.000000E+0
5.900155E+3	1.009100E-5	1.200200E+4	0.000000E+0	0.000000E+0
5.903154E+3	1.009080E-5	1.200190E+4	0.000000E+0	0.000000E+0
5.906152E+3	1.009090E-5	1.200170E+4	0.000000E+0	0.000000E+0
5.909155E+3	1.009140E-5	1.200160E+4	0.000000E+0	0.000000E+0
5.912155E+3	1.009120E-5	1.200150E+4	0.000000E+0	0.000000E+0
5.915155E+3	1.009190E-5	1.200130E+4	0.000000E+0	0.000000E+0
5.918157E+3	1.009160E-5	1.200120E+4	0.000000E+0	0.000000E+0
5.921157E+3	1.009120E-5	1.200100E+4	0.000000E+0	0.000000E+0
5.924155E+3	1.009140E-5	1.200080E+4	0.000000E+0	0.000000E+0
5.927153E+3	1.009120E-5	1.200070E+4	0.000000E+0	0.000000E+0
5.930156E+3	1.009150E-5	1.200060E+4	0.000000E+0	0.000000E+0
5.933155E+3	1.009150E-5	1.200050E+4	0.000000E+0	0.000000E+0
5.936156E+3	1.009150E-5	1.200060E+4	0.000000E+0	0.000000E+0
5.939160E+3	1.009170E-5	1.200050E+4	0.000000E+0	0.000000E+0
5.942155E+3	1.009190E-5	1.200040E+4	0.000000E+0	0.000000E+0
5.945156E+3	1.009160E-5	1.200030E+4	0.000000E+0	0.000000E+0
5.948153E+3	1.009170E-5	1.200030E+4	0.000000E+0	0.000000E+0
5.951156E+3	1.009220E-5	1.200030E+4	0.000000E+0	0.000000E+0
5.954154E+3	1.009240E-5	1.200030E+4	0.000000E+0	0.000000E+0
5.957158E+3	1.009210E-5	1.200010E+4	0.000000E+0	0.000000E+0
5.960156E+3	1.009130E-5	1.199990E+4	0.000000E+0	0.000000E+0
5.963153E+3	1.009210E-5	1.199980E+4	0.000000E+0	0.000000E+0
5.966154E+3	1.009190E-5	1.199960E+4	0.000000E+0	0.000000E+0
5.969161E+3	1.009190E-5	1.199950E+4	0.000000E+0	0.000000E+0
5.972153E+3	1.009170E-5	1.199950E+4	0.000000E+0	0.000000E+0
5.975154E+3	1.009140E-5	1.199930E+4	0.000000E+0	0.000000E+0
5.978167E+3	1.009140E-5	1.199940E+4	0.000000E+0	0.000000E+0
5.981154E+3	1.009170E-5	1.199920E+4	0.000000E+0	0.000000E+0
5.984156E+3	1.009140E-5	1.199910E+4	0.000000E+0	0.000000E+0
5.987153E+3	1.009180E-5	1.199900E+4	0.000000E+0	0.000000E+0
5.990152E+3	1.009140E-5	1.199890E+4	0.000000E+0	0.000000E+0
5.993154E+3	1.009220E-5	1.199880E+4	0.000000E+0	0.000000E+0
5.996160E+3	1.009140E-5	1.199860E+4	0.000000E+0	0.000000E+0
5.999154E+3	1.009140E-5	1.199850E+4	0.000000E+0	0.000000E+0
6.002160E+3	1.009140E-5	1.199850E+4	0.000000E+0	0.000000E+0
6.005156E+3	1.009180E-5	1.199810E+4	0.000000E+0	0.000000E+0
6.008162E+3	1.009150E-5	1.199810E+4	0.000000E+0	0.000000E+0
6.011158E+3	1.009170E-5	1.199790E+4	0.000000E+0	0.000000E+0
6.014161E+3	1.009160E-5	1.199780E+4	0.000000E+0	0.000000E+0
6.017160E+3	1.009160E-5	1.199770E+4	0.000000E+0	0.000000E+0
6.020153E+3	1.009170E-5	1.199770E+4	0.000000E+0	0.000000E+0
6.023148E+3	1.009110E-5	1.199760E+4	0.000000E+0	0.000000E+0
6.026145E+3	1.009130E-5	1.199740E+4	0.000000E+0	0.000000E+0
6.029155E+3	1.009150E-5	1.199720E+4	0.000000E+0	0.000000E+0
6.032152E+3	1.009130E-5	1.199710E+4	0.000000E+0	0.000000E+0
6.035148E+3	1.009160E-5	1.199710E+4	0.000000E+0	0.000000E+0
6.038152E+3	1.009140E-5	1.199700E+4	0.000000E+0	0.000000E+0
6.041152E+3	1.009160E-5	1.199710E+4	0.000000E+0	0.000000E+0
6.044156E+3	1.009140E-5	1.199690E+4	0.000000E+0	0.000000E+0
6.047149E+3	1.009190E-5	1.199680E+4	0.000000E+0	0.000000E+0
6.050156E+3	1.009160E-5	1.199670E+4	0.000000E+0	0.000000E+0
6.053160E+3	1.009200E-5	1.199660E+4	0.000000E+0	0.000000E+0
6.056153E+3	1.009180E-5	1.199640E+4	0.000000E+0	0.000000E+0
6.059153E+3	1.009160E-5	1.199640E+4	0.000000E+0	0.000000E+0
6.062167E+3	1.009150E-5	1.199620E+4	0.000000E+0	0.000000E+0
6.065156E+3	1.009150E-5	1.199620E+4	0.000000E+0	0.000000E+0
6.068167E+3	1.009200E-5	1.199600E+4	0.000000E+0	0.000000E+0
6.071152E+3	1.009200E-5	1.199590E+4	0.000000E+0	0.000000E+0
6.074155E+3	1.009120E-5	1.199590E+4	0.000000E+0	0.000000E+0
6.077153E+3	1.009080E-5	1.199570E+4	0.000000E+0	0.000000E+0
6.080154E+3	1.009140E-5	1.199570E+4	0.000000E+0	0.000000E+0
6.083155E+3	1.009110E-5	1.199570E+4	0.000000E+0	0.000000E+0
6.086158E+3	1.009230E-5	1.199550E+4	0.000000E+0	0.000000E+0
6.089154E+3	1.009200E-5	1.199550E+4	0.000000E+0	0.000000E+0
6.092153E+3	1.009210E-5	1.199530E+4	0.000000E+0	0.000000E+0
6.095151E+3	1.009190E-5	1.199520E+4	0.000000E+0	0.000000E+0
6.098153E+3	1.009200E-5	1.199520E+4	0.000000E+0	0.000000E+0
6.101153E+3	1.009130E-5	1.199500E+4	0.000000E+0	0.000000E+0
6.104158E+3	1.009210E-5	1.199500E+4	0.000000E+0	0.000000E+0
6.107155E+3	1.009200E-5	1.199500E+4	0.000000E+0	0.000000E+0
6.110153E+3	1.009200E-5	1.199460E+4	0.000000E+0	0.000000E+0
6.113153E+3	1.009240E-5	1.199460E+4	0.000000E+0	0.000000E+0
6.116156E+3	1.009230E-5	1.199450E+4	0.000000E+0	0.000000E+0
6.119161E+3	1.009270E-5	1.199440E+4	0.000000E+0	0.000000E+0
6.122159E+3	1.009230E-5	1.199420E+4	0.000000E+0	0.000000E+0
6.125159E+3	1.009250E-5	1.199410E+4	0.000000E+0	0.000000E+0
6.128154E+3	1.009190E-5	1.199400E+4	0.000000E+0	0.000000E+0
6.131158E+3	1.009220E-5	1.199380E+4	0.000000E+0	0.000000E+0
6.134161E+3	1.009220E-5	1.199370E+4	0.000000E+0	0.000000E+0
6.137154E+3	1.009220E-5	1.199370E+4	0.000000E+0	0.000000E+0
6.140156E+3	1.009240E-5	1.199360E+4	0.000000E+0	0.000000E+0
6.143158E+3	1.009240E-5	1.199350E+4	0.000000E+0	0.000000E+0
6.146159E+3	1.009220E-5	1.199330E+4	0.000000E+0	0.000000E+0
6.149154E+3	1.009290E-5	1.199320E+4	0.000000E+0	0.000000E+0
6.152156E+3	1.009210E-5	1.199310E+4	0.000000E+0	0.000000E+0
6.155154E+3	1.009330E-5	1.199300E+4	0.000000E+0	0.000000E+0
6.158156E+3	1.009310E-5	1.199290E+4	0.000000E+0	0.000000E+0
6.161154E+3	1.009300E-5	1.199280E+4	0.000000E+0	0.000000E+0
6.164153E+3	1.009320E-5	1.199270E+4	0.000000E+0	0.000000E+0
6.167147E+3	1.009340E-5	1.199260E+4	0.000000E+0	0.000000E+0
6.170142E+3	1.009290E-5	1.199240E+4	0.000000E+0	0.000000E+0
6.173142E+3	1.009360E-5	1.199240E+4	0.000000E+0	0.000000E+0
6.176153E+3	1.009380E-5	1.199230E+4	0.000000E+0	0.000000E+0
6.179155E+3	1.009320E-5	1.199210E+4	0.000000E+0	0.000000E+0
6.182153E+3	1.009340E-5	1.199210E+4	0.000000E+0	0.000000E+0
6.185157E+3	1.009280E-5	1.199190E+4	0.000000E+0	0.000000E+0
6.188155E+3	1.009350E-5	1.199190E+4	0.000000E+0	0.000000E+0
6.191151E+3	1.009350E-5	1.199170E+4	0.000000E+0	0.000000E+0
6.194153E+3	1.009410E-5	1.199160E+4	0.000000E+0	0.000000E+0
6.197153E+3	1.009410E-5	1.199150E+4	0.000000E+0	0.000000E+0
6.200155E+3	1.009350E-5	1.199140E+4	0.000000E+0	0.000000E+0
6.203153E+3	1.009270E-5	1.199130E+4	0.000000E+0	0.000000E+0
6.206155E+3	1.009280E-5	1.199120E+4	0.000000E+0	0.000000E+0
6.209155E+3	1.009290E-5	1.199110E+4	0.000000E+0	0.000000E+0
6.212154E+3	1.009350E-5	1.199120E+4	0.000000E+0	0.000000E+0
6.215158E+3	1.009310E-5	1.199120E+4	0.000000E+0	0.000000E+0
6.218159E+3	1.009330E-5	1.199110E+4	0.000000E+0	0.000000E+0
6.221153E+3	1.009380E-5	1.199100E+4	0.000000E+0	0.000000E+0
6.224157E+3	1.009370E-5	1.199090E+4	0.000000E+0	0.000000E+0
6.227152E+3	1.009370E-5	1.199090E+4	0.000000E+0	0.000000E+0
6.230153E+3	1.009340E-5	1.199080E+4	0.000000E+0	0.000000E+0
6.233153E+3	1.009380E-5	1.199050E+4	0.000000E+0	0.000000E+0
6.236156E+3	1.009310E-5	1.199050E+4	0.000000E+0	0.000000E+0
6.239157E+3	1.009350E-5	1.199020E+4	0.000000E+0	0.000000E+0
6.242154E+3	1.009330E-5	1.199020E+4	0.000000E+0	0.000000E+0
6.245154E+3	1.009360E-5	1.199010E+4	0.000000E+0	0.000000E+0
6.248150E+3	1.009350E-5	1.199000E+4	0.000000E+0	0.000000E+0
6.251150E+3	1.009420E-5	1.198990E+4	0.000000E+0	0.000000E+0
6.254144E+3	1.009450E-5	1.198980E+4	0.000000E+0	0.000000E+0
6.257142E+3	1.009390E-5	1.198970E+4	0.000000E+0	0.000000E+0
6.260147E+3	1.009390E-5	1.198960E+4	0.000000E+0	0.000000E+0
6.263147E+3	1.009390E-5	1.198960E+4	0.000000E+0	0.000000E+0
6.266151E+3	1.009320E-5	1.198950E+4	0.000000E+0	0.000000E+0
6.269157E+3	1.009340E-5	1.198950E+4	0.000000E+0	0.000000E+0
6.272157E+3	1.009330E-5	1.198920E+4	0.000000E+0	0.000000E+0
6.275155E+3	1.009380E-5	1.198920E+4	0.000000E+0	0.000000E+0
6.278156E+3	1.009430E-5	1.198900E+4	0.000000E+0	0.000000E+0
6.281153E+3	1.009400E-5	1.198890E+4	0.000000E+0	0.000000E+0
6.284155E+3	1.009390E-5	1.198880E+4	0.000000E+0	0.000000E+0
6.287156E+3	1.009420E-5	1.198880E+4	0.000000E+0	0.000000E+0
6.290158E+3	1.009450E-5	1.198850E+4	0.000000E+0	0.000000E+0
6.293161E+3	1.009470E-5	1.198850E+4	0.000000E+0	0.000000E+0
6.296158E+3	1.009430E-5	1.198830E+4	0.000000E+0	0.000000E+0
6.299156E+3	1.009430E-5	1.198820E+4	0.000000E+0	0.000000E+0
6.302161E+3	1.009500E-5	1.198810E+4	0.000000E+0	0.000000E+0
6.305161E+3	1.009440E-5	1.198800E+4	0.000000E+0	0.000000E+0
6.308156E+3	1.009510E-5	1.198790E+4	0.000000E+0	0.000000E+0
6.311158E+3	1.009440E-5	1.198780E+4	0.000000E+0	0.000000E+0
6.314156E+3	1.009490E-5	1.198770E+4	0.000000E+0	0.000000E+0
6.317157E+3	1.009510E-5	1.198760E+4	0.000000E+0	0.000000E+0
6.320154E+3	1.009560E-5	1.198760E+4	0.000000E+0	0.000000E+0
6.323161E+3	1.009540E-5	1.198760E+4	0.000000E+0	0.000000E+0
6.326157E+3	1.009520E-5	1.198770E+4	0.000000E+0	0.000000E+0
6.329162E+3	1.009520E-5	1.198760E+4	0.000000E+0	0.000000E+0
6.332162E+3	1.009510E-5	1.198770E+4	0.000000E+0	0.000000E+0
6.335154E+3	1.009490E-5	1.198760E+4	0.000000E+0	0.000000E+0
6.338154E+3	1.009540E-5	1.198760E+4	0.000000E+0	0.000000E+0
6.341160E+3	1.009550E-5	1.198740E+4	0.000000E+0	0.000000E+0
6.344154E+3	1.009540E-5	1.198710E+4	0.000000E+0	0.000000E+0
6.347155E+3	1.009500E-5	1.198700E+4	0.000000E+0	0.000000E+0
6.350168E+3	1.009520E-5	1.198670E+4	0.000000E+0	0.000000E+0
6.353155E+3	1.009510E-5	1.198660E+4	0.000000E+0	0.000000E+0
6.356153E+3	1.009550E-5	1.198650E+4	0.000000E+0	0.000000E+0
6.359155E+3	1.009530E-5	1.198640E+4	0.000000E+0	0.000000E+0
6.362158E+3	1.009510E-5	1.198630E+4	0.000000E+0	0.000000E+0
6.365163E+3	1.009480E-5	1.198610E+4	0.000000E+0	0.000000E+0
6.368155E+3	1.009540E-5	1.198610E+4	0.000000E+0	0.000000E+0
6.371155E+3	1.009530E-5	1.198590E+4	0.000000E+0	0.000000E+0
6.374155E+3	1.009530E-5	1.198570E+4	0.000000E+0	0.000000E+0
6.377158E+3	1.009510E-5	1.198560E+4	0.000000E+0	0.000000E+0
6.380163E+3	1.009540E-5	1.198550E+4	0.000000E+0	0.000000E+0
6.383163E+3	1.009570E-5	1.198520E+4	0.000000E+0	0.000000E+0
6.386158E+3	1.009570E-5	1.198530E+4	0.000000E+0	0.000000E+0
6.389156E+3	1.009540E-5	1.198510E+4	0.000000E+0	0.000000E+0
6.392156E+3	1.009570E-5	1.198490E+4	0.000000E+0	0.000000E+0
6.395154E+3	1.009590E-5	1.198480E+4	0.000000E+0	0.000000E+0
6.398156E+3	1.009510E-5	1.198470E+4	0.000000E+0	0.000000E+0
6.401161E+3	1.009530E-5	1.198470E+4	0.000000E+0	0.000000E+0
6.404154E+3	1.009590E-5	1.198460E+4	0.000000E+0	0.000000E+0
6.407154E+3	1.009550E-5	1.198450E+4	0.000000E+0	0.000000E+0
6.410156E+3	1.009600E-5	1.198420E+4	0.000000E+0	0.000000E+0
6.413156E+3	1.009510E-5	1.198410E+4	0.000000E+0	0.000000E+0
6.416153E+3	1.009560E-5	1.198410E+4	0.000000E+0	0.000000E+0
6.419153E+3	1.009570E-5	1.198390E+4	0.000000E+0	0.000000E+0
6.422156E+3	1.009560E-5	1.198380E+4	0.000000E+0	0.000000E+0
6.425160E+3	1.009540E-5	1.198370E+4	0.000000E+0	0.000000E+0
6.428153E+3	1.009590E-5	1.198360E+4	0.000000E+0	0.000000E+0
6.431165E+3	1.009590E-5	1.198350E+4	0.000000E+0	0.000000E+0
6.434155E+3	1.009570E-5	1.198350E+4	0.000000E+0	0.000000E+0
6.437155E+3	1.009540E-5	1.198350E+4	0.000000E+0	0.000000E+0
6.440155E+3	1.009530E-5	1.198350E+4	0.000000E+0	0.000000E+0
6.443155E+3	1.009510E-5	1.198360E+4	0.000000E+0	0.000000E+0
6.446155E+3	1.009510E-5	1.198350E+4	0.000000E+0	0.000000E+0
6.449160E+3	1.009530E-5	1.198340E+4	0.000000E+0	0.000000E+0
6.452156E+3	1.009530E-5	1.198320E+4	0.000000E+0	0.000000E+0
6.455155E+3	1.009550E-5	1.198320E+4	0.000000E+0	0.000000E+0
6.458156E+3	1.009580E-5	1.198300E+4	0.000000E+0	0.000000E+0
6.461158E+3	1.009580E-5	1.198290E+4	0.000000E+0	0.000000E+0
6.464158E+3	1.009570E-5	1.198270E+4	0.000000E+0	0.000000E+0
6.467155E+3	1.009580E-5	1.198270E+4	0.000000E+0	0.000000E+0
6.470156E+3	1.009640E-5	1.198250E+4	0.000000E+0	0.000000E+0
6.473158E+3	1.009670E-5	1.198240E+4	0.000000E+0	0.000000E+0
6.476156E+3	1.009610E-5	1.198230E+4	0.000000E+0	0.000000E+0
6.479155E+3	1.009580E-5	1.198210E+4	0.000000E+0	0.000000E+0
6.482156E+3	1.009620E-5	1.198200E+4	0.000000E+0	0.000000E+0
6.485158E+3	1.009600E-5	1.198200E+4	0.000000E+0	0.000000E+0
6.488154E+3	1.009560E-5	1.198180E+4	0.000000E+0	0.000000E+0
6.491159E+3	1.009600E-5	1.198160E+4	0.000000E+0	0.000000E+0
6.494163E+3	1.009640E-5	1.198150E+4	0.000000E+0	0.000000E+0
6.497154E+3	1.009620E-5	1.198140E+4	0.000000E+0	0.000000E+0
6.500156E+3	1.009670E-5	1.198130E+4	0.000000E+0	0.000000E+0
6.503156E+3	1.009680E-5	1.198130E+4	0.000000E+0	0.000000E+0
6.506156E+3	1.009650E-5	1.198130E+4	0.000000E+0	0.000000E+0
6.509157E+3	1.009650E-5	1.198110E+4	0.000000E+0	0.000000E+0
6.512157E+3	1.009690E-5	1.198110E+4	0.000000E+0	0.000000E+0
6.515157E+3	1.009690E-5	1.198090E+4	0.000000E+0	0.000000E+0
6.518159E+3	1.009670E-5	1.198070E+4	0.000000E+0	0.000000E+0
6.521154E+3	1.009710E-5	1.198060E+4	0.000000E+0	0.000000E+0
6.524154E+3	1.009710E-5	1.198050E+4	0.000000E+0	0.000000E+0
6.527158E+3	1.009720E-5	1.198030E+4	0.000000E+0	0.000000E+0
6.530158E+3	1.009660E-5	1.198020E+4	0.000000E+0	0.000000E+0
6.533157E+3	1.009660E-5	1.198010E+4	0.000000E+0	0.000000E+0
6.536153E+3	1.009670E-5	1.198000E+4	0.000000E+0	0.000000E+0
6.539157E+3	1.009700E-5	1.197990E+4	0.000000E+0	0.000000E+0
6.542158E+3	1.009680E-5	1.197970E+4	0.000000E+0	0.000000E+0
6.545160E+3	1.009720E-5	1.197970E+4	0.000000E+0	0.000000E+0
6.548156E+3	1.009660E-5	1.197970E+4	0.000000E+0	0.000000E+0
6.551155E+3	1.009710E-5	1.197950E+4	0.000000E+0	0.000000E+0
6.554158E+3	1.009690E-5	1.197950E+4	0.000000E+0	0.000000E+0
6.557158E+3	1.009730E-5	1.197950E+4	0.000000E+0	0.000000E+0
6.560161E+3	1.009730E-5	1.197930E+4	0.000000E+0	0.000000E+0
6.563158E+3	1.009680E-5	1.197910E+4	0.000000E+0	0.000000E+0
6.566156E+3	1.009670E-5	1.197900E+4	0.000000E+0	0.000000E+0
6.569156E+3	1.009690E-5	1.197890E+4	0.000000E+0	0.000000E+0
6.572158E+3	1.009740E-5	1.197880E+4	0.000000E+0	0.000000E+0
6.575159E+3	1.009660E-5	1.197880E+4	0.000000E+0	0.000000E+0
6.578154E+3	1.009710E-5	1.197870E+4	0.000000E+0	0.000000E+0
6.581159E+3	1.009670E-5	1.197860E+4	0.000000E+0	0.000000E+0
6.584157E+3	1.009740E-5	1.197850E+4	0.000000E+0	0.000000E+0
6.587157E+3	1.009770E-5	1.197840E+4	0.000000E+0	0.000000E+0
6.590156E+3	1.009760E-5	1.197830E+4	0.000000E+0	0.000000E+0
6.593154E+3	1.009740E-5	1.197810E+4	0.000000E+0	0.000000E+0
6.596157E+3	1.009720E-5	1.197810E+4	0.000000E+0	0.000000E+0
6.599149E+3	1.009740E-5	1.197790E+4	0.000000E+0	0.000000E+0
6.602142E+3	1.009710E-5	1.197790E+4	0.000000E+0	0.000000E+0
6.605152E+3	1.009750E-5	1.197770E+4	0.000000E+0	0.000000E+0
6.608160E+3	1.009730E-5	1.197770E+4	0.000000E+0	0.000000E+0
6.611162E+3	1.009720E-5	1.197760E+4	0.000000E+0	0.000000E+0
6.614160E+3	1.009730E-5	1.197750E+4	0.000000E+0	0.000000E+0
6.617154E+3	1.009740E-5	1.197750E+4	0.000000E+0	0.000000E+0
6.620148E+3	1.009810E-5	1.197770E+4	0.000000E+0	0.000000E+0
6.623145E+3	1.009800E-5	1.197760E+4	0.000000E+0	0.000000E+0
6.626155E+3	1.009780E-5	1.197750E+4	0.000000E+0	0.000000E+0
6.629153E+3	1.009770E-5	1.197750E+4	0.000000E+0	0.000000E+0
6.632155E+3	1.009730E-5	1.197720E+4	0.000000E+0	0.000000E+0
6.635157E+3	1.009800E-5	1.197710E+4	0.000000E+0	0.000000E+0
6.638155E+3	1.009810E-5	1.197700E+4	0.000000E+0	0.000000E+0
6.641161E+3	1.009750E-5	1.197690E+4	0.000000E+0	0.000000E+0
6.644159E+3	1.009750E-5	1.197670E+4	0.000000E+0	0.000000E+0
6.647156E+3	1.009750E-5	1.197650E+4	0.000000E+0	0.000000E+0
6.650155E+3	1.009730E-5	1.197640E+4	0.000000E+0	0.000000E+0
6.653153E+3	1.009770E-5	1.197630E+4	0.000000E+0	0.000000E+0
6.656152E+3	1.009710E-5	1.197620E+4	0.000000E+0	0.000000E+0
6.659153E+3	1.009790E-5	1.197620E+4	0.000000E+0	0.000000E+0
6.662153E+3	1.009780E-5	1.197610E+4	0.000000E+0	0.000000E+0
6.665153E+3	1.009720E-5	1.197590E+4	0.000000E+0	0.000000E+0
6.668156E+3	1.009750E-5	1.197580E+4	0.000000E+0	0.000000E+0
6.671154E+3	1.009840E-5	1.197570E+4	0.000000E+0	0.000000E+0
6.674157E+3	1.009770E-5	1.197570E+4	0.000000E+0	0.000000E+0
6.677159E+3	1.009730E-5	1.197560E+4	0.000000E+0	0.000000E+0
6.680159E+3	1.009790E-5	1.197560E+4	0.000000E+0	0.000000E+0
6.683152E+3	1.009770E-5	1.197530E+4	0.000000E+0	0.000000E+0
6.686153E+3	1.009760E-5	1.197530E+4	0.000000E+0	0.000000E+0
6.689153E+3	1.009810E-5	1.197500E+4	0.000000E+0	0.000000E+0
6.692153E+3	1.009780E-5	1.197500E+4	0.000000E+0	0.000000E+0
6.695147E+3	1.009830E-5	1.197480E+4	0.000000E+0	0.000000E+0
6.698147E+3	1.009770E-5	1.197480E+4	0.000000E+0	0.000000E+0
6.701145E+3	1.009770E-5	1.197460E+4	0.000000E+0	0.000000E+0
6.704150E+3	1.009780E-5	1.197460E+4	0.000000E+0	0.000000E+0
6.707160E+3	1.009770E-5	1.197460E+4	0.000000E+0	0.000000E+0
6.710153E+3	1.009730E-5	1.197440E+4	0.000000E+0	0.000000E+0
6.713153E+3	1.009710E-5	1.197430E+4	0.000000E+0	0.000000E+0
6.716156E+3	1.009810E-5	1.197420E+4	0.000000E+0	0.000000E+0
6.719155E+3	1.009760E-5	1.197410E+4	0.000000E+0	0.000000E+0
6.722160E+3	1.009710E-5	1.197400E+4	0.000000E+0	0.000000E+0
6.725155E+3	1.009770E-5	1.197400E+4	0.000000E+0	0.000000E+0
6.728158E+3	1.009750E-5	1.197380E+4	0.000000E+0	0.000000E+0
6.731158E+3	1.009780E-5	1.197370E+4	0.000000E+0	0.000000E+0
6.734158E+3	1.009730E-5	1.197370E+4	0.000000E+0	0.000000E+0
6.737158E+3	1.009730E-5	1.197350E+4	0.000000E+0	0.000000E+0
6.740159E+3	1.009680E-5	1.197350E+4	0.000000E+0	0.000000E+0
6.743155E+3	1.009730E-5	1.197340E+4	0.000000E+0	0.000000E+0
6.746159E+3	1.009760E-5	1.197330E+4	0.000000E+0	0.000000E+0
6.749156E+3	1.009710E-5	1.197330E+4	0.000000E+0	0.000000E+0
6.752154E+3	1.009660E-5	1.197310E+4	0.000000E+0	0.000000E+0
6.755156E+3	1.009680E-5	1.197320E+4	0.000000E+0	0.000000E+0
6.758154E+3	1.009650E-5	1.197300E+4	0.000000E+0	0.000000E+0
6.761157E+3	1.009640E-5	1.197270E+4	0.000000E+0	0.000000E+0
6.764154E+3	1.009640E-5	1.197280E+4	0.000000E+0	0.000000E+0
6.767152E+3	1.009660E-5	1.197280E+4	0.000000E+0	0.000000E+0
6.770154E+3	1.009720E-5	1.197250E+4	0.000000E+0	0.000000E+0
6.773167E+3	1.009660E-5	1.197230E+4	0.000000E+0	0.000000E+0
6.776155E+3	1.009650E-5	1.197230E+4	0.000000E+0	0.000000E+0
6.779159E+3	1.009670E-5	1.197220E+4	0.000000E+0	0.000000E+0
6.782157E+3	1.009670E-5	1.197200E+4	0.000000E+0	0.000000E+0
6.785153E+3	1.009650E-5	1.197210E+4	0.000000E+0	0.000000E+0
6.788153E+3	1.009660E-5	1.197190E+4	0.000000E+0	0.000000E+0
6.791151E+3	1.009670E-5	1.197170E+4	0.000000E+0	0.000000E+0
6.794150E+3	1.009660E-5	1.197160E+4	0.000000E+0	0.000000E+0
6.797150E+3	1.009650E-5	1.197160E+4	0.000000E+0	0.000000E+0
6.800150E+3	1.009650E-5	1.197140E+4	0.000000E+0	0.000000E+0
6.803153E+3	1.009690E-5	1.197140E+4	0.000000E+0	0.000000E+0
6.806160E+3	1.009730E-5	1.197120E+4	0.000000E+0	0.000000E+0
6.809155E+3	1.009680E-5	1.197120E+4	0.000000E+0	0.000000E+0
6.812160E+3	1.009670E-5	1.197090E+4	0.000000E+0	0.000000E+0
6.815153E+3	1.009680E-5	1.197080E+4	0.000000E+0	0.000000E+0
6.818155E+3	1.009700E-5	1.197070E+4	0.000000E+0	0.000000E+0
6.821156E+3	1.009720E-5	1.197070E+4	0.000000E+0	0.000000E+0
6.824156E+3	1.009730E-5	1.197060E+4	0.000000E+0	0.000000E+0
6.827156E+3	1.009750E-5	1.197050E+4	0.000000E+0	0.000000E+0
6.830156E+3	1.009720E-5	1.197050E+4	0.000000E+0	0.000000E+0
6.833155E+3	1.009760E-5	1.197040E+4	0.000000E+0	0.000000E+0
6.836154E+3	1.009760E-5	1.197030E+4	0.000000E+0	0.000000E+0
6.839161E+3	1.009760E-5	1.197030E+4	0.000000E+0	0.000000E+0
6.842153E+3	1.009770E-5	1.197020E+4	0.000000E+0	0.000000E+0
6.845156E+3	1.009750E-5	1.197010E+4	0.000000E+0	0.000000E+0
6.848157E+3	1.009750E-5	1.197010E+4	0.000000E+0	0.000000E+0
6.851154E+3	1.009750E-5	1.196990E+4	0.000000E+0	0.000000E+0
6.854153E+3	1.009810E-5	1.196980E+4	0.000000E+0	0.000000E+0
6.857150E+3	1.009770E-5	1.196970E+4	0.000000E+0	0.000000E+0
6.860150E+3	1.009770E-5	1.196950E+4	0.000000E+0	0.000000E+0
6.863152E+3	1.009810E-5	1.196950E+4	0.000000E+0	0.000000E+0
6.866154E+3	1.009790E-5	1.196940E+4	0.000000E+0	0.000000E+0
6.869153E+3	1.009830E-5	1.196930E+4	0.000000E+0	0.000000E+0
6.872155E+3	1.009880E-5	1.196920E+4	0.000000E+0	0.000000E+0
6.875154E+3	1.009850E-5	1.196930E+4	0.000000E+0	0.000000E+0
6.878153E+3	1.009880E-5	1.196930E+4	0.000000E+0	0.000000E+0
6.881153E+3	1.009800E-5	1.196940E+4	0.000000E+0	0.000000E+0
6.884157E+3	1.009830E-5	1.196930E+4	0.000000E+0	0.000000E+0
6.887154E+3	1.009870E-5	1.196930E+4	0.000000E+0	0.000000E+0
6.890151E+3	1.009880E-5	1.196900E+4	0.000000E+0	0.000000E+0
6.893153E+3	1.009880E-5	1.196900E+4	0.000000E+0	0.000000E+0
6.896155E+3	1.009910E-5	1.196890E+4	0.000000E+0	0.000000E+0
6.899157E+3	1.009910E-5	1.196880E+4	0.000000E+0	0.000000E+0
6.902153E+3	1.009900E-5	1.196870E+4	0.000000E+0	0.000000E+0
6.905156E+3	1.009930E-5	1.196860E+4	0.000000E+0	0.000000E+0
6.908152E+3	1.009940E-5	1.196840E+4	0.000000E+0	0.000000E+0
6.911153E+3	1.009910E-5	1.196840E+4	0.000000E+0	0.000000E+0
6.914156E+3	1.010020E-5	1.196810E+4	0.000000E+0	0.000000E+0
6.917155E+3	1.009930E-5	1.196810E+4	0.000000E+0	0.000000E+0
6.920152E+3	1.009940E-5	1.196790E+4	0.000000E+0	0.000000E+0
6.923158E+3	1.009980E-5	1.196790E+4	0.000000E+0	0.000000E+0
6.926150E+3	1.009900E-5	1.196780E+4	0.000000E+0	0.000000E+0
6.929152E+3	1.009960E-5	1.196770E+4	0.000000E+0	0.000000E+0
6.932159E+3	1.010010E-5	1.196770E+4	0.000000E+0	0.000000E+0
6.935152E+3	1.009930E-5	1.196750E+4	0.000000E+0	0.000000E+0
6.938167E+3	1.009980E-5	1.196750E+4	0.000000E+0	0.000000E+0
6.941153E+3	1.010000E-5	1.196740E+4	0.000000E+0	0.000000E+0
6.944154E+3	1.009920E-5	1.196720E+4	0.000000E+0	0.000000E+0
6.947156E+3	1.009980E-5	1.196710E+4	0.000000E+0	0.000000E+0
6.950153E+3	1.009990E-5	1.196700E+4	0.000000E+0	0.000000E+0
6.953155E+3	1.009950E-5	1.196700E+4	0.000000E+0	0.000000E+0
6.956152E+3	1.009960E-5	1.196690E+4	0.000000E+0	0.000000E+0
6.959154E+3	1.009920E-5	1.196690E+4	0.000000E+0	0.000000E+0
6.962155E+3	1.009950E-5	1.196670E+4	0.000000E+0	0.000000E+0
6.965155E+3	1.009970E-5	1.196650E+4	0.000000E+0	0.000000E+0
6.968151E+3	1.009950E-5	1.196650E+4	0.000000E+0	0.000000E+0
6.971151E+3	1.009910E-5	1.196630E+4	0.000000E+0	0.000000E+0
6.974150E+3	1.009910E-5	1.196620E+4	0.000000E+0	0.000000E+0
6.977150E+3	1.009930E-5	1.196610E+4	0.000000E+0	0.000000E+0
6.980151E+3	1.009980E-5	1.196590E+4	0.000000E+0	0.000000E+0
6.983153E+3	1.009960E-5	1.196580E+4	0.000000E+0	0.000000E+0
6.986153E+3	1.009970E-5	1.196600E+4	0.000000E+0	0.000000E+0
6.989153E+3	1.009920E-5	1.196600E+4	0.000000E+0	0.000000E+0
6.992156E+3	1.009950E-5	1.196590E+4	0.000000E+0	0.000000E+0
6.995156E+3	1.009970E-5	1.196580E+4	0.000000E+0	0.000000E+0
6.998155E+3	1.010010E-5	1.196580E+4	0.000000E+0	0.000000E+0
7.001156E+3	1.010020E-5	1.196560E+4	0.000000E+0	0.000000E+0
7.004155E+3	1.009980E-5	1.196550E+4	0.000000E+0	0.000000E+0
7.007154E+3	1.009980E-5	1.196550E+4	0.000000E+0	0.000000E+0
7.010153E+3	1.010030E-5	1.196550E+4	0.000000E+0	0.000000E+0
7.013153E+3	1.009990E-5	1.196530E+4	0.000000E+0	0.000000E+0
7.016156E+3	1.010000E-5	1.196520E+4	0.000000E+0	0.000000E+0
7.019152E+3	1.010030E-5	1.196520E+4	0.000000E+0	0.000000E+0
7.022154E+3	1.010060E-5	1.196520E+4	0.000000E+0	0.000000E+0
7.025152E+3	1.010020E-5	1.196510E+4	0.000000E+0	0.000000E+0
7.028153E+3	1.010000E-5	1.196490E+4	0.000000E+0	0.000000E+0
7.031153E+3	1.010030E-5	1.196510E+4	0.000000E+0	0.000000E+0
7.034150E+3	1.010000E-5	1.196490E+4	0.000000E+0	0.000000E+0
7.037152E+3	1.010040E-5	1.196490E+4	0.000000E+0	0.000000E+0
7.040148E+3	1.010060E-5	1.196480E+4	0.000000E+0	0.000000E+0
7.043150E+3	1.010000E-5	1.196480E+4	0.000000E+0	0.000000E+0
7.046147E+3	1.010020E-5	1.196460E+4	0.000000E+0	0.000000E+0
7.049147E+3	1.010020E-5	1.196440E+4	0.000000E+0	0.000000E+0
7.052159E+3	1.010050E-5	1.196430E+4	0.000000E+0	0.000000E+0
7.055160E+3	1.010070E-5	1.196420E+4	0.000000E+0	0.000000E+0
7.058153E+3	1.010070E-5	1.196400E+4	0.000000E+0	0.000000E+0
7.061155E+3	1.010040E-5	1.196390E+4	0.000000E+0	0.000000E+0
7.064153E+3	1.010010E-5	1.196390E+4	0.000000E+0	0.000000E+0
7.067155E+3	1.010040E-5	1.196380E+4	0.000000E+0	0.000000E+0
7.070156E+3	1.010050E-5	1.196360E+4	0.000000E+0	0.000000E+0
7.073155E+3	1.010040E-5	1.196340E+4	0.000000E+0	0.000000E+0
7.076155E+3	1.010090E-5	1.196330E+4	0.000000E+0	0.000000E+0
7.079151E+3	1.010060E-5	1.196310E+4	0.000000E+0	0.000000E+0
7.082151E+3	1.010080E-5	1.196310E+4	0.000000E+0	0.000000E+0
7.085149E+3	1.010070E-5	1.196280E+4	0.000000E+0	0.000000E+0
7.088151E+3	1.010050E-5	1.196270E+4	0.000000E+0	0.000000E+0
7.091151E+3	1.010070E-5	1.196260E+4	0.000000E+0	0.000000E+0
7.094152E+3	1.010010E-5	1.196260E+4	0.000000E+0	0.000000E+0
7.097156E+3	1.010020E-5	1.196240E+4	0.000000E+0	0.000000E+0
7.100150E+3	1.010090E-5	1.196240E+4	0.000000E+0	0.000000E+0
7.103162E+3	1.010140E-5	1.196220E+4	0.000000E+0	0.000000E+0
7.106156E+3	1.010080E-5	1.196210E+4	0.000000E+0	0.000000E+0
7.109150E+3	1.010100E-5	1.196200E+4	0.000000E+0	0.000000E+0
7.112150E+3	1.010070E-5	1.196200E+4	0.000000E+0	0.000000E+0
7.115154E+3	1.010040E-5	1.196180E+4	0.000000E+0	0.000000E+0
7.118152E+3	1.010050E-5	1.196170E+4	0.000000E+0	0.000000E+0
7.121153E+3	1.010070E-5	1.196180E+4	0.000000E+0	0.000000E+0
7.124167E+3	1.010070E-5	1.196170E+4	0.000000E+0	0.000000E+0
7.127156E+3	1.010070E-5	1.196160E+4	0.000000E+0	0.000000E+0
7.130150E+3	1.010050E-5	1.196140E+4	0.000000E+0	0.000000E+0
7.133148E+3	1.010120E-5	1.196140E+4	0.000000E+0	0.000000E+0
7.136147E+3	1.010050E-5	1.196110E+4	0.000000E+0	0.000000E+0
7.139145E+3	1.010130E-5	1.196110E+4	0.000000E+0	0.000000E+0
7.142145E+3	1.010130E-5	1.196100E+4	0.000000E+0	0.000000E+0
7.145145E+3	1.010140E-5	1.196090E+4	0.000000E+0	0.000000E+0
7.148151E+3	1.010130E-5	1.196070E+4	0.000000E+0	0.000000E+0
7.151153E+3	1.010100E-5	1.196070E+4	0.000000E+0	0.000000E+0
7.154160E+3	1.010120E-5	1.196040E+4	0.000000E+0	0.000000E+0
7.157153E+3	1.010150E-5	1.196030E+4	0.000000E+0	0.000000E+0
7.160151E+3	1.010170E-5	1.196010E+4	0.000000E+0	0.000000E+0
7.163153E+3	1.010110E-5	1.196000E+4	0.000000E+0	0.000000E+0
7.166153E+3	1.010180E-5	1.195970E+4	0.000000E+0	0.000000E+0
7.169158E+3	1.010140E-5	1.195960E+4	0.000000E+0	0.000000E+0
7.172164E+3	1.010170E-5	1.195940E+4	0.000000E+0	0.000000E+0
7.175153E+3	1.010160E-5	1.195920E+4	0.000000E+0	0.000000E+0
7.178166E+3	1.010200E-5	1.195910E+4	0.000000E+0	0.000000E+0
7.181153E+3	1.010160E-5	1.195910E+4	0.000000E+0	0.000000E+0
7.184158E+3	1.010190E-5	1.195900E+4	0.000000E+0	0.000000E+0
7.187154E+3	1.010170E-5	1.195890E+4	0.000000E+0	0.000000E+0
7.190156E+3	1.010160E-5	1.195880E+4	0.000000E+0	0.000000E+0
7.193152E+3	1.010140E-5	1.195860E+4	0.000000E+0	0.000000E+0
7.196153E+3	1.010060E-5	1.195850E+4	0.000000E+0	0.000000E+0
7.199152E+3	1.010080E-5	1.195830E+4	0.000000E+0	0.000000E+0
7.202156E+3	1.010140E-5	1.195820E+4	0.000000E+0	0.000000E+0
7.205150E+3	1.010170E-5	1.195810E+4	0.000000E+0	0.000000E+0
7.208154E+3	1.010110E-5	1.195790E+4	0.000000E+0	0.000000E+0
