
Medición hecha el 2026-08-21  02:01 p.m.

Medición de corriente y tensión en el tiempo con posibilidad de inyectar corriente.
Tiempo	Corriente	Tensión
3.344000E+0	1.048230E-7	1.369220E+4	0.000000E+0	0.000000E+0
6.857000E+0	1.047660E-7	1.369590E+4	0.000000E+0	0.000000E+0
1.086700E+1	1.047210E-7	1.370000E+4	0.000000E+0	0.000000E+0
1.484400E+1	1.046690E-7	1.370410E+4	0.000000E+0	0.000000E+0
1.887300E+1	1.046250E-7	1.370860E+4	0.000000E+0	0.000000E+0
2.286100E+1	1.046010E-7	1.371250E+4	0.000000E+0	0.000000E+0
2.684000E+1	1.045770E-7	1.371620E+4	0.000000E+0	0.000000E+0
3.085200E+1	1.045570E-7	1.371990E+4	0.000000E+0	0.000000E+0
3.486500E+1	1.045190E-7	1.372360E+4	0.000000E+0	0.000000E+0
3.884700E+1	1.044830E-7	1.372550E+4	0.000000E+0	0.000000E+0
4.285700E+1	1.044560E-7	1.372750E+4	0.000000E+0	0.000000E+0
4.686100E+1	1.044320E-7	1.372940E+4	0.000000E+0	0.000000E+0
5.085600E+1	1.044080E-7	1.373120E+4	0.000000E+0	0.000000E+0
5.486100E+1	1.043640E-7	1.373260E+4	0.000000E+0	0.000000E+0
5.884600E+1	1.043380E-7	1.373370E+4	0.000000E+0	0.000000E+0
6.285500E+1	1.042980E-7	1.373460E+4	0.000000E+0	0.000000E+0
6.686300E+1	1.042910E-7	1.373620E+4	0.000000E+0	0.000000E+0
7.084100E+1	1.042810E-7	1.373720E+4	0.000000E+0	0.000000E+0
7.485500E+1	1.042500E-7	1.373770E+4	0.000000E+0	0.000000E+0
7.886500E+1	1.042400E-7	1.373810E+4	0.000000E+0	0.000000E+0
8.284200E+1	1.042250E-7	1.373860E+4	0.000000E+0	0.000000E+0
8.685700E+1	1.042000E-7	1.373930E+4	0.000000E+0	0.000000E+0
9.086100E+1	1.042000E-7	1.374030E+4	0.000000E+0	0.000000E+0
9.483900E+1	1.041670E-7	1.374130E+4	0.000000E+0	0.000000E+0
9.885300E+1	1.041590E-7	1.374200E+4	0.000000E+0	0.000000E+0
1.028610E+2	1.041360E-7	1.374210E+4	0.000000E+0	0.000000E+0
1.068560E+2	1.041310E-7	1.374230E+4	0.000000E+0	0.000000E+0
1.108610E+2	1.041040E-7	1.374290E+4	0.000000E+0	0.000000E+0
1.148580E+2	1.040900E-7	1.374350E+4	0.000000E+0	0.000000E+0
1.188590E+2	1.040820E-7	1.374390E+4	0.000000E+0	0.000000E+0
1.228430E+2	1.040690E-7	1.374430E+4	0.000000E+0	0.000000E+0
1.268560E+2	1.040480E-7	1.374440E+4	0.000000E+0	0.000000E+0
1.308610E+2	1.040470E-7	1.374430E+4	0.000000E+0	0.000000E+0
1.348400E+2	1.040430E-7	1.374410E+4	0.000000E+0	0.000000E+0
1.388550E+2	1.040210E-7	1.374380E+4	0.000000E+0	0.000000E+0
1.428610E+2	1.040150E-7	1.374390E+4	0.000000E+0	0.000000E+0
1.468390E+2	1.040030E-7	1.374390E+4	0.000000E+0	0.000000E+0
1.508570E+2	1.039920E-7	1.374430E+4	0.000000E+0	0.000000E+0
1.548580E+2	1.039910E-7	1.374460E+4	0.000000E+0	0.000000E+0
1.588570E+2	1.039890E-7	1.374440E+4	0.000000E+0	0.000000E+0
1.628620E+2	1.039660E-7	1.374390E+4	0.000000E+0	0.000000E+0
1.668470E+2	1.039510E-7	1.374340E+4	0.000000E+0	0.000000E+0
1.708540E+2	1.039600E-7	1.374280E+4	0.000000E+0	0.000000E+0
1.748610E+2	1.039450E-7	1.374280E+4	0.000000E+0	0.000000E+0
1.788390E+2	1.039630E-7	1.374270E+4	0.000000E+0	0.000000E+0
1.828540E+2	1.039260E-7	1.374240E+4	0.000000E+0	0.000000E+0
1.868630E+2	1.039190E-7	1.374200E+4	0.000000E+0	0.000000E+0
1.908420E+2	1.039020E-7	1.374160E+4	0.000000E+0	0.000000E+0
1.948540E+2	1.038970E-7	1.374100E+4	0.000000E+0	0.000000E+0
1.988680E+2	1.038950E-7	1.374070E+4	0.000000E+0	0.000000E+0
2.028390E+2	1.038690E-7	1.374080E+4	0.000000E+0	0.000000E+0
2.068490E+2	1.038710E-7	1.374080E+4	0.000000E+0	0.000000E+0
2.108640E+2	1.038640E-7	1.374060E+4	0.000000E+0	0.000000E+0
2.148410E+2	1.038540E-7	1.374020E+4	0.000000E+0	0.000000E+0
2.188520E+2	1.038500E-7	1.373970E+4	0.000000E+0	0.000000E+0
2.228640E+2	1.038480E-7	1.373960E+4	0.000000E+0	0.000000E+0
2.268430E+2	1.038480E-7	1.373970E+4	0.000000E+0	0.000000E+0
2.308700E+2	1.038360E-7	1.373950E+4	0.000000E+0	0.000000E+0
2.348610E+2	1.038310E-7	1.373890E+4	0.000000E+0	0.000000E+0
2.388590E+2	1.038310E-7	1.373840E+4	0.000000E+0	0.000000E+0
2.428600E+2	1.038180E-7	1.373770E+4	0.000000E+0	0.000000E+0
2.468570E+2	1.038110E-7	1.373710E+4	0.000000E+0	0.000000E+0
2.508600E+2	1.038020E-7	1.373690E+4	0.000000E+0	0.000000E+0
2.548550E+2	1.038160E-7	1.373650E+4	0.000000E+0	0.000000E+0
2.588620E+2	1.038010E-7	1.373610E+4	0.000000E+0	0.000000E+0
2.628580E+2	1.037890E-7	1.373580E+4	0.000000E+0	0.000000E+0
2.668650E+2	1.037870E-7	1.373540E+4	0.000000E+0	0.000000E+0
2.708460E+2	1.037770E-7	1.373490E+4	0.000000E+0	0.000000E+0
2.748540E+2	1.037880E-7	1.373430E+4	0.000000E+0	0.000000E+0
2.788630E+2	1.037660E-7	1.373380E+4	0.000000E+0	0.000000E+0
2.828430E+2	1.037720E-7	1.373310E+4	0.000000E+0	0.000000E+0
2.868580E+2	1.037480E-7	1.373240E+4	0.000000E+0	0.000000E+0
2.908630E+2	1.037620E-7	1.373190E+4	0.000000E+0	0.000000E+0
2.948390E+2	1.037450E-7	1.373150E+4	0.000000E+0	0.000000E+0
2.988540E+2	1.037470E-7	1.373090E+4	0.000000E+0	0.000000E+0
3.028600E+2	1.037440E-7	1.373040E+4	0.000000E+0	0.000000E+0
3.068550E+2	1.037480E-7	1.372970E+4	0.000000E+0	0.000000E+0
3.108620E+2	1.037310E-7	1.372940E+4	0.000000E+0	0.000000E+0
3.148550E+2	1.037190E-7	1.372900E+4	0.000000E+0	0.000000E+0
3.188650E+2	1.037310E-7	1.372830E+4	0.000000E+0	0.000000E+0
3.228450E+2	1.037300E-7	1.372760E+4	0.000000E+0	0.000000E+0
3.268590E+2	1.037210E-7	1.372710E+4	0.000000E+0	0.000000E+0
3.308610E+2	1.036990E-7	1.372680E+4	0.000000E+0	0.000000E+0
3.348480E+2	1.037040E-7	1.372650E+4	0.000000E+0	0.000000E+0
3.388560E+2	1.036920E-7	1.372610E+4	0.000000E+0	0.000000E+0
3.428650E+2	1.036920E-7	1.372550E+4	0.000000E+0	0.000000E+0
3.468410E+2	1.037030E-7	1.372500E+4	0.000000E+0	0.000000E+0
3.508530E+2	1.037020E-7	1.372470E+4	0.000000E+0	0.000000E+0
3.548640E+2	1.036850E-7	1.372440E+4	0.000000E+0	0.000000E+0
3.588410E+2	1.036820E-7	1.372400E+4	0.000000E+0	0.000000E+0
3.628520E+2	1.036690E-7	1.372350E+4	0.000000E+0	0.000000E+0
3.668660E+2	1.036800E-7	1.372320E+4	0.000000E+0	0.000000E+0
3.708440E+2	1.036760E-7	1.372280E+4	0.000000E+0	0.000000E+0
3.748570E+2	1.036760E-7	1.372240E+4	0.000000E+0	0.000000E+0
3.788620E+2	1.036890E-7	1.372200E+4	0.000000E+0	0.000000E+0
3.828570E+2	1.037000E-7	1.372150E+4	0.000000E+0	0.000000E+0
3.868550E+2	1.036870E-7	1.372090E+4	0.000000E+0	0.000000E+0
3.908580E+2	1.036980E-7	1.372040E+4	0.000000E+0	0.000000E+0
3.948610E+2	1.036740E-7	1.371990E+4	0.000000E+0	0.000000E+0
3.988570E+2	1.036800E-7	1.371940E+4	0.000000E+0	0.000000E+0
4.028580E+2	1.036600E-7	1.371880E+4	0.000000E+0	0.000000E+0
4.068550E+2	1.036700E-7	1.371840E+4	0.000000E+0	0.000000E+0
4.108630E+2	1.036830E-7	1.371790E+4	0.000000E+0	0.000000E+0
4.148400E+2	1.036880E-7	1.371740E+4	0.000000E+0	0.000000E+0
4.188530E+2	1.036800E-7	1.371690E+4	0.000000E+0	0.000000E+0
4.228610E+2	1.036480E-7	1.371630E+4	0.000000E+0	0.000000E+0
4.268570E+2	1.036670E-7	1.371570E+4	0.000000E+0	0.000000E+0
4.308610E+2	1.036440E-7	1.371520E+4	0.000000E+0	0.000000E+0
4.348570E+2	1.036400E-7	1.371480E+4	0.000000E+0	0.000000E+0
4.388590E+2	1.036350E-7	1.371430E+4	0.000000E+0	0.000000E+0
4.428540E+2	1.036220E-7	1.371390E+4	0.000000E+0	0.000000E+0
4.468610E+2	1.036220E-7	1.371340E+4	0.000000E+0	0.000000E+0
4.508570E+2	1.036310E-7	1.371270E+4	0.000000E+0	0.000000E+0
4.548570E+2	1.036370E-7	1.371220E+4	0.000000E+0	0.000000E+0
4.588540E+2	1.036370E-7	1.371180E+4	0.000000E+0	0.000000E+0
4.628620E+2	1.036220E-7	1.371140E+4	0.000000E+0	0.000000E+0
4.668570E+2	1.036110E-7	1.371100E+4	0.000000E+0	0.000000E+0
4.708620E+2	1.036270E-7	1.371060E+4	0.000000E+0	0.000000E+0
4.748450E+2	1.036240E-7	1.371010E+4	0.000000E+0	0.000000E+0
4.788560E+2	1.037270E-7	1.370970E+4	0.000000E+0	0.000000E+0
4.828630E+2	1.036150E-7	1.370940E+4	0.000000E+0	0.000000E+0
4.868420E+2	1.036150E-7	1.370880E+4	0.000000E+0	0.000000E+0
4.908730E+2	1.036060E-7	1.370840E+4	0.000000E+0	0.000000E+0
4.948590E+2	1.036070E-7	1.370800E+4	0.000000E+0	0.000000E+0
4.988540E+2	1.036280E-7	1.370760E+4	0.000000E+0	0.000000E+0
5.028610E+2	1.036240E-7	1.370720E+4	0.000000E+0	0.000000E+0
5.068590E+2	1.036020E-7	1.370680E+4	0.000000E+0	0.000000E+0
5.108610E+2	1.036060E-7	1.370630E+4	0.000000E+0	0.000000E+0
5.148590E+2	1.036190E-7	1.370590E+4	0.000000E+0	0.000000E+0
5.188560E+2	1.036480E-7	1.370550E+4	0.000000E+0	0.000000E+0
5.228570E+2	1.035870E-7	1.370510E+4	0.000000E+0	0.000000E+0
5.268570E+2	1.035940E-7	1.370470E+4	0.000000E+0	0.000000E+0
5.308550E+2	1.036020E-7	1.370420E+4	0.000000E+0	0.000000E+0
5.348620E+2	1.035780E-7	1.370390E+4	0.000000E+0	0.000000E+0
5.388550E+2	1.035680E-7	1.370350E+4	0.000000E+0	0.000000E+0
5.428640E+2	1.035750E-7	1.370300E+4	0.000000E+0	0.000000E+0
5.468450E+2	1.035700E-7	1.370270E+4	0.000000E+0	0.000000E+0
5.508570E+2	1.035670E-7	1.370220E+4	0.000000E+0	0.000000E+0
5.548610E+2	1.035620E-7	1.370180E+4	0.000000E+0	0.000000E+0
5.588450E+2	1.035660E-7	1.370140E+4	0.000000E+0	0.000000E+0
5.628740E+2	1.035890E-7	1.370110E+4	0.000000E+0	0.000000E+0
5.668630E+2	1.035780E-7	1.370070E+4	0.000000E+0	0.000000E+0
5.708370E+2	1.035760E-7	1.370030E+4	0.000000E+0	0.000000E+0
5.748540E+2	1.035720E-7	1.370000E+4	0.000000E+0	0.000000E+0
5.788630E+2	1.035600E-7	1.369960E+4	0.000000E+0	0.000000E+0
5.828450E+2	1.035660E-7	1.369910E+4	0.000000E+0	0.000000E+0
5.868570E+2	1.035670E-7	1.369880E+4	0.000000E+0	0.000000E+0
5.908630E+2	1.035630E-7	1.369830E+4	0.000000E+0	0.000000E+0
5.948430E+2	1.035580E-7	1.369790E+4	0.000000E+0	0.000000E+0
5.988560E+2	1.035500E-7	1.369720E+4	0.000000E+0	0.000000E+0
6.028620E+2	1.035430E-7	1.369680E+4	0.000000E+0	0.000000E+0
6.068460E+2	1.035420E-7	1.369630E+4	0.000000E+0	0.000000E+0
6.108550E+2	1.035560E-7	1.369600E+4	0.000000E+0	0.000000E+0
6.148580E+2	1.035480E-7	1.369560E+4	0.000000E+0	0.000000E+0
6.188550E+2	1.035330E-7	1.369530E+4	0.000000E+0	0.000000E+0
6.228570E+2	1.035410E-7	1.369480E+4	0.000000E+0	0.000000E+0
6.268530E+2	1.035310E-7	1.369450E+4	0.000000E+0	0.000000E+0
6.308580E+2	1.035350E-7	1.369410E+4	0.000000E+0	0.000000E+0
6.348550E+2	1.035470E-7	1.369360E+4	0.000000E+0	0.000000E+0
6.388580E+2	1.035330E-7	1.369310E+4	0.000000E+0	0.000000E+0
6.428580E+2	1.035320E-7	1.369280E+4	0.000000E+0	0.000000E+0
6.468580E+2	1.035290E-7	1.369240E+4	0.000000E+0	0.000000E+0
6.508560E+2	1.035340E-7	1.369210E+4	0.000000E+0	0.000000E+0
6.548630E+2	1.035340E-7	1.369180E+4	0.000000E+0	0.000000E+0
6.588380E+2	1.035310E-7	1.369140E+4	0.000000E+0	0.000000E+0
6.628510E+2	1.035190E-7	1.369110E+4	0.000000E+0	0.000000E+0
6.668640E+2	1.035120E-7	1.369080E+4	0.000000E+0	0.000000E+0
6.708390E+2	1.035230E-7	1.369050E+4	0.000000E+0	0.000000E+0
6.748670E+2	1.035350E-7	1.369020E+4	0.000000E+0	0.000000E+0
6.788570E+2	1.035230E-7	1.368990E+4	0.000000E+0	0.000000E+0
6.828550E+2	1.035220E-7	1.368980E+4	0.000000E+0	0.000000E+0
6.868620E+2	1.035150E-7	1.368940E+4	0.000000E+0	0.000000E+0
6.908600E+2	1.035250E-7	1.368900E+4	0.000000E+0	0.000000E+0
6.948610E+2	1.035280E-7	1.368870E+4	0.000000E+0	0.000000E+0
6.988570E+2	1.035110E-7	1.368840E+4	0.000000E+0	0.000000E+0
7.028560E+2	1.035200E-7	1.368810E+4	0.000000E+0	0.000000E+0
7.068580E+2	1.035190E-7	1.368780E+4	0.000000E+0	0.000000E+0
7.108620E+2	1.035240E-7	1.368760E+4	0.000000E+0	0.000000E+0
7.148580E+2	1.035060E-7	1.368740E+4	0.000000E+0	0.000000E+0
7.188630E+2	1.035080E-7	1.368700E+4	0.000000E+0	0.000000E+0
7.228580E+2	1.034930E-7	1.368680E+4	0.000000E+0	0.000000E+0
7.268660E+2	1.035080E-7	1.368650E+4	0.000000E+0	0.000000E+0
7.308410E+2	1.035070E-7	1.368610E+4	0.000000E+0	0.000000E+0
7.348540E+2	1.035090E-7	1.368590E+4	0.000000E+0	0.000000E+0
7.388630E+2	1.035100E-7	1.368560E+4	0.000000E+0	0.000000E+0
7.428580E+2	1.035020E-7	1.368530E+4	0.000000E+0	0.000000E+0
7.468590E+2	1.035050E-7	1.368500E+4	0.000000E+0	0.000000E+0
7.508570E+2	1.035150E-7	1.368480E+4	0.000000E+0	0.000000E+0
7.548600E+2	1.035100E-7	1.368450E+4	0.000000E+0	0.000000E+0
7.588550E+2	1.034970E-7	1.368420E+4	0.000000E+0	0.000000E+0
7.628620E+2	1.035000E-7	1.368390E+4	0.000000E+0	0.000000E+0
7.668390E+2	1.035000E-7	1.368360E+4	0.000000E+0	0.000000E+0
7.708540E+2	1.035030E-7	1.368330E+4	0.000000E+0	0.000000E+0
7.748620E+2	1.035050E-7	1.368300E+4	0.000000E+0	0.000000E+0
7.788600E+2	1.035110E-7	1.368290E+4	0.000000E+0	0.000000E+0
7.828600E+2	1.035120E-7	1.368270E+4	0.000000E+0	0.000000E+0
7.868560E+2	1.035120E-7	1.368220E+4	0.000000E+0	0.000000E+0
7.908580E+2	1.035170E-7	1.368170E+4	0.000000E+0	0.000000E+0
7.948560E+2	1.034930E-7	1.368130E+4	0.000000E+0	0.000000E+0
7.988630E+2	1.035020E-7	1.368110E+4	0.000000E+0	0.000000E+0
8.028480E+2	1.034990E-7	1.368090E+4	0.000000E+0	0.000000E+0
8.068570E+2	1.035110E-7	1.368060E+4	0.000000E+0	0.000000E+0
8.108630E+2	1.034970E-7	1.368030E+4	0.000000E+0	0.000000E+0
8.148400E+2	1.034950E-7	1.368000E+4	0.000000E+0	0.000000E+0
8.188540E+2	1.034900E-7	1.367970E+4	0.000000E+0	0.000000E+0
8.228610E+2	1.034980E-7	1.367950E+4	0.000000E+0	0.000000E+0
8.268590E+2	1.035010E-7	1.367930E+4	0.000000E+0	0.000000E+0
8.308610E+2	1.035000E-7	1.367910E+4	0.000000E+0	0.000000E+0
8.348570E+2	1.035000E-7	1.367900E+4	0.000000E+0	0.000000E+0
8.388650E+2	1.035140E-7	1.367880E+4	0.000000E+0	0.000000E+0
8.428440E+2	1.034970E-7	1.367860E+4	0.000000E+0	0.000000E+0
8.468580E+2	1.034940E-7	1.367830E+4	0.000000E+0	0.000000E+0
8.508620E+2	1.034900E-7	1.367800E+4	0.000000E+0	0.000000E+0
8.548580E+2	1.034960E-7	1.367770E+4	0.000000E+0	0.000000E+0
8.588620E+2	1.034940E-7	1.367740E+4	0.000000E+0	0.000000E+0
8.628560E+2	1.034930E-7	1.367720E+4	0.000000E+0	0.000000E+0
8.668610E+2	1.034920E-7	1.367700E+4	0.000000E+0	0.000000E+0
8.708560E+2	1.034920E-7	1.367680E+4	0.000000E+0	0.000000E+0
8.748610E+2	1.034940E-7	1.367660E+4	0.000000E+0	0.000000E+0
8.788580E+2	1.034950E-7	1.367650E+4	0.000000E+0	0.000000E+0
8.828610E+2	1.034880E-7	1.367640E+4	0.000000E+0	0.000000E+0
8.868570E+2	1.034970E-7	1.367620E+4	0.000000E+0	0.000000E+0
8.908640E+2	1.034980E-7	1.367610E+4	0.000000E+0	0.000000E+0
8.948410E+2	1.034940E-7	1.367590E+4	0.000000E+0	0.000000E+0
8.988540E+2	1.034940E-7	1.367560E+4	0.000000E+0	0.000000E+0
9.028640E+2	1.034960E-7	1.367540E+4	0.000000E+0	0.000000E+0
9.068430E+2	1.034740E-7	1.367510E+4	0.000000E+0	0.000000E+0
9.108570E+2	1.034710E-7	1.367490E+4	0.000000E+0	0.000000E+0
9.148620E+2	1.035080E-7	1.367490E+4	0.000000E+0	0.000000E+0
9.188550E+2	1.034940E-7	1.367460E+4	0.000000E+0	0.000000E+0
9.228640E+2	1.034940E-7	1.367440E+4	0.000000E+0	0.000000E+0
9.268390E+2	1.034980E-7	1.367430E+4	0.000000E+0	0.000000E+0
9.308680E+2	1.034870E-7	1.367430E+4	0.000000E+0	0.000000E+0
9.348600E+2	1.034960E-7	1.367430E+4	0.000000E+0	0.000000E+0
9.388580E+2	1.034950E-7	1.367420E+4	0.000000E+0	0.000000E+0
9.428630E+2	1.034980E-7	1.367400E+4	0.000000E+0	0.000000E+0
9.468480E+2	1.034950E-7	1.367380E+4	0.000000E+0	0.000000E+0
9.508610E+2	1.035040E-7	1.367350E+4	0.000000E+0	0.000000E+0
9.548560E+2	1.035040E-7	1.367340E+4	0.000000E+0	0.000000E+0
9.588580E+2	1.035080E-7	1.367320E+4	0.000000E+0	0.000000E+0
9.628610E+2	1.034940E-7	1.367290E+4	0.000000E+0	0.000000E+0
9.668570E+2	1.034990E-7	1.367280E+4	0.000000E+0	0.000000E+0
9.708630E+2	1.034940E-7	1.367270E+4	0.000000E+0	0.000000E+0
9.748570E+2	1.034950E-7	1.367250E+4	0.000000E+0	0.000000E+0
9.788590E+2	1.034960E-7	1.367230E+4	0.000000E+0	0.000000E+0
9.828520E+2	1.034930E-7	1.367200E+4	0.000000E+0	0.000000E+0
9.868620E+2	1.035060E-7	1.367190E+4	0.000000E+0	0.000000E+0
9.908460E+2	1.035040E-7	1.367160E+4	0.000000E+0	0.000000E+0
9.948580E+2	1.034970E-7	1.367130E+4	0.000000E+0	0.000000E+0
9.988620E+2	1.034980E-7	1.367110E+4	0.000000E+0	0.000000E+0
1.002844E+3	1.034960E-7	1.367080E+4	0.000000E+0	0.000000E+0
1.006872E+3	1.034890E-7	1.367050E+4	0.000000E+0	0.000000E+0
1.010860E+3	1.034930E-7	1.367040E+4	0.000000E+0	0.000000E+0
1.014862E+3	1.035120E-7	1.367040E+4	0.000000E+0	0.000000E+0
1.018861E+3	1.034970E-7	1.367020E+4	0.000000E+0	0.000000E+0
1.022858E+3	1.034940E-7	1.367010E+4	0.000000E+0	0.000000E+0
1.026861E+3	1.034930E-7	1.366980E+4	0.000000E+0	0.000000E+0
1.030858E+3	1.034950E-7	1.366960E+4	0.000000E+0	0.000000E+0
1.034857E+3	1.034900E-7	1.366930E+4	0.000000E+0	0.000000E+0
1.038856E+3	1.034960E-7	1.366900E+4	0.000000E+0	0.000000E+0
1.042857E+3	1.034980E-7	1.366880E+4	0.000000E+0	0.000000E+0
1.046856E+3	1.034910E-7	1.366840E+4	0.000000E+0	0.000000E+0
1.050861E+3	1.034980E-7	1.366810E+4	0.000000E+0	0.000000E+0
1.054859E+3	1.034860E-7	1.366800E+4	0.000000E+0	0.000000E+0
1.058859E+3	1.034950E-7	1.366790E+4	0.000000E+0	0.000000E+0
1.062855E+3	1.035100E-7	1.366780E+4	0.000000E+0	0.000000E+0
1.066866E+3	1.035050E-7	1.366760E+4	0.000000E+0	0.000000E+0
1.070859E+3	1.034930E-7	1.366760E+4	0.000000E+0	0.000000E+0
1.074858E+3	1.034940E-7	1.366740E+4	0.000000E+0	0.000000E+0
1.078858E+3	1.034920E-7	1.366740E+4	0.000000E+0	0.000000E+0
1.082860E+3	1.034960E-7	1.366720E+4	0.000000E+0	0.000000E+0
1.086858E+3	1.034970E-7	1.366710E+4	0.000000E+0	0.000000E+0
1.090861E+3	1.034970E-7	1.366680E+4	0.000000E+0	0.000000E+0
1.094856E+3	1.035040E-7	1.366680E+4	0.000000E+0	0.000000E+0
1.098865E+3	1.035120E-7	1.366660E+4	0.000000E+0	0.000000E+0
1.102845E+3	1.034940E-7	1.366640E+4	0.000000E+0	0.000000E+0
1.106859E+3	1.034940E-7	1.366630E+4	0.000000E+0	0.000000E+0
1.110861E+3	1.035010E-7	1.366600E+4	0.000000E+0	0.000000E+0
1.114853E+3	1.035220E-7	1.366600E+4	0.000000E+0	0.000000E+0
1.118861E+3	1.034950E-7	1.366580E+4	0.000000E+0	0.000000E+0
1.122861E+3	1.035030E-7	1.366570E+4	0.000000E+0	0.000000E+0
1.126857E+3	1.034910E-7	1.366550E+4	0.000000E+0	0.000000E+0
1.130859E+3	1.035000E-7	1.366550E+4	0.000000E+0	0.000000E+0
1.134860E+3	1.035020E-7	1.366550E+4	0.000000E+0	0.000000E+0
1.138859E+3	1.035030E-7	1.366550E+4	0.000000E+0	0.000000E+0
1.142866E+3	1.035080E-7	1.366530E+4	0.000000E+0	0.000000E+0
1.146847E+3	1.034880E-7	1.366530E+4	0.000000E+0	0.000000E+0
1.150860E+3	1.034970E-7	1.366520E+4	0.000000E+0	0.000000E+0
1.154862E+3	1.034970E-7	1.366500E+4	0.000000E+0	0.000000E+0
1.158856E+3	1.034940E-7	1.366490E+4	0.000000E+0	0.000000E+0
1.162858E+3	1.034950E-7	1.366470E+4	0.000000E+0	0.000000E+0
1.166852E+3	1.035000E-7	1.366450E+4	0.000000E+0	0.000000E+0
1.170863E+3	1.035100E-7	1.366440E+4	0.000000E+0	0.000000E+0
1.174847E+3	1.034910E-7	1.366430E+4	0.000000E+0	0.000000E+0
1.178861E+3	1.034960E-7	1.366400E+4	0.000000E+0	0.000000E+0
1.182856E+3	1.035010E-7	1.366390E+4	0.000000E+0	0.000000E+0
1.186858E+3	1.034970E-7	1.366380E+4	0.000000E+0	0.000000E+0
1.190861E+3	1.034970E-7	1.366350E+4	0.000000E+0	0.000000E+0
1.194861E+3	1.035060E-7	1.366330E+4	0.000000E+0	0.000000E+0
1.198859E+3	1.034890E-7	1.366300E+4	0.000000E+0	0.000000E+0
1.202854E+3	1.035040E-7	1.366280E+4	0.000000E+0	0.000000E+0
1.206866E+3	1.034830E-7	1.366250E+4	0.000000E+0	0.000000E+0
1.210843E+3	1.034920E-7	1.366240E+4	0.000000E+0	0.000000E+0
1.214857E+3	1.034910E-7	1.366230E+4	0.000000E+0	0.000000E+0
1.218862E+3	1.034850E-7	1.366220E+4	0.000000E+0	0.000000E+0
1.222841E+3	1.034990E-7	1.366200E+4	0.000000E+0	0.000000E+0
1.226853E+3	1.034900E-7	1.366180E+4	0.000000E+0	0.000000E+0
1.230862E+3	1.035010E-7	1.366160E+4	0.000000E+0	0.000000E+0
1.234858E+3	1.035020E-7	1.366150E+4	0.000000E+0	0.000000E+0
1.238859E+3	1.035060E-7	1.366130E+4	0.000000E+0	0.000000E+0
1.242856E+3	1.034870E-7	1.366130E+4	0.000000E+0	0.000000E+0
1.246862E+3	1.035050E-7	1.366090E+4	0.000000E+0	0.000000E+0
1.250858E+3	1.034890E-7	1.366080E+4	0.000000E+0	0.000000E+0
1.254862E+3	1.034930E-7	1.366070E+4	0.000000E+0	0.000000E+0
1.258858E+3	1.034970E-7	1.366060E+4	0.000000E+0	0.000000E+0
1.262865E+3	1.035010E-7	1.366080E+4	0.000000E+0	0.000000E+0
1.266843E+3	1.035100E-7	1.366080E+4	0.000000E+0	0.000000E+0
1.270854E+3	1.034870E-7	1.366070E+4	0.000000E+0	0.000000E+0
1.274864E+3	1.034900E-7	1.366060E+4	0.000000E+0	0.000000E+0
1.278843E+3	1.034930E-7	1.366080E+4	0.000000E+0	0.000000E+0
1.282856E+3	1.034990E-7	1.366080E+4	0.000000E+0	0.000000E+0
1.286866E+3	1.035080E-7	1.366080E+4	0.000000E+0	0.000000E+0
1.290839E+3	1.035010E-7	1.366070E+4	0.000000E+0	0.000000E+0
1.294855E+3	1.035000E-7	1.366060E+4	0.000000E+0	0.000000E+0
1.298862E+3	1.035030E-7	1.366040E+4	0.000000E+0	0.000000E+0
1.302839E+3	1.035040E-7	1.366030E+4	0.000000E+0	0.000000E+0
1.306854E+3	1.034930E-7	1.366020E+4	0.000000E+0	0.000000E+0
1.310860E+3	1.034990E-7	1.366000E+4	0.000000E+0	0.000000E+0
1.314857E+3	1.035000E-7	1.365980E+4	0.000000E+0	0.000000E+0
1.318864E+3	1.035040E-7	1.365950E+4	0.000000E+0	0.000000E+0
1.322842E+3	1.035070E-7	1.365940E+4	0.000000E+0	0.000000E+0
1.326853E+3	1.035050E-7	1.365930E+4	0.000000E+0	0.000000E+0
1.330865E+3	1.035160E-7	1.365910E+4	0.000000E+0	0.000000E+0
1.334845E+3	1.035190E-7	1.365900E+4	0.000000E+0	0.000000E+0
1.338874E+3	1.035150E-7	1.365900E+4	0.000000E+0	0.000000E+0
1.342861E+3	1.034900E-7	1.365920E+4	0.000000E+0	0.000000E+0
1.346858E+3	1.034970E-7	1.365930E+4	0.000000E+0	0.000000E+0
1.350863E+3	1.035030E-7	1.365940E+4	0.000000E+0	0.000000E+0
1.354857E+3	1.035020E-7	1.365930E+4	0.000000E+0	0.000000E+0
1.358864E+3	1.035200E-7	1.365930E+4	0.000000E+0	0.000000E+0
1.362846E+3	1.035200E-7	1.365920E+4	0.000000E+0	0.000000E+0
1.366861E+3	1.035100E-7	1.365920E+4	0.000000E+0	0.000000E+0
1.370857E+3	1.035180E-7	1.365910E+4	0.000000E+0	0.000000E+0
1.374857E+3	1.035260E-7	1.365900E+4	0.000000E+0	0.000000E+0
1.378866E+3	1.035310E-7	1.365890E+4	0.000000E+0	0.000000E+0
1.382838E+3	1.035050E-7	1.365900E+4	0.000000E+0	0.000000E+0
1.386865E+3	1.035100E-7	1.365890E+4	0.000000E+0	0.000000E+0
1.390861E+3	1.035100E-7	1.365880E+4	0.000000E+0	0.000000E+0
1.394837E+3	1.034930E-7	1.365880E+4	0.000000E+0	0.000000E+0
1.398867E+3	1.034930E-7	1.365870E+4	0.000000E+0	0.000000E+0
1.402865E+3	1.035020E-7	1.365880E+4	0.000000E+0	0.000000E+0
1.406842E+3	1.034950E-7	1.365890E+4	0.000000E+0	0.000000E+0
1.410873E+3	1.035020E-7	1.365900E+4	0.000000E+0	0.000000E+0
1.414861E+3	1.034980E-7	1.365900E+4	0.000000E+0	0.000000E+0
1.418861E+3	1.035050E-7	1.365910E+4	0.000000E+0	0.000000E+0
1.422863E+3	1.035150E-7	1.365900E+4	0.000000E+0	0.000000E+0
1.426861E+3	1.035140E-7	1.365860E+4	0.000000E+0	0.000000E+0
1.430861E+3	1.035190E-7	1.365850E+4	0.000000E+0	0.000000E+0
1.434857E+3	1.035130E-7	1.365830E+4	0.000000E+0	0.000000E+0
1.438866E+3	1.035050E-7	1.365810E+4	0.000000E+0	0.000000E+0
1.442841E+3	1.035190E-7	1.365780E+4	0.000000E+0	0.000000E+0
1.446869E+3	1.035060E-7	1.365750E+4	0.000000E+0	0.000000E+0
1.450861E+3	1.035100E-7	1.365720E+4	0.000000E+0	0.000000E+0
1.454838E+3	1.034980E-7	1.365760E+4	0.000000E+0	0.000000E+0
1.458867E+3	1.034960E-7	1.365790E+4	0.000000E+0	0.000000E+0
1.462863E+3	1.035050E-7	1.365810E+4	0.000000E+0	0.000000E+0
1.466841E+3	1.034990E-7	1.365800E+4	0.000000E+0	0.000000E+0
1.470870E+3	1.034970E-7	1.365780E+4	0.000000E+0	0.000000E+0
1.474862E+3	1.035000E-7	1.365740E+4	0.000000E+0	0.000000E+0
1.478859E+3	1.034890E-7	1.365730E+4	0.000000E+0	0.000000E+0
1.482858E+3	1.035070E-7	1.365720E+4	0.000000E+0	0.000000E+0
1.486859E+3	1.034990E-7	1.365720E+4	0.000000E+0	0.000000E+0
1.490861E+3	1.035040E-7	1.365710E+4	0.000000E+0	0.000000E+0
1.494858E+3	1.034950E-7	1.365680E+4	0.000000E+0	0.000000E+0
1.498859E+3	1.035040E-7	1.365660E+4	0.000000E+0	0.000000E+0
1.502858E+3	1.035140E-7	1.365620E+4	0.000000E+0	0.000000E+0
1.506861E+3	1.035220E-7	1.365610E+4	0.000000E+0	0.000000E+0
1.510837E+3	1.035190E-7	1.365600E+4	0.000000E+0	0.000000E+0
1.514851E+3	1.035070E-7	1.365610E+4	0.000000E+0	0.000000E+0
1.518863E+3	1.035220E-7	1.365600E+4	0.000000E+0	0.000000E+0
1.522859E+3	1.035150E-7	1.365580E+4	0.000000E+0	0.000000E+0
1.526862E+3	1.035150E-7	1.365560E+4	0.000000E+0	0.000000E+0
1.530859E+3	1.035200E-7	1.365540E+4	0.000000E+0	0.000000E+0
1.534860E+3	1.035240E-7	1.365530E+4	0.000000E+0	0.000000E+0
1.538857E+3	1.035160E-7	1.365520E+4	0.000000E+0	0.000000E+0
1.542864E+3	1.035180E-7	1.365540E+4	0.000000E+0	0.000000E+0
1.546842E+3	1.035170E-7	1.365550E+4	0.000000E+0	0.000000E+0
1.550855E+3	1.034940E-7	1.365600E+4	0.000000E+0	0.000000E+0
1.554862E+3	1.035110E-7	1.365590E+4	0.000000E+0	0.000000E+0
1.558856E+3	1.035270E-7	1.365580E+4	0.000000E+0	0.000000E+0
1.562858E+3	1.035130E-7	1.365550E+4	0.000000E+0	0.000000E+0
1.566859E+3	1.035140E-7	1.365520E+4	0.000000E+0	0.000000E+0
1.570859E+3	1.035160E-7	1.365480E+4	0.000000E+0	0.000000E+0
1.574858E+3	1.035140E-7	1.365450E+4	0.000000E+0	0.000000E+0
1.578859E+3	1.035040E-7	1.365430E+4	0.000000E+0	0.000000E+0
1.582859E+3	1.035100E-7	1.365420E+4	0.000000E+0	0.000000E+0
1.586861E+3	1.035080E-7	1.365420E+4	0.000000E+0	0.000000E+0
1.590860E+3	1.035160E-7	1.365400E+4	0.000000E+0	0.000000E+0
1.594861E+3	1.035080E-7	1.365410E+4	0.000000E+0	0.000000E+0
1.598857E+3	1.034960E-7	1.365400E+4	0.000000E+0	0.000000E+0
1.602857E+3	1.035040E-7	1.365420E+4	0.000000E+0	0.000000E+0
1.606859E+3	1.035070E-7	1.365430E+4	0.000000E+0	0.000000E+0
1.610858E+3	1.035160E-7	1.365420E+4	0.000000E+0	0.000000E+0
1.614859E+3	1.035160E-7	1.365420E+4	0.000000E+0	0.000000E+0
1.618862E+3	1.034990E-7	1.365440E+4	0.000000E+0	0.000000E+0
1.622858E+3	1.035050E-7	1.365430E+4	0.000000E+0	0.000000E+0
1.626861E+3	1.035150E-7	1.365390E+4	0.000000E+0	0.000000E+0
1.630855E+3	1.034990E-7	1.365360E+4	0.000000E+0	0.000000E+0
1.634864E+3	1.035030E-7	1.365330E+4	0.000000E+0	0.000000E+0
1.638856E+3	1.035110E-7	1.365320E+4	0.000000E+0	0.000000E+0
1.642859E+3	1.035250E-7	1.365360E+4	0.000000E+0	0.000000E+0
1.646856E+3	1.035230E-7	1.365380E+4	0.000000E+0	0.000000E+0
1.650863E+3	1.035190E-7	1.365400E+4	0.000000E+0	0.000000E+0
1.654858E+3	1.035380E-7	1.365430E+4	0.000000E+0	0.000000E+0
1.658861E+3	1.035140E-7	1.365420E+4	0.000000E+0	0.000000E+0
1.662858E+3	1.035250E-7	1.365420E+4	0.000000E+0	0.000000E+0
1.666861E+3	1.035060E-7	1.365410E+4	0.000000E+0	0.000000E+0
1.670857E+3	1.035280E-7	1.365400E+4	0.000000E+0	0.000000E+0
1.674864E+3	1.035110E-7	1.365380E+4	0.000000E+0	0.000000E+0
1.678859E+3	1.035350E-7	1.365380E+4	0.000000E+0	0.000000E+0
1.682859E+3	1.035140E-7	1.365380E+4	0.000000E+0	0.000000E+0
1.688152E+3	1.035220E-7	1.365370E+4	0.000000E+0	0.000000E+0
1.692596E+3	1.035380E-7	1.365350E+4	0.000000E+0	0.000000E+0
1.696862E+3	1.035300E-7	1.365330E+4	0.000000E+0	0.000000E+0
1.700858E+3	1.035260E-7	1.365310E+4	0.000000E+0	0.000000E+0
1.704861E+3	1.035210E-7	1.365300E+4	0.000000E+0	0.000000E+0
1.708864E+3	1.035090E-7	1.365280E+4	0.000000E+0	0.000000E+0
1.712859E+3	1.035170E-7	1.365280E+4	0.000000E+0	0.000000E+0
1.716860E+3	1.035190E-7	1.365290E+4	0.000000E+0	0.000000E+0
1.720858E+3	1.035210E-7	1.365310E+4	0.000000E+0	0.000000E+0
1.724859E+3	1.035290E-7	1.365350E+4	0.000000E+0	0.000000E+0
1.728856E+3	1.035230E-7	1.365360E+4	0.000000E+0	0.000000E+0
1.732858E+3	1.035200E-7	1.365360E+4	0.000000E+0	0.000000E+0
1.736856E+3	1.035250E-7	1.365340E+4	0.000000E+0	0.000000E+0
1.740858E+3	1.035280E-7	1.365340E+4	0.000000E+0	0.000000E+0
1.744861E+3	1.035270E-7	1.365310E+4	0.000000E+0	0.000000E+0
1.748857E+3	1.035440E-7	1.365300E+4	0.000000E+0	0.000000E+0
1.752861E+3	1.035340E-7	1.365290E+4	0.000000E+0	0.000000E+0
1.756859E+3	1.035250E-7	1.365290E+4	0.000000E+0	0.000000E+0
1.760861E+3	1.035200E-7	1.365290E+4	0.000000E+0	0.000000E+0
1.764860E+3	1.035130E-7	1.365290E+4	0.000000E+0	0.000000E+0
1.768864E+3	1.035100E-7	1.365300E+4	0.000000E+0	0.000000E+0
1.772857E+3	1.035170E-7	1.365280E+4	0.000000E+0	0.000000E+0
1.776862E+3	1.035130E-7	1.365260E+4	0.000000E+0	0.000000E+0
1.780858E+3	1.035250E-7	1.365210E+4	0.000000E+0	0.000000E+0
1.784861E+3	1.035170E-7	1.365170E+4	0.000000E+0	0.000000E+0
1.788858E+3	1.035250E-7	1.365160E+4	0.000000E+0	0.000000E+0
1.792861E+3	1.035190E-7	1.365160E+4	0.000000E+0	0.000000E+0
1.796858E+3	1.035190E-7	1.365210E+4	0.000000E+0	0.000000E+0
1.800862E+3	1.035250E-7	1.365240E+4	0.000000E+0	0.000000E+0
1.804858E+3	1.035230E-7	1.365260E+4	0.000000E+0	0.000000E+0
1.808860E+3	1.035230E-7	1.365290E+4	0.000000E+0	0.000000E+0
1.812856E+3	1.035330E-7	1.365300E+4	0.000000E+0	0.000000E+0
1.816859E+3	1.035300E-7	1.365300E+4	0.000000E+0	0.000000E+0
1.820858E+3	1.035250E-7	1.365310E+4	0.000000E+0	0.000000E+0
1.824860E+3	1.035310E-7	1.365310E+4	0.000000E+0	0.000000E+0
1.828857E+3	1.035160E-7	1.365300E+4	0.000000E+0	0.000000E+0
1.832859E+3	1.035320E-7	1.365300E+4	0.000000E+0	0.000000E+0
1.836857E+3	1.035330E-7	1.365300E+4	0.000000E+0	0.000000E+0
1.840863E+3	1.035260E-7	1.365300E+4	0.000000E+0	0.000000E+0
1.844860E+3	1.035250E-7	1.365300E+4	0.000000E+0	0.000000E+0
1.848859E+3	1.035390E-7	1.365280E+4	0.000000E+0	0.000000E+0
1.852860E+3	1.035360E-7	1.365250E+4	0.000000E+0	0.000000E+0
1.856859E+3	1.035540E-7	1.365250E+4	0.000000E+0	0.000000E+0
1.860855E+3	1.035490E-7	1.365260E+4	0.000000E+0	0.000000E+0
1.864861E+3	1.035540E-7	1.365270E+4	0.000000E+0	0.000000E+0
1.868864E+3	1.035550E-7	1.365280E+4	0.000000E+0	0.000000E+0
1.872858E+3	1.035500E-7	1.365280E+4	0.000000E+0	0.000000E+0
1.876858E+3	1.035540E-7	1.365260E+4	0.000000E+0	0.000000E+0
1.880861E+3	1.035560E-7	1.365230E+4	0.000000E+0	0.000000E+0
1.884855E+3	1.035590E-7	1.365210E+4	0.000000E+0	0.000000E+0
1.888858E+3	1.035590E-7	1.365170E+4	0.000000E+0	0.000000E+0
1.892859E+3	1.035580E-7	1.365140E+4	0.000000E+0	0.000000E+0
1.896859E+3	1.035580E-7	1.365120E+4	0.000000E+0	0.000000E+0
1.900861E+3	1.035600E-7	1.365110E+4	0.000000E+0	0.000000E+0
1.904860E+3	1.035600E-7	1.365100E+4	0.000000E+0	0.000000E+0
1.908861E+3	1.035500E-7	1.365120E+4	0.000000E+0	0.000000E+0
1.912856E+3	1.035540E-7	1.365130E+4	0.000000E+0	0.000000E+0
1.916856E+3	1.035590E-7	1.365130E+4	0.000000E+0	0.000000E+0
1.920860E+3	1.035610E-7	1.365130E+4	0.000000E+0	0.000000E+0
1.924860E+3	1.035640E-7	1.365120E+4	0.000000E+0	0.000000E+0
1.928859E+3	1.035690E-7	1.365090E+4	0.000000E+0	0.000000E+0
1.932859E+3	1.035640E-7	1.365050E+4	0.000000E+0	0.000000E+0
1.936861E+3	1.035580E-7	1.365050E+4	0.000000E+0	0.000000E+0
1.940856E+3	1.035550E-7	1.365040E+4	0.000000E+0	0.000000E+0
1.944858E+3	1.035590E-7	1.365060E+4	0.000000E+0	0.000000E+0
1.948857E+3	1.035550E-7	1.365080E+4	0.000000E+0	0.000000E+0
1.952858E+3	1.035560E-7	1.365100E+4	0.000000E+0	0.000000E+0
1.956862E+3	1.035580E-7	1.365120E+4	0.000000E+0	0.000000E+0
1.960860E+3	1.035510E-7	1.365140E+4	0.000000E+0	0.000000E+0
1.964856E+3	1.035500E-7	1.365150E+4	0.000000E+0	0.000000E+0
1.968862E+3	1.035540E-7	1.365170E+4	0.000000E+0	0.000000E+0
1.972856E+3	1.035430E-7	1.365180E+4	0.000000E+0	0.000000E+0
1.976861E+3	1.035570E-7	1.365190E+4	0.000000E+0	0.000000E+0
1.980861E+3	1.035650E-7	1.365180E+4	0.000000E+0	0.000000E+0
1.984861E+3	1.035650E-7	1.365190E+4	0.000000E+0	0.000000E+0
1.988856E+3	1.035780E-7	1.365210E+4	0.000000E+0	0.000000E+0
1.992857E+3	1.035670E-7	1.365210E+4	0.000000E+0	0.000000E+0
1.996860E+3	1.035730E-7	1.365220E+4	0.000000E+0	0.000000E+0
2.000860E+3	1.035790E-7	1.365200E+4	0.000000E+0	0.000000E+0
2.004859E+3	1.035680E-7	1.365170E+4	0.000000E+0	0.000000E+0
2.008860E+3	1.035790E-7	1.365140E+4	0.000000E+0	0.000000E+0
2.012859E+3	1.035770E-7	1.365100E+4	0.000000E+0	0.000000E+0
2.016861E+3	1.035640E-7	1.365090E+4	0.000000E+0	0.000000E+0
2.020861E+3	1.035740E-7	1.365070E+4	0.000000E+0	0.000000E+0
2.024861E+3	1.035700E-7	1.365050E+4	0.000000E+0	0.000000E+0
2.028857E+3	1.035770E-7	1.365030E+4	0.000000E+0	0.000000E+0
2.032861E+3	1.035840E-7	1.365020E+4	0.000000E+0	0.000000E+0
2.036860E+3	1.035780E-7	1.365010E+4	0.000000E+0	0.000000E+0
2.040862E+3	1.035810E-7	1.365000E+4	0.000000E+0	0.000000E+0
2.044858E+3	1.035690E-7	1.365010E+4	0.000000E+0	0.000000E+0
2.048861E+3	1.035790E-7	1.364990E+4	0.000000E+0	0.000000E+0
2.052855E+3	1.035810E-7	1.364990E+4	0.000000E+0	0.000000E+0
2.056858E+3	1.035840E-7	1.364980E+4	0.000000E+0	0.000000E+0
2.060856E+3	1.035900E-7	1.364980E+4	0.000000E+0	0.000000E+0
2.064861E+3	1.035870E-7	1.364990E+4	0.000000E+0	0.000000E+0
2.068857E+3	1.035940E-7	1.365000E+4	0.000000E+0	0.000000E+0
2.072859E+3	1.035880E-7	1.364990E+4	0.000000E+0	0.000000E+0
2.076860E+3	1.035810E-7	1.364970E+4	0.000000E+0	0.000000E+0
2.080864E+3	1.035850E-7	1.364960E+4	0.000000E+0	0.000000E+0
2.084857E+3	1.035960E-7	1.364930E+4	0.000000E+0	0.000000E+0
2.088857E+3	1.035920E-7	1.364920E+4	0.000000E+0	0.000000E+0
2.092857E+3	1.035850E-7	1.364910E+4	0.000000E+0	0.000000E+0
2.096861E+3	1.035960E-7	1.364920E+4	0.000000E+0	0.000000E+0
2.100858E+3	1.036060E-7	1.364940E+4	0.000000E+0	0.000000E+0
2.104861E+3	1.035990E-7	1.364940E+4	0.000000E+0	0.000000E+0
2.108862E+3	1.036100E-7	1.364950E+4	0.000000E+0	0.000000E+0
2.112863E+3	1.036080E-7	1.364950E+4	0.000000E+0	0.000000E+0
2.116860E+3	1.036180E-7	1.364950E+4	0.000000E+0	0.000000E+0
2.120862E+3	1.035990E-7	1.364940E+4	0.000000E+0	0.000000E+0
2.124860E+3	1.036050E-7	1.364940E+4	0.000000E+0	0.000000E+0
2.128861E+3	1.036160E-7	1.364930E+4	0.000000E+0	0.000000E+0
2.132861E+3	1.035970E-7	1.364950E+4	0.000000E+0	0.000000E+0
2.136859E+3	1.035980E-7	1.364930E+4	0.000000E+0	0.000000E+0
2.140859E+3	1.036050E-7	1.364920E+4	0.000000E+0	0.000000E+0
2.144859E+3	1.036020E-7	1.364910E+4	0.000000E+0	0.000000E+0
2.148861E+3	1.036180E-7	1.364900E+4	0.000000E+0	0.000000E+0
2.152863E+3	1.036100E-7	1.364880E+4	0.000000E+0	0.000000E+0
2.156859E+3	1.036250E-7	1.364870E+4	0.000000E+0	0.000000E+0
2.160859E+3	1.036230E-7	1.364870E+4	0.000000E+0	0.000000E+0
2.164860E+3	1.036230E-7	1.364870E+4	0.000000E+0	0.000000E+0
2.168864E+3	1.036220E-7	1.364860E+4	0.000000E+0	0.000000E+0
2.172859E+3	1.036130E-7	1.364860E+4	0.000000E+0	0.000000E+0
2.176860E+3	1.036200E-7	1.364840E+4	0.000000E+0	0.000000E+0
2.180860E+3	1.036150E-7	1.364850E+4	0.000000E+0	0.000000E+0
2.184865E+3	1.036230E-7	1.364850E+4	0.000000E+0	0.000000E+0
2.188853E+3	1.036070E-7	1.364830E+4	0.000000E+0	0.000000E+0
2.192861E+3	1.036100E-7	1.364810E+4	0.000000E+0	0.000000E+0
2.196855E+3	1.036240E-7	1.364780E+4	0.000000E+0	0.000000E+0
2.200856E+3	1.036170E-7	1.364760E+4	0.000000E+0	0.000000E+0
2.204858E+3	1.036290E-7	1.364750E+4	0.000000E+0	0.000000E+0
2.208860E+3	1.036290E-7	1.364750E+4	0.000000E+0	0.000000E+0
2.212859E+3	1.036080E-7	1.364750E+4	0.000000E+0	0.000000E+0
2.216863E+3	1.036230E-7	1.364740E+4	0.000000E+0	0.000000E+0
2.220858E+3	1.036170E-7	1.364750E+4	0.000000E+0	0.000000E+0
2.224861E+3	1.036210E-7	1.364750E+4	0.000000E+0	0.000000E+0
2.228859E+3	1.036060E-7	1.364750E+4	0.000000E+0	0.000000E+0
2.232866E+3	1.036270E-7	1.364730E+4	0.000000E+0	0.000000E+0
2.236857E+3	1.036190E-7	1.364720E+4	0.000000E+0	0.000000E+0
2.240861E+3	1.036180E-7	1.364710E+4	0.000000E+0	0.000000E+0
2.244859E+3	1.036260E-7	1.364720E+4	0.000000E+0	0.000000E+0
2.248859E+3	1.036190E-7	1.364720E+4	0.000000E+0	0.000000E+0
2.252860E+3	1.036030E-7	1.364720E+4	0.000000E+0	0.000000E+0
2.256862E+3	1.036120E-7	1.364720E+4	0.000000E+0	0.000000E+0
2.260858E+3	1.036060E-7	1.364720E+4	0.000000E+0	0.000000E+0
2.264861E+3	1.036070E-7	1.364720E+4	0.000000E+0	0.000000E+0
2.268861E+3	1.036010E-7	1.364700E+4	0.000000E+0	0.000000E+0
2.272861E+3	1.036220E-7	1.364690E+4	0.000000E+0	0.000000E+0
2.276861E+3	1.036090E-7	1.364670E+4	0.000000E+0	0.000000E+0
2.280861E+3	1.036240E-7	1.364680E+4	0.000000E+0	0.000000E+0
2.284860E+3	1.036160E-7	1.364670E+4	0.000000E+0	0.000000E+0
2.288861E+3	1.036350E-7	1.364660E+4	0.000000E+0	0.000000E+0
2.292853E+3	1.036380E-7	1.364660E+4	0.000000E+0	0.000000E+0
2.296861E+3	1.035980E-7	1.364670E+4	0.000000E+0	0.000000E+0
2.300858E+3	1.036120E-7	1.364690E+4	0.000000E+0	0.000000E+0
2.304859E+3	1.036110E-7	1.364700E+4	0.000000E+0	0.000000E+0
2.308854E+3	1.036140E-7	1.364710E+4	0.000000E+0	0.000000E+0
2.312859E+3	1.036010E-7	1.364710E+4	0.000000E+0	0.000000E+0
2.316861E+3	1.036110E-7	1.364710E+4	0.000000E+0	0.000000E+0
2.320861E+3	1.036260E-7	1.364720E+4	0.000000E+0	0.000000E+0
2.324857E+3	1.036260E-7	1.364700E+4	0.000000E+0	0.000000E+0
2.328861E+3	1.036140E-7	1.364690E+4	0.000000E+0	0.000000E+0
2.332859E+3	1.036390E-7	1.364670E+4	0.000000E+0	0.000000E+0
2.336861E+3	1.036390E-7	1.364670E+4	0.000000E+0	0.000000E+0
2.340857E+3	1.036370E-7	1.364670E+4	0.000000E+0	0.000000E+0
2.344858E+3	1.036270E-7	1.364660E+4	0.000000E+0	0.000000E+0
2.348855E+3	1.036380E-7	1.364680E+4	0.000000E+0	0.000000E+0
2.352860E+3	1.036240E-7	1.364690E+4	0.000000E+0	0.000000E+0
2.356852E+3	1.036300E-7	1.364700E+4	0.000000E+0	0.000000E+0
2.360861E+3	1.036340E-7	1.364720E+4	0.000000E+0	0.000000E+0
2.364861E+3	1.036700E-7	1.364720E+4	0.000000E+0	0.000000E+0
2.368861E+3	1.036400E-7	1.364720E+4	0.000000E+0	0.000000E+0
2.372856E+3	1.036420E-7	1.364720E+4	0.000000E+0	0.000000E+0
2.376861E+3	1.036220E-7	1.364740E+4	0.000000E+0	0.000000E+0
2.380856E+3	1.036310E-7	1.364740E+4	0.000000E+0	0.000000E+0
2.384856E+3	1.036430E-7	1.364750E+4	0.000000E+0	0.000000E+0
2.388854E+3	1.036240E-7	1.364760E+4	0.000000E+0	0.000000E+0
2.392861E+3	1.036390E-7	1.364760E+4	0.000000E+0	0.000000E+0
2.396857E+3	1.036430E-7	1.364760E+4	0.000000E+0	0.000000E+0
2.400861E+3	1.036460E-7	1.364770E+4	0.000000E+0	0.000000E+0
2.404859E+3	1.036380E-7	1.364780E+4	0.000000E+0	0.000000E+0
2.408856E+3	1.036330E-7	1.364780E+4	0.000000E+0	0.000000E+0
2.412854E+3	1.036410E-7	1.364790E+4	0.000000E+0	0.000000E+0
2.416856E+3	1.036470E-7	1.364790E+4	0.000000E+0	0.000000E+0
2.420857E+3	1.036490E-7	1.364790E+4	0.000000E+0	0.000000E+0
2.424861E+3	1.036370E-7	1.364780E+4	0.000000E+0	0.000000E+0
2.428857E+3	1.036430E-7	1.364780E+4	0.000000E+0	0.000000E+0
2.432860E+3	1.036400E-7	1.364780E+4	0.000000E+0	0.000000E+0
2.436855E+3	1.036560E-7	1.364760E+4	0.000000E+0	0.000000E+0
2.440860E+3	1.036440E-7	1.364780E+4	0.000000E+0	0.000000E+0
2.444858E+3	1.036500E-7	1.364760E+4	0.000000E+0	0.000000E+0
2.448860E+3	1.036500E-7	1.364780E+4	0.000000E+0	0.000000E+0
2.452856E+3	1.036410E-7	1.364800E+4	0.000000E+0	0.000000E+0
2.456856E+3	1.036470E-7	1.364800E+4	0.000000E+0	0.000000E+0
2.460859E+3	1.036540E-7	1.364810E+4	0.000000E+0	0.000000E+0
2.464861E+3	1.036590E-7	1.364810E+4	0.000000E+0	0.000000E+0
2.468854E+3	1.036630E-7	1.364790E+4	0.000000E+0	0.000000E+0
2.472859E+3	1.036510E-7	1.364760E+4	0.000000E+0	0.000000E+0
2.476857E+3	1.036620E-7	1.364740E+4	0.000000E+0	0.000000E+0
2.480861E+3	1.036490E-7	1.364720E+4	0.000000E+0	0.000000E+0
2.484859E+3	1.036610E-7	1.364710E+4	0.000000E+0	0.000000E+0
2.488860E+3	1.036710E-7	1.364700E+4	0.000000E+0	0.000000E+0
2.492857E+3	1.036560E-7	1.364710E+4	0.000000E+0	0.000000E+0
2.496859E+3	1.036580E-7	1.364720E+4	0.000000E+0	0.000000E+0
2.500855E+3	1.036630E-7	1.364700E+4	0.000000E+0	0.000000E+0
2.504858E+3	1.036660E-7	1.364700E+4	0.000000E+0	0.000000E+0
2.508858E+3	1.036760E-7	1.364690E+4	0.000000E+0	0.000000E+0
2.512860E+3	1.036600E-7	1.364670E+4	0.000000E+0	0.000000E+0
2.516857E+3	1.036660E-7	1.364670E+4	0.000000E+0	0.000000E+0
2.520861E+3	1.036580E-7	1.364660E+4	0.000000E+0	0.000000E+0
2.524856E+3	1.036520E-7	1.364670E+4	0.000000E+0	0.000000E+0
2.528861E+3	1.036670E-7	1.364680E+4	0.000000E+0	0.000000E+0
2.532858E+3	1.036690E-7	1.364690E+4	0.000000E+0	0.000000E+0
2.536856E+3	1.036770E-7	1.364700E+4	0.000000E+0	0.000000E+0
2.540855E+3	1.036720E-7	1.364720E+4	0.000000E+0	0.000000E+0
2.544861E+3	1.036600E-7	1.364730E+4	0.000000E+0	0.000000E+0
2.548854E+3	1.036740E-7	1.364740E+4	0.000000E+0	0.000000E+0
2.552861E+3	1.036740E-7	1.364760E+4	0.000000E+0	0.000000E+0
2.556854E+3	1.036850E-7	1.364770E+4	0.000000E+0	0.000000E+0
2.560861E+3	1.036640E-7	1.364780E+4	0.000000E+0	0.000000E+0
2.564857E+3	1.036720E-7	1.364780E+4	0.000000E+0	0.000000E+0
2.568863E+3	1.036800E-7	1.364770E+4	0.000000E+0	0.000000E+0
2.572855E+3	1.036730E-7	1.364770E+4	0.000000E+0	0.000000E+0
2.576866E+3	1.036830E-7	1.364780E+4	0.000000E+0	0.000000E+0
2.580861E+3	1.036830E-7	1.364800E+4	0.000000E+0	0.000000E+0
2.584854E+3	1.036800E-7	1.364810E+4	0.000000E+0	0.000000E+0
2.588855E+3	1.036990E-7	1.364800E+4	0.000000E+0	0.000000E+0
2.592860E+3	1.036820E-7	1.364800E+4	0.000000E+0	0.000000E+0
2.596855E+3	1.036810E-7	1.364790E+4	0.000000E+0	0.000000E+0
2.600867E+3	1.036820E-7	1.364770E+4	0.000000E+0	0.000000E+0
2.604858E+3	1.036970E-7	1.364750E+4	0.000000E+0	0.000000E+0
2.608858E+3	1.036940E-7	1.364730E+4	0.000000E+0	0.000000E+0
2.612856E+3	1.036930E-7	1.364710E+4	0.000000E+0	0.000000E+0
2.616860E+3	1.036860E-7	1.364720E+4	0.000000E+0	0.000000E+0
2.620859E+3	1.036910E-7	1.364720E+4	0.000000E+0	0.000000E+0
2.624865E+3	1.036970E-7	1.364720E+4	0.000000E+0	0.000000E+0
2.628859E+3	1.036980E-7	1.364710E+4	0.000000E+0	0.000000E+0
2.632861E+3	1.036900E-7	1.364720E+4	0.000000E+0	0.000000E+0
2.636855E+3	1.036970E-7	1.364690E+4	0.000000E+0	0.000000E+0
2.640861E+3	1.037050E-7	1.364700E+4	0.000000E+0	0.000000E+0
2.644859E+3	1.037000E-7	1.364690E+4	0.000000E+0	0.000000E+0
2.648861E+3	1.036890E-7	1.364670E+4	0.000000E+0	0.000000E+0
2.652855E+3	1.036920E-7	1.364660E+4	0.000000E+0	0.000000E+0
2.656863E+3	1.036940E-7	1.364650E+4	0.000000E+0	0.000000E+0
2.660859E+3	1.037040E-7	1.364640E+4	0.000000E+0	0.000000E+0
2.664861E+3	1.037030E-7	1.364630E+4	0.000000E+0	0.000000E+0
2.668856E+3	1.037150E-7	1.364620E+4	0.000000E+0	0.000000E+0
2.672862E+3	1.037150E-7	1.364610E+4	0.000000E+0	0.000000E+0
2.676857E+3	1.037100E-7	1.364590E+4	0.000000E+0	0.000000E+0
2.680867E+3	1.037080E-7	1.364580E+4	0.000000E+0	0.000000E+0
2.684860E+3	1.037000E-7	1.364580E+4	0.000000E+0	0.000000E+0
2.688860E+3	1.037160E-7	1.364580E+4	0.000000E+0	0.000000E+0
2.692860E+3	1.037040E-7	1.364570E+4	0.000000E+0	0.000000E+0
2.696859E+3	1.037240E-7	1.364560E+4	0.000000E+0	0.000000E+0
2.700859E+3	1.037060E-7	1.364560E+4	0.000000E+0	0.000000E+0
2.704858E+3	1.036990E-7	1.364560E+4	0.000000E+0	0.000000E+0
2.708861E+3	1.037160E-7	1.364570E+4	0.000000E+0	0.000000E+0
2.712861E+3	1.037230E-7	1.364620E+4	0.000000E+0	0.000000E+0
2.716857E+3	1.037170E-7	1.364640E+4	0.000000E+0	0.000000E+0
2.720859E+3	1.037260E-7	1.364670E+4	0.000000E+0	0.000000E+0
2.724856E+3	1.037170E-7	1.364680E+4	0.000000E+0	0.000000E+0
2.728863E+3	1.037040E-7	1.364680E+4	0.000000E+0	0.000000E+0
2.732857E+3	1.037130E-7	1.364670E+4	0.000000E+0	0.000000E+0
2.736861E+3	1.037150E-7	1.364650E+4	0.000000E+0	0.000000E+0
2.740861E+3	1.037100E-7	1.364640E+4	0.000000E+0	0.000000E+0
2.744862E+3	1.037090E-7	1.364640E+4	0.000000E+0	0.000000E+0
2.748858E+3	1.037000E-7	1.364650E+4	0.000000E+0	0.000000E+0
2.752861E+3	1.037090E-7	1.364660E+4	0.000000E+0	0.000000E+0
2.756860E+3	1.037160E-7	1.364670E+4	0.000000E+0	0.000000E+0
2.760860E+3	1.037110E-7	1.364680E+4	0.000000E+0	0.000000E+0
2.764857E+3	1.037130E-7	1.364700E+4	0.000000E+0	0.000000E+0
2.768861E+3	1.037130E-7	1.364690E+4	0.000000E+0	0.000000E+0
2.772858E+3	1.037180E-7	1.364690E+4	0.000000E+0	0.000000E+0
2.776860E+3	1.037150E-7	1.364670E+4	0.000000E+0	0.000000E+0
2.780858E+3	1.037010E-7	1.364700E+4	0.000000E+0	0.000000E+0
2.784862E+3	1.037070E-7	1.364740E+4	0.000000E+0	0.000000E+0
2.788854E+3	1.037070E-7	1.364760E+4	0.000000E+0	0.000000E+0
2.792859E+3	1.037200E-7	1.364760E+4	0.000000E+0	0.000000E+0
2.796857E+3	1.037140E-7	1.364750E+4	0.000000E+0	0.000000E+0
2.800859E+3	1.037140E-7	1.364740E+4	0.000000E+0	0.000000E+0
2.804857E+3	1.037290E-7	1.364710E+4	0.000000E+0	0.000000E+0
2.808857E+3	1.037220E-7	1.364690E+4	0.000000E+0	0.000000E+0
2.812857E+3	1.037050E-7	1.364660E+4	0.000000E+0	0.000000E+0
2.816862E+3	1.037180E-7	1.364650E+4	0.000000E+0	0.000000E+0
2.820857E+3	1.037150E-7	1.364630E+4	0.000000E+0	0.000000E+0
2.824859E+3	1.037280E-7	1.364630E+4	0.000000E+0	0.000000E+0
2.828858E+3	1.037230E-7	1.364620E+4	0.000000E+0	0.000000E+0
2.832858E+3	1.037120E-7	1.364620E+4	0.000000E+0	0.000000E+0
2.836855E+3	1.037170E-7	1.364610E+4	0.000000E+0	0.000000E+0
2.840860E+3	1.037230E-7	1.364610E+4	0.000000E+0	0.000000E+0
2.844855E+3	1.037150E-7	1.364600E+4	0.000000E+0	0.000000E+0
2.848857E+3	1.037310E-7	1.364580E+4	0.000000E+0	0.000000E+0
2.852855E+3	1.037290E-7	1.364570E+4	0.000000E+0	0.000000E+0
2.856861E+3	1.037170E-7	1.364540E+4	0.000000E+0	0.000000E+0
2.860859E+3	1.037310E-7	1.364520E+4	0.000000E+0	0.000000E+0
2.864860E+3	1.037220E-7	1.364500E+4	0.000000E+0	0.000000E+0
2.868862E+3	1.037250E-7	1.364480E+4	0.000000E+0	0.000000E+0
2.872861E+3	1.037200E-7	1.364480E+4	0.000000E+0	0.000000E+0
2.876859E+3	1.037240E-7	1.364480E+4	0.000000E+0	0.000000E+0
2.880861E+3	1.037350E-7	1.364490E+4	0.000000E+0	0.000000E+0
2.884859E+3	1.037350E-7	1.364490E+4	0.000000E+0	0.000000E+0
2.888916E+3	1.037470E-7	1.364490E+4	0.000000E+0	0.000000E+0
2.892854E+3	1.037360E-7	1.364490E+4	0.000000E+0	0.000000E+0
2.896861E+3	1.037390E-7	1.364480E+4	0.000000E+0	0.000000E+0
2.900860E+3	1.037250E-7	1.364470E+4	0.000000E+0	0.000000E+0
2.904860E+3	1.037300E-7	1.364460E+4	0.000000E+0	0.000000E+0
2.908859E+3	1.037350E-7	1.364450E+4	0.000000E+0	0.000000E+0
2.912861E+3	1.037260E-7	1.364440E+4	0.000000E+0	0.000000E+0
2.916857E+3	1.037360E-7	1.364430E+4	0.000000E+0	0.000000E+0
2.920862E+3	1.037300E-7	1.364430E+4	0.000000E+0	0.000000E+0
2.924862E+3	1.037250E-7	1.364420E+4	0.000000E+0	0.000000E+0
2.928861E+3	1.037380E-7	1.364410E+4	0.000000E+0	0.000000E+0
2.932858E+3	1.037270E-7	1.364400E+4	0.000000E+0	0.000000E+0
2.936858E+3	1.037290E-7	1.364390E+4	0.000000E+0	0.000000E+0
2.940856E+3	1.037370E-7	1.364380E+4	0.000000E+0	0.000000E+0
2.944862E+3	1.037340E-7	1.364370E+4	0.000000E+0	0.000000E+0
2.948862E+3	1.037350E-7	1.364350E+4	0.000000E+0	0.000000E+0
2.952861E+3	1.037410E-7	1.364350E+4	0.000000E+0	0.000000E+0
2.956856E+3	1.037300E-7	1.364350E+4	0.000000E+0	0.000000E+0
2.960859E+3	1.037260E-7	1.364350E+4	0.000000E+0	0.000000E+0
2.964854E+3	1.037390E-7	1.364330E+4	0.000000E+0	0.000000E+0
2.968861E+3	1.037500E-7	1.364310E+4	0.000000E+0	0.000000E+0
2.972856E+3	1.037480E-7	1.364290E+4	0.000000E+0	0.000000E+0
2.976857E+3	1.037480E-7	1.364300E+4	0.000000E+0	0.000000E+0
2.980857E+3	1.037360E-7	1.364290E+4	0.000000E+0	0.000000E+0
2.984860E+3	1.037350E-7	1.364290E+4	0.000000E+0	0.000000E+0
2.988855E+3	1.037430E-7	1.364290E+4	0.000000E+0	0.000000E+0
2.992857E+3	1.037530E-7	1.364300E+4	0.000000E+0	0.000000E+0
2.996855E+3	1.037460E-7	1.364290E+4	0.000000E+0	0.000000E+0
3.000861E+3	1.037400E-7	1.364300E+4	0.000000E+0	0.000000E+0
3.004858E+3	1.037450E-7	1.364320E+4	0.000000E+0	0.000000E+0
3.008862E+3	1.037360E-7	1.364330E+4	0.000000E+0	0.000000E+0
3.012857E+3	1.037390E-7	1.364340E+4	0.000000E+0	0.000000E+0
3.016861E+3	1.037540E-7	1.364340E+4	0.000000E+0	0.000000E+0
3.020855E+3	1.037500E-7	1.364360E+4	0.000000E+0	0.000000E+0
3.024863E+3	1.037430E-7	1.364390E+4	0.000000E+0	0.000000E+0
3.028858E+3	1.037600E-7	1.364410E+4	0.000000E+0	0.000000E+0
3.032862E+3	1.037400E-7	1.364410E+4	0.000000E+0	0.000000E+0
3.036861E+3	1.037510E-7	1.364420E+4	0.000000E+0	0.000000E+0
3.040863E+3	1.037570E-7	1.364400E+4	0.000000E+0	0.000000E+0
3.044858E+3	1.037500E-7	1.364390E+4	0.000000E+0	0.000000E+0
3.048863E+3	1.037520E-7	1.364370E+4	0.000000E+0	0.000000E+0
3.052859E+3	1.037580E-7	1.364370E+4	0.000000E+0	0.000000E+0
3.056866E+3	1.037470E-7	1.364370E+4	0.000000E+0	0.000000E+0
3.060859E+3	1.037560E-7	1.364360E+4	0.000000E+0	0.000000E+0
3.064859E+3	1.037420E-7	1.364350E+4	0.000000E+0	0.000000E+0
3.068859E+3	1.037530E-7	1.364350E+4	0.000000E+0	0.000000E+0
3.072864E+3	1.037500E-7	1.364340E+4	0.000000E+0	0.000000E+0
3.076855E+3	1.037530E-7	1.364330E+4	0.000000E+0	0.000000E+0
3.080857E+3	1.037630E-7	1.364330E+4	0.000000E+0	0.000000E+0
3.084857E+3	1.037590E-7	1.364330E+4	0.000000E+0	0.000000E+0
3.088862E+3	1.037680E-7	1.364340E+4	0.000000E+0	0.000000E+0
3.092857E+3	1.037510E-7	1.364350E+4	0.000000E+0	0.000000E+0
3.096862E+3	1.037680E-7	1.364350E+4	0.000000E+0	0.000000E+0
3.100861E+3	1.037500E-7	1.364370E+4	0.000000E+0	0.000000E+0
3.104861E+3	1.037600E-7	1.364390E+4	0.000000E+0	0.000000E+0
3.108858E+3	1.037640E-7	1.364410E+4	0.000000E+0	0.000000E+0
3.112863E+3	1.037530E-7	1.364410E+4	0.000000E+0	0.000000E+0
3.116859E+3	1.037440E-7	1.364410E+4	0.000000E+0	0.000000E+0
3.120861E+3	1.037490E-7	1.364390E+4	0.000000E+0	0.000000E+0
3.124856E+3	1.037540E-7	1.364370E+4	0.000000E+0	0.000000E+0
3.128861E+3	1.037590E-7	1.364350E+4	0.000000E+0	0.000000E+0
3.132857E+3	1.037490E-7	1.364340E+4	0.000000E+0	0.000000E+0
3.136864E+3	1.037620E-7	1.364330E+4	0.000000E+0	0.000000E+0
3.140859E+3	1.037730E-7	1.364330E+4	0.000000E+0	0.000000E+0
3.144864E+3	1.037640E-7	1.364340E+4	0.000000E+0	0.000000E+0
3.148857E+3	1.037650E-7	1.364330E+4	0.000000E+0	0.000000E+0
3.152861E+3	1.037690E-7	1.364330E+4	0.000000E+0	0.000000E+0
3.156859E+3	1.037810E-7	1.364340E+4	0.000000E+0	0.000000E+0
3.160858E+3	1.037630E-7	1.364350E+4	0.000000E+0	0.000000E+0
3.164857E+3	1.037730E-7	1.364350E+4	0.000000E+0	0.000000E+0
3.168862E+3	1.037720E-7	1.364380E+4	0.000000E+0	0.000000E+0
3.172860E+3	1.037710E-7	1.364430E+4	0.000000E+0	0.000000E+0
3.176863E+3	1.037740E-7	1.364450E+4	0.000000E+0	0.000000E+0
3.180858E+3	1.037620E-7	1.364450E+4	0.000000E+0	0.000000E+0
3.184862E+3	1.037750E-7	1.364440E+4	0.000000E+0	0.000000E+0
3.188858E+3	1.037950E-7	1.364430E+4	0.000000E+0	0.000000E+0
3.192862E+3	1.037700E-7	1.364440E+4	0.000000E+0	0.000000E+0
3.196856E+3	1.037750E-7	1.364430E+4	0.000000E+0	0.000000E+0
3.200859E+3	1.037780E-7	1.364410E+4	0.000000E+0	0.000000E+0
3.204859E+3	1.037740E-7	1.364400E+4	0.000000E+0	0.000000E+0
3.208863E+3	1.037770E-7	1.364400E+4	0.000000E+0	0.000000E+0
3.212859E+3	1.037860E-7	1.364410E+4	0.000000E+0	0.000000E+0
3.216863E+3	1.038000E-7	1.364420E+4	0.000000E+0	0.000000E+0
3.220860E+3	1.037770E-7	1.364400E+4	0.000000E+0	0.000000E+0
3.224859E+3	1.037750E-7	1.364380E+4	0.000000E+0	0.000000E+0
3.228856E+3	1.037730E-7	1.364360E+4	0.000000E+0	0.000000E+0
3.232862E+3	1.037730E-7	1.364310E+4	0.000000E+0	0.000000E+0
3.236860E+3	1.037700E-7	1.364270E+4	0.000000E+0	0.000000E+0
3.240860E+3	1.037880E-7	1.364260E+4	0.000000E+0	0.000000E+0
3.244860E+3	1.037770E-7	1.364250E+4	0.000000E+0	0.000000E+0
3.248858E+3	1.037830E-7	1.364270E+4	0.000000E+0	0.000000E+0
3.252858E+3	1.037900E-7	1.364310E+4	0.000000E+0	0.000000E+0
3.256858E+3	1.037930E-7	1.364320E+4	0.000000E+0	0.000000E+0
3.260857E+3	1.037840E-7	1.364340E+4	0.000000E+0	0.000000E+0
3.264865E+3	1.037970E-7	1.364330E+4	0.000000E+0	0.000000E+0
3.268860E+3	1.037680E-7	1.364340E+4	0.000000E+0	0.000000E+0
3.272859E+3	1.037810E-7	1.364320E+4	0.000000E+0	0.000000E+0
3.276861E+3	1.037760E-7	1.364320E+4	0.000000E+0	0.000000E+0
3.280859E+3	1.037840E-7	1.364310E+4	0.000000E+0	0.000000E+0
3.284859E+3	1.037790E-7	1.364270E+4	0.000000E+0	0.000000E+0
3.288861E+3	1.037790E-7	1.364250E+4	0.000000E+0	0.000000E+0
3.292859E+3	1.037830E-7	1.364230E+4	0.000000E+0	0.000000E+0
3.296860E+3	1.037850E-7	1.364250E+4	0.000000E+0	0.000000E+0
3.300861E+3	1.037990E-7	1.364250E+4	0.000000E+0	0.000000E+0
3.304857E+3	1.037900E-7	1.364280E+4	0.000000E+0	0.000000E+0
3.308859E+3	1.038000E-7	1.364260E+4	0.000000E+0	0.000000E+0
3.312861E+3	1.037980E-7	1.364200E+4	0.000000E+0	0.000000E+0
3.316860E+3	1.037980E-7	1.364150E+4	0.000000E+0	0.000000E+0
3.320861E+3	1.037980E-7	1.364140E+4	0.000000E+0	0.000000E+0
3.324860E+3	1.038050E-7	1.364110E+4	0.000000E+0	0.000000E+0
3.328861E+3	1.037950E-7	1.364080E+4	0.000000E+0	0.000000E+0
3.332860E+3	1.037850E-7	1.364070E+4	0.000000E+0	0.000000E+0
3.336861E+3	1.038120E-7	1.364060E+4	0.000000E+0	0.000000E+0
3.340858E+3	1.037940E-7	1.364050E+4	0.000000E+0	0.000000E+0
3.344860E+3	1.038050E-7	1.364050E+4	0.000000E+0	0.000000E+0
3.348855E+3	1.038100E-7	1.364040E+4	0.000000E+0	0.000000E+0
3.352862E+3	1.038070E-7	1.364040E+4	0.000000E+0	0.000000E+0
3.356858E+3	1.038180E-7	1.364030E+4	0.000000E+0	0.000000E+0
3.360859E+3	1.038180E-7	1.364050E+4	0.000000E+0	0.000000E+0
3.364853E+3	1.038160E-7	1.364070E+4	0.000000E+0	0.000000E+0
3.368859E+3	1.038170E-7	1.364100E+4	0.000000E+0	0.000000E+0
3.372856E+3	1.038120E-7	1.364100E+4	0.000000E+0	0.000000E+0
3.376861E+3	1.038170E-7	1.364110E+4	0.000000E+0	0.000000E+0
3.380856E+3	1.038140E-7	1.364110E+4	0.000000E+0	0.000000E+0
3.384861E+3	1.038000E-7	1.364100E+4	0.000000E+0	0.000000E+0
3.388860E+3	1.038520E-7	1.364110E+4	0.000000E+0	0.000000E+0
3.392861E+3	1.038320E-7	1.364130E+4	0.000000E+0	0.000000E+0
3.396857E+3	1.038270E-7	1.364180E+4	0.000000E+0	0.000000E+0
3.400860E+3	1.038050E-7	1.364190E+4	0.000000E+0	0.000000E+0
3.404860E+3	1.038180E-7	1.364220E+4	0.000000E+0	0.000000E+0
3.408858E+3	1.038130E-7	1.364210E+4	0.000000E+0	0.000000E+0
3.412857E+3	1.038290E-7	1.364220E+4	0.000000E+0	0.000000E+0
3.416860E+3	1.038170E-7	1.364210E+4	0.000000E+0	0.000000E+0
3.420855E+3	1.038200E-7	1.364210E+4	0.000000E+0	0.000000E+0
3.424858E+3	1.038180E-7	1.364210E+4	0.000000E+0	0.000000E+0
3.428855E+3	1.038170E-7	1.364210E+4	0.000000E+0	0.000000E+0
3.432858E+3	1.038210E-7	1.364200E+4	0.000000E+0	0.000000E+0
3.436856E+3	1.038180E-7	1.364190E+4	0.000000E+0	0.000000E+0
3.440858E+3	1.038160E-7	1.364180E+4	0.000000E+0	0.000000E+0
3.444855E+3	1.038180E-7	1.364160E+4	0.000000E+0	0.000000E+0
3.448861E+3	1.038330E-7	1.364170E+4	0.000000E+0	0.000000E+0
3.452858E+3	1.038300E-7	1.364160E+4	0.000000E+0	0.000000E+0
3.456859E+3	1.038320E-7	1.364150E+4	0.000000E+0	0.000000E+0
3.460857E+3	1.038290E-7	1.364130E+4	0.000000E+0	0.000000E+0
3.464857E+3	1.038080E-7	1.364120E+4	0.000000E+0	0.000000E+0
3.468856E+3	1.038160E-7	1.364100E+4	0.000000E+0	0.000000E+0
3.472859E+3	1.038380E-7	1.364060E+4	0.000000E+0	0.000000E+0
3.476859E+3	1.038370E-7	1.364050E+4	0.000000E+0	0.000000E+0
3.480862E+3	1.038370E-7	1.364030E+4	0.000000E+0	0.000000E+0
3.484855E+3	1.038370E-7	1.364000E+4	0.000000E+0	0.000000E+0
3.488862E+3	1.038400E-7	1.363990E+4	0.000000E+0	0.000000E+0
3.492866E+3	1.038340E-7	1.363970E+4	0.000000E+0	0.000000E+0
3.496860E+3	1.038310E-7	1.363940E+4	0.000000E+0	0.000000E+0
3.500855E+3	1.038320E-7	1.363940E+4	0.000000E+0	0.000000E+0
3.504862E+3	1.038330E-7	1.363940E+4	0.000000E+0	0.000000E+0
3.508860E+3	1.038350E-7	1.363940E+4	0.000000E+0	0.000000E+0
3.512861E+3	1.038240E-7	1.363940E+4	0.000000E+0	0.000000E+0
3.516858E+3	1.038220E-7	1.364000E+4	0.000000E+0	0.000000E+0
3.520858E+3	1.038350E-7	1.364020E+4	0.000000E+0	0.000000E+0
3.524861E+3	1.038380E-7	1.364030E+4	0.000000E+0	0.000000E+0
3.528862E+3	1.038350E-7	1.364040E+4	0.000000E+0	0.000000E+0
3.532858E+3	1.038300E-7	1.364020E+4	0.000000E+0	0.000000E+0
3.536866E+3	1.038430E-7	1.364030E+4	0.000000E+0	0.000000E+0
3.540861E+3	1.038380E-7	1.364060E+4	0.000000E+0	0.000000E+0
3.544858E+3	1.038390E-7	1.364060E+4	0.000000E+0	0.000000E+0
3.548860E+3	1.038400E-7	1.364050E+4	0.000000E+0	0.000000E+0
3.552868E+3	1.038510E-7	1.364060E+4	0.000000E+0	0.000000E+0
3.556861E+3	1.038370E-7	1.364040E+4	0.000000E+0	0.000000E+0
3.560864E+3	1.038420E-7	1.364030E+4	0.000000E+0	0.000000E+0
3.564861E+3	1.038350E-7	1.364030E+4	0.000000E+0	0.000000E+0
3.568859E+3	1.038440E-7	1.364020E+4	0.000000E+0	0.000000E+0
3.572860E+3	1.038430E-7	1.364000E+4	0.000000E+0	0.000000E+0
3.576862E+3	1.038550E-7	1.363980E+4	0.000000E+0	0.000000E+0
3.580862E+3	1.038390E-7	1.363960E+4	0.000000E+0	0.000000E+0
3.584862E+3	1.038490E-7	1.363950E+4	0.000000E+0	0.000000E+0
3.588860E+3	1.038420E-7	1.363940E+4	0.000000E+0	0.000000E+0
3.592860E+3	1.038520E-7	1.363930E+4	0.000000E+0	0.000000E+0
3.596857E+3	1.038630E-7	1.363930E+4	0.000000E+0	0.000000E+0
3.600863E+3	1.038600E-7	1.363930E+4	0.000000E+0	0.000000E+0
3.604858E+3	1.038580E-7	1.363920E+4	0.000000E+0	0.000000E+0
3.608863E+3	1.038590E-7	1.363930E+4	0.000000E+0	0.000000E+0
3.612858E+3	1.038590E-7	1.363920E+4	0.000000E+0	0.000000E+0
3.616863E+3	1.038680E-7	1.363930E+4	0.000000E+0	0.000000E+0
3.620861E+3	1.038630E-7	1.363930E+4	0.000000E+0	0.000000E+0
3.624866E+3	1.038540E-7	1.363920E+4	0.000000E+0	0.000000E+0
3.628857E+3	1.038470E-7	1.363920E+4	0.000000E+0	0.000000E+0
3.632864E+3	1.038570E-7	1.363910E+4	0.000000E+0	0.000000E+0
3.636861E+3	1.038540E-7	1.363910E+4	0.000000E+0	0.000000E+0
3.640860E+3	1.038620E-7	1.363900E+4	0.000000E+0	0.000000E+0
3.644859E+3	1.038600E-7	1.363890E+4	0.000000E+0	0.000000E+0
3.648861E+3	1.038670E-7	1.363890E+4	0.000000E+0	0.000000E+0
3.652860E+3	1.038630E-7	1.363890E+4	0.000000E+0	0.000000E+0
3.656862E+3	1.038750E-7	1.363890E+4	0.000000E+0	0.000000E+0
3.660858E+3	1.038600E-7	1.363880E+4	0.000000E+0	0.000000E+0
3.664861E+3	1.038550E-7	1.363870E+4	0.000000E+0	0.000000E+0
3.668858E+3	1.038590E-7	1.363850E+4	0.000000E+0	0.000000E+0
3.672858E+3	1.038610E-7	1.363870E+4	0.000000E+0	0.000000E+0
3.676860E+3	1.038710E-7	1.363860E+4	0.000000E+0	0.000000E+0
3.680859E+3	1.038700E-7	1.363830E+4	0.000000E+0	0.000000E+0
3.684860E+3	1.038820E-7	1.363810E+4	0.000000E+0	0.000000E+0
3.688863E+3	1.038800E-7	1.363810E+4	0.000000E+0	0.000000E+0
3.692858E+3	1.038810E-7	1.363830E+4	0.000000E+0	0.000000E+0
3.696861E+3	1.038750E-7	1.363840E+4	0.000000E+0	0.000000E+0
3.700861E+3	1.038770E-7	1.363830E+4	0.000000E+0	0.000000E+0
3.704861E+3	1.038800E-7	1.363820E+4	0.000000E+0	0.000000E+0
3.708858E+3	1.038690E-7	1.363810E+4	0.000000E+0	0.000000E+0
3.712863E+3	1.038880E-7	1.363800E+4	0.000000E+0	0.000000E+0
3.716857E+3	1.038870E-7	1.363790E+4	0.000000E+0	0.000000E+0
3.720863E+3	1.038860E-7	1.363770E+4	0.000000E+0	0.000000E+0
3.724857E+3	1.038820E-7	1.363750E+4	0.000000E+0	0.000000E+0
3.728863E+3	1.038840E-7	1.363790E+4	0.000000E+0	0.000000E+0
3.732859E+3	1.038890E-7	1.363850E+4	0.000000E+0	0.000000E+0
3.736859E+3	1.038950E-7	1.363870E+4	0.000000E+0	0.000000E+0
3.740860E+3	1.038920E-7	1.363870E+4	0.000000E+0	0.000000E+0
3.744864E+3	1.038890E-7	1.363870E+4	0.000000E+0	0.000000E+0
3.748860E+3	1.038980E-7	1.363860E+4	0.000000E+0	0.000000E+0
3.752860E+3	1.038820E-7	1.363830E+4	0.000000E+0	0.000000E+0
3.756860E+3	1.038860E-7	1.363820E+4	0.000000E+0	0.000000E+0
3.760865E+3	1.038830E-7	1.363800E+4	0.000000E+0	0.000000E+0
3.764856E+3	1.038760E-7	1.363790E+4	0.000000E+0	0.000000E+0
3.768861E+3	1.038840E-7	1.363780E+4	0.000000E+0	0.000000E+0
3.772860E+3	1.038860E-7	1.363780E+4	0.000000E+0	0.000000E+0
3.776860E+3	1.038950E-7	1.363750E+4	0.000000E+0	0.000000E+0
3.780853E+3	1.038890E-7	1.363710E+4	0.000000E+0	0.000000E+0
3.784861E+3	1.038980E-7	1.363680E+4	0.000000E+0	0.000000E+0
3.788861E+3	1.039290E-7	1.363680E+4	0.000000E+0	0.000000E+0
3.792859E+3	1.039000E-7	1.363660E+4	0.000000E+0	0.000000E+0
3.796857E+3	1.038910E-7	1.363640E+4	0.000000E+0	0.000000E+0
3.800863E+3	1.038960E-7	1.363640E+4	0.000000E+0	0.000000E+0
3.804857E+3	1.039000E-7	1.363630E+4	0.000000E+0	0.000000E+0
3.808861E+3	1.038920E-7	1.363610E+4	0.000000E+0	0.000000E+0
3.812860E+3	1.038980E-7	1.363580E+4	0.000000E+0	0.000000E+0
3.816863E+3	1.038960E-7	1.363550E+4	0.000000E+0	0.000000E+0
3.820859E+3	1.038980E-7	1.363500E+4	0.000000E+0	0.000000E+0
3.824861E+3	1.039130E-7	1.363470E+4	0.000000E+0	0.000000E+0
3.828857E+3	1.039150E-7	1.363450E+4	0.000000E+0	0.000000E+0
3.832857E+3	1.039070E-7	1.363440E+4	0.000000E+0	0.000000E+0
3.836852E+3	1.039080E-7	1.363460E+4	0.000000E+0	0.000000E+0
3.840862E+3	1.039100E-7	1.363540E+4	0.000000E+0	0.000000E+0
3.844858E+3	1.039070E-7	1.363590E+4	0.000000E+0	0.000000E+0
3.848858E+3	1.039140E-7	1.363610E+4	0.000000E+0	0.000000E+0
3.852856E+3	1.039090E-7	1.363590E+4	0.000000E+0	0.000000E+0
3.856862E+3	1.039190E-7	1.363540E+4	0.000000E+0	0.000000E+0
3.860859E+3	1.039130E-7	1.363490E+4	0.000000E+0	0.000000E+0
3.864859E+3	1.039080E-7	1.363440E+4	0.000000E+0	0.000000E+0
3.868854E+3	1.039250E-7	1.363420E+4	0.000000E+0	0.000000E+0
3.872860E+3	1.039200E-7	1.363420E+4	0.000000E+0	0.000000E+0
3.876859E+3	1.039150E-7	1.363420E+4	0.000000E+0	0.000000E+0
3.880857E+3	1.039150E-7	1.363410E+4	0.000000E+0	0.000000E+0
3.884857E+3	1.039030E-7	1.363410E+4	0.000000E+0	0.000000E+0
3.888857E+3	1.039130E-7	1.363400E+4	0.000000E+0	0.000000E+0
3.892857E+3	1.039040E-7	1.363410E+4	0.000000E+0	0.000000E+0
3.896860E+3	1.039100E-7	1.363450E+4	0.000000E+0	0.000000E+0
3.900855E+3	1.038990E-7	1.363490E+4	0.000000E+0	0.000000E+0
3.904859E+3	1.039210E-7	1.363490E+4	0.000000E+0	0.000000E+0
3.908855E+3	1.039140E-7	1.363510E+4	0.000000E+0	0.000000E+0
3.912859E+3	1.039230E-7	1.363520E+4	0.000000E+0	0.000000E+0
3.916854E+3	1.039200E-7	1.363550E+4	0.000000E+0	0.000000E+0
3.920861E+3	1.039120E-7	1.363580E+4	0.000000E+0	0.000000E+0
3.924858E+3	1.039200E-7	1.363620E+4	0.000000E+0	0.000000E+0
3.928862E+3	1.039200E-7	1.363640E+4	0.000000E+0	0.000000E+0
3.932861E+3	1.039290E-7	1.363640E+4	0.000000E+0	0.000000E+0
3.936860E+3	1.039220E-7	1.363630E+4	0.000000E+0	0.000000E+0
3.940851E+3	1.039220E-7	1.363620E+4	0.000000E+0	0.000000E+0
3.944859E+3	1.039210E-7	1.363650E+4	0.000000E+0	0.000000E+0
3.948853E+3	1.039220E-7	1.363670E+4	0.000000E+0	0.000000E+0
3.952859E+3	1.039130E-7	1.363680E+4	0.000000E+0	0.000000E+0
3.956856E+3	1.039160E-7	1.363670E+4	0.000000E+0	0.000000E+0
3.960856E+3	1.039140E-7	1.363650E+4	0.000000E+0	0.000000E+0
3.964856E+3	1.039170E-7	1.363650E+4	0.000000E+0	0.000000E+0
3.968863E+3	1.039310E-7	1.363650E+4	0.000000E+0	0.000000E+0
3.972853E+3	1.039310E-7	1.363640E+4	0.000000E+0	0.000000E+0
3.976860E+3	1.039240E-7	1.363630E+4	0.000000E+0	0.000000E+0
3.980857E+3	1.039240E-7	1.363590E+4	0.000000E+0	0.000000E+0
3.984857E+3	1.039280E-7	1.363570E+4	0.000000E+0	0.000000E+0
3.988859E+3	1.039270E-7	1.363550E+4	0.000000E+0	0.000000E+0
3.992862E+3	1.039360E-7	1.363560E+4	0.000000E+0	0.000000E+0
3.996857E+3	1.039320E-7	1.363570E+4	0.000000E+0	0.000000E+0
4.000858E+3	1.039290E-7	1.363560E+4	0.000000E+0	0.000000E+0
4.004854E+3	1.039300E-7	1.363580E+4	0.000000E+0	0.000000E+0
4.008860E+3	1.039330E-7	1.363600E+4	0.000000E+0	0.000000E+0
4.012855E+3	1.039320E-7	1.363610E+4	0.000000E+0	0.000000E+0
4.016857E+3	1.039270E-7	1.363610E+4	0.000000E+0	0.000000E+0
4.020856E+3	1.039340E-7	1.363660E+4	0.000000E+0	0.000000E+0
4.024861E+3	1.039410E-7	1.363740E+4	0.000000E+0	0.000000E+0
4.028855E+3	1.039370E-7	1.363790E+4	0.000000E+0	0.000000E+0
4.032856E+3	1.039440E-7	1.363810E+4	0.000000E+0	0.000000E+0
4.036855E+3	1.039310E-7	1.363870E+4	0.000000E+0	0.000000E+0
4.040861E+3	1.039280E-7	1.363880E+4	0.000000E+0	0.000000E+0
4.044854E+3	1.039420E-7	1.363860E+4	0.000000E+0	0.000000E+0
4.048861E+3	1.039360E-7	1.363830E+4	0.000000E+0	0.000000E+0
4.052856E+3	1.039280E-7	1.363780E+4	0.000000E+0	0.000000E+0
4.056859E+3	1.039480E-7	1.363730E+4	0.000000E+0	0.000000E+0
4.060852E+3	1.039440E-7	1.363670E+4	0.000000E+0	0.000000E+0
4.064863E+3	1.039360E-7	1.363630E+4	0.000000E+0	0.000000E+0
4.068859E+3	1.039400E-7	1.363600E+4	0.000000E+0	0.000000E+0
4.072860E+3	1.039410E-7	1.363570E+4	0.000000E+0	0.000000E+0
4.076854E+3	1.039470E-7	1.363560E+4	0.000000E+0	0.000000E+0
4.080886E+3	1.039550E-7	1.363550E+4	0.000000E+0	0.000000E+0
4.084841E+3	1.039410E-7	1.363560E+4	0.000000E+0	0.000000E+0
4.088854E+3	1.039530E-7	1.363500E+4	0.000000E+0	0.000000E+0
4.092862E+3	1.039470E-7	1.363460E+4	0.000000E+0	0.000000E+0
4.096842E+3	1.039540E-7	1.363460E+4	0.000000E+0	0.000000E+0
4.100852E+3	1.039440E-7	1.363470E+4	0.000000E+0	0.000000E+0
4.104861E+3	1.039500E-7	1.363510E+4	0.000000E+0	0.000000E+0
4.108840E+3	1.039570E-7	1.363590E+4	0.000000E+0	0.000000E+0
4.112850E+3	1.039420E-7	1.363620E+4	0.000000E+0	0.000000E+0
4.116862E+3	1.039400E-7	1.363610E+4	0.000000E+0	0.000000E+0
4.120840E+3	1.039670E-7	1.363580E+4	0.000000E+0	0.000000E+0
4.124850E+3	1.039640E-7	1.363490E+4	0.000000E+0	0.000000E+0
4.128861E+3	1.039810E-7	1.363460E+4	0.000000E+0	0.000000E+0
4.132856E+3	1.039620E-7	1.363450E+4	0.000000E+0	0.000000E+0
4.136857E+3	1.039480E-7	1.363430E+4	0.000000E+0	0.000000E+0
4.140857E+3	1.039480E-7	1.363390E+4	0.000000E+0	0.000000E+0
4.144857E+3	1.039510E-7	1.363380E+4	0.000000E+0	0.000000E+0
4.148857E+3	1.039580E-7	1.363350E+4	0.000000E+0	0.000000E+0
4.152862E+3	1.039420E-7	1.363330E+4	0.000000E+0	0.000000E+0
4.156857E+3	1.039540E-7	1.363310E+4	0.000000E+0	0.000000E+0
4.160859E+3	1.039430E-7	1.363270E+4	0.000000E+0	0.000000E+0
4.164854E+3	1.039560E-7	1.363250E+4	0.000000E+0	0.000000E+0
4.168859E+3	1.039530E-7	1.363230E+4	0.000000E+0	0.000000E+0
4.172857E+3	1.039480E-7	1.363210E+4	0.000000E+0	0.000000E+0
4.176860E+3	1.039570E-7	1.363180E+4	0.000000E+0	0.000000E+0
4.180855E+3	1.039630E-7	1.363160E+4	0.000000E+0	0.000000E+0
4.184857E+3	1.039580E-7	1.363150E+4	0.000000E+0	0.000000E+0
4.188856E+3	1.039530E-7	1.363130E+4	0.000000E+0	0.000000E+0
4.192856E+3	1.039570E-7	1.363130E+4	0.000000E+0	0.000000E+0
4.196856E+3	1.039700E-7	1.363110E+4	0.000000E+0	0.000000E+0
4.200857E+3	1.039750E-7	1.363050E+4	0.000000E+0	0.000000E+0
4.204856E+3	1.039700E-7	1.363010E+4	0.000000E+0	0.000000E+0
4.208858E+3	1.039610E-7	1.362950E+4	0.000000E+0	0.000000E+0
4.212856E+3	1.039550E-7	1.362880E+4	0.000000E+0	0.000000E+0
4.216856E+3	1.039840E-7	1.362850E+4	0.000000E+0	0.000000E+0
4.220856E+3	1.039790E-7	1.362850E+4	0.000000E+0	0.000000E+0
4.224861E+3	1.039760E-7	1.362860E+4	0.000000E+0	0.000000E+0
4.228856E+3	1.039710E-7	1.362890E+4	0.000000E+0	0.000000E+0
4.232857E+3	1.039720E-7	1.362920E+4	0.000000E+0	0.000000E+0
4.236854E+3	1.039900E-7	1.362950E+4	0.000000E+0	0.000000E+0
4.240861E+3	1.039970E-7	1.362960E+4	0.000000E+0	0.000000E+0
4.244855E+3	1.039910E-7	1.362950E+4	0.000000E+0	0.000000E+0
4.248860E+3	1.039810E-7	1.362940E+4	0.000000E+0	0.000000E+0
4.252857E+3	1.039840E-7	1.362930E+4	0.000000E+0	0.000000E+0
4.256858E+3	1.039740E-7	1.362920E+4	0.000000E+0	0.000000E+0
4.260857E+3	1.039820E-7	1.362900E+4	0.000000E+0	0.000000E+0
4.264857E+3	1.039650E-7	1.362890E+4	0.000000E+0	0.000000E+0
4.268856E+3	1.039940E-7	1.362890E+4	0.000000E+0	0.000000E+0
4.272860E+3	1.039730E-7	1.362890E+4	0.000000E+0	0.000000E+0
4.276856E+3	1.039930E-7	1.362870E+4	0.000000E+0	0.000000E+0
4.280856E+3	1.039940E-7	1.362870E+4	0.000000E+0	0.000000E+0
4.284856E+3	1.039810E-7	1.362860E+4	0.000000E+0	0.000000E+0
4.288862E+3	1.039930E-7	1.362860E+4	0.000000E+0	0.000000E+0
4.292859E+3	1.039850E-7	1.362850E+4	0.000000E+0	0.000000E+0
4.296858E+3	1.039810E-7	1.362820E+4	0.000000E+0	0.000000E+0
4.300856E+3	1.039730E-7	1.362810E+4	0.000000E+0	0.000000E+0
4.304856E+3	1.039870E-7	1.362800E+4	0.000000E+0	0.000000E+0
4.308856E+3	1.039900E-7	1.362800E+4	0.000000E+0	0.000000E+0
4.312863E+3	1.039910E-7	1.362790E+4	0.000000E+0	0.000000E+0
4.316856E+3	1.039950E-7	1.362770E+4	0.000000E+0	0.000000E+0
4.320857E+3	1.039860E-7	1.362740E+4	0.000000E+0	0.000000E+0
4.324856E+3	1.039850E-7	1.362730E+4	0.000000E+0	0.000000E+0
4.328856E+3	1.039860E-7	1.362710E+4	0.000000E+0	0.000000E+0
4.332855E+3	1.040050E-7	1.362680E+4	0.000000E+0	0.000000E+0
4.336860E+3	1.039910E-7	1.362670E+4	0.000000E+0	0.000000E+0
4.340855E+3	1.039810E-7	1.362640E+4	0.000000E+0	0.000000E+0
4.344862E+3	1.039850E-7	1.362620E+4	0.000000E+0	0.000000E+0
4.348861E+3	1.039880E-7	1.362590E+4	0.000000E+0	0.000000E+0
4.352861E+3	1.040040E-7	1.362570E+4	0.000000E+0	0.000000E+0
4.356837E+3	1.039830E-7	1.362540E+4	0.000000E+0	0.000000E+0
4.360856E+3	1.040030E-7	1.362510E+4	0.000000E+0	0.000000E+0
4.364865E+3	1.040030E-7	1.362500E+4	0.000000E+0	0.000000E+0
4.368840E+3	1.040010E-7	1.362480E+4	0.000000E+0	0.000000E+0
4.372857E+3	1.039960E-7	1.362470E+4	0.000000E+0	0.000000E+0
4.376858E+3	1.039990E-7	1.362460E+4	0.000000E+0	0.000000E+0
4.380890E+3	1.040030E-7	1.362450E+4	0.000000E+0	0.000000E+0
4.384845E+3	1.039970E-7	1.362450E+4	0.000000E+0	0.000000E+0
4.388861E+3	1.040340E-7	1.362440E+4	0.000000E+0	0.000000E+0
4.392857E+3	1.040000E-7	1.362440E+4	0.000000E+0	0.000000E+0
4.396857E+3	1.040020E-7	1.362440E+4	0.000000E+0	0.000000E+0
4.400857E+3	1.040000E-7	1.362420E+4	0.000000E+0	0.000000E+0
4.404861E+3	1.039970E-7	1.362400E+4	0.000000E+0	0.000000E+0
4.408859E+3	1.040170E-7	1.362400E+4	0.000000E+0	0.000000E+0
4.412859E+3	1.040050E-7	1.362380E+4	0.000000E+0	0.000000E+0
4.416857E+3	1.040120E-7	1.362380E+4	0.000000E+0	0.000000E+0
4.420858E+3	1.040040E-7	1.362370E+4	0.000000E+0	0.000000E+0
4.424855E+3	1.040200E-7	1.362360E+4	0.000000E+0	0.000000E+0
4.428860E+3	1.040110E-7	1.362330E+4	0.000000E+0	0.000000E+0
4.432857E+3	1.040110E-7	1.362300E+4	0.000000E+0	0.000000E+0
4.436857E+3	1.040070E-7	1.362270E+4	0.000000E+0	0.000000E+0
4.440857E+3	1.040130E-7	1.362260E+4	0.000000E+0	0.000000E+0
4.444860E+3	1.040040E-7	1.362250E+4	0.000000E+0	0.000000E+0
4.448856E+3	1.040180E-7	1.362240E+4	0.000000E+0	0.000000E+0
4.452859E+3	1.040050E-7	1.362240E+4	0.000000E+0	0.000000E+0
4.456856E+3	1.040120E-7	1.362220E+4	0.000000E+0	0.000000E+0
4.460859E+3	1.040100E-7	1.362220E+4	0.000000E+0	0.000000E+0
4.464853E+3	1.040060E-7	1.362240E+4	0.000000E+0	0.000000E+0
4.468858E+3	1.040100E-7	1.362250E+4	0.000000E+0	0.000000E+0
4.472859E+3	1.040180E-7	1.362260E+4	0.000000E+0	0.000000E+0
4.476857E+3	1.040100E-7	1.362260E+4	0.000000E+0	0.000000E+0
4.480859E+3	1.040110E-7	1.362240E+4	0.000000E+0	0.000000E+0
4.484860E+3	1.040180E-7	1.362240E+4	0.000000E+0	0.000000E+0
4.488855E+3	1.040270E-7	1.362240E+4	0.000000E+0	0.000000E+0
4.492860E+3	1.040260E-7	1.362230E+4	0.000000E+0	0.000000E+0
4.496855E+3	1.040180E-7	1.362210E+4	0.000000E+0	0.000000E+0
4.500860E+3	1.040110E-7	1.362200E+4	0.000000E+0	0.000000E+0
4.504858E+3	1.040200E-7	1.362170E+4	0.000000E+0	0.000000E+0
4.508858E+3	1.040220E-7	1.362160E+4	0.000000E+0	0.000000E+0
4.512854E+3	1.040290E-7	1.362140E+4	0.000000E+0	0.000000E+0
4.516859E+3	1.040360E-7	1.362130E+4	0.000000E+0	0.000000E+0
4.520858E+3	1.040310E-7	1.362120E+4	0.000000E+0	0.000000E+0
4.524861E+3	1.040310E-7	1.362100E+4	0.000000E+0	0.000000E+0
4.528856E+3	1.040190E-7	1.362070E+4	0.000000E+0	0.000000E+0
4.532859E+3	1.040230E-7	1.362040E+4	0.000000E+0	0.000000E+0
4.536861E+3	1.040310E-7	1.362020E+4	0.000000E+0	0.000000E+0
4.540861E+3	1.040290E-7	1.362020E+4	0.000000E+0	0.000000E+0
4.544856E+3	1.040210E-7	1.362030E+4	0.000000E+0	0.000000E+0
4.548861E+3	1.040240E-7	1.362030E+4	0.000000E+0	0.000000E+0
4.552859E+3	1.040250E-7	1.362010E+4	0.000000E+0	0.000000E+0
4.556858E+3	1.040250E-7	1.361980E+4	0.000000E+0	0.000000E+0
4.560859E+3	1.040250E-7	1.361960E+4	0.000000E+0	0.000000E+0
4.564863E+3	1.040380E-7	1.361940E+4	0.000000E+0	0.000000E+0
4.568857E+3	1.040210E-7	1.361940E+4	0.000000E+0	0.000000E+0
4.572860E+3	1.040290E-7	1.361920E+4	0.000000E+0	0.000000E+0
4.576857E+3	1.040230E-7	1.361910E+4	0.000000E+0	0.000000E+0
4.580862E+3	1.040330E-7	1.361890E+4	0.000000E+0	0.000000E+0
4.584855E+3	1.040170E-7	1.361880E+4	0.000000E+0	0.000000E+0
4.588857E+3	1.040300E-7	1.361860E+4	0.000000E+0	0.000000E+0
4.592858E+3	1.040270E-7	1.361840E+4	0.000000E+0	0.000000E+0
4.596862E+3	1.040340E-7	1.361820E+4	0.000000E+0	0.000000E+0
4.600855E+3	1.040360E-7	1.361810E+4	0.000000E+0	0.000000E+0
4.604861E+3	1.040240E-7	1.361790E+4	0.000000E+0	0.000000E+0
4.608858E+3	1.040470E-7	1.361780E+4	0.000000E+0	0.000000E+0
4.612861E+3	1.040340E-7	1.361770E+4	0.000000E+0	0.000000E+0
4.616856E+3	1.040380E-7	1.361760E+4	0.000000E+0	0.000000E+0
4.620862E+3	1.040400E-7	1.361740E+4	0.000000E+0	0.000000E+0
4.624855E+3	1.040560E-7	1.361740E+4	0.000000E+0	0.000000E+0
4.628865E+3	1.040500E-7	1.361710E+4	0.000000E+0	0.000000E+0
4.632861E+3	1.040430E-7	1.361690E+4	0.000000E+0	0.000000E+0
4.636859E+3	1.040470E-7	1.361680E+4	0.000000E+0	0.000000E+0
4.640856E+3	1.040530E-7	1.361660E+4	0.000000E+0	0.000000E+0
4.644863E+3	1.040510E-7	1.361640E+4	0.000000E+0	0.000000E+0
4.648857E+3	1.040630E-7	1.361630E+4	0.000000E+0	0.000000E+0
4.652861E+3	1.040540E-7	1.361630E+4	0.000000E+0	0.000000E+0
4.656859E+3	1.040570E-7	1.361640E+4	0.000000E+0	0.000000E+0
4.660859E+3	1.040510E-7	1.361650E+4	0.000000E+0	0.000000E+0
4.664859E+3	1.040670E-7	1.361640E+4	0.000000E+0	0.000000E+0
4.668861E+3	1.040590E-7	1.361630E+4	0.000000E+0	0.000000E+0
4.672857E+3	1.040560E-7	1.361620E+4	0.000000E+0	0.000000E+0
4.676858E+3	1.040500E-7	1.361610E+4	0.000000E+0	0.000000E+0
4.680870E+3	1.040580E-7	1.361600E+4	0.000000E+0	0.000000E+0
4.684837E+3	1.040630E-7	1.361600E+4	0.000000E+0	0.000000E+0
4.688872E+3	1.040870E-7	1.361620E+4	0.000000E+0	0.000000E+0
4.692861E+3	1.040600E-7	1.361610E+4	0.000000E+0	0.000000E+0
4.696863E+3	1.040600E-7	1.361630E+4	0.000000E+0	0.000000E+0
4.700859E+3	1.040660E-7	1.361630E+4	0.000000E+0	0.000000E+0
4.704862E+3	1.040750E-7	1.361630E+4	0.000000E+0	0.000000E+0
4.708859E+3	1.040720E-7	1.361620E+4	0.000000E+0	0.000000E+0
4.712859E+3	1.040700E-7	1.361620E+4	0.000000E+0	0.000000E+0
4.716855E+3	1.040610E-7	1.361610E+4	0.000000E+0	0.000000E+0
4.720861E+3	1.040710E-7	1.361600E+4	0.000000E+0	0.000000E+0
4.724859E+3	1.040720E-7	1.361580E+4	0.000000E+0	0.000000E+0
4.728861E+3	1.040740E-7	1.361570E+4	0.000000E+0	0.000000E+0
4.732857E+3	1.040820E-7	1.361570E+4	0.000000E+0	0.000000E+0
4.736861E+3	1.040730E-7	1.361550E+4	0.000000E+0	0.000000E+0
4.740859E+3	1.040740E-7	1.361520E+4	0.000000E+0	0.000000E+0
4.744860E+3	1.040810E-7	1.361500E+4	0.000000E+0	0.000000E+0
4.748859E+3	1.040740E-7	1.361480E+4	0.000000E+0	0.000000E+0
4.752860E+3	1.040770E-7	1.361480E+4	0.000000E+0	0.000000E+0
4.756860E+3	1.040780E-7	1.361480E+4	0.000000E+0	0.000000E+0
4.760862E+3	1.040870E-7	1.361470E+4	0.000000E+0	0.000000E+0
4.764857E+3	1.040730E-7	1.361430E+4	0.000000E+0	0.000000E+0
4.768861E+3	1.040820E-7	1.361390E+4	0.000000E+0	0.000000E+0
4.772858E+3	1.040880E-7	1.361380E+4	0.000000E+0	0.000000E+0
4.776861E+3	1.040860E-7	1.361370E+4	0.000000E+0	0.000000E+0
4.780858E+3	1.040690E-7	1.361340E+4	0.000000E+0	0.000000E+0
4.784862E+3	1.040820E-7	1.361320E+4	0.000000E+0	0.000000E+0
4.788859E+3	1.040880E-7	1.361310E+4	0.000000E+0	0.000000E+0
4.792865E+3	1.040910E-7	1.361310E+4	0.000000E+0	0.000000E+0
4.796856E+3	1.040960E-7	1.361320E+4	0.000000E+0	0.000000E+0
4.800861E+3	1.040760E-7	1.361350E+4	0.000000E+0	0.000000E+0
4.804856E+3	1.040700E-7	1.361350E+4	0.000000E+0	0.000000E+0
4.808859E+3	1.040680E-7	1.361330E+4	0.000000E+0	0.000000E+0
4.812859E+3	1.040770E-7	1.361310E+4	0.000000E+0	0.000000E+0
4.816861E+3	1.040790E-7	1.361280E+4	0.000000E+0	0.000000E+0
4.820861E+3	1.040880E-7	1.361260E+4	0.000000E+0	0.000000E+0
4.824861E+3	1.040920E-7	1.361250E+4	0.000000E+0	0.000000E+0
4.828858E+3	1.040920E-7	1.361260E+4	0.000000E+0	0.000000E+0
4.832860E+3	1.040860E-7	1.361280E+4	0.000000E+0	0.000000E+0
4.836860E+3	1.040910E-7	1.361300E+4	0.000000E+0	0.000000E+0
4.840859E+3	1.040840E-7	1.361310E+4	0.000000E+0	0.000000E+0
4.844860E+3	1.040940E-7	1.361320E+4	0.000000E+0	0.000000E+0
4.848864E+3	1.040860E-7	1.361300E+4	0.000000E+0	0.000000E+0
4.852862E+3	1.041010E-7	1.361290E+4	0.000000E+0	0.000000E+0
4.856865E+3	1.040900E-7	1.361280E+4	0.000000E+0	0.000000E+0
4.860858E+3	1.040890E-7	1.361270E+4	0.000000E+0	0.000000E+0
4.864861E+3	1.041020E-7	1.361250E+4	0.000000E+0	0.000000E+0
4.868861E+3	1.040930E-7	1.361230E+4	0.000000E+0	0.000000E+0
4.872860E+3	1.040880E-7	1.361220E+4	0.000000E+0	0.000000E+0
4.876860E+3	1.041020E-7	1.361200E+4	0.000000E+0	0.000000E+0
4.880862E+3	1.040820E-7	1.361200E+4	0.000000E+0	0.000000E+0
4.884859E+3	1.040880E-7	1.361200E+4	0.000000E+0	0.000000E+0
4.888861E+3	1.041060E-7	1.361200E+4	0.000000E+0	0.000000E+0
4.892861E+3	1.040810E-7	1.361180E+4	0.000000E+0	0.000000E+0
4.896865E+3	1.040780E-7	1.361170E+4	0.000000E+0	0.000000E+0
4.900861E+3	1.040880E-7	1.361140E+4	0.000000E+0	0.000000E+0
4.904866E+3	1.040860E-7	1.361120E+4	0.000000E+0	0.000000E+0
4.908861E+3	1.040920E-7	1.361100E+4	0.000000E+0	0.000000E+0
4.912860E+3	1.041010E-7	1.361090E+4	0.000000E+0	0.000000E+0
4.916860E+3	1.041030E-7	1.361070E+4	0.000000E+0	0.000000E+0
4.920864E+3	1.041040E-7	1.361070E+4	0.000000E+0	0.000000E+0
4.924861E+3	1.040890E-7	1.361050E+4	0.000000E+0	0.000000E+0
4.928863E+3	1.041010E-7	1.361030E+4	0.000000E+0	0.000000E+0
4.932860E+3	1.040960E-7	1.361040E+4	0.000000E+0	0.000000E+0
4.936861E+3	1.041060E-7	1.361060E+4	0.000000E+0	0.000000E+0
4.940858E+3	1.040940E-7	1.361070E+4	0.000000E+0	0.000000E+0
4.944861E+3	1.041050E-7	1.361080E+4	0.000000E+0	0.000000E+0
4.948858E+3	1.040870E-7	1.361080E+4	0.000000E+0	0.000000E+0
4.952865E+3	1.041080E-7	1.361070E+4	0.000000E+0	0.000000E+0
4.956861E+3	1.040930E-7	1.361060E+4	0.000000E+0	0.000000E+0
4.960861E+3	1.041000E-7	1.361060E+4	0.000000E+0	0.000000E+0
4.964859E+3	1.041140E-7	1.361050E+4	0.000000E+0	0.000000E+0
4.968860E+3	1.041160E-7	1.361040E+4	0.000000E+0	0.000000E+0
4.972856E+3	1.041170E-7	1.361030E+4	0.000000E+0	0.000000E+0
4.976863E+3	1.041120E-7	1.361020E+4	0.000000E+0	0.000000E+0
4.980863E+3	1.041230E-7	1.361000E+4	0.000000E+0	0.000000E+0
4.984861E+3	1.041230E-7	1.360980E+4	0.000000E+0	0.000000E+0
4.988857E+3	1.041380E-7	1.360950E+4	0.000000E+0	0.000000E+0
4.992863E+3	1.041190E-7	1.360920E+4	0.000000E+0	0.000000E+0
4.996859E+3	1.041320E-7	1.360910E+4	0.000000E+0	0.000000E+0
5.000861E+3	1.041210E-7	1.360890E+4	0.000000E+0	0.000000E+0
5.004857E+3	1.041310E-7	1.360880E+4	0.000000E+0	0.000000E+0
5.008862E+3	1.041280E-7	1.360870E+4	0.000000E+0	0.000000E+0
5.012861E+3	1.041140E-7	1.360860E+4	0.000000E+0	0.000000E+0
5.016860E+3	1.041270E-7	1.360860E+4	0.000000E+0	0.000000E+0
5.020860E+3	1.041250E-7	1.360860E+4	0.000000E+0	0.000000E+0
5.024862E+3	1.041250E-7	1.360860E+4	0.000000E+0	0.000000E+0
5.028860E+3	1.041360E-7	1.360860E+4	0.000000E+0	0.000000E+0
5.032861E+3	1.041390E-7	1.360830E+4	0.000000E+0	0.000000E+0
5.036858E+3	1.041410E-7	1.360790E+4	0.000000E+0	0.000000E+0
5.040861E+3	1.041300E-7	1.360770E+4	0.000000E+0	0.000000E+0
5.044860E+3	1.041280E-7	1.360740E+4	0.000000E+0	0.000000E+0
5.048862E+3	1.041350E-7	1.360730E+4	0.000000E+0	0.000000E+0
5.052859E+3	1.041320E-7	1.360740E+4	0.000000E+0	0.000000E+0
5.056863E+3	1.041360E-7	1.360760E+4	0.000000E+0	0.000000E+0
5.060859E+3	1.041420E-7	1.360770E+4	0.000000E+0	0.000000E+0
5.064861E+3	1.041420E-7	1.360780E+4	0.000000E+0	0.000000E+0
5.068861E+3	1.041580E-7	1.360780E+4	0.000000E+0	0.000000E+0
5.072866E+3	1.041410E-7	1.360780E+4	0.000000E+0	0.000000E+0
5.076859E+3	1.041420E-7	1.360780E+4	0.000000E+0	0.000000E+0
5.080864E+3	1.041310E-7	1.360770E+4	0.000000E+0	0.000000E+0
5.084860E+3	1.041400E-7	1.360760E+4	0.000000E+0	0.000000E+0
5.088866E+3	1.041460E-7	1.360730E+4	0.000000E+0	0.000000E+0
5.092859E+3	1.041490E-7	1.360660E+4	0.000000E+0	0.000000E+0
5.096864E+3	1.041490E-7	1.360600E+4	0.000000E+0	0.000000E+0
5.100860E+3	1.041440E-7	1.360590E+4	0.000000E+0	0.000000E+0
5.104861E+3	1.041590E-7	1.360580E+4	0.000000E+0	0.000000E+0
5.108860E+3	1.041440E-7	1.360590E+4	0.000000E+0	0.000000E+0
5.112859E+3	1.041530E-7	1.360610E+4	0.000000E+0	0.000000E+0
5.116855E+3	1.041370E-7	1.360620E+4	0.000000E+0	0.000000E+0
5.120862E+3	1.041500E-7	1.360610E+4	0.000000E+0	0.000000E+0
5.124856E+3	1.041570E-7	1.360610E+4	0.000000E+0	0.000000E+0
5.128856E+3	1.041500E-7	1.360600E+4	0.000000E+0	0.000000E+0
5.132862E+3	1.041470E-7	1.360600E+4	0.000000E+0	0.000000E+0
5.136856E+3	1.041520E-7	1.360580E+4	0.000000E+0	0.000000E+0
5.140859E+3	1.041390E-7	1.360570E+4	0.000000E+0	0.000000E+0
5.144863E+3	1.041440E-7	1.360550E+4	0.000000E+0	0.000000E+0
5.148861E+3	1.041480E-7	1.360540E+4	0.000000E+0	0.000000E+0
5.152859E+3	1.041580E-7	1.360550E+4	0.000000E+0	0.000000E+0
5.156859E+3	1.041650E-7	1.360540E+4	0.000000E+0	0.000000E+0
5.160856E+3	1.041630E-7	1.360520E+4	0.000000E+0	0.000000E+0
5.164857E+3	1.041550E-7	1.360510E+4	0.000000E+0	0.000000E+0
5.168859E+3	1.041620E-7	1.360500E+4	0.000000E+0	0.000000E+0
5.172859E+3	1.041580E-7	1.360500E+4	0.000000E+0	0.000000E+0
5.176858E+3	1.041530E-7	1.360490E+4	0.000000E+0	0.000000E+0
5.180855E+3	1.041580E-7	1.360460E+4	0.000000E+0	0.000000E+0
5.184859E+3	1.041590E-7	1.360440E+4	0.000000E+0	0.000000E+0
5.188852E+3	1.041570E-7	1.360390E+4	0.000000E+0	0.000000E+0
5.192857E+3	1.041660E-7	1.360380E+4	0.000000E+0	0.000000E+0
5.196860E+3	1.041680E-7	1.360370E+4	0.000000E+0	0.000000E+0
5.200858E+3	1.041700E-7	1.360360E+4	0.000000E+0	0.000000E+0
5.204858E+3	1.041710E-7	1.360360E+4	0.000000E+0	0.000000E+0
5.208859E+3	1.041640E-7	1.360360E+4	0.000000E+0	0.000000E+0
5.212856E+3	1.041720E-7	1.360350E+4	0.000000E+0	0.000000E+0
5.216858E+3	1.041790E-7	1.360340E+4	0.000000E+0	0.000000E+0
5.220858E+3	1.041800E-7	1.360340E+4	0.000000E+0	0.000000E+0
5.224862E+3	1.041740E-7	1.360340E+4	0.000000E+0	0.000000E+0
5.228861E+3	1.041720E-7	1.360330E+4	0.000000E+0	0.000000E+0
5.232859E+3	1.041730E-7	1.360340E+4	0.000000E+0	0.000000E+0
5.236856E+3	1.041800E-7	1.360350E+4	0.000000E+0	0.000000E+0
5.240859E+3	1.041740E-7	1.360350E+4	0.000000E+0	0.000000E+0
5.244861E+3	1.041720E-7	1.360360E+4	0.000000E+0	0.000000E+0
5.248859E+3	1.041790E-7	1.360350E+4	0.000000E+0	0.000000E+0
5.252854E+3	1.041660E-7	1.360340E+4	0.000000E+0	0.000000E+0
5.256860E+3	1.041650E-7	1.360310E+4	0.000000E+0	0.000000E+0
5.260859E+3	1.041810E-7	1.360290E+4	0.000000E+0	0.000000E+0
5.264862E+3	1.041900E-7	1.360250E+4	0.000000E+0	0.000000E+0
5.268860E+3	1.041830E-7	1.360250E+4	0.000000E+0	0.000000E+0
5.272867E+3	1.041860E-7	1.360220E+4	0.000000E+0	0.000000E+0
5.276860E+3	1.041810E-7	1.360190E+4	0.000000E+0	0.000000E+0
5.280860E+3	1.041660E-7	1.360170E+4	0.000000E+0	0.000000E+0
5.284860E+3	1.041730E-7	1.360160E+4	0.000000E+0	0.000000E+0
5.288861E+3	1.041870E-7	1.360140E+4	0.000000E+0	0.000000E+0
5.292858E+3	1.042030E-7	1.360150E+4	0.000000E+0	0.000000E+0
5.296888E+3	1.041780E-7	1.360140E+4	0.000000E+0	0.000000E+0
5.300839E+3	1.041750E-7	1.360120E+4	0.000000E+0	0.000000E+0
5.304871E+3	1.041690E-7	1.360100E+4	0.000000E+0	0.000000E+0
5.308859E+3	1.041770E-7	1.360080E+4	0.000000E+0	0.000000E+0
5.312856E+3	1.041850E-7	1.360060E+4	0.000000E+0	0.000000E+0
5.316863E+3	1.041900E-7	1.360050E+4	0.000000E+0	0.000000E+0
5.320857E+3	1.041780E-7	1.360000E+4	0.000000E+0	0.000000E+0
5.324861E+3	1.041930E-7	1.359960E+4	0.000000E+0	0.000000E+0
5.328859E+3	1.041780E-7	1.359980E+4	0.000000E+0	0.000000E+0
5.332861E+3	1.041830E-7	1.360000E+4	0.000000E+0	0.000000E+0
5.336857E+3	1.041730E-7	1.360030E+4	0.000000E+0	0.000000E+0
5.340861E+3	1.041870E-7	1.360060E+4	0.000000E+0	0.000000E+0
5.344846E+3	1.041830E-7	1.360070E+4	0.000000E+0	0.000000E+0
5.348859E+3	1.041900E-7	1.360080E+4	0.000000E+0	0.000000E+0
5.352860E+3	1.041950E-7	1.360090E+4	0.000000E+0	0.000000E+0
5.356859E+3	1.041960E-7	1.360090E+4	0.000000E+0	0.000000E+0
5.360860E+3	1.041970E-7	1.360080E+4	0.000000E+0	0.000000E+0
5.364855E+3	1.041940E-7	1.360060E+4	0.000000E+0	0.000000E+0
5.368862E+3	1.041960E-7	1.360040E+4	0.000000E+0	0.000000E+0
5.372858E+3	1.042020E-7	1.360030E+4	0.000000E+0	0.000000E+0
5.376858E+3	1.041920E-7	1.360030E+4	0.000000E+0	0.000000E+0
5.380858E+3	1.041850E-7	1.360030E+4	0.000000E+0	0.000000E+0
5.384863E+3	1.041900E-7	1.360020E+4	0.000000E+0	0.000000E+0
5.388862E+3	1.042020E-7	1.360010E+4	0.000000E+0	0.000000E+0
5.392858E+3	1.041910E-7	1.359980E+4	0.000000E+0	0.000000E+0
5.396858E+3	1.042100E-7	1.359970E+4	0.000000E+0	0.000000E+0
5.400859E+3	1.042030E-7	1.359960E+4	0.000000E+0	0.000000E+0
5.404856E+3	1.041860E-7	1.359950E+4	0.000000E+0	0.000000E+0
5.408861E+3	1.042000E-7	1.359940E+4	0.000000E+0	0.000000E+0
5.412858E+3	1.042060E-7	1.359920E+4	0.000000E+0	0.000000E+0
5.416861E+3	1.042080E-7	1.359900E+4	0.000000E+0	0.000000E+0
5.420859E+3	1.042060E-7	1.359880E+4	0.000000E+0	0.000000E+0
5.424861E+3	1.041930E-7	1.359830E+4	0.000000E+0	0.000000E+0
5.428856E+3	1.042060E-7	1.359740E+4	0.000000E+0	0.000000E+0
5.432860E+3	1.041970E-7	1.359680E+4	0.000000E+0	0.000000E+0
5.436857E+3	1.042010E-7	1.359670E+4	0.000000E+0	0.000000E+0
5.440862E+3	1.042140E-7	1.359680E+4	0.000000E+0	0.000000E+0
5.444857E+3	1.042050E-7	1.359700E+4	0.000000E+0	0.000000E+0
5.448860E+3	1.041990E-7	1.359720E+4	0.000000E+0	0.000000E+0
5.452858E+3	1.042170E-7	1.359710E+4	0.000000E+0	0.000000E+0
5.456858E+3	1.042170E-7	1.359710E+4	0.000000E+0	0.000000E+0
5.460856E+3	1.042100E-7	1.359710E+4	0.000000E+0	0.000000E+0
5.464857E+3	1.042180E-7	1.359700E+4	0.000000E+0	0.000000E+0
5.468855E+3	1.042110E-7	1.359710E+4	0.000000E+0	0.000000E+0
5.472861E+3	1.042170E-7	1.359690E+4	0.000000E+0	0.000000E+0
5.476842E+3	1.042200E-7	1.359700E+4	0.000000E+0	0.000000E+0
5.480851E+3	1.042070E-7	1.359690E+4	0.000000E+0	0.000000E+0
5.484862E+3	1.042090E-7	1.359690E+4	0.000000E+0	0.000000E+0
5.488842E+3	1.042230E-7	1.359690E+4	0.000000E+0	0.000000E+0
5.492851E+3	1.042170E-7	1.359700E+4	0.000000E+0	0.000000E+0
5.496861E+3	1.042190E-7	1.359710E+4	0.000000E+0	0.000000E+0
5.500857E+3	1.042190E-7	1.359720E+4	0.000000E+0	0.000000E+0
5.504857E+3	1.042290E-7	1.359720E+4	0.000000E+0	0.000000E+0
5.508861E+3	1.042220E-7	1.359730E+4	0.000000E+0	0.000000E+0
5.512861E+3	1.042150E-7	1.359710E+4	0.000000E+0	0.000000E+0
5.516855E+3	1.042120E-7	1.359700E+4	0.000000E+0	0.000000E+0
5.520861E+3	1.042210E-7	1.359680E+4	0.000000E+0	0.000000E+0
5.524860E+3	1.042210E-7	1.359660E+4	0.000000E+0	0.000000E+0
5.528860E+3	1.042250E-7	1.359650E+4	0.000000E+0	0.000000E+0
5.532857E+3	1.042280E-7	1.359620E+4	0.000000E+0	0.000000E+0
5.536859E+3	1.042170E-7	1.359610E+4	0.000000E+0	0.000000E+0
5.540854E+3	1.042200E-7	1.359610E+4	0.000000E+0	0.000000E+0
5.544858E+3	1.042350E-7	1.359620E+4	0.000000E+0	0.000000E+0
5.548857E+3	1.042170E-7	1.359640E+4	0.000000E+0	0.000000E+0
5.552862E+3	1.042290E-7	1.359650E+4	0.000000E+0	0.000000E+0
5.556855E+3	1.042210E-7	1.359660E+4	0.000000E+0	0.000000E+0
5.560860E+3	1.042160E-7	1.359680E+4	0.000000E+0	0.000000E+0
5.564856E+3	1.042330E-7	1.359690E+4	0.000000E+0	0.000000E+0
5.568859E+3	1.042250E-7	1.359700E+4	0.000000E+0	0.000000E+0
5.572858E+3	1.042220E-7	1.359700E+4	0.000000E+0	0.000000E+0
5.576858E+3	1.042370E-7	1.359690E+4	0.000000E+0	0.000000E+0
5.580869E+3	1.042370E-7	1.359680E+4	0.000000E+0	0.000000E+0
5.584835E+3	1.042300E-7	1.359650E+4	0.000000E+0	0.000000E+0
5.588866E+3	1.042690E-7	1.359630E+4	0.000000E+0	0.000000E+0
5.592857E+3	1.042400E-7	1.359620E+4	0.000000E+0	0.000000E+0
5.596860E+3	1.042170E-7	1.359610E+4	0.000000E+0	0.000000E+0
5.600859E+3	1.042360E-7	1.359610E+4	0.000000E+0	0.000000E+0
5.604856E+3	1.042280E-7	1.359610E+4	0.000000E+0	0.000000E+0
5.608859E+3	1.042350E-7	1.359610E+4	0.000000E+0	0.000000E+0
5.612861E+3	1.042360E-7	1.359610E+4	0.000000E+0	0.000000E+0
5.616861E+3	1.042290E-7	1.359590E+4	0.000000E+0	0.000000E+0
5.620862E+3	1.042330E-7	1.359580E+4	0.000000E+0	0.000000E+0
5.624860E+3	1.042270E-7	1.359570E+4	0.000000E+0	0.000000E+0
5.628861E+3	1.042440E-7	1.359550E+4	0.000000E+0	0.000000E+0
5.632860E+3	1.042470E-7	1.359480E+4	0.000000E+0	0.000000E+0
5.636863E+3	1.042490E-7	1.359380E+4	0.000000E+0	0.000000E+0
5.640858E+3	1.042370E-7	1.359320E+4	0.000000E+0	0.000000E+0
5.644858E+3	1.042300E-7	1.359300E+4	0.000000E+0	0.000000E+0
5.648859E+3	1.042470E-7	1.359310E+4	0.000000E+0	0.000000E+0
5.652860E+3	1.042490E-7	1.359330E+4	0.000000E+0	0.000000E+0
5.656858E+3	1.042470E-7	1.359340E+4	0.000000E+0	0.000000E+0
5.660859E+3	1.042580E-7	1.359360E+4	0.000000E+0	0.000000E+0
5.664859E+3	1.042460E-7	1.359360E+4	0.000000E+0	0.000000E+0
5.668861E+3	1.042560E-7	1.359380E+4	0.000000E+0	0.000000E+0
5.672859E+3	1.042540E-7	1.359410E+4	0.000000E+0	0.000000E+0
5.676856E+3	1.042490E-7	1.359430E+4	0.000000E+0	0.000000E+0
5.680857E+3	1.042470E-7	1.359460E+4	0.000000E+0	0.000000E+0
5.684861E+3	1.042720E-7	1.359460E+4	0.000000E+0	0.000000E+0
5.688858E+3	1.042600E-7	1.359450E+4	0.000000E+0	0.000000E+0
5.692861E+3	1.042510E-7	1.359430E+4	0.000000E+0	0.000000E+0
5.696857E+3	1.042490E-7	1.359380E+4	0.000000E+0	0.000000E+0
5.700863E+3	1.042520E-7	1.359330E+4	0.000000E+0	0.000000E+0
5.704862E+3	1.042620E-7	1.359320E+4	0.000000E+0	0.000000E+0
5.708861E+3	1.042570E-7	1.359310E+4	0.000000E+0	0.000000E+0
5.712862E+3	1.042600E-7	1.359330E+4	0.000000E+0	0.000000E+0
5.716862E+3	1.042560E-7	1.359340E+4	0.000000E+0	0.000000E+0
5.720862E+3	1.042710E-7	1.359360E+4	0.000000E+0	0.000000E+0
5.724861E+3	1.042750E-7	1.359370E+4	0.000000E+0	0.000000E+0
5.728855E+3	1.042660E-7	1.359380E+4	0.000000E+0	0.000000E+0
5.732860E+3	1.042680E-7	1.359390E+4	0.000000E+0	0.000000E+0
5.736856E+3	1.042620E-7	1.359400E+4	0.000000E+0	0.000000E+0
5.740864E+3	1.042610E-7	1.359410E+4	0.000000E+0	0.000000E+0
5.744858E+3	1.042750E-7	1.359410E+4	0.000000E+0	0.000000E+0
5.748861E+3	1.042740E-7	1.359400E+4	0.000000E+0	0.000000E+0
5.752858E+3	1.042610E-7	1.359400E+4	0.000000E+0	0.000000E+0
5.756860E+3	1.042740E-7	1.359400E+4	0.000000E+0	0.000000E+0
5.760861E+3	1.042830E-7	1.359380E+4	0.000000E+0	0.000000E+0
5.764861E+3	1.042710E-7	1.359380E+4	0.000000E+0	0.000000E+0
5.768857E+3	1.042820E-7	1.359360E+4	0.000000E+0	0.000000E+0
5.772864E+3	1.042930E-7	1.359330E+4	0.000000E+0	0.000000E+0
5.776860E+3	1.042900E-7	1.359300E+4	0.000000E+0	0.000000E+0
5.780861E+3	1.042800E-7	1.359250E+4	0.000000E+0	0.000000E+0
5.784862E+3	1.042900E-7	1.359210E+4	0.000000E+0	0.000000E+0
5.788862E+3	1.042900E-7	1.359160E+4	0.000000E+0	0.000000E+0
5.792864E+3	1.042870E-7	1.359120E+4	0.000000E+0	0.000000E+0
5.796864E+3	1.042710E-7	1.359100E+4	0.000000E+0	0.000000E+0
5.800857E+3	1.042750E-7	1.359090E+4	0.000000E+0	0.000000E+0
5.804864E+3	1.042850E-7	1.359060E+4	0.000000E+0	0.000000E+0
5.808861E+3	1.042870E-7	1.359040E+4	0.000000E+0	0.000000E+0
5.812862E+3	1.042850E-7	1.359020E+4	0.000000E+0	0.000000E+0
5.816860E+3	1.042900E-7	1.359000E+4	0.000000E+0	0.000000E+0
5.820862E+3	1.042910E-7	1.358990E+4	0.000000E+0	0.000000E+0
5.824861E+3	1.042820E-7	1.359000E+4	0.000000E+0	0.000000E+0
5.828866E+3	1.042880E-7	1.359030E+4	0.000000E+0	0.000000E+0
5.832861E+3	1.042860E-7	1.359060E+4	0.000000E+0	0.000000E+0
5.836863E+3	1.043000E-7	1.359080E+4	0.000000E+0	0.000000E+0
5.840859E+3	1.042860E-7	1.359110E+4	0.000000E+0	0.000000E+0
5.844861E+3	1.042900E-7	1.359150E+4	0.000000E+0	0.000000E+0
5.848861E+3	1.042870E-7	1.359150E+4	0.000000E+0	0.000000E+0
5.852861E+3	1.043010E-7	1.359160E+4	0.000000E+0	0.000000E+0
5.856861E+3	1.042940E-7	1.359180E+4	0.000000E+0	0.000000E+0
5.860861E+3	1.043030E-7	1.359180E+4	0.000000E+0	0.000000E+0
5.864857E+3	1.042900E-7	1.359200E+4	0.000000E+0	0.000000E+0
5.868860E+3	1.042960E-7	1.359190E+4	0.000000E+0	0.000000E+0
5.872859E+3	1.042960E-7	1.359170E+4	0.000000E+0	0.000000E+0
5.876860E+3	1.042820E-7	1.359160E+4	0.000000E+0	0.000000E+0
5.880858E+3	1.042840E-7	1.359150E+4	0.000000E+0	0.000000E+0
5.884864E+3	1.042930E-7	1.359120E+4	0.000000E+0	0.000000E+0
5.888858E+3	1.043130E-7	1.359120E+4	0.000000E+0	0.000000E+0
5.892865E+3	1.043210E-7	1.359120E+4	0.000000E+0	0.000000E+0
5.896860E+3	1.043070E-7	1.359110E+4	0.000000E+0	0.000000E+0
5.900861E+3	1.043120E-7	1.359110E+4	0.000000E+0	0.000000E+0
5.904860E+3	1.043170E-7	1.359080E+4	0.000000E+0	0.000000E+0
5.908862E+3	1.043470E-7	1.359110E+4	0.000000E+0	0.000000E+0
5.912855E+3	1.043310E-7	1.359110E+4	0.000000E+0	0.000000E+0
5.916858E+3	1.043400E-7	1.359070E+4	0.000000E+0	0.000000E+0
5.920858E+3	1.043590E-7	1.359100E+4	0.000000E+0	0.000000E+0
5.924861E+3	1.043470E-7	1.359100E+4	0.000000E+0	0.000000E+0
5.928861E+3	1.043370E-7	1.359090E+4	0.000000E+0	0.000000E+0
5.932861E+3	1.043370E-7	1.359110E+4	0.000000E+0	0.000000E+0
5.936856E+3	1.043460E-7	1.359110E+4	0.000000E+0	0.000000E+0
5.940861E+3	1.043250E-7	1.359110E+4	0.000000E+0	0.000000E+0
5.944859E+3	1.043420E-7	1.359100E+4	0.000000E+0	0.000000E+0
5.948861E+3	1.043440E-7	1.359070E+4	0.000000E+0	0.000000E+0
5.952859E+3	1.043340E-7	1.359050E+4	0.000000E+0	0.000000E+0
5.956861E+3	1.043500E-7	1.359030E+4	0.000000E+0	0.000000E+0
5.960855E+3	1.043650E-7	1.359000E+4	0.000000E+0	0.000000E+0
5.964864E+3	1.043320E-7	1.358970E+4	0.000000E+0	0.000000E+0
5.968860E+3	1.043570E-7	1.358920E+4	0.000000E+0	0.000000E+0
5.972864E+3	1.043450E-7	1.358860E+4	0.000000E+0	0.000000E+0
5.976860E+3	1.043460E-7	1.358810E+4	0.000000E+0	0.000000E+0
5.980860E+3	1.043480E-7	1.358790E+4	0.000000E+0	0.000000E+0
5.984855E+3	1.043480E-7	1.358810E+4	0.000000E+0	0.000000E+0
5.988865E+3	1.043260E-7	1.358820E+4	0.000000E+0	0.000000E+0
5.992853E+3	1.043470E-7	1.358840E+4	0.000000E+0	0.000000E+0
5.996859E+3	1.043450E-7	1.358850E+4	0.000000E+0	0.000000E+0
6.000856E+3	1.043330E-7	1.358850E+4	0.000000E+0	0.000000E+0
6.004861E+3	1.043480E-7	1.358850E+4	0.000000E+0	0.000000E+0
6.008859E+3	1.043630E-7	1.358860E+4	0.000000E+0	0.000000E+0
6.012859E+3	1.043330E-7	1.358860E+4	0.000000E+0	0.000000E+0
6.016859E+3	1.043420E-7	1.358870E+4	0.000000E+0	0.000000E+0
6.020861E+3	1.043440E-7	1.358860E+4	0.000000E+0	0.000000E+0
6.024861E+3	1.043380E-7	1.358850E+4	0.000000E+0	0.000000E+0
6.028857E+3	1.043710E-7	1.358850E+4	0.000000E+0	0.000000E+0
6.032860E+3	1.043550E-7	1.358830E+4	0.000000E+0	0.000000E+0
6.036860E+3	1.043720E-7	1.358820E+4	0.000000E+0	0.000000E+0
6.040856E+3	1.043740E-7	1.358820E+4	0.000000E+0	0.000000E+0
6.044861E+3	1.043710E-7	1.358810E+4	0.000000E+0	0.000000E+0
6.048861E+3	1.043660E-7	1.358810E+4	0.000000E+0	0.000000E+0
6.052859E+3	1.043720E-7	1.358800E+4	0.000000E+0	0.000000E+0
6.056857E+3	1.043800E-7	1.358820E+4	0.000000E+0	0.000000E+0
6.060864E+3	1.043540E-7	1.358820E+4	0.000000E+0	0.000000E+0
6.064858E+3	1.043970E-7	1.358800E+4	0.000000E+0	0.000000E+0
6.068862E+3	1.043880E-7	1.358810E+4	0.000000E+0	0.000000E+0
6.072858E+3	1.043660E-7	1.358800E+4	0.000000E+0	0.000000E+0
6.076863E+3	1.043780E-7	1.358790E+4	0.000000E+0	0.000000E+0
6.080858E+3	1.043780E-7	1.358790E+4	0.000000E+0	0.000000E+0
6.084863E+3	1.043680E-7	1.358790E+4	0.000000E+0	0.000000E+0
6.088859E+3	1.043730E-7	1.358780E+4	0.000000E+0	0.000000E+0
6.092859E+3	1.043990E-7	1.358770E+4	0.000000E+0	0.000000E+0
6.096859E+3	1.043690E-7	1.358770E+4	0.000000E+0	0.000000E+0
6.100864E+3	1.043680E-7	1.358770E+4	0.000000E+0	0.000000E+0
6.104853E+3	1.043610E-7	1.358750E+4	0.000000E+0	0.000000E+0
6.108861E+3	1.043820E-7	1.358750E+4	0.000000E+0	0.000000E+0
6.112859E+3	1.043840E-7	1.358740E+4	0.000000E+0	0.000000E+0
6.116859E+3	1.043790E-7	1.358740E+4	0.000000E+0	0.000000E+0
6.120859E+3	1.043920E-7	1.358730E+4	0.000000E+0	0.000000E+0
6.124860E+3	1.043720E-7	1.358710E+4	0.000000E+0	0.000000E+0
6.128855E+3	1.043800E-7	1.358690E+4	0.000000E+0	0.000000E+0
6.132862E+3	1.043770E-7	1.358670E+4	0.000000E+0	0.000000E+0
6.136861E+3	1.043690E-7	1.358650E+4	0.000000E+0	0.000000E+0
6.140861E+3	1.043770E-7	1.358620E+4	0.000000E+0	0.000000E+0
6.144857E+3	1.043790E-7	1.358600E+4	0.000000E+0	0.000000E+0
6.148861E+3	1.043870E-7	1.358570E+4	0.000000E+0	0.000000E+0
6.152858E+3	1.043820E-7	1.358530E+4	0.000000E+0	0.000000E+0
6.156861E+3	1.043650E-7	1.358490E+4	0.000000E+0	0.000000E+0
6.160858E+3	1.043710E-7	1.358480E+4	0.000000E+0	0.000000E+0
6.164863E+3	1.043860E-7	1.358440E+4	0.000000E+0	0.000000E+0
6.168858E+3	1.043770E-7	1.358400E+4	0.000000E+0	0.000000E+0
6.172861E+3	1.043710E-7	1.358410E+4	0.000000E+0	0.000000E+0
6.176858E+3	1.043690E-7	1.358430E+4	0.000000E+0	0.000000E+0
6.180875E+3	1.043820E-7	1.358430E+4	0.000000E+0	0.000000E+0
6.184840E+3	1.043830E-7	1.358420E+4	0.000000E+0	0.000000E+0
6.188851E+3	1.043810E-7	1.358430E+4	0.000000E+0	0.000000E+0
6.192863E+3	1.043700E-7	1.358440E+4	0.000000E+0	0.000000E+0
6.196855E+3	1.043820E-7	1.358440E+4	0.000000E+0	0.000000E+0
6.200863E+3	1.043850E-7	1.358440E+4	0.000000E+0	0.000000E+0
6.204856E+3	1.043820E-7	1.358440E+4	0.000000E+0	0.000000E+0
6.208866E+3	1.043720E-7	1.358440E+4	0.000000E+0	0.000000E+0
6.212864E+3	1.043820E-7	1.358420E+4	0.000000E+0	0.000000E+0
6.216859E+3	1.043880E-7	1.358410E+4	0.000000E+0	0.000000E+0
6.220860E+3	1.043840E-7	1.358380E+4	0.000000E+0	0.000000E+0
6.224858E+3	1.043840E-7	1.358360E+4	0.000000E+0	0.000000E+0
6.228857E+3	1.043830E-7	1.358330E+4	0.000000E+0	0.000000E+0
6.232858E+3	1.043740E-7	1.358300E+4	0.000000E+0	0.000000E+0
6.236858E+3	1.043790E-7	1.358290E+4	0.000000E+0	0.000000E+0
6.240860E+3	1.043900E-7	1.358280E+4	0.000000E+0	0.000000E+0
6.244856E+3	1.043900E-7	1.358280E+4	0.000000E+0	0.000000E+0
6.248860E+3	1.043940E-7	1.358290E+4	0.000000E+0	0.000000E+0
6.252859E+3	1.043910E-7	1.358280E+4	0.000000E+0	0.000000E+0
6.256859E+3	1.043910E-7	1.358290E+4	0.000000E+0	0.000000E+0
6.260866E+3	1.043910E-7	1.358280E+4	0.000000E+0	0.000000E+0
6.264862E+3	1.043910E-7	1.358260E+4	0.000000E+0	0.000000E+0
6.268859E+3	1.043980E-7	1.358240E+4	0.000000E+0	0.000000E+0
6.272861E+3	1.043910E-7	1.358240E+4	0.000000E+0	0.000000E+0
6.276859E+3	1.043960E-7	1.358240E+4	0.000000E+0	0.000000E+0
6.280858E+3	1.043980E-7	1.358220E+4	0.000000E+0	0.000000E+0
6.284861E+3	1.044070E-7	1.358230E+4	0.000000E+0	0.000000E+0
6.288861E+3	1.044060E-7	1.358200E+4	0.000000E+0	0.000000E+0
6.292856E+3	1.044040E-7	1.358200E+4	0.000000E+0	0.000000E+0
6.296858E+3	1.044050E-7	1.358190E+4	0.000000E+0	0.000000E+0
6.300853E+3	1.044000E-7	1.358160E+4	0.000000E+0	0.000000E+0
6.304861E+3	1.044060E-7	1.358130E+4	0.000000E+0	0.000000E+0
6.308860E+3	1.044090E-7	1.358100E+4	0.000000E+0	0.000000E+0
6.312858E+3	1.044050E-7	1.358080E+4	0.000000E+0	0.000000E+0
6.316858E+3	1.043980E-7	1.358070E+4	0.000000E+0	0.000000E+0
6.320861E+3	1.044020E-7	1.358030E+4	0.000000E+0	0.000000E+0
6.324861E+3	1.044030E-7	1.358010E+4	0.000000E+0	0.000000E+0
6.328860E+3	1.044130E-7	1.357980E+4	0.000000E+0	0.000000E+0
6.332858E+3	1.044130E-7	1.357970E+4	0.000000E+0	0.000000E+0
6.336861E+3	1.044150E-7	1.357950E+4	0.000000E+0	0.000000E+0
6.340856E+3	1.044140E-7	1.357940E+4	0.000000E+0	0.000000E+0
6.344859E+3	1.044180E-7	1.357950E+4	0.000000E+0	0.000000E+0
6.348856E+3	1.044320E-7	1.357940E+4	0.000000E+0	0.000000E+0
6.352858E+3	1.044190E-7	1.357970E+4	0.000000E+0	0.000000E+0
6.356854E+3	1.044290E-7	1.357970E+4	0.000000E+0	0.000000E+0
6.360863E+3	1.044180E-7	1.357960E+4	0.000000E+0	0.000000E+0
6.364856E+3	1.044180E-7	1.357970E+4	0.000000E+0	0.000000E+0
6.368859E+3	1.044150E-7	1.357960E+4	0.000000E+0	0.000000E+0
6.372860E+3	1.044260E-7	1.357920E+4	0.000000E+0	0.000000E+0
6.376860E+3	1.044240E-7	1.357900E+4	0.000000E+0	0.000000E+0
6.380856E+3	1.044110E-7	1.357870E+4	0.000000E+0	0.000000E+0
6.384862E+3	1.044270E-7	1.357840E+4	0.000000E+0	0.000000E+0
6.388855E+3	1.044310E-7	1.357840E+4	0.000000E+0	0.000000E+0
6.392862E+3	1.044260E-7	1.357860E+4	0.000000E+0	0.000000E+0
6.396857E+3	1.044170E-7	1.357870E+4	0.000000E+0	0.000000E+0
6.400861E+3	1.044230E-7	1.357890E+4	0.000000E+0	0.000000E+0
6.404855E+3	1.044240E-7	1.357900E+4	0.000000E+0	0.000000E+0
6.408857E+3	1.044270E-7	1.357910E+4	0.000000E+0	0.000000E+0
6.412862E+3	1.044280E-7	1.357920E+4	0.000000E+0	0.000000E+0
6.416861E+3	1.044270E-7	1.357910E+4	0.000000E+0	0.000000E+0
6.420855E+3	1.044270E-7	1.357910E+4	0.000000E+0	0.000000E+0
6.424860E+3	1.044430E-7	1.357900E+4	0.000000E+0	0.000000E+0
6.428855E+3	1.044410E-7	1.357890E+4	0.000000E+0	0.000000E+0
6.432857E+3	1.044310E-7	1.357870E+4	0.000000E+0	0.000000E+0
6.436861E+3	1.044330E-7	1.357870E+4	0.000000E+0	0.000000E+0
6.440859E+3	1.044310E-7	1.357880E+4	0.000000E+0	0.000000E+0
6.444856E+3	1.044340E-7	1.357870E+4	0.000000E+0	0.000000E+0
6.448856E+3	1.044440E-7	1.357860E+4	0.000000E+0	0.000000E+0
6.452861E+3	1.044290E-7	1.357860E+4	0.000000E+0	0.000000E+0
6.456861E+3	1.044250E-7	1.357850E+4	0.000000E+0	0.000000E+0
6.460859E+3	1.044290E-7	1.357840E+4	0.000000E+0	0.000000E+0
6.464857E+3	1.044360E-7	1.357850E+4	0.000000E+0	0.000000E+0
6.468861E+3	1.044400E-7	1.357840E+4	0.000000E+0	0.000000E+0
6.472856E+3	1.044350E-7	1.357820E+4	0.000000E+0	0.000000E+0
6.476859E+3	1.044420E-7	1.357800E+4	0.000000E+0	0.000000E+0
6.480862E+3	1.044420E-7	1.357770E+4	0.000000E+0	0.000000E+0
6.484858E+3	1.044420E-7	1.357740E+4	0.000000E+0	0.000000E+0
6.488856E+3	1.044590E-7	1.357710E+4	0.000000E+0	0.000000E+0
6.492858E+3	1.044530E-7	1.357700E+4	0.000000E+0	0.000000E+0
6.496858E+3	1.044520E-7	1.357690E+4	0.000000E+0	0.000000E+0
6.500857E+3	1.044540E-7	1.357690E+4	0.000000E+0	0.000000E+0
6.504858E+3	1.044560E-7	1.357700E+4	0.000000E+0	0.000000E+0
6.508857E+3	1.044500E-7	1.357680E+4	0.000000E+0	0.000000E+0
6.512863E+3	1.044480E-7	1.357690E+4	0.000000E+0	0.000000E+0
6.516859E+3	1.044460E-7	1.357690E+4	0.000000E+0	0.000000E+0
6.520858E+3	1.044440E-7	1.357680E+4	0.000000E+0	0.000000E+0
6.524858E+3	1.044500E-7	1.357680E+4	0.000000E+0	0.000000E+0
6.528859E+3	1.044460E-7	1.357660E+4	0.000000E+0	0.000000E+0
6.532854E+3	1.044430E-7	1.357640E+4	0.000000E+0	0.000000E+0
6.536858E+3	1.044520E-7	1.357620E+4	0.000000E+0	0.000000E+0
6.540856E+3	1.044570E-7	1.357610E+4	0.000000E+0	0.000000E+0
6.544861E+3	1.044460E-7	1.357600E+4	0.000000E+0	0.000000E+0
6.548856E+3	1.044360E-7	1.357590E+4	0.000000E+0	0.000000E+0
6.552857E+3	1.044490E-7	1.357590E+4	0.000000E+0	0.000000E+0
6.556859E+3	1.044510E-7	1.357580E+4	0.000000E+0	0.000000E+0
6.560860E+3	1.044460E-7	1.357560E+4	0.000000E+0	0.000000E+0
6.564860E+3	1.044530E-7	1.357540E+4	0.000000E+0	0.000000E+0
6.568859E+3	1.044510E-7	1.357540E+4	0.000000E+0	0.000000E+0
6.572858E+3	1.044570E-7	1.357530E+4	0.000000E+0	0.000000E+0
6.576857E+3	1.044750E-7	1.357520E+4	0.000000E+0	0.000000E+0
6.580860E+3	1.044510E-7	1.357510E+4	0.000000E+0	0.000000E+0
6.584857E+3	1.044560E-7	1.357490E+4	0.000000E+0	0.000000E+0
6.588857E+3	1.044640E-7	1.357480E+4	0.000000E+0	0.000000E+0
6.592857E+3	1.044700E-7	1.357470E+4	0.000000E+0	0.000000E+0
6.596855E+3	1.044640E-7	1.357440E+4	0.000000E+0	0.000000E+0
6.600862E+3	1.044620E-7	1.357420E+4	0.000000E+0	0.000000E+0
6.604855E+3	1.044660E-7	1.357400E+4	0.000000E+0	0.000000E+0
6.608857E+3	1.044560E-7	1.357390E+4	0.000000E+0	0.000000E+0
6.612861E+3	1.044850E-7	1.357400E+4	0.000000E+0	0.000000E+0
6.616859E+3	1.044560E-7	1.357400E+4	0.000000E+0	0.000000E+0
6.620854E+3	1.044530E-7	1.357410E+4	0.000000E+0	0.000000E+0
6.624865E+3	1.044600E-7	1.357410E+4	0.000000E+0	0.000000E+0
6.628861E+3	1.044430E-7	1.357400E+4	0.000000E+0	0.000000E+0
6.632859E+3	1.044450E-7	1.357390E+4	0.000000E+0	0.000000E+0
6.636857E+3	1.044510E-7	1.357370E+4	0.000000E+0	0.000000E+0
6.640860E+3	1.044520E-7	1.357360E+4	0.000000E+0	0.000000E+0
6.644857E+3	1.044550E-7	1.357330E+4	0.000000E+0	0.000000E+0
6.648855E+3	1.044580E-7	1.357300E+4	0.000000E+0	0.000000E+0
6.652854E+3	1.044550E-7	1.357260E+4	0.000000E+0	0.000000E+0
6.656863E+3	1.044530E-7	1.357240E+4	0.000000E+0	0.000000E+0
6.660844E+3	1.044670E-7	1.357220E+4	0.000000E+0	0.000000E+0
6.664857E+3	1.044480E-7	1.357220E+4	0.000000E+0	0.000000E+0
6.668860E+3	1.044540E-7	1.357230E+4	0.000000E+0	0.000000E+0
6.672858E+3	1.044580E-7	1.357230E+4	0.000000E+0	0.000000E+0
6.676860E+3	1.044610E-7	1.357230E+4	0.000000E+0	0.000000E+0
6.680857E+3	1.044690E-7	1.357220E+4	0.000000E+0	0.000000E+0
6.684863E+3	1.044680E-7	1.357210E+4	0.000000E+0	0.000000E+0
6.688856E+3	1.044690E-7	1.357210E+4	0.000000E+0	0.000000E+0
6.692855E+3	1.044600E-7	1.357220E+4	0.000000E+0	0.000000E+0
6.696859E+3	1.044750E-7	1.357210E+4	0.000000E+0	0.000000E+0
6.700861E+3	1.044650E-7	1.357210E+4	0.000000E+0	0.000000E+0
6.704857E+3	1.044630E-7	1.357210E+4	0.000000E+0	0.000000E+0
6.708861E+3	1.044710E-7	1.357240E+4	0.000000E+0	0.000000E+0
6.712859E+3	1.044630E-7	1.357260E+4	0.000000E+0	0.000000E+0
6.716861E+3	1.044750E-7	1.357250E+4	0.000000E+0	0.000000E+0
6.720861E+3	1.044870E-7	1.357240E+4	0.000000E+0	0.000000E+0
6.724860E+3	1.044780E-7	1.357230E+4	0.000000E+0	0.000000E+0
6.728857E+3	1.044750E-7	1.357210E+4	0.000000E+0	0.000000E+0
6.732860E+3	1.044730E-7	1.357190E+4	0.000000E+0	0.000000E+0
6.736854E+3	1.044640E-7	1.357170E+4	0.000000E+0	0.000000E+0
6.740856E+3	1.044660E-7	1.357110E+4	0.000000E+0	0.000000E+0
6.744861E+3	1.044810E-7	1.357080E+4	0.000000E+0	0.000000E+0
6.748860E+3	1.044690E-7	1.357070E+4	0.000000E+0	0.000000E+0
6.752855E+3	1.044810E-7	1.357070E+4	0.000000E+0	0.000000E+0
6.756865E+3	1.044800E-7	1.357060E+4	0.000000E+0	0.000000E+0
6.760842E+3	1.044860E-7	1.357050E+4	0.000000E+0	0.000000E+0
6.764853E+3	1.044890E-7	1.357050E+4	0.000000E+0	0.000000E+0
6.768861E+3	1.044880E-7	1.357040E+4	0.000000E+0	0.000000E+0
6.772858E+3	1.044780E-7	1.357040E+4	0.000000E+0	0.000000E+0
6.776858E+3	1.044890E-7	1.357030E+4	0.000000E+0	0.000000E+0
6.780860E+3	1.044830E-7	1.357020E+4	0.000000E+0	0.000000E+0
6.784859E+3	1.044930E-7	1.357020E+4	0.000000E+0	0.000000E+0
6.788856E+3	1.045060E-7	1.357010E+4	0.000000E+0	0.000000E+0
6.792854E+3	1.044800E-7	1.357000E+4	0.000000E+0	0.000000E+0
6.796858E+3	1.044930E-7	1.356980E+4	0.000000E+0	0.000000E+0
6.800863E+3	1.044910E-7	1.356960E+4	0.000000E+0	0.000000E+0
6.804856E+3	1.044810E-7	1.356940E+4	0.000000E+0	0.000000E+0
6.808861E+3	1.044880E-7	1.356940E+4	0.000000E+0	0.000000E+0
6.812860E+3	1.044880E-7	1.356930E+4	0.000000E+0	0.000000E+0
6.816860E+3	1.044950E-7	1.356920E+4	0.000000E+0	0.000000E+0
6.820857E+3	1.044840E-7	1.356910E+4	0.000000E+0	0.000000E+0
6.824861E+3	1.044980E-7	1.356900E+4	0.000000E+0	0.000000E+0
6.828841E+3	1.045080E-7	1.356900E+4	0.000000E+0	0.000000E+0
6.832852E+3	1.045010E-7	1.356880E+4	0.000000E+0	0.000000E+0
6.836860E+3	1.044970E-7	1.356880E+4	0.000000E+0	0.000000E+0
6.840857E+3	1.045040E-7	1.356870E+4	0.000000E+0	0.000000E+0
6.844858E+3	1.045010E-7	1.356870E+4	0.000000E+0	0.000000E+0
6.848858E+3	1.045030E-7	1.356860E+4	0.000000E+0	0.000000E+0
6.852858E+3	1.045070E-7	1.356840E+4	0.000000E+0	0.000000E+0
6.856853E+3	1.045050E-7	1.356840E+4	0.000000E+0	0.000000E+0
6.860860E+3	1.045070E-7	1.356840E+4	0.000000E+0	0.000000E+0
6.864856E+3	1.045150E-7	1.356830E+4	0.000000E+0	0.000000E+0
6.868858E+3	1.045030E-7	1.356830E+4	0.000000E+0	0.000000E+0
6.872865E+3	1.044960E-7	1.356820E+4	0.000000E+0	0.000000E+0
6.876835E+3	1.045060E-7	1.356810E+4	0.000000E+0	0.000000E+0
6.880873E+3	1.045130E-7	1.356790E+4	0.000000E+0	0.000000E+0
6.884858E+3	1.045000E-7	1.356770E+4	0.000000E+0	0.000000E+0
6.888858E+3	1.045020E-7	1.356750E+4	0.000000E+0	0.000000E+0
6.892859E+3	1.045020E-7	1.356740E+4	0.000000E+0	0.000000E+0
6.896863E+3	1.045040E-7	1.356710E+4	0.000000E+0	0.000000E+0
6.900861E+3	1.044940E-7	1.356710E+4	0.000000E+0	0.000000E+0
6.904861E+3	1.045000E-7	1.356710E+4	0.000000E+0	0.000000E+0
6.908857E+3	1.044960E-7	1.356700E+4	0.000000E+0	0.000000E+0
6.912860E+3	1.045050E-7	1.356700E+4	0.000000E+0	0.000000E+0
6.916854E+3	1.045050E-7	1.356670E+4	0.000000E+0	0.000000E+0
6.920860E+3	1.045220E-7	1.356670E+4	0.000000E+0	0.000000E+0
6.924855E+3	1.044960E-7	1.356670E+4	0.000000E+0	0.000000E+0
6.928855E+3	1.045060E-7	1.356660E+4	0.000000E+0	0.000000E+0
6.932860E+3	1.045020E-7	1.356640E+4	0.000000E+0	0.000000E+0
6.936858E+3	1.044990E-7	1.356630E+4	0.000000E+0	0.000000E+0
6.940860E+3	1.045120E-7	1.356620E+4	0.000000E+0	0.000000E+0
6.944864E+3	1.045140E-7	1.356620E+4	0.000000E+0	0.000000E+0
6.948858E+3	1.045210E-7	1.356610E+4	0.000000E+0	0.000000E+0
6.952856E+3	1.044980E-7	1.356610E+4	0.000000E+0	0.000000E+0
6.956856E+3	1.045170E-7	1.356590E+4	0.000000E+0	0.000000E+0
6.960862E+3	1.045060E-7	1.356580E+4	0.000000E+0	0.000000E+0
6.964858E+3	1.045090E-7	1.356590E+4	0.000000E+0	0.000000E+0
6.968858E+3	1.045220E-7	1.356590E+4	0.000000E+0	0.000000E+0
6.972856E+3	1.045100E-7	1.356570E+4	0.000000E+0	0.000000E+0
6.976861E+3	1.045150E-7	1.356540E+4	0.000000E+0	0.000000E+0
6.980856E+3	1.045200E-7	1.356530E+4	0.000000E+0	0.000000E+0
6.984857E+3	1.045200E-7	1.356510E+4	0.000000E+0	0.000000E+0
6.988856E+3	1.045240E-7	1.356510E+4	0.000000E+0	0.000000E+0
6.992858E+3	1.045330E-7	1.356510E+4	0.000000E+0	0.000000E+0
6.996854E+3	1.045190E-7	1.356510E+4	0.000000E+0	0.000000E+0
7.000861E+3	1.045230E-7	1.356510E+4	0.000000E+0	0.000000E+0
7.004857E+3	1.045200E-7	1.356520E+4	0.000000E+0	0.000000E+0
7.008861E+3	1.045140E-7	1.356520E+4	0.000000E+0	0.000000E+0
7.012858E+3	1.045200E-7	1.356520E+4	0.000000E+0	0.000000E+0
7.016860E+3	1.045180E-7	1.356510E+4	0.000000E+0	0.000000E+0
7.020857E+3	1.045320E-7	1.356500E+4	0.000000E+0	0.000000E+0
7.024859E+3	1.045180E-7	1.356500E+4	0.000000E+0	0.000000E+0
7.028860E+3	1.045270E-7	1.356520E+4	0.000000E+0	0.000000E+0
7.032860E+3	1.045240E-7	1.356520E+4	0.000000E+0	0.000000E+0
7.036856E+3	1.045320E-7	1.356520E+4	0.000000E+0	0.000000E+0
7.040863E+3	1.045380E-7	1.356520E+4	0.000000E+0	0.000000E+0
7.044859E+3	1.045330E-7	1.356510E+4	0.000000E+0	0.000000E+0
7.048861E+3	1.045410E-7	1.356490E+4	0.000000E+0	0.000000E+0
7.052855E+3	1.045410E-7	1.356460E+4	0.000000E+0	0.000000E+0
7.056855E+3	1.045410E-7	1.356410E+4	0.000000E+0	0.000000E+0
7.060856E+3	1.045350E-7	1.356370E+4	0.000000E+0	0.000000E+0
7.064859E+3	1.045350E-7	1.356350E+4	0.000000E+0	0.000000E+0
7.068856E+3	1.045450E-7	1.356330E+4	0.000000E+0	0.000000E+0
7.072863E+3	1.045400E-7	1.356310E+4	0.000000E+0	0.000000E+0
7.076859E+3	1.045480E-7	1.356310E+4	0.000000E+0	0.000000E+0
7.080860E+3	1.045300E-7	1.356310E+4	0.000000E+0	0.000000E+0
7.084856E+3	1.045340E-7	1.356290E+4	0.000000E+0	0.000000E+0
7.088862E+3	1.045450E-7	1.356280E+4	0.000000E+0	0.000000E+0
7.092859E+3	1.045380E-7	1.356280E+4	0.000000E+0	0.000000E+0
7.096861E+3	1.045330E-7	1.356280E+4	0.000000E+0	0.000000E+0
7.100857E+3	1.045220E-7	1.356300E+4	0.000000E+0	0.000000E+0
7.104862E+3	1.045330E-7	1.356300E+4	0.000000E+0	0.000000E+0
7.108860E+3	1.045440E-7	1.356300E+4	0.000000E+0	0.000000E+0
7.112860E+3	1.045500E-7	1.356310E+4	0.000000E+0	0.000000E+0
7.116855E+3	1.045390E-7	1.356300E+4	0.000000E+0	0.000000E+0
7.120860E+3	1.045470E-7	1.356300E+4	0.000000E+0	0.000000E+0
7.124858E+3	1.045470E-7	1.356270E+4	0.000000E+0	0.000000E+0
7.128858E+3	1.045590E-7	1.356250E+4	0.000000E+0	0.000000E+0
7.132855E+3	1.045570E-7	1.356240E+4	0.000000E+0	0.000000E+0
7.136862E+3	1.045480E-7	1.356240E+4	0.000000E+0	0.000000E+0
7.140858E+3	1.045560E-7	1.356240E+4	0.000000E+0	0.000000E+0
7.144863E+3	1.045500E-7	1.356240E+4	0.000000E+0	0.000000E+0
7.148858E+3	1.045460E-7	1.356260E+4	0.000000E+0	0.000000E+0
7.152861E+3	1.045350E-7	1.356260E+4	0.000000E+0	0.000000E+0
7.156859E+3	1.045570E-7	1.356250E+4	0.000000E+0	0.000000E+0
7.160859E+3	1.045540E-7	1.356240E+4	0.000000E+0	0.000000E+0
7.164859E+3	1.045510E-7	1.356200E+4	0.000000E+0	0.000000E+0
7.168859E+3	1.045490E-7	1.356160E+4	0.000000E+0	0.000000E+0
7.172856E+3	1.045370E-7	1.356130E+4	0.000000E+0	0.000000E+0
7.176857E+3	1.045600E-7	1.356090E+4	0.000000E+0	0.000000E+0
7.180859E+3	1.045620E-7	1.356060E+4	0.000000E+0	0.000000E+0
7.184862E+3	1.045770E-7	1.356060E+4	0.000000E+0	0.000000E+0
