
Medición hecha el 2026-08-21  10:50 p.m.

Medición de corriente y tensión en el tiempo con posibilidad de inyectar corriente.
Tiempo	Corriente	Tensión
3.352000E+0	1.082310E-7	1.306990E+4	0.000000E+0	0.000000E+0
7.604000E+0	1.082650E-7	1.306980E+4	0.000000E+0	0.000000E+0
1.161900E+1	1.082530E-7	1.306980E+4	0.000000E+0	0.000000E+0
1.562400E+1	1.083180E-7	1.306980E+4	0.000000E+0	0.000000E+0
1.962100E+1	1.083510E-7	1.306980E+4	0.000000E+0	0.000000E+0
2.361800E+1	1.083610E-7	1.306970E+4	0.000000E+0	0.000000E+0
2.762200E+1	1.083670E-7	1.306980E+4	0.000000E+0	0.000000E+0
3.161800E+1	1.084020E-7	1.306990E+4	0.000000E+0	0.000000E+0
3.562200E+1	1.083880E-7	1.307000E+4	0.000000E+0	0.000000E+0
3.962000E+1	1.084050E-7	1.307020E+4	0.000000E+0	0.000000E+0
4.362200E+1	1.084480E-7	1.307040E+4	0.000000E+0	0.000000E+0
4.762300E+1	1.084880E-7	1.307060E+4	0.000000E+0	0.000000E+0
5.162200E+1	1.085160E-7	1.307040E+4	0.000000E+0	0.000000E+0
5.562100E+1	1.084930E-7	1.307050E+4	0.000000E+0	0.000000E+0
5.961900E+1	1.084840E-7	1.307050E+4	0.000000E+0	0.000000E+0
6.362100E+1	1.085270E-7	1.307040E+4	0.000000E+0	0.000000E+0
6.762100E+1	1.085380E-7	1.307080E+4	0.000000E+0	0.000000E+0
7.162100E+1	1.085410E-7	1.307110E+4	0.000000E+0	0.000000E+0
7.562300E+1	1.085560E-7	1.307100E+4	0.000000E+0	0.000000E+0
7.961900E+1	1.086130E-7	1.307080E+4	0.000000E+0	0.000000E+0
8.361900E+1	1.086260E-7	1.307070E+4	0.000000E+0	0.000000E+0
8.762200E+1	1.086500E-7	1.307100E+4	0.000000E+0	0.000000E+0
9.161700E+1	1.086560E-7	1.307160E+4	0.000000E+0	0.000000E+0
9.562000E+1	1.086540E-7	1.307160E+4	0.000000E+0	0.000000E+0
9.961400E+1	1.087030E-7	1.307130E+4	0.000000E+0	0.000000E+0
1.036220E+2	1.087460E-7	1.307100E+4	0.000000E+0	0.000000E+0
1.076180E+2	1.087690E-7	1.307070E+4	0.000000E+0	0.000000E+0
1.116270E+2	1.087730E-7	1.307030E+4	0.000000E+0	0.000000E+0
1.156170E+2	1.087530E-7	1.307000E+4	0.000000E+0	0.000000E+0
1.196250E+2	1.087400E-7	1.306980E+4	0.000000E+0	0.000000E+0
1.236220E+2	1.087950E-7	1.306960E+4	0.000000E+0	0.000000E+0
1.276220E+2	1.088150E-7	1.306930E+4	0.000000E+0	0.000000E+0
1.316210E+2	1.087800E-7	1.306900E+4	0.000000E+0	0.000000E+0
1.356190E+2	1.088050E-7	1.306890E+4	0.000000E+0	0.000000E+0
1.396160E+2	1.088210E-7	1.306880E+4	0.000000E+0	0.000000E+0
1.436250E+2	1.088510E-7	1.306860E+4	0.000000E+0	0.000000E+0
1.476180E+2	1.088180E-7	1.306850E+4	0.000000E+0	0.000000E+0
1.516210E+2	1.088830E-7	1.306850E+4	0.000000E+0	0.000000E+0
1.556190E+2	1.088580E-7	1.306830E+4	0.000000E+0	0.000000E+0
1.596190E+2	1.088590E-7	1.306820E+4	0.000000E+0	0.000000E+0
1.636230E+2	1.088630E-7	1.306810E+4	0.000000E+0	0.000000E+0
1.676210E+2	1.089090E-7	1.306810E+4	0.000000E+0	0.000000E+0
1.716260E+2	1.089370E-7	1.306800E+4	0.000000E+0	0.000000E+0
1.756000E+2	1.089070E-7	1.306800E+4	0.000000E+0	0.000000E+0
1.796380E+2	1.089110E-7	1.306790E+4	0.000000E+0	0.000000E+0
1.836220E+2	1.089250E-7	1.306780E+4	0.000000E+0	0.000000E+0
1.876210E+2	1.089480E-7	1.306770E+4	0.000000E+0	0.000000E+0
1.916200E+2	1.089180E-7	1.306750E+4	0.000000E+0	0.000000E+0
1.956200E+2	1.089300E-7	1.306740E+4	0.000000E+0	0.000000E+0
1.996200E+2	1.089600E-7	1.306730E+4	0.000000E+0	0.000000E+0
2.036190E+2	1.089640E-7	1.306730E+4	0.000000E+0	0.000000E+0
2.076210E+2	1.089680E-7	1.306790E+4	0.000000E+0	0.000000E+0
2.116210E+2	1.089880E-7	1.306810E+4	0.000000E+0	0.000000E+0
2.156180E+2	1.089860E-7	1.306820E+4	0.000000E+0	0.000000E+0
2.196260E+2	1.089910E-7	1.306860E+4	0.000000E+0	0.000000E+0
2.236010E+2	1.090000E-7	1.306860E+4	0.000000E+0	0.000000E+0
2.276150E+2	1.089990E-7	1.306860E+4	0.000000E+0	0.000000E+0
2.316250E+2	1.090200E-7	1.306850E+4	0.000000E+0	0.000000E+0
2.356140E+2	1.090250E-7	1.306900E+4	0.000000E+0	0.000000E+0
2.396260E+2	1.090200E-7	1.306920E+4	0.000000E+0	0.000000E+0
2.436210E+2	1.089960E-7	1.306930E+4	0.000000E+0	0.000000E+0
2.476230E+2	1.089860E-7	1.306920E+4	0.000000E+0	0.000000E+0
2.516210E+2	1.090360E-7	1.306940E+4	0.000000E+0	0.000000E+0
2.556210E+2	1.090380E-7	1.306980E+4	0.000000E+0	0.000000E+0
2.596230E+2	1.090660E-7	1.307000E+4	0.000000E+0	0.000000E+0
2.636240E+2	1.090730E-7	1.307000E+4	0.000000E+0	0.000000E+0
2.676200E+2	1.090580E-7	1.306980E+4	0.000000E+0	0.000000E+0
2.716190E+2	1.090430E-7	1.306970E+4	0.000000E+0	0.000000E+0
2.756210E+2	1.091020E-7	1.306970E+4	0.000000E+0	0.000000E+0
2.796250E+2	1.090800E-7	1.306970E+4	0.000000E+0	0.000000E+0
2.836150E+2	1.091080E-7	1.306980E+4	0.000000E+0	0.000000E+0
2.876240E+2	1.095040E-7	1.306970E+4	0.000000E+0	0.000000E+0
2.916170E+2	1.090900E-7	1.306940E+4	0.000000E+0	0.000000E+0
2.956170E+2	1.091360E-7	1.306920E+4	0.000000E+0	0.000000E+0
2.996240E+2	1.091170E-7	1.306900E+4	0.000000E+0	0.000000E+0
3.036210E+2	1.091060E-7	1.306900E+4	0.000000E+0	0.000000E+0
3.076230E+2	1.091200E-7	1.306920E+4	0.000000E+0	0.000000E+0
3.116200E+2	1.091030E-7	1.306900E+4	0.000000E+0	0.000000E+0
3.156230E+2	1.091410E-7	1.306860E+4	0.000000E+0	0.000000E+0
3.196220E+2	1.091450E-7	1.306820E+4	0.000000E+0	0.000000E+0
3.236220E+2	1.091670E-7	1.306800E+4	0.000000E+0	0.000000E+0
3.276230E+2	1.091540E-7	1.306780E+4	0.000000E+0	0.000000E+0
3.316230E+2	1.091420E-7	1.306750E+4	0.000000E+0	0.000000E+0
3.356210E+2	1.091370E-7	1.306730E+4	0.000000E+0	0.000000E+0
3.396210E+2	1.091160E-7	1.306690E+4	0.000000E+0	0.000000E+0
3.436230E+2	1.091540E-7	1.306650E+4	0.000000E+0	0.000000E+0
3.476190E+2	1.091420E-7	1.306620E+4	0.000000E+0	0.000000E+0
3.516210E+2	1.091890E-7	1.306630E+4	0.000000E+0	0.000000E+0
3.556200E+2	1.092020E-7	1.306630E+4	0.000000E+0	0.000000E+0
3.596190E+2	1.091800E-7	1.306640E+4	0.000000E+0	0.000000E+0
3.636190E+2	1.091660E-7	1.306650E+4	0.000000E+0	0.000000E+0
3.676220E+2	1.091940E-7	1.306670E+4	0.000000E+0	0.000000E+0
3.716210E+2	1.091670E-7	1.306720E+4	0.000000E+0	0.000000E+0
3.756210E+2	1.092250E-7	1.306740E+4	0.000000E+0	0.000000E+0
3.796200E+2	1.092430E-7	1.306740E+4	0.000000E+0	0.000000E+0
3.836220E+2	1.092360E-7	1.306760E+4	0.000000E+0	0.000000E+0
3.876200E+2	1.092270E-7	1.306810E+4	0.000000E+0	0.000000E+0
3.916210E+2	1.091940E-7	1.306840E+4	0.000000E+0	0.000000E+0
3.956200E+2	1.091890E-7	1.306820E+4	0.000000E+0	0.000000E+0
3.996240E+2	1.092040E-7	1.306800E+4	0.000000E+0	0.000000E+0
4.036190E+2	1.092480E-7	1.306800E+4	0.000000E+0	0.000000E+0
4.076250E+2	1.092080E-7	1.306820E+4	0.000000E+0	0.000000E+0
4.116230E+2	1.092310E-7	1.306840E+4	0.000000E+0	0.000000E+0
4.156210E+2	1.092620E-7	1.306890E+4	0.000000E+0	0.000000E+0
4.196180E+2	1.092820E-7	1.306930E+4	0.000000E+0	0.000000E+0
4.236200E+2	1.092520E-7	1.306930E+4	0.000000E+0	0.000000E+0
4.276250E+2	1.092850E-7	1.307000E+4	0.000000E+0	0.000000E+0
4.316230E+2	1.092530E-7	1.307060E+4	0.000000E+0	0.000000E+0
4.356210E+2	1.093150E-7	1.307060E+4	0.000000E+0	0.000000E+0
4.396210E+2	1.092710E-7	1.307020E+4	0.000000E+0	0.000000E+0
4.436190E+2	1.093010E-7	1.306980E+4	0.000000E+0	0.000000E+0
4.476260E+2	1.093190E-7	1.306940E+4	0.000000E+0	0.000000E+0
4.516210E+2	1.092760E-7	1.306890E+4	0.000000E+0	0.000000E+0
4.556210E+2	1.093110E-7	1.306850E+4	0.000000E+0	0.000000E+0
4.596190E+2	1.092620E-7	1.306840E+4	0.000000E+0	0.000000E+0
4.636260E+2	1.092760E-7	1.306820E+4	0.000000E+0	0.000000E+0
4.676210E+2	1.093100E-7	1.306810E+4	0.000000E+0	0.000000E+0
4.716220E+2	1.093090E-7	1.306770E+4	0.000000E+0	0.000000E+0
4.756170E+2	1.093370E-7	1.306750E+4	0.000000E+0	0.000000E+0
4.796250E+2	1.093200E-7	1.306740E+4	0.000000E+0	0.000000E+0
4.836170E+2	1.093380E-7	1.306710E+4	0.000000E+0	0.000000E+0
4.876220E+2	1.093360E-7	1.306670E+4	0.000000E+0	0.000000E+0
4.916210E+2	1.093080E-7	1.306640E+4	0.000000E+0	0.000000E+0
4.956210E+2	1.093270E-7	1.306610E+4	0.000000E+0	0.000000E+0
4.996230E+2	1.093050E-7	1.306590E+4	0.000000E+0	0.000000E+0
5.036030E+2	1.093050E-7	1.306570E+4	0.000000E+0	0.000000E+0
5.076340E+2	1.093120E-7	1.306570E+4	0.000000E+0	0.000000E+0
5.116210E+2	1.093170E-7	1.306580E+4	0.000000E+0	0.000000E+0
5.156230E+2	1.093620E-7	1.306560E+4	0.000000E+0	0.000000E+0
5.196230E+2	1.093490E-7	1.306550E+4	0.000000E+0	0.000000E+0
5.236230E+2	1.093540E-7	1.306520E+4	0.000000E+0	0.000000E+0
5.276190E+2	1.093740E-7	1.306490E+4	0.000000E+0	0.000000E+0
5.316210E+2	1.093730E-7	1.306460E+4	0.000000E+0	0.000000E+0
5.356230E+2	1.093650E-7	1.306440E+4	0.000000E+0	0.000000E+0
5.396210E+2	1.093600E-7	1.306400E+4	0.000000E+0	0.000000E+0
5.436170E+2	1.093960E-7	1.306380E+4	0.000000E+0	0.000000E+0
5.476200E+2	1.093780E-7	1.306380E+4	0.000000E+0	0.000000E+0
5.516200E+2	1.093980E-7	1.306390E+4	0.000000E+0	0.000000E+0
5.556240E+2	1.094030E-7	1.306410E+4	0.000000E+0	0.000000E+0
5.596210E+2	1.094110E-7	1.306450E+4	0.000000E+0	0.000000E+0
5.636220E+2	1.094000E-7	1.306450E+4	0.000000E+0	0.000000E+0
5.676220E+2	1.093950E-7	1.306440E+4	0.000000E+0	0.000000E+0
5.716210E+2	1.094330E-7	1.306480E+4	0.000000E+0	0.000000E+0
5.756180E+2	1.094090E-7	1.306540E+4	0.000000E+0	0.000000E+0
5.796200E+2	1.094290E-7	1.306560E+4	0.000000E+0	0.000000E+0
5.836160E+2	1.094280E-7	1.306590E+4	0.000000E+0	0.000000E+0
5.876220E+2	1.098290E-7	1.306630E+4	0.000000E+0	0.000000E+0
5.916200E+2	1.095100E-7	1.306610E+4	0.000000E+0	0.000000E+0
5.956210E+2	1.094050E-7	1.306610E+4	0.000000E+0	0.000000E+0
5.996160E+2	1.094280E-7	1.306650E+4	0.000000E+0	0.000000E+0
6.036250E+2	1.093860E-7	1.306670E+4	0.000000E+0	0.000000E+0
6.076180E+2	1.094480E-7	1.306680E+4	0.000000E+0	0.000000E+0
6.116210E+2	1.095180E-7	1.306680E+4	0.000000E+0	0.000000E+0
6.156210E+2	1.094640E-7	1.306690E+4	0.000000E+0	0.000000E+0
6.196190E+2	1.094580E-7	1.306690E+4	0.000000E+0	0.000000E+0
6.236140E+2	1.094260E-7	1.306670E+4	0.000000E+0	0.000000E+0
6.276210E+2	1.094370E-7	1.306630E+4	0.000000E+0	0.000000E+0
6.316210E+2	1.094460E-7	1.306600E+4	0.000000E+0	0.000000E+0
6.356210E+2	1.094690E-7	1.306580E+4	0.000000E+0	0.000000E+0
6.396190E+2	1.094550E-7	1.306540E+4	0.000000E+0	0.000000E+0
6.436200E+2	1.094550E-7	1.306490E+4	0.000000E+0	0.000000E+0
6.476200E+2	1.094630E-7	1.306460E+4	0.000000E+0	0.000000E+0
6.516220E+2	1.094580E-7	1.306420E+4	0.000000E+0	0.000000E+0
6.556180E+2	1.094580E-7	1.306400E+4	0.000000E+0	0.000000E+0
6.596200E+2	1.094980E-7	1.306380E+4	0.000000E+0	0.000000E+0
6.636220E+2	1.095050E-7	1.306360E+4	0.000000E+0	0.000000E+0
6.676240E+2	1.095080E-7	1.306340E+4	0.000000E+0	0.000000E+0
6.716200E+2	1.094960E-7	1.306320E+4	0.000000E+0	0.000000E+0
6.756220E+2	1.095220E-7	1.306380E+4	0.000000E+0	0.000000E+0
6.796220E+2	1.095150E-7	1.306450E+4	0.000000E+0	0.000000E+0
6.836210E+2	1.094860E-7	1.306500E+4	0.000000E+0	0.000000E+0
6.876180E+2	1.095000E-7	1.306520E+4	0.000000E+0	0.000000E+0
6.916180E+2	1.094800E-7	1.306520E+4	0.000000E+0	0.000000E+0
6.956160E+2	1.095000E-7	1.306510E+4	0.000000E+0	0.000000E+0
6.996240E+2	1.095310E-7	1.306490E+4	0.000000E+0	0.000000E+0
7.036190E+2	1.095280E-7	1.306490E+4	0.000000E+0	0.000000E+0
7.076210E+2	1.095430E-7	1.306470E+4	0.000000E+0	0.000000E+0
7.116210E+2	1.095400E-7	1.306440E+4	0.000000E+0	0.000000E+0
7.156210E+2	1.095540E-7	1.306430E+4	0.000000E+0	0.000000E+0
7.196210E+2	1.095620E-7	1.306460E+4	0.000000E+0	0.000000E+0
7.236200E+2	1.095360E-7	1.306490E+4	0.000000E+0	0.000000E+0
7.276190E+2	1.095260E-7	1.306520E+4	0.000000E+0	0.000000E+0
7.316240E+2	1.095240E-7	1.306520E+4	0.000000E+0	0.000000E+0
7.356140E+2	1.095140E-7	1.306520E+4	0.000000E+0	0.000000E+0
7.396220E+2	1.095710E-7	1.306500E+4	0.000000E+0	0.000000E+0
7.436150E+2	1.095870E-7	1.306480E+4	0.000000E+0	0.000000E+0
7.476210E+2	1.095700E-7	1.306460E+4	0.000000E+0	0.000000E+0
7.516210E+2	1.095810E-7	1.306430E+4	0.000000E+0	0.000000E+0
7.556200E+2	1.095480E-7	1.306410E+4	0.000000E+0	0.000000E+0
7.596200E+2	1.095580E-7	1.306380E+4	0.000000E+0	0.000000E+0
7.636210E+2	1.095700E-7	1.306450E+4	0.000000E+0	0.000000E+0
7.676210E+2	1.095530E-7	1.306510E+4	0.000000E+0	0.000000E+0
7.716210E+2	1.095750E-7	1.306520E+4	0.000000E+0	0.000000E+0
7.756200E+2	1.096000E-7	1.306500E+4	0.000000E+0	0.000000E+0
7.796220E+2	1.095710E-7	1.306470E+4	0.000000E+0	0.000000E+0
7.836190E+2	1.095910E-7	1.306450E+4	0.000000E+0	0.000000E+0
7.876220E+2	1.095990E-7	1.306440E+4	0.000000E+0	0.000000E+0
7.916180E+2	1.095670E-7	1.306440E+4	0.000000E+0	0.000000E+0
7.956210E+2	1.095800E-7	1.306430E+4	0.000000E+0	0.000000E+0
7.996210E+2	1.095940E-7	1.306400E+4	0.000000E+0	0.000000E+0
8.036210E+2	1.096020E-7	1.306400E+4	0.000000E+0	0.000000E+0
8.076190E+2	1.095620E-7	1.306410E+4	0.000000E+0	0.000000E+0
8.116210E+2	1.095640E-7	1.306380E+4	0.000000E+0	0.000000E+0
8.156190E+2	1.096100E-7	1.306360E+4	0.000000E+0	0.000000E+0
8.196240E+2	1.095880E-7	1.306350E+4	0.000000E+0	0.000000E+0
8.236190E+2	1.095760E-7	1.306340E+4	0.000000E+0	0.000000E+0
8.276250E+2	1.096290E-7	1.306340E+4	0.000000E+0	0.000000E+0
8.316200E+2	1.096100E-7	1.306310E+4	0.000000E+0	0.000000E+0
8.356210E+2	1.096240E-7	1.306300E+4	0.000000E+0	0.000000E+0
8.396170E+2	1.096080E-7	1.306290E+4	0.000000E+0	0.000000E+0
8.436220E+2	1.096320E-7	1.306460E+4	0.000000E+0	0.000000E+0
8.476220E+2	1.096160E-7	1.306490E+4	0.000000E+0	0.000000E+0
8.516220E+2	1.096160E-7	1.306480E+4	0.000000E+0	0.000000E+0
8.556200E+2	1.096540E-7	1.306470E+4	0.000000E+0	0.000000E+0
8.596240E+2	1.096640E-7	1.306470E+4	0.000000E+0	0.000000E+0
8.636230E+2	1.096030E-7	1.306500E+4	0.000000E+0	0.000000E+0
8.676220E+2	1.096250E-7	1.306580E+4	0.000000E+0	0.000000E+0
8.716200E+2	1.096210E-7	1.306630E+4	0.000000E+0	0.000000E+0
8.756220E+2	1.096770E-7	1.306670E+4	0.000000E+0	0.000000E+0
8.796910E+2	1.096620E-7	1.306700E+4	0.000000E+0	0.000000E+0
8.836070E+2	1.096520E-7	1.306920E+4	0.000000E+0	0.000000E+0
8.876220E+2	1.099530E-7	1.306980E+4	0.000000E+0	0.000000E+0
8.916170E+2	1.096320E-7	1.307000E+4	0.000000E+0	0.000000E+0
8.956210E+2	1.096830E-7	1.307070E+4	0.000000E+0	0.000000E+0
8.996230E+2	1.096580E-7	1.307040E+4	0.000000E+0	0.000000E+0
9.036240E+2	1.096430E-7	1.307000E+4	0.000000E+0	0.000000E+0
9.076160E+2	1.096250E-7	1.306970E+4	0.000000E+0	0.000000E+0
9.116230E+2	1.096440E-7	1.306930E+4	0.000000E+0	0.000000E+0
9.156140E+2	1.096620E-7	1.306940E+4	0.000000E+0	0.000000E+0
9.196220E+2	1.096540E-7	1.306970E+4	0.000000E+0	0.000000E+0
9.236210E+2	1.096690E-7	1.306990E+4	0.000000E+0	0.000000E+0
9.276220E+2	1.096320E-7	1.307050E+4	0.000000E+0	0.000000E+0
9.316220E+2	1.096850E-7	1.307040E+4	0.000000E+0	0.000000E+0
9.356200E+2	1.096760E-7	1.307010E+4	0.000000E+0	0.000000E+0
9.396200E+2	1.096380E-7	1.306950E+4	0.000000E+0	0.000000E+0
9.436240E+2	1.096520E-7	1.306960E+4	0.000000E+0	0.000000E+0
9.476200E+2	1.096620E-7	1.306980E+4	0.000000E+0	0.000000E+0
9.516210E+2	1.096960E-7	1.306980E+4	0.000000E+0	0.000000E+0
9.556150E+2	1.096940E-7	1.306970E+4	0.000000E+0	0.000000E+0
9.596210E+2	1.096350E-7	1.306980E+4	0.000000E+0	0.000000E+0
9.636200E+2	1.097030E-7	1.307000E+4	0.000000E+0	0.000000E+0
9.676210E+2	1.096590E-7	1.307060E+4	0.000000E+0	0.000000E+0
9.716160E+2	1.096780E-7	1.307140E+4	0.000000E+0	0.000000E+0
9.756220E+2	1.096870E-7	1.307140E+4	0.000000E+0	0.000000E+0
9.796190E+2	1.096770E-7	1.307110E+4	0.000000E+0	0.000000E+0
9.836190E+2	1.096530E-7	1.307070E+4	0.000000E+0	0.000000E+0
9.876230E+2	1.097020E-7	1.307020E+4	0.000000E+0	0.000000E+0
9.916210E+2	1.096750E-7	1.306980E+4	0.000000E+0	0.000000E+0
9.956160E+2	1.097040E-7	1.306930E+4	0.000000E+0	0.000000E+0
9.996230E+2	1.096970E-7	1.306920E+4	0.000000E+0	0.000000E+0
1.003621E+3	1.096810E-7	1.306890E+4	0.000000E+0	0.000000E+0
1.007619E+3	1.096790E-7	1.306850E+4	0.000000E+0	0.000000E+0
1.011621E+3	1.097530E-7	1.306850E+4	0.000000E+0	0.000000E+0
1.015620E+3	1.097240E-7	1.306820E+4	0.000000E+0	0.000000E+0
1.019619E+3	1.096800E-7	1.306820E+4	0.000000E+0	0.000000E+0
1.023622E+3	1.097350E-7	1.306800E+4	0.000000E+0	0.000000E+0
1.027618E+3	1.096970E-7	1.306800E+4	0.000000E+0	0.000000E+0
1.031625E+3	1.097120E-7	1.306780E+4	0.000000E+0	0.000000E+0
1.035622E+3	1.097500E-7	1.306730E+4	0.000000E+0	0.000000E+0
1.039625E+3	1.097000E-7	1.306690E+4	0.000000E+0	0.000000E+0
1.043618E+3	1.096950E-7	1.306690E+4	0.000000E+0	0.000000E+0
1.047623E+3	1.097260E-7	1.306670E+4	0.000000E+0	0.000000E+0
1.051604E+3	1.097370E-7	1.306700E+4	0.000000E+0	0.000000E+0
1.055615E+3	1.097690E-7	1.306670E+4	0.000000E+0	0.000000E+0
1.059618E+3	1.098000E-7	1.306640E+4	0.000000E+0	0.000000E+0
1.063619E+3	1.098140E-7	1.306590E+4	0.000000E+0	0.000000E+0
1.067622E+3	1.097590E-7	1.306570E+4	0.000000E+0	0.000000E+0
1.071616E+3	1.097960E-7	1.306550E+4	0.000000E+0	0.000000E+0
1.075623E+3	1.097770E-7	1.306510E+4	0.000000E+0	0.000000E+0
1.079616E+3	1.098210E-7	1.306460E+4	0.000000E+0	0.000000E+0
1.083621E+3	1.098010E-7	1.306410E+4	0.000000E+0	0.000000E+0
1.087616E+3	1.098020E-7	1.306390E+4	0.000000E+0	0.000000E+0
1.091619E+3	1.097840E-7	1.306350E+4	0.000000E+0	0.000000E+0
1.095620E+3	1.097720E-7	1.306320E+4	0.000000E+0	0.000000E+0
1.099621E+3	1.097930E-7	1.306300E+4	0.000000E+0	0.000000E+0
1.103619E+3	1.097900E-7	1.306290E+4	0.000000E+0	0.000000E+0
1.107622E+3	1.098160E-7	1.306260E+4	0.000000E+0	0.000000E+0
1.111622E+3	1.097740E-7	1.306260E+4	0.000000E+0	0.000000E+0
1.115617E+3	1.098060E-7	1.306320E+4	0.000000E+0	0.000000E+0
1.119620E+3	1.098300E-7	1.306380E+4	0.000000E+0	0.000000E+0
1.123618E+3	1.098020E-7	1.306400E+4	0.000000E+0	0.000000E+0
1.127615E+3	1.098040E-7	1.306380E+4	0.000000E+0	0.000000E+0
1.131621E+3	1.098180E-7	1.306360E+4	0.000000E+0	0.000000E+0
1.135620E+3	1.097820E-7	1.306330E+4	0.000000E+0	0.000000E+0
1.139622E+3	1.097850E-7	1.306300E+4	0.000000E+0	0.000000E+0
1.143618E+3	1.097940E-7	1.306270E+4	0.000000E+0	0.000000E+0
1.147625E+3	1.097920E-7	1.306260E+4	0.000000E+0	0.000000E+0
1.151607E+3	1.098090E-7	1.306360E+4	0.000000E+0	0.000000E+0
1.155618E+3	1.098020E-7	1.306390E+4	0.000000E+0	0.000000E+0
1.159625E+3	1.098170E-7	1.306410E+4	0.000000E+0	0.000000E+0
1.163616E+3	1.098330E-7	1.306400E+4	0.000000E+0	0.000000E+0
1.167621E+3	1.098170E-7	1.306390E+4	0.000000E+0	0.000000E+0
1.171618E+3	1.098450E-7	1.306410E+4	0.000000E+0	0.000000E+0
1.175621E+3	1.098300E-7	1.306420E+4	0.000000E+0	0.000000E+0
1.179621E+3	1.098480E-7	1.306400E+4	0.000000E+0	0.000000E+0
1.183621E+3	1.098180E-7	1.306380E+4	0.000000E+0	0.000000E+0
1.187617E+3	1.102330E-7	1.306380E+4	0.000000E+0	0.000000E+0
1.191621E+3	1.098810E-7	1.306370E+4	0.000000E+0	0.000000E+0
1.195614E+3	1.098180E-7	1.306340E+4	0.000000E+0	0.000000E+0
1.199617E+3	1.098660E-7	1.306310E+4	0.000000E+0	0.000000E+0
1.203620E+3	1.098640E-7	1.306300E+4	0.000000E+0	0.000000E+0
1.207620E+3	1.098330E-7	1.306300E+4	0.000000E+0	0.000000E+0
1.211621E+3	1.098420E-7	1.306290E+4	0.000000E+0	0.000000E+0
1.215620E+3	1.098200E-7	1.306290E+4	0.000000E+0	0.000000E+0
1.219618E+3	1.097880E-7	1.306290E+4	0.000000E+0	0.000000E+0
1.223620E+3	1.097990E-7	1.306280E+4	0.000000E+0	0.000000E+0
1.227618E+3	1.098530E-7	1.306260E+4	0.000000E+0	0.000000E+0
1.231625E+3	1.098240E-7	1.306230E+4	0.000000E+0	0.000000E+0
1.235615E+3	1.098660E-7	1.306220E+4	0.000000E+0	0.000000E+0
1.239623E+3	1.098310E-7	1.306210E+4	0.000000E+0	0.000000E+0
1.243622E+3	1.098220E-7	1.306180E+4	0.000000E+0	0.000000E+0
1.247619E+3	1.098530E-7	1.306150E+4	0.000000E+0	0.000000E+0
1.251616E+3	1.098250E-7	1.306120E+4	0.000000E+0	0.000000E+0
1.255621E+3	1.098410E-7	1.306100E+4	0.000000E+0	0.000000E+0
1.259618E+3	1.098360E-7	1.306080E+4	0.000000E+0	0.000000E+0
1.263621E+3	1.098300E-7	1.306070E+4	0.000000E+0	0.000000E+0
1.267616E+3	1.097930E-7	1.306070E+4	0.000000E+0	0.000000E+0
1.271619E+3	1.098350E-7	1.306070E+4	0.000000E+0	0.000000E+0
1.275621E+3	1.098500E-7	1.306060E+4	0.000000E+0	0.000000E+0
1.279617E+3	1.098300E-7	1.306030E+4	0.000000E+0	0.000000E+0
1.283620E+3	1.098620E-7	1.306020E+4	0.000000E+0	0.000000E+0
1.287619E+3	1.098530E-7	1.305990E+4	0.000000E+0	0.000000E+0
1.291617E+3	1.098230E-7	1.305990E+4	0.000000E+0	0.000000E+0
1.295626E+3	1.098680E-7	1.305970E+4	0.000000E+0	0.000000E+0
1.299611E+3	1.098820E-7	1.305970E+4	0.000000E+0	0.000000E+0
1.303622E+3	1.098630E-7	1.305960E+4	0.000000E+0	0.000000E+0
1.307615E+3	1.098790E-7	1.305970E+4	0.000000E+0	0.000000E+0
1.311625E+3	1.098750E-7	1.305980E+4	0.000000E+0	0.000000E+0
1.315615E+3	1.099010E-7	1.305980E+4	0.000000E+0	0.000000E+0
1.319618E+3	1.098840E-7	1.305990E+4	0.000000E+0	0.000000E+0
1.323617E+3	1.098710E-7	1.306010E+4	0.000000E+0	0.000000E+0
1.327624E+3	1.098440E-7	1.306040E+4	0.000000E+0	0.000000E+0
1.331618E+3	1.098560E-7	1.306070E+4	0.000000E+0	0.000000E+0
1.335621E+3	1.099060E-7	1.306090E+4	0.000000E+0	0.000000E+0
1.339618E+3	1.099090E-7	1.306110E+4	0.000000E+0	0.000000E+0
1.343621E+3	1.098880E-7	1.306160E+4	0.000000E+0	0.000000E+0
1.347619E+3	1.098950E-7	1.306200E+4	0.000000E+0	0.000000E+0
1.351621E+3	1.098870E-7	1.306180E+4	0.000000E+0	0.000000E+0
1.355618E+3	1.098440E-7	1.306170E+4	0.000000E+0	0.000000E+0
1.359621E+3	1.098650E-7	1.306150E+4	0.000000E+0	0.000000E+0
1.363624E+3	1.098720E-7	1.306100E+4	0.000000E+0	0.000000E+0
1.367621E+3	1.099030E-7	1.306070E+4	0.000000E+0	0.000000E+0
1.371619E+3	1.099030E-7	1.306050E+4	0.000000E+0	0.000000E+0
1.375617E+3	1.099250E-7	1.306040E+4	0.000000E+0	0.000000E+0
1.379622E+3	1.099210E-7	1.306110E+4	0.000000E+0	0.000000E+0
1.383623E+3	1.099020E-7	1.306210E+4	0.000000E+0	0.000000E+0
1.387617E+3	1.099080E-7	1.306220E+4	0.000000E+0	0.000000E+0
1.391619E+3	1.098820E-7	1.306220E+4	0.000000E+0	0.000000E+0
1.395617E+3	1.099040E-7	1.306200E+4	0.000000E+0	0.000000E+0
1.399621E+3	1.099250E-7	1.306170E+4	0.000000E+0	0.000000E+0
1.403618E+3	1.099060E-7	1.306130E+4	0.000000E+0	0.000000E+0
1.407618E+3	1.098930E-7	1.306110E+4	0.000000E+0	0.000000E+0
1.411618E+3	1.099380E-7	1.306080E+4	0.000000E+0	0.000000E+0
1.415619E+3	1.099260E-7	1.306070E+4	0.000000E+0	0.000000E+0
1.419623E+3	1.099170E-7	1.306070E+4	0.000000E+0	0.000000E+0
1.423616E+3	1.099530E-7	1.306140E+4	0.000000E+0	0.000000E+0
1.427623E+3	1.099380E-7	1.306190E+4	0.000000E+0	0.000000E+0
1.431619E+3	1.099690E-7	1.306200E+4	0.000000E+0	0.000000E+0
1.435622E+3	1.099210E-7	1.306180E+4	0.000000E+0	0.000000E+0
1.439616E+3	1.099700E-7	1.306160E+4	0.000000E+0	0.000000E+0
1.443619E+3	1.099830E-7	1.306200E+4	0.000000E+0	0.000000E+0
1.447621E+3	1.099390E-7	1.306230E+4	0.000000E+0	0.000000E+0
1.451621E+3	1.099510E-7	1.306230E+4	0.000000E+0	0.000000E+0
1.455619E+3	1.099400E-7	1.306260E+4	0.000000E+0	0.000000E+0
1.459621E+3	1.099680E-7	1.306250E+4	0.000000E+0	0.000000E+0
1.463619E+3	1.099750E-7	1.306240E+4	0.000000E+0	0.000000E+0
1.467617E+3	1.099500E-7	1.306310E+4	0.000000E+0	0.000000E+0
1.471621E+3	1.099990E-7	1.306310E+4	0.000000E+0	0.000000E+0
1.475619E+3	1.099760E-7	1.306310E+4	0.000000E+0	0.000000E+0
1.479617E+3	1.099980E-7	1.306280E+4	0.000000E+0	0.000000E+0
1.483617E+3	1.099800E-7	1.306250E+4	0.000000E+0	0.000000E+0
1.487625E+3	1.103050E-7	1.306210E+4	0.000000E+0	0.000000E+0
1.491612E+3	1.099410E-7	1.306160E+4	0.000000E+0	0.000000E+0
1.495618E+3	1.099600E-7	1.306150E+4	0.000000E+0	0.000000E+0
1.499622E+3	1.099580E-7	1.306210E+4	0.000000E+0	0.000000E+0
1.503620E+3	1.100030E-7	1.306220E+4	0.000000E+0	0.000000E+0
1.507621E+3	1.100250E-7	1.306200E+4	0.000000E+0	0.000000E+0
1.511620E+3	1.099810E-7	1.306180E+4	0.000000E+0	0.000000E+0
1.515621E+3	1.100230E-7	1.306170E+4	0.000000E+0	0.000000E+0
1.519620E+3	1.099920E-7	1.306150E+4	0.000000E+0	0.000000E+0
1.523622E+3	1.099940E-7	1.306140E+4	0.000000E+0	0.000000E+0
1.527621E+3	1.099880E-7	1.306130E+4	0.000000E+0	0.000000E+0
1.531619E+3	1.100100E-7	1.306100E+4	0.000000E+0	0.000000E+0
1.535618E+3	1.100150E-7	1.306070E+4	0.000000E+0	0.000000E+0
1.539621E+3	1.099810E-7	1.306050E+4	0.000000E+0	0.000000E+0
1.543620E+3	1.100010E-7	1.306050E+4	0.000000E+0	0.000000E+0
1.547621E+3	1.100030E-7	1.306050E+4	0.000000E+0	0.000000E+0
1.551621E+3	1.100220E-7	1.306050E+4	0.000000E+0	0.000000E+0
1.555619E+3	1.099810E-7	1.306040E+4	0.000000E+0	0.000000E+0
1.559621E+3	1.100230E-7	1.306030E+4	0.000000E+0	0.000000E+0
1.563618E+3	1.099800E-7	1.306010E+4	0.000000E+0	0.000000E+0
1.567621E+3	1.099970E-7	1.306000E+4	0.000000E+0	0.000000E+0
1.571617E+3	1.099930E-7	1.305980E+4	0.000000E+0	0.000000E+0
1.575621E+3	1.099890E-7	1.306050E+4	0.000000E+0	0.000000E+0
1.579617E+3	1.099830E-7	1.306120E+4	0.000000E+0	0.000000E+0
1.583622E+3	1.100250E-7	1.306130E+4	0.000000E+0	0.000000E+0
1.587621E+3	1.100320E-7	1.306110E+4	0.000000E+0	0.000000E+0
1.591618E+3	1.100160E-7	1.306100E+4	0.000000E+0	0.000000E+0
1.595622E+3	1.100280E-7	1.306130E+4	0.000000E+0	0.000000E+0
1.599617E+3	1.100130E-7	1.306180E+4	0.000000E+0	0.000000E+0
1.603617E+3	1.099980E-7	1.306210E+4	0.000000E+0	0.000000E+0
1.607620E+3	1.100040E-7	1.306240E+4	0.000000E+0	0.000000E+0
1.611616E+3	1.099960E-7	1.306230E+4	0.000000E+0	0.000000E+0
1.615622E+3	1.100330E-7	1.306200E+4	0.000000E+0	0.000000E+0
1.619615E+3	1.100290E-7	1.306170E+4	0.000000E+0	0.000000E+0
1.623619E+3	1.100330E-7	1.306130E+4	0.000000E+0	0.000000E+0
1.627619E+3	1.100230E-7	1.306130E+4	0.000000E+0	0.000000E+0
1.631619E+3	1.100010E-7	1.306120E+4	0.000000E+0	0.000000E+0
1.635621E+3	1.100130E-7	1.306080E+4	0.000000E+0	0.000000E+0
1.639619E+3	1.099650E-7	1.306080E+4	0.000000E+0	0.000000E+0
1.643621E+3	1.100110E-7	1.306090E+4	0.000000E+0	0.000000E+0
1.647616E+3	1.100250E-7	1.306100E+4	0.000000E+0	0.000000E+0
1.651621E+3	1.100080E-7	1.306100E+4	0.000000E+0	0.000000E+0
1.655621E+3	1.099950E-7	1.306100E+4	0.000000E+0	0.000000E+0
1.659619E+3	1.100040E-7	1.306080E+4	0.000000E+0	0.000000E+0
1.663621E+3	1.100320E-7	1.306100E+4	0.000000E+0	0.000000E+0
1.667618E+3	1.100050E-7	1.306090E+4	0.000000E+0	0.000000E+0
1.671621E+3	1.100150E-7	1.306090E+4	0.000000E+0	0.000000E+0
1.675617E+3	1.100520E-7	1.306090E+4	0.000000E+0	0.000000E+0
1.679618E+3	1.100270E-7	1.306090E+4	0.000000E+0	0.000000E+0
1.683620E+3	1.100480E-7	1.306050E+4	0.000000E+0	0.000000E+0
1.687618E+3	1.100220E-7	1.306050E+4	0.000000E+0	0.000000E+0
1.691620E+3	1.099820E-7	1.306060E+4	0.000000E+0	0.000000E+0
1.695627E+3	1.100700E-7	1.306050E+4	0.000000E+0	0.000000E+0
1.699618E+3	1.100470E-7	1.306050E+4	0.000000E+0	0.000000E+0
1.703621E+3	1.100350E-7	1.306070E+4	0.000000E+0	0.000000E+0
1.707620E+3	1.100400E-7	1.306080E+4	0.000000E+0	0.000000E+0
1.711625E+3	1.100690E-7	1.306070E+4	0.000000E+0	0.000000E+0
1.715616E+3	1.100350E-7	1.306060E+4	0.000000E+0	0.000000E+0
1.719625E+3	1.100580E-7	1.306030E+4	0.000000E+0	0.000000E+0
1.723621E+3	1.100890E-7	1.306010E+4	0.000000E+0	0.000000E+0
1.727619E+3	1.100650E-7	1.306020E+4	0.000000E+0	0.000000E+0
1.731619E+3	1.100870E-7	1.306020E+4	0.000000E+0	0.000000E+0
1.735620E+3	1.100800E-7	1.306010E+4	0.000000E+0	0.000000E+0
1.739623E+3	1.100660E-7	1.306000E+4	0.000000E+0	0.000000E+0
1.743621E+3	1.100740E-7	1.305980E+4	0.000000E+0	0.000000E+0
1.747617E+3	1.100360E-7	1.305960E+4	0.000000E+0	0.000000E+0
1.751620E+3	1.100090E-7	1.305940E+4	0.000000E+0	0.000000E+0
1.755616E+3	1.100450E-7	1.305910E+4	0.000000E+0	0.000000E+0
1.759624E+3	1.100800E-7	1.305890E+4	0.000000E+0	0.000000E+0
1.763615E+3	1.100620E-7	1.305860E+4	0.000000E+0	0.000000E+0
1.767626E+3	1.100900E-7	1.305860E+4	0.000000E+0	0.000000E+0
1.771606E+3	1.100610E-7	1.305850E+4	0.000000E+0	0.000000E+0
1.775613E+3	1.100740E-7	1.305840E+4	0.000000E+0	0.000000E+0
1.779632E+3	1.100390E-7	1.305880E+4	0.000000E+0	0.000000E+0
1.783601E+3	1.100320E-7	1.305920E+4	0.000000E+0	0.000000E+0
1.787615E+3	1.103730E-7	1.305920E+4	0.000000E+0	0.000000E+0
1.791618E+3	1.100610E-7	1.305910E+4	0.000000E+0	0.000000E+0
1.795630E+3	1.100540E-7	1.305890E+4	0.000000E+0	0.000000E+0
1.799594E+3	1.100820E-7	1.305860E+4	0.000000E+0	0.000000E+0
1.803631E+3	1.100500E-7	1.305850E+4	0.000000E+0	0.000000E+0
1.807620E+3	1.100900E-7	1.305830E+4	0.000000E+0	0.000000E+0
1.811619E+3	1.100820E-7	1.305830E+4	0.000000E+0	0.000000E+0
1.815616E+3	1.100650E-7	1.305820E+4	0.000000E+0	0.000000E+0
1.819619E+3	1.100690E-7	1.305830E+4	0.000000E+0	0.000000E+0
1.823614E+3	1.100850E-7	1.305850E+4	0.000000E+0	0.000000E+0
1.827621E+3	1.100600E-7	1.305870E+4	0.000000E+0	0.000000E+0
1.831619E+3	1.101010E-7	1.305880E+4	0.000000E+0	0.000000E+0
1.835621E+3	1.100600E-7	1.305870E+4	0.000000E+0	0.000000E+0
1.839621E+3	1.100970E-7	1.305890E+4	0.000000E+0	0.000000E+0
1.843620E+3	1.100850E-7	1.305920E+4	0.000000E+0	0.000000E+0
1.847619E+3	1.100820E-7	1.305940E+4	0.000000E+0	0.000000E+0
1.851621E+3	1.100950E-7	1.305910E+4	0.000000E+0	0.000000E+0
1.855617E+3	1.100700E-7	1.305890E+4	0.000000E+0	0.000000E+0
1.859617E+3	1.100760E-7	1.305880E+4	0.000000E+0	0.000000E+0
1.863615E+3	1.100870E-7	1.305860E+4	0.000000E+0	0.000000E+0
1.867619E+3	1.100840E-7	1.305860E+4	0.000000E+0	0.000000E+0
1.871614E+3	1.100730E-7	1.305830E+4	0.000000E+0	0.000000E+0
1.875620E+3	1.100980E-7	1.305800E+4	0.000000E+0	0.000000E+0
1.879617E+3	1.100960E-7	1.305780E+4	0.000000E+0	0.000000E+0
1.883618E+3	1.100590E-7	1.305780E+4	0.000000E+0	0.000000E+0
1.887618E+3	1.101140E-7	1.305780E+4	0.000000E+0	0.000000E+0
1.891618E+3	1.101020E-7	1.305780E+4	0.000000E+0	0.000000E+0
1.895616E+3	1.101030E-7	1.305780E+4	0.000000E+0	0.000000E+0
1.899627E+3	1.101150E-7	1.305770E+4	0.000000E+0	0.000000E+0
1.903613E+3	1.101000E-7	1.305780E+4	0.000000E+0	0.000000E+0
1.907618E+3	1.101170E-7	1.305790E+4	0.000000E+0	0.000000E+0
1.912004E+3	1.110920E-7	1.305780E+4	0.000000E+0	0.000000E+0
1.915606E+3	1.111530E-7	1.305800E+4	0.000000E+0	0.000000E+0
1.919623E+3	1.111510E-7	1.305790E+4	0.000000E+0	0.000000E+0
1.923618E+3	1.111460E-7	1.305780E+4	0.000000E+0	0.000000E+0
1.927621E+3	1.111160E-7	1.305810E+4	0.000000E+0	0.000000E+0
1.931621E+3	1.111010E-7	1.305880E+4	0.000000E+0	0.000000E+0
1.935615E+3	1.111160E-7	1.305910E+4	0.000000E+0	0.000000E+0
1.939624E+3	1.111170E-7	1.305910E+4	0.000000E+0	0.000000E+0
1.943616E+3	1.111330E-7	1.305900E+4	0.000000E+0	0.000000E+0
1.947626E+3	1.110920E-7	1.305880E+4	0.000000E+0	0.000000E+0
1.951621E+3	1.111330E-7	1.305840E+4	0.000000E+0	0.000000E+0
1.955620E+3	1.111700E-7	1.305820E+4	0.000000E+0	0.000000E+0
1.959615E+3	1.110760E-7	1.305810E+4	0.000000E+0	0.000000E+0
1.963618E+3	1.111460E-7	1.305780E+4	0.000000E+0	0.000000E+0
1.967622E+3	1.111030E-7	1.305740E+4	0.000000E+0	0.000000E+0
1.971621E+3	1.111430E-7	1.305740E+4	0.000000E+0	0.000000E+0
1.975618E+3	1.111430E-7	1.305760E+4	0.000000E+0	0.000000E+0
1.979621E+3	1.111540E-7	1.305750E+4	0.000000E+0	0.000000E+0
1.983616E+3	1.110850E-7	1.305750E+4	0.000000E+0	0.000000E+0
1.987622E+3	1.111530E-7	1.305750E+4	0.000000E+0	0.000000E+0
1.991620E+3	1.111810E-7	1.305760E+4	0.000000E+0	0.000000E+0
1.995621E+3	1.111220E-7	1.305780E+4	0.000000E+0	0.000000E+0
1.999619E+3	1.111050E-7	1.305800E+4	0.000000E+0	0.000000E+0
2.003621E+3	1.111650E-7	1.305820E+4	0.000000E+0	0.000000E+0
2.007621E+3	1.111810E-7	1.305810E+4	0.000000E+0	0.000000E+0
2.011621E+3	1.111520E-7	1.305810E+4	0.000000E+0	0.000000E+0
2.015621E+3	1.111690E-7	1.305820E+4	0.000000E+0	0.000000E+0
2.019624E+3	1.111540E-7	1.305850E+4	0.000000E+0	0.000000E+0
2.023619E+3	1.111890E-7	1.305910E+4	0.000000E+0	0.000000E+0
2.027621E+3	1.111830E-7	1.305980E+4	0.000000E+0	0.000000E+0
2.031621E+3	1.111620E-7	1.305990E+4	0.000000E+0	0.000000E+0
2.035624E+3	1.111450E-7	1.306020E+4	0.000000E+0	0.000000E+0
2.039619E+3	1.111880E-7	1.306030E+4	0.000000E+0	0.000000E+0
2.043624E+3	1.111910E-7	1.306050E+4	0.000000E+0	0.000000E+0
2.047620E+3	1.111370E-7	1.306040E+4	0.000000E+0	0.000000E+0
2.051624E+3	1.111470E-7	1.306010E+4	0.000000E+0	0.000000E+0
2.055618E+3	1.111760E-7	1.305990E+4	0.000000E+0	0.000000E+0
2.059624E+3	1.112090E-7	1.305950E+4	0.000000E+0	0.000000E+0
2.063621E+3	1.112230E-7	1.305920E+4	0.000000E+0	0.000000E+0
2.067625E+3	1.111770E-7	1.305890E+4	0.000000E+0	0.000000E+0
2.071620E+3	1.111550E-7	1.305880E+4	0.000000E+0	0.000000E+0
2.075623E+3	1.111400E-7	1.305880E+4	0.000000E+0	0.000000E+0
2.079618E+3	1.111830E-7	1.305860E+4	0.000000E+0	0.000000E+0
2.083622E+3	1.113040E-7	1.305850E+4	0.000000E+0	0.000000E+0
2.087620E+3	1.116680E-7	1.305830E+4	0.000000E+0	0.000000E+0
2.091628E+3	1.112490E-7	1.305810E+4	0.000000E+0	0.000000E+0
2.095619E+3	1.112330E-7	1.305800E+4	0.000000E+0	0.000000E+0
2.099622E+3	1.111850E-7	1.305790E+4	0.000000E+0	0.000000E+0
2.103618E+3	1.112620E-7	1.305830E+4	0.000000E+0	0.000000E+0
2.107626E+3	1.112240E-7	1.305850E+4	0.000000E+0	0.000000E+0
2.111623E+3	1.112370E-7	1.305840E+4	0.000000E+0	0.000000E+0
2.115621E+3	1.112120E-7	1.305860E+4	0.000000E+0	0.000000E+0
2.119621E+3	1.112390E-7	1.305920E+4	0.000000E+0	0.000000E+0
2.123621E+3	1.112150E-7	1.305960E+4	0.000000E+0	0.000000E+0
2.127620E+3	1.112310E-7	1.306000E+4	0.000000E+0	0.000000E+0
2.131621E+3	1.111920E-7	1.306030E+4	0.000000E+0	0.000000E+0
2.135619E+3	1.111690E-7	1.306030E+4	0.000000E+0	0.000000E+0
2.139623E+3	1.111670E-7	1.306050E+4	0.000000E+0	0.000000E+0
2.143622E+3	1.112060E-7	1.306080E+4	0.000000E+0	0.000000E+0
2.147621E+3	1.111970E-7	1.306090E+4	0.000000E+0	0.000000E+0
2.151620E+3	1.111930E-7	1.306070E+4	0.000000E+0	0.000000E+0
2.155622E+3	1.111650E-7	1.306060E+4	0.000000E+0	0.000000E+0
2.159627E+3	1.112360E-7	1.306030E+4	0.000000E+0	0.000000E+0
2.163605E+3	1.112300E-7	1.305990E+4	0.000000E+0	0.000000E+0
2.167638E+3	1.112160E-7	1.305950E+4	0.000000E+0	0.000000E+0
2.171621E+3	1.111880E-7	1.305910E+4	0.000000E+0	0.000000E+0
2.175621E+3	1.112130E-7	1.305880E+4	0.000000E+0	0.000000E+0
2.179621E+3	1.112590E-7	1.305850E+4	0.000000E+0	0.000000E+0
2.183623E+3	1.112690E-7	1.305810E+4	0.000000E+0	0.000000E+0
2.187618E+3	1.112570E-7	1.305790E+4	0.000000E+0	0.000000E+0
2.191621E+3	1.112320E-7	1.305760E+4	0.000000E+0	0.000000E+0
2.195619E+3	1.112420E-7	1.305760E+4	0.000000E+0	0.000000E+0
2.199621E+3	1.111670E-7	1.305730E+4	0.000000E+0	0.000000E+0
2.203616E+3	1.111920E-7	1.305710E+4	0.000000E+0	0.000000E+0
2.207623E+3	1.118190E-7	1.305700E+4	0.000000E+0	0.000000E+0
2.211619E+3	1.112210E-7	1.305680E+4	0.000000E+0	0.000000E+0
2.215617E+3	1.112030E-7	1.305670E+4	0.000000E+0	0.000000E+0
2.219621E+3	1.112250E-7	1.305700E+4	0.000000E+0	0.000000E+0
2.223621E+3	1.112510E-7	1.305700E+4	0.000000E+0	0.000000E+0
2.227623E+3	1.112060E-7	1.305770E+4	0.000000E+0	0.000000E+0
2.231621E+3	1.112630E-7	1.305850E+4	0.000000E+0	0.000000E+0
2.235619E+3	1.111790E-7	1.305890E+4	0.000000E+0	0.000000E+0
2.239622E+3	1.112760E-7	1.305950E+4	0.000000E+0	0.000000E+0
2.243620E+3	1.112490E-7	1.305950E+4	0.000000E+0	0.000000E+0
2.247620E+3	1.113030E-7	1.305930E+4	0.000000E+0	0.000000E+0
2.251617E+3	1.112390E-7	1.305890E+4	0.000000E+0	0.000000E+0
2.255621E+3	1.112820E-7	1.305860E+4	0.000000E+0	0.000000E+0
2.259613E+3	1.112370E-7	1.305830E+4	0.000000E+0	0.000000E+0
2.263618E+3	1.112110E-7	1.305790E+4	0.000000E+0	0.000000E+0
2.267618E+3	1.112490E-7	1.305770E+4	0.000000E+0	0.000000E+0
2.271621E+3	1.112130E-7	1.305750E+4	0.000000E+0	0.000000E+0
2.275619E+3	1.111830E-7	1.305830E+4	0.000000E+0	0.000000E+0
2.279622E+3	1.112160E-7	1.305910E+4	0.000000E+0	0.000000E+0
2.283623E+3	1.112510E-7	1.305930E+4	0.000000E+0	0.000000E+0
2.287623E+3	1.112310E-7	1.305970E+4	0.000000E+0	0.000000E+0
2.291621E+3	1.112050E-7	1.305970E+4	0.000000E+0	0.000000E+0
2.295621E+3	1.112510E-7	1.305970E+4	0.000000E+0	0.000000E+0
2.299619E+3	1.112180E-7	1.305960E+4	0.000000E+0	0.000000E+0
2.303626E+3	1.112680E-7	1.305950E+4	0.000000E+0	0.000000E+0
2.307621E+3	1.112700E-7	1.305910E+4	0.000000E+0	0.000000E+0
2.311620E+3	1.112730E-7	1.305870E+4	0.000000E+0	0.000000E+0
2.315620E+3	1.112410E-7	1.305840E+4	0.000000E+0	0.000000E+0
2.319622E+3	1.112270E-7	1.305840E+4	0.000000E+0	0.000000E+0
2.323621E+3	1.112490E-7	1.305850E+4	0.000000E+0	0.000000E+0
2.327621E+3	1.112100E-7	1.305870E+4	0.000000E+0	0.000000E+0
2.331615E+3	1.112350E-7	1.305900E+4	0.000000E+0	0.000000E+0
2.335629E+3	1.112790E-7	1.305900E+4	0.000000E+0	0.000000E+0
2.339617E+3	1.112360E-7	1.305890E+4	0.000000E+0	0.000000E+0
2.343621E+3	1.112330E-7	1.305860E+4	0.000000E+0	0.000000E+0
2.347618E+3	1.112860E-7	1.305830E+4	0.000000E+0	0.000000E+0
2.351627E+3	1.112950E-7	1.305800E+4	0.000000E+0	0.000000E+0
2.355622E+3	1.113110E-7	1.305760E+4	0.000000E+0	0.000000E+0
2.359621E+3	1.112350E-7	1.305750E+4	0.000000E+0	0.000000E+0
2.363618E+3	1.112260E-7	1.305730E+4	0.000000E+0	0.000000E+0
2.367621E+3	1.112140E-7	1.305720E+4	0.000000E+0	0.000000E+0
2.371619E+3	1.112730E-7	1.305740E+4	0.000000E+0	0.000000E+0
2.375623E+3	1.112500E-7	1.305760E+4	0.000000E+0	0.000000E+0
2.379636E+3	1.112340E-7	1.305770E+4	0.000000E+0	0.000000E+0
2.383597E+3	1.112530E-7	1.305770E+4	0.000000E+0	0.000000E+0
2.387629E+3	1.115280E-7	1.305820E+4	0.000000E+0	0.000000E+0
2.391621E+3	1.112640E-7	1.305860E+4	0.000000E+0	0.000000E+0
2.395620E+3	1.112820E-7	1.305860E+4	0.000000E+0	0.000000E+0
2.399619E+3	1.112910E-7	1.305870E+4	0.000000E+0	0.000000E+0
2.403621E+3	1.112470E-7	1.305870E+4	0.000000E+0	0.000000E+0
2.407619E+3	1.113070E-7	1.305900E+4	0.000000E+0	0.000000E+0
2.411620E+3	1.112930E-7	1.305910E+4	0.000000E+0	0.000000E+0
2.415621E+3	1.112210E-7	1.305910E+4	0.000000E+0	0.000000E+0
2.419620E+3	1.112320E-7	1.305910E+4	0.000000E+0	0.000000E+0
2.423622E+3	1.123920E-7	1.305910E+4	0.000000E+0	0.000000E+0
2.427622E+3	1.123250E-7	1.305900E+4	0.000000E+0	0.000000E+0
2.431624E+3	1.123070E-7	1.305900E+4	0.000000E+0	0.000000E+0
2.435624E+3	1.123680E-7	1.305910E+4	0.000000E+0	0.000000E+0
2.439621E+3	1.123400E-7	1.305910E+4	0.000000E+0	0.000000E+0
2.443624E+3	1.122460E-7	1.305900E+4	0.000000E+0	0.000000E+0
2.447622E+3	1.123600E-7	1.305870E+4	0.000000E+0	0.000000E+0
2.451621E+3	1.123110E-7	1.305840E+4	0.000000E+0	0.000000E+0
2.455620E+3	1.123470E-7	1.305810E+4	0.000000E+0	0.000000E+0
2.459622E+3	1.122790E-7	1.305790E+4	0.000000E+0	0.000000E+0
2.463621E+3	1.123370E-7	1.305760E+4	0.000000E+0	0.000000E+0
2.467622E+3	1.122880E-7	1.305800E+4	0.000000E+0	0.000000E+0
2.471618E+3	1.123410E-7	1.305810E+4	0.000000E+0	0.000000E+0
2.475625E+3	1.122780E-7	1.305790E+4	0.000000E+0	0.000000E+0
2.479621E+3	1.123290E-7	1.305810E+4	0.000000E+0	0.000000E+0
2.483625E+3	1.123140E-7	1.305840E+4	0.000000E+0	0.000000E+0
2.487621E+3	1.122900E-7	1.305840E+4	0.000000E+0	0.000000E+0
2.491623E+3	1.123270E-7	1.305840E+4	0.000000E+0	0.000000E+0
2.495626E+3	1.123380E-7	1.305840E+4	0.000000E+0	0.000000E+0
2.499621E+3	1.123180E-7	1.305840E+4	0.000000E+0	0.000000E+0
2.503620E+3	1.123490E-7	1.305870E+4	0.000000E+0	0.000000E+0
2.507626E+3	1.122220E-7	1.305940E+4	0.000000E+0	0.000000E+0
2.511620E+3	1.122830E-7	1.305930E+4	0.000000E+0	0.000000E+0
2.515626E+3	1.122930E-7	1.305910E+4	0.000000E+0	0.000000E+0
2.519622E+3	1.123000E-7	1.305870E+4	0.000000E+0	0.000000E+0
2.523622E+3	1.122530E-7	1.305840E+4	0.000000E+0	0.000000E+0
2.527624E+3	1.122700E-7	1.305810E+4	0.000000E+0	0.000000E+0
2.531624E+3	1.122480E-7	1.305770E+4	0.000000E+0	0.000000E+0
2.535621E+3	1.122420E-7	1.305790E+4	0.000000E+0	0.000000E+0
2.539621E+3	1.122610E-7	1.305950E+4	0.000000E+0	0.000000E+0
2.543621E+3	1.122790E-7	1.306080E+4	0.000000E+0	0.000000E+0
2.547625E+3	1.122490E-7	1.306140E+4	0.000000E+0	0.000000E+0
2.551620E+3	1.122430E-7	1.306130E+4	0.000000E+0	0.000000E+0
2.555625E+3	1.122440E-7	1.306140E+4	0.000000E+0	0.000000E+0
2.559619E+3	1.123140E-7	1.306170E+4	0.000000E+0	0.000000E+0
2.563627E+3	1.122850E-7	1.306180E+4	0.000000E+0	0.000000E+0
2.567616E+3	1.123140E-7	1.306150E+4	0.000000E+0	0.000000E+0
2.571623E+3	1.123020E-7	1.306150E+4	0.000000E+0	0.000000E+0
2.575621E+3	1.123040E-7	1.306160E+4	0.000000E+0	0.000000E+0
2.579621E+3	1.123120E-7	1.306150E+4	0.000000E+0	0.000000E+0
2.583621E+3	1.122080E-7	1.306120E+4	0.000000E+0	0.000000E+0
2.587626E+3	1.122640E-7	1.306080E+4	0.000000E+0	0.000000E+0
2.591623E+3	1.122470E-7	1.306060E+4	0.000000E+0	0.000000E+0
2.595620E+3	1.123220E-7	1.306040E+4	0.000000E+0	0.000000E+0
2.599621E+3	1.122740E-7	1.306100E+4	0.000000E+0	0.000000E+0
2.603620E+3	1.123220E-7	1.306200E+4	0.000000E+0	0.000000E+0
2.607619E+3	1.122650E-7	1.306200E+4	0.000000E+0	0.000000E+0
2.611629E+3	1.122380E-7	1.306200E+4	0.000000E+0	0.000000E+0
2.615619E+3	1.122640E-7	1.306150E+4	0.000000E+0	0.000000E+0
2.619624E+3	1.122810E-7	1.306130E+4	0.000000E+0	0.000000E+0
2.623615E+3	1.123440E-7	1.306180E+4	0.000000E+0	0.000000E+0
2.627624E+3	1.122780E-7	1.306180E+4	0.000000E+0	0.000000E+0
2.631620E+3	1.123270E-7	1.306150E+4	0.000000E+0	0.000000E+0
2.635627E+3	1.123200E-7	1.306120E+4	0.000000E+0	0.000000E+0
2.639618E+3	1.123410E-7	1.306090E+4	0.000000E+0	0.000000E+0
2.643628E+3	1.122840E-7	1.306040E+4	0.000000E+0	0.000000E+0
2.647621E+3	1.122480E-7	1.306000E+4	0.000000E+0	0.000000E+0
2.651620E+3	1.123220E-7	1.305960E+4	0.000000E+0	0.000000E+0
2.655622E+3	1.123050E-7	1.305950E+4	0.000000E+0	0.000000E+0
2.659623E+3	1.122350E-7	1.305920E+4	0.000000E+0	0.000000E+0
2.663623E+3	1.122950E-7	1.305920E+4	0.000000E+0	0.000000E+0
2.667621E+3	1.122870E-7	1.305990E+4	0.000000E+0	0.000000E+0
2.671619E+3	1.123170E-7	1.306020E+4	0.000000E+0	0.000000E+0
2.675623E+3	1.123020E-7	1.306030E+4	0.000000E+0	0.000000E+0
2.679626E+3	1.122490E-7	1.306000E+4	0.000000E+0	0.000000E+0
2.683624E+3	1.122500E-7	1.306100E+4	0.000000E+0	0.000000E+0
2.687621E+3	1.129260E-7	1.306180E+4	0.000000E+0	0.000000E+0
2.691623E+3	1.123010E-7	1.306260E+4	0.000000E+0	0.000000E+0
2.695619E+3	1.123540E-7	1.306380E+4	0.000000E+0	0.000000E+0
2.699621E+3	1.122660E-7	1.306420E+4	0.000000E+0	0.000000E+0
2.703624E+3	1.122610E-7	1.306480E+4	0.000000E+0	0.000000E+0
2.707624E+3	1.122770E-7	1.306470E+4	0.000000E+0	0.000000E+0
2.711621E+3	1.122500E-7	1.306430E+4	0.000000E+0	0.000000E+0
2.715624E+3	1.123070E-7	1.306380E+4	0.000000E+0	0.000000E+0
2.719618E+3	1.122600E-7	1.306320E+4	0.000000E+0	0.000000E+0
2.723625E+3	1.122760E-7	1.306270E+4	0.000000E+0	0.000000E+0
2.727622E+3	1.123120E-7	1.306210E+4	0.000000E+0	0.000000E+0
2.731622E+3	1.122900E-7	1.306170E+4	0.000000E+0	0.000000E+0
2.735620E+3	1.123050E-7	1.306190E+4	0.000000E+0	0.000000E+0
2.739621E+3	1.122390E-7	1.306330E+4	0.000000E+0	0.000000E+0
2.743620E+3	1.122690E-7	1.306520E+4	0.000000E+0	0.000000E+0
2.747625E+3	1.122720E-7	1.306550E+4	0.000000E+0	0.000000E+0
2.751622E+3	1.123100E-7	1.306530E+4	0.000000E+0	0.000000E+0
2.755625E+3	1.123020E-7	1.306480E+4	0.000000E+0	0.000000E+0
2.759621E+3	1.122700E-7	1.306420E+4	0.000000E+0	0.000000E+0
2.763624E+3	1.123270E-7	1.306410E+4	0.000000E+0	0.000000E+0
2.767621E+3	1.123120E-7	1.306460E+4	0.000000E+0	0.000000E+0
2.771621E+3	1.123590E-7	1.306550E+4	0.000000E+0	0.000000E+0
2.775623E+3	1.123200E-7	1.306620E+4	0.000000E+0	0.000000E+0
2.779626E+3	1.123510E-7	1.306580E+4	0.000000E+0	0.000000E+0
2.783621E+3	1.123160E-7	1.306550E+4	0.000000E+0	0.000000E+0
2.787621E+3	1.123720E-7	1.306560E+4	0.000000E+0	0.000000E+0
2.791619E+3	1.123850E-7	1.306690E+4	0.000000E+0	0.000000E+0
2.795624E+3	1.123450E-7	1.306750E+4	0.000000E+0	0.000000E+0
2.799619E+3	1.122980E-7	1.306740E+4	0.000000E+0	0.000000E+0
2.803622E+3	1.122980E-7	1.306700E+4	0.000000E+0	0.000000E+0
2.807620E+3	1.123540E-7	1.306650E+4	0.000000E+0	0.000000E+0
2.811626E+3	1.123700E-7	1.306570E+4	0.000000E+0	0.000000E+0
2.815621E+3	1.123420E-7	1.306500E+4	0.000000E+0	0.000000E+0
2.819624E+3	1.123310E-7	1.306440E+4	0.000000E+0	0.000000E+0
2.823621E+3	1.123690E-7	1.306400E+4	0.000000E+0	0.000000E+0
2.827624E+3	1.123240E-7	1.306460E+4	0.000000E+0	0.000000E+0
2.831621E+3	1.123040E-7	1.306550E+4	0.000000E+0	0.000000E+0
2.835627E+3	1.123780E-7	1.306550E+4	0.000000E+0	0.000000E+0
2.839620E+3	1.123280E-7	1.306530E+4	0.000000E+0	0.000000E+0
2.843628E+3	1.122930E-7	1.306490E+4	0.000000E+0	0.000000E+0
2.847619E+3	1.122920E-7	1.306440E+4	0.000000E+0	0.000000E+0
2.851623E+3	1.122840E-7	1.306400E+4	0.000000E+0	0.000000E+0
2.855621E+3	1.121760E-7	1.306360E+4	0.000000E+0	0.000000E+0
2.859622E+3	1.125300E-7	1.306330E+4	0.000000E+0	0.000000E+0
2.863619E+3	1.122810E-7	1.306290E+4	0.000000E+0	0.000000E+0
2.867626E+3	1.123050E-7	1.306280E+4	0.000000E+0	0.000000E+0
2.871621E+3	1.123420E-7	1.306340E+4	0.000000E+0	0.000000E+0
2.875623E+3	1.122710E-7	1.306430E+4	0.000000E+0	0.000000E+0
2.879623E+3	1.123100E-7	1.306460E+4	0.000000E+0	0.000000E+0
2.883623E+3	1.123660E-7	1.306440E+4	0.000000E+0	0.000000E+0
2.887621E+3	1.123140E-7	1.306410E+4	0.000000E+0	0.000000E+0
2.891624E+3	1.123810E-7	1.306380E+4	0.000000E+0	0.000000E+0
2.895622E+3	1.122650E-7	1.306360E+4	0.000000E+0	0.000000E+0
2.899622E+3	1.123140E-7	1.306340E+4	0.000000E+0	0.000000E+0
2.903620E+3	1.122620E-7	1.306320E+4	0.000000E+0	0.000000E+0
2.907625E+3	1.122820E-7	1.306290E+4	0.000000E+0	0.000000E+0
2.911622E+3	1.123060E-7	1.306280E+4	0.000000E+0	0.000000E+0
2.915621E+3	1.123310E-7	1.306250E+4	0.000000E+0	0.000000E+0
2.919621E+3	1.123910E-7	1.306240E+4	0.000000E+0	0.000000E+0
2.923621E+3	1.123410E-7	1.306230E+4	0.000000E+0	0.000000E+0
2.927621E+3	1.122800E-7	1.306220E+4	0.000000E+0	0.000000E+0
2.931621E+3	1.123430E-7	1.306220E+4	0.000000E+0	0.000000E+0
2.935619E+3	1.123550E-7	1.306230E+4	0.000000E+0	0.000000E+0
2.939621E+3	1.123750E-7	1.306370E+4	0.000000E+0	0.000000E+0
2.943623E+3	1.123620E-7	1.306440E+4	0.000000E+0	0.000000E+0
2.947623E+3	1.123210E-7	1.306460E+4	0.000000E+0	0.000000E+0
2.951621E+3	1.123470E-7	1.306450E+4	0.000000E+0	0.000000E+0
2.955622E+3	1.122940E-7	1.306430E+4	0.000000E+0	0.000000E+0
2.959623E+3	1.123970E-7	1.306410E+4	0.000000E+0	0.000000E+0
2.963621E+3	1.123870E-7	1.306400E+4	0.000000E+0	0.000000E+0
2.967624E+3	1.123170E-7	1.306560E+4	0.000000E+0	0.000000E+0
2.971615E+3	1.124420E-7	1.306730E+4	0.000000E+0	0.000000E+0
2.975621E+3	1.124790E-7	1.306830E+4	0.000000E+0	0.000000E+0
2.979624E+3	1.124290E-7	1.306900E+4	0.000000E+0	0.000000E+0
2.983620E+3	1.132100E-7	1.306900E+4	0.000000E+0	0.000000E+0
2.987621E+3	1.133400E-7	1.306940E+4	0.000000E+0	0.000000E+0
2.991621E+3	1.124900E-7	1.306940E+4	0.000000E+0	0.000000E+0
2.995624E+3	1.124420E-7	1.306900E+4	0.000000E+0	0.000000E+0
2.999620E+3	1.124340E-7	1.306850E+4	0.000000E+0	0.000000E+0
3.003625E+3	1.124270E-7	1.306800E+4	0.000000E+0	0.000000E+0
3.007622E+3	1.124530E-7	1.306750E+4	0.000000E+0	0.000000E+0
3.011621E+3	1.124350E-7	1.306710E+4	0.000000E+0	0.000000E+0
3.015618E+3	1.125010E-7	1.306670E+4	0.000000E+0	0.000000E+0
3.019624E+3	1.125220E-7	1.306680E+4	0.000000E+0	0.000000E+0
3.023618E+3	1.125420E-7	1.306790E+4	0.000000E+0	0.000000E+0
3.027628E+3	1.124770E-7	1.306890E+4	0.000000E+0	0.000000E+0
3.031619E+3	1.124930E-7	1.306890E+4	0.000000E+0	0.000000E+0
3.035622E+3	1.124650E-7	1.306870E+4	0.000000E+0	0.000000E+0
3.039623E+3	1.124460E-7	1.306840E+4	0.000000E+0	0.000000E+0
3.043623E+3	1.124300E-7	1.306800E+4	0.000000E+0	0.000000E+0
3.047619E+3	1.125400E-7	1.306770E+4	0.000000E+0	0.000000E+0
3.051624E+3	1.125190E-7	1.306740E+4	0.000000E+0	0.000000E+0
3.055617E+3	1.126610E-7	1.306710E+4	0.000000E+0	0.000000E+0
3.059621E+3	1.124650E-7	1.306680E+4	0.000000E+0	0.000000E+0
3.063616E+3	1.125230E-7	1.306650E+4	0.000000E+0	0.000000E+0
3.067626E+3	1.124500E-7	1.306630E+4	0.000000E+0	0.000000E+0
3.071621E+3	1.124930E-7	1.306620E+4	0.000000E+0	0.000000E+0
3.075620E+3	1.124660E-7	1.306600E+4	0.000000E+0	0.000000E+0
3.079617E+3	1.125000E-7	1.306580E+4	0.000000E+0	0.000000E+0
3.083620E+3	1.125020E-7	1.306560E+4	0.000000E+0	0.000000E+0
3.087620E+3	1.125020E-7	1.306550E+4	0.000000E+0	0.000000E+0
3.091625E+3	1.124710E-7	1.306520E+4	0.000000E+0	0.000000E+0
3.095621E+3	1.125130E-7	1.306510E+4	0.000000E+0	0.000000E+0
3.099622E+3	1.125270E-7	1.306510E+4	0.000000E+0	0.000000E+0
3.103618E+3	1.124370E-7	1.306500E+4	0.000000E+0	0.000000E+0
3.107624E+3	1.125350E-7	1.306500E+4	0.000000E+0	0.000000E+0
3.111618E+3	1.124600E-7	1.306500E+4	0.000000E+0	0.000000E+0
3.115623E+3	1.124660E-7	1.306500E+4	0.000000E+0	0.000000E+0
3.119619E+3	1.124880E-7	1.306500E+4	0.000000E+0	0.000000E+0
3.123620E+3	1.124480E-7	1.306600E+4	0.000000E+0	0.000000E+0
3.127622E+3	1.124820E-7	1.306690E+4	0.000000E+0	0.000000E+0
3.131623E+3	1.124440E-7	1.306720E+4	0.000000E+0	0.000000E+0
3.135623E+3	1.124510E-7	1.306720E+4	0.000000E+0	0.000000E+0
3.139619E+3	1.125250E-7	1.306710E+4	0.000000E+0	0.000000E+0
3.143616E+3	1.125180E-7	1.306690E+4	0.000000E+0	0.000000E+0
3.147621E+3	1.124920E-7	1.306670E+4	0.000000E+0	0.000000E+0
3.151623E+3	1.125490E-7	1.306710E+4	0.000000E+0	0.000000E+0
3.155623E+3	1.125450E-7	1.306750E+4	0.000000E+0	0.000000E+0
3.159621E+3	1.125200E-7	1.306740E+4	0.000000E+0	0.000000E+0
3.163620E+3	1.125230E-7	1.306740E+4	0.000000E+0	0.000000E+0
3.167620E+3	1.125220E-7	1.306720E+4	0.000000E+0	0.000000E+0
3.171622E+3	1.125070E-7	1.306710E+4	0.000000E+0	0.000000E+0
3.175621E+3	1.124750E-7	1.306710E+4	0.000000E+0	0.000000E+0
3.179619E+3	1.125010E-7	1.306700E+4	0.000000E+0	0.000000E+0
3.183621E+3	1.124540E-7	1.306700E+4	0.000000E+0	0.000000E+0
3.187624E+3	1.125620E-7	1.306670E+4	0.000000E+0	0.000000E+0
3.191617E+3	1.125210E-7	1.306720E+4	0.000000E+0	0.000000E+0
3.195622E+3	1.124820E-7	1.306790E+4	0.000000E+0	0.000000E+0
3.199618E+3	1.124790E-7	1.306810E+4	0.000000E+0	0.000000E+0
3.203621E+3	1.125640E-7	1.306820E+4	0.000000E+0	0.000000E+0
3.207616E+3	1.125200E-7	1.306820E+4	0.000000E+0	0.000000E+0
3.211622E+3	1.125640E-7	1.306790E+4	0.000000E+0	0.000000E+0
3.215618E+3	1.124610E-7	1.306780E+4	0.000000E+0	0.000000E+0
3.219622E+3	1.125580E-7	1.306780E+4	0.000000E+0	0.000000E+0
3.223625E+3	1.124910E-7	1.306810E+4	0.000000E+0	0.000000E+0
3.227623E+3	1.125220E-7	1.306860E+4	0.000000E+0	0.000000E+0
3.231619E+3	1.125080E-7	1.306870E+4	0.000000E+0	0.000000E+0
3.235618E+3	1.125590E-7	1.306880E+4	0.000000E+0	0.000000E+0
3.239621E+3	1.125330E-7	1.306860E+4	0.000000E+0	0.000000E+0
3.243621E+3	1.125150E-7	1.306850E+4	0.000000E+0	0.000000E+0
3.247621E+3	1.124950E-7	1.306860E+4	0.000000E+0	0.000000E+0
3.251621E+3	1.125210E-7	1.306830E+4	0.000000E+0	0.000000E+0
3.255614E+3	1.125670E-7	1.306820E+4	0.000000E+0	0.000000E+0
3.259621E+3	1.124690E-7	1.306850E+4	0.000000E+0	0.000000E+0
3.263612E+3	1.125110E-7	1.306880E+4	0.000000E+0	0.000000E+0
3.267624E+3	1.125670E-7	1.306890E+4	0.000000E+0	0.000000E+0
3.271619E+3	1.125680E-7	1.306880E+4	0.000000E+0	0.000000E+0
3.275618E+3	1.125360E-7	1.306850E+4	0.000000E+0	0.000000E+0
3.279621E+3	1.125270E-7	1.306840E+4	0.000000E+0	0.000000E+0
3.283624E+3	1.125710E-7	1.306830E+4	0.000000E+0	0.000000E+0
3.287624E+3	1.125600E-7	1.306820E+4	0.000000E+0	0.000000E+0
3.291622E+3	1.124470E-7	1.306800E+4	0.000000E+0	0.000000E+0
3.295620E+3	1.124500E-7	1.306790E+4	0.000000E+0	0.000000E+0
3.299630E+3	1.124730E-7	1.306780E+4	0.000000E+0	0.000000E+0
3.303622E+3	1.124460E-7	1.306780E+4	0.000000E+0	0.000000E+0
3.307621E+3	1.124780E-7	1.306800E+4	0.000000E+0	0.000000E+0
3.311618E+3	1.125510E-7	1.306830E+4	0.000000E+0	0.000000E+0
3.315623E+3	1.124890E-7	1.306840E+4	0.000000E+0	0.000000E+0
3.319618E+3	1.125380E-7	1.306850E+4	0.000000E+0	0.000000E+0
3.323621E+3	1.125100E-7	1.306840E+4	0.000000E+0	0.000000E+0
3.327616E+3	1.125060E-7	1.306870E+4	0.000000E+0	0.000000E+0
3.331625E+3	1.124840E-7	1.306880E+4	0.000000E+0	0.000000E+0
3.335616E+3	1.125410E-7	1.306870E+4	0.000000E+0	0.000000E+0
3.339623E+3	1.124410E-7	1.306860E+4	0.000000E+0	0.000000E+0
3.343619E+3	1.125280E-7	1.306850E+4	0.000000E+0	0.000000E+0
3.347623E+3	1.125030E-7	1.306830E+4	0.000000E+0	0.000000E+0
3.351623E+3	1.124400E-7	1.306810E+4	0.000000E+0	0.000000E+0
3.355623E+3	1.125030E-7	1.306790E+4	0.000000E+0	0.000000E+0
3.359621E+3	1.124740E-7	1.306780E+4	0.000000E+0	0.000000E+0
3.363622E+3	1.125000E-7	1.306770E+4	0.000000E+0	0.000000E+0
3.367622E+3	1.124690E-7	1.306770E+4	0.000000E+0	0.000000E+0
3.371621E+3	1.125270E-7	1.306770E+4	0.000000E+0	0.000000E+0
3.375618E+3	1.125130E-7	1.306780E+4	0.000000E+0	0.000000E+0
3.379621E+3	1.125210E-7	1.306780E+4	0.000000E+0	0.000000E+0
3.383622E+3	1.124990E-7	1.306760E+4	0.000000E+0	0.000000E+0
3.387624E+3	1.125610E-7	1.306770E+4	0.000000E+0	0.000000E+0
3.391618E+3	1.124690E-7	1.306800E+4	0.000000E+0	0.000000E+0
3.395625E+3	1.124990E-7	1.306870E+4	0.000000E+0	0.000000E+0
3.399625E+3	1.124710E-7	1.306910E+4	0.000000E+0	0.000000E+0
3.403622E+3	1.125800E-7	1.306920E+4	0.000000E+0	0.000000E+0
3.407618E+3	1.125180E-7	1.306900E+4	0.000000E+0	0.000000E+0
3.411622E+3	1.125220E-7	1.306890E+4	0.000000E+0	0.000000E+0
3.415615E+3	1.125500E-7	1.306880E+4	0.000000E+0	0.000000E+0
3.419621E+3	1.125680E-7	1.306850E+4	0.000000E+0	0.000000E+0
3.423616E+3	1.125270E-7	1.306840E+4	0.000000E+0	0.000000E+0
3.427624E+3	1.125620E-7	1.306840E+4	0.000000E+0	0.000000E+0
3.431616E+3	1.125530E-7	1.306880E+4	0.000000E+0	0.000000E+0
3.435626E+3	1.124990E-7	1.306880E+4	0.000000E+0	0.000000E+0
3.439617E+3	1.125080E-7	1.306880E+4	0.000000E+0	0.000000E+0
3.443620E+3	1.125330E-7	1.306860E+4	0.000000E+0	0.000000E+0
3.447619E+3	1.125620E-7	1.306870E+4	0.000000E+0	0.000000E+0
3.451619E+3	1.125170E-7	1.306860E+4	0.000000E+0	0.000000E+0
3.455615E+3	1.124930E-7	1.306870E+4	0.000000E+0	0.000000E+0
3.459622E+3	1.125870E-7	1.306860E+4	0.000000E+0	0.000000E+0
3.463617E+3	1.125740E-7	1.306880E+4	0.000000E+0	0.000000E+0
3.467622E+3	1.125340E-7	1.306870E+4	0.000000E+0	0.000000E+0
3.471617E+3	1.126190E-7	1.306880E+4	0.000000E+0	0.000000E+0
3.475620E+3	1.126070E-7	1.306910E+4	0.000000E+0	0.000000E+0
3.479621E+3	1.125320E-7	1.306920E+4	0.000000E+0	0.000000E+0
3.483625E+3	1.125260E-7	1.306920E+4	0.000000E+0	0.000000E+0
3.487622E+3	1.125730E-7	1.306910E+4	0.000000E+0	0.000000E+0
3.491625E+3	1.125670E-7	1.306920E+4	0.000000E+0	0.000000E+0
3.495621E+3	1.125970E-7	1.306890E+4	0.000000E+0	0.000000E+0
3.499621E+3	1.125040E-7	1.306860E+4	0.000000E+0	0.000000E+0
3.503616E+3	1.125390E-7	1.306830E+4	0.000000E+0	0.000000E+0
3.507625E+3	1.125920E-7	1.306830E+4	0.000000E+0	0.000000E+0
3.511621E+3	1.125520E-7	1.306850E+4	0.000000E+0	0.000000E+0
3.515621E+3	1.125960E-7	1.307100E+4	0.000000E+0	0.000000E+0
3.519619E+3	1.125200E-7	1.307090E+4	0.000000E+0	0.000000E+0
3.523622E+3	1.125420E-7	1.307050E+4	0.000000E+0	0.000000E+0
3.527623E+3	1.124370E-7	1.307000E+4	0.000000E+0	0.000000E+0
3.531621E+3	1.124710E-7	1.306950E+4	0.000000E+0	0.000000E+0
3.535619E+3	1.125410E-7	1.306950E+4	0.000000E+0	0.000000E+0
3.539624E+3	1.124670E-7	1.306930E+4	0.000000E+0	0.000000E+0
3.543619E+3	1.125240E-7	1.306910E+4	0.000000E+0	0.000000E+0
3.547619E+3	1.124750E-7	1.306900E+4	0.000000E+0	0.000000E+0
3.551621E+3	1.124990E-7	1.306880E+4	0.000000E+0	0.000000E+0
3.555628E+3	1.124810E-7	1.306860E+4	0.000000E+0	0.000000E+0
3.559624E+3	1.124680E-7	1.306860E+4	0.000000E+0	0.000000E+0
3.563624E+3	1.125240E-7	1.306840E+4	0.000000E+0	0.000000E+0
3.567621E+3	1.124680E-7	1.306830E+4	0.000000E+0	0.000000E+0
3.571626E+3	1.124710E-7	1.306820E+4	0.000000E+0	0.000000E+0
3.575624E+3	1.124030E-7	1.306810E+4	0.000000E+0	0.000000E+0
3.579624E+3	1.124890E-7	1.306800E+4	0.000000E+0	0.000000E+0
3.583621E+3	1.124420E-7	1.306790E+4	0.000000E+0	0.000000E+0
3.587621E+3	1.131030E-7	1.306780E+4	0.000000E+0	0.000000E+0
3.591622E+3	1.124830E-7	1.306780E+4	0.000000E+0	0.000000E+0
3.595621E+3	1.124850E-7	1.306790E+4	0.000000E+0	0.000000E+0
3.599623E+3	1.124590E-7	1.306790E+4	0.000000E+0	0.000000E+0
3.603623E+3	1.124590E-7	1.306790E+4	0.000000E+0	0.000000E+0
3.607623E+3	1.124780E-7	1.306780E+4	0.000000E+0	0.000000E+0
3.611621E+3	1.125200E-7	1.306790E+4	0.000000E+0	0.000000E+0
3.615617E+3	1.124900E-7	1.306790E+4	0.000000E+0	0.000000E+0
3.619624E+3	1.124640E-7	1.306780E+4	0.000000E+0	0.000000E+0
3.623617E+3	1.124450E-7	1.306780E+4	0.000000E+0	0.000000E+0
3.627622E+3	1.125250E-7	1.306770E+4	0.000000E+0	0.000000E+0
3.631619E+3	1.125180E-7	1.306770E+4	0.000000E+0	0.000000E+0
3.635623E+3	1.124850E-7	1.306780E+4	0.000000E+0	0.000000E+0
3.639619E+3	1.124580E-7	1.306790E+4	0.000000E+0	0.000000E+0
3.643622E+3	1.124850E-7	1.306810E+4	0.000000E+0	0.000000E+0
3.647621E+3	1.124780E-7	1.306850E+4	0.000000E+0	0.000000E+0
3.651625E+3	1.125100E-7	1.306900E+4	0.000000E+0	0.000000E+0
3.655606E+3	1.124850E-7	1.306930E+4	0.000000E+0	0.000000E+0
3.659619E+3	1.125010E-7	1.306920E+4	0.000000E+0	0.000000E+0
3.663625E+3	1.124830E-7	1.306910E+4	0.000000E+0	0.000000E+0
3.667604E+3	1.124900E-7	1.306900E+4	0.000000E+0	0.000000E+0
3.671633E+3	1.124620E-7	1.306900E+4	0.000000E+0	0.000000E+0
3.675618E+3	1.125180E-7	1.306920E+4	0.000000E+0	0.000000E+0
3.679618E+3	1.124690E-7	1.306900E+4	0.000000E+0	0.000000E+0
3.683618E+3	1.125100E-7	1.306890E+4	0.000000E+0	0.000000E+0
3.687619E+3	1.125640E-7	1.306860E+4	0.000000E+0	0.000000E+0
3.691621E+3	1.125570E-7	1.306840E+4	0.000000E+0	0.000000E+0
3.695622E+3	1.125340E-7	1.306810E+4	0.000000E+0	0.000000E+0
3.699621E+3	1.125200E-7	1.306790E+4	0.000000E+0	0.000000E+0
3.703621E+3	1.124880E-7	1.306770E+4	0.000000E+0	0.000000E+0
3.707621E+3	1.125060E-7	1.306760E+4	0.000000E+0	0.000000E+0
3.711617E+3	1.125120E-7	1.306730E+4	0.000000E+0	0.000000E+0
3.715624E+3	1.124970E-7	1.306700E+4	0.000000E+0	0.000000E+0
3.719616E+3	1.124730E-7	1.306690E+4	0.000000E+0	0.000000E+0
3.723627E+3	1.124820E-7	1.306710E+4	0.000000E+0	0.000000E+0
3.727617E+3	1.125310E-7	1.306850E+4	0.000000E+0	0.000000E+0
3.731624E+3	1.125610E-7	1.306950E+4	0.000000E+0	0.000000E+0
3.735620E+3	1.124830E-7	1.307000E+4	0.000000E+0	0.000000E+0
3.739624E+3	1.124480E-7	1.307050E+4	0.000000E+0	0.000000E+0
3.743619E+3	1.125470E-7	1.307060E+4	0.000000E+0	0.000000E+0
3.747624E+3	1.125140E-7	1.307050E+4	0.000000E+0	0.000000E+0
3.751618E+3	1.124740E-7	1.307010E+4	0.000000E+0	0.000000E+0
3.755625E+3	1.125590E-7	1.306990E+4	0.000000E+0	0.000000E+0
3.759621E+3	1.125490E-7	1.307020E+4	0.000000E+0	0.000000E+0
3.763620E+3	1.125160E-7	1.307030E+4	0.000000E+0	0.000000E+0
3.767621E+3	1.125410E-7	1.307020E+4	0.000000E+0	0.000000E+0
3.771621E+3	1.125270E-7	1.307030E+4	0.000000E+0	0.000000E+0
3.775625E+3	1.124920E-7	1.307040E+4	0.000000E+0	0.000000E+0
3.779622E+3	1.124870E-7	1.307010E+4	0.000000E+0	0.000000E+0
3.783619E+3	1.125100E-7	1.306970E+4	0.000000E+0	0.000000E+0
3.787623E+3	1.133610E-7	1.306940E+4	0.000000E+0	0.000000E+0
3.791623E+3	1.125970E-7	1.306910E+4	0.000000E+0	0.000000E+0
3.795621E+3	1.124960E-7	1.306890E+4	0.000000E+0	0.000000E+0
3.799618E+3	1.125740E-7	1.306870E+4	0.000000E+0	0.000000E+0
3.803621E+3	1.125350E-7	1.306840E+4	0.000000E+0	0.000000E+0
3.807621E+3	1.125480E-7	1.306830E+4	0.000000E+0	0.000000E+0
3.811619E+3	1.125300E-7	1.306810E+4	0.000000E+0	0.000000E+0
3.815617E+3	1.125970E-7	1.306800E+4	0.000000E+0	0.000000E+0
3.819622E+3	1.125170E-7	1.306790E+4	0.000000E+0	0.000000E+0
3.823620E+3	1.125730E-7	1.306790E+4	0.000000E+0	0.000000E+0
3.827620E+3	1.125750E-7	1.306780E+4	0.000000E+0	0.000000E+0
3.831619E+3	1.125260E-7	1.306760E+4	0.000000E+0	0.000000E+0
3.835630E+3	1.124710E-7	1.306740E+4	0.000000E+0	0.000000E+0
3.839622E+3	1.125270E-7	1.306740E+4	0.000000E+0	0.000000E+0
3.843617E+3	1.125030E-7	1.306710E+4	0.000000E+0	0.000000E+0
3.847617E+3	1.125230E-7	1.306680E+4	0.000000E+0	0.000000E+0
3.851620E+3	1.124920E-7	1.306670E+4	0.000000E+0	0.000000E+0
3.855621E+3	1.125450E-7	1.306650E+4	0.000000E+0	0.000000E+0
3.859621E+3	1.125790E-7	1.306650E+4	0.000000E+0	0.000000E+0
3.863615E+3	1.125230E-7	1.306650E+4	0.000000E+0	0.000000E+0
3.867625E+3	1.125200E-7	1.306640E+4	0.000000E+0	0.000000E+0
3.871607E+3	1.125060E-7	1.306620E+4	0.000000E+0	0.000000E+0
3.875620E+3	1.125260E-7	1.306630E+4	0.000000E+0	0.000000E+0
3.879623E+3	1.125060E-7	1.306630E+4	0.000000E+0	0.000000E+0
3.883615E+3	1.125250E-7	1.306640E+4	0.000000E+0	0.000000E+0
3.887626E+3	1.131720E-7	1.306670E+4	0.000000E+0	0.000000E+0
3.891625E+3	1.125220E-7	1.306740E+4	0.000000E+0	0.000000E+0
3.895621E+3	1.127520E-7	1.306740E+4	0.000000E+0	0.000000E+0
3.899621E+3	1.133270E-7	1.306740E+4	0.000000E+0	0.000000E+0
3.903621E+3	1.125950E-7	1.306720E+4	0.000000E+0	0.000000E+0
3.907617E+3	1.125680E-7	1.306730E+4	0.000000E+0	0.000000E+0
3.911623E+3	1.125670E-7	1.306730E+4	0.000000E+0	0.000000E+0
3.915604E+3	1.125640E-7	1.306710E+4	0.000000E+0	0.000000E+0
3.919617E+3	1.125900E-7	1.306750E+4	0.000000E+0	0.000000E+0
3.923621E+3	1.125730E-7	1.306750E+4	0.000000E+0	0.000000E+0
3.927619E+3	1.125740E-7	1.306740E+4	0.000000E+0	0.000000E+0
3.931621E+3	1.125190E-7	1.306730E+4	0.000000E+0	0.000000E+0
3.935620E+3	1.125700E-7	1.306710E+4	0.000000E+0	0.000000E+0
3.939617E+3	1.125200E-7	1.306670E+4	0.000000E+0	0.000000E+0
3.943621E+3	1.125230E-7	1.306660E+4	0.000000E+0	0.000000E+0
3.947617E+3	1.125050E-7	1.306700E+4	0.000000E+0	0.000000E+0
3.951618E+3	1.126040E-7	1.306700E+4	0.000000E+0	0.000000E+0
3.955625E+3	1.125560E-7	1.306720E+4	0.000000E+0	0.000000E+0
3.959604E+3	1.125740E-7	1.306730E+4	0.000000E+0	0.000000E+0
3.963621E+3	1.125260E-7	1.306680E+4	0.000000E+0	0.000000E+0
3.967619E+3	1.125070E-7	1.306640E+4	0.000000E+0	0.000000E+0
3.971619E+3	1.124920E-7	1.306640E+4	0.000000E+0	0.000000E+0
3.975621E+3	1.125860E-7	1.306620E+4	0.000000E+0	0.000000E+0
3.979618E+3	1.125070E-7	1.306600E+4	0.000000E+0	0.000000E+0
3.983621E+3	1.125640E-7	1.306580E+4	0.000000E+0	0.000000E+0
3.987619E+3	1.125010E-7	1.306570E+4	0.000000E+0	0.000000E+0
3.991624E+3	1.125710E-7	1.306550E+4	0.000000E+0	0.000000E+0
3.995617E+3	1.125320E-7	1.306560E+4	0.000000E+0	0.000000E+0
3.999621E+3	1.125710E-7	1.306550E+4	0.000000E+0	0.000000E+0
4.003620E+3	1.125560E-7	1.306540E+4	0.000000E+0	0.000000E+0
4.007620E+3	1.125260E-7	1.306520E+4	0.000000E+0	0.000000E+0
4.011616E+3	1.125790E-7	1.306510E+4	0.000000E+0	0.000000E+0
4.015619E+3	1.125090E-7	1.306490E+4	0.000000E+0	0.000000E+0
4.019620E+3	1.126100E-7	1.306490E+4	0.000000E+0	0.000000E+0
4.023624E+3	1.126340E-7	1.306470E+4	0.000000E+0	0.000000E+0
4.027618E+3	1.126180E-7	1.306490E+4	0.000000E+0	0.000000E+0
4.031621E+3	1.126130E-7	1.306500E+4	0.000000E+0	0.000000E+0
4.035621E+3	1.125780E-7	1.306500E+4	0.000000E+0	0.000000E+0
4.039621E+3	1.126240E-7	1.306500E+4	0.000000E+0	0.000000E+0
4.043618E+3	1.125890E-7	1.306520E+4	0.000000E+0	0.000000E+0
4.047621E+3	1.125950E-7	1.306550E+4	0.000000E+0	0.000000E+0
4.051621E+3	1.125930E-7	1.306560E+4	0.000000E+0	0.000000E+0
4.055621E+3	1.125990E-7	1.306600E+4	0.000000E+0	0.000000E+0
4.059618E+3	1.126120E-7	1.306590E+4	0.000000E+0	0.000000E+0
4.063621E+3	1.125710E-7	1.306580E+4	0.000000E+0	0.000000E+0
4.067619E+3	1.126040E-7	1.306570E+4	0.000000E+0	0.000000E+0
4.071619E+3	1.125830E-7	1.306550E+4	0.000000E+0	0.000000E+0
4.075616E+3	1.126230E-7	1.306530E+4	0.000000E+0	0.000000E+0
4.079621E+3	1.125790E-7	1.306520E+4	0.000000E+0	0.000000E+0
4.083621E+3	1.125500E-7	1.306510E+4	0.000000E+0	0.000000E+0
4.087621E+3	1.125550E-7	1.306500E+4	0.000000E+0	0.000000E+0
4.091619E+3	1.125590E-7	1.306480E+4	0.000000E+0	0.000000E+0
4.095618E+3	1.125480E-7	1.306490E+4	0.000000E+0	0.000000E+0
4.099620E+3	1.125780E-7	1.306540E+4	0.000000E+0	0.000000E+0
4.103619E+3	1.126440E-7	1.306600E+4	0.000000E+0	0.000000E+0
4.107619E+3	1.126610E-7	1.306660E+4	0.000000E+0	0.000000E+0
4.111620E+3	1.126440E-7	1.306700E+4	0.000000E+0	0.000000E+0
4.115620E+3	1.126570E-7	1.306710E+4	0.000000E+0	0.000000E+0
4.119620E+3	1.126050E-7	1.306700E+4	0.000000E+0	0.000000E+0
4.123621E+3	1.126440E-7	1.306740E+4	0.000000E+0	0.000000E+0
4.127621E+3	1.126040E-7	1.306760E+4	0.000000E+0	0.000000E+0
4.131618E+3	1.126050E-7	1.306760E+4	0.000000E+0	0.000000E+0
4.135620E+3	1.125690E-7	1.306810E+4	0.000000E+0	0.000000E+0
4.139620E+3	1.125980E-7	1.306840E+4	0.000000E+0	0.000000E+0
4.143621E+3	1.125620E-7	1.306890E+4	0.000000E+0	0.000000E+0
4.147620E+3	1.125400E-7	1.306930E+4	0.000000E+0	0.000000E+0
4.151623E+3	1.126020E-7	1.306920E+4	0.000000E+0	0.000000E+0
4.155620E+3	1.126360E-7	1.306890E+4	0.000000E+0	0.000000E+0
4.159622E+3	1.126350E-7	1.306860E+4	0.000000E+0	0.000000E+0
4.163622E+3	1.126120E-7	1.306810E+4	0.000000E+0	0.000000E+0
4.167626E+3	1.126320E-7	1.306780E+4	0.000000E+0	0.000000E+0
4.171602E+3	1.126230E-7	1.306750E+4	0.000000E+0	0.000000E+0
4.175618E+3	1.126180E-7	1.306780E+4	0.000000E+0	0.000000E+0
4.179623E+3	1.127210E-7	1.306860E+4	0.000000E+0	0.000000E+0
4.183617E+3	1.125990E-7	1.306890E+4	0.000000E+0	0.000000E+0
4.187623E+3	1.130990E-7	1.306870E+4	0.000000E+0	0.000000E+0
4.191620E+3	1.126010E-7	1.306850E+4	0.000000E+0	0.000000E+0
4.195621E+3	1.126080E-7	1.306840E+4	0.000000E+0	0.000000E+0
4.199620E+3	1.126440E-7	1.306830E+4	0.000000E+0	0.000000E+0
4.203619E+3	1.126460E-7	1.306840E+4	0.000000E+0	0.000000E+0
4.207615E+3	1.126530E-7	1.306890E+4	0.000000E+0	0.000000E+0
4.211619E+3	1.126450E-7	1.306940E+4	0.000000E+0	0.000000E+0
4.215618E+3	1.126590E-7	1.306940E+4	0.000000E+0	0.000000E+0
4.219618E+3	1.126250E-7	1.306910E+4	0.000000E+0	0.000000E+0
4.223620E+3	1.126670E-7	1.306860E+4	0.000000E+0	0.000000E+0
4.227621E+3	1.126060E-7	1.306830E+4	0.000000E+0	0.000000E+0
4.231620E+3	1.126720E-7	1.306790E+4	0.000000E+0	0.000000E+0
4.235623E+3	1.126080E-7	1.306750E+4	0.000000E+0	0.000000E+0
4.239620E+3	1.125770E-7	1.306730E+4	0.000000E+0	0.000000E+0
4.243622E+3	1.126500E-7	1.306730E+4	0.000000E+0	0.000000E+0
4.247619E+3	1.126010E-7	1.306740E+4	0.000000E+0	0.000000E+0
4.251623E+3	1.126190E-7	1.306720E+4	0.000000E+0	0.000000E+0
4.255618E+3	1.126560E-7	1.306710E+4	0.000000E+0	0.000000E+0
4.259621E+3	1.125700E-7	1.306710E+4	0.000000E+0	0.000000E+0
4.263621E+3	1.125760E-7	1.306720E+4	0.000000E+0	0.000000E+0
4.267621E+3	1.126390E-7	1.306700E+4	0.000000E+0	0.000000E+0
4.271618E+3	1.126150E-7	1.306730E+4	0.000000E+0	0.000000E+0
4.275621E+3	1.126650E-7	1.306720E+4	0.000000E+0	0.000000E+0
4.279619E+3	1.126470E-7	1.306720E+4	0.000000E+0	0.000000E+0
4.283619E+3	1.126710E-7	1.306710E+4	0.000000E+0	0.000000E+0
4.287619E+3	1.126270E-7	1.306720E+4	0.000000E+0	0.000000E+0
4.291620E+3	1.126350E-7	1.306700E+4	0.000000E+0	0.000000E+0
4.295621E+3	1.126020E-7	1.306690E+4	0.000000E+0	0.000000E+0
4.299621E+3	1.126670E-7	1.306680E+4	0.000000E+0	0.000000E+0
4.303617E+3	1.126090E-7	1.306670E+4	0.000000E+0	0.000000E+0
4.307622E+3	1.126000E-7	1.306640E+4	0.000000E+0	0.000000E+0
4.311622E+3	1.126840E-7	1.306610E+4	0.000000E+0	0.000000E+0
4.315621E+3	1.126670E-7	1.306600E+4	0.000000E+0	0.000000E+0
4.319618E+3	1.125920E-7	1.306580E+4	0.000000E+0	0.000000E+0
4.323621E+3	1.126140E-7	1.306560E+4	0.000000E+0	0.000000E+0
4.327618E+3	1.126550E-7	1.306520E+4	0.000000E+0	0.000000E+0
4.331627E+3	1.126210E-7	1.306500E+4	0.000000E+0	0.000000E+0
4.335599E+3	1.126300E-7	1.306480E+4	0.000000E+0	0.000000E+0
4.339634E+3	1.126500E-7	1.306470E+4	0.000000E+0	0.000000E+0
4.343623E+3	1.126050E-7	1.306450E+4	0.000000E+0	0.000000E+0
4.347622E+3	1.126330E-7	1.306460E+4	0.000000E+0	0.000000E+0
4.351621E+3	1.126300E-7	1.306460E+4	0.000000E+0	0.000000E+0
4.355619E+3	1.126100E-7	1.306440E+4	0.000000E+0	0.000000E+0
4.359621E+3	1.126050E-7	1.306430E+4	0.000000E+0	0.000000E+0
4.363619E+3	1.126280E-7	1.306420E+4	0.000000E+0	0.000000E+0
4.367623E+3	1.126520E-7	1.306400E+4	0.000000E+0	0.000000E+0
4.371619E+3	1.126190E-7	1.306400E+4	0.000000E+0	0.000000E+0
4.375621E+3	1.126930E-7	1.306390E+4	0.000000E+0	0.000000E+0
4.379623E+3	1.126960E-7	1.306370E+4	0.000000E+0	0.000000E+0
4.383621E+3	1.125690E-7	1.306360E+4	0.000000E+0	0.000000E+0
4.387619E+3	1.126650E-7	1.306340E+4	0.000000E+0	0.000000E+0
4.391621E+3	1.126170E-7	1.306320E+4	0.000000E+0	0.000000E+0
4.395619E+3	1.126840E-7	1.306310E+4	0.000000E+0	0.000000E+0
4.399622E+3	1.126570E-7	1.306290E+4	0.000000E+0	0.000000E+0
4.403617E+3	1.126000E-7	1.306290E+4	0.000000E+0	0.000000E+0
4.407622E+3	1.126440E-7	1.306290E+4	0.000000E+0	0.000000E+0
4.411621E+3	1.126940E-7	1.306300E+4	0.000000E+0	0.000000E+0
4.415621E+3	1.126100E-7	1.306330E+4	0.000000E+0	0.000000E+0
4.419620E+3	1.126160E-7	1.306360E+4	0.000000E+0	0.000000E+0
4.423622E+3	1.126930E-7	1.306400E+4	0.000000E+0	0.000000E+0
4.427620E+3	1.127260E-7	1.306450E+4	0.000000E+0	0.000000E+0
4.431623E+3	1.126060E-7	1.306500E+4	0.000000E+0	0.000000E+0
4.435604E+3	1.126830E-7	1.306500E+4	0.000000E+0	0.000000E+0
4.439619E+3	1.126780E-7	1.306520E+4	0.000000E+0	0.000000E+0
4.443625E+3	1.126180E-7	1.306510E+4	0.000000E+0	0.000000E+0
4.447602E+3	1.126830E-7	1.306500E+4	0.000000E+0	0.000000E+0
4.451618E+3	1.127040E-7	1.306490E+4	0.000000E+0	0.000000E+0
4.455623E+3	1.127440E-7	1.306520E+4	0.000000E+0	0.000000E+0
4.459617E+3	1.126580E-7	1.306560E+4	0.000000E+0	0.000000E+0
4.463621E+3	1.126930E-7	1.306580E+4	0.000000E+0	0.000000E+0
4.467619E+3	1.126260E-7	1.306610E+4	0.000000E+0	0.000000E+0
4.471616E+3	1.126240E-7	1.306590E+4	0.000000E+0	0.000000E+0
4.475619E+3	1.126910E-7	1.306570E+4	0.000000E+0	0.000000E+0
4.479624E+3	1.127040E-7	1.306600E+4	0.000000E+0	0.000000E+0
4.483617E+3	1.126620E-7	1.306630E+4	0.000000E+0	0.000000E+0
4.487622E+3	1.133560E-7	1.306680E+4	0.000000E+0	0.000000E+0
4.491604E+3	1.127070E-7	1.306660E+4	0.000000E+0	0.000000E+0
4.495619E+3	1.126320E-7	1.306620E+4	0.000000E+0	0.000000E+0
4.499622E+3	1.126120E-7	1.306550E+4	0.000000E+0	0.000000E+0
4.503621E+3	1.126880E-7	1.306520E+4	0.000000E+0	0.000000E+0
4.507620E+3	1.126640E-7	1.306480E+4	0.000000E+0	0.000000E+0
4.511617E+3	1.126150E-7	1.306440E+4	0.000000E+0	0.000000E+0
4.515625E+3	1.126970E-7	1.306420E+4	0.000000E+0	0.000000E+0
4.519602E+3	1.126600E-7	1.306400E+4	0.000000E+0	0.000000E+0
4.523616E+3	1.126880E-7	1.306390E+4	0.000000E+0	0.000000E+0
4.527628E+3	1.126890E-7	1.306390E+4	0.000000E+0	0.000000E+0
4.531604E+3	1.126870E-7	1.306410E+4	0.000000E+0	0.000000E+0
4.535616E+3	1.126130E-7	1.306430E+4	0.000000E+0	0.000000E+0
4.539622E+3	1.127240E-7	1.306430E+4	0.000000E+0	0.000000E+0
4.543617E+3	1.126400E-7	1.306420E+4	0.000000E+0	0.000000E+0
4.547625E+3	1.126620E-7	1.306400E+4	0.000000E+0	0.000000E+0
4.551619E+3	1.125960E-7	1.306390E+4	0.000000E+0	0.000000E+0
4.555621E+3	1.126660E-7	1.306520E+4	0.000000E+0	0.000000E+0
4.559617E+3	1.126970E-7	1.306640E+4	0.000000E+0	0.000000E+0
4.563622E+3	1.126230E-7	1.306640E+4	0.000000E+0	0.000000E+0
4.567620E+3	1.126790E-7	1.306590E+4	0.000000E+0	0.000000E+0
4.571620E+3	1.126790E-7	1.306550E+4	0.000000E+0	0.000000E+0
4.575621E+3	1.126470E-7	1.306510E+4	0.000000E+0	0.000000E+0
4.579624E+3	1.126840E-7	1.306480E+4	0.000000E+0	0.000000E+0
4.583622E+3	1.126390E-7	1.306430E+4	0.000000E+0	0.000000E+0
4.587621E+3	1.126520E-7	1.306400E+4	0.000000E+0	0.000000E+0
4.591618E+3	1.126960E-7	1.306380E+4	0.000000E+0	0.000000E+0
4.595621E+3	1.126350E-7	1.306360E+4	0.000000E+0	0.000000E+0
4.599622E+3	1.126170E-7	1.306330E+4	0.000000E+0	0.000000E+0
4.603621E+3	1.127020E-7	1.306310E+4	0.000000E+0	0.000000E+0
4.607617E+3	1.127280E-7	1.306290E+4	0.000000E+0	0.000000E+0
4.611621E+3	1.127000E-7	1.306270E+4	0.000000E+0	0.000000E+0
4.615618E+3	1.126620E-7	1.306260E+4	0.000000E+0	0.000000E+0
4.619623E+3	1.127060E-7	1.306240E+4	0.000000E+0	0.000000E+0
4.623621E+3	1.126910E-7	1.306220E+4	0.000000E+0	0.000000E+0
4.627622E+3	1.127240E-7	1.306220E+4	0.000000E+0	0.000000E+0
4.631622E+3	1.127030E-7	1.306210E+4	0.000000E+0	0.000000E+0
4.635621E+3	1.127080E-7	1.306200E+4	0.000000E+0	0.000000E+0
4.639619E+3	1.126490E-7	1.306190E+4	0.000000E+0	0.000000E+0
4.643621E+3	1.126250E-7	1.306200E+4	0.000000E+0	0.000000E+0
4.647623E+3	1.127550E-7	1.306200E+4	0.000000E+0	0.000000E+0
4.651623E+3	1.126850E-7	1.306200E+4	0.000000E+0	0.000000E+0
4.655621E+3	1.127050E-7	1.306180E+4	0.000000E+0	0.000000E+0
4.659623E+3	1.127220E-7	1.306170E+4	0.000000E+0	0.000000E+0
4.663604E+3	1.126250E-7	1.306170E+4	0.000000E+0	0.000000E+0
4.667617E+3	1.127170E-7	1.306160E+4	0.000000E+0	0.000000E+0
4.671624E+3	1.126390E-7	1.306170E+4	0.000000E+0	0.000000E+0
4.675617E+3	1.127160E-7	1.306200E+4	0.000000E+0	0.000000E+0
4.679624E+3	1.126760E-7	1.306240E+4	0.000000E+0	0.000000E+0
4.683618E+3	1.127070E-7	1.306240E+4	0.000000E+0	0.000000E+0
4.687621E+3	1.126430E-7	1.306260E+4	0.000000E+0	0.000000E+0
4.691618E+3	1.127140E-7	1.306310E+4	0.000000E+0	0.000000E+0
4.695621E+3	1.127420E-7	1.306340E+4	0.000000E+0	0.000000E+0
4.699618E+3	1.126960E-7	1.306350E+4	0.000000E+0	0.000000E+0
4.703623E+3	1.126960E-7	1.306340E+4	0.000000E+0	0.000000E+0
4.707623E+3	1.128370E-7	1.306410E+4	0.000000E+0	0.000000E+0
4.711622E+3	1.136300E-7	1.306480E+4	0.000000E+0	0.000000E+0
4.715618E+3	1.129440E-7	1.306460E+4	0.000000E+0	0.000000E+0
4.719623E+3	1.127910E-7	1.306450E+4	0.000000E+0	0.000000E+0
4.723618E+3	1.127800E-7	1.306430E+4	0.000000E+0	0.000000E+0
4.727622E+3	1.127670E-7	1.306410E+4	0.000000E+0	0.000000E+0
4.731622E+3	1.127710E-7	1.306390E+4	0.000000E+0	0.000000E+0
4.735621E+3	1.127610E-7	1.306380E+4	0.000000E+0	0.000000E+0
4.739617E+3	1.127840E-7	1.306380E+4	0.000000E+0	0.000000E+0
4.743626E+3	1.127410E-7	1.306370E+4	0.000000E+0	0.000000E+0
4.747621E+3	1.127850E-7	1.306340E+4	0.000000E+0	0.000000E+0
4.751621E+3	1.128190E-7	1.306310E+4	0.000000E+0	0.000000E+0
4.755617E+3	1.127930E-7	1.306290E+4	0.000000E+0	0.000000E+0
4.759622E+3	1.128200E-7	1.306250E+4	0.000000E+0	0.000000E+0
4.763621E+3	1.127600E-7	1.306210E+4	0.000000E+0	0.000000E+0
4.767621E+3	1.128170E-7	1.306180E+4	0.000000E+0	0.000000E+0
4.771619E+3	1.127710E-7	1.306150E+4	0.000000E+0	0.000000E+0
4.775623E+3	1.127670E-7	1.306130E+4	0.000000E+0	0.000000E+0
4.779622E+3	1.127390E-7	1.306110E+4	0.000000E+0	0.000000E+0
4.783621E+3	1.127900E-7	1.306080E+4	0.000000E+0	0.000000E+0
4.787620E+3	1.131670E-7	1.306070E+4	0.000000E+0	0.000000E+0
4.791621E+3	1.127380E-7	1.306060E+4	0.000000E+0	0.000000E+0
4.795621E+3	1.127230E-7	1.306110E+4	0.000000E+0	0.000000E+0
4.799621E+3	1.127720E-7	1.306090E+4	0.000000E+0	0.000000E+0
4.803618E+3	1.127300E-7	1.306100E+4	0.000000E+0	0.000000E+0
4.807621E+3	1.128300E-7	1.306090E+4	0.000000E+0	0.000000E+0
4.811621E+3	1.127610E-7	1.306070E+4	0.000000E+0	0.000000E+0
4.815623E+3	1.127290E-7	1.306070E+4	0.000000E+0	0.000000E+0
4.819621E+3	1.127340E-7	1.306080E+4	0.000000E+0	0.000000E+0
4.823622E+3	1.126370E-7	1.306070E+4	0.000000E+0	0.000000E+0
4.827623E+3	1.128140E-7	1.306070E+4	0.000000E+0	0.000000E+0
4.831621E+3	1.127600E-7	1.306060E+4	0.000000E+0	0.000000E+0
4.835618E+3	1.127290E-7	1.306040E+4	0.000000E+0	0.000000E+0
4.839621E+3	1.127550E-7	1.306030E+4	0.000000E+0	0.000000E+0
4.843623E+3	1.127040E-7	1.306010E+4	0.000000E+0	0.000000E+0
4.847621E+3	1.128520E-7	1.306000E+4	0.000000E+0	0.000000E+0
4.851619E+3	1.127020E-7	1.305980E+4	0.000000E+0	0.000000E+0
4.855627E+3	1.127200E-7	1.305960E+4	0.000000E+0	0.000000E+0
4.859617E+3	1.126660E-7	1.305950E+4	0.000000E+0	0.000000E+0
4.863621E+3	1.127470E-7	1.305930E+4	0.000000E+0	0.000000E+0
4.867619E+3	1.126630E-7	1.305930E+4	0.000000E+0	0.000000E+0
4.871619E+3	1.127610E-7	1.305940E+4	0.000000E+0	0.000000E+0
4.875618E+3	1.127130E-7	1.305940E+4	0.000000E+0	0.000000E+0
4.879624E+3	1.127350E-7	1.305960E+4	0.000000E+0	0.000000E+0
4.883620E+3	1.126710E-7	1.305950E+4	0.000000E+0	0.000000E+0
4.887627E+3	1.127470E-7	1.305940E+4	0.000000E+0	0.000000E+0
4.891605E+3	1.127490E-7	1.305930E+4	0.000000E+0	0.000000E+0
4.895618E+3	1.127090E-7	1.305910E+4	0.000000E+0	0.000000E+0
4.899622E+3	1.127150E-7	1.305900E+4	0.000000E+0	0.000000E+0
4.903618E+3	1.127490E-7	1.305870E+4	0.000000E+0	0.000000E+0
4.907623E+3	1.127630E-7	1.305860E+4	0.000000E+0	0.000000E+0
4.911605E+3	1.134550E-7	1.305860E+4	0.000000E+0	0.000000E+0
4.915618E+3	1.127170E-7	1.305850E+4	0.000000E+0	0.000000E+0
4.919621E+3	1.127970E-7	1.305840E+4	0.000000E+0	0.000000E+0
4.923618E+3	1.127430E-7	1.305850E+4	0.000000E+0	0.000000E+0
4.927621E+3	1.127750E-7	1.305860E+4	0.000000E+0	0.000000E+0
4.931617E+3	1.127840E-7	1.305880E+4	0.000000E+0	0.000000E+0
4.935623E+3	1.127420E-7	1.305890E+4	0.000000E+0	0.000000E+0
4.939603E+3	1.127820E-7	1.305890E+4	0.000000E+0	0.000000E+0
4.943618E+3	1.127720E-7	1.305880E+4	0.000000E+0	0.000000E+0
4.947623E+3	1.127410E-7	1.305880E+4	0.000000E+0	0.000000E+0
4.951619E+3	1.127990E-7	1.305940E+4	0.000000E+0	0.000000E+0
4.955619E+3	1.128230E-7	1.306040E+4	0.000000E+0	0.000000E+0
4.959619E+3	1.128380E-7	1.306090E+4	0.000000E+0	0.000000E+0
4.963624E+3	1.128480E-7	1.306090E+4	0.000000E+0	0.000000E+0
4.967622E+3	1.128150E-7	1.306130E+4	0.000000E+0	0.000000E+0
4.971621E+3	1.128230E-7	1.306130E+4	0.000000E+0	0.000000E+0
4.975620E+3	1.128440E-7	1.306140E+4	0.000000E+0	0.000000E+0
4.979623E+3	1.128160E-7	1.306130E+4	0.000000E+0	0.000000E+0
4.983604E+3	1.128230E-7	1.306140E+4	0.000000E+0	0.000000E+0
4.987615E+3	1.127870E-7	1.306140E+4	0.000000E+0	0.000000E+0
4.991618E+3	1.128750E-7	1.306160E+4	0.000000E+0	0.000000E+0
4.995623E+3	1.128500E-7	1.306190E+4	0.000000E+0	0.000000E+0
4.999623E+3	1.128600E-7	1.306190E+4	0.000000E+0	0.000000E+0
5.003616E+3	1.128360E-7	1.306160E+4	0.000000E+0	0.000000E+0
5.007626E+3	1.128720E-7	1.306120E+4	0.000000E+0	0.000000E+0
5.011608E+3	1.128660E-7	1.306090E+4	0.000000E+0	0.000000E+0
5.015619E+3	1.128390E-7	1.306090E+4	0.000000E+0	0.000000E+0
5.019628E+3	1.128050E-7	1.306070E+4	0.000000E+0	0.000000E+0
5.023603E+3	1.128280E-7	1.306050E+4	0.000000E+0	0.000000E+0
5.027616E+3	1.128450E-7	1.306050E+4	0.000000E+0	0.000000E+0
5.031623E+3	1.127860E-7	1.306070E+4	0.000000E+0	0.000000E+0
5.035619E+3	1.128320E-7	1.306050E+4	0.000000E+0	0.000000E+0
5.039621E+3	1.127880E-7	1.306020E+4	0.000000E+0	0.000000E+0
5.043620E+3	1.127590E-7	1.305990E+4	0.000000E+0	0.000000E+0
5.047626E+3	1.128180E-7	1.305970E+4	0.000000E+0	0.000000E+0
5.051619E+3	1.128130E-7	1.305970E+4	0.000000E+0	0.000000E+0
5.055620E+3	1.128060E-7	1.305970E+4	0.000000E+0	0.000000E+0
5.059621E+3	1.127700E-7	1.305940E+4	0.000000E+0	0.000000E+0
5.063621E+3	1.128610E-7	1.305950E+4	0.000000E+0	0.000000E+0
5.067601E+3	1.128050E-7	1.305950E+4	0.000000E+0	0.000000E+0
5.071618E+3	1.128450E-7	1.305930E+4	0.000000E+0	0.000000E+0
5.075625E+3	1.127970E-7	1.305930E+4	0.000000E+0	0.000000E+0
5.079624E+3	1.128560E-7	1.305920E+4	0.000000E+0	0.000000E+0
5.083621E+3	1.128000E-7	1.305910E+4	0.000000E+0	0.000000E+0
5.087621E+3	1.134580E-7	1.305870E+4	0.000000E+0	0.000000E+0
5.091625E+3	1.128100E-7	1.305840E+4	0.000000E+0	0.000000E+0
5.095621E+3	1.128280E-7	1.305800E+4	0.000000E+0	0.000000E+0
5.099622E+3	1.128170E-7	1.305780E+4	0.000000E+0	0.000000E+0
5.103618E+3	1.127820E-7	1.305760E+4	0.000000E+0	0.000000E+0
5.107630E+3	1.128450E-7	1.305770E+4	0.000000E+0	0.000000E+0
5.111601E+3	1.128100E-7	1.305790E+4	0.000000E+0	0.000000E+0
5.115616E+3	1.128800E-7	1.305790E+4	0.000000E+0	0.000000E+0
5.119626E+3	1.128390E-7	1.305780E+4	0.000000E+0	0.000000E+0
5.123601E+3	1.128190E-7	1.305760E+4	0.000000E+0	0.000000E+0
5.127616E+3	1.127900E-7	1.305760E+4	0.000000E+0	0.000000E+0
5.131619E+3	1.128350E-7	1.305760E+4	0.000000E+0	0.000000E+0
5.135619E+3	1.128560E-7	1.305740E+4	0.000000E+0	0.000000E+0
5.139623E+3	1.128470E-7	1.305730E+4	0.000000E+0	0.000000E+0
5.143621E+3	1.128750E-7	1.305750E+4	0.000000E+0	0.000000E+0
5.147618E+3	1.128930E-7	1.305750E+4	0.000000E+0	0.000000E+0
5.151620E+3	1.128540E-7	1.305750E+4	0.000000E+0	0.000000E+0
5.155624E+3	1.128030E-7	1.305830E+4	0.000000E+0	0.000000E+0
5.159620E+3	1.128720E-7	1.306020E+4	0.000000E+0	0.000000E+0
5.163618E+3	1.128200E-7	1.306060E+4	0.000000E+0	0.000000E+0
5.167618E+3	1.128490E-7	1.306060E+4	0.000000E+0	0.000000E+0
5.171622E+3	1.128400E-7	1.306020E+4	0.000000E+0	0.000000E+0
5.175622E+3	1.128060E-7	1.305990E+4	0.000000E+0	0.000000E+0
5.179621E+3	1.127900E-7	1.305950E+4	0.000000E+0	0.000000E+0
5.183618E+3	1.128770E-7	1.305910E+4	0.000000E+0	0.000000E+0
5.187619E+3	1.128210E-7	1.305870E+4	0.000000E+0	0.000000E+0
5.191618E+3	1.128200E-7	1.305910E+4	0.000000E+0	0.000000E+0
5.195623E+3	1.128720E-7	1.305950E+4	0.000000E+0	0.000000E+0
5.199618E+3	1.128460E-7	1.305950E+4	0.000000E+0	0.000000E+0
5.203619E+3	1.128080E-7	1.305970E+4	0.000000E+0	0.000000E+0
5.207616E+3	1.128390E-7	1.305970E+4	0.000000E+0	0.000000E+0
5.211623E+3	1.128690E-7	1.305980E+4	0.000000E+0	0.000000E+0
5.215617E+3	1.128680E-7	1.305990E+4	0.000000E+0	0.000000E+0
5.219623E+3	1.128680E-7	1.306030E+4	0.000000E+0	0.000000E+0
5.223617E+3	1.128820E-7	1.306100E+4	0.000000E+0	0.000000E+0
5.227628E+3	1.128760E-7	1.306140E+4	0.000000E+0	0.000000E+0
5.231623E+3	1.128640E-7	1.306110E+4	0.000000E+0	0.000000E+0
5.235621E+3	1.128720E-7	1.306070E+4	0.000000E+0	0.000000E+0
5.239619E+3	1.128740E-7	1.306020E+4	0.000000E+0	0.000000E+0
5.243620E+3	1.128800E-7	1.305980E+4	0.000000E+0	0.000000E+0
5.247621E+3	1.127950E-7	1.305950E+4	0.000000E+0	0.000000E+0
5.251624E+3	1.128180E-7	1.305900E+4	0.000000E+0	0.000000E+0
5.255602E+3	1.128450E-7	1.305860E+4	0.000000E+0	0.000000E+0
5.259617E+3	1.129020E-7	1.305830E+4	0.000000E+0	0.000000E+0
5.263622E+3	1.128620E-7	1.305810E+4	0.000000E+0	0.000000E+0
5.267622E+3	1.127910E-7	1.305780E+4	0.000000E+0	0.000000E+0
5.271616E+3	1.128730E-7	1.305760E+4	0.000000E+0	0.000000E+0
5.275620E+3	1.128840E-7	1.305750E+4	0.000000E+0	0.000000E+0
5.279619E+3	1.128600E-7	1.305710E+4	0.000000E+0	0.000000E+0
5.283614E+3	1.128420E-7	1.305690E+4	0.000000E+0	0.000000E+0
5.287623E+3	1.128710E-7	1.305680E+4	0.000000E+0	0.000000E+0
5.291618E+3	1.128850E-7	1.305670E+4	0.000000E+0	0.000000E+0
5.295625E+3	1.128900E-7	1.305650E+4	0.000000E+0	0.000000E+0
5.299621E+3	1.127980E-7	1.305650E+4	0.000000E+0	0.000000E+0
5.303620E+3	1.128230E-7	1.305660E+4	0.000000E+0	0.000000E+0
5.307619E+3	1.128700E-7	1.305680E+4	0.000000E+0	0.000000E+0
5.311619E+3	1.128970E-7	1.305750E+4	0.000000E+0	0.000000E+0
5.315617E+3	1.128900E-7	1.305800E+4	0.000000E+0	0.000000E+0
5.319621E+3	1.128930E-7	1.305810E+4	0.000000E+0	0.000000E+0
5.323619E+3	1.128670E-7	1.305800E+4	0.000000E+0	0.000000E+0
5.327619E+3	1.129180E-7	1.305790E+4	0.000000E+0	0.000000E+0
5.331617E+3	1.129140E-7	1.305800E+4	0.000000E+0	0.000000E+0
5.335621E+3	1.128480E-7	1.305780E+4	0.000000E+0	0.000000E+0
5.339618E+3	1.128460E-7	1.305780E+4	0.000000E+0	0.000000E+0
5.343622E+3	1.128740E-7	1.305780E+4	0.000000E+0	0.000000E+0
5.347620E+3	1.128740E-7	1.305810E+4	0.000000E+0	0.000000E+0
5.351621E+3	1.128490E-7	1.305850E+4	0.000000E+0	0.000000E+0
5.355621E+3	1.128740E-7	1.305860E+4	0.000000E+0	0.000000E+0
5.359621E+3	1.129310E-7	1.305870E+4	0.000000E+0	0.000000E+0
5.363618E+3	1.128140E-7	1.305840E+4	0.000000E+0	0.000000E+0
5.367620E+3	1.128570E-7	1.305820E+4	0.000000E+0	0.000000E+0
5.371622E+3	1.128110E-7	1.305780E+4	0.000000E+0	0.000000E+0
5.375619E+3	1.128490E-7	1.305770E+4	0.000000E+0	0.000000E+0
5.379616E+3	1.128750E-7	1.305740E+4	0.000000E+0	0.000000E+0
5.383623E+3	1.128570E-7	1.305730E+4	0.000000E+0	0.000000E+0
5.387621E+3	1.135420E-7	1.305720E+4	0.000000E+0	0.000000E+0
5.391619E+3	1.128970E-7	1.305730E+4	0.000000E+0	0.000000E+0
5.395616E+3	1.129090E-7	1.305750E+4	0.000000E+0	0.000000E+0
5.399620E+3	1.128510E-7	1.305780E+4	0.000000E+0	0.000000E+0
5.403616E+3	1.128590E-7	1.305800E+4	0.000000E+0	0.000000E+0
5.407621E+3	1.129300E-7	1.305830E+4	0.000000E+0	0.000000E+0
5.411620E+3	1.128360E-7	1.305850E+4	0.000000E+0	0.000000E+0
5.415621E+3	1.128630E-7	1.305870E+4	0.000000E+0	0.000000E+0
5.419623E+3	1.129510E-7	1.305920E+4	0.000000E+0	0.000000E+0
5.423621E+3	1.128650E-7	1.305990E+4	0.000000E+0	0.000000E+0
5.427619E+3	1.128690E-7	1.306070E+4	0.000000E+0	0.000000E+0
5.431620E+3	1.128530E-7	1.306100E+4	0.000000E+0	0.000000E+0
5.435620E+3	1.129420E-7	1.306100E+4	0.000000E+0	0.000000E+0
5.439625E+3	1.129070E-7	1.306070E+4	0.000000E+0	0.000000E+0
5.443618E+3	1.129080E-7	1.306010E+4	0.000000E+0	0.000000E+0
5.447621E+3	1.129320E-7	1.305970E+4	0.000000E+0	0.000000E+0
5.451621E+3	1.128670E-7	1.305940E+4	0.000000E+0	0.000000E+0
5.455620E+3	1.128600E-7	1.305970E+4	0.000000E+0	0.000000E+0
5.459620E+3	1.129280E-7	1.306070E+4	0.000000E+0	0.000000E+0
5.463621E+3	1.128990E-7	1.306180E+4	0.000000E+0	0.000000E+0
5.467621E+3	1.128740E-7	1.306210E+4	0.000000E+0	0.000000E+0
5.471621E+3	1.129090E-7	1.306240E+4	0.000000E+0	0.000000E+0
5.475619E+3	1.129310E-7	1.306290E+4	0.000000E+0	0.000000E+0
5.479620E+3	1.128450E-7	1.306320E+4	0.000000E+0	0.000000E+0
5.483621E+3	1.128980E-7	1.306350E+4	0.000000E+0	0.000000E+0
5.487621E+3	1.129350E-7	1.306310E+4	0.000000E+0	0.000000E+0
5.491619E+3	1.129310E-7	1.306260E+4	0.000000E+0	0.000000E+0
5.495623E+3	1.129340E-7	1.306200E+4	0.000000E+0	0.000000E+0
5.499620E+3	1.129280E-7	1.306140E+4	0.000000E+0	0.000000E+0
5.503621E+3	1.128690E-7	1.306080E+4	0.000000E+0	0.000000E+0
5.507620E+3	1.129250E-7	1.306040E+4	0.000000E+0	0.000000E+0
5.511621E+3	1.128830E-7	1.305990E+4	0.000000E+0	0.000000E+0
5.515616E+3	1.129520E-7	1.305980E+4	0.000000E+0	0.000000E+0
5.519624E+3	1.129380E-7	1.306050E+4	0.000000E+0	0.000000E+0
5.523620E+3	1.129670E-7	1.306100E+4	0.000000E+0	0.000000E+0
5.527627E+3	1.128770E-7	1.306130E+4	0.000000E+0	0.000000E+0
5.531602E+3	1.129730E-7	1.306190E+4	0.000000E+0	0.000000E+0
5.535614E+3	1.129740E-7	1.306190E+4	0.000000E+0	0.000000E+0
5.539625E+3	1.129620E-7	1.306180E+4	0.000000E+0	0.000000E+0
5.543621E+3	1.129840E-7	1.306170E+4	0.000000E+0	0.000000E+0
5.547624E+3	1.129930E-7	1.306160E+4	0.000000E+0	0.000000E+0
5.551618E+3	1.129230E-7	1.306160E+4	0.000000E+0	0.000000E+0
5.555621E+3	1.130100E-7	1.306150E+4	0.000000E+0	0.000000E+0
5.559618E+3	1.129770E-7	1.306170E+4	0.000000E+0	0.000000E+0
5.563617E+3	1.129570E-7	1.306220E+4	0.000000E+0	0.000000E+0
5.567622E+3	1.129710E-7	1.306330E+4	0.000000E+0	0.000000E+0
5.571621E+3	1.129900E-7	1.306390E+4	0.000000E+0	0.000000E+0
5.575619E+3	1.129480E-7	1.306520E+4	0.000000E+0	0.000000E+0
5.579621E+3	1.129470E-7	1.306550E+4	0.000000E+0	0.000000E+0
5.583621E+3	1.129180E-7	1.306510E+4	0.000000E+0	0.000000E+0
5.587621E+3	1.129270E-7	1.306430E+4	0.000000E+0	0.000000E+0
5.591619E+3	1.129960E-7	1.306360E+4	0.000000E+0	0.000000E+0
5.595621E+3	1.129140E-7	1.306290E+4	0.000000E+0	0.000000E+0
5.599619E+3	1.129220E-7	1.306220E+4	0.000000E+0	0.000000E+0
5.603619E+3	1.129560E-7	1.306160E+4	0.000000E+0	0.000000E+0
5.607617E+3	1.128900E-7	1.306110E+4	0.000000E+0	0.000000E+0
5.611625E+3	1.129410E-7	1.306090E+4	0.000000E+0	0.000000E+0
5.615621E+3	1.129740E-7	1.306130E+4	0.000000E+0	0.000000E+0
5.619621E+3	1.128820E-7	1.306150E+4	0.000000E+0	0.000000E+0
5.623618E+3	1.129050E-7	1.306130E+4	0.000000E+0	0.000000E+0
5.627621E+3	1.128590E-7	1.306110E+4	0.000000E+0	0.000000E+0
5.631622E+3	1.129080E-7	1.306110E+4	0.000000E+0	0.000000E+0
5.635621E+3	1.128340E-7	1.306160E+4	0.000000E+0	0.000000E+0
5.639617E+3	1.128720E-7	1.306200E+4	0.000000E+0	0.000000E+0
5.643625E+3	1.128250E-7	1.306200E+4	0.000000E+0	0.000000E+0
5.647621E+3	1.128960E-7	1.306160E+4	0.000000E+0	0.000000E+0
5.651621E+3	1.128820E-7	1.306140E+4	0.000000E+0	0.000000E+0
5.655619E+3	1.129110E-7	1.306100E+4	0.000000E+0	0.000000E+0
5.659619E+3	1.128740E-7	1.306090E+4	0.000000E+0	0.000000E+0
5.663616E+3	1.129240E-7	1.306100E+4	0.000000E+0	0.000000E+0
5.667623E+3	1.129390E-7	1.306080E+4	0.000000E+0	0.000000E+0
5.671619E+3	1.128630E-7	1.306100E+4	0.000000E+0	0.000000E+0
5.675619E+3	1.128670E-7	1.306120E+4	0.000000E+0	0.000000E+0
5.679617E+3	1.128640E-7	1.306080E+4	0.000000E+0	0.000000E+0
5.683630E+3	1.128340E-7	1.306050E+4	0.000000E+0	0.000000E+0
5.687626E+3	1.135770E-7	1.306030E+4	0.000000E+0	0.000000E+0
5.691620E+3	1.128590E-7	1.306010E+4	0.000000E+0	0.000000E+0
5.695617E+3	1.128700E-7	1.305990E+4	0.000000E+0	0.000000E+0
5.699621E+3	1.129160E-7	1.305950E+4	0.000000E+0	0.000000E+0
5.703624E+3	1.128890E-7	1.305920E+4	0.000000E+0	0.000000E+0
5.707619E+3	1.128930E-7	1.305890E+4	0.000000E+0	0.000000E+0
5.711617E+3	1.129560E-7	1.305890E+4	0.000000E+0	0.000000E+0
5.715621E+3	1.128850E-7	1.305940E+4	0.000000E+0	0.000000E+0
5.719622E+3	1.128890E-7	1.305940E+4	0.000000E+0	0.000000E+0
5.723622E+3	1.129070E-7	1.305930E+4	0.000000E+0	0.000000E+0
5.727615E+3	1.128570E-7	1.305910E+4	0.000000E+0	0.000000E+0
5.731622E+3	1.129270E-7	1.305880E+4	0.000000E+0	0.000000E+0
5.735620E+3	1.128920E-7	1.305870E+4	0.000000E+0	0.000000E+0
5.739621E+3	1.128560E-7	1.305840E+4	0.000000E+0	0.000000E+0
5.743620E+3	1.128870E-7	1.305820E+4	0.000000E+0	0.000000E+0
5.747618E+3	1.128640E-7	1.305800E+4	0.000000E+0	0.000000E+0
5.751621E+3	1.129340E-7	1.305790E+4	0.000000E+0	0.000000E+0
5.755622E+3	1.128540E-7	1.305770E+4	0.000000E+0	0.000000E+0
5.759621E+3	1.129150E-7	1.305750E+4	0.000000E+0	0.000000E+0
5.763621E+3	1.128590E-7	1.305740E+4	0.000000E+0	0.000000E+0
5.767617E+3	1.128940E-7	1.305730E+4	0.000000E+0	0.000000E+0
5.771624E+3	1.129130E-7	1.305720E+4	0.000000E+0	0.000000E+0
5.775619E+3	1.129130E-7	1.305710E+4	0.000000E+0	0.000000E+0
5.779621E+3	1.129420E-7	1.305700E+4	0.000000E+0	0.000000E+0
5.783617E+3	1.129230E-7	1.305780E+4	0.000000E+0	0.000000E+0
5.787621E+3	1.128590E-7	1.305830E+4	0.000000E+0	0.000000E+0
5.791620E+3	1.128820E-7	1.305850E+4	0.000000E+0	0.000000E+0
5.795617E+3	1.129110E-7	1.305870E+4	0.000000E+0	0.000000E+0
5.799617E+3	1.128610E-7	1.305870E+4	0.000000E+0	0.000000E+0
5.803617E+3	1.128440E-7	1.305870E+4	0.000000E+0	0.000000E+0
5.807621E+3	1.128940E-7	1.305870E+4	0.000000E+0	0.000000E+0
5.811624E+3	1.129180E-7	1.305860E+4	0.000000E+0	0.000000E+0
5.815618E+3	1.128930E-7	1.305850E+4	0.000000E+0	0.000000E+0
5.819622E+3	1.128620E-7	1.305830E+4	0.000000E+0	0.000000E+0
5.823617E+3	1.129180E-7	1.305820E+4	0.000000E+0	0.000000E+0
5.827623E+3	1.128940E-7	1.305800E+4	0.000000E+0	0.000000E+0
5.831618E+3	1.129260E-7	1.305790E+4	0.000000E+0	0.000000E+0
5.835621E+3	1.128850E-7	1.305780E+4	0.000000E+0	0.000000E+0
5.839619E+3	1.128810E-7	1.305770E+4	0.000000E+0	0.000000E+0
5.843620E+3	1.128490E-7	1.305760E+4	0.000000E+0	0.000000E+0
5.847621E+3	1.129230E-7	1.305750E+4	0.000000E+0	0.000000E+0
5.851619E+3	1.129220E-7	1.305790E+4	0.000000E+0	0.000000E+0
5.855618E+3	1.129090E-7	1.305900E+4	0.000000E+0	0.000000E+0
5.859620E+3	1.128830E-7	1.305950E+4	0.000000E+0	0.000000E+0
5.863621E+3	1.128720E-7	1.305980E+4	0.000000E+0	0.000000E+0
5.867619E+3	1.129640E-7	1.306010E+4	0.000000E+0	0.000000E+0
5.871617E+3	1.128770E-7	1.306070E+4	0.000000E+0	0.000000E+0
5.875621E+3	1.129380E-7	1.306090E+4	0.000000E+0	0.000000E+0
5.879619E+3	1.129120E-7	1.306110E+4	0.000000E+0	0.000000E+0
5.883621E+3	1.128890E-7	1.306100E+4	0.000000E+0	0.000000E+0
5.887617E+3	1.129550E-7	1.306080E+4	0.000000E+0	0.000000E+0
5.891621E+3	1.129470E-7	1.306050E+4	0.000000E+0	0.000000E+0
5.895621E+3	1.129030E-7	1.306050E+4	0.000000E+0	0.000000E+0
5.899621E+3	1.128610E-7	1.306060E+4	0.000000E+0	0.000000E+0
5.903618E+3	1.128880E-7	1.306040E+4	0.000000E+0	0.000000E+0
5.907621E+3	1.128180E-7	1.306020E+4	0.000000E+0	0.000000E+0
5.911613E+3	1.129220E-7	1.306140E+4	0.000000E+0	0.000000E+0
5.915624E+3	1.128250E-7	1.306250E+4	0.000000E+0	0.000000E+0
5.919605E+3	1.128350E-7	1.306300E+4	0.000000E+0	0.000000E+0
5.923617E+3	1.128830E-7	1.306290E+4	0.000000E+0	0.000000E+0
5.927623E+3	1.127580E-7	1.306250E+4	0.000000E+0	0.000000E+0
5.931619E+3	1.127910E-7	1.306210E+4	0.000000E+0	0.000000E+0
5.935616E+3	1.128550E-7	1.306240E+4	0.000000E+0	0.000000E+0
5.939621E+3	1.127900E-7	1.306280E+4	0.000000E+0	0.000000E+0
5.943623E+3	1.127890E-7	1.306330E+4	0.000000E+0	0.000000E+0
5.947621E+3	1.128040E-7	1.306320E+4	0.000000E+0	0.000000E+0
5.951621E+3	1.127640E-7	1.306380E+4	0.000000E+0	0.000000E+0
5.955621E+3	1.127990E-7	1.306460E+4	0.000000E+0	0.000000E+0
5.959624E+3	1.128030E-7	1.306450E+4	0.000000E+0	0.000000E+0
5.963619E+3	1.127810E-7	1.306400E+4	0.000000E+0	0.000000E+0
5.967621E+3	1.128570E-7	1.306350E+4	0.000000E+0	0.000000E+0
5.971620E+3	1.128340E-7	1.306310E+4	0.000000E+0	0.000000E+0
5.975621E+3	1.127780E-7	1.306250E+4	0.000000E+0	0.000000E+0
5.979627E+3	1.128090E-7	1.306210E+4	0.000000E+0	0.000000E+0
5.983599E+3	1.128140E-7	1.306170E+4	0.000000E+0	0.000000E+0
5.987627E+3	1.133590E-7	1.306170E+4	0.000000E+0	0.000000E+0
5.991618E+3	1.127980E-7	1.306180E+4	0.000000E+0	0.000000E+0
5.995621E+3	1.128490E-7	1.306190E+4	0.000000E+0	0.000000E+0
5.999618E+3	1.128590E-7	1.306230E+4	0.000000E+0	0.000000E+0
6.003620E+3	1.128320E-7	1.306220E+4	0.000000E+0	0.000000E+0
6.007620E+3	1.128330E-7	1.306180E+4	0.000000E+0	0.000000E+0
6.011626E+3	1.128480E-7	1.306140E+4	0.000000E+0	0.000000E+0
6.015621E+3	1.127680E-7	1.306130E+4	0.000000E+0	0.000000E+0
6.019620E+3	1.128130E-7	1.306100E+4	0.000000E+0	0.000000E+0
6.023618E+3	1.128030E-7	1.306090E+4	0.000000E+0	0.000000E+0
6.027631E+3	1.127670E-7	1.306080E+4	0.000000E+0	0.000000E+0
6.031618E+3	1.127730E-7	1.306050E+4	0.000000E+0	0.000000E+0
6.035621E+3	1.128230E-7	1.306060E+4	0.000000E+0	0.000000E+0
6.039619E+3	1.128370E-7	1.306110E+4	0.000000E+0	0.000000E+0
6.043623E+3	1.128430E-7	1.306120E+4	0.000000E+0	0.000000E+0
6.047618E+3	1.127930E-7	1.306140E+4	0.000000E+0	0.000000E+0
6.051623E+3	1.128030E-7	1.306140E+4	0.000000E+0	0.000000E+0
6.055616E+3	1.127510E-7	1.306130E+4	0.000000E+0	0.000000E+0
6.059618E+3	1.128500E-7	1.306140E+4	0.000000E+0	0.000000E+0
6.063614E+3	1.127500E-7	1.306190E+4	0.000000E+0	0.000000E+0
6.067620E+3	1.128530E-7	1.306190E+4	0.000000E+0	0.000000E+0
6.071611E+3	1.127840E-7	1.306160E+4	0.000000E+0	0.000000E+0
6.075622E+3	1.128250E-7	1.306130E+4	0.000000E+0	0.000000E+0
6.079621E+3	1.127960E-7	1.306100E+4	0.000000E+0	0.000000E+0
6.083620E+3	1.128440E-7	1.306070E+4	0.000000E+0	0.000000E+0
6.087617E+3	1.128470E-7	1.306150E+4	0.000000E+0	0.000000E+0
6.091625E+3	1.128170E-7	1.306190E+4	0.000000E+0	0.000000E+0
6.095624E+3	1.128460E-7	1.306190E+4	0.000000E+0	0.000000E+0
6.099622E+3	1.128820E-7	1.306150E+4	0.000000E+0	0.000000E+0
6.103620E+3	1.127950E-7	1.306130E+4	0.000000E+0	0.000000E+0
6.107622E+3	1.127880E-7	1.306150E+4	0.000000E+0	0.000000E+0
6.111620E+3	1.128070E-7	1.306150E+4	0.000000E+0	0.000000E+0
6.115620E+3	1.127940E-7	1.306140E+4	0.000000E+0	0.000000E+0
6.119615E+3	1.127920E-7	1.306110E+4	0.000000E+0	0.000000E+0
6.123622E+3	1.128040E-7	1.306100E+4	0.000000E+0	0.000000E+0
6.127619E+3	1.128500E-7	1.306080E+4	0.000000E+0	0.000000E+0
6.131619E+3	1.128710E-7	1.306040E+4	0.000000E+0	0.000000E+0
6.135616E+3	1.127510E-7	1.306040E+4	0.000000E+0	0.000000E+0
6.139619E+3	1.128150E-7	1.306070E+4	0.000000E+0	0.000000E+0
6.143619E+3	1.128190E-7	1.306120E+4	0.000000E+0	0.000000E+0
6.147619E+3	1.127370E-7	1.306140E+4	0.000000E+0	0.000000E+0
6.151616E+3	1.128480E-7	1.306130E+4	0.000000E+0	0.000000E+0
6.155621E+3	1.127730E-7	1.306160E+4	0.000000E+0	0.000000E+0
6.159617E+3	1.127600E-7	1.306190E+4	0.000000E+0	0.000000E+0
6.163616E+3	1.129380E-7	1.306170E+4	0.000000E+0	0.000000E+0
6.167614E+3	1.128240E-7	1.306150E+4	0.000000E+0	0.000000E+0
6.171625E+3	1.128310E-7	1.306120E+4	0.000000E+0	0.000000E+0
6.175619E+3	1.128230E-7	1.306120E+4	0.000000E+0	0.000000E+0
6.179618E+3	1.127910E-7	1.306110E+4	0.000000E+0	0.000000E+0
6.183615E+3	1.128520E-7	1.306070E+4	0.000000E+0	0.000000E+0
6.187622E+3	1.129060E-7	1.306040E+4	0.000000E+0	0.000000E+0
6.191620E+3	1.127710E-7	1.306030E+4	0.000000E+0	0.000000E+0
6.195620E+3	1.128120E-7	1.306060E+4	0.000000E+0	0.000000E+0
6.199620E+3	1.128630E-7	1.306090E+4	0.000000E+0	0.000000E+0
6.203627E+3	1.128840E-7	1.306080E+4	0.000000E+0	0.000000E+0
6.207616E+3	1.128580E-7	1.306090E+4	0.000000E+0	0.000000E+0
6.211619E+3	1.128000E-7	1.306120E+4	0.000000E+0	0.000000E+0
6.215618E+3	1.127910E-7	1.306110E+4	0.000000E+0	0.000000E+0
6.219621E+3	1.128460E-7	1.306100E+4	0.000000E+0	0.000000E+0
6.223616E+3	1.129490E-7	1.306060E+4	0.000000E+0	0.000000E+0
6.227621E+3	1.128520E-7	1.306020E+4	0.000000E+0	0.000000E+0
6.231616E+3	1.128700E-7	1.305990E+4	0.000000E+0	0.000000E+0
6.235625E+3	1.128380E-7	1.305960E+4	0.000000E+0	0.000000E+0
6.239619E+3	1.129380E-7	1.305970E+4	0.000000E+0	0.000000E+0
6.243619E+3	1.128460E-7	1.305980E+4	0.000000E+0	0.000000E+0
6.247617E+3	1.128170E-7	1.305970E+4	0.000000E+0	0.000000E+0
6.251620E+3	1.129110E-7	1.305960E+4	0.000000E+0	0.000000E+0
6.255617E+3	1.128960E-7	1.305910E+4	0.000000E+0	0.000000E+0
6.259617E+3	1.128880E-7	1.305930E+4	0.000000E+0	0.000000E+0
6.263615E+3	1.127830E-7	1.305920E+4	0.000000E+0	0.000000E+0
6.267622E+3	1.127740E-7	1.305910E+4	0.000000E+0	0.000000E+0
6.271614E+3	1.128030E-7	1.305910E+4	0.000000E+0	0.000000E+0
6.275618E+3	1.127790E-7	1.305890E+4	0.000000E+0	0.000000E+0
6.279617E+3	1.128530E-7	1.305870E+4	0.000000E+0	0.000000E+0
6.283620E+3	1.128080E-7	1.305860E+4	0.000000E+0	0.000000E+0
6.287620E+3	1.135100E-7	1.305860E+4	0.000000E+0	0.000000E+0
6.291620E+3	1.128430E-7	1.305860E+4	0.000000E+0	0.000000E+0
6.295618E+3	1.128440E-7	1.305850E+4	0.000000E+0	0.000000E+0
6.299620E+3	1.128480E-7	1.305830E+4	0.000000E+0	0.000000E+0
6.303618E+3	1.127850E-7	1.305800E+4	0.000000E+0	0.000000E+0
6.307616E+3	1.128060E-7	1.305790E+4	0.000000E+0	0.000000E+0
6.311616E+3	1.129440E-7	1.305780E+4	0.000000E+0	0.000000E+0
6.315623E+3	1.129120E-7	1.305750E+4	0.000000E+0	0.000000E+0
6.319621E+3	1.128770E-7	1.305750E+4	0.000000E+0	0.000000E+0
6.323618E+3	1.128100E-7	1.305730E+4	0.000000E+0	0.000000E+0
6.327614E+3	1.128060E-7	1.305710E+4	0.000000E+0	0.000000E+0
6.331624E+3	1.128470E-7	1.305700E+4	0.000000E+0	0.000000E+0
6.335616E+3	1.129110E-7	1.305680E+4	0.000000E+0	0.000000E+0
6.339621E+3	1.127810E-7	1.305670E+4	0.000000E+0	0.000000E+0
6.343617E+3	1.128460E-7	1.305690E+4	0.000000E+0	0.000000E+0
6.347621E+3	1.128060E-7	1.305680E+4	0.000000E+0	0.000000E+0
6.351620E+3	1.129070E-7	1.305690E+4	0.000000E+0	0.000000E+0
6.355621E+3	1.128360E-7	1.305680E+4	0.000000E+0	0.000000E+0
6.359619E+3	1.130480E-7	1.305690E+4	0.000000E+0	0.000000E+0
6.363615E+3	1.128310E-7	1.305680E+4	0.000000E+0	0.000000E+0
6.367620E+3	1.128390E-7	1.305690E+4	0.000000E+0	0.000000E+0
6.371615E+3	1.129650E-7	1.305680E+4	0.000000E+0	0.000000E+0
6.375610E+3	1.128060E-7	1.305670E+4	0.000000E+0	0.000000E+0
6.379622E+3	1.129960E-7	1.305680E+4	0.000000E+0	0.000000E+0
6.383624E+3	1.127710E-7	1.305690E+4	0.000000E+0	0.000000E+0
6.387622E+3	1.130430E-7	1.305720E+4	0.000000E+0	0.000000E+0
6.391615E+3	1.128210E-7	1.305730E+4	0.000000E+0	0.000000E+0
6.395616E+3	1.128370E-7	1.305730E+4	0.000000E+0	0.000000E+0
6.399616E+3	1.130310E-7	1.305720E+4	0.000000E+0	0.000000E+0
6.403618E+3	1.127730E-7	1.305710E+4	0.000000E+0	0.000000E+0
6.407616E+3	1.128570E-7	1.305700E+4	0.000000E+0	0.000000E+0
6.411623E+3	1.128840E-7	1.305680E+4	0.000000E+0	0.000000E+0
6.415616E+3	1.128920E-7	1.305680E+4	0.000000E+0	0.000000E+0
6.419621E+3	1.128960E-7	1.305660E+4	0.000000E+0	0.000000E+0
6.423619E+3	1.129200E-7	1.305640E+4	0.000000E+0	0.000000E+0
6.427623E+3	1.128070E-7	1.305620E+4	0.000000E+0	0.000000E+0
6.431617E+3	1.128080E-7	1.305610E+4	0.000000E+0	0.000000E+0
6.435622E+3	1.128670E-7	1.305640E+4	0.000000E+0	0.000000E+0
6.439621E+3	1.128720E-7	1.305650E+4	0.000000E+0	0.000000E+0
6.443620E+3	1.129090E-7	1.305690E+4	0.000000E+0	0.000000E+0
6.447617E+3	1.128620E-7	1.305670E+4	0.000000E+0	0.000000E+0
6.451616E+3	1.134660E-7	1.305660E+4	0.000000E+0	0.000000E+0
6.455619E+3	1.130330E-7	1.305660E+4	0.000000E+0	0.000000E+0
6.459622E+3	1.128460E-7	1.305690E+4	0.000000E+0	0.000000E+0
6.463621E+3	1.128330E-7	1.305680E+4	0.000000E+0	0.000000E+0
6.467621E+3	1.127660E-7	1.305660E+4	0.000000E+0	0.000000E+0
6.471621E+3	1.127520E-7	1.305630E+4	0.000000E+0	0.000000E+0
6.475624E+3	1.128720E-7	1.305600E+4	0.000000E+0	0.000000E+0
6.479618E+3	1.128430E-7	1.305580E+4	0.000000E+0	0.000000E+0
6.483621E+3	1.129110E-7	1.305550E+4	0.000000E+0	0.000000E+0
6.487621E+3	1.128480E-7	1.305520E+4	0.000000E+0	0.000000E+0
6.491621E+3	1.128140E-7	1.305450E+4	0.000000E+0	0.000000E+0
6.495618E+3	1.127600E-7	1.305430E+4	0.000000E+0	0.000000E+0
6.499626E+3	1.127610E-7	1.305410E+4	0.000000E+0	0.000000E+0
6.503616E+3	1.128370E-7	1.305400E+4	0.000000E+0	0.000000E+0
6.507621E+3	1.128760E-7	1.305390E+4	0.000000E+0	0.000000E+0
6.511616E+3	1.128180E-7	1.305360E+4	0.000000E+0	0.000000E+0
6.515625E+3	1.128480E-7	1.305330E+4	0.000000E+0	0.000000E+0
6.519617E+3	1.128670E-7	1.305310E+4	0.000000E+0	0.000000E+0
6.523621E+3	1.127760E-7	1.305280E+4	0.000000E+0	0.000000E+0
6.527617E+3	1.128680E-7	1.305260E+4	0.000000E+0	0.000000E+0
6.531624E+3	1.127990E-7	1.305260E+4	0.000000E+0	0.000000E+0
6.535621E+3	1.127900E-7	1.305230E+4	0.000000E+0	0.000000E+0
6.539620E+3	1.132350E-7	1.305200E+4	0.000000E+0	0.000000E+0
6.543615E+3	1.129340E-7	1.305210E+4	0.000000E+0	0.000000E+0
6.547628E+3	1.128900E-7	1.305200E+4	0.000000E+0	0.000000E+0
6.551618E+3	1.129670E-7	1.305170E+4	0.000000E+0	0.000000E+0
6.555618E+3	1.129690E-7	1.305150E+4	0.000000E+0	0.000000E+0
6.559617E+3	1.129000E-7	1.305140E+4	0.000000E+0	0.000000E+0
6.563625E+3	1.128130E-7	1.305100E+4	0.000000E+0	0.000000E+0
6.567621E+3	1.128860E-7	1.305050E+4	0.000000E+0	0.000000E+0
6.571620E+3	1.128100E-7	1.305030E+4	0.000000E+0	0.000000E+0
6.575616E+3	1.128400E-7	1.305020E+4	0.000000E+0	0.000000E+0
6.579631E+3	1.128920E-7	1.305030E+4	0.000000E+0	0.000000E+0
6.583620E+3	1.128400E-7	1.305060E+4	0.000000E+0	0.000000E+0
6.587621E+3	1.133390E-7	1.305040E+4	0.000000E+0	0.000000E+0
6.591616E+3	1.125430E-7	1.305030E+4	0.000000E+0	0.000000E+0
6.595619E+3	1.126590E-7	1.305010E+4	0.000000E+0	0.000000E+0
6.599621E+3	1.126110E-7	1.305000E+4	0.000000E+0	0.000000E+0
6.603621E+3	1.126380E-7	1.304990E+4	0.000000E+0	0.000000E+0
6.607619E+3	1.126190E-7	1.304970E+4	0.000000E+0	0.000000E+0
6.611624E+3	1.125830E-7	1.304960E+4	0.000000E+0	0.000000E+0
6.615621E+3	1.126050E-7	1.304960E+4	0.000000E+0	0.000000E+0
6.619623E+3	1.126580E-7	1.304960E+4	0.000000E+0	0.000000E+0
6.623617E+3	1.126650E-7	1.304970E+4	0.000000E+0	0.000000E+0
6.627622E+3	1.126130E-7	1.304960E+4	0.000000E+0	0.000000E+0
6.631620E+3	1.126260E-7	1.304940E+4	0.000000E+0	0.000000E+0
6.635621E+3	1.127140E-7	1.304910E+4	0.000000E+0	0.000000E+0
6.639617E+3	1.126050E-7	1.304900E+4	0.000000E+0	0.000000E+0
6.643625E+3	1.125950E-7	1.304870E+4	0.000000E+0	0.000000E+0
6.647618E+3	1.126640E-7	1.304840E+4	0.000000E+0	0.000000E+0
6.651617E+3	1.126480E-7	1.304830E+4	0.000000E+0	0.000000E+0
6.655614E+3	1.128730E-7	1.304810E+4	0.000000E+0	0.000000E+0
6.659624E+3	1.126430E-7	1.304800E+4	0.000000E+0	0.000000E+0
6.663612E+3	1.126240E-7	1.304770E+4	0.000000E+0	0.000000E+0
6.667623E+3	1.128140E-7	1.304740E+4	0.000000E+0	0.000000E+0
6.671617E+3	1.126320E-7	1.304720E+4	0.000000E+0	0.000000E+0
6.675626E+3	1.126920E-7	1.304720E+4	0.000000E+0	0.000000E+0
6.679615E+3	1.126390E-7	1.304710E+4	0.000000E+0	0.000000E+0
6.683623E+3	1.126440E-7	1.304720E+4	0.000000E+0	0.000000E+0
6.687616E+3	1.126190E-7	1.304720E+4	0.000000E+0	0.000000E+0
6.691621E+3	1.128490E-7	1.304700E+4	0.000000E+0	0.000000E+0
6.695618E+3	1.125820E-7	1.304690E+4	0.000000E+0	0.000000E+0
6.699625E+3	1.125850E-7	1.304680E+4	0.000000E+0	0.000000E+0
6.703618E+3	1.125820E-7	1.304680E+4	0.000000E+0	0.000000E+0
6.707630E+3	1.125690E-7	1.304640E+4	0.000000E+0	0.000000E+0
6.711617E+3	1.125720E-7	1.304620E+4	0.000000E+0	0.000000E+0
6.715617E+3	1.125500E-7	1.304600E+4	0.000000E+0	0.000000E+0
6.719616E+3	1.125980E-7	1.304610E+4	0.000000E+0	0.000000E+0
6.723624E+3	1.125910E-7	1.304630E+4	0.000000E+0	0.000000E+0
6.727621E+3	1.126290E-7	1.304640E+4	0.000000E+0	0.000000E+0
6.731627E+3	1.126580E-7	1.304640E+4	0.000000E+0	0.000000E+0
6.735619E+3	1.126400E-7	1.304650E+4	0.000000E+0	0.000000E+0
6.739622E+3	1.126250E-7	1.304650E+4	0.000000E+0	0.000000E+0
6.743621E+3	1.127370E-7	1.304640E+4	0.000000E+0	0.000000E+0
6.747621E+3	1.127300E-7	1.304620E+4	0.000000E+0	0.000000E+0
6.751618E+3	1.126890E-7	1.304600E+4	0.000000E+0	0.000000E+0
6.755621E+3	1.128880E-7	1.304570E+4	0.000000E+0	0.000000E+0
6.759622E+3	1.126250E-7	1.304550E+4	0.000000E+0	0.000000E+0
6.763622E+3	1.126890E-7	1.304510E+4	0.000000E+0	0.000000E+0
6.767620E+3	1.126570E-7	1.304500E+4	0.000000E+0	0.000000E+0
6.771622E+3	1.127420E-7	1.304470E+4	0.000000E+0	0.000000E+0
6.775622E+3	1.127110E-7	1.304440E+4	0.000000E+0	0.000000E+0
6.779621E+3	1.126460E-7	1.304440E+4	0.000000E+0	0.000000E+0
6.783619E+3	1.126710E-7	1.304520E+4	0.000000E+0	0.000000E+0
6.787628E+3	1.126690E-7	1.304540E+4	0.000000E+0	0.000000E+0
6.791619E+3	1.126410E-7	1.304540E+4	0.000000E+0	0.000000E+0
6.795626E+3	1.127130E-7	1.304540E+4	0.000000E+0	0.000000E+0
6.799617E+3	1.126900E-7	1.304540E+4	0.000000E+0	0.000000E+0
6.803624E+3	1.126770E-7	1.304530E+4	0.000000E+0	0.000000E+0
6.807623E+3	1.126150E-7	1.304520E+4	0.000000E+0	0.000000E+0
6.811621E+3	1.126620E-7	1.304490E+4	0.000000E+0	0.000000E+0
6.815619E+3	1.125600E-7	1.304440E+4	0.000000E+0	0.000000E+0
6.819627E+3	1.125910E-7	1.304420E+4	0.000000E+0	0.000000E+0
6.823621E+3	1.125930E-7	1.304380E+4	0.000000E+0	0.000000E+0
6.827621E+3	1.126460E-7	1.304350E+4	0.000000E+0	0.000000E+0
6.831619E+3	1.126240E-7	1.304340E+4	0.000000E+0	0.000000E+0
6.835627E+3	1.127140E-7	1.304380E+4	0.000000E+0	0.000000E+0
6.839617E+3	1.127060E-7	1.304430E+4	0.000000E+0	0.000000E+0
6.843625E+3	1.126430E-7	1.304430E+4	0.000000E+0	0.000000E+0
6.847618E+3	1.126760E-7	1.304430E+4	0.000000E+0	0.000000E+0
6.851627E+3	1.125960E-7	1.304400E+4	0.000000E+0	0.000000E+0
6.855621E+3	1.126700E-7	1.304360E+4	0.000000E+0	0.000000E+0
6.859627E+3	1.126630E-7	1.304330E+4	0.000000E+0	0.000000E+0
6.863618E+3	1.125930E-7	1.304300E+4	0.000000E+0	0.000000E+0
6.867625E+3	1.126330E-7	1.304280E+4	0.000000E+0	0.000000E+0
6.871621E+3	1.126450E-7	1.304280E+4	0.000000E+0	0.000000E+0
6.875621E+3	1.126110E-7	1.304290E+4	0.000000E+0	0.000000E+0
6.879625E+3	1.127880E-7	1.304300E+4	0.000000E+0	0.000000E+0
6.883625E+3	1.126100E-7	1.304290E+4	0.000000E+0	0.000000E+0
6.887625E+3	1.131580E-7	1.304280E+4	0.000000E+0	0.000000E+0
6.891623E+3	1.125340E-7	1.304260E+4	0.000000E+0	0.000000E+0
6.895619E+3	1.126000E-7	1.304250E+4	0.000000E+0	0.000000E+0
6.899621E+3	1.126820E-7	1.304240E+4	0.000000E+0	0.000000E+0
6.903621E+3	1.127880E-7	1.304220E+4	0.000000E+0	0.000000E+0
6.907623E+3	1.125810E-7	1.304210E+4	0.000000E+0	0.000000E+0
6.911617E+3	1.127380E-7	1.304210E+4	0.000000E+0	0.000000E+0
6.915630E+3	1.127060E-7	1.304200E+4	0.000000E+0	0.000000E+0
6.919617E+3	1.125780E-7	1.304190E+4	0.000000E+0	0.000000E+0
6.923617E+3	1.126380E-7	1.304150E+4	0.000000E+0	0.000000E+0
6.927614E+3	1.125920E-7	1.304140E+4	0.000000E+0	0.000000E+0
6.931622E+3	1.127000E-7	1.304100E+4	0.000000E+0	0.000000E+0
6.935622E+3	1.125950E-7	1.304070E+4	0.000000E+0	0.000000E+0
6.939622E+3	1.126320E-7	1.304070E+4	0.000000E+0	0.000000E+0
6.943618E+3	1.126950E-7	1.304080E+4	0.000000E+0	0.000000E+0
6.947627E+3	1.126330E-7	1.304100E+4	0.000000E+0	0.000000E+0
6.951625E+3	1.126600E-7	1.304110E+4	0.000000E+0	0.000000E+0
6.955623E+3	1.126310E-7	1.304100E+4	0.000000E+0	0.000000E+0
6.959618E+3	1.125820E-7	1.304090E+4	0.000000E+0	0.000000E+0
6.963623E+3	1.126600E-7	1.304070E+4	0.000000E+0	0.000000E+0
6.967621E+3	1.126640E-7	1.304080E+4	0.000000E+0	0.000000E+0
6.971621E+3	1.126350E-7	1.304110E+4	0.000000E+0	0.000000E+0
6.975616E+3	1.125730E-7	1.304200E+4	0.000000E+0	0.000000E+0
6.979620E+3	1.125980E-7	1.304220E+4	0.000000E+0	0.000000E+0
6.983619E+3	1.126200E-7	1.304220E+4	0.000000E+0	0.000000E+0
6.987624E+3	1.126280E-7	1.304200E+4	0.000000E+0	0.000000E+0
6.991617E+3	1.126520E-7	1.304180E+4	0.000000E+0	0.000000E+0
6.995626E+3	1.125530E-7	1.304150E+4	0.000000E+0	0.000000E+0
6.999620E+3	1.126010E-7	1.304130E+4	0.000000E+0	0.000000E+0
7.003619E+3	1.127100E-7	1.304120E+4	0.000000E+0	0.000000E+0
7.007617E+3	1.126170E-7	1.304100E+4	0.000000E+0	0.000000E+0
7.011624E+3	1.126160E-7	1.304080E+4	0.000000E+0	0.000000E+0
7.015621E+3	1.127290E-7	1.304070E+4	0.000000E+0	0.000000E+0
7.019621E+3	1.127440E-7	1.304040E+4	0.000000E+0	0.000000E+0
7.023618E+3	1.127790E-7	1.304020E+4	0.000000E+0	0.000000E+0
7.027621E+3	1.127450E-7	1.304010E+4	0.000000E+0	0.000000E+0
7.031622E+3	1.127100E-7	1.304000E+4	0.000000E+0	0.000000E+0
7.035621E+3	1.128020E-7	1.304040E+4	0.000000E+0	0.000000E+0
7.039618E+3	1.126960E-7	1.304140E+4	0.000000E+0	0.000000E+0
7.043621E+3	1.131080E-7	1.304180E+4	0.000000E+0	0.000000E+0
7.047620E+3	1.130060E-7	1.304210E+4	0.000000E+0	0.000000E+0
7.051623E+3	1.131090E-7	1.304210E+4	0.000000E+0	0.000000E+0
7.055618E+3	1.136930E-7	1.304190E+4	0.000000E+0	0.000000E+0
7.059627E+3	1.132180E-7	1.304160E+4	0.000000E+0	0.000000E+0
7.063622E+3	1.132560E-7	1.304100E+4	0.000000E+0	0.000000E+0
7.067622E+3	1.133070E-7	1.304040E+4	0.000000E+0	0.000000E+0
7.071618E+3	1.133120E-7	1.304000E+4	0.000000E+0	0.000000E+0
7.075625E+3	1.131970E-7	1.303950E+4	0.000000E+0	0.000000E+0
7.079623E+3	1.132570E-7	1.303910E+4	0.000000E+0	0.000000E+0
7.083621E+3	1.131870E-7	1.303870E+4	0.000000E+0	0.000000E+0
7.087621E+3	1.132610E-7	1.303840E+4	0.000000E+0	0.000000E+0
7.091630E+3	1.131880E-7	1.303800E+4	0.000000E+0	0.000000E+0
7.095619E+3	1.132010E-7	1.303780E+4	0.000000E+0	0.000000E+0
7.099623E+3	1.134080E-7	1.303750E+4	0.000000E+0	0.000000E+0
7.103620E+3	1.132540E-7	1.303730E+4	0.000000E+0	0.000000E+0
7.107624E+3	1.131660E-7	1.303700E+4	0.000000E+0	0.000000E+0
7.111619E+3	1.133230E-7	1.303660E+4	0.000000E+0	0.000000E+0
7.115626E+3	1.133230E-7	1.303640E+4	0.000000E+0	0.000000E+0
7.119618E+3	1.132830E-7	1.303630E+4	0.000000E+0	0.000000E+0
7.123631E+3	1.136970E-7	1.303600E+4	0.000000E+0	0.000000E+0
7.127618E+3	1.132180E-7	1.303570E+4	0.000000E+0	0.000000E+0
7.132854E+3	1.136320E-7	1.303530E+4	0.000000E+0	0.000000E+0
7.136608E+3	1.132460E-7	1.303510E+4	0.000000E+0	0.000000E+0
7.140623E+3	1.132750E-7	1.303490E+4	0.000000E+0	0.000000E+0
7.144621E+3	1.133360E-7	1.303450E+4	0.000000E+0	0.000000E+0
7.148620E+3	1.132950E-7	1.303430E+4	0.000000E+0	0.000000E+0
7.152623E+3	1.133140E-7	1.303410E+4	0.000000E+0	0.000000E+0
7.156618E+3	1.132820E-7	1.303390E+4	0.000000E+0	0.000000E+0
7.160623E+3	1.132530E-7	1.303370E+4	0.000000E+0	0.000000E+0
7.164621E+3	1.132760E-7	1.303360E+4	0.000000E+0	0.000000E+0
7.168623E+3	1.132920E-7	1.303330E+4	0.000000E+0	0.000000E+0
7.172616E+3	1.138400E-7	1.303310E+4	0.000000E+0	0.000000E+0
7.176729E+3	1.133270E-7	1.303270E+4	0.000000E+0	0.000000E+0
7.180619E+3	1.132440E-7	1.303230E+4	0.000000E+0	0.000000E+0
7.184623E+3	1.138660E-7	1.303210E+4	0.000000E+0	0.000000E+0
7.188619E+3	1.135400E-7	1.303190E+4	0.000000E+0	0.000000E+0
7.192622E+3	1.134330E-7	1.303170E+4	0.000000E+0	0.000000E+0
7.196619E+3	1.133120E-7	1.303160E+4	0.000000E+0	0.000000E+0
7.200621E+3	1.136990E-7	1.303150E+4	0.000000E+0	0.000000E+0
7.204621E+3	1.136950E-7	1.303140E+4	0.000000E+0	0.000000E+0
7.208620E+3	1.131440E-7	1.303110E+4	0.000000E+0	0.000000E+0
7.212621E+3	1.131120E-7	1.303090E+4	0.000000E+0	0.000000E+0
