
Medición hecha el 2026-08-21  08:47 p.m.

Medición de corriente y tensión en el tiempo con posibilidad de inyectar corriente.
Tiempo	Corriente	Tensión
2.478000E+0	9.980300E-6	1.315300E+4	0.000000E+0	0.000000E+0
5.269000E+0	9.980200E-6	1.315260E+4	0.000000E+0	0.000000E+0
8.254000E+0	9.980700E-6	1.315250E+4	0.000000E+0	0.000000E+0
1.125400E+1	9.980100E-6	1.315250E+4	0.000000E+0	0.000000E+0
1.425900E+1	9.980000E-6	1.315290E+4	0.000000E+0	0.000000E+0
1.726300E+1	9.979800E-6	1.315270E+4	0.000000E+0	0.000000E+0
2.026500E+1	9.979400E-6	1.315260E+4	0.000000E+0	0.000000E+0
2.326500E+1	9.979700E-6	1.315230E+4	0.000000E+0	0.000000E+0
2.626700E+1	9.979700E-6	1.315200E+4	0.000000E+0	0.000000E+0
2.926400E+1	9.979700E-6	1.315160E+4	0.000000E+0	0.000000E+0
3.226500E+1	9.979300E-6	1.315140E+4	0.000000E+0	0.000000E+0
3.526900E+1	9.978700E-6	1.315140E+4	0.000000E+0	0.000000E+0
3.826900E+1	9.978700E-6	1.315120E+4	0.000000E+0	0.000000E+0
4.126700E+1	9.979200E-6	1.315100E+4	0.000000E+0	0.000000E+0
4.426300E+1	9.979000E-6	1.315080E+4	0.000000E+0	0.000000E+0
4.726700E+1	9.978700E-6	1.315060E+4	0.000000E+0	0.000000E+0
5.026500E+1	9.978600E-6	1.315050E+4	0.000000E+0	0.000000E+0
5.326900E+1	9.978800E-6	1.315030E+4	0.000000E+0	0.000000E+0
5.627100E+1	9.979000E-6	1.315000E+4	0.000000E+0	0.000000E+0
5.926600E+1	9.978500E-6	1.314980E+4	0.000000E+0	0.000000E+0
6.226200E+1	9.979000E-6	1.314950E+4	0.000000E+0	0.000000E+0
6.525800E+1	9.978400E-6	1.314950E+4	0.000000E+0	0.000000E+0
6.826600E+1	9.977600E-6	1.314930E+4	0.000000E+0	0.000000E+0
7.126400E+1	9.977600E-6	1.314910E+4	0.000000E+0	0.000000E+0
7.425600E+1	9.977000E-6	1.314920E+4	0.000000E+0	0.000000E+0
7.726800E+1	9.978100E-6	1.314900E+4	0.000000E+0	0.000000E+0
8.025600E+1	9.977600E-6	1.314880E+4	0.000000E+0	0.000000E+0
8.326800E+1	9.977000E-6	1.314860E+4	0.000000E+0	0.000000E+0
8.626700E+1	9.976200E-6	1.314850E+4	0.000000E+0	0.000000E+0
8.926600E+1	9.976900E-6	1.314820E+4	0.000000E+0	0.000000E+0
9.226400E+1	9.976700E-6	1.314800E+4	0.000000E+0	0.000000E+0
9.526000E+1	9.977300E-6	1.314780E+4	0.000000E+0	0.000000E+0
9.825300E+1	9.976400E-6	1.314820E+4	0.000000E+0	0.000000E+0
1.012530E+2	9.976700E-6	1.314840E+4	0.000000E+0	0.000000E+0
1.042540E+2	9.976400E-6	1.314880E+4	0.000000E+0	0.000000E+0
1.072490E+2	9.976400E-6	1.314890E+4	0.000000E+0	0.000000E+0
1.102480E+2	9.976300E-6	1.314920E+4	0.000000E+0	0.000000E+0
1.132440E+2	9.975600E-6	1.314920E+4	0.000000E+0	0.000000E+0
1.162480E+2	9.976600E-6	1.314910E+4	0.000000E+0	0.000000E+0
1.192460E+2	9.975800E-6	1.314930E+4	0.000000E+0	0.000000E+0
1.222510E+2	9.974900E-6	1.314910E+4	0.000000E+0	0.000000E+0
1.252440E+2	9.974500E-6	1.314870E+4	0.000000E+0	0.000000E+0
1.282460E+2	9.975700E-6	1.314840E+4	0.000000E+0	0.000000E+0
1.312460E+2	9.975800E-6	1.314870E+4	0.000000E+0	0.000000E+0
1.342500E+2	9.975900E-6	1.314850E+4	0.000000E+0	0.000000E+0
1.372490E+2	9.975000E-6	1.314830E+4	0.000000E+0	0.000000E+0
1.402440E+2	9.974300E-6	1.314800E+4	0.000000E+0	0.000000E+0
1.432500E+2	9.974800E-6	1.314770E+4	0.000000E+0	0.000000E+0
1.462490E+2	9.975600E-6	1.314750E+4	0.000000E+0	0.000000E+0
1.492440E+2	9.974500E-6	1.314730E+4	0.000000E+0	0.000000E+0
1.522490E+2	9.975700E-6	1.314710E+4	0.000000E+0	0.000000E+0
1.552470E+2	9.975700E-6	1.314690E+4	0.000000E+0	0.000000E+0
1.582630E+2	9.974300E-6	1.314670E+4	0.000000E+0	0.000000E+0
1.612650E+2	9.974000E-6	1.314650E+4	0.000000E+0	0.000000E+0
1.642520E+2	9.973300E-6	1.314640E+4	0.000000E+0	0.000000E+0
1.672600E+2	9.973300E-6	1.314610E+4	0.000000E+0	0.000000E+0
1.702620E+2	9.974200E-6	1.314590E+4	0.000000E+0	0.000000E+0
1.732650E+2	9.973500E-6	1.314570E+4	0.000000E+0	0.000000E+0
1.762590E+2	9.974200E-6	1.314550E+4	0.000000E+0	0.000000E+0
1.792630E+2	9.973500E-6	1.314530E+4	0.000000E+0	0.000000E+0
1.822660E+2	9.973300E-6	1.314540E+4	0.000000E+0	0.000000E+0
1.852680E+2	9.974000E-6	1.314520E+4	0.000000E+0	0.000000E+0
1.882610E+2	9.973400E-6	1.314510E+4	0.000000E+0	0.000000E+0
1.912580E+2	9.973100E-6	1.314490E+4	0.000000E+0	0.000000E+0
1.942510E+2	9.972400E-6	1.314480E+4	0.000000E+0	0.000000E+0
1.972480E+2	9.973300E-6	1.314460E+4	0.000000E+0	0.000000E+0
2.002450E+2	9.972800E-6	1.314450E+4	0.000000E+0	0.000000E+0
2.032540E+2	9.973000E-6	1.314450E+4	0.000000E+0	0.000000E+0
2.062510E+2	9.973200E-6	1.314440E+4	0.000000E+0	0.000000E+0
2.092460E+2	9.972500E-6	1.314430E+4	0.000000E+0	0.000000E+0
2.122460E+2	9.972700E-6	1.314440E+4	0.000000E+0	0.000000E+0
2.152410E+2	9.972400E-6	1.314470E+4	0.000000E+0	0.000000E+0
2.182520E+2	9.972500E-6	1.314490E+4	0.000000E+0	0.000000E+0
2.212410E+2	9.972600E-6	1.314490E+4	0.000000E+0	0.000000E+0
2.242510E+2	9.971900E-6	1.314490E+4	0.000000E+0	0.000000E+0
2.272460E+2	9.972200E-6	1.314510E+4	0.000000E+0	0.000000E+0
2.302500E+2	9.971600E-6	1.314510E+4	0.000000E+0	0.000000E+0
2.332400E+2	9.972100E-6	1.314490E+4	0.000000E+0	0.000000E+0
2.362440E+2	9.970900E-6	1.314480E+4	0.000000E+0	0.000000E+0
2.392470E+2	9.971300E-6	1.314470E+4	0.000000E+0	0.000000E+0
2.422450E+2	9.971600E-6	1.314490E+4	0.000000E+0	0.000000E+0
2.452490E+2	9.970900E-6	1.314510E+4	0.000000E+0	0.000000E+0
2.482450E+2	9.970400E-6	1.314530E+4	0.000000E+0	0.000000E+0
2.512450E+2	9.970400E-6	1.314530E+4	0.000000E+0	0.000000E+0
2.542440E+2	9.971200E-6	1.314530E+4	0.000000E+0	0.000000E+0
2.572450E+2	9.971000E-6	1.314510E+4	0.000000E+0	0.000000E+0
2.602430E+2	9.970700E-6	1.314500E+4	0.000000E+0	0.000000E+0
2.632470E+2	9.970400E-6	1.314470E+4	0.000000E+0	0.000000E+0
2.662420E+2	9.970200E-6	1.314460E+4	0.000000E+0	0.000000E+0
2.692550E+2	9.969900E-6	1.314440E+4	0.000000E+0	0.000000E+0
2.722450E+2	9.969700E-6	1.314430E+4	0.000000E+0	0.000000E+0
2.752480E+2	9.970400E-6	1.314410E+4	0.000000E+0	0.000000E+0
2.782450E+2	9.969900E-6	1.314400E+4	0.000000E+0	0.000000E+0
2.812580E+2	9.969700E-6	1.314440E+4	0.000000E+0	0.000000E+0
2.842620E+2	9.969300E-6	1.314470E+4	0.000000E+0	0.000000E+0
2.872660E+2	9.969600E-6	1.314490E+4	0.000000E+0	0.000000E+0
2.902660E+2	9.968900E-6	1.314500E+4	0.000000E+0	0.000000E+0
2.932510E+2	9.969300E-6	1.314510E+4	0.000000E+0	0.000000E+0
2.962620E+2	9.969400E-6	1.314510E+4	0.000000E+0	0.000000E+0
2.992590E+2	9.969500E-6	1.314510E+4	0.000000E+0	0.000000E+0
3.022600E+2	9.968900E-6	1.314510E+4	0.000000E+0	0.000000E+0
3.052640E+2	9.968800E-6	1.314510E+4	0.000000E+0	0.000000E+0
3.082620E+2	9.968800E-6	1.314480E+4	0.000000E+0	0.000000E+0
3.112660E+2	9.968800E-6	1.314470E+4	0.000000E+0	0.000000E+0
3.142640E+2	9.968600E-6	1.314450E+4	0.000000E+0	0.000000E+0
3.172660E+2	9.968500E-6	1.314440E+4	0.000000E+0	0.000000E+0
3.202620E+2	9.968500E-6	1.314430E+4	0.000000E+0	0.000000E+0
3.232630E+2	9.967900E-6	1.314430E+4	0.000000E+0	0.000000E+0
3.262640E+2	9.967800E-6	1.314450E+4	0.000000E+0	0.000000E+0
3.292600E+2	9.967300E-6	1.314460E+4	0.000000E+0	0.000000E+0
3.322660E+2	9.967600E-6	1.314450E+4	0.000000E+0	0.000000E+0
3.352640E+2	9.967400E-6	1.314430E+4	0.000000E+0	0.000000E+0
3.382620E+2	9.967200E-6	1.314410E+4	0.000000E+0	0.000000E+0
3.412620E+2	9.967200E-6	1.314390E+4	0.000000E+0	0.000000E+0
3.442640E+2	9.968300E-6	1.314370E+4	0.000000E+0	0.000000E+0
3.472620E+2	9.966700E-6	1.314360E+4	0.000000E+0	0.000000E+0
3.502640E+2	9.966900E-6	1.314350E+4	0.000000E+0	0.000000E+0
3.532620E+2	9.967300E-6	1.314340E+4	0.000000E+0	0.000000E+0
3.562630E+2	9.966900E-6	1.314330E+4	0.000000E+0	0.000000E+0
3.592610E+2	9.967400E-6	1.314320E+4	0.000000E+0	0.000000E+0
3.622630E+2	9.966500E-6	1.314310E+4	0.000000E+0	0.000000E+0
3.652620E+2	9.966100E-6	1.314320E+4	0.000000E+0	0.000000E+0
3.682580E+2	9.966900E-6	1.314310E+4	0.000000E+0	0.000000E+0
3.712580E+2	9.966500E-6	1.314320E+4	0.000000E+0	0.000000E+0
3.742620E+2	9.966700E-6	1.314310E+4	0.000000E+0	0.000000E+0
3.772670E+2	9.966500E-6	1.314300E+4	0.000000E+0	0.000000E+0
3.802540E+2	9.966500E-6	1.314310E+4	0.000000E+0	0.000000E+0
3.832570E+2	9.965300E-6	1.314300E+4	0.000000E+0	0.000000E+0
3.862670E+2	9.965800E-6	1.314300E+4	0.000000E+0	0.000000E+0
3.892670E+2	9.965600E-6	1.314310E+4	0.000000E+0	0.000000E+0
3.922670E+2	9.965600E-6	1.314390E+4	0.000000E+0	0.000000E+0
3.952540E+2	9.965900E-6	1.314420E+4	0.000000E+0	0.000000E+0
3.982540E+2	9.966200E-6	1.314450E+4	0.000000E+0	0.000000E+0
4.012550E+2	9.965000E-6	1.314450E+4	0.000000E+0	0.000000E+0
4.042510E+2	9.965400E-6	1.314450E+4	0.000000E+0	0.000000E+0
4.072490E+2	9.965800E-6	1.314440E+4	0.000000E+0	0.000000E+0
4.102460E+2	9.965600E-6	1.314430E+4	0.000000E+0	0.000000E+0
4.132650E+2	9.965000E-6	1.314420E+4	0.000000E+0	0.000000E+0
4.162690E+2	9.964700E-6	1.314400E+4	0.000000E+0	0.000000E+0
4.192730E+2	9.965200E-6	1.314380E+4	0.000000E+0	0.000000E+0
4.222550E+2	9.964600E-6	1.314360E+4	0.000000E+0	0.000000E+0
4.252660E+2	9.965600E-6	1.314340E+4	0.000000E+0	0.000000E+0
4.282680E+2	9.964200E-6	1.314330E+4	0.000000E+0	0.000000E+0
4.312680E+2	9.963800E-6	1.314320E+4	0.000000E+0	0.000000E+0
4.342690E+2	9.964400E-6	1.314310E+4	0.000000E+0	0.000000E+0
4.372660E+2	9.964100E-6	1.314300E+4	0.000000E+0	0.000000E+0
4.402650E+2	9.963500E-6	1.314280E+4	0.000000E+0	0.000000E+0
4.432690E+2	9.963600E-6	1.314280E+4	0.000000E+0	0.000000E+0
4.462710E+2	9.964200E-6	1.314280E+4	0.000000E+0	0.000000E+0
4.492630E+2	9.963200E-6	1.314270E+4	0.000000E+0	0.000000E+0
4.522630E+2	9.963800E-6	1.314260E+4	0.000000E+0	0.000000E+0
4.552650E+2	9.962800E-6	1.314260E+4	0.000000E+0	0.000000E+0
4.582650E+2	9.962700E-6	1.314260E+4	0.000000E+0	0.000000E+0
4.612670E+2	9.962900E-6	1.314260E+4	0.000000E+0	0.000000E+0
4.642670E+2	9.962800E-6	1.314250E+4	0.000000E+0	0.000000E+0
4.672690E+2	9.962500E-6	1.314250E+4	0.000000E+0	0.000000E+0
4.702650E+2	9.962800E-6	1.314250E+4	0.000000E+0	0.000000E+0
4.732620E+2	9.962400E-6	1.314260E+4	0.000000E+0	0.000000E+0
4.762620E+2	9.962100E-6	1.314250E+4	0.000000E+0	0.000000E+0
4.792700E+2	9.962500E-6	1.314250E+4	0.000000E+0	0.000000E+0
4.822650E+2	9.961700E-6	1.314250E+4	0.000000E+0	0.000000E+0
4.852670E+2	9.961300E-6	1.314240E+4	0.000000E+0	0.000000E+0
4.882680E+2	9.962300E-6	1.314230E+4	0.000000E+0	0.000000E+0
4.912650E+2	9.961700E-6	1.314240E+4	0.000000E+0	0.000000E+0
4.942680E+2	9.961900E-6	1.314240E+4	0.000000E+0	0.000000E+0
4.972660E+2	9.961800E-6	1.314240E+4	0.000000E+0	0.000000E+0
5.002660E+2	9.961900E-6	1.314230E+4	0.000000E+0	0.000000E+0
5.032700E+2	9.962000E-6	1.314220E+4	0.000000E+0	0.000000E+0
5.062620E+2	9.961000E-6	1.314220E+4	0.000000E+0	0.000000E+0
5.092620E+2	9.961600E-6	1.314220E+4	0.000000E+0	0.000000E+0
5.122630E+2	9.961300E-6	1.314220E+4	0.000000E+0	0.000000E+0
5.152580E+2	9.961100E-6	1.314230E+4	0.000000E+0	0.000000E+0
5.182600E+2	9.961600E-6	1.314220E+4	0.000000E+0	0.000000E+0
5.212610E+2	9.961300E-6	1.314220E+4	0.000000E+0	0.000000E+0
5.242610E+2	9.961100E-6	1.314240E+4	0.000000E+0	0.000000E+0
5.272680E+2	9.961300E-6	1.314290E+4	0.000000E+0	0.000000E+0
5.302610E+2	9.960800E-6	1.314320E+4	0.000000E+0	0.000000E+0
5.332630E+2	9.961100E-6	1.314350E+4	0.000000E+0	0.000000E+0
5.362610E+2	9.960300E-6	1.314370E+4	0.000000E+0	0.000000E+0
5.392630E+2	9.960500E-6	1.314420E+4	0.000000E+0	0.000000E+0
5.422640E+2	9.961000E-6	1.314450E+4	0.000000E+0	0.000000E+0
5.452580E+2	9.960900E-6	1.314490E+4	0.000000E+0	0.000000E+0
5.482590E+2	9.960300E-6	1.314520E+4	0.000000E+0	0.000000E+0
5.512590E+2	9.960600E-6	1.314530E+4	0.000000E+0	0.000000E+0
5.542560E+2	9.960200E-6	1.314530E+4	0.000000E+0	0.000000E+0
5.572610E+2	9.960200E-6	1.314510E+4	0.000000E+0	0.000000E+0
5.602610E+2	9.961300E-6	1.314490E+4	0.000000E+0	0.000000E+0
5.632580E+2	9.961200E-6	1.314460E+4	0.000000E+0	0.000000E+0
5.662610E+2	9.958500E-6	1.314430E+4	0.000000E+0	0.000000E+0
5.692610E+2	9.958600E-6	1.314420E+4	0.000000E+0	0.000000E+0
5.722600E+2	9.958300E-6	1.314420E+4	0.000000E+0	0.000000E+0
5.752610E+2	9.960300E-6	1.314440E+4	0.000000E+0	0.000000E+0
5.782600E+2	9.959700E-6	1.314450E+4	0.000000E+0	0.000000E+0
5.812600E+2	9.959400E-6	1.314440E+4	0.000000E+0	0.000000E+0
5.842620E+2	9.959700E-6	1.314440E+4	0.000000E+0	0.000000E+0
5.872650E+2	9.958500E-6	1.314420E+4	0.000000E+0	0.000000E+0
5.902650E+2	9.959100E-6	1.314410E+4	0.000000E+0	0.000000E+0
5.932590E+2	9.958700E-6	1.314460E+4	0.000000E+0	0.000000E+0
5.962580E+2	9.958000E-6	1.314510E+4	0.000000E+0	0.000000E+0
5.992670E+2	9.958500E-6	1.314540E+4	0.000000E+0	0.000000E+0
6.022680E+2	9.958800E-6	1.314540E+4	0.000000E+0	0.000000E+0
6.052640E+2	9.958000E-6	1.314530E+4	0.000000E+0	0.000000E+0
6.082610E+2	9.957800E-6	1.314510E+4	0.000000E+0	0.000000E+0
6.112600E+2	9.958100E-6	1.314480E+4	0.000000E+0	0.000000E+0
6.142560E+2	9.957600E-6	1.314490E+4	0.000000E+0	0.000000E+0
6.172580E+2	9.957700E-6	1.314580E+4	0.000000E+0	0.000000E+0
6.202580E+2	9.957400E-6	1.314630E+4	0.000000E+0	0.000000E+0
6.232660E+2	9.957200E-6	1.314650E+4	0.000000E+0	0.000000E+0
6.262680E+2	9.957700E-6	1.314640E+4	0.000000E+0	0.000000E+0
6.292610E+2	9.958000E-6	1.314630E+4	0.000000E+0	0.000000E+0
6.322580E+2	9.957700E-6	1.314620E+4	0.000000E+0	0.000000E+0
6.352590E+2	9.957100E-6	1.314610E+4	0.000000E+0	0.000000E+0
6.382690E+2	9.957700E-6	1.314600E+4	0.000000E+0	0.000000E+0
6.412580E+2	9.957100E-6	1.314570E+4	0.000000E+0	0.000000E+0
6.442670E+2	9.957700E-6	1.314540E+4	0.000000E+0	0.000000E+0
6.472620E+2	9.958300E-6	1.314520E+4	0.000000E+0	0.000000E+0
6.502680E+2	9.957300E-6	1.314500E+4	0.000000E+0	0.000000E+0
6.532540E+2	9.956700E-6	1.314470E+4	0.000000E+0	0.000000E+0
6.562530E+2	9.956400E-6	1.314450E+4	0.000000E+0	0.000000E+0
6.592540E+2	9.956200E-6	1.314420E+4	0.000000E+0	0.000000E+0
6.622520E+2	9.955900E-6	1.314410E+4	0.000000E+0	0.000000E+0
6.652490E+2	9.955800E-6	1.314410E+4	0.000000E+0	0.000000E+0
6.682510E+2	9.955600E-6	1.314390E+4	0.000000E+0	0.000000E+0
6.712490E+2	9.956200E-6	1.314360E+4	0.000000E+0	0.000000E+0
6.742440E+2	9.955800E-6	1.314350E+4	0.000000E+0	0.000000E+0
6.772520E+2	9.955400E-6	1.314330E+4	0.000000E+0	0.000000E+0
6.802520E+2	9.955500E-6	1.314320E+4	0.000000E+0	0.000000E+0
6.832490E+2	9.955400E-6	1.314310E+4	0.000000E+0	0.000000E+0
6.862470E+2	9.956200E-6	1.314300E+4	0.000000E+0	0.000000E+0
6.892460E+2	9.955300E-6	1.314340E+4	0.000000E+0	0.000000E+0
6.922490E+2	9.955400E-6	1.314380E+4	0.000000E+0	0.000000E+0
6.952440E+2	9.954800E-6	1.314390E+4	0.000000E+0	0.000000E+0
6.982470E+2	9.955100E-6	1.314400E+4	0.000000E+0	0.000000E+0
7.012450E+2	9.955100E-6	1.314380E+4	0.000000E+0	0.000000E+0
7.042470E+2	9.954700E-6	1.314370E+4	0.000000E+0	0.000000E+0
7.072490E+2	9.955100E-6	1.314400E+4	0.000000E+0	0.000000E+0
7.102410E+2	9.954900E-6	1.314470E+4	0.000000E+0	0.000000E+0
7.132440E+2	9.954700E-6	1.314520E+4	0.000000E+0	0.000000E+0
7.162420E+2	9.954300E-6	1.314530E+4	0.000000E+0	0.000000E+0
7.192530E+2	9.954500E-6	1.314520E+4	0.000000E+0	0.000000E+0
7.222530E+2	9.953700E-6	1.314520E+4	0.000000E+0	0.000000E+0
7.252410E+2	9.953900E-6	1.314490E+4	0.000000E+0	0.000000E+0
7.282540E+2	9.953500E-6	1.314460E+4	0.000000E+0	0.000000E+0
7.312530E+2	9.954100E-6	1.314440E+4	0.000000E+0	0.000000E+0
7.342480E+2	9.953300E-6	1.314410E+4	0.000000E+0	0.000000E+0
7.372530E+2	9.953100E-6	1.314380E+4	0.000000E+0	0.000000E+0
7.402460E+2	9.952800E-6	1.314350E+4	0.000000E+0	0.000000E+0
7.432520E+2	9.952900E-6	1.314330E+4	0.000000E+0	0.000000E+0
7.462500E+2	9.952600E-6	1.314310E+4	0.000000E+0	0.000000E+0
7.492530E+2	9.953100E-6	1.314280E+4	0.000000E+0	0.000000E+0
7.522490E+2	9.952700E-6	1.314260E+4	0.000000E+0	0.000000E+0
7.552510E+2	9.952900E-6	1.314250E+4	0.000000E+0	0.000000E+0
7.582530E+2	9.952600E-6	1.314230E+4	0.000000E+0	0.000000E+0
7.612450E+2	9.952300E-6	1.314220E+4	0.000000E+0	0.000000E+0
7.642520E+2	9.952300E-6	1.314210E+4	0.000000E+0	0.000000E+0
7.672460E+2	9.952700E-6	1.314190E+4	0.000000E+0	0.000000E+0
7.702520E+2	9.951800E-6	1.314180E+4	0.000000E+0	0.000000E+0
7.732440E+2	9.951900E-6	1.314170E+4	0.000000E+0	0.000000E+0
7.762540E+2	9.952400E-6	1.314170E+4	0.000000E+0	0.000000E+0
7.792440E+2	9.952000E-6	1.314150E+4	0.000000E+0	0.000000E+0
7.822560E+2	9.952200E-6	1.314140E+4	0.000000E+0	0.000000E+0
7.852540E+2	9.951900E-6	1.314120E+4	0.000000E+0	0.000000E+0
7.882500E+2	9.951800E-6	1.314120E+4	0.000000E+0	0.000000E+0
7.912520E+2	9.951800E-6	1.314140E+4	0.000000E+0	0.000000E+0
7.942540E+2	9.951600E-6	1.314140E+4	0.000000E+0	0.000000E+0
7.972550E+2	9.952100E-6	1.314120E+4	0.000000E+0	0.000000E+0
8.002450E+2	9.951300E-6	1.314110E+4	0.000000E+0	0.000000E+0
8.032480E+2	9.951300E-6	1.314110E+4	0.000000E+0	0.000000E+0
8.062410E+2	9.951100E-6	1.314140E+4	0.000000E+0	0.000000E+0
8.092590E+2	9.950600E-6	1.314170E+4	0.000000E+0	0.000000E+0
8.122530E+2	9.950500E-6	1.314210E+4	0.000000E+0	0.000000E+0
8.152550E+2	9.950400E-6	1.314250E+4	0.000000E+0	0.000000E+0
8.182560E+2	9.951400E-6	1.314270E+4	0.000000E+0	0.000000E+0
8.212450E+2	9.949800E-6	1.314300E+4	0.000000E+0	0.000000E+0
8.242460E+2	9.950300E-6	1.314300E+4	0.000000E+0	0.000000E+0
8.272500E+2	9.951100E-6	1.314290E+4	0.000000E+0	0.000000E+0
8.302480E+2	9.950700E-6	1.314270E+4	0.000000E+0	0.000000E+0
8.332430E+2	9.949500E-6	1.314280E+4	0.000000E+0	0.000000E+0
8.362490E+2	9.949500E-6	1.314350E+4	0.000000E+0	0.000000E+0
8.392450E+2	9.949100E-6	1.314410E+4	0.000000E+0	0.000000E+0
8.422490E+2	9.950100E-6	1.314420E+4	0.000000E+0	0.000000E+0
8.452480E+2	9.949800E-6	1.314410E+4	0.000000E+0	0.000000E+0
8.482490E+2	9.949800E-6	1.314390E+4	0.000000E+0	0.000000E+0
8.512510E+2	9.949000E-6	1.314350E+4	0.000000E+0	0.000000E+0
8.542550E+2	9.949400E-6	1.314340E+4	0.000000E+0	0.000000E+0
8.572510E+2	9.949100E-6	1.314320E+4	0.000000E+0	0.000000E+0
8.602460E+2	9.949900E-6	1.314330E+4	0.000000E+0	0.000000E+0
8.632470E+2	9.949600E-6	1.314380E+4	0.000000E+0	0.000000E+0
8.662470E+2	9.949200E-6	1.314380E+4	0.000000E+0	0.000000E+0
8.692470E+2	9.949000E-6	1.314380E+4	0.000000E+0	0.000000E+0
8.722530E+2	9.948500E-6	1.314370E+4	0.000000E+0	0.000000E+0
8.752520E+2	9.948600E-6	1.314350E+4	0.000000E+0	0.000000E+0
8.782440E+2	9.948500E-6	1.314350E+4	0.000000E+0	0.000000E+0
8.812570E+2	9.948600E-6	1.314360E+4	0.000000E+0	0.000000E+0
8.842570E+2	9.948200E-6	1.314360E+4	0.000000E+0	0.000000E+0
8.872490E+2	9.947600E-6	1.314360E+4	0.000000E+0	0.000000E+0
8.902440E+2	9.948700E-6	1.314350E+4	0.000000E+0	0.000000E+0
8.932630E+2	9.948500E-6	1.314330E+4	0.000000E+0	0.000000E+0
8.962660E+2	9.947700E-6	1.314310E+4	0.000000E+0	0.000000E+0
8.992620E+2	9.948300E-6	1.314290E+4	0.000000E+0	0.000000E+0
9.022640E+2	9.947900E-6	1.314280E+4	0.000000E+0	0.000000E+0
9.052670E+2	9.948600E-6	1.314260E+4	0.000000E+0	0.000000E+0
9.082690E+2	9.948300E-6	1.314280E+4	0.000000E+0	0.000000E+0
9.112650E+2	9.948000E-6	1.314300E+4	0.000000E+0	0.000000E+0
9.142650E+2	9.947600E-6	1.314320E+4	0.000000E+0	0.000000E+0
9.172670E+2	9.947700E-6	1.314320E+4	0.000000E+0	0.000000E+0
9.202630E+2	9.947900E-6	1.314330E+4	0.000000E+0	0.000000E+0
9.232680E+2	9.948300E-6	1.314340E+4	0.000000E+0	0.000000E+0
9.262650E+2	9.947400E-6	1.314380E+4	0.000000E+0	0.000000E+0
9.292640E+2	9.948300E-6	1.314450E+4	0.000000E+0	0.000000E+0
9.322660E+2	9.948500E-6	1.314490E+4	0.000000E+0	0.000000E+0
9.352630E+2	9.947500E-6	1.314510E+4	0.000000E+0	0.000000E+0
9.382690E+2	9.947500E-6	1.314530E+4	0.000000E+0	0.000000E+0
9.412670E+2	9.948100E-6	1.314510E+4	0.000000E+0	0.000000E+0
9.442620E+2	9.947600E-6	1.314490E+4	0.000000E+0	0.000000E+0
9.472590E+2	9.947400E-6	1.314460E+4	0.000000E+0	0.000000E+0
9.502650E+2	9.947500E-6	1.314440E+4	0.000000E+0	0.000000E+0
9.532660E+2	9.947200E-6	1.314410E+4	0.000000E+0	0.000000E+0
9.562720E+2	9.947000E-6	1.314380E+4	0.000000E+0	0.000000E+0
9.592650E+2	9.946900E-6	1.314350E+4	0.000000E+0	0.000000E+0
9.622620E+2	9.946900E-6	1.314320E+4	0.000000E+0	0.000000E+0
9.652620E+2	9.946800E-6	1.314290E+4	0.000000E+0	0.000000E+0
9.682630E+2	9.946700E-6	1.314270E+4	0.000000E+0	0.000000E+0
9.712600E+2	9.946700E-6	1.314260E+4	0.000000E+0	0.000000E+0
9.742600E+2	9.945800E-6	1.314240E+4	0.000000E+0	0.000000E+0
9.772580E+2	9.946000E-6	1.314220E+4	0.000000E+0	0.000000E+0
9.802600E+2	9.946300E-6	1.314200E+4	0.000000E+0	0.000000E+0
9.832600E+2	9.945100E-6	1.314200E+4	0.000000E+0	0.000000E+0
9.862580E+2	9.945100E-6	1.314180E+4	0.000000E+0	0.000000E+0
9.892550E+2	9.946100E-6	1.314170E+4	0.000000E+0	0.000000E+0
9.922600E+2	9.945700E-6	1.314170E+4	0.000000E+0	0.000000E+0
9.952600E+2	9.945800E-6	1.314150E+4	0.000000E+0	0.000000E+0
9.982590E+2	9.946000E-6	1.314160E+4	0.000000E+0	0.000000E+0
1.001255E+3	9.945200E-6	1.314140E+4	0.000000E+0	0.000000E+0
1.004258E+3	9.945300E-6	1.314140E+4	0.000000E+0	0.000000E+0
1.007259E+3	9.946600E-6	1.314130E+4	0.000000E+0	0.000000E+0
1.010265E+3	9.945900E-6	1.314120E+4	0.000000E+0	0.000000E+0
1.013258E+3	9.945600E-6	1.314110E+4	0.000000E+0	0.000000E+0
1.016253E+3	9.945600E-6	1.314110E+4	0.000000E+0	0.000000E+0
1.019253E+3	9.945400E-6	1.314110E+4	0.000000E+0	0.000000E+0
1.022256E+3	9.945700E-6	1.314120E+4	0.000000E+0	0.000000E+0
1.025259E+3	9.945300E-6	1.314110E+4	0.000000E+0	0.000000E+0
1.028259E+3	9.945600E-6	1.314100E+4	0.000000E+0	0.000000E+0
1.031261E+3	9.945500E-6	1.314100E+4	0.000000E+0	0.000000E+0
1.034260E+3	9.944600E-6	1.314100E+4	0.000000E+0	0.000000E+0
1.037259E+3	9.945200E-6	1.314110E+4	0.000000E+0	0.000000E+0
1.040260E+3	9.944900E-6	1.314130E+4	0.000000E+0	0.000000E+0
1.043259E+3	9.945400E-6	1.314130E+4	0.000000E+0	0.000000E+0
1.046260E+3	9.944800E-6	1.314180E+4	0.000000E+0	0.000000E+0
1.049257E+3	9.944000E-6	1.314230E+4	0.000000E+0	0.000000E+0
1.052260E+3	9.943600E-6	1.314290E+4	0.000000E+0	0.000000E+0
1.055260E+3	9.943800E-6	1.314330E+4	0.000000E+0	0.000000E+0
1.058258E+3	9.943200E-6	1.314350E+4	0.000000E+0	0.000000E+0
1.061260E+3	9.943300E-6	1.314360E+4	0.000000E+0	0.000000E+0
1.064260E+3	9.943700E-6	1.314350E+4	0.000000E+0	0.000000E+0
1.067260E+3	9.944100E-6	1.314350E+4	0.000000E+0	0.000000E+0
1.070257E+3	9.944000E-6	1.314340E+4	0.000000E+0	0.000000E+0
1.073260E+3	9.944000E-6	1.314380E+4	0.000000E+0	0.000000E+0
1.076258E+3	9.943700E-6	1.314440E+4	0.000000E+0	0.000000E+0
1.079255E+3	9.944200E-6	1.314450E+4	0.000000E+0	0.000000E+0
1.082258E+3	9.943000E-6	1.314460E+4	0.000000E+0	0.000000E+0
1.085253E+3	9.943800E-6	1.314460E+4	0.000000E+0	0.000000E+0
1.088264E+3	9.943600E-6	1.314460E+4	0.000000E+0	0.000000E+0
1.091264E+3	9.943800E-6	1.314440E+4	0.000000E+0	0.000000E+0
1.094264E+3	9.943300E-6	1.314410E+4	0.000000E+0	0.000000E+0
1.097266E+3	9.942800E-6	1.314400E+4	0.000000E+0	0.000000E+0
1.100266E+3	9.942600E-6	1.314410E+4	0.000000E+0	0.000000E+0
1.103266E+3	9.943400E-6	1.314410E+4	0.000000E+0	0.000000E+0
1.106266E+3	9.942700E-6	1.314410E+4	0.000000E+0	0.000000E+0
1.109266E+3	9.942900E-6	1.314410E+4	0.000000E+0	0.000000E+0
1.112267E+3	9.943100E-6	1.314400E+4	0.000000E+0	0.000000E+0
1.115259E+3	9.942800E-6	1.314380E+4	0.000000E+0	0.000000E+0
1.118256E+3	9.942700E-6	1.314390E+4	0.000000E+0	0.000000E+0
1.121267E+3	9.942400E-6	1.314390E+4	0.000000E+0	0.000000E+0
1.124267E+3	9.942500E-6	1.314400E+4	0.000000E+0	0.000000E+0
1.127262E+3	9.942100E-6	1.314390E+4	0.000000E+0	0.000000E+0
1.130262E+3	9.942700E-6	1.314370E+4	0.000000E+0	0.000000E+0
1.133260E+3	9.942300E-6	1.314350E+4	0.000000E+0	0.000000E+0
1.136262E+3	9.942400E-6	1.314350E+4	0.000000E+0	0.000000E+0
1.139257E+3	9.942600E-6	1.314340E+4	0.000000E+0	0.000000E+0
1.142260E+3	9.943100E-6	1.314340E+4	0.000000E+0	0.000000E+0
1.145260E+3	9.942000E-6	1.314340E+4	0.000000E+0	0.000000E+0
1.148257E+3	9.941700E-6	1.314330E+4	0.000000E+0	0.000000E+0
1.151263E+3	9.942000E-6	1.314310E+4	0.000000E+0	0.000000E+0
1.154264E+3	9.942000E-6	1.314300E+4	0.000000E+0	0.000000E+0
1.157268E+3	9.942100E-6	1.314280E+4	0.000000E+0	0.000000E+0
1.160268E+3	9.942100E-6	1.314270E+4	0.000000E+0	0.000000E+0
1.163261E+3	9.943100E-6	1.314260E+4	0.000000E+0	0.000000E+0
1.166260E+3	9.941600E-6	1.314240E+4	0.000000E+0	0.000000E+0
1.169260E+3	9.942100E-6	1.314220E+4	0.000000E+0	0.000000E+0
1.172256E+3	9.942200E-6	1.314210E+4	0.000000E+0	0.000000E+0
1.175260E+3	9.942500E-6	1.314190E+4	0.000000E+0	0.000000E+0
1.178253E+3	9.941700E-6	1.314200E+4	0.000000E+0	0.000000E+0
1.181261E+3	9.940800E-6	1.314220E+4	0.000000E+0	0.000000E+0
1.184268E+3	9.941500E-6	1.314220E+4	0.000000E+0	0.000000E+0
1.187261E+3	9.941400E-6	1.314220E+4	0.000000E+0	0.000000E+0
1.190259E+3	9.941300E-6	1.314220E+4	0.000000E+0	0.000000E+0
1.193256E+3	9.941600E-6	1.314210E+4	0.000000E+0	0.000000E+0
1.196259E+3	9.941600E-6	1.314210E+4	0.000000E+0	0.000000E+0
1.199256E+3	9.941700E-6	1.314200E+4	0.000000E+0	0.000000E+0
1.202256E+3	9.940400E-6	1.314180E+4	0.000000E+0	0.000000E+0
1.205261E+3	9.940800E-6	1.314190E+4	0.000000E+0	0.000000E+0
1.208261E+3	9.940400E-6	1.314190E+4	0.000000E+0	0.000000E+0
1.211259E+3	9.940300E-6	1.314200E+4	0.000000E+0	0.000000E+0
1.214254E+3	9.940900E-6	1.314190E+4	0.000000E+0	0.000000E+0
1.217257E+3	9.939600E-6	1.314190E+4	0.000000E+0	0.000000E+0
1.220267E+3	9.939900E-6	1.314200E+4	0.000000E+0	0.000000E+0
1.223262E+3	9.940500E-6	1.314190E+4	0.000000E+0	0.000000E+0
1.226263E+3	9.940900E-6	1.314200E+4	0.000000E+0	0.000000E+0
1.229269E+3	9.940600E-6	1.314210E+4	0.000000E+0	0.000000E+0
1.232264E+3	9.940300E-6	1.314210E+4	0.000000E+0	0.000000E+0
1.235259E+3	9.939900E-6	1.314210E+4	0.000000E+0	0.000000E+0
1.238263E+3	9.940600E-6	1.314220E+4	0.000000E+0	0.000000E+0
1.241261E+3	9.939800E-6	1.314220E+4	0.000000E+0	0.000000E+0
1.244264E+3	9.939900E-6	1.314220E+4	0.000000E+0	0.000000E+0
1.247255E+3	9.938600E-6	1.314220E+4	0.000000E+0	0.000000E+0
1.250260E+3	9.939400E-6	1.314210E+4	0.000000E+0	0.000000E+0
1.253261E+3	9.938900E-6	1.314210E+4	0.000000E+0	0.000000E+0
1.256262E+3	9.939500E-6	1.314210E+4	0.000000E+0	0.000000E+0
1.259255E+3	9.939700E-6	1.314200E+4	0.000000E+0	0.000000E+0
1.262256E+3	9.939100E-6	1.314200E+4	0.000000E+0	0.000000E+0
1.265252E+3	9.939400E-6	1.314200E+4	0.000000E+0	0.000000E+0
1.268250E+3	9.939300E-6	1.314220E+4	0.000000E+0	0.000000E+0
1.271247E+3	9.939100E-6	1.314200E+4	0.000000E+0	0.000000E+0
1.274250E+3	9.939200E-6	1.314200E+4	0.000000E+0	0.000000E+0
1.277247E+3	9.939200E-6	1.314200E+4	0.000000E+0	0.000000E+0
1.280253E+3	9.939100E-6	1.314210E+4	0.000000E+0	0.000000E+0
1.283243E+3	9.938700E-6	1.314200E+4	0.000000E+0	0.000000E+0
1.286250E+3	9.938600E-6	1.314210E+4	0.000000E+0	0.000000E+0
1.289251E+3	9.938500E-6	1.314200E+4	0.000000E+0	0.000000E+0
1.292246E+3	9.938100E-6	1.314200E+4	0.000000E+0	0.000000E+0
1.295251E+3	9.938200E-6	1.314210E+4	0.000000E+0	0.000000E+0
1.298249E+3	9.937600E-6	1.314230E+4	0.000000E+0	0.000000E+0
1.301246E+3	9.937600E-6	1.314290E+4	0.000000E+0	0.000000E+0
1.304254E+3	9.937400E-6	1.314340E+4	0.000000E+0	0.000000E+0
1.307251E+3	9.937500E-6	1.314360E+4	0.000000E+0	0.000000E+0
1.310244E+3	9.938600E-6	1.314390E+4	0.000000E+0	0.000000E+0
1.313244E+3	9.937800E-6	1.314400E+4	0.000000E+0	0.000000E+0
1.316249E+3	9.937400E-6	1.314400E+4	0.000000E+0	0.000000E+0
1.319248E+3	9.936900E-6	1.314400E+4	0.000000E+0	0.000000E+0
1.322252E+3	9.937200E-6	1.314400E+4	0.000000E+0	0.000000E+0
1.325247E+3	9.937500E-6	1.314390E+4	0.000000E+0	0.000000E+0
1.328251E+3	9.936900E-6	1.314400E+4	0.000000E+0	0.000000E+0
1.331249E+3	9.937600E-6	1.314410E+4	0.000000E+0	0.000000E+0
1.334258E+3	9.937500E-6	1.314440E+4	0.000000E+0	0.000000E+0
1.337257E+3	9.937300E-6	1.314440E+4	0.000000E+0	0.000000E+0
1.340263E+3	9.937600E-6	1.314440E+4	0.000000E+0	0.000000E+0
1.343257E+3	9.937500E-6	1.314450E+4	0.000000E+0	0.000000E+0
1.346255E+3	9.937500E-6	1.314470E+4	0.000000E+0	0.000000E+0
1.349255E+3	9.936100E-6	1.314470E+4	0.000000E+0	0.000000E+0
1.352258E+3	9.936800E-6	1.314460E+4	0.000000E+0	0.000000E+0
1.355260E+3	9.936600E-6	1.314450E+4	0.000000E+0	0.000000E+0
1.358258E+3	9.936400E-6	1.314480E+4	0.000000E+0	0.000000E+0
1.361256E+3	9.936400E-6	1.314510E+4	0.000000E+0	0.000000E+0
1.364261E+3	9.935900E-6	1.314530E+4	0.000000E+0	0.000000E+0
1.367260E+3	9.936100E-6	1.314570E+4	0.000000E+0	0.000000E+0
1.370271E+3	9.936300E-6	1.314610E+4	0.000000E+0	0.000000E+0
1.373263E+3	9.935800E-6	1.314630E+4	0.000000E+0	0.000000E+0
1.376271E+3	9.935800E-6	1.314640E+4	0.000000E+0	0.000000E+0
1.379259E+3	9.936000E-6	1.314630E+4	0.000000E+0	0.000000E+0
1.382267E+3	9.935300E-6	1.314650E+4	0.000000E+0	0.000000E+0
1.385269E+3	9.936000E-6	1.314680E+4	0.000000E+0	0.000000E+0
1.388268E+3	9.936100E-6	1.314700E+4	0.000000E+0	0.000000E+0
1.391258E+3	9.935300E-6	1.314700E+4	0.000000E+0	0.000000E+0
1.394269E+3	9.935800E-6	1.314700E+4	0.000000E+0	0.000000E+0
1.397270E+3	9.935600E-6	1.314680E+4	0.000000E+0	0.000000E+0
1.400272E+3	9.935600E-6	1.314660E+4	0.000000E+0	0.000000E+0
1.403262E+3	9.935300E-6	1.314650E+4	0.000000E+0	0.000000E+0
1.406270E+3	9.936500E-6	1.314620E+4	0.000000E+0	0.000000E+0
1.409259E+3	9.936200E-6	1.314590E+4	0.000000E+0	0.000000E+0
1.412255E+3	9.935800E-6	1.314570E+4	0.000000E+0	0.000000E+0
1.415257E+3	9.934700E-6	1.314590E+4	0.000000E+0	0.000000E+0
1.418259E+3	9.935000E-6	1.314620E+4	0.000000E+0	0.000000E+0
1.421265E+3	9.935600E-6	1.314660E+4	0.000000E+0	0.000000E+0
1.424265E+3	9.935400E-6	1.314670E+4	0.000000E+0	0.000000E+0
1.427263E+3	9.935000E-6	1.314660E+4	0.000000E+0	0.000000E+0
1.430270E+3	9.935500E-6	1.314650E+4	0.000000E+0	0.000000E+0
1.433262E+3	9.934700E-6	1.314640E+4	0.000000E+0	0.000000E+0
1.436260E+3	9.934400E-6	1.314650E+4	0.000000E+0	0.000000E+0
1.439260E+3	9.935400E-6	1.314650E+4	0.000000E+0	0.000000E+0
1.442260E+3	9.934500E-6	1.314640E+4	0.000000E+0	0.000000E+0
1.445260E+3	9.933900E-6	1.314620E+4	0.000000E+0	0.000000E+0
1.448260E+3	9.934600E-6	1.314610E+4	0.000000E+0	0.000000E+0
1.451253E+3	9.934900E-6	1.314580E+4	0.000000E+0	0.000000E+0
1.454258E+3	9.935100E-6	1.314560E+4	0.000000E+0	0.000000E+0
1.457260E+3	9.934300E-6	1.314570E+4	0.000000E+0	0.000000E+0
1.460255E+3	9.934900E-6	1.314600E+4	0.000000E+0	0.000000E+0
1.463258E+3	9.934400E-6	1.314610E+4	0.000000E+0	0.000000E+0
1.466259E+3	9.934400E-6	1.314600E+4	0.000000E+0	0.000000E+0
1.469255E+3	9.934000E-6	1.314590E+4	0.000000E+0	0.000000E+0
1.472259E+3	9.934500E-6	1.314570E+4	0.000000E+0	0.000000E+0
1.475258E+3	9.934700E-6	1.314560E+4	0.000000E+0	0.000000E+0
1.478258E+3	9.934500E-6	1.314520E+4	0.000000E+0	0.000000E+0
1.481261E+3	9.932900E-6	1.314500E+4	0.000000E+0	0.000000E+0
1.484253E+3	9.932900E-6	1.314500E+4	0.000000E+0	0.000000E+0
1.487249E+3	9.932200E-6	1.314490E+4	0.000000E+0	0.000000E+0
1.490246E+3	9.932700E-6	1.314470E+4	0.000000E+0	0.000000E+0
1.493262E+3	9.932600E-6	1.314470E+4	0.000000E+0	0.000000E+0
1.496265E+3	9.932100E-6	1.314480E+4	0.000000E+0	0.000000E+0
1.499262E+3	9.935700E-6	1.314510E+4	0.000000E+0	0.000000E+0
1.502251E+3	9.933500E-6	1.314570E+4	0.000000E+0	0.000000E+0
1.505256E+3	9.934000E-6	1.314600E+4	0.000000E+0	0.000000E+0
1.508257E+3	9.934200E-6	1.314620E+4	0.000000E+0	0.000000E+0
1.511262E+3	9.933500E-6	1.314620E+4	0.000000E+0	0.000000E+0
1.514262E+3	9.933500E-6	1.314670E+4	0.000000E+0	0.000000E+0
1.517264E+3	9.933900E-6	1.314720E+4	0.000000E+0	0.000000E+0
1.520261E+3	9.933300E-6	1.314760E+4	0.000000E+0	0.000000E+0
1.523260E+3	9.933200E-6	1.314810E+4	0.000000E+0	0.000000E+0
1.526266E+3	9.932800E-6	1.314820E+4	0.000000E+0	0.000000E+0
1.529268E+3	9.933900E-6	1.314830E+4	0.000000E+0	0.000000E+0
1.532264E+3	9.933400E-6	1.314810E+4	0.000000E+0	0.000000E+0
1.535270E+3	9.933200E-6	1.314780E+4	0.000000E+0	0.000000E+0
1.538268E+3	9.932200E-6	1.314780E+4	0.000000E+0	0.000000E+0
1.541264E+3	9.932500E-6	1.314790E+4	0.000000E+0	0.000000E+0
1.544253E+3	9.932800E-6	1.314780E+4	0.000000E+0	0.000000E+0
1.547258E+3	9.932100E-6	1.314770E+4	0.000000E+0	0.000000E+0
1.550256E+3	9.931800E-6	1.314760E+4	0.000000E+0	0.000000E+0
1.553260E+3	9.932900E-6	1.314750E+4	0.000000E+0	0.000000E+0
1.556264E+3	9.932200E-6	1.314740E+4	0.000000E+0	0.000000E+0
1.559262E+3	9.932700E-6	1.314730E+4	0.000000E+0	0.000000E+0
1.562266E+3	9.932500E-6	1.314730E+4	0.000000E+0	0.000000E+0
1.565270E+3	9.932800E-6	1.314740E+4	0.000000E+0	0.000000E+0
1.568264E+3	9.932200E-6	1.314750E+4	0.000000E+0	0.000000E+0
1.571266E+3	9.931700E-6	1.314740E+4	0.000000E+0	0.000000E+0
1.574256E+3	9.931800E-6	1.314730E+4	0.000000E+0	0.000000E+0
1.577259E+3	9.932600E-6	1.314710E+4	0.000000E+0	0.000000E+0
1.580265E+3	9.932800E-6	1.314700E+4	0.000000E+0	0.000000E+0
1.583254E+3	9.931800E-6	1.314680E+4	0.000000E+0	0.000000E+0
1.586254E+3	9.931900E-6	1.314670E+4	0.000000E+0	0.000000E+0
1.589248E+3	9.931900E-6	1.314670E+4	0.000000E+0	0.000000E+0
1.592247E+3	9.931700E-6	1.314670E+4	0.000000E+0	0.000000E+0
1.595248E+3	9.931500E-6	1.314660E+4	0.000000E+0	0.000000E+0
1.598246E+3	9.931100E-6	1.314630E+4	0.000000E+0	0.000000E+0
1.601246E+3	9.930800E-6	1.314600E+4	0.000000E+0	0.000000E+0
1.604246E+3	9.930700E-6	1.314570E+4	0.000000E+0	0.000000E+0
1.607244E+3	9.930700E-6	1.314530E+4	0.000000E+0	0.000000E+0
1.610244E+3	9.930600E-6	1.314510E+4	0.000000E+0	0.000000E+0
1.613246E+3	9.931100E-6	1.314480E+4	0.000000E+0	0.000000E+0
1.616242E+3	9.931600E-6	1.314470E+4	0.000000E+0	0.000000E+0
1.619246E+3	9.931900E-6	1.314470E+4	0.000000E+0	0.000000E+0
1.622249E+3	9.930900E-6	1.314470E+4	0.000000E+0	0.000000E+0
1.625242E+3	9.930500E-6	1.314480E+4	0.000000E+0	0.000000E+0
1.628257E+3	9.930800E-6	1.314480E+4	0.000000E+0	0.000000E+0
1.631265E+3	9.931200E-6	1.314470E+4	0.000000E+0	0.000000E+0
1.634258E+3	9.930800E-6	1.314460E+4	0.000000E+0	0.000000E+0
1.637254E+3	9.930900E-6	1.314450E+4	0.000000E+0	0.000000E+0
1.640261E+3	9.931300E-6	1.314440E+4	0.000000E+0	0.000000E+0
1.643265E+3	9.931200E-6	1.314430E+4	0.000000E+0	0.000000E+0
1.646263E+3	9.931000E-6	1.314430E+4	0.000000E+0	0.000000E+0
1.649266E+3	9.930900E-6	1.314420E+4	0.000000E+0	0.000000E+0
1.652266E+3	9.931500E-6	1.314420E+4	0.000000E+0	0.000000E+0
1.655261E+3	9.930600E-6	1.314410E+4	0.000000E+0	0.000000E+0
1.658267E+3	9.931000E-6	1.314390E+4	0.000000E+0	0.000000E+0
1.661265E+3	9.930100E-6	1.314390E+4	0.000000E+0	0.000000E+0
1.664270E+3	9.930500E-6	1.314390E+4	0.000000E+0	0.000000E+0
1.667267E+3	9.930500E-6	1.314380E+4	0.000000E+0	0.000000E+0
1.670267E+3	9.930500E-6	1.314410E+4	0.000000E+0	0.000000E+0
1.673264E+3	9.930700E-6	1.314440E+4	0.000000E+0	0.000000E+0
1.676259E+3	9.930500E-6	1.314450E+4	0.000000E+0	0.000000E+0
1.679268E+3	9.930500E-6	1.314440E+4	0.000000E+0	0.000000E+0
1.682260E+3	9.930300E-6	1.314430E+4	0.000000E+0	0.000000E+0
1.685260E+3	9.930100E-6	1.314440E+4	0.000000E+0	0.000000E+0
1.688259E+3	9.929700E-6	1.314450E+4	0.000000E+0	0.000000E+0
1.691254E+3	9.929900E-6	1.314460E+4	0.000000E+0	0.000000E+0
1.694259E+3	9.930100E-6	1.314460E+4	0.000000E+0	0.000000E+0
1.697260E+3	9.929600E-6	1.314450E+4	0.000000E+0	0.000000E+0
1.700260E+3	9.930100E-6	1.314440E+4	0.000000E+0	0.000000E+0
1.703255E+3	9.929900E-6	1.314420E+4	0.000000E+0	0.000000E+0
1.706260E+3	9.929600E-6	1.314400E+4	0.000000E+0	0.000000E+0
1.709263E+3	9.929900E-6	1.314390E+4	0.000000E+0	0.000000E+0
1.712260E+3	9.929600E-6	1.314380E+4	0.000000E+0	0.000000E+0
1.715260E+3	9.930000E-6	1.314380E+4	0.000000E+0	0.000000E+0
1.718260E+3	9.930200E-6	1.314400E+4	0.000000E+0	0.000000E+0
1.721260E+3	9.929100E-6	1.314420E+4	0.000000E+0	0.000000E+0
1.724261E+3	9.929500E-6	1.314420E+4	0.000000E+0	0.000000E+0
1.727261E+3	9.929400E-6	1.314410E+4	0.000000E+0	0.000000E+0
1.730261E+3	9.928700E-6	1.314400E+4	0.000000E+0	0.000000E+0
1.733256E+3	9.928900E-6	1.314400E+4	0.000000E+0	0.000000E+0
1.736259E+3	9.929000E-6	1.314370E+4	0.000000E+0	0.000000E+0
1.739259E+3	9.928600E-6	1.314360E+4	0.000000E+0	0.000000E+0
1.742259E+3	9.929100E-6	1.314350E+4	0.000000E+0	0.000000E+0
1.745259E+3	9.928700E-6	1.314320E+4	0.000000E+0	0.000000E+0
1.748254E+3	9.928400E-6	1.314310E+4	0.000000E+0	0.000000E+0
1.751261E+3	9.928100E-6	1.314290E+4	0.000000E+0	0.000000E+0
1.754254E+3	9.928900E-6	1.314280E+4	0.000000E+0	0.000000E+0
1.757253E+3	9.928600E-6	1.314280E+4	0.000000E+0	0.000000E+0
1.760251E+3	9.928800E-6	1.314270E+4	0.000000E+0	0.000000E+0
1.763253E+3	9.928500E-6	1.314250E+4	0.000000E+0	0.000000E+0
1.766254E+3	9.928800E-6	1.314240E+4	0.000000E+0	0.000000E+0
1.769249E+3	9.928600E-6	1.314250E+4	0.000000E+0	0.000000E+0
1.772246E+3	9.929200E-6	1.314270E+4	0.000000E+0	0.000000E+0
1.775254E+3	9.928300E-6	1.314290E+4	0.000000E+0	0.000000E+0
1.778270E+3	9.928400E-6	1.314300E+4	0.000000E+0	0.000000E+0
1.781265E+3	9.927300E-6	1.314300E+4	0.000000E+0	0.000000E+0
1.784257E+3	9.928400E-6	1.314290E+4	0.000000E+0	0.000000E+0
1.787264E+3	9.927800E-6	1.314280E+4	0.000000E+0	0.000000E+0
1.790265E+3	9.928400E-6	1.314270E+4	0.000000E+0	0.000000E+0
1.793269E+3	9.928000E-6	1.314280E+4	0.000000E+0	0.000000E+0
1.796267E+3	9.928000E-6	1.314270E+4	0.000000E+0	0.000000E+0
1.799268E+3	9.927700E-6	1.314230E+4	0.000000E+0	0.000000E+0
1.802270E+3	9.928200E-6	1.314220E+4	0.000000E+0	0.000000E+0
1.805262E+3	9.928700E-6	1.314220E+4	0.000000E+0	0.000000E+0
1.808261E+3	9.928000E-6	1.314230E+4	0.000000E+0	0.000000E+0
1.811260E+3	9.926800E-6	1.314220E+4	0.000000E+0	0.000000E+0
1.814264E+3	9.927600E-6	1.314230E+4	0.000000E+0	0.000000E+0
1.817258E+3	9.926300E-6	1.314210E+4	0.000000E+0	0.000000E+0
1.820261E+3	9.926000E-6	1.314220E+4	0.000000E+0	0.000000E+0
1.823258E+3	9.926200E-6	1.314230E+4	0.000000E+0	0.000000E+0
1.826260E+3	9.927300E-6	1.314240E+4	0.000000E+0	0.000000E+0
1.829255E+3	9.927900E-6	1.314230E+4	0.000000E+0	0.000000E+0
1.832256E+3	9.927900E-6	1.314220E+4	0.000000E+0	0.000000E+0
1.835259E+3	9.927800E-6	1.314220E+4	0.000000E+0	0.000000E+0
1.838264E+3	9.927200E-6	1.314230E+4	0.000000E+0	0.000000E+0
1.841256E+3	9.926700E-6	1.314240E+4	0.000000E+0	0.000000E+0
1.844258E+3	9.927500E-6	1.314250E+4	0.000000E+0	0.000000E+0
1.847253E+3	9.927400E-6	1.314260E+4	0.000000E+0	0.000000E+0
1.850253E+3	9.927600E-6	1.314260E+4	0.000000E+0	0.000000E+0
1.853254E+3	9.927700E-6	1.314280E+4	0.000000E+0	0.000000E+0
1.856266E+3	9.929900E-6	1.314340E+4	0.000000E+0	0.000000E+0
1.859267E+3	9.926800E-6	1.314370E+4	0.000000E+0	0.000000E+0
1.862269E+3	9.927600E-6	1.314400E+4	0.000000E+0	0.000000E+0
1.865269E+3	9.927100E-6	1.314420E+4	0.000000E+0	0.000000E+0
1.868269E+3	9.931800E-6	1.314430E+4	0.000000E+0	0.000000E+0
1.871259E+3	9.931600E-6	1.314440E+4	0.000000E+0	0.000000E+0
1.874259E+3	9.931900E-6	1.314430E+4	0.000000E+0	0.000000E+0
1.877265E+3	9.931100E-6	1.314390E+4	0.000000E+0	0.000000E+0
1.880265E+3	9.930800E-6	1.314380E+4	0.000000E+0	0.000000E+0
1.883259E+3	9.930400E-6	1.314350E+4	0.000000E+0	0.000000E+0
1.886254E+3	9.926700E-6	1.314330E+4	0.000000E+0	0.000000E+0
1.889254E+3	9.927000E-6	1.314310E+4	0.000000E+0	0.000000E+0
1.892261E+3	9.926600E-6	1.314310E+4	0.000000E+0	0.000000E+0
1.895269E+3	9.926500E-6	1.314280E+4	0.000000E+0	0.000000E+0
1.898266E+3	9.927000E-6	1.314250E+4	0.000000E+0	0.000000E+0
1.901260E+3	9.926700E-6	1.314250E+4	0.000000E+0	0.000000E+0
1.904266E+3	9.926900E-6	1.314240E+4	0.000000E+0	0.000000E+0
1.907262E+3	9.926700E-6	1.314230E+4	0.000000E+0	0.000000E+0
1.910255E+3	9.926800E-6	1.314210E+4	0.000000E+0	0.000000E+0
1.913257E+3	9.927100E-6	1.314190E+4	0.000000E+0	0.000000E+0
1.916268E+3	9.926300E-6	1.314170E+4	0.000000E+0	0.000000E+0
1.919260E+3	9.925400E-6	1.314160E+4	0.000000E+0	0.000000E+0
1.922261E+3	9.926100E-6	1.314140E+4	0.000000E+0	0.000000E+0
1.925259E+3	9.926600E-6	1.314140E+4	0.000000E+0	0.000000E+0
1.928261E+3	9.925400E-6	1.314170E+4	0.000000E+0	0.000000E+0
1.931258E+3	9.925800E-6	1.314210E+4	0.000000E+0	0.000000E+0
1.934256E+3	9.925400E-6	1.314260E+4	0.000000E+0	0.000000E+0
1.937267E+3	9.925400E-6	1.314270E+4	0.000000E+0	0.000000E+0
1.940267E+3	9.925800E-6	1.314290E+4	0.000000E+0	0.000000E+0
1.943256E+3	9.925100E-6	1.314320E+4	0.000000E+0	0.000000E+0
1.946269E+3	9.925700E-6	1.314320E+4	0.000000E+0	0.000000E+0
1.949261E+3	9.924900E-6	1.314320E+4	0.000000E+0	0.000000E+0
1.952260E+3	9.925800E-6	1.314320E+4	0.000000E+0	0.000000E+0
1.955261E+3	9.925100E-6	1.314320E+4	0.000000E+0	0.000000E+0
1.958260E+3	9.925200E-6	1.314350E+4	0.000000E+0	0.000000E+0
1.961256E+3	9.925100E-6	1.314390E+4	0.000000E+0	0.000000E+0
1.964260E+3	9.924100E-6	1.314410E+4	0.000000E+0	0.000000E+0
1.967260E+3	9.925000E-6	1.314410E+4	0.000000E+0	0.000000E+0
1.970260E+3	9.924500E-6	1.314420E+4	0.000000E+0	0.000000E+0
1.973259E+3	9.929400E-6	1.314410E+4	0.000000E+0	0.000000E+0
1.976257E+3	9.924900E-6	1.314390E+4	0.000000E+0	0.000000E+0
1.979255E+3	9.925000E-6	1.314410E+4	0.000000E+0	0.000000E+0
1.982257E+3	9.924500E-6	1.314440E+4	0.000000E+0	0.000000E+0
1.985254E+3	9.924000E-6	1.314480E+4	0.000000E+0	0.000000E+0
1.988255E+3	9.924100E-6	1.314530E+4	0.000000E+0	0.000000E+0
1.991258E+3	9.924500E-6	1.314580E+4	0.000000E+0	0.000000E+0
1.994266E+3	9.924600E-6	1.314600E+4	0.000000E+0	0.000000E+0
1.997268E+3	9.924200E-6	1.314590E+4	0.000000E+0	0.000000E+0
2.000268E+3	9.924500E-6	1.314570E+4	0.000000E+0	0.000000E+0
2.003253E+3	9.923800E-6	1.314540E+4	0.000000E+0	0.000000E+0
2.006252E+3	9.924700E-6	1.314540E+4	0.000000E+0	0.000000E+0
2.009250E+3	9.924100E-6	1.314560E+4	0.000000E+0	0.000000E+0
2.012247E+3	9.924100E-6	1.314560E+4	0.000000E+0	0.000000E+0
2.015250E+3	9.924200E-6	1.314530E+4	0.000000E+0	0.000000E+0
2.018247E+3	9.923700E-6	1.314510E+4	0.000000E+0	0.000000E+0
2.021247E+3	9.923400E-6	1.314470E+4	0.000000E+0	0.000000E+0
2.024248E+3	9.923400E-6	1.314430E+4	0.000000E+0	0.000000E+0
2.027247E+3	9.924000E-6	1.314410E+4	0.000000E+0	0.000000E+0
2.030246E+3	9.924900E-6	1.314410E+4	0.000000E+0	0.000000E+0
2.033248E+3	9.924200E-6	1.314440E+4	0.000000E+0	0.000000E+0
2.036246E+3	9.924100E-6	1.314480E+4	0.000000E+0	0.000000E+0
2.039245E+3	9.924100E-6	1.314490E+4	0.000000E+0	0.000000E+0
2.042251E+3	9.923900E-6	1.314520E+4	0.000000E+0	0.000000E+0
2.045245E+3	9.924000E-6	1.314540E+4	0.000000E+0	0.000000E+0
2.048248E+3	9.923900E-6	1.314590E+4	0.000000E+0	0.000000E+0
2.051244E+3	9.923500E-6	1.314610E+4	0.000000E+0	0.000000E+0
2.054256E+3	9.923600E-6	1.314610E+4	0.000000E+0	0.000000E+0
2.057246E+3	9.923200E-6	1.314590E+4	0.000000E+0	0.000000E+0
2.060254E+3	9.923300E-6	1.314540E+4	0.000000E+0	0.000000E+0
2.063248E+3	9.923400E-6	1.314510E+4	0.000000E+0	0.000000E+0
2.066243E+3	9.922900E-6	1.314490E+4	0.000000E+0	0.000000E+0
2.069246E+3	9.923300E-6	1.314480E+4	0.000000E+0	0.000000E+0
2.072242E+3	9.923200E-6	1.314470E+4	0.000000E+0	0.000000E+0
2.075244E+3	9.922600E-6	1.314460E+4	0.000000E+0	0.000000E+0
2.078240E+3	9.923600E-6	1.314480E+4	0.000000E+0	0.000000E+0
2.081241E+3	9.922800E-6	1.314470E+4	0.000000E+0	0.000000E+0
2.084248E+3	9.923100E-6	1.314480E+4	0.000000E+0	0.000000E+0
2.087241E+3	9.923000E-6	1.314460E+4	0.000000E+0	0.000000E+0
2.090256E+3	9.922800E-6	1.314460E+4	0.000000E+0	0.000000E+0
2.093256E+3	9.923500E-6	1.314470E+4	0.000000E+0	0.000000E+0
2.096263E+3	9.923400E-6	1.314450E+4	0.000000E+0	0.000000E+0
2.099278E+3	9.923200E-6	1.314460E+4	0.000000E+0	0.000000E+0
2.102252E+3	9.923600E-6	1.314420E+4	0.000000E+0	0.000000E+0
2.105250E+3	9.923300E-6	1.314410E+4	0.000000E+0	0.000000E+0
2.108248E+3	9.923400E-6	1.314410E+4	0.000000E+0	0.000000E+0
2.111251E+3	9.922600E-6	1.314400E+4	0.000000E+0	0.000000E+0
2.114251E+3	9.923000E-6	1.314370E+4	0.000000E+0	0.000000E+0
2.117256E+3	9.923100E-6	1.314340E+4	0.000000E+0	0.000000E+0
2.120266E+3	9.921800E-6	1.314320E+4	0.000000E+0	0.000000E+0
2.123256E+3	9.922200E-6	1.314290E+4	0.000000E+0	0.000000E+0
2.126256E+3	9.922100E-6	1.314270E+4	0.000000E+0	0.000000E+0
2.129256E+3	9.922800E-6	1.314280E+4	0.000000E+0	0.000000E+0
2.132259E+3	9.922600E-6	1.314280E+4	0.000000E+0	0.000000E+0
2.135259E+3	9.922800E-6	1.314280E+4	0.000000E+0	0.000000E+0
2.138257E+3	9.922000E-6	1.314260E+4	0.000000E+0	0.000000E+0
2.141259E+3	9.922100E-6	1.314260E+4	0.000000E+0	0.000000E+0
2.144270E+3	9.921800E-6	1.314260E+4	0.000000E+0	0.000000E+0
2.147262E+3	9.922000E-6	1.314260E+4	0.000000E+0	0.000000E+0
2.150267E+3	9.922100E-6	1.314240E+4	0.000000E+0	0.000000E+0
2.153265E+3	9.921900E-6	1.314240E+4	0.000000E+0	0.000000E+0
2.156263E+3	9.923500E-6	1.314260E+4	0.000000E+0	0.000000E+0
2.159265E+3	9.922100E-6	1.314240E+4	0.000000E+0	0.000000E+0
2.162260E+3	9.921500E-6	1.314230E+4	0.000000E+0	0.000000E+0
2.165260E+3	9.921500E-6	1.314220E+4	0.000000E+0	0.000000E+0
2.168260E+3	9.921100E-6	1.314200E+4	0.000000E+0	0.000000E+0
2.171255E+3	9.922100E-6	1.314180E+4	0.000000E+0	0.000000E+0
2.174255E+3	9.921600E-6	1.314160E+4	0.000000E+0	0.000000E+0
2.177254E+3	9.921200E-6	1.314160E+4	0.000000E+0	0.000000E+0
2.180253E+3	9.921300E-6	1.314220E+4	0.000000E+0	0.000000E+0
2.183252E+3	9.921000E-6	1.314300E+4	0.000000E+0	0.000000E+0
2.186248E+3	9.920800E-6	1.314380E+4	0.000000E+0	0.000000E+0
2.189249E+3	9.921500E-6	1.314400E+4	0.000000E+0	0.000000E+0
2.192250E+3	9.920600E-6	1.314400E+4	0.000000E+0	0.000000E+0
2.195245E+3	9.921300E-6	1.314390E+4	0.000000E+0	0.000000E+0
2.198250E+3	9.920900E-6	1.314370E+4	0.000000E+0	0.000000E+0
2.201247E+3	9.921100E-6	1.314330E+4	0.000000E+0	0.000000E+0
2.204253E+3	9.921000E-6	1.314320E+4	0.000000E+0	0.000000E+0
2.207243E+3	9.920700E-6	1.314290E+4	0.000000E+0	0.000000E+0
2.210246E+3	9.920800E-6	1.314250E+4	0.000000E+0	0.000000E+0
2.213250E+3	9.920500E-6	1.314220E+4	0.000000E+0	0.000000E+0
2.216245E+3	9.920300E-6	1.314210E+4	0.000000E+0	0.000000E+0
2.219251E+3	9.920200E-6	1.314170E+4	0.000000E+0	0.000000E+0
2.222248E+3	9.920600E-6	1.314160E+4	0.000000E+0	0.000000E+0
2.225245E+3	9.920000E-6	1.314140E+4	0.000000E+0	0.000000E+0
2.228251E+3	9.920700E-6	1.314120E+4	0.000000E+0	0.000000E+0
2.231245E+3	9.920500E-6	1.314100E+4	0.000000E+0	0.000000E+0
2.234249E+3	9.920500E-6	1.314080E+4	0.000000E+0	0.000000E+0
2.237246E+3	9.920000E-6	1.314080E+4	0.000000E+0	0.000000E+0
2.240254E+3	9.920500E-6	1.314130E+4	0.000000E+0	0.000000E+0
2.243249E+3	9.920500E-6	1.314230E+4	0.000000E+0	0.000000E+0
2.246254E+3	9.919900E-6	1.314370E+4	0.000000E+0	0.000000E+0
2.249246E+3	9.919400E-6	1.314410E+4	0.000000E+0	0.000000E+0
2.252254E+3	9.920000E-6	1.314430E+4	0.000000E+0	0.000000E+0
2.255247E+3	9.920100E-6	1.314410E+4	0.000000E+0	0.000000E+0
2.258254E+3	9.919100E-6	1.314410E+4	0.000000E+0	0.000000E+0
2.261252E+3	9.918900E-6	1.314390E+4	0.000000E+0	0.000000E+0
2.264247E+3	9.919600E-6	1.314380E+4	0.000000E+0	0.000000E+0
2.267262E+3	9.919500E-6	1.314360E+4	0.000000E+0	0.000000E+0
2.270265E+3	9.919500E-6	1.314320E+4	0.000000E+0	0.000000E+0
2.273271E+3	9.920100E-6	1.314300E+4	0.000000E+0	0.000000E+0
2.276266E+3	9.919000E-6	1.314370E+4	0.000000E+0	0.000000E+0
2.279261E+3	9.919400E-6	1.314390E+4	0.000000E+0	0.000000E+0
2.282264E+3	9.919400E-6	1.314390E+4	0.000000E+0	0.000000E+0
2.285264E+3	9.918500E-6	1.314420E+4	0.000000E+0	0.000000E+0
2.288263E+3	9.919200E-6	1.314400E+4	0.000000E+0	0.000000E+0
2.291264E+3	9.919500E-6	1.314370E+4	0.000000E+0	0.000000E+0
2.294258E+3	9.919400E-6	1.314320E+4	0.000000E+0	0.000000E+0
2.297264E+3	9.919600E-6	1.314300E+4	0.000000E+0	0.000000E+0
2.300262E+3	9.919200E-6	1.314280E+4	0.000000E+0	0.000000E+0
2.303263E+3	9.918200E-6	1.314260E+4	0.000000E+0	0.000000E+0
2.306264E+3	9.917800E-6	1.314240E+4	0.000000E+0	0.000000E+0
2.309261E+3	9.917200E-6	1.314220E+4	0.000000E+0	0.000000E+0
2.312265E+3	9.918400E-6	1.314200E+4	0.000000E+0	0.000000E+0
2.315261E+3	9.918500E-6	1.314190E+4	0.000000E+0	0.000000E+0
2.318264E+3	9.918200E-6	1.314170E+4	0.000000E+0	0.000000E+0
2.321265E+3	9.918200E-6	1.314150E+4	0.000000E+0	0.000000E+0
2.324265E+3	9.917300E-6	1.314130E+4	0.000000E+0	0.000000E+0
2.327265E+3	9.917900E-6	1.314110E+4	0.000000E+0	0.000000E+0
2.330265E+3	9.917700E-6	1.314070E+4	0.000000E+0	0.000000E+0
2.333264E+3	9.917600E-6	1.314050E+4	0.000000E+0	0.000000E+0
2.336265E+3	9.918300E-6	1.314030E+4	0.000000E+0	0.000000E+0
2.339262E+3	9.918200E-6	1.314000E+4	0.000000E+0	0.000000E+0
2.342265E+3	9.917400E-6	1.313980E+4	0.000000E+0	0.000000E+0
2.345260E+3	9.918500E-6	1.313960E+4	0.000000E+0	0.000000E+0
2.348265E+3	9.916700E-6	1.313940E+4	0.000000E+0	0.000000E+0
2.351263E+3	9.917500E-6	1.313920E+4	0.000000E+0	0.000000E+0
2.354266E+3	9.917400E-6	1.313910E+4	0.000000E+0	0.000000E+0
2.357260E+3	9.917700E-6	1.313890E+4	0.000000E+0	0.000000E+0
2.360263E+3	9.917000E-6	1.313870E+4	0.000000E+0	0.000000E+0
2.363263E+3	9.917600E-6	1.313850E+4	0.000000E+0	0.000000E+0
2.366265E+3	9.917800E-6	1.313840E+4	0.000000E+0	0.000000E+0
2.369263E+3	9.917100E-6	1.313850E+4	0.000000E+0	0.000000E+0
2.372263E+3	9.917600E-6	1.313840E+4	0.000000E+0	0.000000E+0
2.375266E+3	9.918000E-6	1.313820E+4	0.000000E+0	0.000000E+0
2.378258E+3	9.917800E-6	1.313810E+4	0.000000E+0	0.000000E+0
2.381266E+3	9.917700E-6	1.313800E+4	0.000000E+0	0.000000E+0
2.384266E+3	9.917800E-6	1.313790E+4	0.000000E+0	0.000000E+0
2.387259E+3	9.917800E-6	1.313780E+4	0.000000E+0	0.000000E+0
2.390267E+3	9.917200E-6	1.313770E+4	0.000000E+0	0.000000E+0
2.393261E+3	9.917800E-6	1.313770E+4	0.000000E+0	0.000000E+0
2.396264E+3	9.916700E-6	1.313750E+4	0.000000E+0	0.000000E+0
2.399261E+3	9.916800E-6	1.313730E+4	0.000000E+0	0.000000E+0
2.402262E+3	9.916400E-6	1.313710E+4	0.000000E+0	0.000000E+0
2.405262E+3	9.916500E-6	1.313720E+4	0.000000E+0	0.000000E+0
2.408262E+3	9.916200E-6	1.313720E+4	0.000000E+0	0.000000E+0
2.411262E+3	9.915900E-6	1.313740E+4	0.000000E+0	0.000000E+0
2.414260E+3	9.915600E-6	1.313750E+4	0.000000E+0	0.000000E+0
2.417261E+3	9.915600E-6	1.313790E+4	0.000000E+0	0.000000E+0
2.420262E+3	9.916100E-6	1.313870E+4	0.000000E+0	0.000000E+0
2.423260E+3	9.915900E-6	1.313920E+4	0.000000E+0	0.000000E+0
2.426263E+3	9.916700E-6	1.313940E+4	0.000000E+0	0.000000E+0
2.429265E+3	9.916200E-6	1.313940E+4	0.000000E+0	0.000000E+0
2.432263E+3	9.915800E-6	1.313940E+4	0.000000E+0	0.000000E+0
2.435265E+3	9.916000E-6	1.313920E+4	0.000000E+0	0.000000E+0
2.438265E+3	9.915900E-6	1.313890E+4	0.000000E+0	0.000000E+0
2.441263E+3	9.914700E-6	1.313870E+4	0.000000E+0	0.000000E+0
2.444260E+3	9.916100E-6	1.313860E+4	0.000000E+0	0.000000E+0
2.447262E+3	9.915000E-6	1.313880E+4	0.000000E+0	0.000000E+0
2.450265E+3	9.915600E-6	1.313900E+4	0.000000E+0	0.000000E+0
2.453265E+3	9.916000E-6	1.313900E+4	0.000000E+0	0.000000E+0
2.456263E+3	9.915300E-6	1.313900E+4	0.000000E+0	0.000000E+0
2.459271E+3	9.915000E-6	1.313890E+4	0.000000E+0	0.000000E+0
2.462261E+3	9.915300E-6	1.313870E+4	0.000000E+0	0.000000E+0
2.465261E+3	9.915500E-6	1.313860E+4	0.000000E+0	0.000000E+0
2.468264E+3	9.916100E-6	1.313850E+4	0.000000E+0	0.000000E+0
2.471264E+3	9.924700E-6	1.313820E+4	0.000000E+0	0.000000E+0
2.474263E+3	9.924000E-6	1.313810E+4	0.000000E+0	0.000000E+0
2.477258E+3	9.923100E-6	1.313780E+4	0.000000E+0	0.000000E+0
2.480261E+3	9.922000E-6	1.313770E+4	0.000000E+0	0.000000E+0
2.483263E+3	9.921400E-6	1.313750E+4	0.000000E+0	0.000000E+0
2.486258E+3	9.921400E-6	1.313740E+4	0.000000E+0	0.000000E+0
2.489258E+3	9.921300E-6	1.313740E+4	0.000000E+0	0.000000E+0
2.492259E+3	9.921400E-6	1.313720E+4	0.000000E+0	0.000000E+0
2.495267E+3	9.921900E-6	1.313700E+4	0.000000E+0	0.000000E+0
2.498272E+3	9.921200E-6	1.313670E+4	0.000000E+0	0.000000E+0
2.501261E+3	9.921000E-6	1.313640E+4	0.000000E+0	0.000000E+0
2.504259E+3	9.920700E-6	1.313640E+4	0.000000E+0	0.000000E+0
2.507257E+3	9.920400E-6	1.313660E+4	0.000000E+0	0.000000E+0
2.510260E+3	9.920800E-6	1.313650E+4	0.000000E+0	0.000000E+0
2.513256E+3	9.920300E-6	1.313640E+4	0.000000E+0	0.000000E+0
2.516260E+3	9.920100E-6	1.313630E+4	0.000000E+0	0.000000E+0
2.519249E+3	9.920300E-6	1.313600E+4	0.000000E+0	0.000000E+0
2.522247E+3	9.920200E-6	1.313590E+4	0.000000E+0	0.000000E+0
2.525247E+3	9.920100E-6	1.313580E+4	0.000000E+0	0.000000E+0
2.528246E+3	9.920600E-6	1.313580E+4	0.000000E+0	0.000000E+0
2.531246E+3	9.920600E-6	1.313580E+4	0.000000E+0	0.000000E+0
2.534252E+3	9.920400E-6	1.313590E+4	0.000000E+0	0.000000E+0
2.537250E+3	9.920200E-6	1.313580E+4	0.000000E+0	0.000000E+0
2.540244E+3	9.919700E-6	1.313560E+4	0.000000E+0	0.000000E+0
2.543247E+3	9.920100E-6	1.313540E+4	0.000000E+0	0.000000E+0
2.546247E+3	9.919500E-6	1.313520E+4	0.000000E+0	0.000000E+0
2.549241E+3	9.919800E-6	1.313490E+4	0.000000E+0	0.000000E+0
2.552247E+3	9.919900E-6	1.313460E+4	0.000000E+0	0.000000E+0
2.555249E+3	9.918800E-6	1.313440E+4	0.000000E+0	0.000000E+0
2.558244E+3	9.919300E-6	1.313420E+4	0.000000E+0	0.000000E+0
2.561263E+3	9.919100E-6	1.313410E+4	0.000000E+0	0.000000E+0
2.564264E+3	9.918200E-6	1.313400E+4	0.000000E+0	0.000000E+0
2.567261E+3	9.918800E-6	1.313390E+4	0.000000E+0	0.000000E+0
2.570258E+3	9.917900E-6	1.313380E+4	0.000000E+0	0.000000E+0
2.573259E+3	9.918100E-6	1.313370E+4	0.000000E+0	0.000000E+0
2.576258E+3	9.918500E-6	1.313360E+4	0.000000E+0	0.000000E+0
2.579261E+3	9.918600E-6	1.313340E+4	0.000000E+0	0.000000E+0
2.582262E+3	9.918600E-6	1.313320E+4	0.000000E+0	0.000000E+0
2.585262E+3	9.919000E-6	1.313310E+4	0.000000E+0	0.000000E+0
2.588262E+3	9.919300E-6	1.313310E+4	0.000000E+0	0.000000E+0
2.591261E+3	9.919500E-6	1.313310E+4	0.000000E+0	0.000000E+0
2.594272E+3	9.919300E-6	1.313330E+4	0.000000E+0	0.000000E+0
2.597261E+3	9.918600E-6	1.313330E+4	0.000000E+0	0.000000E+0
2.600265E+3	9.919200E-6	1.313330E+4	0.000000E+0	0.000000E+0
2.603259E+3	9.918800E-6	1.313340E+4	0.000000E+0	0.000000E+0
2.606265E+3	9.918800E-6	1.313330E+4	0.000000E+0	0.000000E+0
2.609259E+3	9.919000E-6	1.313330E+4	0.000000E+0	0.000000E+0
2.612263E+3	9.918500E-6	1.313320E+4	0.000000E+0	0.000000E+0
2.615265E+3	9.918500E-6	1.313310E+4	0.000000E+0	0.000000E+0
2.618263E+3	9.917900E-6	1.313330E+4	0.000000E+0	0.000000E+0
2.621263E+3	9.918200E-6	1.313370E+4	0.000000E+0	0.000000E+0
2.624263E+3	9.917200E-6	1.313390E+4	0.000000E+0	0.000000E+0
2.627260E+3	9.918200E-6	1.313390E+4	0.000000E+0	0.000000E+0
2.630263E+3	9.917600E-6	1.313390E+4	0.000000E+0	0.000000E+0
2.633263E+3	9.917200E-6	1.313380E+4	0.000000E+0	0.000000E+0
2.636263E+3	9.917400E-6	1.313360E+4	0.000000E+0	0.000000E+0
2.639265E+3	9.917300E-6	1.313350E+4	0.000000E+0	0.000000E+0
2.642265E+3	9.916600E-6	1.313330E+4	0.000000E+0	0.000000E+0
2.645266E+3	9.916600E-6	1.313310E+4	0.000000E+0	0.000000E+0
2.648266E+3	9.917000E-6	1.313270E+4	0.000000E+0	0.000000E+0
2.651265E+3	9.917400E-6	1.313250E+4	0.000000E+0	0.000000E+0
2.654268E+3	9.917900E-6	1.313220E+4	0.000000E+0	0.000000E+0
2.657261E+3	9.917300E-6	1.313200E+4	0.000000E+0	0.000000E+0
2.660266E+3	9.917000E-6	1.313160E+4	0.000000E+0	0.000000E+0
2.663263E+3	9.917600E-6	1.313140E+4	0.000000E+0	0.000000E+0
2.666264E+3	9.916900E-6	1.313090E+4	0.000000E+0	0.000000E+0
2.669264E+3	9.917300E-6	1.313050E+4	0.000000E+0	0.000000E+0
2.672264E+3	9.917200E-6	1.313030E+4	0.000000E+0	0.000000E+0
2.675261E+3	9.916900E-6	1.313010E+4	0.000000E+0	0.000000E+0
2.678262E+3	9.916900E-6	1.313030E+4	0.000000E+0	0.000000E+0
2.681261E+3	9.916400E-6	1.313060E+4	0.000000E+0	0.000000E+0
2.684264E+3	9.916800E-6	1.313100E+4	0.000000E+0	0.000000E+0
2.687258E+3	9.917000E-6	1.313130E+4	0.000000E+0	0.000000E+0
2.690267E+3	9.916800E-6	1.313160E+4	0.000000E+0	0.000000E+0
2.693259E+3	9.916400E-6	1.313160E+4	0.000000E+0	0.000000E+0
2.696264E+3	9.916400E-6	1.313160E+4	0.000000E+0	0.000000E+0
2.699264E+3	9.917300E-6	1.313160E+4	0.000000E+0	0.000000E+0
2.702265E+3	9.917100E-6	1.313150E+4	0.000000E+0	0.000000E+0
2.705262E+3	9.917000E-6	1.313140E+4	0.000000E+0	0.000000E+0
2.708263E+3	9.916100E-6	1.313110E+4	0.000000E+0	0.000000E+0
2.711260E+3	9.916400E-6	1.313090E+4	0.000000E+0	0.000000E+0
2.714262E+3	9.916600E-6	1.313080E+4	0.000000E+0	0.000000E+0
2.717265E+3	9.916000E-6	1.313070E+4	0.000000E+0	0.000000E+0
2.720262E+3	9.915900E-6	1.313060E+4	0.000000E+0	0.000000E+0
2.723262E+3	9.916100E-6	1.313050E+4	0.000000E+0	0.000000E+0
2.726263E+3	9.915900E-6	1.313040E+4	0.000000E+0	0.000000E+0
2.729263E+3	9.916000E-6	1.313030E+4	0.000000E+0	0.000000E+0
2.732261E+3	9.915700E-6	1.313020E+4	0.000000E+0	0.000000E+0
2.735257E+3	9.915200E-6	1.313020E+4	0.000000E+0	0.000000E+0
2.738264E+3	9.915500E-6	1.313070E+4	0.000000E+0	0.000000E+0
2.741266E+3	9.916300E-6	1.313160E+4	0.000000E+0	0.000000E+0
2.744264E+3	9.915900E-6	1.313180E+4	0.000000E+0	0.000000E+0
2.747264E+3	9.915500E-6	1.313190E+4	0.000000E+0	0.000000E+0
2.750261E+3	9.914900E-6	1.313230E+4	0.000000E+0	0.000000E+0
2.753263E+3	9.913900E-6	1.313250E+4	0.000000E+0	0.000000E+0
2.756261E+3	9.914100E-6	1.313260E+4	0.000000E+0	0.000000E+0
2.759263E+3	9.917100E-6	1.313260E+4	0.000000E+0	0.000000E+0
2.762261E+3	9.916400E-6	1.313250E+4	0.000000E+0	0.000000E+0
2.765265E+3	9.916600E-6	1.313230E+4	0.000000E+0	0.000000E+0
2.768261E+3	9.916200E-6	1.313220E+4	0.000000E+0	0.000000E+0
2.771262E+3	9.915400E-6	1.313190E+4	0.000000E+0	0.000000E+0
2.774262E+3	9.915300E-6	1.313160E+4	0.000000E+0	0.000000E+0
2.777262E+3	9.915900E-6	1.313140E+4	0.000000E+0	0.000000E+0
2.780262E+3	9.915600E-6	1.313130E+4	0.000000E+0	0.000000E+0
2.783257E+3	9.916000E-6	1.313120E+4	0.000000E+0	0.000000E+0
2.786264E+3	9.914900E-6	1.313110E+4	0.000000E+0	0.000000E+0
2.789262E+3	9.915400E-6	1.313100E+4	0.000000E+0	0.000000E+0
2.792262E+3	9.916000E-6	1.313090E+4	0.000000E+0	0.000000E+0
2.795262E+3	9.914200E-6	1.313050E+4	0.000000E+0	0.000000E+0
2.798260E+3	9.915500E-6	1.313030E+4	0.000000E+0	0.000000E+0
2.801260E+3	9.914200E-6	1.313020E+4	0.000000E+0	0.000000E+0
2.804262E+3	9.915400E-6	1.313010E+4	0.000000E+0	0.000000E+0
2.807263E+3	9.915200E-6	1.312980E+4	0.000000E+0	0.000000E+0
2.810265E+3	9.915000E-6	1.312970E+4	0.000000E+0	0.000000E+0
2.813265E+3	9.914700E-6	1.312960E+4	0.000000E+0	0.000000E+0
2.816265E+3	9.914100E-6	1.312960E+4	0.000000E+0	0.000000E+0
2.819260E+3	9.915000E-6	1.312970E+4	0.000000E+0	0.000000E+0
2.822261E+3	9.913700E-6	1.312970E+4	0.000000E+0	0.000000E+0
2.825263E+3	9.914000E-6	1.312980E+4	0.000000E+0	0.000000E+0
2.828263E+3	9.913300E-6	1.312990E+4	0.000000E+0	0.000000E+0
2.831263E+3	9.913800E-6	1.312980E+4	0.000000E+0	0.000000E+0
2.834261E+3	9.913600E-6	1.312960E+4	0.000000E+0	0.000000E+0
2.837263E+3	9.914000E-6	1.312950E+4	0.000000E+0	0.000000E+0
2.840263E+3	9.913400E-6	1.312950E+4	0.000000E+0	0.000000E+0
2.843263E+3	9.914000E-6	1.312940E+4	0.000000E+0	0.000000E+0
2.846266E+3	9.913500E-6	1.312920E+4	0.000000E+0	0.000000E+0
2.849259E+3	9.913400E-6	1.312930E+4	0.000000E+0	0.000000E+0
2.852264E+3	9.913400E-6	1.312940E+4	0.000000E+0	0.000000E+0
2.855261E+3	9.913200E-6	1.312940E+4	0.000000E+0	0.000000E+0
2.858264E+3	9.913200E-6	1.312970E+4	0.000000E+0	0.000000E+0
2.861266E+3	9.912500E-6	1.312960E+4	0.000000E+0	0.000000E+0
2.864264E+3	9.913100E-6	1.312980E+4	0.000000E+0	0.000000E+0
2.867262E+3	9.913600E-6	1.313000E+4	0.000000E+0	0.000000E+0
2.870262E+3	9.913200E-6	1.313010E+4	0.000000E+0	0.000000E+0
2.873262E+3	9.912300E-6	1.313010E+4	0.000000E+0	0.000000E+0
2.876264E+3	9.913100E-6	1.313020E+4	0.000000E+0	0.000000E+0
2.879259E+3	9.913500E-6	1.313020E+4	0.000000E+0	0.000000E+0
2.882262E+3	9.912900E-6	1.313010E+4	0.000000E+0	0.000000E+0
2.885262E+3	9.913200E-6	1.313020E+4	0.000000E+0	0.000000E+0
2.888260E+3	9.913100E-6	1.312990E+4	0.000000E+0	0.000000E+0
2.891267E+3	9.912700E-6	1.312990E+4	0.000000E+0	0.000000E+0
2.894262E+3	9.913600E-6	1.312960E+4	0.000000E+0	0.000000E+0
2.897267E+3	9.912900E-6	1.312960E+4	0.000000E+0	0.000000E+0
2.900263E+3	9.913000E-6	1.312940E+4	0.000000E+0	0.000000E+0
2.903263E+3	9.912900E-6	1.312930E+4	0.000000E+0	0.000000E+0
2.906263E+3	9.913200E-6	1.312900E+4	0.000000E+0	0.000000E+0
2.909265E+3	9.912700E-6	1.312890E+4	0.000000E+0	0.000000E+0
2.912261E+3	9.912800E-6	1.312890E+4	0.000000E+0	0.000000E+0
2.915262E+3	9.912900E-6	1.312870E+4	0.000000E+0	0.000000E+0
2.918263E+3	9.912100E-6	1.312860E+4	0.000000E+0	0.000000E+0
2.921263E+3	9.912400E-6	1.312850E+4	0.000000E+0	0.000000E+0
2.924261E+3	9.912100E-6	1.312840E+4	0.000000E+0	0.000000E+0
2.927258E+3	9.912600E-6	1.312830E+4	0.000000E+0	0.000000E+0
2.930261E+3	9.912600E-6	1.312820E+4	0.000000E+0	0.000000E+0
2.933260E+3	9.912500E-6	1.312820E+4	0.000000E+0	0.000000E+0
2.936263E+3	9.912600E-6	1.312800E+4	0.000000E+0	0.000000E+0
2.939261E+3	9.912200E-6	1.312810E+4	0.000000E+0	0.000000E+0
2.942266E+3	9.911400E-6	1.312830E+4	0.000000E+0	0.000000E+0
2.945259E+3	9.911700E-6	1.312820E+4	0.000000E+0	0.000000E+0
2.948264E+3	9.912400E-6	1.312830E+4	0.000000E+0	0.000000E+0
2.951262E+3	9.912100E-6	1.312830E+4	0.000000E+0	0.000000E+0
2.954265E+3	9.912100E-6	1.312810E+4	0.000000E+0	0.000000E+0
2.957262E+3	9.911700E-6	1.312810E+4	0.000000E+0	0.000000E+0
2.960264E+3	9.911500E-6	1.312790E+4	0.000000E+0	0.000000E+0
2.963256E+3	9.911300E-6	1.312790E+4	0.000000E+0	0.000000E+0
2.966261E+3	9.912200E-6	1.312790E+4	0.000000E+0	0.000000E+0
2.969262E+3	9.912300E-6	1.312790E+4	0.000000E+0	0.000000E+0
2.972264E+3	9.911600E-6	1.312780E+4	0.000000E+0	0.000000E+0
2.975257E+3	9.911200E-6	1.312780E+4	0.000000E+0	0.000000E+0
2.978262E+3	9.912000E-6	1.312770E+4	0.000000E+0	0.000000E+0
2.981260E+3	9.912400E-6	1.312780E+4	0.000000E+0	0.000000E+0
2.984262E+3	9.911900E-6	1.312790E+4	0.000000E+0	0.000000E+0
2.987259E+3	9.911600E-6	1.312810E+4	0.000000E+0	0.000000E+0
2.990258E+3	9.912000E-6	1.312810E+4	0.000000E+0	0.000000E+0
2.993259E+3	9.911400E-6	1.312820E+4	0.000000E+0	0.000000E+0
2.996262E+3	9.912100E-6	1.312840E+4	0.000000E+0	0.000000E+0
2.999260E+3	9.911900E-6	1.312840E+4	0.000000E+0	0.000000E+0
3.002261E+3	9.911800E-6	1.312840E+4	0.000000E+0	0.000000E+0
3.005260E+3	9.911900E-6	1.312840E+4	0.000000E+0	0.000000E+0
3.008260E+3	9.911500E-6	1.312820E+4	0.000000E+0	0.000000E+0
3.011263E+3	9.911700E-6	1.312800E+4	0.000000E+0	0.000000E+0
3.014260E+3	9.911300E-6	1.312780E+4	0.000000E+0	0.000000E+0
3.017261E+3	9.911100E-6	1.312760E+4	0.000000E+0	0.000000E+0
3.020261E+3	9.911000E-6	1.312740E+4	0.000000E+0	0.000000E+0
3.023263E+3	9.911200E-6	1.312720E+4	0.000000E+0	0.000000E+0
3.026264E+3	9.911300E-6	1.312710E+4	0.000000E+0	0.000000E+0
3.029277E+3	9.911100E-6	1.312710E+4	0.000000E+0	0.000000E+0
3.032266E+3	9.911300E-6	1.312720E+4	0.000000E+0	0.000000E+0
3.035263E+3	9.911700E-6	1.312730E+4	0.000000E+0	0.000000E+0
3.038259E+3	9.911500E-6	1.312710E+4	0.000000E+0	0.000000E+0
3.041263E+3	9.912000E-6	1.312720E+4	0.000000E+0	0.000000E+0
3.044262E+3	9.911800E-6	1.312710E+4	0.000000E+0	0.000000E+0
3.047261E+3	9.911200E-6	1.312700E+4	0.000000E+0	0.000000E+0
3.050257E+3	9.911000E-6	1.312680E+4	0.000000E+0	0.000000E+0
3.053256E+3	9.911100E-6	1.312670E+4	0.000000E+0	0.000000E+0
3.056256E+3	9.912300E-6	1.312680E+4	0.000000E+0	0.000000E+0
3.059259E+3	9.910900E-6	1.312660E+4	0.000000E+0	0.000000E+0
3.062259E+3	9.911900E-6	1.312660E+4	0.000000E+0	0.000000E+0
3.065257E+3	9.911000E-6	1.312680E+4	0.000000E+0	0.000000E+0
3.068255E+3	9.911500E-6	1.312700E+4	0.000000E+0	0.000000E+0
3.071257E+3	9.910100E-6	1.312710E+4	0.000000E+0	0.000000E+0
3.074257E+3	9.910400E-6	1.312710E+4	0.000000E+0	0.000000E+0
3.077257E+3	9.910400E-6	1.312720E+4	0.000000E+0	0.000000E+0
3.080259E+3	9.910300E-6	1.312740E+4	0.000000E+0	0.000000E+0
3.083260E+3	9.910300E-6	1.312720E+4	0.000000E+0	0.000000E+0
3.086258E+3	9.910100E-6	1.312710E+4	0.000000E+0	0.000000E+0
3.089262E+3	9.910200E-6	1.312700E+4	0.000000E+0	0.000000E+0
3.092261E+3	9.910000E-6	1.312690E+4	0.000000E+0	0.000000E+0
3.095262E+3	9.910500E-6	1.312700E+4	0.000000E+0	0.000000E+0
3.098261E+3	9.910500E-6	1.312720E+4	0.000000E+0	0.000000E+0
3.101260E+3	9.909900E-6	1.312750E+4	0.000000E+0	0.000000E+0
3.104260E+3	9.910600E-6	1.312750E+4	0.000000E+0	0.000000E+0
3.107258E+3	9.910300E-6	1.312760E+4	0.000000E+0	0.000000E+0
3.110264E+3	9.910300E-6	1.312770E+4	0.000000E+0	0.000000E+0
3.113263E+3	9.910000E-6	1.312740E+4	0.000000E+0	0.000000E+0
3.116261E+3	9.910000E-6	1.312730E+4	0.000000E+0	0.000000E+0
3.119261E+3	9.909500E-6	1.312720E+4	0.000000E+0	0.000000E+0
3.122263E+3	9.909300E-6	1.312720E+4	0.000000E+0	0.000000E+0
3.125263E+3	9.910000E-6	1.312730E+4	0.000000E+0	0.000000E+0
3.128262E+3	9.909700E-6	1.312730E+4	0.000000E+0	0.000000E+0
3.131263E+3	9.910000E-6	1.312730E+4	0.000000E+0	0.000000E+0
3.134256E+3	9.910200E-6	1.312740E+4	0.000000E+0	0.000000E+0
3.137258E+3	9.910000E-6	1.312750E+4	0.000000E+0	0.000000E+0
3.140262E+3	9.910300E-6	1.312750E+4	0.000000E+0	0.000000E+0
3.143261E+3	9.909700E-6	1.312750E+4	0.000000E+0	0.000000E+0
3.146262E+3	9.909400E-6	1.312740E+4	0.000000E+0	0.000000E+0
3.149262E+3	9.909600E-6	1.312740E+4	0.000000E+0	0.000000E+0
3.152257E+3	9.909700E-6	1.312730E+4	0.000000E+0	0.000000E+0
3.155259E+3	9.908600E-6	1.312710E+4	0.000000E+0	0.000000E+0
3.158264E+3	9.908800E-6	1.312700E+4	0.000000E+0	0.000000E+0
3.161260E+3	9.909000E-6	1.312680E+4	0.000000E+0	0.000000E+0
3.164255E+3	9.909300E-6	1.312670E+4	0.000000E+0	0.000000E+0
3.167257E+3	9.909200E-6	1.312680E+4	0.000000E+0	0.000000E+0
3.170257E+3	9.909200E-6	1.312680E+4	0.000000E+0	0.000000E+0
3.173257E+3	9.909300E-6	1.312690E+4	0.000000E+0	0.000000E+0
3.176262E+3	9.908900E-6	1.312680E+4	0.000000E+0	0.000000E+0
3.179263E+3	9.908100E-6	1.312680E+4	0.000000E+0	0.000000E+0
3.182265E+3	9.908500E-6	1.312680E+4	0.000000E+0	0.000000E+0
3.185257E+3	9.908600E-6	1.312690E+4	0.000000E+0	0.000000E+0
3.188265E+3	9.908300E-6	1.312700E+4	0.000000E+0	0.000000E+0
3.191260E+3	9.908400E-6	1.312700E+4	0.000000E+0	0.000000E+0
3.194255E+3	9.908300E-6	1.312700E+4	0.000000E+0	0.000000E+0
3.197253E+3	9.909100E-6	1.312680E+4	0.000000E+0	0.000000E+0
3.200256E+3	9.909500E-6	1.312660E+4	0.000000E+0	0.000000E+0
3.203252E+3	9.909000E-6	1.312650E+4	0.000000E+0	0.000000E+0
3.206250E+3	9.909200E-6	1.312630E+4	0.000000E+0	0.000000E+0
3.209250E+3	9.908900E-6	1.312640E+4	0.000000E+0	0.000000E+0
3.212248E+3	9.908300E-6	1.312640E+4	0.000000E+0	0.000000E+0
3.215243E+3	9.908300E-6	1.312610E+4	0.000000E+0	0.000000E+0
3.218247E+3	9.908800E-6	1.312600E+4	0.000000E+0	0.000000E+0
3.221248E+3	9.908600E-6	1.312590E+4	0.000000E+0	0.000000E+0
3.224253E+3	9.908800E-6	1.312580E+4	0.000000E+0	0.000000E+0
3.227258E+3	9.908300E-6	1.312570E+4	0.000000E+0	0.000000E+0
3.230259E+3	9.908600E-6	1.312560E+4	0.000000E+0	0.000000E+0
3.233256E+3	9.907200E-6	1.312560E+4	0.000000E+0	0.000000E+0
3.236257E+3	9.907700E-6	1.312560E+4	0.000000E+0	0.000000E+0
3.239256E+3	9.908100E-6	1.312550E+4	0.000000E+0	0.000000E+0
3.242259E+3	9.908400E-6	1.312550E+4	0.000000E+0	0.000000E+0
3.245251E+3	9.908600E-6	1.312530E+4	0.000000E+0	0.000000E+0
3.248246E+3	9.908100E-6	1.312530E+4	0.000000E+0	0.000000E+0
3.251241E+3	9.908300E-6	1.312520E+4	0.000000E+0	0.000000E+0
3.254246E+3	9.908400E-6	1.312540E+4	0.000000E+0	0.000000E+0
3.257246E+3	9.908100E-6	1.312550E+4	0.000000E+0	0.000000E+0
3.260247E+3	9.907600E-6	1.312550E+4	0.000000E+0	0.000000E+0
3.263264E+3	9.907900E-6	1.312530E+4	0.000000E+0	0.000000E+0
3.266267E+3	9.908300E-6	1.312530E+4	0.000000E+0	0.000000E+0
3.269262E+3	9.907900E-6	1.312530E+4	0.000000E+0	0.000000E+0
3.272252E+3	9.907800E-6	1.312510E+4	0.000000E+0	0.000000E+0
3.275255E+3	9.907800E-6	1.312500E+4	0.000000E+0	0.000000E+0
3.278263E+3	9.907800E-6	1.312490E+4	0.000000E+0	0.000000E+0
3.281257E+3	9.907800E-6	1.312470E+4	0.000000E+0	0.000000E+0
3.284261E+3	9.907600E-6	1.312490E+4	0.000000E+0	0.000000E+0
3.287262E+3	9.908000E-6	1.312520E+4	0.000000E+0	0.000000E+0
3.290260E+3	9.907800E-6	1.312530E+4	0.000000E+0	0.000000E+0
3.293260E+3	9.907800E-6	1.312520E+4	0.000000E+0	0.000000E+0
3.296258E+3	9.906900E-6	1.312520E+4	0.000000E+0	0.000000E+0
3.299260E+3	9.906800E-6	1.312540E+4	0.000000E+0	0.000000E+0
3.302261E+3	9.907000E-6	1.312560E+4	0.000000E+0	0.000000E+0
3.305260E+3	9.907800E-6	1.312570E+4	0.000000E+0	0.000000E+0
3.308256E+3	9.907000E-6	1.312570E+4	0.000000E+0	0.000000E+0
3.311256E+3	9.907500E-6	1.312580E+4	0.000000E+0	0.000000E+0
3.314267E+3	9.907000E-6	1.312580E+4	0.000000E+0	0.000000E+0
3.317261E+3	9.906200E-6	1.312560E+4	0.000000E+0	0.000000E+0
3.320259E+3	9.905900E-6	1.312560E+4	0.000000E+0	0.000000E+0
3.323261E+3	9.906600E-6	1.312550E+4	0.000000E+0	0.000000E+0
3.326256E+3	9.906900E-6	1.312550E+4	0.000000E+0	0.000000E+0
3.329259E+3	9.906600E-6	1.312530E+4	0.000000E+0	0.000000E+0
3.332259E+3	9.907300E-6	1.312520E+4	0.000000E+0	0.000000E+0
3.335261E+3	9.907200E-6	1.312510E+4	0.000000E+0	0.000000E+0
3.338256E+3	9.906000E-6	1.312500E+4	0.000000E+0	0.000000E+0
3.341262E+3	9.906900E-6	1.312480E+4	0.000000E+0	0.000000E+0
3.344264E+3	9.906100E-6	1.312480E+4	0.000000E+0	0.000000E+0
3.347262E+3	9.906500E-6	1.312470E+4	0.000000E+0	0.000000E+0
3.350262E+3	9.906600E-6	1.312470E+4	0.000000E+0	0.000000E+0
3.353262E+3	9.906600E-6	1.312470E+4	0.000000E+0	0.000000E+0
3.356263E+3	9.906300E-6	1.312470E+4	0.000000E+0	0.000000E+0
3.359259E+3	9.906400E-6	1.312470E+4	0.000000E+0	0.000000E+0
3.362259E+3	9.907100E-6	1.312480E+4	0.000000E+0	0.000000E+0
3.365261E+3	9.906700E-6	1.312490E+4	0.000000E+0	0.000000E+0
3.368260E+3	9.905700E-6	1.312510E+4	0.000000E+0	0.000000E+0
3.371255E+3	9.905800E-6	1.312560E+4	0.000000E+0	0.000000E+0
3.374261E+3	9.906400E-6	1.312640E+4	0.000000E+0	0.000000E+0
3.377262E+3	9.905800E-6	1.312690E+4	0.000000E+0	0.000000E+0
3.380261E+3	9.906900E-6	1.312710E+4	0.000000E+0	0.000000E+0
3.383260E+3	9.906800E-6	1.312700E+4	0.000000E+0	0.000000E+0
3.386260E+3	9.906100E-6	1.312690E+4	0.000000E+0	0.000000E+0
3.389263E+3	9.905900E-6	1.312680E+4	0.000000E+0	0.000000E+0
3.392258E+3	9.906600E-6	1.312660E+4	0.000000E+0	0.000000E+0
3.395260E+3	9.906200E-6	1.312650E+4	0.000000E+0	0.000000E+0
3.398255E+3	9.906400E-6	1.312630E+4	0.000000E+0	0.000000E+0
3.401260E+3	9.906100E-6	1.312620E+4	0.000000E+0	0.000000E+0
3.404259E+3	9.906600E-6	1.312610E+4	0.000000E+0	0.000000E+0
3.407261E+3	9.906600E-6	1.312590E+4	0.000000E+0	0.000000E+0
3.410261E+3	9.906600E-6	1.312580E+4	0.000000E+0	0.000000E+0
3.413259E+3	9.907000E-6	1.312560E+4	0.000000E+0	0.000000E+0
3.416258E+3	9.906600E-6	1.312540E+4	0.000000E+0	0.000000E+0
3.419256E+3	9.906700E-6	1.312520E+4	0.000000E+0	0.000000E+0
3.422257E+3	9.907000E-6	1.312510E+4	0.000000E+0	0.000000E+0
3.425259E+3	9.907000E-6	1.312520E+4	0.000000E+0	0.000000E+0
3.428261E+3	9.905900E-6	1.312500E+4	0.000000E+0	0.000000E+0
3.431254E+3	9.906100E-6	1.312500E+4	0.000000E+0	0.000000E+0
3.434259E+3	9.905900E-6	1.312480E+4	0.000000E+0	0.000000E+0
3.437259E+3	9.905700E-6	1.312470E+4	0.000000E+0	0.000000E+0
3.440264E+3	9.905400E-6	1.312490E+4	0.000000E+0	0.000000E+0
3.443262E+3	9.905900E-6	1.312500E+4	0.000000E+0	0.000000E+0
3.446259E+3	9.905800E-6	1.312520E+4	0.000000E+0	0.000000E+0
3.449256E+3	9.905400E-6	1.312520E+4	0.000000E+0	0.000000E+0
3.452257E+3	9.905800E-6	1.312510E+4	0.000000E+0	0.000000E+0
3.455260E+3	9.905700E-6	1.312500E+4	0.000000E+0	0.000000E+0
3.458260E+3	9.905800E-6	1.312490E+4	0.000000E+0	0.000000E+0
3.461255E+3	9.905800E-6	1.312490E+4	0.000000E+0	0.000000E+0
3.464258E+3	9.905100E-6	1.312500E+4	0.000000E+0	0.000000E+0
3.467257E+3	9.904900E-6	1.312510E+4	0.000000E+0	0.000000E+0
3.470258E+3	9.905100E-6	1.312520E+4	0.000000E+0	0.000000E+0
3.473260E+3	9.905000E-6	1.312500E+4	0.000000E+0	0.000000E+0
3.476261E+3	9.905000E-6	1.312500E+4	0.000000E+0	0.000000E+0
3.479258E+3	9.905200E-6	1.312510E+4	0.000000E+0	0.000000E+0
3.482271E+3	9.905000E-6	1.312530E+4	0.000000E+0	0.000000E+0
3.485258E+3	9.905100E-6	1.312570E+4	0.000000E+0	0.000000E+0
3.488255E+3	9.905400E-6	1.312620E+4	0.000000E+0	0.000000E+0
3.491256E+3	9.904800E-6	1.312660E+4	0.000000E+0	0.000000E+0
3.494258E+3	9.905500E-6	1.312660E+4	0.000000E+0	0.000000E+0
3.497256E+3	9.905100E-6	1.312660E+4	0.000000E+0	0.000000E+0
3.500256E+3	9.905500E-6	1.312650E+4	0.000000E+0	0.000000E+0
3.503263E+3	9.905000E-6	1.312630E+4	0.000000E+0	0.000000E+0
3.506264E+3	9.905400E-6	1.312610E+4	0.000000E+0	0.000000E+0
3.509258E+3	9.904900E-6	1.312600E+4	0.000000E+0	0.000000E+0
3.512261E+3	9.905100E-6	1.312580E+4	0.000000E+0	0.000000E+0
3.515254E+3	9.905100E-6	1.312550E+4	0.000000E+0	0.000000E+0
3.518257E+3	9.905300E-6	1.312540E+4	0.000000E+0	0.000000E+0
3.521258E+3	9.905400E-6	1.312500E+4	0.000000E+0	0.000000E+0
3.524265E+3	9.904300E-6	1.312490E+4	0.000000E+0	0.000000E+0
3.527261E+3	9.903800E-6	1.312490E+4	0.000000E+0	0.000000E+0
3.530265E+3	9.904800E-6	1.312500E+4	0.000000E+0	0.000000E+0
3.533260E+3	9.905100E-6	1.312530E+4	0.000000E+0	0.000000E+0
3.536259E+3	9.904500E-6	1.312540E+4	0.000000E+0	0.000000E+0
3.539259E+3	9.904300E-6	1.312540E+4	0.000000E+0	0.000000E+0
3.542260E+3	9.904800E-6	1.312550E+4	0.000000E+0	0.000000E+0
3.545259E+3	9.904000E-6	1.312540E+4	0.000000E+0	0.000000E+0
3.548258E+3	9.904700E-6	1.312550E+4	0.000000E+0	0.000000E+0
3.551259E+3	9.904200E-6	1.312530E+4	0.000000E+0	0.000000E+0
3.554258E+3	9.904200E-6	1.312540E+4	0.000000E+0	0.000000E+0
3.557257E+3	9.904500E-6	1.312550E+4	0.000000E+0	0.000000E+0
3.560258E+3	9.904500E-6	1.312570E+4	0.000000E+0	0.000000E+0
3.563257E+3	9.904700E-6	1.312580E+4	0.000000E+0	0.000000E+0
3.566260E+3	9.904400E-6	1.312570E+4	0.000000E+0	0.000000E+0
3.569255E+3	9.904800E-6	1.312560E+4	0.000000E+0	0.000000E+0
3.572256E+3	9.904400E-6	1.312540E+4	0.000000E+0	0.000000E+0
3.575260E+3	9.904300E-6	1.312530E+4	0.000000E+0	0.000000E+0
3.578253E+3	9.905100E-6	1.312520E+4	0.000000E+0	0.000000E+0
3.581261E+3	9.904500E-6	1.312490E+4	0.000000E+0	0.000000E+0
3.584260E+3	9.905000E-6	1.312470E+4	0.000000E+0	0.000000E+0
3.587260E+3	9.904400E-6	1.312450E+4	0.000000E+0	0.000000E+0
3.590259E+3	9.903800E-6	1.312430E+4	0.000000E+0	0.000000E+0
3.593259E+3	9.903600E-6	1.312420E+4	0.000000E+0	0.000000E+0
3.596259E+3	9.904600E-6	1.312400E+4	0.000000E+0	0.000000E+0
3.599259E+3	9.904700E-6	1.312420E+4	0.000000E+0	0.000000E+0
3.602258E+3	9.904400E-6	1.312430E+4	0.000000E+0	0.000000E+0
3.605258E+3	9.904900E-6	1.312420E+4	0.000000E+0	0.000000E+0
3.608256E+3	9.904200E-6	1.312420E+4	0.000000E+0	0.000000E+0
3.611256E+3	9.904700E-6	1.312430E+4	0.000000E+0	0.000000E+0
3.614253E+3	9.904300E-6	1.312440E+4	0.000000E+0	0.000000E+0
3.617256E+3	9.903300E-6	1.312440E+4	0.000000E+0	0.000000E+0
3.620254E+3	9.904100E-6	1.312490E+4	0.000000E+0	0.000000E+0
3.623251E+3	9.904500E-6	1.312510E+4	0.000000E+0	0.000000E+0
3.626256E+3	9.903700E-6	1.312500E+4	0.000000E+0	0.000000E+0
3.629258E+3	9.903600E-6	1.312480E+4	0.000000E+0	0.000000E+0
3.632265E+3	9.904500E-6	1.312490E+4	0.000000E+0	0.000000E+0
3.635262E+3	9.903800E-6	1.312480E+4	0.000000E+0	0.000000E+0
3.638263E+3	9.903800E-6	1.312480E+4	0.000000E+0	0.000000E+0
3.641263E+3	9.904300E-6	1.312480E+4	0.000000E+0	0.000000E+0
3.644262E+3	9.903900E-6	1.312470E+4	0.000000E+0	0.000000E+0
3.647260E+3	9.904000E-6	1.312460E+4	0.000000E+0	0.000000E+0
3.650257E+3	9.903900E-6	1.312440E+4	0.000000E+0	0.000000E+0
3.653260E+3	9.903200E-6	1.312430E+4	0.000000E+0	0.000000E+0
3.656258E+3	9.906200E-6	1.312410E+4	0.000000E+0	0.000000E+0
3.659262E+3	9.903800E-6	1.312430E+4	0.000000E+0	0.000000E+0
3.662258E+3	9.903700E-6	1.312470E+4	0.000000E+0	0.000000E+0
3.665258E+3	9.902900E-6	1.312500E+4	0.000000E+0	0.000000E+0
3.668258E+3	9.903700E-6	1.312510E+4	0.000000E+0	0.000000E+0
3.671258E+3	9.903400E-6	1.312520E+4	0.000000E+0	0.000000E+0
3.674258E+3	9.904100E-6	1.312510E+4	0.000000E+0	0.000000E+0
3.677260E+3	9.903500E-6	1.312480E+4	0.000000E+0	0.000000E+0
3.680259E+3	9.903300E-6	1.312470E+4	0.000000E+0	0.000000E+0
3.683259E+3	9.903300E-6	1.312460E+4	0.000000E+0	0.000000E+0
3.686259E+3	9.903200E-6	1.312450E+4	0.000000E+0	0.000000E+0
3.689259E+3	9.903500E-6	1.312440E+4	0.000000E+0	0.000000E+0
3.692256E+3	9.904100E-6	1.312430E+4	0.000000E+0	0.000000E+0
3.695261E+3	9.903800E-6	1.312410E+4	0.000000E+0	0.000000E+0
3.698259E+3	9.903400E-6	1.312400E+4	0.000000E+0	0.000000E+0
3.701259E+3	9.903600E-6	1.312390E+4	0.000000E+0	0.000000E+0
3.704259E+3	9.902900E-6	1.312380E+4	0.000000E+0	0.000000E+0
3.707259E+3	9.903100E-6	1.312370E+4	0.000000E+0	0.000000E+0
3.710259E+3	9.902600E-6	1.312400E+4	0.000000E+0	0.000000E+0
3.713251E+3	9.902200E-6	1.312450E+4	0.000000E+0	0.000000E+0
3.716248E+3	9.919900E-6	1.312460E+4	0.000000E+0	0.000000E+0
3.719246E+3	9.919000E-6	1.312510E+4	0.000000E+0	0.000000E+0
3.722260E+3	9.917800E-6	1.312540E+4	0.000000E+0	0.000000E+0
3.725265E+3	9.917600E-6	1.312560E+4	0.000000E+0	0.000000E+0
3.728257E+3	9.918200E-6	1.312560E+4	0.000000E+0	0.000000E+0
3.731259E+3	9.917300E-6	1.312560E+4	0.000000E+0	0.000000E+0
3.734257E+3	9.917800E-6	1.312550E+4	0.000000E+0	0.000000E+0
3.737260E+3	9.918400E-6	1.312540E+4	0.000000E+0	0.000000E+0
3.740258E+3	9.917300E-6	1.312530E+4	0.000000E+0	0.000000E+0
3.743257E+3	9.918000E-6	1.312530E+4	0.000000E+0	0.000000E+0
3.746270E+3	9.916900E-6	1.312540E+4	0.000000E+0	0.000000E+0
3.749257E+3	9.918300E-6	1.312580E+4	0.000000E+0	0.000000E+0
3.752271E+3	9.916600E-6	1.312600E+4	0.000000E+0	0.000000E+0
3.755257E+3	9.916400E-6	1.312660E+4	0.000000E+0	0.000000E+0
3.758263E+3	9.916200E-6	1.312680E+4	0.000000E+0	0.000000E+0
3.761261E+3	9.916100E-6	1.312680E+4	0.000000E+0	0.000000E+0
3.764258E+3	9.916900E-6	1.312660E+4	0.000000E+0	0.000000E+0
3.767260E+3	9.917600E-6	1.312640E+4	0.000000E+0	0.000000E+0
3.770259E+3	9.917500E-6	1.312610E+4	0.000000E+0	0.000000E+0
3.773258E+3	9.917000E-6	1.312570E+4	0.000000E+0	0.000000E+0
3.776261E+3	9.925100E-6	1.312550E+4	0.000000E+0	0.000000E+0
3.779260E+3	9.917000E-6	1.312520E+4	0.000000E+0	0.000000E+0
3.782262E+3	9.917000E-6	1.312500E+4	0.000000E+0	0.000000E+0
3.785266E+3	9.917700E-6	1.312460E+4	0.000000E+0	0.000000E+0
3.788258E+3	9.916800E-6	1.312440E+4	0.000000E+0	0.000000E+0
3.791262E+3	9.916400E-6	1.312460E+4	0.000000E+0	0.000000E+0
3.794267E+3	9.916800E-6	1.312480E+4	0.000000E+0	0.000000E+0
3.797266E+3	9.916400E-6	1.312480E+4	0.000000E+0	0.000000E+0
3.800257E+3	9.916000E-6	1.312500E+4	0.000000E+0	0.000000E+0
3.803262E+3	9.916400E-6	1.312500E+4	0.000000E+0	0.000000E+0
3.806267E+3	9.916400E-6	1.312480E+4	0.000000E+0	0.000000E+0
3.809261E+3	9.915400E-6	1.312470E+4	0.000000E+0	0.000000E+0
3.812259E+3	9.916000E-6	1.312440E+4	0.000000E+0	0.000000E+0
3.815260E+3	9.915900E-6	1.312420E+4	0.000000E+0	0.000000E+0
3.818263E+3	9.916300E-6	1.312390E+4	0.000000E+0	0.000000E+0
3.821264E+3	9.916600E-6	1.312380E+4	0.000000E+0	0.000000E+0
3.824262E+3	9.916300E-6	1.312380E+4	0.000000E+0	0.000000E+0
3.827265E+3	9.916200E-6	1.312380E+4	0.000000E+0	0.000000E+0
3.830265E+3	9.916200E-6	1.312360E+4	0.000000E+0	0.000000E+0
3.833262E+3	9.916300E-6	1.312360E+4	0.000000E+0	0.000000E+0
3.836269E+3	9.916700E-6	1.312340E+4	0.000000E+0	0.000000E+0
3.839265E+3	9.915300E-6	1.312330E+4	0.000000E+0	0.000000E+0
3.842265E+3	9.915500E-6	1.312340E+4	0.000000E+0	0.000000E+0
3.845263E+3	9.915000E-6	1.312360E+4	0.000000E+0	0.000000E+0
3.848265E+3	9.916500E-6	1.312370E+4	0.000000E+0	0.000000E+0
3.851263E+3	9.915700E-6	1.312370E+4	0.000000E+0	0.000000E+0
3.854268E+3	9.915500E-6	1.312360E+4	0.000000E+0	0.000000E+0
3.857261E+3	9.916000E-6	1.312350E+4	0.000000E+0	0.000000E+0
3.860264E+3	9.915800E-6	1.312320E+4	0.000000E+0	0.000000E+0
3.863266E+3	9.915700E-6	1.312300E+4	0.000000E+0	0.000000E+0
3.866261E+3	9.916000E-6	1.312280E+4	0.000000E+0	0.000000E+0
3.869259E+3	9.915300E-6	1.312280E+4	0.000000E+0	0.000000E+0
3.872263E+3	9.916500E-6	1.312260E+4	0.000000E+0	0.000000E+0
3.875264E+3	9.917400E-6	1.312240E+4	0.000000E+0	0.000000E+0
3.878264E+3	9.916600E-6	1.312240E+4	0.000000E+0	0.000000E+0
3.881262E+3	9.918000E-6	1.312220E+4	0.000000E+0	0.000000E+0
3.884266E+3	9.917300E-6	1.312230E+4	0.000000E+0	0.000000E+0
3.887259E+3	9.918100E-6	1.312250E+4	0.000000E+0	0.000000E+0
3.890264E+3	9.918000E-6	1.312260E+4	0.000000E+0	0.000000E+0
3.893265E+3	9.918400E-6	1.312260E+4	0.000000E+0	0.000000E+0
3.896264E+3	9.917700E-6	1.312250E+4	0.000000E+0	0.000000E+0
3.899264E+3	9.917600E-6	1.312240E+4	0.000000E+0	0.000000E+0
3.902264E+3	9.918100E-6	1.312210E+4	0.000000E+0	0.000000E+0
3.905262E+3	9.917800E-6	1.312210E+4	0.000000E+0	0.000000E+0
3.908263E+3	9.917800E-6	1.312180E+4	0.000000E+0	0.000000E+0
3.911262E+3	9.917300E-6	1.312170E+4	0.000000E+0	0.000000E+0
3.914265E+3	9.916800E-6	1.312180E+4	0.000000E+0	0.000000E+0
3.917260E+3	9.917800E-6	1.312190E+4	0.000000E+0	0.000000E+0
3.920263E+3	9.917800E-6	1.312200E+4	0.000000E+0	0.000000E+0
3.923263E+3	9.917500E-6	1.312210E+4	0.000000E+0	0.000000E+0
3.926266E+3	9.917500E-6	1.312210E+4	0.000000E+0	0.000000E+0
3.929265E+3	9.917300E-6	1.312200E+4	0.000000E+0	0.000000E+0
3.932261E+3	9.917300E-6	1.312210E+4	0.000000E+0	0.000000E+0
3.935262E+3	9.917400E-6	1.312200E+4	0.000000E+0	0.000000E+0
3.938269E+3	9.917100E-6	1.312230E+4	0.000000E+0	0.000000E+0
3.941260E+3	9.917900E-6	1.312270E+4	0.000000E+0	0.000000E+0
3.944264E+3	9.917600E-6	1.312330E+4	0.000000E+0	0.000000E+0
3.947263E+3	9.918100E-6	1.312370E+4	0.000000E+0	0.000000E+0
3.950264E+3	9.916800E-6	1.312390E+4	0.000000E+0	0.000000E+0
3.953264E+3	9.917100E-6	1.312400E+4	0.000000E+0	0.000000E+0
3.956261E+3	9.924900E-6	1.312370E+4	0.000000E+0	0.000000E+0
3.959264E+3	9.917800E-6	1.312340E+4	0.000000E+0	0.000000E+0
3.962264E+3	9.917800E-6	1.312320E+4	0.000000E+0	0.000000E+0
3.965265E+3	9.916700E-6	1.312290E+4	0.000000E+0	0.000000E+0
3.968266E+3	9.917000E-6	1.312270E+4	0.000000E+0	0.000000E+0
3.971264E+3	9.916900E-6	1.312240E+4	0.000000E+0	0.000000E+0
3.974270E+3	9.917200E-6	1.312270E+4	0.000000E+0	0.000000E+0
3.977262E+3	9.917300E-6	1.312320E+4	0.000000E+0	0.000000E+0
3.980265E+3	9.917000E-6	1.312410E+4	0.000000E+0	0.000000E+0
3.983264E+3	9.916400E-6	1.312460E+4	0.000000E+0	0.000000E+0
3.986264E+3	9.917100E-6	1.312480E+4	0.000000E+0	0.000000E+0
3.989262E+3	9.917200E-6	1.312500E+4	0.000000E+0	0.000000E+0
3.992264E+3	9.915500E-6	1.312490E+4	0.000000E+0	0.000000E+0
3.995262E+3	9.915600E-6	1.312490E+4	0.000000E+0	0.000000E+0
3.998265E+3	9.915300E-6	1.312470E+4	0.000000E+0	0.000000E+0
4.001264E+3	9.917400E-6	1.312450E+4	0.000000E+0	0.000000E+0
4.004263E+3	9.916600E-6	1.312410E+4	0.000000E+0	0.000000E+0
4.007262E+3	9.916000E-6	1.312400E+4	0.000000E+0	0.000000E+0
4.010262E+3	9.916200E-6	1.312380E+4	0.000000E+0	0.000000E+0
4.013260E+3	9.915900E-6	1.312360E+4	0.000000E+0	0.000000E+0
4.016262E+3	9.915000E-6	1.312360E+4	0.000000E+0	0.000000E+0
4.019262E+3	9.915000E-6	1.312340E+4	0.000000E+0	0.000000E+0
4.022269E+3	9.915800E-6	1.312320E+4	0.000000E+0	0.000000E+0
4.025267E+3	9.915000E-6	1.312290E+4	0.000000E+0	0.000000E+0
4.028267E+3	9.915500E-6	1.312270E+4	0.000000E+0	0.000000E+0
4.031271E+3	9.915200E-6	1.312260E+4	0.000000E+0	0.000000E+0
4.034265E+3	9.915200E-6	1.312240E+4	0.000000E+0	0.000000E+0
4.037263E+3	9.914300E-6	1.312290E+4	0.000000E+0	0.000000E+0
4.040266E+3	9.914400E-6	1.312350E+4	0.000000E+0	0.000000E+0
4.043265E+3	9.914600E-6	1.312370E+4	0.000000E+0	0.000000E+0
4.046264E+3	9.915000E-6	1.312390E+4	0.000000E+0	0.000000E+0
4.049266E+3	9.914600E-6	1.312430E+4	0.000000E+0	0.000000E+0
4.052259E+3	9.915200E-6	1.312480E+4	0.000000E+0	0.000000E+0
4.055264E+3	9.914600E-6	1.312480E+4	0.000000E+0	0.000000E+0
4.058262E+3	9.915600E-6	1.312500E+4	0.000000E+0	0.000000E+0
4.061266E+3	9.915400E-6	1.312470E+4	0.000000E+0	0.000000E+0
4.064259E+3	9.914600E-6	1.312440E+4	0.000000E+0	0.000000E+0
4.067261E+3	9.915000E-6	1.312410E+4	0.000000E+0	0.000000E+0
4.070261E+3	9.913900E-6	1.312380E+4	0.000000E+0	0.000000E+0
4.073261E+3	9.915000E-6	1.312370E+4	0.000000E+0	0.000000E+0
4.076261E+3	9.914300E-6	1.312350E+4	0.000000E+0	0.000000E+0
4.079262E+3	9.913300E-6	1.312310E+4	0.000000E+0	0.000000E+0
4.082265E+3	9.915000E-6	1.312290E+4	0.000000E+0	0.000000E+0
4.085264E+3	9.914500E-6	1.312270E+4	0.000000E+0	0.000000E+0
4.088265E+3	9.913000E-6	1.312250E+4	0.000000E+0	0.000000E+0
4.091262E+3	9.914000E-6	1.312240E+4	0.000000E+0	0.000000E+0
4.094265E+3	9.913800E-6	1.312240E+4	0.000000E+0	0.000000E+0
4.097264E+3	9.912900E-6	1.312220E+4	0.000000E+0	0.000000E+0
4.100265E+3	9.914200E-6	1.312220E+4	0.000000E+0	0.000000E+0
4.103263E+3	9.914400E-6	1.312230E+4	0.000000E+0	0.000000E+0
4.106262E+3	9.913400E-6	1.312240E+4	0.000000E+0	0.000000E+0
4.109262E+3	9.913500E-6	1.312240E+4	0.000000E+0	0.000000E+0
4.112265E+3	9.913500E-6	1.312240E+4	0.000000E+0	0.000000E+0
4.115263E+3	9.912900E-6	1.312250E+4	0.000000E+0	0.000000E+0
4.118263E+3	9.913400E-6	1.312270E+4	0.000000E+0	0.000000E+0
4.121263E+3	9.913700E-6	1.312280E+4	0.000000E+0	0.000000E+0
4.124263E+3	9.913000E-6	1.312280E+4	0.000000E+0	0.000000E+0
4.127263E+3	9.914200E-6	1.312280E+4	0.000000E+0	0.000000E+0
4.130263E+3	9.912900E-6	1.312270E+4	0.000000E+0	0.000000E+0
4.133263E+3	9.912700E-6	1.312250E+4	0.000000E+0	0.000000E+0
4.136263E+3	9.913000E-6	1.312240E+4	0.000000E+0	0.000000E+0
4.139263E+3	9.913500E-6	1.312220E+4	0.000000E+0	0.000000E+0
4.142263E+3	9.912700E-6	1.312260E+4	0.000000E+0	0.000000E+0
4.145263E+3	9.914200E-6	1.312300E+4	0.000000E+0	0.000000E+0
4.148263E+3	9.913000E-6	1.312310E+4	0.000000E+0	0.000000E+0
4.151263E+3	9.912600E-6	1.312310E+4	0.000000E+0	0.000000E+0
4.154263E+3	9.913500E-6	1.312310E+4	0.000000E+0	0.000000E+0
4.157264E+3	9.913300E-6	1.312310E+4	0.000000E+0	0.000000E+0
4.160264E+3	9.913000E-6	1.312310E+4	0.000000E+0	0.000000E+0
4.163264E+3	9.913700E-6	1.312310E+4	0.000000E+0	0.000000E+0
4.166264E+3	9.912900E-6	1.312300E+4	0.000000E+0	0.000000E+0
4.169262E+3	9.913000E-6	1.312290E+4	0.000000E+0	0.000000E+0
4.172262E+3	9.911900E-6	1.312280E+4	0.000000E+0	0.000000E+0
4.175262E+3	9.912700E-6	1.312270E+4	0.000000E+0	0.000000E+0
4.178262E+3	9.912300E-6	1.312260E+4	0.000000E+0	0.000000E+0
4.181265E+3	9.912700E-6	1.312250E+4	0.000000E+0	0.000000E+0
4.184259E+3	9.912300E-6	1.312220E+4	0.000000E+0	0.000000E+0
4.187264E+3	9.911600E-6	1.312200E+4	0.000000E+0	0.000000E+0
4.190263E+3	9.911400E-6	1.312180E+4	0.000000E+0	0.000000E+0
4.193262E+3	9.911300E-6	1.312190E+4	0.000000E+0	0.000000E+0
4.196265E+3	9.911500E-6	1.312200E+4	0.000000E+0	0.000000E+0
4.199260E+3	9.911500E-6	1.312220E+4	0.000000E+0	0.000000E+0
4.202260E+3	9.911800E-6	1.312220E+4	0.000000E+0	0.000000E+0
4.205260E+3	9.911900E-6	1.312210E+4	0.000000E+0	0.000000E+0
4.208263E+3	9.911700E-6	1.312200E+4	0.000000E+0	0.000000E+0
4.211262E+3	9.911500E-6	1.312190E+4	0.000000E+0	0.000000E+0
4.214262E+3	9.911300E-6	1.312180E+4	0.000000E+0	0.000000E+0
4.217262E+3	9.911700E-6	1.312170E+4	0.000000E+0	0.000000E+0
4.220261E+3	9.911900E-6	1.312150E+4	0.000000E+0	0.000000E+0
4.223265E+3	9.911500E-6	1.312150E+4	0.000000E+0	0.000000E+0
4.226264E+3	9.911200E-6	1.312160E+4	0.000000E+0	0.000000E+0
4.229263E+3	9.912100E-6	1.312200E+4	0.000000E+0	0.000000E+0
4.232261E+3	9.912600E-6	1.312230E+4	0.000000E+0	0.000000E+0
4.235261E+3	9.912700E-6	1.312240E+4	0.000000E+0	0.000000E+0
4.238264E+3	9.912200E-6	1.312240E+4	0.000000E+0	0.000000E+0
4.241264E+3	9.912100E-6	1.312240E+4	0.000000E+0	0.000000E+0
4.244264E+3	9.912100E-6	1.312250E+4	0.000000E+0	0.000000E+0
4.247264E+3	9.911800E-6	1.312330E+4	0.000000E+0	0.000000E+0
4.250264E+3	9.911500E-6	1.312380E+4	0.000000E+0	0.000000E+0
4.253264E+3	9.912300E-6	1.312410E+4	0.000000E+0	0.000000E+0
4.256264E+3	9.911500E-6	1.312420E+4	0.000000E+0	0.000000E+0
4.259262E+3	9.912200E-6	1.312470E+4	0.000000E+0	0.000000E+0
4.262265E+3	9.912000E-6	1.312470E+4	0.000000E+0	0.000000E+0
4.265264E+3	9.912000E-6	1.312480E+4	0.000000E+0	0.000000E+0
4.268265E+3	9.911100E-6	1.312480E+4	0.000000E+0	0.000000E+0
4.271263E+3	9.912500E-6	1.312490E+4	0.000000E+0	0.000000E+0
4.274260E+3	9.912000E-6	1.312530E+4	0.000000E+0	0.000000E+0
4.277262E+3	9.912600E-6	1.312520E+4	0.000000E+0	0.000000E+0
4.280264E+3	9.911300E-6	1.312500E+4	0.000000E+0	0.000000E+0
4.283262E+3	9.912300E-6	1.312470E+4	0.000000E+0	0.000000E+0
4.286262E+3	9.911400E-6	1.312430E+4	0.000000E+0	0.000000E+0
4.289265E+3	9.910400E-6	1.312400E+4	0.000000E+0	0.000000E+0
4.292275E+3	9.911800E-6	1.312360E+4	0.000000E+0	0.000000E+0
4.295260E+3	9.911700E-6	1.312330E+4	0.000000E+0	0.000000E+0
4.298266E+3	9.911100E-6	1.312310E+4	0.000000E+0	0.000000E+0
4.301262E+3	9.911300E-6	1.312290E+4	0.000000E+0	0.000000E+0
4.304265E+3	9.911500E-6	1.312260E+4	0.000000E+0	0.000000E+0
4.307265E+3	9.910900E-6	1.312250E+4	0.000000E+0	0.000000E+0
4.310265E+3	9.911200E-6	1.312240E+4	0.000000E+0	0.000000E+0
4.313263E+3	9.911500E-6	1.312240E+4	0.000000E+0	0.000000E+0
4.316268E+3	9.911200E-6	1.312240E+4	0.000000E+0	0.000000E+0
4.319263E+3	9.911000E-6	1.312230E+4	0.000000E+0	0.000000E+0
4.322266E+3	9.910100E-6	1.312250E+4	0.000000E+0	0.000000E+0
4.325264E+3	9.893700E-6	1.312280E+4	0.000000E+0	0.000000E+0
4.328264E+3	9.893400E-6	1.312290E+4	0.000000E+0	0.000000E+0
4.331263E+3	9.893600E-6	1.312290E+4	0.000000E+0	0.000000E+0
4.334264E+3	9.893100E-6	1.312280E+4	0.000000E+0	0.000000E+0
4.337264E+3	9.893300E-6	1.312260E+4	0.000000E+0	0.000000E+0
4.340264E+3	9.893000E-6	1.312250E+4	0.000000E+0	0.000000E+0
4.343264E+3	9.893600E-6	1.312240E+4	0.000000E+0	0.000000E+0
4.346264E+3	9.893300E-6	1.312230E+4	0.000000E+0	0.000000E+0
4.349262E+3	9.893200E-6	1.312230E+4	0.000000E+0	0.000000E+0
4.352261E+3	9.893300E-6	1.312240E+4	0.000000E+0	0.000000E+0
4.355264E+3	9.893700E-6	1.312240E+4	0.000000E+0	0.000000E+0
4.358261E+3	9.893100E-6	1.312240E+4	0.000000E+0	0.000000E+0
4.361261E+3	9.893600E-6	1.312270E+4	0.000000E+0	0.000000E+0
4.364265E+3	9.893900E-6	1.312280E+4	0.000000E+0	0.000000E+0
4.367261E+3	9.892300E-6	1.312280E+4	0.000000E+0	0.000000E+0
4.370265E+3	9.893100E-6	1.312270E+4	0.000000E+0	0.000000E+0
4.373265E+3	9.893600E-6	1.312270E+4	0.000000E+0	0.000000E+0
4.376265E+3	9.893000E-6	1.312290E+4	0.000000E+0	0.000000E+0
4.379264E+3	9.894700E-6	1.312300E+4	0.000000E+0	0.000000E+0
4.382260E+3	9.895100E-6	1.312320E+4	0.000000E+0	0.000000E+0
4.385260E+3	9.894800E-6	1.312350E+4	0.000000E+0	0.000000E+0
4.388260E+3	9.895400E-6	1.312370E+4	0.000000E+0	0.000000E+0
4.391263E+3	9.894600E-6	1.312430E+4	0.000000E+0	0.000000E+0
4.394262E+3	9.895800E-6	1.312480E+4	0.000000E+0	0.000000E+0
4.397262E+3	9.894900E-6	1.312550E+4	0.000000E+0	0.000000E+0
4.400257E+3	9.895000E-6	1.312590E+4	0.000000E+0	0.000000E+0
4.403258E+3	9.895200E-6	1.312600E+4	0.000000E+0	0.000000E+0
4.406258E+3	9.894900E-6	1.312610E+4	0.000000E+0	0.000000E+0
4.409263E+3	9.894500E-6	1.312610E+4	0.000000E+0	0.000000E+0
4.412260E+3	9.894900E-6	1.312620E+4	0.000000E+0	0.000000E+0
4.415260E+3	9.894600E-6	1.312610E+4	0.000000E+0	0.000000E+0
4.418256E+3	9.894700E-6	1.312590E+4	0.000000E+0	0.000000E+0
4.421260E+3	9.894600E-6	1.312580E+4	0.000000E+0	0.000000E+0
4.424255E+3	9.894800E-6	1.312570E+4	0.000000E+0	0.000000E+0
4.427258E+3	9.894200E-6	1.312560E+4	0.000000E+0	0.000000E+0
4.430261E+3	9.894000E-6	1.312550E+4	0.000000E+0	0.000000E+0
4.433261E+3	9.894200E-6	1.312580E+4	0.000000E+0	0.000000E+0
4.436258E+3	9.893400E-6	1.312620E+4	0.000000E+0	0.000000E+0
4.439263E+3	9.894400E-6	1.312620E+4	0.000000E+0	0.000000E+0
4.442259E+3	9.895000E-6	1.312600E+4	0.000000E+0	0.000000E+0
4.445258E+3	9.893700E-6	1.312580E+4	0.000000E+0	0.000000E+0
4.448256E+3	9.893600E-6	1.312550E+4	0.000000E+0	0.000000E+0
4.451259E+3	9.893700E-6	1.312510E+4	0.000000E+0	0.000000E+0
4.454264E+3	9.894100E-6	1.312500E+4	0.000000E+0	0.000000E+0
4.457262E+3	9.893300E-6	1.312480E+4	0.000000E+0	0.000000E+0
4.460262E+3	9.893100E-6	1.312480E+4	0.000000E+0	0.000000E+0
4.463254E+3	9.901300E-6	1.312460E+4	0.000000E+0	0.000000E+0
4.466257E+3	9.899700E-6	1.312430E+4	0.000000E+0	0.000000E+0
4.469251E+3	9.898700E-6	1.312410E+4	0.000000E+0	0.000000E+0
4.472249E+3	9.899000E-6	1.312370E+4	0.000000E+0	0.000000E+0
4.475244E+3	9.899200E-6	1.312350E+4	0.000000E+0	0.000000E+0
4.478255E+3	9.899000E-6	1.312320E+4	0.000000E+0	0.000000E+0
4.481254E+3	9.899000E-6	1.312290E+4	0.000000E+0	0.000000E+0
4.484249E+3	9.899100E-6	1.312270E+4	0.000000E+0	0.000000E+0
4.487249E+3	9.898200E-6	1.312250E+4	0.000000E+0	0.000000E+0
4.490249E+3	9.898000E-6	1.312230E+4	0.000000E+0	0.000000E+0
4.493249E+3	9.897600E-6	1.312230E+4	0.000000E+0	0.000000E+0
4.496247E+3	9.898000E-6	1.312230E+4	0.000000E+0	0.000000E+0
4.499245E+3	9.898300E-6	1.312270E+4	0.000000E+0	0.000000E+0
4.502250E+3	9.898000E-6	1.312300E+4	0.000000E+0	0.000000E+0
4.505247E+3	9.897900E-6	1.312320E+4	0.000000E+0	0.000000E+0
4.508253E+3	9.897800E-6	1.312340E+4	0.000000E+0	0.000000E+0
4.511248E+3	9.898000E-6	1.312350E+4	0.000000E+0	0.000000E+0
4.514250E+3	9.897900E-6	1.312390E+4	0.000000E+0	0.000000E+0
4.517245E+3	9.897900E-6	1.312410E+4	0.000000E+0	0.000000E+0
4.520251E+3	9.897800E-6	1.312420E+4	0.000000E+0	0.000000E+0
4.523251E+3	9.895600E-6	1.312420E+4	0.000000E+0	0.000000E+0
4.526247E+3	9.897300E-6	1.312390E+4	0.000000E+0	0.000000E+0
4.529248E+3	9.897700E-6	1.312370E+4	0.000000E+0	0.000000E+0
4.532248E+3	9.897700E-6	1.312360E+4	0.000000E+0	0.000000E+0
4.535248E+3	9.897500E-6	1.312350E+4	0.000000E+0	0.000000E+0
4.538251E+3	9.897300E-6	1.312400E+4	0.000000E+0	0.000000E+0
4.541251E+3	9.897700E-6	1.312420E+4	0.000000E+0	0.000000E+0
4.544249E+3	9.897700E-6	1.312430E+4	0.000000E+0	0.000000E+0
4.547249E+3	9.897900E-6	1.312410E+4	0.000000E+0	0.000000E+0
4.550253E+3	9.897600E-6	1.312380E+4	0.000000E+0	0.000000E+0
4.553251E+3	9.897400E-6	1.312360E+4	0.000000E+0	0.000000E+0
4.556256E+3	9.899600E-6	1.312340E+4	0.000000E+0	0.000000E+0
4.559252E+3	9.896800E-6	1.312330E+4	0.000000E+0	0.000000E+0
4.562247E+3	9.897700E-6	1.312310E+4	0.000000E+0	0.000000E+0
4.565248E+3	9.897200E-6	1.312290E+4	0.000000E+0	0.000000E+0
4.568249E+3	9.896800E-6	1.312280E+4	0.000000E+0	0.000000E+0
4.571244E+3	9.896600E-6	1.312270E+4	0.000000E+0	0.000000E+0
4.574251E+3	9.896800E-6	1.312260E+4	0.000000E+0	0.000000E+0
4.577246E+3	9.897000E-6	1.312240E+4	0.000000E+0	0.000000E+0
4.580244E+3	9.897200E-6	1.312230E+4	0.000000E+0	0.000000E+0
4.583252E+3	9.897300E-6	1.312210E+4	0.000000E+0	0.000000E+0
4.586247E+3	9.897100E-6	1.312200E+4	0.000000E+0	0.000000E+0
4.589249E+3	9.896400E-6	1.312180E+4	0.000000E+0	0.000000E+0
4.592245E+3	9.896900E-6	1.312140E+4	0.000000E+0	0.000000E+0
4.595249E+3	9.895400E-6	1.312120E+4	0.000000E+0	0.000000E+0
4.598247E+3	9.895700E-6	1.312090E+4	0.000000E+0	0.000000E+0
4.601245E+3	9.895500E-6	1.312070E+4	0.000000E+0	0.000000E+0
4.604250E+3	9.895000E-6	1.312080E+4	0.000000E+0	0.000000E+0
4.607247E+3	9.895900E-6	1.312080E+4	0.000000E+0	0.000000E+0
4.610250E+3	9.895600E-6	1.312080E+4	0.000000E+0	0.000000E+0
4.613243E+3	9.895200E-6	1.312080E+4	0.000000E+0	0.000000E+0
4.616251E+3	9.895000E-6	1.312090E+4	0.000000E+0	0.000000E+0
4.619264E+3	9.895100E-6	1.312100E+4	0.000000E+0	0.000000E+0
4.622266E+3	9.895200E-6	1.312100E+4	0.000000E+0	0.000000E+0
4.625258E+3	9.895600E-6	1.312090E+4	0.000000E+0	0.000000E+0
4.628259E+3	9.894900E-6	1.312090E+4	0.000000E+0	0.000000E+0
4.631261E+3	9.899600E-6	1.312080E+4	0.000000E+0	0.000000E+0
4.634257E+3	9.894800E-6	1.312080E+4	0.000000E+0	0.000000E+0
4.637262E+3	9.895600E-6	1.312080E+4	0.000000E+0	0.000000E+0
4.640259E+3	9.894700E-6	1.312080E+4	0.000000E+0	0.000000E+0
4.643262E+3	9.894700E-6	1.312090E+4	0.000000E+0	0.000000E+0
4.646262E+3	9.894500E-6	1.312100E+4	0.000000E+0	0.000000E+0
4.649261E+3	9.894200E-6	1.312090E+4	0.000000E+0	0.000000E+0
4.652262E+3	9.895200E-6	1.312090E+4	0.000000E+0	0.000000E+0
4.655262E+3	9.894600E-6	1.312060E+4	0.000000E+0	0.000000E+0
4.658264E+3	9.894600E-6	1.312050E+4	0.000000E+0	0.000000E+0
4.661260E+3	9.894200E-6	1.312030E+4	0.000000E+0	0.000000E+0
4.664259E+3	9.894700E-6	1.312020E+4	0.000000E+0	0.000000E+0
4.667259E+3	9.894900E-6	1.312000E+4	0.000000E+0	0.000000E+0
4.670260E+3	9.894800E-6	1.311990E+4	0.000000E+0	0.000000E+0
4.673262E+3	9.894400E-6	1.311980E+4	0.000000E+0	0.000000E+0
4.676265E+3	9.894600E-6	1.311980E+4	0.000000E+0	0.000000E+0
4.679263E+3	9.894400E-6	1.311970E+4	0.000000E+0	0.000000E+0
4.682263E+3	9.893400E-6	1.311960E+4	0.000000E+0	0.000000E+0
4.685266E+3	9.894100E-6	1.311930E+4	0.000000E+0	0.000000E+0
4.688264E+3	9.894200E-6	1.311920E+4	0.000000E+0	0.000000E+0
4.691263E+3	9.894200E-6	1.311910E+4	0.000000E+0	0.000000E+0
4.694264E+3	9.893900E-6	1.311890E+4	0.000000E+0	0.000000E+0
4.697266E+3	9.894800E-6	1.311910E+4	0.000000E+0	0.000000E+0
4.700264E+3	9.894400E-6	1.311930E+4	0.000000E+0	0.000000E+0
4.703263E+3	9.894300E-6	1.311940E+4	0.000000E+0	0.000000E+0
4.706261E+3	9.893700E-6	1.311950E+4	0.000000E+0	0.000000E+0
4.709261E+3	9.894500E-6	1.311940E+4	0.000000E+0	0.000000E+0
4.712264E+3	9.894100E-6	1.311930E+4	0.000000E+0	0.000000E+0
4.715266E+3	9.894600E-6	1.311920E+4	0.000000E+0	0.000000E+0
4.718264E+3	9.895300E-6	1.311900E+4	0.000000E+0	0.000000E+0
4.721266E+3	9.894900E-6	1.311890E+4	0.000000E+0	0.000000E+0
4.724264E+3	9.894500E-6	1.311880E+4	0.000000E+0	0.000000E+0
4.727264E+3	9.895100E-6	1.311870E+4	0.000000E+0	0.000000E+0
4.730265E+3	9.895600E-6	1.311890E+4	0.000000E+0	0.000000E+0
4.733262E+3	9.894500E-6	1.311920E+4	0.000000E+0	0.000000E+0
4.736261E+3	9.894700E-6	1.311920E+4	0.000000E+0	0.000000E+0
4.739264E+3	9.894600E-6	1.311930E+4	0.000000E+0	0.000000E+0
4.742264E+3	9.894500E-6	1.311930E+4	0.000000E+0	0.000000E+0
4.745265E+3	9.893600E-6	1.311920E+4	0.000000E+0	0.000000E+0
4.748262E+3	9.894500E-6	1.311920E+4	0.000000E+0	0.000000E+0
4.751259E+3	9.894200E-6	1.311930E+4	0.000000E+0	0.000000E+0
4.754265E+3	9.894200E-6	1.311950E+4	0.000000E+0	0.000000E+0
4.757262E+3	9.894300E-6	1.311940E+4	0.000000E+0	0.000000E+0
4.760265E+3	9.894000E-6	1.311940E+4	0.000000E+0	0.000000E+0
4.763263E+3	9.893600E-6	1.311930E+4	0.000000E+0	0.000000E+0
4.766263E+3	9.893500E-6	1.311910E+4	0.000000E+0	0.000000E+0
4.769263E+3	9.893600E-6	1.311900E+4	0.000000E+0	0.000000E+0
4.772263E+3	9.894000E-6	1.311890E+4	0.000000E+0	0.000000E+0
4.775263E+3	9.893400E-6	1.311880E+4	0.000000E+0	0.000000E+0
4.778265E+3	9.893600E-6	1.311860E+4	0.000000E+0	0.000000E+0
4.781260E+3	9.894300E-6	1.311840E+4	0.000000E+0	0.000000E+0
4.784265E+3	9.893900E-6	1.311830E+4	0.000000E+0	0.000000E+0
4.787265E+3	9.894100E-6	1.311830E+4	0.000000E+0	0.000000E+0
4.790261E+3	9.894300E-6	1.311810E+4	0.000000E+0	0.000000E+0
4.793256E+3	9.894000E-6	1.311780E+4	0.000000E+0	0.000000E+0
4.796260E+3	9.894200E-6	1.311770E+4	0.000000E+0	0.000000E+0
4.799261E+3	9.894400E-6	1.311770E+4	0.000000E+0	0.000000E+0
4.802261E+3	9.894400E-6	1.311750E+4	0.000000E+0	0.000000E+0
4.805263E+3	9.894300E-6	1.311740E+4	0.000000E+0	0.000000E+0
4.808262E+3	9.894000E-6	1.311740E+4	0.000000E+0	0.000000E+0
4.811263E+3	9.894400E-6	1.311750E+4	0.000000E+0	0.000000E+0
4.814264E+3	9.893700E-6	1.311760E+4	0.000000E+0	0.000000E+0
4.817259E+3	9.894200E-6	1.311770E+4	0.000000E+0	0.000000E+0
4.820261E+3	9.893500E-6	1.311780E+4	0.000000E+0	0.000000E+0
4.823258E+3	9.893700E-6	1.311830E+4	0.000000E+0	0.000000E+0
4.826264E+3	9.893200E-6	1.311860E+4	0.000000E+0	0.000000E+0
4.829259E+3	9.893700E-6	1.311870E+4	0.000000E+0	0.000000E+0
4.832262E+3	9.892700E-6	1.311850E+4	0.000000E+0	0.000000E+0
4.835262E+3	9.893300E-6	1.311840E+4	0.000000E+0	0.000000E+0
4.838262E+3	9.893800E-6	1.311810E+4	0.000000E+0	0.000000E+0
4.841262E+3	9.893200E-6	1.311790E+4	0.000000E+0	0.000000E+0
4.844257E+3	9.893300E-6	1.311780E+4	0.000000E+0	0.000000E+0
4.847259E+3	9.892700E-6	1.311800E+4	0.000000E+0	0.000000E+0
4.850262E+3	9.892700E-6	1.311840E+4	0.000000E+0	0.000000E+0
4.853263E+3	9.892500E-6	1.311860E+4	0.000000E+0	0.000000E+0
4.856260E+3	9.894200E-6	1.311880E+4	0.000000E+0	0.000000E+0
4.859259E+3	9.893300E-6	1.311880E+4	0.000000E+0	0.000000E+0
4.862262E+3	9.892900E-6	1.311870E+4	0.000000E+0	0.000000E+0
4.865263E+3	9.893700E-6	1.311870E+4	0.000000E+0	0.000000E+0
4.868258E+3	9.892300E-6	1.311860E+4	0.000000E+0	0.000000E+0
4.871257E+3	9.893600E-6	1.311840E+4	0.000000E+0	0.000000E+0
4.874255E+3	9.893400E-6	1.311810E+4	0.000000E+0	0.000000E+0
4.877255E+3	9.893200E-6	1.311790E+4	0.000000E+0	0.000000E+0
4.880253E+3	9.892400E-6	1.311790E+4	0.000000E+0	0.000000E+0
4.883249E+3	9.891700E-6	1.311810E+4	0.000000E+0	0.000000E+0
4.886247E+3	9.892200E-6	1.311850E+4	0.000000E+0	0.000000E+0
4.889248E+3	9.892600E-6	1.311850E+4	0.000000E+0	0.000000E+0
4.892247E+3	9.892700E-6	1.311870E+4	0.000000E+0	0.000000E+0
4.895247E+3	9.891700E-6	1.311860E+4	0.000000E+0	0.000000E+0
4.898247E+3	9.891900E-6	1.311840E+4	0.000000E+0	0.000000E+0
4.901247E+3	9.892500E-6	1.311860E+4	0.000000E+0	0.000000E+0
4.904246E+3	9.892000E-6	1.311850E+4	0.000000E+0	0.000000E+0
4.907246E+3	9.892100E-6	1.311850E+4	0.000000E+0	0.000000E+0
4.910250E+3	9.892800E-6	1.311840E+4	0.000000E+0	0.000000E+0
4.913245E+3	9.892300E-6	1.311820E+4	0.000000E+0	0.000000E+0
4.916256E+3	9.892000E-6	1.311810E+4	0.000000E+0	0.000000E+0
4.919264E+3	9.890300E-6	1.311800E+4	0.000000E+0	0.000000E+0
4.922265E+3	9.890600E-6	1.311770E+4	0.000000E+0	0.000000E+0
4.925261E+3	9.903000E-6	1.311750E+4	0.000000E+0	0.000000E+0
4.928257E+3	9.900300E-6	1.311740E+4	0.000000E+0	0.000000E+0
4.931259E+3	9.899700E-6	1.311730E+4	0.000000E+0	0.000000E+0
4.934262E+3	9.899100E-6	1.311710E+4	0.000000E+0	0.000000E+0
4.937262E+3	9.898900E-6	1.311710E+4	0.000000E+0	0.000000E+0
4.940260E+3	9.898700E-6	1.311710E+4	0.000000E+0	0.000000E+0
4.943260E+3	9.898600E-6	1.311720E+4	0.000000E+0	0.000000E+0
4.946262E+3	9.897800E-6	1.311730E+4	0.000000E+0	0.000000E+0
4.949260E+3	9.897000E-6	1.311730E+4	0.000000E+0	0.000000E+0
4.952263E+3	9.897700E-6	1.311750E+4	0.000000E+0	0.000000E+0
4.955263E+3	9.897000E-6	1.311760E+4	0.000000E+0	0.000000E+0
4.958263E+3	9.897600E-6	1.311760E+4	0.000000E+0	0.000000E+0
4.961265E+3	9.898100E-6	1.311760E+4	0.000000E+0	0.000000E+0
4.964262E+3	9.897100E-6	1.311750E+4	0.000000E+0	0.000000E+0
4.967263E+3	9.897500E-6	1.311750E+4	0.000000E+0	0.000000E+0
4.970261E+3	9.897000E-6	1.311780E+4	0.000000E+0	0.000000E+0
4.973260E+3	9.896600E-6	1.311780E+4	0.000000E+0	0.000000E+0
4.976260E+3	9.896700E-6	1.311780E+4	0.000000E+0	0.000000E+0
4.979263E+3	9.896100E-6	1.311770E+4	0.000000E+0	0.000000E+0
4.982268E+3	9.895100E-6	1.311750E+4	0.000000E+0	0.000000E+0
4.985261E+3	9.892900E-6	1.311760E+4	0.000000E+0	0.000000E+0
4.988264E+3	9.892700E-6	1.311810E+4	0.000000E+0	0.000000E+0
4.991266E+3	9.896000E-6	1.311850E+4	0.000000E+0	0.000000E+0
4.994261E+3	9.894100E-6	1.311850E+4	0.000000E+0	0.000000E+0
4.997264E+3	9.894400E-6	1.311860E+4	0.000000E+0	0.000000E+0
5.000264E+3	9.894700E-6	1.311880E+4	0.000000E+0	0.000000E+0
5.003264E+3	9.893400E-6	1.311870E+4	0.000000E+0	0.000000E+0
5.006265E+3	9.893600E-6	1.311860E+4	0.000000E+0	0.000000E+0
5.009262E+3	9.895200E-6	1.311850E+4	0.000000E+0	0.000000E+0
5.012265E+3	9.892800E-6	1.311840E+4	0.000000E+0	0.000000E+0
5.015265E+3	9.893300E-6	1.311820E+4	0.000000E+0	0.000000E+0
5.018264E+3	9.892400E-6	1.311800E+4	0.000000E+0	0.000000E+0
5.021265E+3	9.893100E-6	1.311790E+4	0.000000E+0	0.000000E+0
5.024262E+3	9.892600E-6	1.311780E+4	0.000000E+0	0.000000E+0
5.027262E+3	9.892700E-6	1.311800E+4	0.000000E+0	0.000000E+0
5.030263E+3	9.891400E-6	1.311840E+4	0.000000E+0	0.000000E+0
5.033265E+3	9.892000E-6	1.311880E+4	0.000000E+0	0.000000E+0
5.036265E+3	9.892100E-6	1.311920E+4	0.000000E+0	0.000000E+0
5.039263E+3	9.891200E-6	1.311930E+4	0.000000E+0	0.000000E+0
5.042263E+3	9.891300E-6	1.311910E+4	0.000000E+0	0.000000E+0
5.045262E+3	9.892000E-6	1.311900E+4	0.000000E+0	0.000000E+0
5.048265E+3	9.891900E-6	1.311880E+4	0.000000E+0	0.000000E+0
5.051263E+3	9.891600E-6	1.311860E+4	0.000000E+0	0.000000E+0
5.054265E+3	9.891300E-6	1.311850E+4	0.000000E+0	0.000000E+0
5.057260E+3	9.891500E-6	1.311830E+4	0.000000E+0	0.000000E+0
5.060263E+3	9.892100E-6	1.311810E+4	0.000000E+0	0.000000E+0
5.063263E+3	9.891700E-6	1.311790E+4	0.000000E+0	0.000000E+0
5.066264E+3	9.890800E-6	1.311780E+4	0.000000E+0	0.000000E+0
5.069263E+3	9.890600E-6	1.311770E+4	0.000000E+0	0.000000E+0
5.072264E+3	9.890900E-6	1.311760E+4	0.000000E+0	0.000000E+0
5.075260E+3	9.890800E-6	1.311730E+4	0.000000E+0	0.000000E+0
5.078266E+3	9.890800E-6	1.311710E+4	0.000000E+0	0.000000E+0
5.081264E+3	9.890300E-6	1.311690E+4	0.000000E+0	0.000000E+0
5.084259E+3	9.890100E-6	1.311660E+4	0.000000E+0	0.000000E+0
5.087260E+3	9.890100E-6	1.311630E+4	0.000000E+0	0.000000E+0
5.090264E+3	9.890700E-6	1.311620E+4	0.000000E+0	0.000000E+0
5.093750E+3	9.891100E-6	1.311600E+4	0.000000E+0	0.000000E+0
5.096262E+3	9.895800E-6	1.311570E+4	0.000000E+0	0.000000E+0
5.099266E+3	9.890300E-6	1.311550E+4	0.000000E+0	0.000000E+0
5.102264E+3	9.890400E-6	1.311540E+4	0.000000E+0	0.000000E+0
5.105262E+3	9.890300E-6	1.311520E+4	0.000000E+0	0.000000E+0
5.108265E+3	9.890800E-6	1.311500E+4	0.000000E+0	0.000000E+0
5.111264E+3	9.890500E-6	1.311480E+4	0.000000E+0	0.000000E+0
5.114264E+3	9.890600E-6	1.311470E+4	0.000000E+0	0.000000E+0
5.117267E+3	9.890300E-6	1.311450E+4	0.000000E+0	0.000000E+0
5.120267E+3	9.890600E-6	1.311440E+4	0.000000E+0	0.000000E+0
5.123265E+3	9.890800E-6	1.311430E+4	0.000000E+0	0.000000E+0
5.126265E+3	9.890900E-6	1.311420E+4	0.000000E+0	0.000000E+0
5.129268E+3	9.890300E-6	1.311410E+4	0.000000E+0	0.000000E+0
5.132263E+3	9.890600E-6	1.311400E+4	0.000000E+0	0.000000E+0
5.135262E+3	9.890200E-6	1.311390E+4	0.000000E+0	0.000000E+0
5.138263E+3	9.890900E-6	1.311410E+4	0.000000E+0	0.000000E+0
5.141263E+3	9.891100E-6	1.311400E+4	0.000000E+0	0.000000E+0
5.144263E+3	9.891200E-6	1.311390E+4	0.000000E+0	0.000000E+0
5.147263E+3	9.890100E-6	1.311400E+4	0.000000E+0	0.000000E+0
5.150266E+3	9.890600E-6	1.311390E+4	0.000000E+0	0.000000E+0
5.153265E+3	9.890800E-6	1.311400E+4	0.000000E+0	0.000000E+0
5.156266E+3	9.890000E-6	1.311430E+4	0.000000E+0	0.000000E+0
5.159261E+3	9.890900E-6	1.311450E+4	0.000000E+0	0.000000E+0
5.162263E+3	9.889900E-6	1.311460E+4	0.000000E+0	0.000000E+0
5.165263E+3	9.889200E-6	1.311460E+4	0.000000E+0	0.000000E+0
5.168260E+3	9.891500E-6	1.311460E+4	0.000000E+0	0.000000E+0
5.171264E+3	9.890200E-6	1.311460E+4	0.000000E+0	0.000000E+0
5.174264E+3	9.890000E-6	1.311460E+4	0.000000E+0	0.000000E+0
5.177266E+3	9.890700E-6	1.311460E+4	0.000000E+0	0.000000E+0
5.180264E+3	9.890400E-6	1.311480E+4	0.000000E+0	0.000000E+0
5.183267E+3	9.890100E-6	1.311510E+4	0.000000E+0	0.000000E+0
5.186261E+3	9.889800E-6	1.311520E+4	0.000000E+0	0.000000E+0
5.189266E+3	9.890300E-6	1.311550E+4	0.000000E+0	0.000000E+0
5.192256E+3	9.889100E-6	1.311600E+4	0.000000E+0	0.000000E+0
5.195256E+3	9.890000E-6	1.311640E+4	0.000000E+0	0.000000E+0
5.198253E+3	9.889800E-6	1.311660E+4	0.000000E+0	0.000000E+0
5.201249E+3	9.890400E-6	1.311660E+4	0.000000E+0	0.000000E+0
5.204249E+3	9.888800E-6	1.311670E+4	0.000000E+0	0.000000E+0
5.207262E+3	9.890000E-6	1.311670E+4	0.000000E+0	0.000000E+0
5.210267E+3	9.889600E-6	1.311660E+4	0.000000E+0	0.000000E+0
5.213262E+3	9.889300E-6	1.311630E+4	0.000000E+0	0.000000E+0
5.216264E+3	9.890400E-6	1.311590E+4	0.000000E+0	0.000000E+0
5.219259E+3	9.889800E-6	1.311590E+4	0.000000E+0	0.000000E+0
5.222264E+3	9.889500E-6	1.311600E+4	0.000000E+0	0.000000E+0
5.225262E+3	9.889200E-6	1.311640E+4	0.000000E+0	0.000000E+0
5.228265E+3	9.888800E-6	1.311680E+4	0.000000E+0	0.000000E+0
5.231260E+3	9.890200E-6	1.311700E+4	0.000000E+0	0.000000E+0
5.234257E+3	9.889300E-6	1.311710E+4	0.000000E+0	0.000000E+0
5.237260E+3	9.889900E-6	1.311700E+4	0.000000E+0	0.000000E+0
5.240260E+3	9.890200E-6	1.311680E+4	0.000000E+0	0.000000E+0
5.243263E+3	9.889000E-6	1.311670E+4	0.000000E+0	0.000000E+0
5.246263E+3	9.889600E-6	1.311660E+4	0.000000E+0	0.000000E+0
5.249265E+3	9.891000E-6	1.311650E+4	0.000000E+0	0.000000E+0
5.252268E+3	9.890200E-6	1.311660E+4	0.000000E+0	0.000000E+0
5.255268E+3	9.889900E-6	1.311660E+4	0.000000E+0	0.000000E+0
5.258261E+3	9.889400E-6	1.311680E+4	0.000000E+0	0.000000E+0
5.261266E+3	9.888900E-6	1.311730E+4	0.000000E+0	0.000000E+0
5.264266E+3	9.889000E-6	1.311770E+4	0.000000E+0	0.000000E+0
5.267264E+3	9.888800E-6	1.311770E+4	0.000000E+0	0.000000E+0
5.270264E+3	9.888500E-6	1.311760E+4	0.000000E+0	0.000000E+0
5.273262E+3	9.888700E-6	1.311750E+4	0.000000E+0	0.000000E+0
5.276264E+3	9.888900E-6	1.311730E+4	0.000000E+0	0.000000E+0
5.279261E+3	9.890000E-6	1.311730E+4	0.000000E+0	0.000000E+0
5.282262E+3	9.889400E-6	1.311710E+4	0.000000E+0	0.000000E+0
5.285266E+3	9.888800E-6	1.311690E+4	0.000000E+0	0.000000E+0
5.288261E+3	9.889600E-6	1.311660E+4	0.000000E+0	0.000000E+0
5.291261E+3	9.888900E-6	1.311630E+4	0.000000E+0	0.000000E+0
5.294264E+3	9.888500E-6	1.311630E+4	0.000000E+0	0.000000E+0
5.297265E+3	9.888300E-6	1.311630E+4	0.000000E+0	0.000000E+0
5.300262E+3	9.888200E-6	1.311620E+4	0.000000E+0	0.000000E+0
5.303262E+3	9.887900E-6	1.311610E+4	0.000000E+0	0.000000E+0
5.306265E+3	9.887800E-6	1.311610E+4	0.000000E+0	0.000000E+0
5.309260E+3	9.887900E-6	1.311590E+4	0.000000E+0	0.000000E+0
5.312264E+3	9.887700E-6	1.311570E+4	0.000000E+0	0.000000E+0
5.315265E+3	9.887400E-6	1.311560E+4	0.000000E+0	0.000000E+0
5.318262E+3	9.887500E-6	1.311550E+4	0.000000E+0	0.000000E+0
5.321263E+3	9.887800E-6	1.311530E+4	0.000000E+0	0.000000E+0
5.324262E+3	9.888800E-6	1.311520E+4	0.000000E+0	0.000000E+0
5.327260E+3	9.888500E-6	1.311510E+4	0.000000E+0	0.000000E+0
5.330265E+3	9.888400E-6	1.311500E+4	0.000000E+0	0.000000E+0
5.333266E+3	9.887400E-6	1.311500E+4	0.000000E+0	0.000000E+0
5.336262E+3	9.887600E-6	1.311490E+4	0.000000E+0	0.000000E+0
5.339266E+3	9.890000E-6	1.311480E+4	0.000000E+0	0.000000E+0
5.342263E+3	9.889500E-6	1.311500E+4	0.000000E+0	0.000000E+0
5.345265E+3	9.888500E-6	1.311540E+4	0.000000E+0	0.000000E+0
5.348263E+3	9.888500E-6	1.311550E+4	0.000000E+0	0.000000E+0
5.351266E+3	9.887800E-6	1.311540E+4	0.000000E+0	0.000000E+0
5.354263E+3	9.888400E-6	1.311520E+4	0.000000E+0	0.000000E+0
5.357263E+3	9.887600E-6	1.311510E+4	0.000000E+0	0.000000E+0
5.360261E+3	9.888400E-6	1.311490E+4	0.000000E+0	0.000000E+0
5.363259E+3	9.887500E-6	1.311470E+4	0.000000E+0	0.000000E+0
5.366259E+3	9.887200E-6	1.311460E+4	0.000000E+0	0.000000E+0
5.369264E+3	9.887800E-6	1.311440E+4	0.000000E+0	0.000000E+0
5.372263E+3	9.888100E-6	1.311420E+4	0.000000E+0	0.000000E+0
5.375266E+3	9.887500E-6	1.311400E+4	0.000000E+0	0.000000E+0
5.378261E+3	9.887500E-6	1.311400E+4	0.000000E+0	0.000000E+0
5.381264E+3	9.888200E-6	1.311380E+4	0.000000E+0	0.000000E+0
5.384266E+3	9.893600E-6	1.311380E+4	0.000000E+0	0.000000E+0
5.387262E+3	9.886900E-6	1.311360E+4	0.000000E+0	0.000000E+0
5.390264E+3	9.887200E-6	1.311340E+4	0.000000E+0	0.000000E+0
5.393262E+3	9.887200E-6	1.311330E+4	0.000000E+0	0.000000E+0
5.396262E+3	9.887400E-6	1.311330E+4	0.000000E+0	0.000000E+0
5.399265E+3	9.887800E-6	1.311330E+4	0.000000E+0	0.000000E+0
5.402264E+3	9.887600E-6	1.311360E+4	0.000000E+0	0.000000E+0
5.405263E+3	9.886500E-6	1.311410E+4	0.000000E+0	0.000000E+0
5.408265E+3	9.887700E-6	1.311430E+4	0.000000E+0	0.000000E+0
5.411263E+3	9.887100E-6	1.311460E+4	0.000000E+0	0.000000E+0
5.414267E+3	9.887000E-6	1.311490E+4	0.000000E+0	0.000000E+0
5.417265E+3	9.886800E-6	1.311520E+4	0.000000E+0	0.000000E+0
5.420263E+3	9.887100E-6	1.311550E+4	0.000000E+0	0.000000E+0
5.423266E+3	9.887300E-6	1.311550E+4	0.000000E+0	0.000000E+0
5.426262E+3	9.886800E-6	1.311540E+4	0.000000E+0	0.000000E+0
5.429265E+3	9.887500E-6	1.311540E+4	0.000000E+0	0.000000E+0
5.432262E+3	9.886600E-6	1.311600E+4	0.000000E+0	0.000000E+0
5.435263E+3	9.887300E-6	1.311650E+4	0.000000E+0	0.000000E+0
5.438263E+3	9.887500E-6	1.311680E+4	0.000000E+0	0.000000E+0
5.441266E+3	9.886200E-6	1.311740E+4	0.000000E+0	0.000000E+0
5.444260E+3	9.887000E-6	1.311770E+4	0.000000E+0	0.000000E+0
5.447264E+3	9.887100E-6	1.311760E+4	0.000000E+0	0.000000E+0
5.450264E+3	9.886800E-6	1.311740E+4	0.000000E+0	0.000000E+0
5.453266E+3	9.886600E-6	1.311710E+4	0.000000E+0	0.000000E+0
5.456263E+3	9.890700E-6	1.311690E+4	0.000000E+0	0.000000E+0
5.459259E+3	9.886300E-6	1.311650E+4	0.000000E+0	0.000000E+0
5.462261E+3	9.886300E-6	1.311630E+4	0.000000E+0	0.000000E+0
5.465261E+3	9.886600E-6	1.311610E+4	0.000000E+0	0.000000E+0
5.468259E+3	9.886700E-6	1.311580E+4	0.000000E+0	0.000000E+0
5.471262E+3	9.886000E-6	1.311560E+4	0.000000E+0	0.000000E+0
5.474261E+3	9.885800E-6	1.311530E+4	0.000000E+0	0.000000E+0
5.477257E+3	9.886700E-6	1.311500E+4	0.000000E+0	0.000000E+0
5.480259E+3	9.886100E-6	1.311490E+4	0.000000E+0	0.000000E+0
5.483259E+3	9.886000E-6	1.311470E+4	0.000000E+0	0.000000E+0
5.486259E+3	9.886000E-6	1.311460E+4	0.000000E+0	0.000000E+0
5.489260E+3	9.885900E-6	1.311430E+4	0.000000E+0	0.000000E+0
5.492260E+3	9.886000E-6	1.311420E+4	0.000000E+0	0.000000E+0
5.495262E+3	9.886000E-6	1.311410E+4	0.000000E+0	0.000000E+0
5.498264E+3	9.886600E-6	1.311400E+4	0.000000E+0	0.000000E+0
5.501259E+3	9.886600E-6	1.311380E+4	0.000000E+0	0.000000E+0
5.504262E+3	9.886300E-6	1.311370E+4	0.000000E+0	0.000000E+0
5.507257E+3	9.886500E-6	1.311360E+4	0.000000E+0	0.000000E+0
5.510257E+3	9.885500E-6	1.311350E+4	0.000000E+0	0.000000E+0
5.513250E+3	9.885700E-6	1.311340E+4	0.000000E+0	0.000000E+0
5.516244E+3	9.886500E-6	1.311340E+4	0.000000E+0	0.000000E+0
5.519250E+3	9.886000E-6	1.311320E+4	0.000000E+0	0.000000E+0
5.522249E+3	9.885700E-6	1.311320E+4	0.000000E+0	0.000000E+0
5.525249E+3	9.885200E-6	1.311310E+4	0.000000E+0	0.000000E+0
5.528242E+3	9.885600E-6	1.311310E+4	0.000000E+0	0.000000E+0
5.531255E+3	9.885500E-6	1.311310E+4	0.000000E+0	0.000000E+0
5.534265E+3	9.885100E-6	1.311310E+4	0.000000E+0	0.000000E+0
5.537264E+3	9.885200E-6	1.311300E+4	0.000000E+0	0.000000E+0
5.540268E+3	9.885300E-6	1.311300E+4	0.000000E+0	0.000000E+0
5.543256E+3	9.885400E-6	1.311310E+4	0.000000E+0	0.000000E+0
5.546260E+3	9.886000E-6	1.311340E+4	0.000000E+0	0.000000E+0
5.549264E+3	9.885400E-6	1.311350E+4	0.000000E+0	0.000000E+0
5.552264E+3	9.886000E-6	1.311370E+4	0.000000E+0	0.000000E+0
5.555264E+3	9.885100E-6	1.311360E+4	0.000000E+0	0.000000E+0
5.558263E+3	9.884900E-6	1.311340E+4	0.000000E+0	0.000000E+0
5.561262E+3	9.885100E-6	1.311330E+4	0.000000E+0	0.000000E+0
5.564262E+3	9.884600E-6	1.311340E+4	0.000000E+0	0.000000E+0
5.567262E+3	9.884700E-6	1.311320E+4	0.000000E+0	0.000000E+0
5.570262E+3	9.885300E-6	1.311310E+4	0.000000E+0	0.000000E+0
5.573262E+3	9.884700E-6	1.311300E+4	0.000000E+0	0.000000E+0
5.576265E+3	9.884700E-6	1.311300E+4	0.000000E+0	0.000000E+0
5.579260E+3	9.884900E-6	1.311280E+4	0.000000E+0	0.000000E+0
5.582261E+3	9.885100E-6	1.311260E+4	0.000000E+0	0.000000E+0
5.585260E+3	9.884400E-6	1.311230E+4	0.000000E+0	0.000000E+0
5.588262E+3	9.883900E-6	1.311230E+4	0.000000E+0	0.000000E+0
5.591262E+3	9.884200E-6	1.311240E+4	0.000000E+0	0.000000E+0
5.594260E+3	9.885000E-6	1.311270E+4	0.000000E+0	0.000000E+0
5.597259E+3	9.884700E-6	1.311360E+4	0.000000E+0	0.000000E+0
5.600265E+3	9.884700E-6	1.311400E+4	0.000000E+0	0.000000E+0
5.603263E+3	9.884700E-6	1.311390E+4	0.000000E+0	0.000000E+0
5.606263E+3	9.884800E-6	1.311390E+4	0.000000E+0	0.000000E+0
5.609263E+3	9.884700E-6	1.311370E+4	0.000000E+0	0.000000E+0
5.612260E+3	9.884400E-6	1.311360E+4	0.000000E+0	0.000000E+0
5.615262E+3	9.884500E-6	1.311380E+4	0.000000E+0	0.000000E+0
5.618258E+3	9.884100E-6	1.311380E+4	0.000000E+0	0.000000E+0
5.621258E+3	9.884700E-6	1.311360E+4	0.000000E+0	0.000000E+0
5.624265E+3	9.884400E-6	1.311340E+4	0.000000E+0	0.000000E+0
5.627266E+3	9.884100E-6	1.311310E+4	0.000000E+0	0.000000E+0
5.630265E+3	9.884700E-6	1.311310E+4	0.000000E+0	0.000000E+0
5.633261E+3	9.884600E-6	1.311280E+4	0.000000E+0	0.000000E+0
5.636261E+3	9.884600E-6	1.311270E+4	0.000000E+0	0.000000E+0
5.639263E+3	9.885000E-6	1.311250E+4	0.000000E+0	0.000000E+0
5.642263E+3	9.884200E-6	1.311230E+4	0.000000E+0	0.000000E+0
5.645263E+3	9.884000E-6	1.311220E+4	0.000000E+0	0.000000E+0
5.648266E+3	9.883800E-6	1.311200E+4	0.000000E+0	0.000000E+0
5.651261E+3	9.883400E-6	1.311190E+4	0.000000E+0	0.000000E+0
5.654261E+3	9.883200E-6	1.311180E+4	0.000000E+0	0.000000E+0
5.657261E+3	9.884400E-6	1.311160E+4	0.000000E+0	0.000000E+0
5.660261E+3	9.884200E-6	1.311160E+4	0.000000E+0	0.000000E+0
5.663259E+3	9.883700E-6	1.311140E+4	0.000000E+0	0.000000E+0
5.666266E+3	9.884100E-6	1.311130E+4	0.000000E+0	0.000000E+0
5.669262E+3	9.884100E-6	1.311110E+4	0.000000E+0	0.000000E+0
5.672261E+3	9.883900E-6	1.311100E+4	0.000000E+0	0.000000E+0
5.675264E+3	9.884400E-6	1.311100E+4	0.000000E+0	0.000000E+0
5.678262E+3	9.884000E-6	1.311090E+4	0.000000E+0	0.000000E+0
5.681260E+3	9.884100E-6	1.311130E+4	0.000000E+0	0.000000E+0
5.684262E+3	9.884100E-6	1.311140E+4	0.000000E+0	0.000000E+0
5.687262E+3	9.883800E-6	1.311170E+4	0.000000E+0	0.000000E+0
5.690262E+3	9.883400E-6	1.311190E+4	0.000000E+0	0.000000E+0
5.693259E+3	9.883900E-6	1.311240E+4	0.000000E+0	0.000000E+0
5.696260E+3	9.883500E-6	1.311270E+4	0.000000E+0	0.000000E+0
5.699262E+3	9.884000E-6	1.311310E+4	0.000000E+0	0.000000E+0
5.702267E+3	9.883900E-6	1.311340E+4	0.000000E+0	0.000000E+0
5.705262E+3	9.884800E-6	1.311390E+4	0.000000E+0	0.000000E+0
5.708263E+3	9.883500E-6	1.311390E+4	0.000000E+0	0.000000E+0
5.711260E+3	9.883500E-6	1.311400E+4	0.000000E+0	0.000000E+0
5.714260E+3	9.884300E-6	1.311390E+4	0.000000E+0	0.000000E+0
5.717266E+3	9.883300E-6	1.311380E+4	0.000000E+0	0.000000E+0
5.720261E+3	9.883600E-6	1.311360E+4	0.000000E+0	0.000000E+0
5.723261E+3	9.883200E-6	1.311340E+4	0.000000E+0	0.000000E+0
5.726261E+3	9.883000E-6	1.311320E+4	0.000000E+0	0.000000E+0
5.729260E+3	9.883000E-6	1.311310E+4	0.000000E+0	0.000000E+0
5.732260E+3	9.884100E-6	1.311290E+4	0.000000E+0	0.000000E+0
5.735259E+3	9.883100E-6	1.311270E+4	0.000000E+0	0.000000E+0
5.738264E+3	9.882700E-6	1.311260E+4	0.000000E+0	0.000000E+0
5.741261E+3	9.883300E-6	1.311250E+4	0.000000E+0	0.000000E+0
5.744266E+3	9.882700E-6	1.311240E+4	0.000000E+0	0.000000E+0
5.747262E+3	9.882900E-6	1.311220E+4	0.000000E+0	0.000000E+0
5.750262E+3	9.883900E-6	1.311240E+4	0.000000E+0	0.000000E+0
5.753258E+3	9.883300E-6	1.311290E+4	0.000000E+0	0.000000E+0
5.756264E+3	9.886600E-6	1.311330E+4	0.000000E+0	0.000000E+0
5.759261E+3	9.883400E-6	1.311330E+4	0.000000E+0	0.000000E+0
5.762264E+3	9.883000E-6	1.311330E+4	0.000000E+0	0.000000E+0
5.765262E+3	9.883400E-6	1.311330E+4	0.000000E+0	0.000000E+0
5.768264E+3	9.882400E-6	1.311320E+4	0.000000E+0	0.000000E+0
5.771260E+3	9.882300E-6	1.311300E+4	0.000000E+0	0.000000E+0
5.774260E+3	9.882100E-6	1.311290E+4	0.000000E+0	0.000000E+0
5.777260E+3	9.883000E-6	1.311280E+4	0.000000E+0	0.000000E+0
5.780263E+3	9.883400E-6	1.311260E+4	0.000000E+0	0.000000E+0
5.783262E+3	9.883600E-6	1.311230E+4	0.000000E+0	0.000000E+0
5.786262E+3	9.883000E-6	1.311220E+4	0.000000E+0	0.000000E+0
5.789262E+3	9.883000E-6	1.311210E+4	0.000000E+0	0.000000E+0
5.792262E+3	9.883200E-6	1.311200E+4	0.000000E+0	0.000000E+0
5.795260E+3	9.882600E-6	1.311190E+4	0.000000E+0	0.000000E+0
5.798262E+3	9.882100E-6	1.311170E+4	0.000000E+0	0.000000E+0
5.801265E+3	9.882700E-6	1.311180E+4	0.000000E+0	0.000000E+0
5.804260E+3	9.882900E-6	1.311150E+4	0.000000E+0	0.000000E+0
5.807265E+3	9.881800E-6	1.311150E+4	0.000000E+0	0.000000E+0
5.810260E+3	9.882600E-6	1.311140E+4	0.000000E+0	0.000000E+0
5.813263E+3	9.882400E-6	1.311150E+4	0.000000E+0	0.000000E+0
5.816261E+3	9.881700E-6	1.311180E+4	0.000000E+0	0.000000E+0
5.819261E+3	9.881500E-6	1.311180E+4	0.000000E+0	0.000000E+0
5.822261E+3	9.881600E-6	1.311180E+4	0.000000E+0	0.000000E+0
5.825261E+3	9.881800E-6	1.311180E+4	0.000000E+0	0.000000E+0
5.828264E+3	9.882200E-6	1.311210E+4	0.000000E+0	0.000000E+0
5.831264E+3	9.881600E-6	1.311230E+4	0.000000E+0	0.000000E+0
5.834267E+3	9.882200E-6	1.311230E+4	0.000000E+0	0.000000E+0
5.837261E+3	9.881700E-6	1.311220E+4	0.000000E+0	0.000000E+0
5.840261E+3	9.881800E-6	1.311210E+4	0.000000E+0	0.000000E+0
5.843261E+3	9.881600E-6	1.311210E+4	0.000000E+0	0.000000E+0
5.846261E+3	9.880800E-6	1.311190E+4	0.000000E+0	0.000000E+0
5.849261E+3	9.881500E-6	1.311180E+4	0.000000E+0	0.000000E+0
5.852261E+3	9.882400E-6	1.311170E+4	0.000000E+0	0.000000E+0
5.855261E+3	9.882500E-6	1.311160E+4	0.000000E+0	0.000000E+0
5.858262E+3	9.881400E-6	1.311130E+4	0.000000E+0	0.000000E+0
5.861260E+3	9.882400E-6	1.311130E+4	0.000000E+0	0.000000E+0
5.864264E+3	9.881300E-6	1.311120E+4	0.000000E+0	0.000000E+0
5.867264E+3	9.881300E-6	1.311120E+4	0.000000E+0	0.000000E+0
5.870264E+3	9.881300E-6	1.311110E+4	0.000000E+0	0.000000E+0
5.873263E+3	9.880900E-6	1.311100E+4	0.000000E+0	0.000000E+0
5.876255E+3	9.882100E-6	1.311100E+4	0.000000E+0	0.000000E+0
5.879254E+3	9.881700E-6	1.311090E+4	0.000000E+0	0.000000E+0
5.882247E+3	9.881600E-6	1.311090E+4	0.000000E+0	0.000000E+0
5.885252E+3	9.882300E-6	1.311100E+4	0.000000E+0	0.000000E+0
5.888246E+3	9.881900E-6	1.311140E+4	0.000000E+0	0.000000E+0
5.891254E+3	9.881100E-6	1.311170E+4	0.000000E+0	0.000000E+0
5.894249E+3	9.881800E-6	1.311170E+4	0.000000E+0	0.000000E+0
5.897247E+3	9.881500E-6	1.311170E+4	0.000000E+0	0.000000E+0
5.900249E+3	9.881200E-6	1.311160E+4	0.000000E+0	0.000000E+0
5.903250E+3	9.881200E-6	1.311150E+4	0.000000E+0	0.000000E+0
5.906249E+3	9.881700E-6	1.311140E+4	0.000000E+0	0.000000E+0
5.909260E+3	9.882000E-6	1.311130E+4	0.000000E+0	0.000000E+0
5.912274E+3	9.882400E-6	1.311130E+4	0.000000E+0	0.000000E+0
5.915260E+3	9.882300E-6	1.311200E+4	0.000000E+0	0.000000E+0
5.918255E+3	9.881300E-6	1.311290E+4	0.000000E+0	0.000000E+0
5.921258E+3	9.882100E-6	1.311320E+4	0.000000E+0	0.000000E+0
5.924258E+3	9.881500E-6	1.311320E+4	0.000000E+0	0.000000E+0
5.927263E+3	9.881800E-6	1.311320E+4	0.000000E+0	0.000000E+0
5.930261E+3	9.881500E-6	1.311300E+4	0.000000E+0	0.000000E+0
5.933258E+3	9.882100E-6	1.311280E+4	0.000000E+0	0.000000E+0
5.936275E+3	9.881500E-6	1.311270E+4	0.000000E+0	0.000000E+0
5.939261E+3	9.881200E-6	1.311250E+4	0.000000E+0	0.000000E+0
5.942264E+3	9.881200E-6	1.311250E+4	0.000000E+0	0.000000E+0
5.945267E+3	9.881800E-6	1.311300E+4	0.000000E+0	0.000000E+0
5.948262E+3	9.881300E-6	1.311370E+4	0.000000E+0	0.000000E+0
5.951261E+3	9.881500E-6	1.311450E+4	0.000000E+0	0.000000E+0
5.954262E+3	9.881300E-6	1.311490E+4	0.000000E+0	0.000000E+0
5.957265E+3	9.880500E-6	1.311550E+4	0.000000E+0	0.000000E+0
5.960260E+3	9.880900E-6	1.311580E+4	0.000000E+0	0.000000E+0
5.963260E+3	9.881400E-6	1.311570E+4	0.000000E+0	0.000000E+0
5.966260E+3	9.881200E-6	1.311550E+4	0.000000E+0	0.000000E+0
5.969263E+3	9.881200E-6	1.311530E+4	0.000000E+0	0.000000E+0
5.972263E+3	9.882000E-6	1.311510E+4	0.000000E+0	0.000000E+0
5.975263E+3	9.881400E-6	1.311490E+4	0.000000E+0	0.000000E+0
5.978265E+3	9.881500E-6	1.311520E+4	0.000000E+0	0.000000E+0
5.981265E+3	9.881100E-6	1.311540E+4	0.000000E+0	0.000000E+0
5.984262E+3	9.881200E-6	1.311560E+4	0.000000E+0	0.000000E+0
5.987263E+3	9.881500E-6	1.311550E+4	0.000000E+0	0.000000E+0
5.990265E+3	9.881400E-6	1.311550E+4	0.000000E+0	0.000000E+0
5.993263E+3	9.880700E-6	1.311550E+4	0.000000E+0	0.000000E+0
5.996263E+3	9.880600E-6	1.311550E+4	0.000000E+0	0.000000E+0
5.999261E+3	9.880900E-6	1.311560E+4	0.000000E+0	0.000000E+0
6.002265E+3	9.881600E-6	1.311560E+4	0.000000E+0	0.000000E+0
6.005264E+3	9.880700E-6	1.311620E+4	0.000000E+0	0.000000E+0
6.008266E+3	9.881000E-6	1.311650E+4	0.000000E+0	0.000000E+0
6.011260E+3	9.881200E-6	1.311650E+4	0.000000E+0	0.000000E+0
6.014263E+3	9.880400E-6	1.311620E+4	0.000000E+0	0.000000E+0
6.017261E+3	9.880700E-6	1.311620E+4	0.000000E+0	0.000000E+0
6.020263E+3	9.880200E-6	1.311620E+4	0.000000E+0	0.000000E+0
6.023262E+3	9.880800E-6	1.311610E+4	0.000000E+0	0.000000E+0
6.026261E+3	9.880600E-6	1.311590E+4	0.000000E+0	0.000000E+0
6.029261E+3	9.881100E-6	1.311570E+4	0.000000E+0	0.000000E+0
6.032262E+3	9.880900E-6	1.311540E+4	0.000000E+0	0.000000E+0
6.035259E+3	9.879800E-6	1.311510E+4	0.000000E+0	0.000000E+0
6.038259E+3	9.880300E-6	1.311480E+4	0.000000E+0	0.000000E+0
6.041256E+3	9.880700E-6	1.311450E+4	0.000000E+0	0.000000E+0
6.044251E+3	9.880500E-6	1.311430E+4	0.000000E+0	0.000000E+0
6.047246E+3	9.879700E-6	1.311400E+4	0.000000E+0	0.000000E+0
6.050261E+3	9.879700E-6	1.311380E+4	0.000000E+0	0.000000E+0
6.053260E+3	9.880400E-6	1.311370E+4	0.000000E+0	0.000000E+0
6.056260E+3	9.881100E-6	1.311350E+4	0.000000E+0	0.000000E+0
6.059257E+3	9.879600E-6	1.311340E+4	0.000000E+0	0.000000E+0
6.062259E+3	9.880000E-6	1.311380E+4	0.000000E+0	0.000000E+0
6.065264E+3	9.880200E-6	1.311400E+4	0.000000E+0	0.000000E+0
6.068262E+3	9.880000E-6	1.311410E+4	0.000000E+0	0.000000E+0
6.071262E+3	9.879900E-6	1.311430E+4	0.000000E+0	0.000000E+0
6.074265E+3	9.880000E-6	1.311490E+4	0.000000E+0	0.000000E+0
6.077263E+3	9.878900E-6	1.311490E+4	0.000000E+0	0.000000E+0
6.080266E+3	9.880000E-6	1.311480E+4	0.000000E+0	0.000000E+0
6.083265E+3	9.879800E-6	1.311460E+4	0.000000E+0	0.000000E+0
6.086263E+3	9.879900E-6	1.311440E+4	0.000000E+0	0.000000E+0
6.089266E+3	9.880100E-6	1.311450E+4	0.000000E+0	0.000000E+0
6.092261E+3	9.879400E-6	1.311470E+4	0.000000E+0	0.000000E+0
6.095264E+3	9.879200E-6	1.311540E+4	0.000000E+0	0.000000E+0
6.098263E+3	9.879800E-6	1.311570E+4	0.000000E+0	0.000000E+0
6.101263E+3	9.880100E-6	1.311580E+4	0.000000E+0	0.000000E+0
6.104264E+3	9.879200E-6	1.311560E+4	0.000000E+0	0.000000E+0
6.107263E+3	9.879000E-6	1.311550E+4	0.000000E+0	0.000000E+0
6.110263E+3	9.879000E-6	1.311530E+4	0.000000E+0	0.000000E+0
6.113269E+3	9.886800E-6	1.311510E+4	0.000000E+0	0.000000E+0
6.116263E+3	9.881900E-6	1.311470E+4	0.000000E+0	0.000000E+0
6.119262E+3	9.881600E-6	1.311460E+4	0.000000E+0	0.000000E+0
6.122264E+3	9.880700E-6	1.311440E+4	0.000000E+0	0.000000E+0
6.125262E+3	9.880400E-6	1.311440E+4	0.000000E+0	0.000000E+0
6.128267E+3	9.881500E-6	1.311440E+4	0.000000E+0	0.000000E+0
6.131262E+3	9.880700E-6	1.311430E+4	0.000000E+0	0.000000E+0
6.134267E+3	9.881500E-6	1.311410E+4	0.000000E+0	0.000000E+0
6.137265E+3	9.880700E-6	1.311390E+4	0.000000E+0	0.000000E+0
6.140267E+3	9.881100E-6	1.311380E+4	0.000000E+0	0.000000E+0
6.143264E+3	9.880400E-6	1.311360E+4	0.000000E+0	0.000000E+0
6.146268E+3	9.880700E-6	1.311350E+4	0.000000E+0	0.000000E+0
6.149260E+3	9.880100E-6	1.311330E+4	0.000000E+0	0.000000E+0
6.152267E+3	9.879700E-6	1.311310E+4	0.000000E+0	0.000000E+0
6.155267E+3	9.880400E-6	1.311300E+4	0.000000E+0	0.000000E+0
6.158262E+3	9.880100E-6	1.311280E+4	0.000000E+0	0.000000E+0
6.161263E+3	9.879900E-6	1.311270E+4	0.000000E+0	0.000000E+0
6.164265E+3	9.880100E-6	1.311240E+4	0.000000E+0	0.000000E+0
6.167265E+3	9.880500E-6	1.311250E+4	0.000000E+0	0.000000E+0
6.170266E+3	9.879700E-6	1.311340E+4	0.000000E+0	0.000000E+0
6.173266E+3	9.880000E-6	1.311430E+4	0.000000E+0	0.000000E+0
6.176265E+3	9.879000E-6	1.311480E+4	0.000000E+0	0.000000E+0
6.179263E+3	9.879700E-6	1.311510E+4	0.000000E+0	0.000000E+0
6.182261E+3	9.879100E-6	1.311500E+4	0.000000E+0	0.000000E+0
6.185263E+3	9.879500E-6	1.311470E+4	0.000000E+0	0.000000E+0
6.188265E+3	9.878900E-6	1.311450E+4	0.000000E+0	0.000000E+0
6.191261E+3	9.879800E-6	1.311420E+4	0.000000E+0	0.000000E+0
6.194261E+3	9.879600E-6	1.311410E+4	0.000000E+0	0.000000E+0
6.197255E+3	9.879600E-6	1.311380E+4	0.000000E+0	0.000000E+0
6.200255E+3	9.879000E-6	1.311360E+4	0.000000E+0	0.000000E+0
6.203253E+3	9.878700E-6	1.311350E+4	0.000000E+0	0.000000E+0
6.206251E+3	9.878700E-6	1.311340E+4	0.000000E+0	0.000000E+0
6.209247E+3	9.878800E-6	1.311320E+4	0.000000E+0	0.000000E+0
6.212253E+3	9.878900E-6	1.311320E+4	0.000000E+0	0.000000E+0
6.215251E+3	9.879200E-6	1.311310E+4	0.000000E+0	0.000000E+0
6.218251E+3	9.878900E-6	1.311390E+4	0.000000E+0	0.000000E+0
6.221249E+3	9.878700E-6	1.311410E+4	0.000000E+0	0.000000E+0
6.224251E+3	9.879300E-6	1.311400E+4	0.000000E+0	0.000000E+0
6.227248E+3	9.879300E-6	1.311380E+4	0.000000E+0	0.000000E+0
6.230248E+3	9.879500E-6	1.311360E+4	0.000000E+0	0.000000E+0
6.233252E+3	9.879100E-6	1.311340E+4	0.000000E+0	0.000000E+0
6.236251E+3	9.878900E-6	1.311320E+4	0.000000E+0	0.000000E+0
6.239249E+3	9.878900E-6	1.311320E+4	0.000000E+0	0.000000E+0
6.242249E+3	9.878700E-6	1.311370E+4	0.000000E+0	0.000000E+0
6.245249E+3	9.878700E-6	1.311380E+4	0.000000E+0	0.000000E+0
6.248251E+3	9.878600E-6	1.311370E+4	0.000000E+0	0.000000E+0
6.251249E+3	9.878500E-6	1.311350E+4	0.000000E+0	0.000000E+0
6.254251E+3	9.879200E-6	1.311350E+4	0.000000E+0	0.000000E+0
6.257249E+3	9.878100E-6	1.311370E+4	0.000000E+0	0.000000E+0
6.260251E+3	9.877800E-6	1.311380E+4	0.000000E+0	0.000000E+0
6.263247E+3	9.877900E-6	1.311370E+4	0.000000E+0	0.000000E+0
6.266246E+3	9.878200E-6	1.311340E+4	0.000000E+0	0.000000E+0
6.269253E+3	9.877500E-6	1.311310E+4	0.000000E+0	0.000000E+0
6.272250E+3	9.877800E-6	1.311280E+4	0.000000E+0	0.000000E+0
6.275249E+3	9.877500E-6	1.311240E+4	0.000000E+0	0.000000E+0
6.278252E+3	9.878400E-6	1.311200E+4	0.000000E+0	0.000000E+0
6.281256E+3	9.877900E-6	1.311180E+4	0.000000E+0	0.000000E+0
6.284261E+3	9.877900E-6	1.311190E+4	0.000000E+0	0.000000E+0
6.287263E+3	9.878400E-6	1.311180E+4	0.000000E+0	0.000000E+0
6.290263E+3	9.878300E-6	1.311170E+4	0.000000E+0	0.000000E+0
6.293261E+3	9.877900E-6	1.311160E+4	0.000000E+0	0.000000E+0
6.296260E+3	9.877500E-6	1.311140E+4	0.000000E+0	0.000000E+0
6.299263E+3	9.878300E-6	1.311130E+4	0.000000E+0	0.000000E+0
6.302261E+3	9.878100E-6	1.311100E+4	0.000000E+0	0.000000E+0
6.305262E+3	9.878300E-6	1.311070E+4	0.000000E+0	0.000000E+0
6.308254E+3	9.879000E-6	1.311070E+4	0.000000E+0	0.000000E+0
6.311254E+3	9.878200E-6	1.311070E+4	0.000000E+0	0.000000E+0
6.314250E+3	9.878800E-6	1.311080E+4	0.000000E+0	0.000000E+0
6.317248E+3	9.878000E-6	1.311080E+4	0.000000E+0	0.000000E+0
6.320257E+3	9.877600E-6	1.311090E+4	0.000000E+0	0.000000E+0
6.323262E+3	9.877700E-6	1.311120E+4	0.000000E+0	0.000000E+0
6.326267E+3	9.877200E-6	1.311140E+4	0.000000E+0	0.000000E+0
6.329259E+3	9.877800E-6	1.311140E+4	0.000000E+0	0.000000E+0
6.332254E+3	9.878300E-6	1.311130E+4	0.000000E+0	0.000000E+0
6.335252E+3	9.878000E-6	1.311130E+4	0.000000E+0	0.000000E+0
6.338257E+3	9.877700E-6	1.311110E+4	0.000000E+0	0.000000E+0
6.341260E+3	9.878400E-6	1.311080E+4	0.000000E+0	0.000000E+0
6.344259E+3	9.877200E-6	1.311060E+4	0.000000E+0	0.000000E+0
6.347262E+3	9.877900E-6	1.311030E+4	0.000000E+0	0.000000E+0
6.350260E+3	9.877400E-6	1.311010E+4	0.000000E+0	0.000000E+0
6.353260E+3	9.878700E-6	1.311020E+4	0.000000E+0	0.000000E+0
6.356262E+3	9.882800E-6	1.311020E+4	0.000000E+0	0.000000E+0
6.359265E+3	9.878300E-6	1.311010E+4	0.000000E+0	0.000000E+0
6.362263E+3	9.878200E-6	1.311010E+4	0.000000E+0	0.000000E+0
6.365262E+3	9.877800E-6	1.311040E+4	0.000000E+0	0.000000E+0
6.368261E+3	9.877600E-6	1.311050E+4	0.000000E+0	0.000000E+0
6.371263E+3	9.877700E-6	1.311060E+4	0.000000E+0	0.000000E+0
6.374263E+3	9.878500E-6	1.311050E+4	0.000000E+0	0.000000E+0
6.377260E+3	9.877900E-6	1.311030E+4	0.000000E+0	0.000000E+0
6.380261E+3	9.877600E-6	1.311030E+4	0.000000E+0	0.000000E+0
6.383260E+3	9.878100E-6	1.311050E+4	0.000000E+0	0.000000E+0
6.386261E+3	9.877900E-6	1.311070E+4	0.000000E+0	0.000000E+0
6.389259E+3	9.877200E-6	1.311090E+4	0.000000E+0	0.000000E+0
6.392261E+3	9.878200E-6	1.311110E+4	0.000000E+0	0.000000E+0
6.395264E+3	9.877900E-6	1.311100E+4	0.000000E+0	0.000000E+0
6.398259E+3	9.877200E-6	1.311110E+4	0.000000E+0	0.000000E+0
6.401261E+3	9.878200E-6	1.311090E+4	0.000000E+0	0.000000E+0
6.404264E+3	9.877300E-6	1.311070E+4	0.000000E+0	0.000000E+0
6.407262E+3	9.877800E-6	1.311060E+4	0.000000E+0	0.000000E+0
6.410259E+3	9.877200E-6	1.311050E+4	0.000000E+0	0.000000E+0
6.413261E+3	9.877600E-6	1.311050E+4	0.000000E+0	0.000000E+0
6.416262E+3	9.877500E-6	1.311050E+4	0.000000E+0	0.000000E+0
6.419261E+3	9.877800E-6	1.311020E+4	0.000000E+0	0.000000E+0
6.422261E+3	9.877300E-6	1.311020E+4	0.000000E+0	0.000000E+0
6.425262E+3	9.877800E-6	1.311010E+4	0.000000E+0	0.000000E+0
6.428262E+3	9.878000E-6	1.310980E+4	0.000000E+0	0.000000E+0
6.431260E+3	9.877600E-6	1.310940E+4	0.000000E+0	0.000000E+0
6.434264E+3	9.877500E-6	1.310900E+4	0.000000E+0	0.000000E+0
6.437259E+3	9.877000E-6	1.310900E+4	0.000000E+0	0.000000E+0
6.440262E+3	9.876700E-6	1.310910E+4	0.000000E+0	0.000000E+0
6.443262E+3	9.877300E-6	1.310920E+4	0.000000E+0	0.000000E+0
6.446263E+3	9.876600E-6	1.310910E+4	0.000000E+0	0.000000E+0
6.449262E+3	9.876600E-6	1.310870E+4	0.000000E+0	0.000000E+0
6.452263E+3	9.877400E-6	1.310850E+4	0.000000E+0	0.000000E+0
6.455263E+3	9.877600E-6	1.310830E+4	0.000000E+0	0.000000E+0
6.458263E+3	9.877300E-6	1.310840E+4	0.000000E+0	0.000000E+0
6.461261E+3	9.877100E-6	1.310860E+4	0.000000E+0	0.000000E+0
6.464260E+3	9.877500E-6	1.310850E+4	0.000000E+0	0.000000E+0
6.467258E+3	9.877500E-6	1.310830E+4	0.000000E+0	0.000000E+0
6.470260E+3	9.877500E-6	1.310820E+4	0.000000E+0	0.000000E+0
6.473258E+3	9.876700E-6	1.310800E+4	0.000000E+0	0.000000E+0
6.476263E+3	9.878300E-6	1.310800E+4	0.000000E+0	0.000000E+0
6.479263E+3	9.883100E-6	1.310800E+4	0.000000E+0	0.000000E+0
6.482263E+3	9.877500E-6	1.310790E+4	0.000000E+0	0.000000E+0
6.485258E+3	9.876900E-6	1.310800E+4	0.000000E+0	0.000000E+0
6.488258E+3	9.877500E-6	1.310770E+4	0.000000E+0	0.000000E+0
6.491259E+3	9.876600E-6	1.310770E+4	0.000000E+0	0.000000E+0
6.494256E+3	9.876600E-6	1.310750E+4	0.000000E+0	0.000000E+0
6.497259E+3	9.877200E-6	1.310750E+4	0.000000E+0	0.000000E+0
6.500261E+3	9.876000E-6	1.310740E+4	0.000000E+0	0.000000E+0
6.503261E+3	9.876800E-6	1.310730E+4	0.000000E+0	0.000000E+0
6.506261E+3	9.877500E-6	1.310700E+4	0.000000E+0	0.000000E+0
6.509262E+3	9.876700E-6	1.310720E+4	0.000000E+0	0.000000E+0
6.512256E+3	9.876700E-6	1.310720E+4	0.000000E+0	0.000000E+0
6.515254E+3	9.876600E-6	1.310700E+4	0.000000E+0	0.000000E+0
6.518254E+3	9.876800E-6	1.310700E+4	0.000000E+0	0.000000E+0
6.521248E+3	9.876700E-6	1.310670E+4	0.000000E+0	0.000000E+0
6.524244E+3	9.876600E-6	1.310660E+4	0.000000E+0	0.000000E+0
6.527249E+3	9.875900E-6	1.310640E+4	0.000000E+0	0.000000E+0
6.530246E+3	9.876100E-6	1.310650E+4	0.000000E+0	0.000000E+0
6.533247E+3	9.875500E-6	1.310670E+4	0.000000E+0	0.000000E+0
6.536249E+3	9.875200E-6	1.310660E+4	0.000000E+0	0.000000E+0
6.539244E+3	9.876500E-6	1.310660E+4	0.000000E+0	0.000000E+0
6.542249E+3	9.875800E-6	1.310640E+4	0.000000E+0	0.000000E+0
6.545244E+3	9.876400E-6	1.310610E+4	0.000000E+0	0.000000E+0
6.548249E+3	9.875600E-6	1.310620E+4	0.000000E+0	0.000000E+0
6.551245E+3	9.876600E-6	1.310600E+4	0.000000E+0	0.000000E+0
6.554252E+3	9.876000E-6	1.310580E+4	0.000000E+0	0.000000E+0
6.557244E+3	9.876700E-6	1.310570E+4	0.000000E+0	0.000000E+0
6.560252E+3	9.876100E-6	1.310560E+4	0.000000E+0	0.000000E+0
6.563244E+3	9.875400E-6	1.310540E+4	0.000000E+0	0.000000E+0
6.566249E+3	9.876200E-6	1.310540E+4	0.000000E+0	0.000000E+0
6.569248E+3	9.876300E-6	1.310510E+4	0.000000E+0	0.000000E+0
6.572250E+3	9.876100E-6	1.310480E+4	0.000000E+0	0.000000E+0
6.575248E+3	9.876200E-6	1.310460E+4	0.000000E+0	0.000000E+0
6.578245E+3	9.876300E-6	1.310460E+4	0.000000E+0	0.000000E+0
6.581250E+3	9.875900E-6	1.310460E+4	0.000000E+0	0.000000E+0
6.584247E+3	9.876100E-6	1.310460E+4	0.000000E+0	0.000000E+0
6.587250E+3	9.875700E-6	1.310460E+4	0.000000E+0	0.000000E+0
6.590243E+3	9.875800E-6	1.310460E+4	0.000000E+0	0.000000E+0
6.593246E+3	9.875900E-6	1.310450E+4	0.000000E+0	0.000000E+0
6.596248E+3	9.877100E-6	1.310450E+4	0.000000E+0	0.000000E+0
6.599246E+3	9.877300E-6	1.310450E+4	0.000000E+0	0.000000E+0
6.602248E+3	9.876800E-6	1.310450E+4	0.000000E+0	0.000000E+0
6.605248E+3	9.876200E-6	1.310460E+4	0.000000E+0	0.000000E+0
6.608261E+3	9.876300E-6	1.310460E+4	0.000000E+0	0.000000E+0
6.611259E+3	9.876800E-6	1.310450E+4	0.000000E+0	0.000000E+0
6.614256E+3	9.876500E-6	1.310450E+4	0.000000E+0	0.000000E+0
6.617257E+3	9.875900E-6	1.310430E+4	0.000000E+0	0.000000E+0
6.620257E+3	9.875800E-6	1.310420E+4	0.000000E+0	0.000000E+0
6.623260E+3	9.876100E-6	1.310440E+4	0.000000E+0	0.000000E+0
6.626263E+3	9.876600E-6	1.310430E+4	0.000000E+0	0.000000E+0
6.629257E+3	9.875500E-6	1.310430E+4	0.000000E+0	0.000000E+0
6.632262E+3	9.875100E-6	1.310430E+4	0.000000E+0	0.000000E+0
6.635260E+3	9.876200E-6	1.310430E+4	0.000000E+0	0.000000E+0
6.638258E+3	9.875900E-6	1.310420E+4	0.000000E+0	0.000000E+0
6.641263E+3	9.876400E-6	1.310410E+4	0.000000E+0	0.000000E+0
6.644263E+3	9.876200E-6	1.310390E+4	0.000000E+0	0.000000E+0
6.647265E+3	9.876000E-6	1.310390E+4	0.000000E+0	0.000000E+0
6.650265E+3	9.875400E-6	1.310370E+4	0.000000E+0	0.000000E+0
6.653258E+3	9.874700E-6	1.310350E+4	0.000000E+0	0.000000E+0
6.656260E+3	9.879600E-6	1.310330E+4	0.000000E+0	0.000000E+0
6.659258E+3	9.875500E-6	1.310300E+4	0.000000E+0	0.000000E+0
6.662261E+3	9.875400E-6	1.310310E+4	0.000000E+0	0.000000E+0
6.665263E+3	9.874800E-6	1.310310E+4	0.000000E+0	0.000000E+0
6.668261E+3	9.875200E-6	1.310290E+4	0.000000E+0	0.000000E+0
6.671261E+3	9.875000E-6	1.310300E+4	0.000000E+0	0.000000E+0
6.674259E+3	9.875100E-6	1.310290E+4	0.000000E+0	0.000000E+0
6.677262E+3	9.875300E-6	1.310280E+4	0.000000E+0	0.000000E+0
6.680264E+3	9.875300E-6	1.310270E+4	0.000000E+0	0.000000E+0
6.683266E+3	9.875700E-6	1.310260E+4	0.000000E+0	0.000000E+0
6.686258E+3	9.875700E-6	1.310240E+4	0.000000E+0	0.000000E+0
6.689262E+3	9.875100E-6	1.310240E+4	0.000000E+0	0.000000E+0
6.692265E+3	9.875100E-6	1.310220E+4	0.000000E+0	0.000000E+0
6.695261E+3	9.875500E-6	1.310210E+4	0.000000E+0	0.000000E+0
6.698264E+3	9.874800E-6	1.310210E+4	0.000000E+0	0.000000E+0
6.701264E+3	9.874800E-6	1.310220E+4	0.000000E+0	0.000000E+0
6.704262E+3	9.875000E-6	1.310210E+4	0.000000E+0	0.000000E+0
6.707262E+3	9.875100E-6	1.310210E+4	0.000000E+0	0.000000E+0
6.710263E+3	9.874500E-6	1.310200E+4	0.000000E+0	0.000000E+0
6.713263E+3	9.875100E-6	1.310200E+4	0.000000E+0	0.000000E+0
6.716260E+3	9.874900E-6	1.310190E+4	0.000000E+0	0.000000E+0
6.719265E+3	9.874800E-6	1.310190E+4	0.000000E+0	0.000000E+0
6.722260E+3	9.875200E-6	1.310180E+4	0.000000E+0	0.000000E+0
6.725260E+3	9.874300E-6	1.310180E+4	0.000000E+0	0.000000E+0
6.728263E+3	9.874100E-6	1.310160E+4	0.000000E+0	0.000000E+0
6.731262E+3	9.875000E-6	1.310160E+4	0.000000E+0	0.000000E+0
6.734262E+3	9.875000E-6	1.310180E+4	0.000000E+0	0.000000E+0
6.737260E+3	9.875200E-6	1.310210E+4	0.000000E+0	0.000000E+0
6.740263E+3	9.874800E-6	1.310220E+4	0.000000E+0	0.000000E+0
6.743263E+3	9.874600E-6	1.310240E+4	0.000000E+0	0.000000E+0
6.746260E+3	9.875100E-6	1.310240E+4	0.000000E+0	0.000000E+0
6.749260E+3	9.874100E-6	1.310230E+4	0.000000E+0	0.000000E+0
6.752260E+3	9.874600E-6	1.310220E+4	0.000000E+0	0.000000E+0
6.755255E+3	9.874000E-6	1.310220E+4	0.000000E+0	0.000000E+0
6.758256E+3	9.873600E-6	1.310200E+4	0.000000E+0	0.000000E+0
6.761259E+3	9.873000E-6	1.310200E+4	0.000000E+0	0.000000E+0
6.764261E+3	9.874200E-6	1.310220E+4	0.000000E+0	0.000000E+0
6.767261E+3	9.874400E-6	1.310280E+4	0.000000E+0	0.000000E+0
6.770261E+3	9.873700E-6	1.310310E+4	0.000000E+0	0.000000E+0
6.773261E+3	9.873900E-6	1.310320E+4	0.000000E+0	0.000000E+0
6.776254E+3	9.877200E-6	1.310300E+4	0.000000E+0	0.000000E+0
6.779258E+3	9.874500E-6	1.310280E+4	0.000000E+0	0.000000E+0
6.782259E+3	9.875300E-6	1.310250E+4	0.000000E+0	0.000000E+0
6.785261E+3	9.875900E-6	1.310240E+4	0.000000E+0	0.000000E+0
6.788261E+3	9.873600E-6	1.310220E+4	0.000000E+0	0.000000E+0
6.791254E+3	9.874000E-6	1.310210E+4	0.000000E+0	0.000000E+0
6.794253E+3	9.874100E-6	1.310190E+4	0.000000E+0	0.000000E+0
6.797244E+3	9.874300E-6	1.310170E+4	0.000000E+0	0.000000E+0
6.800253E+3	9.874900E-6	1.310170E+4	0.000000E+0	0.000000E+0
6.803248E+3	9.874400E-6	1.310160E+4	0.000000E+0	0.000000E+0
6.806249E+3	9.874800E-6	1.310150E+4	0.000000E+0	0.000000E+0
6.809249E+3	9.874300E-6	1.310140E+4	0.000000E+0	0.000000E+0
6.812246E+3	9.873500E-6	1.310130E+4	0.000000E+0	0.000000E+0
6.815249E+3	9.873500E-6	1.310130E+4	0.000000E+0	0.000000E+0
6.818246E+3	9.873300E-6	1.310110E+4	0.000000E+0	0.000000E+0
6.821247E+3	9.873200E-6	1.310090E+4	0.000000E+0	0.000000E+0
6.824254E+3	9.873200E-6	1.310080E+4	0.000000E+0	0.000000E+0
6.827245E+3	9.873100E-6	1.310060E+4	0.000000E+0	0.000000E+0
6.830247E+3	9.873900E-6	1.310050E+4	0.000000E+0	0.000000E+0
6.833247E+3	9.873300E-6	1.310060E+4	0.000000E+0	0.000000E+0
6.836253E+3	9.873400E-6	1.310070E+4	0.000000E+0	0.000000E+0
6.839249E+3	9.873600E-6	1.310080E+4	0.000000E+0	0.000000E+0
6.842248E+3	9.873500E-6	1.310080E+4	0.000000E+0	0.000000E+0
6.845247E+3	9.874000E-6	1.310060E+4	0.000000E+0	0.000000E+0
6.848247E+3	9.873800E-6	1.310040E+4	0.000000E+0	0.000000E+0
6.851247E+3	9.873700E-6	1.310030E+4	0.000000E+0	0.000000E+0
6.854248E+3	9.874200E-6	1.310020E+4	0.000000E+0	0.000000E+0
6.857248E+3	9.874100E-6	1.310020E+4	0.000000E+0	0.000000E+0
6.860251E+3	9.873400E-6	1.310010E+4	0.000000E+0	0.000000E+0
6.863245E+3	9.873700E-6	1.309990E+4	0.000000E+0	0.000000E+0
6.866253E+3	9.873800E-6	1.309980E+4	0.000000E+0	0.000000E+0
6.869245E+3	9.873800E-6	1.309960E+4	0.000000E+0	0.000000E+0
6.872253E+3	9.872900E-6	1.309950E+4	0.000000E+0	0.000000E+0
6.875243E+3	9.872800E-6	1.309940E+4	0.000000E+0	0.000000E+0
6.878245E+3	9.872400E-6	1.309920E+4	0.000000E+0	0.000000E+0
6.881245E+3	9.872700E-6	1.309900E+4	0.000000E+0	0.000000E+0
6.884248E+3	9.874200E-6	1.309890E+4	0.000000E+0	0.000000E+0
6.887246E+3	9.872900E-6	1.309860E+4	0.000000E+0	0.000000E+0
6.890248E+3	9.873200E-6	1.309830E+4	0.000000E+0	0.000000E+0
6.893249E+3	9.872700E-6	1.309820E+4	0.000000E+0	0.000000E+0
6.896249E+3	9.873300E-6	1.309820E+4	0.000000E+0	0.000000E+0
6.899248E+3	9.872800E-6	1.309830E+4	0.000000E+0	0.000000E+0
6.902249E+3	9.873000E-6	1.309830E+4	0.000000E+0	0.000000E+0
6.905249E+3	9.872600E-6	1.309810E+4	0.000000E+0	0.000000E+0
6.908246E+3	9.872900E-6	1.309780E+4	0.000000E+0	0.000000E+0
6.911257E+3	9.873200E-6	1.309760E+4	0.000000E+0	0.000000E+0
6.914260E+3	9.872900E-6	1.309770E+4	0.000000E+0	0.000000E+0
6.917262E+3	9.872700E-6	1.309760E+4	0.000000E+0	0.000000E+0
6.920263E+3	9.873800E-6	1.309770E+4	0.000000E+0	0.000000E+0
6.923255E+3	9.873500E-6	1.309760E+4	0.000000E+0	0.000000E+0
6.926257E+3	9.873600E-6	1.309750E+4	0.000000E+0	0.000000E+0
6.929261E+3	9.872700E-6	1.309750E+4	0.000000E+0	0.000000E+0
6.932257E+3	9.872300E-6	1.309740E+4	0.000000E+0	0.000000E+0
6.935258E+3	9.872800E-6	1.309720E+4	0.000000E+0	0.000000E+0
6.938260E+3	9.872700E-6	1.309700E+4	0.000000E+0	0.000000E+0
6.941261E+3	9.873100E-6	1.309700E+4	0.000000E+0	0.000000E+0
6.944260E+3	9.873400E-6	1.309710E+4	0.000000E+0	0.000000E+0
6.947256E+3	9.873300E-6	1.309720E+4	0.000000E+0	0.000000E+0
6.950258E+3	9.873400E-6	1.309720E+4	0.000000E+0	0.000000E+0
6.953256E+3	9.873000E-6	1.309720E+4	0.000000E+0	0.000000E+0
6.956259E+3	9.877800E-6	1.309730E+4	0.000000E+0	0.000000E+0
6.959258E+3	9.872800E-6	1.309720E+4	0.000000E+0	0.000000E+0
6.962259E+3	9.873100E-6	1.309710E+4	0.000000E+0	0.000000E+0
6.965256E+3	9.873500E-6	1.309700E+4	0.000000E+0	0.000000E+0
6.968254E+3	9.872500E-6	1.309700E+4	0.000000E+0	0.000000E+0
6.971257E+3	9.873100E-6	1.309690E+4	0.000000E+0	0.000000E+0
6.974254E+3	9.873400E-6	1.309680E+4	0.000000E+0	0.000000E+0
6.977251E+3	9.872800E-6	1.309670E+4	0.000000E+0	0.000000E+0
6.980245E+3	9.873700E-6	1.309670E+4	0.000000E+0	0.000000E+0
6.983251E+3	9.873100E-6	1.309660E+4	0.000000E+0	0.000000E+0
6.986244E+3	9.872300E-6	1.309660E+4	0.000000E+0	0.000000E+0
6.989248E+3	9.872500E-6	1.309650E+4	0.000000E+0	0.000000E+0
6.992244E+3	9.873300E-6	1.309660E+4	0.000000E+0	0.000000E+0
6.995247E+3	9.872500E-6	1.309650E+4	0.000000E+0	0.000000E+0
6.998246E+3	9.872700E-6	1.309640E+4	0.000000E+0	0.000000E+0
7.001246E+3	9.872400E-6	1.309630E+4	0.000000E+0	0.000000E+0
7.004252E+3	9.873300E-6	1.309630E+4	0.000000E+0	0.000000E+0
7.007247E+3	9.873100E-6	1.309620E+4	0.000000E+0	0.000000E+0
7.010249E+3	9.872700E-6	1.309610E+4	0.000000E+0	0.000000E+0
7.013247E+3	9.873100E-6	1.309610E+4	0.000000E+0	0.000000E+0
7.016249E+3	9.872400E-6	1.309590E+4	0.000000E+0	0.000000E+0
7.019247E+3	9.873000E-6	1.309590E+4	0.000000E+0	0.000000E+0
7.022249E+3	9.873400E-6	1.309580E+4	0.000000E+0	0.000000E+0
7.025248E+3	9.873200E-6	1.309580E+4	0.000000E+0	0.000000E+0
7.028249E+3	9.872300E-6	1.309600E+4	0.000000E+0	0.000000E+0
7.031247E+3	9.872900E-6	1.309620E+4	0.000000E+0	0.000000E+0
7.034248E+3	9.872500E-6	1.309660E+4	0.000000E+0	0.000000E+0
7.037250E+3	9.872400E-6	1.309720E+4	0.000000E+0	0.000000E+0
7.040247E+3	9.872400E-6	1.309720E+4	0.000000E+0	0.000000E+0
7.043247E+3	9.871800E-6	1.309720E+4	0.000000E+0	0.000000E+0
7.046248E+3	9.872500E-6	1.309710E+4	0.000000E+0	0.000000E+0
7.049247E+3	9.871900E-6	1.309690E+4	0.000000E+0	0.000000E+0
7.052248E+3	9.872400E-6	1.309700E+4	0.000000E+0	0.000000E+0
7.055246E+3	9.871700E-6	1.309720E+4	0.000000E+0	0.000000E+0
7.058250E+3	9.872800E-6	1.309720E+4	0.000000E+0	0.000000E+0
7.061245E+3	9.872200E-6	1.309730E+4	0.000000E+0	0.000000E+0
7.064256E+3	9.872400E-6	1.309730E+4	0.000000E+0	0.000000E+0
7.067267E+3	9.872900E-6	1.309710E+4	0.000000E+0	0.000000E+0
7.070269E+3	9.871900E-6	1.309690E+4	0.000000E+0	0.000000E+0
7.073260E+3	9.872100E-6	1.309670E+4	0.000000E+0	0.000000E+0
7.076262E+3	9.871500E-6	1.309670E+4	0.000000E+0	0.000000E+0
7.079262E+3	9.871800E-6	1.309670E+4	0.000000E+0	0.000000E+0
7.082259E+3	9.872100E-6	1.309660E+4	0.000000E+0	0.000000E+0
7.085257E+3	9.872300E-6	1.309640E+4	0.000000E+0	0.000000E+0
7.088260E+3	9.872000E-6	1.309620E+4	0.000000E+0	0.000000E+0
7.091257E+3	9.871600E-6	1.309610E+4	0.000000E+0	0.000000E+0
7.094260E+3	9.872600E-6	1.309610E+4	0.000000E+0	0.000000E+0
7.097265E+3	9.872300E-6	1.309590E+4	0.000000E+0	0.000000E+0
7.100262E+3	9.871200E-6	1.309570E+4	0.000000E+0	0.000000E+0
7.103258E+3	9.871500E-6	1.309570E+4	0.000000E+0	0.000000E+0
7.106258E+3	9.871600E-6	1.309550E+4	0.000000E+0	0.000000E+0
7.109257E+3	9.871700E-6	1.309550E+4	0.000000E+0	0.000000E+0
7.112255E+3	9.872100E-6	1.309530E+4	0.000000E+0	0.000000E+0
7.115253E+3	9.871800E-6	1.309520E+4	0.000000E+0	0.000000E+0
7.118252E+3	9.871900E-6	1.309510E+4	0.000000E+0	0.000000E+0
7.121253E+3	9.872000E-6	1.309490E+4	0.000000E+0	0.000000E+0
7.124250E+3	9.870800E-6	1.309480E+4	0.000000E+0	0.000000E+0
7.127247E+3	9.871300E-6	1.309470E+4	0.000000E+0	0.000000E+0
7.130252E+3	9.871700E-6	1.309450E+4	0.000000E+0	0.000000E+0
7.133253E+3	9.872100E-6	1.309450E+4	0.000000E+0	0.000000E+0
7.136252E+3	9.872000E-6	1.309420E+4	0.000000E+0	0.000000E+0
7.139251E+3	9.872300E-6	1.309440E+4	0.000000E+0	0.000000E+0
7.142243E+3	9.872000E-6	1.309440E+4	0.000000E+0	0.000000E+0
7.145251E+3	9.871700E-6	1.309440E+4	0.000000E+0	0.000000E+0
7.148248E+3	9.871500E-6	1.309440E+4	0.000000E+0	0.000000E+0
7.151245E+3	9.872100E-6	1.309430E+4	0.000000E+0	0.000000E+0
7.154251E+3	9.871000E-6	1.309430E+4	0.000000E+0	0.000000E+0
7.157251E+3	9.871100E-6	1.309430E+4	0.000000E+0	0.000000E+0
7.160256E+3	9.871300E-6	1.309410E+4	0.000000E+0	0.000000E+0
7.163256E+3	9.871300E-6	1.309390E+4	0.000000E+0	0.000000E+0
7.166257E+3	9.871000E-6	1.309370E+4	0.000000E+0	0.000000E+0
7.169257E+3	9.871100E-6	1.309370E+4	0.000000E+0	0.000000E+0
7.172259E+3	9.871600E-6	1.309370E+4	0.000000E+0	0.000000E+0
7.175259E+3	9.870700E-6	1.309370E+4	0.000000E+0	0.000000E+0
7.178260E+3	9.871300E-6	1.309340E+4	0.000000E+0	0.000000E+0
7.181259E+3	9.870700E-6	1.309340E+4	0.000000E+0	0.000000E+0
7.184252E+3	9.871200E-6	1.309320E+4	0.000000E+0	0.000000E+0
7.187255E+3	9.871200E-6	1.309330E+4	0.000000E+0	0.000000E+0
7.190252E+3	9.871900E-6	1.309330E+4	0.000000E+0	0.000000E+0
7.193254E+3	9.870700E-6	1.309320E+4	0.000000E+0	0.000000E+0
7.196250E+3	9.871400E-6	1.309320E+4	0.000000E+0	0.000000E+0
7.199254E+3	9.870900E-6	1.309320E+4	0.000000E+0	0.000000E+0
7.202247E+3	9.870100E-6	1.309310E+4	0.000000E+0	0.000000E+0
7.205247E+3	9.870700E-6	1.309300E+4	0.000000E+0	0.000000E+0
7.208250E+3	9.871400E-6	1.309300E+4	0.000000E+0	0.000000E+0
7.211245E+3	9.870600E-6	1.309290E+4	0.000000E+0	0.000000E+0
7.214252E+3	9.871200E-6	1.309290E+4	0.000000E+0	0.000000E+0
7.217252E+3	9.871100E-6	1.309290E+4	0.000000E+0	0.000000E+0
7.220253E+3	9.870700E-6	1.309290E+4	0.000000E+0	0.000000E+0
7.223256E+3	9.870900E-6	1.309290E+4	0.000000E+0	0.000000E+0
7.226256E+3	9.871200E-6	1.309290E+4	0.000000E+0	0.000000E+0
7.229259E+3	9.871300E-6	1.309290E+4	0.000000E+0	0.000000E+0
7.232256E+3	9.870700E-6	1.309290E+4	0.000000E+0	0.000000E+0
7.235253E+3	9.871100E-6	1.309280E+4	0.000000E+0	0.000000E+0
7.238250E+3	9.870800E-6	1.309290E+4	0.000000E+0	0.000000E+0
7.241251E+3	9.870600E-6	1.309280E+4	0.000000E+0	0.000000E+0
7.244245E+3	9.871000E-6	1.309290E+4	0.000000E+0	0.000000E+0
7.247249E+3	9.870200E-6	1.309280E+4	0.000000E+0	0.000000E+0
7.250253E+3	9.870100E-6	1.309270E+4	0.000000E+0	0.000000E+0
7.253248E+3	9.871100E-6	1.309270E+4	0.000000E+0	0.000000E+0
7.256248E+3	9.875500E-6	1.309270E+4	0.000000E+0	0.000000E+0
7.259256E+3	9.870700E-6	1.309270E+4	0.000000E+0	0.000000E+0
7.262251E+3	9.870300E-6	1.309260E+4	0.000000E+0	0.000000E+0
7.265247E+3	9.870100E-6	1.309270E+4	0.000000E+0	0.000000E+0
7.268251E+3	9.870400E-6	1.309270E+4	0.000000E+0	0.000000E+0
7.271247E+3	9.871000E-6	1.309260E+4	0.000000E+0	0.000000E+0
7.274249E+3	9.870800E-6	1.309270E+4	0.000000E+0	0.000000E+0
7.277247E+3	9.870800E-6	1.309260E+4	0.000000E+0	0.000000E+0
7.280254E+3	9.870800E-6	1.309260E+4	0.000000E+0	0.000000E+0
7.283242E+3	9.871200E-6	1.309260E+4	0.000000E+0	0.000000E+0
7.286247E+3	9.871100E-6	1.309270E+4	0.000000E+0	0.000000E+0
7.289250E+3	9.871200E-6	1.309260E+4	0.000000E+0	0.000000E+0
7.292242E+3	9.870000E-6	1.309260E+4	0.000000E+0	0.000000E+0
7.295245E+3	9.871100E-6	1.309270E+4	0.000000E+0	0.000000E+0
7.298249E+3	9.871300E-6	1.309300E+4	0.000000E+0	0.000000E+0
7.301247E+3	9.871200E-6	1.309340E+4	0.000000E+0	0.000000E+0
7.304247E+3	9.871100E-6	1.309350E+4	0.000000E+0	0.000000E+0
7.307248E+3	9.871300E-6	1.309340E+4	0.000000E+0	0.000000E+0
7.310245E+3	9.870000E-6	1.309350E+4	0.000000E+0	0.000000E+0
7.313248E+3	9.870700E-6	1.309350E+4	0.000000E+0	0.000000E+0
7.316250E+3	9.871200E-6	1.309360E+4	0.000000E+0	0.000000E+0
7.319248E+3	9.870700E-6	1.309360E+4	0.000000E+0	0.000000E+0
7.322248E+3	9.870300E-6	1.309360E+4	0.000000E+0	0.000000E+0
7.325248E+3	9.870100E-6	1.309350E+4	0.000000E+0	0.000000E+0
7.328248E+3	9.870500E-6	1.309350E+4	0.000000E+0	0.000000E+0
7.331251E+3	9.870800E-6	1.309330E+4	0.000000E+0	0.000000E+0
7.334245E+3	9.870100E-6	1.309300E+4	0.000000E+0	0.000000E+0
7.337245E+3	9.870500E-6	1.309300E+4	0.000000E+0	0.000000E+0
7.340246E+3	9.870000E-6	1.309300E+4	0.000000E+0	0.000000E+0
7.343245E+3	9.870100E-6	1.309290E+4	0.000000E+0	0.000000E+0
7.346251E+3	9.870800E-6	1.309290E+4	0.000000E+0	0.000000E+0
7.349248E+3	9.870100E-6	1.309280E+4	0.000000E+0	0.000000E+0
7.352262E+3	9.870100E-6	1.309270E+4	0.000000E+0	0.000000E+0
7.355265E+3	9.869600E-6	1.309260E+4	0.000000E+0	0.000000E+0
7.358265E+3	9.869800E-6	1.309260E+4	0.000000E+0	0.000000E+0
7.361257E+3	9.870000E-6	1.309240E+4	0.000000E+0	0.000000E+0
7.364265E+3	9.869400E-6	1.309230E+4	0.000000E+0	0.000000E+0
7.367262E+3	9.869100E-6	1.309220E+4	0.000000E+0	0.000000E+0
7.370262E+3	9.870000E-6	1.309220E+4	0.000000E+0	0.000000E+0
7.373258E+3	9.870100E-6	1.309220E+4	0.000000E+0	0.000000E+0
7.376268E+3	9.869600E-6	1.309210E+4	0.000000E+0	0.000000E+0
7.379263E+3	9.869400E-6	1.309210E+4	0.000000E+0	0.000000E+0
7.382263E+3	9.869700E-6	1.309200E+4	0.000000E+0	0.000000E+0
7.385263E+3	9.869800E-6	1.309200E+4	0.000000E+0	0.000000E+0
7.388260E+3	9.869700E-6	1.309190E+4	0.000000E+0	0.000000E+0
7.391261E+3	9.869100E-6	1.309180E+4	0.000000E+0	0.000000E+0
7.394260E+3	9.869600E-6	1.309180E+4	0.000000E+0	0.000000E+0
7.397266E+3	9.869400E-6	1.309180E+4	0.000000E+0	0.000000E+0
7.400260E+3	9.869200E-6	1.309170E+4	0.000000E+0	0.000000E+0
7.403261E+3	9.869800E-6	1.309170E+4	0.000000E+0	0.000000E+0
7.406263E+3	9.869700E-6	1.309160E+4	0.000000E+0	0.000000E+0
7.409263E+3	9.869200E-6	1.309160E+4	0.000000E+0	0.000000E+0
7.412263E+3	9.869300E-6	1.309140E+4	0.000000E+0	0.000000E+0
7.415263E+3	9.869700E-6	1.309130E+4	0.000000E+0	0.000000E+0
7.418263E+3	9.869600E-6	1.309130E+4	0.000000E+0	0.000000E+0
7.421262E+3	9.869700E-6	1.309120E+4	0.000000E+0	0.000000E+0
7.424264E+3	9.869600E-6	1.309110E+4	0.000000E+0	0.000000E+0
7.427262E+3	9.869400E-6	1.309110E+4	0.000000E+0	0.000000E+0
7.430264E+3	9.869900E-6	1.309120E+4	0.000000E+0	0.000000E+0
7.433262E+3	9.869900E-6	1.309120E+4	0.000000E+0	0.000000E+0
7.436264E+3	9.869400E-6	1.309130E+4	0.000000E+0	0.000000E+0
7.439265E+3	9.869900E-6	1.309120E+4	0.000000E+0	0.000000E+0
7.442261E+3	9.870000E-6	1.309120E+4	0.000000E+0	0.000000E+0
7.445262E+3	9.869300E-6	1.309120E+4	0.000000E+0	0.000000E+0
7.448264E+3	9.869800E-6	1.309130E+4	0.000000E+0	0.000000E+0
7.451265E+3	9.868600E-6	1.309100E+4	0.000000E+0	0.000000E+0
7.454265E+3	9.869500E-6	1.309080E+4	0.000000E+0	0.000000E+0
7.457265E+3	9.870200E-6	1.309090E+4	0.000000E+0	0.000000E+0
7.460262E+3	9.869100E-6	1.309110E+4	0.000000E+0	0.000000E+0
7.463267E+3	9.869200E-6	1.309100E+4	0.000000E+0	0.000000E+0
7.466262E+3	9.868900E-6	1.309100E+4	0.000000E+0	0.000000E+0
7.469262E+3	9.868500E-6	1.309110E+4	0.000000E+0	0.000000E+0
7.472265E+3	9.868900E-6	1.309110E+4	0.000000E+0	0.000000E+0
7.475263E+3	9.868600E-6	1.309120E+4	0.000000E+0	0.000000E+0
7.478266E+3	9.869600E-6	1.309110E+4	0.000000E+0	0.000000E+0
7.481268E+3	9.868700E-6	1.309100E+4	0.000000E+0	0.000000E+0
7.484263E+3	9.869100E-6	1.309110E+4	0.000000E+0	0.000000E+0
7.487264E+3	9.869800E-6	1.309100E+4	0.000000E+0	0.000000E+0
7.490264E+3	9.869100E-6	1.309100E+4	0.000000E+0	0.000000E+0
7.493268E+3	9.869400E-6	1.309080E+4	0.000000E+0	0.000000E+0
7.496265E+3	9.869500E-6	1.309090E+4	0.000000E+0	0.000000E+0
7.499264E+3	9.869400E-6	1.309080E+4	0.000000E+0	0.000000E+0
7.502263E+3	9.868900E-6	1.309100E+4	0.000000E+0	0.000000E+0
7.505267E+3	9.868700E-6	1.309100E+4	0.000000E+0	0.000000E+0
7.508266E+3	9.869500E-6	1.309090E+4	0.000000E+0	0.000000E+0
7.511267E+3	9.869200E-6	1.309090E+4	0.000000E+0	0.000000E+0
7.514267E+3	9.868500E-6	1.309100E+4	0.000000E+0	0.000000E+0
7.517262E+3	9.868400E-6	1.309110E+4	0.000000E+0	0.000000E+0
7.520266E+3	9.869100E-6	1.309120E+4	0.000000E+0	0.000000E+0
7.523264E+3	9.868700E-6	1.309120E+4	0.000000E+0	0.000000E+0
7.526262E+3	9.868800E-6	1.309100E+4	0.000000E+0	0.000000E+0
7.529267E+3	9.868500E-6	1.309090E+4	0.000000E+0	0.000000E+0
7.532267E+3	9.868500E-6	1.309090E+4	0.000000E+0	0.000000E+0
7.535270E+3	9.868600E-6	1.309090E+4	0.000000E+0	0.000000E+0
7.538262E+3	9.868200E-6	1.309090E+4	0.000000E+0	0.000000E+0
7.541262E+3	9.868200E-6	1.309100E+4	0.000000E+0	0.000000E+0
7.544267E+3	9.868800E-6	1.309090E+4	0.000000E+0	0.000000E+0
7.547265E+3	9.868100E-6	1.309100E+4	0.000000E+0	0.000000E+0
7.550262E+3	9.868300E-6	1.309090E+4	0.000000E+0	0.000000E+0
7.553265E+3	9.868200E-6	1.309080E+4	0.000000E+0	0.000000E+0
7.556271E+3	9.868000E-6	1.309070E+4	0.000000E+0	0.000000E+0
7.559266E+3	9.867700E-6	1.309040E+4	0.000000E+0	0.000000E+0
7.562260E+3	9.868800E-6	1.309020E+4	0.000000E+0	0.000000E+0
7.565262E+3	9.868900E-6	1.309010E+4	0.000000E+0	0.000000E+0
7.568266E+3	9.868000E-6	1.309000E+4	0.000000E+0	0.000000E+0
7.571265E+3	9.868500E-6	1.308980E+4	0.000000E+0	0.000000E+0
7.574265E+3	9.868000E-6	1.308970E+4	0.000000E+0	0.000000E+0
7.577266E+3	9.868000E-6	1.308970E+4	0.000000E+0	0.000000E+0
7.580261E+3	9.868100E-6	1.308970E+4	0.000000E+0	0.000000E+0
7.583263E+3	9.868300E-6	1.308970E+4	0.000000E+0	0.000000E+0
7.586261E+3	9.868000E-6	1.308980E+4	0.000000E+0	0.000000E+0
7.589268E+3	9.867900E-6	1.308970E+4	0.000000E+0	0.000000E+0
7.592261E+3	9.867600E-6	1.308970E+4	0.000000E+0	0.000000E+0
7.595267E+3	9.867500E-6	1.308970E+4	0.000000E+0	0.000000E+0
7.598260E+3	9.867700E-6	1.308970E+4	0.000000E+0	0.000000E+0
7.601266E+3	9.867900E-6	1.308970E+4	0.000000E+0	0.000000E+0
7.604261E+3	9.867700E-6	1.308960E+4	0.000000E+0	0.000000E+0
7.607267E+3	9.868100E-6	1.308960E+4	0.000000E+0	0.000000E+0
7.610264E+3	9.867900E-6	1.308960E+4	0.000000E+0	0.000000E+0
7.613269E+3	9.868500E-6	1.308960E+4	0.000000E+0	0.000000E+0
7.616266E+3	9.867900E-6	1.308950E+4	0.000000E+0	0.000000E+0
7.619265E+3	9.867500E-6	1.308950E+4	0.000000E+0	0.000000E+0
7.622261E+3	9.867400E-6	1.308940E+4	0.000000E+0	0.000000E+0
7.625262E+3	9.867700E-6	1.308940E+4	0.000000E+0	0.000000E+0
7.628270E+3	9.867200E-6	1.308940E+4	0.000000E+0	0.000000E+0
7.631264E+3	9.867600E-6	1.308940E+4	0.000000E+0	0.000000E+0
7.634267E+3	9.867300E-6	1.308940E+4	0.000000E+0	0.000000E+0
7.637265E+3	9.867500E-6	1.308940E+4	0.000000E+0	0.000000E+0
7.640262E+3	9.868000E-6	1.308930E+4	0.000000E+0	0.000000E+0
7.643262E+3	9.867800E-6	1.308900E+4	0.000000E+0	0.000000E+0
7.646263E+3	9.867200E-6	1.308900E+4	0.000000E+0	0.000000E+0
7.649263E+3	9.866900E-6	1.308890E+4	0.000000E+0	0.000000E+0
7.652263E+3	9.867500E-6	1.308900E+4	0.000000E+0	0.000000E+0
7.655263E+3	9.868100E-6	1.308920E+4	0.000000E+0	0.000000E+0
7.658266E+3	9.867200E-6	1.308950E+4	0.000000E+0	0.000000E+0
7.661262E+3	9.867700E-6	1.308960E+4	0.000000E+0	0.000000E+0
7.664268E+3	9.867600E-6	1.308970E+4	0.000000E+0	0.000000E+0
7.667268E+3	9.867800E-6	1.308970E+4	0.000000E+0	0.000000E+0
7.670261E+3	9.868100E-6	1.308960E+4	0.000000E+0	0.000000E+0
7.673264E+3	9.867200E-6	1.308960E+4	0.000000E+0	0.000000E+0
7.676269E+3	9.867400E-6	1.308960E+4	0.000000E+0	0.000000E+0
7.679264E+3	9.867300E-6	1.308950E+4	0.000000E+0	0.000000E+0
7.682266E+3	9.868000E-6	1.308950E+4	0.000000E+0	0.000000E+0
7.685266E+3	9.867000E-6	1.308980E+4	0.000000E+0	0.000000E+0
7.688264E+3	9.867700E-6	1.309010E+4	0.000000E+0	0.000000E+0
7.691269E+3	9.868400E-6	1.309000E+4	0.000000E+0	0.000000E+0
7.694266E+3	9.867600E-6	1.308990E+4	0.000000E+0	0.000000E+0
7.697266E+3	9.867800E-6	1.308970E+4	0.000000E+0	0.000000E+0
7.700264E+3	9.868100E-6	1.308970E+4	0.000000E+0	0.000000E+0
7.703262E+3	9.867800E-6	1.308980E+4	0.000000E+0	0.000000E+0
7.706264E+3	9.867200E-6	1.309010E+4	0.000000E+0	0.000000E+0
7.709262E+3	9.867600E-6	1.309060E+4	0.000000E+0	0.000000E+0
7.712269E+3	9.868000E-6	1.309080E+4	0.000000E+0	0.000000E+0
7.715262E+3	9.867600E-6	1.309100E+4	0.000000E+0	0.000000E+0
7.718265E+3	9.867900E-6	1.309120E+4	0.000000E+0	0.000000E+0
7.721264E+3	9.868200E-6	1.309120E+4	0.000000E+0	0.000000E+0
7.724265E+3	9.868600E-6	1.309120E+4	0.000000E+0	0.000000E+0
7.727260E+3	9.867800E-6	1.309110E+4	0.000000E+0	0.000000E+0
7.730265E+3	9.867600E-6	1.309130E+4	0.000000E+0	0.000000E+0
7.733265E+3	9.867300E-6	1.309180E+4	0.000000E+0	0.000000E+0
7.736260E+3	9.868000E-6	1.309210E+4	0.000000E+0	0.000000E+0
7.739265E+3	9.867600E-6	1.309230E+4	0.000000E+0	0.000000E+0
7.742260E+3	9.868000E-6	1.309250E+4	0.000000E+0	0.000000E+0
7.745262E+3	9.867400E-6	1.309280E+4	0.000000E+0	0.000000E+0
7.748271E+3	9.867600E-6	1.309250E+4	0.000000E+0	0.000000E+0
7.751265E+3	9.867600E-6	1.309240E+4	0.000000E+0	0.000000E+0
7.754263E+3	9.867400E-6	1.309200E+4	0.000000E+0	0.000000E+0
7.757268E+3	9.867100E-6	1.309190E+4	0.000000E+0	0.000000E+0
7.760265E+3	9.867400E-6	1.309170E+4	0.000000E+0	0.000000E+0
7.763268E+3	9.867700E-6	1.309160E+4	0.000000E+0	0.000000E+0
7.766265E+3	9.867800E-6	1.309260E+4	0.000000E+0	0.000000E+0
7.769263E+3	9.867600E-6	1.309350E+4	0.000000E+0	0.000000E+0
7.772261E+3	9.867200E-6	1.309430E+4	0.000000E+0	0.000000E+0
7.775261E+3	9.867700E-6	1.309490E+4	0.000000E+0	0.000000E+0
7.778266E+3	9.867400E-6	1.309500E+4	0.000000E+0	0.000000E+0
7.781263E+3	9.867700E-6	1.309520E+4	0.000000E+0	0.000000E+0
7.784263E+3	9.867800E-6	1.309520E+4	0.000000E+0	0.000000E+0
7.787263E+3	9.867100E-6	1.309500E+4	0.000000E+0	0.000000E+0
7.790263E+3	9.867300E-6	1.309490E+4	0.000000E+0	0.000000E+0
7.793262E+3	9.866500E-6	1.309460E+4	0.000000E+0	0.000000E+0
7.796264E+3	9.866700E-6	1.309440E+4	0.000000E+0	0.000000E+0
7.799264E+3	9.867000E-6	1.309410E+4	0.000000E+0	0.000000E+0
7.802262E+3	9.866900E-6	1.309360E+4	0.000000E+0	0.000000E+0
7.805265E+3	9.867100E-6	1.309310E+4	0.000000E+0	0.000000E+0
7.808262E+3	9.866900E-6	1.309270E+4	0.000000E+0	0.000000E+0
7.811264E+3	9.867200E-6	1.309240E+4	0.000000E+0	0.000000E+0
7.814262E+3	9.867100E-6	1.309200E+4	0.000000E+0	0.000000E+0
7.817265E+3	9.867200E-6	1.309170E+4	0.000000E+0	0.000000E+0
7.820264E+3	9.867200E-6	1.309110E+4	0.000000E+0	0.000000E+0
7.823260E+3	9.866700E-6	1.309080E+4	0.000000E+0	0.000000E+0
7.826264E+3	9.866600E-6	1.309060E+4	0.000000E+0	0.000000E+0
7.829262E+3	9.866400E-6	1.309040E+4	0.000000E+0	0.000000E+0
7.832263E+3	9.867000E-6	1.309010E+4	0.000000E+0	0.000000E+0
7.835265E+3	9.866800E-6	1.308980E+4	0.000000E+0	0.000000E+0
7.838262E+3	9.866900E-6	1.308950E+4	0.000000E+0	0.000000E+0
7.841265E+3	9.867000E-6	1.308940E+4	0.000000E+0	0.000000E+0
7.844262E+3	9.866800E-6	1.308910E+4	0.000000E+0	0.000000E+0
7.847265E+3	9.866800E-6	1.308900E+4	0.000000E+0	0.000000E+0
7.850263E+3	9.867000E-6	1.308880E+4	0.000000E+0	0.000000E+0
7.853263E+3	9.867000E-6	1.308860E+4	0.000000E+0	0.000000E+0
7.856261E+3	9.866600E-6	1.308850E+4	0.000000E+0	0.000000E+0
7.859263E+3	9.867000E-6	1.308830E+4	0.000000E+0	0.000000E+0
7.862265E+3	9.866600E-6	1.308820E+4	0.000000E+0	0.000000E+0
7.865264E+3	9.866900E-6	1.308870E+4	0.000000E+0	0.000000E+0
7.868264E+3	9.867000E-6	1.308950E+4	0.000000E+0	0.000000E+0
7.871264E+3	9.867100E-6	1.308980E+4	0.000000E+0	0.000000E+0
7.874263E+3	9.866600E-6	1.309000E+4	0.000000E+0	0.000000E+0
7.877266E+3	9.866300E-6	1.308990E+4	0.000000E+0	0.000000E+0
7.880264E+3	9.866400E-6	1.309040E+4	0.000000E+0	0.000000E+0
7.883263E+3	9.866400E-6	1.309120E+4	0.000000E+0	0.000000E+0
7.886263E+3	9.866500E-6	1.309190E+4	0.000000E+0	0.000000E+0
7.889266E+3	9.866000E-6	1.309230E+4	0.000000E+0	0.000000E+0
7.892264E+3	9.866100E-6	1.309230E+4	0.000000E+0	0.000000E+0
7.895264E+3	9.866500E-6	1.309220E+4	0.000000E+0	0.000000E+0
7.898264E+3	9.866000E-6	1.309210E+4	0.000000E+0	0.000000E+0
7.901264E+3	9.865500E-6	1.309200E+4	0.000000E+0	0.000000E+0
7.904261E+3	9.866200E-6	1.309150E+4	0.000000E+0	0.000000E+0
7.907265E+3	9.865900E-6	1.309110E+4	0.000000E+0	0.000000E+0
7.910264E+3	9.865300E-6	1.309100E+4	0.000000E+0	0.000000E+0
7.913267E+3	9.866000E-6	1.309060E+4	0.000000E+0	0.000000E+0
7.916264E+3	9.865900E-6	1.309030E+4	0.000000E+0	0.000000E+0
7.919262E+3	9.866400E-6	1.309010E+4	0.000000E+0	0.000000E+0
7.922264E+3	9.865800E-6	1.308980E+4	0.000000E+0	0.000000E+0
7.925263E+3	9.866400E-6	1.308970E+4	0.000000E+0	0.000000E+0
7.928265E+3	9.866000E-6	1.308960E+4	0.000000E+0	0.000000E+0
7.931260E+3	9.866600E-6	1.308940E+4	0.000000E+0	0.000000E+0
7.934265E+3	9.866200E-6	1.308930E+4	0.000000E+0	0.000000E+0
7.937265E+3	9.865900E-6	1.308960E+4	0.000000E+0	0.000000E+0
7.940266E+3	9.866300E-6	1.308970E+4	0.000000E+0	0.000000E+0
7.943265E+3	9.866400E-6	1.308960E+4	0.000000E+0	0.000000E+0
7.946263E+3	9.866100E-6	1.308930E+4	0.000000E+0	0.000000E+0
7.949265E+3	9.865900E-6	1.308910E+4	0.000000E+0	0.000000E+0
7.952265E+3	9.865900E-6	1.308890E+4	0.000000E+0	0.000000E+0
7.955266E+3	9.865300E-6	1.308870E+4	0.000000E+0	0.000000E+0
7.958263E+3	9.865900E-6	1.308860E+4	0.000000E+0	0.000000E+0
7.961264E+3	9.865200E-6	1.308840E+4	0.000000E+0	0.000000E+0
7.964263E+3	9.865700E-6	1.308830E+4	0.000000E+0	0.000000E+0
7.967264E+3	9.866200E-6	1.308820E+4	0.000000E+0	0.000000E+0
7.970261E+3	9.865400E-6	1.308810E+4	0.000000E+0	0.000000E+0
7.973261E+3	9.865400E-6	1.308820E+4	0.000000E+0	0.000000E+0
7.976264E+3	9.864500E-6	1.308830E+4	0.000000E+0	0.000000E+0
7.979261E+3	9.865600E-6	1.308840E+4	0.000000E+0	0.000000E+0
7.982258E+3	9.865700E-6	1.308870E+4	0.000000E+0	0.000000E+0
7.985264E+3	9.864400E-6	1.308950E+4	0.000000E+0	0.000000E+0
7.988264E+3	9.865500E-6	1.308980E+4	0.000000E+0	0.000000E+0
7.991265E+3	9.865900E-6	1.309000E+4	0.000000E+0	0.000000E+0
7.994265E+3	9.865500E-6	1.309020E+4	0.000000E+0	0.000000E+0
7.997264E+3	9.865100E-6	1.309010E+4	0.000000E+0	0.000000E+0
8.000262E+3	9.865300E-6	1.308990E+4	0.000000E+0	0.000000E+0
8.003264E+3	9.865800E-6	1.308980E+4	0.000000E+0	0.000000E+0
8.006264E+3	9.865000E-6	1.308970E+4	0.000000E+0	0.000000E+0
8.009260E+3	9.865300E-6	1.308940E+4	0.000000E+0	0.000000E+0
8.012259E+3	9.865300E-6	1.308910E+4	0.000000E+0	0.000000E+0
8.015263E+3	9.864800E-6	1.308870E+4	0.000000E+0	0.000000E+0
8.018262E+3	9.864900E-6	1.308840E+4	0.000000E+0	0.000000E+0
8.021260E+3	9.865100E-6	1.308850E+4	0.000000E+0	0.000000E+0
8.024260E+3	9.864900E-6	1.308900E+4	0.000000E+0	0.000000E+0
8.027262E+3	9.864200E-6	1.308930E+4	0.000000E+0	0.000000E+0
8.030265E+3	9.864100E-6	1.308920E+4	0.000000E+0	0.000000E+0
8.033266E+3	9.864300E-6	1.308920E+4	0.000000E+0	0.000000E+0
8.036262E+3	9.864300E-6	1.308910E+4	0.000000E+0	0.000000E+0
8.039265E+3	9.865500E-6	1.308890E+4	0.000000E+0	0.000000E+0
8.042260E+3	9.864100E-6	1.308870E+4	0.000000E+0	0.000000E+0
8.045264E+3	9.865300E-6	1.308850E+4	0.000000E+0	0.000000E+0
8.048261E+3	9.864500E-6	1.308840E+4	0.000000E+0	0.000000E+0
8.051261E+3	9.864200E-6	1.308850E+4	0.000000E+0	0.000000E+0
8.054261E+3	9.864300E-6	1.308860E+4	0.000000E+0	0.000000E+0
8.057263E+3	9.864000E-6	1.308850E+4	0.000000E+0	0.000000E+0
8.060263E+3	9.864300E-6	1.308850E+4	0.000000E+0	0.000000E+0
8.063264E+3	9.864900E-6	1.308830E+4	0.000000E+0	0.000000E+0
8.066264E+3	9.864700E-6	1.308810E+4	0.000000E+0	0.000000E+0
8.069264E+3	9.864300E-6	1.308790E+4	0.000000E+0	0.000000E+0
8.072261E+3	9.863900E-6	1.308770E+4	0.000000E+0	0.000000E+0
8.075261E+3	9.864000E-6	1.308770E+4	0.000000E+0	0.000000E+0
8.078264E+3	9.864300E-6	1.308780E+4	0.000000E+0	0.000000E+0
8.081262E+3	9.864900E-6	1.308800E+4	0.000000E+0	0.000000E+0
8.084265E+3	9.865000E-6	1.308810E+4	0.000000E+0	0.000000E+0
8.087257E+3	9.864100E-6	1.308830E+4	0.000000E+0	0.000000E+0
8.090264E+3	9.863400E-6	1.308850E+4	0.000000E+0	0.000000E+0
8.093265E+3	9.864300E-6	1.308850E+4	0.000000E+0	0.000000E+0
8.096262E+3	9.864100E-6	1.308840E+4	0.000000E+0	0.000000E+0
8.099265E+3	9.863700E-6	1.308840E+4	0.000000E+0	0.000000E+0
8.102262E+3	9.864000E-6	1.308830E+4	0.000000E+0	0.000000E+0
8.105262E+3	9.864200E-6	1.308830E+4	0.000000E+0	0.000000E+0
8.108259E+3	9.864000E-6	1.308830E+4	0.000000E+0	0.000000E+0
8.111257E+3	9.863700E-6	1.308830E+4	0.000000E+0	0.000000E+0
8.114257E+3	9.864500E-6	1.308840E+4	0.000000E+0	0.000000E+0
8.117258E+3	9.863700E-6	1.308860E+4	0.000000E+0	0.000000E+0
8.120255E+3	9.864200E-6	1.308910E+4	0.000000E+0	0.000000E+0
8.123257E+3	9.864000E-6	1.308970E+4	0.000000E+0	0.000000E+0
8.126257E+3	9.864300E-6	1.309000E+4	0.000000E+0	0.000000E+0
8.129257E+3	9.863700E-6	1.309000E+4	0.000000E+0	0.000000E+0
8.132257E+3	9.864100E-6	1.309030E+4	0.000000E+0	0.000000E+0
8.135257E+3	9.863900E-6	1.309050E+4	0.000000E+0	0.000000E+0
8.138257E+3	9.863800E-6	1.309050E+4	0.000000E+0	0.000000E+0
8.141255E+3	9.864300E-6	1.309020E+4	0.000000E+0	0.000000E+0
8.144255E+3	9.864700E-6	1.308990E+4	0.000000E+0	0.000000E+0
8.147255E+3	9.864200E-6	1.308950E+4	0.000000E+0	0.000000E+0
8.150255E+3	9.864200E-6	1.308930E+4	0.000000E+0	0.000000E+0
8.153253E+3	9.863800E-6	1.308910E+4	0.000000E+0	0.000000E+0
8.156258E+3	9.864100E-6	1.308880E+4	0.000000E+0	0.000000E+0
8.159256E+3	9.863900E-6	1.308860E+4	0.000000E+0	0.000000E+0
8.162255E+3	9.864100E-6	1.308830E+4	0.000000E+0	0.000000E+0
8.165258E+3	9.864000E-6	1.308810E+4	0.000000E+0	0.000000E+0
8.168258E+3	9.864800E-6	1.308790E+4	0.000000E+0	0.000000E+0
8.171259E+3	9.863500E-6	1.308760E+4	0.000000E+0	0.000000E+0
8.174258E+3	9.863900E-6	1.308740E+4	0.000000E+0	0.000000E+0
8.177256E+3	9.863900E-6	1.308720E+4	0.000000E+0	0.000000E+0
8.180257E+3	9.863400E-6	1.308710E+4	0.000000E+0	0.000000E+0
8.183256E+3	9.862800E-6	1.308700E+4	0.000000E+0	0.000000E+0
8.186256E+3	9.864800E-6	1.308680E+4	0.000000E+0	0.000000E+0
8.189256E+3	9.863600E-6	1.308680E+4	0.000000E+0	0.000000E+0
8.192257E+3	9.863600E-6	1.308670E+4	0.000000E+0	0.000000E+0
8.195254E+3	9.863300E-6	1.308700E+4	0.000000E+0	0.000000E+0
8.198252E+3	9.864200E-6	1.308730E+4	0.000000E+0	0.000000E+0
8.201254E+3	9.863700E-6	1.308740E+4	0.000000E+0	0.000000E+0
8.204255E+3	9.863200E-6	1.308740E+4	0.000000E+0	0.000000E+0
8.207252E+3	9.862900E-6	1.308740E+4	0.000000E+0	0.000000E+0
8.210254E+3	9.863500E-6	1.308730E+4	0.000000E+0	0.000000E+0
8.213254E+3	9.863300E-6	1.308700E+4	0.000000E+0	0.000000E+0
8.216260E+3	9.862500E-6	1.308690E+4	0.000000E+0	0.000000E+0
8.219257E+3	9.863600E-6	1.308680E+4	0.000000E+0	0.000000E+0
8.222258E+3	9.863000E-6	1.308660E+4	0.000000E+0	0.000000E+0
8.225258E+3	9.862900E-6	1.308650E+4	0.000000E+0	0.000000E+0
8.228264E+3	9.863600E-6	1.308640E+4	0.000000E+0	0.000000E+0
8.231260E+3	9.862800E-6	1.308620E+4	0.000000E+0	0.000000E+0
8.234260E+3	9.862900E-6	1.308610E+4	0.000000E+0	0.000000E+0
8.237255E+3	9.863100E-6	1.308590E+4	0.000000E+0	0.000000E+0
8.240258E+3	9.862600E-6	1.308570E+4	0.000000E+0	0.000000E+0
8.243256E+3	9.862300E-6	1.308560E+4	0.000000E+0	0.000000E+0
8.246256E+3	9.862100E-6	1.308570E+4	0.000000E+0	0.000000E+0
8.249255E+3	9.862800E-6	1.308610E+4	0.000000E+0	0.000000E+0
8.252256E+3	9.862200E-6	1.308660E+4	0.000000E+0	0.000000E+0
8.255256E+3	9.862600E-6	1.308690E+4	0.000000E+0	0.000000E+0
8.258256E+3	9.862100E-6	1.308710E+4	0.000000E+0	0.000000E+0
8.261261E+3	9.863000E-6	1.308720E+4	0.000000E+0	0.000000E+0
8.264262E+3	9.862700E-6	1.308720E+4	0.000000E+0	0.000000E+0
8.267259E+3	9.862400E-6	1.308720E+4	0.000000E+0	0.000000E+0
8.270259E+3	9.862300E-6	1.308700E+4	0.000000E+0	0.000000E+0
8.273259E+3	9.863200E-6	1.308710E+4	0.000000E+0	0.000000E+0
8.276257E+3	9.863200E-6	1.308680E+4	0.000000E+0	0.000000E+0
8.279260E+3	9.862500E-6	1.308690E+4	0.000000E+0	0.000000E+0
8.282259E+3	9.867900E-6	1.308670E+4	0.000000E+0	0.000000E+0
8.285260E+3	9.863200E-6	1.308680E+4	0.000000E+0	0.000000E+0
8.288256E+3	9.863200E-6	1.308660E+4	0.000000E+0	0.000000E+0
8.291260E+3	9.863100E-6	1.308650E+4	0.000000E+0	0.000000E+0
8.294255E+3	9.863500E-6	1.308630E+4	0.000000E+0	0.000000E+0
8.297258E+3	9.862300E-6	1.308610E+4	0.000000E+0	0.000000E+0
8.300259E+3	9.863100E-6	1.308600E+4	0.000000E+0	0.000000E+0
8.303260E+3	9.862600E-6	1.308590E+4	0.000000E+0	0.000000E+0
8.306257E+3	9.862500E-6	1.308580E+4	0.000000E+0	0.000000E+0
8.309258E+3	9.862600E-6	1.308570E+4	0.000000E+0	0.000000E+0
8.312257E+3	9.862900E-6	1.308560E+4	0.000000E+0	0.000000E+0
8.315258E+3	9.862700E-6	1.308550E+4	0.000000E+0	0.000000E+0
8.318258E+3	9.862400E-6	1.308550E+4	0.000000E+0	0.000000E+0
8.321261E+3	9.862100E-6	1.308580E+4	0.000000E+0	0.000000E+0
8.324263E+3	9.863200E-6	1.308580E+4	0.000000E+0	0.000000E+0
8.327261E+3	9.862700E-6	1.308570E+4	0.000000E+0	0.000000E+0
8.330260E+3	9.863100E-6	1.308550E+4	0.000000E+0	0.000000E+0
8.333258E+3	9.863300E-6	1.308570E+4	0.000000E+0	0.000000E+0
8.336258E+3	9.862200E-6	1.308600E+4	0.000000E+0	0.000000E+0
8.339259E+3	9.862400E-6	1.308630E+4	0.000000E+0	0.000000E+0
8.342259E+3	9.862100E-6	1.308620E+4	0.000000E+0	0.000000E+0
8.345259E+3	9.862600E-6	1.308620E+4	0.000000E+0	0.000000E+0
8.348255E+3	9.861900E-6	1.308630E+4	0.000000E+0	0.000000E+0
8.351259E+3	9.862400E-6	1.308630E+4	0.000000E+0	0.000000E+0
8.354259E+3	9.862500E-6	1.308630E+4	0.000000E+0	0.000000E+0
8.357260E+3	9.862800E-6	1.308620E+4	0.000000E+0	0.000000E+0
8.360259E+3	9.863200E-6	1.308610E+4	0.000000E+0	0.000000E+0
8.363261E+3	9.861900E-6	1.308590E+4	0.000000E+0	0.000000E+0
8.366259E+3	9.861900E-6	1.308570E+4	0.000000E+0	0.000000E+0
8.369261E+3	9.861900E-6	1.308550E+4	0.000000E+0	0.000000E+0
8.372261E+3	9.861600E-6	1.308520E+4	0.000000E+0	0.000000E+0
8.375262E+3	9.862400E-6	1.308510E+4	0.000000E+0	0.000000E+0
8.378264E+3	9.862400E-6	1.308490E+4	0.000000E+0	0.000000E+0
8.381260E+3	9.862200E-6	1.308480E+4	0.000000E+0	0.000000E+0
8.384260E+3	9.862200E-6	1.308480E+4	0.000000E+0	0.000000E+0
8.387262E+3	9.861700E-6	1.308470E+4	0.000000E+0	0.000000E+0
8.390263E+3	9.861400E-6	1.308460E+4	0.000000E+0	0.000000E+0
8.393263E+3	9.862400E-6	1.308450E+4	0.000000E+0	0.000000E+0
8.396265E+3	9.861700E-6	1.308460E+4	0.000000E+0	0.000000E+0
8.399263E+3	9.861500E-6	1.308490E+4	0.000000E+0	0.000000E+0
8.402263E+3	9.861600E-6	1.308520E+4	0.000000E+0	0.000000E+0
8.405265E+3	9.862000E-6	1.308540E+4	0.000000E+0	0.000000E+0
8.408265E+3	9.861600E-6	1.308530E+4	0.000000E+0	0.000000E+0
8.411266E+3	9.862000E-6	1.308530E+4	0.000000E+0	0.000000E+0
8.414261E+3	9.862600E-6	1.308520E+4	0.000000E+0	0.000000E+0
8.417263E+3	9.861500E-6	1.308510E+4	0.000000E+0	0.000000E+0
8.420266E+3	9.862500E-6	1.308500E+4	0.000000E+0	0.000000E+0
8.423260E+3	9.862100E-6	1.308500E+4	0.000000E+0	0.000000E+0
8.426263E+3	9.861800E-6	1.308490E+4	0.000000E+0	0.000000E+0
8.429264E+3	9.862200E-6	1.308510E+4	0.000000E+0	0.000000E+0
8.432263E+3	9.861600E-6	1.308530E+4	0.000000E+0	0.000000E+0
8.435263E+3	9.861300E-6	1.308560E+4	0.000000E+0	0.000000E+0
8.438263E+3	9.861600E-6	1.308540E+4	0.000000E+0	0.000000E+0
8.441261E+3	9.861500E-6	1.308530E+4	0.000000E+0	0.000000E+0
8.444264E+3	9.861500E-6	1.308520E+4	0.000000E+0	0.000000E+0
8.447262E+3	9.862200E-6	1.308500E+4	0.000000E+0	0.000000E+0
8.450256E+3	9.861600E-6	1.308490E+4	0.000000E+0	0.000000E+0
8.453259E+3	9.862400E-6	1.308500E+4	0.000000E+0	0.000000E+0
8.456261E+3	9.862000E-6	1.308530E+4	0.000000E+0	0.000000E+0
8.459261E+3	9.861300E-6	1.308560E+4	0.000000E+0	0.000000E+0
8.462254E+3	9.861600E-6	1.308590E+4	0.000000E+0	0.000000E+0
8.465260E+3	9.861500E-6	1.308580E+4	0.000000E+0	0.000000E+0
8.468261E+3	9.861900E-6	1.308580E+4	0.000000E+0	0.000000E+0
8.471261E+3	9.861300E-6	1.308580E+4	0.000000E+0	0.000000E+0
8.474259E+3	9.861800E-6	1.308570E+4	0.000000E+0	0.000000E+0
8.477256E+3	9.861200E-6	1.308570E+4	0.000000E+0	0.000000E+0
8.480257E+3	9.861900E-6	1.308550E+4	0.000000E+0	0.000000E+0
8.483257E+3	9.861200E-6	1.308530E+4	0.000000E+0	0.000000E+0
8.486257E+3	9.861800E-6	1.308510E+4	0.000000E+0	0.000000E+0
8.489254E+3	9.862400E-6	1.308510E+4	0.000000E+0	0.000000E+0
8.492255E+3	9.861900E-6	1.308480E+4	0.000000E+0	0.000000E+0
8.495257E+3	9.862200E-6	1.308480E+4	0.000000E+0	0.000000E+0
8.498255E+3	9.862100E-6	1.308460E+4	0.000000E+0	0.000000E+0
8.501255E+3	9.861500E-6	1.308450E+4	0.000000E+0	0.000000E+0
8.504255E+3	9.861800E-6	1.308440E+4	0.000000E+0	0.000000E+0
8.507255E+3	9.861100E-6	1.308430E+4	0.000000E+0	0.000000E+0
8.510255E+3	9.862400E-6	1.308420E+4	0.000000E+0	0.000000E+0
8.513255E+3	9.862900E-6	1.308400E+4	0.000000E+0	0.000000E+0
8.516256E+3	9.864000E-6	1.308390E+4	0.000000E+0	0.000000E+0
8.519253E+3	9.862800E-6	1.308390E+4	0.000000E+0	0.000000E+0
8.522255E+3	9.861600E-6	1.308410E+4	0.000000E+0	0.000000E+0
8.525256E+3	9.861200E-6	1.308450E+4	0.000000E+0	0.000000E+0
8.528251E+3	9.860800E-6	1.308500E+4	0.000000E+0	0.000000E+0
8.531255E+3	9.861200E-6	1.308520E+4	0.000000E+0	0.000000E+0
8.534255E+3	9.860600E-6	1.308550E+4	0.000000E+0	0.000000E+0
8.537254E+3	9.860300E-6	1.308570E+4	0.000000E+0	0.000000E+0
8.540254E+3	9.861100E-6	1.308570E+4	0.000000E+0	0.000000E+0
8.543254E+3	9.861000E-6	1.308550E+4	0.000000E+0	0.000000E+0
8.546256E+3	9.860500E-6	1.308540E+4	0.000000E+0	0.000000E+0
8.549254E+3	9.860700E-6	1.308540E+4	0.000000E+0	0.000000E+0
8.552254E+3	9.860900E-6	1.308530E+4	0.000000E+0	0.000000E+0
8.555254E+3	9.860400E-6	1.308520E+4	0.000000E+0	0.000000E+0
8.558254E+3	9.861100E-6	1.308520E+4	0.000000E+0	0.000000E+0
8.561257E+3	9.861000E-6	1.308510E+4	0.000000E+0	0.000000E+0
8.564254E+3	9.861400E-6	1.308530E+4	0.000000E+0	0.000000E+0
8.567256E+3	9.861100E-6	1.308550E+4	0.000000E+0	0.000000E+0
8.570252E+3	9.860500E-6	1.308570E+4	0.000000E+0	0.000000E+0
8.573254E+3	9.861200E-6	1.308580E+4	0.000000E+0	0.000000E+0
8.576252E+3	9.860500E-6	1.308580E+4	0.000000E+0	0.000000E+0
