
Medición hecha el 2026-08-20  08:15 p.m.

Medición de corriente y tensión en el tiempo con posibilidad de inyectar corriente.
Tiempo	Corriente	Tensión
4.908000E+0	1.109950E-5	1.299340E+4	0.000000E+0	0.000000E+0
8.179000E+0	1.108450E-5	1.299330E+4	0.000000E+0	0.000000E+0
1.115600E+1	1.107770E-5	1.299340E+4	0.000000E+0	0.000000E+0
1.417300E+1	1.107220E-5	1.299350E+4	0.000000E+0	0.000000E+0
1.717600E+1	1.106830E-5	1.299350E+4	0.000000E+0	0.000000E+0
2.017200E+1	1.106460E-5	1.299350E+4	0.000000E+0	0.000000E+0
2.316600E+1	1.106060E-5	1.299340E+4	0.000000E+0	0.000000E+0
2.617200E+1	1.105820E-5	1.299340E+4	0.000000E+0	0.000000E+0
2.916300E+1	1.105650E-5	1.299340E+4	0.000000E+0	0.000000E+0
3.216800E+1	1.105340E-5	1.299340E+4	0.000000E+0	0.000000E+0
3.516600E+1	1.105200E-5	1.299350E+4	0.000000E+0	0.000000E+0
3.816700E+1	1.104990E-5	1.299370E+4	0.000000E+0	0.000000E+0
4.116900E+1	1.104770E-5	1.299380E+4	0.000000E+0	0.000000E+0
4.416600E+1	1.104630E-5	1.299370E+4	0.000000E+0	0.000000E+0
4.716900E+1	1.104410E-5	1.299370E+4	0.000000E+0	0.000000E+0
5.016900E+1	1.104190E-5	1.299380E+4	0.000000E+0	0.000000E+0
5.316700E+1	1.104100E-5	1.299380E+4	0.000000E+0	0.000000E+0
5.617200E+1	1.103970E-5	1.299390E+4	0.000000E+0	0.000000E+0
5.916700E+1	1.103850E-5	1.299400E+4	0.000000E+0	0.000000E+0
6.216800E+1	1.103700E-5	1.299390E+4	0.000000E+0	0.000000E+0
6.516800E+1	1.103590E-5	1.299390E+4	0.000000E+0	0.000000E+0
6.816600E+1	1.103510E-5	1.299370E+4	0.000000E+0	0.000000E+0
7.116800E+1	1.103320E-5	1.299340E+4	0.000000E+0	0.000000E+0
7.416700E+1	1.103190E-5	1.299310E+4	0.000000E+0	0.000000E+0
7.717200E+1	1.103060E-5	1.299310E+4	0.000000E+0	0.000000E+0
8.016800E+1	1.102980E-5	1.299300E+4	0.000000E+0	0.000000E+0
8.317100E+1	1.102970E-5	1.299290E+4	0.000000E+0	0.000000E+0
8.616800E+1	1.102820E-5	1.299300E+4	0.000000E+0	0.000000E+0
8.915800E+1	1.102790E-5	1.299290E+4	0.000000E+0	0.000000E+0
9.215500E+1	1.102690E-5	1.299290E+4	0.000000E+0	0.000000E+0
9.515500E+1	1.102610E-5	1.299280E+4	0.000000E+0	0.000000E+0
9.815800E+1	1.102460E-5	1.299280E+4	0.000000E+0	0.000000E+0
1.011650E+2	1.102480E-5	1.299270E+4	0.000000E+0	0.000000E+0
1.041730E+2	1.102390E-5	1.299240E+4	0.000000E+0	0.000000E+0
1.071760E+2	1.102290E-5	1.299220E+4	0.000000E+0	0.000000E+0
1.101760E+2	1.102200E-5	1.299220E+4	0.000000E+0	0.000000E+0
1.131730E+2	1.102150E-5	1.299200E+4	0.000000E+0	0.000000E+0
1.161670E+2	1.102040E-5	1.299190E+4	0.000000E+0	0.000000E+0
1.191740E+2	1.102030E-5	1.299170E+4	0.000000E+0	0.000000E+0
1.221710E+2	1.101950E-5	1.299150E+4	0.000000E+0	0.000000E+0
1.251750E+2	1.101900E-5	1.299120E+4	0.000000E+0	0.000000E+0
1.281690E+2	1.101790E-5	1.299110E+4	0.000000E+0	0.000000E+0
1.311690E+2	1.101710E-5	1.299090E+4	0.000000E+0	0.000000E+0
1.341700E+2	1.101770E-5	1.299070E+4	0.000000E+0	0.000000E+0
1.371700E+2	1.101640E-5	1.299060E+4	0.000000E+0	0.000000E+0
1.401700E+2	1.101490E-5	1.299060E+4	0.000000E+0	0.000000E+0
1.431730E+2	1.101410E-5	1.299050E+4	0.000000E+0	0.000000E+0
1.461690E+2	1.101370E-5	1.299050E+4	0.000000E+0	0.000000E+0
1.491690E+2	1.101370E-5	1.299040E+4	0.000000E+0	0.000000E+0
1.521680E+2	1.101350E-5	1.299030E+4	0.000000E+0	0.000000E+0
1.551680E+2	1.101200E-5	1.299020E+4	0.000000E+0	0.000000E+0
1.581690E+2	1.101160E-5	1.299010E+4	0.000000E+0	0.000000E+0
1.611700E+2	1.101100E-5	1.299000E+4	0.000000E+0	0.000000E+0
1.641670E+2	1.101090E-5	1.298980E+4	0.000000E+0	0.000000E+0
1.671690E+2	1.101000E-5	1.298980E+4	0.000000E+0	0.000000E+0
1.701680E+2	1.100990E-5	1.298950E+4	0.000000E+0	0.000000E+0
1.731680E+2	1.100880E-5	1.298910E+4	0.000000E+0	0.000000E+0
1.761700E+2	1.100840E-5	1.298880E+4	0.000000E+0	0.000000E+0
1.791670E+2	1.100800E-5	1.298850E+4	0.000000E+0	0.000000E+0
1.821680E+2	1.100660E-5	1.298830E+4	0.000000E+0	0.000000E+0
1.851680E+2	1.100700E-5	1.298820E+4	0.000000E+0	0.000000E+0
1.881680E+2	1.100580E-5	1.298810E+4	0.000000E+0	0.000000E+0
1.911680E+2	1.100540E-5	1.298800E+4	0.000000E+0	0.000000E+0
1.941680E+2	1.100460E-5	1.298790E+4	0.000000E+0	0.000000E+0
1.971760E+2	1.100420E-5	1.298780E+4	0.000000E+0	0.000000E+0
2.001680E+2	1.100340E-5	1.298770E+4	0.000000E+0	0.000000E+0
2.031710E+2	1.100340E-5	1.298750E+4	0.000000E+0	0.000000E+0
2.061790E+2	1.100260E-5	1.298730E+4	0.000000E+0	0.000000E+0
2.091660E+2	1.100230E-5	1.298690E+4	0.000000E+0	0.000000E+0
2.121680E+2	1.100150E-5	1.298670E+4	0.000000E+0	0.000000E+0
2.151700E+2	1.100090E-5	1.298670E+4	0.000000E+0	0.000000E+0
2.181690E+2	1.100060E-5	1.298660E+4	0.000000E+0	0.000000E+0
2.211680E+2	1.100010E-5	1.298650E+4	0.000000E+0	0.000000E+0
2.241660E+2	1.099980E-5	1.298650E+4	0.000000E+0	0.000000E+0
2.271660E+2	1.099940E-5	1.298630E+4	0.000000E+0	0.000000E+0
2.301690E+2	1.099920E-5	1.298610E+4	0.000000E+0	0.000000E+0
2.331650E+2	1.099900E-5	1.298590E+4	0.000000E+0	0.000000E+0
2.361670E+2	1.099800E-5	1.298580E+4	0.000000E+0	0.000000E+0
2.391690E+2	1.099780E-5	1.298560E+4	0.000000E+0	0.000000E+0
2.421680E+2	1.099760E-5	1.298500E+4	0.000000E+0	0.000000E+0
2.451680E+2	1.099670E-5	1.298480E+4	0.000000E+0	0.000000E+0
2.481690E+2	1.099630E-5	1.298460E+4	0.000000E+0	0.000000E+0
2.511680E+2	1.099570E-5	1.298430E+4	0.000000E+0	0.000000E+0
2.541670E+2	1.099570E-5	1.298410E+4	0.000000E+0	0.000000E+0
2.571700E+2	1.099560E-5	1.298350E+4	0.000000E+0	0.000000E+0
2.601700E+2	1.099420E-5	1.298310E+4	0.000000E+0	0.000000E+0
2.631700E+2	1.099530E-5	1.298290E+4	0.000000E+0	0.000000E+0
2.661680E+2	1.099400E-5	1.298270E+4	0.000000E+0	0.000000E+0
2.691660E+2	1.099380E-5	1.298260E+4	0.000000E+0	0.000000E+0
2.721730E+2	1.099390E-5	1.298240E+4	0.000000E+0	0.000000E+0
2.751680E+2	1.099280E-5	1.298220E+4	0.000000E+0	0.000000E+0
2.781680E+2	1.099210E-5	1.298210E+4	0.000000E+0	0.000000E+0
2.811680E+2	1.099270E-5	1.298190E+4	0.000000E+0	0.000000E+0
2.841740E+2	1.099180E-5	1.298170E+4	0.000000E+0	0.000000E+0
2.871680E+2	1.099110E-5	1.298140E+4	0.000000E+0	0.000000E+0
2.901600E+2	1.099110E-5	1.298110E+4	0.000000E+0	0.000000E+0
2.931610E+2	1.099030E-5	1.298060E+4	0.000000E+0	0.000000E+0
2.961580E+2	1.098990E-5	1.298030E+4	0.000000E+0	0.000000E+0
2.991660E+2	1.098920E-5	1.297970E+4	0.000000E+0	0.000000E+0
3.021710E+2	1.098910E-5	1.297920E+4	0.000000E+0	0.000000E+0
3.051700E+2	1.098910E-5	1.297920E+4	0.000000E+0	0.000000E+0
3.081720E+2	1.098920E-5	1.297920E+4	0.000000E+0	0.000000E+0
3.111750E+2	1.098800E-5	1.297930E+4	0.000000E+0	0.000000E+0
3.141640E+2	1.098890E-5	1.297910E+4	0.000000E+0	0.000000E+0
3.171700E+2	1.098740E-5	1.297850E+4	0.000000E+0	0.000000E+0
3.201670E+2	1.098760E-5	1.297840E+4	0.000000E+0	0.000000E+0
3.231620E+2	1.098700E-5	1.297840E+4	0.000000E+0	0.000000E+0
3.261690E+2	1.098710E-5	1.297860E+4	0.000000E+0	0.000000E+0
3.291720E+2	1.098640E-5	1.297880E+4	0.000000E+0	0.000000E+0
3.321670E+2	1.098590E-5	1.297890E+4	0.000000E+0	0.000000E+0
3.351620E+2	1.098560E-5	1.297890E+4	0.000000E+0	0.000000E+0
3.381650E+2	1.098530E-5	1.297900E+4	0.000000E+0	0.000000E+0
3.411650E+2	1.098560E-5	1.297890E+4	0.000000E+0	0.000000E+0
3.441670E+2	1.098540E-5	1.297880E+4	0.000000E+0	0.000000E+0
3.471670E+2	1.098480E-5	1.297880E+4	0.000000E+0	0.000000E+0
3.501700E+2	1.098440E-5	1.297880E+4	0.000000E+0	0.000000E+0
3.531660E+2	1.098440E-5	1.297870E+4	0.000000E+0	0.000000E+0
3.561620E+2	1.098410E-5	1.297860E+4	0.000000E+0	0.000000E+0
3.591730E+2	1.098320E-5	1.297850E+4	0.000000E+0	0.000000E+0
3.621730E+2	1.098310E-5	1.297830E+4	0.000000E+0	0.000000E+0
3.651680E+2	1.098290E-5	1.297810E+4	0.000000E+0	0.000000E+0
3.681660E+2	1.098260E-5	1.297790E+4	0.000000E+0	0.000000E+0
3.711690E+2	1.098230E-5	1.297760E+4	0.000000E+0	0.000000E+0
3.741660E+2	1.098180E-5	1.297730E+4	0.000000E+0	0.000000E+0
3.771680E+2	1.098130E-5	1.297720E+4	0.000000E+0	0.000000E+0
3.801640E+2	1.098160E-5	1.297730E+4	0.000000E+0	0.000000E+0
3.831660E+2	1.098110E-5	1.297730E+4	0.000000E+0	0.000000E+0
3.861670E+2	1.098090E-5	1.297710E+4	0.000000E+0	0.000000E+0
3.891690E+2	1.098040E-5	1.297710E+4	0.000000E+0	0.000000E+0
3.921680E+2	1.098060E-5	1.297690E+4	0.000000E+0	0.000000E+0
3.951620E+2	1.097940E-5	1.297650E+4	0.000000E+0	0.000000E+0
3.981620E+2	1.097990E-5	1.297610E+4	0.000000E+0	0.000000E+0
4.011630E+2	1.097990E-5	1.297590E+4	0.000000E+0	0.000000E+0
4.041590E+2	1.097910E-5	1.297580E+4	0.000000E+0	0.000000E+0
4.071610E+2	1.097920E-5	1.297560E+4	0.000000E+0	0.000000E+0
4.101560E+2	1.097890E-5	1.297550E+4	0.000000E+0	0.000000E+0
4.131480E+2	1.097850E-5	1.297530E+4	0.000000E+0	0.000000E+0
4.161570E+2	1.097890E-5	1.297510E+4	0.000000E+0	0.000000E+0
4.191560E+2	1.097840E-5	1.297460E+4	0.000000E+0	0.000000E+0
4.221560E+2	1.097760E-5	1.297430E+4	0.000000E+0	0.000000E+0
4.251540E+2	1.097790E-5	1.297420E+4	0.000000E+0	0.000000E+0
4.281460E+2	1.097690E-5	1.297420E+4	0.000000E+0	0.000000E+0
4.311510E+2	1.097700E-5	1.297400E+4	0.000000E+0	0.000000E+0
4.341540E+2	1.097690E-5	1.297380E+4	0.000000E+0	0.000000E+0
4.371560E+2	1.097740E-5	1.297370E+4	0.000000E+0	0.000000E+0
4.401580E+2	1.097620E-5	1.297350E+4	0.000000E+0	0.000000E+0
4.431580E+2	1.097560E-5	1.297340E+4	0.000000E+0	0.000000E+0
4.461570E+2	1.097580E-5	1.297340E+4	0.000000E+0	0.000000E+0
4.491520E+2	1.097560E-5	1.297330E+4	0.000000E+0	0.000000E+0
4.521570E+2	1.097520E-5	1.297320E+4	0.000000E+0	0.000000E+0
4.551540E+2	1.097430E-5	1.297300E+4	0.000000E+0	0.000000E+0
4.581570E+2	1.097400E-5	1.297290E+4	0.000000E+0	0.000000E+0
4.611550E+2	1.097480E-5	1.297280E+4	0.000000E+0	0.000000E+0
4.641550E+2	1.097450E-5	1.297260E+4	0.000000E+0	0.000000E+0
4.671530E+2	1.097440E-5	1.297240E+4	0.000000E+0	0.000000E+0
4.701520E+2	1.097320E-5	1.297200E+4	0.000000E+0	0.000000E+0
4.731570E+2	1.097320E-5	1.297180E+4	0.000000E+0	0.000000E+0
4.761530E+2	1.097280E-5	1.297150E+4	0.000000E+0	0.000000E+0
4.791550E+2	1.097300E-5	1.297130E+4	0.000000E+0	0.000000E+0
4.821600E+2	1.097260E-5	1.297050E+4	0.000000E+0	0.000000E+0
4.851640E+2	1.097250E-5	1.296980E+4	0.000000E+0	0.000000E+0
4.881690E+2	1.097260E-5	1.296930E+4	0.000000E+0	0.000000E+0
4.911590E+2	1.097240E-5	1.296890E+4	0.000000E+0	0.000000E+0
4.941590E+2	1.097180E-5	1.296870E+4	0.000000E+0	0.000000E+0
4.971610E+2	1.097210E-5	1.296870E+4	0.000000E+0	0.000000E+0
5.001660E+2	1.097170E-5	1.296870E+4	0.000000E+0	0.000000E+0
5.031620E+2	1.097140E-5	1.296870E+4	0.000000E+0	0.000000E+0
5.061650E+2	1.097120E-5	1.296870E+4	0.000000E+0	0.000000E+0
5.091640E+2	1.097100E-5	1.296870E+4	0.000000E+0	0.000000E+0
5.121620E+2	1.097070E-5	1.296860E+4	0.000000E+0	0.000000E+0
5.151630E+2	1.097070E-5	1.296850E+4	0.000000E+0	0.000000E+0
5.181640E+2	1.097030E-5	1.296820E+4	0.000000E+0	0.000000E+0
5.211650E+2	1.097010E-5	1.296810E+4	0.000000E+0	0.000000E+0
5.241650E+2	1.096930E-5	1.296810E+4	0.000000E+0	0.000000E+0
5.271650E+2	1.096850E-5	1.296820E+4	0.000000E+0	0.000000E+0
5.301670E+2	1.096910E-5	1.296810E+4	0.000000E+0	0.000000E+0
5.331700E+2	1.096870E-5	1.296800E+4	0.000000E+0	0.000000E+0
5.361690E+2	1.096870E-5	1.296780E+4	0.000000E+0	0.000000E+0
5.391660E+2	1.096820E-5	1.296760E+4	0.000000E+0	0.000000E+0
5.421680E+2	1.096930E-5	1.296730E+4	0.000000E+0	0.000000E+0
5.451660E+2	1.096820E-5	1.296690E+4	0.000000E+0	0.000000E+0
5.481650E+2	1.096810E-5	1.296670E+4	0.000000E+0	0.000000E+0
5.511630E+2	1.096850E-5	1.296660E+4	0.000000E+0	0.000000E+0
5.541650E+2	1.096810E-5	1.296650E+4	0.000000E+0	0.000000E+0
5.571630E+2	1.096830E-5	1.296640E+4	0.000000E+0	0.000000E+0
5.601610E+2	1.096750E-5	1.296630E+4	0.000000E+0	0.000000E+0
5.631610E+2	1.096710E-5	1.296610E+4	0.000000E+0	0.000000E+0
5.661590E+2	1.096700E-5	1.296610E+4	0.000000E+0	0.000000E+0
5.691580E+2	1.096720E-5	1.296600E+4	0.000000E+0	0.000000E+0
5.721630E+2	1.096630E-5	1.296590E+4	0.000000E+0	0.000000E+0
5.751610E+2	1.096620E-5	1.296580E+4	0.000000E+0	0.000000E+0
5.781600E+2	1.096650E-5	1.296560E+4	0.000000E+0	0.000000E+0
5.811580E+2	1.096600E-5	1.296540E+4	0.000000E+0	0.000000E+0
5.841580E+2	1.096570E-5	1.296510E+4	0.000000E+0	0.000000E+0
5.871590E+2	1.096550E-5	1.296490E+4	0.000000E+0	0.000000E+0
5.901540E+2	1.096560E-5	1.296460E+4	0.000000E+0	0.000000E+0
5.931520E+2	1.096560E-5	1.296400E+4	0.000000E+0	0.000000E+0
5.961520E+2	1.096510E-5	1.296370E+4	0.000000E+0	0.000000E+0
5.991590E+2	1.096510E-5	1.296330E+4	0.000000E+0	0.000000E+0
6.021600E+2	1.096460E-5	1.296310E+4	0.000000E+0	0.000000E+0
6.051600E+2	1.096490E-5	1.296280E+4	0.000000E+0	0.000000E+0
6.081670E+2	1.096490E-5	1.296260E+4	0.000000E+0	0.000000E+0
6.111620E+2	1.096430E-5	1.296260E+4	0.000000E+0	0.000000E+0
6.141620E+2	1.096310E-5	1.296190E+4	0.000000E+0	0.000000E+0
6.171620E+2	1.096390E-5	1.296150E+4	0.000000E+0	0.000000E+0
6.201600E+2	1.096320E-5	1.296120E+4	0.000000E+0	0.000000E+0
6.231600E+2	1.096420E-5	1.296070E+4	0.000000E+0	0.000000E+0
6.261600E+2	1.096220E-5	1.296020E+4	0.000000E+0	0.000000E+0
6.291580E+2	1.096270E-5	1.296000E+4	0.000000E+0	0.000000E+0
6.321580E+2	1.096220E-5	1.296010E+4	0.000000E+0	0.000000E+0
6.351590E+2	1.096170E-5	1.296030E+4	0.000000E+0	0.000000E+0
6.381580E+2	1.096190E-5	1.296040E+4	0.000000E+0	0.000000E+0
6.411580E+2	1.096270E-5	1.296040E+4	0.000000E+0	0.000000E+0
6.441620E+2	1.096210E-5	1.296030E+4	0.000000E+0	0.000000E+0
6.471610E+2	1.096110E-5	1.296010E+4	0.000000E+0	0.000000E+0
6.501590E+2	1.096060E-5	1.295960E+4	0.000000E+0	0.000000E+0
6.531580E+2	1.096040E-5	1.295940E+4	0.000000E+0	0.000000E+0
6.561580E+2	1.096080E-5	1.295930E+4	0.000000E+0	0.000000E+0
6.591560E+2	1.095990E-5	1.295920E+4	0.000000E+0	0.000000E+0
6.621580E+2	1.095990E-5	1.295910E+4	0.000000E+0	0.000000E+0
6.651580E+2	1.095990E-5	1.295880E+4	0.000000E+0	0.000000E+0
6.681580E+2	1.095960E-5	1.295860E+4	0.000000E+0	0.000000E+0
6.711560E+2	1.095970E-5	1.295850E+4	0.000000E+0	0.000000E+0
6.741560E+2	1.095860E-5	1.295850E+4	0.000000E+0	0.000000E+0
6.771560E+2	1.095840E-5	1.295840E+4	0.000000E+0	0.000000E+0
6.801560E+2	1.095860E-5	1.295840E+4	0.000000E+0	0.000000E+0
6.831560E+2	1.095810E-5	1.295820E+4	0.000000E+0	0.000000E+0
6.861570E+2	1.095850E-5	1.295800E+4	0.000000E+0	0.000000E+0
6.891570E+2	1.095780E-5	1.295770E+4	0.000000E+0	0.000000E+0
6.921560E+2	1.095870E-5	1.295740E+4	0.000000E+0	0.000000E+0
6.951560E+2	1.095780E-5	1.295730E+4	0.000000E+0	0.000000E+0
6.981560E+2	1.095710E-5	1.295730E+4	0.000000E+0	0.000000E+0
7.011550E+2	1.095730E-5	1.295720E+4	0.000000E+0	0.000000E+0
7.041550E+2	1.095720E-5	1.295710E+4	0.000000E+0	0.000000E+0
7.071540E+2	1.095680E-5	1.295680E+4	0.000000E+0	0.000000E+0
7.101580E+2	1.095680E-5	1.295690E+4	0.000000E+0	0.000000E+0
7.131600E+2	1.095680E-5	1.295670E+4	0.000000E+0	0.000000E+0
7.161620E+2	1.095650E-5	1.295670E+4	0.000000E+0	0.000000E+0
7.191630E+2	1.095640E-5	1.295650E+4	0.000000E+0	0.000000E+0
7.221680E+2	1.095570E-5	1.295610E+4	0.000000E+0	0.000000E+0
7.251630E+2	1.095590E-5	1.295570E+4	0.000000E+0	0.000000E+0
7.281650E+2	1.095580E-5	1.295550E+4	0.000000E+0	0.000000E+0
7.311630E+2	1.095610E-5	1.295510E+4	0.000000E+0	0.000000E+0
7.341650E+2	1.095690E-5	1.295500E+4	0.000000E+0	0.000000E+0
7.371630E+2	1.095600E-5	1.295510E+4	0.000000E+0	0.000000E+0
7.401680E+2	1.095550E-5	1.295490E+4	0.000000E+0	0.000000E+0
7.431650E+2	1.095550E-5	1.295460E+4	0.000000E+0	0.000000E+0
7.461640E+2	1.095530E-5	1.295460E+4	0.000000E+0	0.000000E+0
7.491640E+2	1.095500E-5	1.295470E+4	0.000000E+0	0.000000E+0
7.521650E+2	1.095530E-5	1.295480E+4	0.000000E+0	0.000000E+0
7.551620E+2	1.095430E-5	1.295490E+4	0.000000E+0	0.000000E+0
7.581610E+2	1.095500E-5	1.295470E+4	0.000000E+0	0.000000E+0
7.611630E+2	1.095440E-5	1.295470E+4	0.000000E+0	0.000000E+0
7.641610E+2	1.095400E-5	1.295480E+4	0.000000E+0	0.000000E+0
7.671620E+2	1.095370E-5	1.295490E+4	0.000000E+0	0.000000E+0
7.701590E+2	1.095460E-5	1.295470E+4	0.000000E+0	0.000000E+0
7.731620E+2	1.095420E-5	1.295460E+4	0.000000E+0	0.000000E+0
7.761640E+2	1.095340E-5	1.295450E+4	0.000000E+0	0.000000E+0
7.791640E+2	1.095410E-5	1.295450E+4	0.000000E+0	0.000000E+0
7.821640E+2	1.095390E-5	1.295420E+4	0.000000E+0	0.000000E+0
7.851630E+2	1.095340E-5	1.295390E+4	0.000000E+0	0.000000E+0
7.881660E+2	1.095370E-5	1.295360E+4	0.000000E+0	0.000000E+0
7.911630E+2	1.095340E-5	1.295310E+4	0.000000E+0	0.000000E+0
7.941650E+2	1.095290E-5	1.295290E+4	0.000000E+0	0.000000E+0
7.971650E+2	1.095240E-5	1.295270E+4	0.000000E+0	0.000000E+0
8.001620E+2	1.095280E-5	1.295250E+4	0.000000E+0	0.000000E+0
8.031650E+2	1.095290E-5	1.295240E+4	0.000000E+0	0.000000E+0
8.061600E+2	1.095250E-5	1.295210E+4	0.000000E+0	0.000000E+0
8.091600E+2	1.095240E-5	1.295180E+4	0.000000E+0	0.000000E+0
8.121600E+2	1.095250E-5	1.295150E+4	0.000000E+0	0.000000E+0
8.151570E+2	1.095180E-5	1.295140E+4	0.000000E+0	0.000000E+0
8.181570E+2	1.095200E-5	1.295110E+4	0.000000E+0	0.000000E+0
8.211550E+2	1.095210E-5	1.295070E+4	0.000000E+0	0.000000E+0
8.241550E+2	1.095200E-5	1.295030E+4	0.000000E+0	0.000000E+0
8.271480E+2	1.095210E-5	1.295020E+4	0.000000E+0	0.000000E+0
8.301550E+2	1.095160E-5	1.295020E+4	0.000000E+0	0.000000E+0
8.331530E+2	1.095100E-5	1.295040E+4	0.000000E+0	0.000000E+0
8.361530E+2	1.095090E-5	1.295040E+4	0.000000E+0	0.000000E+0
8.391560E+2	1.095030E-5	1.295060E+4	0.000000E+0	0.000000E+0
8.421610E+2	1.095060E-5	1.295060E+4	0.000000E+0	0.000000E+0
8.451610E+2	1.095030E-5	1.295060E+4	0.000000E+0	0.000000E+0
8.481610E+2	1.095060E-5	1.295050E+4	0.000000E+0	0.000000E+0
8.511610E+2	1.095040E-5	1.295040E+4	0.000000E+0	0.000000E+0
8.541610E+2	1.094970E-5	1.295020E+4	0.000000E+0	0.000000E+0
8.571590E+2	1.094990E-5	1.295020E+4	0.000000E+0	0.000000E+0
8.601610E+2	1.094940E-5	1.294990E+4	0.000000E+0	0.000000E+0
8.631590E+2	1.094910E-5	1.294980E+4	0.000000E+0	0.000000E+0
8.661590E+2	1.094950E-5	1.294960E+4	0.000000E+0	0.000000E+0
8.691580E+2	1.094940E-5	1.294950E+4	0.000000E+0	0.000000E+0
8.721570E+2	1.094990E-5	1.294940E+4	0.000000E+0	0.000000E+0
8.751550E+2	1.094950E-5	1.294940E+4	0.000000E+0	0.000000E+0
8.781570E+2	1.094870E-5	1.294920E+4	0.000000E+0	0.000000E+0
8.811570E+2	1.094950E-5	1.294930E+4	0.000000E+0	0.000000E+0
8.841590E+2	1.094880E-5	1.294920E+4	0.000000E+0	0.000000E+0
8.871590E+2	1.094960E-5	1.294930E+4	0.000000E+0	0.000000E+0
8.901550E+2	1.094920E-5	1.294940E+4	0.000000E+0	0.000000E+0
8.931520E+2	1.094870E-5	1.294930E+4	0.000000E+0	0.000000E+0
8.961570E+2	1.094850E-5	1.294930E+4	0.000000E+0	0.000000E+0
8.991490E+2	1.094880E-5	1.294920E+4	0.000000E+0	0.000000E+0
9.021530E+2	1.094760E-5	1.294890E+4	0.000000E+0	0.000000E+0
9.051540E+2	1.094770E-5	1.294890E+4	0.000000E+0	0.000000E+0
9.081550E+2	1.094830E-5	1.294900E+4	0.000000E+0	0.000000E+0
9.111520E+2	1.094760E-5	1.294880E+4	0.000000E+0	0.000000E+0
9.141570E+2	1.094720E-5	1.294880E+4	0.000000E+0	0.000000E+0
9.171530E+2	1.094730E-5	1.294840E+4	0.000000E+0	0.000000E+0
9.201560E+2	1.094710E-5	1.294820E+4	0.000000E+0	0.000000E+0
9.231560E+2	1.094660E-5	1.294800E+4	0.000000E+0	0.000000E+0
9.261560E+2	1.094650E-5	1.294790E+4	0.000000E+0	0.000000E+0
9.291580E+2	1.094620E-5	1.294770E+4	0.000000E+0	0.000000E+0
9.321560E+2	1.094640E-5	1.294770E+4	0.000000E+0	0.000000E+0
9.351580E+2	1.094660E-5	1.294770E+4	0.000000E+0	0.000000E+0
9.381590E+2	1.094680E-5	1.294770E+4	0.000000E+0	0.000000E+0
9.411610E+2	1.094620E-5	1.294760E+4	0.000000E+0	0.000000E+0
9.441610E+2	1.094590E-5	1.294740E+4	0.000000E+0	0.000000E+0
9.471640E+2	1.094550E-5	1.294720E+4	0.000000E+0	0.000000E+0
9.501670E+2	1.094530E-5	1.294700E+4	0.000000E+0	0.000000E+0
9.531650E+2	1.094510E-5	1.294690E+4	0.000000E+0	0.000000E+0
9.561650E+2	1.094530E-5	1.294650E+4	0.000000E+0	0.000000E+0
9.591660E+2	1.094530E-5	1.294610E+4	0.000000E+0	0.000000E+0
9.621680E+2	1.094520E-5	1.294570E+4	0.000000E+0	0.000000E+0
9.651680E+2	1.094490E-5	1.294550E+4	0.000000E+0	0.000000E+0
9.681690E+2	1.094450E-5	1.294530E+4	0.000000E+0	0.000000E+0
9.711680E+2	1.094430E-5	1.294500E+4	0.000000E+0	0.000000E+0
9.741680E+2	1.094470E-5	1.294490E+4	0.000000E+0	0.000000E+0
9.771720E+2	1.094420E-5	1.294500E+4	0.000000E+0	0.000000E+0
9.801650E+2	1.094450E-5	1.294510E+4	0.000000E+0	0.000000E+0
9.831700E+2	1.094360E-5	1.294530E+4	0.000000E+0	0.000000E+0
9.861680E+2	1.094350E-5	1.294540E+4	0.000000E+0	0.000000E+0
9.891650E+2	1.094350E-5	1.294530E+4	0.000000E+0	0.000000E+0
9.921650E+2	1.094280E-5	1.294500E+4	0.000000E+0	0.000000E+0
9.951650E+2	1.094300E-5	1.294490E+4	0.000000E+0	0.000000E+0
9.981610E+2	1.094320E-5	1.294480E+4	0.000000E+0	0.000000E+0
1.001164E+3	1.094280E-5	1.294470E+4	0.000000E+0	0.000000E+0
1.004166E+3	1.094310E-5	1.294460E+4	0.000000E+0	0.000000E+0
1.007163E+3	1.094220E-5	1.294460E+4	0.000000E+0	0.000000E+0
1.010163E+3	1.094260E-5	1.294440E+4	0.000000E+0	0.000000E+0
1.013174E+3	1.094240E-5	1.294430E+4	0.000000E+0	0.000000E+0
1.016166E+3	1.094220E-5	1.294410E+4	0.000000E+0	0.000000E+0
1.019166E+3	1.094270E-5	1.294400E+4	0.000000E+0	0.000000E+0
1.022180E+3	1.094290E-5	1.294390E+4	0.000000E+0	0.000000E+0
1.025161E+3	1.094270E-5	1.294370E+4	0.000000E+0	0.000000E+0
1.028161E+3	1.094230E-5	1.294370E+4	0.000000E+0	0.000000E+0
1.031158E+3	1.094270E-5	1.294380E+4	0.000000E+0	0.000000E+0
1.034159E+3	1.094140E-5	1.294370E+4	0.000000E+0	0.000000E+0
1.037156E+3	1.094210E-5	1.294360E+4	0.000000E+0	0.000000E+0
1.040163E+3	1.094240E-5	1.294340E+4	0.000000E+0	0.000000E+0
1.043171E+3	1.094170E-5	1.294320E+4	0.000000E+0	0.000000E+0
1.046180E+3	1.094160E-5	1.294310E+4	0.000000E+0	0.000000E+0
1.049164E+3	1.094210E-5	1.294280E+4	0.000000E+0	0.000000E+0
1.052167E+3	1.094140E-5	1.294220E+4	0.000000E+0	0.000000E+0
1.055175E+3	1.094090E-5	1.294190E+4	0.000000E+0	0.000000E+0
1.058164E+3	1.094060E-5	1.294170E+4	0.000000E+0	0.000000E+0
1.061175E+3	1.094100E-5	1.294150E+4	0.000000E+0	0.000000E+0
1.064167E+3	1.094060E-5	1.294140E+4	0.000000E+0	0.000000E+0
1.067167E+3	1.094090E-5	1.294130E+4	0.000000E+0	0.000000E+0
1.070166E+3	1.094070E-5	1.294120E+4	0.000000E+0	0.000000E+0
1.073166E+3	1.094050E-5	1.294090E+4	0.000000E+0	0.000000E+0
1.076170E+3	1.093980E-5	1.294080E+4	0.000000E+0	0.000000E+0
1.079165E+3	1.094000E-5	1.294100E+4	0.000000E+0	0.000000E+0
1.082165E+3	1.093950E-5	1.294090E+4	0.000000E+0	0.000000E+0
1.085166E+3	1.094050E-5	1.294100E+4	0.000000E+0	0.000000E+0
1.088166E+3	1.094010E-5	1.294100E+4	0.000000E+0	0.000000E+0
1.091166E+3	1.094000E-5	1.294100E+4	0.000000E+0	0.000000E+0
1.094168E+3	1.093940E-5	1.294100E+4	0.000000E+0	0.000000E+0
1.097166E+3	1.094000E-5	1.294080E+4	0.000000E+0	0.000000E+0
1.100168E+3	1.093930E-5	1.294070E+4	0.000000E+0	0.000000E+0
1.103166E+3	1.094000E-5	1.294050E+4	0.000000E+0	0.000000E+0
1.106169E+3	1.093920E-5	1.294020E+4	0.000000E+0	0.000000E+0
1.109167E+3	1.093850E-5	1.294000E+4	0.000000E+0	0.000000E+0
1.112168E+3	1.093920E-5	1.293990E+4	0.000000E+0	0.000000E+0
1.115166E+3	1.093890E-5	1.293980E+4	0.000000E+0	0.000000E+0
1.118167E+3	1.093840E-5	1.293970E+4	0.000000E+0	0.000000E+0
1.121162E+3	1.093890E-5	1.293950E+4	0.000000E+0	0.000000E+0
1.124165E+3	1.093880E-5	1.293940E+4	0.000000E+0	0.000000E+0
1.127165E+3	1.093800E-5	1.293900E+4	0.000000E+0	0.000000E+0
1.130166E+3	1.093770E-5	1.293840E+4	0.000000E+0	0.000000E+0
1.133170E+3	1.093820E-5	1.293790E+4	0.000000E+0	0.000000E+0
1.136164E+3	1.093810E-5	1.293770E+4	0.000000E+0	0.000000E+0
1.139175E+3	1.093810E-5	1.293760E+4	0.000000E+0	0.000000E+0
1.142167E+3	1.093790E-5	1.293780E+4	0.000000E+0	0.000000E+0
1.145175E+3	1.093770E-5	1.293790E+4	0.000000E+0	0.000000E+0
1.148173E+3	1.093810E-5	1.293790E+4	0.000000E+0	0.000000E+0
1.151168E+3	1.093720E-5	1.293780E+4	0.000000E+0	0.000000E+0
1.154177E+3	1.093740E-5	1.293780E+4	0.000000E+0	0.000000E+0
1.157165E+3	1.093690E-5	1.293740E+4	0.000000E+0	0.000000E+0
1.160165E+3	1.093710E-5	1.293720E+4	0.000000E+0	0.000000E+0
1.163165E+3	1.093680E-5	1.293700E+4	0.000000E+0	0.000000E+0
1.166167E+3	1.093680E-5	1.293660E+4	0.000000E+0	0.000000E+0
1.169176E+3	1.093640E-5	1.293640E+4	0.000000E+0	0.000000E+0
1.172168E+3	1.093670E-5	1.293600E+4	0.000000E+0	0.000000E+0
1.175176E+3	1.093670E-5	1.293560E+4	0.000000E+0	0.000000E+0
1.178178E+3	1.093670E-5	1.293520E+4	0.000000E+0	0.000000E+0
1.181174E+3	1.093700E-5	1.293510E+4	0.000000E+0	0.000000E+0
1.184168E+3	1.093680E-5	1.293530E+4	0.000000E+0	0.000000E+0
1.187171E+3	1.093670E-5	1.293540E+4	0.000000E+0	0.000000E+0
1.190166E+3	1.093630E-5	1.293570E+4	0.000000E+0	0.000000E+0
1.193165E+3	1.093550E-5	1.293590E+4	0.000000E+0	0.000000E+0
1.196163E+3	1.093560E-5	1.293590E+4	0.000000E+0	0.000000E+0
1.199164E+3	1.093550E-5	1.293590E+4	0.000000E+0	0.000000E+0
1.202169E+3	1.093490E-5	1.293560E+4	0.000000E+0	0.000000E+0
1.205170E+3	1.093520E-5	1.293530E+4	0.000000E+0	0.000000E+0
1.208170E+3	1.093470E-5	1.293510E+4	0.000000E+0	0.000000E+0
1.211169E+3	1.093440E-5	1.293490E+4	0.000000E+0	0.000000E+0
1.214165E+3	1.093560E-5	1.293470E+4	0.000000E+0	0.000000E+0
1.217169E+3	1.093430E-5	1.293470E+4	0.000000E+0	0.000000E+0
1.220169E+3	1.093530E-5	1.293460E+4	0.000000E+0	0.000000E+0
1.223165E+3	1.093500E-5	1.293460E+4	0.000000E+0	0.000000E+0
1.226165E+3	1.093450E-5	1.293460E+4	0.000000E+0	0.000000E+0
1.229169E+3	1.093460E-5	1.293440E+4	0.000000E+0	0.000000E+0
1.232170E+3	1.093460E-5	1.293430E+4	0.000000E+0	0.000000E+0
1.235165E+3	1.093530E-5	1.293410E+4	0.000000E+0	0.000000E+0
1.238168E+3	1.093500E-5	1.293400E+4	0.000000E+0	0.000000E+0
1.241167E+3	1.093420E-5	1.293390E+4	0.000000E+0	0.000000E+0
1.244170E+3	1.093400E-5	1.293380E+4	0.000000E+0	0.000000E+0
1.247168E+3	1.093440E-5	1.293370E+4	0.000000E+0	0.000000E+0
1.250170E+3	1.093430E-5	1.293350E+4	0.000000E+0	0.000000E+0
1.253165E+3	1.093440E-5	1.293350E+4	0.000000E+0	0.000000E+0
1.256165E+3	1.093360E-5	1.293330E+4	0.000000E+0	0.000000E+0
1.259171E+3	1.093410E-5	1.293320E+4	0.000000E+0	0.000000E+0
1.262172E+3	1.093340E-5	1.293320E+4	0.000000E+0	0.000000E+0
1.265167E+3	1.093350E-5	1.293310E+4	0.000000E+0	0.000000E+0
1.268169E+3	1.093300E-5	1.293300E+4	0.000000E+0	0.000000E+0
1.271177E+3	1.093250E-5	1.293280E+4	0.000000E+0	0.000000E+0
1.274166E+3	1.093270E-5	1.293260E+4	0.000000E+0	0.000000E+0
1.277164E+3	1.093330E-5	1.293250E+4	0.000000E+0	0.000000E+0
1.280166E+3	1.093360E-5	1.293240E+4	0.000000E+0	0.000000E+0
1.283168E+3	1.093300E-5	1.293240E+4	0.000000E+0	0.000000E+0
1.286177E+3	1.093360E-5	1.293240E+4	0.000000E+0	0.000000E+0
1.289164E+3	1.093380E-5	1.293220E+4	0.000000E+0	0.000000E+0
1.292161E+3	1.093350E-5	1.293200E+4	0.000000E+0	0.000000E+0
1.295162E+3	1.093320E-5	1.293190E+4	0.000000E+0	0.000000E+0
1.298156E+3	1.093330E-5	1.293170E+4	0.000000E+0	0.000000E+0
1.301156E+3	1.093280E-5	1.293160E+4	0.000000E+0	0.000000E+0
1.304164E+3	1.093190E-5	1.293160E+4	0.000000E+0	0.000000E+0
1.307169E+3	1.093250E-5	1.293130E+4	0.000000E+0	0.000000E+0
1.310178E+3	1.093230E-5	1.293110E+4	0.000000E+0	0.000000E+0
1.313168E+3	1.093180E-5	1.293080E+4	0.000000E+0	0.000000E+0
1.316178E+3	1.093120E-5	1.293070E+4	0.000000E+0	0.000000E+0
1.319172E+3	1.093160E-5	1.293060E+4	0.000000E+0	0.000000E+0
1.322172E+3	1.093160E-5	1.293050E+4	0.000000E+0	0.000000E+0
1.325170E+3	1.093200E-5	1.293050E+4	0.000000E+0	0.000000E+0
1.328172E+3	1.093130E-5	1.293030E+4	0.000000E+0	0.000000E+0
1.331165E+3	1.093150E-5	1.293030E+4	0.000000E+0	0.000000E+0
1.334165E+3	1.093130E-5	1.293030E+4	0.000000E+0	0.000000E+0
1.337170E+3	1.093100E-5	1.293030E+4	0.000000E+0	0.000000E+0
1.340168E+3	1.093120E-5	1.293030E+4	0.000000E+0	0.000000E+0
1.343170E+3	1.093120E-5	1.293010E+4	0.000000E+0	0.000000E+0
1.346170E+3	1.093120E-5	1.292980E+4	0.000000E+0	0.000000E+0
1.349171E+3	1.093160E-5	1.292960E+4	0.000000E+0	0.000000E+0
1.352166E+3	1.093140E-5	1.292970E+4	0.000000E+0	0.000000E+0
1.355170E+3	1.093100E-5	1.292990E+4	0.000000E+0	0.000000E+0
1.358164E+3	1.093110E-5	1.292990E+4	0.000000E+0	0.000000E+0
1.361171E+3	1.093040E-5	1.292990E+4	0.000000E+0	0.000000E+0
1.364170E+3	1.093110E-5	1.293000E+4	0.000000E+0	0.000000E+0
1.367168E+3	1.093070E-5	1.292990E+4	0.000000E+0	0.000000E+0
1.370166E+3	1.093030E-5	1.292980E+4	0.000000E+0	0.000000E+0
1.373173E+3	1.093070E-5	1.292940E+4	0.000000E+0	0.000000E+0
1.376167E+3	1.092960E-5	1.292910E+4	0.000000E+0	0.000000E+0
1.379169E+3	1.092980E-5	1.292900E+4	0.000000E+0	0.000000E+0
1.382171E+3	1.092960E-5	1.292890E+4	0.000000E+0	0.000000E+0
1.385169E+3	1.092960E-5	1.292880E+4	0.000000E+0	0.000000E+0
1.388169E+3	1.093000E-5	1.292860E+4	0.000000E+0	0.000000E+0
1.391169E+3	1.092980E-5	1.292850E+4	0.000000E+0	0.000000E+0
1.394170E+3	1.092960E-5	1.292830E+4	0.000000E+0	0.000000E+0
1.397165E+3	1.092930E-5	1.292800E+4	0.000000E+0	0.000000E+0
1.400166E+3	1.092930E-5	1.292740E+4	0.000000E+0	0.000000E+0
1.403165E+3	1.092960E-5	1.292720E+4	0.000000E+0	0.000000E+0
1.406167E+3	1.092930E-5	1.292700E+4	0.000000E+0	0.000000E+0
1.409164E+3	1.092890E-5	1.292680E+4	0.000000E+0	0.000000E+0
1.412168E+3	1.092930E-5	1.292670E+4	0.000000E+0	0.000000E+0
1.415171E+3	1.092980E-5	1.292640E+4	0.000000E+0	0.000000E+0
1.418167E+3	1.092850E-5	1.292600E+4	0.000000E+0	0.000000E+0
1.421170E+3	1.092910E-5	1.292590E+4	0.000000E+0	0.000000E+0
1.424168E+3	1.092840E-5	1.292580E+4	0.000000E+0	0.000000E+0
1.427170E+3	1.092850E-5	1.292580E+4	0.000000E+0	0.000000E+0
1.430168E+3	1.092850E-5	1.292570E+4	0.000000E+0	0.000000E+0
1.433170E+3	1.092850E-5	1.292560E+4	0.000000E+0	0.000000E+0
1.436167E+3	1.092840E-5	1.292540E+4	0.000000E+0	0.000000E+0
1.439163E+3	1.092820E-5	1.292510E+4	0.000000E+0	0.000000E+0
1.442157E+3	1.092790E-5	1.292510E+4	0.000000E+0	0.000000E+0
1.445162E+3	1.092690E-5	1.292510E+4	0.000000E+0	0.000000E+0
1.448166E+3	1.092720E-5	1.292500E+4	0.000000E+0	0.000000E+0
1.451171E+3	1.092790E-5	1.292500E+4	0.000000E+0	0.000000E+0
1.454168E+3	1.092770E-5	1.292480E+4	0.000000E+0	0.000000E+0
1.457169E+3	1.092720E-5	1.292450E+4	0.000000E+0	0.000000E+0
1.460168E+3	1.092650E-5	1.292440E+4	0.000000E+0	0.000000E+0
1.463171E+3	1.092620E-5	1.292430E+4	0.000000E+0	0.000000E+0
1.466171E+3	1.092640E-5	1.292420E+4	0.000000E+0	0.000000E+0
1.469172E+3	1.092650E-5	1.292410E+4	0.000000E+0	0.000000E+0
1.472169E+3	1.092720E-5	1.292420E+4	0.000000E+0	0.000000E+0
1.475170E+3	1.092640E-5	1.292420E+4	0.000000E+0	0.000000E+0
1.478169E+3	1.092720E-5	1.292430E+4	0.000000E+0	0.000000E+0
1.481171E+3	1.092630E-5	1.292440E+4	0.000000E+0	0.000000E+0
1.484167E+3	1.092620E-5	1.292440E+4	0.000000E+0	0.000000E+0
1.487175E+3	1.092570E-5	1.292440E+4	0.000000E+0	0.000000E+0
1.490169E+3	1.092550E-5	1.292430E+4	0.000000E+0	0.000000E+0
1.493170E+3	1.092610E-5	1.292430E+4	0.000000E+0	0.000000E+0
1.496168E+3	1.092540E-5	1.292420E+4	0.000000E+0	0.000000E+0
1.499170E+3	1.092510E-5	1.292410E+4	0.000000E+0	0.000000E+0
1.502167E+3	1.092540E-5	1.292420E+4	0.000000E+0	0.000000E+0
1.505171E+3	1.092580E-5	1.292410E+4	0.000000E+0	0.000000E+0
1.508167E+3	1.092620E-5	1.292430E+4	0.000000E+0	0.000000E+0
1.511171E+3	1.092520E-5	1.292430E+4	0.000000E+0	0.000000E+0
1.514165E+3	1.092490E-5	1.292450E+4	0.000000E+0	0.000000E+0
1.517170E+3	1.092490E-5	1.292450E+4	0.000000E+0	0.000000E+0
1.520170E+3	1.092510E-5	1.292440E+4	0.000000E+0	0.000000E+0
1.523171E+3	1.092510E-5	1.292440E+4	0.000000E+0	0.000000E+0
1.526170E+3	1.092550E-5	1.292440E+4	0.000000E+0	0.000000E+0
1.529169E+3	1.092560E-5	1.292430E+4	0.000000E+0	0.000000E+0
1.532168E+3	1.092540E-5	1.292420E+4	0.000000E+0	0.000000E+0
1.535170E+3	1.092510E-5	1.292420E+4	0.000000E+0	0.000000E+0
1.538171E+3	1.092500E-5	1.292420E+4	0.000000E+0	0.000000E+0
1.541166E+3	1.092490E-5	1.292400E+4	0.000000E+0	0.000000E+0
1.544166E+3	1.092500E-5	1.292400E+4	0.000000E+0	0.000000E+0
1.547167E+3	1.092430E-5	1.292410E+4	0.000000E+0	0.000000E+0
1.550169E+3	1.092460E-5	1.292400E+4	0.000000E+0	0.000000E+0
1.553168E+3	1.092400E-5	1.292390E+4	0.000000E+0	0.000000E+0
1.556181E+3	1.092410E-5	1.292360E+4	0.000000E+0	0.000000E+0
1.559169E+3	1.092460E-5	1.292350E+4	0.000000E+0	0.000000E+0
1.562171E+3	1.092430E-5	1.292340E+4	0.000000E+0	0.000000E+0
1.565167E+3	1.092460E-5	1.292320E+4	0.000000E+0	0.000000E+0
1.568169E+3	1.092450E-5	1.292310E+4	0.000000E+0	0.000000E+0
1.571167E+3	1.092360E-5	1.292300E+4	0.000000E+0	0.000000E+0
1.574170E+3	1.092340E-5	1.292310E+4	0.000000E+0	0.000000E+0
1.577165E+3	1.092370E-5	1.292300E+4	0.000000E+0	0.000000E+0
1.580167E+3	1.092390E-5	1.292310E+4	0.000000E+0	0.000000E+0
1.583170E+3	1.092270E-5	1.292300E+4	0.000000E+0	0.000000E+0
1.586165E+3	1.092240E-5	1.292300E+4	0.000000E+0	0.000000E+0
1.589164E+3	1.092270E-5	1.292280E+4	0.000000E+0	0.000000E+0
1.592165E+3	1.092290E-5	1.292270E+4	0.000000E+0	0.000000E+0
1.595167E+3	1.092250E-5	1.292260E+4	0.000000E+0	0.000000E+0
1.598169E+3	1.092330E-5	1.292260E+4	0.000000E+0	0.000000E+0
1.601181E+3	1.092240E-5	1.292250E+4	0.000000E+0	0.000000E+0
1.604163E+3	1.092240E-5	1.292230E+4	0.000000E+0	0.000000E+0
1.607165E+3	1.092220E-5	1.292200E+4	0.000000E+0	0.000000E+0
1.610165E+3	1.092220E-5	1.292180E+4	0.000000E+0	0.000000E+0
1.613166E+3	1.092220E-5	1.292170E+4	0.000000E+0	0.000000E+0
1.616168E+3	1.092180E-5	1.292170E+4	0.000000E+0	0.000000E+0
1.619171E+3	1.092220E-5	1.292160E+4	0.000000E+0	0.000000E+0
1.622168E+3	1.092180E-5	1.292150E+4	0.000000E+0	0.000000E+0
1.625165E+3	1.092250E-5	1.292150E+4	0.000000E+0	0.000000E+0
1.628166E+3	1.092300E-5	1.292140E+4	0.000000E+0	0.000000E+0
1.631168E+3	1.092290E-5	1.292150E+4	0.000000E+0	0.000000E+0
1.634170E+3	1.092250E-5	1.292140E+4	0.000000E+0	0.000000E+0
1.637166E+3	1.092220E-5	1.292140E+4	0.000000E+0	0.000000E+0
1.640169E+3	1.092240E-5	1.292130E+4	0.000000E+0	0.000000E+0
1.643165E+3	1.092180E-5	1.292120E+4	0.000000E+0	0.000000E+0
1.646164E+3	1.092210E-5	1.292100E+4	0.000000E+0	0.000000E+0
1.649167E+3	1.092230E-5	1.292090E+4	0.000000E+0	0.000000E+0
1.652168E+3	1.092230E-5	1.292070E+4	0.000000E+0	0.000000E+0
1.655169E+3	1.092210E-5	1.292040E+4	0.000000E+0	0.000000E+0
1.658166E+3	1.092200E-5	1.292010E+4	0.000000E+0	0.000000E+0
1.661166E+3	1.092160E-5	1.292010E+4	0.000000E+0	0.000000E+0
1.664167E+3	1.092140E-5	1.292010E+4	0.000000E+0	0.000000E+0
1.667169E+3	1.092110E-5	1.292010E+4	0.000000E+0	0.000000E+0
1.670166E+3	1.092060E-5	1.291990E+4	0.000000E+0	0.000000E+0
1.673170E+3	1.092140E-5	1.291990E+4	0.000000E+0	0.000000E+0
1.676167E+3	1.092130E-5	1.291970E+4	0.000000E+0	0.000000E+0
1.679166E+3	1.092030E-5	1.291960E+4	0.000000E+0	0.000000E+0
1.682168E+3	1.092070E-5	1.291950E+4	0.000000E+0	0.000000E+0
1.685170E+3	1.092080E-5	1.291950E+4	0.000000E+0	0.000000E+0
1.688167E+3	1.092080E-5	1.291930E+4	0.000000E+0	0.000000E+0
1.691170E+3	1.092140E-5	1.291940E+4	0.000000E+0	0.000000E+0
1.694168E+3	1.092120E-5	1.291930E+4	0.000000E+0	0.000000E+0
1.697170E+3	1.092050E-5	1.291910E+4	0.000000E+0	0.000000E+0
1.700165E+3	1.092050E-5	1.291910E+4	0.000000E+0	0.000000E+0
1.703163E+3	1.091960E-5	1.291910E+4	0.000000E+0	0.000000E+0
1.706163E+3	1.092040E-5	1.291900E+4	0.000000E+0	0.000000E+0
1.709165E+3	1.092000E-5	1.291910E+4	0.000000E+0	0.000000E+0
1.712169E+3	1.091990E-5	1.291880E+4	0.000000E+0	0.000000E+0
1.715178E+3	1.091930E-5	1.291860E+4	0.000000E+0	0.000000E+0
1.718177E+3	1.092020E-5	1.291840E+4	0.000000E+0	0.000000E+0
1.721169E+3	1.092000E-5	1.291830E+4	0.000000E+0	0.000000E+0
1.724170E+3	1.092000E-5	1.291820E+4	0.000000E+0	0.000000E+0
1.727169E+3	1.091970E-5	1.291810E+4	0.000000E+0	0.000000E+0
1.730167E+3	1.092050E-5	1.291810E+4	0.000000E+0	0.000000E+0
1.733171E+3	1.092090E-5	1.291790E+4	0.000000E+0	0.000000E+0
1.736172E+3	1.092000E-5	1.291780E+4	0.000000E+0	0.000000E+0
1.739167E+3	1.091970E-5	1.291740E+4	0.000000E+0	0.000000E+0
1.742169E+3	1.091940E-5	1.291690E+4	0.000000E+0	0.000000E+0
1.745170E+3	1.091960E-5	1.291660E+4	0.000000E+0	0.000000E+0
1.748170E+3	1.091980E-5	1.291640E+4	0.000000E+0	0.000000E+0
1.751171E+3	1.091950E-5	1.291630E+4	0.000000E+0	0.000000E+0
1.754170E+3	1.091950E-5	1.291620E+4	0.000000E+0	0.000000E+0
1.757165E+3	1.091920E-5	1.291600E+4	0.000000E+0	0.000000E+0
1.760170E+3	1.091880E-5	1.291600E+4	0.000000E+0	0.000000E+0
1.763165E+3	1.091910E-5	1.291590E+4	0.000000E+0	0.000000E+0
1.766167E+3	1.091920E-5	1.291580E+4	0.000000E+0	0.000000E+0
1.769165E+3	1.091960E-5	1.291570E+4	0.000000E+0	0.000000E+0
1.772167E+3	1.091890E-5	1.291560E+4	0.000000E+0	0.000000E+0
1.775171E+3	1.091920E-5	1.291510E+4	0.000000E+0	0.000000E+0
1.778167E+3	1.091800E-5	1.291510E+4	0.000000E+0	0.000000E+0
1.781180E+3	1.091840E-5	1.291500E+4	0.000000E+0	0.000000E+0
1.784176E+3	1.091910E-5	1.291480E+4	0.000000E+0	0.000000E+0
1.787167E+3	1.091740E-5	1.291470E+4	0.000000E+0	0.000000E+0
1.790167E+3	1.091830E-5	1.291450E+4	0.000000E+0	0.000000E+0
1.793166E+3	1.091850E-5	1.291430E+4	0.000000E+0	0.000000E+0
1.796171E+3	1.091800E-5	1.291410E+4	0.000000E+0	0.000000E+0
1.799166E+3	1.091850E-5	1.291390E+4	0.000000E+0	0.000000E+0
1.802169E+3	1.091780E-5	1.291390E+4	0.000000E+0	0.000000E+0
1.805170E+3	1.091820E-5	1.291390E+4	0.000000E+0	0.000000E+0
1.808165E+3	1.091850E-5	1.291370E+4	0.000000E+0	0.000000E+0
1.811166E+3	1.091820E-5	1.291340E+4	0.000000E+0	0.000000E+0
1.814172E+3	1.091840E-5	1.291330E+4	0.000000E+0	0.000000E+0
1.817161E+3	1.091840E-5	1.291310E+4	0.000000E+0	0.000000E+0
1.820160E+3	1.091770E-5	1.291290E+4	0.000000E+0	0.000000E+0
1.823161E+3	1.091800E-5	1.291260E+4	0.000000E+0	0.000000E+0
1.826175E+3	1.091760E-5	1.291220E+4	0.000000E+0	0.000000E+0
1.829180E+3	1.091820E-5	1.291200E+4	0.000000E+0	0.000000E+0
1.832166E+3	1.091750E-5	1.291190E+4	0.000000E+0	0.000000E+0
1.835169E+3	1.091780E-5	1.291190E+4	0.000000E+0	0.000000E+0
1.838170E+3	1.091730E-5	1.291200E+4	0.000000E+0	0.000000E+0
1.841172E+3	1.091730E-5	1.291210E+4	0.000000E+0	0.000000E+0
1.844172E+3	1.091690E-5	1.291210E+4	0.000000E+0	0.000000E+0
1.847173E+3	1.091710E-5	1.291210E+4	0.000000E+0	0.000000E+0
1.850171E+3	1.091700E-5	1.291210E+4	0.000000E+0	0.000000E+0
1.853173E+3	1.091690E-5	1.291210E+4	0.000000E+0	0.000000E+0
1.856172E+3	1.091700E-5	1.291200E+4	0.000000E+0	0.000000E+0
1.859170E+3	1.091710E-5	1.291200E+4	0.000000E+0	0.000000E+0
1.862168E+3	1.091700E-5	1.291200E+4	0.000000E+0	0.000000E+0
1.865173E+3	1.091720E-5	1.291190E+4	0.000000E+0	0.000000E+0
1.868175E+3	1.091650E-5	1.291170E+4	0.000000E+0	0.000000E+0
1.871167E+3	1.091570E-5	1.291170E+4	0.000000E+0	0.000000E+0
1.874168E+3	1.091630E-5	1.291170E+4	0.000000E+0	0.000000E+0
1.877170E+3	1.091650E-5	1.291150E+4	0.000000E+0	0.000000E+0
1.880167E+3	1.091670E-5	1.291150E+4	0.000000E+0	0.000000E+0
1.883166E+3	1.091700E-5	1.291130E+4	0.000000E+0	0.000000E+0
1.886170E+3	1.091700E-5	1.291130E+4	0.000000E+0	0.000000E+0
1.889166E+3	1.091660E-5	1.291120E+4	0.000000E+0	0.000000E+0
1.892171E+3	1.091610E-5	1.291110E+4	0.000000E+0	0.000000E+0
1.895170E+3	1.091680E-5	1.291110E+4	0.000000E+0	0.000000E+0
1.898169E+3	1.091580E-5	1.291110E+4	0.000000E+0	0.000000E+0
1.901163E+3	1.091630E-5	1.291100E+4	0.000000E+0	0.000000E+0
1.904165E+3	1.091590E-5	1.291100E+4	0.000000E+0	0.000000E+0
1.907169E+3	1.091550E-5	1.291100E+4	0.000000E+0	0.000000E+0
1.910166E+3	1.091610E-5	1.291100E+4	0.000000E+0	0.000000E+0
1.913171E+3	1.091620E-5	1.291090E+4	0.000000E+0	0.000000E+0
1.916167E+3	1.091560E-5	1.291070E+4	0.000000E+0	0.000000E+0
1.919167E+3	1.091540E-5	1.291050E+4	0.000000E+0	0.000000E+0
1.922166E+3	1.091530E-5	1.291040E+4	0.000000E+0	0.000000E+0
1.925170E+3	1.091630E-5	1.291040E+4	0.000000E+0	0.000000E+0
1.928166E+3	1.091630E-5	1.291040E+4	0.000000E+0	0.000000E+0
1.931164E+3	1.091630E-5	1.291020E+4	0.000000E+0	0.000000E+0
1.934170E+3	1.091570E-5	1.291010E+4	0.000000E+0	0.000000E+0
1.937172E+3	1.091570E-5	1.290990E+4	0.000000E+0	0.000000E+0
1.940174E+3	1.091560E-5	1.290970E+4	0.000000E+0	0.000000E+0
1.943172E+3	1.091560E-5	1.290960E+4	0.000000E+0	0.000000E+0
1.946172E+3	1.091580E-5	1.290950E+4	0.000000E+0	0.000000E+0
1.949172E+3	1.091490E-5	1.290940E+4	0.000000E+0	0.000000E+0
1.952172E+3	1.091580E-5	1.290930E+4	0.000000E+0	0.000000E+0
1.955168E+3	1.091550E-5	1.290930E+4	0.000000E+0	0.000000E+0
1.958170E+3	1.091540E-5	1.290920E+4	0.000000E+0	0.000000E+0
1.961170E+3	1.091490E-5	1.290910E+4	0.000000E+0	0.000000E+0
1.964167E+3	1.091480E-5	1.290870E+4	0.000000E+0	0.000000E+0
1.967168E+3	1.091490E-5	1.290830E+4	0.000000E+0	0.000000E+0
1.970167E+3	1.091480E-5	1.290800E+4	0.000000E+0	0.000000E+0
1.973165E+3	1.091430E-5	1.290770E+4	0.000000E+0	0.000000E+0
1.976168E+3	1.091450E-5	1.290760E+4	0.000000E+0	0.000000E+0
1.979168E+3	1.091480E-5	1.290740E+4	0.000000E+0	0.000000E+0
1.982179E+3	1.091420E-5	1.290730E+4	0.000000E+0	0.000000E+0
1.985170E+3	1.091430E-5	1.290720E+4	0.000000E+0	0.000000E+0
1.988168E+3	1.091460E-5	1.290710E+4	0.000000E+0	0.000000E+0
1.991171E+3	1.091470E-5	1.290710E+4	0.000000E+0	0.000000E+0
1.994170E+3	1.091450E-5	1.290700E+4	0.000000E+0	0.000000E+0
1.997171E+3	1.091520E-5	1.290670E+4	0.000000E+0	0.000000E+0
2.000171E+3	1.091480E-5	1.290660E+4	0.000000E+0	0.000000E+0
2.003166E+3	1.091460E-5	1.290660E+4	0.000000E+0	0.000000E+0
2.006169E+3	1.091430E-5	1.290660E+4	0.000000E+0	0.000000E+0
2.009169E+3	1.091530E-5	1.290650E+4	0.000000E+0	0.000000E+0
2.012166E+3	1.091530E-5	1.290650E+4	0.000000E+0	0.000000E+0
2.015164E+3	1.091530E-5	1.290650E+4	0.000000E+0	0.000000E+0
2.018167E+3	1.091460E-5	1.290660E+4	0.000000E+0	0.000000E+0
2.021169E+3	1.091470E-5	1.290660E+4	0.000000E+0	0.000000E+0
2.024166E+3	1.091420E-5	1.290650E+4	0.000000E+0	0.000000E+0
2.027165E+3	1.091400E-5	1.290630E+4	0.000000E+0	0.000000E+0
2.030166E+3	1.091460E-5	1.290590E+4	0.000000E+0	0.000000E+0
2.033169E+3	1.091340E-5	1.290560E+4	0.000000E+0	0.000000E+0
2.036167E+3	1.091390E-5	1.290540E+4	0.000000E+0	0.000000E+0
2.039163E+3	1.091430E-5	1.290530E+4	0.000000E+0	0.000000E+0
2.042162E+3	1.091390E-5	1.290530E+4	0.000000E+0	0.000000E+0
2.045164E+3	1.091420E-5	1.290530E+4	0.000000E+0	0.000000E+0
2.048162E+3	1.091400E-5	1.290530E+4	0.000000E+0	0.000000E+0
2.051160E+3	1.091330E-5	1.290530E+4	0.000000E+0	0.000000E+0
2.054162E+3	1.091320E-5	1.290520E+4	0.000000E+0	0.000000E+0
2.057168E+3	1.091310E-5	1.290500E+4	0.000000E+0	0.000000E+0
2.060175E+3	1.091270E-5	1.290460E+4	0.000000E+0	0.000000E+0
2.063173E+3	1.091300E-5	1.290420E+4	0.000000E+0	0.000000E+0
2.066175E+3	1.091330E-5	1.290390E+4	0.000000E+0	0.000000E+0
2.069176E+3	1.091360E-5	1.290340E+4	0.000000E+0	0.000000E+0
2.072166E+3	1.091340E-5	1.290320E+4	0.000000E+0	0.000000E+0
2.075168E+3	1.091340E-5	1.290320E+4	0.000000E+0	0.000000E+0
2.078174E+3	1.091310E-5	1.290290E+4	0.000000E+0	0.000000E+0
2.081166E+3	1.091230E-5	1.290270E+4	0.000000E+0	0.000000E+0
2.084165E+3	1.091290E-5	1.290260E+4	0.000000E+0	0.000000E+0
2.087168E+3	1.091310E-5	1.290250E+4	0.000000E+0	0.000000E+0
2.090169E+3	1.091250E-5	1.290240E+4	0.000000E+0	0.000000E+0
2.093168E+3	1.091290E-5	1.290230E+4	0.000000E+0	0.000000E+0
2.096164E+3	1.091250E-5	1.290220E+4	0.000000E+0	0.000000E+0
2.099163E+3	1.091220E-5	1.290210E+4	0.000000E+0	0.000000E+0
2.102166E+3	1.091290E-5	1.290210E+4	0.000000E+0	0.000000E+0
2.105167E+3	1.091300E-5	1.290180E+4	0.000000E+0	0.000000E+0
2.108169E+3	1.091220E-5	1.290150E+4	0.000000E+0	0.000000E+0
2.111169E+3	1.091220E-5	1.290130E+4	0.000000E+0	0.000000E+0
2.114164E+3	1.091210E-5	1.290100E+4	0.000000E+0	0.000000E+0
2.117165E+3	1.091230E-5	1.290090E+4	0.000000E+0	0.000000E+0
2.120167E+3	1.091220E-5	1.290100E+4	0.000000E+0	0.000000E+0
2.123177E+3	1.091210E-5	1.290060E+4	0.000000E+0	0.000000E+0
2.126165E+3	1.091200E-5	1.290030E+4	0.000000E+0	0.000000E+0
2.129169E+3	1.091190E-5	1.290000E+4	0.000000E+0	0.000000E+0
2.132167E+3	1.091210E-5	1.289980E+4	0.000000E+0	0.000000E+0
2.135178E+3	1.091210E-5	1.289960E+4	0.000000E+0	0.000000E+0
2.138169E+3	1.091230E-5	1.289950E+4	0.000000E+0	0.000000E+0
2.141180E+3	1.091270E-5	1.289910E+4	0.000000E+0	0.000000E+0
2.144167E+3	1.091210E-5	1.289890E+4	0.000000E+0	0.000000E+0
2.147168E+3	1.091150E-5	1.289870E+4	0.000000E+0	0.000000E+0
2.150168E+3	1.091170E-5	1.289870E+4	0.000000E+0	0.000000E+0
2.153168E+3	1.091250E-5	1.289860E+4	0.000000E+0	0.000000E+0
2.156170E+3	1.091260E-5	1.289870E+4	0.000000E+0	0.000000E+0
2.159168E+3	1.091270E-5	1.289870E+4	0.000000E+0	0.000000E+0
2.162168E+3	1.091220E-5	1.289880E+4	0.000000E+0	0.000000E+0
2.165168E+3	1.091180E-5	1.289870E+4	0.000000E+0	0.000000E+0
2.168168E+3	1.091210E-5	1.289870E+4	0.000000E+0	0.000000E+0
2.171168E+3	1.091210E-5	1.289870E+4	0.000000E+0	0.000000E+0
2.174167E+3	1.091180E-5	1.289870E+4	0.000000E+0	0.000000E+0
2.177166E+3	1.091170E-5	1.289870E+4	0.000000E+0	0.000000E+0
2.180169E+3	1.091160E-5	1.289870E+4	0.000000E+0	0.000000E+0
2.183168E+3	1.091220E-5	1.289870E+4	0.000000E+0	0.000000E+0
2.186169E+3	1.091210E-5	1.289880E+4	0.000000E+0	0.000000E+0
2.189169E+3	1.091170E-5	1.289870E+4	0.000000E+0	0.000000E+0
2.192170E+3	1.091150E-5	1.289870E+4	0.000000E+0	0.000000E+0
2.195169E+3	1.091150E-5	1.289870E+4	0.000000E+0	0.000000E+0
2.198167E+3	1.091150E-5	1.289850E+4	0.000000E+0	0.000000E+0
2.201169E+3	1.091200E-5	1.289840E+4	0.000000E+0	0.000000E+0
2.204169E+3	1.091160E-5	1.289840E+4	0.000000E+0	0.000000E+0
2.207172E+3	1.091170E-5	1.289840E+4	0.000000E+0	0.000000E+0
2.210169E+3	1.091140E-5	1.289830E+4	0.000000E+0	0.000000E+0
2.213170E+3	1.091170E-5	1.289840E+4	0.000000E+0	0.000000E+0
2.216165E+3	1.091120E-5	1.289830E+4	0.000000E+0	0.000000E+0
2.219167E+3	1.091130E-5	1.289840E+4	0.000000E+0	0.000000E+0
2.222168E+3	1.091060E-5	1.289840E+4	0.000000E+0	0.000000E+0
2.225168E+3	1.091170E-5	1.289840E+4	0.000000E+0	0.000000E+0
2.228174E+3	1.091060E-5	1.289870E+4	0.000000E+0	0.000000E+0
2.231167E+3	1.091140E-5	1.289880E+4	0.000000E+0	0.000000E+0
2.234171E+3	1.091090E-5	1.289860E+4	0.000000E+0	0.000000E+0
2.237178E+3	1.091030E-5	1.289860E+4	0.000000E+0	0.000000E+0
2.240167E+3	1.091070E-5	1.289840E+4	0.000000E+0	0.000000E+0
2.243165E+3	1.091050E-5	1.289810E+4	0.000000E+0	0.000000E+0
2.246162E+3	1.091100E-5	1.289800E+4	0.000000E+0	0.000000E+0
2.249163E+3	1.090980E-5	1.289790E+4	0.000000E+0	0.000000E+0
2.252162E+3	1.091020E-5	1.289780E+4	0.000000E+0	0.000000E+0
2.255162E+3	1.090950E-5	1.289770E+4	0.000000E+0	0.000000E+0
2.258165E+3	1.091050E-5	1.289770E+4	0.000000E+0	0.000000E+0
2.261177E+3	1.091020E-5	1.289760E+4	0.000000E+0	0.000000E+0
2.264166E+3	1.091080E-5	1.289760E+4	0.000000E+0	0.000000E+0
2.267166E+3	1.091020E-5	1.289750E+4	0.000000E+0	0.000000E+0
2.270168E+3	1.091000E-5	1.289740E+4	0.000000E+0	0.000000E+0
2.273179E+3	1.091020E-5	1.289740E+4	0.000000E+0	0.000000E+0
2.276166E+3	1.090960E-5	1.289730E+4	0.000000E+0	0.000000E+0
2.279166E+3	1.091050E-5	1.289690E+4	0.000000E+0	0.000000E+0
2.282163E+3	1.091060E-5	1.289670E+4	0.000000E+0	0.000000E+0
2.285167E+3	1.090980E-5	1.289650E+4	0.000000E+0	0.000000E+0
2.288173E+3	1.090980E-5	1.289630E+4	0.000000E+0	0.000000E+0
2.291177E+3	1.091010E-5	1.289590E+4	0.000000E+0	0.000000E+0
2.294167E+3	1.091020E-5	1.289570E+4	0.000000E+0	0.000000E+0
2.297167E+3	1.090990E-5	1.289560E+4	0.000000E+0	0.000000E+0
2.300179E+3	1.090990E-5	1.289540E+4	0.000000E+0	0.000000E+0
2.303164E+3	1.090990E-5	1.289550E+4	0.000000E+0	0.000000E+0
2.306162E+3	1.090960E-5	1.289560E+4	0.000000E+0	0.000000E+0
2.309159E+3	1.090910E-5	1.289570E+4	0.000000E+0	0.000000E+0
2.312160E+3	1.091000E-5	1.289560E+4	0.000000E+0	0.000000E+0
2.315157E+3	1.090850E-5	1.289560E+4	0.000000E+0	0.000000E+0
2.318159E+3	1.090930E-5	1.289570E+4	0.000000E+0	0.000000E+0
2.321162E+3	1.090880E-5	1.289600E+4	0.000000E+0	0.000000E+0
2.324171E+3	1.090920E-5	1.289620E+4	0.000000E+0	0.000000E+0
2.327175E+3	1.090890E-5	1.289630E+4	0.000000E+0	0.000000E+0
2.330176E+3	1.090870E-5	1.289630E+4	0.000000E+0	0.000000E+0
2.333163E+3	1.090860E-5	1.289630E+4	0.000000E+0	0.000000E+0
2.336164E+3	1.090950E-5	1.289620E+4	0.000000E+0	0.000000E+0
2.339178E+3	1.090910E-5	1.289600E+4	0.000000E+0	0.000000E+0
2.342169E+3	1.090890E-5	1.289600E+4	0.000000E+0	0.000000E+0
2.345180E+3	1.090900E-5	1.289590E+4	0.000000E+0	0.000000E+0
2.348166E+3	1.090900E-5	1.289600E+4	0.000000E+0	0.000000E+0
2.351166E+3	1.090890E-5	1.289610E+4	0.000000E+0	0.000000E+0
2.354167E+3	1.090830E-5	1.289620E+4	0.000000E+0	0.000000E+0
2.357172E+3	1.090860E-5	1.289630E+4	0.000000E+0	0.000000E+0
2.360166E+3	1.090840E-5	1.289630E+4	0.000000E+0	0.000000E+0
2.363166E+3	1.090780E-5	1.289630E+4	0.000000E+0	0.000000E+0
2.366166E+3	1.090820E-5	1.289610E+4	0.000000E+0	0.000000E+0
2.369173E+3	1.090780E-5	1.289600E+4	0.000000E+0	0.000000E+0
2.372172E+3	1.090900E-5	1.289580E+4	0.000000E+0	0.000000E+0
2.375166E+3	1.090960E-5	1.289570E+4	0.000000E+0	0.000000E+0
2.378166E+3	1.090850E-5	1.289560E+4	0.000000E+0	0.000000E+0
2.381164E+3	1.090860E-5	1.289550E+4	0.000000E+0	0.000000E+0
2.384173E+3	1.090810E-5	1.289520E+4	0.000000E+0	0.000000E+0
2.387177E+3	1.090810E-5	1.289490E+4	0.000000E+0	0.000000E+0
2.390174E+3	1.090820E-5	1.289470E+4	0.000000E+0	0.000000E+0
2.393175E+3	1.090800E-5	1.289430E+4	0.000000E+0	0.000000E+0
2.396173E+3	1.090790E-5	1.289400E+4	0.000000E+0	0.000000E+0
2.399174E+3	1.090820E-5	1.289380E+4	0.000000E+0	0.000000E+0
2.402175E+3	1.090820E-5	1.289360E+4	0.000000E+0	0.000000E+0
2.405165E+3	1.090760E-5	1.289360E+4	0.000000E+0	0.000000E+0
2.408166E+3	1.090700E-5	1.289370E+4	0.000000E+0	0.000000E+0
2.411165E+3	1.090730E-5	1.289360E+4	0.000000E+0	0.000000E+0
2.414165E+3	1.090730E-5	1.289360E+4	0.000000E+0	0.000000E+0
2.417167E+3	1.090680E-5	1.289330E+4	0.000000E+0	0.000000E+0
2.420165E+3	1.090710E-5	1.289320E+4	0.000000E+0	0.000000E+0
2.423168E+3	1.090710E-5	1.289300E+4	0.000000E+0	0.000000E+0
2.426165E+3	1.090750E-5	1.289280E+4	0.000000E+0	0.000000E+0
2.429166E+3	1.090690E-5	1.289270E+4	0.000000E+0	0.000000E+0
2.432166E+3	1.090750E-5	1.289280E+4	0.000000E+0	0.000000E+0
2.435165E+3	1.090720E-5	1.289290E+4	0.000000E+0	0.000000E+0
2.438168E+3	1.090750E-5	1.289290E+4	0.000000E+0	0.000000E+0
2.441169E+3	1.090700E-5	1.289280E+4	0.000000E+0	0.000000E+0
2.444174E+3	1.090720E-5	1.289270E+4	0.000000E+0	0.000000E+0
2.447166E+3	1.090750E-5	1.289260E+4	0.000000E+0	0.000000E+0
2.450164E+3	1.090700E-5	1.289250E+4	0.000000E+0	0.000000E+0
2.453163E+3	1.090770E-5	1.289250E+4	0.000000E+0	0.000000E+0
2.456163E+3	1.090730E-5	1.289240E+4	0.000000E+0	0.000000E+0
2.459161E+3	1.090700E-5	1.289230E+4	0.000000E+0	0.000000E+0
2.462163E+3	1.090650E-5	1.289230E+4	0.000000E+0	0.000000E+0
2.465164E+3	1.090700E-5	1.289230E+4	0.000000E+0	0.000000E+0
2.468170E+3	1.090680E-5	1.289210E+4	0.000000E+0	0.000000E+0
2.471181E+3	1.090670E-5	1.289190E+4	0.000000E+0	0.000000E+0
2.474166E+3	1.090750E-5	1.289160E+4	0.000000E+0	0.000000E+0
2.477167E+3	1.090670E-5	1.289150E+4	0.000000E+0	0.000000E+0
2.480171E+3	1.090690E-5	1.289130E+4	0.000000E+0	0.000000E+0
2.483169E+3	1.090730E-5	1.289120E+4	0.000000E+0	0.000000E+0
2.486173E+3	1.090700E-5	1.289110E+4	0.000000E+0	0.000000E+0
2.489162E+3	1.090740E-5	1.289100E+4	0.000000E+0	0.000000E+0
2.492167E+3	1.090730E-5	1.289070E+4	0.000000E+0	0.000000E+0
2.495167E+3	1.090690E-5	1.289090E+4	0.000000E+0	0.000000E+0
2.498167E+3	1.090670E-5	1.289100E+4	0.000000E+0	0.000000E+0
2.501170E+3	1.090700E-5	1.289110E+4	0.000000E+0	0.000000E+0
2.504170E+3	1.090730E-5	1.289110E+4	0.000000E+0	0.000000E+0
2.507170E+3	1.090760E-5	1.289120E+4	0.000000E+0	0.000000E+0
2.510168E+3	1.090620E-5	1.289120E+4	0.000000E+0	0.000000E+0
2.513168E+3	1.090630E-5	1.289110E+4	0.000000E+0	0.000000E+0
2.516164E+3	1.090600E-5	1.289090E+4	0.000000E+0	0.000000E+0
2.519166E+3	1.090600E-5	1.289080E+4	0.000000E+0	0.000000E+0
2.522166E+3	1.090680E-5	1.289050E+4	0.000000E+0	0.000000E+0
2.525165E+3	1.090600E-5	1.289050E+4	0.000000E+0	0.000000E+0
2.528165E+3	1.090660E-5	1.289030E+4	0.000000E+0	0.000000E+0
2.531176E+3	1.090640E-5	1.289010E+4	0.000000E+0	0.000000E+0
2.534165E+3	1.090690E-5	1.289000E+4	0.000000E+0	0.000000E+0
2.537166E+3	1.090600E-5	1.289010E+4	0.000000E+0	0.000000E+0
2.540172E+3	1.090620E-5	1.289010E+4	0.000000E+0	0.000000E+0
2.543176E+3	1.090630E-5	1.289000E+4	0.000000E+0	0.000000E+0
2.546180E+3	1.090580E-5	1.288990E+4	0.000000E+0	0.000000E+0
2.549176E+3	1.090710E-5	1.288990E+4	0.000000E+0	0.000000E+0
2.552169E+3	1.090640E-5	1.288950E+4	0.000000E+0	0.000000E+0
2.555172E+3	1.090650E-5	1.288890E+4	0.000000E+0	0.000000E+0
2.558172E+3	1.090630E-5	1.288860E+4	0.000000E+0	0.000000E+0
2.561174E+3	1.090550E-5	1.288840E+4	0.000000E+0	0.000000E+0
2.564173E+3	1.090570E-5	1.288830E+4	0.000000E+0	0.000000E+0
2.567175E+3	1.090560E-5	1.288820E+4	0.000000E+0	0.000000E+0
2.570172E+3	1.090510E-5	1.288800E+4	0.000000E+0	0.000000E+0
2.573177E+3	1.090620E-5	1.288780E+4	0.000000E+0	0.000000E+0
2.576167E+3	1.090550E-5	1.288760E+4	0.000000E+0	0.000000E+0
2.579166E+3	1.090580E-5	1.288750E+4	0.000000E+0	0.000000E+0
2.582169E+3	1.090510E-5	1.288730E+4	0.000000E+0	0.000000E+0
2.585167E+3	1.090540E-5	1.288710E+4	0.000000E+0	0.000000E+0
2.588170E+3	1.090510E-5	1.288680E+4	0.000000E+0	0.000000E+0
2.591167E+3	1.090530E-5	1.288650E+4	0.000000E+0	0.000000E+0
2.594170E+3	1.090550E-5	1.288630E+4	0.000000E+0	0.000000E+0
2.597167E+3	1.090510E-5	1.288610E+4	0.000000E+0	0.000000E+0
2.600170E+3	1.090470E-5	1.288580E+4	0.000000E+0	0.000000E+0
2.603167E+3	1.090470E-5	1.288570E+4	0.000000E+0	0.000000E+0
2.606168E+3	1.090470E-5	1.288560E+4	0.000000E+0	0.000000E+0
2.609166E+3	1.090460E-5	1.288540E+4	0.000000E+0	0.000000E+0
2.612170E+3	1.090460E-5	1.288550E+4	0.000000E+0	0.000000E+0
2.615167E+3	1.090430E-5	1.288560E+4	0.000000E+0	0.000000E+0
2.618169E+3	1.090410E-5	1.288570E+4	0.000000E+0	0.000000E+0
2.621171E+3	1.090460E-5	1.288570E+4	0.000000E+0	0.000000E+0
2.624165E+3	1.090470E-5	1.288560E+4	0.000000E+0	0.000000E+0
2.627168E+3	1.090470E-5	1.288560E+4	0.000000E+0	0.000000E+0
2.630169E+3	1.090490E-5	1.288540E+4	0.000000E+0	0.000000E+0
2.633168E+3	1.090500E-5	1.288550E+4	0.000000E+0	0.000000E+0
2.636171E+3	1.090440E-5	1.288550E+4	0.000000E+0	0.000000E+0
2.639164E+3	1.090470E-5	1.288550E+4	0.000000E+0	0.000000E+0
2.642166E+3	1.090490E-5	1.288520E+4	0.000000E+0	0.000000E+0
2.645164E+3	1.090490E-5	1.288510E+4	0.000000E+0	0.000000E+0
2.648167E+3	1.090380E-5	1.288500E+4	0.000000E+0	0.000000E+0
2.651167E+3	1.090400E-5	1.288500E+4	0.000000E+0	0.000000E+0
2.654169E+3	1.090440E-5	1.288490E+4	0.000000E+0	0.000000E+0
2.657165E+3	1.090450E-5	1.288490E+4	0.000000E+0	0.000000E+0
2.660169E+3	1.090450E-5	1.288490E+4	0.000000E+0	0.000000E+0
2.663164E+3	1.090450E-5	1.288470E+4	0.000000E+0	0.000000E+0
2.666167E+3	1.090450E-5	1.288450E+4	0.000000E+0	0.000000E+0
2.669167E+3	1.090430E-5	1.288420E+4	0.000000E+0	0.000000E+0
2.672167E+3	1.090460E-5	1.288410E+4	0.000000E+0	0.000000E+0
2.675168E+3	1.090440E-5	1.288410E+4	0.000000E+0	0.000000E+0
2.678184E+3	1.090450E-5	1.288420E+4	0.000000E+0	0.000000E+0
2.681167E+3	1.090470E-5	1.288440E+4	0.000000E+0	0.000000E+0
2.684170E+3	1.090360E-5	1.288470E+4	0.000000E+0	0.000000E+0
2.687162E+3	1.090350E-5	1.288470E+4	0.000000E+0	0.000000E+0
2.690162E+3	1.090280E-5	1.288470E+4	0.000000E+0	0.000000E+0
2.693157E+3	1.090280E-5	1.288470E+4	0.000000E+0	0.000000E+0
2.696169E+3	1.090310E-5	1.288450E+4	0.000000E+0	0.000000E+0
2.699165E+3	1.090300E-5	1.288420E+4	0.000000E+0	0.000000E+0
2.702165E+3	1.090380E-5	1.288410E+4	0.000000E+0	0.000000E+0
2.705165E+3	1.090380E-5	1.288380E+4	0.000000E+0	0.000000E+0
2.708173E+3	1.090380E-5	1.288360E+4	0.000000E+0	0.000000E+0
2.711169E+3	1.090410E-5	1.288340E+4	0.000000E+0	0.000000E+0
2.714170E+3	1.090320E-5	1.288330E+4	0.000000E+0	0.000000E+0
2.717172E+3	1.090380E-5	1.288320E+4	0.000000E+0	0.000000E+0
2.720168E+3	1.090310E-5	1.288310E+4	0.000000E+0	0.000000E+0
2.723169E+3	1.090360E-5	1.288300E+4	0.000000E+0	0.000000E+0
2.726171E+3	1.090350E-5	1.288290E+4	0.000000E+0	0.000000E+0
2.729171E+3	1.090320E-5	1.288290E+4	0.000000E+0	0.000000E+0
2.732168E+3	1.090280E-5	1.288280E+4	0.000000E+0	0.000000E+0
2.735167E+3	1.090350E-5	1.288280E+4	0.000000E+0	0.000000E+0
2.738166E+3	1.090240E-5	1.288270E+4	0.000000E+0	0.000000E+0
2.741166E+3	1.090380E-5	1.288260E+4	0.000000E+0	0.000000E+0
2.744164E+3	1.090280E-5	1.288250E+4	0.000000E+0	0.000000E+0
2.747164E+3	1.090350E-5	1.288230E+4	0.000000E+0	0.000000E+0
2.750164E+3	1.090280E-5	1.288210E+4	0.000000E+0	0.000000E+0
2.753162E+3	1.090230E-5	1.288170E+4	0.000000E+0	0.000000E+0
2.756164E+3	1.090300E-5	1.288150E+4	0.000000E+0	0.000000E+0
2.759166E+3	1.090260E-5	1.288130E+4	0.000000E+0	0.000000E+0
2.762170E+3	1.090360E-5	1.288120E+4	0.000000E+0	0.000000E+0
2.765167E+3	1.090240E-5	1.288090E+4	0.000000E+0	0.000000E+0
2.768166E+3	1.090270E-5	1.288060E+4	0.000000E+0	0.000000E+0
2.771165E+3	1.090300E-5	1.288040E+4	0.000000E+0	0.000000E+0
2.774164E+3	1.090310E-5	1.288040E+4	0.000000E+0	0.000000E+0
2.777166E+3	1.090290E-5	1.288070E+4	0.000000E+0	0.000000E+0
2.780167E+3	1.090280E-5	1.288100E+4	0.000000E+0	0.000000E+0
2.783170E+3	1.090230E-5	1.288120E+4	0.000000E+0	0.000000E+0
2.786167E+3	1.090240E-5	1.288120E+4	0.000000E+0	0.000000E+0
2.789168E+3	1.090230E-5	1.288120E+4	0.000000E+0	0.000000E+0
2.792165E+3	1.090250E-5	1.288100E+4	0.000000E+0	0.000000E+0
2.795165E+3	1.090210E-5	1.288100E+4	0.000000E+0	0.000000E+0
2.798161E+3	1.090170E-5	1.288080E+4	0.000000E+0	0.000000E+0
2.801158E+3	1.090190E-5	1.288060E+4	0.000000E+0	0.000000E+0
2.804173E+3	1.090160E-5	1.288050E+4	0.000000E+0	0.000000E+0
2.807181E+3	1.090180E-5	1.288040E+4	0.000000E+0	0.000000E+0
2.810175E+3	1.090190E-5	1.288040E+4	0.000000E+0	0.000000E+0
2.813168E+3	1.090210E-5	1.288040E+4	0.000000E+0	0.000000E+0
2.816169E+3	1.090220E-5	1.288040E+4	0.000000E+0	0.000000E+0
2.819171E+3	1.090100E-5	1.288040E+4	0.000000E+0	0.000000E+0
2.822173E+3	1.090120E-5	1.288020E+4	0.000000E+0	0.000000E+0
2.825167E+3	1.090200E-5	1.288000E+4	0.000000E+0	0.000000E+0
2.828174E+3	1.090140E-5	1.287970E+4	0.000000E+0	0.000000E+0
2.831171E+3	1.090100E-5	1.287950E+4	0.000000E+0	0.000000E+0
2.834170E+3	1.090100E-5	1.287940E+4	0.000000E+0	0.000000E+0
2.837170E+3	1.090160E-5	1.287920E+4	0.000000E+0	0.000000E+0
2.840166E+3	1.090140E-5	1.287920E+4	0.000000E+0	0.000000E+0
2.843170E+3	1.090140E-5	1.287890E+4	0.000000E+0	0.000000E+0
2.846165E+3	1.090070E-5	1.287880E+4	0.000000E+0	0.000000E+0
2.849166E+3	1.090100E-5	1.287900E+4	0.000000E+0	0.000000E+0
2.852170E+3	1.090110E-5	1.287910E+4	0.000000E+0	0.000000E+0
2.855165E+3	1.090070E-5	1.287930E+4	0.000000E+0	0.000000E+0
2.858169E+3	1.090110E-5	1.287950E+4	0.000000E+0	0.000000E+0
2.861167E+3	1.090160E-5	1.287970E+4	0.000000E+0	0.000000E+0
2.864167E+3	1.090150E-5	1.287980E+4	0.000000E+0	0.000000E+0
2.867170E+3	1.090140E-5	1.287970E+4	0.000000E+0	0.000000E+0
2.870170E+3	1.090080E-5	1.287960E+4	0.000000E+0	0.000000E+0
2.873166E+3	1.090080E-5	1.287970E+4	0.000000E+0	0.000000E+0
2.876165E+3	1.090090E-5	1.287950E+4	0.000000E+0	0.000000E+0
2.879168E+3	1.090070E-5	1.287930E+4	0.000000E+0	0.000000E+0
2.882166E+3	1.090030E-5	1.287890E+4	0.000000E+0	0.000000E+0
2.885167E+3	1.090030E-5	1.287860E+4	0.000000E+0	0.000000E+0
2.888168E+3	1.090060E-5	1.287840E+4	0.000000E+0	0.000000E+0
2.891165E+3	1.090050E-5	1.287830E+4	0.000000E+0	0.000000E+0
2.894168E+3	1.090080E-5	1.287820E+4	0.000000E+0	0.000000E+0
2.897169E+3	1.090080E-5	1.287790E+4	0.000000E+0	0.000000E+0
2.900169E+3	1.090020E-5	1.287760E+4	0.000000E+0	0.000000E+0
2.903170E+3	1.090010E-5	1.287700E+4	0.000000E+0	0.000000E+0
2.906174E+3	1.090030E-5	1.287680E+4	0.000000E+0	0.000000E+0
2.909164E+3	1.090020E-5	1.287670E+4	0.000000E+0	0.000000E+0
2.912168E+3	1.090020E-5	1.287650E+4	0.000000E+0	0.000000E+0
2.915169E+3	1.089960E-5	1.287620E+4	0.000000E+0	0.000000E+0
2.918171E+3	1.090020E-5	1.287600E+4	0.000000E+0	0.000000E+0
2.921177E+3	1.090040E-5	1.287570E+4	0.000000E+0	0.000000E+0
2.924164E+3	1.090040E-5	1.287550E+4	0.000000E+0	0.000000E+0
2.927165E+3	1.090040E-5	1.287560E+4	0.000000E+0	0.000000E+0
2.930164E+3	1.089970E-5	1.287540E+4	0.000000E+0	0.000000E+0
2.933169E+3	1.089960E-5	1.287500E+4	0.000000E+0	0.000000E+0
2.936173E+3	1.089960E-5	1.287480E+4	0.000000E+0	0.000000E+0
2.939159E+3	1.090000E-5	1.287450E+4	0.000000E+0	0.000000E+0
2.942162E+3	1.090020E-5	1.287430E+4	0.000000E+0	0.000000E+0
2.945167E+3	1.090110E-5	1.287410E+4	0.000000E+0	0.000000E+0
2.948173E+3	1.090040E-5	1.287400E+4	0.000000E+0	0.000000E+0
2.951165E+3	1.090020E-5	1.287380E+4	0.000000E+0	0.000000E+0
2.954175E+3	1.090030E-5	1.287380E+4	0.000000E+0	0.000000E+0
2.957169E+3	1.090060E-5	1.287400E+4	0.000000E+0	0.000000E+0
2.960165E+3	1.090090E-5	1.287420E+4	0.000000E+0	0.000000E+0
2.963176E+3	1.090060E-5	1.287420E+4	0.000000E+0	0.000000E+0
2.966175E+3	1.090000E-5	1.287420E+4	0.000000E+0	0.000000E+0
2.969171E+3	1.090030E-5	1.287400E+4	0.000000E+0	0.000000E+0
2.972174E+3	1.090010E-5	1.287350E+4	0.000000E+0	0.000000E+0
2.975178E+3	1.089990E-5	1.287310E+4	0.000000E+0	0.000000E+0
2.978168E+3	1.090030E-5	1.287280E+4	0.000000E+0	0.000000E+0
2.981179E+3	1.090040E-5	1.287260E+4	0.000000E+0	0.000000E+0
2.984169E+3	1.090030E-5	1.287240E+4	0.000000E+0	0.000000E+0
2.987169E+3	1.089970E-5	1.287230E+4	0.000000E+0	0.000000E+0
2.990163E+3	1.089940E-5	1.287210E+4	0.000000E+0	0.000000E+0
2.993166E+3	1.089950E-5	1.287170E+4	0.000000E+0	0.000000E+0
2.996164E+3	1.089980E-5	1.287170E+4	0.000000E+0	0.000000E+0
2.999166E+3	1.090000E-5	1.287150E+4	0.000000E+0	0.000000E+0
3.002165E+3	1.089950E-5	1.287130E+4	0.000000E+0	0.000000E+0
3.005166E+3	1.089990E-5	1.287120E+4	0.000000E+0	0.000000E+0
3.008163E+3	1.089890E-5	1.287110E+4	0.000000E+0	0.000000E+0
3.011161E+3	1.089970E-5	1.287110E+4	0.000000E+0	0.000000E+0
3.014164E+3	1.089960E-5	1.287090E+4	0.000000E+0	0.000000E+0
3.017170E+3	1.089930E-5	1.287080E+4	0.000000E+0	0.000000E+0
3.020175E+3	1.089900E-5	1.287070E+4	0.000000E+0	0.000000E+0
3.023167E+3	1.089920E-5	1.287060E+4	0.000000E+0	0.000000E+0
3.026170E+3	1.089980E-5	1.287040E+4	0.000000E+0	0.000000E+0
3.029167E+3	1.089960E-5	1.287020E+4	0.000000E+0	0.000000E+0
3.032170E+3	1.089960E-5	1.287010E+4	0.000000E+0	0.000000E+0
3.035167E+3	1.089960E-5	1.287000E+4	0.000000E+0	0.000000E+0
3.038166E+3	1.089970E-5	1.286990E+4	0.000000E+0	0.000000E+0
3.041168E+3	1.089950E-5	1.286970E+4	0.000000E+0	0.000000E+0
3.044165E+3	1.089960E-5	1.286960E+4	0.000000E+0	0.000000E+0
3.047164E+3	1.089970E-5	1.286970E+4	0.000000E+0	0.000000E+0
3.050165E+3	1.089980E-5	1.286980E+4	0.000000E+0	0.000000E+0
3.053176E+3	1.090000E-5	1.286990E+4	0.000000E+0	0.000000E+0
3.056167E+3	1.089970E-5	1.286990E+4	0.000000E+0	0.000000E+0
3.059165E+3	1.089980E-5	1.286980E+4	0.000000E+0	0.000000E+0
3.062162E+3	1.089920E-5	1.286990E+4	0.000000E+0	0.000000E+0
3.065164E+3	1.089950E-5	1.287000E+4	0.000000E+0	0.000000E+0
3.068163E+3	1.089860E-5	1.287020E+4	0.000000E+0	0.000000E+0
3.071174E+3	1.090010E-5	1.287030E+4	0.000000E+0	0.000000E+0
3.074169E+3	1.090010E-5	1.287030E+4	0.000000E+0	0.000000E+0
3.077173E+3	1.090030E-5	1.287020E+4	0.000000E+0	0.000000E+0
3.080169E+3	1.090010E-5	1.286990E+4	0.000000E+0	0.000000E+0
3.083173E+3	1.089990E-5	1.286980E+4	0.000000E+0	0.000000E+0
3.086175E+3	1.089990E-5	1.286980E+4	0.000000E+0	0.000000E+0
3.089174E+3	1.089940E-5	1.287000E+4	0.000000E+0	0.000000E+0
3.092165E+3	1.089940E-5	1.287000E+4	0.000000E+0	0.000000E+0
3.095176E+3	1.089930E-5	1.287020E+4	0.000000E+0	0.000000E+0
3.098172E+3	1.089890E-5	1.287040E+4	0.000000E+0	0.000000E+0
3.101176E+3	1.089940E-5	1.287040E+4	0.000000E+0	0.000000E+0
3.104170E+3	1.089880E-5	1.287030E+4	0.000000E+0	0.000000E+0
3.107174E+3	1.089870E-5	1.287020E+4	0.000000E+0	0.000000E+0
3.110172E+3	1.089900E-5	1.287010E+4	0.000000E+0	0.000000E+0
3.113174E+3	1.089840E-5	1.287010E+4	0.000000E+0	0.000000E+0
3.116170E+3	1.089880E-5	1.287020E+4	0.000000E+0	0.000000E+0
3.119174E+3	1.089870E-5	1.287030E+4	0.000000E+0	0.000000E+0
3.122172E+3	1.089910E-5	1.287010E+4	0.000000E+0	0.000000E+0
3.125161E+3	1.089870E-5	1.287010E+4	0.000000E+0	0.000000E+0
3.128163E+3	1.089940E-5	1.286980E+4	0.000000E+0	0.000000E+0
3.131173E+3	1.089930E-5	1.286960E+4	0.000000E+0	0.000000E+0
3.134176E+3	1.089930E-5	1.286930E+4	0.000000E+0	0.000000E+0
3.137174E+3	1.089890E-5	1.286930E+4	0.000000E+0	0.000000E+0
3.140173E+3	1.089900E-5	1.286940E+4	0.000000E+0	0.000000E+0
3.143165E+3	1.089900E-5	1.286930E+4	0.000000E+0	0.000000E+0
3.146169E+3	1.089920E-5	1.286900E+4	0.000000E+0	0.000000E+0
3.149168E+3	1.089890E-5	1.286890E+4	0.000000E+0	0.000000E+0
3.152176E+3	1.089900E-5	1.286900E+4	0.000000E+0	0.000000E+0
3.155164E+3	1.089840E-5	1.286890E+4	0.000000E+0	0.000000E+0
3.158165E+3	1.089840E-5	1.286880E+4	0.000000E+0	0.000000E+0
3.161168E+3	1.089850E-5	1.286870E+4	0.000000E+0	0.000000E+0
3.164168E+3	1.089820E-5	1.286880E+4	0.000000E+0	0.000000E+0
3.167168E+3	1.089880E-5	1.286880E+4	0.000000E+0	0.000000E+0
3.170165E+3	1.089850E-5	1.286870E+4	0.000000E+0	0.000000E+0
3.173168E+3	1.089870E-5	1.286840E+4	0.000000E+0	0.000000E+0
3.176168E+3	1.089870E-5	1.286840E+4	0.000000E+0	0.000000E+0
3.179168E+3	1.089860E-5	1.286840E+4	0.000000E+0	0.000000E+0
3.182170E+3	1.089830E-5	1.286840E+4	0.000000E+0	0.000000E+0
3.185167E+3	1.089820E-5	1.286830E+4	0.000000E+0	0.000000E+0
3.188167E+3	1.089840E-5	1.286820E+4	0.000000E+0	0.000000E+0
3.191166E+3	1.089840E-5	1.286820E+4	0.000000E+0	0.000000E+0
3.194166E+3	1.089850E-5	1.286810E+4	0.000000E+0	0.000000E+0
3.197164E+3	1.089840E-5	1.286810E+4	0.000000E+0	0.000000E+0
3.200164E+3	1.089950E-5	1.286790E+4	0.000000E+0	0.000000E+0
3.203177E+3	1.089840E-5	1.286770E+4	0.000000E+0	0.000000E+0
3.206166E+3	1.089870E-5	1.286760E+4	0.000000E+0	0.000000E+0
3.209167E+3	1.089880E-5	1.286730E+4	0.000000E+0	0.000000E+0
3.212177E+3	1.089740E-5	1.286690E+4	0.000000E+0	0.000000E+0
3.215167E+3	1.089840E-5	1.286640E+4	0.000000E+0	0.000000E+0
3.218166E+3	1.089870E-5	1.286600E+4	0.000000E+0	0.000000E+0
3.221167E+3	1.089850E-5	1.286560E+4	0.000000E+0	0.000000E+0
3.224167E+3	1.089820E-5	1.286520E+4	0.000000E+0	0.000000E+0
3.227172E+3	1.089800E-5	1.286500E+4	0.000000E+0	0.000000E+0
3.230170E+3	1.089810E-5	1.286490E+4	0.000000E+0	0.000000E+0
3.233170E+3	1.089780E-5	1.286490E+4	0.000000E+0	0.000000E+0
3.236170E+3	1.089760E-5	1.286490E+4	0.000000E+0	0.000000E+0
3.239167E+3	1.089730E-5	1.286490E+4	0.000000E+0	0.000000E+0
3.242168E+3	1.089770E-5	1.286480E+4	0.000000E+0	0.000000E+0
3.245170E+3	1.089780E-5	1.286490E+4	0.000000E+0	0.000000E+0
3.248170E+3	1.089770E-5	1.286480E+4	0.000000E+0	0.000000E+0
3.251170E+3	1.089780E-5	1.286450E+4	0.000000E+0	0.000000E+0
3.254173E+3	1.089790E-5	1.286420E+4	0.000000E+0	0.000000E+0
3.257166E+3	1.089820E-5	1.286380E+4	0.000000E+0	0.000000E+0
3.260169E+3	1.089730E-5	1.286330E+4	0.000000E+0	0.000000E+0
3.263170E+3	1.089810E-5	1.286300E+4	0.000000E+0	0.000000E+0
3.266163E+3	1.089820E-5	1.286260E+4	0.000000E+0	0.000000E+0
3.269166E+3	1.089800E-5	1.286240E+4	0.000000E+0	0.000000E+0
3.272168E+3	1.089790E-5	1.286230E+4	0.000000E+0	0.000000E+0
3.275172E+3	1.089800E-5	1.286240E+4	0.000000E+0	0.000000E+0
3.278166E+3	1.089750E-5	1.286250E+4	0.000000E+0	0.000000E+0
3.281168E+3	1.089780E-5	1.286270E+4	0.000000E+0	0.000000E+0
3.284169E+3	1.089720E-5	1.286300E+4	0.000000E+0	0.000000E+0
3.287166E+3	1.089800E-5	1.286340E+4	0.000000E+0	0.000000E+0
3.290163E+3	1.089760E-5	1.286340E+4	0.000000E+0	0.000000E+0
3.293167E+3	1.089760E-5	1.286320E+4	0.000000E+0	0.000000E+0
3.296172E+3	1.089780E-5	1.286270E+4	0.000000E+0	0.000000E+0
3.299169E+3	1.089770E-5	1.286260E+4	0.000000E+0	0.000000E+0
3.302167E+3	1.089780E-5	1.286240E+4	0.000000E+0	0.000000E+0
3.305172E+3	1.089760E-5	1.286230E+4	0.000000E+0	0.000000E+0
3.308172E+3	1.089750E-5	1.286230E+4	0.000000E+0	0.000000E+0
3.311175E+3	1.089710E-5	1.286230E+4	0.000000E+0	0.000000E+0
3.314170E+3	1.089720E-5	1.286230E+4	0.000000E+0	0.000000E+0
3.317171E+3	1.089840E-5	1.286240E+4	0.000000E+0	0.000000E+0
3.320165E+3	1.089790E-5	1.286230E+4	0.000000E+0	0.000000E+0
3.323165E+3	1.089730E-5	1.286220E+4	0.000000E+0	0.000000E+0
3.326171E+3	1.089720E-5	1.286190E+4	0.000000E+0	0.000000E+0
3.329163E+3	1.089680E-5	1.286180E+4	0.000000E+0	0.000000E+0
3.332165E+3	1.089680E-5	1.286190E+4	0.000000E+0	0.000000E+0
3.335172E+3	1.089740E-5	1.286200E+4	0.000000E+0	0.000000E+0
3.338167E+3	1.089740E-5	1.286220E+4	0.000000E+0	0.000000E+0
3.341166E+3	1.089680E-5	1.286240E+4	0.000000E+0	0.000000E+0
3.344168E+3	1.089690E-5	1.286250E+4	0.000000E+0	0.000000E+0
3.347166E+3	1.089750E-5	1.286250E+4	0.000000E+0	0.000000E+0
3.350166E+3	1.089730E-5	1.286240E+4	0.000000E+0	0.000000E+0
3.353173E+3	1.089650E-5	1.286260E+4	0.000000E+0	0.000000E+0
3.356170E+3	1.089660E-5	1.286250E+4	0.000000E+0	0.000000E+0
3.359164E+3	1.089730E-5	1.286250E+4	0.000000E+0	0.000000E+0
3.362173E+3	1.089650E-5	1.286240E+4	0.000000E+0	0.000000E+0
3.365169E+3	1.089730E-5	1.286230E+4	0.000000E+0	0.000000E+0
3.368169E+3	1.089710E-5	1.286210E+4	0.000000E+0	0.000000E+0
3.371178E+3	1.089720E-5	1.286190E+4	0.000000E+0	0.000000E+0
3.374166E+3	1.089650E-5	1.286170E+4	0.000000E+0	0.000000E+0
3.377171E+3	1.089690E-5	1.286160E+4	0.000000E+0	0.000000E+0
3.380166E+3	1.089700E-5	1.286140E+4	0.000000E+0	0.000000E+0
3.383166E+3	1.089680E-5	1.286130E+4	0.000000E+0	0.000000E+0
3.386176E+3	1.089620E-5	1.286120E+4	0.000000E+0	0.000000E+0
3.389171E+3	1.089650E-5	1.286120E+4	0.000000E+0	0.000000E+0
3.392167E+3	1.089650E-5	1.286120E+4	0.000000E+0	0.000000E+0
3.395165E+3	1.089700E-5	1.286100E+4	0.000000E+0	0.000000E+0
3.398169E+3	1.089650E-5	1.286100E+4	0.000000E+0	0.000000E+0
3.401170E+3	1.089610E-5	1.286090E+4	0.000000E+0	0.000000E+0
3.404174E+3	1.089720E-5	1.286090E+4	0.000000E+0	0.000000E+0
3.407167E+3	1.089720E-5	1.286100E+4	0.000000E+0	0.000000E+0
3.410167E+3	1.089660E-5	1.286090E+4	0.000000E+0	0.000000E+0
3.413167E+3	1.089670E-5	1.286100E+4	0.000000E+0	0.000000E+0
3.416169E+3	1.089700E-5	1.286100E+4	0.000000E+0	0.000000E+0
3.419170E+3	1.089620E-5	1.286090E+4	0.000000E+0	0.000000E+0
3.422174E+3	1.089640E-5	1.286080E+4	0.000000E+0	0.000000E+0
3.425167E+3	1.089700E-5	1.286070E+4	0.000000E+0	0.000000E+0
3.428166E+3	1.089650E-5	1.286060E+4	0.000000E+0	0.000000E+0
3.431166E+3	1.089630E-5	1.286060E+4	0.000000E+0	0.000000E+0
3.434170E+3	1.089630E-5	1.286050E+4	0.000000E+0	0.000000E+0
3.437169E+3	1.089640E-5	1.286050E+4	0.000000E+0	0.000000E+0
3.440170E+3	1.089680E-5	1.286030E+4	0.000000E+0	0.000000E+0
3.443171E+3	1.089650E-5	1.286030E+4	0.000000E+0	0.000000E+0
3.446168E+3	1.089690E-5	1.286020E+4	0.000000E+0	0.000000E+0
3.449171E+3	1.089660E-5	1.286020E+4	0.000000E+0	0.000000E+0
3.452165E+3	1.089620E-5	1.286020E+4	0.000000E+0	0.000000E+0
3.455169E+3	1.089580E-5	1.286000E+4	0.000000E+0	0.000000E+0
3.458169E+3	1.089630E-5	1.286000E+4	0.000000E+0	0.000000E+0
3.461166E+3	1.089620E-5	1.285990E+4	0.000000E+0	0.000000E+0
3.464167E+3	1.089580E-5	1.285980E+4	0.000000E+0	0.000000E+0
3.467171E+3	1.089570E-5	1.285970E+4	0.000000E+0	0.000000E+0
3.470165E+3	1.089560E-5	1.285950E+4	0.000000E+0	0.000000E+0
3.473164E+3	1.089600E-5	1.285940E+4	0.000000E+0	0.000000E+0
3.476164E+3	1.089600E-5	1.285930E+4	0.000000E+0	0.000000E+0
3.479171E+3	1.089650E-5	1.285910E+4	0.000000E+0	0.000000E+0
3.482180E+3	1.089650E-5	1.285900E+4	0.000000E+0	0.000000E+0
3.485164E+3	1.089630E-5	1.285890E+4	0.000000E+0	0.000000E+0
3.488169E+3	1.089630E-5	1.285870E+4	0.000000E+0	0.000000E+0
3.491176E+3	1.089580E-5	1.285850E+4	0.000000E+0	0.000000E+0
3.494170E+3	1.089640E-5	1.285860E+4	0.000000E+0	0.000000E+0
3.497172E+3	1.089650E-5	1.285840E+4	0.000000E+0	0.000000E+0
3.500181E+3	1.089540E-5	1.285820E+4	0.000000E+0	0.000000E+0
3.503167E+3	1.089610E-5	1.285810E+4	0.000000E+0	0.000000E+0
3.506169E+3	1.089610E-5	1.285800E+4	0.000000E+0	0.000000E+0
3.509170E+3	1.089570E-5	1.285780E+4	0.000000E+0	0.000000E+0
3.512165E+3	1.089610E-5	1.285760E+4	0.000000E+0	0.000000E+0
3.515167E+3	1.089600E-5	1.285750E+4	0.000000E+0	0.000000E+0
3.518168E+3	1.089630E-5	1.285740E+4	0.000000E+0	0.000000E+0
3.521170E+3	1.089700E-5	1.285730E+4	0.000000E+0	0.000000E+0
3.524167E+3	1.089650E-5	1.285730E+4	0.000000E+0	0.000000E+0
3.527165E+3	1.089630E-5	1.285720E+4	0.000000E+0	0.000000E+0
3.530168E+3	1.089680E-5	1.285730E+4	0.000000E+0	0.000000E+0
3.533168E+3	1.089570E-5	1.285720E+4	0.000000E+0	0.000000E+0
3.536169E+3	1.089630E-5	1.285710E+4	0.000000E+0	0.000000E+0
3.539164E+3	1.089610E-5	1.285690E+4	0.000000E+0	0.000000E+0
3.542168E+3	1.089640E-5	1.285690E+4	0.000000E+0	0.000000E+0
3.545171E+3	1.089600E-5	1.285680E+4	0.000000E+0	0.000000E+0
3.548168E+3	1.089590E-5	1.285680E+4	0.000000E+0	0.000000E+0
3.551170E+3	1.089540E-5	1.285690E+4	0.000000E+0	0.000000E+0
3.554164E+3	1.089540E-5	1.285700E+4	0.000000E+0	0.000000E+0
3.557161E+3	1.089550E-5	1.285700E+4	0.000000E+0	0.000000E+0
3.560162E+3	1.089490E-5	1.285680E+4	0.000000E+0	0.000000E+0
3.563158E+3	1.089490E-5	1.285650E+4	0.000000E+0	0.000000E+0
3.566159E+3	1.089470E-5	1.285620E+4	0.000000E+0	0.000000E+0
3.569176E+3	1.089530E-5	1.285580E+4	0.000000E+0	0.000000E+0
3.572170E+3	1.089520E-5	1.285560E+4	0.000000E+0	0.000000E+0
3.575171E+3	1.089500E-5	1.285550E+4	0.000000E+0	0.000000E+0
3.578176E+3	1.089520E-5	1.285520E+4	0.000000E+0	0.000000E+0
3.581172E+3	1.089520E-5	1.285510E+4	0.000000E+0	0.000000E+0
3.584169E+3	1.089540E-5	1.285490E+4	0.000000E+0	0.000000E+0
3.587169E+3	1.089460E-5	1.285490E+4	0.000000E+0	0.000000E+0
3.590169E+3	1.089500E-5	1.285470E+4	0.000000E+0	0.000000E+0
3.593168E+3	1.089510E-5	1.285460E+4	0.000000E+0	0.000000E+0
3.596177E+3	1.089550E-5	1.285440E+4	0.000000E+0	0.000000E+0
3.599165E+3	1.089500E-5	1.285430E+4	0.000000E+0	0.000000E+0
3.602168E+3	1.089530E-5	1.285430E+4	0.000000E+0	0.000000E+0
3.605167E+3	1.089530E-5	1.285420E+4	0.000000E+0	0.000000E+0
3.608163E+3	1.089570E-5	1.285410E+4	0.000000E+0	0.000000E+0
3.611163E+3	1.089470E-5	1.285400E+4	0.000000E+0	0.000000E+0
3.614167E+3	1.089450E-5	1.285400E+4	0.000000E+0	0.000000E+0
3.617168E+3	1.089520E-5	1.285390E+4	0.000000E+0	0.000000E+0
3.620170E+3	1.089500E-5	1.285380E+4	0.000000E+0	0.000000E+0
3.623171E+3	1.089460E-5	1.285370E+4	0.000000E+0	0.000000E+0
3.626168E+3	1.089390E-5	1.285360E+4	0.000000E+0	0.000000E+0
3.629168E+3	1.089460E-5	1.285360E+4	0.000000E+0	0.000000E+0
3.632176E+3	1.089520E-5	1.285350E+4	0.000000E+0	0.000000E+0
3.635166E+3	1.089440E-5	1.285340E+4	0.000000E+0	0.000000E+0
3.638171E+3	1.089500E-5	1.285330E+4	0.000000E+0	0.000000E+0
3.641168E+3	1.089490E-5	1.285320E+4	0.000000E+0	0.000000E+0
3.644172E+3	1.089460E-5	1.285310E+4	0.000000E+0	0.000000E+0
3.647159E+3	1.089420E-5	1.285300E+4	0.000000E+0	0.000000E+0
3.650167E+3	1.089510E-5	1.285280E+4	0.000000E+0	0.000000E+0
3.653167E+3	1.089490E-5	1.285260E+4	0.000000E+0	0.000000E+0
3.656171E+3	1.089450E-5	1.285260E+4	0.000000E+0	0.000000E+0
3.659169E+3	1.089420E-5	1.285260E+4	0.000000E+0	0.000000E+0
3.662166E+3	1.089410E-5	1.285250E+4	0.000000E+0	0.000000E+0
3.665177E+3	1.089400E-5	1.285250E+4	0.000000E+0	0.000000E+0
3.668166E+3	1.089380E-5	1.285240E+4	0.000000E+0	0.000000E+0
3.671178E+3	1.089430E-5	1.285230E+4	0.000000E+0	0.000000E+0
3.674169E+3	1.089410E-5	1.285210E+4	0.000000E+0	0.000000E+0
3.677178E+3	1.089420E-5	1.285200E+4	0.000000E+0	0.000000E+0
3.680167E+3	1.089470E-5	1.285190E+4	0.000000E+0	0.000000E+0
3.683168E+3	1.089470E-5	1.285170E+4	0.000000E+0	0.000000E+0
3.686164E+3	1.089440E-5	1.285160E+4	0.000000E+0	0.000000E+0
3.689170E+3	1.089390E-5	1.285160E+4	0.000000E+0	0.000000E+0
3.692170E+3	1.089430E-5	1.285140E+4	0.000000E+0	0.000000E+0
3.695167E+3	1.089430E-5	1.285120E+4	0.000000E+0	0.000000E+0
3.698170E+3	1.089440E-5	1.285100E+4	0.000000E+0	0.000000E+0
3.701166E+3	1.089390E-5	1.285070E+4	0.000000E+0	0.000000E+0
3.704170E+3	1.089390E-5	1.285050E+4	0.000000E+0	0.000000E+0
3.707166E+3	1.089410E-5	1.285020E+4	0.000000E+0	0.000000E+0
3.710170E+3	1.089460E-5	1.285020E+4	0.000000E+0	0.000000E+0
3.713167E+3	1.089390E-5	1.284990E+4	0.000000E+0	0.000000E+0
3.716170E+3	1.089390E-5	1.284980E+4	0.000000E+0	0.000000E+0
3.719163E+3	1.089390E-5	1.284980E+4	0.000000E+0	0.000000E+0
3.722162E+3	1.089400E-5	1.284970E+4	0.000000E+0	0.000000E+0
3.725161E+3	1.089370E-5	1.284970E+4	0.000000E+0	0.000000E+0
3.728169E+3	1.089470E-5	1.284970E+4	0.000000E+0	0.000000E+0
3.731170E+3	1.089390E-5	1.284970E+4	0.000000E+0	0.000000E+0
3.734179E+3	1.089410E-5	1.284960E+4	0.000000E+0	0.000000E+0
3.737166E+3	1.089420E-5	1.284950E+4	0.000000E+0	0.000000E+0
3.740170E+3	1.089360E-5	1.284950E+4	0.000000E+0	0.000000E+0
3.743171E+3	1.089370E-5	1.284950E+4	0.000000E+0	0.000000E+0
3.746171E+3	1.089380E-5	1.284930E+4	0.000000E+0	0.000000E+0
3.749164E+3	1.089430E-5	1.284910E+4	0.000000E+0	0.000000E+0
3.752171E+3	1.089390E-5	1.284850E+4	0.000000E+0	0.000000E+0
3.755174E+3	1.089400E-5	1.284850E+4	0.000000E+0	0.000000E+0
3.758169E+3	1.089400E-5	1.284840E+4	0.000000E+0	0.000000E+0
3.761165E+3	1.089400E-5	1.284840E+4	0.000000E+0	0.000000E+0
3.764167E+3	1.089370E-5	1.284820E+4	0.000000E+0	0.000000E+0
3.767168E+3	1.089290E-5	1.284790E+4	0.000000E+0	0.000000E+0
3.770178E+3	1.089300E-5	1.284760E+4	0.000000E+0	0.000000E+0
3.773162E+3	1.089440E-5	1.284740E+4	0.000000E+0	0.000000E+0
3.776168E+3	1.089420E-5	1.284730E+4	0.000000E+0	0.000000E+0
3.779170E+3	1.089450E-5	1.284720E+4	0.000000E+0	0.000000E+0
3.782167E+3	1.089410E-5	1.284710E+4	0.000000E+0	0.000000E+0
3.785170E+3	1.089350E-5	1.284690E+4	0.000000E+0	0.000000E+0
3.788163E+3	1.089360E-5	1.284680E+4	0.000000E+0	0.000000E+0
3.791165E+3	1.089490E-5	1.284680E+4	0.000000E+0	0.000000E+0
3.794167E+3	1.089520E-5	1.284670E+4	0.000000E+0	0.000000E+0
3.797165E+3	1.089380E-5	1.284670E+4	0.000000E+0	0.000000E+0
3.800170E+3	1.089400E-5	1.284650E+4	0.000000E+0	0.000000E+0
3.803172E+3	1.089420E-5	1.284640E+4	0.000000E+0	0.000000E+0
3.806168E+3	1.089380E-5	1.284640E+4	0.000000E+0	0.000000E+0
3.809168E+3	1.089390E-5	1.284630E+4	0.000000E+0	0.000000E+0
3.812170E+3	1.089370E-5	1.284640E+4	0.000000E+0	0.000000E+0
3.815169E+3	1.089370E-5	1.284640E+4	0.000000E+0	0.000000E+0
3.818169E+3	1.089420E-5	1.284630E+4	0.000000E+0	0.000000E+0
3.821171E+3	1.089390E-5	1.284620E+4	0.000000E+0	0.000000E+0
3.824171E+3	1.089360E-5	1.284610E+4	0.000000E+0	0.000000E+0
3.827166E+3	1.089400E-5	1.284610E+4	0.000000E+0	0.000000E+0
3.830166E+3	1.089360E-5	1.284610E+4	0.000000E+0	0.000000E+0
3.833164E+3	1.089370E-5	1.284600E+4	0.000000E+0	0.000000E+0
3.836169E+3	1.089420E-5	1.284600E+4	0.000000E+0	0.000000E+0
3.839168E+3	1.089380E-5	1.284590E+4	0.000000E+0	0.000000E+0
3.842169E+3	1.089430E-5	1.284580E+4	0.000000E+0	0.000000E+0
3.845180E+3	1.089440E-5	1.284560E+4	0.000000E+0	0.000000E+0
3.848171E+3	1.089360E-5	1.284540E+4	0.000000E+0	0.000000E+0
3.851169E+3	1.089370E-5	1.284510E+4	0.000000E+0	0.000000E+0
3.854170E+3	1.089400E-5	1.284460E+4	0.000000E+0	0.000000E+0
3.857164E+3	1.089450E-5	1.284420E+4	0.000000E+0	0.000000E+0
3.860164E+3	1.089410E-5	1.284410E+4	0.000000E+0	0.000000E+0
3.863160E+3	1.089400E-5	1.284410E+4	0.000000E+0	0.000000E+0
3.866160E+3	1.089360E-5	1.284420E+4	0.000000E+0	0.000000E+0
3.869167E+3	1.089430E-5	1.284420E+4	0.000000E+0	0.000000E+0
3.872167E+3	1.089400E-5	1.284420E+4	0.000000E+0	0.000000E+0
3.875169E+3	1.089430E-5	1.284430E+4	0.000000E+0	0.000000E+0
3.878169E+3	1.089410E-5	1.284430E+4	0.000000E+0	0.000000E+0
3.881179E+3	1.089430E-5	1.284420E+4	0.000000E+0	0.000000E+0
3.884169E+3	1.089420E-5	1.284410E+4	0.000000E+0	0.000000E+0
3.887179E+3	1.089440E-5	1.284410E+4	0.000000E+0	0.000000E+0
3.890174E+3	1.089460E-5	1.284410E+4	0.000000E+0	0.000000E+0
3.893167E+3	1.089370E-5	1.284400E+4	0.000000E+0	0.000000E+0
3.896168E+3	1.089370E-5	1.284380E+4	0.000000E+0	0.000000E+0
3.899168E+3	1.089400E-5	1.284380E+4	0.000000E+0	0.000000E+0
3.902169E+3	1.089380E-5	1.284370E+4	0.000000E+0	0.000000E+0
3.905168E+3	1.089370E-5	1.284350E+4	0.000000E+0	0.000000E+0
3.908169E+3	1.089400E-5	1.284340E+4	0.000000E+0	0.000000E+0
3.911168E+3	1.089390E-5	1.284320E+4	0.000000E+0	0.000000E+0
3.914163E+3	1.089430E-5	1.284310E+4	0.000000E+0	0.000000E+0
3.917168E+3	1.089390E-5	1.284290E+4	0.000000E+0	0.000000E+0
3.920168E+3	1.089380E-5	1.284280E+4	0.000000E+0	0.000000E+0
3.923164E+3	1.089370E-5	1.284270E+4	0.000000E+0	0.000000E+0
3.926164E+3	1.089430E-5	1.284260E+4	0.000000E+0	0.000000E+0
3.929162E+3	1.089420E-5	1.284250E+4	0.000000E+0	0.000000E+0
3.932163E+3	1.089430E-5	1.284260E+4	0.000000E+0	0.000000E+0
3.935164E+3	1.089410E-5	1.284240E+4	0.000000E+0	0.000000E+0
3.938165E+3	1.089400E-5	1.284220E+4	0.000000E+0	0.000000E+0
3.941164E+3	1.089400E-5	1.284200E+4	0.000000E+0	0.000000E+0
3.944166E+3	1.089400E-5	1.284180E+4	0.000000E+0	0.000000E+0
3.947174E+3	1.089420E-5	1.284150E+4	0.000000E+0	0.000000E+0
3.950173E+3	1.089360E-5	1.284120E+4	0.000000E+0	0.000000E+0
3.953178E+3	1.089330E-5	1.284070E+4	0.000000E+0	0.000000E+0
3.956177E+3	1.089320E-5	1.284050E+4	0.000000E+0	0.000000E+0
3.959167E+3	1.089290E-5	1.284030E+4	0.000000E+0	0.000000E+0
3.962168E+3	1.089400E-5	1.283990E+4	0.000000E+0	0.000000E+0
3.965169E+3	1.089350E-5	1.283970E+4	0.000000E+0	0.000000E+0
3.968168E+3	1.089370E-5	1.283960E+4	0.000000E+0	0.000000E+0
3.971165E+3	1.089340E-5	1.283960E+4	0.000000E+0	0.000000E+0
3.974167E+3	1.089330E-5	1.283970E+4	0.000000E+0	0.000000E+0
3.977166E+3	1.089310E-5	1.283980E+4	0.000000E+0	0.000000E+0
3.980167E+3	1.089220E-5	1.283990E+4	0.000000E+0	0.000000E+0
3.983165E+3	1.089290E-5	1.283980E+4	0.000000E+0	0.000000E+0
3.986171E+3	1.089300E-5	1.283980E+4	0.000000E+0	0.000000E+0
3.989172E+3	1.089340E-5	1.283990E+4	0.000000E+0	0.000000E+0
3.992168E+3	1.089340E-5	1.283990E+4	0.000000E+0	0.000000E+0
3.995174E+3	1.089320E-5	1.283970E+4	0.000000E+0	0.000000E+0
3.998168E+3	1.089340E-5	1.283960E+4	0.000000E+0	0.000000E+0
4.001176E+3	1.089300E-5	1.283960E+4	0.000000E+0	0.000000E+0
4.004174E+3	1.089330E-5	1.283960E+4	0.000000E+0	0.000000E+0
4.007168E+3	1.089320E-5	1.283960E+4	0.000000E+0	0.000000E+0
4.010170E+3	1.089290E-5	1.283950E+4	0.000000E+0	0.000000E+0
4.013164E+3	1.089270E-5	1.283940E+4	0.000000E+0	0.000000E+0
4.016169E+3	1.089280E-5	1.283930E+4	0.000000E+0	0.000000E+0
4.019171E+3	1.089280E-5	1.283920E+4	0.000000E+0	0.000000E+0
4.022171E+3	1.089240E-5	1.283910E+4	0.000000E+0	0.000000E+0
4.025170E+3	1.089260E-5	1.283910E+4	0.000000E+0	0.000000E+0
4.028171E+3	1.089260E-5	1.283910E+4	0.000000E+0	0.000000E+0
4.031170E+3	1.089250E-5	1.283900E+4	0.000000E+0	0.000000E+0
4.034172E+3	1.089290E-5	1.283900E+4	0.000000E+0	0.000000E+0
4.037171E+3	1.089240E-5	1.283900E+4	0.000000E+0	0.000000E+0
4.040167E+3	1.089310E-5	1.283880E+4	0.000000E+0	0.000000E+0
4.043167E+3	1.089280E-5	1.283870E+4	0.000000E+0	0.000000E+0
4.046167E+3	1.089230E-5	1.283850E+4	0.000000E+0	0.000000E+0
4.049162E+3	1.089290E-5	1.283840E+4	0.000000E+0	0.000000E+0
4.052165E+3	1.089280E-5	1.283810E+4	0.000000E+0	0.000000E+0
4.055164E+3	1.089280E-5	1.283770E+4	0.000000E+0	0.000000E+0
4.058167E+3	1.089270E-5	1.283740E+4	0.000000E+0	0.000000E+0
4.061171E+3	1.089230E-5	1.283740E+4	0.000000E+0	0.000000E+0
4.064167E+3	1.089280E-5	1.283770E+4	0.000000E+0	0.000000E+0
4.067167E+3	1.089300E-5	1.283790E+4	0.000000E+0	0.000000E+0
4.070170E+3	1.089320E-5	1.283790E+4	0.000000E+0	0.000000E+0
4.073170E+3	1.089190E-5	1.283790E+4	0.000000E+0	0.000000E+0
4.076171E+3	1.089290E-5	1.283800E+4	0.000000E+0	0.000000E+0
4.079165E+3	1.089340E-5	1.283800E+4	0.000000E+0	0.000000E+0
4.082165E+3	1.089240E-5	1.283790E+4	0.000000E+0	0.000000E+0
4.085166E+3	1.089280E-5	1.283780E+4	0.000000E+0	0.000000E+0
4.088160E+3	1.089260E-5	1.283720E+4	0.000000E+0	0.000000E+0
4.091159E+3	1.089230E-5	1.283680E+4	0.000000E+0	0.000000E+0
4.094157E+3	1.089260E-5	1.283660E+4	0.000000E+0	0.000000E+0
4.097166E+3	1.089270E-5	1.283630E+4	0.000000E+0	0.000000E+0
4.100173E+3	1.089290E-5	1.283610E+4	0.000000E+0	0.000000E+0
4.103174E+3	1.089260E-5	1.283600E+4	0.000000E+0	0.000000E+0
4.106169E+3	1.089340E-5	1.283590E+4	0.000000E+0	0.000000E+0
4.109171E+3	1.089280E-5	1.283580E+4	0.000000E+0	0.000000E+0
4.112169E+3	1.089260E-5	1.283580E+4	0.000000E+0	0.000000E+0
4.115171E+3	1.089270E-5	1.283570E+4	0.000000E+0	0.000000E+0
4.118177E+3	1.089280E-5	1.283560E+4	0.000000E+0	0.000000E+0
4.121172E+3	1.089260E-5	1.283540E+4	0.000000E+0	0.000000E+0
4.124178E+3	1.089260E-5	1.283530E+4	0.000000E+0	0.000000E+0
4.127174E+3	1.089270E-5	1.283520E+4	0.000000E+0	0.000000E+0
4.130167E+3	1.089270E-5	1.283510E+4	0.000000E+0	0.000000E+0
4.133172E+3	1.089300E-5	1.283510E+4	0.000000E+0	0.000000E+0
4.136177E+3	1.089220E-5	1.283490E+4	0.000000E+0	0.000000E+0
4.139167E+3	1.089220E-5	1.283490E+4	0.000000E+0	0.000000E+0
4.142176E+3	1.089250E-5	1.283490E+4	0.000000E+0	0.000000E+0
4.145170E+3	1.089230E-5	1.283490E+4	0.000000E+0	0.000000E+0
4.148173E+3	1.089180E-5	1.283490E+4	0.000000E+0	0.000000E+0
4.151170E+3	1.089220E-5	1.283470E+4	0.000000E+0	0.000000E+0
4.154181E+3	1.089260E-5	1.283440E+4	0.000000E+0	0.000000E+0
4.157170E+3	1.089250E-5	1.283430E+4	0.000000E+0	0.000000E+0
4.160168E+3	1.089280E-5	1.283430E+4	0.000000E+0	0.000000E+0
4.163169E+3	1.089260E-5	1.283420E+4	0.000000E+0	0.000000E+0
4.166170E+3	1.089260E-5	1.283410E+4	0.000000E+0	0.000000E+0
4.169171E+3	1.089260E-5	1.283400E+4	0.000000E+0	0.000000E+0
4.172169E+3	1.089200E-5	1.283360E+4	0.000000E+0	0.000000E+0
4.175168E+3	1.089190E-5	1.283310E+4	0.000000E+0	0.000000E+0
4.178168E+3	1.089200E-5	1.283300E+4	0.000000E+0	0.000000E+0
4.181172E+3	1.089220E-5	1.283300E+4	0.000000E+0	0.000000E+0
4.184168E+3	1.089310E-5	1.283300E+4	0.000000E+0	0.000000E+0
4.187164E+3	1.089190E-5	1.283290E+4	0.000000E+0	0.000000E+0
4.190168E+3	1.089140E-5	1.283280E+4	0.000000E+0	0.000000E+0
4.193174E+3	1.089280E-5	1.283270E+4	0.000000E+0	0.000000E+0
4.196168E+3	1.089270E-5	1.283250E+4	0.000000E+0	0.000000E+0
4.199174E+3	1.089260E-5	1.283260E+4	0.000000E+0	0.000000E+0
4.202166E+3	1.089250E-5	1.283260E+4	0.000000E+0	0.000000E+0
4.205167E+3	1.089240E-5	1.283260E+4	0.000000E+0	0.000000E+0
4.208163E+3	1.089310E-5	1.283230E+4	0.000000E+0	0.000000E+0
4.211172E+3	1.089200E-5	1.283180E+4	0.000000E+0	0.000000E+0
4.214175E+3	1.089240E-5	1.283160E+4	0.000000E+0	0.000000E+0
4.217166E+3	1.089250E-5	1.283130E+4	0.000000E+0	0.000000E+0
4.220166E+3	1.089190E-5	1.283070E+4	0.000000E+0	0.000000E+0
4.223171E+3	1.089210E-5	1.283040E+4	0.000000E+0	0.000000E+0
4.226174E+3	1.089210E-5	1.283010E+4	0.000000E+0	0.000000E+0
4.229162E+3	1.089180E-5	1.283000E+4	0.000000E+0	0.000000E+0
4.232157E+3	1.089220E-5	1.283020E+4	0.000000E+0	0.000000E+0
4.235161E+3	1.089170E-5	1.283020E+4	0.000000E+0	0.000000E+0
4.238173E+3	1.089320E-5	1.283020E+4	0.000000E+0	0.000000E+0
4.241177E+3	1.089230E-5	1.283010E+4	0.000000E+0	0.000000E+0
4.244179E+3	1.089190E-5	1.283010E+4	0.000000E+0	0.000000E+0
4.247168E+3	1.089140E-5	1.283000E+4	0.000000E+0	0.000000E+0
4.250170E+3	1.089220E-5	1.282980E+4	0.000000E+0	0.000000E+0
4.253176E+3	1.089170E-5	1.282970E+4	0.000000E+0	0.000000E+0
4.256178E+3	1.089090E-5	1.282950E+4	0.000000E+0	0.000000E+0
4.259170E+3	1.089180E-5	1.282930E+4	0.000000E+0	0.000000E+0
4.262180E+3	1.089220E-5	1.282900E+4	0.000000E+0	0.000000E+0
4.265166E+3	1.089160E-5	1.282890E+4	0.000000E+0	0.000000E+0
4.268171E+3	1.089310E-5	1.282870E+4	0.000000E+0	0.000000E+0
4.271173E+3	1.089240E-5	1.282860E+4	0.000000E+0	0.000000E+0
4.274180E+3	1.089190E-5	1.282850E+4	0.000000E+0	0.000000E+0
4.277168E+3	1.089230E-5	1.282860E+4	0.000000E+0	0.000000E+0
4.280171E+3	1.089120E-5	1.282860E+4	0.000000E+0	0.000000E+0
4.283169E+3	1.089160E-5	1.282860E+4	0.000000E+0	0.000000E+0
4.286169E+3	1.089200E-5	1.282860E+4	0.000000E+0	0.000000E+0
4.289168E+3	1.089200E-5	1.282860E+4	0.000000E+0	0.000000E+0
4.292177E+3	1.089150E-5	1.282860E+4	0.000000E+0	0.000000E+0
4.295169E+3	1.089160E-5	1.282850E+4	0.000000E+0	0.000000E+0
4.298168E+3	1.089180E-5	1.282840E+4	0.000000E+0	0.000000E+0
4.301169E+3	1.089160E-5	1.282840E+4	0.000000E+0	0.000000E+0
4.304172E+3	1.089120E-5	1.282830E+4	0.000000E+0	0.000000E+0
4.307172E+3	1.089160E-5	1.282830E+4	0.000000E+0	0.000000E+0
4.310171E+3	1.089150E-5	1.282810E+4	0.000000E+0	0.000000E+0
4.313166E+3	1.089200E-5	1.282790E+4	0.000000E+0	0.000000E+0
4.316166E+3	1.089160E-5	1.282770E+4	0.000000E+0	0.000000E+0
4.319167E+3	1.089150E-5	1.282730E+4	0.000000E+0	0.000000E+0
4.322167E+3	1.089210E-5	1.282710E+4	0.000000E+0	0.000000E+0
4.325180E+3	1.089200E-5	1.282680E+4	0.000000E+0	0.000000E+0
4.328172E+3	1.089090E-5	1.282680E+4	0.000000E+0	0.000000E+0
4.331167E+3	1.089200E-5	1.282670E+4	0.000000E+0	0.000000E+0
4.334174E+3	1.089180E-5	1.282670E+4	0.000000E+0	0.000000E+0
4.337167E+3	1.089210E-5	1.282650E+4	0.000000E+0	0.000000E+0
4.340172E+3	1.089170E-5	1.282660E+4	0.000000E+0	0.000000E+0
4.343170E+3	1.089150E-5	1.282660E+4	0.000000E+0	0.000000E+0
4.346171E+3	1.089200E-5	1.282660E+4	0.000000E+0	0.000000E+0
4.349171E+3	1.089110E-5	1.282670E+4	0.000000E+0	0.000000E+0
4.352172E+3	1.089170E-5	1.282670E+4	0.000000E+0	0.000000E+0
4.355171E+3	1.089140E-5	1.282670E+4	0.000000E+0	0.000000E+0
4.358166E+3	1.089170E-5	1.282670E+4	0.000000E+0	0.000000E+0
4.361170E+3	1.089180E-5	1.282660E+4	0.000000E+0	0.000000E+0
4.364177E+3	1.089170E-5	1.282620E+4	0.000000E+0	0.000000E+0
4.367166E+3	1.089130E-5	1.282600E+4	0.000000E+0	0.000000E+0
4.370168E+3	1.089150E-5	1.282580E+4	0.000000E+0	0.000000E+0
4.373164E+3	1.089130E-5	1.282590E+4	0.000000E+0	0.000000E+0
4.376177E+3	1.089170E-5	1.282590E+4	0.000000E+0	0.000000E+0
4.379167E+3	1.089120E-5	1.282600E+4	0.000000E+0	0.000000E+0
4.382179E+3	1.089210E-5	1.282600E+4	0.000000E+0	0.000000E+0
4.385172E+3	1.089170E-5	1.282610E+4	0.000000E+0	0.000000E+0
4.388180E+3	1.089160E-5	1.282610E+4	0.000000E+0	0.000000E+0
4.391174E+3	1.089140E-5	1.282610E+4	0.000000E+0	0.000000E+0
4.394166E+3	1.089260E-5	1.282610E+4	0.000000E+0	0.000000E+0
4.397168E+3	1.089170E-5	1.282590E+4	0.000000E+0	0.000000E+0
4.400169E+3	1.089140E-5	1.282560E+4	0.000000E+0	0.000000E+0
4.403174E+3	1.089140E-5	1.282520E+4	0.000000E+0	0.000000E+0
4.406165E+3	1.089190E-5	1.282470E+4	0.000000E+0	0.000000E+0
4.409167E+3	1.089120E-5	1.282440E+4	0.000000E+0	0.000000E+0
4.412164E+3	1.089080E-5	1.282380E+4	0.000000E+0	0.000000E+0
4.415163E+3	1.089130E-5	1.282360E+4	0.000000E+0	0.000000E+0
4.418169E+3	1.089160E-5	1.282340E+4	0.000000E+0	0.000000E+0
4.421169E+3	1.089070E-5	1.282340E+4	0.000000E+0	0.000000E+0
4.424169E+3	1.089080E-5	1.282340E+4	0.000000E+0	0.000000E+0
4.427164E+3	1.089100E-5	1.282340E+4	0.000000E+0	0.000000E+0
4.430168E+3	1.089070E-5	1.282310E+4	0.000000E+0	0.000000E+0
4.433166E+3	1.089130E-5	1.282290E+4	0.000000E+0	0.000000E+0
4.436168E+3	1.089120E-5	1.282260E+4	0.000000E+0	0.000000E+0
4.439168E+3	1.089090E-5	1.282250E+4	0.000000E+0	0.000000E+0
4.442170E+3	1.089120E-5	1.282220E+4	0.000000E+0	0.000000E+0
4.445166E+3	1.089120E-5	1.282190E+4	0.000000E+0	0.000000E+0
4.448166E+3	1.089120E-5	1.282190E+4	0.000000E+0	0.000000E+0
4.451174E+3	1.089130E-5	1.282170E+4	0.000000E+0	0.000000E+0
4.454172E+3	1.089050E-5	1.282140E+4	0.000000E+0	0.000000E+0
4.457163E+3	1.089110E-5	1.282100E+4	0.000000E+0	0.000000E+0
4.460165E+3	1.089100E-5	1.282090E+4	0.000000E+0	0.000000E+0
4.463166E+3	1.089140E-5	1.282100E+4	0.000000E+0	0.000000E+0
4.466166E+3	1.089130E-5	1.282110E+4	0.000000E+0	0.000000E+0
4.469168E+3	1.089090E-5	1.282140E+4	0.000000E+0	0.000000E+0
4.472175E+3	1.089120E-5	1.282130E+4	0.000000E+0	0.000000E+0
4.475169E+3	1.089050E-5	1.282140E+4	0.000000E+0	0.000000E+0
4.478170E+3	1.089110E-5	1.282120E+4	0.000000E+0	0.000000E+0
4.481169E+3	1.089140E-5	1.282130E+4	0.000000E+0	0.000000E+0
4.484171E+3	1.089080E-5	1.282140E+4	0.000000E+0	0.000000E+0
4.487165E+3	1.089090E-5	1.282150E+4	0.000000E+0	0.000000E+0
4.490166E+3	1.089000E-5	1.282160E+4	0.000000E+0	0.000000E+0
4.493169E+3	1.089040E-5	1.282140E+4	0.000000E+0	0.000000E+0
4.496173E+3	1.089050E-5	1.282140E+4	0.000000E+0	0.000000E+0
4.499164E+3	1.089070E-5	1.282130E+4	0.000000E+0	0.000000E+0
4.502161E+3	1.089070E-5	1.282130E+4	0.000000E+0	0.000000E+0
4.505158E+3	1.089040E-5	1.282110E+4	0.000000E+0	0.000000E+0
4.508159E+3	1.089110E-5	1.282090E+4	0.000000E+0	0.000000E+0
4.511157E+3	1.089120E-5	1.282110E+4	0.000000E+0	0.000000E+0
4.514159E+3	1.089070E-5	1.282120E+4	0.000000E+0	0.000000E+0
4.517156E+3	1.089100E-5	1.282120E+4	0.000000E+0	0.000000E+0
4.520162E+3	1.089120E-5	1.282120E+4	0.000000E+0	0.000000E+0
4.523174E+3	1.089160E-5	1.282110E+4	0.000000E+0	0.000000E+0
4.526172E+3	1.089180E-5	1.282100E+4	0.000000E+0	0.000000E+0
4.529175E+3	1.089070E-5	1.282090E+4	0.000000E+0	0.000000E+0
4.532172E+3	1.089070E-5	1.282060E+4	0.000000E+0	0.000000E+0
4.535163E+3	1.089000E-5	1.282030E+4	0.000000E+0	0.000000E+0
4.538167E+3	1.089010E-5	1.281990E+4	0.000000E+0	0.000000E+0
4.541178E+3	1.089010E-5	1.281960E+4	0.000000E+0	0.000000E+0
4.544178E+3	1.089070E-5	1.281960E+4	0.000000E+0	0.000000E+0
4.547166E+3	1.089010E-5	1.281980E+4	0.000000E+0	0.000000E+0
4.550174E+3	1.088970E-5	1.281970E+4	0.000000E+0	0.000000E+0
4.553169E+3	1.089050E-5	1.281970E+4	0.000000E+0	0.000000E+0
4.556179E+3	1.089130E-5	1.281980E+4	0.000000E+0	0.000000E+0
4.559165E+3	1.089100E-5	1.281990E+4	0.000000E+0	0.000000E+0
4.562165E+3	1.089090E-5	1.282000E+4	0.000000E+0	0.000000E+0
4.565174E+3	1.089090E-5	1.282010E+4	0.000000E+0	0.000000E+0
4.568166E+3	1.089100E-5	1.282020E+4	0.000000E+0	0.000000E+0
4.571167E+3	1.089040E-5	1.282010E+4	0.000000E+0	0.000000E+0
4.574169E+3	1.089060E-5	1.282030E+4	0.000000E+0	0.000000E+0
4.577162E+3	1.089050E-5	1.282050E+4	0.000000E+0	0.000000E+0
4.580169E+3	1.088990E-5	1.282060E+4	0.000000E+0	0.000000E+0
4.583170E+3	1.089100E-5	1.282050E+4	0.000000E+0	0.000000E+0
4.586169E+3	1.089060E-5	1.282030E+4	0.000000E+0	0.000000E+0
4.589164E+3	1.089040E-5	1.282010E+4	0.000000E+0	0.000000E+0
4.592164E+3	1.089120E-5	1.281980E+4	0.000000E+0	0.000000E+0
4.595169E+3	1.089030E-5	1.281950E+4	0.000000E+0	0.000000E+0
4.598167E+3	1.089070E-5	1.281920E+4	0.000000E+0	0.000000E+0
4.601167E+3	1.089060E-5	1.281880E+4	0.000000E+0	0.000000E+0
4.604171E+3	1.089070E-5	1.281840E+4	0.000000E+0	0.000000E+0
4.607165E+3	1.089050E-5	1.281800E+4	0.000000E+0	0.000000E+0
4.610162E+3	1.089070E-5	1.281780E+4	0.000000E+0	0.000000E+0
4.613162E+3	1.089050E-5	1.281780E+4	0.000000E+0	0.000000E+0
4.616167E+3	1.089130E-5	1.281790E+4	0.000000E+0	0.000000E+0
4.619165E+3	1.089090E-5	1.281810E+4	0.000000E+0	0.000000E+0
4.622169E+3	1.089080E-5	1.281820E+4	0.000000E+0	0.000000E+0
4.625167E+3	1.089070E-5	1.281840E+4	0.000000E+0	0.000000E+0
4.628168E+3	1.089030E-5	1.281840E+4	0.000000E+0	0.000000E+0
4.631165E+3	1.089060E-5	1.281850E+4	0.000000E+0	0.000000E+0
4.634165E+3	1.089030E-5	1.281850E+4	0.000000E+0	0.000000E+0
4.637161E+3	1.088990E-5	1.281850E+4	0.000000E+0	0.000000E+0
4.640164E+3	1.089050E-5	1.281850E+4	0.000000E+0	0.000000E+0
4.643158E+3	1.089040E-5	1.281840E+4	0.000000E+0	0.000000E+0
4.646166E+3	1.089080E-5	1.281820E+4	0.000000E+0	0.000000E+0
4.649176E+3	1.089070E-5	1.281770E+4	0.000000E+0	0.000000E+0
4.652174E+3	1.089040E-5	1.281750E+4	0.000000E+0	0.000000E+0
4.655166E+3	1.089090E-5	1.281740E+4	0.000000E+0	0.000000E+0
4.658167E+3	1.089030E-5	1.281720E+4	0.000000E+0	0.000000E+0
4.661176E+3	1.089010E-5	1.281690E+4	0.000000E+0	0.000000E+0
4.664169E+3	1.089030E-5	1.281660E+4	0.000000E+0	0.000000E+0
4.667178E+3	1.089080E-5	1.281630E+4	0.000000E+0	0.000000E+0
4.670167E+3	1.089010E-5	1.281620E+4	0.000000E+0	0.000000E+0
4.673167E+3	1.089000E-5	1.281620E+4	0.000000E+0	0.000000E+0
4.676168E+3	1.088980E-5	1.281620E+4	0.000000E+0	0.000000E+0
4.679170E+3	1.088990E-5	1.281630E+4	0.000000E+0	0.000000E+0
4.682177E+3	1.089020E-5	1.281640E+4	0.000000E+0	0.000000E+0
4.685166E+3	1.089040E-5	1.281630E+4	0.000000E+0	0.000000E+0
4.688169E+3	1.088950E-5	1.281640E+4	0.000000E+0	0.000000E+0
4.691170E+3	1.089010E-5	1.281630E+4	0.000000E+0	0.000000E+0
4.694166E+3	1.089070E-5	1.281630E+4	0.000000E+0	0.000000E+0
4.697169E+3	1.089030E-5	1.281640E+4	0.000000E+0	0.000000E+0
4.700167E+3	1.088980E-5	1.281630E+4	0.000000E+0	0.000000E+0
4.703166E+3	1.088940E-5	1.281640E+4	0.000000E+0	0.000000E+0
4.706164E+3	1.089010E-5	1.281650E+4	0.000000E+0	0.000000E+0
4.709165E+3	1.088970E-5	1.281620E+4	0.000000E+0	0.000000E+0
4.712164E+3	1.089030E-5	1.281620E+4	0.000000E+0	0.000000E+0
4.715175E+3	1.089010E-5	1.281620E+4	0.000000E+0	0.000000E+0
4.718177E+3	1.089010E-5	1.281610E+4	0.000000E+0	0.000000E+0
4.721176E+3	1.088970E-5	1.281610E+4	0.000000E+0	0.000000E+0
4.724167E+3	1.088970E-5	1.281600E+4	0.000000E+0	0.000000E+0
4.727179E+3	1.088980E-5	1.281590E+4	0.000000E+0	0.000000E+0
4.730167E+3	1.089030E-5	1.281570E+4	0.000000E+0	0.000000E+0
4.733166E+3	1.089000E-5	1.281550E+4	0.000000E+0	0.000000E+0
4.736165E+3	1.088950E-5	1.281570E+4	0.000000E+0	0.000000E+0
4.739168E+3	1.089010E-5	1.281570E+4	0.000000E+0	0.000000E+0
4.742171E+3	1.088980E-5	1.281570E+4	0.000000E+0	0.000000E+0
4.745174E+3	1.089020E-5	1.281560E+4	0.000000E+0	0.000000E+0
4.748167E+3	1.088990E-5	1.281560E+4	0.000000E+0	0.000000E+0
4.751176E+3	1.088910E-5	1.281550E+4	0.000000E+0	0.000000E+0
4.754163E+3	1.089000E-5	1.281560E+4	0.000000E+0	0.000000E+0
4.757163E+3	1.089000E-5	1.281540E+4	0.000000E+0	0.000000E+0
4.760172E+3	1.088940E-5	1.281540E+4	0.000000E+0	0.000000E+0
4.763163E+3	1.088980E-5	1.281520E+4	0.000000E+0	0.000000E+0
4.766165E+3	1.089000E-5	1.281510E+4	0.000000E+0	0.000000E+0
4.769159E+3	1.088960E-5	1.281500E+4	0.000000E+0	0.000000E+0
4.772175E+3	1.089010E-5	1.281500E+4	0.000000E+0	0.000000E+0
4.775169E+3	1.088950E-5	1.281490E+4	0.000000E+0	0.000000E+0
4.778165E+3	1.088920E-5	1.281490E+4	0.000000E+0	0.000000E+0
4.781166E+3	1.088950E-5	1.281500E+4	0.000000E+0	0.000000E+0
4.784169E+3	1.088910E-5	1.281510E+4	0.000000E+0	0.000000E+0
4.787161E+3	1.088980E-5	1.281510E+4	0.000000E+0	0.000000E+0
4.790159E+3	1.088910E-5	1.281500E+4	0.000000E+0	0.000000E+0
4.793172E+3	1.088970E-5	1.281500E+4	0.000000E+0	0.000000E+0
4.796170E+3	1.088990E-5	1.281530E+4	0.000000E+0	0.000000E+0
4.799170E+3	1.089000E-5	1.281530E+4	0.000000E+0	0.000000E+0
4.802172E+3	1.088900E-5	1.281520E+4	0.000000E+0	0.000000E+0
4.805175E+3	1.088920E-5	1.281520E+4	0.000000E+0	0.000000E+0
4.808175E+3	1.088960E-5	1.281510E+4	0.000000E+0	0.000000E+0
4.811167E+3	1.088940E-5	1.281490E+4	0.000000E+0	0.000000E+0
4.814170E+3	1.088960E-5	1.281450E+4	0.000000E+0	0.000000E+0
4.817170E+3	1.088930E-5	1.281420E+4	0.000000E+0	0.000000E+0
4.820170E+3	1.089000E-5	1.281370E+4	0.000000E+0	0.000000E+0
4.823168E+3	1.088960E-5	1.281310E+4	0.000000E+0	0.000000E+0
4.826165E+3	1.088970E-5	1.281240E+4	0.000000E+0	0.000000E+0
4.829168E+3	1.088830E-5	1.281190E+4	0.000000E+0	0.000000E+0
4.832166E+3	1.088910E-5	1.281160E+4	0.000000E+0	0.000000E+0
4.835169E+3	1.088850E-5	1.281150E+4	0.000000E+0	0.000000E+0
4.838167E+3	1.088900E-5	1.281160E+4	0.000000E+0	0.000000E+0
4.841166E+3	1.088860E-5	1.281160E+4	0.000000E+0	0.000000E+0
4.844171E+3	1.088860E-5	1.281170E+4	0.000000E+0	0.000000E+0
4.847168E+3	1.088870E-5	1.281160E+4	0.000000E+0	0.000000E+0
4.850166E+3	1.088860E-5	1.281170E+4	0.000000E+0	0.000000E+0
4.853167E+3	1.088930E-5	1.281160E+4	0.000000E+0	0.000000E+0
4.856168E+3	1.088860E-5	1.281150E+4	0.000000E+0	0.000000E+0
4.859167E+3	1.088880E-5	1.281130E+4	0.000000E+0	0.000000E+0
4.862169E+3	1.088860E-5	1.281130E+4	0.000000E+0	0.000000E+0
4.865181E+3	1.088870E-5	1.281120E+4	0.000000E+0	0.000000E+0
4.868169E+3	1.088840E-5	1.281110E+4	0.000000E+0	0.000000E+0
4.871167E+3	1.088890E-5	1.281120E+4	0.000000E+0	0.000000E+0
4.874171E+3	1.088870E-5	1.281110E+4	0.000000E+0	0.000000E+0
4.877169E+3	1.088870E-5	1.281100E+4	0.000000E+0	0.000000E+0
4.880169E+3	1.088850E-5	1.281100E+4	0.000000E+0	0.000000E+0
4.883169E+3	1.088810E-5	1.281090E+4	0.000000E+0	0.000000E+0
4.886170E+3	1.088810E-5	1.281090E+4	0.000000E+0	0.000000E+0
4.889167E+3	1.088780E-5	1.281070E+4	0.000000E+0	0.000000E+0
4.892169E+3	1.088820E-5	1.281050E+4	0.000000E+0	0.000000E+0
4.895170E+3	1.088830E-5	1.281010E+4	0.000000E+0	0.000000E+0
4.898165E+3	1.088750E-5	1.280980E+4	0.000000E+0	0.000000E+0
4.901167E+3	1.088770E-5	1.280950E+4	0.000000E+0	0.000000E+0
4.904170E+3	1.088780E-5	1.280940E+4	0.000000E+0	0.000000E+0
4.907166E+3	1.088800E-5	1.280920E+4	0.000000E+0	0.000000E+0
4.910169E+3	1.088830E-5	1.280920E+4	0.000000E+0	0.000000E+0
4.913168E+3	1.088850E-5	1.280890E+4	0.000000E+0	0.000000E+0
4.916171E+3	1.088830E-5	1.280870E+4	0.000000E+0	0.000000E+0
4.919171E+3	1.088780E-5	1.280850E+4	0.000000E+0	0.000000E+0
4.922168E+3	1.088790E-5	1.280810E+4	0.000000E+0	0.000000E+0
4.925171E+3	1.088800E-5	1.280790E+4	0.000000E+0	0.000000E+0
4.928167E+3	1.088830E-5	1.280750E+4	0.000000E+0	0.000000E+0
4.931166E+3	1.088810E-5	1.280730E+4	0.000000E+0	0.000000E+0
4.934169E+3	1.088750E-5	1.280710E+4	0.000000E+0	0.000000E+0
4.937166E+3	1.088770E-5	1.280710E+4	0.000000E+0	0.000000E+0
4.940169E+3	1.088820E-5	1.280730E+4	0.000000E+0	0.000000E+0
4.943169E+3	1.088750E-5	1.280750E+4	0.000000E+0	0.000000E+0
4.946166E+3	1.088820E-5	1.280760E+4	0.000000E+0	0.000000E+0
4.949164E+3	1.088760E-5	1.280760E+4	0.000000E+0	0.000000E+0
4.952166E+3	1.088780E-5	1.280770E+4	0.000000E+0	0.000000E+0
4.955168E+3	1.088770E-5	1.280770E+4	0.000000E+0	0.000000E+0
4.958174E+3	1.088800E-5	1.280780E+4	0.000000E+0	0.000000E+0
4.961169E+3	1.088710E-5	1.280770E+4	0.000000E+0	0.000000E+0
4.964171E+3	1.088720E-5	1.280740E+4	0.000000E+0	0.000000E+0
4.967164E+3	1.088730E-5	1.280710E+4	0.000000E+0	0.000000E+0
4.970162E+3	1.088750E-5	1.280670E+4	0.000000E+0	0.000000E+0
4.973161E+3	1.088780E-5	1.280630E+4	0.000000E+0	0.000000E+0
4.976161E+3	1.088690E-5	1.280610E+4	0.000000E+0	0.000000E+0
4.979168E+3	1.088710E-5	1.280590E+4	0.000000E+0	0.000000E+0
4.982169E+3	1.088690E-5	1.280570E+4	0.000000E+0	0.000000E+0
4.985168E+3	1.088740E-5	1.280580E+4	0.000000E+0	0.000000E+0
4.988168E+3	1.088740E-5	1.280600E+4	0.000000E+0	0.000000E+0
4.991172E+3	1.088750E-5	1.280620E+4	0.000000E+0	0.000000E+0
4.994170E+3	1.088730E-5	1.280630E+4	0.000000E+0	0.000000E+0
4.997171E+3	1.088710E-5	1.280640E+4	0.000000E+0	0.000000E+0
5.000172E+3	1.088720E-5	1.280630E+4	0.000000E+0	0.000000E+0
5.003171E+3	1.088780E-5	1.280620E+4	0.000000E+0	0.000000E+0
5.006166E+3	1.088690E-5	1.280610E+4	0.000000E+0	0.000000E+0
5.009171E+3	1.088730E-5	1.280600E+4	0.000000E+0	0.000000E+0
5.012173E+3	1.088760E-5	1.280590E+4	0.000000E+0	0.000000E+0
5.015173E+3	1.088710E-5	1.280590E+4	0.000000E+0	0.000000E+0
5.018168E+3	1.088670E-5	1.280570E+4	0.000000E+0	0.000000E+0
5.021171E+3	1.088650E-5	1.280530E+4	0.000000E+0	0.000000E+0
5.024176E+3	1.088650E-5	1.280510E+4	0.000000E+0	0.000000E+0
5.027170E+3	1.088710E-5	1.280460E+4	0.000000E+0	0.000000E+0
5.030177E+3	1.088690E-5	1.280420E+4	0.000000E+0	0.000000E+0
5.033167E+3	1.088730E-5	1.280390E+4	0.000000E+0	0.000000E+0
5.036170E+3	1.088700E-5	1.280360E+4	0.000000E+0	0.000000E+0
5.039171E+3	1.088690E-5	1.280330E+4	0.000000E+0	0.000000E+0
5.042167E+3	1.088700E-5	1.280340E+4	0.000000E+0	0.000000E+0
5.045168E+3	1.088740E-5	1.280350E+4	0.000000E+0	0.000000E+0
5.048169E+3	1.088700E-5	1.280350E+4	0.000000E+0	0.000000E+0
5.051167E+3	1.088700E-5	1.280360E+4	0.000000E+0	0.000000E+0
5.054173E+3	1.088650E-5	1.280370E+4	0.000000E+0	0.000000E+0
5.057167E+3	1.088730E-5	1.280360E+4	0.000000E+0	0.000000E+0
5.060167E+3	1.088640E-5	1.280360E+4	0.000000E+0	0.000000E+0
5.063171E+3	1.088650E-5	1.280370E+4	0.000000E+0	0.000000E+0
5.066164E+3	1.088640E-5	1.280370E+4	0.000000E+0	0.000000E+0
5.069170E+3	1.088580E-5	1.280360E+4	0.000000E+0	0.000000E+0
5.072183E+3	1.088640E-5	1.280360E+4	0.000000E+0	0.000000E+0
5.075167E+3	1.088730E-5	1.280360E+4	0.000000E+0	0.000000E+0
5.078167E+3	1.088670E-5	1.280340E+4	0.000000E+0	0.000000E+0
5.081167E+3	1.088700E-5	1.280310E+4	0.000000E+0	0.000000E+0
5.084171E+3	1.088630E-5	1.280280E+4	0.000000E+0	0.000000E+0
5.087173E+3	1.088650E-5	1.280240E+4	0.000000E+0	0.000000E+0
5.090167E+3	1.088680E-5	1.280220E+4	0.000000E+0	0.000000E+0
5.093166E+3	1.088670E-5	1.280190E+4	0.000000E+0	0.000000E+0
5.096171E+3	1.088720E-5	1.280140E+4	0.000000E+0	0.000000E+0
5.099178E+3	1.088670E-5	1.280130E+4	0.000000E+0	0.000000E+0
5.102168E+3	1.088660E-5	1.280130E+4	0.000000E+0	0.000000E+0
5.105181E+3	1.088670E-5	1.280120E+4	0.000000E+0	0.000000E+0
5.108167E+3	1.088650E-5	1.280100E+4	0.000000E+0	0.000000E+0
5.111168E+3	1.088630E-5	1.280090E+4	0.000000E+0	0.000000E+0
5.114169E+3	1.088680E-5	1.280080E+4	0.000000E+0	0.000000E+0
5.117165E+3	1.088690E-5	1.280070E+4	0.000000E+0	0.000000E+0
5.120163E+3	1.088700E-5	1.280050E+4	0.000000E+0	0.000000E+0
5.123156E+3	1.088630E-5	1.280040E+4	0.000000E+0	0.000000E+0
5.126165E+3	1.088640E-5	1.280030E+4	0.000000E+0	0.000000E+0
5.129166E+3	1.088630E-5	1.280050E+4	0.000000E+0	0.000000E+0
5.132179E+3	1.088620E-5	1.280060E+4	0.000000E+0	0.000000E+0
5.135168E+3	1.088600E-5	1.280050E+4	0.000000E+0	0.000000E+0
5.138180E+3	1.088600E-5	1.280040E+4	0.000000E+0	0.000000E+0
5.141169E+3	1.088660E-5	1.280040E+4	0.000000E+0	0.000000E+0
5.144169E+3	1.088610E-5	1.280030E+4	0.000000E+0	0.000000E+0
5.147167E+3	1.088600E-5	1.280010E+4	0.000000E+0	0.000000E+0
5.150172E+3	1.088600E-5	1.279970E+4	0.000000E+0	0.000000E+0
5.153170E+3	1.088640E-5	1.279920E+4	0.000000E+0	0.000000E+0
5.156172E+3	1.088550E-5	1.279890E+4	0.000000E+0	0.000000E+0
5.159183E+3	1.088580E-5	1.279860E+4	0.000000E+0	0.000000E+0
5.162172E+3	1.088590E-5	1.279850E+4	0.000000E+0	0.000000E+0
5.165170E+3	1.088600E-5	1.279840E+4	0.000000E+0	0.000000E+0
5.168172E+3	1.088630E-5	1.279850E+4	0.000000E+0	0.000000E+0
5.171167E+3	1.088590E-5	1.279850E+4	0.000000E+0	0.000000E+0
5.174181E+3	1.088660E-5	1.279860E+4	0.000000E+0	0.000000E+0
5.177170E+3	1.088640E-5	1.279880E+4	0.000000E+0	0.000000E+0
5.180172E+3	1.088600E-5	1.279890E+4	0.000000E+0	0.000000E+0
5.183170E+3	1.088670E-5	1.279870E+4	0.000000E+0	0.000000E+0
5.186171E+3	1.088550E-5	1.279870E+4	0.000000E+0	0.000000E+0
5.189167E+3	1.088640E-5	1.279870E+4	0.000000E+0	0.000000E+0
5.192170E+3	1.088620E-5	1.279860E+4	0.000000E+0	0.000000E+0
5.195171E+3	1.088600E-5	1.279870E+4	0.000000E+0	0.000000E+0
5.198172E+3	1.088620E-5	1.279880E+4	0.000000E+0	0.000000E+0
5.201169E+3	1.088650E-5	1.279890E+4	0.000000E+0	0.000000E+0
5.204169E+3	1.088640E-5	1.279880E+4	0.000000E+0	0.000000E+0
5.207177E+3	1.088630E-5	1.279870E+4	0.000000E+0	0.000000E+0
5.210168E+3	1.088590E-5	1.279850E+4	0.000000E+0	0.000000E+0
5.213172E+3	1.088610E-5	1.279860E+4	0.000000E+0	0.000000E+0
5.216168E+3	1.088620E-5	1.279830E+4	0.000000E+0	0.000000E+0
5.219171E+3	1.088650E-5	1.279820E+4	0.000000E+0	0.000000E+0
5.222169E+3	1.088590E-5	1.279810E+4	0.000000E+0	0.000000E+0
5.225168E+3	1.088600E-5	1.279800E+4	0.000000E+0	0.000000E+0
5.228169E+3	1.088610E-5	1.279780E+4	0.000000E+0	0.000000E+0
5.231170E+3	1.088570E-5	1.279780E+4	0.000000E+0	0.000000E+0
5.234173E+3	1.088640E-5	1.279770E+4	0.000000E+0	0.000000E+0
5.237169E+3	1.088620E-5	1.279760E+4	0.000000E+0	0.000000E+0
5.240170E+3	1.088600E-5	1.279750E+4	0.000000E+0	0.000000E+0
5.243171E+3	1.088590E-5	1.279730E+4	0.000000E+0	0.000000E+0
5.246167E+3	1.088560E-5	1.279720E+4	0.000000E+0	0.000000E+0
5.249167E+3	1.088610E-5	1.279700E+4	0.000000E+0	0.000000E+0
5.252166E+3	1.088600E-5	1.279700E+4	0.000000E+0	0.000000E+0
5.255167E+3	1.088650E-5	1.279690E+4	0.000000E+0	0.000000E+0
5.258170E+3	1.088620E-5	1.279690E+4	0.000000E+0	0.000000E+0
5.261168E+3	1.088600E-5	1.279660E+4	0.000000E+0	0.000000E+0
5.264174E+3	1.088630E-5	1.279650E+4	0.000000E+0	0.000000E+0
5.267168E+3	1.088600E-5	1.279640E+4	0.000000E+0	0.000000E+0
5.270169E+3	1.088570E-5	1.279600E+4	0.000000E+0	0.000000E+0
5.273170E+3	1.088600E-5	1.279590E+4	0.000000E+0	0.000000E+0
5.276167E+3	1.088620E-5	1.279570E+4	0.000000E+0	0.000000E+0
5.279167E+3	1.088620E-5	1.279560E+4	0.000000E+0	0.000000E+0
5.282168E+3	1.088650E-5	1.279550E+4	0.000000E+0	0.000000E+0
5.285174E+3	1.088680E-5	1.279540E+4	0.000000E+0	0.000000E+0
5.288167E+3	1.088690E-5	1.279530E+4	0.000000E+0	0.000000E+0
5.291166E+3	1.088620E-5	1.279510E+4	0.000000E+0	0.000000E+0
5.294169E+3	1.088660E-5	1.279500E+4	0.000000E+0	0.000000E+0
5.297168E+3	1.088570E-5	1.279480E+4	0.000000E+0	0.000000E+0
5.300168E+3	1.088720E-5	1.279470E+4	0.000000E+0	0.000000E+0
5.303169E+3	1.088630E-5	1.279470E+4	0.000000E+0	0.000000E+0
5.306170E+3	1.088600E-5	1.279470E+4	0.000000E+0	0.000000E+0
5.309171E+3	1.088600E-5	1.279470E+4	0.000000E+0	0.000000E+0
5.312169E+3	1.088710E-5	1.279470E+4	0.000000E+0	0.000000E+0
5.315171E+3	1.088610E-5	1.279470E+4	0.000000E+0	0.000000E+0
5.318167E+3	1.088590E-5	1.279470E+4	0.000000E+0	0.000000E+0
5.321166E+3	1.088690E-5	1.279460E+4	0.000000E+0	0.000000E+0
5.324158E+3	1.088640E-5	1.279430E+4	0.000000E+0	0.000000E+0
5.327158E+3	1.088620E-5	1.279410E+4	0.000000E+0	0.000000E+0
5.330166E+3	1.088640E-5	1.279370E+4	0.000000E+0	0.000000E+0
5.333171E+3	1.088580E-5	1.279330E+4	0.000000E+0	0.000000E+0
5.336172E+3	1.088600E-5	1.279320E+4	0.000000E+0	0.000000E+0
5.339167E+3	1.088590E-5	1.279310E+4	0.000000E+0	0.000000E+0
5.342167E+3	1.088590E-5	1.279310E+4	0.000000E+0	0.000000E+0
5.345168E+3	1.088610E-5	1.279300E+4	0.000000E+0	0.000000E+0
5.348170E+3	1.088590E-5	1.279300E+4	0.000000E+0	0.000000E+0
5.351169E+3	1.088560E-5	1.279270E+4	0.000000E+0	0.000000E+0
5.354172E+3	1.088580E-5	1.279250E+4	0.000000E+0	0.000000E+0
5.357170E+3	1.088590E-5	1.279220E+4	0.000000E+0	0.000000E+0
5.360174E+3	1.088620E-5	1.279200E+4	0.000000E+0	0.000000E+0
5.363167E+3	1.088590E-5	1.279200E+4	0.000000E+0	0.000000E+0
5.366167E+3	1.088620E-5	1.279200E+4	0.000000E+0	0.000000E+0
5.369172E+3	1.088610E-5	1.279190E+4	0.000000E+0	0.000000E+0
5.372181E+3	1.088510E-5	1.279180E+4	0.000000E+0	0.000000E+0
5.375168E+3	1.088520E-5	1.279160E+4	0.000000E+0	0.000000E+0
5.378170E+3	1.088580E-5	1.279140E+4	0.000000E+0	0.000000E+0
5.381170E+3	1.088530E-5	1.279110E+4	0.000000E+0	0.000000E+0
5.384168E+3	1.088550E-5	1.279060E+4	0.000000E+0	0.000000E+0
5.387170E+3	1.088550E-5	1.279040E+4	0.000000E+0	0.000000E+0
5.390169E+3	1.088520E-5	1.279000E+4	0.000000E+0	0.000000E+0
5.393171E+3	1.088580E-5	1.278980E+4	0.000000E+0	0.000000E+0
5.396171E+3	1.088600E-5	1.278990E+4	0.000000E+0	0.000000E+0
5.399171E+3	1.088520E-5	1.279020E+4	0.000000E+0	0.000000E+0
5.402172E+3	1.088520E-5	1.279020E+4	0.000000E+0	0.000000E+0
5.405168E+3	1.088540E-5	1.279020E+4	0.000000E+0	0.000000E+0
5.408169E+3	1.088580E-5	1.279030E+4	0.000000E+0	0.000000E+0
5.411172E+3	1.088600E-5	1.279040E+4	0.000000E+0	0.000000E+0
5.414171E+3	1.088540E-5	1.279060E+4	0.000000E+0	0.000000E+0
5.417167E+3	1.088560E-5	1.279050E+4	0.000000E+0	0.000000E+0
5.420167E+3	1.088580E-5	1.279060E+4	0.000000E+0	0.000000E+0
5.423166E+3	1.088630E-5	1.279060E+4	0.000000E+0	0.000000E+0
5.426169E+3	1.088640E-5	1.279060E+4	0.000000E+0	0.000000E+0
5.429169E+3	1.088590E-5	1.279070E+4	0.000000E+0	0.000000E+0
5.432169E+3	1.088590E-5	1.279070E+4	0.000000E+0	0.000000E+0
5.435170E+3	1.088570E-5	1.279070E+4	0.000000E+0	0.000000E+0
5.438170E+3	1.088550E-5	1.279060E+4	0.000000E+0	0.000000E+0
5.441172E+3	1.088490E-5	1.279050E+4	0.000000E+0	0.000000E+0
5.444168E+3	1.088610E-5	1.279030E+4	0.000000E+0	0.000000E+0
5.447171E+3	1.088640E-5	1.279030E+4	0.000000E+0	0.000000E+0
5.450172E+3	1.088540E-5	1.279000E+4	0.000000E+0	0.000000E+0
5.453167E+3	1.088510E-5	1.279000E+4	0.000000E+0	0.000000E+0
5.456173E+3	1.088530E-5	1.278980E+4	0.000000E+0	0.000000E+0
5.459172E+3	1.088560E-5	1.278990E+4	0.000000E+0	0.000000E+0
5.462168E+3	1.088540E-5	1.279000E+4	0.000000E+0	0.000000E+0
5.465171E+3	1.088570E-5	1.279000E+4	0.000000E+0	0.000000E+0
5.468170E+3	1.088570E-5	1.278990E+4	0.000000E+0	0.000000E+0
5.471168E+3	1.088610E-5	1.278990E+4	0.000000E+0	0.000000E+0
5.474169E+3	1.088420E-5	1.278970E+4	0.000000E+0	0.000000E+0
5.477168E+3	1.088480E-5	1.278950E+4	0.000000E+0	0.000000E+0
5.480175E+3	1.088480E-5	1.278940E+4	0.000000E+0	0.000000E+0
5.483168E+3	1.088500E-5	1.278900E+4	0.000000E+0	0.000000E+0
5.486170E+3	1.088430E-5	1.278850E+4	0.000000E+0	0.000000E+0
5.489167E+3	1.088520E-5	1.278810E+4	0.000000E+0	0.000000E+0
5.492168E+3	1.088500E-5	1.278770E+4	0.000000E+0	0.000000E+0
5.495170E+3	1.088460E-5	1.278760E+4	0.000000E+0	0.000000E+0
5.498172E+3	1.088430E-5	1.278740E+4	0.000000E+0	0.000000E+0
5.501169E+3	1.088500E-5	1.278750E+4	0.000000E+0	0.000000E+0
5.504171E+3	1.088430E-5	1.278700E+4	0.000000E+0	0.000000E+0
5.507172E+3	1.088360E-5	1.278680E+4	0.000000E+0	0.000000E+0
5.510164E+3	1.088440E-5	1.278660E+4	0.000000E+0	0.000000E+0
5.513163E+3	1.088430E-5	1.278630E+4	0.000000E+0	0.000000E+0
5.516159E+3	1.088440E-5	1.278610E+4	0.000000E+0	0.000000E+0
5.519157E+3	1.088450E-5	1.278580E+4	0.000000E+0	0.000000E+0
5.522163E+3	1.088430E-5	1.278540E+4	0.000000E+0	0.000000E+0
5.525167E+3	1.088400E-5	1.278500E+4	0.000000E+0	0.000000E+0
5.528172E+3	1.088490E-5	1.278480E+4	0.000000E+0	0.000000E+0
5.531177E+3	1.088420E-5	1.278460E+4	0.000000E+0	0.000000E+0
5.534168E+3	1.088490E-5	1.278460E+4	0.000000E+0	0.000000E+0
5.537168E+3	1.088560E-5	1.278450E+4	0.000000E+0	0.000000E+0
5.540167E+3	1.088490E-5	1.278440E+4	0.000000E+0	0.000000E+0
5.543168E+3	1.088440E-5	1.278460E+4	0.000000E+0	0.000000E+0
5.546170E+3	1.088480E-5	1.278490E+4	0.000000E+0	0.000000E+0
5.549176E+3	1.088440E-5	1.278510E+4	0.000000E+0	0.000000E+0
5.552179E+3	1.088440E-5	1.278520E+4	0.000000E+0	0.000000E+0
5.555169E+3	1.088480E-5	1.278540E+4	0.000000E+0	0.000000E+0
5.558167E+3	1.088410E-5	1.278540E+4	0.000000E+0	0.000000E+0
5.561168E+3	1.088430E-5	1.278550E+4	0.000000E+0	0.000000E+0
5.564168E+3	1.088460E-5	1.278570E+4	0.000000E+0	0.000000E+0
5.567168E+3	1.088470E-5	1.278570E+4	0.000000E+0	0.000000E+0
5.570168E+3	1.088400E-5	1.278570E+4	0.000000E+0	0.000000E+0
5.573166E+3	1.088450E-5	1.278560E+4	0.000000E+0	0.000000E+0
5.576170E+3	1.088480E-5	1.278550E+4	0.000000E+0	0.000000E+0
5.579171E+3	1.088500E-5	1.278540E+4	0.000000E+0	0.000000E+0
5.582169E+3	1.088500E-5	1.278540E+4	0.000000E+0	0.000000E+0
5.585171E+3	1.088510E-5	1.278520E+4	0.000000E+0	0.000000E+0
5.588169E+3	1.088530E-5	1.278500E+4	0.000000E+0	0.000000E+0
5.591167E+3	1.088420E-5	1.278470E+4	0.000000E+0	0.000000E+0
5.594169E+3	1.088450E-5	1.278440E+4	0.000000E+0	0.000000E+0
5.597170E+3	1.088370E-5	1.278420E+4	0.000000E+0	0.000000E+0
5.600167E+3	1.088470E-5	1.278380E+4	0.000000E+0	0.000000E+0
5.603176E+3	1.088360E-5	1.278340E+4	0.000000E+0	0.000000E+0
5.606169E+3	1.088460E-5	1.278310E+4	0.000000E+0	0.000000E+0
5.609170E+3	1.088440E-5	1.278260E+4	0.000000E+0	0.000000E+0
5.612166E+3	1.088390E-5	1.278250E+4	0.000000E+0	0.000000E+0
5.615168E+3	1.088420E-5	1.278260E+4	0.000000E+0	0.000000E+0
5.618170E+3	1.088360E-5	1.278290E+4	0.000000E+0	0.000000E+0
5.621164E+3	1.088410E-5	1.278310E+4	0.000000E+0	0.000000E+0
5.624162E+3	1.088420E-5	1.278320E+4	0.000000E+0	0.000000E+0
5.627172E+3	1.088390E-5	1.278330E+4	0.000000E+0	0.000000E+0
5.630172E+3	1.088440E-5	1.278340E+4	0.000000E+0	0.000000E+0
5.633162E+3	1.088380E-5	1.278340E+4	0.000000E+0	0.000000E+0
5.636167E+3	1.088410E-5	1.278340E+4	0.000000E+0	0.000000E+0
5.639170E+3	1.088430E-5	1.278340E+4	0.000000E+0	0.000000E+0
5.642173E+3	1.088350E-5	1.278330E+4	0.000000E+0	0.000000E+0
5.645168E+3	1.088430E-5	1.278330E+4	0.000000E+0	0.000000E+0
5.648176E+3	1.088420E-5	1.278340E+4	0.000000E+0	0.000000E+0
5.651166E+3	1.088420E-5	1.278330E+4	0.000000E+0	0.000000E+0
5.654174E+3	1.088470E-5	1.278330E+4	0.000000E+0	0.000000E+0
5.657165E+3	1.088460E-5	1.278330E+4	0.000000E+0	0.000000E+0
5.660165E+3	1.088520E-5	1.278320E+4	0.000000E+0	0.000000E+0
5.663169E+3	1.088460E-5	1.278320E+4	0.000000E+0	0.000000E+0
5.666167E+3	1.088500E-5	1.278320E+4	0.000000E+0	0.000000E+0
5.669171E+3	1.088510E-5	1.278300E+4	0.000000E+0	0.000000E+0
5.672171E+3	1.088470E-5	1.278300E+4	0.000000E+0	0.000000E+0
5.675173E+3	1.088500E-5	1.278280E+4	0.000000E+0	0.000000E+0
5.678169E+3	1.088530E-5	1.278220E+4	0.000000E+0	0.000000E+0
5.681174E+3	1.088560E-5	1.278160E+4	0.000000E+0	0.000000E+0
5.684170E+3	1.088540E-5	1.278140E+4	0.000000E+0	0.000000E+0
5.687167E+3	1.088520E-5	1.278120E+4	0.000000E+0	0.000000E+0
5.690172E+3	1.088500E-5	1.278100E+4	0.000000E+0	0.000000E+0
5.693172E+3	1.088480E-5	1.278060E+4	0.000000E+0	0.000000E+0
5.696172E+3	1.088500E-5	1.278070E+4	0.000000E+0	0.000000E+0
5.699167E+3	1.088500E-5	1.278080E+4	0.000000E+0	0.000000E+0
5.702169E+3	1.088480E-5	1.278090E+4	0.000000E+0	0.000000E+0
5.705173E+3	1.088420E-5	1.278080E+4	0.000000E+0	0.000000E+0
5.708172E+3	1.088510E-5	1.278080E+4	0.000000E+0	0.000000E+0
5.711172E+3	1.088450E-5	1.278050E+4	0.000000E+0	0.000000E+0
5.714172E+3	1.088480E-5	1.278050E+4	0.000000E+0	0.000000E+0
5.717171E+3	1.088470E-5	1.278050E+4	0.000000E+0	0.000000E+0
5.720167E+3	1.088490E-5	1.278050E+4	0.000000E+0	0.000000E+0
5.723170E+3	1.088500E-5	1.278050E+4	0.000000E+0	0.000000E+0
5.726170E+3	1.088500E-5	1.278040E+4	0.000000E+0	0.000000E+0
5.729175E+3	1.088470E-5	1.278040E+4	0.000000E+0	0.000000E+0
5.732171E+3	1.088460E-5	1.278040E+4	0.000000E+0	0.000000E+0
5.735168E+3	1.088430E-5	1.278030E+4	0.000000E+0	0.000000E+0
5.738170E+3	1.088440E-5	1.278020E+4	0.000000E+0	0.000000E+0
5.741168E+3	1.088480E-5	1.278000E+4	0.000000E+0	0.000000E+0
5.744173E+3	1.088480E-5	1.277990E+4	0.000000E+0	0.000000E+0
5.747170E+3	1.088480E-5	1.277970E+4	0.000000E+0	0.000000E+0
5.750165E+3	1.088410E-5	1.277970E+4	0.000000E+0	0.000000E+0
5.753166E+3	1.088410E-5	1.277960E+4	0.000000E+0	0.000000E+0
5.756168E+3	1.088480E-5	1.277950E+4	0.000000E+0	0.000000E+0
5.759166E+3	1.088420E-5	1.277930E+4	0.000000E+0	0.000000E+0
5.762166E+3	1.088390E-5	1.277890E+4	0.000000E+0	0.000000E+0
5.765171E+3	1.088470E-5	1.277850E+4	0.000000E+0	0.000000E+0
5.768172E+3	1.088440E-5	1.277820E+4	0.000000E+0	0.000000E+0
5.771172E+3	1.088460E-5	1.277800E+4	0.000000E+0	0.000000E+0
5.774168E+3	1.088380E-5	1.277800E+4	0.000000E+0	0.000000E+0
5.777167E+3	1.088450E-5	1.277800E+4	0.000000E+0	0.000000E+0
5.780170E+3	1.088460E-5	1.277800E+4	0.000000E+0	0.000000E+0
5.783171E+3	1.088440E-5	1.277790E+4	0.000000E+0	0.000000E+0
5.786167E+3	1.088470E-5	1.277750E+4	0.000000E+0	0.000000E+0
5.789169E+3	1.088480E-5	1.277710E+4	0.000000E+0	0.000000E+0
5.792166E+3	1.088430E-5	1.277710E+4	0.000000E+0	0.000000E+0
5.795169E+3	1.088410E-5	1.277710E+4	0.000000E+0	0.000000E+0
5.798169E+3	1.088450E-5	1.277720E+4	0.000000E+0	0.000000E+0
5.801167E+3	1.088450E-5	1.277710E+4	0.000000E+0	0.000000E+0
5.804168E+3	1.088430E-5	1.277680E+4	0.000000E+0	0.000000E+0
5.807170E+3	1.088410E-5	1.277640E+4	0.000000E+0	0.000000E+0
5.810166E+3	1.088420E-5	1.277620E+4	0.000000E+0	0.000000E+0
5.813167E+3	1.088430E-5	1.277590E+4	0.000000E+0	0.000000E+0
5.816168E+3	1.088360E-5	1.277570E+4	0.000000E+0	0.000000E+0
5.819170E+3	1.088460E-5	1.277560E+4	0.000000E+0	0.000000E+0
5.822165E+3	1.088440E-5	1.277530E+4	0.000000E+0	0.000000E+0
5.825163E+3	1.088400E-5	1.277510E+4	0.000000E+0	0.000000E+0
5.828164E+3	1.088380E-5	1.277490E+4	0.000000E+0	0.000000E+0
5.831163E+3	1.088360E-5	1.277490E+4	0.000000E+0	0.000000E+0
5.834165E+3	1.088400E-5	1.277480E+4	0.000000E+0	0.000000E+0
5.837168E+3	1.088330E-5	1.277490E+4	0.000000E+0	0.000000E+0
5.840168E+3	1.088420E-5	1.277480E+4	0.000000E+0	0.000000E+0
5.843169E+3	1.088410E-5	1.277500E+4	0.000000E+0	0.000000E+0
5.846168E+3	1.088410E-5	1.277520E+4	0.000000E+0	0.000000E+0
5.849171E+3	1.088410E-5	1.277520E+4	0.000000E+0	0.000000E+0
5.852165E+3	1.088380E-5	1.277500E+4	0.000000E+0	0.000000E+0
5.855168E+3	1.088430E-5	1.277480E+4	0.000000E+0	0.000000E+0
5.858167E+3	1.088390E-5	1.277480E+4	0.000000E+0	0.000000E+0
5.861169E+3	1.088400E-5	1.277440E+4	0.000000E+0	0.000000E+0
5.864166E+3	1.088380E-5	1.277410E+4	0.000000E+0	0.000000E+0
5.867169E+3	1.088370E-5	1.277370E+4	0.000000E+0	0.000000E+0
5.870164E+3	1.088390E-5	1.277340E+4	0.000000E+0	0.000000E+0
5.873169E+3	1.088360E-5	1.277300E+4	0.000000E+0	0.000000E+0
5.876167E+3	1.088350E-5	1.277290E+4	0.000000E+0	0.000000E+0
5.879169E+3	1.088370E-5	1.277300E+4	0.000000E+0	0.000000E+0
5.882169E+3	1.088390E-5	1.277320E+4	0.000000E+0	0.000000E+0
5.885167E+3	1.088370E-5	1.277330E+4	0.000000E+0	0.000000E+0
5.888167E+3	1.088380E-5	1.277330E+4	0.000000E+0	0.000000E+0
5.891171E+3	1.088430E-5	1.277320E+4	0.000000E+0	0.000000E+0
5.894170E+3	1.088390E-5	1.277290E+4	0.000000E+0	0.000000E+0
5.897172E+3	1.088330E-5	1.277270E+4	0.000000E+0	0.000000E+0
5.900167E+3	1.088410E-5	1.277220E+4	0.000000E+0	0.000000E+0
5.903165E+3	1.088410E-5	1.277190E+4	0.000000E+0	0.000000E+0
5.906165E+3	1.088420E-5	1.277150E+4	0.000000E+0	0.000000E+0
5.909164E+3	1.088430E-5	1.277100E+4	0.000000E+0	0.000000E+0
5.912165E+3	1.088410E-5	1.277080E+4	0.000000E+0	0.000000E+0
5.915163E+3	1.088320E-5	1.277070E+4	0.000000E+0	0.000000E+0
5.918162E+3	1.088360E-5	1.277050E+4	0.000000E+0	0.000000E+0
5.921165E+3	1.088360E-5	1.277020E+4	0.000000E+0	0.000000E+0
5.924166E+3	1.088410E-5	1.277000E+4	0.000000E+0	0.000000E+0
5.927168E+3	1.088360E-5	1.276990E+4	0.000000E+0	0.000000E+0
5.930172E+3	1.088400E-5	1.276980E+4	0.000000E+0	0.000000E+0
5.933169E+3	1.088380E-5	1.276980E+4	0.000000E+0	0.000000E+0
5.936165E+3	1.088390E-5	1.277000E+4	0.000000E+0	0.000000E+0
5.939166E+3	1.088370E-5	1.277000E+4	0.000000E+0	0.000000E+0
5.942169E+3	1.088420E-5	1.277010E+4	0.000000E+0	0.000000E+0
5.945170E+3	1.088390E-5	1.277020E+4	0.000000E+0	0.000000E+0
5.948167E+3	1.088350E-5	1.277040E+4	0.000000E+0	0.000000E+0
5.951169E+3	1.088300E-5	1.277060E+4	0.000000E+0	0.000000E+0
5.954171E+3	1.088330E-5	1.277070E+4	0.000000E+0	0.000000E+0
5.957172E+3	1.088300E-5	1.277090E+4	0.000000E+0	0.000000E+0
5.960171E+3	1.088310E-5	1.277110E+4	0.000000E+0	0.000000E+0
5.963171E+3	1.088330E-5	1.277130E+4	0.000000E+0	0.000000E+0
5.966169E+3	1.088360E-5	1.277130E+4	0.000000E+0	0.000000E+0
5.969167E+3	1.088390E-5	1.277120E+4	0.000000E+0	0.000000E+0
5.972182E+3	1.088310E-5	1.277110E+4	0.000000E+0	0.000000E+0
5.975165E+3	1.088280E-5	1.277110E+4	0.000000E+0	0.000000E+0
5.978165E+3	1.088350E-5	1.277110E+4	0.000000E+0	0.000000E+0
5.981159E+3	1.088310E-5	1.277120E+4	0.000000E+0	0.000000E+0
5.984167E+3	1.088280E-5	1.277130E+4	0.000000E+0	0.000000E+0
5.987173E+3	1.088280E-5	1.277130E+4	0.000000E+0	0.000000E+0
5.990169E+3	1.088310E-5	1.277120E+4	0.000000E+0	0.000000E+0
5.993171E+3	1.088390E-5	1.277120E+4	0.000000E+0	0.000000E+0
5.996170E+3	1.088400E-5	1.277120E+4	0.000000E+0	0.000000E+0
5.999169E+3	1.088320E-5	1.277110E+4	0.000000E+0	0.000000E+0
6.002171E+3	1.088330E-5	1.277070E+4	0.000000E+0	0.000000E+0
6.005170E+3	1.088340E-5	1.277040E+4	0.000000E+0	0.000000E+0
6.008173E+3	1.088310E-5	1.277000E+4	0.000000E+0	0.000000E+0
6.011170E+3	1.088350E-5	1.276990E+4	0.000000E+0	0.000000E+0
6.014170E+3	1.088310E-5	1.276980E+4	0.000000E+0	0.000000E+0
6.017170E+3	1.088320E-5	1.277010E+4	0.000000E+0	0.000000E+0
6.020171E+3	1.088330E-5	1.277010E+4	0.000000E+0	0.000000E+0
6.023169E+3	1.088360E-5	1.277010E+4	0.000000E+0	0.000000E+0
6.026170E+3	1.088300E-5	1.277010E+4	0.000000E+0	0.000000E+0
6.029164E+3	1.088360E-5	1.276990E+4	0.000000E+0	0.000000E+0
6.032172E+3	1.088300E-5	1.276990E+4	0.000000E+0	0.000000E+0
6.035169E+3	1.088300E-5	1.276990E+4	0.000000E+0	0.000000E+0
6.038177E+3	1.088250E-5	1.276990E+4	0.000000E+0	0.000000E+0
6.041166E+3	1.088390E-5	1.276990E+4	0.000000E+0	0.000000E+0
6.044169E+3	1.088350E-5	1.276980E+4	0.000000E+0	0.000000E+0
6.047170E+3	1.088330E-5	1.276980E+4	0.000000E+0	0.000000E+0
6.050171E+3	1.088310E-5	1.276970E+4	0.000000E+0	0.000000E+0
6.053171E+3	1.088300E-5	1.276970E+4	0.000000E+0	0.000000E+0
6.056170E+3	1.088360E-5	1.276970E+4	0.000000E+0	0.000000E+0
6.059172E+3	1.088340E-5	1.276980E+4	0.000000E+0	0.000000E+0
6.062171E+3	1.088290E-5	1.276970E+4	0.000000E+0	0.000000E+0
6.065170E+3	1.088350E-5	1.276950E+4	0.000000E+0	0.000000E+0
6.068169E+3	1.088330E-5	1.276930E+4	0.000000E+0	0.000000E+0
6.071168E+3	1.088310E-5	1.276880E+4	0.000000E+0	0.000000E+0
6.074162E+3	1.088290E-5	1.276830E+4	0.000000E+0	0.000000E+0
6.077162E+3	1.088390E-5	1.276790E+4	0.000000E+0	0.000000E+0
6.080163E+3	1.088390E-5	1.276760E+4	0.000000E+0	0.000000E+0
6.083167E+3	1.088280E-5	1.276750E+4	0.000000E+0	0.000000E+0
6.086174E+3	1.088300E-5	1.276760E+4	0.000000E+0	0.000000E+0
6.089172E+3	1.088270E-5	1.276760E+4	0.000000E+0	0.000000E+0
6.092173E+3	1.088260E-5	1.276770E+4	0.000000E+0	0.000000E+0
6.095170E+3	1.088300E-5	1.276770E+4	0.000000E+0	0.000000E+0
6.098169E+3	1.088350E-5	1.276750E+4	0.000000E+0	0.000000E+0
6.101171E+3	1.088330E-5	1.276670E+4	0.000000E+0	0.000000E+0
6.104174E+3	1.088330E-5	1.276620E+4	0.000000E+0	0.000000E+0
6.107173E+3	1.088320E-5	1.276610E+4	0.000000E+0	0.000000E+0
6.110171E+3	1.088360E-5	1.276600E+4	0.000000E+0	0.000000E+0
6.113169E+3	1.088320E-5	1.276570E+4	0.000000E+0	0.000000E+0
6.116179E+3	1.088340E-5	1.276540E+4	0.000000E+0	0.000000E+0
6.119169E+3	1.088320E-5	1.276490E+4	0.000000E+0	0.000000E+0
6.122169E+3	1.088320E-5	1.276460E+4	0.000000E+0	0.000000E+0
6.125173E+3	1.088300E-5	1.276430E+4	0.000000E+0	0.000000E+0
6.128172E+3	1.088340E-5	1.276400E+4	0.000000E+0	0.000000E+0
6.131172E+3	1.088300E-5	1.276380E+4	0.000000E+0	0.000000E+0
6.134171E+3	1.088390E-5	1.276370E+4	0.000000E+0	0.000000E+0
6.137167E+3	1.088330E-5	1.276370E+4	0.000000E+0	0.000000E+0
6.140167E+3	1.088210E-5	1.276390E+4	0.000000E+0	0.000000E+0
6.143171E+3	1.088280E-5	1.276400E+4	0.000000E+0	0.000000E+0
6.146167E+3	1.088220E-5	1.276400E+4	0.000000E+0	0.000000E+0
6.149170E+3	1.088290E-5	1.276410E+4	0.000000E+0	0.000000E+0
6.152173E+3	1.088320E-5	1.276420E+4	0.000000E+0	0.000000E+0
6.155170E+3	1.088340E-5	1.276410E+4	0.000000E+0	0.000000E+0
6.158170E+3	1.088330E-5	1.276400E+4	0.000000E+0	0.000000E+0
6.161170E+3	1.088290E-5	1.276390E+4	0.000000E+0	0.000000E+0
6.164166E+3	1.088290E-5	1.276380E+4	0.000000E+0	0.000000E+0
6.167164E+3	1.088310E-5	1.276390E+4	0.000000E+0	0.000000E+0
6.170164E+3	1.088280E-5	1.276410E+4	0.000000E+0	0.000000E+0
6.173170E+3	1.088290E-5	1.276430E+4	0.000000E+0	0.000000E+0
6.176168E+3	1.088400E-5	1.276430E+4	0.000000E+0	0.000000E+0
6.179172E+3	1.088330E-5	1.276430E+4	0.000000E+0	0.000000E+0
6.182170E+3	1.088380E-5	1.276410E+4	0.000000E+0	0.000000E+0
6.185171E+3	1.088280E-5	1.276410E+4	0.000000E+0	0.000000E+0
6.188174E+3	1.088360E-5	1.276400E+4	0.000000E+0	0.000000E+0
6.191168E+3	1.088370E-5	1.276380E+4	0.000000E+0	0.000000E+0
6.194171E+3	1.088360E-5	1.276360E+4	0.000000E+0	0.000000E+0
6.197170E+3	1.088330E-5	1.276350E+4	0.000000E+0	0.000000E+0
6.200166E+3	1.088310E-5	1.276350E+4	0.000000E+0	0.000000E+0
6.203171E+3	1.088310E-5	1.276350E+4	0.000000E+0	0.000000E+0
6.206173E+3	1.088370E-5	1.276360E+4	0.000000E+0	0.000000E+0
6.209165E+3	1.088350E-5	1.276370E+4	0.000000E+0	0.000000E+0
6.212168E+3	1.088270E-5	1.276390E+4	0.000000E+0	0.000000E+0
6.215170E+3	1.088330E-5	1.276410E+4	0.000000E+0	0.000000E+0
6.218166E+3	1.088330E-5	1.276410E+4	0.000000E+0	0.000000E+0
6.221168E+3	1.088320E-5	1.276410E+4	0.000000E+0	0.000000E+0
6.224168E+3	1.088270E-5	1.276400E+4	0.000000E+0	0.000000E+0
6.227169E+3	1.088310E-5	1.276390E+4	0.000000E+0	0.000000E+0
6.230171E+3	1.088340E-5	1.276390E+4	0.000000E+0	0.000000E+0
6.233172E+3	1.088300E-5	1.276390E+4	0.000000E+0	0.000000E+0
6.236172E+3	1.088330E-5	1.276380E+4	0.000000E+0	0.000000E+0
6.239169E+3	1.088340E-5	1.276360E+4	0.000000E+0	0.000000E+0
6.242169E+3	1.088310E-5	1.276350E+4	0.000000E+0	0.000000E+0
6.245170E+3	1.088320E-5	1.276320E+4	0.000000E+0	0.000000E+0
6.248169E+3	1.088320E-5	1.276280E+4	0.000000E+0	0.000000E+0
6.251171E+3	1.088290E-5	1.276220E+4	0.000000E+0	0.000000E+0
6.254167E+3	1.088220E-5	1.276180E+4	0.000000E+0	0.000000E+0
6.257168E+3	1.088220E-5	1.276130E+4	0.000000E+0	0.000000E+0
6.260167E+3	1.088320E-5	1.276070E+4	0.000000E+0	0.000000E+0
6.263170E+3	1.088290E-5	1.276050E+4	0.000000E+0	0.000000E+0
6.266168E+3	1.088170E-5	1.276030E+4	0.000000E+0	0.000000E+0
6.269167E+3	1.088210E-5	1.276010E+4	0.000000E+0	0.000000E+0
6.272168E+3	1.088270E-5	1.276020E+4	0.000000E+0	0.000000E+0
6.275171E+3	1.088260E-5	1.276030E+4	0.000000E+0	0.000000E+0
6.278170E+3	1.088340E-5	1.276040E+4	0.000000E+0	0.000000E+0
6.281171E+3	1.088220E-5	1.276030E+4	0.000000E+0	0.000000E+0
6.284173E+3	1.088170E-5	1.276020E+4	0.000000E+0	0.000000E+0
6.287165E+3	1.088200E-5	1.276020E+4	0.000000E+0	0.000000E+0
6.290166E+3	1.088260E-5	1.276010E+4	0.000000E+0	0.000000E+0
6.293173E+3	1.088180E-5	1.276000E+4	0.000000E+0	0.000000E+0
6.296167E+3	1.088160E-5	1.275990E+4	0.000000E+0	0.000000E+0
6.299166E+3	1.088190E-5	1.275980E+4	0.000000E+0	0.000000E+0
6.302161E+3	1.088270E-5	1.275970E+4	0.000000E+0	0.000000E+0
6.305159E+3	1.088270E-5	1.275960E+4	0.000000E+0	0.000000E+0
6.308165E+3	1.088250E-5	1.275970E+4	0.000000E+0	0.000000E+0
6.311169E+3	1.088300E-5	1.275980E+4	0.000000E+0	0.000000E+0
6.314173E+3	1.088350E-5	1.275990E+4	0.000000E+0	0.000000E+0
6.317174E+3	1.088270E-5	1.275990E+4	0.000000E+0	0.000000E+0
6.320174E+3	1.088320E-5	1.275990E+4	0.000000E+0	0.000000E+0
6.323171E+3	1.088280E-5	1.276010E+4	0.000000E+0	0.000000E+0
6.326174E+3	1.088320E-5	1.276010E+4	0.000000E+0	0.000000E+0
6.329169E+3	1.088200E-5	1.276000E+4	0.000000E+0	0.000000E+0
6.332171E+3	1.088230E-5	1.275980E+4	0.000000E+0	0.000000E+0
6.335172E+3	1.088260E-5	1.275950E+4	0.000000E+0	0.000000E+0
6.338172E+3	1.088270E-5	1.275910E+4	0.000000E+0	0.000000E+0
6.341172E+3	1.088300E-5	1.275880E+4	0.000000E+0	0.000000E+0
6.344172E+3	1.088200E-5	1.275870E+4	0.000000E+0	0.000000E+0
6.347169E+3	1.088210E-5	1.275880E+4	0.000000E+0	0.000000E+0
6.350169E+3	1.088250E-5	1.275910E+4	0.000000E+0	0.000000E+0
6.353172E+3	1.088180E-5	1.275920E+4	0.000000E+0	0.000000E+0
6.356173E+3	1.088190E-5	1.275920E+4	0.000000E+0	0.000000E+0
6.359170E+3	1.088300E-5	1.275910E+4	0.000000E+0	0.000000E+0
6.362170E+3	1.088280E-5	1.275920E+4	0.000000E+0	0.000000E+0
6.365170E+3	1.088280E-5	1.275910E+4	0.000000E+0	0.000000E+0
6.368170E+3	1.088180E-5	1.275910E+4	0.000000E+0	0.000000E+0
6.371170E+3	1.088180E-5	1.275910E+4	0.000000E+0	0.000000E+0
6.374171E+3	1.088210E-5	1.275910E+4	0.000000E+0	0.000000E+0
6.377173E+3	1.088300E-5	1.275910E+4	0.000000E+0	0.000000E+0
6.380168E+3	1.088230E-5	1.275920E+4	0.000000E+0	0.000000E+0
6.383173E+3	1.088270E-5	1.275900E+4	0.000000E+0	0.000000E+0
6.386173E+3	1.088340E-5	1.275870E+4	0.000000E+0	0.000000E+0
6.389169E+3	1.088290E-5	1.275850E+4	0.000000E+0	0.000000E+0
6.392173E+3	1.088260E-5	1.275810E+4	0.000000E+0	0.000000E+0
6.395171E+3	1.088260E-5	1.275770E+4	0.000000E+0	0.000000E+0
6.398164E+3	1.088220E-5	1.275750E+4	0.000000E+0	0.000000E+0
6.401171E+3	1.088270E-5	1.275720E+4	0.000000E+0	0.000000E+0
6.404173E+3	1.088250E-5	1.275710E+4	0.000000E+0	0.000000E+0
6.407171E+3	1.088280E-5	1.275690E+4	0.000000E+0	0.000000E+0
6.410166E+3	1.088290E-5	1.275690E+4	0.000000E+0	0.000000E+0
6.413166E+3	1.088310E-5	1.275670E+4	0.000000E+0	0.000000E+0
6.416171E+3	1.088170E-5	1.275670E+4	0.000000E+0	0.000000E+0
6.419169E+3	1.088190E-5	1.275670E+4	0.000000E+0	0.000000E+0
6.422171E+3	1.088250E-5	1.275660E+4	0.000000E+0	0.000000E+0
6.425170E+3	1.088200E-5	1.275680E+4	0.000000E+0	0.000000E+0
6.428167E+3	1.088290E-5	1.275700E+4	0.000000E+0	0.000000E+0
6.431169E+3	1.088230E-5	1.275720E+4	0.000000E+0	0.000000E+0
6.434172E+3	1.088290E-5	1.275740E+4	0.000000E+0	0.000000E+0
6.437170E+3	1.088320E-5	1.275770E+4	0.000000E+0	0.000000E+0
6.440171E+3	1.088310E-5	1.275790E+4	0.000000E+0	0.000000E+0
6.443167E+3	1.088240E-5	1.275790E+4	0.000000E+0	0.000000E+0
6.446170E+3	1.088290E-5	1.275790E+4	0.000000E+0	0.000000E+0
6.449169E+3	1.088280E-5	1.275780E+4	0.000000E+0	0.000000E+0
6.452170E+3	1.088190E-5	1.275790E+4	0.000000E+0	0.000000E+0
6.455167E+3	1.088270E-5	1.275780E+4	0.000000E+0	0.000000E+0
6.458166E+3	1.088350E-5	1.275780E+4	0.000000E+0	0.000000E+0
6.461168E+3	1.088280E-5	1.275780E+4	0.000000E+0	0.000000E+0
6.464170E+3	1.088270E-5	1.275750E+4	0.000000E+0	0.000000E+0
6.467169E+3	1.088230E-5	1.275750E+4	0.000000E+0	0.000000E+0
6.470170E+3	1.088310E-5	1.275720E+4	0.000000E+0	0.000000E+0
6.473163E+3	1.088360E-5	1.275710E+4	0.000000E+0	0.000000E+0
6.476164E+3	1.088190E-5	1.275690E+4	0.000000E+0	0.000000E+0
6.479179E+3	1.088160E-5	1.275690E+4	0.000000E+0	0.000000E+0
6.482170E+3	1.088270E-5	1.275670E+4	0.000000E+0	0.000000E+0
6.485171E+3	1.088220E-5	1.275640E+4	0.000000E+0	0.000000E+0
6.488171E+3	1.088230E-5	1.275610E+4	0.000000E+0	0.000000E+0
6.491171E+3	1.088260E-5	1.275570E+4	0.000000E+0	0.000000E+0
6.494173E+3	1.088310E-5	1.275540E+4	0.000000E+0	0.000000E+0
6.497164E+3	1.088270E-5	1.275520E+4	0.000000E+0	0.000000E+0
6.500172E+3	1.088270E-5	1.275500E+4	0.000000E+0	0.000000E+0
6.503171E+3	1.088280E-5	1.275500E+4	0.000000E+0	0.000000E+0
6.506169E+3	1.088290E-5	1.275510E+4	0.000000E+0	0.000000E+0
6.509169E+3	1.088350E-5	1.275530E+4	0.000000E+0	0.000000E+0
6.512171E+3	1.088290E-5	1.275520E+4	0.000000E+0	0.000000E+0
6.515169E+3	1.088290E-5	1.275510E+4	0.000000E+0	0.000000E+0
6.518169E+3	1.088370E-5	1.275490E+4	0.000000E+0	0.000000E+0
6.521169E+3	1.088300E-5	1.275470E+4	0.000000E+0	0.000000E+0
6.524172E+3	1.088310E-5	1.275430E+4	0.000000E+0	0.000000E+0
6.527172E+3	1.088330E-5	1.275440E+4	0.000000E+0	0.000000E+0
6.530168E+3	1.088290E-5	1.275440E+4	0.000000E+0	0.000000E+0
6.533172E+3	1.088300E-5	1.275460E+4	0.000000E+0	0.000000E+0
6.536168E+3	1.088300E-5	1.275460E+4	0.000000E+0	0.000000E+0
6.539166E+3	1.088290E-5	1.275460E+4	0.000000E+0	0.000000E+0
6.542165E+3	1.088290E-5	1.275450E+4	0.000000E+0	0.000000E+0
6.545165E+3	1.088220E-5	1.275470E+4	0.000000E+0	0.000000E+0
6.548170E+3	1.088300E-5	1.275450E+4	0.000000E+0	0.000000E+0
6.551165E+3	1.088290E-5	1.275460E+4	0.000000E+0	0.000000E+0
6.554168E+3	1.088270E-5	1.275460E+4	0.000000E+0	0.000000E+0
6.557169E+3	1.088320E-5	1.275440E+4	0.000000E+0	0.000000E+0
6.560170E+3	1.088230E-5	1.275410E+4	0.000000E+0	0.000000E+0
6.563170E+3	1.088210E-5	1.275380E+4	0.000000E+0	0.000000E+0
6.566170E+3	1.088200E-5	1.275360E+4	0.000000E+0	0.000000E+0
6.569171E+3	1.088210E-5	1.275350E+4	0.000000E+0	0.000000E+0
6.572163E+3	1.088260E-5	1.275350E+4	0.000000E+0	0.000000E+0
6.575172E+3	1.088260E-5	1.275360E+4	0.000000E+0	0.000000E+0
6.578166E+3	1.088260E-5	1.275370E+4	0.000000E+0	0.000000E+0
6.581177E+3	1.088270E-5	1.275360E+4	0.000000E+0	0.000000E+0
6.584170E+3	1.088260E-5	1.275360E+4	0.000000E+0	0.000000E+0
6.587169E+3	1.088240E-5	1.275340E+4	0.000000E+0	0.000000E+0
6.590171E+3	1.088230E-5	1.275330E+4	0.000000E+0	0.000000E+0
6.593173E+3	1.088270E-5	1.275330E+4	0.000000E+0	0.000000E+0
6.596174E+3	1.088280E-5	1.275340E+4	0.000000E+0	0.000000E+0
6.599169E+3	1.088270E-5	1.275350E+4	0.000000E+0	0.000000E+0
6.602166E+3	1.088180E-5	1.275350E+4	0.000000E+0	0.000000E+0
6.605170E+3	1.088270E-5	1.275340E+4	0.000000E+0	0.000000E+0
6.608169E+3	1.088260E-5	1.275320E+4	0.000000E+0	0.000000E+0
6.611171E+3	1.088170E-5	1.275300E+4	0.000000E+0	0.000000E+0
6.614169E+3	1.088290E-5	1.275290E+4	0.000000E+0	0.000000E+0
6.617172E+3	1.088280E-5	1.275270E+4	0.000000E+0	0.000000E+0
6.620167E+3	1.088300E-5	1.275260E+4	0.000000E+0	0.000000E+0
6.623169E+3	1.088180E-5	1.275230E+4	0.000000E+0	0.000000E+0
6.626170E+3	1.088270E-5	1.275210E+4	0.000000E+0	0.000000E+0
6.629172E+3	1.088200E-5	1.275200E+4	0.000000E+0	0.000000E+0
6.632165E+3	1.088180E-5	1.275200E+4	0.000000E+0	0.000000E+0
6.635162E+3	1.088280E-5	1.275210E+4	0.000000E+0	0.000000E+0
6.638162E+3	1.088200E-5	1.275210E+4	0.000000E+0	0.000000E+0
6.641170E+3	1.088180E-5	1.275210E+4	0.000000E+0	0.000000E+0
6.644170E+3	1.088190E-5	1.275190E+4	0.000000E+0	0.000000E+0
6.647174E+3	1.088280E-5	1.275160E+4	0.000000E+0	0.000000E+0
6.650175E+3	1.088270E-5	1.275140E+4	0.000000E+0	0.000000E+0
6.653180E+3	1.088320E-5	1.275120E+4	0.000000E+0	0.000000E+0
6.656169E+3	1.088310E-5	1.275110E+4	0.000000E+0	0.000000E+0
6.659174E+3	1.088300E-5	1.275110E+4	0.000000E+0	0.000000E+0
6.662168E+3	1.088290E-5	1.275110E+4	0.000000E+0	0.000000E+0
6.665170E+3	1.088290E-5	1.275110E+4	0.000000E+0	0.000000E+0
6.668173E+3	1.088270E-5	1.275110E+4	0.000000E+0	0.000000E+0
6.671171E+3	1.088290E-5	1.275090E+4	0.000000E+0	0.000000E+0
6.674170E+3	1.088290E-5	1.275080E+4	0.000000E+0	0.000000E+0
6.677169E+3	1.088250E-5	1.275070E+4	0.000000E+0	0.000000E+0
6.680172E+3	1.088200E-5	1.275050E+4	0.000000E+0	0.000000E+0
6.683168E+3	1.088190E-5	1.275010E+4	0.000000E+0	0.000000E+0
6.686166E+3	1.088260E-5	1.274970E+4	0.000000E+0	0.000000E+0
6.689167E+3	1.088160E-5	1.274940E+4	0.000000E+0	0.000000E+0
6.692171E+3	1.088220E-5	1.274920E+4	0.000000E+0	0.000000E+0
6.695169E+3	1.088170E-5	1.274920E+4	0.000000E+0	0.000000E+0
6.698166E+3	1.088100E-5	1.274910E+4	0.000000E+0	0.000000E+0
6.701169E+3	1.088110E-5	1.274910E+4	0.000000E+0	0.000000E+0
6.704166E+3	1.088150E-5	1.274900E+4	0.000000E+0	0.000000E+0
6.707165E+3	1.088150E-5	1.274880E+4	0.000000E+0	0.000000E+0
6.710168E+3	1.088190E-5	1.274860E+4	0.000000E+0	0.000000E+0
6.713169E+3	1.088220E-5	1.274820E+4	0.000000E+0	0.000000E+0
6.716169E+3	1.088190E-5	1.274800E+4	0.000000E+0	0.000000E+0
6.719169E+3	1.088200E-5	1.274780E+4	0.000000E+0	0.000000E+0
6.722172E+3	1.088180E-5	1.274770E+4	0.000000E+0	0.000000E+0
6.725168E+3	1.088180E-5	1.274750E+4	0.000000E+0	0.000000E+0
6.728167E+3	1.088260E-5	1.274740E+4	0.000000E+0	0.000000E+0
6.731168E+3	1.088210E-5	1.274740E+4	0.000000E+0	0.000000E+0
6.734170E+3	1.088180E-5	1.274720E+4	0.000000E+0	0.000000E+0
6.737162E+3	1.088170E-5	1.274710E+4	0.000000E+0	0.000000E+0
6.740162E+3	1.088150E-5	1.274690E+4	0.000000E+0	0.000000E+0
6.743170E+3	1.088130E-5	1.274690E+4	0.000000E+0	0.000000E+0
6.746167E+3	1.088180E-5	1.274690E+4	0.000000E+0	0.000000E+0
6.749168E+3	1.088150E-5	1.274670E+4	0.000000E+0	0.000000E+0
6.752171E+3	1.088120E-5	1.274680E+4	0.000000E+0	0.000000E+0
6.755178E+3	1.088180E-5	1.274680E+4	0.000000E+0	0.000000E+0
6.758165E+3	1.088180E-5	1.274700E+4	0.000000E+0	0.000000E+0
6.761168E+3	1.088200E-5	1.274720E+4	0.000000E+0	0.000000E+0
6.764171E+3	1.088160E-5	1.274730E+4	0.000000E+0	0.000000E+0
6.767168E+3	1.088110E-5	1.274730E+4	0.000000E+0	0.000000E+0
6.770172E+3	1.088170E-5	1.274720E+4	0.000000E+0	0.000000E+0
6.773171E+3	1.088080E-5	1.274690E+4	0.000000E+0	0.000000E+0
6.776174E+3	1.088130E-5	1.274680E+4	0.000000E+0	0.000000E+0
6.779166E+3	1.088120E-5	1.274670E+4	0.000000E+0	0.000000E+0
6.782174E+3	1.088200E-5	1.274670E+4	0.000000E+0	0.000000E+0
6.785171E+3	1.088150E-5	1.274660E+4	0.000000E+0	0.000000E+0
6.788174E+3	1.088170E-5	1.274620E+4	0.000000E+0	0.000000E+0
6.791167E+3	1.088140E-5	1.274630E+4	0.000000E+0	0.000000E+0
6.794166E+3	1.088110E-5	1.274620E+4	0.000000E+0	0.000000E+0
6.797172E+3	1.088190E-5	1.274610E+4	0.000000E+0	0.000000E+0
6.800168E+3	1.088190E-5	1.274580E+4	0.000000E+0	0.000000E+0
6.803170E+3	1.088150E-5	1.274580E+4	0.000000E+0	0.000000E+0
6.806175E+3	1.088090E-5	1.274600E+4	0.000000E+0	0.000000E+0
6.809172E+3	1.088150E-5	1.274600E+4	0.000000E+0	0.000000E+0
6.812175E+3	1.088090E-5	1.274610E+4	0.000000E+0	0.000000E+0
6.815173E+3	1.088110E-5	1.274640E+4	0.000000E+0	0.000000E+0
6.818169E+3	1.088090E-5	1.274640E+4	0.000000E+0	0.000000E+0
6.821170E+3	1.088060E-5	1.274650E+4	0.000000E+0	0.000000E+0
6.824170E+3	1.088130E-5	1.274660E+4	0.000000E+0	0.000000E+0
6.827170E+3	1.088110E-5	1.274670E+4	0.000000E+0	0.000000E+0
6.830170E+3	1.088160E-5	1.274700E+4	0.000000E+0	0.000000E+0
6.833171E+3	1.088140E-5	1.274710E+4	0.000000E+0	0.000000E+0
6.836167E+3	1.088100E-5	1.274720E+4	0.000000E+0	0.000000E+0
6.839166E+3	1.088180E-5	1.274730E+4	0.000000E+0	0.000000E+0
6.842171E+3	1.088190E-5	1.274730E+4	0.000000E+0	0.000000E+0
6.845170E+3	1.088170E-5	1.274720E+4	0.000000E+0	0.000000E+0
6.848169E+3	1.088140E-5	1.274710E+4	0.000000E+0	0.000000E+0
6.851169E+3	1.088110E-5	1.274700E+4	0.000000E+0	0.000000E+0
6.854170E+3	1.088130E-5	1.274700E+4	0.000000E+0	0.000000E+0
6.857168E+3	1.088200E-5	1.274680E+4	0.000000E+0	0.000000E+0
6.860169E+3	1.088170E-5	1.274670E+4	0.000000E+0	0.000000E+0
6.863170E+3	1.088280E-5	1.274680E+4	0.000000E+0	0.000000E+0
6.866164E+3	1.088140E-5	1.274690E+4	0.000000E+0	0.000000E+0
6.869172E+3	1.088130E-5	1.274680E+4	0.000000E+0	0.000000E+0
6.872166E+3	1.088210E-5	1.274680E+4	0.000000E+0	0.000000E+0
6.875167E+3	1.088170E-5	1.274670E+4	0.000000E+0	0.000000E+0
6.878164E+3	1.088170E-5	1.274650E+4	0.000000E+0	0.000000E+0
6.881168E+3	1.088130E-5	1.274650E+4	0.000000E+0	0.000000E+0
6.884166E+3	1.088180E-5	1.274650E+4	0.000000E+0	0.000000E+0
6.887169E+3	1.088150E-5	1.274640E+4	0.000000E+0	0.000000E+0
6.890169E+3	1.088170E-5	1.274630E+4	0.000000E+0	0.000000E+0
6.893165E+3	1.088090E-5	1.274610E+4	0.000000E+0	0.000000E+0
6.896165E+3	1.088130E-5	1.274580E+4	0.000000E+0	0.000000E+0
6.899167E+3	1.088100E-5	1.274540E+4	0.000000E+0	0.000000E+0
6.902170E+3	1.088060E-5	1.274520E+4	0.000000E+0	0.000000E+0
6.905168E+3	1.088080E-5	1.274510E+4	0.000000E+0	0.000000E+0
6.908167E+3	1.088120E-5	1.274500E+4	0.000000E+0	0.000000E+0
6.911168E+3	1.088110E-5	1.274500E+4	0.000000E+0	0.000000E+0
6.914168E+3	1.088170E-5	1.274490E+4	0.000000E+0	0.000000E+0
6.917170E+3	1.088140E-5	1.274500E+4	0.000000E+0	0.000000E+0
6.920168E+3	1.088150E-5	1.274490E+4	0.000000E+0	0.000000E+0
6.923165E+3	1.088130E-5	1.274500E+4	0.000000E+0	0.000000E+0
6.926169E+3	1.088130E-5	1.274510E+4	0.000000E+0	0.000000E+0
6.929168E+3	1.088210E-5	1.274510E+4	0.000000E+0	0.000000E+0
6.932165E+3	1.088110E-5	1.274510E+4	0.000000E+0	0.000000E+0
6.935167E+3	1.088070E-5	1.274480E+4	0.000000E+0	0.000000E+0
6.938165E+3	1.088130E-5	1.274440E+4	0.000000E+0	0.000000E+0
6.941166E+3	1.088100E-5	1.274420E+4	0.000000E+0	0.000000E+0
6.944167E+3	1.088060E-5	1.274390E+4	0.000000E+0	0.000000E+0
6.947169E+3	1.088100E-5	1.274360E+4	0.000000E+0	0.000000E+0
6.950168E+3	1.088090E-5	1.274330E+4	0.000000E+0	0.000000E+0
6.953165E+3	1.088100E-5	1.274310E+4	0.000000E+0	0.000000E+0
6.956168E+3	1.088060E-5	1.274290E+4	0.000000E+0	0.000000E+0
6.959168E+3	1.088070E-5	1.274280E+4	0.000000E+0	0.000000E+0
6.962171E+3	1.088070E-5	1.274280E+4	0.000000E+0	0.000000E+0
6.965167E+3	1.088090E-5	1.274270E+4	0.000000E+0	0.000000E+0
6.968169E+3	1.088160E-5	1.274270E+4	0.000000E+0	0.000000E+0
6.971169E+3	1.088140E-5	1.274270E+4	0.000000E+0	0.000000E+0
6.974166E+3	1.088090E-5	1.274260E+4	0.000000E+0	0.000000E+0
6.977167E+3	1.088170E-5	1.274240E+4	0.000000E+0	0.000000E+0
6.980169E+3	1.088150E-5	1.274240E+4	0.000000E+0	0.000000E+0
6.983169E+3	1.088100E-5	1.274250E+4	0.000000E+0	0.000000E+0
6.986165E+3	1.088120E-5	1.274240E+4	0.000000E+0	0.000000E+0
6.989163E+3	1.088160E-5	1.274220E+4	0.000000E+0	0.000000E+0
6.992157E+3	1.088130E-5	1.274200E+4	0.000000E+0	0.000000E+0
6.995152E+3	1.088140E-5	1.274180E+4	0.000000E+0	0.000000E+0
6.998164E+3	1.088140E-5	1.274170E+4	0.000000E+0	0.000000E+0
7.001165E+3	1.088150E-5	1.274150E+4	0.000000E+0	0.000000E+0
7.004167E+3	1.088130E-5	1.274140E+4	0.000000E+0	0.000000E+0
7.007170E+3	1.088130E-5	1.274140E+4	0.000000E+0	0.000000E+0
7.010177E+3	1.088160E-5	1.274160E+4	0.000000E+0	0.000000E+0
7.013170E+3	1.088140E-5	1.274160E+4	0.000000E+0	0.000000E+0
7.016172E+3	1.088080E-5	1.274150E+4	0.000000E+0	0.000000E+0
7.019168E+3	1.088100E-5	1.274150E+4	0.000000E+0	0.000000E+0
7.022174E+3	1.088150E-5	1.274130E+4	0.000000E+0	0.000000E+0
7.025168E+3	1.088140E-5	1.274130E+4	0.000000E+0	0.000000E+0
7.028173E+3	1.088080E-5	1.274130E+4	0.000000E+0	0.000000E+0
7.031171E+3	1.088090E-5	1.274150E+4	0.000000E+0	0.000000E+0
7.034173E+3	1.088130E-5	1.274160E+4	0.000000E+0	0.000000E+0
7.037166E+3	1.088120E-5	1.274170E+4	0.000000E+0	0.000000E+0
7.040173E+3	1.088190E-5	1.274180E+4	0.000000E+0	0.000000E+0
7.043168E+3	1.088100E-5	1.274180E+4	0.000000E+0	0.000000E+0
7.046163E+3	1.088100E-5	1.274180E+4	0.000000E+0	0.000000E+0
7.049171E+3	1.088120E-5	1.274160E+4	0.000000E+0	0.000000E+0
7.052170E+3	1.088150E-5	1.274130E+4	0.000000E+0	0.000000E+0
7.055167E+3	1.088160E-5	1.274100E+4	0.000000E+0	0.000000E+0
7.058166E+3	1.088120E-5	1.274080E+4	0.000000E+0	0.000000E+0
7.061171E+3	1.088130E-5	1.274060E+4	0.000000E+0	0.000000E+0
7.064174E+3	1.088170E-5	1.274040E+4	0.000000E+0	0.000000E+0
7.067170E+3	1.088130E-5	1.274020E+4	0.000000E+0	0.000000E+0
7.070174E+3	1.088110E-5	1.274010E+4	0.000000E+0	0.000000E+0
7.073174E+3	1.088170E-5	1.273990E+4	0.000000E+0	0.000000E+0
7.076167E+3	1.088120E-5	1.273970E+4	0.000000E+0	0.000000E+0
7.079174E+3	1.088170E-5	1.273950E+4	0.000000E+0	0.000000E+0
7.082169E+3	1.088140E-5	1.273960E+4	0.000000E+0	0.000000E+0
7.085170E+3	1.088150E-5	1.273950E+4	0.000000E+0	0.000000E+0
7.088170E+3	1.088150E-5	1.273940E+4	0.000000E+0	0.000000E+0
7.091168E+3	1.088180E-5	1.273930E+4	0.000000E+0	0.000000E+0
7.094168E+3	1.088090E-5	1.273930E+4	0.000000E+0	0.000000E+0
7.097170E+3	1.088080E-5	1.273920E+4	0.000000E+0	0.000000E+0
7.100165E+3	1.088150E-5	1.273910E+4	0.000000E+0	0.000000E+0
7.103163E+3	1.088150E-5	1.273880E+4	0.000000E+0	0.000000E+0
7.106170E+3	1.088200E-5	1.273880E+4	0.000000E+0	0.000000E+0
7.109170E+3	1.088100E-5	1.273850E+4	0.000000E+0	0.000000E+0
7.112165E+3	1.088100E-5	1.273830E+4	0.000000E+0	0.000000E+0
7.115167E+3	1.088120E-5	1.273860E+4	0.000000E+0	0.000000E+0
7.118170E+3	1.088070E-5	1.273880E+4	0.000000E+0	0.000000E+0
7.121169E+3	1.088050E-5	1.273900E+4	0.000000E+0	0.000000E+0
7.124167E+3	1.088080E-5	1.273910E+4	0.000000E+0	0.000000E+0
7.127169E+3	1.088090E-5	1.273900E+4	0.000000E+0	0.000000E+0
7.130166E+3	1.088100E-5	1.273910E+4	0.000000E+0	0.000000E+0
7.133167E+3	1.088120E-5	1.273930E+4	0.000000E+0	0.000000E+0
7.136166E+3	1.088090E-5	1.273930E+4	0.000000E+0	0.000000E+0
7.139168E+3	1.088160E-5	1.273930E+4	0.000000E+0	0.000000E+0
7.142163E+3	1.088150E-5	1.273920E+4	0.000000E+0	0.000000E+0
7.145169E+3	1.088150E-5	1.273920E+4	0.000000E+0	0.000000E+0
7.148167E+3	1.088140E-5	1.273910E+4	0.000000E+0	0.000000E+0
7.151171E+3	1.088140E-5	1.273910E+4	0.000000E+0	0.000000E+0
7.154161E+3	1.088150E-5	1.273920E+4	0.000000E+0	0.000000E+0
7.157162E+3	1.088120E-5	1.273930E+4	0.000000E+0	0.000000E+0
7.160165E+3	1.088180E-5	1.273920E+4	0.000000E+0	0.000000E+0
7.163170E+3	1.088120E-5	1.273910E+4	0.000000E+0	0.000000E+0
7.166170E+3	1.088110E-5	1.273890E+4	0.000000E+0	0.000000E+0
7.169171E+3	1.088160E-5	1.273870E+4	0.000000E+0	0.000000E+0
7.172170E+3	1.088120E-5	1.273860E+4	0.000000E+0	0.000000E+0
7.175168E+3	1.088120E-5	1.273850E+4	0.000000E+0	0.000000E+0
7.178170E+3	1.088180E-5	1.273840E+4	0.000000E+0	0.000000E+0
7.181167E+3	1.088070E-5	1.273820E+4	0.000000E+0	0.000000E+0
