
Medición hecha el 2026-08-20  06:06 p.m.

Medición de corriente y tensión en el tiempo con posibilidad de inyectar corriente.
Tiempo	Corriente	Tensión
3.680000E+0	9.148100E-7	1.369970E+4	0.000000E+0	0.000000E+0
6.980000E+0	9.142500E-7	1.369910E+4	0.000000E+0	0.000000E+0
1.097300E+1	9.148400E-7	1.369860E+4	0.000000E+0	0.000000E+0
1.497100E+1	9.148500E-7	1.369810E+4	0.000000E+0	0.000000E+0
1.897100E+1	9.145100E-7	1.369750E+4	0.000000E+0	0.000000E+0
2.297200E+1	9.152100E-7	1.369710E+4	0.000000E+0	0.000000E+0
2.697100E+1	9.149900E-7	1.369650E+4	0.000000E+0	0.000000E+0
3.097200E+1	9.147100E-7	1.369600E+4	0.000000E+0	0.000000E+0
3.496700E+1	9.153100E-7	1.369550E+4	0.000000E+0	0.000000E+0
3.897000E+1	9.148000E-7	1.369500E+4	0.000000E+0	0.000000E+0
4.297200E+1	9.152400E-7	1.369450E+4	0.000000E+0	0.000000E+0
4.697000E+1	9.151800E-7	1.369390E+4	0.000000E+0	0.000000E+0
5.097200E+1	9.153600E-7	1.369330E+4	0.000000E+0	0.000000E+0
5.497100E+1	9.150800E-7	1.369260E+4	0.000000E+0	0.000000E+0
5.897300E+1	9.150700E-7	1.369200E+4	0.000000E+0	0.000000E+0
6.297100E+1	9.151400E-7	1.369070E+4	0.000000E+0	0.000000E+0
6.697500E+1	9.152700E-7	1.369010E+4	0.000000E+0	0.000000E+0
7.097000E+1	9.153300E-7	1.368930E+4	0.000000E+0	0.000000E+0
7.497000E+1	9.156700E-7	1.368860E+4	0.000000E+0	0.000000E+0
7.897100E+1	9.153000E-7	1.368810E+4	0.000000E+0	0.000000E+0
8.296900E+1	9.154300E-7	1.368760E+4	0.000000E+0	0.000000E+0
8.697300E+1	9.158000E-7	1.368710E+4	0.000000E+0	0.000000E+0
9.097100E+1	9.157700E-7	1.368660E+4	0.000000E+0	0.000000E+0
9.496900E+1	9.156900E-7	1.368600E+4	0.000000E+0	0.000000E+0
9.897100E+1	9.154800E-7	1.368550E+4	0.000000E+0	0.000000E+0
1.029710E+2	9.158400E-7	1.368510E+4	0.000000E+0	0.000000E+0
1.069720E+2	9.157900E-7	1.368460E+4	0.000000E+0	0.000000E+0
1.109690E+2	9.159400E-7	1.368400E+4	0.000000E+0	0.000000E+0
1.149700E+2	9.158100E-7	1.368340E+4	0.000000E+0	0.000000E+0
1.189690E+2	9.163200E-7	1.368280E+4	0.000000E+0	0.000000E+0
1.229690E+2	9.165700E-7	1.368230E+4	0.000000E+0	0.000000E+0
1.269700E+2	9.169100E-7	1.368170E+4	0.000000E+0	0.000000E+0
1.309730E+2	9.164100E-7	1.368100E+4	0.000000E+0	0.000000E+0
1.349720E+2	9.161000E-7	1.368040E+4	0.000000E+0	0.000000E+0
1.389710E+2	9.164300E-7	1.367990E+4	0.000000E+0	0.000000E+0
1.429710E+2	9.164600E-7	1.367920E+4	0.000000E+0	0.000000E+0
1.469750E+2	9.167200E-7	1.367860E+4	0.000000E+0	0.000000E+0
1.509730E+2	9.167300E-7	1.367810E+4	0.000000E+0	0.000000E+0
1.549710E+2	9.169500E-7	1.367740E+4	0.000000E+0	0.000000E+0
1.589730E+2	9.175500E-7	1.367690E+4	0.000000E+0	0.000000E+0
1.629720E+2	9.168000E-7	1.367640E+4	0.000000E+0	0.000000E+0
1.669740E+2	9.165700E-7	1.367560E+4	0.000000E+0	0.000000E+0
1.709710E+2	9.168900E-7	1.367500E+4	0.000000E+0	0.000000E+0
1.749710E+2	9.168900E-7	1.367450E+4	0.000000E+0	0.000000E+0
1.789760E+2	9.170200E-7	1.367390E+4	0.000000E+0	0.000000E+0
1.829720E+2	9.166100E-7	1.367330E+4	0.000000E+0	0.000000E+0
1.869720E+2	9.163100E-7	1.367270E+4	0.000000E+0	0.000000E+0
1.909700E+2	9.169200E-7	1.367210E+4	0.000000E+0	0.000000E+0
1.949710E+2	9.162600E-7	1.367150E+4	0.000000E+0	0.000000E+0
1.989730E+2	9.165400E-7	1.367100E+4	0.000000E+0	0.000000E+0
2.029730E+2	9.167600E-7	1.367040E+4	0.000000E+0	0.000000E+0
2.069720E+2	9.167300E-7	1.366980E+4	0.000000E+0	0.000000E+0
2.109740E+2	9.167800E-7	1.366920E+4	0.000000E+0	0.000000E+0
2.149710E+2	9.167300E-7	1.366860E+4	0.000000E+0	0.000000E+0
2.189750E+2	9.169900E-7	1.366810E+4	0.000000E+0	0.000000E+0
2.229700E+2	9.171600E-7	1.366750E+4	0.000000E+0	0.000000E+0
2.269730E+2	9.171500E-7	1.366690E+4	0.000000E+0	0.000000E+0
2.309710E+2	9.171000E-7	1.366630E+4	0.000000E+0	0.000000E+0
2.349740E+2	9.166400E-7	1.366570E+4	0.000000E+0	0.000000E+0
2.389680E+2	9.163300E-7	1.366500E+4	0.000000E+0	0.000000E+0
2.429650E+2	9.161600E-7	1.366440E+4	0.000000E+0	0.000000E+0
2.469740E+2	9.162400E-7	1.366390E+4	0.000000E+0	0.000000E+0
2.509720E+2	9.163700E-7	1.366330E+4	0.000000E+0	0.000000E+0
2.549690E+2	9.167200E-7	1.366270E+4	0.000000E+0	0.000000E+0
2.589690E+2	9.169200E-7	1.366180E+4	0.000000E+0	0.000000E+0
2.629720E+2	9.171700E-7	1.366120E+4	0.000000E+0	0.000000E+0
2.669750E+2	9.171600E-7	1.366060E+4	0.000000E+0	0.000000E+0
2.709700E+2	9.171300E-7	1.366000E+4	0.000000E+0	0.000000E+0
2.749720E+2	9.172300E-7	1.365940E+4	0.000000E+0	0.000000E+0
2.789720E+2	9.172200E-7	1.365880E+4	0.000000E+0	0.000000E+0
2.829730E+2	9.172500E-7	1.365830E+4	0.000000E+0	0.000000E+0
2.869680E+2	9.171800E-7	1.365780E+4	0.000000E+0	0.000000E+0
2.909680E+2	9.170600E-7	1.365730E+4	0.000000E+0	0.000000E+0
2.949700E+2	9.171400E-7	1.365680E+4	0.000000E+0	0.000000E+0
2.989680E+2	9.173800E-7	1.365630E+4	0.000000E+0	0.000000E+0
3.029710E+2	9.171200E-7	1.365580E+4	0.000000E+0	0.000000E+0
3.069730E+2	9.172600E-7	1.365530E+4	0.000000E+0	0.000000E+0
3.109710E+2	9.173200E-7	1.365460E+4	0.000000E+0	0.000000E+0
3.149740E+2	9.171000E-7	1.365410E+4	0.000000E+0	0.000000E+0
3.189690E+2	9.171700E-7	1.365350E+4	0.000000E+0	0.000000E+0
3.229720E+2	9.174400E-7	1.365310E+4	0.000000E+0	0.000000E+0
3.269680E+2	9.174400E-7	1.365240E+4	0.000000E+0	0.000000E+0
3.309710E+2	9.174400E-7	1.365190E+4	0.000000E+0	0.000000E+0
3.349660E+2	9.177500E-7	1.365130E+4	0.000000E+0	0.000000E+0
3.389720E+2	9.175500E-7	1.365080E+4	0.000000E+0	0.000000E+0
3.429670E+2	9.177200E-7	1.365020E+4	0.000000E+0	0.000000E+0
3.469700E+2	9.181000E-7	1.364960E+4	0.000000E+0	0.000000E+0
3.509640E+2	9.178000E-7	1.364910E+4	0.000000E+0	0.000000E+0
3.549750E+2	9.178900E-7	1.364850E+4	0.000000E+0	0.000000E+0
3.589720E+2	9.179600E-7	1.364780E+4	0.000000E+0	0.000000E+0
3.629720E+2	9.180100E-7	1.364710E+4	0.000000E+0	0.000000E+0
3.669680E+2	9.180700E-7	1.364640E+4	0.000000E+0	0.000000E+0
3.709660E+2	9.180700E-7	1.364570E+4	0.000000E+0	0.000000E+0
3.749730E+2	9.181400E-7	1.364510E+4	0.000000E+0	0.000000E+0
3.789700E+2	9.179800E-7	1.364460E+4	0.000000E+0	0.000000E+0
3.829670E+2	9.180800E-7	1.364410E+4	0.000000E+0	0.000000E+0
3.869680E+2	9.166700E-7	1.364340E+4	0.000000E+0	0.000000E+0
3.909660E+2	9.177500E-7	1.364300E+4	0.000000E+0	0.000000E+0
3.949710E+2	9.178900E-7	1.364220E+4	0.000000E+0	0.000000E+0
3.989680E+2	9.178100E-7	1.364160E+4	0.000000E+0	0.000000E+0
4.029690E+2	9.179600E-7	1.364110E+4	0.000000E+0	0.000000E+0
4.069680E+2	9.178700E-7	1.364060E+4	0.000000E+0	0.000000E+0
4.109670E+2	9.180800E-7	1.363970E+4	0.000000E+0	0.000000E+0
4.149660E+2	9.180100E-7	1.363810E+4	0.000000E+0	0.000000E+0
4.189740E+2	9.179300E-7	1.363720E+4	0.000000E+0	0.000000E+0
4.229690E+2	9.180100E-7	1.363660E+4	0.000000E+0	0.000000E+0
4.269720E+2	9.180500E-7	1.363530E+4	0.000000E+0	0.000000E+0
4.309730E+2	9.183900E-7	1.363460E+4	0.000000E+0	0.000000E+0
4.349670E+2	9.182100E-7	1.363420E+4	0.000000E+0	0.000000E+0
4.389670E+2	9.180900E-7	1.363370E+4	0.000000E+0	0.000000E+0
4.429680E+2	9.182900E-7	1.363340E+4	0.000000E+0	0.000000E+0
4.469680E+2	9.184100E-7	1.363300E+4	0.000000E+0	0.000000E+0
4.509680E+2	9.184000E-7	1.363290E+4	0.000000E+0	0.000000E+0
4.549680E+2	9.182700E-7	1.363250E+4	0.000000E+0	0.000000E+0
4.589680E+2	9.185300E-7	1.363220E+4	0.000000E+0	0.000000E+0
4.629640E+2	9.181500E-7	1.363200E+4	0.000000E+0	0.000000E+0
4.669690E+2	9.181000E-7	1.363150E+4	0.000000E+0	0.000000E+0
4.709710E+2	9.183400E-7	1.363110E+4	0.000000E+0	0.000000E+0
4.749680E+2	9.181300E-7	1.363030E+4	0.000000E+0	0.000000E+0
4.789680E+2	9.182500E-7	1.362990E+4	0.000000E+0	0.000000E+0
4.829720E+2	9.182400E-7	1.362950E+4	0.000000E+0	0.000000E+0
4.869670E+2	9.183600E-7	1.362890E+4	0.000000E+0	0.000000E+0
4.909740E+2	9.180500E-7	1.362850E+4	0.000000E+0	0.000000E+0
4.950340E+2	9.181600E-7	1.362800E+4	0.000000E+0	0.000000E+0
4.989740E+2	9.178800E-7	1.362750E+4	0.000000E+0	0.000000E+0
5.029750E+2	9.175000E-7	1.362700E+4	0.000000E+0	0.000000E+0
5.069680E+2	9.176100E-7	1.362630E+4	0.000000E+0	0.000000E+0
5.109700E+2	9.175100E-7	1.362590E+4	0.000000E+0	0.000000E+0
5.149690E+2	9.173600E-7	1.362540E+4	0.000000E+0	0.000000E+0
5.189730E+2	9.169400E-7	1.362500E+4	0.000000E+0	0.000000E+0
5.229730E+2	9.171700E-7	1.362450E+4	0.000000E+0	0.000000E+0
5.269730E+2	9.170200E-7	1.362420E+4	0.000000E+0	0.000000E+0
5.309750E+2	9.171900E-7	1.362380E+4	0.000000E+0	0.000000E+0
5.349680E+2	9.169400E-7	1.362340E+4	0.000000E+0	0.000000E+0
5.389760E+2	9.169700E-7	1.362290E+4	0.000000E+0	0.000000E+0
5.429730E+2	9.171200E-7	1.362240E+4	0.000000E+0	0.000000E+0
5.469670E+2	9.169800E-7	1.362190E+4	0.000000E+0	0.000000E+0
5.509690E+2	9.173400E-7	1.362150E+4	0.000000E+0	0.000000E+0
5.549740E+2	9.176400E-7	1.362090E+4	0.000000E+0	0.000000E+0
5.589710E+2	9.176200E-7	1.362040E+4	0.000000E+0	0.000000E+0
5.629710E+2	9.170900E-7	1.361980E+4	0.000000E+0	0.000000E+0
5.669710E+2	9.171400E-7	1.361940E+4	0.000000E+0	0.000000E+0
5.709660E+2	9.172400E-7	1.361880E+4	0.000000E+0	0.000000E+0
5.749710E+2	9.173500E-7	1.361820E+4	0.000000E+0	0.000000E+0
5.789670E+2	9.174400E-7	1.361780E+4	0.000000E+0	0.000000E+0
5.829720E+2	9.177400E-7	1.361740E+4	0.000000E+0	0.000000E+0
5.869690E+2	9.180400E-7	1.361690E+4	0.000000E+0	0.000000E+0
5.909690E+2	9.178600E-7	1.361640E+4	0.000000E+0	0.000000E+0
5.949680E+2	9.177900E-7	1.361600E+4	0.000000E+0	0.000000E+0
5.989730E+2	9.180600E-7	1.361550E+4	0.000000E+0	0.000000E+0
6.029680E+2	9.180600E-7	1.361510E+4	0.000000E+0	0.000000E+0
6.069650E+2	9.178600E-7	1.361470E+4	0.000000E+0	0.000000E+0
6.109650E+2	9.176300E-7	1.361430E+4	0.000000E+0	0.000000E+0
6.149710E+2	9.179800E-7	1.361390E+4	0.000000E+0	0.000000E+0
6.189700E+2	9.176000E-7	1.361350E+4	0.000000E+0	0.000000E+0
6.229680E+2	9.183300E-7	1.361310E+4	0.000000E+0	0.000000E+0
6.269690E+2	9.181300E-7	1.361260E+4	0.000000E+0	0.000000E+0
6.309690E+2	9.182300E-7	1.361210E+4	0.000000E+0	0.000000E+0
6.349740E+2	9.182700E-7	1.361150E+4	0.000000E+0	0.000000E+0
6.389690E+2	9.181000E-7	1.361100E+4	0.000000E+0	0.000000E+0
6.429690E+2	9.179200E-7	1.361060E+4	0.000000E+0	0.000000E+0
6.469710E+2	9.181500E-7	1.361010E+4	0.000000E+0	0.000000E+0
6.509700E+2	9.180400E-7	1.360970E+4	0.000000E+0	0.000000E+0
6.549700E+2	9.181200E-7	1.360920E+4	0.000000E+0	0.000000E+0
6.589670E+2	9.178900E-7	1.360860E+4	0.000000E+0	0.000000E+0
6.629690E+2	9.179200E-7	1.360830E+4	0.000000E+0	0.000000E+0
6.669730E+2	9.180900E-7	1.360780E+4	0.000000E+0	0.000000E+0
6.709690E+2	9.180000E-7	1.360730E+4	0.000000E+0	0.000000E+0
6.749720E+2	9.200200E-7	1.360680E+4	0.000000E+0	0.000000E+0
6.789680E+2	9.182000E-7	1.360640E+4	0.000000E+0	0.000000E+0
6.829690E+2	9.179400E-7	1.360590E+4	0.000000E+0	0.000000E+0
6.869700E+2	9.181000E-7	1.360540E+4	0.000000E+0	0.000000E+0
6.909680E+2	9.178800E-7	1.360490E+4	0.000000E+0	0.000000E+0
6.949680E+2	9.180000E-7	1.360430E+4	0.000000E+0	0.000000E+0
6.989760E+2	9.184800E-7	1.360390E+4	0.000000E+0	0.000000E+0
7.029700E+2	9.187000E-7	1.360350E+4	0.000000E+0	0.000000E+0
7.069660E+2	9.185700E-7	1.360280E+4	0.000000E+0	0.000000E+0
7.109690E+2	9.179400E-7	1.360220E+4	0.000000E+0	0.000000E+0
7.149720E+2	9.182100E-7	1.360180E+4	0.000000E+0	0.000000E+0
7.189680E+2	9.179100E-7	1.360140E+4	0.000000E+0	0.000000E+0
7.229660E+2	9.179400E-7	1.360090E+4	0.000000E+0	0.000000E+0
7.269670E+2	9.179500E-7	1.360040E+4	0.000000E+0	0.000000E+0
7.309710E+2	9.179200E-7	1.360000E+4	0.000000E+0	0.000000E+0
7.349700E+2	9.178600E-7	1.359950E+4	0.000000E+0	0.000000E+0
7.389650E+2	9.181400E-7	1.359900E+4	0.000000E+0	0.000000E+0
7.429700E+2	9.180600E-7	1.359860E+4	0.000000E+0	0.000000E+0
7.469750E+2	9.181900E-7	1.359800E+4	0.000000E+0	0.000000E+0
7.509670E+2	9.185800E-7	1.359750E+4	0.000000E+0	0.000000E+0
7.549670E+2	9.184300E-7	1.359710E+4	0.000000E+0	0.000000E+0
7.589680E+2	9.185700E-7	1.359670E+4	0.000000E+0	0.000000E+0
7.629700E+2	9.187700E-7	1.359620E+4	0.000000E+0	0.000000E+0
7.669710E+2	9.189200E-7	1.359580E+4	0.000000E+0	0.000000E+0
7.709660E+2	9.189700E-7	1.359540E+4	0.000000E+0	0.000000E+0
7.749730E+2	9.190300E-7	1.359490E+4	0.000000E+0	0.000000E+0
7.789700E+2	9.181900E-7	1.359440E+4	0.000000E+0	0.000000E+0
7.829670E+2	9.182000E-7	1.359390E+4	0.000000E+0	0.000000E+0
7.869710E+2	9.186900E-7	1.359350E+4	0.000000E+0	0.000000E+0
7.909640E+2	9.187500E-7	1.359300E+4	0.000000E+0	0.000000E+0
7.949740E+2	9.186600E-7	1.359250E+4	0.000000E+0	0.000000E+0
7.989660E+2	9.185900E-7	1.359200E+4	0.000000E+0	0.000000E+0
8.029680E+2	9.192900E-7	1.359170E+4	0.000000E+0	0.000000E+0
8.069670E+2	9.188900E-7	1.359120E+4	0.000000E+0	0.000000E+0
8.109700E+2	9.188300E-7	1.359100E+4	0.000000E+0	0.000000E+0
8.149690E+2	9.187900E-7	1.359060E+4	0.000000E+0	0.000000E+0
8.189710E+2	9.185400E-7	1.359020E+4	0.000000E+0	0.000000E+0
8.229690E+2	9.188600E-7	1.358970E+4	0.000000E+0	0.000000E+0
8.269720E+2	9.192100E-7	1.358940E+4	0.000000E+0	0.000000E+0
8.309700E+2	9.186500E-7	1.358910E+4	0.000000E+0	0.000000E+0
8.349680E+2	9.188500E-7	1.358890E+4	0.000000E+0	0.000000E+0
8.389680E+2	9.191300E-7	1.358850E+4	0.000000E+0	0.000000E+0
8.429760E+2	9.192100E-7	1.358800E+4	0.000000E+0	0.000000E+0
8.469710E+2	9.191400E-7	1.358760E+4	0.000000E+0	0.000000E+0
8.509740E+2	9.192900E-7	1.358700E+4	0.000000E+0	0.000000E+0
8.549740E+2	9.191700E-7	1.358640E+4	0.000000E+0	0.000000E+0
8.589730E+2	9.192800E-7	1.358590E+4	0.000000E+0	0.000000E+0
8.629690E+2	9.193100E-7	1.358550E+4	0.000000E+0	0.000000E+0
8.669670E+2	9.191400E-7	1.358500E+4	0.000000E+0	0.000000E+0
8.709680E+2	9.191900E-7	1.358440E+4	0.000000E+0	0.000000E+0
8.749740E+2	9.192600E-7	1.358390E+4	0.000000E+0	0.000000E+0
8.789720E+2	9.193600E-7	1.358330E+4	0.000000E+0	0.000000E+0
8.829650E+2	9.190400E-7	1.358270E+4	0.000000E+0	0.000000E+0
8.869670E+2	9.191900E-7	1.358220E+4	0.000000E+0	0.000000E+0
8.909690E+2	9.190700E-7	1.358180E+4	0.000000E+0	0.000000E+0
8.949700E+2	9.187300E-7	1.358130E+4	0.000000E+0	0.000000E+0
8.989670E+2	9.187200E-7	1.358090E+4	0.000000E+0	0.000000E+0
9.029690E+2	9.186100E-7	1.358030E+4	0.000000E+0	0.000000E+0
9.069670E+2	9.196900E-7	1.357980E+4	0.000000E+0	0.000000E+0
9.109680E+2	9.199300E-7	1.357930E+4	0.000000E+0	0.000000E+0
9.149660E+2	9.198700E-7	1.357890E+4	0.000000E+0	0.000000E+0
9.189680E+2	9.200200E-7	1.357850E+4	0.000000E+0	0.000000E+0
9.229710E+2	9.196000E-7	1.357790E+4	0.000000E+0	0.000000E+0
9.269700E+2	9.196300E-7	1.357750E+4	0.000000E+0	0.000000E+0
9.309690E+2	9.197100E-7	1.357690E+4	0.000000E+0	0.000000E+0
9.349700E+2	9.198300E-7	1.357640E+4	0.000000E+0	0.000000E+0
9.389740E+2	9.190300E-7	1.357590E+4	0.000000E+0	0.000000E+0
9.429680E+2	9.191600E-7	1.357540E+4	0.000000E+0	0.000000E+0
9.469710E+2	9.196400E-7	1.357490E+4	0.000000E+0	0.000000E+0
9.509680E+2	9.196300E-7	1.357440E+4	0.000000E+0	0.000000E+0
9.549690E+2	9.197000E-7	1.357380E+4	0.000000E+0	0.000000E+0
9.589710E+2	9.201200E-7	1.357330E+4	0.000000E+0	0.000000E+0
9.629700E+2	9.197300E-7	1.357290E+4	0.000000E+0	0.000000E+0
9.669710E+2	9.198700E-7	1.357250E+4	0.000000E+0	0.000000E+0
9.709700E+2	9.198100E-7	1.357210E+4	0.000000E+0	0.000000E+0
9.749650E+2	9.194400E-7	1.357180E+4	0.000000E+0	0.000000E+0
9.789710E+2	9.197900E-7	1.357140E+4	0.000000E+0	0.000000E+0
9.829700E+2	9.196400E-7	1.357110E+4	0.000000E+0	0.000000E+0
9.869720E+2	9.197300E-7	1.357050E+4	0.000000E+0	0.000000E+0
9.909670E+2	9.187200E-7	1.357000E+4	0.000000E+0	0.000000E+0
9.949730E+2	9.190600E-7	1.356950E+4	0.000000E+0	0.000000E+0
9.989700E+2	9.192800E-7	1.356910E+4	0.000000E+0	0.000000E+0
1.002973E+3	9.193200E-7	1.356850E+4	0.000000E+0	0.000000E+0
1.006973E+3	9.189100E-7	1.356810E+4	0.000000E+0	0.000000E+0
1.010971E+3	9.188800E-7	1.356750E+4	0.000000E+0	0.000000E+0
1.014971E+3	9.190200E-7	1.356700E+4	0.000000E+0	0.000000E+0
1.018973E+3	9.194500E-7	1.356650E+4	0.000000E+0	0.000000E+0
1.022971E+3	9.200400E-7	1.356590E+4	0.000000E+0	0.000000E+0
1.026971E+3	9.201100E-7	1.356530E+4	0.000000E+0	0.000000E+0
1.030968E+3	9.202100E-7	1.356490E+4	0.000000E+0	0.000000E+0
1.034969E+3	9.200900E-7	1.356440E+4	0.000000E+0	0.000000E+0
1.038967E+3	9.201000E-7	1.356380E+4	0.000000E+0	0.000000E+0
1.042970E+3	9.200800E-7	1.356340E+4	0.000000E+0	0.000000E+0
1.046969E+3	9.199700E-7	1.356290E+4	0.000000E+0	0.000000E+0
1.050969E+3	9.199400E-7	1.356250E+4	0.000000E+0	0.000000E+0
1.054966E+3	9.198500E-7	1.356210E+4	0.000000E+0	0.000000E+0
1.058970E+3	9.196200E-7	1.356150E+4	0.000000E+0	0.000000E+0
1.062972E+3	9.197600E-7	1.356110E+4	0.000000E+0	0.000000E+0
1.066975E+3	9.197200E-7	1.356070E+4	0.000000E+0	0.000000E+0
1.070968E+3	9.196200E-7	1.356040E+4	0.000000E+0	0.000000E+0
1.074974E+3	9.196100E-7	1.356020E+4	0.000000E+0	0.000000E+0
1.078976E+3	9.196300E-7	1.356000E+4	0.000000E+0	0.000000E+0
1.082970E+3	9.195200E-7	1.355970E+4	0.000000E+0	0.000000E+0
1.086968E+3	9.197900E-7	1.355940E+4	0.000000E+0	0.000000E+0
1.090970E+3	9.195400E-7	1.355900E+4	0.000000E+0	0.000000E+0
1.094969E+3	9.198800E-7	1.355870E+4	0.000000E+0	0.000000E+0
1.098968E+3	9.197500E-7	1.355840E+4	0.000000E+0	0.000000E+0
1.102970E+3	9.197100E-7	1.355800E+4	0.000000E+0	0.000000E+0
1.106969E+3	9.194500E-7	1.355760E+4	0.000000E+0	0.000000E+0
1.110967E+3	9.196200E-7	1.355710E+4	0.000000E+0	0.000000E+0
1.114974E+3	9.199400E-7	1.355680E+4	0.000000E+0	0.000000E+0
1.118969E+3	9.196900E-7	1.355640E+4	0.000000E+0	0.000000E+0
1.122969E+3	9.199600E-7	1.355600E+4	0.000000E+0	0.000000E+0
1.126969E+3	9.194800E-7	1.355570E+4	0.000000E+0	0.000000E+0
1.130972E+3	9.196300E-7	1.355530E+4	0.000000E+0	0.000000E+0
1.134967E+3	9.199400E-7	1.355490E+4	0.000000E+0	0.000000E+0
1.138972E+3	9.198800E-7	1.355450E+4	0.000000E+0	0.000000E+0
1.142969E+3	9.196800E-7	1.355400E+4	0.000000E+0	0.000000E+0
1.146968E+3	9.201200E-7	1.355340E+4	0.000000E+0	0.000000E+0
1.150970E+3	9.203300E-7	1.355290E+4	0.000000E+0	0.000000E+0
1.154972E+3	9.203100E-7	1.355240E+4	0.000000E+0	0.000000E+0
1.158967E+3	9.200700E-7	1.355190E+4	0.000000E+0	0.000000E+0
1.162975E+3	9.201600E-7	1.355130E+4	0.000000E+0	0.000000E+0
1.166973E+3	9.200600E-7	1.355090E+4	0.000000E+0	0.000000E+0
1.170971E+3	9.200000E-7	1.355040E+4	0.000000E+0	0.000000E+0
1.174968E+3	9.201100E-7	1.355000E+4	0.000000E+0	0.000000E+0
1.178976E+3	9.202600E-7	1.354960E+4	0.000000E+0	0.000000E+0
1.182969E+3	9.203300E-7	1.354930E+4	0.000000E+0	0.000000E+0
1.186969E+3	9.202000E-7	1.354880E+4	0.000000E+0	0.000000E+0
1.190969E+3	9.191200E-7	1.354830E+4	0.000000E+0	0.000000E+0
1.194973E+3	9.194400E-7	1.354790E+4	0.000000E+0	0.000000E+0
1.198971E+3	9.199100E-7	1.354740E+4	0.000000E+0	0.000000E+0
1.202971E+3	9.201600E-7	1.354650E+4	0.000000E+0	0.000000E+0
1.206969E+3	9.200300E-7	1.354600E+4	0.000000E+0	0.000000E+0
1.210976E+3	9.202500E-7	1.354550E+4	0.000000E+0	0.000000E+0
1.214969E+3	9.200400E-7	1.354500E+4	0.000000E+0	0.000000E+0
1.218967E+3	9.203900E-7	1.354440E+4	0.000000E+0	0.000000E+0
1.222970E+3	9.205800E-7	1.354400E+4	0.000000E+0	0.000000E+0
1.226973E+3	9.204400E-7	1.354340E+4	0.000000E+0	0.000000E+0
1.230968E+3	9.206800E-7	1.354300E+4	0.000000E+0	0.000000E+0
1.234970E+3	9.203400E-7	1.354260E+4	0.000000E+0	0.000000E+0
1.238968E+3	9.205000E-7	1.354220E+4	0.000000E+0	0.000000E+0
1.242970E+3	9.204700E-7	1.354190E+4	0.000000E+0	0.000000E+0
1.246969E+3	9.201800E-7	1.354150E+4	0.000000E+0	0.000000E+0
1.250970E+3	9.206800E-7	1.354110E+4	0.000000E+0	0.000000E+0
1.254969E+3	9.191800E-7	1.354070E+4	0.000000E+0	0.000000E+0
1.258968E+3	9.201600E-7	1.354030E+4	0.000000E+0	0.000000E+0
1.262969E+3	9.200400E-7	1.354010E+4	0.000000E+0	0.000000E+0
1.266968E+3	9.202600E-7	1.353990E+4	0.000000E+0	0.000000E+0
1.270971E+3	9.204400E-7	1.353950E+4	0.000000E+0	0.000000E+0
1.274972E+3	9.201400E-7	1.353910E+4	0.000000E+0	0.000000E+0
1.278972E+3	9.199900E-7	1.353880E+4	0.000000E+0	0.000000E+0
1.282974E+3	9.197900E-7	1.353850E+4	0.000000E+0	0.000000E+0
1.286966E+3	9.199700E-7	1.353800E+4	0.000000E+0	0.000000E+0
1.290972E+3	9.194200E-7	1.353760E+4	0.000000E+0	0.000000E+0
1.294970E+3	9.197000E-7	1.353720E+4	0.000000E+0	0.000000E+0
1.298973E+3	9.193500E-7	1.353680E+4	0.000000E+0	0.000000E+0
1.302965E+3	9.195800E-7	1.353650E+4	0.000000E+0	0.000000E+0
1.306972E+3	9.194500E-7	1.353600E+4	0.000000E+0	0.000000E+0
1.310972E+3	9.193400E-7	1.353550E+4	0.000000E+0	0.000000E+0
1.314970E+3	9.193500E-7	1.353510E+4	0.000000E+0	0.000000E+0
1.318970E+3	9.191300E-7	1.353480E+4	0.000000E+0	0.000000E+0
1.322971E+3	9.193200E-7	1.353440E+4	0.000000E+0	0.000000E+0
1.326970E+3	9.190700E-7	1.353390E+4	0.000000E+0	0.000000E+0
1.330970E+3	9.195200E-7	1.353360E+4	0.000000E+0	0.000000E+0
1.334969E+3	9.194600E-7	1.353310E+4	0.000000E+0	0.000000E+0
1.338976E+3	9.193600E-7	1.353260E+4	0.000000E+0	0.000000E+0
1.342969E+3	9.193900E-7	1.353190E+4	0.000000E+0	0.000000E+0
1.346972E+3	9.196800E-7	1.353150E+4	0.000000E+0	0.000000E+0
1.350969E+3	9.190300E-7	1.353100E+4	0.000000E+0	0.000000E+0
1.354976E+3	9.190200E-7	1.353050E+4	0.000000E+0	0.000000E+0
1.358971E+3	9.192800E-7	1.353010E+4	0.000000E+0	0.000000E+0
1.362970E+3	9.195500E-7	1.352960E+4	0.000000E+0	0.000000E+0
1.366970E+3	9.193100E-7	1.352920E+4	0.000000E+0	0.000000E+0
1.370972E+3	9.196100E-7	1.352860E+4	0.000000E+0	0.000000E+0
1.374970E+3	9.197200E-7	1.352820E+4	0.000000E+0	0.000000E+0
1.378969E+3	9.191500E-7	1.352780E+4	0.000000E+0	0.000000E+0
1.382970E+3	9.195000E-7	1.352750E+4	0.000000E+0	0.000000E+0
1.386975E+3	9.194900E-7	1.352720E+4	0.000000E+0	0.000000E+0
1.390972E+3	9.191800E-7	1.352690E+4	0.000000E+0	0.000000E+0
1.394978E+3	9.194000E-7	1.352660E+4	0.000000E+0	0.000000E+0
1.398975E+3	9.192800E-7	1.352600E+4	0.000000E+0	0.000000E+0
1.402975E+3	9.198400E-7	1.352560E+4	0.000000E+0	0.000000E+0
1.406974E+3	9.195000E-7	1.352500E+4	0.000000E+0	0.000000E+0
1.410971E+3	9.195000E-7	1.352460E+4	0.000000E+0	0.000000E+0
1.414973E+3	9.195600E-7	1.352420E+4	0.000000E+0	0.000000E+0
1.418973E+3	9.194800E-7	1.352370E+4	0.000000E+0	0.000000E+0
1.422973E+3	9.191200E-7	1.352340E+4	0.000000E+0	0.000000E+0
1.426972E+3	9.193600E-7	1.352300E+4	0.000000E+0	0.000000E+0
1.430972E+3	9.192200E-7	1.352260E+4	0.000000E+0	0.000000E+0
1.434971E+3	9.192400E-7	1.352230E+4	0.000000E+0	0.000000E+0
1.438969E+3	9.190000E-7	1.352180E+4	0.000000E+0	0.000000E+0
1.442971E+3	9.196900E-7	1.352140E+4	0.000000E+0	0.000000E+0
1.446970E+3	9.194300E-7	1.352100E+4	0.000000E+0	0.000000E+0
1.450969E+3	9.174600E-7	1.352050E+4	0.000000E+0	0.000000E+0
1.454972E+3	9.197300E-7	1.352000E+4	0.000000E+0	0.000000E+0
1.458969E+3	9.193800E-7	1.351970E+4	0.000000E+0	0.000000E+0
1.462967E+3	9.191800E-7	1.351920E+4	0.000000E+0	0.000000E+0
1.466970E+3	9.196200E-7	1.351880E+4	0.000000E+0	0.000000E+0
1.470972E+3	9.195400E-7	1.351840E+4	0.000000E+0	0.000000E+0
1.474972E+3	9.194700E-7	1.351810E+4	0.000000E+0	0.000000E+0
1.478969E+3	9.193000E-7	1.351760E+4	0.000000E+0	0.000000E+0
1.482973E+3	9.190800E-7	1.351720E+4	0.000000E+0	0.000000E+0
1.486966E+3	9.191100E-7	1.351650E+4	0.000000E+0	0.000000E+0
1.490970E+3	9.191200E-7	1.351610E+4	0.000000E+0	0.000000E+0
1.494970E+3	9.194700E-7	1.351560E+4	0.000000E+0	0.000000E+0
1.498969E+3	9.192900E-7	1.351520E+4	0.000000E+0	0.000000E+0
1.502971E+3	9.193800E-7	1.351480E+4	0.000000E+0	0.000000E+0
1.506969E+3	9.193300E-7	1.351440E+4	0.000000E+0	0.000000E+0
1.510969E+3	9.194400E-7	1.351390E+4	0.000000E+0	0.000000E+0
1.514969E+3	9.189500E-7	1.351330E+4	0.000000E+0	0.000000E+0
1.518969E+3	9.187300E-7	1.351300E+4	0.000000E+0	0.000000E+0
1.522967E+3	9.194400E-7	1.351170E+4	0.000000E+0	0.000000E+0
1.526969E+3	9.195000E-7	1.350860E+4	0.000000E+0	0.000000E+0
1.530972E+3	9.196600E-7	1.350690E+4	0.000000E+0	0.000000E+0
1.534970E+3	9.190000E-7	1.350640E+4	0.000000E+0	0.000000E+0
1.538969E+3	9.191800E-7	1.350650E+4	0.000000E+0	0.000000E+0
1.542972E+3	9.190800E-7	1.350650E+4	0.000000E+0	0.000000E+0
1.546969E+3	9.192400E-7	1.350640E+4	0.000000E+0	0.000000E+0
1.550970E+3	9.192600E-7	1.350640E+4	0.000000E+0	0.000000E+0
1.554970E+3	9.194000E-7	1.350640E+4	0.000000E+0	0.000000E+0
1.558971E+3	9.194400E-7	1.350640E+4	0.000000E+0	0.000000E+0
1.562969E+3	9.198000E-7	1.350640E+4	0.000000E+0	0.000000E+0
1.566971E+3	9.196300E-7	1.350640E+4	0.000000E+0	0.000000E+0
1.570976E+3	9.194700E-7	1.350640E+4	0.000000E+0	0.000000E+0
1.574971E+3	9.196000E-7	1.350630E+4	0.000000E+0	0.000000E+0
1.578971E+3	9.194100E-7	1.350620E+4	0.000000E+0	0.000000E+0
1.582966E+3	9.189500E-7	1.350600E+4	0.000000E+0	0.000000E+0
1.586974E+3	9.196700E-7	1.350580E+4	0.000000E+0	0.000000E+0
1.590971E+3	9.197700E-7	1.350560E+4	0.000000E+0	0.000000E+0
1.594971E+3	9.194700E-7	1.350550E+4	0.000000E+0	0.000000E+0
1.598969E+3	9.197100E-7	1.350530E+4	0.000000E+0	0.000000E+0
1.602976E+3	9.195100E-7	1.350510E+4	0.000000E+0	0.000000E+0
1.606972E+3	9.193700E-7	1.350480E+4	0.000000E+0	0.000000E+0
1.610969E+3	9.196700E-7	1.350450E+4	0.000000E+0	0.000000E+0
1.614969E+3	9.194900E-7	1.350420E+4	0.000000E+0	0.000000E+0
1.618972E+3	9.215900E-7	1.350390E+4	0.000000E+0	0.000000E+0
1.622970E+3	9.197300E-7	1.350360E+4	0.000000E+0	0.000000E+0
1.626972E+3	9.196100E-7	1.350320E+4	0.000000E+0	0.000000E+0
1.630967E+3	9.199200E-7	1.350290E+4	0.000000E+0	0.000000E+0
1.634967E+3	9.194200E-7	1.350250E+4	0.000000E+0	0.000000E+0
1.638968E+3	9.197300E-7	1.350200E+4	0.000000E+0	0.000000E+0
1.642973E+3	9.196800E-7	1.350150E+4	0.000000E+0	0.000000E+0
1.646968E+3	9.197000E-7	1.350120E+4	0.000000E+0	0.000000E+0
1.650970E+3	9.194800E-7	1.350070E+4	0.000000E+0	0.000000E+0
1.654970E+3	9.192100E-7	1.350030E+4	0.000000E+0	0.000000E+0
1.658966E+3	9.194300E-7	1.349990E+4	0.000000E+0	0.000000E+0
1.662969E+3	9.191400E-7	1.349960E+4	0.000000E+0	0.000000E+0
1.666969E+3	9.196100E-7	1.349920E+4	0.000000E+0	0.000000E+0
1.670969E+3	9.195300E-7	1.349880E+4	0.000000E+0	0.000000E+0
1.674968E+3	9.196600E-7	1.349860E+4	0.000000E+0	0.000000E+0
1.678967E+3	9.197400E-7	1.349820E+4	0.000000E+0	0.000000E+0
1.682969E+3	9.195900E-7	1.349790E+4	0.000000E+0	0.000000E+0
1.686969E+3	9.198900E-7	1.349750E+4	0.000000E+0	0.000000E+0
1.690972E+3	9.195800E-7	1.349710E+4	0.000000E+0	0.000000E+0
1.694974E+3	9.200500E-7	1.349670E+4	0.000000E+0	0.000000E+0
1.698970E+3	9.198200E-7	1.349640E+4	0.000000E+0	0.000000E+0
1.702978E+3	9.196900E-7	1.349610E+4	0.000000E+0	0.000000E+0
1.706970E+3	9.197800E-7	1.349580E+4	0.000000E+0	0.000000E+0
1.710970E+3	9.197300E-7	1.349550E+4	0.000000E+0	0.000000E+0
1.714976E+3	9.198700E-7	1.349510E+4	0.000000E+0	0.000000E+0
1.718968E+3	9.198500E-7	1.349470E+4	0.000000E+0	0.000000E+0
1.722975E+3	9.198400E-7	1.349450E+4	0.000000E+0	0.000000E+0
1.726971E+3	9.197900E-7	1.349410E+4	0.000000E+0	0.000000E+0
1.730973E+3	9.196800E-7	1.349370E+4	0.000000E+0	0.000000E+0
1.734970E+3	9.196900E-7	1.349330E+4	0.000000E+0	0.000000E+0
1.738971E+3	9.199300E-7	1.349290E+4	0.000000E+0	0.000000E+0
1.742973E+3	9.198100E-7	1.349250E+4	0.000000E+0	0.000000E+0
1.746971E+3	9.195600E-7	1.349210E+4	0.000000E+0	0.000000E+0
1.750971E+3	9.193200E-7	1.349170E+4	0.000000E+0	0.000000E+0
1.754976E+3	9.197100E-7	1.349120E+4	0.000000E+0	0.000000E+0
1.758968E+3	9.189400E-7	1.349070E+4	0.000000E+0	0.000000E+0
1.762975E+3	9.197300E-7	1.349040E+4	0.000000E+0	0.000000E+0
1.766964E+3	9.197400E-7	1.348990E+4	0.000000E+0	0.000000E+0
1.770972E+3	9.193600E-7	1.348940E+4	0.000000E+0	0.000000E+0
1.774970E+3	9.199400E-7	1.348910E+4	0.000000E+0	0.000000E+0
1.778975E+3	9.195600E-7	1.348870E+4	0.000000E+0	0.000000E+0
1.782969E+3	9.196600E-7	1.348860E+4	0.000000E+0	0.000000E+0
1.786973E+3	9.198500E-7	1.348850E+4	0.000000E+0	0.000000E+0
1.790969E+3	9.198500E-7	1.348810E+4	0.000000E+0	0.000000E+0
1.794968E+3	9.200100E-7	1.348790E+4	0.000000E+0	0.000000E+0
1.798970E+3	9.198300E-7	1.348750E+4	0.000000E+0	0.000000E+0
1.802973E+3	9.198500E-7	1.348700E+4	0.000000E+0	0.000000E+0
1.806968E+3	9.196900E-7	1.348660E+4	0.000000E+0	0.000000E+0
1.810974E+3	9.198900E-7	1.348620E+4	0.000000E+0	0.000000E+0
1.814970E+3	9.197600E-7	1.348570E+4	0.000000E+0	0.000000E+0
1.818976E+3	9.198900E-7	1.348530E+4	0.000000E+0	0.000000E+0
1.822971E+3	9.199000E-7	1.348490E+4	0.000000E+0	0.000000E+0
1.826971E+3	9.198400E-7	1.348440E+4	0.000000E+0	0.000000E+0
1.830966E+3	9.197900E-7	1.348400E+4	0.000000E+0	0.000000E+0
1.834976E+3	9.201300E-7	1.348360E+4	0.000000E+0	0.000000E+0
1.838966E+3	9.196200E-7	1.348310E+4	0.000000E+0	0.000000E+0
1.842976E+3	9.196500E-7	1.348270E+4	0.000000E+0	0.000000E+0
1.846971E+3	9.198400E-7	1.348240E+4	0.000000E+0	0.000000E+0
1.850974E+3	9.200100E-7	1.348220E+4	0.000000E+0	0.000000E+0
1.854967E+3	9.198300E-7	1.348190E+4	0.000000E+0	0.000000E+0
1.858976E+3	9.197800E-7	1.348170E+4	0.000000E+0	0.000000E+0
1.862970E+3	9.200600E-7	1.348150E+4	0.000000E+0	0.000000E+0
1.866976E+3	9.198900E-7	1.348120E+4	0.000000E+0	0.000000E+0
1.870969E+3	9.199200E-7	1.348090E+4	0.000000E+0	0.000000E+0
1.874970E+3	9.199600E-7	1.348040E+4	0.000000E+0	0.000000E+0
1.878965E+3	9.198600E-7	1.348000E+4	0.000000E+0	0.000000E+0
1.882973E+3	9.200400E-7	1.347950E+4	0.000000E+0	0.000000E+0
1.886965E+3	9.201700E-7	1.347920E+4	0.000000E+0	0.000000E+0
1.890975E+3	9.203700E-7	1.347880E+4	0.000000E+0	0.000000E+0
1.894963E+3	9.201100E-7	1.347860E+4	0.000000E+0	0.000000E+0
1.898973E+3	9.198000E-7	1.347830E+4	0.000000E+0	0.000000E+0
1.902965E+3	9.198600E-7	1.347800E+4	0.000000E+0	0.000000E+0
1.906969E+3	9.191500E-7	1.347760E+4	0.000000E+0	0.000000E+0
1.910966E+3	9.192900E-7	1.347720E+4	0.000000E+0	0.000000E+0
1.914972E+3	9.197300E-7	1.347690E+4	0.000000E+0	0.000000E+0
1.918968E+3	9.196000E-7	1.347650E+4	0.000000E+0	0.000000E+0
1.922976E+3	9.197700E-7	1.347610E+4	0.000000E+0	0.000000E+0
1.926966E+3	9.196000E-7	1.347570E+4	0.000000E+0	0.000000E+0
1.930976E+3	9.197700E-7	1.347540E+4	0.000000E+0	0.000000E+0
1.934969E+3	9.196700E-7	1.347470E+4	0.000000E+0	0.000000E+0
1.938970E+3	9.197600E-7	1.347440E+4	0.000000E+0	0.000000E+0
1.942966E+3	9.197000E-7	1.347390E+4	0.000000E+0	0.000000E+0
1.946973E+3	9.203600E-7	1.347350E+4	0.000000E+0	0.000000E+0
1.950967E+3	9.199600E-7	1.347300E+4	0.000000E+0	0.000000E+0
1.954975E+3	9.198200E-7	1.347250E+4	0.000000E+0	0.000000E+0
1.958968E+3	9.204100E-7	1.347210E+4	0.000000E+0	0.000000E+0
1.962972E+3	9.200100E-7	1.347180E+4	0.000000E+0	0.000000E+0
1.966970E+3	9.201800E-7	1.347150E+4	0.000000E+0	0.000000E+0
1.970976E+3	9.200500E-7	1.347120E+4	0.000000E+0	0.000000E+0
1.974968E+3	9.200900E-7	1.347080E+4	0.000000E+0	0.000000E+0
1.978974E+3	9.201800E-7	1.347060E+4	0.000000E+0	0.000000E+0
1.982966E+3	9.200900E-7	1.347020E+4	0.000000E+0	0.000000E+0
1.986976E+3	9.205100E-7	1.346980E+4	0.000000E+0	0.000000E+0
1.990973E+3	9.202000E-7	1.346940E+4	0.000000E+0	0.000000E+0
1.994976E+3	9.200500E-7	1.346890E+4	0.000000E+0	0.000000E+0
1.998968E+3	9.197800E-7	1.346850E+4	0.000000E+0	0.000000E+0
2.002978E+3	9.206100E-7	1.346800E+4	0.000000E+0	0.000000E+0
2.006972E+3	9.203000E-7	1.346750E+4	0.000000E+0	0.000000E+0
2.010975E+3	9.203300E-7	1.346730E+4	0.000000E+0	0.000000E+0
2.014969E+3	9.204000E-7	1.346690E+4	0.000000E+0	0.000000E+0
2.018977E+3	9.205500E-7	1.346650E+4	0.000000E+0	0.000000E+0
2.022970E+3	9.205400E-7	1.346600E+4	0.000000E+0	0.000000E+0
2.026977E+3	9.206000E-7	1.346560E+4	0.000000E+0	0.000000E+0
2.030973E+3	9.202900E-7	1.346530E+4	0.000000E+0	0.000000E+0
2.034973E+3	9.203400E-7	1.346480E+4	0.000000E+0	0.000000E+0
2.038970E+3	9.203800E-7	1.346450E+4	0.000000E+0	0.000000E+0
2.042974E+3	9.204600E-7	1.346420E+4	0.000000E+0	0.000000E+0
2.046971E+3	9.204700E-7	1.346390E+4	0.000000E+0	0.000000E+0
2.050971E+3	9.203300E-7	1.346360E+4	0.000000E+0	0.000000E+0
2.054968E+3	9.203000E-7	1.346360E+4	0.000000E+0	0.000000E+0
2.058977E+3	9.203200E-7	1.346350E+4	0.000000E+0	0.000000E+0
2.062970E+3	9.204300E-7	1.346310E+4	0.000000E+0	0.000000E+0
2.066971E+3	9.206000E-7	1.346280E+4	0.000000E+0	0.000000E+0
2.070969E+3	9.205400E-7	1.346250E+4	0.000000E+0	0.000000E+0
2.074976E+3	9.202600E-7	1.346220E+4	0.000000E+0	0.000000E+0
2.078968E+3	9.202800E-7	1.346190E+4	0.000000E+0	0.000000E+0
2.082968E+3	9.201800E-7	1.346140E+4	0.000000E+0	0.000000E+0
2.086967E+3	9.203800E-7	1.346100E+4	0.000000E+0	0.000000E+0
2.090974E+3	9.203900E-7	1.346060E+4	0.000000E+0	0.000000E+0
2.094971E+3	9.199800E-7	1.346030E+4	0.000000E+0	0.000000E+0
2.098972E+3	9.203100E-7	1.345990E+4	0.000000E+0	0.000000E+0
2.102967E+3	9.203300E-7	1.345940E+4	0.000000E+0	0.000000E+0
2.106970E+3	9.200500E-7	1.345920E+4	0.000000E+0	0.000000E+0
2.110972E+3	9.204800E-7	1.345890E+4	0.000000E+0	0.000000E+0
2.114973E+3	9.203200E-7	1.345860E+4	0.000000E+0	0.000000E+0
2.118972E+3	9.204700E-7	1.345820E+4	0.000000E+0	0.000000E+0
2.122977E+3	9.205900E-7	1.345770E+4	0.000000E+0	0.000000E+0
2.126972E+3	9.205300E-7	1.345720E+4	0.000000E+0	0.000000E+0
2.130975E+3	9.206400E-7	1.345680E+4	0.000000E+0	0.000000E+0
2.134975E+3	9.204000E-7	1.345640E+4	0.000000E+0	0.000000E+0
2.138977E+3	9.204700E-7	1.345590E+4	0.000000E+0	0.000000E+0
2.142973E+3	9.194900E-7	1.345560E+4	0.000000E+0	0.000000E+0
2.146974E+3	9.197400E-7	1.345530E+4	0.000000E+0	0.000000E+0
2.150971E+3	9.198600E-7	1.345480E+4	0.000000E+0	0.000000E+0
2.154976E+3	9.203200E-7	1.345460E+4	0.000000E+0	0.000000E+0
2.158971E+3	9.201000E-7	1.345430E+4	0.000000E+0	0.000000E+0
2.162966E+3	9.195600E-7	1.345390E+4	0.000000E+0	0.000000E+0
2.166969E+3	9.195900E-7	1.345370E+4	0.000000E+0	0.000000E+0
2.170971E+3	9.203600E-7	1.345190E+4	0.000000E+0	0.000000E+0
2.174971E+3	9.193000E-7	1.344930E+4	0.000000E+0	0.000000E+0
2.178971E+3	9.192000E-7	1.344830E+4	0.000000E+0	0.000000E+0
2.182970E+3	9.198100E-7	1.344810E+4	0.000000E+0	0.000000E+0
2.186972E+3	9.193900E-7	1.344800E+4	0.000000E+0	0.000000E+0
2.190965E+3	9.194000E-7	1.344810E+4	0.000000E+0	0.000000E+0
2.194967E+3	9.198200E-7	1.344790E+4	0.000000E+0	0.000000E+0
2.198965E+3	9.200100E-7	1.344790E+4	0.000000E+0	0.000000E+0
2.202972E+3	9.191600E-7	1.344750E+4	0.000000E+0	0.000000E+0
2.206968E+3	9.193700E-7	1.344750E+4	0.000000E+0	0.000000E+0
2.210973E+3	9.193800E-7	1.344760E+4	0.000000E+0	0.000000E+0
2.214965E+3	9.195400E-7	1.344760E+4	0.000000E+0	0.000000E+0
2.218973E+3	9.189100E-7	1.344730E+4	0.000000E+0	0.000000E+0
2.222968E+3	9.194600E-7	1.344700E+4	0.000000E+0	0.000000E+0
2.226973E+3	9.195100E-7	1.344670E+4	0.000000E+0	0.000000E+0
2.230968E+3	9.195600E-7	1.344630E+4	0.000000E+0	0.000000E+0
2.234976E+3	9.194000E-7	1.344590E+4	0.000000E+0	0.000000E+0
2.238971E+3	9.200300E-7	1.344520E+4	0.000000E+0	0.000000E+0
2.242972E+3	9.207000E-7	1.344490E+4	0.000000E+0	0.000000E+0
2.246971E+3	9.196400E-7	1.344450E+4	0.000000E+0	0.000000E+0
2.250972E+3	9.198300E-7	1.344410E+4	0.000000E+0	0.000000E+0
2.254967E+3	9.201200E-7	1.344370E+4	0.000000E+0	0.000000E+0
2.258979E+3	9.199300E-7	1.344330E+4	0.000000E+0	0.000000E+0
2.262965E+3	9.205000E-7	1.344300E+4	0.000000E+0	0.000000E+0
2.266972E+3	9.200900E-7	1.344260E+4	0.000000E+0	0.000000E+0
2.270967E+3	9.205300E-7	1.344220E+4	0.000000E+0	0.000000E+0
2.274976E+3	9.206500E-7	1.344170E+4	0.000000E+0	0.000000E+0
2.278967E+3	9.202300E-7	1.344130E+4	0.000000E+0	0.000000E+0
2.282973E+3	9.201800E-7	1.344090E+4	0.000000E+0	0.000000E+0
2.286970E+3	9.207200E-7	1.344050E+4	0.000000E+0	0.000000E+0
2.290976E+3	9.207300E-7	1.344010E+4	0.000000E+0	0.000000E+0
2.294970E+3	9.207800E-7	1.343970E+4	0.000000E+0	0.000000E+0
2.298975E+3	9.210700E-7	1.343930E+4	0.000000E+0	0.000000E+0
2.302966E+3	9.206800E-7	1.343900E+4	0.000000E+0	0.000000E+0
2.306974E+3	9.207600E-7	1.343860E+4	0.000000E+0	0.000000E+0
2.310968E+3	9.206800E-7	1.343830E+4	0.000000E+0	0.000000E+0
2.314971E+3	9.205100E-7	1.343790E+4	0.000000E+0	0.000000E+0
2.318963E+3	9.206300E-7	1.343760E+4	0.000000E+0	0.000000E+0
2.322976E+3	9.208900E-7	1.343710E+4	0.000000E+0	0.000000E+0
2.326972E+3	9.209000E-7	1.343630E+4	0.000000E+0	0.000000E+0
2.330976E+3	9.208600E-7	1.343630E+4	0.000000E+0	0.000000E+0
2.334967E+3	9.209600E-7	1.343620E+4	0.000000E+0	0.000000E+0
2.338973E+3	9.211700E-7	1.343610E+4	0.000000E+0	0.000000E+0
2.342974E+3	9.210700E-7	1.343580E+4	0.000000E+0	0.000000E+0
2.346975E+3	9.207000E-7	1.343540E+4	0.000000E+0	0.000000E+0
2.350972E+3	9.206800E-7	1.343510E+4	0.000000E+0	0.000000E+0
2.354976E+3	9.207700E-7	1.343490E+4	0.000000E+0	0.000000E+0
2.358973E+3	9.207200E-7	1.343460E+4	0.000000E+0	0.000000E+0
2.362975E+3	9.209100E-7	1.343420E+4	0.000000E+0	0.000000E+0
2.366967E+3	9.207600E-7	1.343380E+4	0.000000E+0	0.000000E+0
2.370972E+3	9.207100E-7	1.343340E+4	0.000000E+0	0.000000E+0
2.374973E+3	9.205700E-7	1.343320E+4	0.000000E+0	0.000000E+0
2.378973E+3	9.207600E-7	1.343270E+4	0.000000E+0	0.000000E+0
2.382970E+3	9.207500E-7	1.343240E+4	0.000000E+0	0.000000E+0
2.386972E+3	9.207300E-7	1.343190E+4	0.000000E+0	0.000000E+0
2.390974E+3	9.207100E-7	1.343120E+4	0.000000E+0	0.000000E+0
2.394970E+3	9.207300E-7	1.343080E+4	0.000000E+0	0.000000E+0
2.398974E+3	9.210900E-7	1.343050E+4	0.000000E+0	0.000000E+0
2.402974E+3	9.211800E-7	1.343020E+4	0.000000E+0	0.000000E+0
2.406971E+3	9.211600E-7	1.342980E+4	0.000000E+0	0.000000E+0
2.410974E+3	9.210200E-7	1.342950E+4	0.000000E+0	0.000000E+0
2.414966E+3	9.213000E-7	1.342910E+4	0.000000E+0	0.000000E+0
2.418975E+3	9.215100E-7	1.342870E+4	0.000000E+0	0.000000E+0
2.422969E+3	9.219300E-7	1.342840E+4	0.000000E+0	0.000000E+0
2.426974E+3	9.220500E-7	1.342800E+4	0.000000E+0	0.000000E+0
2.430972E+3	9.221000E-7	1.342770E+4	0.000000E+0	0.000000E+0
2.434975E+3	9.218000E-7	1.342730E+4	0.000000E+0	0.000000E+0
2.438969E+3	9.219600E-7	1.342690E+4	0.000000E+0	0.000000E+0
2.442973E+3	9.218500E-7	1.342640E+4	0.000000E+0	0.000000E+0
2.446967E+3	9.218700E-7	1.342590E+4	0.000000E+0	0.000000E+0
2.450973E+3	9.215800E-7	1.342550E+4	0.000000E+0	0.000000E+0
2.454968E+3	9.215400E-7	1.342520E+4	0.000000E+0	0.000000E+0
2.458971E+3	9.227600E-7	1.342490E+4	0.000000E+0	0.000000E+0
2.462970E+3	9.208100E-7	1.342460E+4	0.000000E+0	0.000000E+0
2.466974E+3	9.210100E-7	1.342430E+4	0.000000E+0	0.000000E+0
2.470974E+3	9.209400E-7	1.342390E+4	0.000000E+0	0.000000E+0
2.474973E+3	9.208900E-7	1.342350E+4	0.000000E+0	0.000000E+0
2.478977E+3	9.208800E-7	1.342290E+4	0.000000E+0	0.000000E+0
2.482974E+3	9.208400E-7	1.342250E+4	0.000000E+0	0.000000E+0
2.486966E+3	9.207600E-7	1.342220E+4	0.000000E+0	0.000000E+0
2.490976E+3	9.206500E-7	1.342190E+4	0.000000E+0	0.000000E+0
2.494968E+3	9.207700E-7	1.342160E+4	0.000000E+0	0.000000E+0
2.498975E+3	9.206300E-7	1.342130E+4	0.000000E+0	0.000000E+0
2.502974E+3	9.203000E-7	1.342110E+4	0.000000E+0	0.000000E+0
2.506974E+3	9.207400E-7	1.342070E+4	0.000000E+0	0.000000E+0
2.510970E+3	9.202500E-7	1.342040E+4	0.000000E+0	0.000000E+0
2.514974E+3	9.210200E-7	1.342000E+4	0.000000E+0	0.000000E+0
2.518967E+3	9.211500E-7	1.341970E+4	0.000000E+0	0.000000E+0
2.522975E+3	9.209500E-7	1.341930E+4	0.000000E+0	0.000000E+0
2.526970E+3	9.211900E-7	1.341890E+4	0.000000E+0	0.000000E+0
2.530973E+3	9.210800E-7	1.341840E+4	0.000000E+0	0.000000E+0
2.534967E+3	9.212000E-7	1.341800E+4	0.000000E+0	0.000000E+0
2.538972E+3	9.210100E-7	1.341740E+4	0.000000E+0	0.000000E+0
2.542971E+3	9.208000E-7	1.341680E+4	0.000000E+0	0.000000E+0
2.546975E+3	9.211000E-7	1.341650E+4	0.000000E+0	0.000000E+0
2.550974E+3	9.209600E-7	1.341620E+4	0.000000E+0	0.000000E+0
2.554980E+3	9.208200E-7	1.341600E+4	0.000000E+0	0.000000E+0
2.558968E+3	9.205600E-7	1.341560E+4	0.000000E+0	0.000000E+0
2.562974E+3	9.203700E-7	1.341540E+4	0.000000E+0	0.000000E+0
2.566973E+3	9.206600E-7	1.341500E+4	0.000000E+0	0.000000E+0
2.570971E+3	9.204800E-7	1.341480E+4	0.000000E+0	0.000000E+0
2.574969E+3	9.229400E-7	1.341450E+4	0.000000E+0	0.000000E+0
2.578976E+3	9.210700E-7	1.341420E+4	0.000000E+0	0.000000E+0
2.582971E+3	9.222900E-7	1.341390E+4	0.000000E+0	0.000000E+0
2.586976E+3	9.205800E-7	1.341340E+4	0.000000E+0	0.000000E+0
2.590967E+3	9.210200E-7	1.341300E+4	0.000000E+0	0.000000E+0
2.594974E+3	9.204700E-7	1.341280E+4	0.000000E+0	0.000000E+0
2.598969E+3	9.204700E-7	1.341270E+4	0.000000E+0	0.000000E+0
2.602975E+3	9.217200E-7	1.341240E+4	0.000000E+0	0.000000E+0
2.606967E+3	9.202800E-7	1.341210E+4	0.000000E+0	0.000000E+0
2.610969E+3	9.203600E-7	1.341160E+4	0.000000E+0	0.000000E+0
2.614970E+3	9.205700E-7	1.341110E+4	0.000000E+0	0.000000E+0
2.618970E+3	9.206700E-7	1.341090E+4	0.000000E+0	0.000000E+0
2.622965E+3	9.209000E-7	1.341040E+4	0.000000E+0	0.000000E+0
2.626980E+3	9.206300E-7	1.341010E+4	0.000000E+0	0.000000E+0
2.630975E+3	9.209700E-7	1.340960E+4	0.000000E+0	0.000000E+0
2.634973E+3	9.208600E-7	1.340910E+4	0.000000E+0	0.000000E+0
2.638968E+3	9.213500E-7	1.340860E+4	0.000000E+0	0.000000E+0
2.642971E+3	9.215500E-7	1.340820E+4	0.000000E+0	0.000000E+0
2.646971E+3	9.218600E-7	1.340770E+4	0.000000E+0	0.000000E+0
2.650971E+3	9.213000E-7	1.340730E+4	0.000000E+0	0.000000E+0
2.654969E+3	9.211300E-7	1.340680E+4	0.000000E+0	0.000000E+0
2.658973E+3	9.211500E-7	1.340620E+4	0.000000E+0	0.000000E+0
2.662971E+3	9.212200E-7	1.340570E+4	0.000000E+0	0.000000E+0
2.666974E+3	9.209600E-7	1.340520E+4	0.000000E+0	0.000000E+0
2.670971E+3	9.213000E-7	1.340480E+4	0.000000E+0	0.000000E+0
2.674976E+3	9.224500E-7	1.340430E+4	0.000000E+0	0.000000E+0
2.678974E+3	9.224200E-7	1.340400E+4	0.000000E+0	0.000000E+0
2.682972E+3	9.224700E-7	1.340360E+4	0.000000E+0	0.000000E+0
2.686973E+3	9.225400E-7	1.340320E+4	0.000000E+0	0.000000E+0
2.690976E+3	9.220900E-7	1.340280E+4	0.000000E+0	0.000000E+0
2.694973E+3	9.223100E-7	1.340240E+4	0.000000E+0	0.000000E+0
2.698973E+3	9.221100E-7	1.340170E+4	0.000000E+0	0.000000E+0
2.702968E+3	9.221600E-7	1.340130E+4	0.000000E+0	0.000000E+0
2.706974E+3	9.223000E-7	1.340100E+4	0.000000E+0	0.000000E+0
2.710971E+3	9.209500E-7	1.340060E+4	0.000000E+0	0.000000E+0
2.714975E+3	9.210300E-7	1.340030E+4	0.000000E+0	0.000000E+0
2.718968E+3	9.212900E-7	1.339990E+4	0.000000E+0	0.000000E+0
2.722980E+3	9.212000E-7	1.339950E+4	0.000000E+0	0.000000E+0
2.726971E+3	9.213600E-7	1.339900E+4	0.000000E+0	0.000000E+0
2.730969E+3	9.212900E-7	1.339860E+4	0.000000E+0	0.000000E+0
2.734969E+3	9.213900E-7	1.339820E+4	0.000000E+0	0.000000E+0
2.738972E+3	9.212700E-7	1.339780E+4	0.000000E+0	0.000000E+0
2.742974E+3	9.215300E-7	1.339740E+4	0.000000E+0	0.000000E+0
2.746978E+3	9.210900E-7	1.339710E+4	0.000000E+0	0.000000E+0
2.750971E+3	9.211700E-7	1.339670E+4	0.000000E+0	0.000000E+0
2.754975E+3	9.209400E-7	1.339640E+4	0.000000E+0	0.000000E+0
2.758974E+3	9.210700E-7	1.339610E+4	0.000000E+0	0.000000E+0
2.762975E+3	9.211700E-7	1.339570E+4	0.000000E+0	0.000000E+0
2.766970E+3	9.208900E-7	1.339530E+4	0.000000E+0	0.000000E+0
2.770974E+3	9.210500E-7	1.339490E+4	0.000000E+0	0.000000E+0
2.774967E+3	9.210000E-7	1.339450E+4	0.000000E+0	0.000000E+0
2.778973E+3	9.209900E-7	1.339410E+4	0.000000E+0	0.000000E+0
2.782967E+3	9.215800E-7	1.339370E+4	0.000000E+0	0.000000E+0
2.786983E+3	9.217700E-7	1.339320E+4	0.000000E+0	0.000000E+0
2.790967E+3	9.217500E-7	1.339280E+4	0.000000E+0	0.000000E+0
2.794975E+3	9.219300E-7	1.339250E+4	0.000000E+0	0.000000E+0
2.798966E+3	9.217300E-7	1.339220E+4	0.000000E+0	0.000000E+0
2.802973E+3	9.220700E-7	1.339170E+4	0.000000E+0	0.000000E+0
2.806970E+3	9.221800E-7	1.339130E+4	0.000000E+0	0.000000E+0
2.810976E+3	9.222400E-7	1.339090E+4	0.000000E+0	0.000000E+0
2.814969E+3	9.221500E-7	1.339050E+4	0.000000E+0	0.000000E+0
2.818970E+3	9.223700E-7	1.339020E+4	0.000000E+0	0.000000E+0
2.822969E+3	9.221700E-7	1.339000E+4	0.000000E+0	0.000000E+0
2.826972E+3	9.224500E-7	1.338970E+4	0.000000E+0	0.000000E+0
2.830966E+3	9.223900E-7	1.338920E+4	0.000000E+0	0.000000E+0
2.834978E+3	9.222100E-7	1.338850E+4	0.000000E+0	0.000000E+0
2.838963E+3	9.224700E-7	1.338820E+4	0.000000E+0	0.000000E+0
2.842969E+3	9.223800E-7	1.338780E+4	0.000000E+0	0.000000E+0
2.846964E+3	9.223800E-7	1.338740E+4	0.000000E+0	0.000000E+0
2.850973E+3	9.223300E-7	1.338690E+4	0.000000E+0	0.000000E+0
2.854967E+3	9.226600E-7	1.338640E+4	0.000000E+0	0.000000E+0
2.858973E+3	9.216700E-7	1.338580E+4	0.000000E+0	0.000000E+0
2.862967E+3	9.214400E-7	1.338540E+4	0.000000E+0	0.000000E+0
2.866977E+3	9.220400E-7	1.338500E+4	0.000000E+0	0.000000E+0
2.870973E+3	9.218400E-7	1.338450E+4	0.000000E+0	0.000000E+0
2.874968E+3	9.218200E-7	1.338400E+4	0.000000E+0	0.000000E+0
2.878970E+3	9.216600E-7	1.338350E+4	0.000000E+0	0.000000E+0
2.882970E+3	9.214500E-7	1.338310E+4	0.000000E+0	0.000000E+0
2.886973E+3	9.215800E-7	1.338280E+4	0.000000E+0	0.000000E+0
2.890968E+3	9.217900E-7	1.338240E+4	0.000000E+0	0.000000E+0
2.895022E+3	9.217300E-7	1.338200E+4	0.000000E+0	0.000000E+0
2.898969E+3	9.216100E-7	1.338150E+4	0.000000E+0	0.000000E+0
2.902974E+3	9.231100E-7	1.338120E+4	0.000000E+0	0.000000E+0
2.906964E+3	9.215800E-7	1.338080E+4	0.000000E+0	0.000000E+0
2.910966E+3	9.217000E-7	1.338050E+4	0.000000E+0	0.000000E+0
2.914976E+3	9.217600E-7	1.338020E+4	0.000000E+0	0.000000E+0
2.918969E+3	9.217400E-7	1.337980E+4	0.000000E+0	0.000000E+0
2.922972E+3	9.222200E-7	1.337940E+4	0.000000E+0	0.000000E+0
2.926972E+3	9.222000E-7	1.337910E+4	0.000000E+0	0.000000E+0
2.930970E+3	9.220500E-7	1.337860E+4	0.000000E+0	0.000000E+0
2.934970E+3	9.224500E-7	1.337840E+4	0.000000E+0	0.000000E+0
2.938975E+3	9.230800E-7	1.337820E+4	0.000000E+0	0.000000E+0
2.942965E+3	9.227000E-7	1.337790E+4	0.000000E+0	0.000000E+0
2.946970E+3	9.225100E-7	1.337750E+4	0.000000E+0	0.000000E+0
2.950967E+3	9.223700E-7	1.337730E+4	0.000000E+0	0.000000E+0
2.954975E+3	9.223400E-7	1.337710E+4	0.000000E+0	0.000000E+0
2.958970E+3	9.225400E-7	1.337680E+4	0.000000E+0	0.000000E+0
2.962970E+3	9.225900E-7	1.337660E+4	0.000000E+0	0.000000E+0
2.966965E+3	9.226400E-7	1.337620E+4	0.000000E+0	0.000000E+0
2.970977E+3	9.229400E-7	1.337580E+4	0.000000E+0	0.000000E+0
2.974966E+3	9.231800E-7	1.337510E+4	0.000000E+0	0.000000E+0
2.978968E+3	9.229400E-7	1.337420E+4	0.000000E+0	0.000000E+0
2.982965E+3	9.231100E-7	1.337360E+4	0.000000E+0	0.000000E+0
2.986979E+3	9.230700E-7	1.337350E+4	0.000000E+0	0.000000E+0
2.990968E+3	9.230600E-7	1.337340E+4	0.000000E+0	0.000000E+0
2.994971E+3	9.229600E-7	1.337320E+4	0.000000E+0	0.000000E+0
2.998964E+3	9.228600E-7	1.337300E+4	0.000000E+0	0.000000E+0
3.002976E+3	9.231200E-7	1.337280E+4	0.000000E+0	0.000000E+0
3.006972E+3	9.228100E-7	1.337260E+4	0.000000E+0	0.000000E+0
3.010970E+3	9.229900E-7	1.337230E+4	0.000000E+0	0.000000E+0
3.014967E+3	9.230500E-7	1.337210E+4	0.000000E+0	0.000000E+0
3.018978E+3	9.227800E-7	1.337200E+4	0.000000E+0	0.000000E+0
3.022962E+3	9.228500E-7	1.337170E+4	0.000000E+0	0.000000E+0
3.026973E+3	9.229000E-7	1.337140E+4	0.000000E+0	0.000000E+0
3.030967E+3	9.229300E-7	1.337090E+4	0.000000E+0	0.000000E+0
3.034976E+3	9.228900E-7	1.337020E+4	0.000000E+0	0.000000E+0
3.038968E+3	9.229300E-7	1.336970E+4	0.000000E+0	0.000000E+0
3.042967E+3	9.226500E-7	1.336930E+4	0.000000E+0	0.000000E+0
3.046971E+3	9.226300E-7	1.336890E+4	0.000000E+0	0.000000E+0
3.050974E+3	9.228400E-7	1.336870E+4	0.000000E+0	0.000000E+0
3.054973E+3	9.227800E-7	1.336840E+4	0.000000E+0	0.000000E+0
3.058969E+3	9.230200E-7	1.336810E+4	0.000000E+0	0.000000E+0
3.062968E+3	9.230900E-7	1.336780E+4	0.000000E+0	0.000000E+0
3.066970E+3	9.223300E-7	1.336740E+4	0.000000E+0	0.000000E+0
3.070971E+3	9.224800E-7	1.336700E+4	0.000000E+0	0.000000E+0
3.074969E+3	9.227400E-7	1.336670E+4	0.000000E+0	0.000000E+0
3.078968E+3	9.226900E-7	1.336630E+4	0.000000E+0	0.000000E+0
3.082969E+3	9.229100E-7	1.336600E+4	0.000000E+0	0.000000E+0
3.086972E+3	9.227600E-7	1.336580E+4	0.000000E+0	0.000000E+0
3.090970E+3	9.227100E-7	1.336530E+4	0.000000E+0	0.000000E+0
3.094972E+3	9.228000E-7	1.336500E+4	0.000000E+0	0.000000E+0
3.098969E+3	9.226200E-7	1.336460E+4	0.000000E+0	0.000000E+0
3.102976E+3	9.226100E-7	1.336420E+4	0.000000E+0	0.000000E+0
3.106967E+3	9.227300E-7	1.336390E+4	0.000000E+0	0.000000E+0
3.110967E+3	9.228200E-7	1.336350E+4	0.000000E+0	0.000000E+0
3.114970E+3	9.230000E-7	1.336320E+4	0.000000E+0	0.000000E+0
3.118973E+3	9.229500E-7	1.336290E+4	0.000000E+0	0.000000E+0
3.122967E+3	9.227400E-7	1.336250E+4	0.000000E+0	0.000000E+0
3.126967E+3	9.227200E-7	1.336210E+4	0.000000E+0	0.000000E+0
3.130975E+3	9.226500E-7	1.336170E+4	0.000000E+0	0.000000E+0
3.134973E+3	9.225300E-7	1.336130E+4	0.000000E+0	0.000000E+0
3.138966E+3	9.227800E-7	1.336080E+4	0.000000E+0	0.000000E+0
3.142969E+3	9.229500E-7	1.336040E+4	0.000000E+0	0.000000E+0
3.146968E+3	9.227800E-7	1.336000E+4	0.000000E+0	0.000000E+0
3.150969E+3	9.229300E-7	1.335950E+4	0.000000E+0	0.000000E+0
3.154971E+3	9.226800E-7	1.335930E+4	0.000000E+0	0.000000E+0
3.158969E+3	9.226000E-7	1.335890E+4	0.000000E+0	0.000000E+0
3.162972E+3	9.227600E-7	1.335850E+4	0.000000E+0	0.000000E+0
3.166967E+3	9.230600E-7	1.335840E+4	0.000000E+0	0.000000E+0
3.170970E+3	9.227800E-7	1.335830E+4	0.000000E+0	0.000000E+0
3.174970E+3	9.227300E-7	1.335810E+4	0.000000E+0	0.000000E+0
3.178969E+3	9.228200E-7	1.335770E+4	0.000000E+0	0.000000E+0
3.182972E+3	9.230100E-7	1.335740E+4	0.000000E+0	0.000000E+0
3.186970E+3	9.229500E-7	1.335700E+4	0.000000E+0	0.000000E+0
3.190972E+3	9.229800E-7	1.335650E+4	0.000000E+0	0.000000E+0
3.194973E+3	9.230900E-7	1.335620E+4	0.000000E+0	0.000000E+0
3.198970E+3	9.230600E-7	1.335580E+4	0.000000E+0	0.000000E+0
3.202974E+3	9.231100E-7	1.335540E+4	0.000000E+0	0.000000E+0
3.206970E+3	9.231100E-7	1.335490E+4	0.000000E+0	0.000000E+0
3.210968E+3	9.231400E-7	1.335450E+4	0.000000E+0	0.000000E+0
3.214971E+3	9.230600E-7	1.335410E+4	0.000000E+0	0.000000E+0
3.218974E+3	9.229400E-7	1.335370E+4	0.000000E+0	0.000000E+0
3.222973E+3	9.230600E-7	1.335350E+4	0.000000E+0	0.000000E+0
3.226969E+3	9.231400E-7	1.335330E+4	0.000000E+0	0.000000E+0
3.230969E+3	9.229100E-7	1.335300E+4	0.000000E+0	0.000000E+0
3.234969E+3	9.228600E-7	1.335290E+4	0.000000E+0	0.000000E+0
3.238966E+3	9.230100E-7	1.335260E+4	0.000000E+0	0.000000E+0
3.242969E+3	9.228700E-7	1.335240E+4	0.000000E+0	0.000000E+0
3.246968E+3	9.228100E-7	1.335210E+4	0.000000E+0	0.000000E+0
3.250974E+3	9.227600E-7	1.335190E+4	0.000000E+0	0.000000E+0
3.254972E+3	9.227300E-7	1.335150E+4	0.000000E+0	0.000000E+0
3.258971E+3	9.229600E-7	1.335120E+4	0.000000E+0	0.000000E+0
3.262970E+3	9.228400E-7	1.335100E+4	0.000000E+0	0.000000E+0
3.266970E+3	9.228200E-7	1.335070E+4	0.000000E+0	0.000000E+0
3.270970E+3	9.228700E-7	1.335040E+4	0.000000E+0	0.000000E+0
3.274967E+3	9.230500E-7	1.334990E+4	0.000000E+0	0.000000E+0
3.278965E+3	9.222500E-7	1.334950E+4	0.000000E+0	0.000000E+0
3.282972E+3	9.224700E-7	1.334920E+4	0.000000E+0	0.000000E+0
3.286968E+3	9.226700E-7	1.334870E+4	0.000000E+0	0.000000E+0
3.290968E+3	9.229400E-7	1.334840E+4	0.000000E+0	0.000000E+0
3.294970E+3	9.226600E-7	1.334800E+4	0.000000E+0	0.000000E+0
3.298968E+3	9.240700E-7	1.334770E+4	0.000000E+0	0.000000E+0
3.302968E+3	9.228800E-7	1.334740E+4	0.000000E+0	0.000000E+0
3.306969E+3	9.230100E-7	1.334720E+4	0.000000E+0	0.000000E+0
3.310973E+3	9.231200E-7	1.334680E+4	0.000000E+0	0.000000E+0
3.314969E+3	9.232100E-7	1.334660E+4	0.000000E+0	0.000000E+0
3.318968E+3	9.231700E-7	1.334630E+4	0.000000E+0	0.000000E+0
3.322971E+3	9.231800E-7	1.334580E+4	0.000000E+0	0.000000E+0
3.326974E+3	9.231200E-7	1.334540E+4	0.000000E+0	0.000000E+0
3.330971E+3	9.230200E-7	1.334500E+4	0.000000E+0	0.000000E+0
3.334971E+3	9.226500E-7	1.334450E+4	0.000000E+0	0.000000E+0
3.338969E+3	9.227200E-7	1.334430E+4	0.000000E+0	0.000000E+0
3.342969E+3	9.227100E-7	1.334400E+4	0.000000E+0	0.000000E+0
3.346972E+3	9.226500E-7	1.334370E+4	0.000000E+0	0.000000E+0
3.350969E+3	9.231900E-7	1.334340E+4	0.000000E+0	0.000000E+0
3.354972E+3	9.234700E-7	1.334290E+4	0.000000E+0	0.000000E+0
3.358969E+3	9.232600E-7	1.334260E+4	0.000000E+0	0.000000E+0
3.362971E+3	9.231400E-7	1.334230E+4	0.000000E+0	0.000000E+0
3.366973E+3	9.228400E-7	1.334210E+4	0.000000E+0	0.000000E+0
3.370973E+3	9.226900E-7	1.334170E+4	0.000000E+0	0.000000E+0
3.374970E+3	9.229100E-7	1.334120E+4	0.000000E+0	0.000000E+0
3.378970E+3	9.252800E-7	1.334070E+4	0.000000E+0	0.000000E+0
3.382971E+3	9.229100E-7	1.334010E+4	0.000000E+0	0.000000E+0
3.386970E+3	9.229400E-7	1.333970E+4	0.000000E+0	0.000000E+0
3.390974E+3	9.231600E-7	1.333920E+4	0.000000E+0	0.000000E+0
3.394974E+3	9.230200E-7	1.333890E+4	0.000000E+0	0.000000E+0
3.398976E+3	9.231800E-7	1.333870E+4	0.000000E+0	0.000000E+0
3.402971E+3	9.230200E-7	1.333850E+4	0.000000E+0	0.000000E+0
3.406972E+3	9.228600E-7	1.333830E+4	0.000000E+0	0.000000E+0
3.410972E+3	9.230300E-7	1.333790E+4	0.000000E+0	0.000000E+0
3.414970E+3	9.231100E-7	1.333750E+4	0.000000E+0	0.000000E+0
3.418972E+3	9.234300E-7	1.333700E+4	0.000000E+0	0.000000E+0
3.422969E+3	9.235600E-7	1.333650E+4	0.000000E+0	0.000000E+0
3.426972E+3	9.234000E-7	1.333630E+4	0.000000E+0	0.000000E+0
3.430970E+3	9.234800E-7	1.333620E+4	0.000000E+0	0.000000E+0
3.434970E+3	9.234300E-7	1.333590E+4	0.000000E+0	0.000000E+0
3.438969E+3	9.229700E-7	1.333570E+4	0.000000E+0	0.000000E+0
3.442970E+3	9.229700E-7	1.333560E+4	0.000000E+0	0.000000E+0
3.446968E+3	9.231800E-7	1.333540E+4	0.000000E+0	0.000000E+0
3.450970E+3	9.233000E-7	1.333530E+4	0.000000E+0	0.000000E+0
3.454970E+3	9.233600E-7	1.333510E+4	0.000000E+0	0.000000E+0
3.458972E+3	9.236800E-7	1.333490E+4	0.000000E+0	0.000000E+0
3.462975E+3	9.238100E-7	1.333450E+4	0.000000E+0	0.000000E+0
3.466977E+3	9.235700E-7	1.333420E+4	0.000000E+0	0.000000E+0
3.470968E+3	9.238800E-7	1.333390E+4	0.000000E+0	0.000000E+0
3.474974E+3	9.237900E-7	1.333380E+4	0.000000E+0	0.000000E+0
3.478968E+3	9.236600E-7	1.333320E+4	0.000000E+0	0.000000E+0
3.482971E+3	9.238600E-7	1.333290E+4	0.000000E+0	0.000000E+0
3.486968E+3	9.238400E-7	1.333260E+4	0.000000E+0	0.000000E+0
3.490976E+3	9.238500E-7	1.333230E+4	0.000000E+0	0.000000E+0
3.494978E+3	9.237900E-7	1.333200E+4	0.000000E+0	0.000000E+0
3.498972E+3	9.237900E-7	1.333170E+4	0.000000E+0	0.000000E+0
3.502971E+3	9.235800E-7	1.333130E+4	0.000000E+0	0.000000E+0
3.506976E+3	9.237500E-7	1.333100E+4	0.000000E+0	0.000000E+0
3.510971E+3	9.238200E-7	1.333070E+4	0.000000E+0	0.000000E+0
3.514974E+3	9.238100E-7	1.333040E+4	0.000000E+0	0.000000E+0
3.518967E+3	9.242300E-7	1.333000E+4	0.000000E+0	0.000000E+0
3.522979E+3	9.237600E-7	1.332960E+4	0.000000E+0	0.000000E+0
3.526967E+3	9.233800E-7	1.332920E+4	0.000000E+0	0.000000E+0
3.530973E+3	9.234400E-7	1.332890E+4	0.000000E+0	0.000000E+0
3.534972E+3	9.232600E-7	1.332850E+4	0.000000E+0	0.000000E+0
3.538973E+3	9.235700E-7	1.332810E+4	0.000000E+0	0.000000E+0
3.542970E+3	9.235500E-7	1.332780E+4	0.000000E+0	0.000000E+0
3.546977E+3	9.233600E-7	1.332740E+4	0.000000E+0	0.000000E+0
3.550976E+3	9.235700E-7	1.332700E+4	0.000000E+0	0.000000E+0
3.554975E+3	9.236600E-7	1.332680E+4	0.000000E+0	0.000000E+0
3.558970E+3	9.230900E-7	1.332640E+4	0.000000E+0	0.000000E+0
3.562969E+3	9.232800E-7	1.332600E+4	0.000000E+0	0.000000E+0
3.566968E+3	9.234000E-7	1.332570E+4	0.000000E+0	0.000000E+0
3.570973E+3	9.233000E-7	1.332540E+4	0.000000E+0	0.000000E+0
3.574963E+3	9.234700E-7	1.332530E+4	0.000000E+0	0.000000E+0
3.578969E+3	9.233700E-7	1.332510E+4	0.000000E+0	0.000000E+0
3.582968E+3	9.233500E-7	1.332530E+4	0.000000E+0	0.000000E+0
3.586974E+3	9.229600E-7	1.332510E+4	0.000000E+0	0.000000E+0
3.590967E+3	9.231400E-7	1.332490E+4	0.000000E+0	0.000000E+0
3.594972E+3	9.231800E-7	1.332460E+4	0.000000E+0	0.000000E+0
3.598969E+3	9.224900E-7	1.332440E+4	0.000000E+0	0.000000E+0
3.602975E+3	9.225700E-7	1.332420E+4	0.000000E+0	0.000000E+0
3.606967E+3	9.234400E-7	1.332410E+4	0.000000E+0	0.000000E+0
3.610973E+3	9.233100E-7	1.332380E+4	0.000000E+0	0.000000E+0
3.614967E+3	9.233400E-7	1.332340E+4	0.000000E+0	0.000000E+0
3.618972E+3	9.231800E-7	1.332280E+4	0.000000E+0	0.000000E+0
3.622968E+3	9.230400E-7	1.332220E+4	0.000000E+0	0.000000E+0
3.626975E+3	9.232000E-7	1.332080E+4	0.000000E+0	0.000000E+0
3.630971E+3	9.231500E-7	1.332000E+4	0.000000E+0	0.000000E+0
3.634971E+3	9.230900E-7	1.331930E+4	0.000000E+0	0.000000E+0
3.638968E+3	9.236300E-7	1.331880E+4	0.000000E+0	0.000000E+0
3.642974E+3	9.235100E-7	1.331880E+4	0.000000E+0	0.000000E+0
3.646973E+3	9.237700E-7	1.331910E+4	0.000000E+0	0.000000E+0
3.650968E+3	9.236400E-7	1.331900E+4	0.000000E+0	0.000000E+0
3.654969E+3	9.236100E-7	1.331870E+4	0.000000E+0	0.000000E+0
3.658976E+3	9.236500E-7	1.331840E+4	0.000000E+0	0.000000E+0
3.662969E+3	9.236100E-7	1.331810E+4	0.000000E+0	0.000000E+0
3.666971E+3	9.232800E-7	1.331810E+4	0.000000E+0	0.000000E+0
3.670968E+3	9.236800E-7	1.331790E+4	0.000000E+0	0.000000E+0
3.674971E+3	9.237200E-7	1.331750E+4	0.000000E+0	0.000000E+0
3.678967E+3	9.239300E-7	1.331720E+4	0.000000E+0	0.000000E+0
3.682976E+3	9.239100E-7	1.331680E+4	0.000000E+0	0.000000E+0
3.686969E+3	9.242300E-7	1.331640E+4	0.000000E+0	0.000000E+0
3.690976E+3	9.237300E-7	1.331600E+4	0.000000E+0	0.000000E+0
3.694972E+3	9.238500E-7	1.331550E+4	0.000000E+0	0.000000E+0
3.698973E+3	9.238000E-7	1.331510E+4	0.000000E+0	0.000000E+0
3.702972E+3	9.238700E-7	1.331490E+4	0.000000E+0	0.000000E+0
3.706976E+3	9.243600E-7	1.331460E+4	0.000000E+0	0.000000E+0
3.710968E+3	9.241800E-7	1.331430E+4	0.000000E+0	0.000000E+0
3.714973E+3	9.241700E-7	1.331380E+4	0.000000E+0	0.000000E+0
3.718973E+3	9.240100E-7	1.331340E+4	0.000000E+0	0.000000E+0
3.722976E+3	9.241400E-7	1.331290E+4	0.000000E+0	0.000000E+0
3.726970E+3	9.238200E-7	1.331260E+4	0.000000E+0	0.000000E+0
3.730975E+3	9.239400E-7	1.331220E+4	0.000000E+0	0.000000E+0
3.734965E+3	9.241400E-7	1.331170E+4	0.000000E+0	0.000000E+0
3.738973E+3	9.244200E-7	1.331130E+4	0.000000E+0	0.000000E+0
3.742969E+3	9.240500E-7	1.331080E+4	0.000000E+0	0.000000E+0
3.746972E+3	9.244700E-7	1.331040E+4	0.000000E+0	0.000000E+0
3.750968E+3	9.242100E-7	1.330990E+4	0.000000E+0	0.000000E+0
3.754976E+3	9.240200E-7	1.330960E+4	0.000000E+0	0.000000E+0
3.758969E+3	9.239200E-7	1.330910E+4	0.000000E+0	0.000000E+0
3.762972E+3	9.241500E-7	1.330860E+4	0.000000E+0	0.000000E+0
3.766969E+3	9.241900E-7	1.330830E+4	0.000000E+0	0.000000E+0
3.770974E+3	9.241800E-7	1.330800E+4	0.000000E+0	0.000000E+0
3.774967E+3	9.241100E-7	1.330770E+4	0.000000E+0	0.000000E+0
3.778977E+3	9.240000E-7	1.330740E+4	0.000000E+0	0.000000E+0
3.782969E+3	9.246600E-7	1.330700E+4	0.000000E+0	0.000000E+0
3.786973E+3	9.244300E-7	1.330680E+4	0.000000E+0	0.000000E+0
3.790968E+3	9.247400E-7	1.330660E+4	0.000000E+0	0.000000E+0
3.794979E+3	9.249000E-7	1.330620E+4	0.000000E+0	0.000000E+0
3.798967E+3	9.245100E-7	1.330590E+4	0.000000E+0	0.000000E+0
3.802968E+3	9.256000E-7	1.330570E+4	0.000000E+0	0.000000E+0
3.806970E+3	9.244200E-7	1.330550E+4	0.000000E+0	0.000000E+0
3.810971E+3	9.245100E-7	1.330540E+4	0.000000E+0	0.000000E+0
3.814973E+3	9.246600E-7	1.330520E+4	0.000000E+0	0.000000E+0
3.818974E+3	9.247900E-7	1.330490E+4	0.000000E+0	0.000000E+0
3.822974E+3	9.247100E-7	1.330450E+4	0.000000E+0	0.000000E+0
3.826973E+3	9.248400E-7	1.330420E+4	0.000000E+0	0.000000E+0
3.830969E+3	9.247500E-7	1.330380E+4	0.000000E+0	0.000000E+0
3.834974E+3	9.248000E-7	1.330360E+4	0.000000E+0	0.000000E+0
3.838971E+3	9.246000E-7	1.330360E+4	0.000000E+0	0.000000E+0
3.842973E+3	9.246500E-7	1.330370E+4	0.000000E+0	0.000000E+0
3.846971E+3	9.248000E-7	1.330370E+4	0.000000E+0	0.000000E+0
3.850971E+3	9.247500E-7	1.330360E+4	0.000000E+0	0.000000E+0
3.854969E+3	9.248500E-7	1.330340E+4	0.000000E+0	0.000000E+0
3.858975E+3	9.248500E-7	1.330330E+4	0.000000E+0	0.000000E+0
3.862974E+3	9.250600E-7	1.330300E+4	0.000000E+0	0.000000E+0
3.866975E+3	9.251200E-7	1.330280E+4	0.000000E+0	0.000000E+0
3.870969E+3	9.248600E-7	1.330250E+4	0.000000E+0	0.000000E+0
3.874971E+3	9.249000E-7	1.330220E+4	0.000000E+0	0.000000E+0
3.878973E+3	9.249000E-7	1.330170E+4	0.000000E+0	0.000000E+0
3.882973E+3	9.250600E-7	1.330120E+4	0.000000E+0	0.000000E+0
3.886970E+3	9.247600E-7	1.330080E+4	0.000000E+0	0.000000E+0
3.890978E+3	9.245900E-7	1.330030E+4	0.000000E+0	0.000000E+0
3.894973E+3	9.246000E-7	1.330000E+4	0.000000E+0	0.000000E+0
3.898970E+3	9.251000E-7	1.329970E+4	0.000000E+0	0.000000E+0
3.902970E+3	9.253000E-7	1.329930E+4	0.000000E+0	0.000000E+0
3.906976E+3	9.249600E-7	1.329900E+4	0.000000E+0	0.000000E+0
3.910968E+3	9.255100E-7	1.329870E+4	0.000000E+0	0.000000E+0
3.914976E+3	9.252300E-7	1.329820E+4	0.000000E+0	0.000000E+0
3.918969E+3	9.259600E-7	1.329790E+4	0.000000E+0	0.000000E+0
3.922978E+3	9.264000E-7	1.329760E+4	0.000000E+0	0.000000E+0
3.926966E+3	9.262200E-7	1.329740E+4	0.000000E+0	0.000000E+0
3.930976E+3	9.257100E-7	1.329710E+4	0.000000E+0	0.000000E+0
3.934971E+3	9.259600E-7	1.329670E+4	0.000000E+0	0.000000E+0
3.938977E+3	9.258200E-7	1.329640E+4	0.000000E+0	0.000000E+0
3.942966E+3	9.259800E-7	1.329610E+4	0.000000E+0	0.000000E+0
3.946995E+3	9.258400E-7	1.329510E+4	0.000000E+0	0.000000E+0
3.950967E+3	9.256900E-7	1.329440E+4	0.000000E+0	0.000000E+0
3.954965E+3	9.259300E-7	1.329400E+4	0.000000E+0	0.000000E+0
3.958969E+3	9.257800E-7	1.329370E+4	0.000000E+0	0.000000E+0
3.962972E+3	9.255700E-7	1.329320E+4	0.000000E+0	0.000000E+0
3.966973E+3	9.260300E-7	1.329300E+4	0.000000E+0	0.000000E+0
3.972166E+3	9.271600E-7	1.329270E+4	0.000000E+0	0.000000E+0
3.975971E+3	9.272300E-7	1.329250E+4	0.000000E+0	0.000000E+0
3.979967E+3	9.271300E-7	1.329230E+4	0.000000E+0	0.000000E+0
3.983971E+3	9.271100E-7	1.329220E+4	0.000000E+0	0.000000E+0
3.987970E+3	9.269200E-7	1.329190E+4	0.000000E+0	0.000000E+0
3.991973E+3	9.270100E-7	1.329160E+4	0.000000E+0	0.000000E+0
3.995974E+3	9.268300E-7	1.329130E+4	0.000000E+0	0.000000E+0
3.999971E+3	9.268700E-7	1.329090E+4	0.000000E+0	0.000000E+0
4.003971E+3	9.263500E-7	1.329070E+4	0.000000E+0	0.000000E+0
4.007969E+3	9.272400E-7	1.329050E+4	0.000000E+0	0.000000E+0
4.011972E+3	9.272900E-7	1.329030E+4	0.000000E+0	0.000000E+0
4.015972E+3	9.273100E-7	1.329020E+4	0.000000E+0	0.000000E+0
4.019971E+3	9.275200E-7	1.329000E+4	0.000000E+0	0.000000E+0
4.023969E+3	9.276200E-7	1.328970E+4	0.000000E+0	0.000000E+0
4.027973E+3	9.273200E-7	1.328940E+4	0.000000E+0	0.000000E+0
4.031967E+3	9.273300E-7	1.328890E+4	0.000000E+0	0.000000E+0
4.035967E+3	9.277600E-7	1.328860E+4	0.000000E+0	0.000000E+0
4.039967E+3	9.277100E-7	1.328830E+4	0.000000E+0	0.000000E+0
4.043965E+3	9.275100E-7	1.328810E+4	0.000000E+0	0.000000E+0
4.047972E+3	9.274300E-7	1.328800E+4	0.000000E+0	0.000000E+0
4.051972E+3	9.277800E-7	1.328800E+4	0.000000E+0	0.000000E+0
4.055970E+3	9.275500E-7	1.328780E+4	0.000000E+0	0.000000E+0
4.059970E+3	9.277400E-7	1.328760E+4	0.000000E+0	0.000000E+0
4.063970E+3	9.277400E-7	1.328740E+4	0.000000E+0	0.000000E+0
4.067968E+3	9.276700E-7	1.328720E+4	0.000000E+0	0.000000E+0
4.071967E+3	9.278100E-7	1.328680E+4	0.000000E+0	0.000000E+0
4.075968E+3	9.275600E-7	1.328660E+4	0.000000E+0	0.000000E+0
4.079970E+3	9.275700E-7	1.328620E+4	0.000000E+0	0.000000E+0
4.083970E+3	9.276300E-7	1.328600E+4	0.000000E+0	0.000000E+0
4.087969E+3	9.279700E-7	1.328580E+4	0.000000E+0	0.000000E+0
4.091972E+3	9.276000E-7	1.328540E+4	0.000000E+0	0.000000E+0
4.095972E+3	9.280300E-7	1.328500E+4	0.000000E+0	0.000000E+0
4.099971E+3	9.278500E-7	1.328460E+4	0.000000E+0	0.000000E+0
4.103971E+3	9.280200E-7	1.328410E+4	0.000000E+0	0.000000E+0
4.107972E+3	9.278400E-7	1.328370E+4	0.000000E+0	0.000000E+0
4.111969E+3	9.281100E-7	1.328340E+4	0.000000E+0	0.000000E+0
4.115976E+3	9.277000E-7	1.328320E+4	0.000000E+0	0.000000E+0
4.119969E+3	9.276800E-7	1.328280E+4	0.000000E+0	0.000000E+0
4.123962E+3	9.277700E-7	1.328240E+4	0.000000E+0	0.000000E+0
4.127979E+3	9.278400E-7	1.328210E+4	0.000000E+0	0.000000E+0
4.131969E+3	9.274900E-7	1.328170E+4	0.000000E+0	0.000000E+0
4.135977E+3	9.278000E-7	1.328120E+4	0.000000E+0	0.000000E+0
4.139970E+3	9.278200E-7	1.328100E+4	0.000000E+0	0.000000E+0
4.143970E+3	9.279200E-7	1.328080E+4	0.000000E+0	0.000000E+0
4.147968E+3	9.279500E-7	1.328060E+4	0.000000E+0	0.000000E+0
4.151978E+3	9.276500E-7	1.327990E+4	0.000000E+0	0.000000E+0
4.155973E+3	9.278000E-7	1.327950E+4	0.000000E+0	0.000000E+0
4.159971E+3	9.277600E-7	1.327930E+4	0.000000E+0	0.000000E+0
4.163970E+3	9.278300E-7	1.327890E+4	0.000000E+0	0.000000E+0
4.167981E+3	9.278500E-7	1.327840E+4	0.000000E+0	0.000000E+0
4.171971E+3	9.280600E-7	1.327820E+4	0.000000E+0	0.000000E+0
4.175971E+3	9.285200E-7	1.327780E+4	0.000000E+0	0.000000E+0
4.179966E+3	9.284800E-7	1.327760E+4	0.000000E+0	0.000000E+0
4.183976E+3	9.285800E-7	1.327740E+4	0.000000E+0	0.000000E+0
4.187969E+3	9.288400E-7	1.327710E+4	0.000000E+0	0.000000E+0
4.191974E+3	9.288100E-7	1.327680E+4	0.000000E+0	0.000000E+0
4.195969E+3	9.284900E-7	1.327660E+4	0.000000E+0	0.000000E+0
4.199977E+3	9.286500E-7	1.327620E+4	0.000000E+0	0.000000E+0
4.203970E+3	9.283700E-7	1.327580E+4	0.000000E+0	0.000000E+0
4.207976E+3	9.284800E-7	1.327540E+4	0.000000E+0	0.000000E+0
4.211970E+3	9.282300E-7	1.327490E+4	0.000000E+0	0.000000E+0
4.215975E+3	9.284700E-7	1.327450E+4	0.000000E+0	0.000000E+0
4.219973E+3	9.285200E-7	1.327400E+4	0.000000E+0	0.000000E+0
4.223975E+3	9.287200E-7	1.327360E+4	0.000000E+0	0.000000E+0
4.227970E+3	9.286900E-7	1.327330E+4	0.000000E+0	0.000000E+0
4.231974E+3	9.285900E-7	1.327310E+4	0.000000E+0	0.000000E+0
4.235970E+3	9.285400E-7	1.327290E+4	0.000000E+0	0.000000E+0
4.239976E+3	9.285800E-7	1.327280E+4	0.000000E+0	0.000000E+0
4.243973E+3	9.282400E-7	1.327260E+4	0.000000E+0	0.000000E+0
4.247974E+3	9.278100E-7	1.327240E+4	0.000000E+0	0.000000E+0
4.251966E+3	9.275000E-7	1.327220E+4	0.000000E+0	0.000000E+0
4.255994E+3	9.278000E-7	1.327190E+4	0.000000E+0	0.000000E+0
4.259968E+3	9.278200E-7	1.327150E+4	0.000000E+0	0.000000E+0
4.263978E+3	9.281000E-7	1.327110E+4	0.000000E+0	0.000000E+0
4.267971E+3	9.278000E-7	1.327070E+4	0.000000E+0	0.000000E+0
4.271976E+3	9.281500E-7	1.327040E+4	0.000000E+0	0.000000E+0
4.275976E+3	9.278500E-7	1.327010E+4	0.000000E+0	0.000000E+0
4.279976E+3	9.297400E-7	1.326980E+4	0.000000E+0	0.000000E+0
4.283975E+3	9.279300E-7	1.326950E+4	0.000000E+0	0.000000E+0
4.287975E+3	9.280500E-7	1.326900E+4	0.000000E+0	0.000000E+0
4.291970E+3	9.281300E-7	1.326870E+4	0.000000E+0	0.000000E+0
4.295974E+3	9.282200E-7	1.326840E+4	0.000000E+0	0.000000E+0
4.299970E+3	9.283700E-7	1.326800E+4	0.000000E+0	0.000000E+0
4.303969E+3	9.284800E-7	1.326760E+4	0.000000E+0	0.000000E+0
4.307972E+3	9.283800E-7	1.326700E+4	0.000000E+0	0.000000E+0
4.311973E+3	9.282500E-7	1.326670E+4	0.000000E+0	0.000000E+0
4.315973E+3	9.284500E-7	1.326640E+4	0.000000E+0	0.000000E+0
4.319975E+3	9.283100E-7	1.326630E+4	0.000000E+0	0.000000E+0
4.323975E+3	9.281500E-7	1.326610E+4	0.000000E+0	0.000000E+0
4.327971E+3	9.285000E-7	1.326600E+4	0.000000E+0	0.000000E+0
4.331973E+3	9.285000E-7	1.326580E+4	0.000000E+0	0.000000E+0
4.335971E+3	9.284300E-7	1.326550E+4	0.000000E+0	0.000000E+0
4.339971E+3	9.286400E-7	1.326490E+4	0.000000E+0	0.000000E+0
4.343972E+3	9.285400E-7	1.326440E+4	0.000000E+0	0.000000E+0
4.347976E+3	9.290700E-7	1.326410E+4	0.000000E+0	0.000000E+0
4.351973E+3	9.285300E-7	1.326390E+4	0.000000E+0	0.000000E+0
4.355972E+3	9.287000E-7	1.326370E+4	0.000000E+0	0.000000E+0
4.359972E+3	9.292100E-7	1.326340E+4	0.000000E+0	0.000000E+0
4.363971E+3	9.289300E-7	1.326320E+4	0.000000E+0	0.000000E+0
4.367969E+3	9.288300E-7	1.326310E+4	0.000000E+0	0.000000E+0
4.371971E+3	9.288500E-7	1.326280E+4	0.000000E+0	0.000000E+0
4.375975E+3	9.286900E-7	1.326250E+4	0.000000E+0	0.000000E+0
4.379974E+3	9.289000E-7	1.326220E+4	0.000000E+0	0.000000E+0
4.383969E+3	9.286400E-7	1.326200E+4	0.000000E+0	0.000000E+0
4.387977E+3	9.286700E-7	1.326180E+4	0.000000E+0	0.000000E+0
4.391973E+3	9.286700E-7	1.326160E+4	0.000000E+0	0.000000E+0
4.395970E+3	9.285600E-7	1.326140E+4	0.000000E+0	0.000000E+0
4.399968E+3	9.284800E-7	1.326130E+4	0.000000E+0	0.000000E+0
4.403973E+3	9.309500E-7	1.326120E+4	0.000000E+0	0.000000E+0
4.407970E+3	9.286300E-7	1.326080E+4	0.000000E+0	0.000000E+0
4.411973E+3	9.287900E-7	1.326060E+4	0.000000E+0	0.000000E+0
4.415971E+3	9.288300E-7	1.326040E+4	0.000000E+0	0.000000E+0
4.419968E+3	9.288000E-7	1.326010E+4	0.000000E+0	0.000000E+0
4.423977E+3	9.289100E-7	1.325980E+4	0.000000E+0	0.000000E+0
4.427971E+3	9.289200E-7	1.325960E+4	0.000000E+0	0.000000E+0
4.431969E+3	9.287500E-7	1.325930E+4	0.000000E+0	0.000000E+0
4.435966E+3	9.290300E-7	1.325890E+4	0.000000E+0	0.000000E+0
4.439970E+3	9.289400E-7	1.325860E+4	0.000000E+0	0.000000E+0
4.443969E+3	9.289600E-7	1.325820E+4	0.000000E+0	0.000000E+0
4.447969E+3	9.282000E-7	1.325790E+4	0.000000E+0	0.000000E+0
4.451972E+3	9.282200E-7	1.325760E+4	0.000000E+0	0.000000E+0
4.455974E+3	9.284100E-7	1.325720E+4	0.000000E+0	0.000000E+0
4.459976E+3	9.283600E-7	1.325700E+4	0.000000E+0	0.000000E+0
4.463972E+3	9.283400E-7	1.325660E+4	0.000000E+0	0.000000E+0
4.467970E+3	9.284200E-7	1.325620E+4	0.000000E+0	0.000000E+0
4.471973E+3	9.278600E-7	1.325600E+4	0.000000E+0	0.000000E+0
4.475970E+3	9.282100E-7	1.325570E+4	0.000000E+0	0.000000E+0
4.479972E+3	9.286000E-7	1.325550E+4	0.000000E+0	0.000000E+0
4.483970E+3	9.284000E-7	1.325510E+4	0.000000E+0	0.000000E+0
4.487979E+3	9.283100E-7	1.325490E+4	0.000000E+0	0.000000E+0
4.491971E+3	9.285900E-7	1.325470E+4	0.000000E+0	0.000000E+0
4.495973E+3	9.289200E-7	1.325440E+4	0.000000E+0	0.000000E+0
4.499971E+3	9.286600E-7	1.325390E+4	0.000000E+0	0.000000E+0
4.503976E+3	9.285000E-7	1.325360E+4	0.000000E+0	0.000000E+0
4.507970E+3	9.283800E-7	1.325340E+4	0.000000E+0	0.000000E+0
4.511971E+3	9.286000E-7	1.325310E+4	0.000000E+0	0.000000E+0
4.515973E+3	9.285800E-7	1.325300E+4	0.000000E+0	0.000000E+0
4.519971E+3	9.286900E-7	1.325280E+4	0.000000E+0	0.000000E+0
4.523968E+3	9.288100E-7	1.325250E+4	0.000000E+0	0.000000E+0
4.527976E+3	9.289200E-7	1.325200E+4	0.000000E+0	0.000000E+0
4.531969E+3	9.287700E-7	1.325160E+4	0.000000E+0	0.000000E+0
4.535979E+3	9.287600E-7	1.325110E+4	0.000000E+0	0.000000E+0
4.539971E+3	9.289300E-7	1.325090E+4	0.000000E+0	0.000000E+0
4.543975E+3	9.288500E-7	1.325060E+4	0.000000E+0	0.000000E+0
4.547966E+3	9.288700E-7	1.325040E+4	0.000000E+0	0.000000E+0
4.551974E+3	9.290800E-7	1.325010E+4	0.000000E+0	0.000000E+0
4.555967E+3	9.289600E-7	1.324980E+4	0.000000E+0	0.000000E+0
4.559976E+3	9.287800E-7	1.324960E+4	0.000000E+0	0.000000E+0
4.563967E+3	9.287800E-7	1.324930E+4	0.000000E+0	0.000000E+0
4.567977E+3	9.282800E-7	1.324910E+4	0.000000E+0	0.000000E+0
4.571970E+3	9.291700E-7	1.324830E+4	0.000000E+0	0.000000E+0
4.575973E+3	9.288500E-7	1.324660E+4	0.000000E+0	0.000000E+0
4.579971E+3	9.290400E-7	1.324580E+4	0.000000E+0	0.000000E+0
4.583975E+3	9.293400E-7	1.324590E+4	0.000000E+0	0.000000E+0
4.587973E+3	9.291600E-7	1.324620E+4	0.000000E+0	0.000000E+0
4.591975E+3	9.292800E-7	1.324630E+4	0.000000E+0	0.000000E+0
4.595966E+3	9.292800E-7	1.324640E+4	0.000000E+0	0.000000E+0
4.599974E+3	9.293000E-7	1.324660E+4	0.000000E+0	0.000000E+0
4.603973E+3	9.290300E-7	1.324670E+4	0.000000E+0	0.000000E+0
4.607974E+3	9.292800E-7	1.324680E+4	0.000000E+0	0.000000E+0
4.611972E+3	9.294500E-7	1.324670E+4	0.000000E+0	0.000000E+0
4.615976E+3	9.292600E-7	1.324620E+4	0.000000E+0	0.000000E+0
4.619971E+3	9.291300E-7	1.324580E+4	0.000000E+0	0.000000E+0
4.623972E+3	9.292400E-7	1.324540E+4	0.000000E+0	0.000000E+0
4.627969E+3	9.291000E-7	1.324500E+4	0.000000E+0	0.000000E+0
4.631974E+3	9.292600E-7	1.324470E+4	0.000000E+0	0.000000E+0
4.635967E+3	9.289100E-7	1.324420E+4	0.000000E+0	0.000000E+0
4.639973E+3	9.290800E-7	1.324380E+4	0.000000E+0	0.000000E+0
4.643970E+3	9.293200E-7	1.324340E+4	0.000000E+0	0.000000E+0
4.647975E+3	9.291600E-7	1.324310E+4	0.000000E+0	0.000000E+0
4.651969E+3	9.291700E-7	1.324280E+4	0.000000E+0	0.000000E+0
4.655969E+3	9.291300E-7	1.324240E+4	0.000000E+0	0.000000E+0
4.659970E+3	9.293200E-7	1.324210E+4	0.000000E+0	0.000000E+0
4.663980E+3	9.293200E-7	1.324190E+4	0.000000E+0	0.000000E+0
4.667970E+3	9.291300E-7	1.324170E+4	0.000000E+0	0.000000E+0
4.671973E+3	9.291700E-7	1.324140E+4	0.000000E+0	0.000000E+0
4.675971E+3	9.288500E-7	1.324120E+4	0.000000E+0	0.000000E+0
4.679974E+3	9.286900E-7	1.324100E+4	0.000000E+0	0.000000E+0
4.683970E+3	9.287300E-7	1.324080E+4	0.000000E+0	0.000000E+0
4.687978E+3	9.286500E-7	1.324060E+4	0.000000E+0	0.000000E+0
4.691971E+3	9.289700E-7	1.324030E+4	0.000000E+0	0.000000E+0
4.695976E+3	9.295100E-7	1.324010E+4	0.000000E+0	0.000000E+0
4.699969E+3	9.292900E-7	1.323980E+4	0.000000E+0	0.000000E+0
4.703975E+3	9.318000E-7	1.323980E+4	0.000000E+0	0.000000E+0
4.707971E+3	9.295500E-7	1.323960E+4	0.000000E+0	0.000000E+0
4.711978E+3	9.295000E-7	1.323960E+4	0.000000E+0	0.000000E+0
4.715970E+3	9.296300E-7	1.323950E+4	0.000000E+0	0.000000E+0
4.719973E+3	9.302700E-7	1.323930E+4	0.000000E+0	0.000000E+0
4.723974E+3	9.297300E-7	1.323900E+4	0.000000E+0	0.000000E+0
4.727976E+3	9.296700E-7	1.323880E+4	0.000000E+0	0.000000E+0
4.731973E+3	9.297600E-7	1.323880E+4	0.000000E+0	0.000000E+0
4.735975E+3	9.297400E-7	1.323860E+4	0.000000E+0	0.000000E+0
4.739967E+3	9.295400E-7	1.323830E+4	0.000000E+0	0.000000E+0
4.743975E+3	9.296500E-7	1.323800E+4	0.000000E+0	0.000000E+0
4.747968E+3	9.298000E-7	1.323760E+4	0.000000E+0	0.000000E+0
4.751973E+3	9.297500E-7	1.323710E+4	0.000000E+0	0.000000E+0
4.755973E+3	9.299200E-7	1.323680E+4	0.000000E+0	0.000000E+0
4.759973E+3	9.297700E-7	1.323630E+4	0.000000E+0	0.000000E+0
4.763973E+3	9.299200E-7	1.323600E+4	0.000000E+0	0.000000E+0
4.767976E+3	9.295000E-7	1.323570E+4	0.000000E+0	0.000000E+0
4.771969E+3	9.297200E-7	1.323540E+4	0.000000E+0	0.000000E+0
4.775973E+3	9.295500E-7	1.323520E+4	0.000000E+0	0.000000E+0
4.779968E+3	9.298600E-7	1.323500E+4	0.000000E+0	0.000000E+0
4.783969E+3	9.299300E-7	1.323470E+4	0.000000E+0	0.000000E+0
4.787968E+3	9.297300E-7	1.323450E+4	0.000000E+0	0.000000E+0
4.791981E+3	9.299400E-7	1.323410E+4	0.000000E+0	0.000000E+0
4.795972E+3	9.298800E-7	1.323380E+4	0.000000E+0	0.000000E+0
4.799976E+3	9.297000E-7	1.323330E+4	0.000000E+0	0.000000E+0
4.803966E+3	9.298700E-7	1.323300E+4	0.000000E+0	0.000000E+0
4.807975E+3	9.298800E-7	1.323260E+4	0.000000E+0	0.000000E+0
4.811970E+3	9.300000E-7	1.323240E+4	0.000000E+0	0.000000E+0
4.815978E+3	9.299300E-7	1.323190E+4	0.000000E+0	0.000000E+0
4.819975E+3	9.298600E-7	1.323150E+4	0.000000E+0	0.000000E+0
4.823973E+3	9.299700E-7	1.323110E+4	0.000000E+0	0.000000E+0
4.827972E+3	9.301900E-7	1.323080E+4	0.000000E+0	0.000000E+0
4.831975E+3	9.298000E-7	1.323040E+4	0.000000E+0	0.000000E+0
4.835973E+3	9.300300E-7	1.323020E+4	0.000000E+0	0.000000E+0
4.839973E+3	9.300800E-7	1.322970E+4	0.000000E+0	0.000000E+0
4.843967E+3	9.298300E-7	1.322930E+4	0.000000E+0	0.000000E+0
4.847973E+3	9.299300E-7	1.322910E+4	0.000000E+0	0.000000E+0
4.851963E+3	9.298700E-7	1.322880E+4	0.000000E+0	0.000000E+0
4.855993E+3	9.306600E-7	1.322870E+4	0.000000E+0	0.000000E+0
4.859973E+3	9.304800E-7	1.322860E+4	0.000000E+0	0.000000E+0
4.863974E+3	9.300800E-7	1.322850E+4	0.000000E+0	0.000000E+0
4.867967E+3	9.306200E-7	1.322840E+4	0.000000E+0	0.000000E+0
4.871979E+3	9.305200E-7	1.322790E+4	0.000000E+0	0.000000E+0
4.875971E+3	9.301200E-7	1.322680E+4	0.000000E+0	0.000000E+0
4.879972E+3	9.299300E-7	1.322590E+4	0.000000E+0	0.000000E+0
4.883971E+3	9.297700E-7	1.322510E+4	0.000000E+0	0.000000E+0
4.887966E+3	9.300100E-7	1.322510E+4	0.000000E+0	0.000000E+0
4.891969E+3	9.298800E-7	1.322530E+4	0.000000E+0	0.000000E+0
4.895970E+3	9.300900E-7	1.322540E+4	0.000000E+0	0.000000E+0
4.899969E+3	9.302500E-7	1.322520E+4	0.000000E+0	0.000000E+0
4.903969E+3	9.299600E-7	1.322490E+4	0.000000E+0	0.000000E+0
4.907970E+3	9.298500E-7	1.322440E+4	0.000000E+0	0.000000E+0
4.911972E+3	9.300000E-7	1.322420E+4	0.000000E+0	0.000000E+0
4.915975E+3	9.300200E-7	1.322400E+4	0.000000E+0	0.000000E+0
4.919970E+3	9.302400E-7	1.322400E+4	0.000000E+0	0.000000E+0
4.923970E+3	9.302700E-7	1.322380E+4	0.000000E+0	0.000000E+0
4.927976E+3	9.301600E-7	1.322380E+4	0.000000E+0	0.000000E+0
4.931977E+3	9.305000E-7	1.322360E+4	0.000000E+0	0.000000E+0
4.935974E+3	9.303500E-7	1.322350E+4	0.000000E+0	0.000000E+0
4.939971E+3	9.303400E-7	1.322310E+4	0.000000E+0	0.000000E+0
4.943968E+3	9.302800E-7	1.322260E+4	0.000000E+0	0.000000E+0
4.947968E+3	9.302900E-7	1.322230E+4	0.000000E+0	0.000000E+0
4.951973E+3	9.302500E-7	1.322210E+4	0.000000E+0	0.000000E+0
4.955976E+3	9.302000E-7	1.322200E+4	0.000000E+0	0.000000E+0
4.959971E+3	9.304100E-7	1.322180E+4	0.000000E+0	0.000000E+0
4.963969E+3	9.303400E-7	1.322160E+4	0.000000E+0	0.000000E+0
4.967967E+3	9.304200E-7	1.322140E+4	0.000000E+0	0.000000E+0
4.971969E+3	9.303900E-7	1.322110E+4	0.000000E+0	0.000000E+0
4.975970E+3	9.304800E-7	1.322080E+4	0.000000E+0	0.000000E+0
4.979971E+3	9.306600E-7	1.322060E+4	0.000000E+0	0.000000E+0
4.983970E+3	9.305500E-7	1.322020E+4	0.000000E+0	0.000000E+0
4.987973E+3	9.304500E-7	1.321990E+4	0.000000E+0	0.000000E+0
4.991976E+3	9.304500E-7	1.321950E+4	0.000000E+0	0.000000E+0
4.995970E+3	9.304300E-7	1.321910E+4	0.000000E+0	0.000000E+0
4.999970E+3	9.305400E-7	1.321890E+4	0.000000E+0	0.000000E+0
5.003971E+3	9.307900E-7	1.321850E+4	0.000000E+0	0.000000E+0
5.007971E+3	9.302300E-7	1.321800E+4	0.000000E+0	0.000000E+0
5.011971E+3	9.305500E-7	1.321720E+4	0.000000E+0	0.000000E+0
5.015970E+3	9.302600E-7	1.321710E+4	0.000000E+0	0.000000E+0
5.019971E+3	9.305800E-7	1.321700E+4	0.000000E+0	0.000000E+0
5.023971E+3	9.304700E-7	1.321690E+4	0.000000E+0	0.000000E+0
5.027971E+3	9.305500E-7	1.321680E+4	0.000000E+0	0.000000E+0
5.031969E+3	9.306500E-7	1.321670E+4	0.000000E+0	0.000000E+0
5.035971E+3	9.306100E-7	1.321670E+4	0.000000E+0	0.000000E+0
5.039971E+3	9.305300E-7	1.321680E+4	0.000000E+0	0.000000E+0
5.043972E+3	9.305900E-7	1.321690E+4	0.000000E+0	0.000000E+0
5.047969E+3	9.306300E-7	1.321700E+4	0.000000E+0	0.000000E+0
5.051970E+3	9.304900E-7	1.321720E+4	0.000000E+0	0.000000E+0
5.055969E+3	9.305300E-7	1.321700E+4	0.000000E+0	0.000000E+0
5.059969E+3	9.306800E-7	1.321690E+4	0.000000E+0	0.000000E+0
5.063969E+3	9.304100E-7	1.321670E+4	0.000000E+0	0.000000E+0
5.067970E+3	9.306100E-7	1.321640E+4	0.000000E+0	0.000000E+0
5.071974E+3	9.301900E-7	1.321600E+4	0.000000E+0	0.000000E+0
5.075970E+3	9.307700E-7	1.321590E+4	0.000000E+0	0.000000E+0
5.079969E+3	9.308700E-7	1.321560E+4	0.000000E+0	0.000000E+0
5.083970E+3	9.304600E-7	1.321520E+4	0.000000E+0	0.000000E+0
5.087972E+3	9.306700E-7	1.321470E+4	0.000000E+0	0.000000E+0
5.091972E+3	9.306400E-7	1.321410E+4	0.000000E+0	0.000000E+0
5.095970E+3	9.307100E-7	1.321370E+4	0.000000E+0	0.000000E+0
5.099969E+3	9.307300E-7	1.321340E+4	0.000000E+0	0.000000E+0
5.103973E+3	9.305300E-7	1.321300E+4	0.000000E+0	0.000000E+0
5.107973E+3	9.305800E-7	1.321270E+4	0.000000E+0	0.000000E+0
5.111968E+3	9.306900E-7	1.321250E+4	0.000000E+0	0.000000E+0
5.115972E+3	9.301500E-7	1.321220E+4	0.000000E+0	0.000000E+0
5.119971E+3	9.302800E-7	1.321200E+4	0.000000E+0	0.000000E+0
5.123969E+3	9.306100E-7	1.321150E+4	0.000000E+0	0.000000E+0
5.127966E+3	9.307800E-7	1.321110E+4	0.000000E+0	0.000000E+0
5.131968E+3	9.309000E-7	1.321080E+4	0.000000E+0	0.000000E+0
5.135972E+3	9.307400E-7	1.321040E+4	0.000000E+0	0.000000E+0
5.139971E+3	9.306200E-7	1.321020E+4	0.000000E+0	0.000000E+0
5.143971E+3	9.303700E-7	1.320980E+4	0.000000E+0	0.000000E+0
5.147972E+3	9.305700E-7	1.320990E+4	0.000000E+0	0.000000E+0
5.151970E+3	9.306500E-7	1.320970E+4	0.000000E+0	0.000000E+0
5.155969E+3	9.306200E-7	1.320950E+4	0.000000E+0	0.000000E+0
5.159967E+3	9.305900E-7	1.320930E+4	0.000000E+0	0.000000E+0
5.163970E+3	9.306900E-7	1.320920E+4	0.000000E+0	0.000000E+0
5.167970E+3	9.302800E-7	1.320910E+4	0.000000E+0	0.000000E+0
5.171970E+3	9.301800E-7	1.320910E+4	0.000000E+0	0.000000E+0
5.175968E+3	9.302200E-7	1.320910E+4	0.000000E+0	0.000000E+0
5.179966E+3	9.301100E-7	1.320890E+4	0.000000E+0	0.000000E+0
5.183971E+3	9.302700E-7	1.320870E+4	0.000000E+0	0.000000E+0
5.187971E+3	9.303600E-7	1.320840E+4	0.000000E+0	0.000000E+0
5.191970E+3	9.302100E-7	1.320810E+4	0.000000E+0	0.000000E+0
5.195973E+3	9.303000E-7	1.320780E+4	0.000000E+0	0.000000E+0
5.199976E+3	9.304700E-7	1.320740E+4	0.000000E+0	0.000000E+0
5.203965E+3	9.301900E-7	1.320710E+4	0.000000E+0	0.000000E+0
5.207963E+3	9.304300E-7	1.320680E+4	0.000000E+0	0.000000E+0
5.211969E+3	9.301800E-7	1.320670E+4	0.000000E+0	0.000000E+0
5.215975E+3	9.304400E-7	1.320630E+4	0.000000E+0	0.000000E+0
5.219972E+3	9.303800E-7	1.320590E+4	0.000000E+0	0.000000E+0
5.223969E+3	9.302500E-7	1.320550E+4	0.000000E+0	0.000000E+0
5.227972E+3	9.304900E-7	1.320500E+4	0.000000E+0	0.000000E+0
5.231969E+3	9.304200E-7	1.320470E+4	0.000000E+0	0.000000E+0
5.235978E+3	9.305200E-7	1.320430E+4	0.000000E+0	0.000000E+0
5.239972E+3	9.303800E-7	1.320400E+4	0.000000E+0	0.000000E+0
5.243967E+3	9.302000E-7	1.320370E+4	0.000000E+0	0.000000E+0
5.247967E+3	9.303400E-7	1.320350E+4	0.000000E+0	0.000000E+0
5.251975E+3	9.303600E-7	1.320310E+4	0.000000E+0	0.000000E+0
5.255973E+3	9.301400E-7	1.320270E+4	0.000000E+0	0.000000E+0
5.259973E+3	9.304800E-7	1.320230E+4	0.000000E+0	0.000000E+0
5.263972E+3	9.303600E-7	1.320200E+4	0.000000E+0	0.000000E+0
5.267970E+3	9.304400E-7	1.320170E+4	0.000000E+0	0.000000E+0
5.271968E+3	9.303300E-7	1.320150E+4	0.000000E+0	0.000000E+0
5.275970E+3	9.307200E-7	1.320140E+4	0.000000E+0	0.000000E+0
5.279973E+3	9.305800E-7	1.320100E+4	0.000000E+0	0.000000E+0
5.283971E+3	9.303100E-7	1.320080E+4	0.000000E+0	0.000000E+0
5.287970E+3	9.305600E-7	1.320050E+4	0.000000E+0	0.000000E+0
5.291972E+3	9.304800E-7	1.320020E+4	0.000000E+0	0.000000E+0
5.295973E+3	9.303300E-7	1.320000E+4	0.000000E+0	0.000000E+0
5.299971E+3	9.304400E-7	1.319960E+4	0.000000E+0	0.000000E+0
5.303968E+3	9.311800E-7	1.319920E+4	0.000000E+0	0.000000E+0
5.307969E+3	9.306700E-7	1.319880E+4	0.000000E+0	0.000000E+0
5.311972E+3	9.306000E-7	1.319820E+4	0.000000E+0	0.000000E+0
5.315972E+3	9.305600E-7	1.319770E+4	0.000000E+0	0.000000E+0
5.319969E+3	9.307900E-7	1.319740E+4	0.000000E+0	0.000000E+0
5.323972E+3	9.305500E-7	1.319700E+4	0.000000E+0	0.000000E+0
5.327974E+3	9.306200E-7	1.319660E+4	0.000000E+0	0.000000E+0
5.331970E+3	9.306800E-7	1.319610E+4	0.000000E+0	0.000000E+0
5.335969E+3	9.307200E-7	1.319560E+4	0.000000E+0	0.000000E+0
5.339973E+3	9.306300E-7	1.319540E+4	0.000000E+0	0.000000E+0
5.343973E+3	9.307100E-7	1.319530E+4	0.000000E+0	0.000000E+0
5.347973E+3	9.307800E-7	1.319510E+4	0.000000E+0	0.000000E+0
5.351970E+3	9.310000E-7	1.319500E+4	0.000000E+0	0.000000E+0
5.355972E+3	9.310500E-7	1.319470E+4	0.000000E+0	0.000000E+0
5.359976E+3	9.307500E-7	1.319460E+4	0.000000E+0	0.000000E+0
5.363975E+3	9.310300E-7	1.319430E+4	0.000000E+0	0.000000E+0
5.367971E+3	9.307300E-7	1.319410E+4	0.000000E+0	0.000000E+0
5.371973E+3	9.308800E-7	1.319400E+4	0.000000E+0	0.000000E+0
5.375974E+3	9.308400E-7	1.319380E+4	0.000000E+0	0.000000E+0
5.379971E+3	9.306900E-7	1.319340E+4	0.000000E+0	0.000000E+0
5.383971E+3	9.307400E-7	1.319310E+4	0.000000E+0	0.000000E+0
5.387974E+3	9.307300E-7	1.319270E+4	0.000000E+0	0.000000E+0
5.391974E+3	9.306100E-7	1.319230E+4	0.000000E+0	0.000000E+0
5.395974E+3	9.307500E-7	1.319200E+4	0.000000E+0	0.000000E+0
5.399972E+3	9.306600E-7	1.319160E+4	0.000000E+0	0.000000E+0
5.403974E+3	9.308600E-7	1.319140E+4	0.000000E+0	0.000000E+0
5.407971E+3	9.307000E-7	1.319120E+4	0.000000E+0	0.000000E+0
5.411974E+3	9.307200E-7	1.319090E+4	0.000000E+0	0.000000E+0
5.415974E+3	9.307200E-7	1.319080E+4	0.000000E+0	0.000000E+0
5.419969E+3	9.309900E-7	1.319060E+4	0.000000E+0	0.000000E+0
5.423972E+3	9.307400E-7	1.319010E+4	0.000000E+0	0.000000E+0
5.427973E+3	9.307900E-7	1.318970E+4	0.000000E+0	0.000000E+0
5.431969E+3	9.307000E-7	1.318930E+4	0.000000E+0	0.000000E+0
5.435968E+3	9.309400E-7	1.318890E+4	0.000000E+0	0.000000E+0
5.439972E+3	9.308500E-7	1.318840E+4	0.000000E+0	0.000000E+0
5.443973E+3	9.309500E-7	1.318800E+4	0.000000E+0	0.000000E+0
5.447975E+3	9.307000E-7	1.318760E+4	0.000000E+0	0.000000E+0
5.451971E+3	9.306400E-7	1.318730E+4	0.000000E+0	0.000000E+0
5.455970E+3	9.308600E-7	1.318690E+4	0.000000E+0	0.000000E+0
5.459972E+3	9.311000E-7	1.318650E+4	0.000000E+0	0.000000E+0
5.463973E+3	9.310800E-7	1.318460E+4	0.000000E+0	0.000000E+0
5.467973E+3	9.312800E-7	1.318350E+4	0.000000E+0	0.000000E+0
5.471969E+3	9.312000E-7	1.318300E+4	0.000000E+0	0.000000E+0
5.475973E+3	9.310700E-7	1.318300E+4	0.000000E+0	0.000000E+0
5.479973E+3	9.313800E-7	1.318330E+4	0.000000E+0	0.000000E+0
5.483971E+3	9.313000E-7	1.318330E+4	0.000000E+0	0.000000E+0
5.487972E+3	9.309400E-7	1.318330E+4	0.000000E+0	0.000000E+0
5.491973E+3	9.308600E-7	1.318340E+4	0.000000E+0	0.000000E+0
5.495971E+3	9.309800E-7	1.318370E+4	0.000000E+0	0.000000E+0
5.499971E+3	9.312500E-7	1.318380E+4	0.000000E+0	0.000000E+0
5.503974E+3	9.310200E-7	1.318380E+4	0.000000E+0	0.000000E+0
5.507970E+3	9.312300E-7	1.318370E+4	0.000000E+0	0.000000E+0
5.511970E+3	9.312200E-7	1.318360E+4	0.000000E+0	0.000000E+0
5.515972E+3	9.312300E-7	1.318360E+4	0.000000E+0	0.000000E+0
5.519969E+3	9.310300E-7	1.318340E+4	0.000000E+0	0.000000E+0
5.523976E+3	9.312800E-7	1.318330E+4	0.000000E+0	0.000000E+0
5.527976E+3	9.314300E-7	1.318310E+4	0.000000E+0	0.000000E+0
5.531975E+3	9.310000E-7	1.318290E+4	0.000000E+0	0.000000E+0
5.535972E+3	9.311200E-7	1.318230E+4	0.000000E+0	0.000000E+0
5.539973E+3	9.312900E-7	1.318170E+4	0.000000E+0	0.000000E+0
5.543976E+3	9.311600E-7	1.318100E+4	0.000000E+0	0.000000E+0
5.547968E+3	9.314000E-7	1.318050E+4	0.000000E+0	0.000000E+0
5.551968E+3	9.313800E-7	1.318000E+4	0.000000E+0	0.000000E+0
5.555977E+3	9.315600E-7	1.317930E+4	0.000000E+0	0.000000E+0
5.559975E+3	9.316600E-7	1.317890E+4	0.000000E+0	0.000000E+0
5.563974E+3	9.315600E-7	1.317870E+4	0.000000E+0	0.000000E+0
5.567969E+3	9.315100E-7	1.317830E+4	0.000000E+0	0.000000E+0
5.571972E+3	9.315200E-7	1.317810E+4	0.000000E+0	0.000000E+0
5.575972E+3	9.315900E-7	1.317780E+4	0.000000E+0	0.000000E+0
5.579974E+3	9.315800E-7	1.317760E+4	0.000000E+0	0.000000E+0
5.583972E+3	9.319000E-7	1.317730E+4	0.000000E+0	0.000000E+0
5.587969E+3	9.316400E-7	1.317690E+4	0.000000E+0	0.000000E+0
5.591971E+3	9.316900E-7	1.317670E+4	0.000000E+0	0.000000E+0
5.595970E+3	9.318400E-7	1.317650E+4	0.000000E+0	0.000000E+0
5.599974E+3	9.319300E-7	1.317630E+4	0.000000E+0	0.000000E+0
5.603973E+3	9.333200E-7	1.317610E+4	0.000000E+0	0.000000E+0
5.607969E+3	9.316100E-7	1.317600E+4	0.000000E+0	0.000000E+0
5.611973E+3	9.317200E-7	1.317570E+4	0.000000E+0	0.000000E+0
5.615972E+3	9.319000E-7	1.317540E+4	0.000000E+0	0.000000E+0
5.619972E+3	9.316700E-7	1.317490E+4	0.000000E+0	0.000000E+0
5.623968E+3	9.317300E-7	1.317460E+4	0.000000E+0	0.000000E+0
5.627970E+3	9.319300E-7	1.317440E+4	0.000000E+0	0.000000E+0
5.631971E+3	9.316300E-7	1.317430E+4	0.000000E+0	0.000000E+0
5.635971E+3	9.320600E-7	1.317420E+4	0.000000E+0	0.000000E+0
5.639968E+3	9.320300E-7	1.317420E+4	0.000000E+0	0.000000E+0
5.643970E+3	9.317900E-7	1.317410E+4	0.000000E+0	0.000000E+0
5.647973E+3	9.318600E-7	1.317400E+4	0.000000E+0	0.000000E+0
5.651973E+3	9.319900E-7	1.317380E+4	0.000000E+0	0.000000E+0
5.655971E+3	9.318100E-7	1.317370E+4	0.000000E+0	0.000000E+0
5.659969E+3	9.318400E-7	1.317370E+4	0.000000E+0	0.000000E+0
5.663968E+3	9.318900E-7	1.317350E+4	0.000000E+0	0.000000E+0
5.667972E+3	9.318100E-7	1.317340E+4	0.000000E+0	0.000000E+0
5.671971E+3	9.317800E-7	1.317300E+4	0.000000E+0	0.000000E+0
5.675972E+3	9.319400E-7	1.317270E+4	0.000000E+0	0.000000E+0
5.679972E+3	9.318800E-7	1.317230E+4	0.000000E+0	0.000000E+0
5.683974E+3	9.319300E-7	1.317190E+4	0.000000E+0	0.000000E+0
5.687970E+3	9.322100E-7	1.317170E+4	0.000000E+0	0.000000E+0
5.691972E+3	9.322400E-7	1.317130E+4	0.000000E+0	0.000000E+0
5.695973E+3	9.321200E-7	1.317120E+4	0.000000E+0	0.000000E+0
5.699973E+3	9.319900E-7	1.317090E+4	0.000000E+0	0.000000E+0
5.703973E+3	9.320200E-7	1.317060E+4	0.000000E+0	0.000000E+0
5.707973E+3	9.322100E-7	1.317040E+4	0.000000E+0	0.000000E+0
5.711971E+3	9.322600E-7	1.317020E+4	0.000000E+0	0.000000E+0
5.715971E+3	9.323200E-7	1.316990E+4	0.000000E+0	0.000000E+0
5.719972E+3	9.323300E-7	1.316940E+4	0.000000E+0	0.000000E+0
5.723973E+3	9.323700E-7	1.316890E+4	0.000000E+0	0.000000E+0
5.727971E+3	9.321500E-7	1.316870E+4	0.000000E+0	0.000000E+0
5.731973E+3	9.324400E-7	1.316840E+4	0.000000E+0	0.000000E+0
5.735972E+3	9.319600E-7	1.316840E+4	0.000000E+0	0.000000E+0
5.739973E+3	9.321800E-7	1.316840E+4	0.000000E+0	0.000000E+0
5.743969E+3	9.322900E-7	1.316840E+4	0.000000E+0	0.000000E+0
5.747969E+3	9.324200E-7	1.316850E+4	0.000000E+0	0.000000E+0
5.751968E+3	9.326200E-7	1.316830E+4	0.000000E+0	0.000000E+0
5.755976E+3	9.322300E-7	1.316810E+4	0.000000E+0	0.000000E+0
5.759969E+3	9.322400E-7	1.316780E+4	0.000000E+0	0.000000E+0
5.763972E+3	9.323500E-7	1.316750E+4	0.000000E+0	0.000000E+0
5.767972E+3	9.323700E-7	1.316730E+4	0.000000E+0	0.000000E+0
5.771972E+3	9.321900E-7	1.316710E+4	0.000000E+0	0.000000E+0
5.775974E+3	9.325200E-7	1.316680E+4	0.000000E+0	0.000000E+0
5.779965E+3	9.323200E-7	1.316650E+4	0.000000E+0	0.000000E+0
5.783970E+3	9.322200E-7	1.316600E+4	0.000000E+0	0.000000E+0
5.787973E+3	9.325600E-7	1.316580E+4	0.000000E+0	0.000000E+0
5.791975E+3	9.323600E-7	1.316540E+4	0.000000E+0	0.000000E+0
5.795975E+3	9.325700E-7	1.316520E+4	0.000000E+0	0.000000E+0
5.799972E+3	9.324000E-7	1.316490E+4	0.000000E+0	0.000000E+0
5.803970E+3	9.321700E-7	1.316470E+4	0.000000E+0	0.000000E+0
5.807971E+3	9.324900E-7	1.316450E+4	0.000000E+0	0.000000E+0
5.811971E+3	9.326000E-7	1.316430E+4	0.000000E+0	0.000000E+0
5.815970E+3	9.323900E-7	1.316410E+4	0.000000E+0	0.000000E+0
5.819968E+3	9.322200E-7	1.316400E+4	0.000000E+0	0.000000E+0
5.823973E+3	9.323700E-7	1.316390E+4	0.000000E+0	0.000000E+0
5.827976E+3	9.323100E-7	1.316390E+4	0.000000E+0	0.000000E+0
5.831976E+3	9.323500E-7	1.316370E+4	0.000000E+0	0.000000E+0
5.835976E+3	9.327800E-7	1.316360E+4	0.000000E+0	0.000000E+0
5.839974E+3	9.327100E-7	1.316330E+4	0.000000E+0	0.000000E+0
5.843968E+3	9.328700E-7	1.316300E+4	0.000000E+0	0.000000E+0
5.847974E+3	9.326500E-7	1.316280E+4	0.000000E+0	0.000000E+0
5.851974E+3	9.323900E-7	1.316240E+4	0.000000E+0	0.000000E+0
5.855972E+3	9.328000E-7	1.316200E+4	0.000000E+0	0.000000E+0
5.859974E+3	9.328200E-7	1.316160E+4	0.000000E+0	0.000000E+0
5.863975E+3	9.330500E-7	1.316130E+4	0.000000E+0	0.000000E+0
5.867970E+3	9.327200E-7	1.316090E+4	0.000000E+0	0.000000E+0
5.871969E+3	9.327900E-7	1.316050E+4	0.000000E+0	0.000000E+0
5.875972E+3	9.327500E-7	1.316010E+4	0.000000E+0	0.000000E+0
5.879973E+3	9.326600E-7	1.315970E+4	0.000000E+0	0.000000E+0
5.883972E+3	9.326900E-7	1.315940E+4	0.000000E+0	0.000000E+0
5.887973E+3	9.329700E-7	1.315890E+4	0.000000E+0	0.000000E+0
5.891971E+3	9.328800E-7	1.315850E+4	0.000000E+0	0.000000E+0
5.895971E+3	9.329400E-7	1.315820E+4	0.000000E+0	0.000000E+0
5.899973E+3	9.328300E-7	1.315790E+4	0.000000E+0	0.000000E+0
5.903970E+3	9.340300E-7	1.315760E+4	0.000000E+0	0.000000E+0
5.907968E+3	9.329400E-7	1.315720E+4	0.000000E+0	0.000000E+0
5.911970E+3	9.330200E-7	1.315690E+4	0.000000E+0	0.000000E+0
5.915971E+3	9.328800E-7	1.315650E+4	0.000000E+0	0.000000E+0
5.919976E+3	9.330100E-7	1.315590E+4	0.000000E+0	0.000000E+0
5.923972E+3	9.329200E-7	1.315540E+4	0.000000E+0	0.000000E+0
5.927968E+3	9.330400E-7	1.315490E+4	0.000000E+0	0.000000E+0
5.931972E+3	9.329800E-7	1.315450E+4	0.000000E+0	0.000000E+0
5.935971E+3	9.329100E-7	1.315430E+4	0.000000E+0	0.000000E+0
5.939972E+3	9.329700E-7	1.315410E+4	0.000000E+0	0.000000E+0
5.943972E+3	9.331000E-7	1.315390E+4	0.000000E+0	0.000000E+0
5.947974E+3	9.329800E-7	1.315370E+4	0.000000E+0	0.000000E+0
5.951975E+3	9.328200E-7	1.315340E+4	0.000000E+0	0.000000E+0
5.955969E+3	9.330000E-7	1.315330E+4	0.000000E+0	0.000000E+0
5.959969E+3	9.332200E-7	1.315310E+4	0.000000E+0	0.000000E+0
5.963969E+3	9.334500E-7	1.315290E+4	0.000000E+0	0.000000E+0
5.967976E+3	9.332600E-7	1.315280E+4	0.000000E+0	0.000000E+0
5.971968E+3	9.336600E-7	1.315260E+4	0.000000E+0	0.000000E+0
5.975968E+3	9.334400E-7	1.315230E+4	0.000000E+0	0.000000E+0
5.979970E+3	9.336600E-7	1.315210E+4	0.000000E+0	0.000000E+0
5.983973E+3	9.334200E-7	1.315190E+4	0.000000E+0	0.000000E+0
5.987976E+3	9.333400E-7	1.315150E+4	0.000000E+0	0.000000E+0
5.991970E+3	9.335100E-7	1.315110E+4	0.000000E+0	0.000000E+0
5.995968E+3	9.333000E-7	1.314990E+4	0.000000E+0	0.000000E+0
5.999976E+3	9.330000E-7	1.314920E+4	0.000000E+0	0.000000E+0
6.003969E+3	9.329900E-7	1.314870E+4	0.000000E+0	0.000000E+0
6.007980E+3	9.330300E-7	1.314840E+4	0.000000E+0	0.000000E+0
6.011972E+3	9.329100E-7	1.314840E+4	0.000000E+0	0.000000E+0
6.015976E+3	9.329900E-7	1.314850E+4	0.000000E+0	0.000000E+0
6.019969E+3	9.334900E-7	1.314850E+4	0.000000E+0	0.000000E+0
6.023978E+3	9.332500E-7	1.314850E+4	0.000000E+0	0.000000E+0
6.027970E+3	9.334700E-7	1.314850E+4	0.000000E+0	0.000000E+0
6.031979E+3	9.333700E-7	1.314850E+4	0.000000E+0	0.000000E+0
6.035967E+3	9.335300E-7	1.314830E+4	0.000000E+0	0.000000E+0
6.039970E+3	9.339500E-7	1.314820E+4	0.000000E+0	0.000000E+0
6.043969E+3	9.335300E-7	1.314820E+4	0.000000E+0	0.000000E+0
6.047980E+3	9.334200E-7	1.314800E+4	0.000000E+0	0.000000E+0
6.051970E+3	9.336500E-7	1.314790E+4	0.000000E+0	0.000000E+0
6.055972E+3	9.335100E-7	1.314760E+4	0.000000E+0	0.000000E+0
6.059965E+3	9.337600E-7	1.314740E+4	0.000000E+0	0.000000E+0
6.063976E+3	9.342000E-7	1.314720E+4	0.000000E+0	0.000000E+0
6.067967E+3	9.338900E-7	1.314710E+4	0.000000E+0	0.000000E+0
6.071971E+3	9.337300E-7	1.314700E+4	0.000000E+0	0.000000E+0
6.075968E+3	9.340500E-7	1.314670E+4	0.000000E+0	0.000000E+0
6.079979E+3	9.339300E-7	1.314620E+4	0.000000E+0	0.000000E+0
6.083965E+3	9.341700E-7	1.314590E+4	0.000000E+0	0.000000E+0
6.087970E+3	9.339400E-7	1.314570E+4	0.000000E+0	0.000000E+0
6.091968E+3	9.342000E-7	1.314520E+4	0.000000E+0	0.000000E+0
6.095974E+3	9.341400E-7	1.314470E+4	0.000000E+0	0.000000E+0
6.099969E+3	9.338700E-7	1.314420E+4	0.000000E+0	0.000000E+0
6.103972E+3	9.340700E-7	1.314390E+4	0.000000E+0	0.000000E+0
6.107968E+3	9.338600E-7	1.314370E+4	0.000000E+0	0.000000E+0
6.111975E+3	9.339800E-7	1.314340E+4	0.000000E+0	0.000000E+0
6.115972E+3	9.343300E-7	1.314310E+4	0.000000E+0	0.000000E+0
6.119976E+3	9.342000E-7	1.314280E+4	0.000000E+0	0.000000E+0
6.123969E+3	9.341700E-7	1.314260E+4	0.000000E+0	0.000000E+0
6.127976E+3	9.345500E-7	1.314220E+4	0.000000E+0	0.000000E+0
6.131970E+3	9.343000E-7	1.314200E+4	0.000000E+0	0.000000E+0
6.135970E+3	9.345800E-7	1.314170E+4	0.000000E+0	0.000000E+0
6.139967E+3	9.347000E-7	1.314100E+4	0.000000E+0	0.000000E+0
6.143976E+3	9.346200E-7	1.314090E+4	0.000000E+0	0.000000E+0
6.147972E+3	9.344500E-7	1.314040E+4	0.000000E+0	0.000000E+0
6.151976E+3	9.345300E-7	1.313990E+4	0.000000E+0	0.000000E+0
6.155968E+3	9.342100E-7	1.313970E+4	0.000000E+0	0.000000E+0
6.159978E+3	9.344100E-7	1.313930E+4	0.000000E+0	0.000000E+0
6.163968E+3	9.347600E-7	1.313900E+4	0.000000E+0	0.000000E+0
6.167966E+3	9.347900E-7	1.313850E+4	0.000000E+0	0.000000E+0
6.171968E+3	9.348700E-7	1.313800E+4	0.000000E+0	0.000000E+0
6.175978E+3	9.349100E-7	1.313770E+4	0.000000E+0	0.000000E+0
6.179971E+3	9.346700E-7	1.313730E+4	0.000000E+0	0.000000E+0
6.183971E+3	9.345400E-7	1.313690E+4	0.000000E+0	0.000000E+0
6.187969E+3	9.346700E-7	1.313660E+4	0.000000E+0	0.000000E+0
6.191979E+3	9.343900E-7	1.313640E+4	0.000000E+0	0.000000E+0
6.195971E+3	9.343800E-7	1.313610E+4	0.000000E+0	0.000000E+0
6.199971E+3	9.342300E-7	1.313590E+4	0.000000E+0	0.000000E+0
6.203972E+3	9.346100E-7	1.313570E+4	0.000000E+0	0.000000E+0
6.207973E+3	9.342700E-7	1.313540E+4	0.000000E+0	0.000000E+0
6.211970E+3	9.345100E-7	1.313520E+4	0.000000E+0	0.000000E+0
6.215975E+3	9.346400E-7	1.313500E+4	0.000000E+0	0.000000E+0
6.219967E+3	9.348900E-7	1.313500E+4	0.000000E+0	0.000000E+0
6.223974E+3	9.347700E-7	1.313490E+4	0.000000E+0	0.000000E+0
6.227972E+3	9.346800E-7	1.313480E+4	0.000000E+0	0.000000E+0
6.231973E+3	9.347600E-7	1.313460E+4	0.000000E+0	0.000000E+0
6.235970E+3	9.349800E-7	1.313450E+4	0.000000E+0	0.000000E+0
6.239977E+3	9.346900E-7	1.313420E+4	0.000000E+0	0.000000E+0
6.243973E+3	9.347000E-7	1.313390E+4	0.000000E+0	0.000000E+0
6.247971E+3	9.346600E-7	1.313360E+4	0.000000E+0	0.000000E+0
6.251970E+3	9.344900E-7	1.313330E+4	0.000000E+0	0.000000E+0
6.255977E+3	9.347400E-7	1.313300E+4	0.000000E+0	0.000000E+0
6.259974E+3	9.347300E-7	1.313280E+4	0.000000E+0	0.000000E+0
6.263971E+3	9.345900E-7	1.313260E+4	0.000000E+0	0.000000E+0
6.267969E+3	9.347400E-7	1.313240E+4	0.000000E+0	0.000000E+0
6.271978E+3	9.349500E-7	1.313220E+4	0.000000E+0	0.000000E+0
6.275973E+3	9.346700E-7	1.313200E+4	0.000000E+0	0.000000E+0
6.279976E+3	9.349100E-7	1.313180E+4	0.000000E+0	0.000000E+0
6.283972E+3	9.350800E-7	1.313150E+4	0.000000E+0	0.000000E+0
6.287976E+3	9.361900E-7	1.313110E+4	0.000000E+0	0.000000E+0
6.291974E+3	9.363100E-7	1.313060E+4	0.000000E+0	0.000000E+0
6.295972E+3	9.362900E-7	1.313020E+4	0.000000E+0	0.000000E+0
6.299970E+3	9.361600E-7	1.312990E+4	0.000000E+0	0.000000E+0
6.303976E+3	9.363000E-7	1.312970E+4	0.000000E+0	0.000000E+0
6.307966E+3	9.361200E-7	1.312940E+4	0.000000E+0	0.000000E+0
6.311972E+3	9.361200E-7	1.312900E+4	0.000000E+0	0.000000E+0
6.315967E+3	9.363100E-7	1.312840E+4	0.000000E+0	0.000000E+0
6.319970E+3	9.364000E-7	1.312780E+4	0.000000E+0	0.000000E+0
6.323972E+3	9.364200E-7	1.312720E+4	0.000000E+0	0.000000E+0
6.327968E+3	9.363900E-7	1.312680E+4	0.000000E+0	0.000000E+0
6.331968E+3	9.362500E-7	1.312640E+4	0.000000E+0	0.000000E+0
6.335970E+3	9.362000E-7	1.312610E+4	0.000000E+0	0.000000E+0
6.339970E+3	9.360900E-7	1.312570E+4	0.000000E+0	0.000000E+0
6.343970E+3	9.363600E-7	1.312530E+4	0.000000E+0	0.000000E+0
6.347968E+3	9.362000E-7	1.312480E+4	0.000000E+0	0.000000E+0
6.351973E+3	9.363400E-7	1.312440E+4	0.000000E+0	0.000000E+0
6.355974E+3	9.364100E-7	1.312420E+4	0.000000E+0	0.000000E+0
6.359973E+3	9.365700E-7	1.312410E+4	0.000000E+0	0.000000E+0
6.363971E+3	9.364500E-7	1.312400E+4	0.000000E+0	0.000000E+0
6.367976E+3	9.362700E-7	1.312400E+4	0.000000E+0	0.000000E+0
6.371971E+3	9.362200E-7	1.312390E+4	0.000000E+0	0.000000E+0
6.375976E+3	9.364600E-7	1.312370E+4	0.000000E+0	0.000000E+0
6.379971E+3	9.363600E-7	1.312350E+4	0.000000E+0	0.000000E+0
6.383971E+3	9.365200E-7	1.312330E+4	0.000000E+0	0.000000E+0
6.387967E+3	9.366700E-7	1.312320E+4	0.000000E+0	0.000000E+0
6.391970E+3	9.364400E-7	1.312290E+4	0.000000E+0	0.000000E+0
6.395974E+3	9.366100E-7	1.312270E+4	0.000000E+0	0.000000E+0
6.399972E+3	9.362600E-7	1.312250E+4	0.000000E+0	0.000000E+0
6.403969E+3	9.365500E-7	1.312230E+4	0.000000E+0	0.000000E+0
6.407971E+3	9.366800E-7	1.312210E+4	0.000000E+0	0.000000E+0
6.411973E+3	9.365100E-7	1.312190E+4	0.000000E+0	0.000000E+0
6.415972E+3	9.368300E-7	1.312180E+4	0.000000E+0	0.000000E+0
6.419970E+3	9.368400E-7	1.312090E+4	0.000000E+0	0.000000E+0
6.423968E+3	9.366900E-7	1.312040E+4	0.000000E+0	0.000000E+0
6.427971E+3	9.362200E-7	1.312000E+4	0.000000E+0	0.000000E+0
6.431971E+3	9.368800E-7	1.311970E+4	0.000000E+0	0.000000E+0
6.435973E+3	9.368400E-7	1.311960E+4	0.000000E+0	0.000000E+0
6.439971E+3	9.371300E-7	1.311970E+4	0.000000E+0	0.000000E+0
6.443968E+3	9.372400E-7	1.311980E+4	0.000000E+0	0.000000E+0
6.447969E+3	9.372400E-7	1.311950E+4	0.000000E+0	0.000000E+0
6.451973E+3	9.372100E-7	1.311900E+4	0.000000E+0	0.000000E+0
6.455971E+3	9.361200E-7	1.311860E+4	0.000000E+0	0.000000E+0
6.459971E+3	9.374000E-7	1.311830E+4	0.000000E+0	0.000000E+0
6.463970E+3	9.375600E-7	1.311820E+4	0.000000E+0	0.000000E+0
6.467969E+3	9.378300E-7	1.311790E+4	0.000000E+0	0.000000E+0
6.471967E+3	9.377900E-7	1.311770E+4	0.000000E+0	0.000000E+0
6.475964E+3	9.378100E-7	1.311740E+4	0.000000E+0	0.000000E+0
6.479973E+3	9.377000E-7	1.311720E+4	0.000000E+0	0.000000E+0
6.483970E+3	9.378700E-7	1.311690E+4	0.000000E+0	0.000000E+0
6.487965E+3	9.377000E-7	1.311640E+4	0.000000E+0	0.000000E+0
6.491969E+3	9.377100E-7	1.311600E+4	0.000000E+0	0.000000E+0
6.495967E+3	9.378300E-7	1.311560E+4	0.000000E+0	0.000000E+0
6.499968E+3	9.380100E-7	1.311530E+4	0.000000E+0	0.000000E+0
6.503970E+3	9.383400E-7	1.311490E+4	0.000000E+0	0.000000E+0
6.507968E+3	9.380700E-7	1.311470E+4	0.000000E+0	0.000000E+0
6.511968E+3	9.378700E-7	1.311450E+4	0.000000E+0	0.000000E+0
6.515969E+3	9.380700E-7	1.311410E+4	0.000000E+0	0.000000E+0
6.519971E+3	9.380900E-7	1.311390E+4	0.000000E+0	0.000000E+0
6.523970E+3	9.380500E-7	1.311370E+4	0.000000E+0	0.000000E+0
6.527968E+3	9.381500E-7	1.311340E+4	0.000000E+0	0.000000E+0
6.531968E+3	9.381000E-7	1.311310E+4	0.000000E+0	0.000000E+0
6.535966E+3	9.381700E-7	1.311290E+4	0.000000E+0	0.000000E+0
6.539968E+3	9.380600E-7	1.311260E+4	0.000000E+0	0.000000E+0
6.543969E+3	9.380100E-7	1.311220E+4	0.000000E+0	0.000000E+0
6.547972E+3	9.382000E-7	1.311210E+4	0.000000E+0	0.000000E+0
6.551967E+3	9.381700E-7	1.311190E+4	0.000000E+0	0.000000E+0
6.555969E+3	9.381100E-7	1.311160E+4	0.000000E+0	0.000000E+0
6.559971E+3	9.383000E-7	1.311130E+4	0.000000E+0	0.000000E+0
6.563969E+3	9.384300E-7	1.311120E+4	0.000000E+0	0.000000E+0
6.567969E+3	9.383500E-7	1.311100E+4	0.000000E+0	0.000000E+0
6.571969E+3	9.380500E-7	1.311090E+4	0.000000E+0	0.000000E+0
6.575970E+3	9.380700E-7	1.311060E+4	0.000000E+0	0.000000E+0
6.579972E+3	9.383400E-7	1.311020E+4	0.000000E+0	0.000000E+0
6.583967E+3	9.383200E-7	1.310970E+4	0.000000E+0	0.000000E+0
6.587968E+3	9.382300E-7	1.310950E+4	0.000000E+0	0.000000E+0
6.591970E+3	9.377700E-7	1.310940E+4	0.000000E+0	0.000000E+0
6.595968E+3	9.385100E-7	1.310930E+4	0.000000E+0	0.000000E+0
6.599968E+3	9.385900E-7	1.310910E+4	0.000000E+0	0.000000E+0
6.603965E+3	9.385500E-7	1.310890E+4	0.000000E+0	0.000000E+0
6.607967E+3	9.385500E-7	1.310880E+4	0.000000E+0	0.000000E+0
6.611970E+3	9.385200E-7	1.310870E+4	0.000000E+0	0.000000E+0
6.615965E+3	9.385700E-7	1.310850E+4	0.000000E+0	0.000000E+0
6.619969E+3	9.385600E-7	1.310830E+4	0.000000E+0	0.000000E+0
6.623969E+3	9.385600E-7	1.310810E+4	0.000000E+0	0.000000E+0
6.627972E+3	9.384600E-7	1.310790E+4	0.000000E+0	0.000000E+0
6.631968E+3	9.385000E-7	1.310770E+4	0.000000E+0	0.000000E+0
6.635968E+3	9.384900E-7	1.310780E+4	0.000000E+0	0.000000E+0
6.639971E+3	9.383500E-7	1.310770E+4	0.000000E+0	0.000000E+0
6.643972E+3	9.383300E-7	1.310760E+4	0.000000E+0	0.000000E+0
6.647971E+3	9.383400E-7	1.310730E+4	0.000000E+0	0.000000E+0
6.651969E+3	9.383300E-7	1.310700E+4	0.000000E+0	0.000000E+0
6.655974E+3	9.383700E-7	1.310660E+4	0.000000E+0	0.000000E+0
6.659969E+3	9.383700E-7	1.310620E+4	0.000000E+0	0.000000E+0
6.663970E+3	9.388200E-7	1.310600E+4	0.000000E+0	0.000000E+0
6.667967E+3	9.386100E-7	1.310590E+4	0.000000E+0	0.000000E+0
6.671972E+3	9.385700E-7	1.310560E+4	0.000000E+0	0.000000E+0
6.675967E+3	9.386300E-7	1.310550E+4	0.000000E+0	0.000000E+0
6.679968E+3	9.385000E-7	1.310540E+4	0.000000E+0	0.000000E+0
6.683967E+3	9.386700E-7	1.310520E+4	0.000000E+0	0.000000E+0
6.687967E+3	9.385200E-7	1.310510E+4	0.000000E+0	0.000000E+0
6.691973E+3	9.386200E-7	1.310500E+4	0.000000E+0	0.000000E+0
6.695971E+3	9.397000E-7	1.310470E+4	0.000000E+0	0.000000E+0
6.699970E+3	9.385600E-7	1.310450E+4	0.000000E+0	0.000000E+0
6.703968E+3	9.387100E-7	1.310420E+4	0.000000E+0	0.000000E+0
6.707965E+3	9.385900E-7	1.310380E+4	0.000000E+0	0.000000E+0
6.711969E+3	9.386900E-7	1.310320E+4	0.000000E+0	0.000000E+0
6.715968E+3	9.381700E-7	1.310270E+4	0.000000E+0	0.000000E+0
6.719968E+3	9.385200E-7	1.310240E+4	0.000000E+0	0.000000E+0
6.723969E+3	9.389100E-7	1.310210E+4	0.000000E+0	0.000000E+0
6.727968E+3	9.387200E-7	1.310150E+4	0.000000E+0	0.000000E+0
6.731971E+3	9.387700E-7	1.310130E+4	0.000000E+0	0.000000E+0
6.735969E+3	9.388300E-7	1.310100E+4	0.000000E+0	0.000000E+0
6.739969E+3	9.389000E-7	1.310060E+4	0.000000E+0	0.000000E+0
6.743970E+3	9.389100E-7	1.310030E+4	0.000000E+0	0.000000E+0
6.747972E+3	9.388400E-7	1.310000E+4	0.000000E+0	0.000000E+0
6.751972E+3	9.387300E-7	1.309960E+4	0.000000E+0	0.000000E+0
6.755967E+3	9.389800E-7	1.309920E+4	0.000000E+0	0.000000E+0
6.759962E+3	9.400500E-7	1.309880E+4	0.000000E+0	0.000000E+0
6.763970E+3	9.389800E-7	1.309840E+4	0.000000E+0	0.000000E+0
6.767968E+3	9.389900E-7	1.309810E+4	0.000000E+0	0.000000E+0
6.771968E+3	9.390200E-7	1.309770E+4	0.000000E+0	0.000000E+0
6.775969E+3	9.403900E-7	1.309740E+4	0.000000E+0	0.000000E+0
6.779970E+3	9.504500E-7	1.309700E+4	0.000000E+0	0.000000E+0
6.786352E+3	9.545300E-7	1.309660E+4	0.000000E+0	0.000000E+0
6.789982E+3	9.398600E-7	1.309630E+4	0.000000E+0	0.000000E+0
6.793966E+3	9.394400E-7	1.309600E+4	0.000000E+0	0.000000E+0
6.797980E+3	9.424700E-7	1.309570E+4	0.000000E+0	0.000000E+0
6.801968E+3	9.389600E-7	1.309570E+4	0.000000E+0	0.000000E+0
6.805973E+3	9.392600E-7	1.309570E+4	0.000000E+0	0.000000E+0
6.809963E+3	9.388200E-7	1.309540E+4	0.000000E+0	0.000000E+0
6.813969E+3	9.414000E-7	1.309500E+4	0.000000E+0	0.000000E+0
6.817967E+3	9.393700E-7	1.309460E+4	0.000000E+0	0.000000E+0
6.821975E+3	9.405800E-7	1.309430E+4	0.000000E+0	0.000000E+0
6.825966E+3	9.386200E-7	1.309420E+4	0.000000E+0	0.000000E+0
6.829969E+3	9.388000E-7	1.309390E+4	0.000000E+0	0.000000E+0
6.833966E+3	9.461100E-7	1.309380E+4	0.000000E+0	0.000000E+0
6.837973E+3	9.394700E-7	1.309370E+4	0.000000E+0	0.000000E+0
6.841970E+3	9.428900E-7	1.309360E+4	0.000000E+0	0.000000E+0
6.845967E+3	9.410500E-7	1.309320E+4	0.000000E+0	0.000000E+0
6.849964E+3	9.385400E-7	1.309290E+4	0.000000E+0	0.000000E+0
6.853975E+3	9.386300E-7	1.309250E+4	0.000000E+0	0.000000E+0
6.857965E+3	9.399500E-7	1.309230E+4	0.000000E+0	0.000000E+0
6.861975E+3	9.461600E-7	1.309210E+4	0.000000E+0	0.000000E+0
6.865968E+3	9.391000E-7	1.309190E+4	0.000000E+0	0.000000E+0
6.869969E+3	9.391300E-7	1.309160E+4	0.000000E+0	0.000000E+0
6.873968E+3	9.486600E-7	1.309140E+4	0.000000E+0	0.000000E+0
6.877968E+3	9.390600E-7	1.309100E+4	0.000000E+0	0.000000E+0
6.881966E+3	9.393600E-7	1.309070E+4	0.000000E+0	0.000000E+0
6.885969E+3	9.385900E-7	1.309060E+4	0.000000E+0	0.000000E+0
6.889966E+3	9.388500E-7	1.309040E+4	0.000000E+0	0.000000E+0
6.893969E+3	9.380900E-7	1.309010E+4	0.000000E+0	0.000000E+0
