
Medición hecha el 2026-08-27  06:50 p.m.

Medición de corriente y tensión en el tiempo con posibilidad de inyectar corriente.
Tiempo	Corriente	Tensión
3.396000E+0	9.719400E-5	1.336610E+4	0.000000E+0	0.000000E+0
7.397000E+0	9.719200E-5	1.336570E+4	0.000000E+0	0.000000E+0
1.139900E+1	9.719100E-5	1.336540E+4	0.000000E+0	0.000000E+0
1.539100E+1	9.719400E-5	1.336520E+4	0.000000E+0	0.000000E+0
1.939600E+1	9.719200E-5	1.336500E+4	0.000000E+0	0.000000E+0
2.339600E+1	9.719500E-5	1.336470E+4	0.000000E+0	0.000000E+0
2.739500E+1	9.719300E-5	1.336440E+4	0.000000E+0	0.000000E+0
3.139200E+1	9.719100E-5	1.336410E+4	0.000000E+0	0.000000E+0
3.540200E+1	9.719400E-5	1.336390E+4	0.000000E+0	0.000000E+0
3.939500E+1	9.719200E-5	1.336350E+4	0.000000E+0	0.000000E+0
4.339800E+1	9.719300E-5	1.336320E+4	0.000000E+0	0.000000E+0
4.739500E+1	9.719200E-5	1.336310E+4	0.000000E+0	0.000000E+0
5.139800E+1	9.719300E-5	1.336290E+4	0.000000E+0	0.000000E+0
5.539800E+1	9.719400E-5	1.336250E+4	0.000000E+0	0.000000E+0
5.939500E+1	9.719500E-5	1.336220E+4	0.000000E+0	0.000000E+0
6.339200E+1	9.719100E-5	1.336190E+4	0.000000E+0	0.000000E+0
6.740000E+1	9.719100E-5	1.336170E+4	0.000000E+0	0.000000E+0
7.139600E+1	9.719400E-5	1.336140E+4	0.000000E+0	0.000000E+0
7.539900E+1	9.719200E-5	1.336120E+4	0.000000E+0	0.000000E+0
7.939100E+1	9.719400E-5	1.336090E+4	0.000000E+0	0.000000E+0
8.339900E+1	9.719500E-5	1.336050E+4	0.000000E+0	0.000000E+0
8.740100E+1	9.719300E-5	1.336030E+4	0.000000E+0	0.000000E+0
9.139600E+1	9.719500E-5	1.336000E+4	0.000000E+0	0.000000E+0
9.539300E+1	9.719400E-5	1.335980E+4	0.000000E+0	0.000000E+0
9.939600E+1	9.719300E-5	1.335950E+4	0.000000E+0	0.000000E+0
1.033970E+2	9.719600E-5	1.335920E+4	0.000000E+0	0.000000E+0
1.074020E+2	9.719100E-5	1.335900E+4	0.000000E+0	0.000000E+0
1.113960E+2	9.719100E-5	1.335870E+4	0.000000E+0	0.000000E+0
1.153970E+2	9.719400E-5	1.335830E+4	0.000000E+0	0.000000E+0
1.193990E+2	9.719300E-5	1.335770E+4	0.000000E+0	0.000000E+0
1.234020E+2	9.718900E-5	1.335720E+4	0.000000E+0	0.000000E+0
1.273920E+2	9.719200E-5	1.335680E+4	0.000000E+0	0.000000E+0
1.313950E+2	9.719200E-5	1.335660E+4	0.000000E+0	0.000000E+0
1.353950E+2	9.719400E-5	1.335640E+4	0.000000E+0	0.000000E+0
1.394000E+2	9.719400E-5	1.335510E+4	0.000000E+0	0.000000E+0
1.433930E+2	9.719200E-5	1.335460E+4	0.000000E+0	0.000000E+0
1.474000E+2	9.719100E-5	1.335430E+4	0.000000E+0	0.000000E+0
1.514010E+2	9.719400E-5	1.335420E+4	0.000000E+0	0.000000E+0
1.554030E+2	9.719100E-5	1.335390E+4	0.000000E+0	0.000000E+0
1.593930E+2	9.719200E-5	1.335360E+4	0.000000E+0	0.000000E+0
1.633980E+2	9.718900E-5	1.335330E+4	0.000000E+0	0.000000E+0
1.673960E+2	9.719300E-5	1.335310E+4	0.000000E+0	0.000000E+0
1.713940E+2	9.719300E-5	1.335290E+4	0.000000E+0	0.000000E+0
1.753960E+2	9.719200E-5	1.335270E+4	0.000000E+0	0.000000E+0
1.793940E+2	9.719300E-5	1.335240E+4	0.000000E+0	0.000000E+0
1.833990E+2	9.719400E-5	1.335210E+4	0.000000E+0	0.000000E+0
1.873960E+2	9.719300E-5	1.335190E+4	0.000000E+0	0.000000E+0
1.913940E+2	9.719400E-5	1.335170E+4	0.000000E+0	0.000000E+0
1.953960E+2	9.719400E-5	1.335130E+4	0.000000E+0	0.000000E+0
1.993970E+2	9.719400E-5	1.335100E+4	0.000000E+0	0.000000E+0
2.033950E+2	9.719500E-5	1.335070E+4	0.000000E+0	0.000000E+0
2.073940E+2	9.719200E-5	1.335050E+4	0.000000E+0	0.000000E+0
2.113950E+2	9.719400E-5	1.335020E+4	0.000000E+0	0.000000E+0
2.153970E+2	9.719300E-5	1.334970E+4	0.000000E+0	0.000000E+0
2.193980E+2	9.719500E-5	1.334930E+4	0.000000E+0	0.000000E+0
2.233970E+2	9.719500E-5	1.334900E+4	0.000000E+0	0.000000E+0
2.273960E+2	9.719300E-5	1.334870E+4	0.000000E+0	0.000000E+0
2.313960E+2	9.719200E-5	1.334850E+4	0.000000E+0	0.000000E+0
2.353990E+2	9.719000E-5	1.334830E+4	0.000000E+0	0.000000E+0
2.393960E+2	9.719200E-5	1.334800E+4	0.000000E+0	0.000000E+0
2.433950E+2	9.719300E-5	1.334770E+4	0.000000E+0	0.000000E+0
2.474020E+2	9.719100E-5	1.334730E+4	0.000000E+0	0.000000E+0
2.513980E+2	9.719400E-5	1.334690E+4	0.000000E+0	0.000000E+0
2.553930E+2	9.719100E-5	1.334660E+4	0.000000E+0	0.000000E+0
2.593970E+2	9.719100E-5	1.334630E+4	0.000000E+0	0.000000E+0
2.633990E+2	9.719300E-5	1.334600E+4	0.000000E+0	0.000000E+0
2.673950E+2	9.719400E-5	1.334560E+4	0.000000E+0	0.000000E+0
2.713920E+2	9.719300E-5	1.334520E+4	0.000000E+0	0.000000E+0
2.753950E+2	9.719100E-5	1.334480E+4	0.000000E+0	0.000000E+0
2.793990E+2	9.719300E-5	1.334450E+4	0.000000E+0	0.000000E+0
2.833940E+2	9.719300E-5	1.334420E+4	0.000000E+0	0.000000E+0
2.873940E+2	9.719400E-5	1.334390E+4	0.000000E+0	0.000000E+0
2.913940E+2	9.719300E-5	1.334350E+4	0.000000E+0	0.000000E+0
2.953970E+2	9.719500E-5	1.334330E+4	0.000000E+0	0.000000E+0
2.993930E+2	9.719200E-5	1.334290E+4	0.000000E+0	0.000000E+0
3.033950E+2	9.719400E-5	1.334270E+4	0.000000E+0	0.000000E+0
3.073950E+2	9.719400E-5	1.334240E+4	0.000000E+0	0.000000E+0
3.114010E+2	9.719400E-5	1.334210E+4	0.000000E+0	0.000000E+0
3.153950E+2	9.719600E-5	1.334180E+4	0.000000E+0	0.000000E+0
3.193950E+2	9.719300E-5	1.334160E+4	0.000000E+0	0.000000E+0
3.233950E+2	9.719300E-5	1.334140E+4	0.000000E+0	0.000000E+0
3.273980E+2	9.719300E-5	1.334110E+4	0.000000E+0	0.000000E+0
3.313940E+2	9.719300E-5	1.334090E+4	0.000000E+0	0.000000E+0
3.353930E+2	9.719300E-5	1.334060E+4	0.000000E+0	0.000000E+0
3.393930E+2	9.719200E-5	1.334030E+4	0.000000E+0	0.000000E+0
3.434040E+2	9.719100E-5	1.334000E+4	0.000000E+0	0.000000E+0
3.473970E+2	9.719100E-5	1.333970E+4	0.000000E+0	0.000000E+0
3.513940E+2	9.719300E-5	1.333940E+4	0.000000E+0	0.000000E+0
3.553960E+2	9.719500E-5	1.333910E+4	0.000000E+0	0.000000E+0
3.593940E+2	9.719600E-5	1.333880E+4	0.000000E+0	0.000000E+0
3.633970E+2	9.719500E-5	1.333840E+4	0.000000E+0	0.000000E+0
3.673920E+2	9.719100E-5	1.333810E+4	0.000000E+0	0.000000E+0
3.713950E+2	9.719300E-5	1.333780E+4	0.000000E+0	0.000000E+0
3.753980E+2	9.719400E-5	1.333740E+4	0.000000E+0	0.000000E+0
3.793910E+2	9.719300E-5	1.333710E+4	0.000000E+0	0.000000E+0
3.833920E+2	9.719500E-5	1.333690E+4	0.000000E+0	0.000000E+0
3.873980E+2	9.719500E-5	1.333670E+4	0.000000E+0	0.000000E+0
3.913960E+2	9.719400E-5	1.333660E+4	0.000000E+0	0.000000E+0
3.953990E+2	9.719100E-5	1.333630E+4	0.000000E+0	0.000000E+0
3.993900E+2	9.719300E-5	1.333610E+4	0.000000E+0	0.000000E+0
4.033960E+2	9.719400E-5	1.333570E+4	0.000000E+0	0.000000E+0
4.073980E+2	9.719400E-5	1.333550E+4	0.000000E+0	0.000000E+0
4.113950E+2	9.719400E-5	1.333520E+4	0.000000E+0	0.000000E+0
4.153910E+2	9.719300E-5	1.333490E+4	0.000000E+0	0.000000E+0
4.193940E+2	9.719100E-5	1.333460E+4	0.000000E+0	0.000000E+0
4.233970E+2	9.719400E-5	1.333440E+4	0.000000E+0	0.000000E+0
4.273920E+2	9.719500E-5	1.333410E+4	0.000000E+0	0.000000E+0
4.313910E+2	9.719200E-5	1.333390E+4	0.000000E+0	0.000000E+0
4.353920E+2	9.719400E-5	1.333340E+4	0.000000E+0	0.000000E+0
4.394000E+2	9.719600E-5	1.333310E+4	0.000000E+0	0.000000E+0
4.433950E+2	9.719600E-5	1.333280E+4	0.000000E+0	0.000000E+0
4.473940E+2	9.719400E-5	1.333230E+4	0.000000E+0	0.000000E+0
4.513980E+2	9.719400E-5	1.333200E+4	0.000000E+0	0.000000E+0
4.553980E+2	9.719000E-5	1.333180E+4	0.000000E+0	0.000000E+0
4.593930E+2	9.719500E-5	1.333150E+4	0.000000E+0	0.000000E+0
4.633900E+2	9.719100E-5	1.333130E+4	0.000000E+0	0.000000E+0
4.674000E+2	9.719300E-5	1.333110E+4	0.000000E+0	0.000000E+0
4.713960E+2	9.719500E-5	1.333100E+4	0.000000E+0	0.000000E+0
4.753930E+2	9.719400E-5	1.333070E+4	0.000000E+0	0.000000E+0
4.793900E+2	9.719300E-5	1.333040E+4	0.000000E+0	0.000000E+0
4.833960E+2	9.719100E-5	1.333010E+4	0.000000E+0	0.000000E+0
4.874010E+2	9.719100E-5	1.332990E+4	0.000000E+0	0.000000E+0
4.913910E+2	9.719400E-5	1.332950E+4	0.000000E+0	0.000000E+0
4.953930E+2	9.719200E-5	1.332920E+4	0.000000E+0	0.000000E+0
4.993990E+2	9.719600E-5	1.332890E+4	0.000000E+0	0.000000E+0
5.033960E+2	9.719700E-5	1.332860E+4	0.000000E+0	0.000000E+0
5.073930E+2	9.719400E-5	1.332830E+4	0.000000E+0	0.000000E+0
5.113940E+2	9.719400E-5	1.332800E+4	0.000000E+0	0.000000E+0
5.153940E+2	9.719400E-5	1.332770E+4	0.000000E+0	0.000000E+0
5.193970E+2	9.719500E-5	1.332740E+4	0.000000E+0	0.000000E+0
5.233940E+2	9.719500E-5	1.332720E+4	0.000000E+0	0.000000E+0
5.273920E+2	9.719200E-5	1.332670E+4	0.000000E+0	0.000000E+0
5.313970E+2	9.719600E-5	1.332650E+4	0.000000E+0	0.000000E+0
5.353950E+2	9.719400E-5	1.332630E+4	0.000000E+0	0.000000E+0
5.393960E+2	9.719400E-5	1.332600E+4	0.000000E+0	0.000000E+0
5.433970E+2	9.719400E-5	1.332590E+4	0.000000E+0	0.000000E+0
5.473960E+2	9.719600E-5	1.332560E+4	0.000000E+0	0.000000E+0
5.513920E+2	9.719200E-5	1.332530E+4	0.000000E+0	0.000000E+0
5.553950E+2	9.719400E-5	1.332510E+4	0.000000E+0	0.000000E+0
5.593950E+2	9.719300E-5	1.332490E+4	0.000000E+0	0.000000E+0
5.633980E+2	9.719200E-5	1.332460E+4	0.000000E+0	0.000000E+0
5.673940E+2	9.719500E-5	1.332440E+4	0.000000E+0	0.000000E+0
5.713980E+2	9.719400E-5	1.332410E+4	0.000000E+0	0.000000E+0
5.753910E+2	9.719400E-5	1.332370E+4	0.000000E+0	0.000000E+0
5.793960E+2	9.719500E-5	1.332340E+4	0.000000E+0	0.000000E+0
5.833960E+2	9.719300E-5	1.332330E+4	0.000000E+0	0.000000E+0
5.873890E+2	9.719200E-5	1.332300E+4	0.000000E+0	0.000000E+0
5.913910E+2	9.719400E-5	1.332260E+4	0.000000E+0	0.000000E+0
5.953970E+2	9.719400E-5	1.332170E+4	0.000000E+0	0.000000E+0
5.993940E+2	9.719700E-5	1.332140E+4	0.000000E+0	0.000000E+0
6.033910E+2	9.719500E-5	1.332120E+4	0.000000E+0	0.000000E+0
6.073940E+2	9.719500E-5	1.332100E+4	0.000000E+0	0.000000E+0
6.113940E+2	9.719600E-5	1.332080E+4	0.000000E+0	0.000000E+0
6.153950E+2	9.719300E-5	1.332050E+4	0.000000E+0	0.000000E+0
6.193980E+2	9.719300E-5	1.332020E+4	0.000000E+0	0.000000E+0
6.233950E+2	9.719400E-5	1.331990E+4	0.000000E+0	0.000000E+0
6.273980E+2	9.719600E-5	1.331960E+4	0.000000E+0	0.000000E+0
6.314010E+2	9.719400E-5	1.331940E+4	0.000000E+0	0.000000E+0
6.353900E+2	9.719400E-5	1.331910E+4	0.000000E+0	0.000000E+0
6.393950E+2	9.719700E-5	1.331890E+4	0.000000E+0	0.000000E+0
6.433980E+2	9.719400E-5	1.331870E+4	0.000000E+0	0.000000E+0
6.473990E+2	9.719700E-5	1.331850E+4	0.000000E+0	0.000000E+0
6.513960E+2	9.719600E-5	1.331840E+4	0.000000E+0	0.000000E+0
6.553910E+2	9.719400E-5	1.331820E+4	0.000000E+0	0.000000E+0
6.593960E+2	9.719700E-5	1.331820E+4	0.000000E+0	0.000000E+0
6.633960E+2	9.719500E-5	1.331790E+4	0.000000E+0	0.000000E+0
6.673990E+2	9.719700E-5	1.331770E+4	0.000000E+0	0.000000E+0
6.713910E+2	9.719400E-5	1.331740E+4	0.000000E+0	0.000000E+0
6.753970E+2	9.719200E-5	1.331720E+4	0.000000E+0	0.000000E+0
6.793990E+2	9.719200E-5	1.331700E+4	0.000000E+0	0.000000E+0
6.833940E+2	9.719400E-5	1.331680E+4	0.000000E+0	0.000000E+0
6.873940E+2	9.719800E-5	1.331630E+4	0.000000E+0	0.000000E+0
6.914330E+2	9.719300E-5	1.331600E+4	0.000000E+0	0.000000E+0
6.953970E+2	9.719800E-5	1.331580E+4	0.000000E+0	0.000000E+0
6.994000E+2	9.719600E-5	1.331550E+4	0.000000E+0	0.000000E+0
7.033950E+2	9.719600E-5	1.331530E+4	0.000000E+0	0.000000E+0
7.073950E+2	9.719200E-5	1.331510E+4	0.000000E+0	0.000000E+0
7.113980E+2	9.719700E-5	1.331470E+4	0.000000E+0	0.000000E+0
7.153950E+2	9.719600E-5	1.331440E+4	0.000000E+0	0.000000E+0
7.193910E+2	9.719500E-5	1.331410E+4	0.000000E+0	0.000000E+0
7.233960E+2	9.719500E-5	1.331380E+4	0.000000E+0	0.000000E+0
7.273940E+2	9.719700E-5	1.331360E+4	0.000000E+0	0.000000E+0
7.313960E+2	9.719400E-5	1.331290E+4	0.000000E+0	0.000000E+0
7.353940E+2	9.719700E-5	1.331280E+4	0.000000E+0	0.000000E+0
7.393940E+2	9.719400E-5	1.331260E+4	0.000000E+0	0.000000E+0
7.433970E+2	9.719500E-5	1.331240E+4	0.000000E+0	0.000000E+0
7.473950E+2	9.719500E-5	1.331210E+4	0.000000E+0	0.000000E+0
7.513940E+2	9.719600E-5	1.331220E+4	0.000000E+0	0.000000E+0
7.553940E+2	9.719500E-5	1.331220E+4	0.000000E+0	0.000000E+0
7.593970E+2	9.719400E-5	1.331200E+4	0.000000E+0	0.000000E+0
7.633990E+2	9.719800E-5	1.331160E+4	0.000000E+0	0.000000E+0
7.673940E+2	9.719300E-5	1.331140E+4	0.000000E+0	0.000000E+0
7.713980E+2	9.719400E-5	1.331110E+4	0.000000E+0	0.000000E+0
7.754000E+2	9.719800E-5	1.331090E+4	0.000000E+0	0.000000E+0
7.793940E+2	9.719800E-5	1.331070E+4	0.000000E+0	0.000000E+0
7.833920E+2	9.719500E-5	1.331040E+4	0.000000E+0	0.000000E+0
7.873970E+2	9.719800E-5	1.331020E+4	0.000000E+0	0.000000E+0
7.913980E+2	9.719800E-5	1.331000E+4	0.000000E+0	0.000000E+0
7.953980E+2	9.720000E-5	1.330970E+4	0.000000E+0	0.000000E+0
7.993910E+2	9.719800E-5	1.330950E+4	0.000000E+0	0.000000E+0
8.033960E+2	9.719700E-5	1.330930E+4	0.000000E+0	0.000000E+0
8.073990E+2	9.719700E-5	1.330900E+4	0.000000E+0	0.000000E+0
8.114020E+2	9.719800E-5	1.330890E+4	0.000000E+0	0.000000E+0
8.153930E+2	9.719700E-5	1.330870E+4	0.000000E+0	0.000000E+0
8.193960E+2	9.719700E-5	1.330840E+4	0.000000E+0	0.000000E+0
8.233990E+2	9.719600E-5	1.330810E+4	0.000000E+0	0.000000E+0
8.273940E+2	9.719700E-5	1.330780E+4	0.000000E+0	0.000000E+0
8.313970E+2	9.719900E-5	1.330760E+4	0.000000E+0	0.000000E+0
8.353960E+2	9.719600E-5	1.330740E+4	0.000000E+0	0.000000E+0
8.394020E+2	9.719800E-5	1.330710E+4	0.000000E+0	0.000000E+0
8.433960E+2	9.719800E-5	1.330690E+4	0.000000E+0	0.000000E+0
8.473940E+2	9.719700E-5	1.330660E+4	0.000000E+0	0.000000E+0
8.513970E+2	9.719600E-5	1.330630E+4	0.000000E+0	0.000000E+0
8.553950E+2	9.719700E-5	1.330630E+4	0.000000E+0	0.000000E+0
8.594000E+2	9.719800E-5	1.330610E+4	0.000000E+0	0.000000E+0
8.633900E+2	9.719700E-5	1.330590E+4	0.000000E+0	0.000000E+0
8.673950E+2	9.719700E-5	1.330560E+4	0.000000E+0	0.000000E+0
8.714040E+2	9.719800E-5	1.330530E+4	0.000000E+0	0.000000E+0
8.753980E+2	9.719800E-5	1.330510E+4	0.000000E+0	0.000000E+0
8.793930E+2	9.719200E-5	1.330500E+4	0.000000E+0	0.000000E+0
8.833980E+2	9.719300E-5	1.330480E+4	0.000000E+0	0.000000E+0
8.873990E+2	9.719200E-5	1.330480E+4	0.000000E+0	0.000000E+0
8.913950E+2	9.719200E-5	1.330460E+4	0.000000E+0	0.000000E+0
8.953910E+2	9.719400E-5	1.330450E+4	0.000000E+0	0.000000E+0
8.993980E+2	9.719500E-5	1.330410E+4	0.000000E+0	0.000000E+0
9.034010E+2	9.719300E-5	1.330370E+4	0.000000E+0	0.000000E+0
9.073960E+2	9.719300E-5	1.330350E+4	0.000000E+0	0.000000E+0
9.113970E+2	9.719700E-5	1.330320E+4	0.000000E+0	0.000000E+0
9.153970E+2	9.719400E-5	1.330300E+4	0.000000E+0	0.000000E+0
9.193990E+2	9.719200E-5	1.330270E+4	0.000000E+0	0.000000E+0
9.233960E+2	9.719500E-5	1.330240E+4	0.000000E+0	0.000000E+0
9.273940E+2	9.719400E-5	1.330220E+4	0.000000E+0	0.000000E+0
9.313940E+2	9.719300E-5	1.330200E+4	0.000000E+0	0.000000E+0
9.353940E+2	9.719400E-5	1.330180E+4	0.000000E+0	0.000000E+0
9.393980E+2	9.719500E-5	1.330120E+4	0.000000E+0	0.000000E+0
9.433950E+2	9.719500E-5	1.330100E+4	0.000000E+0	0.000000E+0
9.473950E+2	9.719400E-5	1.330080E+4	0.000000E+0	0.000000E+0
9.513980E+2	9.719500E-5	1.330050E+4	0.000000E+0	0.000000E+0
9.553960E+2	9.719200E-5	1.330030E+4	0.000000E+0	0.000000E+0
9.593960E+2	9.719700E-5	1.329990E+4	0.000000E+0	0.000000E+0
9.633960E+2	9.719400E-5	1.329970E+4	0.000000E+0	0.000000E+0
9.673980E+2	9.719800E-5	1.329950E+4	0.000000E+0	0.000000E+0
9.714010E+2	9.719600E-5	1.329920E+4	0.000000E+0	0.000000E+0
9.753980E+2	9.719700E-5	1.329890E+4	0.000000E+0	0.000000E+0
9.793960E+2	9.719500E-5	1.329860E+4	0.000000E+0	0.000000E+0
9.834020E+2	9.719700E-5	1.329840E+4	0.000000E+0	0.000000E+0
9.873980E+2	9.719600E-5	1.329820E+4	0.000000E+0	0.000000E+0
9.913960E+2	9.719500E-5	1.329800E+4	0.000000E+0	0.000000E+0
9.953960E+2	9.719500E-5	1.329770E+4	0.000000E+0	0.000000E+0
9.993990E+2	9.719600E-5	1.329730E+4	0.000000E+0	0.000000E+0
1.003395E+3	9.719500E-5	1.329710E+4	0.000000E+0	0.000000E+0
1.007395E+3	9.719500E-5	1.329680E+4	0.000000E+0	0.000000E+0
1.011394E+3	9.719500E-5	1.329650E+4	0.000000E+0	0.000000E+0
1.015398E+3	9.719500E-5	1.329620E+4	0.000000E+0	0.000000E+0
1.019395E+3	9.719400E-5	1.329590E+4	0.000000E+0	0.000000E+0
1.023394E+3	9.719300E-5	1.329560E+4	0.000000E+0	0.000000E+0
1.027395E+3	9.719400E-5	1.329520E+4	0.000000E+0	0.000000E+0
1.031400E+3	9.719500E-5	1.329480E+4	0.000000E+0	0.000000E+0
1.035396E+3	9.719000E-5	1.329440E+4	0.000000E+0	0.000000E+0
1.039398E+3	9.719600E-5	1.329410E+4	0.000000E+0	0.000000E+0
1.043396E+3	9.719600E-5	1.329380E+4	0.000000E+0	0.000000E+0
1.047396E+3	9.719500E-5	1.329360E+4	0.000000E+0	0.000000E+0
1.051398E+3	9.719500E-5	1.329330E+4	0.000000E+0	0.000000E+0
1.055396E+3	9.719600E-5	1.329310E+4	0.000000E+0	0.000000E+0
1.059396E+3	9.719500E-5	1.329290E+4	0.000000E+0	0.000000E+0
1.063404E+3	9.719300E-5	1.329270E+4	0.000000E+0	0.000000E+0
1.067397E+3	9.719400E-5	1.329260E+4	0.000000E+0	0.000000E+0
1.071391E+3	9.719600E-5	1.329250E+4	0.000000E+0	0.000000E+0
1.075397E+3	9.719600E-5	1.329240E+4	0.000000E+0	0.000000E+0
1.079400E+3	9.719700E-5	1.329220E+4	0.000000E+0	0.000000E+0
1.083400E+3	9.719800E-5	1.329190E+4	0.000000E+0	0.000000E+0
1.087392E+3	9.719600E-5	1.329170E+4	0.000000E+0	0.000000E+0
1.091397E+3	9.719600E-5	1.329150E+4	0.000000E+0	0.000000E+0
1.095399E+3	9.719400E-5	1.329130E+4	0.000000E+0	0.000000E+0
1.099396E+3	9.719400E-5	1.329110E+4	0.000000E+0	0.000000E+0
1.103397E+3	9.719300E-5	1.329090E+4	0.000000E+0	0.000000E+0
1.107397E+3	9.719600E-5	1.329060E+4	0.000000E+0	0.000000E+0
1.111395E+3	9.719700E-5	1.329040E+4	0.000000E+0	0.000000E+0
1.115401E+3	9.719600E-5	1.329020E+4	0.000000E+0	0.000000E+0
1.119393E+3	9.719700E-5	1.329010E+4	0.000000E+0	0.000000E+0
1.123398E+3	9.719700E-5	1.328980E+4	0.000000E+0	0.000000E+0
1.127403E+3	9.719900E-5	1.328960E+4	0.000000E+0	0.000000E+0
1.131400E+3	9.720000E-5	1.328940E+4	0.000000E+0	0.000000E+0
1.135388E+3	9.719700E-5	1.328920E+4	0.000000E+0	0.000000E+0
1.139396E+3	9.719500E-5	1.328890E+4	0.000000E+0	0.000000E+0
1.143401E+3	9.719400E-5	1.328870E+4	0.000000E+0	0.000000E+0
1.147406E+3	9.719600E-5	1.328840E+4	0.000000E+0	0.000000E+0
1.151397E+3	9.719600E-5	1.328820E+4	0.000000E+0	0.000000E+0
1.155396E+3	9.719700E-5	1.328780E+4	0.000000E+0	0.000000E+0
1.159399E+3	9.719700E-5	1.328750E+4	0.000000E+0	0.000000E+0
1.163396E+3	9.719900E-5	1.328710E+4	0.000000E+0	0.000000E+0
1.167394E+3	9.719700E-5	1.328690E+4	0.000000E+0	0.000000E+0
1.171397E+3	9.719900E-5	1.328660E+4	0.000000E+0	0.000000E+0
1.175395E+3	9.719700E-5	1.328630E+4	0.000000E+0	0.000000E+0
1.179398E+3	9.719600E-5	1.328580E+4	0.000000E+0	0.000000E+0
1.183394E+3	9.719900E-5	1.328540E+4	0.000000E+0	0.000000E+0
1.187394E+3	9.719800E-5	1.328520E+4	0.000000E+0	0.000000E+0
1.191393E+3	9.719600E-5	1.328500E+4	0.000000E+0	0.000000E+0
1.195400E+3	9.719800E-5	1.328490E+4	0.000000E+0	0.000000E+0
1.199395E+3	9.719700E-5	1.328490E+4	0.000000E+0	0.000000E+0
1.203395E+3	9.719900E-5	1.328490E+4	0.000000E+0	0.000000E+0
1.207399E+3	9.719500E-5	1.328480E+4	0.000000E+0	0.000000E+0
1.211397E+3	9.719700E-5	1.328470E+4	0.000000E+0	0.000000E+0
1.215396E+3	9.720100E-5	1.328450E+4	0.000000E+0	0.000000E+0
1.219396E+3	9.719900E-5	1.328440E+4	0.000000E+0	0.000000E+0
1.223396E+3	9.719800E-5	1.328410E+4	0.000000E+0	0.000000E+0
1.227399E+3	9.719900E-5	1.328400E+4	0.000000E+0	0.000000E+0
1.231394E+3	9.719800E-5	1.328390E+4	0.000000E+0	0.000000E+0
1.235394E+3	9.719800E-5	1.328370E+4	0.000000E+0	0.000000E+0
1.239396E+3	9.720200E-5	1.328340E+4	0.000000E+0	0.000000E+0
1.243397E+3	9.719900E-5	1.328300E+4	0.000000E+0	0.000000E+0
1.247392E+3	9.720000E-5	1.328280E+4	0.000000E+0	0.000000E+0
1.251394E+3	9.719700E-5	1.328240E+4	0.000000E+0	0.000000E+0
1.255391E+3	9.720000E-5	1.328230E+4	0.000000E+0	0.000000E+0
1.259391E+3	9.720000E-5	1.328210E+4	0.000000E+0	0.000000E+0
1.263392E+3	9.719800E-5	1.328190E+4	0.000000E+0	0.000000E+0
1.267394E+3	9.720100E-5	1.328170E+4	0.000000E+0	0.000000E+0
1.271405E+3	9.720000E-5	1.328130E+4	0.000000E+0	0.000000E+0
1.275393E+3	9.719900E-5	1.328120E+4	0.000000E+0	0.000000E+0
1.279393E+3	9.719800E-5	1.328080E+4	0.000000E+0	0.000000E+0
1.283393E+3	9.719900E-5	1.328050E+4	0.000000E+0	0.000000E+0
1.287398E+3	9.719800E-5	1.327990E+4	0.000000E+0	0.000000E+0
1.291398E+3	9.719900E-5	1.327940E+4	0.000000E+0	0.000000E+0
1.295395E+3	9.719900E-5	1.327920E+4	0.000000E+0	0.000000E+0
1.299394E+3	9.720000E-5	1.327890E+4	0.000000E+0	0.000000E+0
1.303396E+3	9.720000E-5	1.327870E+4	0.000000E+0	0.000000E+0
1.307399E+3	9.720000E-5	1.327830E+4	0.000000E+0	0.000000E+0
1.311393E+3	9.719700E-5	1.327790E+4	0.000000E+0	0.000000E+0
1.315397E+3	9.720200E-5	1.327770E+4	0.000000E+0	0.000000E+0
1.319397E+3	9.720000E-5	1.327740E+4	0.000000E+0	0.000000E+0
1.323399E+3	9.720000E-5	1.327730E+4	0.000000E+0	0.000000E+0
1.327396E+3	9.719700E-5	1.327710E+4	0.000000E+0	0.000000E+0
1.331395E+3	9.720200E-5	1.327690E+4	0.000000E+0	0.000000E+0
1.335405E+3	9.720000E-5	1.327670E+4	0.000000E+0	0.000000E+0
1.339393E+3	9.720200E-5	1.327660E+4	0.000000E+0	0.000000E+0
1.343394E+3	9.719900E-5	1.327650E+4	0.000000E+0	0.000000E+0
1.347397E+3	9.720000E-5	1.327610E+4	0.000000E+0	0.000000E+0
1.351400E+3	9.720100E-5	1.327590E+4	0.000000E+0	0.000000E+0
1.355395E+3	9.720200E-5	1.327570E+4	0.000000E+0	0.000000E+0
1.359395E+3	9.719900E-5	1.327550E+4	0.000000E+0	0.000000E+0
1.363395E+3	9.720100E-5	1.327500E+4	0.000000E+0	0.000000E+0
1.367403E+3	9.720000E-5	1.327480E+4	0.000000E+0	0.000000E+0
1.371395E+3	9.720200E-5	1.327450E+4	0.000000E+0	0.000000E+0
1.375393E+3	9.720100E-5	1.327410E+4	0.000000E+0	0.000000E+0
1.379398E+3	9.720400E-5	1.327370E+4	0.000000E+0	0.000000E+0
1.383398E+3	9.720200E-5	1.327350E+4	0.000000E+0	0.000000E+0
1.387401E+3	9.720300E-5	1.327330E+4	0.000000E+0	0.000000E+0
1.391394E+3	9.720300E-5	1.327310E+4	0.000000E+0	0.000000E+0
1.395394E+3	9.720000E-5	1.327290E+4	0.000000E+0	0.000000E+0
1.399393E+3	9.720200E-5	1.327260E+4	0.000000E+0	0.000000E+0
1.403397E+3	9.720400E-5	1.327210E+4	0.000000E+0	0.000000E+0
1.407397E+3	9.720200E-5	1.327170E+4	0.000000E+0	0.000000E+0
1.411396E+3	9.720300E-5	1.327130E+4	0.000000E+0	0.000000E+0
1.415400E+3	9.720100E-5	1.327100E+4	0.000000E+0	0.000000E+0
1.419403E+3	9.720300E-5	1.327070E+4	0.000000E+0	0.000000E+0
1.423395E+3	9.720600E-5	1.327040E+4	0.000000E+0	0.000000E+0
1.427395E+3	9.720200E-5	1.327040E+4	0.000000E+0	0.000000E+0
1.431402E+3	9.720300E-5	1.327030E+4	0.000000E+0	0.000000E+0
1.435399E+3	9.720400E-5	1.327020E+4	0.000000E+0	0.000000E+0
1.439398E+3	9.720400E-5	1.327000E+4	0.000000E+0	0.000000E+0
1.443398E+3	9.720500E-5	1.326970E+4	0.000000E+0	0.000000E+0
1.447403E+3	9.720400E-5	1.326950E+4	0.000000E+0	0.000000E+0
1.451398E+3	9.720300E-5	1.326920E+4	0.000000E+0	0.000000E+0
1.455396E+3	9.720100E-5	1.326870E+4	0.000000E+0	0.000000E+0
1.459401E+3	9.720300E-5	1.326810E+4	0.000000E+0	0.000000E+0
1.463398E+3	9.720500E-5	1.326770E+4	0.000000E+0	0.000000E+0
1.467393E+3	9.720500E-5	1.326760E+4	0.000000E+0	0.000000E+0
1.471394E+3	9.720200E-5	1.326740E+4	0.000000E+0	0.000000E+0
1.475394E+3	9.720300E-5	1.326720E+4	0.000000E+0	0.000000E+0
1.479402E+3	9.720600E-5	1.326720E+4	0.000000E+0	0.000000E+0
1.483397E+3	9.720600E-5	1.326700E+4	0.000000E+0	0.000000E+0
1.487396E+3	9.720600E-5	1.326700E+4	0.000000E+0	0.000000E+0
1.491396E+3	9.720400E-5	1.326670E+4	0.000000E+0	0.000000E+0
1.495402E+3	9.720100E-5	1.326660E+4	0.000000E+0	0.000000E+0
1.499396E+3	9.720200E-5	1.326630E+4	0.000000E+0	0.000000E+0
1.503397E+3	9.720400E-5	1.326620E+4	0.000000E+0	0.000000E+0
1.507397E+3	9.720300E-5	1.326600E+4	0.000000E+0	0.000000E+0
1.511400E+3	9.720600E-5	1.326550E+4	0.000000E+0	0.000000E+0
1.515398E+3	9.720300E-5	1.326510E+4	0.000000E+0	0.000000E+0
1.519393E+3	9.720400E-5	1.326500E+4	0.000000E+0	0.000000E+0
1.523393E+3	9.720300E-5	1.326490E+4	0.000000E+0	0.000000E+0
1.527396E+3	9.720500E-5	1.326470E+4	0.000000E+0	0.000000E+0
1.531400E+3	9.720300E-5	1.326450E+4	0.000000E+0	0.000000E+0
1.535390E+3	9.720200E-5	1.326420E+4	0.000000E+0	0.000000E+0
1.539395E+3	9.720600E-5	1.326400E+4	0.000000E+0	0.000000E+0
1.543398E+3	9.720400E-5	1.326380E+4	0.000000E+0	0.000000E+0
1.547399E+3	9.720300E-5	1.326370E+4	0.000000E+0	0.000000E+0
1.551393E+3	9.720500E-5	1.326350E+4	0.000000E+0	0.000000E+0
1.555394E+3	9.720500E-5	1.326330E+4	0.000000E+0	0.000000E+0
1.559405E+3	9.720200E-5	1.326310E+4	0.000000E+0	0.000000E+0
1.563399E+3	9.720400E-5	1.326290E+4	0.000000E+0	0.000000E+0
1.567396E+3	9.720300E-5	1.326260E+4	0.000000E+0	0.000000E+0
1.571394E+3	9.720200E-5	1.326250E+4	0.000000E+0	0.000000E+0
1.575400E+3	9.720300E-5	1.326230E+4	0.000000E+0	0.000000E+0
1.579395E+3	9.720500E-5	1.326210E+4	0.000000E+0	0.000000E+0
1.583394E+3	9.720600E-5	1.326160E+4	0.000000E+0	0.000000E+0
1.587394E+3	9.720100E-5	1.326150E+4	0.000000E+0	0.000000E+0
1.591395E+3	9.720600E-5	1.326140E+4	0.000000E+0	0.000000E+0
1.595398E+3	9.720500E-5	1.326130E+4	0.000000E+0	0.000000E+0
1.599397E+3	9.719900E-5	1.326120E+4	0.000000E+0	0.000000E+0
1.603395E+3	9.720300E-5	1.326100E+4	0.000000E+0	0.000000E+0
1.607398E+3	9.720400E-5	1.326080E+4	0.000000E+0	0.000000E+0
1.611400E+3	9.720500E-5	1.326060E+4	0.000000E+0	0.000000E+0
1.615393E+3	9.720400E-5	1.326030E+4	0.000000E+0	0.000000E+0
1.619400E+3	9.720200E-5	1.326020E+4	0.000000E+0	0.000000E+0
1.623398E+3	9.720700E-5	1.326000E+4	0.000000E+0	0.000000E+0
1.627399E+3	9.720600E-5	1.325990E+4	0.000000E+0	0.000000E+0
1.631398E+3	9.720400E-5	1.325980E+4	0.000000E+0	0.000000E+0
1.635396E+3	9.720600E-5	1.325960E+4	0.000000E+0	0.000000E+0
1.639583E+3	9.720500E-5	1.325950E+4	0.000000E+0	0.000000E+0
1.643397E+3	9.720600E-5	1.325930E+4	0.000000E+0	0.000000E+0
1.647669E+3	9.721000E-5	1.325900E+4	0.000000E+0	0.000000E+0
1.651490E+3	9.720200E-5	1.325850E+4	0.000000E+0	0.000000E+0
1.655446E+3	9.720300E-5	1.325830E+4	0.000000E+0	0.000000E+0
1.659971E+3	9.720200E-5	1.325800E+4	0.000000E+0	0.000000E+0
1.663526E+3	9.719900E-5	1.325770E+4	0.000000E+0	0.000000E+0
1.667617E+3	9.720700E-5	1.325730E+4	0.000000E+0	0.000000E+0
1.671441E+3	9.720500E-5	1.325730E+4	0.000000E+0	0.000000E+0
1.675397E+3	9.720700E-5	1.325720E+4	0.000000E+0	0.000000E+0
1.679389E+3	9.720800E-5	1.325690E+4	0.000000E+0	0.000000E+0
1.683400E+3	9.720500E-5	1.325650E+4	0.000000E+0	0.000000E+0
1.687400E+3	9.720400E-5	1.325610E+4	0.000000E+0	0.000000E+0
1.691395E+3	9.720200E-5	1.325590E+4	0.000000E+0	0.000000E+0
1.695393E+3	9.720700E-5	1.325550E+4	0.000000E+0	0.000000E+0
1.699400E+3	9.720500E-5	1.325540E+4	0.000000E+0	0.000000E+0
1.703791E+3	9.720500E-5	1.325520E+4	0.000000E+0	0.000000E+0
1.707395E+3	9.720500E-5	1.325540E+4	0.000000E+0	0.000000E+0
1.711390E+3	9.720400E-5	1.325550E+4	0.000000E+0	0.000000E+0
1.715398E+3	9.720200E-5	1.325550E+4	0.000000E+0	0.000000E+0
1.719404E+3	9.720500E-5	1.325570E+4	0.000000E+0	0.000000E+0
1.723398E+3	9.720400E-5	1.325540E+4	0.000000E+0	0.000000E+0
1.727394E+3	9.720200E-5	1.325540E+4	0.000000E+0	0.000000E+0
1.731394E+3	9.720400E-5	1.325530E+4	0.000000E+0	0.000000E+0
1.735402E+3	9.720400E-5	1.325550E+4	0.000000E+0	0.000000E+0
1.739394E+3	9.720600E-5	1.325540E+4	0.000000E+0	0.000000E+0
1.743394E+3	9.682900E-5	1.325530E+4	0.000000E+0	0.000000E+0
1.747395E+3	9.682700E-5	1.325480E+4	0.000000E+0	0.000000E+0
1.751402E+3	9.683100E-5	1.325420E+4	0.000000E+0	0.000000E+0
1.755396E+3	9.683500E-5	1.325380E+4	0.000000E+0	0.000000E+0
1.759397E+3	9.683400E-5	1.325350E+4	0.000000E+0	0.000000E+0
1.763395E+3	9.683500E-5	1.325340E+4	0.000000E+0	0.000000E+0
1.767398E+3	9.683900E-5	1.325330E+4	0.000000E+0	0.000000E+0
1.771396E+3	9.683700E-5	1.325320E+4	0.000000E+0	0.000000E+0
1.775396E+3	9.683200E-5	1.325300E+4	0.000000E+0	0.000000E+0
1.779395E+3	9.681700E-5	1.325280E+4	0.000000E+0	0.000000E+0
1.783406E+3	9.680900E-5	1.325260E+4	0.000000E+0	0.000000E+0
1.787398E+3	9.680400E-5	1.325230E+4	0.000000E+0	0.000000E+0
1.791393E+3	9.680000E-5	1.325210E+4	0.000000E+0	0.000000E+0
1.795399E+3	9.679700E-5	1.325180E+4	0.000000E+0	0.000000E+0
1.799401E+3	9.679700E-5	1.325170E+4	0.000000E+0	0.000000E+0
1.803399E+3	9.679500E-5	1.325150E+4	0.000000E+0	0.000000E+0
1.807397E+3	9.679600E-5	1.325130E+4	0.000000E+0	0.000000E+0
1.811397E+3	9.679300E-5	1.325110E+4	0.000000E+0	0.000000E+0
1.815397E+3	9.679200E-5	1.325090E+4	0.000000E+0	0.000000E+0
1.819398E+3	9.678900E-5	1.325060E+4	0.000000E+0	0.000000E+0
1.823397E+3	9.679300E-5	1.325040E+4	0.000000E+0	0.000000E+0
1.827395E+3	9.679100E-5	1.325000E+4	0.000000E+0	0.000000E+0
1.831399E+3	9.678800E-5	1.324950E+4	0.000000E+0	0.000000E+0
1.835395E+3	9.678800E-5	1.324930E+4	0.000000E+0	0.000000E+0
1.839394E+3	9.678900E-5	1.324900E+4	0.000000E+0	0.000000E+0
1.843395E+3	9.678600E-5	1.324880E+4	0.000000E+0	0.000000E+0
1.847402E+3	9.678800E-5	1.324850E+4	0.000000E+0	0.000000E+0
1.851407E+3	9.678800E-5	1.324830E+4	0.000000E+0	0.000000E+0
1.855395E+3	9.678500E-5	1.324790E+4	0.000000E+0	0.000000E+0
1.859400E+3	9.678500E-5	1.324770E+4	0.000000E+0	0.000000E+0
1.863403E+3	9.678700E-5	1.324740E+4	0.000000E+0	0.000000E+0
1.867405E+3	9.678300E-5	1.324720E+4	0.000000E+0	0.000000E+0
1.871396E+3	9.678500E-5	1.324690E+4	0.000000E+0	0.000000E+0
1.875396E+3	9.678500E-5	1.324660E+4	0.000000E+0	0.000000E+0
1.879399E+3	9.678000E-5	1.324630E+4	0.000000E+0	0.000000E+0
1.883399E+3	9.677800E-5	1.324620E+4	0.000000E+0	0.000000E+0
1.887396E+3	9.678200E-5	1.324600E+4	0.000000E+0	0.000000E+0
1.891396E+3	9.678200E-5	1.324570E+4	0.000000E+0	0.000000E+0
1.895396E+3	9.678100E-5	1.324560E+4	0.000000E+0	0.000000E+0
1.899401E+3	9.678200E-5	1.324530E+4	0.000000E+0	0.000000E+0
1.903396E+3	9.678200E-5	1.324510E+4	0.000000E+0	0.000000E+0
1.907396E+3	9.678100E-5	1.324480E+4	0.000000E+0	0.000000E+0
1.911402E+3	9.678500E-5	1.324480E+4	0.000000E+0	0.000000E+0
1.915407E+3	9.678300E-5	1.324480E+4	0.000000E+0	0.000000E+0
1.919395E+3	9.678400E-5	1.324450E+4	0.000000E+0	0.000000E+0
1.923397E+3	9.678100E-5	1.324430E+4	0.000000E+0	0.000000E+0
1.927397E+3	9.678400E-5	1.324410E+4	0.000000E+0	0.000000E+0
1.931398E+3	9.678100E-5	1.324380E+4	0.000000E+0	0.000000E+0
1.935397E+3	9.678100E-5	1.324350E+4	0.000000E+0	0.000000E+0
1.939396E+3	9.678400E-5	1.324330E+4	0.000000E+0	0.000000E+0
1.943396E+3	9.678000E-5	1.324310E+4	0.000000E+0	0.000000E+0
1.947400E+3	9.677900E-5	1.324300E+4	0.000000E+0	0.000000E+0
1.951393E+3	9.678000E-5	1.324290E+4	0.000000E+0	0.000000E+0
1.955395E+3	9.677600E-5	1.324270E+4	0.000000E+0	0.000000E+0
1.959401E+3	9.678000E-5	1.324250E+4	0.000000E+0	0.000000E+0
1.963399E+3	9.677900E-5	1.324230E+4	0.000000E+0	0.000000E+0
1.967396E+3	9.678000E-5	1.324210E+4	0.000000E+0	0.000000E+0
1.971396E+3	9.677900E-5	1.324190E+4	0.000000E+0	0.000000E+0
1.975397E+3	9.677900E-5	1.324170E+4	0.000000E+0	0.000000E+0
1.979399E+3	9.677900E-5	1.324150E+4	0.000000E+0	0.000000E+0
1.983396E+3	9.677600E-5	1.324140E+4	0.000000E+0	0.000000E+0
1.987396E+3	9.677600E-5	1.324120E+4	0.000000E+0	0.000000E+0
1.991399E+3	9.677800E-5	1.324110E+4	0.000000E+0	0.000000E+0
1.995394E+3	9.678000E-5	1.324070E+4	0.000000E+0	0.000000E+0
1.999395E+3	9.677900E-5	1.324030E+4	0.000000E+0	0.000000E+0
2.003395E+3	9.677700E-5	1.324000E+4	0.000000E+0	0.000000E+0
2.007397E+3	9.677700E-5	1.323990E+4	0.000000E+0	0.000000E+0
2.011400E+3	9.677700E-5	1.323970E+4	0.000000E+0	0.000000E+0
2.015397E+3	9.677500E-5	1.323960E+4	0.000000E+0	0.000000E+0
2.019395E+3	9.677500E-5	1.323940E+4	0.000000E+0	0.000000E+0
2.023405E+3	9.677700E-5	1.323920E+4	0.000000E+0	0.000000E+0
2.027400E+3	9.677700E-5	1.323910E+4	0.000000E+0	0.000000E+0
2.031393E+3	9.677700E-5	1.323880E+4	0.000000E+0	0.000000E+0
2.035396E+3	9.677200E-5	1.323850E+4	0.000000E+0	0.000000E+0
2.039398E+3	9.677700E-5	1.323840E+4	0.000000E+0	0.000000E+0
2.043396E+3	9.677500E-5	1.323820E+4	0.000000E+0	0.000000E+0
2.047398E+3	9.677700E-5	1.323810E+4	0.000000E+0	0.000000E+0
2.051396E+3	9.677400E-5	1.323790E+4	0.000000E+0	0.000000E+0
2.055396E+3	9.677200E-5	1.323780E+4	0.000000E+0	0.000000E+0
2.059399E+3	9.677100E-5	1.323760E+4	0.000000E+0	0.000000E+0
2.063397E+3	9.677700E-5	1.323740E+4	0.000000E+0	0.000000E+0
2.067397E+3	9.677700E-5	1.323720E+4	0.000000E+0	0.000000E+0
2.071397E+3	9.677400E-5	1.323700E+4	0.000000E+0	0.000000E+0
2.075400E+3	9.677400E-5	1.323680E+4	0.000000E+0	0.000000E+0
2.079397E+3	9.677200E-5	1.323670E+4	0.000000E+0	0.000000E+0
2.083397E+3	9.677200E-5	1.323660E+4	0.000000E+0	0.000000E+0
2.087400E+3	9.677200E-5	1.323640E+4	0.000000E+0	0.000000E+0
2.091398E+3	9.677300E-5	1.323620E+4	0.000000E+0	0.000000E+0
2.095397E+3	9.676900E-5	1.323600E+4	0.000000E+0	0.000000E+0
2.099397E+3	9.677200E-5	1.323590E+4	0.000000E+0	0.000000E+0
2.103405E+3	9.677300E-5	1.323590E+4	0.000000E+0	0.000000E+0
2.107397E+3	9.677300E-5	1.323560E+4	0.000000E+0	0.000000E+0
2.111396E+3	9.677200E-5	1.323530E+4	0.000000E+0	0.000000E+0
2.115396E+3	9.677000E-5	1.323510E+4	0.000000E+0	0.000000E+0
2.119399E+3	9.677000E-5	1.323490E+4	0.000000E+0	0.000000E+0
2.123399E+3	9.677100E-5	1.323470E+4	0.000000E+0	0.000000E+0
2.127393E+3	9.676900E-5	1.323460E+4	0.000000E+0	0.000000E+0
2.131401E+3	9.676800E-5	1.323430E+4	0.000000E+0	0.000000E+0
2.135402E+3	9.677000E-5	1.323410E+4	0.000000E+0	0.000000E+0
2.139398E+3	9.677000E-5	1.323390E+4	0.000000E+0	0.000000E+0
2.143393E+3	9.676900E-5	1.323360E+4	0.000000E+0	0.000000E+0
2.147396E+3	9.677000E-5	1.323340E+4	0.000000E+0	0.000000E+0
2.151404E+3	9.677100E-5	1.323330E+4	0.000000E+0	0.000000E+0
2.155398E+3	9.676800E-5	1.323320E+4	0.000000E+0	0.000000E+0
2.159395E+3	9.677000E-5	1.323300E+4	0.000000E+0	0.000000E+0
2.163395E+3	9.677100E-5	1.323290E+4	0.000000E+0	0.000000E+0
2.167407E+3	9.677000E-5	1.323260E+4	0.000000E+0	0.000000E+0
2.171395E+3	9.677100E-5	1.323250E+4	0.000000E+0	0.000000E+0
2.175397E+3	9.677200E-5	1.323230E+4	0.000000E+0	0.000000E+0
2.179397E+3	9.677600E-5	1.323200E+4	0.000000E+0	0.000000E+0
2.183401E+3	9.677100E-5	1.323180E+4	0.000000E+0	0.000000E+0
2.187397E+3	9.677600E-5	1.323150E+4	0.000000E+0	0.000000E+0
2.191395E+3	9.677400E-5	1.323120E+4	0.000000E+0	0.000000E+0
2.195395E+3	9.677500E-5	1.323100E+4	0.000000E+0	0.000000E+0
2.199406E+3	9.677100E-5	1.323080E+4	0.000000E+0	0.000000E+0
2.203397E+3	9.677400E-5	1.323080E+4	0.000000E+0	0.000000E+0
2.207395E+3	9.677000E-5	1.323090E+4	0.000000E+0	0.000000E+0
2.211395E+3	9.677300E-5	1.323070E+4	0.000000E+0	0.000000E+0
2.215396E+3	9.677500E-5	1.323060E+4	0.000000E+0	0.000000E+0
2.219399E+3	9.677400E-5	1.323030E+4	0.000000E+0	0.000000E+0
2.223394E+3	9.677300E-5	1.323010E+4	0.000000E+0	0.000000E+0
2.227401E+3	9.677400E-5	1.322990E+4	0.000000E+0	0.000000E+0
2.231396E+3	9.677500E-5	1.322970E+4	0.000000E+0	0.000000E+0
2.235399E+3	9.677100E-5	1.322960E+4	0.000000E+0	0.000000E+0
2.239397E+3	9.677400E-5	1.322940E+4	0.000000E+0	0.000000E+0
2.243397E+3	9.677500E-5	1.322930E+4	0.000000E+0	0.000000E+0
2.247399E+3	9.677300E-5	1.322920E+4	0.000000E+0	0.000000E+0
2.251398E+3	9.677000E-5	1.322890E+4	0.000000E+0	0.000000E+0
2.255395E+3	9.677500E-5	1.322860E+4	0.000000E+0	0.000000E+0
2.259394E+3	9.677400E-5	1.322820E+4	0.000000E+0	0.000000E+0
2.263405E+3	9.677200E-5	1.322820E+4	0.000000E+0	0.000000E+0
2.267398E+3	9.677300E-5	1.322810E+4	0.000000E+0	0.000000E+0
2.271393E+3	9.677400E-5	1.322790E+4	0.000000E+0	0.000000E+0
2.275400E+3	9.677400E-5	1.322780E+4	0.000000E+0	0.000000E+0
2.279403E+3	9.677700E-5	1.322750E+4	0.000000E+0	0.000000E+0
2.283397E+3	9.677600E-5	1.322720E+4	0.000000E+0	0.000000E+0
2.287395E+3	9.677700E-5	1.322690E+4	0.000000E+0	0.000000E+0
2.291399E+3	9.677600E-5	1.322670E+4	0.000000E+0	0.000000E+0
2.295406E+3	9.677200E-5	1.322650E+4	0.000000E+0	0.000000E+0
2.299399E+3	9.677500E-5	1.322630E+4	0.000000E+0	0.000000E+0
2.303393E+3	9.677500E-5	1.322590E+4	0.000000E+0	0.000000E+0
2.307396E+3	9.677200E-5	1.322530E+4	0.000000E+0	0.000000E+0
2.311397E+3	9.677400E-5	1.322440E+4	0.000000E+0	0.000000E+0
2.315402E+3	9.677300E-5	1.322400E+4	0.000000E+0	0.000000E+0
2.319396E+3	9.677400E-5	1.322310E+4	0.000000E+0	0.000000E+0
2.323397E+3	9.677400E-5	1.322260E+4	0.000000E+0	0.000000E+0
2.327402E+3	9.677300E-5	1.322280E+4	0.000000E+0	0.000000E+0
2.331397E+3	9.677200E-5	1.322300E+4	0.000000E+0	0.000000E+0
2.335395E+3	9.677400E-5	1.322310E+4	0.000000E+0	0.000000E+0
2.339395E+3	9.677200E-5	1.322290E+4	0.000000E+0	0.000000E+0
2.343403E+3	9.677300E-5	1.322280E+4	0.000000E+0	0.000000E+0
2.347396E+3	9.677400E-5	1.322270E+4	0.000000E+0	0.000000E+0
2.351395E+3	9.677400E-5	1.322250E+4	0.000000E+0	0.000000E+0
2.355395E+3	9.677500E-5	1.322240E+4	0.000000E+0	0.000000E+0
2.359408E+3	9.677300E-5	1.322230E+4	0.000000E+0	0.000000E+0
2.363393E+3	9.677200E-5	1.322200E+4	0.000000E+0	0.000000E+0
2.367395E+3	9.677400E-5	1.322180E+4	0.000000E+0	0.000000E+0
2.371400E+3	9.677600E-5	1.322160E+4	0.000000E+0	0.000000E+0
2.375409E+3	9.677100E-5	1.322130E+4	0.000000E+0	0.000000E+0
2.379395E+3	9.677300E-5	1.322110E+4	0.000000E+0	0.000000E+0
2.383393E+3	9.677300E-5	1.322080E+4	0.000000E+0	0.000000E+0
2.387398E+3	9.677400E-5	1.322060E+4	0.000000E+0	0.000000E+0
2.391404E+3	9.677200E-5	1.322040E+4	0.000000E+0	0.000000E+0
2.395397E+3	9.677400E-5	1.322030E+4	0.000000E+0	0.000000E+0
2.399394E+3	9.677500E-5	1.322000E+4	0.000000E+0	0.000000E+0
2.403394E+3	9.677400E-5	1.321960E+4	0.000000E+0	0.000000E+0
2.407407E+3	9.677400E-5	1.321940E+4	0.000000E+0	0.000000E+0
2.411399E+3	9.677500E-5	1.321930E+4	0.000000E+0	0.000000E+0
2.415395E+3	9.677400E-5	1.321920E+4	0.000000E+0	0.000000E+0
2.419395E+3	9.677300E-5	1.321910E+4	0.000000E+0	0.000000E+0
2.423403E+3	9.677200E-5	1.321880E+4	0.000000E+0	0.000000E+0
2.427397E+3	9.677400E-5	1.321860E+4	0.000000E+0	0.000000E+0
2.431395E+3	9.677600E-5	1.321820E+4	0.000000E+0	0.000000E+0
2.435398E+3	9.677300E-5	1.321790E+4	0.000000E+0	0.000000E+0
2.439405E+3	9.677000E-5	1.321770E+4	0.000000E+0	0.000000E+0
2.443399E+3	9.677600E-5	1.321730E+4	0.000000E+0	0.000000E+0
2.447393E+3	9.677500E-5	1.321710E+4	0.000000E+0	0.000000E+0
2.451401E+3	9.677400E-5	1.321680E+4	0.000000E+0	0.000000E+0
2.455404E+3	9.677400E-5	1.321650E+4	0.000000E+0	0.000000E+0
2.459398E+3	9.677400E-5	1.321610E+4	0.000000E+0	0.000000E+0
2.463396E+3	9.677100E-5	1.321580E+4	0.000000E+0	0.000000E+0
2.467394E+3	9.677300E-5	1.321550E+4	0.000000E+0	0.000000E+0
2.471404E+3	9.677300E-5	1.321510E+4	0.000000E+0	0.000000E+0
2.475398E+3	9.677400E-5	1.321470E+4	0.000000E+0	0.000000E+0
2.479397E+3	9.677100E-5	1.321450E+4	0.000000E+0	0.000000E+0
2.483396E+3	9.677400E-5	1.321420E+4	0.000000E+0	0.000000E+0
2.487399E+3	9.677500E-5	1.321390E+4	0.000000E+0	0.000000E+0
2.491400E+3	9.677400E-5	1.321350E+4	0.000000E+0	0.000000E+0
2.495395E+3	9.677400E-5	1.321320E+4	0.000000E+0	0.000000E+0
2.499395E+3	9.677500E-5	1.321290E+4	0.000000E+0	0.000000E+0
2.503402E+3	9.677500E-5	1.321260E+4	0.000000E+0	0.000000E+0
2.507396E+3	9.677400E-5	1.321230E+4	0.000000E+0	0.000000E+0
2.511395E+3	9.677200E-5	1.321210E+4	0.000000E+0	0.000000E+0
2.515395E+3	9.677200E-5	1.321190E+4	0.000000E+0	0.000000E+0
2.519400E+3	9.677200E-5	1.321160E+4	0.000000E+0	0.000000E+0
2.523400E+3	9.677400E-5	1.321130E+4	0.000000E+0	0.000000E+0
2.527396E+3	9.677400E-5	1.321100E+4	0.000000E+0	0.000000E+0
2.531393E+3	9.677500E-5	1.321060E+4	0.000000E+0	0.000000E+0
2.535398E+3	9.677300E-5	1.321030E+4	0.000000E+0	0.000000E+0
2.539399E+3	9.677400E-5	1.321010E+4	0.000000E+0	0.000000E+0
2.543391E+3	9.677500E-5	1.320980E+4	0.000000E+0	0.000000E+0
2.547391E+3	9.677400E-5	1.320950E+4	0.000000E+0	0.000000E+0
2.551402E+3	9.677400E-5	1.320920E+4	0.000000E+0	0.000000E+0
2.555396E+3	9.677100E-5	1.320890E+4	0.000000E+0	0.000000E+0
2.559394E+3	9.677100E-5	1.320870E+4	0.000000E+0	0.000000E+0
2.563396E+3	9.677300E-5	1.320860E+4	0.000000E+0	0.000000E+0
2.567397E+3	9.677400E-5	1.320800E+4	0.000000E+0	0.000000E+0
2.571399E+3	9.677600E-5	1.320760E+4	0.000000E+0	0.000000E+0
2.575391E+3	9.677500E-5	1.320730E+4	0.000000E+0	0.000000E+0
2.579399E+3	9.677500E-5	1.320680E+4	0.000000E+0	0.000000E+0
2.583400E+3	9.677500E-5	1.320670E+4	0.000000E+0	0.000000E+0
2.587404E+3	9.677400E-5	1.320660E+4	0.000000E+0	0.000000E+0
2.591394E+3	9.677100E-5	1.320650E+4	0.000000E+0	0.000000E+0
2.595394E+3	9.677400E-5	1.320620E+4	0.000000E+0	0.000000E+0
2.599397E+3	9.677200E-5	1.320590E+4	0.000000E+0	0.000000E+0
2.603396E+3	9.677300E-5	1.320560E+4	0.000000E+0	0.000000E+0
2.607392E+3	9.677400E-5	1.320540E+4	0.000000E+0	0.000000E+0
2.611398E+3	9.677400E-5	1.320520E+4	0.000000E+0	0.000000E+0
2.615400E+3	9.677200E-5	1.320490E+4	0.000000E+0	0.000000E+0
2.619397E+3	9.677300E-5	1.320470E+4	0.000000E+0	0.000000E+0
2.623393E+3	9.677400E-5	1.320450E+4	0.000000E+0	0.000000E+0
2.627393E+3	9.677400E-5	1.320430E+4	0.000000E+0	0.000000E+0
2.631396E+3	9.677500E-5	1.320420E+4	0.000000E+0	0.000000E+0
2.635401E+3	9.677500E-5	1.320410E+4	0.000000E+0	0.000000E+0
2.639393E+3	9.677400E-5	1.320380E+4	0.000000E+0	0.000000E+0
2.643396E+3	9.677400E-5	1.320350E+4	0.000000E+0	0.000000E+0
2.647394E+3	9.677500E-5	1.320320E+4	0.000000E+0	0.000000E+0
2.651399E+3	9.677900E-5	1.320300E+4	0.000000E+0	0.000000E+0
2.655397E+3	9.677400E-5	1.320270E+4	0.000000E+0	0.000000E+0
2.659396E+3	9.677500E-5	1.320250E+4	0.000000E+0	0.000000E+0
2.663400E+3	9.677700E-5	1.320220E+4	0.000000E+0	0.000000E+0
2.667402E+3	9.677600E-5	1.320190E+4	0.000000E+0	0.000000E+0
2.671397E+3	9.677500E-5	1.320150E+4	0.000000E+0	0.000000E+0
2.675397E+3	9.677500E-5	1.320130E+4	0.000000E+0	0.000000E+0
2.679400E+3	9.677500E-5	1.320090E+4	0.000000E+0	0.000000E+0
2.683403E+3	9.677500E-5	1.320070E+4	0.000000E+0	0.000000E+0
2.687395E+3	9.677300E-5	1.320050E+4	0.000000E+0	0.000000E+0
2.691395E+3	9.677500E-5	1.319980E+4	0.000000E+0	0.000000E+0
2.695398E+3	9.677300E-5	1.319920E+4	0.000000E+0	0.000000E+0
2.699400E+3	9.677600E-5	1.319870E+4	0.000000E+0	0.000000E+0
2.703396E+3	9.677500E-5	1.319830E+4	0.000000E+0	0.000000E+0
2.707396E+3	9.677700E-5	1.319800E+4	0.000000E+0	0.000000E+0
2.711396E+3	9.677400E-5	1.319780E+4	0.000000E+0	0.000000E+0
2.715401E+3	9.677300E-5	1.319770E+4	0.000000E+0	0.000000E+0
2.719398E+3	9.677500E-5	1.319750E+4	0.000000E+0	0.000000E+0
2.723396E+3	9.677500E-5	1.319740E+4	0.000000E+0	0.000000E+0
2.727399E+3	9.677500E-5	1.319710E+4	0.000000E+0	0.000000E+0
2.731402E+3	9.677700E-5	1.319690E+4	0.000000E+0	0.000000E+0
2.735394E+3	9.677600E-5	1.319650E+4	0.000000E+0	0.000000E+0
2.739396E+3	9.677700E-5	1.319630E+4	0.000000E+0	0.000000E+0
2.743399E+3	9.677700E-5	1.319610E+4	0.000000E+0	0.000000E+0
2.747402E+3	9.677500E-5	1.319580E+4	0.000000E+0	0.000000E+0
2.751392E+3	9.677600E-5	1.319550E+4	0.000000E+0	0.000000E+0
2.755399E+3	9.677600E-5	1.319510E+4	0.000000E+0	0.000000E+0
2.759399E+3	9.677700E-5	1.319460E+4	0.000000E+0	0.000000E+0
2.763406E+3	9.677500E-5	1.319420E+4	0.000000E+0	0.000000E+0
2.767395E+3	9.677900E-5	1.319410E+4	0.000000E+0	0.000000E+0
2.771398E+3	9.677800E-5	1.319400E+4	0.000000E+0	0.000000E+0
2.775405E+3	9.677400E-5	1.319370E+4	0.000000E+0	0.000000E+0
2.779399E+3	9.677900E-5	1.319350E+4	0.000000E+0	0.000000E+0
2.783395E+3	9.677700E-5	1.319350E+4	0.000000E+0	0.000000E+0
2.787396E+3	9.677900E-5	1.319320E+4	0.000000E+0	0.000000E+0
2.791401E+3	9.677700E-5	1.319300E+4	0.000000E+0	0.000000E+0
2.795397E+3	9.677800E-5	1.319270E+4	0.000000E+0	0.000000E+0
2.799395E+3	9.678100E-5	1.319230E+4	0.000000E+0	0.000000E+0
2.803396E+3	9.677800E-5	1.319190E+4	0.000000E+0	0.000000E+0
2.807398E+3	9.678000E-5	1.319160E+4	0.000000E+0	0.000000E+0
2.811397E+3	9.677800E-5	1.319120E+4	0.000000E+0	0.000000E+0
2.815394E+3	9.677700E-5	1.319080E+4	0.000000E+0	0.000000E+0
2.819393E+3	9.677800E-5	1.319060E+4	0.000000E+0	0.000000E+0
2.823396E+3	9.678000E-5	1.319010E+4	0.000000E+0	0.000000E+0
2.827399E+3	9.677900E-5	1.318920E+4	0.000000E+0	0.000000E+0
2.831394E+3	9.677800E-5	1.318860E+4	0.000000E+0	0.000000E+0
2.835395E+3	9.677600E-5	1.318840E+4	0.000000E+0	0.000000E+0
2.839399E+3	9.677700E-5	1.318820E+4	0.000000E+0	0.000000E+0
2.843400E+3	9.678100E-5	1.318800E+4	0.000000E+0	0.000000E+0
2.847392E+3	9.677900E-5	1.318800E+4	0.000000E+0	0.000000E+0
2.851397E+3	9.677900E-5	1.318780E+4	0.000000E+0	0.000000E+0
2.855397E+3	9.677900E-5	1.318770E+4	0.000000E+0	0.000000E+0
2.859400E+3	9.677900E-5	1.318750E+4	0.000000E+0	0.000000E+0
2.863393E+3	9.677900E-5	1.318730E+4	0.000000E+0	0.000000E+0
2.867396E+3	9.678100E-5	1.318700E+4	0.000000E+0	0.000000E+0
2.871398E+3	9.678000E-5	1.318670E+4	0.000000E+0	0.000000E+0
2.875401E+3	9.678100E-5	1.318640E+4	0.000000E+0	0.000000E+0
2.879390E+3	9.678000E-5	1.318610E+4	0.000000E+0	0.000000E+0
2.883398E+3	9.677900E-5	1.318590E+4	0.000000E+0	0.000000E+0
2.887401E+3	9.678000E-5	1.318580E+4	0.000000E+0	0.000000E+0
2.891402E+3	9.677900E-5	1.318550E+4	0.000000E+0	0.000000E+0
2.895394E+3	9.678100E-5	1.318520E+4	0.000000E+0	0.000000E+0
2.899396E+3	9.677600E-5	1.318480E+4	0.000000E+0	0.000000E+0
2.903399E+3	9.677900E-5	1.318440E+4	0.000000E+0	0.000000E+0
2.907398E+3	9.678000E-5	1.318400E+4	0.000000E+0	0.000000E+0
2.911394E+3	9.678200E-5	1.318370E+4	0.000000E+0	0.000000E+0
2.915396E+3	9.677700E-5	1.318340E+4	0.000000E+0	0.000000E+0
2.919399E+3	9.678000E-5	1.318300E+4	0.000000E+0	0.000000E+0
2.923400E+3	9.678100E-5	1.318280E+4	0.000000E+0	0.000000E+0
2.927395E+3	9.677900E-5	1.318250E+4	0.000000E+0	0.000000E+0
2.931395E+3	9.678000E-5	1.318210E+4	0.000000E+0	0.000000E+0
2.935400E+3	9.678200E-5	1.318180E+4	0.000000E+0	0.000000E+0
2.939403E+3	9.678200E-5	1.318150E+4	0.000000E+0	0.000000E+0
2.943395E+3	9.678200E-5	1.318100E+4	0.000000E+0	0.000000E+0
2.947395E+3	9.677900E-5	1.318070E+4	0.000000E+0	0.000000E+0
2.951403E+3	9.677900E-5	1.318040E+4	0.000000E+0	0.000000E+0
2.955393E+3	9.678000E-5	1.318010E+4	0.000000E+0	0.000000E+0
2.959396E+3	9.678200E-5	1.317990E+4	0.000000E+0	0.000000E+0
2.963396E+3	9.678200E-5	1.317960E+4	0.000000E+0	0.000000E+0
2.967399E+3	9.678100E-5	1.317950E+4	0.000000E+0	0.000000E+0
2.971402E+3	9.677600E-5	1.317900E+4	0.000000E+0	0.000000E+0
2.975396E+3	9.678100E-5	1.317840E+4	0.000000E+0	0.000000E+0
2.979396E+3	9.678200E-5	1.317820E+4	0.000000E+0	0.000000E+0
2.983396E+3	9.678300E-5	1.317790E+4	0.000000E+0	0.000000E+0
2.987395E+3	9.678200E-5	1.317760E+4	0.000000E+0	0.000000E+0
2.991393E+3	9.678400E-5	1.317730E+4	0.000000E+0	0.000000E+0
2.995397E+3	9.678700E-5	1.317700E+4	0.000000E+0	0.000000E+0
2.999397E+3	9.678400E-5	1.317680E+4	0.000000E+0	0.000000E+0
3.003403E+3	9.678200E-5	1.317650E+4	0.000000E+0	0.000000E+0
3.007395E+3	9.678100E-5	1.317620E+4	0.000000E+0	0.000000E+0
3.011395E+3	9.678300E-5	1.317590E+4	0.000000E+0	0.000000E+0
3.015399E+3	9.678200E-5	1.317580E+4	0.000000E+0	0.000000E+0
3.019402E+3	9.678200E-5	1.317550E+4	0.000000E+0	0.000000E+0
3.023392E+3	9.678100E-5	1.317510E+4	0.000000E+0	0.000000E+0
3.027397E+3	9.678300E-5	1.317470E+4	0.000000E+0	0.000000E+0
3.031400E+3	9.678100E-5	1.317430E+4	0.000000E+0	0.000000E+0
3.035395E+3	9.678300E-5	1.317400E+4	0.000000E+0	0.000000E+0
3.039395E+3	9.678200E-5	1.317370E+4	0.000000E+0	0.000000E+0
3.043396E+3	9.678300E-5	1.317330E+4	0.000000E+0	0.000000E+0
3.047398E+3	9.678100E-5	1.317310E+4	0.000000E+0	0.000000E+0
3.051401E+3	9.678500E-5	1.317270E+4	0.000000E+0	0.000000E+0
3.055395E+3	9.678600E-5	1.317250E+4	0.000000E+0	0.000000E+0
3.059394E+3	9.678300E-5	1.317220E+4	0.000000E+0	0.000000E+0
3.063398E+3	9.678400E-5	1.317200E+4	0.000000E+0	0.000000E+0
3.067401E+3	9.678500E-5	1.317190E+4	0.000000E+0	0.000000E+0
3.071394E+3	9.678300E-5	1.317170E+4	0.000000E+0	0.000000E+0
3.075396E+3	9.678400E-5	1.317160E+4	0.000000E+0	0.000000E+0
3.079399E+3	9.678600E-5	1.317150E+4	0.000000E+0	0.000000E+0
3.083394E+3	9.678600E-5	1.317140E+4	0.000000E+0	0.000000E+0
3.087394E+3	9.678800E-5	1.317120E+4	0.000000E+0	0.000000E+0
3.091395E+3	9.678400E-5	1.317110E+4	0.000000E+0	0.000000E+0
3.095400E+3	9.678300E-5	1.317090E+4	0.000000E+0	0.000000E+0
3.099400E+3	9.678300E-5	1.317080E+4	0.000000E+0	0.000000E+0
3.103394E+3	9.678600E-5	1.317050E+4	0.000000E+0	0.000000E+0
3.107394E+3	9.678600E-5	1.317030E+4	0.000000E+0	0.000000E+0
3.111397E+3	9.678700E-5	1.317010E+4	0.000000E+0	0.000000E+0
3.115398E+3	9.678600E-5	1.316990E+4	0.000000E+0	0.000000E+0
3.119395E+3	9.678700E-5	1.316960E+4	0.000000E+0	0.000000E+0
3.123393E+3	9.678500E-5	1.316930E+4	0.000000E+0	0.000000E+0
3.127401E+3	9.678600E-5	1.316890E+4	0.000000E+0	0.000000E+0
3.131403E+3	9.678700E-5	1.316850E+4	0.000000E+0	0.000000E+0
3.135398E+3	9.678600E-5	1.316820E+4	0.000000E+0	0.000000E+0
3.139398E+3	9.678300E-5	1.316790E+4	0.000000E+0	0.000000E+0
3.143395E+3	9.678700E-5	1.316750E+4	0.000000E+0	0.000000E+0
3.147399E+3	9.678800E-5	1.316710E+4	0.000000E+0	0.000000E+0
3.151398E+3	9.678600E-5	1.316630E+4	0.000000E+0	0.000000E+0
3.155394E+3	9.678600E-5	1.316540E+4	0.000000E+0	0.000000E+0
3.159399E+3	9.678800E-5	1.316510E+4	0.000000E+0	0.000000E+0
3.163394E+3	9.678400E-5	1.316490E+4	0.000000E+0	0.000000E+0
3.167394E+3	9.678900E-5	1.316450E+4	0.000000E+0	0.000000E+0
3.171394E+3	9.678500E-5	1.316410E+4	0.000000E+0	0.000000E+0
3.175399E+3	9.678500E-5	1.316380E+4	0.000000E+0	0.000000E+0
3.179402E+3	9.678600E-5	1.316340E+4	0.000000E+0	0.000000E+0
3.183395E+3	9.678500E-5	1.316310E+4	0.000000E+0	0.000000E+0
3.187397E+3	9.678900E-5	1.316290E+4	0.000000E+0	0.000000E+0
3.191398E+3	9.678600E-5	1.316270E+4	0.000000E+0	0.000000E+0
3.195401E+3	9.678600E-5	1.316250E+4	0.000000E+0	0.000000E+0
3.199395E+3	9.678700E-5	1.316210E+4	0.000000E+0	0.000000E+0
3.203398E+3	9.678600E-5	1.316180E+4	0.000000E+0	0.000000E+0
3.207398E+3	9.678500E-5	1.316160E+4	0.000000E+0	0.000000E+0
3.211397E+3	9.678400E-5	1.316130E+4	0.000000E+0	0.000000E+0
3.215395E+3	9.678500E-5	1.316110E+4	0.000000E+0	0.000000E+0
3.219401E+3	9.678600E-5	1.316090E+4	0.000000E+0	0.000000E+0
3.223403E+3	9.678500E-5	1.315960E+4	0.000000E+0	0.000000E+0
3.227399E+3	9.678700E-5	1.315900E+4	0.000000E+0	0.000000E+0
3.231394E+3	9.678400E-5	1.315910E+4	0.000000E+0	0.000000E+0
3.235398E+3	9.678700E-5	1.315920E+4	0.000000E+0	0.000000E+0
3.239399E+3	9.678600E-5	1.315910E+4	0.000000E+0	0.000000E+0
3.243401E+3	9.678800E-5	1.315890E+4	0.000000E+0	0.000000E+0
3.247396E+3	9.678500E-5	1.315870E+4	0.000000E+0	0.000000E+0
3.251399E+3	9.678400E-5	1.315850E+4	0.000000E+0	0.000000E+0
3.255397E+3	9.678500E-5	1.315840E+4	0.000000E+0	0.000000E+0
3.259400E+3	9.678400E-5	1.315820E+4	0.000000E+0	0.000000E+0
3.263394E+3	9.678600E-5	1.315810E+4	0.000000E+0	0.000000E+0
3.267395E+3	9.678300E-5	1.315780E+4	0.000000E+0	0.000000E+0
3.271397E+3	9.678600E-5	1.315660E+4	0.000000E+0	0.000000E+0
3.275398E+3	9.678900E-5	1.315450E+4	0.000000E+0	0.000000E+0
3.279393E+3	9.678900E-5	1.315400E+4	0.000000E+0	0.000000E+0
3.283397E+3	9.678500E-5	1.315350E+4	0.000000E+0	0.000000E+0
3.287398E+3	9.678800E-5	1.315290E+4	0.000000E+0	0.000000E+0
3.291395E+3	9.678800E-5	1.315300E+4	0.000000E+0	0.000000E+0
3.295390E+3	9.678900E-5	1.315310E+4	0.000000E+0	0.000000E+0
3.299396E+3	9.678500E-5	1.315310E+4	0.000000E+0	0.000000E+0
3.303398E+3	9.678600E-5	1.315320E+4	0.000000E+0	0.000000E+0
3.307403E+3	9.678700E-5	1.315320E+4	0.000000E+0	0.000000E+0
3.311396E+3	9.678800E-5	1.315310E+4	0.000000E+0	0.000000E+0
3.315401E+3	9.678700E-5	1.315300E+4	0.000000E+0	0.000000E+0
3.319398E+3	9.679200E-5	1.315270E+4	0.000000E+0	0.000000E+0
3.323401E+3	9.679000E-5	1.315250E+4	0.000000E+0	0.000000E+0
3.327396E+3	9.679100E-5	1.315240E+4	0.000000E+0	0.000000E+0
3.331394E+3	9.679100E-5	1.315220E+4	0.000000E+0	0.000000E+0
3.335396E+3	9.678800E-5	1.315210E+4	0.000000E+0	0.000000E+0
3.339395E+3	9.678900E-5	1.315200E+4	0.000000E+0	0.000000E+0
3.343392E+3	9.679100E-5	1.315190E+4	0.000000E+0	0.000000E+0
3.347400E+3	9.679200E-5	1.315170E+4	0.000000E+0	0.000000E+0
3.351397E+3	9.679100E-5	1.315120E+4	0.000000E+0	0.000000E+0
3.355398E+3	9.678700E-5	1.315090E+4	0.000000E+0	0.000000E+0
3.359395E+3	9.678900E-5	1.315060E+4	0.000000E+0	0.000000E+0
3.363395E+3	9.679200E-5	1.315040E+4	0.000000E+0	0.000000E+0
3.367398E+3	9.679000E-5	1.315000E+4	0.000000E+0	0.000000E+0
3.371398E+3	9.678800E-5	1.314980E+4	0.000000E+0	0.000000E+0
3.375397E+3	9.679400E-5	1.314940E+4	0.000000E+0	0.000000E+0
3.379397E+3	9.679200E-5	1.314920E+4	0.000000E+0	0.000000E+0
3.383398E+3	9.679200E-5	1.314900E+4	0.000000E+0	0.000000E+0
3.387401E+3	9.679000E-5	1.314880E+4	0.000000E+0	0.000000E+0
3.391395E+3	9.679100E-5	1.314850E+4	0.000000E+0	0.000000E+0
3.395396E+3	9.679300E-5	1.314820E+4	0.000000E+0	0.000000E+0
3.399399E+3	9.679200E-5	1.314800E+4	0.000000E+0	0.000000E+0
3.403401E+3	9.679200E-5	1.314770E+4	0.000000E+0	0.000000E+0
3.407396E+3	9.679300E-5	1.314730E+4	0.000000E+0	0.000000E+0
3.411396E+3	9.679300E-5	1.314700E+4	0.000000E+0	0.000000E+0
3.415397E+3	9.678900E-5	1.314660E+4	0.000000E+0	0.000000E+0
3.419401E+3	9.679300E-5	1.314630E+4	0.000000E+0	0.000000E+0
3.423392E+3	9.679400E-5	1.314590E+4	0.000000E+0	0.000000E+0
3.427397E+3	9.679500E-5	1.314570E+4	0.000000E+0	0.000000E+0
3.431395E+3	9.679400E-5	1.314540E+4	0.000000E+0	0.000000E+0
3.435398E+3	9.679200E-5	1.314530E+4	0.000000E+0	0.000000E+0
3.439394E+3	9.679300E-5	1.314510E+4	0.000000E+0	0.000000E+0
3.443397E+3	9.679200E-5	1.314480E+4	0.000000E+0	0.000000E+0
3.447395E+3	9.679400E-5	1.314460E+4	0.000000E+0	0.000000E+0
3.451397E+3	9.679100E-5	1.314430E+4	0.000000E+0	0.000000E+0
3.455393E+3	9.679100E-5	1.314400E+4	0.000000E+0	0.000000E+0
3.459393E+3	9.679200E-5	1.314370E+4	0.000000E+0	0.000000E+0
3.463400E+3	9.679100E-5	1.314350E+4	0.000000E+0	0.000000E+0
3.467401E+3	9.679200E-5	1.314330E+4	0.000000E+0	0.000000E+0
3.471395E+3	9.679000E-5	1.314300E+4	0.000000E+0	0.000000E+0
3.475396E+3	9.679000E-5	1.314260E+4	0.000000E+0	0.000000E+0
3.479398E+3	9.679100E-5	1.314230E+4	0.000000E+0	0.000000E+0
3.483401E+3	9.679200E-5	1.314200E+4	0.000000E+0	0.000000E+0
3.487391E+3	9.678900E-5	1.314170E+4	0.000000E+0	0.000000E+0
3.491398E+3	9.679200E-5	1.314130E+4	0.000000E+0	0.000000E+0
3.495394E+3	9.679200E-5	1.314100E+4	0.000000E+0	0.000000E+0
3.499397E+3	9.679200E-5	1.314060E+4	0.000000E+0	0.000000E+0
3.503396E+3	9.679000E-5	1.314030E+4	0.000000E+0	0.000000E+0
3.507396E+3	9.679300E-5	1.314000E+4	0.000000E+0	0.000000E+0
3.511396E+3	9.679300E-5	1.313960E+4	0.000000E+0	0.000000E+0
3.515400E+3	9.679200E-5	1.313920E+4	0.000000E+0	0.000000E+0
3.519394E+3	9.679100E-5	1.313890E+4	0.000000E+0	0.000000E+0
3.523399E+3	9.679300E-5	1.313870E+4	0.000000E+0	0.000000E+0
3.527395E+3	9.679200E-5	1.313840E+4	0.000000E+0	0.000000E+0
3.531400E+3	9.679200E-5	1.313830E+4	0.000000E+0	0.000000E+0
3.535394E+3	9.679200E-5	1.313810E+4	0.000000E+0	0.000000E+0
3.539397E+3	9.679200E-5	1.313790E+4	0.000000E+0	0.000000E+0
3.543395E+3	9.679400E-5	1.313760E+4	0.000000E+0	0.000000E+0
3.547400E+3	9.679300E-5	1.313730E+4	0.000000E+0	0.000000E+0
3.551396E+3	9.679200E-5	1.313710E+4	0.000000E+0	0.000000E+0
3.555395E+3	9.679200E-5	1.313660E+4	0.000000E+0	0.000000E+0
3.559401E+3	9.679600E-5	1.313600E+4	0.000000E+0	0.000000E+0
3.563401E+3	9.679700E-5	1.313580E+4	0.000000E+0	0.000000E+0
3.567393E+3	9.679200E-5	1.313560E+4	0.000000E+0	0.000000E+0
3.571396E+3	9.679200E-5	1.313530E+4	0.000000E+0	0.000000E+0
3.575394E+3	9.679600E-5	1.313500E+4	0.000000E+0	0.000000E+0
3.579401E+3	9.679500E-5	1.313480E+4	0.000000E+0	0.000000E+0
3.583396E+3	9.679500E-5	1.313440E+4	0.000000E+0	0.000000E+0
3.587396E+3	9.679500E-5	1.313420E+4	0.000000E+0	0.000000E+0
3.591394E+3	9.679400E-5	1.313370E+4	0.000000E+0	0.000000E+0
3.595399E+3	9.679200E-5	1.313340E+4	0.000000E+0	0.000000E+0
3.599396E+3	9.679300E-5	1.313310E+4	0.000000E+0	0.000000E+0
3.603396E+3	9.679300E-5	1.313280E+4	0.000000E+0	0.000000E+0
3.607394E+3	9.679300E-5	1.313250E+4	0.000000E+0	0.000000E+0
3.611402E+3	9.679100E-5	1.313210E+4	0.000000E+0	0.000000E+0
3.615397E+3	9.679100E-5	1.313200E+4	0.000000E+0	0.000000E+0
3.619397E+3	9.679400E-5	1.313180E+4	0.000000E+0	0.000000E+0
3.623397E+3	9.679500E-5	1.313170E+4	0.000000E+0	0.000000E+0
3.627401E+3	9.679400E-5	1.313160E+4	0.000000E+0	0.000000E+0
3.631397E+3	9.679600E-5	1.313140E+4	0.000000E+0	0.000000E+0
3.635398E+3	9.679200E-5	1.313140E+4	0.000000E+0	0.000000E+0
3.639396E+3	9.679600E-5	1.313120E+4	0.000000E+0	0.000000E+0
3.643401E+3	9.679600E-5	1.313110E+4	0.000000E+0	0.000000E+0
3.647393E+3	9.679600E-5	1.313090E+4	0.000000E+0	0.000000E+0
3.651395E+3	9.679600E-5	1.313060E+4	0.000000E+0	0.000000E+0
3.655396E+3	9.679200E-5	1.313030E+4	0.000000E+0	0.000000E+0
3.659393E+3	9.679300E-5	1.313010E+4	0.000000E+0	0.000000E+0
3.663394E+3	9.679700E-5	1.312970E+4	0.000000E+0	0.000000E+0
3.667398E+3	9.679700E-5	1.312950E+4	0.000000E+0	0.000000E+0
3.671394E+3	9.679400E-5	1.312900E+4	0.000000E+0	0.000000E+0
3.675395E+3	9.679700E-5	1.312860E+4	0.000000E+0	0.000000E+0
3.679394E+3	9.679500E-5	1.312830E+4	0.000000E+0	0.000000E+0
3.683402E+3	9.679400E-5	1.312810E+4	0.000000E+0	0.000000E+0
3.687399E+3	9.679500E-5	1.312780E+4	0.000000E+0	0.000000E+0
3.691398E+3	9.679700E-5	1.312760E+4	0.000000E+0	0.000000E+0
3.695394E+3	9.679400E-5	1.312740E+4	0.000000E+0	0.000000E+0
3.699394E+3	9.679400E-5	1.312720E+4	0.000000E+0	0.000000E+0
3.703395E+3	9.679700E-5	1.312690E+4	0.000000E+0	0.000000E+0
3.707398E+3	9.679400E-5	1.312640E+4	0.000000E+0	0.000000E+0
3.711393E+3	9.679700E-5	1.312600E+4	0.000000E+0	0.000000E+0
3.715393E+3	9.679700E-5	1.312580E+4	0.000000E+0	0.000000E+0
3.719393E+3	9.679400E-5	1.312550E+4	0.000000E+0	0.000000E+0
3.723396E+3	9.679700E-5	1.312520E+4	0.000000E+0	0.000000E+0
3.727395E+3	9.679600E-5	1.312450E+4	0.000000E+0	0.000000E+0
3.731395E+3	9.679600E-5	1.312410E+4	0.000000E+0	0.000000E+0
3.735398E+3	9.679500E-5	1.312390E+4	0.000000E+0	0.000000E+0
3.739401E+3	9.679800E-5	1.312370E+4	0.000000E+0	0.000000E+0
3.743396E+3	9.679500E-5	1.312350E+4	0.000000E+0	0.000000E+0
3.747396E+3	9.679400E-5	1.312320E+4	0.000000E+0	0.000000E+0
3.751399E+3	9.679700E-5	1.312280E+4	0.000000E+0	0.000000E+0
3.755402E+3	9.679800E-5	1.312250E+4	0.000000E+0	0.000000E+0
3.759394E+3	9.679900E-5	1.312210E+4	0.000000E+0	0.000000E+0
3.763399E+3	9.679700E-5	1.312170E+4	0.000000E+0	0.000000E+0
3.767400E+3	9.679700E-5	1.312140E+4	0.000000E+0	0.000000E+0
3.771402E+3	9.679500E-5	1.312110E+4	0.000000E+0	0.000000E+0
3.775392E+3	9.679500E-5	1.312070E+4	0.000000E+0	0.000000E+0
3.779399E+3	9.679700E-5	1.312030E+4	0.000000E+0	0.000000E+0
3.783399E+3	9.679800E-5	1.312020E+4	0.000000E+0	0.000000E+0
3.787400E+3	9.679600E-5	1.311990E+4	0.000000E+0	0.000000E+0
3.791392E+3	9.679600E-5	1.311980E+4	0.000000E+0	0.000000E+0
3.795398E+3	9.680000E-5	1.311960E+4	0.000000E+0	0.000000E+0
3.799395E+3	9.679800E-5	1.311940E+4	0.000000E+0	0.000000E+0
3.803398E+3	9.680000E-5	1.311910E+4	0.000000E+0	0.000000E+0
3.807395E+3	9.680000E-5	1.311900E+4	0.000000E+0	0.000000E+0
3.811400E+3	9.679900E-5	1.311890E+4	0.000000E+0	0.000000E+0
3.815396E+3	9.679800E-5	1.311860E+4	0.000000E+0	0.000000E+0
3.819401E+3	9.680100E-5	1.311830E+4	0.000000E+0	0.000000E+0
3.823395E+3	9.679900E-5	1.311810E+4	0.000000E+0	0.000000E+0
3.827395E+3	9.679700E-5	1.311770E+4	0.000000E+0	0.000000E+0
3.831398E+3	9.680100E-5	1.311750E+4	0.000000E+0	0.000000E+0
3.835401E+3	9.680000E-5	1.311720E+4	0.000000E+0	0.000000E+0
3.839394E+3	9.680300E-5	1.311710E+4	0.000000E+0	0.000000E+0
3.843394E+3	9.679400E-5	1.311690E+4	0.000000E+0	0.000000E+0
3.847397E+3	9.679700E-5	1.311660E+4	0.000000E+0	0.000000E+0
3.851405E+3	9.679800E-5	1.311630E+4	0.000000E+0	0.000000E+0
3.855393E+3	9.679900E-5	1.311590E+4	0.000000E+0	0.000000E+0
3.859397E+3	9.680100E-5	1.311550E+4	0.000000E+0	0.000000E+0
3.863399E+3	9.679800E-5	1.311520E+4	0.000000E+0	0.000000E+0
3.867400E+3	9.679700E-5	1.311480E+4	0.000000E+0	0.000000E+0
3.871394E+3	9.680000E-5	1.311460E+4	0.000000E+0	0.000000E+0
3.875394E+3	9.679900E-5	1.311430E+4	0.000000E+0	0.000000E+0
3.879405E+3	9.680000E-5	1.311400E+4	0.000000E+0	0.000000E+0
3.883398E+3	9.679800E-5	1.311340E+4	0.000000E+0	0.000000E+0
3.887393E+3	9.679700E-5	1.311310E+4	0.000000E+0	0.000000E+0
3.891397E+3	9.679800E-5	1.311300E+4	0.000000E+0	0.000000E+0
3.895400E+3	9.679900E-5	1.311290E+4	0.000000E+0	0.000000E+0
3.899401E+3	9.679600E-5	1.311200E+4	0.000000E+0	0.000000E+0
3.903392E+3	9.680000E-5	1.311110E+4	0.000000E+0	0.000000E+0
3.907398E+3	9.679900E-5	1.311070E+4	0.000000E+0	0.000000E+0
3.911399E+3	9.680100E-5	1.311040E+4	0.000000E+0	0.000000E+0
3.915403E+3	9.680000E-5	1.311000E+4	0.000000E+0	0.000000E+0
3.919393E+3	9.679800E-5	1.310980E+4	0.000000E+0	0.000000E+0
3.923396E+3	9.680200E-5	1.310970E+4	0.000000E+0	0.000000E+0
3.927399E+3	9.679800E-5	1.310950E+4	0.000000E+0	0.000000E+0
3.931394E+3	9.679900E-5	1.310940E+4	0.000000E+0	0.000000E+0
3.935396E+3	9.679900E-5	1.310950E+4	0.000000E+0	0.000000E+0
3.939396E+3	9.679800E-5	1.310940E+4	0.000000E+0	0.000000E+0
3.943394E+3	9.679900E-5	1.310910E+4	0.000000E+0	0.000000E+0
3.947399E+3	9.679900E-5	1.310890E+4	0.000000E+0	0.000000E+0
3.951392E+3	9.679800E-5	1.310860E+4	0.000000E+0	0.000000E+0
3.955399E+3	9.679800E-5	1.310850E+4	0.000000E+0	0.000000E+0
3.959397E+3	9.679600E-5	1.310790E+4	0.000000E+0	0.000000E+0
3.963401E+3	9.680000E-5	1.310470E+4	0.000000E+0	0.000000E+0
3.967392E+3	9.680200E-5	1.310420E+4	0.000000E+0	0.000000E+0
3.971397E+3	9.680100E-5	1.310420E+4	0.000000E+0	0.000000E+0
3.975398E+3	9.680000E-5	1.310420E+4	0.000000E+0	0.000000E+0
3.979402E+3	9.680000E-5	1.310400E+4	0.000000E+0	0.000000E+0
3.983393E+3	9.679700E-5	1.310380E+4	0.000000E+0	0.000000E+0
3.987400E+3	9.680200E-5	1.310400E+4	0.000000E+0	0.000000E+0
3.991396E+3	9.679900E-5	1.310440E+4	0.000000E+0	0.000000E+0
3.995404E+3	9.679900E-5	1.310430E+4	0.000000E+0	0.000000E+0
3.999395E+3	9.680200E-5	1.310420E+4	0.000000E+0	0.000000E+0
4.003396E+3	9.680000E-5	1.310400E+4	0.000000E+0	0.000000E+0
4.007398E+3	9.680300E-5	1.310390E+4	0.000000E+0	0.000000E+0
4.011401E+3	9.680300E-5	1.310380E+4	0.000000E+0	0.000000E+0
4.015394E+3	9.680100E-5	1.310370E+4	0.000000E+0	0.000000E+0
4.019394E+3	9.680000E-5	1.310370E+4	0.000000E+0	0.000000E+0
4.023401E+3	9.680000E-5	1.310350E+4	0.000000E+0	0.000000E+0
4.027400E+3	9.680100E-5	1.310350E+4	0.000000E+0	0.000000E+0
4.031394E+3	9.680100E-5	1.310340E+4	0.000000E+0	0.000000E+0
4.035394E+3	9.680200E-5	1.310330E+4	0.000000E+0	0.000000E+0
4.039397E+3	9.680100E-5	1.310330E+4	0.000000E+0	0.000000E+0
4.043398E+3	9.680000E-5	1.310310E+4	0.000000E+0	0.000000E+0
4.047394E+3	9.680500E-5	1.310300E+4	0.000000E+0	0.000000E+0
4.051394E+3	9.680100E-5	1.310280E+4	0.000000E+0	0.000000E+0
4.055406E+3	9.680100E-5	1.310270E+4	0.000000E+0	0.000000E+0
4.059398E+3	9.680500E-5	1.310250E+4	0.000000E+0	0.000000E+0
4.063395E+3	9.680500E-5	1.310230E+4	0.000000E+0	0.000000E+0
4.067395E+3	9.680100E-5	1.310200E+4	0.000000E+0	0.000000E+0
4.071393E+3	9.680500E-5	1.310180E+4	0.000000E+0	0.000000E+0
4.075400E+3	9.680300E-5	1.310160E+4	0.000000E+0	0.000000E+0
4.079393E+3	9.680200E-5	1.310140E+4	0.000000E+0	0.000000E+0
4.083393E+3	9.680300E-5	1.310120E+4	0.000000E+0	0.000000E+0
4.087406E+3	9.680500E-5	1.310080E+4	0.000000E+0	0.000000E+0
4.091398E+3	9.680500E-5	1.310040E+4	0.000000E+0	0.000000E+0
4.095393E+3	9.680300E-5	1.310000E+4	0.000000E+0	0.000000E+0
4.099393E+3	9.680400E-5	1.309970E+4	0.000000E+0	0.000000E+0
4.103405E+3	9.680100E-5	1.309930E+4	0.000000E+0	0.000000E+0
4.107392E+3	9.680500E-5	1.309880E+4	0.000000E+0	0.000000E+0
4.111391E+3	9.680400E-5	1.309840E+4	0.000000E+0	0.000000E+0
4.115399E+3	9.680400E-5	1.309810E+4	0.000000E+0	0.000000E+0
4.119396E+3	9.680800E-5	1.309780E+4	0.000000E+0	0.000000E+0
4.123399E+3	9.680500E-5	1.309750E+4	0.000000E+0	0.000000E+0
4.127392E+3	9.680600E-5	1.309720E+4	0.000000E+0	0.000000E+0
4.131397E+3	9.680500E-5	1.309690E+4	0.000000E+0	0.000000E+0
4.135402E+3	9.680500E-5	1.309670E+4	0.000000E+0	0.000000E+0
4.139400E+3	9.680800E-5	1.309650E+4	0.000000E+0	0.000000E+0
4.143394E+3	9.680800E-5	1.309610E+4	0.000000E+0	0.000000E+0
4.147393E+3	9.681000E-5	1.309580E+4	0.000000E+0	0.000000E+0
4.151397E+3	9.680400E-5	1.309560E+4	0.000000E+0	0.000000E+0
4.155404E+3	9.680800E-5	1.309530E+4	0.000000E+0	0.000000E+0
4.159393E+3	9.680700E-5	1.309500E+4	0.000000E+0	0.000000E+0
4.163396E+3	9.680900E-5	1.309460E+4	0.000000E+0	0.000000E+0
4.167391E+3	9.681000E-5	1.309430E+4	0.000000E+0	0.000000E+0
4.171402E+3	9.680700E-5	1.309400E+4	0.000000E+0	0.000000E+0
4.175391E+3	9.681000E-5	1.309380E+4	0.000000E+0	0.000000E+0
4.179396E+3	9.680700E-5	1.309360E+4	0.000000E+0	0.000000E+0
4.183396E+3	9.681100E-5	1.309340E+4	0.000000E+0	0.000000E+0
4.187400E+3	9.680800E-5	1.309320E+4	0.000000E+0	0.000000E+0
4.191394E+3	9.680900E-5	1.309290E+4	0.000000E+0	0.000000E+0
4.195399E+3	9.681000E-5	1.309260E+4	0.000000E+0	0.000000E+0
4.199404E+3	9.680700E-5	1.309240E+4	0.000000E+0	0.000000E+0
4.203396E+3	9.680800E-5	1.309180E+4	0.000000E+0	0.000000E+0
4.207394E+3	9.680900E-5	1.309080E+4	0.000000E+0	0.000000E+0
4.211394E+3	9.681200E-5	1.309020E+4	0.000000E+0	0.000000E+0
4.215395E+3	9.681100E-5	1.309010E+4	0.000000E+0	0.000000E+0
4.219398E+3	9.681200E-5	1.309010E+4	0.000000E+0	0.000000E+0
4.223394E+3	9.681300E-5	1.309020E+4	0.000000E+0	0.000000E+0
4.227397E+3	9.681100E-5	1.309010E+4	0.000000E+0	0.000000E+0
4.231395E+3	9.681300E-5	1.309000E+4	0.000000E+0	0.000000E+0
4.235401E+3	9.680800E-5	1.308980E+4	0.000000E+0	0.000000E+0
4.239393E+3	9.680800E-5	1.308960E+4	0.000000E+0	0.000000E+0
4.243398E+3	9.681100E-5	1.308940E+4	0.000000E+0	0.000000E+0
4.247400E+3	9.680900E-5	1.308910E+4	0.000000E+0	0.000000E+0
4.251401E+3	9.681300E-5	1.308880E+4	0.000000E+0	0.000000E+0
4.255392E+3	9.681300E-5	1.308870E+4	0.000000E+0	0.000000E+0
4.259395E+3	9.681200E-5	1.308850E+4	0.000000E+0	0.000000E+0
4.263406E+3	9.681300E-5	1.308840E+4	0.000000E+0	0.000000E+0
4.267403E+3	9.681200E-5	1.308820E+4	0.000000E+0	0.000000E+0
4.271394E+3	9.681100E-5	1.308800E+4	0.000000E+0	0.000000E+0
4.275398E+3	9.681000E-5	1.308780E+4	0.000000E+0	0.000000E+0
4.279399E+3	9.681100E-5	1.308760E+4	0.000000E+0	0.000000E+0
4.283402E+3	9.681200E-5	1.308750E+4	0.000000E+0	0.000000E+0
4.287391E+3	9.681100E-5	1.308740E+4	0.000000E+0	0.000000E+0
4.291397E+3	9.681300E-5	1.308720E+4	0.000000E+0	0.000000E+0
4.295394E+3	9.681200E-5	1.308700E+4	0.000000E+0	0.000000E+0
4.299397E+3	9.681300E-5	1.308670E+4	0.000000E+0	0.000000E+0
4.303395E+3	9.681300E-5	1.308660E+4	0.000000E+0	0.000000E+0
4.307394E+3	9.681300E-5	1.308620E+4	0.000000E+0	0.000000E+0
4.311398E+3	9.681300E-5	1.308570E+4	0.000000E+0	0.000000E+0
4.315398E+3	9.681100E-5	1.308540E+4	0.000000E+0	0.000000E+0
4.319392E+3	9.681100E-5	1.308540E+4	0.000000E+0	0.000000E+0
4.323398E+3	9.681100E-5	1.308530E+4	0.000000E+0	0.000000E+0
4.327395E+3	9.680900E-5	1.308520E+4	0.000000E+0	0.000000E+0
4.331402E+3	9.681300E-5	1.308500E+4	0.000000E+0	0.000000E+0
4.335393E+3	9.681500E-5	1.308480E+4	0.000000E+0	0.000000E+0
4.339393E+3	9.681300E-5	1.308470E+4	0.000000E+0	0.000000E+0
4.343401E+3	9.680900E-5	1.308450E+4	0.000000E+0	0.000000E+0
4.347405E+3	9.681100E-5	1.308430E+4	0.000000E+0	0.000000E+0
4.351390E+3	9.681600E-5	1.308410E+4	0.000000E+0	0.000000E+0
4.355398E+3	9.681400E-5	1.308390E+4	0.000000E+0	0.000000E+0
4.359399E+3	9.681200E-5	1.308360E+4	0.000000E+0	0.000000E+0
4.363402E+3	9.681100E-5	1.308330E+4	0.000000E+0	0.000000E+0
4.367396E+3	9.681400E-5	1.308310E+4	0.000000E+0	0.000000E+0
4.371396E+3	9.681700E-5	1.308290E+4	0.000000E+0	0.000000E+0
4.375400E+3	9.681400E-5	1.308250E+4	0.000000E+0	0.000000E+0
4.379402E+3	9.681600E-5	1.308220E+4	0.000000E+0	0.000000E+0
4.383396E+3	9.681400E-5	1.308180E+4	0.000000E+0	0.000000E+0
4.387397E+3	9.681500E-5	1.308140E+4	0.000000E+0	0.000000E+0
4.391394E+3	9.681600E-5	1.308110E+4	0.000000E+0	0.000000E+0
4.395404E+3	9.681300E-5	1.308070E+4	0.000000E+0	0.000000E+0
4.399397E+3	9.681400E-5	1.308030E+4	0.000000E+0	0.000000E+0
4.403394E+3	9.681700E-5	1.308000E+4	0.000000E+0	0.000000E+0
4.407403E+3	9.681700E-5	1.307990E+4	0.000000E+0	0.000000E+0
4.411398E+3	9.681700E-5	1.307980E+4	0.000000E+0	0.000000E+0
4.415392E+3	9.681600E-5	1.307960E+4	0.000000E+0	0.000000E+0
4.419398E+3	9.681400E-5	1.307940E+4	0.000000E+0	0.000000E+0
4.423396E+3	9.681400E-5	1.307930E+4	0.000000E+0	0.000000E+0
4.427400E+3	9.681600E-5	1.307920E+4	0.000000E+0	0.000000E+0
4.431396E+3	9.681800E-5	1.307920E+4	0.000000E+0	0.000000E+0
4.435401E+3	9.681800E-5	1.307900E+4	0.000000E+0	0.000000E+0
4.439401E+3	9.681600E-5	1.307890E+4	0.000000E+0	0.000000E+0
4.443399E+3	9.681800E-5	1.307870E+4	0.000000E+0	0.000000E+0
4.447395E+3	9.681700E-5	1.307830E+4	0.000000E+0	0.000000E+0
4.451399E+3	9.681600E-5	1.307810E+4	0.000000E+0	0.000000E+0
4.455397E+3	9.681300E-5	1.307780E+4	0.000000E+0	0.000000E+0
4.459396E+3	9.681700E-5	1.307760E+4	0.000000E+0	0.000000E+0
4.463394E+3	9.681500E-5	1.307740E+4	0.000000E+0	0.000000E+0
4.467400E+3	9.681300E-5	1.307720E+4	0.000000E+0	0.000000E+0
4.471404E+3	9.681600E-5	1.307700E+4	0.000000E+0	0.000000E+0
4.475400E+3	9.681600E-5	1.307710E+4	0.000000E+0	0.000000E+0
4.479392E+3	9.681800E-5	1.307700E+4	0.000000E+0	0.000000E+0
4.483400E+3	9.681600E-5	1.307680E+4	0.000000E+0	0.000000E+0
4.487398E+3	9.681700E-5	1.307660E+4	0.000000E+0	0.000000E+0
4.491400E+3	9.681900E-5	1.307640E+4	0.000000E+0	0.000000E+0
4.495393E+3	9.681900E-5	1.307620E+4	0.000000E+0	0.000000E+0
4.499397E+3	9.681900E-5	1.307610E+4	0.000000E+0	0.000000E+0
4.503406E+3	9.681800E-5	1.307580E+4	0.000000E+0	0.000000E+0
4.507398E+3	9.681700E-5	1.307560E+4	0.000000E+0	0.000000E+0
4.511393E+3	9.681900E-5	1.307540E+4	0.000000E+0	0.000000E+0
4.515400E+3	9.681800E-5	1.307510E+4	0.000000E+0	0.000000E+0
4.519399E+3	9.681700E-5	1.307490E+4	0.000000E+0	0.000000E+0
4.523395E+3	9.681700E-5	1.307460E+4	0.000000E+0	0.000000E+0
4.527390E+3	9.682000E-5	1.307420E+4	0.000000E+0	0.000000E+0
4.531401E+3	9.681800E-5	1.307380E+4	0.000000E+0	0.000000E+0
4.535401E+3	9.681800E-5	1.307340E+4	0.000000E+0	0.000000E+0
4.539401E+3	9.681700E-5	1.307300E+4	0.000000E+0	0.000000E+0
4.543393E+3	9.681800E-5	1.307270E+4	0.000000E+0	0.000000E+0
4.547401E+3	9.681900E-5	1.307250E+4	0.000000E+0	0.000000E+0
4.551399E+3	9.681700E-5	1.307230E+4	0.000000E+0	0.000000E+0
4.555399E+3	9.681700E-5	1.307210E+4	0.000000E+0	0.000000E+0
4.559391E+3	9.681900E-5	1.307180E+4	0.000000E+0	0.000000E+0
4.563397E+3	9.681500E-5	1.307160E+4	0.000000E+0	0.000000E+0
4.567397E+3	9.681900E-5	1.307130E+4	0.000000E+0	0.000000E+0
4.571397E+3	9.682000E-5	1.307110E+4	0.000000E+0	0.000000E+0
4.575393E+3	9.681900E-5	1.307090E+4	0.000000E+0	0.000000E+0
4.579397E+3	9.681700E-5	1.307060E+4	0.000000E+0	0.000000E+0
4.583397E+3	9.682000E-5	1.307030E+4	0.000000E+0	0.000000E+0
4.587398E+3	9.682000E-5	1.307010E+4	0.000000E+0	0.000000E+0
4.591391E+3	9.681900E-5	1.306980E+4	0.000000E+0	0.000000E+0
4.595398E+3	9.681900E-5	1.306960E+4	0.000000E+0	0.000000E+0
4.599406E+3	9.681800E-5	1.306940E+4	0.000000E+0	0.000000E+0
4.603398E+3	9.681800E-5	1.306920E+4	0.000000E+0	0.000000E+0
4.607395E+3	9.681900E-5	1.306880E+4	0.000000E+0	0.000000E+0
4.611395E+3	9.682200E-5	1.306850E+4	0.000000E+0	0.000000E+0
4.615399E+3	9.682300E-5	1.306790E+4	0.000000E+0	0.000000E+0
4.619398E+3	9.681900E-5	1.306760E+4	0.000000E+0	0.000000E+0
4.623390E+3	9.681900E-5	1.306740E+4	0.000000E+0	0.000000E+0
4.627399E+3	9.681900E-5	1.306730E+4	0.000000E+0	0.000000E+0
4.631397E+3	9.681900E-5	1.306720E+4	0.000000E+0	0.000000E+0
4.635397E+3	9.681900E-5	1.306670E+4	0.000000E+0	0.000000E+0
4.639388E+3	9.682100E-5	1.306660E+4	0.000000E+0	0.000000E+0
4.643400E+3	9.682000E-5	1.306620E+4	0.000000E+0	0.000000E+0
4.647405E+3	9.681900E-5	1.306590E+4	0.000000E+0	0.000000E+0
4.651397E+3	9.682200E-5	1.306570E+4	0.000000E+0	0.000000E+0
4.655395E+3	9.682200E-5	1.306550E+4	0.000000E+0	0.000000E+0
4.659402E+3	9.682100E-5	1.306520E+4	0.000000E+0	0.000000E+0
4.663402E+3	9.682000E-5	1.306510E+4	0.000000E+0	0.000000E+0
4.667400E+3	9.682100E-5	1.306510E+4	0.000000E+0	0.000000E+0
4.671392E+3	9.681900E-5	1.306480E+4	0.000000E+0	0.000000E+0
4.675398E+3	9.682500E-5	1.306460E+4	0.000000E+0	0.000000E+0
4.679398E+3	9.682300E-5	1.306440E+4	0.000000E+0	0.000000E+0
4.683398E+3	9.682200E-5	1.306410E+4	0.000000E+0	0.000000E+0
4.687393E+3	9.682300E-5	1.306390E+4	0.000000E+0	0.000000E+0
4.691399E+3	9.682200E-5	1.306360E+4	0.000000E+0	0.000000E+0
4.695395E+3	9.682400E-5	1.306330E+4	0.000000E+0	0.000000E+0
4.699399E+3	9.682000E-5	1.306290E+4	0.000000E+0	0.000000E+0
4.703396E+3	9.682100E-5	1.306240E+4	0.000000E+0	0.000000E+0
4.707394E+3	9.682000E-5	1.306190E+4	0.000000E+0	0.000000E+0
4.711404E+3	9.682100E-5	1.306170E+4	0.000000E+0	0.000000E+0
4.715398E+3	9.682100E-5	1.306160E+4	0.000000E+0	0.000000E+0
4.719394E+3	9.682100E-5	1.306150E+4	0.000000E+0	0.000000E+0
4.723399E+3	9.682100E-5	1.306140E+4	0.000000E+0	0.000000E+0
4.727399E+3	9.682500E-5	1.306130E+4	0.000000E+0	0.000000E+0
4.731402E+3	9.682200E-5	1.306110E+4	0.000000E+0	0.000000E+0
4.735391E+3	9.682600E-5	1.306090E+4	0.000000E+0	0.000000E+0
4.739400E+3	9.682300E-5	1.306080E+4	0.000000E+0	0.000000E+0
4.743400E+3	9.682400E-5	1.306040E+4	0.000000E+0	0.000000E+0
4.747402E+3	9.682500E-5	1.306020E+4	0.000000E+0	0.000000E+0
4.751395E+3	9.682200E-5	1.305990E+4	0.000000E+0	0.000000E+0
4.755395E+3	9.682100E-5	1.305980E+4	0.000000E+0	0.000000E+0
4.759398E+3	9.682300E-5	1.305950E+4	0.000000E+0	0.000000E+0
4.763400E+3	9.682400E-5	1.305930E+4	0.000000E+0	0.000000E+0
4.767390E+3	9.682200E-5	1.305910E+4	0.000000E+0	0.000000E+0
4.771396E+3	9.682600E-5	1.305900E+4	0.000000E+0	0.000000E+0
4.775396E+3	9.682000E-5	1.305890E+4	0.000000E+0	0.000000E+0
4.779401E+3	9.682400E-5	1.305880E+4	0.000000E+0	0.000000E+0
4.783393E+3	9.682400E-5	1.305870E+4	0.000000E+0	0.000000E+0
4.787398E+3	9.682400E-5	1.305860E+4	0.000000E+0	0.000000E+0
4.791399E+3	9.682300E-5	1.305850E+4	0.000000E+0	0.000000E+0
4.795402E+3	9.682300E-5	1.305820E+4	0.000000E+0	0.000000E+0
4.799391E+3	9.682300E-5	1.305800E+4	0.000000E+0	0.000000E+0
4.803401E+3	9.682500E-5	1.305790E+4	0.000000E+0	0.000000E+0
4.807393E+3	9.682300E-5	1.305770E+4	0.000000E+0	0.000000E+0
4.811397E+3	9.682500E-5	1.305740E+4	0.000000E+0	0.000000E+0
4.815394E+3	9.682300E-5	1.305730E+4	0.000000E+0	0.000000E+0
4.819399E+3	9.682600E-5	1.305710E+4	0.000000E+0	0.000000E+0
4.823400E+3	9.682500E-5	1.305700E+4	0.000000E+0	0.000000E+0
4.827400E+3	9.682300E-5	1.305690E+4	0.000000E+0	0.000000E+0
4.831394E+3	9.682300E-5	1.305670E+4	0.000000E+0	0.000000E+0
4.835394E+3	9.682300E-5	1.305650E+4	0.000000E+0	0.000000E+0
4.839402E+3	9.682700E-5	1.305640E+4	0.000000E+0	0.000000E+0
4.843394E+3	9.682600E-5	1.305630E+4	0.000000E+0	0.000000E+0
4.847395E+3	9.682300E-5	1.305610E+4	0.000000E+0	0.000000E+0
4.851395E+3	9.682300E-5	1.305610E+4	0.000000E+0	0.000000E+0
4.855398E+3	9.682500E-5	1.305580E+4	0.000000E+0	0.000000E+0
4.859401E+3	9.682700E-5	1.305540E+4	0.000000E+0	0.000000E+0
4.863395E+3	9.682500E-5	1.305510E+4	0.000000E+0	0.000000E+0
4.867399E+3	9.682500E-5	1.305490E+4	0.000000E+0	0.000000E+0
4.871401E+3	9.682700E-5	1.305460E+4	0.000000E+0	0.000000E+0
4.875402E+3	9.682600E-5	1.305440E+4	0.000000E+0	0.000000E+0
4.879396E+3	9.682700E-5	1.305410E+4	0.000000E+0	0.000000E+0
4.883401E+3	9.682700E-5	1.305390E+4	0.000000E+0	0.000000E+0
4.887398E+3	9.682700E-5	1.305380E+4	0.000000E+0	0.000000E+0
4.891399E+3	9.682500E-5	1.305370E+4	0.000000E+0	0.000000E+0
4.895396E+3	9.682600E-5	1.305360E+4	0.000000E+0	0.000000E+0
4.899396E+3	9.682500E-5	1.305340E+4	0.000000E+0	0.000000E+0
4.903399E+3	9.682500E-5	1.305310E+4	0.000000E+0	0.000000E+0
4.907400E+3	9.682500E-5	1.305280E+4	0.000000E+0	0.000000E+0
4.911392E+3	9.682500E-5	1.305260E+4	0.000000E+0	0.000000E+0
4.915399E+3	9.682700E-5	1.305230E+4	0.000000E+0	0.000000E+0
4.919397E+3	9.682600E-5	1.305190E+4	0.000000E+0	0.000000E+0
4.923404E+3	9.682600E-5	1.305160E+4	0.000000E+0	0.000000E+0
4.927397E+3	9.682500E-5	1.305130E+4	0.000000E+0	0.000000E+0
4.931395E+3	9.682700E-5	1.305120E+4	0.000000E+0	0.000000E+0
4.935398E+3	9.683000E-5	1.305090E+4	0.000000E+0	0.000000E+0
4.939400E+3	9.682900E-5	1.305060E+4	0.000000E+0	0.000000E+0
4.943392E+3	9.682600E-5	1.305020E+4	0.000000E+0	0.000000E+0
4.947400E+3	9.682900E-5	1.304990E+4	0.000000E+0	0.000000E+0
4.951398E+3	9.682600E-5	1.304960E+4	0.000000E+0	0.000000E+0
4.955402E+3	9.682800E-5	1.304930E+4	0.000000E+0	0.000000E+0
4.959395E+3	9.682800E-5	1.304910E+4	0.000000E+0	0.000000E+0
4.963399E+3	9.682900E-5	1.304880E+4	0.000000E+0	0.000000E+0
4.967396E+3	9.682900E-5	1.304860E+4	0.000000E+0	0.000000E+0
4.971399E+3	9.683000E-5	1.304840E+4	0.000000E+0	0.000000E+0
4.975386E+3	9.682700E-5	1.304820E+4	0.000000E+0	0.000000E+0
4.979396E+3	9.682700E-5	1.304800E+4	0.000000E+0	0.000000E+0
4.983396E+3	9.682600E-5	1.304770E+4	0.000000E+0	0.000000E+0
4.987400E+3	9.682600E-5	1.304730E+4	0.000000E+0	0.000000E+0
4.991392E+3	9.682800E-5	1.304720E+4	0.000000E+0	0.000000E+0
4.995397E+3	9.682800E-5	1.304700E+4	0.000000E+0	0.000000E+0
4.999397E+3	9.682600E-5	1.304670E+4	0.000000E+0	0.000000E+0
5.003399E+3	9.682500E-5	1.304650E+4	0.000000E+0	0.000000E+0
5.007395E+3	9.683100E-5	1.304640E+4	0.000000E+0	0.000000E+0
5.011395E+3	9.682800E-5	1.304620E+4	0.000000E+0	0.000000E+0
5.015398E+3	9.682800E-5	1.304610E+4	0.000000E+0	0.000000E+0
5.019400E+3	9.682900E-5	1.304590E+4	0.000000E+0	0.000000E+0
5.023397E+3	9.683000E-5	1.304560E+4	0.000000E+0	0.000000E+0
5.027397E+3	9.682900E-5	1.304550E+4	0.000000E+0	0.000000E+0
5.031404E+3	9.683000E-5	1.304550E+4	0.000000E+0	0.000000E+0
5.035398E+3	9.683000E-5	1.304550E+4	0.000000E+0	0.000000E+0
5.039393E+3	9.682900E-5	1.304540E+4	0.000000E+0	0.000000E+0
5.043399E+3	9.682900E-5	1.304510E+4	0.000000E+0	0.000000E+0
5.047401E+3	9.682800E-5	1.304460E+4	0.000000E+0	0.000000E+0
5.051399E+3	9.683100E-5	1.304440E+4	0.000000E+0	0.000000E+0
5.055398E+3	9.682900E-5	1.304420E+4	0.000000E+0	0.000000E+0
5.059398E+3	9.683100E-5	1.304400E+4	0.000000E+0	0.000000E+0
5.063398E+3	9.683300E-5	1.304370E+4	0.000000E+0	0.000000E+0
5.067402E+3	9.682900E-5	1.304340E+4	0.000000E+0	0.000000E+0
5.071393E+3	9.683000E-5	1.304320E+4	0.000000E+0	0.000000E+0
5.075392E+3	9.683000E-5	1.304280E+4	0.000000E+0	0.000000E+0
5.079397E+3	9.682800E-5	1.304260E+4	0.000000E+0	0.000000E+0
5.083400E+3	9.683200E-5	1.304240E+4	0.000000E+0	0.000000E+0
5.087397E+3	9.683300E-5	1.304230E+4	0.000000E+0	0.000000E+0
5.091395E+3	9.683200E-5	1.304210E+4	0.000000E+0	0.000000E+0
5.095398E+3	9.683300E-5	1.304190E+4	0.000000E+0	0.000000E+0
5.099397E+3	9.683100E-5	1.304170E+4	0.000000E+0	0.000000E+0
5.103394E+3	9.683200E-5	1.304140E+4	0.000000E+0	0.000000E+0
5.107398E+3	9.683100E-5	1.304130E+4	0.000000E+0	0.000000E+0
5.111398E+3	9.683200E-5	1.304110E+4	0.000000E+0	0.000000E+0
5.115401E+3	9.683000E-5	1.304080E+4	0.000000E+0	0.000000E+0
5.119393E+3	9.683100E-5	1.304050E+4	0.000000E+0	0.000000E+0
5.123392E+3	9.683200E-5	1.304040E+4	0.000000E+0	0.000000E+0
5.127396E+3	9.683300E-5	1.304020E+4	0.000000E+0	0.000000E+0
5.131404E+3	9.682900E-5	1.303980E+4	0.000000E+0	0.000000E+0
5.135396E+3	9.683300E-5	1.303940E+4	0.000000E+0	0.000000E+0
5.139395E+3	9.683200E-5	1.303890E+4	0.000000E+0	0.000000E+0
5.143394E+3	9.683400E-5	1.303850E+4	0.000000E+0	0.000000E+0
5.147399E+3	9.683200E-5	1.303840E+4	0.000000E+0	0.000000E+0
5.151391E+3	9.683300E-5	1.303820E+4	0.000000E+0	0.000000E+0
5.155399E+3	9.683100E-5	1.303810E+4	0.000000E+0	0.000000E+0
5.159399E+3	9.683000E-5	1.303800E+4	0.000000E+0	0.000000E+0
5.163403E+3	9.683300E-5	1.303780E+4	0.000000E+0	0.000000E+0
5.167392E+3	9.683600E-5	1.303780E+4	0.000000E+0	0.000000E+0
5.171400E+3	9.683300E-5	1.303750E+4	0.000000E+0	0.000000E+0
5.175402E+3	9.683100E-5	1.303740E+4	0.000000E+0	0.000000E+0
5.179401E+3	9.683100E-5	1.303720E+4	0.000000E+0	0.000000E+0
5.183395E+3	9.683400E-5	1.303690E+4	0.000000E+0	0.000000E+0
5.187394E+3	9.683400E-5	1.303660E+4	0.000000E+0	0.000000E+0
5.191397E+3	9.683300E-5	1.303640E+4	0.000000E+0	0.000000E+0
5.195401E+3	9.683400E-5	1.303620E+4	0.000000E+0	0.000000E+0
5.199393E+3	9.683100E-5	1.303620E+4	0.000000E+0	0.000000E+0
5.203398E+3	9.683200E-5	1.303610E+4	0.000000E+0	0.000000E+0
5.207400E+3	9.683300E-5	1.303600E+4	0.000000E+0	0.000000E+0
5.211401E+3	9.683400E-5	1.303580E+4	0.000000E+0	0.000000E+0
5.215392E+3	9.683200E-5	1.303550E+4	0.000000E+0	0.000000E+0
5.219398E+3	9.683200E-5	1.303530E+4	0.000000E+0	0.000000E+0
5.223395E+3	9.683400E-5	1.303510E+4	0.000000E+0	0.000000E+0
5.227402E+3	9.683400E-5	1.303500E+4	0.000000E+0	0.000000E+0
5.231394E+3	9.683300E-5	1.303490E+4	0.000000E+0	0.000000E+0
5.235394E+3	9.683400E-5	1.303460E+4	0.000000E+0	0.000000E+0
5.239396E+3	9.683200E-5	1.303450E+4	0.000000E+0	0.000000E+0
5.243401E+3	9.683500E-5	1.303430E+4	0.000000E+0	0.000000E+0
5.247393E+3	9.683500E-5	1.303410E+4	0.000000E+0	0.000000E+0
5.251397E+3	9.683700E-5	1.303390E+4	0.000000E+0	0.000000E+0
5.255399E+3	9.683400E-5	1.303370E+4	0.000000E+0	0.000000E+0
5.259400E+3	9.683500E-5	1.303360E+4	0.000000E+0	0.000000E+0
5.263397E+3	9.683700E-5	1.303320E+4	0.000000E+0	0.000000E+0
5.267395E+3	9.683300E-5	1.303280E+4	0.000000E+0	0.000000E+0
5.271399E+3	9.683200E-5	1.303250E+4	0.000000E+0	0.000000E+0
5.275398E+3	9.683600E-5	1.303210E+4	0.000000E+0	0.000000E+0
5.279394E+3	9.683300E-5	1.303180E+4	0.000000E+0	0.000000E+0
5.283394E+3	9.683500E-5	1.303170E+4	0.000000E+0	0.000000E+0
5.287398E+3	9.683500E-5	1.303150E+4	0.000000E+0	0.000000E+0
5.291398E+3	9.683500E-5	1.303130E+4	0.000000E+0	0.000000E+0
5.295395E+3	9.683800E-5	1.303110E+4	0.000000E+0	0.000000E+0
5.299393E+3	9.683400E-5	1.303100E+4	0.000000E+0	0.000000E+0
5.303396E+3	9.683300E-5	1.303100E+4	0.000000E+0	0.000000E+0
5.307405E+3	9.683700E-5	1.303080E+4	0.000000E+0	0.000000E+0
5.311390E+3	9.683400E-5	1.303050E+4	0.000000E+0	0.000000E+0
5.315396E+3	9.683700E-5	1.303030E+4	0.000000E+0	0.000000E+0
5.319394E+3	9.683900E-5	1.302990E+4	0.000000E+0	0.000000E+0
5.323400E+3	9.683500E-5	1.302960E+4	0.000000E+0	0.000000E+0
5.327398E+3	9.683400E-5	1.302940E+4	0.000000E+0	0.000000E+0
5.331396E+3	9.683400E-5	1.302940E+4	0.000000E+0	0.000000E+0
5.335394E+3	9.683400E-5	1.302930E+4	0.000000E+0	0.000000E+0
5.339402E+3	9.683300E-5	1.302910E+4	0.000000E+0	0.000000E+0
5.343389E+3	9.683600E-5	1.302890E+4	0.000000E+0	0.000000E+0
5.347399E+3	9.683500E-5	1.302870E+4	0.000000E+0	0.000000E+0
5.351405E+3	9.683600E-5	1.302860E+4	0.000000E+0	0.000000E+0
5.355397E+3	9.683500E-5	1.302860E+4	0.000000E+0	0.000000E+0
5.359392E+3	9.683500E-5	1.302850E+4	0.000000E+0	0.000000E+0
5.363397E+3	9.684300E-5	1.302840E+4	0.000000E+0	0.000000E+0
5.367398E+3	9.683800E-5	1.302800E+4	0.000000E+0	0.000000E+0
5.371401E+3	9.684200E-5	1.302760E+4	0.000000E+0	0.000000E+0
5.375397E+3	9.684100E-5	1.302720E+4	0.000000E+0	0.000000E+0
5.379397E+3	9.683700E-5	1.302700E+4	0.000000E+0	0.000000E+0
5.383396E+3	9.683900E-5	1.302690E+4	0.000000E+0	0.000000E+0
5.387397E+3	9.684200E-5	1.302670E+4	0.000000E+0	0.000000E+0
5.391388E+3	9.684200E-5	1.302660E+4	0.000000E+0	0.000000E+0
5.395398E+3	9.683900E-5	1.302650E+4	0.000000E+0	0.000000E+0
5.399398E+3	9.684000E-5	1.302650E+4	0.000000E+0	0.000000E+0
5.403399E+3	9.684100E-5	1.302620E+4	0.000000E+0	0.000000E+0
5.407394E+3	9.684200E-5	1.302620E+4	0.000000E+0	0.000000E+0
5.411398E+3	9.684100E-5	1.302610E+4	0.000000E+0	0.000000E+0
5.415399E+3	9.684100E-5	1.302600E+4	0.000000E+0	0.000000E+0
5.419399E+3	9.684200E-5	1.302590E+4	0.000000E+0	0.000000E+0
5.423393E+3	9.684200E-5	1.302550E+4	0.000000E+0	0.000000E+0
5.427396E+3	9.684400E-5	1.302530E+4	0.000000E+0	0.000000E+0
5.431397E+3	9.684200E-5	1.302520E+4	0.000000E+0	0.000000E+0
5.435399E+3	9.684200E-5	1.302510E+4	0.000000E+0	0.000000E+0
5.439394E+3	9.684100E-5	1.302510E+4	0.000000E+0	0.000000E+0
5.443395E+3	9.684000E-5	1.302510E+4	0.000000E+0	0.000000E+0
5.447397E+3	9.684200E-5	1.302510E+4	0.000000E+0	0.000000E+0
5.451400E+3	9.684200E-5	1.302490E+4	0.000000E+0	0.000000E+0
5.455390E+3	9.684100E-5	1.302460E+4	0.000000E+0	0.000000E+0
5.459390E+3	9.684500E-5	1.302440E+4	0.000000E+0	0.000000E+0
5.463398E+3	9.684200E-5	1.302410E+4	0.000000E+0	0.000000E+0
5.467402E+3	9.684100E-5	1.302380E+4	0.000000E+0	0.000000E+0
5.471395E+3	9.684300E-5	1.302340E+4	0.000000E+0	0.000000E+0
5.475398E+3	9.684100E-5	1.302320E+4	0.000000E+0	0.000000E+0
5.479395E+3	9.684100E-5	1.302300E+4	0.000000E+0	0.000000E+0
5.483396E+3	9.684200E-5	1.302290E+4	0.000000E+0	0.000000E+0
5.487391E+3	9.684000E-5	1.302290E+4	0.000000E+0	0.000000E+0
5.491399E+3	9.683900E-5	1.302280E+4	0.000000E+0	0.000000E+0
5.495394E+3	9.684100E-5	1.302270E+4	0.000000E+0	0.000000E+0
5.499397E+3	9.684300E-5	1.302250E+4	0.000000E+0	0.000000E+0
5.503396E+3	9.683800E-5	1.302240E+4	0.000000E+0	0.000000E+0
5.507394E+3	9.684100E-5	1.302220E+4	0.000000E+0	0.000000E+0
5.511399E+3	9.684200E-5	1.302210E+4	0.000000E+0	0.000000E+0
5.515402E+3	9.684200E-5	1.302210E+4	0.000000E+0	0.000000E+0
5.519394E+3	9.684300E-5	1.302200E+4	0.000000E+0	0.000000E+0
5.523392E+3	9.684400E-5	1.302180E+4	0.000000E+0	0.000000E+0
5.527399E+3	9.684300E-5	1.302170E+4	0.000000E+0	0.000000E+0
5.531397E+3	9.684100E-5	1.302140E+4	0.000000E+0	0.000000E+0
5.535397E+3	9.684100E-5	1.302120E+4	0.000000E+0	0.000000E+0
5.539398E+3	9.684300E-5	1.302100E+4	0.000000E+0	0.000000E+0
5.543405E+3	9.684400E-5	1.302080E+4	0.000000E+0	0.000000E+0
5.547400E+3	9.684400E-5	1.302050E+4	0.000000E+0	0.000000E+0
5.551393E+3	9.684200E-5	1.302040E+4	0.000000E+0	0.000000E+0
5.555396E+3	9.684300E-5	1.302020E+4	0.000000E+0	0.000000E+0
5.559400E+3	9.684500E-5	1.302010E+4	0.000000E+0	0.000000E+0
5.563401E+3	9.684500E-5	1.301990E+4	0.000000E+0	0.000000E+0
5.567396E+3	9.684700E-5	1.301960E+4	0.000000E+0	0.000000E+0
5.571396E+3	9.684500E-5	1.301950E+4	0.000000E+0	0.000000E+0
5.575398E+3	9.684600E-5	1.301920E+4	0.000000E+0	0.000000E+0
5.579399E+3	9.684600E-5	1.301910E+4	0.000000E+0	0.000000E+0
5.583396E+3	9.684300E-5	1.301900E+4	0.000000E+0	0.000000E+0
5.587394E+3	9.684500E-5	1.301880E+4	0.000000E+0	0.000000E+0
5.591396E+3	9.684500E-5	1.301880E+4	0.000000E+0	0.000000E+0
5.595397E+3	9.684900E-5	1.301870E+4	0.000000E+0	0.000000E+0
5.599396E+3	9.684300E-5	1.301850E+4	0.000000E+0	0.000000E+0
5.603394E+3	9.684700E-5	1.301820E+4	0.000000E+0	0.000000E+0
5.607407E+3	9.684600E-5	1.301790E+4	0.000000E+0	0.000000E+0
5.611396E+3	9.684400E-5	1.301760E+4	0.000000E+0	0.000000E+0
5.615396E+3	9.684800E-5	1.301740E+4	0.000000E+0	0.000000E+0
5.619395E+3	9.684500E-5	1.301720E+4	0.000000E+0	0.000000E+0
5.623399E+3	9.684400E-5	1.301680E+4	0.000000E+0	0.000000E+0
5.627402E+3	9.684500E-5	1.301670E+4	0.000000E+0	0.000000E+0
5.631394E+3	9.684500E-5	1.301660E+4	0.000000E+0	0.000000E+0
5.635398E+3	9.684700E-5	1.301630E+4	0.000000E+0	0.000000E+0
5.639395E+3	9.684500E-5	1.301630E+4	0.000000E+0	0.000000E+0
5.643402E+3	9.684600E-5	1.301630E+4	0.000000E+0	0.000000E+0
5.647395E+3	9.684700E-5	1.301630E+4	0.000000E+0	0.000000E+0
5.651393E+3	9.684700E-5	1.301620E+4	0.000000E+0	0.000000E+0
5.655396E+3	9.684200E-5	1.301610E+4	0.000000E+0	0.000000E+0
5.659396E+3	9.684800E-5	1.301600E+4	0.000000E+0	0.000000E+0
5.663395E+3	9.684500E-5	1.301580E+4	0.000000E+0	0.000000E+0
5.667393E+3	9.684800E-5	1.301560E+4	0.000000E+0	0.000000E+0
5.671404E+3	9.684800E-5	1.301550E+4	0.000000E+0	0.000000E+0
5.675396E+3	9.685200E-5	1.301520E+4	0.000000E+0	0.000000E+0
5.679396E+3	9.684800E-5	1.301510E+4	0.000000E+0	0.000000E+0
5.683396E+3	9.684900E-5	1.301490E+4	0.000000E+0	0.000000E+0
5.687399E+3	9.684900E-5	1.301470E+4	0.000000E+0	0.000000E+0
5.691400E+3	9.685100E-5	1.301460E+4	0.000000E+0	0.000000E+0
5.695396E+3	9.684800E-5	1.301440E+4	0.000000E+0	0.000000E+0
5.699396E+3	9.684900E-5	1.301420E+4	0.000000E+0	0.000000E+0
5.703399E+3	9.685000E-5	1.301420E+4	0.000000E+0	0.000000E+0
5.707400E+3	9.684800E-5	1.301420E+4	0.000000E+0	0.000000E+0
5.711389E+3	9.684800E-5	1.301400E+4	0.000000E+0	0.000000E+0
5.715395E+3	9.684900E-5	1.301390E+4	0.000000E+0	0.000000E+0
5.719400E+3	9.685000E-5	1.301380E+4	0.000000E+0	0.000000E+0
5.723400E+3	9.685000E-5	1.301370E+4	0.000000E+0	0.000000E+0
5.727392E+3	9.684500E-5	1.301350E+4	0.000000E+0	0.000000E+0
5.731397E+3	9.684600E-5	1.301330E+4	0.000000E+0	0.000000E+0
5.735397E+3	9.684500E-5	1.301300E+4	0.000000E+0	0.000000E+0
5.739399E+3	9.684700E-5	1.301270E+4	0.000000E+0	0.000000E+0
5.743392E+3	9.684700E-5	1.301250E+4	0.000000E+0	0.000000E+0
5.747398E+3	9.684800E-5	1.301220E+4	0.000000E+0	0.000000E+0
5.751399E+3	9.684700E-5	1.301200E+4	0.000000E+0	0.000000E+0
5.755403E+3	9.684500E-5	1.301150E+4	0.000000E+0	0.000000E+0
5.759396E+3	9.684800E-5	1.301140E+4	0.000000E+0	0.000000E+0
5.763394E+3	9.684900E-5	1.301120E+4	0.000000E+0	0.000000E+0
5.767398E+3	9.684700E-5	1.301090E+4	0.000000E+0	0.000000E+0
5.771401E+3	9.684800E-5	1.301080E+4	0.000000E+0	0.000000E+0
5.775388E+3	9.684800E-5	1.301060E+4	0.000000E+0	0.000000E+0
5.779397E+3	9.684800E-5	1.301030E+4	0.000000E+0	0.000000E+0
5.783391E+3	9.684700E-5	1.301010E+4	0.000000E+0	0.000000E+0
5.787399E+3	9.684800E-5	1.301000E+4	0.000000E+0	0.000000E+0
5.791391E+3	9.684900E-5	1.300980E+4	0.000000E+0	0.000000E+0
5.795399E+3	9.685000E-5	1.300940E+4	0.000000E+0	0.000000E+0
5.799402E+3	9.684900E-5	1.300900E+4	0.000000E+0	0.000000E+0
5.803402E+3	9.685000E-5	1.300880E+4	0.000000E+0	0.000000E+0
5.807397E+3	9.684700E-5	1.300880E+4	0.000000E+0	0.000000E+0
5.811395E+3	9.684800E-5	1.300870E+4	0.000000E+0	0.000000E+0
5.815392E+3	9.684900E-5	1.300860E+4	0.000000E+0	0.000000E+0
5.819394E+3	9.684900E-5	1.300850E+4	0.000000E+0	0.000000E+0
5.823393E+3	9.685200E-5	1.300840E+4	0.000000E+0	0.000000E+0
5.827395E+3	9.685000E-5	1.300830E+4	0.000000E+0	0.000000E+0
5.831396E+3	9.685000E-5	1.300830E+4	0.000000E+0	0.000000E+0
5.835396E+3	9.685100E-5	1.300820E+4	0.000000E+0	0.000000E+0
5.839393E+3	9.685000E-5	1.300810E+4	0.000000E+0	0.000000E+0
5.843396E+3	9.685000E-5	1.300800E+4	0.000000E+0	0.000000E+0
5.847393E+3	9.685000E-5	1.300780E+4	0.000000E+0	0.000000E+0
5.851394E+3	9.685100E-5	1.300760E+4	0.000000E+0	0.000000E+0
5.855391E+3	9.685000E-5	1.300750E+4	0.000000E+0	0.000000E+0
5.859396E+3	9.685100E-5	1.300730E+4	0.000000E+0	0.000000E+0
5.863397E+3	9.685200E-5	1.300710E+4	0.000000E+0	0.000000E+0
5.867395E+3	9.685200E-5	1.300700E+4	0.000000E+0	0.000000E+0
5.871394E+3	9.685200E-5	1.300670E+4	0.000000E+0	0.000000E+0
5.875396E+3	9.684900E-5	1.300650E+4	0.000000E+0	0.000000E+0
5.879397E+3	9.685100E-5	1.300630E+4	0.000000E+0	0.000000E+0
5.883400E+3	9.685100E-5	1.300610E+4	0.000000E+0	0.000000E+0
5.887395E+3	9.685200E-5	1.300610E+4	0.000000E+0	0.000000E+0
5.891395E+3	9.685000E-5	1.300590E+4	0.000000E+0	0.000000E+0
5.895397E+3	9.685100E-5	1.300580E+4	0.000000E+0	0.000000E+0
5.899400E+3	9.685200E-5	1.300560E+4	0.000000E+0	0.000000E+0
5.903392E+3	9.685200E-5	1.300530E+4	0.000000E+0	0.000000E+0
5.907395E+3	9.685100E-5	1.300520E+4	0.000000E+0	0.000000E+0
5.911398E+3	9.685300E-5	1.300510E+4	0.000000E+0	0.000000E+0
5.915401E+3	9.685200E-5	1.300510E+4	0.000000E+0	0.000000E+0
5.919392E+3	9.685100E-5	1.300500E+4	0.000000E+0	0.000000E+0
5.923400E+3	9.685300E-5	1.300470E+4	0.000000E+0	0.000000E+0
5.927396E+3	9.685000E-5	1.300450E+4	0.000000E+0	0.000000E+0
5.931399E+3	9.685400E-5	1.300430E+4	0.000000E+0	0.000000E+0
5.935391E+3	9.685200E-5	1.300420E+4	0.000000E+0	0.000000E+0
5.939396E+3	9.685000E-5	1.300380E+4	0.000000E+0	0.000000E+0
5.943398E+3	9.685400E-5	1.300350E+4	0.000000E+0	0.000000E+0
5.947401E+3	9.685100E-5	1.300330E+4	0.000000E+0	0.000000E+0
5.951389E+3	9.685000E-5	1.300320E+4	0.000000E+0	0.000000E+0
5.955397E+3	9.684800E-5	1.300300E+4	0.000000E+0	0.000000E+0
5.959399E+3	9.685500E-5	1.300270E+4	0.000000E+0	0.000000E+0
5.963401E+3	9.685400E-5	1.300260E+4	0.000000E+0	0.000000E+0
5.967394E+3	9.685400E-5	1.300240E+4	0.000000E+0	0.000000E+0
5.971396E+3	9.685500E-5	1.300210E+4	0.000000E+0	0.000000E+0
5.975400E+3	9.685400E-5	1.300190E+4	0.000000E+0	0.000000E+0
5.979400E+3	9.685500E-5	1.300180E+4	0.000000E+0	0.000000E+0
5.983389E+3	9.685100E-5	1.300160E+4	0.000000E+0	0.000000E+0
5.987397E+3	9.685500E-5	1.300130E+4	0.000000E+0	0.000000E+0
5.991397E+3	9.685800E-5	1.300110E+4	0.000000E+0	0.000000E+0
5.995402E+3	9.685500E-5	1.300080E+4	0.000000E+0	0.000000E+0
5.999393E+3	9.685300E-5	1.300060E+4	0.000000E+0	0.000000E+0
6.003398E+3	9.685300E-5	1.300050E+4	0.000000E+0	0.000000E+0
6.007398E+3	9.685700E-5	1.300030E+4	0.000000E+0	0.000000E+0
6.011400E+3	9.685700E-5	1.300000E+4	0.000000E+0	0.000000E+0
6.015396E+3	9.685600E-5	1.299990E+4	0.000000E+0	0.000000E+0
6.019398E+3	9.685400E-5	1.299970E+4	0.000000E+0	0.000000E+0
6.023399E+3	9.685600E-5	1.299950E+4	0.000000E+0	0.000000E+0
6.027398E+3	9.685500E-5	1.299910E+4	0.000000E+0	0.000000E+0
6.031396E+3	9.685600E-5	1.299880E+4	0.000000E+0	0.000000E+0
6.035393E+3	9.685400E-5	1.299870E+4	0.000000E+0	0.000000E+0
6.039402E+3	9.685600E-5	1.299860E+4	0.000000E+0	0.000000E+0
6.043401E+3	9.685600E-5	1.299860E+4	0.000000E+0	0.000000E+0
6.047389E+3	9.685700E-5	1.299850E+4	0.000000E+0	0.000000E+0
6.051396E+3	9.685600E-5	1.299830E+4	0.000000E+0	0.000000E+0
6.055405E+3	9.685600E-5	1.299790E+4	0.000000E+0	0.000000E+0
6.059401E+3	9.685800E-5	1.299760E+4	0.000000E+0	0.000000E+0
6.063395E+3	9.685500E-5	1.299740E+4	0.000000E+0	0.000000E+0
6.067395E+3	9.685500E-5	1.299710E+4	0.000000E+0	0.000000E+0
6.071397E+3	9.685500E-5	1.299670E+4	0.000000E+0	0.000000E+0
6.075400E+3	9.685600E-5	1.299610E+4	0.000000E+0	0.000000E+0
6.079392E+3	9.685600E-5	1.299600E+4	0.000000E+0	0.000000E+0
6.083395E+3	9.685600E-5	1.299580E+4	0.000000E+0	0.000000E+0
6.087398E+3	9.685700E-5	1.299580E+4	0.000000E+0	0.000000E+0
6.091401E+3	9.685700E-5	1.299580E+4	0.000000E+0	0.000000E+0
6.095390E+3	9.685300E-5	1.299570E+4	0.000000E+0	0.000000E+0
6.099395E+3	9.685800E-5	1.299570E+4	0.000000E+0	0.000000E+0
6.103396E+3	9.686000E-5	1.299560E+4	0.000000E+0	0.000000E+0
6.107398E+3	9.685400E-5	1.299550E+4	0.000000E+0	0.000000E+0
6.111395E+3	9.685700E-5	1.299490E+4	0.000000E+0	0.000000E+0
6.115399E+3	9.686000E-5	1.299430E+4	0.000000E+0	0.000000E+0
6.119404E+3	9.686000E-5	1.299380E+4	0.000000E+0	0.000000E+0
6.123399E+3	9.685900E-5	1.299390E+4	0.000000E+0	0.000000E+0
6.127390E+3	9.685900E-5	1.299400E+4	0.000000E+0	0.000000E+0
6.131396E+3	9.685800E-5	1.299430E+4	0.000000E+0	0.000000E+0
6.135396E+3	9.685700E-5	1.299430E+4	0.000000E+0	0.000000E+0
6.139397E+3	9.685700E-5	1.299440E+4	0.000000E+0	0.000000E+0
6.143392E+3	9.685700E-5	1.299430E+4	0.000000E+0	0.000000E+0
6.147394E+3	9.685800E-5	1.299430E+4	0.000000E+0	0.000000E+0
6.151395E+3	9.685500E-5	1.299410E+4	0.000000E+0	0.000000E+0
6.155400E+3	9.685700E-5	1.299400E+4	0.000000E+0	0.000000E+0
6.159394E+3	9.685700E-5	1.299380E+4	0.000000E+0	0.000000E+0
6.163395E+3	9.685500E-5	1.299360E+4	0.000000E+0	0.000000E+0
6.167411E+3	9.686100E-5	1.299340E+4	0.000000E+0	0.000000E+0
6.171400E+3	9.685700E-5	1.299330E+4	0.000000E+0	0.000000E+0
6.175390E+3	9.685700E-5	1.299310E+4	0.000000E+0	0.000000E+0
6.179395E+3	9.685900E-5	1.299300E+4	0.000000E+0	0.000000E+0
6.183408E+3	9.686000E-5	1.299290E+4	0.000000E+0	0.000000E+0
6.187404E+3	9.685400E-5	1.299260E+4	0.000000E+0	0.000000E+0
6.191392E+3	9.685900E-5	1.299240E+4	0.000000E+0	0.000000E+0
6.195395E+3	9.686000E-5	1.299210E+4	0.000000E+0	0.000000E+0
6.199406E+3	9.686100E-5	1.299190E+4	0.000000E+0	0.000000E+0
6.203399E+3	9.685800E-5	1.299170E+4	0.000000E+0	0.000000E+0
6.207393E+3	9.685900E-5	1.299170E+4	0.000000E+0	0.000000E+0
6.211394E+3	9.686000E-5	1.299150E+4	0.000000E+0	0.000000E+0
6.215401E+3	9.685900E-5	1.299120E+4	0.000000E+0	0.000000E+0
6.219402E+3	9.685700E-5	1.299050E+4	0.000000E+0	0.000000E+0
6.223389E+3	9.686100E-5	1.298970E+4	0.000000E+0	0.000000E+0
6.227396E+3	9.686200E-5	1.298920E+4	0.000000E+0	0.000000E+0
6.231400E+3	9.685900E-5	1.298920E+4	0.000000E+0	0.000000E+0
6.235398E+3	9.685800E-5	1.298920E+4	0.000000E+0	0.000000E+0
6.239392E+3	9.686100E-5	1.298930E+4	0.000000E+0	0.000000E+0
6.243392E+3	9.685900E-5	1.298930E+4	0.000000E+0	0.000000E+0
6.247403E+3	9.686000E-5	1.298930E+4	0.000000E+0	0.000000E+0
6.251398E+3	9.685900E-5	1.298930E+4	0.000000E+0	0.000000E+0
6.255397E+3	9.685700E-5	1.298940E+4	0.000000E+0	0.000000E+0
6.259395E+3	9.685800E-5	1.298930E+4	0.000000E+0	0.000000E+0
6.263405E+3	9.685800E-5	1.298930E+4	0.000000E+0	0.000000E+0
6.267397E+3	9.686100E-5	1.298900E+4	0.000000E+0	0.000000E+0
6.271393E+3	9.686100E-5	1.298890E+4	0.000000E+0	0.000000E+0
6.275393E+3	9.685700E-5	1.298870E+4	0.000000E+0	0.000000E+0
6.279403E+3	9.685900E-5	1.298860E+4	0.000000E+0	0.000000E+0
6.283397E+3	9.686100E-5	1.298850E+4	0.000000E+0	0.000000E+0
6.287393E+3	9.686100E-5	1.298850E+4	0.000000E+0	0.000000E+0
6.291393E+3	9.686000E-5	1.298830E+4	0.000000E+0	0.000000E+0
6.295402E+3	9.686200E-5	1.298820E+4	0.000000E+0	0.000000E+0
6.299395E+3	9.686200E-5	1.298820E+4	0.000000E+0	0.000000E+0
6.303393E+3	9.686000E-5	1.298790E+4	0.000000E+0	0.000000E+0
6.307394E+3	9.686200E-5	1.298770E+4	0.000000E+0	0.000000E+0
6.311409E+3	9.686200E-5	1.298750E+4	0.000000E+0	0.000000E+0
6.315401E+3	9.686200E-5	1.298740E+4	0.000000E+0	0.000000E+0
6.319394E+3	9.686400E-5	1.298710E+4	0.000000E+0	0.000000E+0
6.323394E+3	9.686100E-5	1.298690E+4	0.000000E+0	0.000000E+0
6.327404E+3	9.686400E-5	1.298660E+4	0.000000E+0	0.000000E+0
6.331400E+3	9.686200E-5	1.298650E+4	0.000000E+0	0.000000E+0
6.335391E+3	9.686100E-5	1.298630E+4	0.000000E+0	0.000000E+0
6.339394E+3	9.686200E-5	1.298600E+4	0.000000E+0	0.000000E+0
6.343406E+3	9.686100E-5	1.298590E+4	0.000000E+0	0.000000E+0
6.347400E+3	9.686100E-5	1.298570E+4	0.000000E+0	0.000000E+0
6.351392E+3	9.686200E-5	1.298560E+4	0.000000E+0	0.000000E+0
6.355393E+3	9.686300E-5	1.298550E+4	0.000000E+0	0.000000E+0
6.359408E+3	9.686400E-5	1.298540E+4	0.000000E+0	0.000000E+0
6.363396E+3	9.686400E-5	1.298520E+4	0.000000E+0	0.000000E+0
6.367393E+3	9.686300E-5	1.298500E+4	0.000000E+0	0.000000E+0
6.371393E+3	9.686400E-5	1.298490E+4	0.000000E+0	0.000000E+0
6.375404E+3	9.686400E-5	1.298480E+4	0.000000E+0	0.000000E+0
6.379396E+3	9.686200E-5	1.298470E+4	0.000000E+0	0.000000E+0
6.383396E+3	9.686400E-5	1.298440E+4	0.000000E+0	0.000000E+0
6.387396E+3	9.686200E-5	1.298420E+4	0.000000E+0	0.000000E+0
6.391398E+3	9.686400E-5	1.298410E+4	0.000000E+0	0.000000E+0
6.395402E+3	9.686400E-5	1.298380E+4	0.000000E+0	0.000000E+0
6.399396E+3	9.686300E-5	1.298350E+4	0.000000E+0	0.000000E+0
6.403396E+3	9.686400E-5	1.298340E+4	0.000000E+0	0.000000E+0
6.407396E+3	9.686500E-5	1.298320E+4	0.000000E+0	0.000000E+0
6.411400E+3	9.686300E-5	1.298300E+4	0.000000E+0	0.000000E+0
6.415394E+3	9.686400E-5	1.298280E+4	0.000000E+0	0.000000E+0
6.419397E+3	9.686200E-5	1.298260E+4	0.000000E+0	0.000000E+0
6.423397E+3	9.686300E-5	1.298230E+4	0.000000E+0	0.000000E+0
6.427400E+3	9.686300E-5	1.298180E+4	0.000000E+0	0.000000E+0
6.431395E+3	9.686400E-5	1.298150E+4	0.000000E+0	0.000000E+0
6.435395E+3	9.686200E-5	1.298110E+4	0.000000E+0	0.000000E+0
6.439398E+3	9.686300E-5	1.298120E+4	0.000000E+0	0.000000E+0
6.443401E+3	9.686200E-5	1.298130E+4	0.000000E+0	0.000000E+0
6.447395E+3	9.686500E-5	1.298140E+4	0.000000E+0	0.000000E+0
6.451397E+3	9.686400E-5	1.298130E+4	0.000000E+0	0.000000E+0
6.455398E+3	9.686600E-5	1.298130E+4	0.000000E+0	0.000000E+0
6.459401E+3	9.686500E-5	1.298130E+4	0.000000E+0	0.000000E+0
6.463395E+3	9.686600E-5	1.298130E+4	0.000000E+0	0.000000E+0
6.467395E+3	9.686700E-5	1.298110E+4	0.000000E+0	0.000000E+0
6.471404E+3	9.686400E-5	1.298120E+4	0.000000E+0	0.000000E+0
6.475401E+3	9.686600E-5	1.298130E+4	0.000000E+0	0.000000E+0
6.479393E+3	9.686700E-5	1.298120E+4	0.000000E+0	0.000000E+0
6.483398E+3	9.686800E-5	1.298120E+4	0.000000E+0	0.000000E+0
6.487399E+3	9.686400E-5	1.298120E+4	0.000000E+0	0.000000E+0
6.491401E+3	9.686500E-5	1.298110E+4	0.000000E+0	0.000000E+0
6.495393E+3	9.686500E-5	1.298110E+4	0.000000E+0	0.000000E+0
6.499392E+3	9.686400E-5	1.298090E+4	0.000000E+0	0.000000E+0
6.503405E+3	9.686400E-5	1.298070E+4	0.000000E+0	0.000000E+0
6.507397E+3	9.686700E-5	1.298050E+4	0.000000E+0	0.000000E+0
6.511394E+3	9.686800E-5	1.298030E+4	0.000000E+0	0.000000E+0
6.515399E+3	9.686800E-5	1.298040E+4	0.000000E+0	0.000000E+0
6.519397E+3	9.686700E-5	1.298030E+4	0.000000E+0	0.000000E+0
6.523400E+3	9.686500E-5	1.298010E+4	0.000000E+0	0.000000E+0
6.527392E+3	9.686500E-5	1.297990E+4	0.000000E+0	0.000000E+0
6.531392E+3	9.686200E-5	1.297970E+4	0.000000E+0	0.000000E+0
6.535401E+3	9.686500E-5	1.297920E+4	0.000000E+0	0.000000E+0
6.539398E+3	9.686800E-5	1.297870E+4	0.000000E+0	0.000000E+0
6.543392E+3	9.686700E-5	1.297850E+4	0.000000E+0	0.000000E+0
6.547396E+3	9.686600E-5	1.297870E+4	0.000000E+0	0.000000E+0
6.551398E+3	9.686600E-5	1.297880E+4	0.000000E+0	0.000000E+0
6.555401E+3	9.686600E-5	1.297870E+4	0.000000E+0	0.000000E+0
6.559388E+3	9.687000E-5	1.297870E+4	0.000000E+0	0.000000E+0
6.563396E+3	9.686800E-5	1.297840E+4	0.000000E+0	0.000000E+0
6.567398E+3	9.687000E-5	1.297810E+4	0.000000E+0	0.000000E+0
6.571402E+3	9.687000E-5	1.297780E+4	0.000000E+0	0.000000E+0
6.575389E+3	9.686700E-5	1.297760E+4	0.000000E+0	0.000000E+0
6.579397E+3	9.686800E-5	1.297740E+4	0.000000E+0	0.000000E+0
6.583399E+3	9.686600E-5	1.297710E+4	0.000000E+0	0.000000E+0
6.587400E+3	9.686500E-5	1.297690E+4	0.000000E+0	0.000000E+0
6.591396E+3	9.686700E-5	1.297670E+4	0.000000E+0	0.000000E+0
6.595394E+3	9.686800E-5	1.297670E+4	0.000000E+0	0.000000E+0
6.599399E+3	9.686800E-5	1.297650E+4	0.000000E+0	0.000000E+0
6.603402E+3	9.686900E-5	1.297590E+4	0.000000E+0	0.000000E+0
6.607392E+3	9.686600E-5	1.297540E+4	0.000000E+0	0.000000E+0
6.611398E+3	9.686800E-5	1.297520E+4	0.000000E+0	0.000000E+0
6.615398E+3	9.686600E-5	1.297510E+4	0.000000E+0	0.000000E+0
6.619398E+3	9.686800E-5	1.297510E+4	0.000000E+0	0.000000E+0
6.623393E+3	9.686700E-5	1.297510E+4	0.000000E+0	0.000000E+0
6.627393E+3	9.686500E-5	1.297510E+4	0.000000E+0	0.000000E+0
6.631408E+3	9.686900E-5	1.297510E+4	0.000000E+0	0.000000E+0
6.635397E+3	9.686800E-5	1.297500E+4	0.000000E+0	0.000000E+0
6.639392E+3	9.686600E-5	1.297500E+4	0.000000E+0	0.000000E+0
6.643400E+3	9.687000E-5	1.297480E+4	0.000000E+0	0.000000E+0
6.647401E+3	9.686800E-5	1.297460E+4	0.000000E+0	0.000000E+0
6.651396E+3	9.687000E-5	1.297440E+4	0.000000E+0	0.000000E+0
6.655396E+3	9.687000E-5	1.297410E+4	0.000000E+0	0.000000E+0
6.659394E+3	9.686800E-5	1.297400E+4	0.000000E+0	0.000000E+0
6.663393E+3	9.686900E-5	1.297390E+4	0.000000E+0	0.000000E+0
6.667397E+3	9.687000E-5	1.297380E+4	0.000000E+0	0.000000E+0
6.671391E+3	9.687000E-5	1.297380E+4	0.000000E+0	0.000000E+0
6.675399E+3	9.686700E-5	1.297360E+4	0.000000E+0	0.000000E+0
6.679402E+3	9.686800E-5	1.297360E+4	0.000000E+0	0.000000E+0
6.683403E+3	9.687000E-5	1.297330E+4	0.000000E+0	0.000000E+0
6.687396E+3	9.687100E-5	1.297320E+4	0.000000E+0	0.000000E+0
6.691399E+3	9.687000E-5	1.297290E+4	0.000000E+0	0.000000E+0
6.695397E+3	9.686700E-5	1.297270E+4	0.000000E+0	0.000000E+0
6.699400E+3	9.686800E-5	1.297250E+4	0.000000E+0	0.000000E+0
6.703390E+3	9.686800E-5	1.297240E+4	0.000000E+0	0.000000E+0
6.707398E+3	9.686900E-5	1.297240E+4	0.000000E+0	0.000000E+0
6.711395E+3	9.687000E-5	1.297230E+4	0.000000E+0	0.000000E+0
6.715402E+3	9.687200E-5	1.297210E+4	0.000000E+0	0.000000E+0
6.719393E+3	9.687200E-5	1.297180E+4	0.000000E+0	0.000000E+0
6.723395E+3	9.687100E-5	1.297150E+4	0.000000E+0	0.000000E+0
6.727393E+3	9.686800E-5	1.297130E+4	0.000000E+0	0.000000E+0
6.731399E+3	9.686800E-5	1.297140E+4	0.000000E+0	0.000000E+0
6.735391E+3	9.687100E-5	1.297130E+4	0.000000E+0	0.000000E+0
6.739399E+3	9.687000E-5	1.297120E+4	0.000000E+0	0.000000E+0
6.743398E+3	9.686900E-5	1.297090E+4	0.000000E+0	0.000000E+0
6.747399E+3	9.686900E-5	1.297080E+4	0.000000E+0	0.000000E+0
6.751391E+3	9.687000E-5	1.297080E+4	0.000000E+0	0.000000E+0
6.755399E+3	9.687100E-5	1.297080E+4	0.000000E+0	0.000000E+0
6.759396E+3	9.687000E-5	1.297080E+4	0.000000E+0	0.000000E+0
6.763395E+3	9.687100E-5	1.297070E+4	0.000000E+0	0.000000E+0
6.767394E+3	9.687000E-5	1.297050E+4	0.000000E+0	0.000000E+0
6.771394E+3	9.687000E-5	1.297010E+4	0.000000E+0	0.000000E+0
6.775397E+3	9.687000E-5	1.296990E+4	0.000000E+0	0.000000E+0
6.779394E+3	9.687000E-5	1.296980E+4	0.000000E+0	0.000000E+0
6.783389E+3	9.687400E-5	1.296960E+4	0.000000E+0	0.000000E+0
6.787397E+3	9.687000E-5	1.296950E+4	0.000000E+0	0.000000E+0
6.791405E+3	9.687200E-5	1.296880E+4	0.000000E+0	0.000000E+0
6.795401E+3	9.687100E-5	1.296820E+4	0.000000E+0	0.000000E+0
6.799392E+3	9.687000E-5	1.296780E+4	0.000000E+0	0.000000E+0
6.803395E+3	9.687000E-5	1.296750E+4	0.000000E+0	0.000000E+0
6.807403E+3	9.687200E-5	1.296730E+4	0.000000E+0	0.000000E+0
6.811401E+3	9.687200E-5	1.296710E+4	0.000000E+0	0.000000E+0
6.815390E+3	9.687000E-5	1.296710E+4	0.000000E+0	0.000000E+0
6.819401E+3	9.687100E-5	1.296720E+4	0.000000E+0	0.000000E+0
6.823398E+3	9.686900E-5	1.296730E+4	0.000000E+0	0.000000E+0
6.827393E+3	9.687200E-5	1.296720E+4	0.000000E+0	0.000000E+0
6.831396E+3	9.687200E-5	1.296720E+4	0.000000E+0	0.000000E+0
6.835396E+3	9.687200E-5	1.296700E+4	0.000000E+0	0.000000E+0
6.839398E+3	9.687300E-5	1.296700E+4	0.000000E+0	0.000000E+0
6.843401E+3	9.687500E-5	1.296700E+4	0.000000E+0	0.000000E+0
6.847394E+3	9.687200E-5	1.296690E+4	0.000000E+0	0.000000E+0
6.851394E+3	9.687200E-5	1.296690E+4	0.000000E+0	0.000000E+0
6.855397E+3	9.687400E-5	1.296710E+4	0.000000E+0	0.000000E+0
6.859401E+3	9.687400E-5	1.296710E+4	0.000000E+0	0.000000E+0
6.863396E+3	9.687200E-5	1.296680E+4	0.000000E+0	0.000000E+0
6.867396E+3	9.687400E-5	1.296660E+4	0.000000E+0	0.000000E+0
6.871400E+3	9.687000E-5	1.296630E+4	0.000000E+0	0.000000E+0
6.875402E+3	9.687200E-5	1.296620E+4	0.000000E+0	0.000000E+0
6.879390E+3	9.687600E-5	1.296600E+4	0.000000E+0	0.000000E+0
6.883400E+3	9.687300E-5	1.296580E+4	0.000000E+0	0.000000E+0
6.887400E+3	9.687300E-5	1.296580E+4	0.000000E+0	0.000000E+0
6.891401E+3	9.687400E-5	1.296550E+4	0.000000E+0	0.000000E+0
6.895392E+3	9.687400E-5	1.296560E+4	0.000000E+0	0.000000E+0
6.899400E+3	9.687400E-5	1.296530E+4	0.000000E+0	0.000000E+0
6.903400E+3	9.687400E-5	1.296510E+4	0.000000E+0	0.000000E+0
6.907404E+3	9.687100E-5	1.296490E+4	0.000000E+0	0.000000E+0
6.911396E+3	9.687200E-5	1.296470E+4	0.000000E+0	0.000000E+0
6.915396E+3	9.687400E-5	1.296440E+4	0.000000E+0	0.000000E+0
6.919399E+3	9.687000E-5	1.296430E+4	0.000000E+0	0.000000E+0
6.923402E+3	9.687300E-5	1.296420E+4	0.000000E+0	0.000000E+0
6.927393E+3	9.687200E-5	1.296420E+4	0.000000E+0	0.000000E+0
6.931402E+3	9.687400E-5	1.296420E+4	0.000000E+0	0.000000E+0
6.935399E+3	9.687600E-5	1.296430E+4	0.000000E+0	0.000000E+0
6.939394E+3	9.687200E-5	1.296430E+4	0.000000E+0	0.000000E+0
6.943391E+3	9.687600E-5	1.296430E+4	0.000000E+0	0.000000E+0
6.947399E+3	9.687200E-5	1.296420E+4	0.000000E+0	0.000000E+0
6.951402E+3	9.687200E-5	1.296420E+4	0.000000E+0	0.000000E+0
6.955397E+3	9.687500E-5	1.296400E+4	0.000000E+0	0.000000E+0
6.959392E+3	9.687600E-5	1.296370E+4	0.000000E+0	0.000000E+0
6.963399E+3	9.687500E-5	1.296370E+4	0.000000E+0	0.000000E+0
6.967397E+3	9.687400E-5	1.296350E+4	0.000000E+0	0.000000E+0
6.971398E+3	9.687400E-5	1.296330E+4	0.000000E+0	0.000000E+0
6.975394E+3	9.687400E-5	1.296310E+4	0.000000E+0	0.000000E+0
6.979397E+3	9.687500E-5	1.296290E+4	0.000000E+0	0.000000E+0
6.983398E+3	9.687500E-5	1.296280E+4	0.000000E+0	0.000000E+0
6.987400E+3	9.687500E-5	1.296270E+4	0.000000E+0	0.000000E+0
6.991390E+3	9.687500E-5	1.296260E+4	0.000000E+0	0.000000E+0
6.995393E+3	9.687600E-5	1.296260E+4	0.000000E+0	0.000000E+0
6.999393E+3	9.687700E-5	1.296250E+4	0.000000E+0	0.000000E+0
7.003398E+3	9.687600E-5	1.296220E+4	0.000000E+0	0.000000E+0
7.007387E+3	9.687600E-5	1.296190E+4	0.000000E+0	0.000000E+0
7.011394E+3	9.687800E-5	1.296170E+4	0.000000E+0	0.000000E+0
7.015399E+3	9.687800E-5	1.296150E+4	0.000000E+0	0.000000E+0
7.019401E+3	9.687700E-5	1.296160E+4	0.000000E+0	0.000000E+0
7.023388E+3	9.687700E-5	1.296150E+4	0.000000E+0	0.000000E+0
7.027393E+3	9.687700E-5	1.296140E+4	0.000000E+0	0.000000E+0
7.031404E+3	9.687600E-5	1.296120E+4	0.000000E+0	0.000000E+0
7.035400E+3	9.687300E-5	1.296090E+4	0.000000E+0	0.000000E+0
7.039392E+3	9.687700E-5	1.296030E+4	0.000000E+0	0.000000E+0
7.043396E+3	9.687600E-5	1.296010E+4	0.000000E+0	0.000000E+0
7.047399E+3	9.687700E-5	1.295990E+4	0.000000E+0	0.000000E+0
7.051394E+3	9.687600E-5	1.295990E+4	0.000000E+0	0.000000E+0
7.055392E+3	9.687700E-5	1.296000E+4	0.000000E+0	0.000000E+0
7.059398E+3	9.687900E-5	1.296010E+4	0.000000E+0	0.000000E+0
7.063400E+3	9.687900E-5	1.296000E+4	0.000000E+0	0.000000E+0
7.067400E+3	9.687800E-5	1.295980E+4	0.000000E+0	0.000000E+0
7.071390E+3	9.687800E-5	1.295960E+4	0.000000E+0	0.000000E+0
7.075398E+3	9.687700E-5	1.295920E+4	0.000000E+0	0.000000E+0
7.079400E+3	9.688100E-5	1.295890E+4	0.000000E+0	0.000000E+0
7.083402E+3	9.687700E-5	1.295880E+4	0.000000E+0	0.000000E+0
7.087395E+3	9.687800E-5	1.295870E+4	0.000000E+0	0.000000E+0
7.091398E+3	9.687900E-5	1.295860E+4	0.000000E+0	0.000000E+0
7.095401E+3	9.688300E-5	1.295870E+4	0.000000E+0	0.000000E+0
7.099396E+3	9.688100E-5	1.295870E+4	0.000000E+0	0.000000E+0
7.103394E+3	9.687800E-5	1.295860E+4	0.000000E+0	0.000000E+0
7.107394E+3	9.688000E-5	1.295870E+4	0.000000E+0	0.000000E+0
7.111399E+3	9.688000E-5	1.295860E+4	0.000000E+0	0.000000E+0
7.115394E+3	9.687900E-5	1.295860E+4	0.000000E+0	0.000000E+0
7.119394E+3	9.687900E-5	1.295850E+4	0.000000E+0	0.000000E+0
7.123394E+3	9.687900E-5	1.295850E+4	0.000000E+0	0.000000E+0
7.127397E+3	9.687800E-5	1.295850E+4	0.000000E+0	0.000000E+0
7.131400E+3	9.687700E-5	1.295840E+4	0.000000E+0	0.000000E+0
7.135388E+3	9.687900E-5	1.295840E+4	0.000000E+0	0.000000E+0
7.139394E+3	9.687900E-5	1.295830E+4	0.000000E+0	0.000000E+0
7.143395E+3	9.687700E-5	1.295780E+4	0.000000E+0	0.000000E+0
7.147397E+3	9.687900E-5	1.295740E+4	0.000000E+0	0.000000E+0
7.151392E+3	9.688100E-5	1.295700E+4	0.000000E+0	0.000000E+0
7.155398E+3	9.688400E-5	1.295660E+4	0.000000E+0	0.000000E+0
7.159398E+3	9.688000E-5	1.295650E+4	0.000000E+0	0.000000E+0
7.163393E+3	9.687900E-5	1.295640E+4	0.000000E+0	0.000000E+0
7.167395E+3	9.688100E-5	1.295630E+4	0.000000E+0	0.000000E+0
7.171401E+3	9.687800E-5	1.295640E+4	0.000000E+0	0.000000E+0
7.175400E+3	9.688000E-5	1.295660E+4	0.000000E+0	0.000000E+0
7.179396E+3	9.688100E-5	1.295660E+4	0.000000E+0	0.000000E+0
7.183390E+3	9.687900E-5	1.295650E+4	0.000000E+0	0.000000E+0
7.187398E+3	9.687900E-5	1.295630E+4	0.000000E+0	0.000000E+0
7.191396E+3	9.688000E-5	1.295610E+4	0.000000E+0	0.000000E+0
7.195396E+3	9.687900E-5	1.295610E+4	0.000000E+0	0.000000E+0
7.199389E+3	9.687600E-5	1.295600E+4	0.000000E+0	0.000000E+0
7.203401E+3	9.687800E-5	1.295590E+4	0.000000E+0	0.000000E+0
7.207397E+3	9.688000E-5	1.295580E+4	0.000000E+0	0.000000E+0
7.211399E+3	9.687900E-5	1.295580E+4	0.000000E+0	0.000000E+0
7.215389E+3	9.687900E-5	1.295570E+4	0.000000E+0	0.000000E+0
7.219397E+3	9.688200E-5	1.295550E+4	0.000000E+0	0.000000E+0
7.223399E+3	9.687900E-5	1.295520E+4	0.000000E+0	0.000000E+0
7.227397E+3	9.688100E-5	1.295480E+4	0.000000E+0	0.000000E+0
7.231386E+3	9.688100E-5	1.295480E+4	0.000000E+0	0.000000E+0
7.235400E+3	9.688400E-5	1.295470E+4	0.000000E+0	0.000000E+0
7.239397E+3	9.688300E-5	1.295470E+4	0.000000E+0	0.000000E+0
7.243398E+3	9.688000E-5	1.295440E+4	0.000000E+0	0.000000E+0
7.247394E+3	9.688000E-5	1.295430E+4	0.000000E+0	0.000000E+0
7.251393E+3	9.688000E-5	1.295420E+4	0.000000E+0	0.000000E+0
7.255398E+3	9.688300E-5	1.295410E+4	0.000000E+0	0.000000E+0
7.259400E+3	9.688200E-5	1.295390E+4	0.000000E+0	0.000000E+0
7.263392E+3	9.688200E-5	1.295370E+4	0.000000E+0	0.000000E+0
7.267401E+3	9.688300E-5	1.295340E+4	0.000000E+0	0.000000E+0
7.271398E+3	9.688200E-5	1.295320E+4	0.000000E+0	0.000000E+0
7.275401E+3	9.688400E-5	1.295290E+4	0.000000E+0	0.000000E+0
7.279395E+3	9.688200E-5	1.295260E+4	0.000000E+0	0.000000E+0
7.283394E+3	9.688200E-5	1.295240E+4	0.000000E+0	0.000000E+0
7.287393E+3	9.688000E-5	1.295220E+4	0.000000E+0	0.000000E+0
7.291399E+3	9.688100E-5	1.295190E+4	0.000000E+0	0.000000E+0
7.295393E+3	9.688100E-5	1.295170E+4	0.000000E+0	0.000000E+0
7.299397E+3	9.688100E-5	1.295150E+4	0.000000E+0	0.000000E+0
7.303396E+3	9.688100E-5	1.295140E+4	0.000000E+0	0.000000E+0
7.307397E+3	9.688000E-5	1.295120E+4	0.000000E+0	0.000000E+0
7.311394E+3	9.688200E-5	1.295100E+4	0.000000E+0	0.000000E+0
7.315396E+3	9.688200E-5	1.295090E+4	0.000000E+0	0.000000E+0
7.319394E+3	9.688300E-5	1.295070E+4	0.000000E+0	0.000000E+0
7.323397E+3	9.688200E-5	1.295050E+4	0.000000E+0	0.000000E+0
7.327395E+3	9.688300E-5	1.295020E+4	0.000000E+0	0.000000E+0
7.331398E+3	9.688200E-5	1.295010E+4	0.000000E+0	0.000000E+0
7.335397E+3	9.688300E-5	1.294960E+4	0.000000E+0	0.000000E+0
7.339395E+3	9.688100E-5	1.294900E+4	0.000000E+0	0.000000E+0
7.343393E+3	9.688500E-5	1.294860E+4	0.000000E+0	0.000000E+0
7.347397E+3	9.688500E-5	1.294840E+4	0.000000E+0	0.000000E+0
7.351398E+3	9.688500E-5	1.294840E+4	0.000000E+0	0.000000E+0
7.355399E+3	9.688400E-5	1.294840E+4	0.000000E+0	0.000000E+0
7.359390E+3	9.688200E-5	1.294800E+4	0.000000E+0	0.000000E+0
7.363400E+3	9.688200E-5	1.294760E+4	0.000000E+0	0.000000E+0
7.367403E+3	9.688500E-5	1.294750E+4	0.000000E+0	0.000000E+0
7.371399E+3	9.688200E-5	1.294730E+4	0.000000E+0	0.000000E+0
7.375390E+3	9.688100E-5	1.294730E+4	0.000000E+0	0.000000E+0
7.379398E+3	9.688000E-5	1.294710E+4	0.000000E+0	0.000000E+0
7.383398E+3	9.688100E-5	1.294630E+4	0.000000E+0	0.000000E+0
7.387396E+3	9.688500E-5	1.294560E+4	0.000000E+0	0.000000E+0
7.391391E+3	9.688300E-5	1.294530E+4	0.000000E+0	0.000000E+0
7.395397E+3	9.688300E-5	1.294530E+4	0.000000E+0	0.000000E+0
7.399407E+3	9.688700E-5	1.294530E+4	0.000000E+0	0.000000E+0
7.403397E+3	9.688300E-5	1.294510E+4	0.000000E+0	0.000000E+0
7.407394E+3	9.688500E-5	1.294520E+4	0.000000E+0	0.000000E+0
7.411395E+3	9.688400E-5	1.294550E+4	0.000000E+0	0.000000E+0
7.415392E+3	9.688200E-5	1.294570E+4	0.000000E+0	0.000000E+0
7.419395E+3	9.688400E-5	1.294580E+4	0.000000E+0	0.000000E+0
7.423394E+3	9.688500E-5	1.294570E+4	0.000000E+0	0.000000E+0
7.427397E+3	9.688300E-5	1.294560E+4	0.000000E+0	0.000000E+0
7.431400E+3	9.688300E-5	1.294550E+4	0.000000E+0	0.000000E+0
7.435401E+3	9.688500E-5	1.294540E+4	0.000000E+0	0.000000E+0
7.439393E+3	9.688400E-5	1.294530E+4	0.000000E+0	0.000000E+0
7.443393E+3	9.688300E-5	1.294520E+4	0.000000E+0	0.000000E+0
7.447396E+3	9.688200E-5	1.294500E+4	0.000000E+0	0.000000E+0
7.451398E+3	9.688200E-5	1.294520E+4	0.000000E+0	0.000000E+0
7.455393E+3	9.688200E-5	1.294530E+4	0.000000E+0	0.000000E+0
7.459398E+3	9.688600E-5	1.294530E+4	0.000000E+0	0.000000E+0
7.463407E+3	9.688700E-5	1.294530E+4	0.000000E+0	0.000000E+0
7.467402E+3	9.688300E-5	1.294520E+4	0.000000E+0	0.000000E+0
7.471393E+3	9.688500E-5	1.294500E+4	0.000000E+0	0.000000E+0
7.475393E+3	9.688500E-5	1.294490E+4	0.000000E+0	0.000000E+0
7.479405E+3	9.688700E-5	1.294480E+4	0.000000E+0	0.000000E+0
7.483397E+3	9.688600E-5	1.294460E+4	0.000000E+0	0.000000E+0
7.487392E+3	9.689000E-5	1.294450E+4	0.000000E+0	0.000000E+0
7.491394E+3	9.688800E-5	1.294440E+4	0.000000E+0	0.000000E+0
7.495396E+3	9.688500E-5	1.294420E+4	0.000000E+0	0.000000E+0
7.499399E+3	9.688800E-5	1.294400E+4	0.000000E+0	0.000000E+0
7.503394E+3	9.688400E-5	1.294360E+4	0.000000E+0	0.000000E+0
7.507400E+3	9.688500E-5	1.294280E+4	0.000000E+0	0.000000E+0
7.511395E+3	9.688500E-5	1.294250E+4	0.000000E+0	0.000000E+0
7.515398E+3	9.688700E-5	1.294230E+4	0.000000E+0	0.000000E+0
7.519393E+3	9.688600E-5	1.294200E+4	0.000000E+0	0.000000E+0
7.523395E+3	9.688800E-5	1.294170E+4	0.000000E+0	0.000000E+0
7.527403E+3	9.688900E-5	1.294140E+4	0.000000E+0	0.000000E+0
7.531400E+3	9.688500E-5	1.294130E+4	0.000000E+0	0.000000E+0
7.535395E+3	9.688500E-5	1.294120E+4	0.000000E+0	0.000000E+0
7.539400E+3	9.688500E-5	1.294100E+4	0.000000E+0	0.000000E+0
7.543398E+3	9.688600E-5	1.294100E+4	0.000000E+0	0.000000E+0
7.547399E+3	9.688500E-5	1.294110E+4	0.000000E+0	0.000000E+0
7.551393E+3	9.688500E-5	1.294090E+4	0.000000E+0	0.000000E+0
7.555398E+3	9.688800E-5	1.294080E+4	0.000000E+0	0.000000E+0
7.559391E+3	9.688700E-5	1.294060E+4	0.000000E+0	0.000000E+0
7.563399E+3	9.688400E-5	1.294050E+4	0.000000E+0	0.000000E+0
7.567394E+3	9.688600E-5	1.294040E+4	0.000000E+0	0.000000E+0
7.571393E+3	9.688800E-5	1.294020E+4	0.000000E+0	0.000000E+0
7.575394E+3	9.688800E-5	1.294020E+4	0.000000E+0	0.000000E+0
7.579396E+3	9.688500E-5	1.294010E+4	0.000000E+0	0.000000E+0
7.583392E+3	9.689000E-5	1.293990E+4	0.000000E+0	0.000000E+0
7.587392E+3	9.688800E-5	1.293990E+4	0.000000E+0	0.000000E+0
7.591400E+3	9.688800E-5	1.293990E+4	0.000000E+0	0.000000E+0
7.595399E+3	9.688600E-5	1.293980E+4	0.000000E+0	0.000000E+0
7.599390E+3	9.688900E-5	1.293960E+4	0.000000E+0	0.000000E+0
7.603394E+3	9.688800E-5	1.293950E+4	0.000000E+0	0.000000E+0
7.607406E+3	9.688900E-5	1.293920E+4	0.000000E+0	0.000000E+0
7.611397E+3	9.688600E-5	1.293900E+4	0.000000E+0	0.000000E+0
7.615393E+3	9.688800E-5	1.293890E+4	0.000000E+0	0.000000E+0
7.619398E+3	9.688700E-5	1.293870E+4	0.000000E+0	0.000000E+0
7.623401E+3	9.688900E-5	1.293860E+4	0.000000E+0	0.000000E+0
7.627396E+3	9.688900E-5	1.293840E+4	0.000000E+0	0.000000E+0
7.631391E+3	9.688800E-5	1.293830E+4	0.000000E+0	0.000000E+0
7.635393E+3	9.688900E-5	1.293800E+4	0.000000E+0	0.000000E+0
7.639401E+3	9.688700E-5	1.293790E+4	0.000000E+0	0.000000E+0
7.643398E+3	9.688700E-5	1.293780E+4	0.000000E+0	0.000000E+0
7.647393E+3	9.689000E-5	1.293760E+4	0.000000E+0	0.000000E+0
7.651394E+3	9.688900E-5	1.293740E+4	0.000000E+0	0.000000E+0
7.655396E+3	9.688800E-5	1.293730E+4	0.000000E+0	0.000000E+0
7.659399E+3	9.688800E-5	1.293720E+4	0.000000E+0	0.000000E+0
7.663393E+3	9.688900E-5	1.293690E+4	0.000000E+0	0.000000E+0
7.667400E+3	9.689300E-5	1.293680E+4	0.000000E+0	0.000000E+0
7.671396E+3	9.689000E-5	1.293660E+4	0.000000E+0	0.000000E+0
7.675397E+3	9.689100E-5	1.293640E+4	0.000000E+0	0.000000E+0
7.679394E+3	9.688900E-5	1.293610E+4	0.000000E+0	0.000000E+0
7.683394E+3	9.688900E-5	1.293580E+4	0.000000E+0	0.000000E+0
7.687402E+3	9.689300E-5	1.293570E+4	0.000000E+0	0.000000E+0
7.691395E+3	9.688700E-5	1.293550E+4	0.000000E+0	0.000000E+0
7.695390E+3	9.689000E-5	1.293550E+4	0.000000E+0	0.000000E+0
7.699397E+3	9.688900E-5	1.293530E+4	0.000000E+0	0.000000E+0
7.703401E+3	9.689000E-5	1.293500E+4	0.000000E+0	0.000000E+0
7.707394E+3	9.689100E-5	1.293480E+4	0.000000E+0	0.000000E+0
7.711392E+3	9.689000E-5	1.293470E+4	0.000000E+0	0.000000E+0
7.715393E+3	9.689100E-5	1.293470E+4	0.000000E+0	0.000000E+0
7.719395E+3	9.688900E-5	1.293450E+4	0.000000E+0	0.000000E+0
7.723396E+3	9.689000E-5	1.293450E+4	0.000000E+0	0.000000E+0
7.727395E+3	9.689400E-5	1.293430E+4	0.000000E+0	0.000000E+0
7.731399E+3	9.689300E-5	1.293400E+4	0.000000E+0	0.000000E+0
7.735394E+3	9.689300E-5	1.293360E+4	0.000000E+0	0.000000E+0
7.739396E+3	9.689200E-5	1.293330E+4	0.000000E+0	0.000000E+0
7.743394E+3	9.689100E-5	1.293290E+4	0.000000E+0	0.000000E+0
7.747399E+3	9.689000E-5	1.293230E+4	0.000000E+0	0.000000E+0
7.751394E+3	9.689300E-5	1.293210E+4	0.000000E+0	0.000000E+0
7.755392E+3	9.689400E-5	1.293210E+4	0.000000E+0	0.000000E+0
7.759392E+3	9.689200E-5	1.293220E+4	0.000000E+0	0.000000E+0
7.763397E+3	9.689400E-5	1.293220E+4	0.000000E+0	0.000000E+0
7.767399E+3	9.689500E-5	1.293240E+4	0.000000E+0	0.000000E+0
7.771400E+3	9.689300E-5	1.293240E+4	0.000000E+0	0.000000E+0
7.775391E+3	9.689300E-5	1.293250E+4	0.000000E+0	0.000000E+0
7.779397E+3	9.689300E-5	1.293240E+4	0.000000E+0	0.000000E+0
7.783394E+3	9.689300E-5	1.293240E+4	0.000000E+0	0.000000E+0
7.787397E+3	9.689200E-5	1.293230E+4	0.000000E+0	0.000000E+0
7.791392E+3	9.689300E-5	1.293210E+4	0.000000E+0	0.000000E+0
7.795401E+3	9.689200E-5	1.293190E+4	0.000000E+0	0.000000E+0
7.799397E+3	9.689300E-5	1.293160E+4	0.000000E+0	0.000000E+0
7.803396E+3	9.689400E-5	1.293160E+4	0.000000E+0	0.000000E+0
7.807393E+3	9.689300E-5	1.293150E+4	0.000000E+0	0.000000E+0
7.811400E+3	9.689300E-5	1.293140E+4	0.000000E+0	0.000000E+0
7.815396E+3	9.689400E-5	1.293120E+4	0.000000E+0	0.000000E+0
7.819396E+3	9.689100E-5	1.293030E+4	0.000000E+0	0.000000E+0
7.823395E+3	9.689300E-5	1.292960E+4	0.000000E+0	0.000000E+0
7.827398E+3	9.689500E-5	1.292920E+4	0.000000E+0	0.000000E+0
7.831396E+3	9.689300E-5	1.292920E+4	0.000000E+0	0.000000E+0
7.835393E+3	9.689300E-5	1.292960E+4	0.000000E+0	0.000000E+0
7.839388E+3	9.689300E-5	1.292960E+4	0.000000E+0	0.000000E+0
7.843397E+3	9.689700E-5	1.292940E+4	0.000000E+0	0.000000E+0
7.847399E+3	9.689200E-5	1.292900E+4	0.000000E+0	0.000000E+0
7.851397E+3	9.689600E-5	1.292920E+4	0.000000E+0	0.000000E+0
7.855392E+3	9.689400E-5	1.292920E+4	0.000000E+0	0.000000E+0
7.859399E+3	9.689200E-5	1.292920E+4	0.000000E+0	0.000000E+0
7.863394E+3	9.689500E-5	1.292910E+4	0.000000E+0	0.000000E+0
7.867395E+3	9.689400E-5	1.292910E+4	0.000000E+0	0.000000E+0
7.871394E+3	9.689400E-5	1.292890E+4	0.000000E+0	0.000000E+0
7.875397E+3	9.689400E-5	1.292880E+4	0.000000E+0	0.000000E+0
7.879394E+3	9.689600E-5	1.292860E+4	0.000000E+0	0.000000E+0
7.883394E+3	9.689600E-5	1.292830E+4	0.000000E+0	0.000000E+0
7.887392E+3	9.689300E-5	1.292790E+4	0.000000E+0	0.000000E+0
7.891398E+3	9.689300E-5	1.292750E+4	0.000000E+0	0.000000E+0
7.895395E+3	9.689500E-5	1.292720E+4	0.000000E+0	0.000000E+0
7.899396E+3	9.689300E-5	1.292700E+4	0.000000E+0	0.000000E+0
7.903393E+3	9.689400E-5	1.292690E+4	0.000000E+0	0.000000E+0
7.907396E+3	9.689200E-5	1.292670E+4	0.000000E+0	0.000000E+0
7.911395E+3	9.689400E-5	1.292650E+4	0.000000E+0	0.000000E+0
7.915395E+3	9.689400E-5	1.292630E+4	0.000000E+0	0.000000E+0
7.919394E+3	9.689800E-5	1.292570E+4	0.000000E+0	0.000000E+0
7.923398E+3	9.689500E-5	1.292520E+4	0.000000E+0	0.000000E+0
7.927394E+3	9.689500E-5	1.292500E+4	0.000000E+0	0.000000E+0
7.931402E+3	9.689600E-5	1.292490E+4	0.000000E+0	0.000000E+0
7.935389E+3	9.689500E-5	1.292490E+4	0.000000E+0	0.000000E+0
7.939401E+3	9.689700E-5	1.292470E+4	0.000000E+0	0.000000E+0
7.943397E+3	9.689700E-5	1.292450E+4	0.000000E+0	0.000000E+0
7.947399E+3	9.689800E-5	1.292450E+4	0.000000E+0	0.000000E+0
7.951392E+3	9.689700E-5	1.292420E+4	0.000000E+0	0.000000E+0
7.955399E+3	9.689700E-5	1.292400E+4	0.000000E+0	0.000000E+0
7.959398E+3	9.689500E-5	1.292390E+4	0.000000E+0	0.000000E+0
7.963400E+3	9.689600E-5	1.292380E+4	0.000000E+0	0.000000E+0
7.967389E+3	9.689500E-5	1.292350E+4	0.000000E+0	0.000000E+0
7.971400E+3	9.689600E-5	1.292340E+4	0.000000E+0	0.000000E+0
7.975395E+3	9.689800E-5	1.292320E+4	0.000000E+0	0.000000E+0
7.979401E+3	9.689500E-5	1.292320E+4	0.000000E+0	0.000000E+0
7.983395E+3	9.689800E-5	1.292300E+4	0.000000E+0	0.000000E+0
7.987401E+3	9.689600E-5	1.292280E+4	0.000000E+0	0.000000E+0
7.991408E+3	9.689600E-5	1.292280E+4	0.000000E+0	0.000000E+0
7.995396E+3	9.689600E-5	1.292260E+4	0.000000E+0	0.000000E+0
7.999395E+3	9.689700E-5	1.292230E+4	0.000000E+0	0.000000E+0
8.003398E+3	9.689700E-5	1.292200E+4	0.000000E+0	0.000000E+0
8.007396E+3	9.689700E-5	1.292180E+4	0.000000E+0	0.000000E+0
8.011399E+3	9.689900E-5	1.292150E+4	0.000000E+0	0.000000E+0
8.015394E+3	9.690200E-5	1.292140E+4	0.000000E+0	0.000000E+0
8.019397E+3	9.690300E-5	1.292140E+4	0.000000E+0	0.000000E+0
8.023401E+3	9.689800E-5	1.292120E+4	0.000000E+0	0.000000E+0
8.027402E+3	9.689800E-5	1.292100E+4	0.000000E+0	0.000000E+0
8.031392E+3	9.689800E-5	1.292040E+4	0.000000E+0	0.000000E+0
8.035402E+3	9.689900E-5	1.291980E+4	0.000000E+0	0.000000E+0
8.039399E+3	9.689700E-5	1.291920E+4	0.000000E+0	0.000000E+0
8.043394E+3	9.690000E-5	1.291840E+4	0.000000E+0	0.000000E+0
8.047394E+3	9.690200E-5	1.291800E+4	0.000000E+0	0.000000E+0
8.051394E+3	9.689800E-5	1.291790E+4	0.000000E+0	0.000000E+0
8.055406E+3	9.689800E-5	1.291810E+4	0.000000E+0	0.000000E+0
8.059397E+3	9.689900E-5	1.291830E+4	0.000000E+0	0.000000E+0
8.063390E+3	9.689800E-5	1.291840E+4	0.000000E+0	0.000000E+0
8.067392E+3	9.690100E-5	1.291840E+4	0.000000E+0	0.000000E+0
8.071408E+3	9.689700E-5	1.291830E+4	0.000000E+0	0.000000E+0
8.075396E+3	9.689900E-5	1.291830E+4	0.000000E+0	0.000000E+0
8.079390E+3	9.690000E-5	1.291840E+4	0.000000E+0	0.000000E+0
8.083398E+3	9.690100E-5	1.291820E+4	0.000000E+0	0.000000E+0
8.087403E+3	9.690000E-5	1.291780E+4	0.000000E+0	0.000000E+0
8.091394E+3	9.689800E-5	1.291740E+4	0.000000E+0	0.000000E+0
8.095390E+3	9.690000E-5	1.291720E+4	0.000000E+0	0.000000E+0
8.099398E+3	9.690200E-5	1.291730E+4	0.000000E+0	0.000000E+0
8.103396E+3	9.690200E-5	1.291760E+4	0.000000E+0	0.000000E+0
8.107397E+3	9.689900E-5	1.291780E+4	0.000000E+0	0.000000E+0
8.111394E+3	9.689800E-5	1.291770E+4	0.000000E+0	0.000000E+0
8.115393E+3	9.690000E-5	1.291770E+4	0.000000E+0	0.000000E+0
8.119402E+3	9.689600E-5	1.291750E+4	0.000000E+0	0.000000E+0
8.123396E+3	9.690100E-5	1.291750E+4	0.000000E+0	0.000000E+0
8.127389E+3	9.690000E-5	1.291750E+4	0.000000E+0	0.000000E+0
8.131399E+3	9.690000E-5	1.291740E+4	0.000000E+0	0.000000E+0
8.135407E+3	9.689900E-5	1.291700E+4	0.000000E+0	0.000000E+0
8.139395E+3	9.690000E-5	1.291650E+4	0.000000E+0	0.000000E+0
8.143392E+3	9.690200E-5	1.291600E+4	0.000000E+0	0.000000E+0
8.147394E+3	9.690100E-5	1.291530E+4	0.000000E+0	0.000000E+0
8.151390E+3	9.690100E-5	1.291470E+4	0.000000E+0	0.000000E+0
8.155397E+3	9.690100E-5	1.291430E+4	0.000000E+0	0.000000E+0
8.159393E+3	9.690100E-5	1.291400E+4	0.000000E+0	0.000000E+0
8.163392E+3	9.690400E-5	1.291380E+4	0.000000E+0	0.000000E+0
8.167395E+3	9.690200E-5	1.291410E+4	0.000000E+0	0.000000E+0
8.171396E+3	9.690100E-5	1.291430E+4	0.000000E+0	0.000000E+0
8.175395E+3	9.690200E-5	1.291450E+4	0.000000E+0	0.000000E+0
8.179399E+3	9.690300E-5	1.291460E+4	0.000000E+0	0.000000E+0
8.183395E+3	9.690000E-5	1.291470E+4	0.000000E+0	0.000000E+0
8.187398E+3	9.690300E-5	1.291470E+4	0.000000E+0	0.000000E+0
8.191390E+3	9.690200E-5	1.291470E+4	0.000000E+0	0.000000E+0
8.195401E+3	9.690200E-5	1.291430E+4	0.000000E+0	0.000000E+0
8.199399E+3	9.690300E-5	1.291380E+4	0.000000E+0	0.000000E+0
8.203397E+3	9.690300E-5	1.291320E+4	0.000000E+0	0.000000E+0
8.207391E+3	9.690300E-5	1.291300E+4	0.000000E+0	0.000000E+0
8.211394E+3	9.690300E-5	1.291290E+4	0.000000E+0	0.000000E+0
8.215400E+3	9.690200E-5	1.291300E+4	0.000000E+0	0.000000E+0
8.219400E+3	9.690300E-5	1.291300E+4	0.000000E+0	0.000000E+0
8.223394E+3	9.690400E-5	1.291270E+4	0.000000E+0	0.000000E+0
8.227395E+3	9.690500E-5	1.291260E+4	0.000000E+0	0.000000E+0
8.231400E+3	9.690000E-5	1.291240E+4	0.000000E+0	0.000000E+0
8.235400E+3	9.690400E-5	1.291230E+4	0.000000E+0	0.000000E+0
8.239394E+3	9.690300E-5	1.291210E+4	0.000000E+0	0.000000E+0
8.243398E+3	9.690500E-5	1.291180E+4	0.000000E+0	0.000000E+0
8.247395E+3	9.690400E-5	1.291170E+4	0.000000E+0	0.000000E+0
8.251398E+3	9.690000E-5	1.291170E+4	0.000000E+0	0.000000E+0
8.255392E+3	9.690200E-5	1.291170E+4	0.000000E+0	0.000000E+0
8.259396E+3	9.690300E-5	1.291160E+4	0.000000E+0	0.000000E+0
8.263393E+3	9.690400E-5	1.291160E+4	0.000000E+0	0.000000E+0
8.267396E+3	9.690300E-5	1.291130E+4	0.000000E+0	0.000000E+0
8.271387E+3	9.690400E-5	1.291120E+4	0.000000E+0	0.000000E+0
8.275396E+3	9.690400E-5	1.291110E+4	0.000000E+0	0.000000E+0
8.279409E+3	9.690400E-5	1.291100E+4	0.000000E+0	0.000000E+0
8.283394E+3	9.690100E-5	1.291070E+4	0.000000E+0	0.000000E+0
8.287391E+3	9.690400E-5	1.291010E+4	0.000000E+0	0.000000E+0
8.291394E+3	9.690300E-5	1.290980E+4	0.000000E+0	0.000000E+0
8.295401E+3	9.690400E-5	1.290970E+4	0.000000E+0	0.000000E+0
8.299397E+3	9.690400E-5	1.290990E+4	0.000000E+0	0.000000E+0
8.303394E+3	9.690500E-5	1.291000E+4	0.000000E+0	0.000000E+0
8.307394E+3	9.690600E-5	1.291020E+4	0.000000E+0	0.000000E+0
8.311397E+3	9.690200E-5	1.291050E+4	0.000000E+0	0.000000E+0
8.315396E+3	9.690300E-5	1.291060E+4	0.000000E+0	0.000000E+0
8.319392E+3	9.690300E-5	1.291060E+4	0.000000E+0	0.000000E+0
8.323397E+3	9.690500E-5	1.291040E+4	0.000000E+0	0.000000E+0
8.327395E+3	9.690600E-5	1.291030E+4	0.000000E+0	0.000000E+0
8.331394E+3	9.690300E-5	1.291030E+4	0.000000E+0	0.000000E+0
8.335392E+3	9.690700E-5	1.291030E+4	0.000000E+0	0.000000E+0
8.339395E+3	9.690500E-5	1.291020E+4	0.000000E+0	0.000000E+0
8.343401E+3	9.690300E-5	1.291000E+4	0.000000E+0	0.000000E+0
8.347397E+3	9.690300E-5	1.290990E+4	0.000000E+0	0.000000E+0
8.351393E+3	9.690500E-5	1.290970E+4	0.000000E+0	0.000000E+0
8.355395E+3	9.690200E-5	1.290940E+4	0.000000E+0	0.000000E+0
8.359398E+3	9.690400E-5	1.290900E+4	0.000000E+0	0.000000E+0
8.363399E+3	9.690400E-5	1.290840E+4	0.000000E+0	0.000000E+0
8.367396E+3	9.690600E-5	1.290770E+4	0.000000E+0	0.000000E+0
8.371399E+3	9.690600E-5	1.290730E+4	0.000000E+0	0.000000E+0
8.375396E+3	9.690300E-5	1.290700E+4	0.000000E+0	0.000000E+0
8.379402E+3	9.690500E-5	1.290690E+4	0.000000E+0	0.000000E+0
8.383391E+3	9.690700E-5	1.290680E+4	0.000000E+0	0.000000E+0
8.387396E+3	9.690900E-5	1.290680E+4	0.000000E+0	0.000000E+0
8.391397E+3	9.690600E-5	1.290690E+4	0.000000E+0	0.000000E+0
8.395392E+3	9.690700E-5	1.290690E+4	0.000000E+0	0.000000E+0
8.399392E+3	9.690700E-5	1.290700E+4	0.000000E+0	0.000000E+0
8.403399E+3	9.690500E-5	1.290700E+4	0.000000E+0	0.000000E+0
8.407402E+3	9.690800E-5	1.290700E+4	0.000000E+0	0.000000E+0
8.411396E+3	9.690700E-5	1.290710E+4	0.000000E+0	0.000000E+0
8.415390E+3	9.690700E-5	1.290700E+4	0.000000E+0	0.000000E+0
8.419395E+3	9.690600E-5	1.290690E+4	0.000000E+0	0.000000E+0
8.423401E+3	9.690800E-5	1.290700E+4	0.000000E+0	0.000000E+0
8.427396E+3	9.690900E-5	1.290700E+4	0.000000E+0	0.000000E+0
8.431395E+3	9.690800E-5	1.290690E+4	0.000000E+0	0.000000E+0
8.435396E+3	9.690900E-5	1.290680E+4	0.000000E+0	0.000000E+0
8.439400E+3	9.690500E-5	1.290680E+4	0.000000E+0	0.000000E+0
8.443397E+3	9.690500E-5	1.290680E+4	0.000000E+0	0.000000E+0
8.447393E+3	9.690600E-5	1.290690E+4	0.000000E+0	0.000000E+0
8.451399E+3	9.690700E-5	1.290680E+4	0.000000E+0	0.000000E+0
8.455403E+3	9.690800E-5	1.290660E+4	0.000000E+0	0.000000E+0
8.459398E+3	9.690900E-5	1.290640E+4	0.000000E+0	0.000000E+0
8.463390E+3	9.690900E-5	1.290620E+4	0.000000E+0	0.000000E+0
8.467391E+3	9.690900E-5	1.290590E+4	0.000000E+0	0.000000E+0
8.471396E+3	9.690700E-5	1.290570E+4	0.000000E+0	0.000000E+0
8.475397E+3	9.690900E-5	1.290550E+4	0.000000E+0	0.000000E+0
8.479393E+3	9.690900E-5	1.290530E+4	0.000000E+0	0.000000E+0
8.483394E+3	9.691000E-5	1.290500E+4	0.000000E+0	0.000000E+0
8.487397E+3	9.690900E-5	1.290470E+4	0.000000E+0	0.000000E+0
8.491399E+3	9.690800E-5	1.290460E+4	0.000000E+0	0.000000E+0
8.495394E+3	9.690700E-5	1.290460E+4	0.000000E+0	0.000000E+0
8.499400E+3	9.691000E-5	1.290480E+4	0.000000E+0	0.000000E+0
8.503398E+3	9.691000E-5	1.290480E+4	0.000000E+0	0.000000E+0
8.507398E+3	9.691200E-5	1.290470E+4	0.000000E+0	0.000000E+0
8.511394E+3	9.690800E-5	1.290450E+4	0.000000E+0	0.000000E+0
8.515398E+3	9.690700E-5	1.290420E+4	0.000000E+0	0.000000E+0
8.519400E+3	9.690900E-5	1.290360E+4	0.000000E+0	0.000000E+0
8.523396E+3	9.690800E-5	1.290310E+4	0.000000E+0	0.000000E+0
8.527393E+3	9.691100E-5	1.290270E+4	0.000000E+0	0.000000E+0
8.531396E+3	9.690700E-5	1.290220E+4	0.000000E+0	0.000000E+0
8.535396E+3	9.690900E-5	1.290220E+4	0.000000E+0	0.000000E+0
8.539395E+3	9.690900E-5	1.290220E+4	0.000000E+0	0.000000E+0
8.543391E+3	9.690900E-5	1.290240E+4	0.000000E+0	0.000000E+0
8.547391E+3	9.690900E-5	1.290290E+4	0.000000E+0	0.000000E+0
8.551398E+3	9.690600E-5	1.290290E+4	0.000000E+0	0.000000E+0
8.555397E+3	9.691100E-5	1.290290E+4	0.000000E+0	0.000000E+0
8.559393E+3	9.690900E-5	1.290270E+4	0.000000E+0	0.000000E+0
8.563399E+3	9.691200E-5	1.290240E+4	0.000000E+0	0.000000E+0
8.567401E+3	9.691000E-5	1.290220E+4	0.000000E+0	0.000000E+0
8.571397E+3	9.690900E-5	1.290230E+4	0.000000E+0	0.000000E+0
8.575394E+3	9.690800E-5	1.290230E+4	0.000000E+0	0.000000E+0
8.579400E+3	9.691200E-5	1.290220E+4	0.000000E+0	0.000000E+0
8.583396E+3	9.691100E-5	1.290210E+4	0.000000E+0	0.000000E+0
8.587397E+3	9.690700E-5	1.290200E+4	0.000000E+0	0.000000E+0
8.591391E+3	9.690700E-5	1.290180E+4	0.000000E+0	0.000000E+0
8.595397E+3	9.691200E-5	1.290180E+4	0.000000E+0	0.000000E+0
8.599397E+3	9.691300E-5	1.290190E+4	0.000000E+0	0.000000E+0
8.603401E+3	9.690900E-5	1.290190E+4	0.000000E+0	0.000000E+0
8.607394E+3	9.690900E-5	1.290180E+4	0.000000E+0	0.000000E+0
8.611392E+3	9.691100E-5	1.290190E+4	0.000000E+0	0.000000E+0
8.615395E+3	9.690900E-5	1.290180E+4	0.000000E+0	0.000000E+0
8.619404E+3	9.691100E-5	1.290180E+4	0.000000E+0	0.000000E+0
8.623395E+3	9.690800E-5	1.290160E+4	0.000000E+0	0.000000E+0
8.627400E+3	9.691400E-5	1.290130E+4	0.000000E+0	0.000000E+0
8.631393E+3	9.691200E-5	1.290080E+4	0.000000E+0	0.000000E+0
8.635392E+3	9.691000E-5	1.290060E+4	0.000000E+0	0.000000E+0
8.639391E+3	9.690900E-5	1.290040E+4	0.000000E+0	0.000000E+0
8.643396E+3	9.691100E-5	1.290030E+4	0.000000E+0	0.000000E+0
8.647398E+3	9.690900E-5	1.290000E+4	0.000000E+0	0.000000E+0
8.651401E+3	9.691100E-5	1.289950E+4	0.000000E+0	0.000000E+0
8.655394E+3	9.690900E-5	1.289870E+4	0.000000E+0	0.000000E+0
8.659394E+3	9.690800E-5	1.289810E+4	0.000000E+0	0.000000E+0
8.663396E+3	9.691300E-5	1.289790E+4	0.000000E+0	0.000000E+0
8.667397E+3	9.691200E-5	1.289810E+4	0.000000E+0	0.000000E+0
8.671396E+3	9.691100E-5	1.289830E+4	0.000000E+0	0.000000E+0
8.675399E+3	9.691100E-5	1.289860E+4	0.000000E+0	0.000000E+0
8.679397E+3	9.691200E-5	1.289880E+4	0.000000E+0	0.000000E+0
8.683402E+3	9.691200E-5	1.289900E+4	0.000000E+0	0.000000E+0
8.687390E+3	9.691300E-5	1.289890E+4	0.000000E+0	0.000000E+0
8.691398E+3	9.691000E-5	1.289880E+4	0.000000E+0	0.000000E+0
8.695400E+3	9.691100E-5	1.289860E+4	0.000000E+0	0.000000E+0
8.699398E+3	9.691200E-5	1.289840E+4	0.000000E+0	0.000000E+0
8.703393E+3	9.690900E-5	1.289780E+4	0.000000E+0	0.000000E+0
8.707398E+3	9.691200E-5	1.289730E+4	0.000000E+0	0.000000E+0
8.711396E+3	9.691300E-5	1.289720E+4	0.000000E+0	0.000000E+0
8.715393E+3	9.691200E-5	1.289700E+4	0.000000E+0	0.000000E+0
8.719390E+3	9.691200E-5	1.289710E+4	0.000000E+0	0.000000E+0
8.723396E+3	9.691200E-5	1.289710E+4	0.000000E+0	0.000000E+0
8.727396E+3	9.691200E-5	1.289680E+4	0.000000E+0	0.000000E+0
8.731400E+3	9.691200E-5	1.289640E+4	0.000000E+0	0.000000E+0
8.735390E+3	9.691200E-5	1.289610E+4	0.000000E+0	0.000000E+0
8.739398E+3	9.691200E-5	1.289610E+4	0.000000E+0	0.000000E+0
8.743396E+3	9.691000E-5	1.289600E+4	0.000000E+0	0.000000E+0
8.747395E+3	9.691200E-5	1.289590E+4	0.000000E+0	0.000000E+0
8.751393E+3	9.691400E-5	1.289600E+4	0.000000E+0	0.000000E+0
8.755396E+3	9.691200E-5	1.289600E+4	0.000000E+0	0.000000E+0
8.759397E+3	9.691200E-5	1.289590E+4	0.000000E+0	0.000000E+0
8.763400E+3	9.691500E-5	1.289610E+4	0.000000E+0	0.000000E+0
8.767392E+3	9.691400E-5	1.289590E+4	0.000000E+0	0.000000E+0
8.771392E+3	9.691600E-5	1.289560E+4	0.000000E+0	0.000000E+0
8.775397E+3	9.691400E-5	1.289570E+4	0.000000E+0	0.000000E+0
8.779395E+3	9.691300E-5	1.289580E+4	0.000000E+0	0.000000E+0
8.783392E+3	9.691300E-5	1.289580E+4	0.000000E+0	0.000000E+0
8.787395E+3	9.691400E-5	1.289540E+4	0.000000E+0	0.000000E+0
8.791398E+3	9.691200E-5	1.289480E+4	0.000000E+0	0.000000E+0
8.795400E+3	9.691200E-5	1.289430E+4	0.000000E+0	0.000000E+0
8.799392E+3	9.691100E-5	1.289410E+4	0.000000E+0	0.000000E+0
8.803400E+3	9.691300E-5	1.289400E+4	0.000000E+0	0.000000E+0
8.807408E+3	9.691400E-5	1.289380E+4	0.000000E+0	0.000000E+0
8.811396E+3	9.691200E-5	1.289360E+4	0.000000E+0	0.000000E+0
8.815391E+3	9.691300E-5	1.289330E+4	0.000000E+0	0.000000E+0
8.819398E+3	9.691400E-5	1.289350E+4	0.000000E+0	0.000000E+0
8.823401E+3	9.691300E-5	1.289380E+4	0.000000E+0	0.000000E+0
8.827392E+3	9.691500E-5	1.289370E+4	0.000000E+0	0.000000E+0
8.831391E+3	9.691200E-5	1.289370E+4	0.000000E+0	0.000000E+0
8.835397E+3	9.691400E-5	1.289370E+4	0.000000E+0	0.000000E+0
8.839397E+3	9.691300E-5	1.289400E+4	0.000000E+0	0.000000E+0
8.843400E+3	9.691100E-5	1.289440E+4	0.000000E+0	0.000000E+0
8.847393E+3	9.691600E-5	1.289460E+4	0.000000E+0	0.000000E+0
8.851399E+3	9.691400E-5	1.289460E+4	0.000000E+0	0.000000E+0
8.855400E+3	9.691200E-5	1.289460E+4	0.000000E+0	0.000000E+0
8.859402E+3	9.691400E-5	1.289450E+4	0.000000E+0	0.000000E+0
8.863391E+3	9.691200E-5	1.289460E+4	0.000000E+0	0.000000E+0
8.867397E+3	9.691400E-5	1.289460E+4	0.000000E+0	0.000000E+0
8.871402E+3	9.691200E-5	1.289440E+4	0.000000E+0	0.000000E+0
8.875398E+3	9.691400E-5	1.289420E+4	0.000000E+0	0.000000E+0
8.879394E+3	9.691400E-5	1.289420E+4	0.000000E+0	0.000000E+0
8.883390E+3	9.691400E-5	1.289400E+4	0.000000E+0	0.000000E+0
8.887403E+3	9.691400E-5	1.289400E+4	0.000000E+0	0.000000E+0
8.891400E+3	9.691500E-5	1.289360E+4	0.000000E+0	0.000000E+0
8.895393E+3	9.691400E-5	1.289320E+4	0.000000E+0	0.000000E+0
8.899398E+3	9.691400E-5	1.289280E+4	0.000000E+0	0.000000E+0
8.903398E+3	9.691400E-5	1.289270E+4	0.000000E+0	0.000000E+0
8.907397E+3	9.691300E-5	1.289280E+4	0.000000E+0	0.000000E+0
8.911395E+3	9.691600E-5	1.289280E+4	0.000000E+0	0.000000E+0
8.915398E+3	9.691400E-5	1.289270E+4	0.000000E+0	0.000000E+0
8.919399E+3	9.691400E-5	1.289260E+4	0.000000E+0	0.000000E+0
8.923401E+3	9.691300E-5	1.289270E+4	0.000000E+0	0.000000E+0
8.927390E+3	9.691600E-5	1.289270E+4	0.000000E+0	0.000000E+0
8.931397E+3	9.691500E-5	1.289290E+4	0.000000E+0	0.000000E+0
8.935396E+3	9.691400E-5	1.289320E+4	0.000000E+0	0.000000E+0
8.939397E+3	9.691600E-5	1.289350E+4	0.000000E+0	0.000000E+0
8.943389E+3	9.691500E-5	1.289360E+4	0.000000E+0	0.000000E+0
8.947397E+3	9.691600E-5	1.289380E+4	0.000000E+0	0.000000E+0
8.951397E+3	9.691600E-5	1.289390E+4	0.000000E+0	0.000000E+0
8.955395E+3	9.691500E-5	1.289380E+4	0.000000E+0	0.000000E+0
8.959395E+3	9.691400E-5	1.289360E+4	0.000000E+0	0.000000E+0
8.963394E+3	9.691400E-5	1.289360E+4	0.000000E+0	0.000000E+0
8.967397E+3	9.691800E-5	1.289360E+4	0.000000E+0	0.000000E+0
8.971400E+3	9.691700E-5	1.289340E+4	0.000000E+0	0.000000E+0
8.975394E+3	9.691900E-5	1.289300E+4	0.000000E+0	0.000000E+0
8.979395E+3	9.691900E-5	1.289280E+4	0.000000E+0	0.000000E+0
8.983398E+3	9.691800E-5	1.289250E+4	0.000000E+0	0.000000E+0
8.987400E+3	9.691600E-5	1.289230E+4	0.000000E+0	0.000000E+0
8.991392E+3	9.691700E-5	1.289230E+4	0.000000E+0	0.000000E+0
8.995398E+3	9.691600E-5	1.289220E+4	0.000000E+0	0.000000E+0
8.999396E+3	9.691700E-5	1.289210E+4	0.000000E+0	0.000000E+0
9.003396E+3	9.691600E-5	1.289210E+4	0.000000E+0	0.000000E+0
9.007393E+3	9.691600E-5	1.289220E+4	0.000000E+0	0.000000E+0
9.011396E+3	9.691900E-5	1.289230E+4	0.000000E+0	0.000000E+0
9.015399E+3	9.691700E-5	1.289230E+4	0.000000E+0	0.000000E+0
9.019398E+3	9.691800E-5	1.289220E+4	0.000000E+0	0.000000E+0
9.023391E+3	9.691800E-5	1.289130E+4	0.000000E+0	0.000000E+0
9.027393E+3	9.691800E-5	1.289070E+4	0.000000E+0	0.000000E+0
9.031399E+3	9.691700E-5	1.289030E+4	0.000000E+0	0.000000E+0
9.035403E+3	9.691700E-5	1.289000E+4	0.000000E+0	0.000000E+0
9.039396E+3	9.691900E-5	1.289010E+4	0.000000E+0	0.000000E+0
9.043396E+3	9.692000E-5	1.289010E+4	0.000000E+0	0.000000E+0
9.047399E+3	9.692000E-5	1.289020E+4	0.000000E+0	0.000000E+0
9.051399E+3	9.691900E-5	1.289040E+4	0.000000E+0	0.000000E+0
9.055394E+3	9.692000E-5	1.289050E+4	0.000000E+0	0.000000E+0
9.059394E+3	9.692100E-5	1.289050E+4	0.000000E+0	0.000000E+0
9.063398E+3	9.691900E-5	1.289050E+4	0.000000E+0	0.000000E+0
9.067399E+3	9.692000E-5	1.289050E+4	0.000000E+0	0.000000E+0
9.071393E+3	9.691800E-5	1.289060E+4	0.000000E+0	0.000000E+0
9.075395E+3	9.691900E-5	1.289070E+4	0.000000E+0	0.000000E+0
9.079398E+3	9.691800E-5	1.289070E+4	0.000000E+0	0.000000E+0
9.083398E+3	9.691800E-5	1.289070E+4	0.000000E+0	0.000000E+0
9.087390E+3	9.692100E-5	1.289070E+4	0.000000E+0	0.000000E+0
9.091395E+3	9.692000E-5	1.289070E+4	0.000000E+0	0.000000E+0
9.095399E+3	9.691600E-5	1.289090E+4	0.000000E+0	0.000000E+0
9.099399E+3	9.691700E-5	1.289100E+4	0.000000E+0	0.000000E+0
9.103393E+3	9.692000E-5	1.289080E+4	0.000000E+0	0.000000E+0
9.107391E+3	9.691900E-5	1.289070E+4	0.000000E+0	0.000000E+0
9.111399E+3	9.692200E-5	1.289010E+4	0.000000E+0	0.000000E+0
9.115401E+3	9.691900E-5	1.288960E+4	0.000000E+0	0.000000E+0
9.119396E+3	9.691800E-5	1.288900E+4	0.000000E+0	0.000000E+0
9.123394E+3	9.691900E-5	1.288860E+4	0.000000E+0	0.000000E+0
9.127397E+3	9.692200E-5	1.288830E+4	0.000000E+0	0.000000E+0
9.131397E+3	9.692100E-5	1.288830E+4	0.000000E+0	0.000000E+0
9.135390E+3	9.692300E-5	1.288830E+4	0.000000E+0	0.000000E+0
9.139395E+3	9.692100E-5	1.288830E+4	0.000000E+0	0.000000E+0
9.143394E+3	9.691900E-5	1.288840E+4	0.000000E+0	0.000000E+0
9.147397E+3	9.692100E-5	1.288850E+4	0.000000E+0	0.000000E+0
9.151394E+3	9.692000E-5	1.288850E+4	0.000000E+0	0.000000E+0
9.155400E+3	9.692200E-5	1.288850E+4	0.000000E+0	0.000000E+0
9.159398E+3	9.692300E-5	1.288840E+4	0.000000E+0	0.000000E+0
9.163397E+3	9.692100E-5	1.288820E+4	0.000000E+0	0.000000E+0
9.167394E+3	9.692000E-5	1.288800E+4	0.000000E+0	0.000000E+0
9.171398E+3	9.692000E-5	1.288790E+4	0.000000E+0	0.000000E+0
9.175400E+3	9.691800E-5	1.288780E+4	0.000000E+0	0.000000E+0
9.179401E+3	9.692000E-5	1.288740E+4	0.000000E+0	0.000000E+0
9.183391E+3	9.692100E-5	1.288680E+4	0.000000E+0	0.000000E+0
9.187395E+3	9.692000E-5	1.288650E+4	0.000000E+0	0.000000E+0
9.191394E+3	9.692100E-5	1.288610E+4	0.000000E+0	0.000000E+0
9.195396E+3	9.692100E-5	1.288570E+4	0.000000E+0	0.000000E+0
9.199391E+3	9.692200E-5	1.288540E+4	0.000000E+0	0.000000E+0
9.203396E+3	9.692000E-5	1.288500E+4	0.000000E+0	0.000000E+0
9.207401E+3	9.692000E-5	1.288470E+4	0.000000E+0	0.000000E+0
9.211401E+3	9.692000E-5	1.288470E+4	0.000000E+0	0.000000E+0
9.215394E+3	9.692100E-5	1.288490E+4	0.000000E+0	0.000000E+0
9.219396E+3	9.692000E-5	1.288520E+4	0.000000E+0	0.000000E+0
9.223402E+3	9.692100E-5	1.288560E+4	0.000000E+0	0.000000E+0
9.227397E+3	9.691900E-5	1.288580E+4	0.000000E+0	0.000000E+0
9.231392E+3	9.691900E-5	1.288600E+4	0.000000E+0	0.000000E+0
9.235395E+3	9.692100E-5	1.288600E+4	0.000000E+0	0.000000E+0
9.239395E+3	9.692200E-5	1.288600E+4	0.000000E+0	0.000000E+0
9.243394E+3	9.692000E-5	1.288610E+4	0.000000E+0	0.000000E+0
9.247395E+3	9.692300E-5	1.288610E+4	0.000000E+0	0.000000E+0
9.251397E+3	9.692000E-5	1.288580E+4	0.000000E+0	0.000000E+0
9.255397E+3	9.692500E-5	1.288530E+4	0.000000E+0	0.000000E+0
9.259403E+3	9.692200E-5	1.288480E+4	0.000000E+0	0.000000E+0
9.263390E+3	9.692200E-5	1.288450E+4	0.000000E+0	0.000000E+0
9.267398E+3	9.692100E-5	1.288400E+4	0.000000E+0	0.000000E+0
9.271396E+3	9.692400E-5	1.288390E+4	0.000000E+0	0.000000E+0
9.275399E+3	9.692100E-5	1.288390E+4	0.000000E+0	0.000000E+0
9.279396E+3	9.692200E-5	1.288400E+4	0.000000E+0	0.000000E+0
9.283395E+3	9.692200E-5	1.288430E+4	0.000000E+0	0.000000E+0
9.287401E+3	9.692200E-5	1.288460E+4	0.000000E+0	0.000000E+0
9.291399E+3	9.692300E-5	1.288480E+4	0.000000E+0	0.000000E+0
9.295393E+3	9.692200E-5	1.288500E+4	0.000000E+0	0.000000E+0
9.299397E+3	9.692200E-5	1.288520E+4	0.000000E+0	0.000000E+0
9.303401E+3	9.692400E-5	1.288530E+4	0.000000E+0	0.000000E+0
9.307396E+3	9.692400E-5	1.288510E+4	0.000000E+0	0.000000E+0
9.311391E+3	9.692400E-5	1.288490E+4	0.000000E+0	0.000000E+0
9.315394E+3	9.692400E-5	1.288450E+4	0.000000E+0	0.000000E+0
9.319395E+3	9.692100E-5	1.288410E+4	0.000000E+0	0.000000E+0
9.323403E+3	9.692200E-5	1.288400E+4	0.000000E+0	0.000000E+0
9.327395E+3	9.692500E-5	1.288400E+4	0.000000E+0	0.000000E+0
9.331394E+3	9.692300E-5	1.288410E+4	0.000000E+0	0.000000E+0
9.335398E+3	9.692300E-5	1.288410E+4	0.000000E+0	0.000000E+0
9.339400E+3	9.692300E-5	1.288400E+4	0.000000E+0	0.000000E+0
9.343393E+3	9.692500E-5	1.288390E+4	0.000000E+0	0.000000E+0
9.347396E+3	9.692200E-5	1.288390E+4	0.000000E+0	0.000000E+0
9.351393E+3	9.692400E-5	1.288360E+4	0.000000E+0	0.000000E+0
9.355397E+3	9.692400E-5	1.288340E+4	0.000000E+0	0.000000E+0
9.359393E+3	9.692400E-5	1.288300E+4	0.000000E+0	0.000000E+0
9.363392E+3	9.692600E-5	1.288260E+4	0.000000E+0	0.000000E+0
9.367399E+3	9.692300E-5	1.288230E+4	0.000000E+0	0.000000E+0
9.371402E+3	9.692300E-5	1.288200E+4	0.000000E+0	0.000000E+0
9.375393E+3	9.692400E-5	1.288190E+4	0.000000E+0	0.000000E+0
9.379394E+3	9.692300E-5	1.288180E+4	0.000000E+0	0.000000E+0
9.383394E+3	9.692200E-5	1.288210E+4	0.000000E+0	0.000000E+0
9.387401E+3	9.692500E-5	1.288230E+4	0.000000E+0	0.000000E+0
9.391394E+3	9.692200E-5	1.288260E+4	0.000000E+0	0.000000E+0
9.395394E+3	9.692400E-5	1.288300E+4	0.000000E+0	0.000000E+0
9.399396E+3	9.692400E-5	1.288330E+4	0.000000E+0	0.000000E+0
9.403398E+3	9.692400E-5	1.288350E+4	0.000000E+0	0.000000E+0
9.407391E+3	9.692300E-5	1.288370E+4	0.000000E+0	0.000000E+0
9.411395E+3	9.692400E-5	1.288370E+4	0.000000E+0	0.000000E+0
9.415402E+3	9.692400E-5	1.288360E+4	0.000000E+0	0.000000E+0
9.419395E+3	9.692500E-5	1.288330E+4	0.000000E+0	0.000000E+0
9.423394E+3	9.692600E-5	1.288270E+4	0.000000E+0	0.000000E+0
9.427392E+3	9.692200E-5	1.288220E+4	0.000000E+0	0.000000E+0
9.431395E+3	9.692300E-5	1.288190E+4	0.000000E+0	0.000000E+0
9.435397E+3	9.692400E-5	1.288190E+4	0.000000E+0	0.000000E+0
9.439395E+3	9.692300E-5	1.288200E+4	0.000000E+0	0.000000E+0
9.443392E+3	9.692200E-5	1.288210E+4	0.000000E+0	0.000000E+0
9.447400E+3	9.692300E-5	1.288220E+4	0.000000E+0	0.000000E+0
9.451403E+3	9.692200E-5	1.288210E+4	0.000000E+0	0.000000E+0
9.455392E+3	9.692400E-5	1.288230E+4	0.000000E+0	0.000000E+0
9.459399E+3	9.692500E-5	1.288210E+4	0.000000E+0	0.000000E+0
9.463396E+3	9.692300E-5	1.288190E+4	0.000000E+0	0.000000E+0
9.467392E+3	9.692200E-5	1.288160E+4	0.000000E+0	0.000000E+0
9.471391E+3	9.692500E-5	1.288150E+4	0.000000E+0	0.000000E+0
9.475394E+3	9.692500E-5	1.288140E+4	0.000000E+0	0.000000E+0
9.479396E+3	9.692600E-5	1.288130E+4	0.000000E+0	0.000000E+0
9.483397E+3	9.692700E-5	1.288120E+4	0.000000E+0	0.000000E+0
9.487396E+3	9.692600E-5	1.288110E+4	0.000000E+0	0.000000E+0
9.491392E+3	9.692600E-5	1.288080E+4	0.000000E+0	0.000000E+0
9.495399E+3	9.692900E-5	1.288070E+4	0.000000E+0	0.000000E+0
9.499400E+3	9.692800E-5	1.288040E+4	0.000000E+0	0.000000E+0
9.503391E+3	9.692400E-5	1.288040E+4	0.000000E+0	0.000000E+0
9.507395E+3	9.692700E-5	1.288020E+4	0.000000E+0	0.000000E+0
9.511402E+3	9.692800E-5	1.288020E+4	0.000000E+0	0.000000E+0
9.515399E+3	9.692700E-5	1.288020E+4	0.000000E+0	0.000000E+0
9.519392E+3	9.692500E-5	1.288000E+4	0.000000E+0	0.000000E+0
9.523400E+3	9.692600E-5	1.288010E+4	0.000000E+0	0.000000E+0
9.527401E+3	9.692800E-5	1.288000E+4	0.000000E+0	0.000000E+0
9.531404E+3	9.692600E-5	1.287980E+4	0.000000E+0	0.000000E+0
9.535395E+3	9.692700E-5	1.287950E+4	0.000000E+0	0.000000E+0
9.539393E+3	9.692700E-5	1.287920E+4	0.000000E+0	0.000000E+0
9.543396E+3	9.692400E-5	1.287870E+4	0.000000E+0	0.000000E+0
9.547396E+3	9.692700E-5	1.287840E+4	0.000000E+0	0.000000E+0
9.551398E+3	9.692700E-5	1.287820E+4	0.000000E+0	0.000000E+0
9.555396E+3	9.692600E-5	1.287790E+4	0.000000E+0	0.000000E+0
9.559401E+3	9.692600E-5	1.287750E+4	0.000000E+0	0.000000E+0
9.563398E+3	9.692500E-5	1.287730E+4	0.000000E+0	0.000000E+0
9.567394E+3	9.692400E-5	1.287720E+4	0.000000E+0	0.000000E+0
9.571393E+3	9.692700E-5	1.287720E+4	0.000000E+0	0.000000E+0
9.575399E+3	9.692600E-5	1.287730E+4	0.000000E+0	0.000000E+0
9.579395E+3	9.692700E-5	1.287740E+4	0.000000E+0	0.000000E+0
9.583394E+3	9.692800E-5	1.287750E+4	0.000000E+0	0.000000E+0
9.587396E+3	9.692700E-5	1.287760E+4	0.000000E+0	0.000000E+0
9.591394E+3	9.692400E-5	1.287780E+4	0.000000E+0	0.000000E+0
9.595397E+3	9.692700E-5	1.287780E+4	0.000000E+0	0.000000E+0
9.599391E+3	9.692600E-5	1.287780E+4	0.000000E+0	0.000000E+0
9.603398E+3	9.692600E-5	1.287790E+4	0.000000E+0	0.000000E+0
9.607402E+3	9.692700E-5	1.287790E+4	0.000000E+0	0.000000E+0
9.611398E+3	9.692800E-5	1.287800E+4	0.000000E+0	0.000000E+0
9.615392E+3	9.692900E-5	1.287790E+4	0.000000E+0	0.000000E+0
9.619395E+3	9.692900E-5	1.287800E+4	0.000000E+0	0.000000E+0
9.623395E+3	9.692600E-5	1.287830E+4	0.000000E+0	0.000000E+0
9.627396E+3	9.692900E-5	1.287840E+4	0.000000E+0	0.000000E+0
9.631393E+3	9.693200E-5	1.287850E+4	0.000000E+0	0.000000E+0
9.635393E+3	9.692800E-5	1.287870E+4	0.000000E+0	0.000000E+0
9.639400E+3	9.692900E-5	1.287860E+4	0.000000E+0	0.000000E+0
9.643394E+3	9.692900E-5	1.287830E+4	0.000000E+0	0.000000E+0
9.647393E+3	9.693000E-5	1.287810E+4	0.000000E+0	0.000000E+0
9.651396E+3	9.693000E-5	1.287780E+4	0.000000E+0	0.000000E+0
9.655396E+3	9.693100E-5	1.287790E+4	0.000000E+0	0.000000E+0
9.659397E+3	9.692800E-5	1.287770E+4	0.000000E+0	0.000000E+0
9.663394E+3	9.693000E-5	1.287740E+4	0.000000E+0	0.000000E+0
9.667394E+3	9.692700E-5	1.287710E+4	0.000000E+0	0.000000E+0
9.671399E+3	9.693200E-5	1.287690E+4	0.000000E+0	0.000000E+0
9.675400E+3	9.692900E-5	1.287720E+4	0.000000E+0	0.000000E+0
9.679394E+3	9.693100E-5	1.287730E+4	0.000000E+0	0.000000E+0
9.683392E+3	9.693100E-5	1.287750E+4	0.000000E+0	0.000000E+0
9.687391E+3	9.692500E-5	1.287780E+4	0.000000E+0	0.000000E+0
9.691401E+3	9.693200E-5	1.287820E+4	0.000000E+0	0.000000E+0
9.695394E+3	9.692900E-5	1.287840E+4	0.000000E+0	0.000000E+0
9.699397E+3	9.692800E-5	1.287840E+4	0.000000E+0	0.000000E+0
9.703398E+3	9.692900E-5	1.287850E+4	0.000000E+0	0.000000E+0
9.707400E+3	9.692900E-5	1.287840E+4	0.000000E+0	0.000000E+0
9.711392E+3	9.693000E-5	1.287850E+4	0.000000E+0	0.000000E+0
9.715397E+3	9.693000E-5	1.287850E+4	0.000000E+0	0.000000E+0
9.719400E+3	9.692900E-5	1.287860E+4	0.000000E+0	0.000000E+0
9.723397E+3	9.692900E-5	1.287850E+4	0.000000E+0	0.000000E+0
9.727395E+3	9.693000E-5	1.287840E+4	0.000000E+0	0.000000E+0
9.731398E+3	9.692800E-5	1.287830E+4	0.000000E+0	0.000000E+0
9.735399E+3	9.692900E-5	1.287820E+4	0.000000E+0	0.000000E+0
9.739399E+3	9.692900E-5	1.287830E+4	0.000000E+0	0.000000E+0
9.743394E+3	9.692900E-5	1.287830E+4	0.000000E+0	0.000000E+0
9.747401E+3	9.692900E-5	1.287810E+4	0.000000E+0	0.000000E+0
9.751401E+3	9.693000E-5	1.287810E+4	0.000000E+0	0.000000E+0
9.755405E+3	9.693000E-5	1.287780E+4	0.000000E+0	0.000000E+0
9.759389E+3	9.692900E-5	1.287760E+4	0.000000E+0	0.000000E+0
9.763396E+3	9.693000E-5	1.287750E+4	0.000000E+0	0.000000E+0
9.767402E+3	9.693200E-5	1.287730E+4	0.000000E+0	0.000000E+0
9.771398E+3	9.693100E-5	1.287710E+4	0.000000E+0	0.000000E+0
9.775394E+3	9.693200E-5	1.287680E+4	0.000000E+0	0.000000E+0
9.779400E+3	9.692900E-5	1.287680E+4	0.000000E+0	0.000000E+0
9.783400E+3	9.692800E-5	1.287680E+4	0.000000E+0	0.000000E+0
9.787402E+3	9.693000E-5	1.287700E+4	0.000000E+0	0.000000E+0
9.791395E+3	9.692900E-5	1.287710E+4	0.000000E+0	0.000000E+0
9.795400E+3	9.692700E-5	1.287740E+4	0.000000E+0	0.000000E+0
9.799402E+3	9.693200E-5	1.287780E+4	0.000000E+0	0.000000E+0
9.803398E+3	9.692800E-5	1.287810E+4	0.000000E+0	0.000000E+0
9.807395E+3	9.692900E-5	1.287830E+4	0.000000E+0	0.000000E+0
9.811395E+3	9.693100E-5	1.287840E+4	0.000000E+0	0.000000E+0
9.815398E+3	9.692900E-5	1.287830E+4	0.000000E+0	0.000000E+0
9.819397E+3	9.693000E-5	1.287810E+4	0.000000E+0	0.000000E+0
9.823390E+3	9.692900E-5	1.287790E+4	0.000000E+0	0.000000E+0
9.827396E+3	9.693200E-5	1.287780E+4	0.000000E+0	0.000000E+0
9.831396E+3	9.692900E-5	1.287750E+4	0.000000E+0	0.000000E+0
9.835396E+3	9.692700E-5	1.287710E+4	0.000000E+0	0.000000E+0
9.839396E+3	9.692900E-5	1.287700E+4	0.000000E+0	0.000000E+0
9.843394E+3	9.693000E-5	1.287690E+4	0.000000E+0	0.000000E+0
9.847399E+3	9.693000E-5	1.287700E+4	0.000000E+0	0.000000E+0
9.851402E+3	9.692800E-5	1.287690E+4	0.000000E+0	0.000000E+0
9.855396E+3	9.692900E-5	1.287690E+4	0.000000E+0	0.000000E+0
9.859394E+3	9.693000E-5	1.287690E+4	0.000000E+0	0.000000E+0
9.863399E+3	9.693100E-5	1.287690E+4	0.000000E+0	0.000000E+0
9.867402E+3	9.693200E-5	1.287690E+4	0.000000E+0	0.000000E+0
9.871391E+3	9.692900E-5	1.287690E+4	0.000000E+0	0.000000E+0
9.875400E+3	9.693100E-5	1.287680E+4	0.000000E+0	0.000000E+0
9.879400E+3	9.692800E-5	1.287680E+4	0.000000E+0	0.000000E+0
9.883402E+3	9.693100E-5	1.287690E+4	0.000000E+0	0.000000E+0
9.887394E+3	9.692900E-5	1.287660E+4	0.000000E+0	0.000000E+0
9.891392E+3	9.692800E-5	1.287650E+4	0.000000E+0	0.000000E+0
9.895400E+3	9.693200E-5	1.287630E+4	0.000000E+0	0.000000E+0
9.899402E+3	9.692900E-5	1.287630E+4	0.000000E+0	0.000000E+0
9.903393E+3	9.693100E-5	1.287610E+4	0.000000E+0	0.000000E+0
9.907395E+3	9.693000E-5	1.287600E+4	0.000000E+0	0.000000E+0
9.911395E+3	9.693100E-5	1.287610E+4	0.000000E+0	0.000000E+0
9.915395E+3	9.693200E-5	1.287620E+4	0.000000E+0	0.000000E+0
9.919396E+3	9.693000E-5	1.287620E+4	0.000000E+0	0.000000E+0
9.923399E+3	9.693400E-5	1.287610E+4	0.000000E+0	0.000000E+0
9.927398E+3	9.693100E-5	1.287640E+4	0.000000E+0	0.000000E+0
9.931399E+3	9.693300E-5	1.287650E+4	0.000000E+0	0.000000E+0
9.935394E+3	9.693200E-5	1.287650E+4	0.000000E+0	0.000000E+0
9.939394E+3	9.693200E-5	1.287640E+4	0.000000E+0	0.000000E+0
9.943396E+3	9.693100E-5	1.287650E+4	0.000000E+0	0.000000E+0
9.947399E+3	9.693200E-5	1.287630E+4	0.000000E+0	0.000000E+0
9.951391E+3	9.693000E-5	1.287610E+4	0.000000E+0	0.000000E+0
9.955396E+3	9.693100E-5	1.287590E+4	0.000000E+0	0.000000E+0
9.959402E+3	9.693200E-5	1.287570E+4	0.000000E+0	0.000000E+0
9.963400E+3	9.693300E-5	1.287560E+4	0.000000E+0	0.000000E+0
9.967395E+3	9.693400E-5	1.287530E+4	0.000000E+0	0.000000E+0
9.971395E+3	9.693400E-5	1.287530E+4	0.000000E+0	0.000000E+0
9.975395E+3	9.693600E-5	1.287520E+4	0.000000E+0	0.000000E+0
9.979404E+3	9.693100E-5	1.287520E+4	0.000000E+0	0.000000E+0
9.983392E+3	9.693400E-5	1.287490E+4	0.000000E+0	0.000000E+0
9.987398E+3	9.693500E-5	1.287450E+4	0.000000E+0	0.000000E+0
9.991398E+3	9.693500E-5	1.287410E+4	0.000000E+0	0.000000E+0
9.995401E+3	9.693700E-5	1.287380E+4	0.000000E+0	0.000000E+0
9.999393E+3	9.693700E-5	1.287360E+4	0.000000E+0	0.000000E+0
1.000339E+4	9.693600E-5	1.287350E+4	0.000000E+0	0.000000E+0
1.000740E+4	9.693500E-5	1.287360E+4	0.000000E+0	0.000000E+0
1.001140E+4	9.694100E-5	1.287350E+4	0.000000E+0	0.000000E+0
1.001539E+4	9.693500E-5	1.287310E+4	0.000000E+0	0.000000E+0
1.001939E+4	9.693300E-5	1.287330E+4	0.000000E+0	0.000000E+0
1.002340E+4	9.693700E-5	1.287350E+4	0.000000E+0	0.000000E+0
1.002740E+4	9.693300E-5	1.287370E+4	0.000000E+0	0.000000E+0
1.003139E+4	9.693600E-5	1.287390E+4	0.000000E+0	0.000000E+0
1.003540E+4	9.693600E-5	1.287400E+4	0.000000E+0	0.000000E+0
1.003940E+4	9.693800E-5	1.287380E+4	0.000000E+0	0.000000E+0
1.004340E+4	9.693000E-5	1.287310E+4	0.000000E+0	0.000000E+0
1.004739E+4	9.693500E-5	1.287280E+4	0.000000E+0	0.000000E+0
1.005140E+4	9.693900E-5	1.287280E+4	0.000000E+0	0.000000E+0
1.005540E+4	9.693900E-5	1.287260E+4	0.000000E+0	0.000000E+0
1.005939E+4	9.693500E-5	1.287240E+4	0.000000E+0	0.000000E+0
1.006339E+4	9.693900E-5	1.287210E+4	0.000000E+0	0.000000E+0
1.006740E+4	9.693800E-5	1.287200E+4	0.000000E+0	0.000000E+0
1.007140E+4	9.693800E-5	1.287170E+4	0.000000E+0	0.000000E+0
1.007540E+4	9.693900E-5	1.287160E+4	0.000000E+0	0.000000E+0
1.007939E+4	9.694000E-5	1.287150E+4	0.000000E+0	0.000000E+0
1.008340E+4	9.694000E-5	1.287150E+4	0.000000E+0	0.000000E+0
1.008740E+4	9.694200E-5	1.287160E+4	0.000000E+0	0.000000E+0
1.009140E+4	9.694200E-5	1.287160E+4	0.000000E+0	0.000000E+0
1.009539E+4	9.694200E-5	1.287140E+4	0.000000E+0	0.000000E+0
1.009939E+4	9.694000E-5	1.287120E+4	0.000000E+0	0.000000E+0
1.010339E+4	9.694100E-5	1.287120E+4	0.000000E+0	0.000000E+0
1.010740E+4	9.694100E-5	1.287090E+4	0.000000E+0	0.000000E+0
1.011139E+4	9.694000E-5	1.287080E+4	0.000000E+0	0.000000E+0
1.011540E+4	9.693800E-5	1.287050E+4	0.000000E+0	0.000000E+0
1.011940E+4	9.693800E-5	1.287030E+4	0.000000E+0	0.000000E+0
1.012340E+4	9.693900E-5	1.287020E+4	0.000000E+0	0.000000E+0
1.012740E+4	9.694100E-5	1.287020E+4	0.000000E+0	0.000000E+0
1.013140E+4	9.694100E-5	1.286990E+4	0.000000E+0	0.000000E+0
1.013540E+4	9.694100E-5	1.286960E+4	0.000000E+0	0.000000E+0
1.013940E+4	9.694300E-5	1.286960E+4	0.000000E+0	0.000000E+0
1.014340E+4	9.694200E-5	1.286970E+4	0.000000E+0	0.000000E+0
1.014739E+4	9.694100E-5	1.286970E+4	0.000000E+0	0.000000E+0
1.015140E+4	9.694000E-5	1.287000E+4	0.000000E+0	0.000000E+0
1.015540E+4	9.694100E-5	1.287020E+4	0.000000E+0	0.000000E+0
1.015939E+4	9.694100E-5	1.287030E+4	0.000000E+0	0.000000E+0
1.016339E+4	9.694200E-5	1.287030E+4	0.000000E+0	0.000000E+0
1.016740E+4	9.693900E-5	1.287030E+4	0.000000E+0	0.000000E+0
1.017140E+4	9.693800E-5	1.287050E+4	0.000000E+0	0.000000E+0
1.017539E+4	9.694400E-5	1.287060E+4	0.000000E+0	0.000000E+0
1.017940E+4	9.694300E-5	1.287060E+4	0.000000E+0	0.000000E+0
1.018340E+4	9.694300E-5	1.287040E+4	0.000000E+0	0.000000E+0
1.018740E+4	9.694100E-5	1.287020E+4	0.000000E+0	0.000000E+0
1.019140E+4	9.694100E-5	1.287020E+4	0.000000E+0	0.000000E+0
1.019540E+4	9.694300E-5	1.287010E+4	0.000000E+0	0.000000E+0
1.019940E+4	9.694000E-5	1.287000E+4	0.000000E+0	0.000000E+0
1.020340E+4	9.694400E-5	1.286990E+4	0.000000E+0	0.000000E+0
1.020740E+4	9.694400E-5	1.286960E+4	0.000000E+0	0.000000E+0
1.021140E+4	9.693800E-5	1.286930E+4	0.000000E+0	0.000000E+0
1.021540E+4	9.694400E-5	1.286890E+4	0.000000E+0	0.000000E+0
1.021940E+4	9.694100E-5	1.286850E+4	0.000000E+0	0.000000E+0
1.022339E+4	9.694100E-5	1.286840E+4	0.000000E+0	0.000000E+0
1.022740E+4	9.694100E-5	1.286860E+4	0.000000E+0	0.000000E+0
1.023140E+4	9.694300E-5	1.286870E+4	0.000000E+0	0.000000E+0
1.023540E+4	9.694400E-5	1.286880E+4	0.000000E+0	0.000000E+0
1.023939E+4	9.694200E-5	1.286880E+4	0.000000E+0	0.000000E+0
1.024340E+4	9.694300E-5	1.286870E+4	0.000000E+0	0.000000E+0
1.024740E+4	9.694400E-5	1.286870E+4	0.000000E+0	0.000000E+0
1.025140E+4	9.694200E-5	1.286870E+4	0.000000E+0	0.000000E+0
1.025539E+4	9.693900E-5	1.286870E+4	0.000000E+0	0.000000E+0
1.025940E+4	9.694200E-5	1.286860E+4	0.000000E+0	0.000000E+0
1.026340E+4	9.694300E-5	1.286830E+4	0.000000E+0	0.000000E+0
1.026740E+4	9.694000E-5	1.286820E+4	0.000000E+0	0.000000E+0
1.027139E+4	9.694100E-5	1.286830E+4	0.000000E+0	0.000000E+0
1.027540E+4	9.694100E-5	1.286850E+4	0.000000E+0	0.000000E+0
1.027940E+4	9.694300E-5	1.286860E+4	0.000000E+0	0.000000E+0
1.028340E+4	9.694400E-5	1.286860E+4	0.000000E+0	0.000000E+0
1.028739E+4	9.694100E-5	1.286840E+4	0.000000E+0	0.000000E+0
1.029140E+4	9.694200E-5	1.286830E+4	0.000000E+0	0.000000E+0
1.029540E+4	9.694000E-5	1.286830E+4	0.000000E+0	0.000000E+0
1.029939E+4	9.694100E-5	1.286820E+4	0.000000E+0	0.000000E+0
1.030339E+4	9.694400E-5	1.286830E+4	0.000000E+0	0.000000E+0
1.030739E+4	9.694200E-5	1.286820E+4	0.000000E+0	0.000000E+0
1.031140E+4	9.694400E-5	1.286820E+4	0.000000E+0	0.000000E+0
1.031540E+4	9.694400E-5	1.286810E+4	0.000000E+0	0.000000E+0
1.031939E+4	9.694200E-5	1.286780E+4	0.000000E+0	0.000000E+0
1.032340E+4	9.694200E-5	1.286770E+4	0.000000E+0	0.000000E+0
1.032740E+4	9.694400E-5	1.286760E+4	0.000000E+0	0.000000E+0
1.033140E+4	9.694700E-5	1.286740E+4	0.000000E+0	0.000000E+0
1.033539E+4	9.694300E-5	1.286710E+4	0.000000E+0	0.000000E+0
1.033939E+4	9.694500E-5	1.286680E+4	0.000000E+0	0.000000E+0
1.034340E+4	9.694400E-5	1.286660E+4	0.000000E+0	0.000000E+0
1.034740E+4	9.694400E-5	1.286630E+4	0.000000E+0	0.000000E+0
1.035139E+4	9.694500E-5	1.286580E+4	0.000000E+0	0.000000E+0
1.035540E+4	9.694200E-5	1.286580E+4	0.000000E+0	0.000000E+0
1.035940E+4	9.694500E-5	1.286580E+4	0.000000E+0	0.000000E+0
1.036340E+4	9.694100E-5	1.286550E+4	0.000000E+0	0.000000E+0
1.036739E+4	9.694400E-5	1.286540E+4	0.000000E+0	0.000000E+0
1.037140E+4	9.694400E-5	1.286540E+4	0.000000E+0	0.000000E+0
1.037540E+4	9.694200E-5	1.286550E+4	0.000000E+0	0.000000E+0
1.037940E+4	9.694400E-5	1.286560E+4	0.000000E+0	0.000000E+0
1.038339E+4	9.694100E-5	1.286580E+4	0.000000E+0	0.000000E+0
1.038740E+4	9.694300E-5	1.286590E+4	0.000000E+0	0.000000E+0
1.039140E+4	9.694500E-5	1.286590E+4	0.000000E+0	0.000000E+0
1.039540E+4	9.694400E-5	1.286590E+4	0.000000E+0	0.000000E+0
1.039939E+4	9.694400E-5	1.286610E+4	0.000000E+0	0.000000E+0
1.040340E+4	9.694600E-5	1.286600E+4	0.000000E+0	0.000000E+0
1.040740E+4	9.694200E-5	1.286590E+4	0.000000E+0	0.000000E+0
1.041140E+4	9.694700E-5	1.286600E+4	0.000000E+0	0.000000E+0
1.041539E+4	9.694100E-5	1.286580E+4	0.000000E+0	0.000000E+0
1.041940E+4	9.694400E-5	1.286560E+4	0.000000E+0	0.000000E+0
1.042340E+4	9.694300E-5	1.286560E+4	0.000000E+0	0.000000E+0
1.042740E+4	9.694400E-5	1.286570E+4	0.000000E+0	0.000000E+0
1.043139E+4	9.694700E-5	1.286580E+4	0.000000E+0	0.000000E+0
1.043540E+4	9.694400E-5	1.286580E+4	0.000000E+0	0.000000E+0
1.043940E+4	9.694700E-5	1.286600E+4	0.000000E+0	0.000000E+0
1.044340E+4	9.694600E-5	1.286600E+4	0.000000E+0	0.000000E+0
1.044739E+4	9.694700E-5	1.286590E+4	0.000000E+0	0.000000E+0
1.045139E+4	9.694300E-5	1.286570E+4	0.000000E+0	0.000000E+0
1.045540E+4	9.694400E-5	1.286550E+4	0.000000E+0	0.000000E+0
1.045940E+4	9.694200E-5	1.286530E+4	0.000000E+0	0.000000E+0
1.046339E+4	9.694200E-5	1.286510E+4	0.000000E+0	0.000000E+0
1.046740E+4	9.694200E-5	1.286490E+4	0.000000E+0	0.000000E+0
1.047139E+4	9.694400E-5	1.286470E+4	0.000000E+0	0.000000E+0
1.047540E+4	9.694600E-5	1.286450E+4	0.000000E+0	0.000000E+0
1.047939E+4	9.694800E-5	1.286440E+4	0.000000E+0	0.000000E+0
1.048340E+4	9.694500E-5	1.286430E+4	0.000000E+0	0.000000E+0
1.048739E+4	9.694700E-5	1.286440E+4	0.000000E+0	0.000000E+0
1.049140E+4	9.694600E-5	1.286400E+4	0.000000E+0	0.000000E+0
1.049539E+4	9.694400E-5	1.286370E+4	0.000000E+0	0.000000E+0
1.049940E+4	9.694300E-5	1.286360E+4	0.000000E+0	0.000000E+0
1.050340E+4	9.694200E-5	1.286330E+4	0.000000E+0	0.000000E+0
1.050739E+4	9.694600E-5	1.286310E+4	0.000000E+0	0.000000E+0
1.051139E+4	9.694500E-5	1.286310E+4	0.000000E+0	0.000000E+0
1.051540E+4	9.694200E-5	1.286300E+4	0.000000E+0	0.000000E+0
1.051940E+4	9.694000E-5	1.286290E+4	0.000000E+0	0.000000E+0
1.052340E+4	9.694600E-5	1.286300E+4	0.000000E+0	0.000000E+0
1.052739E+4	9.694700E-5	1.286310E+4	0.000000E+0	0.000000E+0
1.053139E+4	9.694600E-5	1.286330E+4	0.000000E+0	0.000000E+0
1.053540E+4	9.694500E-5	1.286340E+4	0.000000E+0	0.000000E+0
1.053940E+4	9.694500E-5	1.286360E+4	0.000000E+0	0.000000E+0
1.054339E+4	9.694500E-5	1.286380E+4	0.000000E+0	0.000000E+0
1.054740E+4	9.694600E-5	1.286390E+4	0.000000E+0	0.000000E+0
1.055140E+4	9.694400E-5	1.286390E+4	0.000000E+0	0.000000E+0
1.055539E+4	9.694900E-5	1.286390E+4	0.000000E+0	0.000000E+0
1.055939E+4	9.694400E-5	1.286390E+4	0.000000E+0	0.000000E+0
1.056339E+4	9.694500E-5	1.286370E+4	0.000000E+0	0.000000E+0
1.056740E+4	9.694800E-5	1.286360E+4	0.000000E+0	0.000000E+0
1.057139E+4	9.694500E-5	1.286340E+4	0.000000E+0	0.000000E+0
1.057539E+4	9.694700E-5	1.286300E+4	0.000000E+0	0.000000E+0
1.057939E+4	9.694700E-5	1.286260E+4	0.000000E+0	0.000000E+0
1.058340E+4	9.694900E-5	1.286220E+4	0.000000E+0	0.000000E+0
1.058740E+4	9.694600E-5	1.286200E+4	0.000000E+0	0.000000E+0
1.059139E+4	9.694700E-5	1.286190E+4	0.000000E+0	0.000000E+0
1.059540E+4	9.694600E-5	1.286190E+4	0.000000E+0	0.000000E+0
1.059939E+4	9.694600E-5	1.286200E+4	0.000000E+0	0.000000E+0
1.060339E+4	9.694800E-5	1.286210E+4	0.000000E+0	0.000000E+0
1.060739E+4	9.695100E-5	1.286240E+4	0.000000E+0	0.000000E+0
1.061139E+4	9.694600E-5	1.286240E+4	0.000000E+0	0.000000E+0
1.061539E+4	9.695100E-5	1.286250E+4	0.000000E+0	0.000000E+0
1.061940E+4	9.694600E-5	1.286260E+4	0.000000E+0	0.000000E+0
1.062339E+4	9.694700E-5	1.286260E+4	0.000000E+0	0.000000E+0
1.062739E+4	9.694800E-5	1.286260E+4	0.000000E+0	0.000000E+0
1.063140E+4	9.694800E-5	1.286240E+4	0.000000E+0	0.000000E+0
1.063540E+4	9.694800E-5	1.286230E+4	0.000000E+0	0.000000E+0
1.063940E+4	9.694700E-5	1.286210E+4	0.000000E+0	0.000000E+0
1.064339E+4	9.694700E-5	1.286180E+4	0.000000E+0	0.000000E+0
1.064740E+4	9.695000E-5	1.286170E+4	0.000000E+0	0.000000E+0
1.065140E+4	9.694800E-5	1.286150E+4	0.000000E+0	0.000000E+0
1.065539E+4	9.694900E-5	1.286170E+4	0.000000E+0	0.000000E+0
1.065940E+4	9.694700E-5	1.286140E+4	0.000000E+0	0.000000E+0
