
Medición hecha el 2026-08-24  01:40 p.m.

Medición de corriente y tensión en el tiempo con posibilidad de inyectar corriente.
Tiempo	Corriente	Tensión
2.602000E+0	1.014500E-5	4.880500E+9	0.000000E+0	0.000000E+0
5.352000E+0	1.014320E-5	4.880600E+9	0.000000E+0	0.000000E+0
8.331000E+0	1.013650E-5	4.880600E+9	0.000000E+0	0.000000E+0
1.133200E+1	1.013310E-5	4.880800E+9	0.000000E+0	0.000000E+0
1.433100E+1	1.012900E-5	4.880300E+9	0.000000E+0	0.000000E+0
1.732800E+1	1.012550E-5	4.880700E+9	0.000000E+0	0.000000E+0
2.033400E+1	1.012330E-5	4.880700E+9	0.000000E+0	0.000000E+0
2.333300E+1	1.012120E-5	4.879400E+9	0.000000E+0	0.000000E+0
2.633500E+1	1.012080E-5	4.880200E+9	0.000000E+0	0.000000E+0
2.932700E+1	1.011850E-5	4.880300E+9	0.000000E+0	0.000000E+0
3.232400E+1	1.011690E-5	4.880300E+9	0.000000E+0	0.000000E+0
3.532900E+1	1.011500E-5	4.880400E+9	0.000000E+0	0.000000E+0
3.832800E+1	1.011400E-5	4.880300E+9	0.000000E+0	0.000000E+0
4.132700E+1	1.011220E-5	4.880300E+9	0.000000E+0	0.000000E+0
4.432700E+1	1.011080E-5	4.880400E+9	0.000000E+0	0.000000E+0
4.732700E+1	1.010850E-5	4.880400E+9	0.000000E+0	0.000000E+0
5.032600E+1	1.010760E-5	4.880500E+9	0.000000E+0	0.000000E+0
5.332500E+1	1.010720E-5	4.880400E+9	0.000000E+0	0.000000E+0
5.632800E+1	1.010550E-5	4.880100E+9	0.000000E+0	0.000000E+0
5.932900E+1	1.010540E-5	4.880400E+9	0.000000E+0	0.000000E+0
6.232900E+1	1.010340E-5	4.880400E+9	0.000000E+0	0.000000E+0
6.532800E+1	1.010320E-5	4.880400E+9	0.000000E+0	0.000000E+0
6.832400E+1	1.011070E-5	4.880600E+9	0.000000E+0	0.000000E+0
7.133100E+1	1.010090E-5	4.880400E+9	0.000000E+0	0.000000E+0
7.433400E+1	1.009950E-5	4.880600E+9	0.000000E+0	0.000000E+0
7.733400E+1	1.009880E-5	4.880400E+9	0.000000E+0	0.000000E+0
8.032500E+1	1.009770E-5	4.880600E+9	0.000000E+0	0.000000E+0
8.332500E+1	1.009730E-5	4.880500E+9	0.000000E+0	0.000000E+0
8.633600E+1	1.009670E-5	4.880600E+9	0.000000E+0	0.000000E+0
8.932800E+1	1.009610E-5	4.880600E+9	0.000000E+0	0.000000E+0
9.232700E+1	1.009500E-5	4.880700E+9	0.000000E+0	0.000000E+0
9.532800E+1	1.009410E-5	4.880500E+9	0.000000E+0	0.000000E+0
9.833100E+1	1.009340E-5	4.880800E+9	0.000000E+0	0.000000E+0
1.013280E+2	1.009370E-5	4.880600E+9	0.000000E+0	0.000000E+0
1.043280E+2	1.009250E-5	4.880500E+9	0.000000E+0	0.000000E+0
1.073300E+2	1.009160E-5	4.880500E+9	0.000000E+0	0.000000E+0
1.103280E+2	1.009180E-5	4.880500E+9	0.000000E+0	0.000000E+0
1.133250E+2	1.009070E-5	4.880400E+9	0.000000E+0	0.000000E+0
1.163270E+2	1.009760E-5	4.880500E+9	0.000000E+0	0.000000E+0
1.193260E+2	1.009180E-5	4.880400E+9	0.000000E+0	0.000000E+0
1.223270E+2	1.008900E-5	4.880500E+9	0.000000E+0	0.000000E+0
1.253290E+2	1.008960E-5	4.880500E+9	0.000000E+0	0.000000E+0
1.283340E+2	1.008900E-5	4.880400E+9	0.000000E+0	0.000000E+0
1.313270E+2	1.008930E-5	4.880600E+9	0.000000E+0	0.000000E+0
1.343270E+2	1.008780E-5	4.880500E+9	0.000000E+0	0.000000E+0
1.373280E+2	1.008650E-5	4.880400E+9	0.000000E+0	0.000000E+0
1.403300E+2	1.008550E-5	4.880600E+9	0.000000E+0	0.000000E+0
1.433280E+2	1.008650E-5	4.880500E+9	0.000000E+0	0.000000E+0
1.463280E+2	1.008530E-5	4.880500E+9	0.000000E+0	0.000000E+0
1.493250E+2	1.008440E-5	4.880800E+9	0.000000E+0	0.000000E+0
1.523280E+2	1.008440E-5	4.880900E+9	0.000000E+0	0.000000E+0
1.553260E+2	1.008370E-5	4.880900E+9	0.000000E+0	0.000000E+0
1.583250E+2	1.008350E-5	4.880800E+9	0.000000E+0	0.000000E+0
1.613280E+2	1.008370E-5	4.881000E+9	0.000000E+0	0.000000E+0
1.643290E+2	1.008190E-5	4.881000E+9	0.000000E+0	0.000000E+0
1.673290E+2	1.008250E-5	4.881000E+9	0.000000E+0	0.000000E+0
1.703290E+2	1.008180E-5	4.881000E+9	0.000000E+0	0.000000E+0
1.733260E+2	1.008210E-5	4.880700E+9	0.000000E+0	0.000000E+0
1.763290E+2	1.008110E-5	4.880800E+9	0.000000E+0	0.000000E+0
1.793250E+2	1.008140E-5	4.880700E+9	0.000000E+0	0.000000E+0
1.823290E+2	1.008120E-5	4.880700E+9	0.000000E+0	0.000000E+0
1.853290E+2	1.008030E-5	4.880800E+9	0.000000E+0	0.000000E+0
1.883300E+2	1.007960E-5	4.880800E+9	0.000000E+0	0.000000E+0
1.913280E+2	1.008050E-5	4.880600E+9	0.000000E+0	0.000000E+0
1.943270E+2	1.007940E-5	4.880900E+9	0.000000E+0	0.000000E+0
1.973230E+2	1.007890E-5	4.880700E+9	0.000000E+0	0.000000E+0
2.003280E+2	1.007870E-5	4.880900E+9	0.000000E+0	0.000000E+0
2.033260E+2	1.007900E-5	4.880800E+9	0.000000E+0	0.000000E+0
2.063250E+2	1.007810E-5	4.880800E+9	0.000000E+0	0.000000E+0
2.093280E+2	1.007690E-5	4.881100E+9	0.000000E+0	0.000000E+0
2.123280E+2	1.007790E-5	4.880800E+9	0.000000E+0	0.000000E+0
2.153240E+2	1.007820E-5	4.880900E+9	0.000000E+0	0.000000E+0
2.183290E+2	1.007650E-5	4.880900E+9	0.000000E+0	0.000000E+0
2.213270E+2	1.007700E-5	4.881100E+9	0.000000E+0	0.000000E+0
2.243270E+2	1.007630E-5	4.881100E+9	0.000000E+0	0.000000E+0
2.273260E+2	1.007490E-5	4.881100E+9	0.000000E+0	0.000000E+0
2.303290E+2	1.007660E-5	4.881200E+9	0.000000E+0	0.000000E+0
2.333270E+2	1.007570E-5	4.880800E+9	0.000000E+0	0.000000E+0
2.363250E+2	1.007530E-5	4.880700E+9	0.000000E+0	0.000000E+0
2.393250E+2	1.007490E-5	4.880800E+9	0.000000E+0	0.000000E+0
2.423300E+2	1.007450E-5	4.880800E+9	0.000000E+0	0.000000E+0
2.453250E+2	1.007370E-5	4.881000E+9	0.000000E+0	0.000000E+0
2.483280E+2	1.007380E-5	4.881000E+9	0.000000E+0	0.000000E+0
2.513270E+2	1.007290E-5	4.881200E+9	0.000000E+0	0.000000E+0
2.543260E+2	1.007290E-5	4.881200E+9	0.000000E+0	0.000000E+0
2.573250E+2	1.007290E-5	4.881000E+9	0.000000E+0	0.000000E+0
2.603260E+2	1.007300E-5	4.881100E+9	0.000000E+0	0.000000E+0
2.633280E+2	1.007270E-5	4.881100E+9	0.000000E+0	0.000000E+0
2.663290E+2	1.007220E-5	4.881200E+9	0.000000E+0	0.000000E+0
2.693240E+2	1.007170E-5	4.881000E+9	0.000000E+0	0.000000E+0
2.723310E+2	1.007210E-5	4.881200E+9	0.000000E+0	0.000000E+0
2.753240E+2	1.007100E-5	4.881100E+9	0.000000E+0	0.000000E+0
2.783270E+2	1.007080E-5	4.881100E+9	0.000000E+0	0.000000E+0
2.813260E+2	1.007010E-5	4.881200E+9	0.000000E+0	0.000000E+0
2.843270E+2	1.006980E-5	4.881100E+9	0.000000E+0	0.000000E+0
2.873250E+2	1.007000E-5	4.881000E+9	0.000000E+0	0.000000E+0
2.903300E+2	1.006960E-5	4.881100E+9	0.000000E+0	0.000000E+0
2.933280E+2	1.006870E-5	4.881300E+9	0.000000E+0	0.000000E+0
2.963310E+2	1.006980E-5	4.881100E+9	0.000000E+0	0.000000E+0
2.993300E+2	1.006980E-5	4.881100E+9	0.000000E+0	0.000000E+0
3.023310E+2	1.006790E-5	4.881200E+9	0.000000E+0	0.000000E+0
3.053310E+2	1.007280E-5	4.880800E+9	0.000000E+0	0.000000E+0
3.083310E+2	1.006820E-5	4.881200E+9	0.000000E+0	0.000000E+0
3.113280E+2	1.006840E-5	4.881100E+9	0.000000E+0	0.000000E+0
3.143260E+2	1.006800E-5	4.881200E+9	0.000000E+0	0.000000E+0
3.173320E+2	1.006760E-5	4.881100E+9	0.000000E+0	0.000000E+0
3.203290E+2	1.006650E-5	4.881400E+9	0.000000E+0	0.000000E+0
3.233320E+2	1.006720E-5	4.881100E+9	0.000000E+0	0.000000E+0
3.263300E+2	1.006790E-5	4.881200E+9	0.000000E+0	0.000000E+0
3.293310E+2	1.006630E-5	4.881300E+9	0.000000E+0	0.000000E+0
3.323290E+2	1.006680E-5	4.881200E+9	0.000000E+0	0.000000E+0
3.353320E+2	1.006700E-5	4.881300E+9	0.000000E+0	0.000000E+0
3.383320E+2	1.006660E-5	4.881300E+9	0.000000E+0	0.000000E+0
3.413300E+2	1.006630E-5	4.881300E+9	0.000000E+0	0.000000E+0
3.443270E+2	1.006590E-5	4.881200E+9	0.000000E+0	0.000000E+0
3.473330E+2	1.006720E-5	4.881300E+9	0.000000E+0	0.000000E+0
3.503360E+2	1.006500E-5	4.881300E+9	0.000000E+0	0.000000E+0
3.533300E+2	1.006630E-5	4.881200E+9	0.000000E+0	0.000000E+0
3.563280E+2	1.006570E-5	4.881300E+9	0.000000E+0	0.000000E+0
3.593250E+2	1.006590E-5	4.881200E+9	0.000000E+0	0.000000E+0
3.623200E+2	1.006500E-5	4.881300E+9	0.000000E+0	0.000000E+0
3.653230E+2	1.006520E-5	4.881200E+9	0.000000E+0	0.000000E+0
3.683520E+2	1.006500E-5	4.881400E+9	0.000000E+0	0.000000E+0
3.713280E+2	1.006470E-5	4.881700E+9	0.000000E+0	0.000000E+0
3.743350E+2	1.006460E-5	4.881700E+9	0.000000E+0	0.000000E+0
3.773270E+2	1.006500E-5	4.881500E+9	0.000000E+0	0.000000E+0
3.803270E+2	1.006490E-5	4.881200E+9	0.000000E+0	0.000000E+0
3.833240E+2	1.006490E-5	4.881300E+9	0.000000E+0	0.000000E+0
3.863300E+2	1.006480E-5	4.881200E+9	0.000000E+0	0.000000E+0
3.893270E+2	1.006370E-5	4.881300E+9	0.000000E+0	0.000000E+0
3.923270E+2	1.006430E-5	4.881300E+9	0.000000E+0	0.000000E+0
3.953270E+2	1.006490E-5	4.881400E+9	0.000000E+0	0.000000E+0
3.983300E+2	1.006380E-5	4.881400E+9	0.000000E+0	0.000000E+0
4.013270E+2	1.006350E-5	4.881200E+9	0.000000E+0	0.000000E+0
4.043300E+2	1.006370E-5	4.881400E+9	0.000000E+0	0.000000E+0
4.073280E+2	1.006370E-5	4.881300E+9	0.000000E+0	0.000000E+0
4.103230E+2	1.006270E-5	4.881300E+9	0.000000E+0	0.000000E+0
4.133290E+2	1.006280E-5	4.881300E+9	0.000000E+0	0.000000E+0
4.163320E+2	1.006230E-5	4.881100E+9	0.000000E+0	0.000000E+0
4.193320E+2	1.006230E-5	4.881300E+9	0.000000E+0	0.000000E+0
4.223310E+2	1.006220E-5	4.881400E+9	0.000000E+0	0.000000E+0
4.253310E+2	1.006140E-5	4.881300E+9	0.000000E+0	0.000000E+0
4.283240E+2	1.006180E-5	4.881300E+9	0.000000E+0	0.000000E+0
4.313330E+2	1.006190E-5	4.881300E+9	0.000000E+0	0.000000E+0
4.343250E+2	1.006160E-5	4.881300E+9	0.000000E+0	0.000000E+0
4.373300E+2	1.006150E-5	4.881100E+9	0.000000E+0	0.000000E+0
4.403260E+2	1.006150E-5	4.881300E+9	0.000000E+0	0.000000E+0
4.433300E+2	1.006090E-5	4.881500E+9	0.000000E+0	0.000000E+0
4.463270E+2	1.006140E-5	4.880900E+9	0.000000E+0	0.000000E+0
4.493350E+2	1.006190E-5	4.880500E+9	0.000000E+0	0.000000E+0
4.523460E+2	1.006190E-5	4.880700E+9	0.000000E+0	0.000000E+0
4.553250E+2	1.006170E-5	4.880600E+9	0.000000E+0	0.000000E+0
4.583260E+2	1.006130E-5	4.880500E+9	0.000000E+0	0.000000E+0
4.613250E+2	1.006100E-5	4.880500E+9	0.000000E+0	0.000000E+0
4.643260E+2	1.006110E-5	4.880200E+9	0.000000E+0	0.000000E+0
4.673230E+2	1.006080E-5	4.880300E+9	0.000000E+0	0.000000E+0
4.703290E+2	1.006010E-5	4.880600E+9	0.000000E+0	0.000000E+0
4.733290E+2	1.005990E-5	4.880500E+9	0.000000E+0	0.000000E+0
4.763270E+2	1.006020E-5	4.880500E+9	0.000000E+0	0.000000E+0
4.793270E+2	1.005920E-5	4.880800E+9	0.000000E+0	0.000000E+0
4.823270E+2	1.005890E-5	4.880900E+9	0.000000E+0	0.000000E+0
4.853240E+2	1.005870E-5	4.880800E+9	0.000000E+0	0.000000E+0
4.883300E+2	1.005940E-5	4.880500E+9	0.000000E+0	0.000000E+0
4.913290E+2	1.005900E-5	4.880400E+9	0.000000E+0	0.000000E+0
4.943280E+2	1.005930E-5	4.880500E+9	0.000000E+0	0.000000E+0
4.973300E+2	1.005920E-5	4.880400E+9	0.000000E+0	0.000000E+0
5.003310E+2	1.005850E-5	4.880400E+9	0.000000E+0	0.000000E+0
5.033310E+2	1.006010E-5	4.880500E+9	0.000000E+0	0.000000E+0
5.063300E+2	1.005900E-5	4.880700E+9	0.000000E+0	0.000000E+0
5.093250E+2	1.005850E-5	4.880800E+9	0.000000E+0	0.000000E+0
5.123310E+2	1.005790E-5	4.880600E+9	0.000000E+0	0.000000E+0
5.153260E+2	1.005860E-5	4.880800E+9	0.000000E+0	0.000000E+0
5.183310E+2	1.005840E-5	4.880700E+9	0.000000E+0	0.000000E+0
5.213290E+2	1.005850E-5	4.880700E+9	0.000000E+0	0.000000E+0
5.243320E+2	1.005830E-5	4.880800E+9	0.000000E+0	0.000000E+0
5.273260E+2	1.005750E-5	4.880800E+9	0.000000E+0	0.000000E+0
5.303300E+2	1.005760E-5	4.880800E+9	0.000000E+0	0.000000E+0
5.333260E+2	1.005810E-5	4.880800E+9	0.000000E+0	0.000000E+0
5.363240E+2	1.005690E-5	4.880800E+9	0.000000E+0	0.000000E+0
5.393300E+2	1.005740E-5	4.880700E+9	0.000000E+0	0.000000E+0
5.423240E+2	1.005780E-5	4.880900E+9	0.000000E+0	0.000000E+0
5.453240E+2	1.005780E-5	4.880500E+9	0.000000E+0	0.000000E+0
5.483330E+2	1.005700E-5	4.880800E+9	0.000000E+0	0.000000E+0
5.513270E+2	1.005720E-5	4.880700E+9	0.000000E+0	0.000000E+0
5.543330E+2	1.005730E-5	4.880600E+9	0.000000E+0	0.000000E+0
5.573300E+2	1.005690E-5	4.880800E+9	0.000000E+0	0.000000E+0
5.603310E+2	1.005660E-5	4.880800E+9	0.000000E+0	0.000000E+0
5.633260E+2	1.005680E-5	4.880500E+9	0.000000E+0	0.000000E+0
5.663310E+2	1.005700E-5	4.880800E+9	0.000000E+0	0.000000E+0
5.693250E+2	1.005780E-5	4.880700E+9	0.000000E+0	0.000000E+0
5.723260E+2	1.005750E-5	4.880800E+9	0.000000E+0	0.000000E+0
5.753240E+2	1.005750E-5	4.880400E+9	0.000000E+0	0.000000E+0
5.783240E+2	1.005680E-5	4.880800E+9	0.000000E+0	0.000000E+0
5.813290E+2	1.005660E-5	4.880900E+9	0.000000E+0	0.000000E+0
5.843290E+2	1.005590E-5	4.881000E+9	0.000000E+0	0.000000E+0
5.873290E+2	1.005580E-5	4.880900E+9	0.000000E+0	0.000000E+0
5.903260E+2	1.005640E-5	4.880900E+9	0.000000E+0	0.000000E+0
5.933260E+2	1.005590E-5	4.880900E+9	0.000000E+0	0.000000E+0
5.963320E+2	1.005580E-5	4.880900E+9	0.000000E+0	0.000000E+0
5.993290E+2	1.005590E-5	4.881000E+9	0.000000E+0	0.000000E+0
6.023280E+2	1.005570E-5	4.881000E+9	0.000000E+0	0.000000E+0
6.053320E+2	1.005610E-5	4.880500E+9	0.000000E+0	0.000000E+0
6.083280E+2	1.005540E-5	4.880700E+9	0.000000E+0	0.000000E+0
6.113250E+2	1.005620E-5	4.880700E+9	0.000000E+0	0.000000E+0
6.143240E+2	1.005550E-5	4.880700E+9	0.000000E+0	0.000000E+0
6.173340E+2	1.005550E-5	4.880800E+9	0.000000E+0	0.000000E+0
6.203250E+2	1.005540E-5	4.880600E+9	0.000000E+0	0.000000E+0
6.233310E+2	1.005510E-5	4.880800E+9	0.000000E+0	0.000000E+0
6.263290E+2	1.005470E-5	4.880800E+9	0.000000E+0	0.000000E+0
6.293280E+2	1.005500E-5	4.880800E+9	0.000000E+0	0.000000E+0
6.323270E+2	1.005460E-5	4.880800E+9	0.000000E+0	0.000000E+0
6.353260E+2	1.005430E-5	4.880800E+9	0.000000E+0	0.000000E+0
6.383260E+2	1.005520E-5	4.880700E+9	0.000000E+0	0.000000E+0
6.413270E+2	1.005370E-5	4.880800E+9	0.000000E+0	0.000000E+0
6.443270E+2	1.005400E-5	4.880800E+9	0.000000E+0	0.000000E+0
6.473250E+2	1.005430E-5	4.880700E+9	0.000000E+0	0.000000E+0
6.503270E+2	1.005440E-5	4.880600E+9	0.000000E+0	0.000000E+0
6.533270E+2	1.005400E-5	4.881000E+9	0.000000E+0	0.000000E+0
6.563270E+2	1.005360E-5	4.880900E+9	0.000000E+0	0.000000E+0
6.593220E+2	1.005440E-5	4.880900E+9	0.000000E+0	0.000000E+0
6.623300E+2	1.005350E-5	4.880800E+9	0.000000E+0	0.000000E+0
6.653280E+2	1.005360E-5	4.880600E+9	0.000000E+0	0.000000E+0
6.683230E+2	1.005330E-5	4.880700E+9	0.000000E+0	0.000000E+0
6.713230E+2	1.005400E-5	4.880700E+9	0.000000E+0	0.000000E+0
6.743260E+2	1.005420E-5	4.880800E+9	0.000000E+0	0.000000E+0
6.773240E+2	1.005360E-5	4.880900E+9	0.000000E+0	0.000000E+0
6.803260E+2	1.005360E-5	4.880900E+9	0.000000E+0	0.000000E+0
6.833260E+2	1.005410E-5	4.880700E+9	0.000000E+0	0.000000E+0
6.863260E+2	1.005290E-5	4.880800E+9	0.000000E+0	0.000000E+0
6.893260E+2	1.005310E-5	4.880900E+9	0.000000E+0	0.000000E+0
6.923240E+2	1.005330E-5	4.880700E+9	0.000000E+0	0.000000E+0
6.953240E+2	1.005350E-5	4.880900E+9	0.000000E+0	0.000000E+0
6.983240E+2	1.005380E-5	4.880800E+9	0.000000E+0	0.000000E+0
7.013240E+2	1.005350E-5	4.880800E+9	0.000000E+0	0.000000E+0
7.043240E+2	1.005330E-5	4.880900E+9	0.000000E+0	0.000000E+0
7.073240E+2	1.005330E-5	4.880800E+9	0.000000E+0	0.000000E+0
7.103230E+2	1.005220E-5	4.880800E+9	0.000000E+0	0.000000E+0
7.133230E+2	1.005320E-5	4.880900E+9	0.000000E+0	0.000000E+0
7.163250E+2	1.005420E-5	4.881000E+9	0.000000E+0	0.000000E+0
7.193250E+2	1.005370E-5	4.881100E+9	0.000000E+0	0.000000E+0
7.223250E+2	1.005390E-5	4.881100E+9	0.000000E+0	0.000000E+0
7.253250E+2	1.005450E-5	4.881000E+9	0.000000E+0	0.000000E+0
7.283290E+2	1.005350E-5	4.881000E+9	0.000000E+0	0.000000E+0
7.313290E+2	1.005390E-5	4.881000E+9	0.000000E+0	0.000000E+0
7.343310E+2	1.005350E-5	4.880900E+9	0.000000E+0	0.000000E+0
7.373310E+2	1.005380E-5	4.881000E+9	0.000000E+0	0.000000E+0
7.403270E+2	1.005350E-5	4.881100E+9	0.000000E+0	0.000000E+0
7.433300E+2	1.005370E-5	4.881000E+9	0.000000E+0	0.000000E+0
7.463290E+2	1.005330E-5	4.881000E+9	0.000000E+0	0.000000E+0
7.493260E+2	1.005340E-5	4.880900E+9	0.000000E+0	0.000000E+0
7.523290E+2	1.005330E-5	4.880900E+9	0.000000E+0	0.000000E+0
7.553280E+2	1.005330E-5	4.881000E+9	0.000000E+0	0.000000E+0
7.583280E+2	1.005230E-5	4.881100E+9	0.000000E+0	0.000000E+0
7.613240E+2	1.005320E-5	4.881000E+9	0.000000E+0	0.000000E+0
7.643250E+2	1.005330E-5	4.880900E+9	0.000000E+0	0.000000E+0
7.673230E+2	1.005250E-5	4.881200E+9	0.000000E+0	0.000000E+0
7.703250E+2	1.005250E-5	4.881000E+9	0.000000E+0	0.000000E+0
7.733230E+2	1.005310E-5	4.881000E+9	0.000000E+0	0.000000E+0
7.763280E+2	1.005240E-5	4.881000E+9	0.000000E+0	0.000000E+0
7.793250E+2	1.005360E-5	4.881000E+9	0.000000E+0	0.000000E+0
7.823290E+2	1.005240E-5	4.881100E+9	0.000000E+0	0.000000E+0
7.853210E+2	1.005300E-5	4.880700E+9	0.000000E+0	0.000000E+0
7.883260E+2	1.005210E-5	4.881000E+9	0.000000E+0	0.000000E+0
7.913210E+2	1.005330E-5	4.880800E+9	0.000000E+0	0.000000E+0
7.943270E+2	1.005250E-5	4.881000E+9	0.000000E+0	0.000000E+0
7.973220E+2	1.005200E-5	4.880700E+9	0.000000E+0	0.000000E+0
8.003240E+2	1.005210E-5	4.881000E+9	0.000000E+0	0.000000E+0
8.033240E+2	1.005260E-5	4.881000E+9	0.000000E+0	0.000000E+0
8.063240E+2	1.005260E-5	4.880900E+9	0.000000E+0	0.000000E+0
8.093240E+2	1.005220E-5	4.881000E+9	0.000000E+0	0.000000E+0
8.123240E+2	1.005290E-5	4.881000E+9	0.000000E+0	0.000000E+0
8.153250E+2	1.005220E-5	4.881100E+9	0.000000E+0	0.000000E+0
8.183230E+2	1.005280E-5	4.881000E+9	0.000000E+0	0.000000E+0
8.213230E+2	1.005240E-5	4.880900E+9	0.000000E+0	0.000000E+0
8.243250E+2	1.005190E-5	4.881100E+9	0.000000E+0	0.000000E+0
8.273250E+2	1.005260E-5	4.881100E+9	0.000000E+0	0.000000E+0
8.303250E+2	1.005220E-5	4.881000E+9	0.000000E+0	0.000000E+0
8.333250E+2	1.005210E-5	4.881000E+9	0.000000E+0	0.000000E+0
8.363260E+2	1.005210E-5	4.881100E+9	0.000000E+0	0.000000E+0
8.393260E+2	1.005190E-5	4.881100E+9	0.000000E+0	0.000000E+0
8.423260E+2	1.005130E-5	4.881000E+9	0.000000E+0	0.000000E+0
8.453260E+2	1.005240E-5	4.881000E+9	0.000000E+0	0.000000E+0
8.483260E+2	1.005230E-5	4.881000E+9	0.000000E+0	0.000000E+0
8.513260E+2	1.005140E-5	4.880900E+9	0.000000E+0	0.000000E+0
8.543220E+2	1.005120E-5	4.881100E+9	0.000000E+0	0.000000E+0
8.573290E+2	1.005230E-5	4.881000E+9	0.000000E+0	0.000000E+0
8.603280E+2	1.005120E-5	4.881100E+9	0.000000E+0	0.000000E+0
8.633280E+2	1.005150E-5	4.881100E+9	0.000000E+0	0.000000E+0
8.663270E+2	1.005190E-5	4.881100E+9	0.000000E+0	0.000000E+0
8.693240E+2	1.005190E-5	4.881100E+9	0.000000E+0	0.000000E+0
8.723250E+2	1.005140E-5	4.881100E+9	0.000000E+0	0.000000E+0
8.753280E+2	1.005180E-5	4.881000E+9	0.000000E+0	0.000000E+0
8.783280E+2	1.005200E-5	4.881000E+9	0.000000E+0	0.000000E+0
8.813260E+2	1.005180E-5	4.881100E+9	0.000000E+0	0.000000E+0
8.843260E+2	1.005160E-5	4.881200E+9	0.000000E+0	0.000000E+0
8.873250E+2	1.005070E-5	4.881100E+9	0.000000E+0	0.000000E+0
8.903260E+2	1.005030E-5	4.881100E+9	0.000000E+0	0.000000E+0
8.933260E+2	1.005190E-5	4.881200E+9	0.000000E+0	0.000000E+0
8.963260E+2	1.005140E-5	4.881300E+9	0.000000E+0	0.000000E+0
8.993240E+2	1.005190E-5	4.881200E+9	0.000000E+0	0.000000E+0
9.023320E+2	1.005120E-5	4.881100E+9	0.000000E+0	0.000000E+0
9.053300E+2	1.005550E-5	4.881000E+9	0.000000E+0	0.000000E+0
9.083300E+2	1.005120E-5	4.881300E+9	0.000000E+0	0.000000E+0
9.113320E+2	1.005140E-5	4.881300E+9	0.000000E+0	0.000000E+0
9.143320E+2	1.005110E-5	4.881600E+9	0.000000E+0	0.000000E+0
9.173270E+2	1.004990E-5	4.881400E+9	0.000000E+0	0.000000E+0
9.203270E+2	1.005040E-5	4.881500E+9	0.000000E+0	0.000000E+0
9.233250E+2	1.005040E-5	4.881300E+9	0.000000E+0	0.000000E+0
9.263250E+2	1.005040E-5	4.881500E+9	0.000000E+0	0.000000E+0
9.293300E+2	1.005060E-5	4.881400E+9	0.000000E+0	0.000000E+0
9.323290E+2	1.004970E-5	4.881400E+9	0.000000E+0	0.000000E+0
9.353280E+2	1.005070E-5	4.881300E+9	0.000000E+0	0.000000E+0
9.383280E+2	1.005110E-5	4.881300E+9	0.000000E+0	0.000000E+0
9.413280E+2	1.005020E-5	4.881300E+9	0.000000E+0	0.000000E+0
9.443310E+2	1.005070E-5	4.881300E+9	0.000000E+0	0.000000E+0
9.473310E+2	1.005030E-5	4.881100E+9	0.000000E+0	0.000000E+0
9.503320E+2	1.004880E-5	4.881100E+9	0.000000E+0	0.000000E+0
9.533340E+2	1.004950E-5	4.881100E+9	0.000000E+0	0.000000E+0
9.563320E+2	1.004930E-5	4.881300E+9	0.000000E+0	0.000000E+0
9.593320E+2	1.004940E-5	4.881200E+9	0.000000E+0	0.000000E+0
9.623270E+2	1.004930E-5	4.881000E+9	0.000000E+0	0.000000E+0
9.653310E+2	1.004970E-5	4.881100E+9	0.000000E+0	0.000000E+0
9.683300E+2	1.004960E-5	4.881200E+9	0.000000E+0	0.000000E+0
9.713310E+2	1.005020E-5	4.881200E+9	0.000000E+0	0.000000E+0
9.743320E+2	1.004970E-5	4.881300E+9	0.000000E+0	0.000000E+0
9.773300E+2	1.005030E-5	4.881300E+9	0.000000E+0	0.000000E+0
9.803280E+2	1.005030E-5	4.881300E+9	0.000000E+0	0.000000E+0
9.833230E+2	1.005040E-5	4.881100E+9	0.000000E+0	0.000000E+0
9.863280E+2	1.004960E-5	4.881200E+9	0.000000E+0	0.000000E+0
9.893280E+2	1.004910E-5	4.881300E+9	0.000000E+0	0.000000E+0
9.923280E+2	1.004960E-5	4.881200E+9	0.000000E+0	0.000000E+0
9.953310E+2	1.005050E-5	4.881100E+9	0.000000E+0	0.000000E+0
9.983240E+2	1.005000E-5	4.881100E+9	0.000000E+0	0.000000E+0
1.001331E+3	1.004970E-5	4.881200E+9	0.000000E+0	0.000000E+0
1.004324E+3	1.004930E-5	4.881400E+9	0.000000E+0	0.000000E+0
1.007330E+3	1.004990E-5	4.881200E+9	0.000000E+0	0.000000E+0
1.010329E+3	1.004960E-5	4.881400E+9	0.000000E+0	0.000000E+0
1.013332E+3	1.004950E-5	4.881300E+9	0.000000E+0	0.000000E+0
1.016324E+3	1.004900E-5	4.881300E+9	0.000000E+0	0.000000E+0
1.019325E+3	1.004910E-5	4.881300E+9	0.000000E+0	0.000000E+0
1.022327E+3	1.004960E-5	4.881300E+9	0.000000E+0	0.000000E+0
1.025327E+3	1.004920E-5	4.881300E+9	0.000000E+0	0.000000E+0
1.028328E+3	1.004920E-5	4.881300E+9	0.000000E+0	0.000000E+0
1.031330E+3	1.004900E-5	4.881400E+9	0.000000E+0	0.000000E+0
1.034328E+3	1.004910E-5	4.881500E+9	0.000000E+0	0.000000E+0
1.037331E+3	1.004980E-5	4.881300E+9	0.000000E+0	0.000000E+0
1.040328E+3	1.004870E-5	4.881300E+9	0.000000E+0	0.000000E+0
1.043329E+3	1.004920E-5	4.881500E+9	0.000000E+0	0.000000E+0
1.046329E+3	1.004950E-5	4.881600E+9	0.000000E+0	0.000000E+0
1.049330E+3	1.004920E-5	4.881100E+9	0.000000E+0	0.000000E+0
1.052324E+3	1.004930E-5	4.881500E+9	0.000000E+0	0.000000E+0
1.055332E+3	1.004870E-5	4.881400E+9	0.000000E+0	0.000000E+0
1.058324E+3	1.004950E-5	4.881500E+9	0.000000E+0	0.000000E+0
1.061327E+3	1.004880E-5	4.881400E+9	0.000000E+0	0.000000E+0
1.064329E+3	1.004750E-5	4.881400E+9	0.000000E+0	0.000000E+0
1.067329E+3	1.004910E-5	4.881500E+9	0.000000E+0	0.000000E+0
1.070330E+3	1.004830E-5	4.881500E+9	0.000000E+0	0.000000E+0
1.073330E+3	1.004790E-5	4.881500E+9	0.000000E+0	0.000000E+0
1.076320E+3	1.004770E-5	4.881300E+9	0.000000E+0	0.000000E+0
1.079325E+3	1.004870E-5	4.881300E+9	0.000000E+0	0.000000E+0
1.082330E+3	1.004850E-5	4.881400E+9	0.000000E+0	0.000000E+0
1.085331E+3	1.004820E-5	4.881500E+9	0.000000E+0	0.000000E+0
1.088331E+3	1.004820E-5	4.881500E+9	0.000000E+0	0.000000E+0
1.091330E+3	1.004810E-5	4.881300E+9	0.000000E+0	0.000000E+0
1.094323E+3	1.004890E-5	4.881400E+9	0.000000E+0	0.000000E+0
1.097331E+3	1.004840E-5	4.881400E+9	0.000000E+0	0.000000E+0
1.100326E+3	1.004890E-5	4.881200E+9	0.000000E+0	0.000000E+0
1.103326E+3	1.004870E-5	4.881300E+9	0.000000E+0	0.000000E+0
1.106326E+3	1.004860E-5	4.881400E+9	0.000000E+0	0.000000E+0
1.109326E+3	1.004820E-5	4.881400E+9	0.000000E+0	0.000000E+0
1.112332E+3	1.004820E-5	4.881300E+9	0.000000E+0	0.000000E+0
1.115330E+3	1.004880E-5	4.881500E+9	0.000000E+0	0.000000E+0
1.118337E+3	1.004870E-5	4.881500E+9	0.000000E+0	0.000000E+0
1.121327E+3	1.004830E-5	4.881600E+9	0.000000E+0	0.000000E+0
1.124327E+3	1.004800E-5	4.881600E+9	0.000000E+0	0.000000E+0
1.127327E+3	1.004890E-5	4.881400E+9	0.000000E+0	0.000000E+0
1.130330E+3	1.004820E-5	4.881500E+9	0.000000E+0	0.000000E+0
1.133333E+3	1.004780E-5	4.881400E+9	0.000000E+0	0.000000E+0
1.136333E+3	1.004810E-5	4.881500E+9	0.000000E+0	0.000000E+0
1.139331E+3	1.004770E-5	4.881300E+9	0.000000E+0	0.000000E+0
1.142331E+3	1.004790E-5	4.881400E+9	0.000000E+0	0.000000E+0
1.145331E+3	1.004840E-5	4.881500E+9	0.000000E+0	0.000000E+0
1.148329E+3	1.004770E-5	4.881500E+9	0.000000E+0	0.000000E+0
1.151327E+3	1.004810E-5	4.881500E+9	0.000000E+0	0.000000E+0
1.154329E+3	1.004820E-5	4.881500E+9	0.000000E+0	0.000000E+0
1.157336E+3	1.004830E-5	4.881600E+9	0.000000E+0	0.000000E+0
1.160331E+3	1.004790E-5	4.881400E+9	0.000000E+0	0.000000E+0
1.163327E+3	1.004730E-5	4.881500E+9	0.000000E+0	0.000000E+0
1.166327E+3	1.004720E-5	4.881700E+9	0.000000E+0	0.000000E+0
1.169326E+3	1.004780E-5	4.881500E+9	0.000000E+0	0.000000E+0
1.172327E+3	1.004770E-5	4.881600E+9	0.000000E+0	0.000000E+0
1.175330E+3	1.004760E-5	4.881500E+9	0.000000E+0	0.000000E+0
1.178329E+3	1.004800E-5	4.881600E+9	0.000000E+0	0.000000E+0
1.181325E+3	1.004750E-5	4.881400E+9	0.000000E+0	0.000000E+0
1.184322E+3	1.004730E-5	4.881600E+9	0.000000E+0	0.000000E+0
1.187332E+3	1.004810E-5	4.881500E+9	0.000000E+0	0.000000E+0
1.190333E+3	1.004800E-5	4.881600E+9	0.000000E+0	0.000000E+0
1.193327E+3	1.004730E-5	4.881500E+9	0.000000E+0	0.000000E+0
1.196330E+3	1.004780E-5	4.881500E+9	0.000000E+0	0.000000E+0
1.199328E+3	1.004750E-5	4.881600E+9	0.000000E+0	0.000000E+0
1.202331E+3	1.004710E-5	4.881500E+9	0.000000E+0	0.000000E+0
1.205333E+3	1.005140E-5	4.881400E+9	0.000000E+0	0.000000E+0
1.208329E+3	1.004650E-5	4.881500E+9	0.000000E+0	0.000000E+0
1.211332E+3	1.004730E-5	4.881300E+9	0.000000E+0	0.000000E+0
1.214332E+3	1.004750E-5	4.881300E+9	0.000000E+0	0.000000E+0
1.217329E+3	1.004720E-5	4.881300E+9	0.000000E+0	0.000000E+0
1.220332E+3	1.004680E-5	4.881200E+9	0.000000E+0	0.000000E+0
1.223332E+3	1.004700E-5	4.881200E+9	0.000000E+0	0.000000E+0
1.226332E+3	1.004660E-5	4.881200E+9	0.000000E+0	0.000000E+0
1.229332E+3	1.004620E-5	4.881100E+9	0.000000E+0	0.000000E+0
1.232328E+3	1.004680E-5	4.881300E+9	0.000000E+0	0.000000E+0
1.235339E+3	1.004630E-5	4.881300E+9	0.000000E+0	0.000000E+0
1.238326E+3	1.004600E-5	4.881200E+9	0.000000E+0	0.000000E+0
1.241327E+3	1.004640E-5	4.881400E+9	0.000000E+0	0.000000E+0
1.244330E+3	1.004710E-5	4.881500E+9	0.000000E+0	0.000000E+0
1.247333E+3	1.004730E-5	4.881400E+9	0.000000E+0	0.000000E+0
1.250338E+3	1.004620E-5	4.881500E+9	0.000000E+0	0.000000E+0
1.253330E+3	1.004690E-5	4.881600E+9	0.000000E+0	0.000000E+0
1.256334E+3	1.004700E-5	4.881400E+9	0.000000E+0	0.000000E+0
1.259328E+3	1.004660E-5	4.881400E+9	0.000000E+0	0.000000E+0
1.262328E+3	1.004630E-5	4.881400E+9	0.000000E+0	0.000000E+0
1.265328E+3	1.004700E-5	4.881300E+9	0.000000E+0	0.000000E+0
1.268328E+3	1.004620E-5	4.881500E+9	0.000000E+0	0.000000E+0
1.271324E+3	1.004670E-5	4.881400E+9	0.000000E+0	0.000000E+0
1.274334E+3	1.004640E-5	4.881400E+9	0.000000E+0	0.000000E+0
1.277329E+3	1.004600E-5	4.881300E+9	0.000000E+0	0.000000E+0
1.280324E+3	1.004680E-5	4.881400E+9	0.000000E+0	0.000000E+0
1.283327E+3	1.004710E-5	4.881300E+9	0.000000E+0	0.000000E+0
1.286330E+3	1.004650E-5	4.881400E+9	0.000000E+0	0.000000E+0
1.289325E+3	1.004660E-5	4.881300E+9	0.000000E+0	0.000000E+0
1.292325E+3	1.004580E-5	4.881500E+9	0.000000E+0	0.000000E+0
1.295328E+3	1.004600E-5	4.881400E+9	0.000000E+0	0.000000E+0
1.298328E+3	1.004580E-5	4.881400E+9	0.000000E+0	0.000000E+0
1.301328E+3	1.004660E-5	4.881500E+9	0.000000E+0	0.000000E+0
1.304326E+3	1.004680E-5	4.881700E+9	0.000000E+0	0.000000E+0
1.307323E+3	1.004680E-5	4.881500E+9	0.000000E+0	0.000000E+0
1.310326E+3	1.004580E-5	4.881500E+9	0.000000E+0	0.000000E+0
1.313328E+3	1.004740E-5	4.881500E+9	0.000000E+0	0.000000E+0
1.316328E+3	1.004630E-5	4.881400E+9	0.000000E+0	0.000000E+0
1.319324E+3	1.004680E-5	4.881600E+9	0.000000E+0	0.000000E+0
1.322329E+3	1.004680E-5	4.881500E+9	0.000000E+0	0.000000E+0
1.325324E+3	1.004650E-5	4.881400E+9	0.000000E+0	0.000000E+0
1.328327E+3	1.004660E-5	4.881700E+9	0.000000E+0	0.000000E+0
1.331319E+3	1.004650E-5	4.881500E+9	0.000000E+0	0.000000E+0
1.334329E+3	1.004660E-5	4.881500E+9	0.000000E+0	0.000000E+0
1.337330E+3	1.004620E-5	4.881500E+9	0.000000E+0	0.000000E+0
1.340327E+3	1.004580E-5	4.881600E+9	0.000000E+0	0.000000E+0
1.343325E+3	1.004610E-5	4.881700E+9	0.000000E+0	0.000000E+0
1.346325E+3	1.004650E-5	4.881500E+9	0.000000E+0	0.000000E+0
1.349324E+3	1.004660E-5	4.881600E+9	0.000000E+0	0.000000E+0
1.352325E+3	1.004640E-5	4.881500E+9	0.000000E+0	0.000000E+0
1.355323E+3	1.004680E-5	4.881500E+9	0.000000E+0	0.000000E+0
1.358326E+3	1.004630E-5	4.881500E+9	0.000000E+0	0.000000E+0
1.361323E+3	1.004570E-5	4.881600E+9	0.000000E+0	0.000000E+0
1.364325E+3	1.004630E-5	4.881400E+9	0.000000E+0	0.000000E+0
1.367329E+3	1.004710E-5	4.881300E+9	0.000000E+0	0.000000E+0
1.370326E+3	1.004570E-5	4.881200E+9	0.000000E+0	0.000000E+0
1.373326E+3	1.004640E-5	4.881500E+9	0.000000E+0	0.000000E+0
1.376331E+3	1.004640E-5	4.881400E+9	0.000000E+0	0.000000E+0
1.379329E+3	1.004610E-5	4.881000E+9	0.000000E+0	0.000000E+0
1.382327E+3	1.004600E-5	4.881400E+9	0.000000E+0	0.000000E+0
1.385326E+3	1.004670E-5	4.881400E+9	0.000000E+0	0.000000E+0
1.388330E+3	1.004640E-5	4.881500E+9	0.000000E+0	0.000000E+0
1.391330E+3	1.004630E-5	4.881600E+9	0.000000E+0	0.000000E+0
1.394333E+3	1.004580E-5	4.881600E+9	0.000000E+0	0.000000E+0
1.397325E+3	1.004550E-5	4.881600E+9	0.000000E+0	0.000000E+0
1.400328E+3	1.004570E-5	4.881500E+9	0.000000E+0	0.000000E+0
1.403330E+3	1.004590E-5	4.881300E+9	0.000000E+0	0.000000E+0
1.406333E+3	1.004560E-5	4.881400E+9	0.000000E+0	0.000000E+0
1.409331E+3	1.004560E-5	4.881500E+9	0.000000E+0	0.000000E+0
1.412331E+3	1.004640E-5	4.881400E+9	0.000000E+0	0.000000E+0
1.415331E+3	1.004650E-5	4.881200E+9	0.000000E+0	0.000000E+0
1.418324E+3	1.004600E-5	4.881200E+9	0.000000E+0	0.000000E+0
1.421331E+3	1.004610E-5	4.881400E+9	0.000000E+0	0.000000E+0
1.424331E+3	1.004650E-5	4.881300E+9	0.000000E+0	0.000000E+0
1.427330E+3	1.004620E-5	4.881400E+9	0.000000E+0	0.000000E+0
1.430328E+3	1.004540E-5	4.881500E+9	0.000000E+0	0.000000E+0
1.433331E+3	1.004660E-5	4.881400E+9	0.000000E+0	0.000000E+0
1.436340E+3	1.004500E-5	4.881300E+9	0.000000E+0	0.000000E+0
1.439329E+3	1.004560E-5	4.881400E+9	0.000000E+0	0.000000E+0
1.442326E+3	1.004680E-5	4.881600E+9	0.000000E+0	0.000000E+0
1.445319E+3	1.004660E-5	4.881700E+9	0.000000E+0	0.000000E+0
1.448325E+3	1.004700E-5	4.881600E+9	0.000000E+0	0.000000E+0
1.451327E+3	1.004670E-5	4.881600E+9	0.000000E+0	0.000000E+0
1.454324E+3	1.004660E-5	4.881800E+9	0.000000E+0	0.000000E+0
1.457328E+3	1.004630E-5	4.881700E+9	0.000000E+0	0.000000E+0
1.460327E+3	1.004660E-5	4.881700E+9	0.000000E+0	0.000000E+0
1.463325E+3	1.004620E-5	4.881600E+9	0.000000E+0	0.000000E+0
1.466325E+3	1.004730E-5	4.881600E+9	0.000000E+0	0.000000E+0
1.469323E+3	1.004710E-5	4.881600E+9	0.000000E+0	0.000000E+0
1.472318E+3	1.004690E-5	4.881600E+9	0.000000E+0	0.000000E+0
1.475325E+3	1.004710E-5	4.881500E+9	0.000000E+0	0.000000E+0
1.478326E+3	1.004740E-5	4.881700E+9	0.000000E+0	0.000000E+0
1.481329E+3	1.004730E-5	4.881800E+9	0.000000E+0	0.000000E+0
1.484327E+3	1.004650E-5	4.881800E+9	0.000000E+0	0.000000E+0
1.487326E+3	1.004660E-5	4.881700E+9	0.000000E+0	0.000000E+0
1.490327E+3	1.004680E-5	4.881800E+9	0.000000E+0	0.000000E+0
1.493327E+3	1.004650E-5	4.881800E+9	0.000000E+0	0.000000E+0
1.496329E+3	1.004630E-5	4.881700E+9	0.000000E+0	0.000000E+0
1.499330E+3	1.004650E-5	4.881800E+9	0.000000E+0	0.000000E+0
1.502327E+3	1.004670E-5	4.881600E+9	0.000000E+0	0.000000E+0
1.505333E+3	1.005060E-5	4.881800E+9	0.000000E+0	0.000000E+0
1.508328E+3	1.004550E-5	4.881900E+9	0.000000E+0	0.000000E+0
1.511328E+3	1.004620E-5	4.881700E+9	0.000000E+0	0.000000E+0
1.514325E+3	1.004570E-5	4.881800E+9	0.000000E+0	0.000000E+0
1.517319E+3	1.004730E-5	4.881600E+9	0.000000E+0	0.000000E+0
1.520323E+3	1.004670E-5	4.881800E+9	0.000000E+0	0.000000E+0
1.523328E+3	1.004650E-5	4.881700E+9	0.000000E+0	0.000000E+0
1.526325E+3	1.004710E-5	4.881900E+9	0.000000E+0	0.000000E+0
1.529329E+3	1.004670E-5	4.881800E+9	0.000000E+0	0.000000E+0
1.532329E+3	1.004670E-5	4.881800E+9	0.000000E+0	0.000000E+0
1.535324E+3	1.004680E-5	4.881700E+9	0.000000E+0	0.000000E+0
1.538326E+3	1.004720E-5	4.881800E+9	0.000000E+0	0.000000E+0
1.541331E+3	1.004670E-5	4.881700E+9	0.000000E+0	0.000000E+0
1.544326E+3	1.004750E-5	4.881800E+9	0.000000E+0	0.000000E+0
1.547324E+3	1.004730E-5	4.881800E+9	0.000000E+0	0.000000E+0
1.550327E+3	1.004650E-5	4.881800E+9	0.000000E+0	0.000000E+0
1.553321E+3	1.004710E-5	4.881700E+9	0.000000E+0	0.000000E+0
1.556325E+3	1.004690E-5	4.881900E+9	0.000000E+0	0.000000E+0
1.559325E+3	1.004730E-5	4.881900E+9	0.000000E+0	0.000000E+0
1.562322E+3	1.004620E-5	4.882000E+9	0.000000E+0	0.000000E+0
1.565325E+3	1.004660E-5	4.881900E+9	0.000000E+0	0.000000E+0
1.568325E+3	1.004640E-5	4.881900E+9	0.000000E+0	0.000000E+0
1.571325E+3	1.004640E-5	4.881800E+9	0.000000E+0	0.000000E+0
1.574328E+3	1.004650E-5	4.882000E+9	0.000000E+0	0.000000E+0
1.577326E+3	1.004650E-5	4.881900E+9	0.000000E+0	0.000000E+0
1.580328E+3	1.004690E-5	4.881800E+9	0.000000E+0	0.000000E+0
1.583325E+3	1.004660E-5	4.881800E+9	0.000000E+0	0.000000E+0
1.586326E+3	1.004670E-5	4.881900E+9	0.000000E+0	0.000000E+0
1.589329E+3	1.004650E-5	4.882000E+9	0.000000E+0	0.000000E+0
1.592326E+3	1.004620E-5	4.881800E+9	0.000000E+0	0.000000E+0
1.595326E+3	1.004610E-5	4.881600E+9	0.000000E+0	0.000000E+0
1.598329E+3	1.004680E-5	4.881900E+9	0.000000E+0	0.000000E+0
1.601326E+3	1.004640E-5	4.881800E+9	0.000000E+0	0.000000E+0
1.604327E+3	1.004700E-5	4.881800E+9	0.000000E+0	0.000000E+0
1.607329E+3	1.004730E-5	4.881800E+9	0.000000E+0	0.000000E+0
1.610327E+3	1.004800E-5	4.881800E+9	0.000000E+0	0.000000E+0
1.613324E+3	1.004710E-5	4.882000E+9	0.000000E+0	0.000000E+0
1.616325E+3	1.004670E-5	4.881900E+9	0.000000E+0	0.000000E+0
1.619324E+3	1.004700E-5	4.881800E+9	0.000000E+0	0.000000E+0
1.622325E+3	1.004590E-5	4.881800E+9	0.000000E+0	0.000000E+0
1.625324E+3	1.004670E-5	4.882000E+9	0.000000E+0	0.000000E+0
1.628325E+3	1.004970E-5	4.881800E+9	0.000000E+0	0.000000E+0
1.631680E+3	1.004770E-5	4.881900E+9	0.000000E+0	0.000000E+0
1.634327E+3	1.004950E-5	4.881700E+9	0.000000E+0	0.000000E+0
1.637366E+3	1.004700E-5	4.881800E+9	0.000000E+0	0.000000E+0
1.640400E+3	1.004740E-5	4.881900E+9	0.000000E+0	0.000000E+0
1.643364E+3	1.004700E-5	4.881800E+9	0.000000E+0	0.000000E+0
1.646503E+3	1.004690E-5	4.881700E+9	0.000000E+0	0.000000E+0
1.649463E+3	1.004700E-5	4.881800E+9	0.000000E+0	0.000000E+0
1.652426E+3	1.004720E-5	4.881900E+9	0.000000E+0	0.000000E+0
1.655330E+3	1.004710E-5	4.881800E+9	0.000000E+0	0.000000E+0
1.658334E+3	1.004710E-5	4.881900E+9	0.000000E+0	0.000000E+0
1.661327E+3	1.004680E-5	4.881900E+9	0.000000E+0	0.000000E+0
1.664324E+3	1.004700E-5	4.881900E+9	0.000000E+0	0.000000E+0
1.667328E+3	1.004760E-5	4.881800E+9	0.000000E+0	0.000000E+0
1.670324E+3	1.004770E-5	4.882000E+9	0.000000E+0	0.000000E+0
1.673336E+3	1.004730E-5	4.881800E+9	0.000000E+0	0.000000E+0
1.676328E+3	1.004790E-5	4.881900E+9	0.000000E+0	0.000000E+0
1.679330E+3	1.004730E-5	4.881800E+9	0.000000E+0	0.000000E+0
1.682328E+3	1.004770E-5	4.881900E+9	0.000000E+0	0.000000E+0
1.685381E+3	1.005000E-5	4.881800E+9	0.000000E+0	0.000000E+0
1.688328E+3	1.004750E-5	4.881700E+9	0.000000E+0	0.000000E+0
1.691326E+3	1.004750E-5	4.882100E+9	0.000000E+0	0.000000E+0
1.694328E+3	1.004720E-5	4.882000E+9	0.000000E+0	0.000000E+0
1.697328E+3	1.004740E-5	4.882000E+9	0.000000E+0	0.000000E+0
1.700328E+3	1.004810E-5	4.881800E+9	0.000000E+0	0.000000E+0
1.703326E+3	1.004740E-5	4.881900E+9	0.000000E+0	0.000000E+0
1.706326E+3	1.004760E-5	4.881900E+9	0.000000E+0	0.000000E+0
1.709326E+3	1.004790E-5	4.882000E+9	0.000000E+0	0.000000E+0
1.712332E+3	1.004810E-5	4.881900E+9	0.000000E+0	0.000000E+0
1.715327E+3	1.004730E-5	4.881900E+9	0.000000E+0	0.000000E+0
1.718326E+3	1.004830E-5	4.882000E+9	0.000000E+0	0.000000E+0
1.721335E+3	1.005040E-5	4.881800E+9	0.000000E+0	0.000000E+0
1.724325E+3	1.004720E-5	4.881800E+9	0.000000E+0	0.000000E+0
1.727325E+3	1.004700E-5	4.881900E+9	0.000000E+0	0.000000E+0
1.730325E+3	1.004810E-5	4.881800E+9	0.000000E+0	0.000000E+0
1.733323E+3	1.004730E-5	4.882200E+9	0.000000E+0	0.000000E+0
1.736323E+3	1.004690E-5	4.881900E+9	0.000000E+0	0.000000E+0
1.739323E+3	1.004720E-5	4.882000E+9	0.000000E+0	0.000000E+0
1.742322E+3	1.004670E-5	4.882300E+9	0.000000E+0	0.000000E+0
1.745326E+3	1.004710E-5	4.882100E+9	0.000000E+0	0.000000E+0
1.748326E+3	1.004810E-5	4.881900E+9	0.000000E+0	0.000000E+0
1.751326E+3	1.004780E-5	4.882000E+9	0.000000E+0	0.000000E+0
1.754326E+3	1.004850E-5	4.881800E+9	0.000000E+0	0.000000E+0
1.757326E+3	1.004690E-5	4.882000E+9	0.000000E+0	0.000000E+0
1.760324E+3	1.004790E-5	4.881800E+9	0.000000E+0	0.000000E+0
1.763329E+3	1.004630E-5	4.881900E+9	0.000000E+0	0.000000E+0
1.766323E+3	1.004710E-5	4.882000E+9	0.000000E+0	0.000000E+0
1.769329E+3	1.004810E-5	4.881800E+9	0.000000E+0	0.000000E+0
1.772330E+3	1.004720E-5	4.882000E+9	0.000000E+0	0.000000E+0
1.775325E+3	1.004710E-5	4.882000E+9	0.000000E+0	0.000000E+0
1.778325E+3	1.004810E-5	4.881800E+9	0.000000E+0	0.000000E+0
1.781325E+3	1.004740E-5	4.881800E+9	0.000000E+0	0.000000E+0
1.784325E+3	1.004740E-5	4.881700E+9	0.000000E+0	0.000000E+0
1.787325E+3	1.004690E-5	4.881800E+9	0.000000E+0	0.000000E+0
1.790325E+3	1.004760E-5	4.881800E+9	0.000000E+0	0.000000E+0
1.793325E+3	1.004710E-5	4.881800E+9	0.000000E+0	0.000000E+0
1.796331E+3	1.004770E-5	4.881900E+9	0.000000E+0	0.000000E+0
1.799329E+3	1.004830E-5	4.881900E+9	0.000000E+0	0.000000E+0
1.802331E+3	1.004810E-5	4.881900E+9	0.000000E+0	0.000000E+0
1.805326E+3	1.005260E-5	4.881700E+9	0.000000E+0	0.000000E+0
1.808326E+3	1.004830E-5	4.881900E+9	0.000000E+0	0.000000E+0
1.811332E+3	1.004870E-5	4.881900E+9	0.000000E+0	0.000000E+0
1.814324E+3	1.004760E-5	4.882000E+9	0.000000E+0	0.000000E+0
1.817324E+3	1.004780E-5	4.882200E+9	0.000000E+0	0.000000E+0
1.820326E+3	1.004690E-5	4.882100E+9	0.000000E+0	0.000000E+0
1.823327E+3	1.004720E-5	4.882300E+9	0.000000E+0	0.000000E+0
1.826322E+3	1.004730E-5	4.882200E+9	0.000000E+0	0.000000E+0
1.829330E+3	1.004680E-5	4.882200E+9	0.000000E+0	0.000000E+0
1.832329E+3	1.004770E-5	4.882100E+9	0.000000E+0	0.000000E+0
1.835328E+3	1.004710E-5	4.882300E+9	0.000000E+0	0.000000E+0
1.838327E+3	1.004780E-5	4.882200E+9	0.000000E+0	0.000000E+0
1.841327E+3	1.004750E-5	4.882100E+9	0.000000E+0	0.000000E+0
1.844325E+3	1.004770E-5	4.882000E+9	0.000000E+0	0.000000E+0
1.847325E+3	1.004750E-5	4.882200E+9	0.000000E+0	0.000000E+0
1.850327E+3	1.004690E-5	4.882200E+9	0.000000E+0	0.000000E+0
1.853325E+3	1.004650E-5	4.882200E+9	0.000000E+0	0.000000E+0
1.856328E+3	1.004810E-5	4.882200E+9	0.000000E+0	0.000000E+0
1.859328E+3	1.004700E-5	4.882200E+9	0.000000E+0	0.000000E+0
1.862329E+3	1.004820E-5	4.882200E+9	0.000000E+0	0.000000E+0
1.865327E+3	1.004670E-5	4.882300E+9	0.000000E+0	0.000000E+0
1.868330E+3	1.004690E-5	4.882300E+9	0.000000E+0	0.000000E+0
1.871330E+3	1.004720E-5	4.882300E+9	0.000000E+0	0.000000E+0
1.874332E+3	1.004710E-5	4.882400E+9	0.000000E+0	0.000000E+0
1.877332E+3	1.004770E-5	4.882400E+9	0.000000E+0	0.000000E+0
1.880329E+3	1.004850E-5	4.882200E+9	0.000000E+0	0.000000E+0
1.883327E+3	1.004660E-5	4.882300E+9	0.000000E+0	0.000000E+0
1.886327E+3	1.004770E-5	4.882300E+9	0.000000E+0	0.000000E+0
1.889328E+3	1.004690E-5	4.882300E+9	0.000000E+0	0.000000E+0
1.892327E+3	1.004660E-5	4.882400E+9	0.000000E+0	0.000000E+0
1.895328E+3	1.004690E-5	4.882400E+9	0.000000E+0	0.000000E+0
1.898332E+3	1.004690E-5	4.882300E+9	0.000000E+0	0.000000E+0
1.901330E+3	1.004720E-5	4.882400E+9	0.000000E+0	0.000000E+0
1.904330E+3	1.004720E-5	4.882400E+9	0.000000E+0	0.000000E+0
1.907326E+3	1.004690E-5	4.882400E+9	0.000000E+0	0.000000E+0
1.910326E+3	1.004740E-5	4.882600E+9	0.000000E+0	0.000000E+0
1.913325E+3	1.004760E-5	4.882600E+9	0.000000E+0	0.000000E+0
1.916326E+3	1.004670E-5	4.882500E+9	0.000000E+0	0.000000E+0
1.919326E+3	1.004720E-5	4.882400E+9	0.000000E+0	0.000000E+0
1.922331E+3	1.004770E-5	4.882300E+9	0.000000E+0	0.000000E+0
1.925324E+3	1.004830E-5	4.882100E+9	0.000000E+0	0.000000E+0
1.928326E+3	1.004780E-5	4.882400E+9	0.000000E+0	0.000000E+0
1.931326E+3	1.004650E-5	4.882500E+9	0.000000E+0	0.000000E+0
1.934326E+3	1.004820E-5	4.882400E+9	0.000000E+0	0.000000E+0
1.937332E+3	1.004810E-5	4.882500E+9	0.000000E+0	0.000000E+0
1.940329E+3	1.004860E-5	4.882300E+9	0.000000E+0	0.000000E+0
1.943328E+3	1.004800E-5	4.882600E+9	0.000000E+0	0.000000E+0
1.946332E+3	1.004850E-5	4.882300E+9	0.000000E+0	0.000000E+0
1.949332E+3	1.004800E-5	4.882500E+9	0.000000E+0	0.000000E+0
1.952327E+3	1.004790E-5	4.882600E+9	0.000000E+0	0.000000E+0
1.955325E+3	1.004710E-5	4.882700E+9	0.000000E+0	0.000000E+0
1.958328E+3	1.004680E-5	4.882600E+9	0.000000E+0	0.000000E+0
1.961333E+3	1.004740E-5	4.882600E+9	0.000000E+0	0.000000E+0
1.964328E+3	1.004740E-5	4.882600E+9	0.000000E+0	0.000000E+0
1.967321E+3	1.004850E-5	4.882400E+9	0.000000E+0	0.000000E+0
1.970332E+3	1.004820E-5	4.882200E+9	0.000000E+0	0.000000E+0
1.973327E+3	1.004780E-5	4.882200E+9	0.000000E+0	0.000000E+0
1.976333E+3	1.004790E-5	4.882200E+9	0.000000E+0	0.000000E+0
1.979332E+3	1.004830E-5	4.882200E+9	0.000000E+0	0.000000E+0
1.982332E+3	1.004740E-5	4.882400E+9	0.000000E+0	0.000000E+0
1.985329E+3	1.004830E-5	4.882400E+9	0.000000E+0	0.000000E+0
1.988329E+3	1.004870E-5	4.882200E+9	0.000000E+0	0.000000E+0
1.991324E+3	1.004730E-5	4.882200E+9	0.000000E+0	0.000000E+0
1.994327E+3	1.004910E-5	4.882200E+9	0.000000E+0	0.000000E+0
1.997329E+3	1.004800E-5	4.882200E+9	0.000000E+0	0.000000E+0
2.000332E+3	1.004760E-5	4.882100E+9	0.000000E+0	0.000000E+0
2.003324E+3	1.004830E-5	4.882300E+9	0.000000E+0	0.000000E+0
2.006330E+3	1.004740E-5	4.882200E+9	0.000000E+0	0.000000E+0
2.009325E+3	1.004830E-5	4.882100E+9	0.000000E+0	0.000000E+0
2.012327E+3	1.004830E-5	4.882200E+9	0.000000E+0	0.000000E+0
2.015328E+3	1.004840E-5	4.882300E+9	0.000000E+0	0.000000E+0
2.018327E+3	1.004800E-5	4.882300E+9	0.000000E+0	0.000000E+0
2.021333E+3	1.004880E-5	4.882400E+9	0.000000E+0	0.000000E+0
2.024330E+3	1.004820E-5	4.882300E+9	0.000000E+0	0.000000E+0
2.027326E+3	1.004830E-5	4.882300E+9	0.000000E+0	0.000000E+0
2.030336E+3	1.004870E-5	4.882400E+9	0.000000E+0	0.000000E+0
2.033327E+3	1.004840E-5	4.882400E+9	0.000000E+0	0.000000E+0
2.036330E+3	1.004800E-5	4.882400E+9	0.000000E+0	0.000000E+0
2.039330E+3	1.004790E-5	4.882400E+9	0.000000E+0	0.000000E+0
2.042324E+3	1.004850E-5	4.882300E+9	0.000000E+0	0.000000E+0
2.045324E+3	1.004870E-5	4.882400E+9	0.000000E+0	0.000000E+0
2.048329E+3	1.004830E-5	4.882500E+9	0.000000E+0	0.000000E+0
2.051330E+3	1.004870E-5	4.882600E+9	0.000000E+0	0.000000E+0
2.054329E+3	1.004840E-5	4.882400E+9	0.000000E+0	0.000000E+0
2.057332E+3	1.004810E-5	4.882300E+9	0.000000E+0	0.000000E+0
2.060330E+3	1.004710E-5	4.882500E+9	0.000000E+0	0.000000E+0
2.063328E+3	1.004790E-5	4.882500E+9	0.000000E+0	0.000000E+0
2.066325E+3	1.004820E-5	4.882200E+9	0.000000E+0	0.000000E+0
2.069326E+3	1.004830E-5	4.882000E+9	0.000000E+0	0.000000E+0
2.072325E+3	1.004840E-5	4.882200E+9	0.000000E+0	0.000000E+0
2.075326E+3	1.004730E-5	4.882300E+9	0.000000E+0	0.000000E+0
2.078333E+3	1.004850E-5	4.882100E+9	0.000000E+0	0.000000E+0
2.081329E+3	1.004910E-5	4.882100E+9	0.000000E+0	0.000000E+0
2.084326E+3	1.004910E-5	4.882100E+9	0.000000E+0	0.000000E+0
2.087329E+3	1.004950E-5	4.882200E+9	0.000000E+0	0.000000E+0
2.090332E+3	1.004860E-5	4.882200E+9	0.000000E+0	0.000000E+0
2.093326E+3	1.004900E-5	4.882200E+9	0.000000E+0	0.000000E+0
2.096328E+3	1.004940E-5	4.882300E+9	0.000000E+0	0.000000E+0
2.099327E+3	1.004950E-5	4.882300E+9	0.000000E+0	0.000000E+0
2.102330E+3	1.004950E-5	4.882200E+9	0.000000E+0	0.000000E+0
2.105327E+3	1.005380E-5	4.882100E+9	0.000000E+0	0.000000E+0
2.108330E+3	1.004860E-5	4.882300E+9	0.000000E+0	0.000000E+0
2.111332E+3	1.004910E-5	4.882200E+9	0.000000E+0	0.000000E+0
2.114332E+3	1.004900E-5	4.882100E+9	0.000000E+0	0.000000E+0
2.117331E+3	1.004940E-5	4.882300E+9	0.000000E+0	0.000000E+0
2.120332E+3	1.004870E-5	4.882200E+9	0.000000E+0	0.000000E+0
2.123331E+3	1.004840E-5	4.882400E+9	0.000000E+0	0.000000E+0
2.126327E+3	1.004830E-5	4.882300E+9	0.000000E+0	0.000000E+0
2.129325E+3	1.004830E-5	4.882300E+9	0.000000E+0	0.000000E+0
2.132325E+3	1.004840E-5	4.882500E+9	0.000000E+0	0.000000E+0
2.135326E+3	1.004860E-5	4.882600E+9	0.000000E+0	0.000000E+0
2.138328E+3	1.004920E-5	4.882100E+9	0.000000E+0	0.000000E+0
2.141323E+3	1.004860E-5	4.882400E+9	0.000000E+0	0.000000E+0
2.144328E+3	1.004880E-5	4.882200E+9	0.000000E+0	0.000000E+0
2.147331E+3	1.005010E-5	4.882200E+9	0.000000E+0	0.000000E+0
2.150327E+3	1.004950E-5	4.882100E+9	0.000000E+0	0.000000E+0
2.153324E+3	1.004940E-5	4.882100E+9	0.000000E+0	0.000000E+0
2.156323E+3	1.005070E-5	4.882000E+9	0.000000E+0	0.000000E+0
2.159326E+3	1.004930E-5	4.882200E+9	0.000000E+0	0.000000E+0
2.162329E+3	1.004940E-5	4.882200E+9	0.000000E+0	0.000000E+0
2.165325E+3	1.005030E-5	4.882200E+9	0.000000E+0	0.000000E+0
2.168327E+3	1.005050E-5	4.882000E+9	0.000000E+0	0.000000E+0
2.171325E+3	1.005020E-5	4.882400E+9	0.000000E+0	0.000000E+0
2.174328E+3	1.005060E-5	4.882200E+9	0.000000E+0	0.000000E+0
2.177325E+3	1.005020E-5	4.882300E+9	0.000000E+0	0.000000E+0
2.180328E+3	1.005000E-5	4.882400E+9	0.000000E+0	0.000000E+0
2.183326E+3	1.004900E-5	4.882600E+9	0.000000E+0	0.000000E+0
2.186326E+3	1.004950E-5	4.882300E+9	0.000000E+0	0.000000E+0
2.189326E+3	1.005000E-5	4.882500E+9	0.000000E+0	0.000000E+0
2.192328E+3	1.004940E-5	4.882300E+9	0.000000E+0	0.000000E+0
2.195328E+3	1.005010E-5	4.882400E+9	0.000000E+0	0.000000E+0
2.198326E+3	1.005060E-5	4.881900E+9	0.000000E+0	0.000000E+0
2.201324E+3	1.005020E-5	4.882000E+9	0.000000E+0	0.000000E+0
2.204328E+3	1.005060E-5	4.882100E+9	0.000000E+0	0.000000E+0
2.207327E+3	1.005100E-5	4.882000E+9	0.000000E+0	0.000000E+0
2.210327E+3	1.005100E-5	4.882100E+9	0.000000E+0	0.000000E+0
2.213330E+3	1.005060E-5	4.882100E+9	0.000000E+0	0.000000E+0
2.216324E+3	1.005110E-5	4.882200E+9	0.000000E+0	0.000000E+0
2.219327E+3	1.005060E-5	4.882100E+9	0.000000E+0	0.000000E+0
2.222327E+3	1.005160E-5	4.882100E+9	0.000000E+0	0.000000E+0
2.225330E+3	1.005170E-5	4.882200E+9	0.000000E+0	0.000000E+0
2.228327E+3	1.005030E-5	4.882100E+9	0.000000E+0	0.000000E+0
2.231325E+3	1.005090E-5	4.882200E+9	0.000000E+0	0.000000E+0
2.234330E+3	1.005130E-5	4.882200E+9	0.000000E+0	0.000000E+0
2.237328E+3	1.005030E-5	4.882100E+9	0.000000E+0	0.000000E+0
2.240328E+3	1.005080E-5	4.882000E+9	0.000000E+0	0.000000E+0
2.243328E+3	1.005080E-5	4.882200E+9	0.000000E+0	0.000000E+0
2.246328E+3	1.004990E-5	4.882400E+9	0.000000E+0	0.000000E+0
2.249326E+3	1.005030E-5	4.882500E+9	0.000000E+0	0.000000E+0
2.252328E+3	1.005000E-5	4.882700E+9	0.000000E+0	0.000000E+0
2.255329E+3	1.005010E-5	4.882400E+9	0.000000E+0	0.000000E+0
2.258328E+3	1.005050E-5	4.882400E+9	0.000000E+0	0.000000E+0
2.261323E+3	1.005010E-5	4.882400E+9	0.000000E+0	0.000000E+0
2.264331E+3	1.005040E-5	4.882500E+9	0.000000E+0	0.000000E+0
2.267330E+3	1.005590E-5	4.882200E+9	0.000000E+0	0.000000E+0
2.270329E+3	1.005060E-5	4.882500E+9	0.000000E+0	0.000000E+0
2.273329E+3	1.005050E-5	4.882500E+9	0.000000E+0	0.000000E+0
2.276332E+3	1.005140E-5	4.882400E+9	0.000000E+0	0.000000E+0
2.279327E+3	1.005120E-5	4.882500E+9	0.000000E+0	0.000000E+0
2.282329E+3	1.005110E-5	4.882500E+9	0.000000E+0	0.000000E+0
2.285330E+3	1.005130E-5	4.882500E+9	0.000000E+0	0.000000E+0
2.288328E+3	1.005130E-5	4.882600E+9	0.000000E+0	0.000000E+0
2.291325E+3	1.005070E-5	4.882600E+9	0.000000E+0	0.000000E+0
2.294327E+3	1.005120E-5	4.882500E+9	0.000000E+0	0.000000E+0
2.297330E+3	1.005180E-5	4.882600E+9	0.000000E+0	0.000000E+0
2.300325E+3	1.005050E-5	4.882400E+9	0.000000E+0	0.000000E+0
2.303326E+3	1.005070E-5	4.882700E+9	0.000000E+0	0.000000E+0
2.306326E+3	1.005130E-5	4.882600E+9	0.000000E+0	0.000000E+0
2.309329E+3	1.005190E-5	4.882500E+9	0.000000E+0	0.000000E+0
2.312324E+3	1.005080E-5	4.882500E+9	0.000000E+0	0.000000E+0
2.315331E+3	1.005100E-5	4.882600E+9	0.000000E+0	0.000000E+0
2.318327E+3	1.005080E-5	4.882600E+9	0.000000E+0	0.000000E+0
2.321335E+3	1.005120E-5	4.882600E+9	0.000000E+0	0.000000E+0
2.324327E+3	1.005120E-5	4.882600E+9	0.000000E+0	0.000000E+0
2.327326E+3	1.005090E-5	4.882600E+9	0.000000E+0	0.000000E+0
2.330326E+3	1.005070E-5	4.882800E+9	0.000000E+0	0.000000E+0
2.333327E+3	1.005150E-5	4.882700E+9	0.000000E+0	0.000000E+0
2.336327E+3	1.005110E-5	4.882700E+9	0.000000E+0	0.000000E+0
2.339330E+3	1.005190E-5	4.882700E+9	0.000000E+0	0.000000E+0
2.342328E+3	1.005220E-5	4.882800E+9	0.000000E+0	0.000000E+0
2.345330E+3	1.005220E-5	4.882600E+9	0.000000E+0	0.000000E+0
2.348327E+3	1.005190E-5	4.882600E+9	0.000000E+0	0.000000E+0
2.351325E+3	1.005250E-5	4.882700E+9	0.000000E+0	0.000000E+0
2.354325E+3	1.005150E-5	4.882800E+9	0.000000E+0	0.000000E+0
2.357328E+3	1.005210E-5	4.882700E+9	0.000000E+0	0.000000E+0
2.360328E+3	1.005240E-5	4.882600E+9	0.000000E+0	0.000000E+0
2.363326E+3	1.005190E-5	4.882800E+9	0.000000E+0	0.000000E+0
2.366328E+3	1.005180E-5	4.882600E+9	0.000000E+0	0.000000E+0
2.369331E+3	1.005180E-5	4.882700E+9	0.000000E+0	0.000000E+0
2.372326E+3	1.005150E-5	4.882600E+9	0.000000E+0	0.000000E+0
2.375331E+3	1.005120E-5	4.882600E+9	0.000000E+0	0.000000E+0
2.378331E+3	1.005200E-5	4.882800E+9	0.000000E+0	0.000000E+0
2.381327E+3	1.005140E-5	4.882800E+9	0.000000E+0	0.000000E+0
2.384330E+3	1.005180E-5	4.882700E+9	0.000000E+0	0.000000E+0
2.387325E+3	1.005140E-5	4.882800E+9	0.000000E+0	0.000000E+0
2.390326E+3	1.005150E-5	4.882700E+9	0.000000E+0	0.000000E+0
2.393324E+3	1.005170E-5	4.882700E+9	0.000000E+0	0.000000E+0
2.396330E+3	1.005240E-5	4.882700E+9	0.000000E+0	0.000000E+0
2.399326E+3	1.005180E-5	4.882900E+9	0.000000E+0	0.000000E+0
2.402328E+3	1.005260E-5	4.882700E+9	0.000000E+0	0.000000E+0
2.405323E+3	1.005530E-5	4.882600E+9	0.000000E+0	0.000000E+0
2.408325E+3	1.005210E-5	4.882800E+9	0.000000E+0	0.000000E+0
2.411328E+3	1.005210E-5	4.882800E+9	0.000000E+0	0.000000E+0
2.414326E+3	1.005170E-5	4.882900E+9	0.000000E+0	0.000000E+0
2.417326E+3	1.005160E-5	4.882900E+9	0.000000E+0	0.000000E+0
2.420323E+3	1.005230E-5	4.882800E+9	0.000000E+0	0.000000E+0
2.423326E+3	1.005220E-5	4.882800E+9	0.000000E+0	0.000000E+0
2.426324E+3	1.005230E-5	4.883000E+9	0.000000E+0	0.000000E+0
2.429329E+3	1.005250E-5	4.882800E+9	0.000000E+0	0.000000E+0
2.432327E+3	1.005250E-5	4.882900E+9	0.000000E+0	0.000000E+0
2.435326E+3	1.005220E-5	4.883100E+9	0.000000E+0	0.000000E+0
2.438331E+3	1.005200E-5	4.882800E+9	0.000000E+0	0.000000E+0
2.441321E+3	1.005210E-5	4.882900E+9	0.000000E+0	0.000000E+0
2.444326E+3	1.005220E-5	4.882700E+9	0.000000E+0	0.000000E+0
2.447327E+3	1.005240E-5	4.882800E+9	0.000000E+0	0.000000E+0
2.450329E+3	1.005200E-5	4.883000E+9	0.000000E+0	0.000000E+0
2.453327E+3	1.005300E-5	4.883200E+9	0.000000E+0	0.000000E+0
2.456325E+3	1.005300E-5	4.882900E+9	0.000000E+0	0.000000E+0
2.459316E+3	1.005240E-5	4.883100E+9	0.000000E+0	0.000000E+0
2.462325E+3	1.005290E-5	4.883300E+9	0.000000E+0	0.000000E+0
2.465326E+3	1.005250E-5	4.883300E+9	0.000000E+0	0.000000E+0
2.468327E+3	1.005190E-5	4.883200E+9	0.000000E+0	0.000000E+0
2.471328E+3	1.005180E-5	4.883100E+9	0.000000E+0	0.000000E+0
2.474323E+3	1.005270E-5	4.883000E+9	0.000000E+0	0.000000E+0
2.477325E+3	1.005260E-5	4.883200E+9	0.000000E+0	0.000000E+0
2.480328E+3	1.005310E-5	4.883000E+9	0.000000E+0	0.000000E+0
2.483328E+3	1.005250E-5	4.883000E+9	0.000000E+0	0.000000E+0
2.486324E+3	1.005280E-5	4.883100E+9	0.000000E+0	0.000000E+0
2.489327E+3	1.005290E-5	4.883000E+9	0.000000E+0	0.000000E+0
2.492327E+3	1.005280E-5	4.883000E+9	0.000000E+0	0.000000E+0
2.495329E+3	1.005230E-5	4.883100E+9	0.000000E+0	0.000000E+0
2.498326E+3	1.005290E-5	4.883100E+9	0.000000E+0	0.000000E+0
2.501329E+3	1.005250E-5	4.883300E+9	0.000000E+0	0.000000E+0
2.504327E+3	1.005300E-5	4.883100E+9	0.000000E+0	0.000000E+0
2.507325E+3	1.005330E-5	4.883100E+9	0.000000E+0	0.000000E+0
2.510325E+3	1.005340E-5	4.883100E+9	0.000000E+0	0.000000E+0
2.513328E+3	1.005320E-5	4.883000E+9	0.000000E+0	0.000000E+0
2.516328E+3	1.005330E-5	4.882800E+9	0.000000E+0	0.000000E+0
2.519331E+3	1.005250E-5	4.882800E+9	0.000000E+0	0.000000E+0
2.522327E+3	1.005390E-5	4.882900E+9	0.000000E+0	0.000000E+0
2.525330E+3	1.005370E-5	4.883000E+9	0.000000E+0	0.000000E+0
2.528323E+3	1.005380E-5	4.882900E+9	0.000000E+0	0.000000E+0
2.531326E+3	1.005400E-5	4.882900E+9	0.000000E+0	0.000000E+0
2.534325E+3	1.005320E-5	4.882800E+9	0.000000E+0	0.000000E+0
2.537328E+3	1.005350E-5	4.882900E+9	0.000000E+0	0.000000E+0
2.540326E+3	1.005310E-5	4.882700E+9	0.000000E+0	0.000000E+0
2.543329E+3	1.005390E-5	4.883000E+9	0.000000E+0	0.000000E+0
2.546328E+3	1.005410E-5	4.882800E+9	0.000000E+0	0.000000E+0
2.549330E+3	1.005380E-5	4.882900E+9	0.000000E+0	0.000000E+0
2.552332E+3	1.005430E-5	4.882900E+9	0.000000E+0	0.000000E+0
2.555329E+3	1.005480E-5	4.882800E+9	0.000000E+0	0.000000E+0
2.558329E+3	1.005420E-5	4.882900E+9	0.000000E+0	0.000000E+0
2.561332E+3	1.005400E-5	4.882800E+9	0.000000E+0	0.000000E+0
2.564329E+3	1.005370E-5	4.882900E+9	0.000000E+0	0.000000E+0
2.567326E+3	1.005360E-5	4.882800E+9	0.000000E+0	0.000000E+0
2.570331E+3	1.005480E-5	4.882700E+9	0.000000E+0	0.000000E+0
2.573331E+3	1.005380E-5	4.882800E+9	0.000000E+0	0.000000E+0
2.576327E+3	1.005450E-5	4.882600E+9	0.000000E+0	0.000000E+0
2.579329E+3	1.005470E-5	4.882900E+9	0.000000E+0	0.000000E+0
2.582333E+3	1.005450E-5	4.882700E+9	0.000000E+0	0.000000E+0
2.585338E+3	1.005440E-5	4.882800E+9	0.000000E+0	0.000000E+0
2.588333E+3	1.005430E-5	4.882800E+9	0.000000E+0	0.000000E+0
2.591328E+3	1.005450E-5	4.882800E+9	0.000000E+0	0.000000E+0
2.594326E+3	1.005410E-5	4.882800E+9	0.000000E+0	0.000000E+0
2.597327E+3	1.005420E-5	4.882800E+9	0.000000E+0	0.000000E+0
2.600326E+3	1.005390E-5	4.883000E+9	0.000000E+0	0.000000E+0
2.603327E+3	1.005400E-5	4.882900E+9	0.000000E+0	0.000000E+0
2.606326E+3	1.005490E-5	4.883000E+9	0.000000E+0	0.000000E+0
2.609327E+3	1.005500E-5	4.883000E+9	0.000000E+0	0.000000E+0
2.612327E+3	1.005410E-5	4.882900E+9	0.000000E+0	0.000000E+0
2.615325E+3	1.005430E-5	4.883000E+9	0.000000E+0	0.000000E+0
2.618324E+3	1.005470E-5	4.883000E+9	0.000000E+0	0.000000E+0
2.621324E+3	1.005440E-5	4.883000E+9	0.000000E+0	0.000000E+0
2.624325E+3	1.005520E-5	4.882700E+9	0.000000E+0	0.000000E+0
2.627325E+3	1.005470E-5	4.882900E+9	0.000000E+0	0.000000E+0
2.630325E+3	1.005560E-5	4.882900E+9	0.000000E+0	0.000000E+0
2.633327E+3	1.005440E-5	4.883100E+9	0.000000E+0	0.000000E+0
2.636327E+3	1.005490E-5	4.883000E+9	0.000000E+0	0.000000E+0
2.639326E+3	1.005490E-5	4.883000E+9	0.000000E+0	0.000000E+0
2.642331E+3	1.005590E-5	4.882800E+9	0.000000E+0	0.000000E+0
2.645326E+3	1.005500E-5	4.883000E+9	0.000000E+0	0.000000E+0
2.648325E+3	1.005490E-5	4.882800E+9	0.000000E+0	0.000000E+0
2.651326E+3	1.005480E-5	4.883200E+9	0.000000E+0	0.000000E+0
2.654329E+3	1.005610E-5	4.882800E+9	0.000000E+0	0.000000E+0
2.657332E+3	1.005600E-5	4.883000E+9	0.000000E+0	0.000000E+0
2.660326E+3	1.005540E-5	4.883100E+9	0.000000E+0	0.000000E+0
2.663326E+3	1.005490E-5	4.883200E+9	0.000000E+0	0.000000E+0
2.666327E+3	1.005490E-5	4.882900E+9	0.000000E+0	0.000000E+0
2.669327E+3	1.005550E-5	4.883000E+9	0.000000E+0	0.000000E+0
2.672325E+3	1.005630E-5	4.883000E+9	0.000000E+0	0.000000E+0
2.675325E+3	1.005530E-5	4.883100E+9	0.000000E+0	0.000000E+0
2.678330E+3	1.005540E-5	4.882900E+9	0.000000E+0	0.000000E+0
2.681327E+3	1.005590E-5	4.883100E+9	0.000000E+0	0.000000E+0
2.684325E+3	1.005590E-5	4.883000E+9	0.000000E+0	0.000000E+0
2.687325E+3	1.005560E-5	4.883000E+9	0.000000E+0	0.000000E+0
2.690328E+3	1.005530E-5	4.883000E+9	0.000000E+0	0.000000E+0
2.693326E+3	1.005550E-5	4.883000E+9	0.000000E+0	0.000000E+0
2.696331E+3	1.005550E-5	4.882900E+9	0.000000E+0	0.000000E+0
2.699329E+3	1.005550E-5	4.883100E+9	0.000000E+0	0.000000E+0
2.702326E+3	1.005590E-5	4.883000E+9	0.000000E+0	0.000000E+0
2.705323E+3	1.005910E-5	4.883200E+9	0.000000E+0	0.000000E+0
2.708321E+3	1.005530E-5	4.883000E+9	0.000000E+0	0.000000E+0
2.711328E+3	1.005560E-5	4.883200E+9	0.000000E+0	0.000000E+0
2.714324E+3	1.005490E-5	4.883400E+9	0.000000E+0	0.000000E+0
2.717324E+3	1.005510E-5	4.883300E+9	0.000000E+0	0.000000E+0
2.720324E+3	1.005540E-5	4.883200E+9	0.000000E+0	0.000000E+0
2.723332E+3	1.005550E-5	4.883400E+9	0.000000E+0	0.000000E+0
2.726324E+3	1.005500E-5	4.883400E+9	0.000000E+0	0.000000E+0
2.729324E+3	1.005470E-5	4.883800E+9	0.000000E+0	0.000000E+0
2.732322E+3	1.005450E-5	4.883500E+9	0.000000E+0	0.000000E+0
2.735324E+3	1.005470E-5	4.883500E+9	0.000000E+0	0.000000E+0
2.738324E+3	1.005500E-5	4.883400E+9	0.000000E+0	0.000000E+0
2.741328E+3	1.005500E-5	4.883500E+9	0.000000E+0	0.000000E+0
2.744325E+3	1.005540E-5	4.883400E+9	0.000000E+0	0.000000E+0
2.747325E+3	1.005430E-5	4.883500E+9	0.000000E+0	0.000000E+0
2.750330E+3	1.005550E-5	4.883500E+9	0.000000E+0	0.000000E+0
2.753331E+3	1.005460E-5	4.883600E+9	0.000000E+0	0.000000E+0
2.756327E+3	1.005560E-5	4.883500E+9	0.000000E+0	0.000000E+0
2.759350E+3	1.005450E-5	4.883400E+9	0.000000E+0	0.000000E+0
2.762328E+3	1.005500E-5	4.883300E+9	0.000000E+0	0.000000E+0
2.765334E+3	1.005550E-5	4.883400E+9	0.000000E+0	0.000000E+0
2.768329E+3	1.005520E-5	4.883400E+9	0.000000E+0	0.000000E+0
2.771328E+3	1.005490E-5	4.883400E+9	0.000000E+0	0.000000E+0
2.774328E+3	1.005560E-5	4.883500E+9	0.000000E+0	0.000000E+0
2.777326E+3	1.005520E-5	4.883600E+9	0.000000E+0	0.000000E+0
2.780331E+3	1.005600E-5	4.883300E+9	0.000000E+0	0.000000E+0
2.783330E+3	1.005580E-5	4.883400E+9	0.000000E+0	0.000000E+0
2.786327E+3	1.005630E-5	4.883300E+9	0.000000E+0	0.000000E+0
2.789325E+3	1.005590E-5	4.883200E+9	0.000000E+0	0.000000E+0
2.792327E+3	1.005630E-5	4.883300E+9	0.000000E+0	0.000000E+0
2.795328E+3	1.005660E-5	4.883300E+9	0.000000E+0	0.000000E+0
2.798325E+3	1.005640E-5	4.883200E+9	0.000000E+0	0.000000E+0
2.801338E+3	1.005610E-5	4.883300E+9	0.000000E+0	0.000000E+0
2.804328E+3	1.005670E-5	4.883200E+9	0.000000E+0	0.000000E+0
2.807328E+3	1.005620E-5	4.883400E+9	0.000000E+0	0.000000E+0
2.810325E+3	1.005740E-5	4.883300E+9	0.000000E+0	0.000000E+0
2.813328E+3	1.005690E-5	4.883000E+9	0.000000E+0	0.000000E+0
2.816333E+3	1.005660E-5	4.883200E+9	0.000000E+0	0.000000E+0
2.819334E+3	1.005600E-5	4.883300E+9	0.000000E+0	0.000000E+0
2.822329E+3	1.005550E-5	4.883400E+9	0.000000E+0	0.000000E+0
2.825328E+3	1.005590E-5	4.883700E+9	0.000000E+0	0.000000E+0
2.828328E+3	1.005630E-5	4.883300E+9	0.000000E+0	0.000000E+0
2.831327E+3	1.005640E-5	4.883600E+9	0.000000E+0	0.000000E+0
2.834332E+3	1.005600E-5	4.883600E+9	0.000000E+0	0.000000E+0
2.837332E+3	1.005610E-5	4.883800E+9	0.000000E+0	0.000000E+0
2.840334E+3	1.005540E-5	4.884000E+9	0.000000E+0	0.000000E+0
2.843324E+3	1.005590E-5	4.884000E+9	0.000000E+0	0.000000E+0
2.846327E+3	1.005580E-5	4.883900E+9	0.000000E+0	0.000000E+0
2.849330E+3	1.005600E-5	4.883800E+9	0.000000E+0	0.000000E+0
2.852329E+3	1.005620E-5	4.883700E+9	0.000000E+0	0.000000E+0
2.855325E+3	1.005710E-5	4.883800E+9	0.000000E+0	0.000000E+0
2.858331E+3	1.005670E-5	4.883700E+9	0.000000E+0	0.000000E+0
2.861328E+3	1.005660E-5	4.883900E+9	0.000000E+0	0.000000E+0
2.864328E+3	1.005670E-5	4.883900E+9	0.000000E+0	0.000000E+0
2.867327E+3	1.005690E-5	4.884000E+9	0.000000E+0	0.000000E+0
2.870325E+3	1.005650E-5	4.884000E+9	0.000000E+0	0.000000E+0
2.873323E+3	1.005640E-5	4.883800E+9	0.000000E+0	0.000000E+0
2.876325E+3	1.005710E-5	4.883800E+9	0.000000E+0	0.000000E+0
2.879331E+3	1.005720E-5	4.884000E+9	0.000000E+0	0.000000E+0
2.882331E+3	1.005760E-5	4.883800E+9	0.000000E+0	0.000000E+0
2.885331E+3	1.005680E-5	4.883800E+9	0.000000E+0	0.000000E+0
2.888328E+3	1.005760E-5	4.883900E+9	0.000000E+0	0.000000E+0
2.891327E+3	1.005740E-5	4.883900E+9	0.000000E+0	0.000000E+0
2.894329E+3	1.005690E-5	4.883900E+9	0.000000E+0	0.000000E+0
2.897327E+3	1.005760E-5	4.884100E+9	0.000000E+0	0.000000E+0
2.900329E+3	1.005770E-5	4.883900E+9	0.000000E+0	0.000000E+0
2.903325E+3	1.005800E-5	4.883900E+9	0.000000E+0	0.000000E+0
2.906325E+3	1.005680E-5	4.883800E+9	0.000000E+0	0.000000E+0
2.909328E+3	1.005690E-5	4.883900E+9	0.000000E+0	0.000000E+0
2.912327E+3	1.005770E-5	4.883900E+9	0.000000E+0	0.000000E+0
2.915325E+3	1.005820E-5	4.883900E+9	0.000000E+0	0.000000E+0
2.918327E+3	1.005790E-5	4.883700E+9	0.000000E+0	0.000000E+0
2.921328E+3	1.005700E-5	4.883800E+9	0.000000E+0	0.000000E+0
2.924328E+3	1.005760E-5	4.883800E+9	0.000000E+0	0.000000E+0
2.927326E+3	1.005760E-5	4.883900E+9	0.000000E+0	0.000000E+0
2.930328E+3	1.005820E-5	4.883800E+9	0.000000E+0	0.000000E+0
2.933326E+3	1.005760E-5	4.883700E+9	0.000000E+0	0.000000E+0
2.936328E+3	1.005850E-5	4.883700E+9	0.000000E+0	0.000000E+0
2.939329E+3	1.005870E-5	4.883900E+9	0.000000E+0	0.000000E+0
2.942328E+3	1.005820E-5	4.883900E+9	0.000000E+0	0.000000E+0
2.945326E+3	1.005840E-5	4.884000E+9	0.000000E+0	0.000000E+0
2.948324E+3	1.005820E-5	4.883700E+9	0.000000E+0	0.000000E+0
2.951326E+3	1.005820E-5	4.883700E+9	0.000000E+0	0.000000E+0
2.954326E+3	1.005750E-5	4.884000E+9	0.000000E+0	0.000000E+0
2.957324E+3	1.005820E-5	4.884000E+9	0.000000E+0	0.000000E+0
2.960327E+3	1.005840E-5	4.883800E+9	0.000000E+0	0.000000E+0
2.963327E+3	1.005850E-5	4.883800E+9	0.000000E+0	0.000000E+0
2.966329E+3	1.005780E-5	4.883800E+9	0.000000E+0	0.000000E+0
2.969330E+3	1.005840E-5	4.883800E+9	0.000000E+0	0.000000E+0
2.972330E+3	1.005830E-5	4.883800E+9	0.000000E+0	0.000000E+0
2.975333E+3	1.005950E-5	4.884100E+9	0.000000E+0	0.000000E+0
2.978330E+3	1.005850E-5	4.884200E+9	0.000000E+0	0.000000E+0
2.981330E+3	1.005840E-5	4.884200E+9	0.000000E+0	0.000000E+0
2.984330E+3	1.005870E-5	4.884000E+9	0.000000E+0	0.000000E+0
2.987331E+3	1.005850E-5	4.884200E+9	0.000000E+0	0.000000E+0
2.990330E+3	1.005860E-5	4.884100E+9	0.000000E+0	0.000000E+0
2.993329E+3	1.005860E-5	4.884200E+9	0.000000E+0	0.000000E+0
2.996329E+3	1.005900E-5	4.884100E+9	0.000000E+0	0.000000E+0
2.999331E+3	1.005920E-5	4.884200E+9	0.000000E+0	0.000000E+0
3.002324E+3	1.005990E-5	4.883900E+9	0.000000E+0	0.000000E+0
3.005329E+3	1.006290E-5	4.884000E+9	0.000000E+0	0.000000E+0
3.008331E+3	1.005950E-5	4.884100E+9	0.000000E+0	0.000000E+0
3.011326E+3	1.005850E-5	4.884100E+9	0.000000E+0	0.000000E+0
3.014329E+3	1.005880E-5	4.884200E+9	0.000000E+0	0.000000E+0
3.017327E+3	1.005950E-5	4.884300E+9	0.000000E+0	0.000000E+0
3.020327E+3	1.005890E-5	4.884200E+9	0.000000E+0	0.000000E+0
3.023330E+3	1.005940E-5	4.884300E+9	0.000000E+0	0.000000E+0
3.026332E+3	1.005850E-5	4.884400E+9	0.000000E+0	0.000000E+0
3.029332E+3	1.005900E-5	4.884300E+9	0.000000E+0	0.000000E+0
3.032330E+3	1.005930E-5	4.884400E+9	0.000000E+0	0.000000E+0
3.035331E+3	1.005950E-5	4.884300E+9	0.000000E+0	0.000000E+0
3.038330E+3	1.005810E-5	4.884300E+9	0.000000E+0	0.000000E+0
3.041324E+3	1.005870E-5	4.884400E+9	0.000000E+0	0.000000E+0
3.044333E+3	1.005960E-5	4.884200E+9	0.000000E+0	0.000000E+0
3.047326E+3	1.005970E-5	4.884300E+9	0.000000E+0	0.000000E+0
3.050328E+3	1.005870E-5	4.884400E+9	0.000000E+0	0.000000E+0
3.053323E+3	1.005910E-5	4.884700E+9	0.000000E+0	0.000000E+0
3.056334E+3	1.005910E-5	4.884400E+9	0.000000E+0	0.000000E+0
3.059337E+3	1.005890E-5	4.884600E+9	0.000000E+0	0.000000E+0
3.062328E+3	1.005980E-5	4.884400E+9	0.000000E+0	0.000000E+0
3.065324E+3	1.005970E-5	4.884400E+9	0.000000E+0	0.000000E+0
3.068329E+3	1.005940E-5	4.884600E+9	0.000000E+0	0.000000E+0
3.071329E+3	1.005940E-5	4.884600E+9	0.000000E+0	0.000000E+0
3.074326E+3	1.005970E-5	4.884600E+9	0.000000E+0	0.000000E+0
3.077325E+3	1.005990E-5	4.884500E+9	0.000000E+0	0.000000E+0
3.080327E+3	1.005970E-5	4.884500E+9	0.000000E+0	0.000000E+0
3.083324E+3	1.005930E-5	4.884400E+9	0.000000E+0	0.000000E+0
3.086327E+3	1.006030E-5	4.884400E+9	0.000000E+0	0.000000E+0
3.089323E+3	1.006030E-5	4.884700E+9	0.000000E+0	0.000000E+0
3.092325E+3	1.005960E-5	4.884500E+9	0.000000E+0	0.000000E+0
3.095326E+3	1.005900E-5	4.884700E+9	0.000000E+0	0.000000E+0
3.098327E+3	1.005990E-5	4.884500E+9	0.000000E+0	0.000000E+0
3.101330E+3	1.006040E-5	4.884700E+9	0.000000E+0	0.000000E+0
3.104328E+3	1.005940E-5	4.884700E+9	0.000000E+0	0.000000E+0
3.107329E+3	1.006010E-5	4.884600E+9	0.000000E+0	0.000000E+0
3.110328E+3	1.005930E-5	4.884600E+9	0.000000E+0	0.000000E+0
3.113329E+3	1.006030E-5	4.884600E+9	0.000000E+0	0.000000E+0
3.116328E+3	1.006040E-5	4.884500E+9	0.000000E+0	0.000000E+0
3.119326E+3	1.006010E-5	4.884700E+9	0.000000E+0	0.000000E+0
3.122327E+3	1.006030E-5	4.884600E+9	0.000000E+0	0.000000E+0
3.125332E+3	1.005980E-5	4.884700E+9	0.000000E+0	0.000000E+0
3.128327E+3	1.006050E-5	4.884700E+9	0.000000E+0	0.000000E+0
3.131329E+3	1.005980E-5	4.884700E+9	0.000000E+0	0.000000E+0
3.134327E+3	1.006230E-5	4.884600E+9	0.000000E+0	0.000000E+0
3.137324E+3	1.006240E-5	4.884700E+9	0.000000E+0	0.000000E+0
3.140329E+3	1.006250E-5	4.884600E+9	0.000000E+0	0.000000E+0
3.143330E+3	1.006200E-5	4.884800E+9	0.000000E+0	0.000000E+0
3.146328E+3	1.006340E-5	4.883900E+9	0.000000E+0	0.000000E+0
3.149330E+3	1.006760E-5	4.883900E+9	0.000000E+0	0.000000E+0
3.152327E+3	1.006350E-5	4.883800E+9	0.000000E+0	0.000000E+0
3.155328E+3	1.006210E-5	4.884400E+9	0.000000E+0	0.000000E+0
3.158327E+3	1.006610E-5	4.885500E+9	0.000000E+0	0.000000E+0
3.161326E+3	1.006520E-5	4.885400E+9	0.000000E+0	0.000000E+0
3.164331E+3	1.006510E-5	4.885300E+9	0.000000E+0	0.000000E+0
3.167329E+3	1.006430E-5	4.884900E+9	0.000000E+0	0.000000E+0
3.170328E+3	1.006650E-5	4.885700E+9	0.000000E+0	0.000000E+0
3.173334E+3	1.006620E-5	4.885600E+9	0.000000E+0	0.000000E+0
3.176329E+3	1.006540E-5	4.885800E+9	0.000000E+0	0.000000E+0
3.179331E+3	1.006460E-5	4.885900E+9	0.000000E+0	0.000000E+0
3.182329E+3	1.006450E-5	4.885800E+9	0.000000E+0	0.000000E+0
3.185329E+3	1.006370E-5	4.885900E+9	0.000000E+0	0.000000E+0
3.188327E+3	1.006430E-5	4.885800E+9	0.000000E+0	0.000000E+0
3.191324E+3	1.006400E-5	4.885700E+9	0.000000E+0	0.000000E+0
3.194327E+3	1.006380E-5	4.885800E+9	0.000000E+0	0.000000E+0
3.197327E+3	1.006360E-5	4.885900E+9	0.000000E+0	0.000000E+0
3.200327E+3	1.006310E-5	4.885800E+9	0.000000E+0	0.000000E+0
3.203327E+3	1.006370E-5	4.885900E+9	0.000000E+0	0.000000E+0
3.206330E+3	1.006450E-5	4.885700E+9	0.000000E+0	0.000000E+0
3.209328E+3	1.006390E-5	4.885900E+9	0.000000E+0	0.000000E+0
3.212325E+3	1.006530E-5	4.885800E+9	0.000000E+0	0.000000E+0
3.215324E+3	1.006470E-5	4.885800E+9	0.000000E+0	0.000000E+0
3.218329E+3	1.006490E-5	4.885700E+9	0.000000E+0	0.000000E+0
3.221331E+3	1.006430E-5	4.885800E+9	0.000000E+0	0.000000E+0
3.224337E+3	1.006430E-5	4.885800E+9	0.000000E+0	0.000000E+0
3.227328E+3	1.006440E-5	4.885900E+9	0.000000E+0	0.000000E+0
3.230331E+3	1.006430E-5	4.885700E+9	0.000000E+0	0.000000E+0
3.233337E+3	1.006460E-5	4.885800E+9	0.000000E+0	0.000000E+0
3.236328E+3	1.006460E-5	4.885700E+9	0.000000E+0	0.000000E+0
3.239326E+3	1.006420E-5	4.885700E+9	0.000000E+0	0.000000E+0
3.242327E+3	1.006420E-5	4.885900E+9	0.000000E+0	0.000000E+0
3.245326E+3	1.006400E-5	4.885800E+9	0.000000E+0	0.000000E+0
3.248329E+3	1.006460E-5	4.885900E+9	0.000000E+0	0.000000E+0
3.251329E+3	1.006360E-5	4.885900E+9	0.000000E+0	0.000000E+0
3.254327E+3	1.006500E-5	4.885700E+9	0.000000E+0	0.000000E+0
3.257328E+3	1.006450E-5	4.885800E+9	0.000000E+0	0.000000E+0
3.260325E+3	1.006500E-5	4.885700E+9	0.000000E+0	0.000000E+0
3.263325E+3	1.006440E-5	4.885900E+9	0.000000E+0	0.000000E+0
3.266330E+3	1.006440E-5	4.885700E+9	0.000000E+0	0.000000E+0
3.269328E+3	1.006440E-5	4.885800E+9	0.000000E+0	0.000000E+0
3.272322E+3	1.006560E-5	4.885900E+9	0.000000E+0	0.000000E+0
3.275325E+3	1.006490E-5	4.885800E+9	0.000000E+0	0.000000E+0
3.278326E+3	1.006510E-5	4.885900E+9	0.000000E+0	0.000000E+0
3.281329E+3	1.006490E-5	4.885800E+9	0.000000E+0	0.000000E+0
3.284328E+3	1.006600E-5	4.885900E+9	0.000000E+0	0.000000E+0
3.287329E+3	1.006400E-5	4.885900E+9	0.000000E+0	0.000000E+0
3.290328E+3	1.006560E-5	4.885600E+9	0.000000E+0	0.000000E+0
3.293327E+3	1.006520E-5	4.886200E+9	0.000000E+0	0.000000E+0
3.296329E+3	1.006580E-5	4.886300E+9	0.000000E+0	0.000000E+0
3.299329E+3	1.006620E-5	4.886300E+9	0.000000E+0	0.000000E+0
3.302327E+3	1.006540E-5	4.886100E+9	0.000000E+0	0.000000E+0
3.305327E+3	1.007250E-5	4.885100E+9	0.000000E+0	0.000000E+0
3.308329E+3	1.006760E-5	4.885100E+9	0.000000E+0	0.000000E+0
3.311337E+3	1.006590E-5	4.885300E+9	0.000000E+0	0.000000E+0
3.314325E+3	1.006540E-5	4.885400E+9	0.000000E+0	0.000000E+0
3.317332E+3	1.006450E-5	4.884300E+9	0.000000E+0	0.000000E+0
3.320330E+3	1.006470E-5	4.884500E+9	0.000000E+0	0.000000E+0
3.323328E+3	1.006470E-5	4.884500E+9	0.000000E+0	0.000000E+0
3.326327E+3	1.006350E-5	4.884900E+9	0.000000E+0	0.000000E+0
3.329323E+3	1.006440E-5	4.884600E+9	0.000000E+0	0.000000E+0
3.332331E+3	1.006460E-5	4.884600E+9	0.000000E+0	0.000000E+0
3.335326E+3	1.006500E-5	4.884500E+9	0.000000E+0	0.000000E+0
3.338336E+3	1.006510E-5	4.884700E+9	0.000000E+0	0.000000E+0
3.341324E+3	1.006470E-5	4.884600E+9	0.000000E+0	0.000000E+0
3.344328E+3	1.006540E-5	4.884400E+9	0.000000E+0	0.000000E+0
3.347321E+3	1.006560E-5	4.884600E+9	0.000000E+0	0.000000E+0
3.350328E+3	1.006640E-5	4.884500E+9	0.000000E+0	0.000000E+0
3.353324E+3	1.006510E-5	4.884500E+9	0.000000E+0	0.000000E+0
3.356326E+3	1.006600E-5	4.884500E+9	0.000000E+0	0.000000E+0
3.359318E+3	1.006560E-5	4.884600E+9	0.000000E+0	0.000000E+0
3.362327E+3	1.006650E-5	4.884400E+9	0.000000E+0	0.000000E+0
3.365326E+3	1.006600E-5	4.884600E+9	0.000000E+0	0.000000E+0
3.368330E+3	1.006580E-5	4.884500E+9	0.000000E+0	0.000000E+0
3.371330E+3	1.006570E-5	4.884500E+9	0.000000E+0	0.000000E+0
3.374322E+3	1.006590E-5	4.884600E+9	0.000000E+0	0.000000E+0
3.377324E+3	1.006750E-5	4.884500E+9	0.000000E+0	0.000000E+0
3.380328E+3	1.006570E-5	4.884500E+9	0.000000E+0	0.000000E+0
3.383328E+3	1.006580E-5	4.884400E+9	0.000000E+0	0.000000E+0
3.386330E+3	1.006560E-5	4.884500E+9	0.000000E+0	0.000000E+0
3.389330E+3	1.006530E-5	4.884600E+9	0.000000E+0	0.000000E+0
3.392328E+3	1.006620E-5	4.884500E+9	0.000000E+0	0.000000E+0
3.395326E+3	1.006660E-5	4.884600E+9	0.000000E+0	0.000000E+0
3.398328E+3	1.006620E-5	4.884400E+9	0.000000E+0	0.000000E+0
3.401328E+3	1.006590E-5	4.884500E+9	0.000000E+0	0.000000E+0
3.404331E+3	1.006690E-5	4.884400E+9	0.000000E+0	0.000000E+0
3.407329E+3	1.006670E-5	4.884500E+9	0.000000E+0	0.000000E+0
3.410329E+3	1.006620E-5	4.884300E+9	0.000000E+0	0.000000E+0
3.413324E+3	1.006580E-5	4.884500E+9	0.000000E+0	0.000000E+0
3.416332E+3	1.006610E-5	4.884400E+9	0.000000E+0	0.000000E+0
3.419327E+3	1.006630E-5	4.884500E+9	0.000000E+0	0.000000E+0
3.422330E+3	1.006640E-5	4.884300E+9	0.000000E+0	0.000000E+0
3.425329E+3	1.006630E-5	4.884600E+9	0.000000E+0	0.000000E+0
3.428329E+3	1.006660E-5	4.884500E+9	0.000000E+0	0.000000E+0
3.431325E+3	1.006710E-5	4.884600E+9	0.000000E+0	0.000000E+0
3.434324E+3	1.006590E-5	4.884600E+9	0.000000E+0	0.000000E+0
3.437327E+3	1.006700E-5	4.884600E+9	0.000000E+0	0.000000E+0
3.440325E+3	1.006750E-5	4.884500E+9	0.000000E+0	0.000000E+0
3.443325E+3	1.006690E-5	4.884500E+9	0.000000E+0	0.000000E+0
3.446325E+3	1.006780E-5	4.884500E+9	0.000000E+0	0.000000E+0
3.449326E+3	1.006740E-5	4.884500E+9	0.000000E+0	0.000000E+0
3.452325E+3	1.006740E-5	4.884400E+9	0.000000E+0	0.000000E+0
3.455328E+3	1.006720E-5	4.884400E+9	0.000000E+0	0.000000E+0
3.458326E+3	1.006760E-5	4.884500E+9	0.000000E+0	0.000000E+0
3.461325E+3	1.006740E-5	4.884600E+9	0.000000E+0	0.000000E+0
3.464326E+3	1.006740E-5	4.884500E+9	0.000000E+0	0.000000E+0
3.467329E+3	1.006810E-5	4.884600E+9	0.000000E+0	0.000000E+0
3.470328E+3	1.006830E-5	4.884500E+9	0.000000E+0	0.000000E+0
3.473327E+3	1.006780E-5	4.884600E+9	0.000000E+0	0.000000E+0
3.476326E+3	1.006800E-5	4.884600E+9	0.000000E+0	0.000000E+0
3.479326E+3	1.006840E-5	4.884400E+9	0.000000E+0	0.000000E+0
3.482326E+3	1.006870E-5	4.884500E+9	0.000000E+0	0.000000E+0
3.485325E+3	1.006770E-5	4.884600E+9	0.000000E+0	0.000000E+0
3.488327E+3	1.006780E-5	4.884600E+9	0.000000E+0	0.000000E+0
3.491328E+3	1.006830E-5	4.884600E+9	0.000000E+0	0.000000E+0
3.494327E+3	1.006810E-5	4.884500E+9	0.000000E+0	0.000000E+0
3.497319E+3	1.006720E-5	4.885000E+9	0.000000E+0	0.000000E+0
3.500325E+3	1.006780E-5	4.884900E+9	0.000000E+0	0.000000E+0
3.503328E+3	1.006740E-5	4.884700E+9	0.000000E+0	0.000000E+0
3.506322E+3	1.006790E-5	4.884800E+9	0.000000E+0	0.000000E+0
3.509331E+3	1.006660E-5	4.884700E+9	0.000000E+0	0.000000E+0
3.512328E+3	1.006740E-5	4.884700E+9	0.000000E+0	0.000000E+0
3.515326E+3	1.006810E-5	4.884800E+9	0.000000E+0	0.000000E+0
3.518326E+3	1.006700E-5	4.884700E+9	0.000000E+0	0.000000E+0
3.521326E+3	1.006710E-5	4.884700E+9	0.000000E+0	0.000000E+0
3.524325E+3	1.006790E-5	4.884700E+9	0.000000E+0	0.000000E+0
3.527329E+3	1.006780E-5	4.884700E+9	0.000000E+0	0.000000E+0
3.530326E+3	1.006740E-5	4.884800E+9	0.000000E+0	0.000000E+0
3.533331E+3	1.006690E-5	4.884700E+9	0.000000E+0	0.000000E+0
3.536326E+3	1.006760E-5	4.884600E+9	0.000000E+0	0.000000E+0
3.539327E+3	1.006800E-5	4.884800E+9	0.000000E+0	0.000000E+0
3.542326E+3	1.006780E-5	4.884700E+9	0.000000E+0	0.000000E+0
3.545325E+3	1.006850E-5	4.884700E+9	0.000000E+0	0.000000E+0
3.548325E+3	1.006780E-5	4.884900E+9	0.000000E+0	0.000000E+0
3.551328E+3	1.006850E-5	4.884800E+9	0.000000E+0	0.000000E+0
3.554327E+3	1.006850E-5	4.884700E+9	0.000000E+0	0.000000E+0
3.557323E+3	1.006790E-5	4.884700E+9	0.000000E+0	0.000000E+0
3.560328E+3	1.006870E-5	4.884600E+9	0.000000E+0	0.000000E+0
3.563325E+3	1.006870E-5	4.884800E+9	0.000000E+0	0.000000E+0
3.566323E+3	1.006880E-5	4.884700E+9	0.000000E+0	0.000000E+0
3.569326E+3	1.006800E-5	4.884900E+9	0.000000E+0	0.000000E+0
3.572326E+3	1.006890E-5	4.884800E+9	0.000000E+0	0.000000E+0
3.575328E+3	1.006860E-5	4.884700E+9	0.000000E+0	0.000000E+0
3.578326E+3	1.006940E-5	4.884900E+9	0.000000E+0	0.000000E+0
3.581329E+3	1.006840E-5	4.884800E+9	0.000000E+0	0.000000E+0
3.584328E+3	1.006860E-5	4.884900E+9	0.000000E+0	0.000000E+0
3.587329E+3	1.006880E-5	4.884800E+9	0.000000E+0	0.000000E+0
3.590329E+3	1.006830E-5	4.884600E+9	0.000000E+0	0.000000E+0
3.593329E+3	1.006860E-5	4.884800E+9	0.000000E+0	0.000000E+0
3.596327E+3	1.006910E-5	4.884800E+9	0.000000E+0	0.000000E+0
3.599329E+3	1.006890E-5	4.884900E+9	0.000000E+0	0.000000E+0
3.602327E+3	1.006950E-5	4.884800E+9	0.000000E+0	0.000000E+0
3.605333E+3	1.007220E-5	4.884600E+9	0.000000E+0	0.000000E+0
3.608330E+3	1.006920E-5	4.884900E+9	0.000000E+0	0.000000E+0
3.611332E+3	1.006900E-5	4.884800E+9	0.000000E+0	0.000000E+0
3.614330E+3	1.006890E-5	4.884900E+9	0.000000E+0	0.000000E+0
3.617331E+3	1.006870E-5	4.884900E+9	0.000000E+0	0.000000E+0
3.620330E+3	1.006950E-5	4.884800E+9	0.000000E+0	0.000000E+0
3.623328E+3	1.006880E-5	4.884800E+9	0.000000E+0	0.000000E+0
3.626328E+3	1.006850E-5	4.884800E+9	0.000000E+0	0.000000E+0
3.629330E+3	1.006870E-5	4.884900E+9	0.000000E+0	0.000000E+0
3.632328E+3	1.006900E-5	4.884800E+9	0.000000E+0	0.000000E+0
3.635329E+3	1.006850E-5	4.884900E+9	0.000000E+0	0.000000E+0
3.638334E+3	1.007000E-5	4.884800E+9	0.000000E+0	0.000000E+0
3.641326E+3	1.006990E-5	4.884900E+9	0.000000E+0	0.000000E+0
3.644331E+3	1.006980E-5	4.884700E+9	0.000000E+0	0.000000E+0
3.647335E+3	1.006950E-5	4.885000E+9	0.000000E+0	0.000000E+0
3.650336E+3	1.006920E-5	4.884800E+9	0.000000E+0	0.000000E+0
3.653324E+3	1.006940E-5	4.885000E+9	0.000000E+0	0.000000E+0
3.656329E+3	1.006940E-5	4.884900E+9	0.000000E+0	0.000000E+0
3.659322E+3	1.006960E-5	4.885000E+9	0.000000E+0	0.000000E+0
3.662332E+3	1.006920E-5	4.885000E+9	0.000000E+0	0.000000E+0
3.665332E+3	1.006920E-5	4.885000E+9	0.000000E+0	0.000000E+0
3.668330E+3	1.006990E-5	4.884700E+9	0.000000E+0	0.000000E+0
3.671328E+3	1.006890E-5	4.884800E+9	0.000000E+0	0.000000E+0
3.674328E+3	1.006970E-5	4.884900E+9	0.000000E+0	0.000000E+0
3.677319E+3	1.006890E-5	4.884900E+9	0.000000E+0	0.000000E+0
3.680325E+3	1.007050E-5	4.884800E+9	0.000000E+0	0.000000E+0
3.683328E+3	1.006930E-5	4.884800E+9	0.000000E+0	0.000000E+0
3.686330E+3	1.007000E-5	4.884800E+9	0.000000E+0	0.000000E+0
3.689329E+3	1.007030E-5	4.884800E+9	0.000000E+0	0.000000E+0
3.692326E+3	1.007030E-5	4.884800E+9	0.000000E+0	0.000000E+0
3.695324E+3	1.007040E-5	4.885000E+9	0.000000E+0	0.000000E+0
3.698326E+3	1.007030E-5	4.884800E+9	0.000000E+0	0.000000E+0
3.701329E+3	1.006980E-5	4.884600E+9	0.000000E+0	0.000000E+0
3.704326E+3	1.007080E-5	4.884800E+9	0.000000E+0	0.000000E+0
3.707327E+3	1.006990E-5	4.884900E+9	0.000000E+0	0.000000E+0
3.710327E+3	1.006980E-5	4.884800E+9	0.000000E+0	0.000000E+0
3.713319E+3	1.007070E-5	4.884900E+9	0.000000E+0	0.000000E+0
3.716326E+3	1.007150E-5	4.884700E+9	0.000000E+0	0.000000E+0
3.719330E+3	1.007090E-5	4.885000E+9	0.000000E+0	0.000000E+0
3.722324E+3	1.007110E-5	4.884800E+9	0.000000E+0	0.000000E+0
3.725325E+3	1.007040E-5	4.884900E+9	0.000000E+0	0.000000E+0
3.728330E+3	1.007090E-5	4.885000E+9	0.000000E+0	0.000000E+0
3.731328E+3	1.007000E-5	4.885000E+9	0.000000E+0	0.000000E+0
3.734319E+3	1.007150E-5	4.884800E+9	0.000000E+0	0.000000E+0
3.737327E+3	1.007100E-5	4.885000E+9	0.000000E+0	0.000000E+0
3.740328E+3	1.007160E-5	4.885000E+9	0.000000E+0	0.000000E+0
3.743325E+3	1.007100E-5	4.884900E+9	0.000000E+0	0.000000E+0
3.746326E+3	1.007130E-5	4.884800E+9	0.000000E+0	0.000000E+0
3.749326E+3	1.007100E-5	4.884900E+9	0.000000E+0	0.000000E+0
3.752326E+3	1.007080E-5	4.884900E+9	0.000000E+0	0.000000E+0
3.755328E+3	1.007120E-5	4.884900E+9	0.000000E+0	0.000000E+0
3.758328E+3	1.007110E-5	4.884900E+9	0.000000E+0	0.000000E+0
3.761332E+3	1.007110E-5	4.884900E+9	0.000000E+0	0.000000E+0
3.764326E+3	1.007170E-5	4.884900E+9	0.000000E+0	0.000000E+0
3.767327E+3	1.007140E-5	4.884900E+9	0.000000E+0	0.000000E+0
3.770326E+3	1.007170E-5	4.884900E+9	0.000000E+0	0.000000E+0
3.773332E+3	1.007140E-5	4.884900E+9	0.000000E+0	0.000000E+0
3.776327E+3	1.007180E-5	4.884900E+9	0.000000E+0	0.000000E+0
3.779327E+3	1.007150E-5	4.884800E+9	0.000000E+0	0.000000E+0
3.782327E+3	1.007190E-5	4.884800E+9	0.000000E+0	0.000000E+0
3.785327E+3	1.007120E-5	4.884800E+9	0.000000E+0	0.000000E+0
3.788325E+3	1.007190E-5	4.884700E+9	0.000000E+0	0.000000E+0
3.791327E+3	1.007140E-5	4.885000E+9	0.000000E+0	0.000000E+0
3.794327E+3	1.007200E-5	4.884800E+9	0.000000E+0	0.000000E+0
3.797335E+3	1.007260E-5	4.884700E+9	0.000000E+0	0.000000E+0
3.800328E+3	1.007300E-5	4.884600E+9	0.000000E+0	0.000000E+0
3.803330E+3	1.007250E-5	4.884800E+9	0.000000E+0	0.000000E+0
3.806330E+3	1.007310E-5	4.884500E+9	0.000000E+0	0.000000E+0
3.809334E+3	1.007250E-5	4.884600E+9	0.000000E+0	0.000000E+0
3.812330E+3	1.007330E-5	4.884500E+9	0.000000E+0	0.000000E+0
3.815329E+3	1.007300E-5	4.884700E+9	0.000000E+0	0.000000E+0
3.818328E+3	1.007250E-5	4.884600E+9	0.000000E+0	0.000000E+0
3.821331E+3	1.007360E-5	4.884700E+9	0.000000E+0	0.000000E+0
3.824329E+3	1.007370E-5	4.884700E+9	0.000000E+0	0.000000E+0
3.827331E+3	1.007300E-5	4.884900E+9	0.000000E+0	0.000000E+0
3.830329E+3	1.007320E-5	4.884700E+9	0.000000E+0	0.000000E+0
3.833332E+3	1.007260E-5	4.884900E+9	0.000000E+0	0.000000E+0
3.836334E+3	1.007310E-5	4.884800E+9	0.000000E+0	0.000000E+0
3.839330E+3	1.007270E-5	4.884800E+9	0.000000E+0	0.000000E+0
3.842329E+3	1.007220E-5	4.884800E+9	0.000000E+0	0.000000E+0
3.845330E+3	1.007250E-5	4.885000E+9	0.000000E+0	0.000000E+0
3.848330E+3	1.007280E-5	4.884800E+9	0.000000E+0	0.000000E+0
3.851325E+3	1.007280E-5	4.885000E+9	0.000000E+0	0.000000E+0
3.854334E+3	1.007320E-5	4.884900E+9	0.000000E+0	0.000000E+0
3.857331E+3	1.007320E-5	4.885000E+9	0.000000E+0	0.000000E+0
3.860334E+3	1.007350E-5	4.884800E+9	0.000000E+0	0.000000E+0
3.863324E+3	1.007280E-5	4.884900E+9	0.000000E+0	0.000000E+0
3.866329E+3	1.007360E-5	4.884500E+9	0.000000E+0	0.000000E+0
3.869329E+3	1.007300E-5	4.884900E+9	0.000000E+0	0.000000E+0
3.872330E+3	1.007430E-5	4.884700E+9	0.000000E+0	0.000000E+0
3.875325E+3	1.007330E-5	4.884800E+9	0.000000E+0	0.000000E+0
3.878331E+3	1.007550E-5	4.884800E+9	0.000000E+0	0.000000E+0
3.881337E+3	1.007290E-5	4.884800E+9	0.000000E+0	0.000000E+0
3.884328E+3	1.007310E-5	4.884900E+9	0.000000E+0	0.000000E+0
3.887326E+3	1.007390E-5	4.884900E+9	0.000000E+0	0.000000E+0
3.890327E+3	1.007370E-5	4.884900E+9	0.000000E+0	0.000000E+0
3.893329E+3	1.007370E-5	4.885000E+9	0.000000E+0	0.000000E+0
3.896326E+3	1.007380E-5	4.884800E+9	0.000000E+0	0.000000E+0
3.899329E+3	1.007380E-5	4.884900E+9	0.000000E+0	0.000000E+0
3.902325E+3	1.007410E-5	4.884900E+9	0.000000E+0	0.000000E+0
3.905325E+3	1.007650E-5	4.884800E+9	0.000000E+0	0.000000E+0
3.908325E+3	1.007410E-5	4.885000E+9	0.000000E+0	0.000000E+0
3.911328E+3	1.007270E-5	4.884900E+9	0.000000E+0	0.000000E+0
3.914327E+3	1.007400E-5	4.885000E+9	0.000000E+0	0.000000E+0
3.917328E+3	1.007350E-5	4.885100E+9	0.000000E+0	0.000000E+0
3.920327E+3	1.007730E-5	4.885000E+9	0.000000E+0	0.000000E+0
3.923328E+3	1.007420E-5	4.884900E+9	0.000000E+0	0.000000E+0
3.926325E+3	1.007470E-5	4.885000E+9	0.000000E+0	0.000000E+0
3.929326E+3	1.007330E-5	4.885000E+9	0.000000E+0	0.000000E+0
3.932325E+3	1.007420E-5	4.885000E+9	0.000000E+0	0.000000E+0
3.935320E+3	1.007640E-5	4.885200E+9	0.000000E+0	0.000000E+0
3.938325E+3	1.007440E-5	4.884900E+9	0.000000E+0	0.000000E+0
3.941326E+3	1.007710E-5	4.884900E+9	0.000000E+0	0.000000E+0
3.944328E+3	1.007390E-5	4.885000E+9	0.000000E+0	0.000000E+0
3.947327E+3	1.007390E-5	4.885200E+9	0.000000E+0	0.000000E+0
3.950324E+3	1.007510E-5	4.884900E+9	0.000000E+0	0.000000E+0
3.953324E+3	1.007480E-5	4.884800E+9	0.000000E+0	0.000000E+0
3.956326E+3	1.007500E-5	4.884800E+9	0.000000E+0	0.000000E+0
3.959325E+3	1.007450E-5	4.885000E+9	0.000000E+0	0.000000E+0
3.962327E+3	1.007590E-5	4.884900E+9	0.000000E+0	0.000000E+0
3.965324E+3	1.007550E-5	4.885000E+9	0.000000E+0	0.000000E+0
3.968325E+3	1.007590E-5	4.884900E+9	0.000000E+0	0.000000E+0
3.971327E+3	1.007520E-5	4.885000E+9	0.000000E+0	0.000000E+0
3.974327E+3	1.007530E-5	4.884800E+9	0.000000E+0	0.000000E+0
3.977327E+3	1.007510E-5	4.885000E+9	0.000000E+0	0.000000E+0
3.980323E+3	1.007470E-5	4.884900E+9	0.000000E+0	0.000000E+0
3.983325E+3	1.007480E-5	4.884900E+9	0.000000E+0	0.000000E+0
3.986326E+3	1.007490E-5	4.884900E+9	0.000000E+0	0.000000E+0
3.989325E+3	1.007570E-5	4.885000E+9	0.000000E+0	0.000000E+0
3.992325E+3	1.007590E-5	4.884800E+9	0.000000E+0	0.000000E+0
3.995326E+3	1.007590E-5	4.884800E+9	0.000000E+0	0.000000E+0
3.998324E+3	1.007600E-5	4.884900E+9	0.000000E+0	0.000000E+0
4.001326E+3	1.007550E-5	4.884900E+9	0.000000E+0	0.000000E+0
4.004327E+3	1.007600E-5	4.885000E+9	0.000000E+0	0.000000E+0
4.007326E+3	1.007670E-5	4.884900E+9	0.000000E+0	0.000000E+0
4.010324E+3	1.007600E-5	4.884900E+9	0.000000E+0	0.000000E+0
4.013327E+3	1.007510E-5	4.884800E+9	0.000000E+0	0.000000E+0
4.016326E+3	1.007590E-5	4.884800E+9	0.000000E+0	0.000000E+0
4.019325E+3	1.007570E-5	4.884800E+9	0.000000E+0	0.000000E+0
4.022324E+3	1.007610E-5	4.884900E+9	0.000000E+0	0.000000E+0
4.025325E+3	1.007620E-5	4.884800E+9	0.000000E+0	0.000000E+0
4.028327E+3	1.007570E-5	4.884800E+9	0.000000E+0	0.000000E+0
4.031327E+3	1.007570E-5	4.884900E+9	0.000000E+0	0.000000E+0
4.034325E+3	1.007640E-5	4.884700E+9	0.000000E+0	0.000000E+0
4.037326E+3	1.007650E-5	4.884700E+9	0.000000E+0	0.000000E+0
4.040325E+3	1.007620E-5	4.884700E+9	0.000000E+0	0.000000E+0
4.043326E+3	1.007620E-5	4.884800E+9	0.000000E+0	0.000000E+0
4.046326E+3	1.007620E-5	4.884800E+9	0.000000E+0	0.000000E+0
4.049326E+3	1.007630E-5	4.884900E+9	0.000000E+0	0.000000E+0
4.052326E+3	1.007650E-5	4.884900E+9	0.000000E+0	0.000000E+0
4.055328E+3	1.007660E-5	4.884900E+9	0.000000E+0	0.000000E+0
4.058326E+3	1.007710E-5	4.884800E+9	0.000000E+0	0.000000E+0
4.061327E+3	1.007630E-5	4.884800E+9	0.000000E+0	0.000000E+0
4.064328E+3	1.007700E-5	4.885000E+9	0.000000E+0	0.000000E+0
4.067326E+3	1.007680E-5	4.885000E+9	0.000000E+0	0.000000E+0
4.070327E+3	1.008080E-5	4.884800E+9	0.000000E+0	0.000000E+0
4.073326E+3	1.007530E-5	4.885100E+9	0.000000E+0	0.000000E+0
4.076329E+3	1.007670E-5	4.885100E+9	0.000000E+0	0.000000E+0
4.079327E+3	1.007610E-5	4.884800E+9	0.000000E+0	0.000000E+0
4.082327E+3	1.007750E-5	4.884900E+9	0.000000E+0	0.000000E+0
4.085325E+3	1.007600E-5	4.884900E+9	0.000000E+0	0.000000E+0
4.088324E+3	1.007750E-5	4.885000E+9	0.000000E+0	0.000000E+0
4.091327E+3	1.007610E-5	4.884900E+9	0.000000E+0	0.000000E+0
4.094325E+3	1.007780E-5	4.884800E+9	0.000000E+0	0.000000E+0
4.097323E+3	1.007850E-5	4.885000E+9	0.000000E+0	0.000000E+0
4.100325E+3	1.007720E-5	4.884900E+9	0.000000E+0	0.000000E+0
4.103325E+3	1.007670E-5	4.885100E+9	0.000000E+0	0.000000E+0
4.106325E+3	1.007690E-5	4.884900E+9	0.000000E+0	0.000000E+0
4.109318E+3	1.007750E-5	4.884900E+9	0.000000E+0	0.000000E+0
4.112325E+3	1.007830E-5	4.884700E+9	0.000000E+0	0.000000E+0
4.115328E+3	1.007780E-5	4.884900E+9	0.000000E+0	0.000000E+0
4.118329E+3	1.007770E-5	4.884800E+9	0.000000E+0	0.000000E+0
4.121323E+3	1.007860E-5	4.885100E+9	0.000000E+0	0.000000E+0
4.124323E+3	1.007800E-5	4.885000E+9	0.000000E+0	0.000000E+0
4.127322E+3	1.007840E-5	4.885000E+9	0.000000E+0	0.000000E+0
4.130322E+3	1.007790E-5	4.885000E+9	0.000000E+0	0.000000E+0
4.133325E+3	1.007830E-5	4.885000E+9	0.000000E+0	0.000000E+0
4.136327E+3	1.007780E-5	4.885100E+9	0.000000E+0	0.000000E+0
4.139325E+3	1.007820E-5	4.884900E+9	0.000000E+0	0.000000E+0
4.142322E+3	1.007860E-5	4.885000E+9	0.000000E+0	0.000000E+0
4.145332E+3	1.007790E-5	4.885100E+9	0.000000E+0	0.000000E+0
4.148324E+3	1.007790E-5	4.885000E+9	0.000000E+0	0.000000E+0
4.151335E+3	1.007710E-5	4.885100E+9	0.000000E+0	0.000000E+0
4.154333E+3	1.007830E-5	4.884700E+9	0.000000E+0	0.000000E+0
4.157330E+3	1.007830E-5	4.885200E+9	0.000000E+0	0.000000E+0
4.160325E+3	1.007820E-5	4.885100E+9	0.000000E+0	0.000000E+0
4.163329E+3	1.007990E-5	4.884800E+9	0.000000E+0	0.000000E+0
4.166326E+3	1.007900E-5	4.884900E+9	0.000000E+0	0.000000E+0
4.169331E+3	1.007820E-5	4.885000E+9	0.000000E+0	0.000000E+0
4.172329E+3	1.007870E-5	4.885000E+9	0.000000E+0	0.000000E+0
4.175331E+3	1.007860E-5	4.885100E+9	0.000000E+0	0.000000E+0
4.178329E+3	1.007850E-5	4.885000E+9	0.000000E+0	0.000000E+0
4.181329E+3	1.007850E-5	4.885000E+9	0.000000E+0	0.000000E+0
4.184329E+3	1.007870E-5	4.885000E+9	0.000000E+0	0.000000E+0
4.187330E+3	1.007910E-5	4.885100E+9	0.000000E+0	0.000000E+0
4.190327E+3	1.007870E-5	4.885100E+9	0.000000E+0	0.000000E+0
4.193330E+3	1.007850E-5	4.885000E+9	0.000000E+0	0.000000E+0
4.196332E+3	1.007870E-5	4.885000E+9	0.000000E+0	0.000000E+0
4.199330E+3	1.007960E-5	4.885200E+9	0.000000E+0	0.000000E+0
4.202327E+3	1.007990E-5	4.885100E+9	0.000000E+0	0.000000E+0
4.205323E+3	1.008320E-5	4.885100E+9	0.000000E+0	0.000000E+0
4.208333E+3	1.007910E-5	4.885200E+9	0.000000E+0	0.000000E+0
4.211325E+3	1.007970E-5	4.885200E+9	0.000000E+0	0.000000E+0
4.214330E+3	1.008000E-5	4.885200E+9	0.000000E+0	0.000000E+0
4.217326E+3	1.007980E-5	4.885500E+9	0.000000E+0	0.000000E+0
4.220328E+3	1.007860E-5	4.885200E+9	0.000000E+0	0.000000E+0
4.223326E+3	1.007860E-5	4.885500E+9	0.000000E+0	0.000000E+0
4.226325E+3	1.007840E-5	4.885600E+9	0.000000E+0	0.000000E+0
4.229329E+3	1.007940E-5	4.885300E+9	0.000000E+0	0.000000E+0
4.232326E+3	1.007920E-5	4.885200E+9	0.000000E+0	0.000000E+0
4.235328E+3	1.007910E-5	4.885200E+9	0.000000E+0	0.000000E+0
4.238329E+3	1.007940E-5	4.884900E+9	0.000000E+0	0.000000E+0
4.241326E+3	1.007860E-5	4.885100E+9	0.000000E+0	0.000000E+0
4.244324E+3	1.007840E-5	4.885400E+9	0.000000E+0	0.000000E+0
4.247326E+3	1.007970E-5	4.885300E+9	0.000000E+0	0.000000E+0
4.250329E+3	1.007960E-5	4.885100E+9	0.000000E+0	0.000000E+0
4.253327E+3	1.007950E-5	4.885400E+9	0.000000E+0	0.000000E+0
4.256327E+3	1.008030E-5	4.885300E+9	0.000000E+0	0.000000E+0
4.259329E+3	1.008030E-5	4.885200E+9	0.000000E+0	0.000000E+0
4.262324E+3	1.008120E-5	4.885400E+9	0.000000E+0	0.000000E+0
4.265325E+3	1.008120E-5	4.885500E+9	0.000000E+0	0.000000E+0
4.268322E+3	1.007990E-5	4.885500E+9	0.000000E+0	0.000000E+0
4.271327E+3	1.007950E-5	4.885500E+9	0.000000E+0	0.000000E+0
4.274325E+3	1.008130E-5	4.885200E+9	0.000000E+0	0.000000E+0
4.277326E+3	1.008010E-5	4.885400E+9	0.000000E+0	0.000000E+0
4.280323E+3	1.007990E-5	4.885500E+9	0.000000E+0	0.000000E+0
4.283326E+3	1.008070E-5	4.885200E+9	0.000000E+0	0.000000E+0
4.286323E+3	1.008100E-5	4.885200E+9	0.000000E+0	0.000000E+0
4.289329E+3	1.008000E-5	4.885600E+9	0.000000E+0	0.000000E+0
4.292329E+3	1.008070E-5	4.885100E+9	0.000000E+0	0.000000E+0
4.295329E+3	1.007970E-5	4.885500E+9	0.000000E+0	0.000000E+0
4.298329E+3	1.008040E-5	4.885200E+9	0.000000E+0	0.000000E+0
4.301331E+3	1.008000E-5	4.885200E+9	0.000000E+0	0.000000E+0
4.304332E+3	1.008090E-5	4.885300E+9	0.000000E+0	0.000000E+0
4.307330E+3	1.007970E-5	4.885600E+9	0.000000E+0	0.000000E+0
4.310327E+3	1.008000E-5	4.885300E+9	0.000000E+0	0.000000E+0
4.313325E+3	1.008090E-5	4.885400E+9	0.000000E+0	0.000000E+0
4.316335E+3	1.008020E-5	4.885500E+9	0.000000E+0	0.000000E+0
4.319322E+3	1.008120E-5	4.885100E+9	0.000000E+0	0.000000E+0
4.322328E+3	1.008080E-5	4.885400E+9	0.000000E+0	0.000000E+0
4.325325E+3	1.008020E-5	4.885300E+9	0.000000E+0	0.000000E+0
4.328330E+3	1.008040E-5	4.885400E+9	0.000000E+0	0.000000E+0
4.331336E+3	1.008060E-5	4.885400E+9	0.000000E+0	0.000000E+0
4.334334E+3	1.008000E-5	4.885300E+9	0.000000E+0	0.000000E+0
4.337328E+3	1.008040E-5	4.885300E+9	0.000000E+0	0.000000E+0
4.340326E+3	1.008020E-5	4.885200E+9	0.000000E+0	0.000000E+0
4.343328E+3	1.008100E-5	4.885300E+9	0.000000E+0	0.000000E+0
4.346328E+3	1.008160E-5	4.885200E+9	0.000000E+0	0.000000E+0
4.349321E+3	1.008100E-5	4.885600E+9	0.000000E+0	0.000000E+0
4.352326E+3	1.008060E-5	4.885500E+9	0.000000E+0	0.000000E+0
4.355328E+3	1.008080E-5	4.885300E+9	0.000000E+0	0.000000E+0
4.358326E+3	1.008110E-5	4.885500E+9	0.000000E+0	0.000000E+0
4.361323E+3	1.008070E-5	4.885500E+9	0.000000E+0	0.000000E+0
4.364323E+3	1.008250E-5	4.885300E+9	0.000000E+0	0.000000E+0
4.367326E+3	1.008240E-5	4.885500E+9	0.000000E+0	0.000000E+0
4.370324E+3	1.008200E-5	4.885100E+9	0.000000E+0	0.000000E+0
4.373325E+3	1.008130E-5	4.885300E+9	0.000000E+0	0.000000E+0
4.376324E+3	1.008120E-5	4.885200E+9	0.000000E+0	0.000000E+0
4.379325E+3	1.008120E-5	4.885600E+9	0.000000E+0	0.000000E+0
4.382325E+3	1.008150E-5	4.885200E+9	0.000000E+0	0.000000E+0
4.385325E+3	1.008160E-5	4.885000E+9	0.000000E+0	0.000000E+0
4.388325E+3	1.008280E-5	4.885200E+9	0.000000E+0	0.000000E+0
4.391325E+3	1.008190E-5	4.885500E+9	0.000000E+0	0.000000E+0
4.394322E+3	1.008180E-5	4.885300E+9	0.000000E+0	0.000000E+0
4.397330E+3	1.008210E-5	4.885200E+9	0.000000E+0	0.000000E+0
4.400331E+3	1.008170E-5	4.885400E+9	0.000000E+0	0.000000E+0
4.403323E+3	1.008250E-5	4.885400E+9	0.000000E+0	0.000000E+0
4.406328E+3	1.008260E-5	4.885500E+9	0.000000E+0	0.000000E+0
4.409326E+3	1.008300E-5	4.885500E+9	0.000000E+0	0.000000E+0
4.412325E+3	1.008270E-5	4.885100E+9	0.000000E+0	0.000000E+0
4.415326E+3	1.008240E-5	4.885300E+9	0.000000E+0	0.000000E+0
4.418326E+3	1.008350E-5	4.885100E+9	0.000000E+0	0.000000E+0
4.421327E+3	1.008300E-5	4.885200E+9	0.000000E+0	0.000000E+0
4.424327E+3	1.008290E-5	4.885400E+9	0.000000E+0	0.000000E+0
4.427327E+3	1.008350E-5	4.885300E+9	0.000000E+0	0.000000E+0
4.430326E+3	1.008270E-5	4.885200E+9	0.000000E+0	0.000000E+0
4.433327E+3	1.008340E-5	4.885500E+9	0.000000E+0	0.000000E+0
4.436327E+3	1.008360E-5	4.885300E+9	0.000000E+0	0.000000E+0
4.439329E+3	1.008350E-5	4.885600E+9	0.000000E+0	0.000000E+0
4.442327E+3	1.008340E-5	4.885200E+9	0.000000E+0	0.000000E+0
4.445328E+3	1.008350E-5	4.885400E+9	0.000000E+0	0.000000E+0
4.448327E+3	1.008370E-5	4.885300E+9	0.000000E+0	0.000000E+0
4.451328E+3	1.008350E-5	4.885200E+9	0.000000E+0	0.000000E+0
4.454325E+3	1.008420E-5	4.885300E+9	0.000000E+0	0.000000E+0
4.457324E+3	1.008470E-5	4.885300E+9	0.000000E+0	0.000000E+0
4.460337E+3	1.008460E-5	4.885100E+9	0.000000E+0	0.000000E+0
4.463325E+3	1.008400E-5	4.885300E+9	0.000000E+0	0.000000E+0
4.466328E+3	1.008380E-5	4.885200E+9	0.000000E+0	0.000000E+0
4.469339E+3	1.008450E-5	4.885300E+9	0.000000E+0	0.000000E+0
4.472333E+3	1.008430E-5	4.885300E+9	0.000000E+0	0.000000E+0
4.475329E+3	1.008430E-5	4.885300E+9	0.000000E+0	0.000000E+0
4.478326E+3	1.008400E-5	4.885500E+9	0.000000E+0	0.000000E+0
4.481326E+3	1.008440E-5	4.885400E+9	0.000000E+0	0.000000E+0
4.484329E+3	1.008410E-5	4.885400E+9	0.000000E+0	0.000000E+0
4.487329E+3	1.008390E-5	4.885400E+9	0.000000E+0	0.000000E+0
4.490319E+3	1.008410E-5	4.885400E+9	0.000000E+0	0.000000E+0
4.493325E+3	1.008370E-5	4.885300E+9	0.000000E+0	0.000000E+0
4.496329E+3	1.008480E-5	4.885200E+9	0.000000E+0	0.000000E+0
4.499329E+3	1.008420E-5	4.885400E+9	0.000000E+0	0.000000E+0
4.502332E+3	1.008430E-5	4.885400E+9	0.000000E+0	0.000000E+0
4.505324E+3	1.008860E-5	4.885200E+9	0.000000E+0	0.000000E+0
4.508330E+3	1.008460E-5	4.885300E+9	0.000000E+0	0.000000E+0
4.511327E+3	1.008530E-5	4.885400E+9	0.000000E+0	0.000000E+0
4.514327E+3	1.008480E-5	4.885400E+9	0.000000E+0	0.000000E+0
4.517325E+3	1.008490E-5	4.885500E+9	0.000000E+0	0.000000E+0
4.520325E+3	1.008520E-5	4.885400E+9	0.000000E+0	0.000000E+0
4.523333E+3	1.008510E-5	4.885400E+9	0.000000E+0	0.000000E+0
4.526326E+3	1.008450E-5	4.885300E+9	0.000000E+0	0.000000E+0
4.529326E+3	1.008510E-5	4.885300E+9	0.000000E+0	0.000000E+0
4.532323E+3	1.008430E-5	4.885300E+9	0.000000E+0	0.000000E+0
4.535326E+3	1.008480E-5	4.885300E+9	0.000000E+0	0.000000E+0
4.538324E+3	1.008480E-5	4.885200E+9	0.000000E+0	0.000000E+0
4.541326E+3	1.008500E-5	4.885300E+9	0.000000E+0	0.000000E+0
4.544324E+3	1.008540E-5	4.885300E+9	0.000000E+0	0.000000E+0
4.547323E+3	1.008530E-5	4.885400E+9	0.000000E+0	0.000000E+0
4.550326E+3	1.008550E-5	4.885500E+9	0.000000E+0	0.000000E+0
4.553329E+3	1.008530E-5	4.885400E+9	0.000000E+0	0.000000E+0
4.556326E+3	1.008560E-5	4.885400E+9	0.000000E+0	0.000000E+0
4.559330E+3	1.008530E-5	4.885500E+9	0.000000E+0	0.000000E+0
4.562332E+3	1.008520E-5	4.885300E+9	0.000000E+0	0.000000E+0
4.565332E+3	1.008530E-5	4.885600E+9	0.000000E+0	0.000000E+0
4.568327E+3	1.008500E-5	4.885500E+9	0.000000E+0	0.000000E+0
4.571331E+3	1.008540E-5	4.885500E+9	0.000000E+0	0.000000E+0
4.574331E+3	1.008490E-5	4.885400E+9	0.000000E+0	0.000000E+0
4.577333E+3	1.008620E-5	4.885500E+9	0.000000E+0	0.000000E+0
4.580328E+3	1.008570E-5	4.885300E+9	0.000000E+0	0.000000E+0
4.583326E+3	1.008550E-5	4.885600E+9	0.000000E+0	0.000000E+0
4.586333E+3	1.008580E-5	4.885600E+9	0.000000E+0	0.000000E+0
4.589325E+3	1.008620E-5	4.885500E+9	0.000000E+0	0.000000E+0
4.592329E+3	1.008640E-5	4.885300E+9	0.000000E+0	0.000000E+0
4.595331E+3	1.008590E-5	4.885300E+9	0.000000E+0	0.000000E+0
4.598323E+3	1.008600E-5	4.885400E+9	0.000000E+0	0.000000E+0
4.601329E+3	1.008670E-5	4.885300E+9	0.000000E+0	0.000000E+0
4.604326E+3	1.008680E-5	4.885500E+9	0.000000E+0	0.000000E+0
4.607322E+3	1.008670E-5	4.885400E+9	0.000000E+0	0.000000E+0
4.610327E+3	1.008630E-5	4.885300E+9	0.000000E+0	0.000000E+0
4.613325E+3	1.008690E-5	4.885300E+9	0.000000E+0	0.000000E+0
4.616325E+3	1.008670E-5	4.885500E+9	0.000000E+0	0.000000E+0
4.619325E+3	1.008690E-5	4.885400E+9	0.000000E+0	0.000000E+0
4.622322E+3	1.008700E-5	4.885200E+9	0.000000E+0	0.000000E+0
4.625332E+3	1.008660E-5	4.885400E+9	0.000000E+0	0.000000E+0
4.628327E+3	1.008690E-5	4.885400E+9	0.000000E+0	0.000000E+0
4.631327E+3	1.008660E-5	4.885500E+9	0.000000E+0	0.000000E+0
4.634325E+3	1.008630E-5	4.885400E+9	0.000000E+0	0.000000E+0
4.637334E+3	1.008640E-5	4.885400E+9	0.000000E+0	0.000000E+0
4.640330E+3	1.008750E-5	4.885400E+9	0.000000E+0	0.000000E+0
4.643329E+3	1.008680E-5	4.885500E+9	0.000000E+0	0.000000E+0
4.646328E+3	1.008760E-5	4.885400E+9	0.000000E+0	0.000000E+0
4.649328E+3	1.008690E-5	4.885500E+9	0.000000E+0	0.000000E+0
4.652333E+3	1.008690E-5	4.885400E+9	0.000000E+0	0.000000E+0
4.655331E+3	1.008760E-5	4.885500E+9	0.000000E+0	0.000000E+0
4.658326E+3	1.008760E-5	4.885500E+9	0.000000E+0	0.000000E+0
4.661329E+3	1.008810E-5	4.885400E+9	0.000000E+0	0.000000E+0
4.664329E+3	1.008760E-5	4.885400E+9	0.000000E+0	0.000000E+0
4.667329E+3	1.008730E-5	4.885500E+9	0.000000E+0	0.000000E+0
4.670329E+3	1.008730E-5	4.885500E+9	0.000000E+0	0.000000E+0
4.673325E+3	1.008740E-5	4.885500E+9	0.000000E+0	0.000000E+0
4.676332E+3	1.008750E-5	4.885400E+9	0.000000E+0	0.000000E+0
4.679323E+3	1.008750E-5	4.885400E+9	0.000000E+0	0.000000E+0
4.682333E+3	1.008820E-5	4.885500E+9	0.000000E+0	0.000000E+0
4.685324E+3	1.008710E-5	4.885500E+9	0.000000E+0	0.000000E+0
4.688331E+3	1.008770E-5	4.885500E+9	0.000000E+0	0.000000E+0
4.691328E+3	1.008740E-5	4.885400E+9	0.000000E+0	0.000000E+0
4.694327E+3	1.008860E-5	4.885500E+9	0.000000E+0	0.000000E+0
4.697326E+3	1.008740E-5	4.885400E+9	0.000000E+0	0.000000E+0
4.700326E+3	1.008770E-5	4.885500E+9	0.000000E+0	0.000000E+0
4.703326E+3	1.008740E-5	4.885400E+9	0.000000E+0	0.000000E+0
4.706325E+3	1.008870E-5	4.885400E+9	0.000000E+0	0.000000E+0
4.709326E+3	1.008860E-5	4.885600E+9	0.000000E+0	0.000000E+0
4.712329E+3	1.008880E-5	4.885400E+9	0.000000E+0	0.000000E+0
4.715328E+3	1.008810E-5	4.885500E+9	0.000000E+0	0.000000E+0
4.718329E+3	1.008860E-5	4.885500E+9	0.000000E+0	0.000000E+0
4.721319E+3	1.008730E-5	4.885500E+9	0.000000E+0	0.000000E+0
4.724327E+3	1.008840E-5	4.885500E+9	0.000000E+0	0.000000E+0
4.727326E+3	1.008870E-5	4.885500E+9	0.000000E+0	0.000000E+0
4.730329E+3	1.008860E-5	4.885500E+9	0.000000E+0	0.000000E+0
4.733327E+3	1.008890E-5	4.885500E+9	0.000000E+0	0.000000E+0
4.736319E+3	1.008880E-5	4.885500E+9	0.000000E+0	0.000000E+0
4.739325E+3	1.008830E-5	4.885500E+9	0.000000E+0	0.000000E+0
4.742325E+3	1.008890E-5	4.885300E+9	0.000000E+0	0.000000E+0
4.745327E+3	1.008860E-5	4.885500E+9	0.000000E+0	0.000000E+0
4.748325E+3	1.008810E-5	4.885400E+9	0.000000E+0	0.000000E+0
4.751328E+3	1.008850E-5	4.885500E+9	0.000000E+0	0.000000E+0
4.754325E+3	1.008840E-5	4.885500E+9	0.000000E+0	0.000000E+0
4.757326E+3	1.008870E-5	4.885500E+9	0.000000E+0	0.000000E+0
4.760323E+3	1.008890E-5	4.885400E+9	0.000000E+0	0.000000E+0
4.763326E+3	1.008900E-5	4.885400E+9	0.000000E+0	0.000000E+0
4.766325E+3	1.008940E-5	4.885400E+9	0.000000E+0	0.000000E+0
4.769326E+3	1.008920E-5	4.885600E+9	0.000000E+0	0.000000E+0
4.772328E+3	1.008960E-5	4.885400E+9	0.000000E+0	0.000000E+0
4.775326E+3	1.008930E-5	4.885500E+9	0.000000E+0	0.000000E+0
4.778320E+3	1.008890E-5	4.885400E+9	0.000000E+0	0.000000E+0
4.781327E+3	1.008910E-5	4.885300E+9	0.000000E+0	0.000000E+0
4.784326E+3	1.008850E-5	4.885500E+9	0.000000E+0	0.000000E+0
4.787327E+3	1.008850E-5	4.885400E+9	0.000000E+0	0.000000E+0
4.790327E+3	1.008900E-5	4.885500E+9	0.000000E+0	0.000000E+0
4.793327E+3	1.008890E-5	4.885700E+9	0.000000E+0	0.000000E+0
4.796334E+3	1.008940E-5	4.885600E+9	0.000000E+0	0.000000E+0
4.799325E+3	1.008960E-5	4.885700E+9	0.000000E+0	0.000000E+0
4.802325E+3	1.008900E-5	4.885700E+9	0.000000E+0	0.000000E+0
4.805332E+3	1.009300E-5	4.885500E+9	0.000000E+0	0.000000E+0
4.808327E+3	1.008950E-5	4.885700E+9	0.000000E+0	0.000000E+0
4.811327E+3	1.008880E-5	4.885600E+9	0.000000E+0	0.000000E+0
4.814323E+3	1.008930E-5	4.885600E+9	0.000000E+0	0.000000E+0
4.817331E+3	1.009030E-5	4.885500E+9	0.000000E+0	0.000000E+0
4.820326E+3	1.008960E-5	4.885500E+9	0.000000E+0	0.000000E+0
4.823328E+3	1.008990E-5	4.885700E+9	0.000000E+0	0.000000E+0
4.826325E+3	1.009020E-5	4.885500E+9	0.000000E+0	0.000000E+0
4.829328E+3	1.008930E-5	4.885500E+9	0.000000E+0	0.000000E+0
4.832328E+3	1.008940E-5	4.885800E+9	0.000000E+0	0.000000E+0
4.835328E+3	1.008970E-5	4.885600E+9	0.000000E+0	0.000000E+0
4.838326E+3	1.009100E-5	4.886400E+9	0.000000E+0	0.000000E+0
4.841332E+3	1.009750E-5	4.885400E+9	0.000000E+0	0.000000E+0
4.844326E+3	1.009110E-5	4.885500E+9	0.000000E+0	0.000000E+0
4.847327E+3	1.009040E-5	4.885500E+9	0.000000E+0	0.000000E+0
4.850326E+3	1.009010E-5	4.885500E+9	0.000000E+0	0.000000E+0
4.853327E+3	1.009170E-5	4.885400E+9	0.000000E+0	0.000000E+0
4.856326E+3	1.009100E-5	4.885400E+9	0.000000E+0	0.000000E+0
4.859327E+3	1.009090E-5	4.885500E+9	0.000000E+0	0.000000E+0
4.862324E+3	1.009170E-5	4.885500E+9	0.000000E+0	0.000000E+0
4.865327E+3	1.009110E-5	4.885500E+9	0.000000E+0	0.000000E+0
4.868325E+3	1.009080E-5	4.885400E+9	0.000000E+0	0.000000E+0
4.871327E+3	1.009050E-5	4.885500E+9	0.000000E+0	0.000000E+0
4.874327E+3	1.009040E-5	4.885500E+9	0.000000E+0	0.000000E+0
4.877330E+3	1.009020E-5	4.885600E+9	0.000000E+0	0.000000E+0
4.880328E+3	1.009180E-5	4.885400E+9	0.000000E+0	0.000000E+0
4.883329E+3	1.009070E-5	4.885500E+9	0.000000E+0	0.000000E+0
4.886330E+3	1.009090E-5	4.885500E+9	0.000000E+0	0.000000E+0
4.889331E+3	1.009050E-5	4.885400E+9	0.000000E+0	0.000000E+0
4.892333E+3	1.009150E-5	4.885600E+9	0.000000E+0	0.000000E+0
4.895329E+3	1.009130E-5	4.885400E+9	0.000000E+0	0.000000E+0
4.898331E+3	1.009120E-5	4.885600E+9	0.000000E+0	0.000000E+0
4.901329E+3	1.009080E-5	4.885700E+9	0.000000E+0	0.000000E+0
4.904331E+3	1.009170E-5	4.885500E+9	0.000000E+0	0.000000E+0
4.907325E+3	1.009140E-5	4.885600E+9	0.000000E+0	0.000000E+0
4.910334E+3	1.009170E-5	4.885600E+9	0.000000E+0	0.000000E+0
4.913330E+3	1.009220E-5	4.885600E+9	0.000000E+0	0.000000E+0
4.916334E+3	1.009130E-5	4.885500E+9	0.000000E+0	0.000000E+0
4.919329E+3	1.009160E-5	4.885800E+9	0.000000E+0	0.000000E+0
4.922328E+3	1.009290E-5	4.885700E+9	0.000000E+0	0.000000E+0
4.925324E+3	1.009190E-5	4.885800E+9	0.000000E+0	0.000000E+0
4.928327E+3	1.009170E-5	4.885700E+9	0.000000E+0	0.000000E+0
4.931325E+3	1.009200E-5	4.885600E+9	0.000000E+0	0.000000E+0
4.934333E+3	1.009150E-5	4.885600E+9	0.000000E+0	0.000000E+0
4.937335E+3	1.009170E-5	4.885800E+9	0.000000E+0	0.000000E+0
4.940328E+3	1.009250E-5	4.885500E+9	0.000000E+0	0.000000E+0
4.943328E+3	1.009180E-5	4.885600E+9	0.000000E+0	0.000000E+0
4.946325E+3	1.009180E-5	4.885600E+9	0.000000E+0	0.000000E+0
4.949331E+3	1.009180E-5	4.885700E+9	0.000000E+0	0.000000E+0
4.952328E+3	1.009180E-5	4.885600E+9	0.000000E+0	0.000000E+0
4.955326E+3	1.009170E-5	4.885600E+9	0.000000E+0	0.000000E+0
4.958328E+3	1.009210E-5	4.885700E+9	0.000000E+0	0.000000E+0
4.961327E+3	1.009190E-5	4.885700E+9	0.000000E+0	0.000000E+0
4.964328E+3	1.009240E-5	4.885500E+9	0.000000E+0	0.000000E+0
4.967327E+3	1.009260E-5	4.885800E+9	0.000000E+0	0.000000E+0
4.970329E+3	1.009360E-5	4.885300E+9	0.000000E+0	0.000000E+0
4.973326E+3	1.009300E-5	4.885700E+9	0.000000E+0	0.000000E+0
4.976324E+3	1.009350E-5	4.885700E+9	0.000000E+0	0.000000E+0
4.979329E+3	1.009350E-5	4.885700E+9	0.000000E+0	0.000000E+0
4.982327E+3	1.009310E-5	4.885600E+9	0.000000E+0	0.000000E+0
4.985327E+3	1.009320E-5	4.885800E+9	0.000000E+0	0.000000E+0
4.988327E+3	1.009390E-5	4.885600E+9	0.000000E+0	0.000000E+0
4.991328E+3	1.009290E-5	4.885900E+9	0.000000E+0	0.000000E+0
4.994327E+3	1.009390E-5	4.885600E+9	0.000000E+0	0.000000E+0
4.997330E+3	1.009320E-5	4.885900E+9	0.000000E+0	0.000000E+0
5.000327E+3	1.009310E-5	4.885800E+9	0.000000E+0	0.000000E+0
5.003326E+3	1.009410E-5	4.885700E+9	0.000000E+0	0.000000E+0
5.006328E+3	1.009430E-5	4.885700E+9	0.000000E+0	0.000000E+0
5.009329E+3	1.009280E-5	4.885800E+9	0.000000E+0	0.000000E+0
5.012325E+3	1.009380E-5	4.885800E+9	0.000000E+0	0.000000E+0
5.015326E+3	1.009390E-5	4.885700E+9	0.000000E+0	0.000000E+0
5.018328E+3	1.009370E-5	4.885800E+9	0.000000E+0	0.000000E+0
5.021328E+3	1.009370E-5	4.885800E+9	0.000000E+0	0.000000E+0
5.024326E+3	1.009320E-5	4.885700E+9	0.000000E+0	0.000000E+0
5.027326E+3	1.009330E-5	4.885900E+9	0.000000E+0	0.000000E+0
5.030326E+3	1.009380E-5	4.885600E+9	0.000000E+0	0.000000E+0
5.033330E+3	1.009410E-5	4.885800E+9	0.000000E+0	0.000000E+0
5.036324E+3	1.009430E-5	4.885800E+9	0.000000E+0	0.000000E+0
5.039329E+3	1.009390E-5	4.885900E+9	0.000000E+0	0.000000E+0
5.042325E+3	1.009440E-5	4.885700E+9	0.000000E+0	0.000000E+0
5.045325E+3	1.009450E-5	4.885600E+9	0.000000E+0	0.000000E+0
5.048329E+3	1.009480E-5	4.885600E+9	0.000000E+0	0.000000E+0
5.051332E+3	1.009430E-5	4.885600E+9	0.000000E+0	0.000000E+0
5.054327E+3	1.009460E-5	4.885800E+9	0.000000E+0	0.000000E+0
5.057330E+3	1.009480E-5	4.885700E+9	0.000000E+0	0.000000E+0
5.060325E+3	1.009500E-5	4.885600E+9	0.000000E+0	0.000000E+0
5.063325E+3	1.009490E-5	4.885700E+9	0.000000E+0	0.000000E+0
5.066322E+3	1.009480E-5	4.885700E+9	0.000000E+0	0.000000E+0
5.069326E+3	1.009490E-5	4.885600E+9	0.000000E+0	0.000000E+0
5.072328E+3	1.009550E-5	4.885700E+9	0.000000E+0	0.000000E+0
5.075336E+3	1.009500E-5	4.885700E+9	0.000000E+0	0.000000E+0
5.078326E+3	1.009560E-5	4.885700E+9	0.000000E+0	0.000000E+0
5.081329E+3	1.009510E-5	4.885800E+9	0.000000E+0	0.000000E+0
5.084328E+3	1.009530E-5	4.885900E+9	0.000000E+0	0.000000E+0
5.087329E+3	1.009480E-5	4.885800E+9	0.000000E+0	0.000000E+0
5.090327E+3	1.009530E-5	4.885700E+9	0.000000E+0	0.000000E+0
5.093324E+3	1.009580E-5	4.885700E+9	0.000000E+0	0.000000E+0
5.096334E+3	1.009600E-5	4.885700E+9	0.000000E+0	0.000000E+0
5.099329E+3	1.009580E-5	4.885600E+9	0.000000E+0	0.000000E+0
5.102328E+3	1.009580E-5	4.885600E+9	0.000000E+0	0.000000E+0
5.105326E+3	1.010050E-5	4.885500E+9	0.000000E+0	0.000000E+0
5.108332E+3	1.009590E-5	4.885600E+9	0.000000E+0	0.000000E+0
5.111333E+3	1.009570E-5	4.885600E+9	0.000000E+0	0.000000E+0
5.114328E+3	1.009600E-5	4.885500E+9	0.000000E+0	0.000000E+0
5.117325E+3	1.009590E-5	4.885600E+9	0.000000E+0	0.000000E+0
5.120325E+3	1.009650E-5	4.885400E+9	0.000000E+0	0.000000E+0
5.123330E+3	1.009580E-5	4.885600E+9	0.000000E+0	0.000000E+0
5.126326E+3	1.009590E-5	4.885700E+9	0.000000E+0	0.000000E+0
5.129329E+3	1.009590E-5	4.885600E+9	0.000000E+0	0.000000E+0
5.132326E+3	1.009770E-5	4.885700E+9	0.000000E+0	0.000000E+0
5.135331E+3	1.009580E-5	4.885700E+9	0.000000E+0	0.000000E+0
5.138325E+3	1.009630E-5	4.885800E+9	0.000000E+0	0.000000E+0
5.141329E+3	1.009640E-5	4.885700E+9	0.000000E+0	0.000000E+0
5.144329E+3	1.009580E-5	4.885800E+9	0.000000E+0	0.000000E+0
5.147329E+3	1.009660E-5	4.885800E+9	0.000000E+0	0.000000E+0
5.150331E+3	1.009690E-5	4.885700E+9	0.000000E+0	0.000000E+0
5.153329E+3	1.009660E-5	4.885800E+9	0.000000E+0	0.000000E+0
5.156327E+3	1.009680E-5	4.885800E+9	0.000000E+0	0.000000E+0
5.159327E+3	1.009660E-5	4.885800E+9	0.000000E+0	0.000000E+0
5.162324E+3	1.009650E-5	4.885900E+9	0.000000E+0	0.000000E+0
5.165332E+3	1.009630E-5	4.885800E+9	0.000000E+0	0.000000E+0
5.168327E+3	1.009650E-5	4.885700E+9	0.000000E+0	0.000000E+0
5.171332E+3	1.009670E-5	4.885700E+9	0.000000E+0	0.000000E+0
5.174330E+3	1.009640E-5	4.885700E+9	0.000000E+0	0.000000E+0
5.177330E+3	1.009690E-5	4.885700E+9	0.000000E+0	0.000000E+0
5.180330E+3	1.009690E-5	4.885700E+9	0.000000E+0	0.000000E+0
5.183330E+3	1.009740E-5	4.885600E+9	0.000000E+0	0.000000E+0
5.186331E+3	1.009680E-5	4.885800E+9	0.000000E+0	0.000000E+0
5.189323E+3	1.009790E-5	4.885700E+9	0.000000E+0	0.000000E+0
5.192322E+3	1.009730E-5	4.885700E+9	0.000000E+0	0.000000E+0
5.195326E+3	1.009810E-5	4.885700E+9	0.000000E+0	0.000000E+0
5.198325E+3	1.010010E-5	4.885700E+9	0.000000E+0	0.000000E+0
5.201334E+3	1.009640E-5	4.885800E+9	0.000000E+0	0.000000E+0
5.204326E+3	1.009750E-5	4.885700E+9	0.000000E+0	0.000000E+0
5.207335E+3	1.009760E-5	4.885900E+9	0.000000E+0	0.000000E+0
5.210323E+3	1.009770E-5	4.885900E+9	0.000000E+0	0.000000E+0
5.213327E+3	1.009840E-5	4.885700E+9	0.000000E+0	0.000000E+0
5.216326E+3	1.009880E-5	4.885800E+9	0.000000E+0	0.000000E+0
5.219330E+3	1.009890E-5	4.885700E+9	0.000000E+0	0.000000E+0
5.222329E+3	1.009770E-5	4.885800E+9	0.000000E+0	0.000000E+0
5.225332E+3	1.009880E-5	4.885900E+9	0.000000E+0	0.000000E+0
5.228324E+3	1.009860E-5	4.885700E+9	0.000000E+0	0.000000E+0
5.231325E+3	1.009880E-5	4.885800E+9	0.000000E+0	0.000000E+0
5.234330E+3	1.009880E-5	4.885900E+9	0.000000E+0	0.000000E+0
5.237333E+3	1.009900E-5	4.885900E+9	0.000000E+0	0.000000E+0
5.240327E+3	1.009830E-5	4.885800E+9	0.000000E+0	0.000000E+0
5.243323E+3	1.009900E-5	4.885800E+9	0.000000E+0	0.000000E+0
5.246335E+3	1.009850E-5	4.885800E+9	0.000000E+0	0.000000E+0
5.249334E+3	1.009910E-5	4.885900E+9	0.000000E+0	0.000000E+0
5.252338E+3	1.009890E-5	4.885900E+9	0.000000E+0	0.000000E+0
5.255329E+3	1.009960E-5	4.886000E+9	0.000000E+0	0.000000E+0
5.258329E+3	1.009940E-5	4.885800E+9	0.000000E+0	0.000000E+0
5.261329E+3	1.009910E-5	4.885900E+9	0.000000E+0	0.000000E+0
5.264329E+3	1.009910E-5	4.885700E+9	0.000000E+0	0.000000E+0
5.267327E+3	1.009880E-5	4.885900E+9	0.000000E+0	0.000000E+0
5.270324E+3	1.009870E-5	4.886000E+9	0.000000E+0	0.000000E+0
5.273331E+3	1.009890E-5	4.885800E+9	0.000000E+0	0.000000E+0
5.276326E+3	1.009920E-5	4.885800E+9	0.000000E+0	0.000000E+0
5.279326E+3	1.009940E-5	4.885900E+9	0.000000E+0	0.000000E+0
5.282324E+3	1.009960E-5	4.885900E+9	0.000000E+0	0.000000E+0
5.285327E+3	1.010000E-5	4.885900E+9	0.000000E+0	0.000000E+0
5.288325E+3	1.009940E-5	4.885900E+9	0.000000E+0	0.000000E+0
5.291328E+3	1.009970E-5	4.885800E+9	0.000000E+0	0.000000E+0
5.294327E+3	1.009980E-5	4.886000E+9	0.000000E+0	0.000000E+0
5.297330E+3	1.009980E-5	4.886000E+9	0.000000E+0	0.000000E+0
5.300330E+3	1.009910E-5	4.885900E+9	0.000000E+0	0.000000E+0
5.303325E+3	1.009980E-5	4.885900E+9	0.000000E+0	0.000000E+0
5.306331E+3	1.010010E-5	4.885800E+9	0.000000E+0	0.000000E+0
5.309331E+3	1.009970E-5	4.886000E+9	0.000000E+0	0.000000E+0
5.312332E+3	1.009990E-5	4.885900E+9	0.000000E+0	0.000000E+0
5.315331E+3	1.010010E-5	4.885900E+9	0.000000E+0	0.000000E+0
5.318336E+3	1.010010E-5	4.886000E+9	0.000000E+0	0.000000E+0
5.321332E+3	1.009950E-5	4.885900E+9	0.000000E+0	0.000000E+0
5.324329E+3	1.010040E-5	4.885900E+9	0.000000E+0	0.000000E+0
5.327327E+3	1.009980E-5	4.886000E+9	0.000000E+0	0.000000E+0
5.330326E+3	1.010040E-5	4.885900E+9	0.000000E+0	0.000000E+0
5.333331E+3	1.010050E-5	4.886100E+9	0.000000E+0	0.000000E+0
5.336329E+3	1.010080E-5	4.885800E+9	0.000000E+0	0.000000E+0
5.339332E+3	1.010070E-5	4.886000E+9	0.000000E+0	0.000000E+0
5.342330E+3	1.010380E-5	4.885900E+9	0.000000E+0	0.000000E+0
5.345322E+3	1.010010E-5	4.885900E+9	0.000000E+0	0.000000E+0
5.348334E+3	1.010040E-5	4.885900E+9	0.000000E+0	0.000000E+0
5.351328E+3	1.010040E-5	4.885900E+9	0.000000E+0	0.000000E+0
5.354328E+3	1.010060E-5	4.885900E+9	0.000000E+0	0.000000E+0
5.357325E+3	1.009990E-5	4.886000E+9	0.000000E+0	0.000000E+0
5.360333E+3	1.010100E-5	4.886100E+9	0.000000E+0	0.000000E+0
5.363333E+3	1.010100E-5	4.886000E+9	0.000000E+0	0.000000E+0
5.366328E+3	1.010050E-5	4.885900E+9	0.000000E+0	0.000000E+0
5.369326E+3	1.010140E-5	4.885900E+9	0.000000E+0	0.000000E+0
5.372325E+3	1.010170E-5	4.885900E+9	0.000000E+0	0.000000E+0
5.375328E+3	1.010190E-5	4.886200E+9	0.000000E+0	0.000000E+0
5.378326E+3	1.010160E-5	4.886100E+9	0.000000E+0	0.000000E+0
5.381326E+3	1.010050E-5	4.886300E+9	0.000000E+0	0.000000E+0
5.384328E+3	1.010170E-5	4.886000E+9	0.000000E+0	0.000000E+0
5.387329E+3	1.010170E-5	4.885800E+9	0.000000E+0	0.000000E+0
5.390329E+3	1.010200E-5	4.885900E+9	0.000000E+0	0.000000E+0
5.393329E+3	1.010220E-5	4.885900E+9	0.000000E+0	0.000000E+0
5.396332E+3	1.010190E-5	4.885800E+9	0.000000E+0	0.000000E+0
5.399332E+3	1.010220E-5	4.885900E+9	0.000000E+0	0.000000E+0
5.402334E+3	1.010160E-5	4.885900E+9	0.000000E+0	0.000000E+0
5.405332E+3	1.010380E-5	4.886100E+9	0.000000E+0	0.000000E+0
5.408329E+3	1.010140E-5	4.886100E+9	0.000000E+0	0.000000E+0
5.411330E+3	1.010150E-5	4.886200E+9	0.000000E+0	0.000000E+0
5.414332E+3	1.010200E-5	4.886300E+9	0.000000E+0	0.000000E+0
5.417330E+3	1.010090E-5	4.886200E+9	0.000000E+0	0.000000E+0
5.420332E+3	1.010200E-5	4.886200E+9	0.000000E+0	0.000000E+0
5.423330E+3	1.010190E-5	4.886100E+9	0.000000E+0	0.000000E+0
5.426333E+3	1.010230E-5	4.886100E+9	0.000000E+0	0.000000E+0
5.429330E+3	1.010210E-5	4.886100E+9	0.000000E+0	0.000000E+0
5.432331E+3	1.010200E-5	4.886100E+9	0.000000E+0	0.000000E+0
5.435329E+3	1.010140E-5	4.886200E+9	0.000000E+0	0.000000E+0
5.438331E+3	1.010250E-5	4.886100E+9	0.000000E+0	0.000000E+0
5.441334E+3	1.010250E-5	4.886000E+9	0.000000E+0	0.000000E+0
5.444331E+3	1.010250E-5	4.885800E+9	0.000000E+0	0.000000E+0
5.447324E+3	1.010320E-5	4.885900E+9	0.000000E+0	0.000000E+0
5.450329E+3	1.010290E-5	4.885900E+9	0.000000E+0	0.000000E+0
5.453334E+3	1.010350E-5	4.886100E+9	0.000000E+0	0.000000E+0
5.456330E+3	1.010290E-5	4.885900E+9	0.000000E+0	0.000000E+0
5.459332E+3	1.010440E-5	4.885600E+9	0.000000E+0	0.000000E+0
5.462333E+3	1.010390E-5	4.885800E+9	0.000000E+0	0.000000E+0
5.465327E+3	1.010390E-5	4.885600E+9	0.000000E+0	0.000000E+0
5.468337E+3	1.010450E-5	4.885700E+9	0.000000E+0	0.000000E+0
5.471329E+3	1.010370E-5	4.885600E+9	0.000000E+0	0.000000E+0
5.474329E+3	1.010360E-5	4.885700E+9	0.000000E+0	0.000000E+0
5.477330E+3	1.010420E-5	4.885700E+9	0.000000E+0	0.000000E+0
5.480333E+3	1.010440E-5	4.885700E+9	0.000000E+0	0.000000E+0
5.483328E+3	1.010430E-5	4.885600E+9	0.000000E+0	0.000000E+0
5.486322E+3	1.010420E-5	4.885700E+9	0.000000E+0	0.000000E+0
5.489326E+3	1.010430E-5	4.885800E+9	0.000000E+0	0.000000E+0
5.492326E+3	1.010410E-5	4.885800E+9	0.000000E+0	0.000000E+0
5.495329E+3	1.010420E-5	4.885800E+9	0.000000E+0	0.000000E+0
5.498328E+3	1.010440E-5	4.885700E+9	0.000000E+0	0.000000E+0
5.501341E+3	1.010440E-5	4.885700E+9	0.000000E+0	0.000000E+0
5.504331E+3	1.010400E-5	4.885800E+9	0.000000E+0	0.000000E+0
5.507331E+3	1.010470E-5	4.885800E+9	0.000000E+0	0.000000E+0
5.510329E+3	1.010540E-5	4.885800E+9	0.000000E+0	0.000000E+0
5.513331E+3	1.010450E-5	4.885900E+9	0.000000E+0	0.000000E+0
5.516326E+3	1.010470E-5	4.885700E+9	0.000000E+0	0.000000E+0
5.519332E+3	1.010460E-5	4.885800E+9	0.000000E+0	0.000000E+0
5.522329E+3	1.010440E-5	4.885800E+9	0.000000E+0	0.000000E+0
5.525332E+3	1.010420E-5	4.885900E+9	0.000000E+0	0.000000E+0
5.528330E+3	1.010550E-5	4.885800E+9	0.000000E+0	0.000000E+0
5.531332E+3	1.010530E-5	4.885800E+9	0.000000E+0	0.000000E+0
5.534332E+3	1.010520E-5	4.885800E+9	0.000000E+0	0.000000E+0
5.537330E+3	1.010450E-5	4.885800E+9	0.000000E+0	0.000000E+0
5.540331E+3	1.010610E-5	4.885800E+9	0.000000E+0	0.000000E+0
5.543330E+3	1.010580E-5	4.885800E+9	0.000000E+0	0.000000E+0
5.546333E+3	1.010520E-5	4.885800E+9	0.000000E+0	0.000000E+0
5.549333E+3	1.010560E-5	4.885900E+9	0.000000E+0	0.000000E+0
5.552336E+3	1.010510E-5	4.885700E+9	0.000000E+0	0.000000E+0
5.555336E+3	1.010490E-5	4.885800E+9	0.000000E+0	0.000000E+0
5.558330E+3	1.010550E-5	4.885800E+9	0.000000E+0	0.000000E+0
5.561329E+3	1.010510E-5	4.885900E+9	0.000000E+0	0.000000E+0
5.564328E+3	1.010600E-5	4.885900E+9	0.000000E+0	0.000000E+0
5.567324E+3	1.010630E-5	4.885900E+9	0.000000E+0	0.000000E+0
5.570331E+3	1.010560E-5	4.885900E+9	0.000000E+0	0.000000E+0
5.573328E+3	1.010570E-5	4.885900E+9	0.000000E+0	0.000000E+0
5.576328E+3	1.010730E-5	4.885800E+9	0.000000E+0	0.000000E+0
5.579326E+3	1.010620E-5	4.885900E+9	0.000000E+0	0.000000E+0
5.582329E+3	1.010600E-5	4.885700E+9	0.000000E+0	0.000000E+0
5.585329E+3	1.010630E-5	4.886000E+9	0.000000E+0	0.000000E+0
5.588330E+3	1.010680E-5	4.885900E+9	0.000000E+0	0.000000E+0
5.591329E+3	1.010610E-5	4.885900E+9	0.000000E+0	0.000000E+0
5.594329E+3	1.010640E-5	4.885800E+9	0.000000E+0	0.000000E+0
5.597330E+3	1.010640E-5	4.886000E+9	0.000000E+0	0.000000E+0
5.600332E+3	1.010680E-5	4.885800E+9	0.000000E+0	0.000000E+0
5.603328E+3	1.010720E-5	4.885900E+9	0.000000E+0	0.000000E+0
5.606327E+3	1.010720E-5	4.885900E+9	0.000000E+0	0.000000E+0
5.609325E+3	1.010710E-5	4.885800E+9	0.000000E+0	0.000000E+0
5.612327E+3	1.010670E-5	4.885800E+9	0.000000E+0	0.000000E+0
5.615326E+3	1.010820E-5	4.885900E+9	0.000000E+0	0.000000E+0
5.618326E+3	1.010740E-5	4.885900E+9	0.000000E+0	0.000000E+0
5.621329E+3	1.010760E-5	4.886000E+9	0.000000E+0	0.000000E+0
5.624328E+3	1.010710E-5	4.886000E+9	0.000000E+0	0.000000E+0
5.627325E+3	1.010680E-5	4.885900E+9	0.000000E+0	0.000000E+0
5.630326E+3	1.010820E-5	4.886000E+9	0.000000E+0	0.000000E+0
5.633328E+3	1.010800E-5	4.886000E+9	0.000000E+0	0.000000E+0
5.636328E+3	1.010760E-5	4.885900E+9	0.000000E+0	0.000000E+0
5.639339E+3	1.010740E-5	4.885900E+9	0.000000E+0	0.000000E+0
5.642331E+3	1.010790E-5	4.886000E+9	0.000000E+0	0.000000E+0
5.645332E+3	1.010810E-5	4.886000E+9	0.000000E+0	0.000000E+0
5.648332E+3	1.010760E-5	4.886000E+9	0.000000E+0	0.000000E+0
5.651332E+3	1.010720E-5	4.886000E+9	0.000000E+0	0.000000E+0
5.654332E+3	1.010730E-5	4.886000E+9	0.000000E+0	0.000000E+0
5.657333E+3	1.010760E-5	4.885900E+9	0.000000E+0	0.000000E+0
5.660333E+3	1.010800E-5	4.886000E+9	0.000000E+0	0.000000E+0
5.663332E+3	1.010900E-5	4.886000E+9	0.000000E+0	0.000000E+0
5.666332E+3	1.010810E-5	4.885900E+9	0.000000E+0	0.000000E+0
5.669330E+3	1.010760E-5	4.885900E+9	0.000000E+0	0.000000E+0
5.672331E+3	1.010860E-5	4.886000E+9	0.000000E+0	0.000000E+0
5.675324E+3	1.010860E-5	4.886000E+9	0.000000E+0	0.000000E+0
5.678336E+3	1.010860E-5	4.886000E+9	0.000000E+0	0.000000E+0
5.681333E+3	1.010860E-5	4.886000E+9	0.000000E+0	0.000000E+0
5.684327E+3	1.010880E-5	4.886000E+9	0.000000E+0	0.000000E+0
5.687330E+3	1.010840E-5	4.885900E+9	0.000000E+0	0.000000E+0
5.690336E+3	1.010890E-5	4.886000E+9	0.000000E+0	0.000000E+0
5.693328E+3	1.010840E-5	4.886000E+9	0.000000E+0	0.000000E+0
5.696331E+3	1.010930E-5	4.886000E+9	0.000000E+0	0.000000E+0
5.699329E+3	1.010970E-5	4.886100E+9	0.000000E+0	0.000000E+0
5.702332E+3	1.010940E-5	4.886100E+9	0.000000E+0	0.000000E+0
5.705334E+3	1.011210E-5	4.885900E+9	0.000000E+0	0.000000E+0
5.708335E+3	1.010890E-5	4.886100E+9	0.000000E+0	0.000000E+0
5.711329E+3	1.010850E-5	4.885900E+9	0.000000E+0	0.000000E+0
5.714329E+3	1.011010E-5	4.885900E+9	0.000000E+0	0.000000E+0
5.717329E+3	1.010910E-5	4.886200E+9	0.000000E+0	0.000000E+0
5.720332E+3	1.010910E-5	4.886000E+9	0.000000E+0	0.000000E+0
5.723332E+3	1.010940E-5	4.886100E+9	0.000000E+0	0.000000E+0
5.726332E+3	1.010850E-5	4.886100E+9	0.000000E+0	0.000000E+0
5.729330E+3	1.010860E-5	4.886100E+9	0.000000E+0	0.000000E+0
5.732335E+3	1.010950E-5	4.885900E+9	0.000000E+0	0.000000E+0
5.735330E+3	1.010890E-5	4.885800E+9	0.000000E+0	0.000000E+0
5.738331E+3	1.010920E-5	4.886000E+9	0.000000E+0	0.000000E+0
5.741330E+3	1.010880E-5	4.886100E+9	0.000000E+0	0.000000E+0
5.744330E+3	1.010940E-5	4.886000E+9	0.000000E+0	0.000000E+0
5.747331E+3	1.010920E-5	4.886100E+9	0.000000E+0	0.000000E+0
5.750331E+3	1.010890E-5	4.886200E+9	0.000000E+0	0.000000E+0
5.753324E+3	1.011000E-5	4.886100E+9	0.000000E+0	0.000000E+0
5.756328E+3	1.011030E-5	4.886100E+9	0.000000E+0	0.000000E+0
5.759328E+3	1.011000E-5	4.886000E+9	0.000000E+0	0.000000E+0
5.762326E+3	1.011090E-5	4.886200E+9	0.000000E+0	0.000000E+0
5.765326E+3	1.011040E-5	4.886000E+9	0.000000E+0	0.000000E+0
5.768327E+3	1.011100E-5	4.886000E+9	0.000000E+0	0.000000E+0
5.771326E+3	1.010980E-5	4.886100E+9	0.000000E+0	0.000000E+0
5.774329E+3	1.011030E-5	4.886100E+9	0.000000E+0	0.000000E+0
5.777327E+3	1.011030E-5	4.886000E+9	0.000000E+0	0.000000E+0
5.780325E+3	1.011030E-5	4.886000E+9	0.000000E+0	0.000000E+0
5.783327E+3	1.011040E-5	4.886100E+9	0.000000E+0	0.000000E+0
5.786325E+3	1.011060E-5	4.886200E+9	0.000000E+0	0.000000E+0
5.789327E+3	1.011010E-5	4.886300E+9	0.000000E+0	0.000000E+0
5.792325E+3	1.010990E-5	4.885900E+9	0.000000E+0	0.000000E+0
5.795320E+3	1.011080E-5	4.886100E+9	0.000000E+0	0.000000E+0
5.798327E+3	1.011010E-5	4.886100E+9	0.000000E+0	0.000000E+0
5.801326E+3	1.011080E-5	4.886100E+9	0.000000E+0	0.000000E+0
5.804330E+3	1.011080E-5	4.886100E+9	0.000000E+0	0.000000E+0
5.807329E+3	1.011050E-5	4.886000E+9	0.000000E+0	0.000000E+0
5.810325E+3	1.011110E-5	4.886100E+9	0.000000E+0	0.000000E+0
5.813326E+3	1.011080E-5	4.886100E+9	0.000000E+0	0.000000E+0
5.816326E+3	1.011100E-5	4.886000E+9	0.000000E+0	0.000000E+0
5.819331E+3	1.011140E-5	4.886200E+9	0.000000E+0	0.000000E+0
5.822328E+3	1.011130E-5	4.886000E+9	0.000000E+0	0.000000E+0
5.825326E+3	1.011110E-5	4.886300E+9	0.000000E+0	0.000000E+0
5.828327E+3	1.011220E-5	4.886200E+9	0.000000E+0	0.000000E+0
5.831330E+3	1.011180E-5	4.886000E+9	0.000000E+0	0.000000E+0
5.834327E+3	1.011110E-5	4.886100E+9	0.000000E+0	0.000000E+0
5.837324E+3	1.011040E-5	4.886000E+9	0.000000E+0	0.000000E+0
5.840329E+3	1.011210E-5	4.886100E+9	0.000000E+0	0.000000E+0
5.843329E+3	1.011240E-5	4.886000E+9	0.000000E+0	0.000000E+0
5.846332E+3	1.011280E-5	4.886100E+9	0.000000E+0	0.000000E+0
5.849330E+3	1.011260E-5	4.886100E+9	0.000000E+0	0.000000E+0
5.852328E+3	1.011290E-5	4.886000E+9	0.000000E+0	0.000000E+0
5.855323E+3	1.011240E-5	4.886000E+9	0.000000E+0	0.000000E+0
5.858330E+3	1.011300E-5	4.886000E+9	0.000000E+0	0.000000E+0
5.861328E+3	1.011190E-5	4.886200E+9	0.000000E+0	0.000000E+0
5.864330E+3	1.011270E-5	4.886200E+9	0.000000E+0	0.000000E+0
5.867329E+3	1.011250E-5	4.886200E+9	0.000000E+0	0.000000E+0
5.870330E+3	1.011320E-5	4.886100E+9	0.000000E+0	0.000000E+0
5.873327E+3	1.011310E-5	4.886100E+9	0.000000E+0	0.000000E+0
5.876331E+3	1.011270E-5	4.886100E+9	0.000000E+0	0.000000E+0
5.879333E+3	1.011250E-5	4.886300E+9	0.000000E+0	0.000000E+0
5.882334E+3	1.011290E-5	4.886300E+9	0.000000E+0	0.000000E+0
5.885323E+3	1.011300E-5	4.886200E+9	0.000000E+0	0.000000E+0
5.888329E+3	1.011300E-5	4.886200E+9	0.000000E+0	0.000000E+0
5.891332E+3	1.011280E-5	4.886400E+9	0.000000E+0	0.000000E+0
5.894334E+3	1.011360E-5	4.886100E+9	0.000000E+0	0.000000E+0
5.897324E+3	1.011280E-5	4.886100E+9	0.000000E+0	0.000000E+0
5.900329E+3	1.011430E-5	4.886100E+9	0.000000E+0	0.000000E+0
5.903329E+3	1.011350E-5	4.886300E+9	0.000000E+0	0.000000E+0
5.906327E+3	1.011420E-5	4.886100E+9	0.000000E+0	0.000000E+0
5.909325E+3	1.011320E-5	4.886200E+9	0.000000E+0	0.000000E+0
5.912327E+3	1.011430E-5	4.886200E+9	0.000000E+0	0.000000E+0
5.915327E+3	1.011390E-5	4.886000E+9	0.000000E+0	0.000000E+0
5.918328E+3	1.011350E-5	4.886200E+9	0.000000E+0	0.000000E+0
5.921326E+3	1.011410E-5	4.886200E+9	0.000000E+0	0.000000E+0
5.924326E+3	1.011430E-5	4.886100E+9	0.000000E+0	0.000000E+0
5.927325E+3	1.011420E-5	4.886300E+9	0.000000E+0	0.000000E+0
5.930330E+3	1.011410E-5	4.886300E+9	0.000000E+0	0.000000E+0
5.933329E+3	1.011420E-5	4.886300E+9	0.000000E+0	0.000000E+0
5.936328E+3	1.011460E-5	4.886300E+9	0.000000E+0	0.000000E+0
5.939331E+3	1.011310E-5	4.886400E+9	0.000000E+0	0.000000E+0
5.942324E+3	1.011420E-5	4.886200E+9	0.000000E+0	0.000000E+0
5.945331E+3	1.011380E-5	4.886400E+9	0.000000E+0	0.000000E+0
5.948326E+3	1.011420E-5	4.886200E+9	0.000000E+0	0.000000E+0
5.951334E+3	1.011470E-5	4.886200E+9	0.000000E+0	0.000000E+0
5.954334E+3	1.011430E-5	4.886200E+9	0.000000E+0	0.000000E+0
5.957332E+3	1.011440E-5	4.886300E+9	0.000000E+0	0.000000E+0
5.960330E+3	1.011430E-5	4.886300E+9	0.000000E+0	0.000000E+0
5.963329E+3	1.011440E-5	4.886200E+9	0.000000E+0	0.000000E+0
5.966325E+3	1.011500E-5	4.886400E+9	0.000000E+0	0.000000E+0
5.969324E+3	1.011470E-5	4.886400E+9	0.000000E+0	0.000000E+0
5.972327E+3	1.011510E-5	4.886300E+9	0.000000E+0	0.000000E+0
5.975327E+3	1.011410E-5	4.886500E+9	0.000000E+0	0.000000E+0
5.978330E+3	1.011400E-5	4.886500E+9	0.000000E+0	0.000000E+0
5.981333E+3	1.011470E-5	4.886400E+9	0.000000E+0	0.000000E+0
5.984328E+3	1.011450E-5	4.886200E+9	0.000000E+0	0.000000E+0
5.987326E+3	1.011510E-5	4.886400E+9	0.000000E+0	0.000000E+0
5.990333E+3	1.011470E-5	4.886500E+9	0.000000E+0	0.000000E+0
5.993339E+3	1.011400E-5	4.886400E+9	0.000000E+0	0.000000E+0
5.996333E+3	1.011480E-5	4.886400E+9	0.000000E+0	0.000000E+0
5.999326E+3	1.011500E-5	4.886400E+9	0.000000E+0	0.000000E+0
6.002324E+3	1.011560E-5	4.886500E+9	0.000000E+0	0.000000E+0
6.005331E+3	1.011880E-5	4.886300E+9	0.000000E+0	0.000000E+0
6.008332E+3	1.011570E-5	4.886400E+9	0.000000E+0	0.000000E+0
6.011331E+3	1.011590E-5	4.886300E+9	0.000000E+0	0.000000E+0
6.014329E+3	1.011500E-5	4.886500E+9	0.000000E+0	0.000000E+0
6.017324E+3	1.011530E-5	4.886400E+9	0.000000E+0	0.000000E+0
6.020326E+3	1.011510E-5	4.886400E+9	0.000000E+0	0.000000E+0
6.023329E+3	1.011520E-5	4.886400E+9	0.000000E+0	0.000000E+0
6.026330E+3	1.011580E-5	4.886300E+9	0.000000E+0	0.000000E+0
6.029329E+3	1.011590E-5	4.886300E+9	0.000000E+0	0.000000E+0
6.032330E+3	1.011650E-5	4.886400E+9	0.000000E+0	0.000000E+0
6.035330E+3	1.011650E-5	4.886300E+9	0.000000E+0	0.000000E+0
6.038335E+3	1.011570E-5	4.886400E+9	0.000000E+0	0.000000E+0
6.041325E+3	1.011500E-5	4.886400E+9	0.000000E+0	0.000000E+0
6.044327E+3	1.011550E-5	4.886300E+9	0.000000E+0	0.000000E+0
6.047331E+3	1.011590E-5	4.886300E+9	0.000000E+0	0.000000E+0
6.050325E+3	1.011610E-5	4.886500E+9	0.000000E+0	0.000000E+0
6.053333E+3	1.011580E-5	4.886400E+9	0.000000E+0	0.000000E+0
6.056328E+3	1.011660E-5	4.886500E+9	0.000000E+0	0.000000E+0
6.059328E+3	1.011550E-5	4.886400E+9	0.000000E+0	0.000000E+0
6.062329E+3	1.011700E-5	4.886500E+9	0.000000E+0	0.000000E+0
6.065332E+3	1.011640E-5	4.886500E+9	0.000000E+0	0.000000E+0
6.068331E+3	1.011700E-5	4.886500E+9	0.000000E+0	0.000000E+0
6.071327E+3	1.011690E-5	4.886400E+9	0.000000E+0	0.000000E+0
6.074333E+3	1.011740E-5	4.886500E+9	0.000000E+0	0.000000E+0
6.077333E+3	1.011650E-5	4.886500E+9	0.000000E+0	0.000000E+0
6.080337E+3	1.011670E-5	4.886400E+9	0.000000E+0	0.000000E+0
6.083325E+3	1.011710E-5	4.886600E+9	0.000000E+0	0.000000E+0
6.086326E+3	1.011720E-5	4.886400E+9	0.000000E+0	0.000000E+0
6.089328E+3	1.011700E-5	4.886400E+9	0.000000E+0	0.000000E+0
6.092332E+3	1.011700E-5	4.886400E+9	0.000000E+0	0.000000E+0
6.095336E+3	1.011690E-5	4.886600E+9	0.000000E+0	0.000000E+0
6.098327E+3	1.011810E-5	4.886400E+9	0.000000E+0	0.000000E+0
6.101327E+3	1.011740E-5	4.886400E+9	0.000000E+0	0.000000E+0
6.104327E+3	1.011710E-5	4.886300E+9	0.000000E+0	0.000000E+0
6.107326E+3	1.011750E-5	4.886400E+9	0.000000E+0	0.000000E+0
6.110325E+3	1.011780E-5	4.886400E+9	0.000000E+0	0.000000E+0
6.113325E+3	1.011760E-5	4.886200E+9	0.000000E+0	0.000000E+0
6.116330E+3	1.011770E-5	4.886100E+9	0.000000E+0	0.000000E+0
6.119329E+3	1.011890E-5	4.886200E+9	0.000000E+0	0.000000E+0
6.122329E+3	1.011820E-5	4.886200E+9	0.000000E+0	0.000000E+0
6.125328E+3	1.011860E-5	4.886300E+9	0.000000E+0	0.000000E+0
6.128326E+3	1.011830E-5	4.886400E+9	0.000000E+0	0.000000E+0
6.131326E+3	1.011840E-5	4.886200E+9	0.000000E+0	0.000000E+0
6.134327E+3	1.011920E-5	4.886300E+9	0.000000E+0	0.000000E+0
6.137327E+3	1.011880E-5	4.886200E+9	0.000000E+0	0.000000E+0
6.140326E+3	1.011920E-5	4.886400E+9	0.000000E+0	0.000000E+0
6.143329E+3	1.011850E-5	4.886100E+9	0.000000E+0	0.000000E+0
6.146329E+3	1.011910E-5	4.886200E+9	0.000000E+0	0.000000E+0
6.149327E+3	1.011920E-5	4.886200E+9	0.000000E+0	0.000000E+0
6.152329E+3	1.011920E-5	4.886200E+9	0.000000E+0	0.000000E+0
6.155328E+3	1.011890E-5	4.886400E+9	0.000000E+0	0.000000E+0
6.158325E+3	1.011970E-5	4.886200E+9	0.000000E+0	0.000000E+0
6.161328E+3	1.012010E-5	4.886300E+9	0.000000E+0	0.000000E+0
6.164327E+3	1.011970E-5	4.886500E+9	0.000000E+0	0.000000E+0
6.167326E+3	1.011920E-5	4.886300E+9	0.000000E+0	0.000000E+0
6.170331E+3	1.011950E-5	4.886300E+9	0.000000E+0	0.000000E+0
6.173328E+3	1.011930E-5	4.886500E+9	0.000000E+0	0.000000E+0
6.176325E+3	1.011990E-5	4.886300E+9	0.000000E+0	0.000000E+0
6.179326E+3	1.011910E-5	4.886300E+9	0.000000E+0	0.000000E+0
6.182331E+3	1.012000E-5	4.886200E+9	0.000000E+0	0.000000E+0
6.185331E+3	1.011970E-5	4.886400E+9	0.000000E+0	0.000000E+0
6.188324E+3	1.011990E-5	4.886300E+9	0.000000E+0	0.000000E+0
6.191328E+3	1.011990E-5	4.886300E+9	0.000000E+0	0.000000E+0
6.194326E+3	1.012060E-5	4.886400E+9	0.000000E+0	0.000000E+0
6.197323E+3	1.011990E-5	4.886400E+9	0.000000E+0	0.000000E+0
6.200327E+3	1.012060E-5	4.886400E+9	0.000000E+0	0.000000E+0
6.203326E+3	1.012020E-5	4.886300E+9	0.000000E+0	0.000000E+0
6.206330E+3	1.012040E-5	4.886300E+9	0.000000E+0	0.000000E+0
6.209327E+3	1.012050E-5	4.886500E+9	0.000000E+0	0.000000E+0
6.212327E+3	1.012060E-5	4.886300E+9	0.000000E+0	0.000000E+0
6.215332E+3	1.012130E-5	4.886300E+9	0.000000E+0	0.000000E+0
6.218330E+3	1.012110E-5	4.886500E+9	0.000000E+0	0.000000E+0
6.221330E+3	1.012060E-5	4.886500E+9	0.000000E+0	0.000000E+0
6.224332E+3	1.012090E-5	4.886300E+9	0.000000E+0	0.000000E+0
6.227323E+3	1.011930E-5	4.886400E+9	0.000000E+0	0.000000E+0
6.230327E+3	1.012010E-5	4.886400E+9	0.000000E+0	0.000000E+0
6.233322E+3	1.011990E-5	4.886500E+9	0.000000E+0	0.000000E+0
6.236328E+3	1.012060E-5	4.886400E+9	0.000000E+0	0.000000E+0
6.239326E+3	1.012080E-5	4.886600E+9	0.000000E+0	0.000000E+0
6.242325E+3	1.012080E-5	4.886400E+9	0.000000E+0	0.000000E+0
6.245325E+3	1.012120E-5	4.886600E+9	0.000000E+0	0.000000E+0
6.248328E+3	1.012080E-5	4.886300E+9	0.000000E+0	0.000000E+0
6.251324E+3	1.012100E-5	4.886400E+9	0.000000E+0	0.000000E+0
6.254332E+3	1.012100E-5	4.886500E+9	0.000000E+0	0.000000E+0
6.257329E+3	1.012080E-5	4.886500E+9	0.000000E+0	0.000000E+0
6.260331E+3	1.012170E-5	4.886400E+9	0.000000E+0	0.000000E+0
6.263329E+3	1.012010E-5	4.886600E+9	0.000000E+0	0.000000E+0
6.266332E+3	1.012100E-5	4.886500E+9	0.000000E+0	0.000000E+0
6.269329E+3	1.012090E-5	4.886500E+9	0.000000E+0	0.000000E+0
6.272330E+3	1.012160E-5	4.886600E+9	0.000000E+0	0.000000E+0
6.275327E+3	1.012170E-5	4.886400E+9	0.000000E+0	0.000000E+0
6.278329E+3	1.012150E-5	4.886400E+9	0.000000E+0	0.000000E+0
6.281328E+3	1.012160E-5	4.886600E+9	0.000000E+0	0.000000E+0
6.284330E+3	1.012160E-5	4.886500E+9	0.000000E+0	0.000000E+0
6.287325E+3	1.012130E-5	4.886700E+9	0.000000E+0	0.000000E+0
6.290332E+3	1.012200E-5	4.886500E+9	0.000000E+0	0.000000E+0
6.293330E+3	1.012170E-5	4.886600E+9	0.000000E+0	0.000000E+0
6.296343E+3	1.012190E-5	4.886400E+9	0.000000E+0	0.000000E+0
6.299323E+3	1.012130E-5	4.886500E+9	0.000000E+0	0.000000E+0
6.302331E+3	1.012160E-5	4.886600E+9	0.000000E+0	0.000000E+0
6.305339E+3	1.012590E-5	4.886300E+9	0.000000E+0	0.000000E+0
6.308331E+3	1.012230E-5	4.886400E+9	0.000000E+0	0.000000E+0
6.311329E+3	1.012190E-5	4.886500E+9	0.000000E+0	0.000000E+0
6.314328E+3	1.012220E-5	4.886500E+9	0.000000E+0	0.000000E+0
6.317332E+3	1.012220E-5	4.886500E+9	0.000000E+0	0.000000E+0
6.320326E+3	1.012180E-5	4.886500E+9	0.000000E+0	0.000000E+0
6.323331E+3	1.012200E-5	4.886600E+9	0.000000E+0	0.000000E+0
6.326334E+3	1.012240E-5	4.886400E+9	0.000000E+0	0.000000E+0
6.329335E+3	1.012180E-5	4.886600E+9	0.000000E+0	0.000000E+0
6.332332E+3	1.012200E-5	4.886700E+9	0.000000E+0	0.000000E+0
6.335330E+3	1.012300E-5	4.886500E+9	0.000000E+0	0.000000E+0
6.338329E+3	1.012240E-5	4.886400E+9	0.000000E+0	0.000000E+0
6.341328E+3	1.012250E-5	4.886700E+9	0.000000E+0	0.000000E+0
6.344330E+3	1.012300E-5	4.886300E+9	0.000000E+0	0.000000E+0
6.347333E+3	1.012270E-5	4.886500E+9	0.000000E+0	0.000000E+0
6.350333E+3	1.012300E-5	4.886500E+9	0.000000E+0	0.000000E+0
6.353330E+3	1.012330E-5	4.886500E+9	0.000000E+0	0.000000E+0
6.356334E+3	1.012330E-5	4.886300E+9	0.000000E+0	0.000000E+0
6.359330E+3	1.012260E-5	4.886400E+9	0.000000E+0	0.000000E+0
6.362331E+3	1.012250E-5	4.886500E+9	0.000000E+0	0.000000E+0
6.365327E+3	1.012310E-5	4.886700E+9	0.000000E+0	0.000000E+0
6.368331E+3	1.012320E-5	4.886400E+9	0.000000E+0	0.000000E+0
6.371332E+3	1.012330E-5	4.886500E+9	0.000000E+0	0.000000E+0
6.374338E+3	1.012380E-5	4.886400E+9	0.000000E+0	0.000000E+0
6.377323E+3	1.012440E-5	4.886500E+9	0.000000E+0	0.000000E+0
6.380331E+3	1.012410E-5	4.886500E+9	0.000000E+0	0.000000E+0
6.383337E+3	1.012450E-5	4.886600E+9	0.000000E+0	0.000000E+0
6.386329E+3	1.012460E-5	4.886500E+9	0.000000E+0	0.000000E+0
6.389326E+3	1.012470E-5	4.886500E+9	0.000000E+0	0.000000E+0
6.392329E+3	1.012540E-5	4.886400E+9	0.000000E+0	0.000000E+0
6.395329E+3	1.012490E-5	4.886500E+9	0.000000E+0	0.000000E+0
6.398327E+3	1.012470E-5	4.886600E+9	0.000000E+0	0.000000E+0
6.401324E+3	1.012530E-5	4.886600E+9	0.000000E+0	0.000000E+0
6.404329E+3	1.012560E-5	4.886500E+9	0.000000E+0	0.000000E+0
6.407327E+3	1.012460E-5	4.886500E+9	0.000000E+0	0.000000E+0
6.410327E+3	1.012490E-5	4.886500E+9	0.000000E+0	0.000000E+0
6.413323E+3	1.012460E-5	4.886700E+9	0.000000E+0	0.000000E+0
6.416328E+3	1.012500E-5	4.886500E+9	0.000000E+0	0.000000E+0
6.419328E+3	1.012520E-5	4.886500E+9	0.000000E+0	0.000000E+0
6.422325E+3	1.012510E-5	4.886400E+9	0.000000E+0	0.000000E+0
6.425325E+3	1.012470E-5	4.886400E+9	0.000000E+0	0.000000E+0
6.428334E+3	1.012500E-5	4.886500E+9	0.000000E+0	0.000000E+0
6.431326E+3	1.012600E-5	4.886500E+9	0.000000E+0	0.000000E+0
6.434331E+3	1.012570E-5	4.886400E+9	0.000000E+0	0.000000E+0
6.437329E+3	1.012520E-5	4.886400E+9	0.000000E+0	0.000000E+0
6.440328E+3	1.012630E-5	4.886400E+9	0.000000E+0	0.000000E+0
6.443326E+3	1.012550E-5	4.886500E+9	0.000000E+0	0.000000E+0
6.446332E+3	1.012530E-5	4.886500E+9	0.000000E+0	0.000000E+0
6.449327E+3	1.012560E-5	4.886500E+9	0.000000E+0	0.000000E+0
6.452330E+3	1.012620E-5	4.886300E+9	0.000000E+0	0.000000E+0
6.455337E+3	1.012540E-5	4.886500E+9	0.000000E+0	0.000000E+0
6.458327E+3	1.012660E-5	4.886300E+9	0.000000E+0	0.000000E+0
6.461327E+3	1.012700E-5	4.886400E+9	0.000000E+0	0.000000E+0
6.464329E+3	1.012670E-5	4.886500E+9	0.000000E+0	0.000000E+0
6.467328E+3	1.012610E-5	4.886600E+9	0.000000E+0	0.000000E+0
6.470327E+3	1.012550E-5	4.886500E+9	0.000000E+0	0.000000E+0
6.473325E+3	1.012630E-5	4.886500E+9	0.000000E+0	0.000000E+0
6.476327E+3	1.012620E-5	4.886400E+9	0.000000E+0	0.000000E+0
6.479327E+3	1.012690E-5	4.886500E+9	0.000000E+0	0.000000E+0
6.482325E+3	1.012690E-5	4.886500E+9	0.000000E+0	0.000000E+0
6.485328E+3	1.012720E-5	4.886600E+9	0.000000E+0	0.000000E+0
6.488326E+3	1.012690E-5	4.886300E+9	0.000000E+0	0.000000E+0
6.491325E+3	1.012650E-5	4.886400E+9	0.000000E+0	0.000000E+0
6.494323E+3	1.012740E-5	4.886400E+9	0.000000E+0	0.000000E+0
6.497326E+3	1.012680E-5	4.886500E+9	0.000000E+0	0.000000E+0
6.500324E+3	1.012670E-5	4.886500E+9	0.000000E+0	0.000000E+0
6.503326E+3	1.012690E-5	4.886400E+9	0.000000E+0	0.000000E+0
6.506327E+3	1.012730E-5	4.886500E+9	0.000000E+0	0.000000E+0
6.509327E+3	1.012670E-5	4.886500E+9	0.000000E+0	0.000000E+0
6.512326E+3	1.012760E-5	4.886300E+9	0.000000E+0	0.000000E+0
6.515329E+3	1.012780E-5	4.886500E+9	0.000000E+0	0.000000E+0
6.518329E+3	1.012720E-5	4.886500E+9	0.000000E+0	0.000000E+0
6.521329E+3	1.012770E-5	4.886400E+9	0.000000E+0	0.000000E+0
6.524329E+3	1.012790E-5	4.886400E+9	0.000000E+0	0.000000E+0
6.527330E+3	1.012840E-5	4.886500E+9	0.000000E+0	0.000000E+0
6.530330E+3	1.012810E-5	4.886400E+9	0.000000E+0	0.000000E+0
6.533328E+3	1.012810E-5	4.886400E+9	0.000000E+0	0.000000E+0
6.536328E+3	1.012790E-5	4.886400E+9	0.000000E+0	0.000000E+0
6.539325E+3	1.012730E-5	4.886400E+9	0.000000E+0	0.000000E+0
6.542327E+3	1.012820E-5	4.886400E+9	0.000000E+0	0.000000E+0
6.545330E+3	1.012800E-5	4.886500E+9	0.000000E+0	0.000000E+0
6.548326E+3	1.012890E-5	4.886400E+9	0.000000E+0	0.000000E+0
6.551329E+3	1.012870E-5	4.886600E+9	0.000000E+0	0.000000E+0
6.554328E+3	1.012800E-5	4.886500E+9	0.000000E+0	0.000000E+0
6.557325E+3	1.012740E-5	4.886700E+9	0.000000E+0	0.000000E+0
6.560329E+3	1.012780E-5	4.886600E+9	0.000000E+0	0.000000E+0
6.563331E+3	1.012770E-5	4.886500E+9	0.000000E+0	0.000000E+0
6.566329E+3	1.012840E-5	4.886600E+9	0.000000E+0	0.000000E+0
6.569327E+3	1.012850E-5	4.886500E+9	0.000000E+0	0.000000E+0
6.572329E+3	1.012820E-5	4.886400E+9	0.000000E+0	0.000000E+0
6.575326E+3	1.012900E-5	4.886300E+9	0.000000E+0	0.000000E+0
6.578331E+3	1.012910E-5	4.886400E+9	0.000000E+0	0.000000E+0
6.581330E+3	1.012840E-5	4.886600E+9	0.000000E+0	0.000000E+0
6.584332E+3	1.012960E-5	4.886500E+9	0.000000E+0	0.000000E+0
6.587329E+3	1.012890E-5	4.886600E+9	0.000000E+0	0.000000E+0
6.590329E+3	1.012930E-5	4.886500E+9	0.000000E+0	0.000000E+0
6.593328E+3	1.012890E-5	4.886600E+9	0.000000E+0	0.000000E+0
6.596328E+3	1.012910E-5	4.886600E+9	0.000000E+0	0.000000E+0
6.599327E+3	1.012950E-5	4.886600E+9	0.000000E+0	0.000000E+0
6.602327E+3	1.012840E-5	4.887200E+9	0.000000E+0	0.000000E+0
6.605336E+3	1.013250E-5	4.887000E+9	0.000000E+0	0.000000E+0
6.608330E+3	1.012940E-5	4.887400E+9	0.000000E+0	0.000000E+0
6.611328E+3	1.012910E-5	4.887200E+9	0.000000E+0	0.000000E+0
6.614330E+3	1.012910E-5	4.887200E+9	0.000000E+0	0.000000E+0
6.617334E+3	1.012920E-5	4.887400E+9	0.000000E+0	0.000000E+0
6.620329E+3	1.012900E-5	4.887400E+9	0.000000E+0	0.000000E+0
6.623328E+3	1.012920E-5	4.887500E+9	0.000000E+0	0.000000E+0
6.626331E+3	1.012910E-5	4.887300E+9	0.000000E+0	0.000000E+0
6.629331E+3	1.012930E-5	4.887500E+9	0.000000E+0	0.000000E+0
6.632332E+3	1.013040E-5	4.887400E+9	0.000000E+0	0.000000E+0
6.635324E+3	1.013020E-5	4.887200E+9	0.000000E+0	0.000000E+0
6.638330E+3	1.012990E-5	4.887300E+9	0.000000E+0	0.000000E+0
6.641330E+3	1.012950E-5	4.887300E+9	0.000000E+0	0.000000E+0
6.644335E+3	1.012910E-5	4.887400E+9	0.000000E+0	0.000000E+0
6.647330E+3	1.012930E-5	4.887300E+9	0.000000E+0	0.000000E+0
6.650335E+3	1.013010E-5	4.887400E+9	0.000000E+0	0.000000E+0
6.653330E+3	1.012960E-5	4.887400E+9	0.000000E+0	0.000000E+0
6.656328E+3	1.013050E-5	4.887200E+9	0.000000E+0	0.000000E+0
6.659327E+3	1.012990E-5	4.887600E+9	0.000000E+0	0.000000E+0
6.662325E+3	1.013050E-5	4.887200E+9	0.000000E+0	0.000000E+0
6.665327E+3	1.013010E-5	4.887500E+9	0.000000E+0	0.000000E+0
6.668327E+3	1.013020E-5	4.887500E+9	0.000000E+0	0.000000E+0
6.671328E+3	1.013060E-5	4.887500E+9	0.000000E+0	0.000000E+0
6.674328E+3	1.013090E-5	4.887400E+9	0.000000E+0	0.000000E+0
6.677326E+3	1.012950E-5	4.887300E+9	0.000000E+0	0.000000E+0
6.680326E+3	1.012960E-5	4.887400E+9	0.000000E+0	0.000000E+0
6.683328E+3	1.013080E-5	4.887300E+9	0.000000E+0	0.000000E+0
6.686326E+3	1.013070E-5	4.887400E+9	0.000000E+0	0.000000E+0
6.689329E+3	1.013020E-5	4.887400E+9	0.000000E+0	0.000000E+0
6.692326E+3	1.013050E-5	4.887400E+9	0.000000E+0	0.000000E+0
6.695326E+3	1.013110E-5	4.887500E+9	0.000000E+0	0.000000E+0
6.698331E+3	1.013110E-5	4.887500E+9	0.000000E+0	0.000000E+0
6.701327E+3	1.013160E-5	4.887500E+9	0.000000E+0	0.000000E+0
6.704326E+3	1.013120E-5	4.887400E+9	0.000000E+0	0.000000E+0
6.707325E+3	1.013060E-5	4.887500E+9	0.000000E+0	0.000000E+0
6.710332E+3	1.013110E-5	4.887300E+9	0.000000E+0	0.000000E+0
6.713324E+3	1.013110E-5	4.887500E+9	0.000000E+0	0.000000E+0
6.716329E+3	1.013140E-5	4.887400E+9	0.000000E+0	0.000000E+0
6.719328E+3	1.013140E-5	4.887500E+9	0.000000E+0	0.000000E+0
6.722327E+3	1.013050E-5	4.887600E+9	0.000000E+0	0.000000E+0
6.725323E+3	1.013110E-5	4.887500E+9	0.000000E+0	0.000000E+0
6.728330E+3	1.013170E-5	4.887500E+9	0.000000E+0	0.000000E+0
6.731328E+3	1.013140E-5	4.887300E+9	0.000000E+0	0.000000E+0
6.734325E+3	1.013190E-5	4.887300E+9	0.000000E+0	0.000000E+0
6.737326E+3	1.013110E-5	4.887500E+9	0.000000E+0	0.000000E+0
6.740326E+3	1.013150E-5	4.887400E+9	0.000000E+0	0.000000E+0
6.743326E+3	1.013110E-5	4.886700E+9	0.000000E+0	0.000000E+0
6.746325E+3	1.013100E-5	4.886900E+9	0.000000E+0	0.000000E+0
6.749324E+3	1.013070E-5	4.886900E+9	0.000000E+0	0.000000E+0
6.752328E+3	1.013130E-5	4.887000E+9	0.000000E+0	0.000000E+0
6.755329E+3	1.013180E-5	4.886800E+9	0.000000E+0	0.000000E+0
6.758329E+3	1.013170E-5	4.886600E+9	0.000000E+0	0.000000E+0
6.761329E+3	1.013210E-5	4.886800E+9	0.000000E+0	0.000000E+0
6.764327E+3	1.013160E-5	4.886900E+9	0.000000E+0	0.000000E+0
6.767327E+3	1.013250E-5	4.887000E+9	0.000000E+0	0.000000E+0
6.770330E+3	1.013110E-5	4.886900E+9	0.000000E+0	0.000000E+0
6.773330E+3	1.013530E-5	4.886800E+9	0.000000E+0	0.000000E+0
6.776329E+3	1.013180E-5	4.887000E+9	0.000000E+0	0.000000E+0
6.779328E+3	1.013170E-5	4.887000E+9	0.000000E+0	0.000000E+0
6.782327E+3	1.013300E-5	4.886800E+9	0.000000E+0	0.000000E+0
6.785328E+3	1.013290E-5	4.887000E+9	0.000000E+0	0.000000E+0
6.788328E+3	1.013310E-5	4.886800E+9	0.000000E+0	0.000000E+0
6.791328E+3	1.013290E-5	4.887100E+9	0.000000E+0	0.000000E+0
6.794327E+3	1.013380E-5	4.886900E+9	0.000000E+0	0.000000E+0
6.797323E+3	1.014700E-5	4.886200E+9	0.000000E+0	0.000000E+0
6.800325E+3	1.013420E-5	4.887000E+9	0.000000E+0	0.000000E+0
6.803329E+3	1.013290E-5	4.887000E+9	0.000000E+0	0.000000E+0
6.806326E+3	1.013400E-5	4.886800E+9	0.000000E+0	0.000000E+0
6.809326E+3	1.013290E-5	4.886900E+9	0.000000E+0	0.000000E+0
6.812329E+3	1.013530E-5	4.886800E+9	0.000000E+0	0.000000E+0
6.815329E+3	1.013440E-5	4.886900E+9	0.000000E+0	0.000000E+0
6.818329E+3	1.013520E-5	4.886900E+9	0.000000E+0	0.000000E+0
6.821327E+3	1.013380E-5	4.886800E+9	0.000000E+0	0.000000E+0
6.824327E+3	1.013380E-5	4.887000E+9	0.000000E+0	0.000000E+0
6.827329E+3	1.013390E-5	4.886900E+9	0.000000E+0	0.000000E+0
6.830327E+3	1.013380E-5	4.886800E+9	0.000000E+0	0.000000E+0
6.833327E+3	1.013400E-5	4.887000E+9	0.000000E+0	0.000000E+0
6.836329E+3	1.013350E-5	4.887000E+9	0.000000E+0	0.000000E+0
6.839329E+3	1.013400E-5	4.886900E+9	0.000000E+0	0.000000E+0
6.842330E+3	1.013420E-5	4.886900E+9	0.000000E+0	0.000000E+0
6.845328E+3	1.013390E-5	4.886700E+9	0.000000E+0	0.000000E+0
6.848330E+3	1.013450E-5	4.886700E+9	0.000000E+0	0.000000E+0
6.851327E+3	1.013370E-5	4.886700E+9	0.000000E+0	0.000000E+0
6.854327E+3	1.013480E-5	4.886600E+9	0.000000E+0	0.000000E+0
6.857322E+3	1.013500E-5	4.886800E+9	0.000000E+0	0.000000E+0
6.860326E+3	1.013560E-5	4.886600E+9	0.000000E+0	0.000000E+0
6.863326E+3	1.013420E-5	4.886700E+9	0.000000E+0	0.000000E+0
6.866328E+3	1.013430E-5	4.886800E+9	0.000000E+0	0.000000E+0
6.869325E+3	1.013410E-5	4.886700E+9	0.000000E+0	0.000000E+0
6.872329E+3	1.013500E-5	4.886600E+9	0.000000E+0	0.000000E+0
6.875329E+3	1.013510E-5	4.886700E+9	0.000000E+0	0.000000E+0
6.878329E+3	1.013510E-5	4.886700E+9	0.000000E+0	0.000000E+0
6.881326E+3	1.013450E-5	4.886900E+9	0.000000E+0	0.000000E+0
6.884329E+3	1.013420E-5	4.886800E+9	0.000000E+0	0.000000E+0
6.887332E+3	1.013560E-5	4.886800E+9	0.000000E+0	0.000000E+0
6.890329E+3	1.013510E-5	4.886700E+9	0.000000E+0	0.000000E+0
6.893329E+3	1.013550E-5	4.886700E+9	0.000000E+0	0.000000E+0
6.896330E+3	1.013530E-5	4.886800E+9	0.000000E+0	0.000000E+0
6.899335E+3	1.013520E-5	4.886900E+9	0.000000E+0	0.000000E+0
6.902330E+3	1.013490E-5	4.886700E+9	0.000000E+0	0.000000E+0
6.905329E+3	1.013800E-5	4.886600E+9	0.000000E+0	0.000000E+0
6.908330E+3	1.013540E-5	4.886700E+9	0.000000E+0	0.000000E+0
6.911341E+3	1.013550E-5	4.886900E+9	0.000000E+0	0.000000E+0
6.914333E+3	1.013520E-5	4.886600E+9	0.000000E+0	0.000000E+0
6.917341E+3	1.013520E-5	4.887000E+9	0.000000E+0	0.000000E+0
6.920333E+3	1.013540E-5	4.886900E+9	0.000000E+0	0.000000E+0
6.923331E+3	1.013550E-5	4.886800E+9	0.000000E+0	0.000000E+0
6.926331E+3	1.013520E-5	4.887100E+9	0.000000E+0	0.000000E+0
6.929327E+3	1.013670E-5	4.886900E+9	0.000000E+0	0.000000E+0
6.932334E+3	1.013650E-5	4.886900E+9	0.000000E+0	0.000000E+0
6.935325E+3	1.013660E-5	4.886800E+9	0.000000E+0	0.000000E+0
6.938329E+3	1.013690E-5	4.886800E+9	0.000000E+0	0.000000E+0
6.941334E+3	1.013640E-5	4.886900E+9	0.000000E+0	0.000000E+0
6.944328E+3	1.013700E-5	4.886700E+9	0.000000E+0	0.000000E+0
6.947326E+3	1.013690E-5	4.886800E+9	0.000000E+0	0.000000E+0
6.950326E+3	1.013660E-5	4.886900E+9	0.000000E+0	0.000000E+0
6.953326E+3	1.013710E-5	4.887000E+9	0.000000E+0	0.000000E+0
6.956327E+3	1.013690E-5	4.886800E+9	0.000000E+0	0.000000E+0
6.959329E+3	1.013710E-5	4.887000E+9	0.000000E+0	0.000000E+0
6.962333E+3	1.013780E-5	4.887000E+9	0.000000E+0	0.000000E+0
6.965327E+3	1.013700E-5	4.886900E+9	0.000000E+0	0.000000E+0
6.968329E+3	1.013750E-5	4.887200E+9	0.000000E+0	0.000000E+0
6.971328E+3	1.013780E-5	4.887100E+9	0.000000E+0	0.000000E+0
6.974330E+3	1.013770E-5	4.887100E+9	0.000000E+0	0.000000E+0
6.977331E+3	1.013700E-5	4.887200E+9	0.000000E+0	0.000000E+0
6.980333E+3	1.013750E-5	4.887000E+9	0.000000E+0	0.000000E+0
6.983331E+3	1.013690E-5	4.887200E+9	0.000000E+0	0.000000E+0
6.986330E+3	1.013740E-5	4.887200E+9	0.000000E+0	0.000000E+0
6.989326E+3	1.013760E-5	4.887300E+9	0.000000E+0	0.000000E+0
6.992333E+3	1.013750E-5	4.887200E+9	0.000000E+0	0.000000E+0
6.995329E+3	1.013820E-5	4.887300E+9	0.000000E+0	0.000000E+0
6.998332E+3	1.013800E-5	4.887100E+9	0.000000E+0	0.000000E+0
7.001329E+3	1.013790E-5	4.887400E+9	0.000000E+0	0.000000E+0
7.004333E+3	1.014120E-5	4.889200E+9	0.000000E+0	0.000000E+0
7.007331E+3	1.017340E-5	4.887400E+9	0.000000E+0	0.000000E+0
7.010329E+3	1.014600E-5	4.887200E+9	0.000000E+0	0.000000E+0
7.013327E+3	1.014740E-5	4.890300E+9	0.000000E+0	0.000000E+0
7.016327E+3	1.014950E-5	4.889000E+9	0.000000E+0	0.000000E+0
7.019325E+3	1.014910E-5	4.889900E+9	0.000000E+0	0.000000E+0
7.022325E+3	1.015110E-5	4.890000E+9	0.000000E+0	0.000000E+0
7.025325E+3	1.015340E-5	4.892800E+9	0.000000E+0	0.000000E+0
7.028329E+3	1.018510E-5	4.889100E+9	0.000000E+0	0.000000E+0
7.031327E+3	1.019240E-5	4.888300E+9	0.000000E+0	0.000000E+0
7.034325E+3	1.013800E-5	4.891300E+9	0.000000E+0	0.000000E+0
7.037328E+3	1.014880E-5	4.889300E+9	0.000000E+0	0.000000E+0
7.040328E+3	1.014550E-5	4.888200E+9	0.000000E+0	0.000000E+0
7.043325E+3	1.013780E-5	4.888000E+9	0.000000E+0	0.000000E+0
7.046323E+3	1.013910E-5	4.887400E+9	0.000000E+0	0.000000E+0
7.049328E+3	1.013800E-5	4.888900E+9	0.000000E+0	0.000000E+0
7.052329E+3	1.014110E-5	4.887200E+9	0.000000E+0	0.000000E+0
7.055328E+3	1.013880E-5	4.887300E+9	0.000000E+0	0.000000E+0
7.058328E+3	1.013910E-5	4.887300E+9	0.000000E+0	0.000000E+0
7.061328E+3	1.013890E-5	4.887200E+9	0.000000E+0	0.000000E+0
7.064328E+3	1.013910E-5	4.887100E+9	0.000000E+0	0.000000E+0
7.067329E+3	1.013910E-5	4.887200E+9	0.000000E+0	0.000000E+0
7.070326E+3	1.013910E-5	4.891000E+9	0.000000E+0	0.000000E+0
7.073326E+3	1.019440E-5	4.887400E+9	0.000000E+0	0.000000E+0
7.076331E+3	1.014410E-5	4.888600E+9	0.000000E+0	0.000000E+0
7.079330E+3	1.014780E-5	4.887300E+9	0.000000E+0	0.000000E+0
7.082324E+3	1.015100E-5	4.887200E+9	0.000000E+0	0.000000E+0
7.085332E+3	1.013940E-5	4.888300E+9	0.000000E+0	0.000000E+0
7.088330E+3	1.014110E-5	4.887100E+9	0.000000E+0	0.000000E+0
7.091327E+3	1.013900E-5	4.888900E+9	0.000000E+0	0.000000E+0
7.094325E+3	1.013950E-5	4.887300E+9	0.000000E+0	0.000000E+0
7.097327E+3	1.014020E-5	4.887300E+9	0.000000E+0	0.000000E+0
7.100328E+3	1.015400E-5	4.887400E+9	0.000000E+0	0.000000E+0
7.103325E+3	1.015360E-5	4.887500E+9	0.000000E+0	0.000000E+0
7.106330E+3	1.013970E-5	4.887400E+9	0.000000E+0	0.000000E+0
7.109328E+3	1.013900E-5	4.889900E+9	0.000000E+0	0.000000E+0
7.112325E+3	1.014060E-5	4.887400E+9	0.000000E+0	0.000000E+0
7.115326E+3	1.013960E-5	4.887600E+9	0.000000E+0	0.000000E+0
7.118326E+3	1.014100E-5	4.887200E+9	0.000000E+0	0.000000E+0
7.121328E+3	1.014000E-5	4.887400E+9	0.000000E+0	0.000000E+0
7.124328E+3	1.014060E-5	4.887400E+9	0.000000E+0	0.000000E+0
7.127328E+3	1.014540E-5	4.887100E+9	0.000000E+0	0.000000E+0
7.130328E+3	1.014070E-5	4.887500E+9	0.000000E+0	0.000000E+0
7.133337E+3	1.014040E-5	4.887600E+9	0.000000E+0	0.000000E+0
7.136331E+3	1.014020E-5	4.887800E+9	0.000000E+0	0.000000E+0
7.139330E+3	1.013970E-5	4.887900E+9	0.000000E+0	0.000000E+0
7.142329E+3	1.014020E-5	4.888000E+9	0.000000E+0	0.000000E+0
7.145325E+3	1.014030E-5	4.888100E+9	0.000000E+0	0.000000E+0
7.148333E+3	1.014040E-5	4.888200E+9	0.000000E+0	0.000000E+0
7.151328E+3	1.014150E-5	4.888300E+9	0.000000E+0	0.000000E+0
7.154330E+3	1.014390E-5	4.888600E+9	0.000000E+0	0.000000E+0
7.157329E+3	1.014430E-5	4.888700E+9	0.000000E+0	0.000000E+0
7.160332E+3	1.014660E-5	4.888500E+9	0.000000E+0	0.000000E+0
7.163325E+3	1.015020E-5	4.887900E+9	0.000000E+0	0.000000E+0
7.166333E+3	1.015080E-5	4.888000E+9	0.000000E+0	0.000000E+0
7.169323E+3	1.015300E-5	4.887300E+9	0.000000E+0	0.000000E+0
7.172323E+3	1.015420E-5	4.887000E+9	0.000000E+0	0.000000E+0
7.175326E+3	1.016330E-5	4.886300E+9	0.000000E+0	0.000000E+0
7.178325E+3	1.016050E-5	4.884900E+9	0.000000E+0	0.000000E+0
7.181318E+3	1.016390E-5	4.883000E+9	0.000000E+0	0.000000E+0
7.184323E+3	1.017260E-5	4.883200E+9	0.000000E+0	0.000000E+0
7.187323E+3	1.016400E-5	4.883200E+9	0.000000E+0	0.000000E+0
7.190324E+3	1.016760E-5	4.882900E+9	0.000000E+0	0.000000E+0
7.193321E+3	1.016490E-5	4.883200E+9	0.000000E+0	0.000000E+0
7.196324E+3	1.016570E-5	4.883200E+9	0.000000E+0	0.000000E+0
7.199324E+3	1.016500E-5	4.883100E+9	0.000000E+0	0.000000E+0
7.202322E+3	1.016590E-5	4.883000E+9	0.000000E+0	0.000000E+0
7.205326E+3	1.017210E-5	4.882600E+9	0.000000E+0	0.000000E+0
7.208322E+3	1.016450E-5	4.883000E+9	0.000000E+0	0.000000E+0
