
Medición hecha el 2026-06-17  05:50 p.m.

Medición de corriente y tensión en el tiempo con posibilidad de inyectar corriente.
Tiempo	Corriente	Tensión
1.021170E+2	-5.983300E-4	1.268800E+4	0.000000E+0	0.000000E+0
1.060930E+2	-5.983700E-4	1.268790E+4	0.000000E+0	0.000000E+0
1.101350E+2	-5.983500E-4	1.268780E+4	0.000000E+0	0.000000E+0
1.140940E+2	-5.983600E-4	1.268780E+4	0.000000E+0	0.000000E+0
1.181360E+2	-5.983500E-4	1.268770E+4	0.000000E+0	0.000000E+0
1.220910E+2	-5.983700E-4	1.268750E+4	0.000000E+0	0.000000E+0
1.261330E+2	-5.983800E-4	1.268740E+4	0.000000E+0	0.000000E+0
1.300940E+2	-5.983700E-4	1.268730E+4	0.000000E+0	0.000000E+0
1.341360E+2	-5.983500E-4	1.268710E+4	0.000000E+0	0.000000E+0
1.380920E+2	-5.983700E-4	1.268690E+4	0.000000E+0	0.000000E+0
1.421360E+2	-5.983700E-4	1.268680E+4	0.000000E+0	0.000000E+0
1.460950E+2	-5.983600E-4	1.268650E+4	0.000000E+0	0.000000E+0
1.501360E+2	-5.983600E-4	1.268620E+4	0.000000E+0	0.000000E+0
1.540910E+2	-5.983900E-4	1.268580E+4	0.000000E+0	0.000000E+0
1.581330E+2	-5.983800E-4	1.268550E+4	0.000000E+0	0.000000E+0
1.620980E+2	-5.983600E-4	1.268510E+4	0.000000E+0	0.000000E+0
1.661360E+2	-5.983800E-4	1.268500E+4	0.000000E+0	0.000000E+0
1.700920E+2	-5.983900E-4	1.268470E+4	0.000000E+0	0.000000E+0
1.741320E+2	-5.983900E-4	1.268450E+4	0.000000E+0	0.000000E+0
1.780950E+2	-5.983800E-4	1.268410E+4	0.000000E+0	0.000000E+0
1.821300E+2	-5.984100E-4	1.268380E+4	0.000000E+0	0.000000E+0
1.860910E+2	-5.983900E-4	1.268360E+4	0.000000E+0	0.000000E+0
1.901290E+2	-5.983600E-4	1.268330E+4	0.000000E+0	0.000000E+0
1.941150E+2	-5.983500E-4	1.268310E+4	0.000000E+0	0.000000E+0
1.980960E+2	-5.983400E-4	1.268280E+4	0.000000E+0	0.000000E+0
2.021100E+2	-5.983300E-4	1.268250E+4	0.000000E+0	0.000000E+0
2.061090E+2	-5.983600E-4	1.268220E+4	0.000000E+0	0.000000E+0
2.101160E+2	-5.983700E-4	1.268190E+4	0.000000E+0	0.000000E+0
2.141150E+2	-5.983500E-4	1.268160E+4	0.000000E+0	0.000000E+0
2.180940E+2	-5.983400E-4	1.268130E+4	0.000000E+0	0.000000E+0
2.221270E+2	-5.983500E-4	1.268100E+4	0.000000E+0	0.000000E+0
2.261150E+2	-5.983400E-4	1.268060E+4	0.000000E+0	0.000000E+0
2.300990E+2	-5.983200E-4	1.268030E+4	0.000000E+0	0.000000E+0
2.341330E+2	-5.983600E-4	1.268000E+4	0.000000E+0	0.000000E+0
2.380880E+2	-5.983300E-4	1.267970E+4	0.000000E+0	0.000000E+0
2.421270E+2	-5.983100E-4	1.267940E+4	0.000000E+0	0.000000E+0
2.461140E+2	-5.983500E-4	1.267900E+4	0.000000E+0	0.000000E+0
2.501140E+2	-5.983300E-4	1.267870E+4	0.000000E+0	0.000000E+0
2.541130E+2	-5.983300E-4	1.267830E+4	0.000000E+0	0.000000E+0
2.581260E+2	-5.983300E-4	1.267810E+4	0.000000E+0	0.000000E+0
2.620920E+2	-5.983100E-4	1.267780E+4	0.000000E+0	0.000000E+0
2.661320E+2	-5.983300E-4	1.267750E+4	0.000000E+0	0.000000E+0
2.700880E+2	-5.983500E-4	1.267710E+4	0.000000E+0	0.000000E+0
2.741280E+2	-5.983000E-4	1.267680E+4	0.000000E+0	0.000000E+0
2.781150E+2	-5.983300E-4	1.267660E+4	0.000000E+0	0.000000E+0
2.821160E+2	-5.983100E-4	1.267620E+4	0.000000E+0	0.000000E+0
2.860900E+2	-5.983700E-4	1.267590E+4	0.000000E+0	0.000000E+0
2.901300E+2	-5.983100E-4	1.267540E+4	0.000000E+0	0.000000E+0
2.941160E+2	-5.982700E-4	1.267520E+4	0.000000E+0	0.000000E+0
2.980930E+2	-5.982700E-4	1.267480E+4	0.000000E+0	0.000000E+0
3.021330E+2	-5.982800E-4	1.267450E+4	0.000000E+0	0.000000E+0
3.060940E+2	-5.983000E-4	1.267420E+4	0.000000E+0	0.000000E+0
3.101280E+2	-5.982800E-4	1.267390E+4	0.000000E+0	0.000000E+0
3.140920E+2	-5.982500E-4	1.267360E+4	0.000000E+0	0.000000E+0
3.181250E+2	-5.983100E-4	1.267320E+4	0.000000E+0	0.000000E+0
3.221130E+2	-5.983100E-4	1.267280E+4	0.000000E+0	0.000000E+0
3.261150E+2	-5.983000E-4	1.267270E+4	0.000000E+0	0.000000E+0
3.300940E+2	-5.983000E-4	1.267230E+4	0.000000E+0	0.000000E+0
3.341310E+2	-5.982900E-4	1.267190E+4	0.000000E+0	0.000000E+0
3.381100E+2	-5.983300E-4	1.267140E+4	0.000000E+0	0.000000E+0
3.421090E+2	-5.983000E-4	1.267100E+4	0.000000E+0	0.000000E+0
3.461110E+2	-5.983100E-4	1.267070E+4	0.000000E+0	0.000000E+0
3.501110E+2	-5.983200E-4	1.267030E+4	0.000000E+0	0.000000E+0
3.541100E+2	-5.983300E-4	1.267000E+4	0.000000E+0	0.000000E+0
3.581230E+2	-5.983000E-4	1.266970E+4	0.000000E+0	0.000000E+0
3.620880E+2	-5.982700E-4	1.266950E+4	0.000000E+0	0.000000E+0
3.661300E+2	-5.982400E-4	1.266910E+4	0.000000E+0	0.000000E+0
3.701160E+2	-5.982900E-4	1.266880E+4	0.000000E+0	0.000000E+0
3.740930E+2	-5.982600E-4	1.266850E+4	0.000000E+0	0.000000E+0
3.781300E+2	-5.982500E-4	1.266810E+4	0.000000E+0	0.000000E+0
3.821150E+2	-5.983000E-4	1.266780E+4	0.000000E+0	0.000000E+0
3.861080E+2	-5.982700E-4	1.266750E+4	0.000000E+0	0.000000E+0
3.901170E+2	-5.982800E-4	1.266720E+4	0.000000E+0	0.000000E+0
3.941120E+2	-5.982800E-4	1.266690E+4	0.000000E+0	0.000000E+0
3.980890E+2	-5.982900E-4	1.266650E+4	0.000000E+0	0.000000E+0
4.021230E+2	-5.982900E-4	1.266620E+4	0.000000E+0	0.000000E+0
4.061150E+2	-5.983000E-4	1.266590E+4	0.000000E+0	0.000000E+0
4.101170E+2	-5.983300E-4	1.266560E+4	0.000000E+0	0.000000E+0
4.140970E+2	-5.983000E-4	1.266530E+4	0.000000E+0	0.000000E+0
4.181230E+2	-5.983100E-4	1.266500E+4	0.000000E+0	0.000000E+0
4.221150E+2	-5.982800E-4	1.266470E+4	0.000000E+0	0.000000E+0
4.260950E+2	-5.983300E-4	1.266440E+4	0.000000E+0	0.000000E+0
4.301290E+2	-5.983200E-4	1.266410E+4	0.000000E+0	0.000000E+0
4.341170E+2	-5.982800E-4	1.266390E+4	0.000000E+0	0.000000E+0
4.380950E+2	-5.982900E-4	1.266350E+4	0.000000E+0	0.000000E+0
4.421260E+2	-5.982700E-4	1.266320E+4	0.000000E+0	0.000000E+0
4.460900E+2	-5.982500E-4	1.266280E+4	0.000000E+0	0.000000E+0
4.501280E+2	-5.982900E-4	1.266250E+4	0.000000E+0	0.000000E+0
4.541150E+2	-5.982700E-4	1.266230E+4	0.000000E+0	0.000000E+0
4.580910E+2	-5.983000E-4	1.266180E+4	0.000000E+0	0.000000E+0
4.621300E+2	-5.983000E-4	1.266160E+4	0.000000E+0	0.000000E+0
4.660900E+2	-5.982900E-4	1.266120E+4	0.000000E+0	0.000000E+0
4.701340E+2	-5.982800E-4	1.266100E+4	0.000000E+0	0.000000E+0
4.741170E+2	-5.982800E-4	1.266060E+4	0.000000E+0	0.000000E+0
4.781100E+2	-5.982900E-4	1.266030E+4	0.000000E+0	0.000000E+0
4.821120E+2	-5.983100E-4	1.265980E+4	0.000000E+0	0.000000E+0
4.861150E+2	-5.983100E-4	1.265940E+4	0.000000E+0	0.000000E+0
4.901130E+2	-5.982800E-4	1.265910E+4	0.000000E+0	0.000000E+0
4.940900E+2	-5.983100E-4	1.265870E+4	0.000000E+0	0.000000E+0
4.981240E+2	-5.983000E-4	1.265840E+4	0.000000E+0	0.000000E+0
5.021130E+2	-5.983000E-4	1.265810E+4	0.000000E+0	0.000000E+0
5.061150E+2	-5.982700E-4	1.265780E+4	0.000000E+0	0.000000E+0
5.100900E+2	-5.983200E-4	1.265750E+4	0.000000E+0	0.000000E+0
5.141260E+2	-5.983100E-4	1.265710E+4	0.000000E+0	0.000000E+0
5.181080E+2	-5.983000E-4	1.265680E+4	0.000000E+0	0.000000E+0
5.221200E+2	-5.982600E-4	1.265650E+4	0.000000E+0	0.000000E+0
5.260970E+2	-5.982700E-4	1.265610E+4	0.000000E+0	0.000000E+0
5.301260E+2	-5.983000E-4	1.265580E+4	0.000000E+0	0.000000E+0
5.341140E+2	-5.982800E-4	1.265550E+4	0.000000E+0	0.000000E+0
5.381160E+2	-5.983100E-4	1.265530E+4	0.000000E+0	0.000000E+0
5.420900E+2	-5.982800E-4	1.265500E+4	0.000000E+0	0.000000E+0
5.461320E+2	-5.983200E-4	1.265470E+4	0.000000E+0	0.000000E+0
5.501110E+2	-5.983000E-4	1.265430E+4	0.000000E+0	0.000000E+0
5.541210E+2	-5.983000E-4	1.265400E+4	0.000000E+0	0.000000E+0
5.580980E+2	-5.983200E-4	1.265380E+4	0.000000E+0	0.000000E+0
5.621290E+2	-5.983400E-4	1.265340E+4	0.000000E+0	0.000000E+0
5.661160E+2	-5.982900E-4	1.265300E+4	0.000000E+0	0.000000E+0
5.701210E+2	-5.983100E-4	1.265280E+4	0.000000E+0	0.000000E+0
5.740910E+2	-5.983100E-4	1.265240E+4	0.000000E+0	0.000000E+0
5.781320E+2	-5.982900E-4	1.265210E+4	0.000000E+0	0.000000E+0
5.821120E+2	-5.983100E-4	1.265170E+4	0.000000E+0	0.000000E+0
5.861180E+2	-5.983000E-4	1.265140E+4	0.000000E+0	0.000000E+0
5.900960E+2	-5.982900E-4	1.265100E+4	0.000000E+0	0.000000E+0
5.941230E+2	-5.982800E-4	1.265070E+4	0.000000E+0	0.000000E+0
5.981150E+2	-5.983100E-4	1.265040E+4	0.000000E+0	0.000000E+0
6.020920E+2	-5.983100E-4	1.265010E+4	0.000000E+0	0.000000E+0
6.061330E+2	-5.983100E-4	1.264970E+4	0.000000E+0	0.000000E+0
6.100890E+2	-5.983500E-4	1.264950E+4	0.000000E+0	0.000000E+0
6.141320E+2	-5.983000E-4	1.264910E+4	0.000000E+0	0.000000E+0
6.181170E+2	-5.982800E-4	1.264870E+4	0.000000E+0	0.000000E+0
6.221140E+2	-5.983000E-4	1.264840E+4	0.000000E+0	0.000000E+0
6.261110E+2	-5.983100E-4	1.264800E+4	0.000000E+0	0.000000E+0
6.301200E+2	-5.983000E-4	1.264770E+4	0.000000E+0	0.000000E+0
6.340940E+2	-5.983100E-4	1.264740E+4	0.000000E+0	0.000000E+0
6.381310E+2	-5.983000E-4	1.264690E+4	0.000000E+0	0.000000E+0
6.421140E+2	-5.983200E-4	1.264660E+4	0.000000E+0	0.000000E+0
6.461190E+2	-5.983200E-4	1.264620E+4	0.000000E+0	0.000000E+0
6.500940E+2	-5.983000E-4	1.264580E+4	0.000000E+0	0.000000E+0
6.541320E+2	-5.983200E-4	1.264550E+4	0.000000E+0	0.000000E+0
6.580930E+2	-5.983200E-4	1.264520E+4	0.000000E+0	0.000000E+0
6.621300E+2	-5.983100E-4	1.264480E+4	0.000000E+0	0.000000E+0
6.660910E+2	-5.982900E-4	1.264450E+4	0.000000E+0	0.000000E+0
6.701320E+2	-5.982800E-4	1.264420E+4	0.000000E+0	0.000000E+0
6.740910E+2	-5.982900E-4	1.264380E+4	0.000000E+0	0.000000E+0
6.781330E+2	-5.982900E-4	1.264350E+4	0.000000E+0	0.000000E+0
6.821190E+2	-5.982800E-4	1.264310E+4	0.000000E+0	0.000000E+0
6.860990E+2	-5.983000E-4	1.264270E+4	0.000000E+0	0.000000E+0
6.901270E+2	-5.983000E-4	1.264240E+4	0.000000E+0	0.000000E+0
6.941150E+2	-5.982900E-4	1.264210E+4	0.000000E+0	0.000000E+0
6.981130E+2	-5.983100E-4	1.264180E+4	0.000000E+0	0.000000E+0
7.021180E+2	-5.982800E-4	1.264160E+4	0.000000E+0	0.000000E+0
7.061150E+2	-5.983100E-4	1.264130E+4	0.000000E+0	0.000000E+0
7.101130E+2	-5.982700E-4	1.264100E+4	0.000000E+0	0.000000E+0
7.141130E+2	-5.982300E-4	1.264080E+4	0.000000E+0	0.000000E+0
7.181150E+2	-5.982400E-4	1.264030E+4	0.000000E+0	0.000000E+0
7.221150E+2	-5.982400E-4	1.264010E+4	0.000000E+0	0.000000E+0
7.261140E+2	-5.982200E-4	1.263980E+4	0.000000E+0	0.000000E+0
7.301140E+2	-5.982500E-4	1.263950E+4	0.000000E+0	0.000000E+0
7.341150E+2	-5.982500E-4	1.263920E+4	0.000000E+0	0.000000E+0
7.381150E+2	-5.982400E-4	1.263900E+4	0.000000E+0	0.000000E+0
7.421160E+2	-5.982600E-4	1.263850E+4	0.000000E+0	0.000000E+0
7.461180E+2	-5.982600E-4	1.263830E+4	0.000000E+0	0.000000E+0
7.500910E+2	-5.982400E-4	1.263790E+4	0.000000E+0	0.000000E+0
7.541270E+2	-5.982400E-4	1.263750E+4	0.000000E+0	0.000000E+0
7.581120E+2	-5.982500E-4	1.263720E+4	0.000000E+0	0.000000E+0
7.621170E+2	-5.982500E-4	1.263690E+4	0.000000E+0	0.000000E+0
7.660960E+2	-5.982400E-4	1.263670E+4	0.000000E+0	0.000000E+0
7.701350E+2	-5.982800E-4	1.263630E+4	0.000000E+0	0.000000E+0
7.741150E+2	-5.982700E-4	1.263600E+4	0.000000E+0	0.000000E+0
7.781170E+2	-5.982300E-4	1.263570E+4	0.000000E+0	0.000000E+0
7.821170E+2	-5.982800E-4	1.263540E+4	0.000000E+0	0.000000E+0
7.860960E+2	-5.982500E-4	1.263510E+4	0.000000E+0	0.000000E+0
7.901260E+2	-5.982500E-4	1.263470E+4	0.000000E+0	0.000000E+0
7.941130E+2	-5.982300E-4	1.263440E+4	0.000000E+0	0.000000E+0
7.981150E+2	-5.982400E-4	1.263400E+4	0.000000E+0	0.000000E+0
8.021150E+2	-5.982400E-4	1.263370E+4	0.000000E+0	0.000000E+0
8.061140E+2	-5.982400E-4	1.263350E+4	0.000000E+0	0.000000E+0
8.101130E+2	-5.982200E-4	1.263320E+4	0.000000E+0	0.000000E+0
8.141150E+2	-5.982400E-4	1.263260E+4	0.000000E+0	0.000000E+0
8.181150E+2	-5.982400E-4	1.263240E+4	0.000000E+0	0.000000E+0
8.221140E+2	-5.982400E-4	1.263210E+4	0.000000E+0	0.000000E+0
8.261150E+2	-5.982700E-4	1.263170E+4	0.000000E+0	0.000000E+0
8.301160E+2	-5.982500E-4	1.263140E+4	0.000000E+0	0.000000E+0
8.341190E+2	-5.982500E-4	1.263100E+4	0.000000E+0	0.000000E+0
8.380960E+2	-5.982300E-4	1.263070E+4	0.000000E+0	0.000000E+0
8.421150E+2	-5.982400E-4	1.263030E+4	0.000000E+0	0.000000E+0
8.461140E+2	-5.982500E-4	1.263010E+4	0.000000E+0	0.000000E+0
8.501140E+2	-5.982500E-4	1.262970E+4	0.000000E+0	0.000000E+0
8.540940E+2	-5.982100E-4	1.262950E+4	0.000000E+0	0.000000E+0
8.581310E+2	-5.982100E-4	1.262920E+4	0.000000E+0	0.000000E+0
8.621150E+2	-5.982600E-4	1.262880E+4	0.000000E+0	0.000000E+0
8.660930E+2	-5.982300E-4	1.262850E+4	0.000000E+0	0.000000E+0
8.701300E+2	-5.982300E-4	1.262820E+4	0.000000E+0	0.000000E+0
8.741110E+2	-5.982100E-4	1.262780E+4	0.000000E+0	0.000000E+0
8.781280E+2	-5.981800E-4	1.262750E+4	0.000000E+0	0.000000E+0
8.820980E+2	-5.982000E-4	1.262720E+4	0.000000E+0	0.000000E+0
8.861300E+2	-5.981800E-4	1.262700E+4	0.000000E+0	0.000000E+0
8.901170E+2	-5.982000E-4	1.262660E+4	0.000000E+0	0.000000E+0
8.940950E+2	-5.982200E-4	1.262620E+4	0.000000E+0	0.000000E+0
8.981330E+2	-5.982000E-4	1.262600E+4	0.000000E+0	0.000000E+0
9.020920E+2	-5.981900E-4	1.262570E+4	0.000000E+0	0.000000E+0
9.061390E+2	-5.982200E-4	1.262530E+4	0.000000E+0	0.000000E+0
9.100970E+2	-5.982000E-4	1.262510E+4	0.000000E+0	0.000000E+0
9.141160E+2	-5.982100E-4	1.262480E+4	0.000000E+0	0.000000E+0
9.180950E+2	-5.982000E-4	1.262440E+4	0.000000E+0	0.000000E+0
9.221340E+2	-5.981800E-4	1.262410E+4	0.000000E+0	0.000000E+0
9.260950E+2	-5.982200E-4	1.262380E+4	0.000000E+0	0.000000E+0
9.301270E+2	-5.982300E-4	1.262360E+4	0.000000E+0	0.000000E+0
9.341190E+2	-5.982100E-4	1.262320E+4	0.000000E+0	0.000000E+0
9.380930E+2	-5.982500E-4	1.262300E+4	0.000000E+0	0.000000E+0
9.421100E+2	-5.981900E-4	1.262270E+4	0.000000E+0	0.000000E+0
9.461100E+2	-5.981900E-4	1.262240E+4	0.000000E+0	0.000000E+0
9.501160E+2	-5.981800E-4	1.262210E+4	0.000000E+0	0.000000E+0
9.540880E+2	-5.982200E-4	1.262170E+4	0.000000E+0	0.000000E+0
9.581250E+2	-5.982200E-4	1.262150E+4	0.000000E+0	0.000000E+0
9.621120E+2	-5.982200E-4	1.262110E+4	0.000000E+0	0.000000E+0
9.661180E+2	-5.981900E-4	1.262090E+4	0.000000E+0	0.000000E+0
9.700980E+2	-5.981900E-4	1.262070E+4	0.000000E+0	0.000000E+0
9.741250E+2	-5.982000E-4	1.262040E+4	0.000000E+0	0.000000E+0
9.781180E+2	-5.982200E-4	1.262010E+4	0.000000E+0	0.000000E+0
9.820920E+2	-5.981800E-4	1.261980E+4	0.000000E+0	0.000000E+0
9.861310E+2	-5.982100E-4	1.261940E+4	0.000000E+0	0.000000E+0
9.900860E+2	-5.981800E-4	1.261890E+4	0.000000E+0	0.000000E+0
9.941310E+2	-5.981900E-4	1.261850E+4	0.000000E+0	0.000000E+0
9.981140E+2	-5.981800E-4	1.261820E+4	0.000000E+0	0.000000E+0
1.002113E+3	-5.982100E-4	1.261780E+4	0.000000E+0	0.000000E+0
1.006111E+3	-5.982000E-4	1.261750E+4	0.000000E+0	0.000000E+0
1.010112E+3	-5.981600E-4	1.261720E+4	0.000000E+0	0.000000E+0
1.014113E+3	-5.981800E-4	1.261680E+4	0.000000E+0	0.000000E+0
1.018118E+3	-5.982000E-4	1.261650E+4	0.000000E+0	0.000000E+0
1.022091E+3	-5.981800E-4	1.261620E+4	0.000000E+0	0.000000E+0
1.026134E+3	-5.981700E-4	1.261580E+4	0.000000E+0	0.000000E+0
1.030091E+3	-5.981800E-4	1.261550E+4	0.000000E+0	0.000000E+0
1.034135E+3	-5.981600E-4	1.261530E+4	0.000000E+0	0.000000E+0
1.038090E+3	-5.981900E-4	1.261490E+4	0.000000E+0	0.000000E+0
1.042133E+3	-5.982000E-4	1.261470E+4	0.000000E+0	0.000000E+0
1.046093E+3	-5.982000E-4	1.261430E+4	0.000000E+0	0.000000E+0
1.050136E+3	-5.982200E-4	1.261400E+4	0.000000E+0	0.000000E+0
1.054091E+3	-5.982100E-4	1.261360E+4	0.000000E+0	0.000000E+0
1.058133E+3	-5.982200E-4	1.261340E+4	0.000000E+0	0.000000E+0
1.062091E+3	-5.982100E-4	1.261300E+4	0.000000E+0	0.000000E+0
1.066128E+3	-5.982300E-4	1.261270E+4	0.000000E+0	0.000000E+0
1.070118E+3	-5.982300E-4	1.261230E+4	0.000000E+0	0.000000E+0
1.074090E+3	-5.982300E-4	1.261200E+4	0.000000E+0	0.000000E+0
1.078130E+3	-5.982100E-4	1.261170E+4	0.000000E+0	0.000000E+0
1.082115E+3	-5.982400E-4	1.261140E+4	0.000000E+0	0.000000E+0
1.086116E+3	-5.982200E-4	1.261110E+4	0.000000E+0	0.000000E+0
1.090115E+3	-5.982100E-4	1.261080E+4	0.000000E+0	0.000000E+0
1.094115E+3	-5.981900E-4	1.261050E+4	0.000000E+0	0.000000E+0
1.098093E+3	-5.981800E-4	1.261020E+4	0.000000E+0	0.000000E+0
1.102126E+3	-5.982300E-4	1.260990E+4	0.000000E+0	0.000000E+0
1.106116E+3	-5.982500E-4	1.260960E+4	0.000000E+0	0.000000E+0
1.110093E+3	-5.982300E-4	1.260930E+4	0.000000E+0	0.000000E+0
1.114134E+3	-5.982700E-4	1.260900E+4	0.000000E+0	0.000000E+0
1.118087E+3	-5.982200E-4	1.260880E+4	0.000000E+0	0.000000E+0
1.122126E+3	-5.982200E-4	1.260840E+4	0.000000E+0	0.000000E+0
1.126112E+3	-5.982300E-4	1.260800E+4	0.000000E+0	0.000000E+0
1.130116E+3	-5.981900E-4	1.260780E+4	0.000000E+0	0.000000E+0
1.134091E+3	-5.982200E-4	1.260730E+4	0.000000E+0	0.000000E+0
1.138133E+3	-5.982200E-4	1.260670E+4	0.000000E+0	0.000000E+0
1.142122E+3	-5.982000E-4	1.260640E+4	0.000000E+0	0.000000E+0
1.146095E+3	-5.981700E-4	1.260620E+4	0.000000E+0	0.000000E+0
1.150261E+3	-5.981700E-4	1.260580E+4	0.000000E+0	0.000000E+0
1.154104E+3	-5.981600E-4	1.260560E+4	0.000000E+0	0.000000E+0
1.158118E+3	-5.981600E-4	1.260520E+4	0.000000E+0	0.000000E+0
1.162115E+3	-5.981600E-4	1.260490E+4	0.000000E+0	0.000000E+0
1.166115E+3	-5.981300E-4	1.260460E+4	0.000000E+0	0.000000E+0
1.170111E+3	-5.981400E-4	1.260440E+4	0.000000E+0	0.000000E+0
1.174118E+3	-5.981200E-4	1.260410E+4	0.000000E+0	0.000000E+0
1.178115E+3	-5.981500E-4	1.260380E+4	0.000000E+0	0.000000E+0
1.182114E+3	-5.982100E-4	1.260340E+4	0.000000E+0	0.000000E+0
1.186087E+3	-5.981600E-4	1.260310E+4	0.000000E+0	0.000000E+0
1.190129E+3	-5.981600E-4	1.260280E+4	0.000000E+0	0.000000E+0
1.194118E+3	-5.981400E-4	1.260250E+4	0.000000E+0	0.000000E+0
1.198093E+3	-5.982700E-4	1.260220E+4	0.000000E+0	0.000000E+0
1.202123E+3	-5.982200E-4	1.260190E+4	0.000000E+0	0.000000E+0
1.206109E+3	-5.982400E-4	1.260140E+4	0.000000E+0	0.000000E+0
1.210115E+3	-5.982000E-4	1.260110E+4	0.000000E+0	0.000000E+0
1.214094E+3	-5.982200E-4	1.260080E+4	0.000000E+0	0.000000E+0
1.218130E+3	-5.982400E-4	1.260030E+4	0.000000E+0	0.000000E+0
1.222096E+3	-5.982400E-4	1.260000E+4	0.000000E+0	0.000000E+0
1.226132E+3	-5.982400E-4	1.259980E+4	0.000000E+0	0.000000E+0
1.230119E+3	-5.982400E-4	1.259940E+4	0.000000E+0	0.000000E+0
1.234115E+3	-5.982700E-4	1.259910E+4	0.000000E+0	0.000000E+0
1.238113E+3	-5.982500E-4	1.259870E+4	0.000000E+0	0.000000E+0
1.242115E+3	-5.982900E-4	1.259830E+4	0.000000E+0	0.000000E+0
1.246116E+3	-5.982300E-4	1.259810E+4	0.000000E+0	0.000000E+0
1.250115E+3	-5.981900E-4	1.259780E+4	0.000000E+0	0.000000E+0
1.254113E+3	-5.982400E-4	1.259740E+4	0.000000E+0	0.000000E+0
1.258117E+3	-5.982700E-4	1.259710E+4	0.000000E+0	0.000000E+0
1.262115E+3	-5.982000E-4	1.259670E+4	0.000000E+0	0.000000E+0
1.266115E+3	-5.982100E-4	1.259640E+4	0.000000E+0	0.000000E+0
1.270113E+3	-5.982300E-4	1.259620E+4	0.000000E+0	0.000000E+0
1.274111E+3	-5.982100E-4	1.259570E+4	0.000000E+0	0.000000E+0
1.278114E+3	-5.982300E-4	1.259520E+4	0.000000E+0	0.000000E+0
1.282115E+3	-5.982100E-4	1.259480E+4	0.000000E+0	0.000000E+0
1.286115E+3	-5.983400E-4	1.259440E+4	0.000000E+0	0.000000E+0
1.290118E+3	-5.982700E-4	1.259420E+4	0.000000E+0	0.000000E+0
1.294093E+3	-5.982100E-4	1.259380E+4	0.000000E+0	0.000000E+0
1.298129E+3	-5.982600E-4	1.259330E+4	0.000000E+0	0.000000E+0
1.302092E+3	-5.982400E-4	1.259310E+4	0.000000E+0	0.000000E+0
1.306135E+3	-5.982700E-4	1.259270E+4	0.000000E+0	0.000000E+0
1.310091E+3	-5.982600E-4	1.259230E+4	0.000000E+0	0.000000E+0
1.314130E+3	-5.982800E-4	1.259200E+4	0.000000E+0	0.000000E+0
1.318115E+3	-5.983200E-4	1.259160E+4	0.000000E+0	0.000000E+0
1.322115E+3	-5.983400E-4	1.259120E+4	0.000000E+0	0.000000E+0
1.326115E+3	-5.983000E-4	1.259080E+4	0.000000E+0	0.000000E+0
1.330095E+3	-5.983000E-4	1.259040E+4	0.000000E+0	0.000000E+0
1.334127E+3	-5.982900E-4	1.259010E+4	0.000000E+0	0.000000E+0
1.338110E+3	-5.982800E-4	1.258980E+4	0.000000E+0	0.000000E+0
1.342113E+3	-5.983000E-4	1.258950E+4	0.000000E+0	0.000000E+0
1.346096E+3	-5.982400E-4	1.258910E+4	0.000000E+0	0.000000E+0
1.350124E+3	-5.982500E-4	1.258870E+4	0.000000E+0	0.000000E+0
1.354111E+3	-5.982600E-4	1.258840E+4	0.000000E+0	0.000000E+0
1.358111E+3	-5.982600E-4	1.258800E+4	0.000000E+0	0.000000E+0
1.362097E+3	-5.982600E-4	1.258770E+4	0.000000E+0	0.000000E+0
1.366129E+3	-5.983100E-4	1.258740E+4	0.000000E+0	0.000000E+0
1.370114E+3	-5.982800E-4	1.258700E+4	0.000000E+0	0.000000E+0
1.374118E+3	-5.982900E-4	1.258670E+4	0.000000E+0	0.000000E+0
1.378093E+3	-5.982700E-4	1.258630E+4	0.000000E+0	0.000000E+0
1.382124E+3	-5.982900E-4	1.258590E+4	0.000000E+0	0.000000E+0
1.386115E+3	-5.982900E-4	1.258550E+4	0.000000E+0	0.000000E+0
1.390113E+3	-5.983000E-4	1.258520E+4	0.000000E+0	0.000000E+0
1.394091E+3	-5.983000E-4	1.258480E+4	0.000000E+0	0.000000E+0
1.398127E+3	-5.982900E-4	1.258440E+4	0.000000E+0	0.000000E+0
1.402114E+3	-5.983100E-4	1.258410E+4	0.000000E+0	0.000000E+0
1.406117E+3	-5.982800E-4	1.258370E+4	0.000000E+0	0.000000E+0
1.410091E+3	-5.982900E-4	1.258330E+4	0.000000E+0	0.000000E+0
1.414127E+3	-5.982800E-4	1.258300E+4	0.000000E+0	0.000000E+0
1.418115E+3	-5.982700E-4	1.258260E+4	0.000000E+0	0.000000E+0
1.422115E+3	-5.982700E-4	1.258210E+4	0.000000E+0	0.000000E+0
1.426089E+3	-5.982700E-4	1.258170E+4	0.000000E+0	0.000000E+0
1.430128E+3	-5.983000E-4	1.258130E+4	0.000000E+0	0.000000E+0
1.434280E+3	-5.983100E-4	1.258100E+4	0.000000E+0	0.000000E+0
1.438097E+3	-5.982800E-4	1.258060E+4	0.000000E+0	0.000000E+0
1.442133E+3	-5.982900E-4	1.258030E+4	0.000000E+0	0.000000E+0
1.446087E+3	-5.982600E-4	1.257990E+4	0.000000E+0	0.000000E+0
1.450127E+3	-5.982800E-4	1.257950E+4	0.000000E+0	0.000000E+0
1.454117E+3	-5.982600E-4	1.257920E+4	0.000000E+0	0.000000E+0
1.458090E+3	-5.982700E-4	1.257880E+4	0.000000E+0	0.000000E+0
1.462118E+3	-5.982600E-4	1.257850E+4	0.000000E+0	0.000000E+0
1.466111E+3	-5.983100E-4	1.257810E+4	0.000000E+0	0.000000E+0
1.470150E+3	-5.982600E-4	1.257780E+4	0.000000E+0	0.000000E+0
1.474094E+3	-5.982800E-4	1.257760E+4	0.000000E+0	0.000000E+0
1.478132E+3	-5.982600E-4	1.257710E+4	0.000000E+0	0.000000E+0
1.482093E+3	-5.982500E-4	1.257680E+4	0.000000E+0	0.000000E+0
1.486133E+3	-5.982600E-4	1.257650E+4	0.000000E+0	0.000000E+0
1.490092E+3	-5.982200E-4	1.257610E+4	0.000000E+0	0.000000E+0
1.494134E+3	-5.982500E-4	1.257580E+4	0.000000E+0	0.000000E+0
1.498092E+3	-5.982100E-4	1.257550E+4	0.000000E+0	0.000000E+0
1.502132E+3	-5.982300E-4	1.257510E+4	0.000000E+0	0.000000E+0
1.506121E+3	-5.982100E-4	1.257470E+4	0.000000E+0	0.000000E+0
1.510115E+3	-5.982100E-4	1.257430E+4	0.000000E+0	0.000000E+0
1.514112E+3	-5.982200E-4	1.257390E+4	0.000000E+0	0.000000E+0
1.518116E+3	-5.982500E-4	1.257360E+4	0.000000E+0	0.000000E+0
1.522119E+3	-5.982700E-4	1.257320E+4	0.000000E+0	0.000000E+0
1.526095E+3	-5.982900E-4	1.257280E+4	0.000000E+0	0.000000E+0
1.530130E+3	-5.982600E-4	1.257250E+4	0.000000E+0	0.000000E+0
1.534120E+3	-5.982800E-4	1.257210E+4	0.000000E+0	0.000000E+0
1.538097E+3	-5.982700E-4	1.257180E+4	0.000000E+0	0.000000E+0
1.542133E+3	-5.982300E-4	1.257140E+4	0.000000E+0	0.000000E+0
1.546089E+3	-5.982700E-4	1.257110E+4	0.000000E+0	0.000000E+0
1.550127E+3	-5.982600E-4	1.257080E+4	0.000000E+0	0.000000E+0
1.554114E+3	-5.982300E-4	1.257030E+4	0.000000E+0	0.000000E+0
1.558116E+3	-5.982500E-4	1.256990E+4	0.000000E+0	0.000000E+0
1.562090E+3	-5.982700E-4	1.256950E+4	0.000000E+0	0.000000E+0
1.566130E+3	-5.982500E-4	1.256910E+4	0.000000E+0	0.000000E+0
1.570119E+3	-5.982500E-4	1.256870E+4	0.000000E+0	0.000000E+0
1.574093E+3	-5.982400E-4	1.256840E+4	0.000000E+0	0.000000E+0
1.578131E+3	-5.982400E-4	1.256800E+4	0.000000E+0	0.000000E+0
1.582115E+3	-5.982100E-4	1.256770E+4	0.000000E+0	0.000000E+0
1.586096E+3	-5.982100E-4	1.256730E+4	0.000000E+0	0.000000E+0
1.590132E+3	-5.982100E-4	1.256690E+4	0.000000E+0	0.000000E+0
1.594090E+3	-5.982100E-4	1.256660E+4	0.000000E+0	0.000000E+0
1.598128E+3	-5.981800E-4	1.256620E+4	0.000000E+0	0.000000E+0
1.602113E+3	-5.981700E-4	1.256590E+4	0.000000E+0	0.000000E+0
1.606117E+3	-5.981900E-4	1.256550E+4	0.000000E+0	0.000000E+0
1.610091E+3	-5.981700E-4	1.256510E+4	0.000000E+0	0.000000E+0
1.614129E+3	-5.982000E-4	1.256470E+4	0.000000E+0	0.000000E+0
1.618131E+3	-5.981800E-4	1.256440E+4	0.000000E+0	0.000000E+0
1.622119E+3	-5.981900E-4	1.256400E+4	0.000000E+0	0.000000E+0
1.626090E+3	-5.981800E-4	1.256370E+4	0.000000E+0	0.000000E+0
1.630158E+3	-5.981900E-4	1.256330E+4	0.000000E+0	0.000000E+0
1.634092E+3	-5.982200E-4	1.256280E+4	0.000000E+0	0.000000E+0
1.638134E+3	-5.982300E-4	1.256250E+4	0.000000E+0	0.000000E+0
1.642120E+3	-5.982100E-4	1.256220E+4	0.000000E+0	0.000000E+0
1.646095E+3	-5.982100E-4	1.256180E+4	0.000000E+0	0.000000E+0
1.650132E+3	-5.982100E-4	1.256140E+4	0.000000E+0	0.000000E+0
1.654116E+3	-5.982000E-4	1.256090E+4	0.000000E+0	0.000000E+0
1.658093E+3	-5.982600E-4	1.256060E+4	0.000000E+0	0.000000E+0
1.662129E+3	-5.982600E-4	1.256020E+4	0.000000E+0	0.000000E+0
1.666092E+3	-5.982300E-4	1.255980E+4	0.000000E+0	0.000000E+0
1.670131E+3	-5.982300E-4	1.255950E+4	0.000000E+0	0.000000E+0
1.674090E+3	-5.982200E-4	1.255910E+4	0.000000E+0	0.000000E+0
1.678129E+3	-5.982300E-4	1.255880E+4	0.000000E+0	0.000000E+0
1.682116E+3	-5.982300E-4	1.255830E+4	0.000000E+0	0.000000E+0
1.686092E+3	-5.982800E-4	1.255790E+4	0.000000E+0	0.000000E+0
1.690127E+3	-5.982500E-4	1.255760E+4	0.000000E+0	0.000000E+0
1.694115E+3	-5.982700E-4	1.255730E+4	0.000000E+0	0.000000E+0
1.698112E+3	-5.982600E-4	1.255670E+4	0.000000E+0	0.000000E+0
1.702113E+3	-5.982500E-4	1.255630E+4	0.000000E+0	0.000000E+0
1.706115E+3	-5.982600E-4	1.255580E+4	0.000000E+0	0.000000E+0
1.710115E+3	-5.982500E-4	1.255550E+4	0.000000E+0	0.000000E+0
1.714117E+3	-5.981900E-4	1.255510E+4	0.000000E+0	0.000000E+0
1.718115E+3	-5.982300E-4	1.255480E+4	0.000000E+0	0.000000E+0
1.722183E+3	-5.982500E-4	1.255440E+4	0.000000E+0	0.000000E+0
1.726256E+3	-5.982800E-4	1.255410E+4	0.000000E+0	0.000000E+0
1.730245E+3	-5.982900E-4	1.255370E+4	0.000000E+0	0.000000E+0
1.734121E+3	-5.982800E-4	1.255330E+4	0.000000E+0	0.000000E+0
1.739036E+3	-5.982600E-4	1.255280E+4	0.000000E+0	0.000000E+0
1.743108E+3	-5.982600E-4	1.255250E+4	0.000000E+0	0.000000E+0
1.747123E+3	-5.982700E-4	1.255210E+4	0.000000E+0	0.000000E+0
1.751113E+3	-5.982300E-4	1.255170E+4	0.000000E+0	0.000000E+0
1.755123E+3	-5.982600E-4	1.255130E+4	0.000000E+0	0.000000E+0
1.759096E+3	-5.982500E-4	1.255100E+4	0.000000E+0	0.000000E+0
1.763132E+3	-5.982500E-4	1.255050E+4	0.000000E+0	0.000000E+0
1.767092E+3	-5.982400E-4	1.255020E+4	0.000000E+0	0.000000E+0
1.771243E+3	-5.981700E-4	1.254970E+4	0.000000E+0	0.000000E+0
1.775117E+3	-5.982000E-4	1.254930E+4	0.000000E+0	0.000000E+0
1.779095E+3	-5.981900E-4	1.254890E+4	0.000000E+0	0.000000E+0
1.783137E+3	-5.983500E-4	1.254850E+4	0.000000E+0	0.000000E+0
1.787116E+3	-5.983400E-4	1.254790E+4	0.000000E+0	0.000000E+0
1.791095E+3	-5.983500E-4	1.254770E+4	0.000000E+0	0.000000E+0
1.795133E+3	-5.983700E-4	1.254730E+4	0.000000E+0	0.000000E+0
1.799116E+3	-5.983600E-4	1.254690E+4	0.000000E+0	0.000000E+0
1.803089E+3	-5.983600E-4	1.254650E+4	0.000000E+0	0.000000E+0
1.807127E+3	-5.983800E-4	1.254610E+4	0.000000E+0	0.000000E+0
1.811115E+3	-5.983400E-4	1.254570E+4	0.000000E+0	0.000000E+0
1.815089E+3	-5.983600E-4	1.254530E+4	0.000000E+0	0.000000E+0
1.819126E+3	-5.983200E-4	1.254510E+4	0.000000E+0	0.000000E+0
1.823113E+3	-5.983100E-4	1.254470E+4	0.000000E+0	0.000000E+0
1.827112E+3	-5.982900E-4	1.254420E+4	0.000000E+0	0.000000E+0
1.831113E+3	-5.983300E-4	1.254360E+4	0.000000E+0	0.000000E+0
1.835121E+3	-5.983400E-4	1.254330E+4	0.000000E+0	0.000000E+0
1.839123E+3	-5.983300E-4	1.254290E+4	0.000000E+0	0.000000E+0
1.843093E+3	-5.989400E-4	1.254250E+4	0.000000E+0	0.000000E+0
1.847175E+3	-5.983300E-4	1.254220E+4	0.000000E+0	0.000000E+0
1.851109E+3	-5.990900E-4	1.254190E+4	0.000000E+0	0.000000E+0
1.855110E+3	-5.982800E-4	1.254160E+4	0.000000E+0	0.000000E+0
1.859112E+3	-5.983000E-4	1.254120E+4	0.000000E+0	0.000000E+0
1.863111E+3	-5.983000E-4	1.254080E+4	0.000000E+0	0.000000E+0
1.867109E+3	-5.983000E-4	1.254050E+4	0.000000E+0	0.000000E+0
1.871116E+3	-5.985300E-4	1.254010E+4	0.000000E+0	0.000000E+0
1.875116E+3	-5.984000E-4	1.253980E+4	0.000000E+0	0.000000E+0
1.879115E+3	-5.983900E-4	1.253940E+4	0.000000E+0	0.000000E+0
1.883085E+3	-5.983500E-4	1.253900E+4	0.000000E+0	0.000000E+0
1.887129E+3	-5.985600E-4	1.253860E+4	0.000000E+0	0.000000E+0
1.891113E+3	-5.986900E-4	1.253820E+4	0.000000E+0	0.000000E+0
1.895115E+3	-5.983900E-4	1.253790E+4	0.000000E+0	0.000000E+0
1.899113E+3	-5.983700E-4	1.253760E+4	0.000000E+0	0.000000E+0
1.903115E+3	-5.983500E-4	1.253710E+4	0.000000E+0	0.000000E+0
1.907112E+3	-5.983700E-4	1.253660E+4	0.000000E+0	0.000000E+0
1.911117E+3	-5.983700E-4	1.253620E+4	0.000000E+0	0.000000E+0
1.916324E+3	-5.983600E-4	1.253560E+4	0.000000E+0	0.000000E+0
1.920108E+3	-5.983300E-4	1.253530E+4	0.000000E+0	0.000000E+0
1.924136E+3	-5.983200E-4	1.253490E+4	0.000000E+0	0.000000E+0
1.928103E+3	-5.983100E-4	1.253460E+4	0.000000E+0	0.000000E+0
1.932144E+3	-5.983200E-4	1.253420E+4	0.000000E+0	0.000000E+0
1.936102E+3	-5.983400E-4	1.253400E+4	0.000000E+0	0.000000E+0
1.940182E+3	-5.983300E-4	1.253360E+4	0.000000E+0	0.000000E+0
1.944211E+3	-5.983400E-4	1.253330E+4	0.000000E+0	0.000000E+0
1.948124E+3	-5.983000E-4	1.253270E+4	0.000000E+0	0.000000E+0
1.952115E+3	-5.983100E-4	1.253230E+4	0.000000E+0	0.000000E+0
1.956090E+3	-5.983100E-4	1.253200E+4	0.000000E+0	0.000000E+0
1.960124E+3	-5.982900E-4	1.253170E+4	0.000000E+0	0.000000E+0
1.964112E+3	-5.982700E-4	1.253130E+4	0.000000E+0	0.000000E+0
1.968115E+3	-5.983000E-4	1.253100E+4	0.000000E+0	0.000000E+0
1.972110E+3	-5.983200E-4	1.253080E+4	0.000000E+0	0.000000E+0
1.976117E+3	-5.983000E-4	1.253040E+4	0.000000E+0	0.000000E+0
1.980112E+3	-5.983000E-4	1.253010E+4	0.000000E+0	0.000000E+0
1.984086E+3	-5.983100E-4	1.252970E+4	0.000000E+0	0.000000E+0
1.988127E+3	-5.983400E-4	1.252940E+4	0.000000E+0	0.000000E+0
1.992091E+3	-5.983000E-4	1.252890E+4	0.000000E+0	0.000000E+0
1.996131E+3	-5.983100E-4	1.252860E+4	0.000000E+0	0.000000E+0
2.000117E+3	-5.983000E-4	1.252810E+4	0.000000E+0	0.000000E+0
2.004094E+3	-5.983000E-4	1.252780E+4	0.000000E+0	0.000000E+0
2.008134E+3	-5.983200E-4	1.252740E+4	0.000000E+0	0.000000E+0
2.012090E+3	-5.983200E-4	1.252710E+4	0.000000E+0	0.000000E+0
2.016133E+3	-5.983000E-4	1.252670E+4	0.000000E+0	0.000000E+0
2.020095E+3	-5.982900E-4	1.252640E+4	0.000000E+0	0.000000E+0
2.024123E+3	-5.983100E-4	1.252590E+4	0.000000E+0	0.000000E+0
2.028116E+3	-5.983300E-4	1.252560E+4	0.000000E+0	0.000000E+0
2.032101E+3	-5.983300E-4	1.252510E+4	0.000000E+0	0.000000E+0
2.036114E+3	-5.983200E-4	1.252490E+4	0.000000E+0	0.000000E+0
2.040111E+3	-5.983100E-4	1.252460E+4	0.000000E+0	0.000000E+0
2.044114E+3	-5.983200E-4	1.252420E+4	0.000000E+0	0.000000E+0
2.048118E+3	-5.983100E-4	1.252380E+4	0.000000E+0	0.000000E+0
2.052114E+3	-5.983300E-4	1.252340E+4	0.000000E+0	0.000000E+0
2.056091E+3	-5.983000E-4	1.252300E+4	0.000000E+0	0.000000E+0
2.060130E+3	-5.982900E-4	1.252260E+4	0.000000E+0	0.000000E+0
2.064109E+3	-5.982800E-4	1.252210E+4	0.000000E+0	0.000000E+0
2.068117E+3	-5.983000E-4	1.252160E+4	0.000000E+0	0.000000E+0
2.072098E+3	-5.983100E-4	1.252130E+4	0.000000E+0	0.000000E+0
2.076123E+3	-5.982800E-4	1.252090E+4	0.000000E+0	0.000000E+0
2.080123E+3	-5.982800E-4	1.252050E+4	0.000000E+0	0.000000E+0
2.084120E+3	-5.982900E-4	1.252010E+4	0.000000E+0	0.000000E+0
2.088117E+3	-5.982800E-4	1.251980E+4	0.000000E+0	0.000000E+0
2.092115E+3	-5.982500E-4	1.251960E+4	0.000000E+0	0.000000E+0
2.096115E+3	-5.982500E-4	1.251920E+4	0.000000E+0	0.000000E+0
2.100094E+3	-5.982200E-4	1.251890E+4	0.000000E+0	0.000000E+0
2.104132E+3	-5.982500E-4	1.251850E+4	0.000000E+0	0.000000E+0
2.108118E+3	-5.982400E-4	1.251810E+4	0.000000E+0	0.000000E+0
2.112090E+3	-5.982100E-4	1.251770E+4	0.000000E+0	0.000000E+0
2.116134E+3	-5.982600E-4	1.251730E+4	0.000000E+0	0.000000E+0
2.120118E+3	-5.982300E-4	1.251700E+4	0.000000E+0	0.000000E+0
2.124119E+3	-5.982500E-4	1.251660E+4	0.000000E+0	0.000000E+0
2.128093E+3	-5.982500E-4	1.251630E+4	0.000000E+0	0.000000E+0
2.132136E+3	-5.982200E-4	1.251590E+4	0.000000E+0	0.000000E+0
2.136112E+3	-5.982500E-4	1.251550E+4	0.000000E+0	0.000000E+0
2.140091E+3	-5.982400E-4	1.251520E+4	0.000000E+0	0.000000E+0
2.144129E+3	-5.982600E-4	1.251480E+4	0.000000E+0	0.000000E+0
2.148093E+3	-5.982200E-4	1.251450E+4	0.000000E+0	0.000000E+0
2.152133E+3	-5.982000E-4	1.251420E+4	0.000000E+0	0.000000E+0
2.156122E+3	-5.982500E-4	1.251370E+4	0.000000E+0	0.000000E+0
2.160097E+3	-5.982300E-4	1.251340E+4	0.000000E+0	0.000000E+0
2.164122E+3	-5.982400E-4	1.251310E+4	0.000000E+0	0.000000E+0
2.168113E+3	-5.982800E-4	1.251280E+4	0.000000E+0	0.000000E+0
2.172107E+3	-5.982400E-4	1.251240E+4	0.000000E+0	0.000000E+0
2.176112E+3	-5.982500E-4	1.251210E+4	0.000000E+0	0.000000E+0
2.180137E+3	-5.982800E-4	1.251170E+4	0.000000E+0	0.000000E+0
2.184113E+3	-5.982700E-4	1.251130E+4	0.000000E+0	0.000000E+0
2.188115E+3	-5.982800E-4	1.251090E+4	0.000000E+0	0.000000E+0
2.192093E+3	-5.982800E-4	1.251070E+4	0.000000E+0	0.000000E+0
2.196125E+3	-5.982700E-4	1.251030E+4	0.000000E+0	0.000000E+0
2.200117E+3	-5.982600E-4	1.250980E+4	0.000000E+0	0.000000E+0
2.204094E+3	-5.982700E-4	1.250940E+4	0.000000E+0	0.000000E+0
2.208128E+3	-5.982600E-4	1.250890E+4	0.000000E+0	0.000000E+0
2.212085E+3	-5.982700E-4	1.250860E+4	0.000000E+0	0.000000E+0
2.216129E+3	-5.982500E-4	1.250830E+4	0.000000E+0	0.000000E+0
2.220115E+3	-5.982700E-4	1.250790E+4	0.000000E+0	0.000000E+0
2.224115E+3	-5.982800E-4	1.250750E+4	0.000000E+0	0.000000E+0
2.228088E+3	-5.982700E-4	1.250730E+4	0.000000E+0	0.000000E+0
2.232130E+3	-5.982400E-4	1.250690E+4	0.000000E+0	0.000000E+0
2.236116E+3	-5.982800E-4	1.250660E+4	0.000000E+0	0.000000E+0
2.240091E+3	-5.982900E-4	1.250620E+4	0.000000E+0	0.000000E+0
2.244124E+3	-5.982700E-4	1.250590E+4	0.000000E+0	0.000000E+0
2.248114E+3	-5.982800E-4	1.250560E+4	0.000000E+0	0.000000E+0
2.252097E+3	-5.982400E-4	1.250530E+4	0.000000E+0	0.000000E+0
2.256112E+3	-5.982600E-4	1.250500E+4	0.000000E+0	0.000000E+0
2.260113E+3	-5.982900E-4	1.250470E+4	0.000000E+0	0.000000E+0
2.264107E+3	-5.982800E-4	1.250440E+4	0.000000E+0	0.000000E+0
2.268120E+3	-5.982800E-4	1.250410E+4	0.000000E+0	0.000000E+0
2.272089E+3	-5.982600E-4	1.250370E+4	0.000000E+0	0.000000E+0
2.276126E+3	-5.982800E-4	1.250350E+4	0.000000E+0	0.000000E+0
2.280113E+3	-5.982800E-4	1.250310E+4	0.000000E+0	0.000000E+0
2.284117E+3	-5.982500E-4	1.250270E+4	0.000000E+0	0.000000E+0
2.288095E+3	-5.982400E-4	1.250250E+4	0.000000E+0	0.000000E+0
2.292127E+3	-5.982500E-4	1.250220E+4	0.000000E+0	0.000000E+0
2.296085E+3	-5.982400E-4	1.250180E+4	0.000000E+0	0.000000E+0
2.300129E+3	-5.982400E-4	1.250160E+4	0.000000E+0	0.000000E+0
2.304092E+3	-5.982300E-4	1.250120E+4	0.000000E+0	0.000000E+0
2.308128E+3	-5.982400E-4	1.250090E+4	0.000000E+0	0.000000E+0
2.312115E+3	-5.982000E-4	1.250070E+4	0.000000E+0	0.000000E+0
2.316112E+3	-5.981900E-4	1.250040E+4	0.000000E+0	0.000000E+0
2.320114E+3	-5.981800E-4	1.249990E+4	0.000000E+0	0.000000E+0
2.324111E+3	-5.982000E-4	1.249970E+4	0.000000E+0	0.000000E+0
2.328110E+3	-5.982000E-4	1.249930E+4	0.000000E+0	0.000000E+0
2.332116E+3	-5.982300E-4	1.249900E+4	0.000000E+0	0.000000E+0
2.336114E+3	-5.982100E-4	1.249870E+4	0.000000E+0	0.000000E+0
2.340091E+3	-5.982600E-4	1.249830E+4	0.000000E+0	0.000000E+0
2.344133E+3	-5.982500E-4	1.249800E+4	0.000000E+0	0.000000E+0
2.348094E+3	-5.982400E-4	1.249740E+4	0.000000E+0	0.000000E+0
2.352133E+3	-5.982400E-4	1.249710E+4	0.000000E+0	0.000000E+0
2.356091E+3	-5.982500E-4	1.249670E+4	0.000000E+0	0.000000E+0
2.360128E+3	-5.982500E-4	1.249640E+4	0.000000E+0	0.000000E+0
2.364115E+3	-5.982700E-4	1.249610E+4	0.000000E+0	0.000000E+0
2.368119E+3	-5.982600E-4	1.249570E+4	0.000000E+0	0.000000E+0
2.372098E+3	-5.982700E-4	1.249540E+4	0.000000E+0	0.000000E+0
2.376111E+3	-5.982600E-4	1.249520E+4	0.000000E+0	0.000000E+0
2.380113E+3	-5.982500E-4	1.249480E+4	0.000000E+0	0.000000E+0
2.384115E+3	-5.982500E-4	1.249450E+4	0.000000E+0	0.000000E+0
2.388114E+3	-5.982600E-4	1.249420E+4	0.000000E+0	0.000000E+0
2.392100E+3	-5.982300E-4	1.249390E+4	0.000000E+0	0.000000E+0
2.396113E+3	-5.982300E-4	1.249360E+4	0.000000E+0	0.000000E+0
2.400111E+3	-5.982300E-4	1.249330E+4	0.000000E+0	0.000000E+0
2.404118E+3	-5.982100E-4	1.249300E+4	0.000000E+0	0.000000E+0
2.408093E+3	-5.982200E-4	1.249260E+4	0.000000E+0	0.000000E+0
2.412129E+3	-5.982100E-4	1.249240E+4	0.000000E+0	0.000000E+0
2.416112E+3	-5.982100E-4	1.249210E+4	0.000000E+0	0.000000E+0
2.420112E+3	-5.982200E-4	1.249180E+4	0.000000E+0	0.000000E+0
2.424114E+3	-5.981900E-4	1.249150E+4	0.000000E+0	0.000000E+0
2.428115E+3	-5.982000E-4	1.249110E+4	0.000000E+0	0.000000E+0
2.432115E+3	-5.982200E-4	1.249090E+4	0.000000E+0	0.000000E+0
2.436113E+3	-5.982100E-4	1.249060E+4	0.000000E+0	0.000000E+0
2.440115E+3	-5.982100E-4	1.249030E+4	0.000000E+0	0.000000E+0
2.444113E+3	-5.982000E-4	1.249010E+4	0.000000E+0	0.000000E+0
2.448115E+3	-5.982000E-4	1.248980E+4	0.000000E+0	0.000000E+0
2.452114E+3	-5.982000E-4	1.248950E+4	0.000000E+0	0.000000E+0
2.456115E+3	-5.982000E-4	1.248920E+4	0.000000E+0	0.000000E+0
2.460115E+3	-5.981900E-4	1.248880E+4	0.000000E+0	0.000000E+0
2.464113E+3	-5.981900E-4	1.248860E+4	0.000000E+0	0.000000E+0
2.468115E+3	-5.982200E-4	1.248820E+4	0.000000E+0	0.000000E+0
2.472114E+3	-5.981700E-4	1.248790E+4	0.000000E+0	0.000000E+0
2.476092E+3	-5.981600E-4	1.248760E+4	0.000000E+0	0.000000E+0
2.480134E+3	-5.981800E-4	1.248730E+4	0.000000E+0	0.000000E+0
2.484092E+3	-5.981900E-4	1.248700E+4	0.000000E+0	0.000000E+0
2.488133E+3	-5.981500E-4	1.248670E+4	0.000000E+0	0.000000E+0
2.492121E+3	-5.981800E-4	1.248620E+4	0.000000E+0	0.000000E+0
2.496096E+3	-5.983200E-4	1.248590E+4	0.000000E+0	0.000000E+0
2.500126E+3	-5.982000E-4	1.248550E+4	0.000000E+0	0.000000E+0
2.504114E+3	-5.981900E-4	1.248520E+4	0.000000E+0	0.000000E+0
2.508113E+3	-5.982200E-4	1.248490E+4	0.000000E+0	0.000000E+0
2.512093E+3	-5.982400E-4	1.248450E+4	0.000000E+0	0.000000E+0
2.516130E+3	-5.982200E-4	1.248420E+4	0.000000E+0	0.000000E+0
2.520114E+3	-5.982100E-4	1.248390E+4	0.000000E+0	0.000000E+0
2.524120E+3	-5.982100E-4	1.248370E+4	0.000000E+0	0.000000E+0
2.528096E+3	-5.981800E-4	1.248340E+4	0.000000E+0	0.000000E+0
2.532124E+3	-5.981800E-4	1.248310E+4	0.000000E+0	0.000000E+0
2.536115E+3	-5.981700E-4	1.248290E+4	0.000000E+0	0.000000E+0
2.540091E+3	-5.981800E-4	1.248260E+4	0.000000E+0	0.000000E+0
2.544130E+3	-5.981800E-4	1.248230E+4	0.000000E+0	0.000000E+0
2.548115E+3	-5.982200E-4	1.248200E+4	0.000000E+0	0.000000E+0
2.552116E+3	-5.981900E-4	1.248170E+4	0.000000E+0	0.000000E+0
2.556122E+3	-5.982100E-4	1.248140E+4	0.000000E+0	0.000000E+0
2.560094E+3	-5.982000E-4	1.248120E+4	0.000000E+0	0.000000E+0
2.564126E+3	-5.981700E-4	1.248090E+4	0.000000E+0	0.000000E+0
2.568114E+3	-5.981900E-4	1.248060E+4	0.000000E+0	0.000000E+0
2.572114E+3	-5.981800E-4	1.248030E+4	0.000000E+0	0.000000E+0
2.576093E+3	-5.981900E-4	1.248000E+4	0.000000E+0	0.000000E+0
2.580132E+3	-5.982000E-4	1.247980E+4	0.000000E+0	0.000000E+0
2.584092E+3	-5.982000E-4	1.247940E+4	0.000000E+0	0.000000E+0
2.588134E+3	-5.982100E-4	1.247920E+4	0.000000E+0	0.000000E+0
2.592119E+3	-5.981900E-4	1.247900E+4	0.000000E+0	0.000000E+0
2.596115E+3	-5.981800E-4	1.247860E+4	0.000000E+0	0.000000E+0
2.600112E+3	-5.981700E-4	1.247840E+4	0.000000E+0	0.000000E+0
2.604115E+3	-5.981900E-4	1.247810E+4	0.000000E+0	0.000000E+0
2.608116E+3	-5.982000E-4	1.247780E+4	0.000000E+0	0.000000E+0
2.612095E+3	-5.981600E-4	1.247760E+4	0.000000E+0	0.000000E+0
2.616114E+3	-5.981600E-4	1.247730E+4	0.000000E+0	0.000000E+0
2.620114E+3	-5.981600E-4	1.247700E+4	0.000000E+0	0.000000E+0
2.624112E+3	-5.982100E-4	1.247680E+4	0.000000E+0	0.000000E+0
2.628092E+3	-5.982100E-4	1.247650E+4	0.000000E+0	0.000000E+0
2.632130E+3	-5.982200E-4	1.247620E+4	0.000000E+0	0.000000E+0
2.636112E+3	-5.982400E-4	1.247590E+4	0.000000E+0	0.000000E+0
2.640117E+3	-5.982100E-4	1.247570E+4	0.000000E+0	0.000000E+0
2.644097E+3	-5.981800E-4	1.247550E+4	0.000000E+0	0.000000E+0
2.648127E+3	-5.982000E-4	1.247490E+4	0.000000E+0	0.000000E+0
2.652115E+3	-5.982100E-4	1.247460E+4	0.000000E+0	0.000000E+0
2.656116E+3	-5.982000E-4	1.247430E+4	0.000000E+0	0.000000E+0
2.660117E+3	-5.982100E-4	1.247410E+4	0.000000E+0	0.000000E+0
2.664115E+3	-5.982200E-4	1.247380E+4	0.000000E+0	0.000000E+0
2.668113E+3	-5.981700E-4	1.247350E+4	0.000000E+0	0.000000E+0
2.672152E+3	-5.981900E-4	1.247310E+4	0.000000E+0	0.000000E+0
2.676092E+3	-5.981900E-4	1.247300E+4	0.000000E+0	0.000000E+0
2.680131E+3	-5.981800E-4	1.247270E+4	0.000000E+0	0.000000E+0
2.684090E+3	-5.982000E-4	1.247240E+4	0.000000E+0	0.000000E+0
2.688127E+3	-5.981900E-4	1.247220E+4	0.000000E+0	0.000000E+0
2.692116E+3	-5.982100E-4	1.247190E+4	0.000000E+0	0.000000E+0
2.696115E+3	-5.981700E-4	1.247160E+4	0.000000E+0	0.000000E+0
2.700115E+3	-5.982000E-4	1.247140E+4	0.000000E+0	0.000000E+0
2.704114E+3	-5.981700E-4	1.247110E+4	0.000000E+0	0.000000E+0
2.708114E+3	-5.982000E-4	1.247070E+4	0.000000E+0	0.000000E+0
2.712112E+3	-5.982000E-4	1.247050E+4	0.000000E+0	0.000000E+0
2.716115E+3	-5.981800E-4	1.247020E+4	0.000000E+0	0.000000E+0
2.720116E+3	-5.981500E-4	1.246990E+4	0.000000E+0	0.000000E+0
2.724115E+3	-5.981600E-4	1.246960E+4	0.000000E+0	0.000000E+0
2.728089E+3	-5.981800E-4	1.246930E+4	0.000000E+0	0.000000E+0
2.732128E+3	-5.981600E-4	1.246910E+4	0.000000E+0	0.000000E+0
2.736115E+3	-5.981700E-4	1.246870E+4	0.000000E+0	0.000000E+0
2.740114E+3	-5.982000E-4	1.246840E+4	0.000000E+0	0.000000E+0
2.744091E+3	-5.981800E-4	1.246810E+4	0.000000E+0	0.000000E+0
2.748134E+3	-5.981900E-4	1.246780E+4	0.000000E+0	0.000000E+0
2.752092E+3	-5.981700E-4	1.246760E+4	0.000000E+0	0.000000E+0
2.756133E+3	-5.981700E-4	1.246740E+4	0.000000E+0	0.000000E+0
2.760120E+3	-5.981600E-4	1.246710E+4	0.000000E+0	0.000000E+0
2.764098E+3	-5.981600E-4	1.246680E+4	0.000000E+0	0.000000E+0
2.768126E+3	-5.981300E-4	1.246660E+4	0.000000E+0	0.000000E+0
2.772113E+3	-5.981600E-4	1.246630E+4	0.000000E+0	0.000000E+0
2.776115E+3	-5.981600E-4	1.246600E+4	0.000000E+0	0.000000E+0
2.780120E+3	-5.981200E-4	1.246560E+4	0.000000E+0	0.000000E+0
2.784096E+3	-5.981200E-4	1.246540E+4	0.000000E+0	0.000000E+0
2.788124E+3	-5.981600E-4	1.246520E+4	0.000000E+0	0.000000E+0
2.792112E+3	-5.981800E-4	1.246490E+4	0.000000E+0	0.000000E+0
2.796113E+3	-5.981500E-4	1.246460E+4	0.000000E+0	0.000000E+0
2.800091E+3	-5.981200E-4	1.246440E+4	0.000000E+0	0.000000E+0
2.804135E+3	-5.981600E-4	1.246410E+4	0.000000E+0	0.000000E+0
2.808091E+3	-5.981500E-4	1.246380E+4	0.000000E+0	0.000000E+0
2.812135E+3	-5.981400E-4	1.246360E+4	0.000000E+0	0.000000E+0
2.816093E+3	-5.981000E-4	1.246330E+4	0.000000E+0	0.000000E+0
2.820128E+3	-5.981300E-4	1.246300E+4	0.000000E+0	0.000000E+0
2.824116E+3	-5.981300E-4	1.246280E+4	0.000000E+0	0.000000E+0
2.828120E+3	-5.981100E-4	1.246250E+4	0.000000E+0	0.000000E+0
2.832094E+3	-5.981400E-4	1.246210E+4	0.000000E+0	0.000000E+0
2.836133E+3	-5.981600E-4	1.246180E+4	0.000000E+0	0.000000E+0
2.840088E+3	-5.981600E-4	1.246140E+4	0.000000E+0	0.000000E+0
2.844126E+3	-5.981600E-4	1.246110E+4	0.000000E+0	0.000000E+0
2.848115E+3	-5.981500E-4	1.246080E+4	0.000000E+0	0.000000E+0
2.852114E+3	-5.981600E-4	1.246050E+4	0.000000E+0	0.000000E+0
2.856113E+3	-5.981700E-4	1.246030E+4	0.000000E+0	0.000000E+0
2.860115E+3	-5.981700E-4	1.246000E+4	0.000000E+0	0.000000E+0
2.864113E+3	-5.981800E-4	1.245960E+4	0.000000E+0	0.000000E+0
2.868093E+3	-5.981700E-4	1.245940E+4	0.000000E+0	0.000000E+0
2.872132E+3	-5.981600E-4	1.245920E+4	0.000000E+0	0.000000E+0
2.876092E+3	-5.981700E-4	1.245900E+4	0.000000E+0	0.000000E+0
2.880134E+3	-5.981300E-4	1.245860E+4	0.000000E+0	0.000000E+0
2.884119E+3	-5.981600E-4	1.245840E+4	0.000000E+0	0.000000E+0
2.888116E+3	-5.981700E-4	1.245820E+4	0.000000E+0	0.000000E+0
2.892114E+3	-5.981800E-4	1.245790E+4	0.000000E+0	0.000000E+0
2.896115E+3	-5.981900E-4	1.245760E+4	0.000000E+0	0.000000E+0
2.900115E+3	-5.981600E-4	1.245730E+4	0.000000E+0	0.000000E+0
2.904112E+3	-5.981900E-4	1.245700E+4	0.000000E+0	0.000000E+0
2.908112E+3	-5.981900E-4	1.245690E+4	0.000000E+0	0.000000E+0
2.912115E+3	-5.981800E-4	1.245650E+4	0.000000E+0	0.000000E+0
2.916115E+3	-5.981900E-4	1.245630E+4	0.000000E+0	0.000000E+0
2.920109E+3	-5.982100E-4	1.245600E+4	0.000000E+0	0.000000E+0
2.924112E+3	-5.981900E-4	1.245560E+4	0.000000E+0	0.000000E+0
2.928115E+3	-5.982100E-4	1.245540E+4	0.000000E+0	0.000000E+0
2.932113E+3	-5.981900E-4	1.245510E+4	0.000000E+0	0.000000E+0
2.936110E+3	-5.982100E-4	1.245480E+4	0.000000E+0	0.000000E+0
2.940111E+3	-5.981800E-4	1.245450E+4	0.000000E+0	0.000000E+0
2.944114E+3	-5.981900E-4	1.245430E+4	0.000000E+0	0.000000E+0
2.948114E+3	-5.981600E-4	1.245400E+4	0.000000E+0	0.000000E+0
2.952111E+3	-5.981900E-4	1.245380E+4	0.000000E+0	0.000000E+0
2.956113E+3	-5.982000E-4	1.245360E+4	0.000000E+0	0.000000E+0
2.960115E+3	-5.982300E-4	1.245330E+4	0.000000E+0	0.000000E+0
2.964115E+3	-5.982300E-4	1.245310E+4	0.000000E+0	0.000000E+0
2.968112E+3	-5.982200E-4	1.245280E+4	0.000000E+0	0.000000E+0
2.972114E+3	-5.982000E-4	1.245250E+4	0.000000E+0	0.000000E+0
2.976119E+3	-5.981800E-4	1.245220E+4	0.000000E+0	0.000000E+0
2.980093E+3	-5.981900E-4	1.245200E+4	0.000000E+0	0.000000E+0
2.984132E+3	-5.981800E-4	1.245180E+4	0.000000E+0	0.000000E+0
2.988091E+3	-5.981900E-4	1.245140E+4	0.000000E+0	0.000000E+0
2.992132E+3	-5.981700E-4	1.245130E+4	0.000000E+0	0.000000E+0
2.996116E+3	-5.981600E-4	1.245110E+4	0.000000E+0	0.000000E+0
3.000098E+3	-5.981300E-4	1.245090E+4	0.000000E+0	0.000000E+0
3.004113E+3	-5.981600E-4	1.245060E+4	0.000000E+0	0.000000E+0
3.008110E+3	-5.981400E-4	1.245040E+4	0.000000E+0	0.000000E+0
3.012112E+3	-5.981200E-4	1.245020E+4	0.000000E+0	0.000000E+0
3.016095E+3	-5.981400E-4	1.244990E+4	0.000000E+0	0.000000E+0
3.020128E+3	-5.981400E-4	1.244960E+4	0.000000E+0	0.000000E+0
3.024113E+3	-5.981000E-4	1.244930E+4	0.000000E+0	0.000000E+0
3.028115E+3	-5.981300E-4	1.244910E+4	0.000000E+0	0.000000E+0
3.032098E+3	-5.981800E-4	1.244880E+4	0.000000E+0	0.000000E+0
3.036113E+3	-5.981000E-4	1.244840E+4	0.000000E+0	0.000000E+0
3.040108E+3	-5.980900E-4	1.244820E+4	0.000000E+0	0.000000E+0
3.044115E+3	-5.981400E-4	1.244780E+4	0.000000E+0	0.000000E+0
3.048117E+3	-5.981300E-4	1.244750E+4	0.000000E+0	0.000000E+0
3.052114E+3	-5.981200E-4	1.244730E+4	0.000000E+0	0.000000E+0
3.056113E+3	-5.981000E-4	1.244700E+4	0.000000E+0	0.000000E+0
3.060116E+3	-5.981300E-4	1.244680E+4	0.000000E+0	0.000000E+0
3.064088E+3	-5.981100E-4	1.244660E+4	0.000000E+0	0.000000E+0
3.068127E+3	-5.981400E-4	1.244640E+4	0.000000E+0	0.000000E+0
3.072115E+3	-5.981300E-4	1.244620E+4	0.000000E+0	0.000000E+0
3.076116E+3	-5.981100E-4	1.244590E+4	0.000000E+0	0.000000E+0
3.080116E+3	-5.981000E-4	1.244570E+4	0.000000E+0	0.000000E+0
3.084115E+3	-5.981200E-4	1.244540E+4	0.000000E+0	0.000000E+0
3.088114E+3	-5.981400E-4	1.244520E+4	0.000000E+0	0.000000E+0
3.092115E+3	-5.981100E-4	1.244490E+4	0.000000E+0	0.000000E+0
3.096112E+3	-5.981000E-4	1.244470E+4	0.000000E+0	0.000000E+0
3.100091E+3	-5.981100E-4	1.244460E+4	0.000000E+0	0.000000E+0
3.104128E+3	-5.980900E-4	1.244420E+4	0.000000E+0	0.000000E+0
3.108113E+3	-5.980900E-4	1.244400E+4	0.000000E+0	0.000000E+0
3.112122E+3	-5.981000E-4	1.244370E+4	0.000000E+0	0.000000E+0
3.116092E+3	-5.981200E-4	1.244350E+4	0.000000E+0	0.000000E+0
3.120131E+3	-5.981200E-4	1.244330E+4	0.000000E+0	0.000000E+0
3.124091E+3	-5.981100E-4	1.244300E+4	0.000000E+0	0.000000E+0
3.128133E+3	-5.981100E-4	1.244270E+4	0.000000E+0	0.000000E+0
3.132115E+3	-5.981100E-4	1.244260E+4	0.000000E+0	0.000000E+0
3.136113E+3	-5.981200E-4	1.244230E+4	0.000000E+0	0.000000E+0
3.140113E+3	-5.981300E-4	1.244210E+4	0.000000E+0	0.000000E+0
3.144114E+3	-5.981000E-4	1.244190E+4	0.000000E+0	0.000000E+0
3.148114E+3	-5.980700E-4	1.244160E+4	0.000000E+0	0.000000E+0
3.152085E+3	-5.981100E-4	1.244140E+4	0.000000E+0	0.000000E+0
3.156129E+3	-5.981000E-4	1.244110E+4	0.000000E+0	0.000000E+0
3.160112E+3	-5.981000E-4	1.244090E+4	0.000000E+0	0.000000E+0
3.164123E+3	-5.981100E-4	1.244070E+4	0.000000E+0	0.000000E+0
3.168098E+3	-5.981100E-4	1.244050E+4	0.000000E+0	0.000000E+0
3.172127E+3	-5.980900E-4	1.244020E+4	0.000000E+0	0.000000E+0
3.176115E+3	-5.980800E-4	1.243990E+4	0.000000E+0	0.000000E+0
3.180117E+3	-5.980700E-4	1.243960E+4	0.000000E+0	0.000000E+0
3.184096E+3	-5.980500E-4	1.243930E+4	0.000000E+0	0.000000E+0
3.188132E+3	-5.980900E-4	1.243900E+4	0.000000E+0	0.000000E+0
3.192094E+3	-5.980900E-4	1.243880E+4	0.000000E+0	0.000000E+0
3.196132E+3	-5.980700E-4	1.243860E+4	0.000000E+0	0.000000E+0
3.200120E+3	-5.981000E-4	1.243840E+4	0.000000E+0	0.000000E+0
3.204092E+3	-5.981000E-4	1.243810E+4	0.000000E+0	0.000000E+0
3.208135E+3	-5.980500E-4	1.243790E+4	0.000000E+0	0.000000E+0
3.212096E+3	-5.980700E-4	1.243770E+4	0.000000E+0	0.000000E+0
3.216134E+3	-5.980400E-4	1.243750E+4	0.000000E+0	0.000000E+0
3.220093E+3	-5.980700E-4	1.243740E+4	0.000000E+0	0.000000E+0
3.224133E+3	-5.980600E-4	1.243720E+4	0.000000E+0	0.000000E+0
3.228097E+3	-5.980500E-4	1.243690E+4	0.000000E+0	0.000000E+0
3.232134E+3	-5.980400E-4	1.243670E+4	0.000000E+0	0.000000E+0
3.236091E+3	-5.980300E-4	1.243660E+4	0.000000E+0	0.000000E+0
3.240134E+3	-5.980600E-4	1.243630E+4	0.000000E+0	0.000000E+0
3.244093E+3	-5.980700E-4	1.243610E+4	0.000000E+0	0.000000E+0
3.248131E+3	-5.980500E-4	1.243590E+4	0.000000E+0	0.000000E+0
3.252101E+3	-5.980500E-4	1.243570E+4	0.000000E+0	0.000000E+0
3.256112E+3	-5.980500E-4	1.243550E+4	0.000000E+0	0.000000E+0
3.260112E+3	-5.980300E-4	1.243510E+4	0.000000E+0	0.000000E+0
3.264112E+3	-5.980800E-4	1.243490E+4	0.000000E+0	0.000000E+0
3.268115E+3	-5.980500E-4	1.243470E+4	0.000000E+0	0.000000E+0
3.272114E+3	-5.980500E-4	1.243440E+4	0.000000E+0	0.000000E+0
3.276112E+3	-5.980700E-4	1.243420E+4	0.000000E+0	0.000000E+0
3.280121E+3	-5.980900E-4	1.243400E+4	0.000000E+0	0.000000E+0
3.284099E+3	-5.981100E-4	1.243380E+4	0.000000E+0	0.000000E+0
3.288132E+3	-5.981100E-4	1.243360E+4	0.000000E+0	0.000000E+0
3.292093E+3	-5.981100E-4	1.243340E+4	0.000000E+0	0.000000E+0
3.296132E+3	-5.980900E-4	1.243320E+4	0.000000E+0	0.000000E+0
3.300118E+3	-5.980900E-4	1.243300E+4	0.000000E+0	0.000000E+0
3.304095E+3	-5.980900E-4	1.243270E+4	0.000000E+0	0.000000E+0
3.308127E+3	-5.980700E-4	1.243240E+4	0.000000E+0	0.000000E+0
3.312115E+3	-5.981100E-4	1.243230E+4	0.000000E+0	0.000000E+0
3.316115E+3	-5.980900E-4	1.243200E+4	0.000000E+0	0.000000E+0
3.320091E+3	-5.981100E-4	1.243170E+4	0.000000E+0	0.000000E+0
3.324129E+3	-5.980900E-4	1.243160E+4	0.000000E+0	0.000000E+0
3.328111E+3	-5.980900E-4	1.243130E+4	0.000000E+0	0.000000E+0
3.332120E+3	-5.981000E-4	1.243110E+4	0.000000E+0	0.000000E+0
3.336097E+3	-5.980900E-4	1.243090E+4	0.000000E+0	0.000000E+0
3.340128E+3	-5.980900E-4	1.243070E+4	0.000000E+0	0.000000E+0
3.344111E+3	-5.980700E-4	1.243050E+4	0.000000E+0	0.000000E+0
3.348138E+3	-5.980700E-4	1.243030E+4	0.000000E+0	0.000000E+0
3.352091E+3	-5.980700E-4	1.243010E+4	0.000000E+0	0.000000E+0
3.356129E+3	-5.980900E-4	1.243000E+4	0.000000E+0	0.000000E+0
3.360111E+3	-5.980500E-4	1.242970E+4	0.000000E+0	0.000000E+0
3.364117E+3	-5.980800E-4	1.242950E+4	0.000000E+0	0.000000E+0
3.368097E+3	-5.981100E-4	1.242920E+4	0.000000E+0	0.000000E+0
3.372125E+3	-5.980600E-4	1.242900E+4	0.000000E+0	0.000000E+0
3.376114E+3	-5.980800E-4	1.242870E+4	0.000000E+0	0.000000E+0
3.380116E+3	-5.980600E-4	1.242860E+4	0.000000E+0	0.000000E+0
3.384097E+3	-5.980900E-4	1.242840E+4	0.000000E+0	0.000000E+0
3.388133E+3	-5.980600E-4	1.242820E+4	0.000000E+0	0.000000E+0
3.392096E+3	-5.980700E-4	1.242800E+4	0.000000E+0	0.000000E+0
3.396133E+3	-5.980500E-4	1.242780E+4	0.000000E+0	0.000000E+0
3.400120E+3	-5.980100E-4	1.242760E+4	0.000000E+0	0.000000E+0
3.404094E+3	-5.980200E-4	1.242740E+4	0.000000E+0	0.000000E+0
3.408126E+3	-5.980200E-4	1.242730E+4	0.000000E+0	0.000000E+0
3.412115E+3	-5.980600E-4	1.242700E+4	0.000000E+0	0.000000E+0
3.416115E+3	-5.980500E-4	1.242680E+4	0.000000E+0	0.000000E+0
3.420093E+3	-5.980400E-4	1.242680E+4	0.000000E+0	0.000000E+0
3.424134E+3	-5.980300E-4	1.242660E+4	0.000000E+0	0.000000E+0
3.428092E+3	-5.980300E-4	1.242640E+4	0.000000E+0	0.000000E+0
3.432134E+3	-5.980000E-4	1.242620E+4	0.000000E+0	0.000000E+0
3.436093E+3	-5.980200E-4	1.242600E+4	0.000000E+0	0.000000E+0
3.440127E+3	-5.980100E-4	1.242580E+4	0.000000E+0	0.000000E+0
3.444115E+3	-5.980100E-4	1.242560E+4	0.000000E+0	0.000000E+0
3.448117E+3	-5.980100E-4	1.242550E+4	0.000000E+0	0.000000E+0
3.452096E+3	-5.980300E-4	1.242540E+4	0.000000E+0	0.000000E+0
3.456126E+3	-5.979900E-4	1.242520E+4	0.000000E+0	0.000000E+0
3.460111E+3	-5.980300E-4	1.242500E+4	0.000000E+0	0.000000E+0
3.464115E+3	-5.980200E-4	1.242480E+4	0.000000E+0	0.000000E+0
3.468115E+3	-5.980400E-4	1.242450E+4	0.000000E+0	0.000000E+0
3.472110E+3	-5.980200E-4	1.242440E+4	0.000000E+0	0.000000E+0
3.476112E+3	-5.980100E-4	1.242420E+4	0.000000E+0	0.000000E+0
3.480117E+3	-5.979900E-4	1.242400E+4	0.000000E+0	0.000000E+0
3.484117E+3	-5.979900E-4	1.242390E+4	0.000000E+0	0.000000E+0
3.488115E+3	-5.979800E-4	1.242360E+4	0.000000E+0	0.000000E+0
3.492112E+3	-5.979900E-4	1.242340E+4	0.000000E+0	0.000000E+0
3.496115E+3	-5.980000E-4	1.242340E+4	0.000000E+0	0.000000E+0
3.500113E+3	-5.979700E-4	1.242310E+4	0.000000E+0	0.000000E+0
3.504094E+3	-5.980100E-4	1.242290E+4	0.000000E+0	0.000000E+0
3.508125E+3	-5.979700E-4	1.242270E+4	0.000000E+0	0.000000E+0
3.512113E+3	-5.980000E-4	1.242240E+4	0.000000E+0	0.000000E+0
3.516110E+3	-5.979800E-4	1.242210E+4	0.000000E+0	0.000000E+0
3.520090E+3	-5.979900E-4	1.242200E+4	0.000000E+0	0.000000E+0
3.524134E+3	-5.979700E-4	1.242180E+4	0.000000E+0	0.000000E+0
3.528090E+3	-5.979600E-4	1.242150E+4	0.000000E+0	0.000000E+0
3.532134E+3	-5.979900E-4	1.242140E+4	0.000000E+0	0.000000E+0
3.536119E+3	-5.979500E-4	1.242110E+4	0.000000E+0	0.000000E+0
3.540114E+3	-5.979900E-4	1.242090E+4	0.000000E+0	0.000000E+0
3.544112E+3	-5.980000E-4	1.242070E+4	0.000000E+0	0.000000E+0
3.548116E+3	-5.979700E-4	1.242050E+4	0.000000E+0	0.000000E+0
3.552115E+3	-5.979700E-4	1.242030E+4	0.000000E+0	0.000000E+0
3.556115E+3	-5.979800E-4	1.242010E+4	0.000000E+0	0.000000E+0
3.560116E+3	-5.979700E-4	1.241990E+4	0.000000E+0	0.000000E+0
3.564116E+3	-5.979800E-4	1.241980E+4	0.000000E+0	0.000000E+0
3.568115E+3	-5.979700E-4	1.241960E+4	0.000000E+0	0.000000E+0
3.572094E+3	-5.979500E-4	1.241940E+4	0.000000E+0	0.000000E+0
3.576113E+3	-5.979700E-4	1.241930E+4	0.000000E+0	0.000000E+0
3.580112E+3	-5.979800E-4	1.241910E+4	0.000000E+0	0.000000E+0
3.584117E+3	-5.979700E-4	1.241900E+4	0.000000E+0	0.000000E+0
3.588115E+3	-5.979700E-4	1.241880E+4	0.000000E+0	0.000000E+0
3.592092E+3	-5.979900E-4	1.241860E+4	0.000000E+0	0.000000E+0
3.596125E+3	-5.980200E-4	1.241850E+4	0.000000E+0	0.000000E+0
3.600115E+3	-5.980200E-4	1.241830E+4	0.000000E+0	0.000000E+0
3.604114E+3	-5.980200E-4	1.241810E+4	0.000000E+0	0.000000E+0
3.608092E+3	-5.980200E-4	1.241780E+4	0.000000E+0	0.000000E+0
3.612129E+3	-5.980000E-4	1.241760E+4	0.000000E+0	0.000000E+0
3.616109E+3	-5.980300E-4	1.241750E+4	0.000000E+0	0.000000E+0
3.620118E+3	-5.980400E-4	1.241740E+4	0.000000E+0	0.000000E+0
3.624098E+3	-5.980200E-4	1.241720E+4	0.000000E+0	0.000000E+0
3.628126E+3	-5.980600E-4	1.241710E+4	0.000000E+0	0.000000E+0
3.632114E+3	-5.980400E-4	1.241690E+4	0.000000E+0	0.000000E+0
3.636113E+3	-5.980300E-4	1.241680E+4	0.000000E+0	0.000000E+0
3.640093E+3	-5.980200E-4	1.241670E+4	0.000000E+0	0.000000E+0
3.644130E+3	-5.980700E-4	1.241650E+4	0.000000E+0	0.000000E+0
3.648109E+3	-5.980600E-4	1.241650E+4	0.000000E+0	0.000000E+0
3.652117E+3	-5.980400E-4	1.241640E+4	0.000000E+0	0.000000E+0
3.656097E+3	-5.980500E-4	1.241620E+4	0.000000E+0	0.000000E+0
3.660125E+3	-5.980400E-4	1.241600E+4	0.000000E+0	0.000000E+0
3.664116E+3	-5.980400E-4	1.241570E+4	0.000000E+0	0.000000E+0
3.668093E+3	-5.980600E-4	1.241550E+4	0.000000E+0	0.000000E+0
3.672133E+3	-5.980200E-4	1.241530E+4	0.000000E+0	0.000000E+0
3.676089E+3	-5.980500E-4	1.241500E+4	0.000000E+0	0.000000E+0
3.680129E+3	-5.980300E-4	1.241490E+4	0.000000E+0	0.000000E+0
3.684115E+3	-5.980300E-4	1.241470E+4	0.000000E+0	0.000000E+0
3.688115E+3	-5.980600E-4	1.241440E+4	0.000000E+0	0.000000E+0
3.692113E+3	-5.980300E-4	1.241410E+4	0.000000E+0	0.000000E+0
3.696120E+3	-5.980100E-4	1.241400E+4	0.000000E+0	0.000000E+0
3.700096E+3	-5.980300E-4	1.241380E+4	0.000000E+0	0.000000E+0
3.704129E+3	-5.980200E-4	1.241370E+4	0.000000E+0	0.000000E+0
3.708113E+3	-5.980200E-4	1.241340E+4	0.000000E+0	0.000000E+0
3.712118E+3	-5.980300E-4	1.241320E+4	0.000000E+0	0.000000E+0
3.716096E+3	-5.980200E-4	1.241300E+4	0.000000E+0	0.000000E+0
3.720134E+3	-5.980200E-4	1.241280E+4	0.000000E+0	0.000000E+0
3.724095E+3	-5.980400E-4	1.241270E+4	0.000000E+0	0.000000E+0
3.728132E+3	-5.980200E-4	1.241240E+4	0.000000E+0	0.000000E+0
3.732116E+3	-5.980100E-4	1.241220E+4	0.000000E+0	0.000000E+0
3.736114E+3	-5.980100E-4	1.241190E+4	0.000000E+0	0.000000E+0
3.740112E+3	-5.979800E-4	1.241180E+4	0.000000E+0	0.000000E+0
3.744117E+3	-5.980000E-4	1.241160E+4	0.000000E+0	0.000000E+0
3.748091E+3	-5.980100E-4	1.241150E+4	0.000000E+0	0.000000E+0
3.752130E+3	-5.980200E-4	1.241120E+4	0.000000E+0	0.000000E+0
3.756089E+3	-5.980100E-4	1.241100E+4	0.000000E+0	0.000000E+0
3.760130E+3	-5.980100E-4	1.241090E+4	0.000000E+0	0.000000E+0
3.764115E+3	-5.980100E-4	1.241070E+4	0.000000E+0	0.000000E+0
3.768115E+3	-5.980100E-4	1.241040E+4	0.000000E+0	0.000000E+0
3.772113E+3	-5.980000E-4	1.241030E+4	0.000000E+0	0.000000E+0
3.776115E+3	-5.980100E-4	1.241010E+4	0.000000E+0	0.000000E+0
3.780115E+3	-5.979900E-4	1.241000E+4	0.000000E+0	0.000000E+0
3.784092E+3	-5.980100E-4	1.240980E+4	0.000000E+0	0.000000E+0
3.788125E+3	-5.980100E-4	1.240980E+4	0.000000E+0	0.000000E+0
3.792113E+3	-5.979900E-4	1.240950E+4	0.000000E+0	0.000000E+0
3.796115E+3	-5.980000E-4	1.240920E+4	0.000000E+0	0.000000E+0
3.800115E+3	-5.980000E-4	1.240900E+4	0.000000E+0	0.000000E+0
3.804113E+3	-5.979800E-4	1.240880E+4	0.000000E+0	0.000000E+0
3.808113E+3	-5.980400E-4	1.240860E+4	0.000000E+0	0.000000E+0
3.812121E+3	-5.980100E-4	1.240830E+4	0.000000E+0	0.000000E+0
3.816097E+3	-5.979900E-4	1.240810E+4	0.000000E+0	0.000000E+0
3.820127E+3	-5.979700E-4	1.240800E+4	0.000000E+0	0.000000E+0
3.824115E+3	-5.980000E-4	1.240790E+4	0.000000E+0	0.000000E+0
3.828117E+3	-5.979900E-4	1.240770E+4	0.000000E+0	0.000000E+0
3.832115E+3	-5.980100E-4	1.240760E+4	0.000000E+0	0.000000E+0
3.836093E+3	-5.980400E-4	1.240740E+4	0.000000E+0	0.000000E+0
3.840130E+3	-5.980600E-4	1.240730E+4	0.000000E+0	0.000000E+0
3.844112E+3	-5.980400E-4	1.240710E+4	0.000000E+0	0.000000E+0
3.848117E+3	-5.980100E-4	1.240700E+4	0.000000E+0	0.000000E+0
3.852092E+3	-5.980100E-4	1.240680E+4	0.000000E+0	0.000000E+0
3.856125E+3	-5.980000E-4	1.240660E+4	0.000000E+0	0.000000E+0
3.860113E+3	-5.980200E-4	1.240650E+4	0.000000E+0	0.000000E+0
3.864114E+3	-5.980100E-4	1.240630E+4	0.000000E+0	0.000000E+0
3.868094E+3	-5.979900E-4	1.240610E+4	0.000000E+0	0.000000E+0
3.872133E+3	-5.979900E-4	1.240590E+4	0.000000E+0	0.000000E+0
3.876094E+3	-5.980000E-4	1.240560E+4	0.000000E+0	0.000000E+0
3.880136E+3	-5.980200E-4	1.240550E+4	0.000000E+0	0.000000E+0
3.884094E+3	-5.980000E-4	1.240530E+4	0.000000E+0	0.000000E+0
3.888129E+3	-5.980300E-4	1.240510E+4	0.000000E+0	0.000000E+0
3.892090E+3	-5.980200E-4	1.240500E+4	0.000000E+0	0.000000E+0
3.896130E+3	-5.980100E-4	1.240470E+4	0.000000E+0	0.000000E+0
3.900115E+3	-5.979900E-4	1.240460E+4	0.000000E+0	0.000000E+0
3.904115E+3	-5.980100E-4	1.240450E+4	0.000000E+0	0.000000E+0
3.908112E+3	-5.979900E-4	1.240430E+4	0.000000E+0	0.000000E+0
3.912114E+3	-5.979900E-4	1.240410E+4	0.000000E+0	0.000000E+0
3.916114E+3	-5.980000E-4	1.240410E+4	0.000000E+0	0.000000E+0
3.920113E+3	-5.979900E-4	1.240390E+4	0.000000E+0	0.000000E+0
3.924115E+3	-5.979900E-4	1.240370E+4	0.000000E+0	0.000000E+0
3.928115E+3	-5.980100E-4	1.240360E+4	0.000000E+0	0.000000E+0
3.932115E+3	-5.979900E-4	1.240350E+4	0.000000E+0	0.000000E+0
3.936117E+3	-5.979900E-4	1.240340E+4	0.000000E+0	0.000000E+0
3.940086E+3	-5.980000E-4	1.240310E+4	0.000000E+0	0.000000E+0
3.944128E+3	-5.980000E-4	1.240290E+4	0.000000E+0	0.000000E+0
3.948113E+3	-5.979800E-4	1.240270E+4	0.000000E+0	0.000000E+0
3.952113E+3	-5.980000E-4	1.240250E+4	0.000000E+0	0.000000E+0
3.956115E+3	-5.980100E-4	1.240240E+4	0.000000E+0	0.000000E+0
3.960115E+3	-5.979800E-4	1.240220E+4	0.000000E+0	0.000000E+0
3.964115E+3	-5.979600E-4	1.240200E+4	0.000000E+0	0.000000E+0
3.968116E+3	-5.979800E-4	1.240180E+4	0.000000E+0	0.000000E+0
3.972089E+3	-5.979800E-4	1.240170E+4	0.000000E+0	0.000000E+0
3.976129E+3	-5.979300E-4	1.240150E+4	0.000000E+0	0.000000E+0
3.980115E+3	-5.979200E-4	1.240130E+4	0.000000E+0	0.000000E+0
3.984114E+3	-5.979500E-4	1.240130E+4	0.000000E+0	0.000000E+0
3.988114E+3	-5.979300E-4	1.240110E+4	0.000000E+0	0.000000E+0
3.992116E+3	-5.979800E-4	1.240100E+4	0.000000E+0	0.000000E+0
3.996115E+3	-5.979600E-4	1.240080E+4	0.000000E+0	0.000000E+0
4.000114E+3	-5.979600E-4	1.240060E+4	0.000000E+0	0.000000E+0
4.004115E+3	-5.979500E-4	1.240050E+4	0.000000E+0	0.000000E+0
4.008114E+3	-5.979700E-4	1.240040E+4	0.000000E+0	0.000000E+0
4.012115E+3	-5.979600E-4	1.240030E+4	0.000000E+0	0.000000E+0
4.016115E+3	-5.979700E-4	1.240010E+4	0.000000E+0	0.000000E+0
4.020116E+3	-5.979700E-4	1.239990E+4	0.000000E+0	0.000000E+0
4.024116E+3	-5.979700E-4	1.239980E+4	0.000000E+0	0.000000E+0
4.028115E+3	-5.979700E-4	1.239950E+4	0.000000E+0	0.000000E+0
4.032094E+3	-5.979600E-4	1.239930E+4	0.000000E+0	0.000000E+0
4.036114E+3	-5.979800E-4	1.239930E+4	0.000000E+0	0.000000E+0
4.040112E+3	-5.979800E-4	1.239910E+4	0.000000E+0	0.000000E+0
4.044119E+3	-5.979600E-4	1.239890E+4	0.000000E+0	0.000000E+0
4.048097E+3	-5.979500E-4	1.239870E+4	0.000000E+0	0.000000E+0
4.052131E+3	-5.979700E-4	1.239850E+4	0.000000E+0	0.000000E+0
4.056091E+3	-5.979400E-4	1.239840E+4	0.000000E+0	0.000000E+0
4.060126E+3	-5.979600E-4	1.239820E+4	0.000000E+0	0.000000E+0
4.064097E+3	-5.979100E-4	1.239800E+4	0.000000E+0	0.000000E+0
4.068128E+3	-5.979500E-4	1.239780E+4	0.000000E+0	0.000000E+0
4.072115E+3	-5.979200E-4	1.239760E+4	0.000000E+0	0.000000E+0
4.076114E+3	-5.979200E-4	1.239730E+4	0.000000E+0	0.000000E+0
4.080117E+3	-5.979200E-4	1.239710E+4	0.000000E+0	0.000000E+0
4.084095E+3	-5.979400E-4	1.239700E+4	0.000000E+0	0.000000E+0
4.088129E+3	-5.979200E-4	1.239680E+4	0.000000E+0	0.000000E+0
4.092115E+3	-5.979400E-4	1.239660E+4	0.000000E+0	0.000000E+0
4.096116E+3	-5.979200E-4	1.239650E+4	0.000000E+0	0.000000E+0
4.100118E+3	-5.979200E-4	1.239630E+4	0.000000E+0	0.000000E+0
4.104100E+3	-5.979400E-4	1.239600E+4	0.000000E+0	0.000000E+0
4.108129E+3	-5.979200E-4	1.239600E+4	0.000000E+0	0.000000E+0
4.112114E+3	-5.979300E-4	1.239570E+4	0.000000E+0	0.000000E+0
4.116117E+3	-5.979400E-4	1.239550E+4	0.000000E+0	0.000000E+0
4.120096E+3	-5.979600E-4	1.239540E+4	0.000000E+0	0.000000E+0
4.124129E+3	-5.979400E-4	1.239510E+4	0.000000E+0	0.000000E+0
4.128116E+3	-5.979500E-4	1.239500E+4	0.000000E+0	0.000000E+0
4.132094E+3	-5.979200E-4	1.239490E+4	0.000000E+0	0.000000E+0
4.136130E+3	-5.979300E-4	1.239470E+4	0.000000E+0	0.000000E+0
4.140115E+3	-5.979500E-4	1.239460E+4	0.000000E+0	0.000000E+0
4.144118E+3	-5.979100E-4	1.239440E+4	0.000000E+0	0.000000E+0
4.148117E+3	-5.979200E-4	1.239430E+4	0.000000E+0	0.000000E+0
4.152097E+3	-5.979400E-4	1.239410E+4	0.000000E+0	0.000000E+0
4.156125E+3	-5.978900E-4	1.239400E+4	0.000000E+0	0.000000E+0
4.160111E+3	-5.979000E-4	1.239380E+4	0.000000E+0	0.000000E+0
4.164115E+3	-5.979400E-4	1.239370E+4	0.000000E+0	0.000000E+0
4.168117E+3	-5.979000E-4	1.239350E+4	0.000000E+0	0.000000E+0
4.172113E+3	-5.979300E-4	1.239340E+4	0.000000E+0	0.000000E+0
4.176111E+3	-5.979500E-4	1.239330E+4	0.000000E+0	0.000000E+0
4.180118E+3	-5.979200E-4	1.239300E+4	0.000000E+0	0.000000E+0
4.184115E+3	-5.979300E-4	1.239290E+4	0.000000E+0	0.000000E+0
4.188093E+3	-5.979100E-4	1.239270E+4	0.000000E+0	0.000000E+0
4.192124E+3	-5.979100E-4	1.239250E+4	0.000000E+0	0.000000E+0
4.196112E+3	-5.978400E-4	1.239240E+4	0.000000E+0	0.000000E+0
4.200119E+3	-5.978700E-4	1.239230E+4	0.000000E+0	0.000000E+0
4.204097E+3	-5.978400E-4	1.239210E+4	0.000000E+0	0.000000E+0
4.208130E+3	-5.978700E-4	1.239190E+4	0.000000E+0	0.000000E+0
4.212090E+3	-5.978600E-4	1.239180E+4	0.000000E+0	0.000000E+0
4.216130E+3	-5.978900E-4	1.239160E+4	0.000000E+0	0.000000E+0
4.220116E+3	-5.978700E-4	1.239130E+4	0.000000E+0	0.000000E+0
4.224115E+3	-5.978900E-4	1.239130E+4	0.000000E+0	0.000000E+0
4.228114E+3	-5.978800E-4	1.239100E+4	0.000000E+0	0.000000E+0
4.232113E+3	-5.978800E-4	1.239090E+4	0.000000E+0	0.000000E+0
4.236113E+3	-5.978800E-4	1.239080E+4	0.000000E+0	0.000000E+0
4.240113E+3	-5.979000E-4	1.239060E+4	0.000000E+0	0.000000E+0
4.244113E+3	-5.978900E-4	1.239050E+4	0.000000E+0	0.000000E+0
4.248117E+3	-5.978800E-4	1.239020E+4	0.000000E+0	0.000000E+0
4.252115E+3	-5.978600E-4	1.239000E+4	0.000000E+0	0.000000E+0
4.256095E+3	-5.978800E-4	1.239000E+4	0.000000E+0	0.000000E+0
4.260111E+3	-5.978700E-4	1.238980E+4	0.000000E+0	0.000000E+0
4.264111E+3	-5.978500E-4	1.238960E+4	0.000000E+0	0.000000E+0
4.268114E+3	-5.978300E-4	1.238940E+4	0.000000E+0	0.000000E+0
4.272115E+3	-5.978600E-4	1.238930E+4	0.000000E+0	0.000000E+0
4.276114E+3	-5.978300E-4	1.238910E+4	0.000000E+0	0.000000E+0
4.280113E+3	-5.978600E-4	1.238900E+4	0.000000E+0	0.000000E+0
4.284118E+3	-5.978500E-4	1.238880E+4	0.000000E+0	0.000000E+0
4.288119E+3	-5.978700E-4	1.238870E+4	0.000000E+0	0.000000E+0
4.292118E+3	-5.978700E-4	1.238850E+4	0.000000E+0	0.000000E+0
4.296088E+3	-5.978800E-4	1.238840E+4	0.000000E+0	0.000000E+0
4.300128E+3	-5.978800E-4	1.238830E+4	0.000000E+0	0.000000E+0
4.304115E+3	-5.978700E-4	1.238810E+4	0.000000E+0	0.000000E+0
4.308115E+3	-5.978500E-4	1.238790E+4	0.000000E+0	0.000000E+0
4.312115E+3	-5.978500E-4	1.238780E+4	0.000000E+0	0.000000E+0
4.316116E+3	-5.978700E-4	1.238760E+4	0.000000E+0	0.000000E+0
4.320091E+3	-5.978500E-4	1.238750E+4	0.000000E+0	0.000000E+0
4.324132E+3	-5.978600E-4	1.238730E+4	0.000000E+0	0.000000E+0
4.328089E+3	-5.978500E-4	1.238710E+4	0.000000E+0	0.000000E+0
4.332129E+3	-5.978800E-4	1.238710E+4	0.000000E+0	0.000000E+0
4.336115E+3	-5.978600E-4	1.238690E+4	0.000000E+0	0.000000E+0
4.340113E+3	-5.978800E-4	1.238670E+4	0.000000E+0	0.000000E+0
4.344113E+3	-5.978400E-4	1.238660E+4	0.000000E+0	0.000000E+0
4.348115E+3	-5.978600E-4	1.238650E+4	0.000000E+0	0.000000E+0
4.352117E+3	-5.978500E-4	1.238630E+4	0.000000E+0	0.000000E+0
4.356118E+3	-5.978700E-4	1.238610E+4	0.000000E+0	0.000000E+0
4.360114E+3	-5.978800E-4	1.238590E+4	0.000000E+0	0.000000E+0
4.364114E+3	-5.978400E-4	1.238580E+4	0.000000E+0	0.000000E+0
4.368114E+3	-5.978500E-4	1.238560E+4	0.000000E+0	0.000000E+0
4.372114E+3	-5.978800E-4	1.238550E+4	0.000000E+0	0.000000E+0
4.376114E+3	-5.978600E-4	1.238540E+4	0.000000E+0	0.000000E+0
4.380119E+3	-5.978500E-4	1.238520E+4	0.000000E+0	0.000000E+0
4.384096E+3	-5.978600E-4	1.238510E+4	0.000000E+0	0.000000E+0
4.388132E+3	-5.979200E-4	1.238480E+4	0.000000E+0	0.000000E+0
4.392115E+3	-5.979000E-4	1.238470E+4	0.000000E+0	0.000000E+0
4.396118E+3	-5.978900E-4	1.238460E+4	0.000000E+0	0.000000E+0
4.400096E+3	-5.978800E-4	1.238440E+4	0.000000E+0	0.000000E+0
4.404129E+3	-5.978900E-4	1.238420E+4	0.000000E+0	0.000000E+0
4.408115E+3	-5.979000E-4	1.238410E+4	0.000000E+0	0.000000E+0
4.412114E+3	-5.979100E-4	1.238390E+4	0.000000E+0	0.000000E+0
4.416112E+3	-5.978800E-4	1.238380E+4	0.000000E+0	0.000000E+0
4.420115E+3	-5.979100E-4	1.238370E+4	0.000000E+0	0.000000E+0
4.424113E+3	-5.978900E-4	1.238350E+4	0.000000E+0	0.000000E+0
4.428115E+3	-5.978600E-4	1.238350E+4	0.000000E+0	0.000000E+0
4.432120E+3	-5.978700E-4	1.238330E+4	0.000000E+0	0.000000E+0
4.436094E+3	-5.978700E-4	1.238320E+4	0.000000E+0	0.000000E+0
4.440128E+3	-5.978800E-4	1.238310E+4	0.000000E+0	0.000000E+0
4.444113E+3	-5.979200E-4	1.238290E+4	0.000000E+0	0.000000E+0
4.448115E+3	-5.979100E-4	1.238290E+4	0.000000E+0	0.000000E+0
4.452093E+3	-5.978900E-4	1.238280E+4	0.000000E+0	0.000000E+0
4.456126E+3	-5.979200E-4	1.238260E+4	0.000000E+0	0.000000E+0
4.460115E+3	-5.979200E-4	1.238260E+4	0.000000E+0	0.000000E+0
4.464120E+3	-5.979100E-4	1.238250E+4	0.000000E+0	0.000000E+0
4.468092E+3	-5.978300E-4	1.238220E+4	0.000000E+0	0.000000E+0
4.472134E+3	-5.978200E-4	1.238200E+4	0.000000E+0	0.000000E+0
4.476093E+3	-5.978500E-4	1.238180E+4	0.000000E+0	0.000000E+0
4.480135E+3	-5.978200E-4	1.238160E+4	0.000000E+0	0.000000E+0
4.484116E+3	-5.978400E-4	1.238150E+4	0.000000E+0	0.000000E+0
4.488095E+3	-5.978400E-4	1.238130E+4	0.000000E+0	0.000000E+0
4.492128E+3	-5.978900E-4	1.238110E+4	0.000000E+0	0.000000E+0
4.496112E+3	-5.977800E-4	1.238110E+4	0.000000E+0	0.000000E+0
4.500119E+3	-5.978900E-4	1.238080E+4	0.000000E+0	0.000000E+0
4.504094E+3	-5.978700E-4	1.238070E+4	0.000000E+0	0.000000E+0
4.508130E+3	-5.978400E-4	1.238050E+4	0.000000E+0	0.000000E+0
4.512112E+3	-5.978100E-4	1.238040E+4	0.000000E+0	0.000000E+0
4.516115E+3	-5.978600E-4	1.238020E+4	0.000000E+0	0.000000E+0
4.520115E+3	-5.978200E-4	1.238000E+4	0.000000E+0	0.000000E+0
4.524115E+3	-5.978100E-4	1.237980E+4	0.000000E+0	0.000000E+0
4.528115E+3	-5.978500E-4	1.237960E+4	0.000000E+0	0.000000E+0
4.532115E+3	-5.978500E-4	1.237950E+4	0.000000E+0	0.000000E+0
4.536097E+3	-5.978800E-4	1.237940E+4	0.000000E+0	0.000000E+0
4.540130E+3	-5.978700E-4	1.237940E+4	0.000000E+0	0.000000E+0
4.544117E+3	-5.978700E-4	1.237930E+4	0.000000E+0	0.000000E+0
4.548117E+3	-5.978800E-4	1.237910E+4	0.000000E+0	0.000000E+0
4.552095E+3	-5.978700E-4	1.237900E+4	0.000000E+0	0.000000E+0
4.556128E+3	-5.978600E-4	1.237890E+4	0.000000E+0	0.000000E+0
4.560115E+3	-5.978900E-4	1.237880E+4	0.000000E+0	0.000000E+0
4.564118E+3	-5.978600E-4	1.237870E+4	0.000000E+0	0.000000E+0
4.568098E+3	-5.978900E-4	1.237850E+4	0.000000E+0	0.000000E+0
4.572131E+3	-5.978700E-4	1.237840E+4	0.000000E+0	0.000000E+0
4.576116E+3	-5.978700E-4	1.237830E+4	0.000000E+0	0.000000E+0
4.580115E+3	-5.978400E-4	1.237810E+4	0.000000E+0	0.000000E+0
4.584116E+3	-5.978800E-4	1.237800E+4	0.000000E+0	0.000000E+0
4.588094E+3	-5.978700E-4	1.237790E+4	0.000000E+0	0.000000E+0
4.592127E+3	-5.979200E-4	1.237760E+4	0.000000E+0	0.000000E+0
4.596115E+3	-5.978800E-4	1.237750E+4	0.000000E+0	0.000000E+0
4.600094E+3	-5.978800E-4	1.237730E+4	0.000000E+0	0.000000E+0
4.604130E+3	-5.978900E-4	1.237720E+4	0.000000E+0	0.000000E+0
4.608116E+3	-5.978800E-4	1.237690E+4	0.000000E+0	0.000000E+0
4.612119E+3	-5.978500E-4	1.237680E+4	0.000000E+0	0.000000E+0
4.616091E+3	-5.978600E-4	1.237660E+4	0.000000E+0	0.000000E+0
4.620133E+3	-5.978300E-4	1.237650E+4	0.000000E+0	0.000000E+0
4.624094E+3	-5.978700E-4	1.237640E+4	0.000000E+0	0.000000E+0
4.628138E+3	-5.978900E-4	1.237620E+4	0.000000E+0	0.000000E+0
4.632092E+3	-5.978700E-4	1.237610E+4	0.000000E+0	0.000000E+0
4.636128E+3	-5.978800E-4	1.237590E+4	0.000000E+0	0.000000E+0
4.640114E+3	-5.978700E-4	1.237580E+4	0.000000E+0	0.000000E+0
4.644115E+3	-5.978800E-4	1.237560E+4	0.000000E+0	0.000000E+0
4.648114E+3	-5.978900E-4	1.237550E+4	0.000000E+0	0.000000E+0
4.652114E+3	-5.978600E-4	1.237530E+4	0.000000E+0	0.000000E+0
4.656114E+3	-5.979000E-4	1.237510E+4	0.000000E+0	0.000000E+0
4.660120E+3	-5.979100E-4	1.237510E+4	0.000000E+0	0.000000E+0
4.664098E+3	-5.978800E-4	1.237490E+4	0.000000E+0	0.000000E+0
4.668130E+3	-5.979000E-4	1.237480E+4	0.000000E+0	0.000000E+0
4.672116E+3	-5.978900E-4	1.237460E+4	0.000000E+0	0.000000E+0
4.676119E+3	-5.978900E-4	1.237450E+4	0.000000E+0	0.000000E+0
4.680119E+3	-5.978900E-4	1.237450E+4	0.000000E+0	0.000000E+0
4.684099E+3	-5.978800E-4	1.237430E+4	0.000000E+0	0.000000E+0
4.688129E+3	-5.978900E-4	1.237420E+4	0.000000E+0	0.000000E+0
4.692114E+3	-5.979000E-4	1.237400E+4	0.000000E+0	0.000000E+0
4.696116E+3	-5.979000E-4	1.237390E+4	0.000000E+0	0.000000E+0
4.700117E+3	-5.979100E-4	1.237370E+4	0.000000E+0	0.000000E+0
4.704116E+3	-5.979000E-4	1.237360E+4	0.000000E+0	0.000000E+0
4.708115E+3	-5.978700E-4	1.237340E+4	0.000000E+0	0.000000E+0
4.712117E+3	-5.978800E-4	1.237330E+4	0.000000E+0	0.000000E+0
4.716115E+3	-5.978400E-4	1.237310E+4	0.000000E+0	0.000000E+0
4.720091E+3	-5.978300E-4	1.237310E+4	0.000000E+0	0.000000E+0
4.724128E+3	-5.978500E-4	1.237290E+4	0.000000E+0	0.000000E+0
4.728115E+3	-5.978300E-4	1.237280E+4	0.000000E+0	0.000000E+0
4.732090E+3	-5.978200E-4	1.237260E+4	0.000000E+0	0.000000E+0
4.736131E+3	-5.978500E-4	1.237250E+4	0.000000E+0	0.000000E+0
4.740090E+3	-5.978700E-4	1.237240E+4	0.000000E+0	0.000000E+0
4.744128E+3	-5.978500E-4	1.237230E+4	0.000000E+0	0.000000E+0
4.748116E+3	-5.978300E-4	1.237220E+4	0.000000E+0	0.000000E+0
4.752115E+3	-5.978100E-4	1.237210E+4	0.000000E+0	0.000000E+0
4.756114E+3	-5.978000E-4	1.237190E+4	0.000000E+0	0.000000E+0
4.760116E+3	-5.977700E-4	1.237180E+4	0.000000E+0	0.000000E+0
4.764092E+3	-5.977900E-4	1.237160E+4	0.000000E+0	0.000000E+0
4.768129E+3	-5.978000E-4	1.237130E+4	0.000000E+0	0.000000E+0
4.772116E+3	-5.977900E-4	1.237110E+4	0.000000E+0	0.000000E+0
4.776119E+3	-5.978100E-4	1.237100E+4	0.000000E+0	0.000000E+0
4.780099E+3	-5.978000E-4	1.237100E+4	0.000000E+0	0.000000E+0
4.784129E+3	-5.978100E-4	1.237090E+4	0.000000E+0	0.000000E+0
4.788116E+3	-5.978200E-4	1.237070E+4	0.000000E+0	0.000000E+0
4.792117E+3	-5.978100E-4	1.237050E+4	0.000000E+0	0.000000E+0
4.796095E+3	-5.978200E-4	1.237040E+4	0.000000E+0	0.000000E+0
4.800128E+3	-5.978200E-4	1.237030E+4	0.000000E+0	0.000000E+0
4.804115E+3	-5.978200E-4	1.237010E+4	0.000000E+0	0.000000E+0
4.808115E+3	-5.978400E-4	1.237000E+4	0.000000E+0	0.000000E+0
4.812092E+3	-5.978100E-4	1.236990E+4	0.000000E+0	0.000000E+0
4.816131E+3	-5.978400E-4	1.236970E+4	0.000000E+0	0.000000E+0
4.820113E+3	-5.978200E-4	1.236970E+4	0.000000E+0	0.000000E+0
4.824115E+3	-5.978400E-4	1.236950E+4	0.000000E+0	0.000000E+0
4.828095E+3	-5.978600E-4	1.236940E+4	0.000000E+0	0.000000E+0
4.832126E+3	-5.978500E-4	1.236930E+4	0.000000E+0	0.000000E+0
4.836111E+3	-5.978600E-4	1.236920E+4	0.000000E+0	0.000000E+0
4.840116E+3	-5.978200E-4	1.236910E+4	0.000000E+0	0.000000E+0
4.844089E+3	-5.978600E-4	1.236900E+4	0.000000E+0	0.000000E+0
4.848131E+3	-5.978500E-4	1.236880E+4	0.000000E+0	0.000000E+0
4.852109E+3	-5.978600E-4	1.236870E+4	0.000000E+0	0.000000E+0
4.856116E+3	-5.978700E-4	1.236860E+4	0.000000E+0	0.000000E+0
4.860096E+3	-5.978300E-4	1.236840E+4	0.000000E+0	0.000000E+0
4.864126E+3	-5.978300E-4	1.236830E+4	0.000000E+0	0.000000E+0
4.868112E+3	-5.978300E-4	1.236820E+4	0.000000E+0	0.000000E+0
4.872115E+3	-5.978300E-4	1.236800E+4	0.000000E+0	0.000000E+0
4.876096E+3	-5.978400E-4	1.236790E+4	0.000000E+0	0.000000E+0
4.880133E+3	-5.978500E-4	1.236780E+4	0.000000E+0	0.000000E+0
4.884093E+3	-5.978700E-4	1.236760E+4	0.000000E+0	0.000000E+0
4.888132E+3	-5.978600E-4	1.236750E+4	0.000000E+0	0.000000E+0
4.892091E+3	-5.978600E-4	1.236740E+4	0.000000E+0	0.000000E+0
4.896128E+3	-5.978800E-4	1.236720E+4	0.000000E+0	0.000000E+0
4.900113E+3	-5.978300E-4	1.236710E+4	0.000000E+0	0.000000E+0
4.904117E+3	-5.978100E-4	1.236700E+4	0.000000E+0	0.000000E+0
4.908092E+3	-5.978300E-4	1.236680E+4	0.000000E+0	0.000000E+0
4.912128E+3	-5.978200E-4	1.236680E+4	0.000000E+0	0.000000E+0
4.916113E+3	-5.978100E-4	1.236650E+4	0.000000E+0	0.000000E+0
4.920116E+3	-5.978200E-4	1.236640E+4	0.000000E+0	0.000000E+0
4.924092E+3	-5.978200E-4	1.236630E+4	0.000000E+0	0.000000E+0
4.928131E+3	-5.978000E-4	1.236620E+4	0.000000E+0	0.000000E+0
4.932090E+3	-5.978200E-4	1.236610E+4	0.000000E+0	0.000000E+0
4.936126E+3	-5.977800E-4	1.236600E+4	0.000000E+0	0.000000E+0
4.940115E+3	-5.978100E-4	1.236590E+4	0.000000E+0	0.000000E+0
4.944113E+3	-5.978400E-4	1.236580E+4	0.000000E+0	0.000000E+0
4.948111E+3	-5.977900E-4	1.236570E+4	0.000000E+0	0.000000E+0
4.952116E+3	-5.978400E-4	1.236560E+4	0.000000E+0	0.000000E+0
4.956116E+3	-5.978100E-4	1.236560E+4	0.000000E+0	0.000000E+0
4.960115E+3	-5.978100E-4	1.236540E+4	0.000000E+0	0.000000E+0
4.964115E+3	-5.977900E-4	1.236530E+4	0.000000E+0	0.000000E+0
4.968117E+3	-5.978000E-4	1.236530E+4	0.000000E+0	0.000000E+0
4.972115E+3	-5.977700E-4	1.236520E+4	0.000000E+0	0.000000E+0
4.976091E+3	-5.977800E-4	1.236510E+4	0.000000E+0	0.000000E+0
4.980124E+3	-5.977700E-4	1.236490E+4	0.000000E+0	0.000000E+0
4.984116E+3	-5.977600E-4	1.236470E+4	0.000000E+0	0.000000E+0
4.988097E+3	-5.977700E-4	1.236470E+4	0.000000E+0	0.000000E+0
4.992132E+3	-5.977800E-4	1.236450E+4	0.000000E+0	0.000000E+0
4.996089E+3	-5.977600E-4	1.236440E+4	0.000000E+0	0.000000E+0
5.000132E+3	-5.977600E-4	1.236440E+4	0.000000E+0	0.000000E+0
5.004114E+3	-5.977800E-4	1.236420E+4	0.000000E+0	0.000000E+0
5.008089E+3	-5.977400E-4	1.236410E+4	0.000000E+0	0.000000E+0
5.012133E+3	-5.977800E-4	1.236410E+4	0.000000E+0	0.000000E+0
5.016092E+3	-5.977500E-4	1.236400E+4	0.000000E+0	0.000000E+0
5.020133E+3	-5.977700E-4	1.236380E+4	0.000000E+0	0.000000E+0
5.024093E+3	-5.978000E-4	1.236370E+4	0.000000E+0	0.000000E+0
5.028131E+3	-5.978300E-4	1.236360E+4	0.000000E+0	0.000000E+0
5.032095E+3	-5.977900E-4	1.236360E+4	0.000000E+0	0.000000E+0
5.036131E+3	-5.978100E-4	1.236340E+4	0.000000E+0	0.000000E+0
5.040118E+3	-5.977900E-4	1.236340E+4	0.000000E+0	0.000000E+0
5.044093E+3	-5.977800E-4	1.236330E+4	0.000000E+0	0.000000E+0
5.048123E+3	-5.978100E-4	1.236310E+4	0.000000E+0	0.000000E+0
5.052111E+3	-5.977900E-4	1.236300E+4	0.000000E+0	0.000000E+0
5.056113E+3	-5.978000E-4	1.236280E+4	0.000000E+0	0.000000E+0
5.060093E+3	-5.977900E-4	1.236280E+4	0.000000E+0	0.000000E+0
5.064130E+3	-5.978200E-4	1.236270E+4	0.000000E+0	0.000000E+0
5.068112E+3	-5.977900E-4	1.236250E+4	0.000000E+0	0.000000E+0
5.072119E+3	-5.977900E-4	1.236240E+4	0.000000E+0	0.000000E+0
5.076094E+3	-5.977800E-4	1.236230E+4	0.000000E+0	0.000000E+0
5.080127E+3	-5.977900E-4	1.236220E+4	0.000000E+0	0.000000E+0
5.084113E+3	-5.978000E-4	1.236210E+4	0.000000E+0	0.000000E+0
5.088114E+3	-5.978200E-4	1.236200E+4	0.000000E+0	0.000000E+0
5.092092E+3	-5.978000E-4	1.236190E+4	0.000000E+0	0.000000E+0
5.096131E+3	-5.978300E-4	1.236180E+4	0.000000E+0	0.000000E+0
5.100113E+3	-5.978300E-4	1.236170E+4	0.000000E+0	0.000000E+0
5.104117E+3	-5.977900E-4	1.236150E+4	0.000000E+0	0.000000E+0
5.108098E+3	-5.977900E-4	1.236150E+4	0.000000E+0	0.000000E+0
5.112111E+3	-5.978200E-4	1.236140E+4	0.000000E+0	0.000000E+0
5.116109E+3	-5.978200E-4	1.236120E+4	0.000000E+0	0.000000E+0
5.120112E+3	-5.978100E-4	1.236120E+4	0.000000E+0	0.000000E+0
5.124093E+3	-5.978300E-4	1.236110E+4	0.000000E+0	0.000000E+0
5.128129E+3	-5.978000E-4	1.236100E+4	0.000000E+0	0.000000E+0
5.132112E+3	-5.978100E-4	1.236080E+4	0.000000E+0	0.000000E+0
5.136115E+3	-5.978200E-4	1.236090E+4	0.000000E+0	0.000000E+0
5.140115E+3	-5.978100E-4	1.236070E+4	0.000000E+0	0.000000E+0
5.144095E+3	-5.978000E-4	1.236060E+4	0.000000E+0	0.000000E+0
5.148134E+3	-5.978200E-4	1.236050E+4	0.000000E+0	0.000000E+0
5.152114E+3	-5.978100E-4	1.236040E+4	0.000000E+0	0.000000E+0
5.156115E+3	-5.978000E-4	1.236020E+4	0.000000E+0	0.000000E+0
5.160115E+3	-5.978200E-4	1.236010E+4	0.000000E+0	0.000000E+0
5.164114E+3	-5.978300E-4	1.235990E+4	0.000000E+0	0.000000E+0
5.168113E+3	-5.978200E-4	1.235990E+4	0.000000E+0	0.000000E+0
5.172114E+3	-5.978100E-4	1.235970E+4	0.000000E+0	0.000000E+0
5.176116E+3	-5.978000E-4	1.235960E+4	0.000000E+0	0.000000E+0
5.180097E+3	-5.977700E-4	1.235950E+4	0.000000E+0	0.000000E+0
5.184128E+3	-5.977900E-4	1.235950E+4	0.000000E+0	0.000000E+0
5.188115E+3	-5.978100E-4	1.235940E+4	0.000000E+0	0.000000E+0
5.192118E+3	-5.978100E-4	1.235930E+4	0.000000E+0	0.000000E+0
5.196093E+3	-5.978300E-4	1.235920E+4	0.000000E+0	0.000000E+0
5.200131E+3	-5.978000E-4	1.235910E+4	0.000000E+0	0.000000E+0
5.204115E+3	-5.978000E-4	1.235900E+4	0.000000E+0	0.000000E+0
5.208117E+3	-5.978300E-4	1.235900E+4	0.000000E+0	0.000000E+0
5.212115E+3	-5.978000E-4	1.235890E+4	0.000000E+0	0.000000E+0
5.216093E+3	-5.978100E-4	1.235880E+4	0.000000E+0	0.000000E+0
5.220132E+3	-5.978200E-4	1.235850E+4	0.000000E+0	0.000000E+0
5.224115E+3	-5.978100E-4	1.235850E+4	0.000000E+0	0.000000E+0
5.228096E+3	-5.978100E-4	1.235840E+4	0.000000E+0	0.000000E+0
5.232132E+3	-5.978200E-4	1.235830E+4	0.000000E+0	0.000000E+0
5.236092E+3	-5.978000E-4	1.235800E+4	0.000000E+0	0.000000E+0
5.240129E+3	-5.978400E-4	1.235790E+4	0.000000E+0	0.000000E+0
5.244118E+3	-5.978100E-4	1.235770E+4	0.000000E+0	0.000000E+0
5.248115E+3	-5.978000E-4	1.235780E+4	0.000000E+0	0.000000E+0
5.252089E+3	-5.977600E-4	1.235760E+4	0.000000E+0	0.000000E+0
5.256148E+3	-5.977400E-4	1.235760E+4	0.000000E+0	0.000000E+0
5.260090E+3	-5.977500E-4	1.235750E+4	0.000000E+0	0.000000E+0
5.264132E+3	-5.977600E-4	1.235740E+4	0.000000E+0	0.000000E+0
5.268117E+3	-5.977400E-4	1.235730E+4	0.000000E+0	0.000000E+0
5.272116E+3	-5.977100E-4	1.235720E+4	0.000000E+0	0.000000E+0
5.276117E+3	-5.977500E-4	1.235700E+4	0.000000E+0	0.000000E+0
5.280091E+3	-5.977400E-4	1.235690E+4	0.000000E+0	0.000000E+0
5.284130E+3	-5.977700E-4	1.235690E+4	0.000000E+0	0.000000E+0
5.288113E+3	-5.977500E-4	1.235670E+4	0.000000E+0	0.000000E+0
5.292116E+3	-5.977100E-4	1.235670E+4	0.000000E+0	0.000000E+0
5.296096E+3	-5.977400E-4	1.235660E+4	0.000000E+0	0.000000E+0
5.300125E+3	-5.977400E-4	1.235640E+4	0.000000E+0	0.000000E+0
5.304113E+3	-5.977500E-4	1.235640E+4	0.000000E+0	0.000000E+0
5.308123E+3	-5.977400E-4	1.235620E+4	0.000000E+0	0.000000E+0
5.312095E+3	-5.977400E-4	1.235620E+4	0.000000E+0	0.000000E+0
5.316132E+3	-5.977500E-4	1.235610E+4	0.000000E+0	0.000000E+0
5.320093E+3	-5.977800E-4	1.235600E+4	0.000000E+0	0.000000E+0
5.324131E+3	-5.977600E-4	1.235590E+4	0.000000E+0	0.000000E+0
5.328095E+3	-5.977700E-4	1.235580E+4	0.000000E+0	0.000000E+0
5.332132E+3	-5.977500E-4	1.235580E+4	0.000000E+0	0.000000E+0
5.336093E+3	-5.977800E-4	1.235560E+4	0.000000E+0	0.000000E+0
5.340129E+3	-5.977700E-4	1.235560E+4	0.000000E+0	0.000000E+0
5.344118E+3	-5.977400E-4	1.235540E+4	0.000000E+0	0.000000E+0
5.348114E+3	-5.977500E-4	1.235540E+4	0.000000E+0	0.000000E+0
5.352112E+3	-5.977400E-4	1.235520E+4	0.000000E+0	0.000000E+0
5.356116E+3	-5.977500E-4	1.235510E+4	0.000000E+0	0.000000E+0
5.360116E+3	-5.978200E-4	1.235520E+4	0.000000E+0	0.000000E+0
5.364096E+3	-5.977700E-4	1.235500E+4	0.000000E+0	0.000000E+0
5.368127E+3	-5.977900E-4	1.235480E+4	0.000000E+0	0.000000E+0
5.372112E+3	-5.978000E-4	1.235480E+4	0.000000E+0	0.000000E+0
5.376120E+3	-5.977500E-4	1.235470E+4	0.000000E+0	0.000000E+0
5.380098E+3	-5.977500E-4	1.235460E+4	0.000000E+0	0.000000E+0
5.384126E+3	-5.977600E-4	1.235450E+4	0.000000E+0	0.000000E+0
5.388115E+3	-5.977500E-4	1.235430E+4	0.000000E+0	0.000000E+0
5.392115E+3	-5.977600E-4	1.235430E+4	0.000000E+0	0.000000E+0
5.396095E+3	-5.977400E-4	1.235420E+4	0.000000E+0	0.000000E+0
5.400128E+3	-5.977400E-4	1.235410E+4	0.000000E+0	0.000000E+0
5.404114E+3	-5.977500E-4	1.235400E+4	0.000000E+0	0.000000E+0
5.408121E+3	-5.977200E-4	1.235390E+4	0.000000E+0	0.000000E+0
5.412093E+3	-5.977200E-4	1.235380E+4	0.000000E+0	0.000000E+0
5.416129E+3	-5.977300E-4	1.235360E+4	0.000000E+0	0.000000E+0
5.420112E+3	-5.977200E-4	1.235360E+4	0.000000E+0	0.000000E+0
5.424116E+3	-5.977500E-4	1.235350E+4	0.000000E+0	0.000000E+0
5.428096E+3	-5.977400E-4	1.235330E+4	0.000000E+0	0.000000E+0
5.432126E+3	-5.977200E-4	1.235330E+4	0.000000E+0	0.000000E+0
5.436112E+3	-5.977400E-4	1.235320E+4	0.000000E+0	0.000000E+0
5.440099E+3	-5.977400E-4	1.235320E+4	0.000000E+0	0.000000E+0
5.444110E+3	-5.977200E-4	1.235320E+4	0.000000E+0	0.000000E+0
5.448113E+3	-5.977200E-4	1.235300E+4	0.000000E+0	0.000000E+0
5.452113E+3	-5.977100E-4	1.235290E+4	0.000000E+0	0.000000E+0
5.456113E+3	-5.977400E-4	1.235270E+4	0.000000E+0	0.000000E+0
5.460113E+3	-5.977100E-4	1.235270E+4	0.000000E+0	0.000000E+0
5.464113E+3	-5.977000E-4	1.235260E+4	0.000000E+0	0.000000E+0
5.468112E+3	-5.976900E-4	1.235240E+4	0.000000E+0	0.000000E+0
5.472113E+3	-5.977100E-4	1.235240E+4	0.000000E+0	0.000000E+0
5.476113E+3	-5.976900E-4	1.235220E+4	0.000000E+0	0.000000E+0
5.480115E+3	-5.976900E-4	1.235210E+4	0.000000E+0	0.000000E+0
5.484114E+3	-5.976600E-4	1.235200E+4	0.000000E+0	0.000000E+0
5.488113E+3	-5.976700E-4	1.235190E+4	0.000000E+0	0.000000E+0
5.492113E+3	-5.976800E-4	1.235190E+4	0.000000E+0	0.000000E+0
5.496114E+3	-5.976900E-4	1.235180E+4	0.000000E+0	0.000000E+0
5.500111E+3	-5.976900E-4	1.235160E+4	0.000000E+0	0.000000E+0
5.504118E+3	-5.976900E-4	1.235150E+4	0.000000E+0	0.000000E+0
5.508116E+3	-5.976800E-4	1.235140E+4	0.000000E+0	0.000000E+0
5.512095E+3	-5.976700E-4	1.235130E+4	0.000000E+0	0.000000E+0
5.516129E+3	-5.977100E-4	1.235120E+4	0.000000E+0	0.000000E+0
5.520114E+3	-5.977000E-4	1.235110E+4	0.000000E+0	0.000000E+0
5.524115E+3	-5.977200E-4	1.235110E+4	0.000000E+0	0.000000E+0
5.528116E+3	-5.977000E-4	1.235090E+4	0.000000E+0	0.000000E+0
5.532091E+3	-5.977100E-4	1.235070E+4	0.000000E+0	0.000000E+0
5.536130E+3	-5.977200E-4	1.235070E+4	0.000000E+0	0.000000E+0
5.540088E+3	-5.977200E-4	1.235060E+4	0.000000E+0	0.000000E+0
5.544133E+3	-5.977000E-4	1.235050E+4	0.000000E+0	0.000000E+0
5.548094E+3	-5.977300E-4	1.235030E+4	0.000000E+0	0.000000E+0
5.552132E+3	-5.977200E-4	1.235020E+4	0.000000E+0	0.000000E+0
5.556115E+3	-5.977200E-4	1.235020E+4	0.000000E+0	0.000000E+0
5.560097E+3	-5.977100E-4	1.235000E+4	0.000000E+0	0.000000E+0
5.564131E+3	-5.977100E-4	1.235000E+4	0.000000E+0	0.000000E+0
5.568091E+3	-5.977500E-4	1.234990E+4	0.000000E+0	0.000000E+0
5.572132E+3	-5.977200E-4	1.234990E+4	0.000000E+0	0.000000E+0
5.576091E+3	-5.977400E-4	1.234970E+4	0.000000E+0	0.000000E+0
5.580128E+3	-5.977400E-4	1.234960E+4	0.000000E+0	0.000000E+0
5.584115E+3	-5.977300E-4	1.234950E+4	0.000000E+0	0.000000E+0
5.588092E+3	-5.977400E-4	1.234940E+4	0.000000E+0	0.000000E+0
5.592131E+3	-5.977400E-4	1.234930E+4	0.000000E+0	0.000000E+0
5.596114E+3	-5.977100E-4	1.234920E+4	0.000000E+0	0.000000E+0
5.600113E+3	-5.977000E-4	1.234910E+4	0.000000E+0	0.000000E+0
5.604114E+3	-5.976900E-4	1.234910E+4	0.000000E+0	0.000000E+0
5.608115E+3	-5.977000E-4	1.234900E+4	0.000000E+0	0.000000E+0
5.612093E+3	-5.977400E-4	1.234890E+4	0.000000E+0	0.000000E+0
5.616130E+3	-5.977500E-4	1.234890E+4	0.000000E+0	0.000000E+0
5.620116E+3	-5.977300E-4	1.234880E+4	0.000000E+0	0.000000E+0
5.624096E+3	-5.977000E-4	1.234870E+4	0.000000E+0	0.000000E+0
5.628133E+3	-5.977100E-4	1.234860E+4	0.000000E+0	0.000000E+0
5.632091E+3	-5.977400E-4	1.234850E+4	0.000000E+0	0.000000E+0
5.636133E+3	-5.977100E-4	1.234850E+4	0.000000E+0	0.000000E+0
5.640119E+3	-5.976900E-4	1.234840E+4	0.000000E+0	0.000000E+0
5.644116E+3	-5.977600E-4	1.234830E+4	0.000000E+0	0.000000E+0
5.648115E+3	-5.977600E-4	1.234820E+4	0.000000E+0	0.000000E+0
5.652116E+3	-5.977200E-4	1.234810E+4	0.000000E+0	0.000000E+0
5.656115E+3	-5.977200E-4	1.234810E+4	0.000000E+0	0.000000E+0
5.660097E+3	-5.977400E-4	1.234790E+4	0.000000E+0	0.000000E+0
5.664130E+3	-5.977100E-4	1.234790E+4	0.000000E+0	0.000000E+0
5.668094E+3	-5.977400E-4	1.234780E+4	0.000000E+0	0.000000E+0
5.672136E+3	-5.977600E-4	1.234770E+4	0.000000E+0	0.000000E+0
5.676116E+3	-5.977400E-4	1.234760E+4	0.000000E+0	0.000000E+0
5.680093E+3	-5.977100E-4	1.234750E+4	0.000000E+0	0.000000E+0
5.684126E+3	-5.977400E-4	1.234740E+4	0.000000E+0	0.000000E+0
5.688114E+3	-5.977500E-4	1.234730E+4	0.000000E+0	0.000000E+0
5.692124E+3	-5.977100E-4	1.234730E+4	0.000000E+0	0.000000E+0
5.696093E+3	-5.977300E-4	1.234720E+4	0.000000E+0	0.000000E+0
5.700127E+3	-5.977600E-4	1.234710E+4	0.000000E+0	0.000000E+0
5.704115E+3	-5.977000E-4	1.234700E+4	0.000000E+0	0.000000E+0
5.708122E+3	-5.977200E-4	1.234680E+4	0.000000E+0	0.000000E+0
5.712093E+3	-5.976600E-4	1.234680E+4	0.000000E+0	0.000000E+0
5.716124E+3	-5.976900E-4	1.234670E+4	0.000000E+0	0.000000E+0
5.720112E+3	-5.976900E-4	1.234670E+4	0.000000E+0	0.000000E+0
5.724115E+3	-5.976700E-4	1.234670E+4	0.000000E+0	0.000000E+0
5.728092E+3	-5.976800E-4	1.234660E+4	0.000000E+0	0.000000E+0
5.732127E+3	-5.977000E-4	1.234640E+4	0.000000E+0	0.000000E+0
5.736112E+3	-5.977200E-4	1.234640E+4	0.000000E+0	0.000000E+0
5.740112E+3	-5.977400E-4	1.234630E+4	0.000000E+0	0.000000E+0
5.744094E+3	-5.977200E-4	1.234630E+4	0.000000E+0	0.000000E+0
5.748125E+3	-5.977500E-4	1.234620E+4	0.000000E+0	0.000000E+0
5.752115E+3	-5.977400E-4	1.234600E+4	0.000000E+0	0.000000E+0
5.756095E+3	-5.977100E-4	1.234590E+4	0.000000E+0	0.000000E+0
5.760131E+3	-5.977100E-4	1.234590E+4	0.000000E+0	0.000000E+0
5.764087E+3	-5.977200E-4	1.234590E+4	0.000000E+0	0.000000E+0
5.768133E+3	-5.977300E-4	1.234570E+4	0.000000E+0	0.000000E+0
5.772114E+3	-5.977000E-4	1.234560E+4	0.000000E+0	0.000000E+0
5.776095E+3	-5.977300E-4	1.234550E+4	0.000000E+0	0.000000E+0
5.780128E+3	-5.977200E-4	1.234540E+4	0.000000E+0	0.000000E+0
5.784113E+3	-5.977200E-4	1.234530E+4	0.000000E+0	0.000000E+0
5.788118E+3	-5.977200E-4	1.234520E+4	0.000000E+0	0.000000E+0
5.792091E+3	-5.977100E-4	1.234520E+4	0.000000E+0	0.000000E+0
5.796128E+3	-5.977200E-4	1.234490E+4	0.000000E+0	0.000000E+0
5.800115E+3	-5.977400E-4	1.234490E+4	0.000000E+0	0.000000E+0
5.804094E+3	-5.977400E-4	1.234470E+4	0.000000E+0	0.000000E+0
5.808129E+3	-5.977300E-4	1.234470E+4	0.000000E+0	0.000000E+0
5.812116E+3	-5.977100E-4	1.234460E+4	0.000000E+0	0.000000E+0
5.816121E+3	-5.977100E-4	1.234450E+4	0.000000E+0	0.000000E+0
5.820093E+3	-5.977400E-4	1.234440E+4	0.000000E+0	0.000000E+0
5.824132E+3	-5.977600E-4	1.234440E+4	0.000000E+0	0.000000E+0
5.828093E+3	-5.977500E-4	1.234430E+4	0.000000E+0	0.000000E+0
5.832130E+3	-5.977500E-4	1.234420E+4	0.000000E+0	0.000000E+0
5.836091E+3	-5.977800E-4	1.234410E+4	0.000000E+0	0.000000E+0
5.840127E+3	-5.978000E-4	1.234410E+4	0.000000E+0	0.000000E+0
5.844110E+3	-5.977800E-4	1.234400E+4	0.000000E+0	0.000000E+0
5.848118E+3	-5.977600E-4	1.234400E+4	0.000000E+0	0.000000E+0
5.852092E+3	-5.977900E-4	1.234380E+4	0.000000E+0	0.000000E+0
5.856136E+3	-5.977800E-4	1.234350E+4	0.000000E+0	0.000000E+0
5.860089E+3	-5.977900E-4	1.234350E+4	0.000000E+0	0.000000E+0
5.864128E+3	-5.978000E-4	1.234340E+4	0.000000E+0	0.000000E+0
5.868118E+3	-5.977800E-4	1.234350E+4	0.000000E+0	0.000000E+0
5.872114E+3	-5.977900E-4	1.234330E+4	0.000000E+0	0.000000E+0
5.876111E+3	-5.977700E-4	1.234330E+4	0.000000E+0	0.000000E+0
5.880120E+3	-5.977600E-4	1.234290E+4	0.000000E+0	0.000000E+0
5.884098E+3	-5.977400E-4	1.234280E+4	0.000000E+0	0.000000E+0
5.888132E+3	-5.977200E-4	1.234280E+4	0.000000E+0	0.000000E+0
5.892092E+3	-5.976800E-4	1.234270E+4	0.000000E+0	0.000000E+0
5.896127E+3	-5.977400E-4	1.234250E+4	0.000000E+0	0.000000E+0
5.900115E+3	-5.977000E-4	1.234240E+4	0.000000E+0	0.000000E+0
5.904116E+3	-5.977100E-4	1.234230E+4	0.000000E+0	0.000000E+0
5.908092E+3	-5.976800E-4	1.234230E+4	0.000000E+0	0.000000E+0
5.912130E+3	-5.976800E-4	1.234220E+4	0.000000E+0	0.000000E+0
5.916115E+3	-5.976900E-4	1.234210E+4	0.000000E+0	0.000000E+0
5.920115E+3	-5.977000E-4	1.234210E+4	0.000000E+0	0.000000E+0
5.924113E+3	-5.976600E-4	1.234210E+4	0.000000E+0	0.000000E+0
5.928116E+3	-5.976800E-4	1.234200E+4	0.000000E+0	0.000000E+0
5.932093E+3	-5.976900E-4	1.234190E+4	0.000000E+0	0.000000E+0
5.936128E+3	-5.976900E-4	1.234180E+4	0.000000E+0	0.000000E+0
5.940119E+3	-5.977400E-4	1.234160E+4	0.000000E+0	0.000000E+0
5.944119E+3	-5.977100E-4	1.234160E+4	0.000000E+0	0.000000E+0
5.948094E+3	-5.977500E-4	1.234150E+4	0.000000E+0	0.000000E+0
5.952132E+3	-5.977200E-4	1.234140E+4	0.000000E+0	0.000000E+0
5.956089E+3	-5.977300E-4	1.234130E+4	0.000000E+0	0.000000E+0
5.960129E+3	-5.976900E-4	1.234120E+4	0.000000E+0	0.000000E+0
5.964114E+3	-5.976800E-4	1.234110E+4	0.000000E+0	0.000000E+0
5.968116E+3	-5.977200E-4	1.234100E+4	0.000000E+0	0.000000E+0
5.972115E+3	-5.977300E-4	1.234090E+4	0.000000E+0	0.000000E+0
5.976116E+3	-5.977100E-4	1.234080E+4	0.000000E+0	0.000000E+0
5.980096E+3	-5.977400E-4	1.234080E+4	0.000000E+0	0.000000E+0
5.984131E+3	-5.977500E-4	1.234070E+4	0.000000E+0	0.000000E+0
5.988116E+3	-5.977400E-4	1.234070E+4	0.000000E+0	0.000000E+0
5.992116E+3	-5.977400E-4	1.234060E+4	0.000000E+0	0.000000E+0
5.996091E+3	-5.977500E-4	1.234050E+4	0.000000E+0	0.000000E+0
6.000131E+3	-5.977600E-4	1.234040E+4	0.000000E+0	0.000000E+0
6.004115E+3	-5.977300E-4	1.234030E+4	0.000000E+0	0.000000E+0
6.008119E+3	-5.977000E-4	1.234030E+4	0.000000E+0	0.000000E+0
6.012094E+3	-5.977600E-4	1.234020E+4	0.000000E+0	0.000000E+0
6.016136E+3	-5.977300E-4	1.234000E+4	0.000000E+0	0.000000E+0
6.020089E+3	-5.977600E-4	1.234000E+4	0.000000E+0	0.000000E+0
6.024128E+3	-5.977600E-4	1.233990E+4	0.000000E+0	0.000000E+0
6.028113E+3	-5.977400E-4	1.233980E+4	0.000000E+0	0.000000E+0
6.032115E+3	-5.977700E-4	1.233970E+4	0.000000E+0	0.000000E+0
6.036112E+3	-5.977400E-4	1.233960E+4	0.000000E+0	0.000000E+0
6.040115E+3	-5.977100E-4	1.233960E+4	0.000000E+0	0.000000E+0
6.044115E+3	-5.977100E-4	1.233940E+4	0.000000E+0	0.000000E+0
6.048117E+3	-5.977400E-4	1.233930E+4	0.000000E+0	0.000000E+0
6.052093E+3	-5.977300E-4	1.233920E+4	0.000000E+0	0.000000E+0
6.056131E+3	-5.977200E-4	1.233920E+4	0.000000E+0	0.000000E+0
6.060114E+3	-5.977500E-4	1.233920E+4	0.000000E+0	0.000000E+0
6.064093E+3	-5.977200E-4	1.233910E+4	0.000000E+0	0.000000E+0
6.068129E+3	-5.977400E-4	1.233900E+4	0.000000E+0	0.000000E+0
6.072087E+3	-5.977500E-4	1.233890E+4	0.000000E+0	0.000000E+0
6.076131E+3	-5.977600E-4	1.233890E+4	0.000000E+0	0.000000E+0
6.080096E+3	-5.977400E-4	1.233880E+4	0.000000E+0	0.000000E+0
6.084112E+3	-5.977200E-4	1.233860E+4	0.000000E+0	0.000000E+0
6.088111E+3	-5.977200E-4	1.233850E+4	0.000000E+0	0.000000E+0
6.092115E+3	-5.977200E-4	1.233840E+4	0.000000E+0	0.000000E+0
6.096116E+3	-5.976800E-4	1.233830E+4	0.000000E+0	0.000000E+0
6.100116E+3	-5.976700E-4	1.233820E+4	0.000000E+0	0.000000E+0
6.104115E+3	-5.976600E-4	1.233820E+4	0.000000E+0	0.000000E+0
6.108116E+3	-5.976200E-4	1.233800E+4	0.000000E+0	0.000000E+0
6.112096E+3	-5.976400E-4	1.233800E+4	0.000000E+0	0.000000E+0
6.116132E+3	-5.976600E-4	1.233790E+4	0.000000E+0	0.000000E+0
6.120091E+3	-5.976700E-4	1.233780E+4	0.000000E+0	0.000000E+0
6.124138E+3	-5.976500E-4	1.233780E+4	0.000000E+0	0.000000E+0
6.128117E+3	-5.976200E-4	1.233770E+4	0.000000E+0	0.000000E+0
6.132094E+3	-5.976700E-4	1.233760E+4	0.000000E+0	0.000000E+0
6.136126E+3	-5.976800E-4	1.233750E+4	0.000000E+0	0.000000E+0
6.140113E+3	-5.976800E-4	1.233750E+4	0.000000E+0	0.000000E+0
6.144122E+3	-5.976700E-4	1.233730E+4	0.000000E+0	0.000000E+0
6.148095E+3	-5.976700E-4	1.233720E+4	0.000000E+0	0.000000E+0
6.152128E+3	-5.976700E-4	1.233710E+4	0.000000E+0	0.000000E+0
6.156115E+3	-5.976900E-4	1.233700E+4	0.000000E+0	0.000000E+0
6.160117E+3	-5.977000E-4	1.233700E+4	0.000000E+0	0.000000E+0
6.164098E+3	-5.977200E-4	1.233690E+4	0.000000E+0	0.000000E+0
6.168112E+3	-5.977100E-4	1.233680E+4	0.000000E+0	0.000000E+0
6.172118E+3	-5.977400E-4	1.233660E+4	0.000000E+0	0.000000E+0
6.176095E+3	-5.977400E-4	1.233660E+4	0.000000E+0	0.000000E+0
6.180132E+3	-5.977200E-4	1.233640E+4	0.000000E+0	0.000000E+0
6.184118E+3	-5.977400E-4	1.233630E+4	0.000000E+0	0.000000E+0
6.188090E+3	-5.977500E-4	1.233630E+4	0.000000E+0	0.000000E+0
6.192130E+3	-5.977100E-4	1.233620E+4	0.000000E+0	0.000000E+0
6.196114E+3	-5.977500E-4	1.233610E+4	0.000000E+0	0.000000E+0
6.200114E+3	-5.977500E-4	1.233610E+4	0.000000E+0	0.000000E+0
6.204115E+3	-5.976700E-4	1.233600E+4	0.000000E+0	0.000000E+0
6.208094E+3	-5.977000E-4	1.233580E+4	0.000000E+0	0.000000E+0
6.212133E+3	-5.977000E-4	1.233580E+4	0.000000E+0	0.000000E+0
6.216115E+3	-5.977000E-4	1.233570E+4	0.000000E+0	0.000000E+0
6.220089E+3	-5.976900E-4	1.233560E+4	0.000000E+0	0.000000E+0
6.224128E+3	-5.976800E-4	1.233550E+4	0.000000E+0	0.000000E+0
6.228113E+3	-5.977000E-4	1.233550E+4	0.000000E+0	0.000000E+0
6.232111E+3	-5.976800E-4	1.233540E+4	0.000000E+0	0.000000E+0
6.236113E+3	-5.976700E-4	1.233530E+4	0.000000E+0	0.000000E+0
6.240115E+3	-5.976800E-4	1.233520E+4	0.000000E+0	0.000000E+0
6.244114E+3	-5.976800E-4	1.233510E+4	0.000000E+0	0.000000E+0
6.248114E+3	-5.977100E-4	1.233500E+4	0.000000E+0	0.000000E+0
6.252115E+3	-5.976800E-4	1.233490E+4	0.000000E+0	0.000000E+0
6.256103E+3	-5.977000E-4	1.233490E+4	0.000000E+0	0.000000E+0
6.260131E+3	-5.976900E-4	1.233480E+4	0.000000E+0	0.000000E+0
6.264116E+3	-5.977000E-4	1.233470E+4	0.000000E+0	0.000000E+0
6.268092E+3	-5.976900E-4	1.233460E+4	0.000000E+0	0.000000E+0
6.272131E+3	-5.976600E-4	1.233450E+4	0.000000E+0	0.000000E+0
6.276118E+3	-5.976800E-4	1.233450E+4	0.000000E+0	0.000000E+0
6.280117E+3	-5.976700E-4	1.233430E+4	0.000000E+0	0.000000E+0
6.284116E+3	-5.976900E-4	1.233430E+4	0.000000E+0	0.000000E+0
6.288094E+3	-5.976900E-4	1.233420E+4	0.000000E+0	0.000000E+0
6.292135E+3	-5.976800E-4	1.233410E+4	0.000000E+0	0.000000E+0
6.296088E+3	-5.977000E-4	1.233400E+4	0.000000E+0	0.000000E+0
6.300130E+3	-5.976900E-4	1.233400E+4	0.000000E+0	0.000000E+0
6.304117E+3	-5.976900E-4	1.233390E+4	0.000000E+0	0.000000E+0
6.308115E+3	-5.976900E-4	1.233380E+4	0.000000E+0	0.000000E+0
6.312115E+3	-5.976700E-4	1.233370E+4	0.000000E+0	0.000000E+0
6.316115E+3	-5.976800E-4	1.233360E+4	0.000000E+0	0.000000E+0
6.320118E+3	-5.976800E-4	1.233360E+4	0.000000E+0	0.000000E+0
6.324098E+3	-5.976500E-4	1.233350E+4	0.000000E+0	0.000000E+0
6.328130E+3	-5.976900E-4	1.233340E+4	0.000000E+0	0.000000E+0
6.332092E+3	-5.977000E-4	1.233330E+4	0.000000E+0	0.000000E+0
6.336130E+3	-5.976500E-4	1.233310E+4	0.000000E+0	0.000000E+0
6.340118E+3	-5.976400E-4	1.233310E+4	0.000000E+0	0.000000E+0
6.344115E+3	-5.976500E-4	1.233300E+4	0.000000E+0	0.000000E+0
6.348114E+3	-5.976200E-4	1.233290E+4	0.000000E+0	0.000000E+0
6.352118E+3	-5.976500E-4	1.233280E+4	0.000000E+0	0.000000E+0
6.356092E+3	-5.976400E-4	1.233270E+4	0.000000E+0	0.000000E+0
6.360131E+3	-5.976600E-4	1.233260E+4	0.000000E+0	0.000000E+0
6.364090E+3	-5.976600E-4	1.233260E+4	0.000000E+0	0.000000E+0
6.368130E+3	-5.976800E-4	1.233250E+4	0.000000E+0	0.000000E+0
6.372115E+3	-5.976500E-4	1.233230E+4	0.000000E+0	0.000000E+0
6.376112E+3	-5.976600E-4	1.233210E+4	0.000000E+0	0.000000E+0
6.380112E+3	-5.976700E-4	1.233200E+4	0.000000E+0	0.000000E+0
6.384112E+3	-5.976400E-4	1.233190E+4	0.000000E+0	0.000000E+0
6.388114E+3	-5.976600E-4	1.233180E+4	0.000000E+0	0.000000E+0
6.392115E+3	-5.976800E-4	1.233160E+4	0.000000E+0	0.000000E+0
6.396112E+3	-5.976500E-4	1.233160E+4	0.000000E+0	0.000000E+0
6.400113E+3	-5.976600E-4	1.233150E+4	0.000000E+0	0.000000E+0
6.404115E+3	-5.976200E-4	1.233140E+4	0.000000E+0	0.000000E+0
6.408115E+3	-5.976300E-4	1.233130E+4	0.000000E+0	0.000000E+0
6.412113E+3	-5.976200E-4	1.233120E+4	0.000000E+0	0.000000E+0
6.416113E+3	-5.976600E-4	1.233120E+4	0.000000E+0	0.000000E+0
6.420113E+3	-5.976400E-4	1.233100E+4	0.000000E+0	0.000000E+0
6.424113E+3	-5.976400E-4	1.233100E+4	0.000000E+0	0.000000E+0
6.428114E+3	-5.976400E-4	1.233090E+4	0.000000E+0	0.000000E+0
6.432114E+3	-5.976500E-4	1.233080E+4	0.000000E+0	0.000000E+0
6.436114E+3	-5.976100E-4	1.233060E+4	0.000000E+0	0.000000E+0
6.440114E+3	-5.976400E-4	1.233050E+4	0.000000E+0	0.000000E+0
6.444113E+3	-5.976400E-4	1.233040E+4	0.000000E+0	0.000000E+0
6.448115E+3	-5.976800E-4	1.233040E+4	0.000000E+0	0.000000E+0
6.452116E+3	-5.976800E-4	1.233020E+4	0.000000E+0	0.000000E+0
6.456093E+3	-5.976600E-4	1.233000E+4	0.000000E+0	0.000000E+0
6.460111E+3	-5.976500E-4	1.232990E+4	0.000000E+0	0.000000E+0
6.464109E+3	-5.976700E-4	1.232980E+4	0.000000E+0	0.000000E+0
6.468115E+3	-5.976800E-4	1.232980E+4	0.000000E+0	0.000000E+0
6.472115E+3	-5.976900E-4	1.232970E+4	0.000000E+0	0.000000E+0
6.476092E+3	-5.976700E-4	1.232960E+4	0.000000E+0	0.000000E+0
6.480125E+3	-5.976900E-4	1.232960E+4	0.000000E+0	0.000000E+0
6.484115E+3	-5.976900E-4	1.232940E+4	0.000000E+0	0.000000E+0
6.488091E+3	-5.976600E-4	1.232930E+4	0.000000E+0	0.000000E+0
6.492130E+3	-5.976600E-4	1.232920E+4	0.000000E+0	0.000000E+0
6.496116E+3	-5.977000E-4	1.232910E+4	0.000000E+0	0.000000E+0
6.500114E+3	-5.977100E-4	1.232900E+4	0.000000E+0	0.000000E+0
6.504119E+3	-5.976800E-4	1.232900E+4	0.000000E+0	0.000000E+0
6.508094E+3	-5.976600E-4	1.232880E+4	0.000000E+0	0.000000E+0
6.512126E+3	-5.976900E-4	1.232870E+4	0.000000E+0	0.000000E+0
6.516115E+3	-5.976600E-4	1.232870E+4	0.000000E+0	0.000000E+0
6.520119E+3	-5.976700E-4	1.232860E+4	0.000000E+0	0.000000E+0
6.524094E+3	-5.976600E-4	1.232850E+4	0.000000E+0	0.000000E+0
6.528126E+3	-5.976600E-4	1.232850E+4	0.000000E+0	0.000000E+0
6.532115E+3	-5.976700E-4	1.232840E+4	0.000000E+0	0.000000E+0
6.536113E+3	-5.976500E-4	1.232820E+4	0.000000E+0	0.000000E+0
6.540116E+3	-5.976200E-4	1.232820E+4	0.000000E+0	0.000000E+0
6.544093E+3	-5.976300E-4	1.232820E+4	0.000000E+0	0.000000E+0
6.548131E+3	-5.976400E-4	1.232810E+4	0.000000E+0	0.000000E+0
6.552115E+3	-5.976500E-4	1.232790E+4	0.000000E+0	0.000000E+0
6.556096E+3	-5.976300E-4	1.232780E+4	0.000000E+0	0.000000E+0
6.560116E+3	-5.976000E-4	1.232770E+4	0.000000E+0	0.000000E+0
6.564090E+3	-5.976300E-4	1.232770E+4	0.000000E+0	0.000000E+0
6.568128E+3	-5.976100E-4	1.232760E+4	0.000000E+0	0.000000E+0
6.572115E+3	-5.976100E-4	1.232740E+4	0.000000E+0	0.000000E+0
6.576114E+3	-5.976400E-4	1.232730E+4	0.000000E+0	0.000000E+0
6.580114E+3	-5.975900E-4	1.232730E+4	0.000000E+0	0.000000E+0
6.584112E+3	-5.976100E-4	1.232720E+4	0.000000E+0	0.000000E+0
6.588113E+3	-5.976200E-4	1.232710E+4	0.000000E+0	0.000000E+0
6.592110E+3	-5.976100E-4	1.232690E+4	0.000000E+0	0.000000E+0
6.596112E+3	-5.976200E-4	1.232690E+4	0.000000E+0	0.000000E+0
6.600115E+3	-5.976300E-4	1.232680E+4	0.000000E+0	0.000000E+0
6.604115E+3	-5.976300E-4	1.232670E+4	0.000000E+0	0.000000E+0
6.608113E+3	-5.976300E-4	1.232650E+4	0.000000E+0	0.000000E+0
6.612115E+3	-5.976400E-4	1.232650E+4	0.000000E+0	0.000000E+0
6.616112E+3	-5.976300E-4	1.232630E+4	0.000000E+0	0.000000E+0
6.620113E+3	-5.976300E-4	1.232620E+4	0.000000E+0	0.000000E+0
6.624111E+3	-5.975900E-4	1.232620E+4	0.000000E+0	0.000000E+0
6.628113E+3	-5.976100E-4	1.232620E+4	0.000000E+0	0.000000E+0
6.632115E+3	-5.976100E-4	1.232600E+4	0.000000E+0	0.000000E+0
6.636114E+3	-5.975900E-4	1.232590E+4	0.000000E+0	0.000000E+0
6.640097E+3	-5.976000E-4	1.232570E+4	0.000000E+0	0.000000E+0
6.644126E+3	-5.975500E-4	1.232570E+4	0.000000E+0	0.000000E+0
6.648111E+3	-5.975700E-4	1.232570E+4	0.000000E+0	0.000000E+0
6.652116E+3	-5.975900E-4	1.232560E+4	0.000000E+0	0.000000E+0
6.656091E+3	-5.975800E-4	1.232540E+4	0.000000E+0	0.000000E+0
6.660130E+3	-5.976200E-4	1.232540E+4	0.000000E+0	0.000000E+0
6.664112E+3	-5.976300E-4	1.232530E+4	0.000000E+0	0.000000E+0
6.668117E+3	-5.976200E-4	1.232510E+4	0.000000E+0	0.000000E+0
6.672094E+3	-5.976100E-4	1.232500E+4	0.000000E+0	0.000000E+0
6.676127E+3	-5.976000E-4	1.232490E+4	0.000000E+0	0.000000E+0
6.680113E+3	-5.975800E-4	1.232480E+4	0.000000E+0	0.000000E+0
6.684118E+3	-5.975800E-4	1.232470E+4	0.000000E+0	0.000000E+0
6.688095E+3	-5.975900E-4	1.232470E+4	0.000000E+0	0.000000E+0
6.692130E+3	-5.976000E-4	1.232450E+4	0.000000E+0	0.000000E+0
6.696110E+3	-5.976000E-4	1.232440E+4	0.000000E+0	0.000000E+0
6.700116E+3	-5.975800E-4	1.232440E+4	0.000000E+0	0.000000E+0
6.704092E+3	-5.975800E-4	1.232430E+4	0.000000E+0	0.000000E+0
6.708126E+3	-5.976200E-4	1.232420E+4	0.000000E+0	0.000000E+0
6.712113E+3	-5.976200E-4	1.232410E+4	0.000000E+0	0.000000E+0
6.716123E+3	-5.976100E-4	1.232390E+4	0.000000E+0	0.000000E+0
6.720093E+3	-5.976100E-4	1.232380E+4	0.000000E+0	0.000000E+0
6.724131E+3	-5.975900E-4	1.232370E+4	0.000000E+0	0.000000E+0
6.728089E+3	-5.975700E-4	1.232350E+4	0.000000E+0	0.000000E+0
6.732131E+3	-5.976000E-4	1.232360E+4	0.000000E+0	0.000000E+0
6.736099E+3	-5.976400E-4	1.232310E+4	0.000000E+0	0.000000E+0
6.740127E+3	-5.976400E-4	1.232320E+4	0.000000E+0	0.000000E+0
6.744118E+3	-5.976600E-4	1.232310E+4	0.000000E+0	0.000000E+0
6.748088E+3	-5.976500E-4	1.232310E+4	0.000000E+0	0.000000E+0
6.752127E+3	-5.976500E-4	1.232300E+4	0.000000E+0	0.000000E+0
6.756115E+3	-5.976000E-4	1.232300E+4	0.000000E+0	0.000000E+0
6.760114E+3	-5.976000E-4	1.232290E+4	0.000000E+0	0.000000E+0
6.764117E+3	-5.976000E-4	1.232280E+4	0.000000E+0	0.000000E+0
6.768115E+3	-5.975800E-4	1.232270E+4	0.000000E+0	0.000000E+0
6.772113E+3	-5.975700E-4	1.232270E+4	0.000000E+0	0.000000E+0
6.776115E+3	-5.975800E-4	1.232250E+4	0.000000E+0	0.000000E+0
6.780114E+3	-5.975700E-4	1.232250E+4	0.000000E+0	0.000000E+0
6.784115E+3	-5.975800E-4	1.232240E+4	0.000000E+0	0.000000E+0
6.788113E+3	-5.975800E-4	1.232220E+4	0.000000E+0	0.000000E+0
6.792115E+3	-5.975700E-4	1.232210E+4	0.000000E+0	0.000000E+0
6.796114E+3	-5.976200E-4	1.232210E+4	0.000000E+0	0.000000E+0
6.800118E+3	-5.976300E-4	1.232200E+4	0.000000E+0	0.000000E+0
6.804092E+3	-5.976200E-4	1.232190E+4	0.000000E+0	0.000000E+0
6.808129E+3	-5.976200E-4	1.232180E+4	0.000000E+0	0.000000E+0
6.812114E+3	-5.976200E-4	1.232160E+4	0.000000E+0	0.000000E+0
6.816089E+3	-5.976300E-4	1.232160E+4	0.000000E+0	0.000000E+0
6.820129E+3	-5.976400E-4	1.232150E+4	0.000000E+0	0.000000E+0
6.824115E+3	-5.976600E-4	1.232140E+4	0.000000E+0	0.000000E+0
6.828118E+3	-5.976500E-4	1.232130E+4	0.000000E+0	0.000000E+0
6.832090E+3	-5.976200E-4	1.232120E+4	0.000000E+0	0.000000E+0
6.836137E+3	-5.976400E-4	1.232110E+4	0.000000E+0	0.000000E+0
6.840091E+3	-5.976600E-4	1.232100E+4	0.000000E+0	0.000000E+0
6.844135E+3	-5.976400E-4	1.232090E+4	0.000000E+0	0.000000E+0
6.848115E+3	-5.976500E-4	1.232080E+4	0.000000E+0	0.000000E+0
6.852114E+3	-5.976500E-4	1.232080E+4	0.000000E+0	0.000000E+0
6.856115E+3	-5.976400E-4	1.232070E+4	0.000000E+0	0.000000E+0
6.860116E+3	-5.976200E-4	1.232060E+4	0.000000E+0	0.000000E+0
6.864115E+3	-5.976100E-4	1.232040E+4	0.000000E+0	0.000000E+0
6.868094E+3	-5.976300E-4	1.232040E+4	0.000000E+0	0.000000E+0
6.872127E+3	-5.976000E-4	1.232030E+4	0.000000E+0	0.000000E+0
6.876115E+3	-5.976100E-4	1.232020E+4	0.000000E+0	0.000000E+0
6.880095E+3	-5.976300E-4	1.232000E+4	0.000000E+0	0.000000E+0
6.884130E+3	-5.976200E-4	1.232000E+4	0.000000E+0	0.000000E+0
6.888117E+3	-5.976300E-4	1.231980E+4	0.000000E+0	0.000000E+0
6.892087E+3	-5.976100E-4	1.231960E+4	0.000000E+0	0.000000E+0
6.896128E+3	-5.976400E-4	1.231950E+4	0.000000E+0	0.000000E+0
6.900115E+3	-5.976600E-4	1.231940E+4	0.000000E+0	0.000000E+0
6.904115E+3	-5.976200E-4	1.231910E+4	0.000000E+0	0.000000E+0
6.908117E+3	-5.976600E-4	1.231910E+4	0.000000E+0	0.000000E+0
6.912095E+3	-5.976700E-4	1.231910E+4	0.000000E+0	0.000000E+0
6.916134E+3	-5.976700E-4	1.231890E+4	0.000000E+0	0.000000E+0
6.920116E+3	-5.976400E-4	1.231900E+4	0.000000E+0	0.000000E+0
6.924089E+3	-5.976500E-4	1.231870E+4	0.000000E+0	0.000000E+0
6.928126E+3	-5.976600E-4	1.231860E+4	0.000000E+0	0.000000E+0
6.932116E+3	-5.976700E-4	1.231860E+4	0.000000E+0	0.000000E+0
6.936091E+3	-5.976400E-4	1.231850E+4	0.000000E+0	0.000000E+0
6.940132E+3	-5.976500E-4	1.231840E+4	0.000000E+0	0.000000E+0
6.944093E+3	-5.976500E-4	1.231830E+4	0.000000E+0	0.000000E+0
6.948131E+3	-5.976300E-4	1.231810E+4	0.000000E+0	0.000000E+0
6.952092E+3	-5.976400E-4	1.231800E+4	0.000000E+0	0.000000E+0
6.956129E+3	-5.976600E-4	1.231800E+4	0.000000E+0	0.000000E+0
6.960119E+3	-5.976700E-4	1.231790E+4	0.000000E+0	0.000000E+0
6.964094E+3	-5.975700E-4	1.231770E+4	0.000000E+0	0.000000E+0
6.968112E+3	-5.976100E-4	1.231760E+4	0.000000E+0	0.000000E+0
6.972112E+3	-5.976200E-4	1.231760E+4	0.000000E+0	0.000000E+0
6.976112E+3	-5.975800E-4	1.231740E+4	0.000000E+0	0.000000E+0
6.980115E+3	-5.975800E-4	1.231730E+4	0.000000E+0	0.000000E+0
6.984113E+3	-5.976000E-4	1.231720E+4	0.000000E+0	0.000000E+0
6.988115E+3	-5.975600E-4	1.231720E+4	0.000000E+0	0.000000E+0
6.992115E+3	-5.975900E-4	1.231700E+4	0.000000E+0	0.000000E+0
6.996117E+3	-5.975800E-4	1.231700E+4	0.000000E+0	0.000000E+0
7.000093E+3	-5.976000E-4	1.231690E+4	0.000000E+0	0.000000E+0
7.004126E+3	-5.975800E-4	1.231680E+4	0.000000E+0	0.000000E+0
7.008116E+3	-5.976100E-4	1.231670E+4	0.000000E+0	0.000000E+0
7.012092E+3	-5.975700E-4	1.231660E+4	0.000000E+0	0.000000E+0
7.016128E+3	-5.975900E-4	1.231660E+4	0.000000E+0	0.000000E+0
7.020116E+3	-5.976100E-4	1.231650E+4	0.000000E+0	0.000000E+0
7.024120E+3	-5.976000E-4	1.231620E+4	0.000000E+0	0.000000E+0
7.028091E+3	-5.976100E-4	1.231620E+4	0.000000E+0	0.000000E+0
7.032129E+3	-5.975900E-4	1.231610E+4	0.000000E+0	0.000000E+0
7.036116E+3	-5.976300E-4	1.231600E+4	0.000000E+0	0.000000E+0
7.040090E+3	-5.976400E-4	1.231580E+4	0.000000E+0	0.000000E+0
7.044130E+3	-5.975900E-4	1.231580E+4	0.000000E+0	0.000000E+0
7.048112E+3	-5.976200E-4	1.231560E+4	0.000000E+0	0.000000E+0
7.052112E+3	-5.976400E-4	1.231550E+4	0.000000E+0	0.000000E+0
7.056116E+3	-5.976200E-4	1.231540E+4	0.000000E+0	0.000000E+0
7.060117E+3	-5.976200E-4	1.231530E+4	0.000000E+0	0.000000E+0
7.064091E+3	-5.975200E-4	1.231520E+4	0.000000E+0	0.000000E+0
7.068127E+3	-5.976400E-4	1.231510E+4	0.000000E+0	0.000000E+0
7.072115E+3	-5.976300E-4	1.231500E+4	0.000000E+0	0.000000E+0
7.076089E+3	-5.976300E-4	1.231500E+4	0.000000E+0	0.000000E+0
7.080125E+3	-5.976300E-4	1.231490E+4	0.000000E+0	0.000000E+0
7.084115E+3	-5.976500E-4	1.231480E+4	0.000000E+0	0.000000E+0
7.088115E+3	-5.976300E-4	1.231460E+4	0.000000E+0	0.000000E+0
7.092115E+3	-5.976300E-4	1.231460E+4	0.000000E+0	0.000000E+0
7.096111E+3	-5.976100E-4	1.231440E+4	0.000000E+0	0.000000E+0
7.100114E+3	-5.976100E-4	1.231430E+4	0.000000E+0	0.000000E+0
7.104115E+3	-5.975900E-4	1.231420E+4	0.000000E+0	0.000000E+0
7.108116E+3	-5.976200E-4	1.231410E+4	0.000000E+0	0.000000E+0
7.112096E+3	-5.976200E-4	1.231400E+4	0.000000E+0	0.000000E+0
7.116124E+3	-5.976200E-4	1.231390E+4	0.000000E+0	0.000000E+0
7.120112E+3	-5.976300E-4	1.231370E+4	0.000000E+0	0.000000E+0
7.124116E+3	-5.976000E-4	1.231370E+4	0.000000E+0	0.000000E+0
7.128096E+3	-5.976000E-4	1.231360E+4	0.000000E+0	0.000000E+0
7.132132E+3	-5.976400E-4	1.231350E+4	0.000000E+0	0.000000E+0
7.136095E+3	-5.976300E-4	1.231340E+4	0.000000E+0	0.000000E+0
7.140138E+3	-5.976200E-4	1.231340E+4	0.000000E+0	0.000000E+0
7.144098E+3	-5.976200E-4	1.231330E+4	0.000000E+0	0.000000E+0
7.148129E+3	-5.976200E-4	1.231310E+4	0.000000E+0	0.000000E+0
7.152116E+3	-5.975500E-4	1.231300E+4	0.000000E+0	0.000000E+0
7.156117E+3	-5.975700E-4	1.231290E+4	0.000000E+0	0.000000E+0
7.160120E+3	-5.975100E-4	1.231280E+4	0.000000E+0	0.000000E+0
7.164094E+3	-5.975000E-4	1.231280E+4	0.000000E+0	0.000000E+0
7.168130E+3	-5.974700E-4	1.231270E+4	0.000000E+0	0.000000E+0
7.172115E+3	-5.975800E-4	1.231260E+4	0.000000E+0	0.000000E+0
7.176116E+3	-5.975400E-4	1.231250E+4	0.000000E+0	0.000000E+0
7.180095E+3	-5.976500E-4	1.231230E+4	0.000000E+0	0.000000E+0
7.184125E+3	-5.975500E-4	1.231220E+4	0.000000E+0	0.000000E+0
7.188111E+3	-5.975800E-4	1.231210E+4	0.000000E+0	0.000000E+0
7.192114E+3	-5.975900E-4	1.231190E+4	0.000000E+0	0.000000E+0
7.196115E+3	-5.975800E-4	1.231170E+4	0.000000E+0	0.000000E+0
7.200114E+3	-5.975800E-4	1.231160E+4	0.000000E+0	0.000000E+0
7.204113E+3	-5.976300E-4	1.231150E+4	0.000000E+0	0.000000E+0
