
Medición hecha el 2026-06-17  10:14 p.m.

Medición de corriente y tensión en el tiempo con posibilidad de inyectar corriente.
Tiempo	Corriente	Tensión
8.309500E+1	-1.504100E-4	1.212770E+4	0.000000E+0	0.000000E+0
8.714100E+1	-1.504000E-4	1.212760E+4	0.000000E+0	0.000000E+0
9.110100E+1	-1.504100E-4	1.212750E+4	0.000000E+0	0.000000E+0
9.511600E+1	-1.504000E-4	1.212740E+4	0.000000E+0	0.000000E+0
9.911900E+1	-1.504100E-4	1.212720E+4	0.000000E+0	0.000000E+0
1.030900E+2	-1.504300E-4	1.212700E+4	0.000000E+0	0.000000E+0
1.071290E+2	-1.504200E-4	1.212690E+4	0.000000E+0	0.000000E+0
1.111170E+2	-1.504100E-4	1.212680E+4	0.000000E+0	0.000000E+0
1.151160E+2	-1.503800E-4	1.212670E+4	0.000000E+0	0.000000E+0
1.191200E+2	-1.503900E-4	1.212660E+4	0.000000E+0	0.000000E+0
1.230970E+2	-1.503800E-4	1.212640E+4	0.000000E+0	0.000000E+0
1.271360E+2	-1.503700E-4	1.212620E+4	0.000000E+0	0.000000E+0
1.310920E+2	-1.503700E-4	1.212600E+4	0.000000E+0	0.000000E+0
1.351390E+2	-1.504100E-4	1.212580E+4	0.000000E+0	0.000000E+0
1.390990E+2	-1.504100E-4	1.212570E+4	0.000000E+0	0.000000E+0
1.431310E+2	-1.503500E-4	1.212550E+4	0.000000E+0	0.000000E+0
1.471210E+2	-1.503700E-4	1.212530E+4	0.000000E+0	0.000000E+0
1.510920E+2	-1.503800E-4	1.212510E+4	0.000000E+0	0.000000E+0
1.551290E+2	-1.504000E-4	1.212490E+4	0.000000E+0	0.000000E+0
1.591200E+2	-1.503700E-4	1.212480E+4	0.000000E+0	0.000000E+0
1.630950E+2	-1.503800E-4	1.212460E+4	0.000000E+0	0.000000E+0
1.671240E+2	-1.504300E-4	1.212450E+4	0.000000E+0	0.000000E+0
1.711210E+2	-1.503700E-4	1.212430E+4	0.000000E+0	0.000000E+0
1.751010E+2	-1.503700E-4	1.212420E+4	0.000000E+0	0.000000E+0
1.791340E+2	-1.503900E-4	1.212400E+4	0.000000E+0	0.000000E+0
1.830920E+2	-1.503600E-4	1.212380E+4	0.000000E+0	0.000000E+0
1.871370E+2	-1.503600E-4	1.212370E+4	0.000000E+0	0.000000E+0
1.911010E+2	-1.503800E-4	1.212340E+4	0.000000E+0	0.000000E+0
1.951330E+2	-1.503600E-4	1.212330E+4	0.000000E+0	0.000000E+0
1.990910E+2	-1.503600E-4	1.212300E+4	0.000000E+0	0.000000E+0
2.031370E+2	-1.503800E-4	1.212280E+4	0.000000E+0	0.000000E+0
2.070970E+2	-1.503800E-4	1.212270E+4	0.000000E+0	0.000000E+0
2.111350E+2	-1.503800E-4	1.212250E+4	0.000000E+0	0.000000E+0
2.150890E+2	-1.503700E-4	1.212230E+4	0.000000E+0	0.000000E+0
2.191330E+2	-1.503500E-4	1.212210E+4	0.000000E+0	0.000000E+0
2.231170E+2	-1.503600E-4	1.212190E+4	0.000000E+0	0.000000E+0
2.271180E+2	-1.503700E-4	1.212180E+4	0.000000E+0	0.000000E+0
2.310940E+2	-1.503500E-4	1.212160E+4	0.000000E+0	0.000000E+0
2.351280E+2	-1.503800E-4	1.212140E+4	0.000000E+0	0.000000E+0
2.391180E+2	-1.503600E-4	1.212120E+4	0.000000E+0	0.000000E+0
2.431200E+2	-1.503400E-4	1.212090E+4	0.000000E+0	0.000000E+0
2.471140E+2	-1.503500E-4	1.212080E+4	0.000000E+0	0.000000E+0
2.511130E+2	-1.503300E-4	1.212060E+4	0.000000E+0	0.000000E+0
2.551140E+2	-1.503200E-4	1.212040E+4	0.000000E+0	0.000000E+0
2.591160E+2	-1.503400E-4	1.212020E+4	0.000000E+0	0.000000E+0
2.631160E+2	-1.503500E-4	1.212000E+4	0.000000E+0	0.000000E+0
2.671160E+2	-1.503300E-4	1.211980E+4	0.000000E+0	0.000000E+0
2.711160E+2	-1.503100E-4	1.211960E+4	0.000000E+0	0.000000E+0
2.751120E+2	-1.503400E-4	1.211950E+4	0.000000E+0	0.000000E+0
2.791160E+2	-1.503600E-4	1.211920E+4	0.000000E+0	0.000000E+0
2.831150E+2	-1.503500E-4	1.211900E+4	0.000000E+0	0.000000E+0
2.871190E+2	-1.503800E-4	1.211900E+4	0.000000E+0	0.000000E+0
2.910940E+2	-1.503700E-4	1.211870E+4	0.000000E+0	0.000000E+0
2.951140E+2	-1.503700E-4	1.211850E+4	0.000000E+0	0.000000E+0
2.991150E+2	-1.503700E-4	1.211830E+4	0.000000E+0	0.000000E+0
3.031190E+2	-1.503400E-4	1.211800E+4	0.000000E+0	0.000000E+0
3.071160E+2	-1.503700E-4	1.211770E+4	0.000000E+0	0.000000E+0
3.111150E+2	-1.503700E-4	1.211750E+4	0.000000E+0	0.000000E+0
3.151120E+2	-1.504200E-4	1.211730E+4	0.000000E+0	0.000000E+0
3.191150E+2	-1.504000E-4	1.211710E+4	0.000000E+0	0.000000E+0
3.231160E+2	-1.503900E-4	1.211690E+4	0.000000E+0	0.000000E+0
3.271150E+2	-1.504200E-4	1.211680E+4	0.000000E+0	0.000000E+0
3.311170E+2	-1.504100E-4	1.211660E+4	0.000000E+0	0.000000E+0
3.350940E+2	-1.504300E-4	1.211640E+4	0.000000E+0	0.000000E+0
3.391310E+2	-1.504000E-4	1.211630E+4	0.000000E+0	0.000000E+0
3.430950E+2	-1.504200E-4	1.211610E+4	0.000000E+0	0.000000E+0
3.471410E+2	-1.504000E-4	1.211590E+4	0.000000E+0	0.000000E+0
3.510980E+2	-1.503800E-4	1.211570E+4	0.000000E+0	0.000000E+0
3.551320E+2	-1.504000E-4	1.211560E+4	0.000000E+0	0.000000E+0
3.590920E+2	-1.504000E-4	1.211540E+4	0.000000E+0	0.000000E+0
3.631380E+2	-1.503700E-4	1.211520E+4	0.000000E+0	0.000000E+0
3.670940E+2	-1.504000E-4	1.211500E+4	0.000000E+0	0.000000E+0
3.711290E+2	-1.503900E-4	1.211480E+4	0.000000E+0	0.000000E+0
3.751190E+2	-1.504000E-4	1.211460E+4	0.000000E+0	0.000000E+0
3.790910E+2	-1.504000E-4	1.211460E+4	0.000000E+0	0.000000E+0
3.831300E+2	-1.503800E-4	1.211430E+4	0.000000E+0	0.000000E+0
3.871190E+2	-1.504400E-4	1.211410E+4	0.000000E+0	0.000000E+0
3.910960E+2	-1.504400E-4	1.211400E+4	0.000000E+0	0.000000E+0
3.951270E+2	-1.504100E-4	1.211380E+4	0.000000E+0	0.000000E+0
3.991160E+2	-1.504300E-4	1.211360E+4	0.000000E+0	0.000000E+0
4.031160E+2	-1.504100E-4	1.211340E+4	0.000000E+0	0.000000E+0
4.071200E+2	-1.504100E-4	1.211330E+4	0.000000E+0	0.000000E+0
4.110910E+2	-1.504000E-4	1.211310E+4	0.000000E+0	0.000000E+0
4.151300E+2	-1.504100E-4	1.211290E+4	0.000000E+0	0.000000E+0
4.191150E+2	-1.504000E-4	1.211280E+4	0.000000E+0	0.000000E+0
4.231160E+2	-1.503600E-4	1.211250E+4	0.000000E+0	0.000000E+0
4.271180E+2	-1.504200E-4	1.211240E+4	0.000000E+0	0.000000E+0
4.311000E+2	-1.504000E-4	1.211220E+4	0.000000E+0	0.000000E+0
4.351330E+2	-1.503900E-4	1.211210E+4	0.000000E+0	0.000000E+0
4.390970E+2	-1.504200E-4	1.211200E+4	0.000000E+0	0.000000E+0
4.431390E+2	-1.504200E-4	1.211190E+4	0.000000E+0	0.000000E+0
4.471020E+2	-1.503800E-4	1.211170E+4	0.000000E+0	0.000000E+0
4.511310E+2	-1.503900E-4	1.211150E+4	0.000000E+0	0.000000E+0
4.550930E+2	-1.503500E-4	1.211130E+4	0.000000E+0	0.000000E+0
4.591310E+2	-1.504000E-4	1.211120E+4	0.000000E+0	0.000000E+0
4.631110E+2	-1.503500E-4	1.211110E+4	0.000000E+0	0.000000E+0
4.671160E+2	-1.503800E-4	1.211090E+4	0.000000E+0	0.000000E+0
4.710960E+2	-1.503900E-4	1.211080E+4	0.000000E+0	0.000000E+0
4.751250E+2	-1.503800E-4	1.211060E+4	0.000000E+0	0.000000E+0
4.791170E+2	-1.503800E-4	1.211050E+4	0.000000E+0	0.000000E+0
4.830980E+2	-1.503800E-4	1.211030E+4	0.000000E+0	0.000000E+0
4.871380E+2	-1.503900E-4	1.211010E+4	0.000000E+0	0.000000E+0
4.910930E+2	-1.503800E-4	1.211000E+4	0.000000E+0	0.000000E+0
4.951330E+2	-1.504000E-4	1.210980E+4	0.000000E+0	0.000000E+0
4.991160E+2	-1.504200E-4	1.210980E+4	0.000000E+0	0.000000E+0
5.031190E+2	-1.504200E-4	1.210960E+4	0.000000E+0	0.000000E+0
5.070890E+2	-1.504100E-4	1.210940E+4	0.000000E+0	0.000000E+0
5.111300E+2	-1.504100E-4	1.210930E+4	0.000000E+0	0.000000E+0
5.151160E+2	-1.503800E-4	1.210920E+4	0.000000E+0	0.000000E+0
5.191160E+2	-1.504000E-4	1.210910E+4	0.000000E+0	0.000000E+0
5.231160E+2	-1.503700E-4	1.210890E+4	0.000000E+0	0.000000E+0
5.270910E+2	-1.503900E-4	1.210870E+4	0.000000E+0	0.000000E+0
5.311310E+2	-1.504200E-4	1.210860E+4	0.000000E+0	0.000000E+0
5.351200E+2	-1.504000E-4	1.210830E+4	0.000000E+0	0.000000E+0
5.390900E+2	-1.504100E-4	1.210820E+4	0.000000E+0	0.000000E+0
5.431280E+2	-1.504100E-4	1.210810E+4	0.000000E+0	0.000000E+0
5.471160E+2	-1.504100E-4	1.210790E+4	0.000000E+0	0.000000E+0
5.511160E+2	-1.503900E-4	1.210780E+4	0.000000E+0	0.000000E+0
5.551190E+2	-1.503900E-4	1.210750E+4	0.000000E+0	0.000000E+0
5.590960E+2	-1.503900E-4	1.210750E+4	0.000000E+0	0.000000E+0
5.631350E+2	-1.503800E-4	1.210730E+4	0.000000E+0	0.000000E+0
5.670940E+2	-1.503900E-4	1.210700E+4	0.000000E+0	0.000000E+0
5.711380E+2	-1.504100E-4	1.210690E+4	0.000000E+0	0.000000E+0
5.751000E+2	-1.504000E-4	1.210680E+4	0.000000E+0	0.000000E+0
5.791350E+2	-1.504000E-4	1.210670E+4	0.000000E+0	0.000000E+0
5.830990E+2	-1.503900E-4	1.210650E+4	0.000000E+0	0.000000E+0
5.871410E+2	-1.504000E-4	1.210630E+4	0.000000E+0	0.000000E+0
5.910970E+2	-1.503700E-4	1.210630E+4	0.000000E+0	0.000000E+0
5.951360E+2	-1.503800E-4	1.210600E+4	0.000000E+0	0.000000E+0
5.990990E+2	-1.504100E-4	1.210580E+4	0.000000E+0	0.000000E+0
6.031390E+2	-1.503900E-4	1.210560E+4	0.000000E+0	0.000000E+0
6.070950E+2	-1.503800E-4	1.210560E+4	0.000000E+0	0.000000E+0
6.111310E+2	-1.503900E-4	1.210540E+4	0.000000E+0	0.000000E+0
6.151160E+2	-1.504300E-4	1.210530E+4	0.000000E+0	0.000000E+0
6.191170E+2	-1.504100E-4	1.210510E+4	0.000000E+0	0.000000E+0
6.231200E+2	-1.504100E-4	1.210510E+4	0.000000E+0	0.000000E+0
6.271180E+2	-1.504300E-4	1.210500E+4	0.000000E+0	0.000000E+0
6.311160E+2	-1.504500E-4	1.210490E+4	0.000000E+0	0.000000E+0
6.351140E+2	-1.504100E-4	1.210470E+4	0.000000E+0	0.000000E+0
6.391170E+2	-1.504300E-4	1.210460E+4	0.000000E+0	0.000000E+0
6.430970E+2	-1.504300E-4	1.210450E+4	0.000000E+0	0.000000E+0
6.471350E+2	-1.503800E-4	1.210440E+4	0.000000E+0	0.000000E+0
6.510960E+2	-1.503900E-4	1.210430E+4	0.000000E+0	0.000000E+0
6.551380E+2	-1.503500E-4	1.210420E+4	0.000000E+0	0.000000E+0
6.591050E+2	-1.503900E-4	1.210410E+4	0.000000E+0	0.000000E+0
6.631350E+2	-1.503900E-4	1.210390E+4	0.000000E+0	0.000000E+0
6.670940E+2	-1.503700E-4	1.210380E+4	0.000000E+0	0.000000E+0
6.711410E+2	-1.504100E-4	1.210370E+4	0.000000E+0	0.000000E+0
6.751010E+2	-1.503900E-4	1.210350E+4	0.000000E+0	0.000000E+0
6.791360E+2	-1.503900E-4	1.210340E+4	0.000000E+0	0.000000E+0
6.830940E+2	-1.503800E-4	1.210340E+4	0.000000E+0	0.000000E+0
6.871380E+2	-1.504100E-4	1.210320E+4	0.000000E+0	0.000000E+0
6.910970E+2	-1.503800E-4	1.210300E+4	0.000000E+0	0.000000E+0
6.951350E+2	-1.503800E-4	1.210280E+4	0.000000E+0	0.000000E+0
6.990920E+2	-1.504100E-4	1.210280E+4	0.000000E+0	0.000000E+0
7.031260E+2	-1.504200E-4	1.210260E+4	0.000000E+0	0.000000E+0
7.071160E+2	-1.504100E-4	1.210250E+4	0.000000E+0	0.000000E+0
7.111170E+2	-1.503900E-4	1.210240E+4	0.000000E+0	0.000000E+0
7.150970E+2	-1.503400E-4	1.210220E+4	0.000000E+0	0.000000E+0
7.191280E+2	-1.503700E-4	1.210210E+4	0.000000E+0	0.000000E+0
7.231130E+2	-1.504100E-4	1.210200E+4	0.000000E+0	0.000000E+0
7.271160E+2	-1.503800E-4	1.210190E+4	0.000000E+0	0.000000E+0
7.311180E+2	-1.504000E-4	1.210190E+4	0.000000E+0	0.000000E+0
7.350900E+2	-1.504000E-4	1.210180E+4	0.000000E+0	0.000000E+0
7.391270E+2	-1.503700E-4	1.210170E+4	0.000000E+0	0.000000E+0
7.431160E+2	-1.503700E-4	1.210140E+4	0.000000E+0	0.000000E+0
7.471160E+2	-1.503900E-4	1.210130E+4	0.000000E+0	0.000000E+0
7.511190E+2	-1.504000E-4	1.210130E+4	0.000000E+0	0.000000E+0
7.550980E+2	-1.503700E-4	1.210120E+4	0.000000E+0	0.000000E+0
7.591300E+2	-1.503800E-4	1.210110E+4	0.000000E+0	0.000000E+0
7.631210E+2	-1.503600E-4	1.210100E+4	0.000000E+0	0.000000E+0
7.670940E+2	-1.503600E-4	1.210080E+4	0.000000E+0	0.000000E+0
7.711280E+2	-1.503700E-4	1.210060E+4	0.000000E+0	0.000000E+0
7.751170E+2	-1.503800E-4	1.210060E+4	0.000000E+0	0.000000E+0
7.791170E+2	-1.503700E-4	1.210050E+4	0.000000E+0	0.000000E+0
7.831130E+2	-1.504100E-4	1.210050E+4	0.000000E+0	0.000000E+0
7.871120E+2	-1.503800E-4	1.210030E+4	0.000000E+0	0.000000E+0
7.911130E+2	-1.503900E-4	1.210030E+4	0.000000E+0	0.000000E+0
7.951150E+2	-1.504000E-4	1.210020E+4	0.000000E+0	0.000000E+0
7.991130E+2	-1.503500E-4	1.210010E+4	0.000000E+0	0.000000E+0
8.031130E+2	-1.503600E-4	1.210000E+4	0.000000E+0	0.000000E+0
8.071140E+2	-1.503700E-4	1.209990E+4	0.000000E+0	0.000000E+0
8.111160E+2	-1.503400E-4	1.209980E+4	0.000000E+0	0.000000E+0
8.151170E+2	-1.503800E-4	1.209970E+4	0.000000E+0	0.000000E+0
8.190930E+2	-1.503800E-4	1.209960E+4	0.000000E+0	0.000000E+0
8.231330E+2	-1.503500E-4	1.209950E+4	0.000000E+0	0.000000E+0
8.271180E+2	-1.503800E-4	1.209940E+4	0.000000E+0	0.000000E+0
8.311160E+2	-1.503700E-4	1.209930E+4	0.000000E+0	0.000000E+0
8.351160E+2	-1.503400E-4	1.209920E+4	0.000000E+0	0.000000E+0
8.391180E+2	-1.503900E-4	1.209910E+4	0.000000E+0	0.000000E+0
8.431190E+2	-1.503700E-4	1.209900E+4	0.000000E+0	0.000000E+0
8.471180E+2	-1.503700E-4	1.209890E+4	0.000000E+0	0.000000E+0
8.511160E+2	-1.503800E-4	1.209880E+4	0.000000E+0	0.000000E+0
8.551150E+2	-1.504100E-4	1.209870E+4	0.000000E+0	0.000000E+0
8.591180E+2	-1.504200E-4	1.209860E+4	0.000000E+0	0.000000E+0
8.630930E+2	-1.503900E-4	1.209850E+4	0.000000E+0	0.000000E+0
8.671330E+2	-1.504200E-4	1.209850E+4	0.000000E+0	0.000000E+0
8.711170E+2	-1.503900E-4	1.209840E+4	0.000000E+0	0.000000E+0
8.750920E+2	-1.503900E-4	1.209820E+4	0.000000E+0	0.000000E+0
8.791300E+2	-1.503900E-4	1.209810E+4	0.000000E+0	0.000000E+0
8.831150E+2	-1.504200E-4	1.209820E+4	0.000000E+0	0.000000E+0
8.871160E+2	-1.503600E-4	1.209800E+4	0.000000E+0	0.000000E+0
8.911180E+2	-1.504000E-4	1.209790E+4	0.000000E+0	0.000000E+0
8.950900E+2	-1.503600E-4	1.209790E+4	0.000000E+0	0.000000E+0
8.991260E+2	-1.504000E-4	1.209780E+4	0.000000E+0	0.000000E+0
9.031160E+2	-1.503900E-4	1.209780E+4	0.000000E+0	0.000000E+0
9.071180E+2	-1.504000E-4	1.209770E+4	0.000000E+0	0.000000E+0
9.111130E+2	-1.503700E-4	1.209760E+4	0.000000E+0	0.000000E+0
9.151160E+2	-1.503700E-4	1.209750E+4	0.000000E+0	0.000000E+0
9.191180E+2	-1.503900E-4	1.209740E+4	0.000000E+0	0.000000E+0
9.231210E+2	-1.503900E-4	1.209740E+4	0.000000E+0	0.000000E+0
9.270880E+2	-1.503700E-4	1.209730E+4	0.000000E+0	0.000000E+0
9.311270E+2	-1.504000E-4	1.209720E+4	0.000000E+0	0.000000E+0
9.351150E+2	-1.503800E-4	1.209720E+4	0.000000E+0	0.000000E+0
9.391160E+2	-1.503500E-4	1.209710E+4	0.000000E+0	0.000000E+0
9.430910E+2	-1.503700E-4	1.209700E+4	0.000000E+0	0.000000E+0
9.471250E+2	-1.503800E-4	1.209700E+4	0.000000E+0	0.000000E+0
9.511160E+2	-1.503900E-4	1.209680E+4	0.000000E+0	0.000000E+0
9.551170E+2	-1.503800E-4	1.209680E+4	0.000000E+0	0.000000E+0
9.591150E+2	-1.503800E-4	1.209670E+4	0.000000E+0	0.000000E+0
9.631130E+2	-1.503700E-4	1.209660E+4	0.000000E+0	0.000000E+0
9.671150E+2	-1.503700E-4	1.209650E+4	0.000000E+0	0.000000E+0
9.711170E+2	-1.503800E-4	1.209640E+4	0.000000E+0	0.000000E+0
9.751150E+2	-1.503900E-4	1.209640E+4	0.000000E+0	0.000000E+0
9.791130E+2	-1.503900E-4	1.209620E+4	0.000000E+0	0.000000E+0
9.831150E+2	-1.504000E-4	1.209620E+4	0.000000E+0	0.000000E+0
9.871150E+2	-1.504100E-4	1.209610E+4	0.000000E+0	0.000000E+0
9.911140E+2	-1.504300E-4	1.209600E+4	0.000000E+0	0.000000E+0
9.951130E+2	-1.504300E-4	1.209590E+4	0.000000E+0	0.000000E+0
9.991170E+2	-1.504400E-4	1.209590E+4	0.000000E+0	0.000000E+0
1.003118E+3	-1.504300E-4	1.209580E+4	0.000000E+0	0.000000E+0
1.007091E+3	-1.504200E-4	1.209570E+4	0.000000E+0	0.000000E+0
1.011129E+3	-1.504100E-4	1.209570E+4	0.000000E+0	0.000000E+0
1.015112E+3	-1.503900E-4	1.209560E+4	0.000000E+0	0.000000E+0
1.019118E+3	-1.503600E-4	1.209540E+4	0.000000E+0	0.000000E+0
1.023093E+3	-1.503700E-4	1.209550E+4	0.000000E+0	0.000000E+0
1.027132E+3	-1.503600E-4	1.209540E+4	0.000000E+0	0.000000E+0
1.031118E+3	-1.503400E-4	1.209530E+4	0.000000E+0	0.000000E+0
1.035115E+3	-1.503700E-4	1.209500E+4	0.000000E+0	0.000000E+0
1.039114E+3	-1.503600E-4	1.209490E+4	0.000000E+0	0.000000E+0
1.043112E+3	-1.503200E-4	1.209490E+4	0.000000E+0	0.000000E+0
1.047115E+3	-1.503500E-4	1.209480E+4	0.000000E+0	0.000000E+0
1.051116E+3	-1.503500E-4	1.209480E+4	0.000000E+0	0.000000E+0
1.055116E+3	-1.503700E-4	1.209460E+4	0.000000E+0	0.000000E+0
1.059115E+3	-1.503300E-4	1.209450E+4	0.000000E+0	0.000000E+0
1.063115E+3	-1.503500E-4	1.209450E+4	0.000000E+0	0.000000E+0
1.067116E+3	-1.503700E-4	1.209440E+4	0.000000E+0	0.000000E+0
1.071119E+3	-1.503200E-4	1.209440E+4	0.000000E+0	0.000000E+0
1.075117E+3	-1.503300E-4	1.209430E+4	0.000000E+0	0.000000E+0
1.079117E+3	-1.503500E-4	1.209430E+4	0.000000E+0	0.000000E+0
1.083117E+3	-1.503400E-4	1.209420E+4	0.000000E+0	0.000000E+0
1.087120E+3	-1.503500E-4	1.209420E+4	0.000000E+0	0.000000E+0
1.091090E+3	-1.503400E-4	1.209410E+4	0.000000E+0	0.000000E+0
1.095131E+3	-1.503500E-4	1.209410E+4	0.000000E+0	0.000000E+0
1.099118E+3	-1.503300E-4	1.209400E+4	0.000000E+0	0.000000E+0
1.103116E+3	-1.503400E-4	1.209400E+4	0.000000E+0	0.000000E+0
1.107116E+3	-1.503300E-4	1.209390E+4	0.000000E+0	0.000000E+0
1.111098E+3	-1.503300E-4	1.209380E+4	0.000000E+0	0.000000E+0
1.115131E+3	-1.503400E-4	1.209390E+4	0.000000E+0	0.000000E+0
1.119116E+3	-1.503200E-4	1.209380E+4	0.000000E+0	0.000000E+0
1.123090E+3	-1.503200E-4	1.209380E+4	0.000000E+0	0.000000E+0
1.127126E+3	-1.503300E-4	1.209370E+4	0.000000E+0	0.000000E+0
1.131117E+3	-1.503300E-4	1.209360E+4	0.000000E+0	0.000000E+0
1.135119E+3	-1.503400E-4	1.209360E+4	0.000000E+0	0.000000E+0
1.139112E+3	-1.503400E-4	1.209350E+4	0.000000E+0	0.000000E+0
1.143113E+3	-1.503100E-4	1.209340E+4	0.000000E+0	0.000000E+0
1.147115E+3	-1.503200E-4	1.209340E+4	0.000000E+0	0.000000E+0
1.151114E+3	-1.503500E-4	1.209340E+4	0.000000E+0	0.000000E+0
1.155113E+3	-1.503100E-4	1.209330E+4	0.000000E+0	0.000000E+0
1.159120E+3	-1.503300E-4	1.209320E+4	0.000000E+0	0.000000E+0
1.163094E+3	-1.503400E-4	1.209330E+4	0.000000E+0	0.000000E+0
1.167133E+3	-1.503200E-4	1.209320E+4	0.000000E+0	0.000000E+0
1.171094E+3	-1.503200E-4	1.209310E+4	0.000000E+0	0.000000E+0
1.175128E+3	-1.503400E-4	1.209310E+4	0.000000E+0	0.000000E+0
1.179118E+3	-1.503200E-4	1.209300E+4	0.000000E+0	0.000000E+0
1.183115E+3	-1.503200E-4	1.209290E+4	0.000000E+0	0.000000E+0
1.187114E+3	-1.503000E-4	1.209290E+4	0.000000E+0	0.000000E+0
1.191113E+3	-1.503200E-4	1.209290E+4	0.000000E+0	0.000000E+0
1.195114E+3	-1.503600E-4	1.209290E+4	0.000000E+0	0.000000E+0
1.199113E+3	-1.503300E-4	1.209280E+4	0.000000E+0	0.000000E+0
1.203112E+3	-1.503500E-4	1.209270E+4	0.000000E+0	0.000000E+0
1.207119E+3	-1.503300E-4	1.209270E+4	0.000000E+0	0.000000E+0
1.211098E+3	-1.503300E-4	1.209270E+4	0.000000E+0	0.000000E+0
1.215138E+3	-1.503500E-4	1.209260E+4	0.000000E+0	0.000000E+0
1.219091E+3	-1.503200E-4	1.209270E+4	0.000000E+0	0.000000E+0
1.223134E+3	-1.503300E-4	1.209250E+4	0.000000E+0	0.000000E+0
1.227098E+3	-1.503200E-4	1.209260E+4	0.000000E+0	0.000000E+0
1.231141E+3	-1.503200E-4	1.209250E+4	0.000000E+0	0.000000E+0
1.235094E+3	-1.503000E-4	1.209250E+4	0.000000E+0	0.000000E+0
1.239128E+3	-1.503400E-4	1.209240E+4	0.000000E+0	0.000000E+0
1.243120E+3	-1.503400E-4	1.209230E+4	0.000000E+0	0.000000E+0
1.247094E+3	-1.503500E-4	1.209240E+4	0.000000E+0	0.000000E+0
1.251127E+3	-1.503400E-4	1.209230E+4	0.000000E+0	0.000000E+0
1.255116E+3	-1.503400E-4	1.209220E+4	0.000000E+0	0.000000E+0
1.259117E+3	-1.503400E-4	1.209230E+4	0.000000E+0	0.000000E+0
1.263126E+3	-1.503300E-4	1.209230E+4	0.000000E+0	0.000000E+0
1.267093E+3	-1.503300E-4	1.209210E+4	0.000000E+0	0.000000E+0
1.271133E+3	-1.503700E-4	1.209210E+4	0.000000E+0	0.000000E+0
1.275117E+3	-1.503600E-4	1.209200E+4	0.000000E+0	0.000000E+0
1.279095E+3	-1.503500E-4	1.209210E+4	0.000000E+0	0.000000E+0
1.283114E+3	-1.503200E-4	1.209210E+4	0.000000E+0	0.000000E+0
1.287113E+3	-1.503600E-4	1.209210E+4	0.000000E+0	0.000000E+0
1.291113E+3	-1.503200E-4	1.209200E+4	0.000000E+0	0.000000E+0
1.295121E+3	-1.503500E-4	1.209200E+4	0.000000E+0	0.000000E+0
1.299092E+3	-1.503000E-4	1.209200E+4	0.000000E+0	0.000000E+0
1.303133E+3	-1.503600E-4	1.209200E+4	0.000000E+0	0.000000E+0
1.307118E+3	-1.503200E-4	1.209200E+4	0.000000E+0	0.000000E+0
1.311094E+3	-1.503600E-4	1.209180E+4	0.000000E+0	0.000000E+0
1.315129E+3	-1.503400E-4	1.209190E+4	0.000000E+0	0.000000E+0
1.319115E+3	-1.503400E-4	1.209180E+4	0.000000E+0	0.000000E+0
1.323108E+3	-1.503300E-4	1.209180E+4	0.000000E+0	0.000000E+0
1.327112E+3	-1.503500E-4	1.209180E+4	0.000000E+0	0.000000E+0
1.331114E+3	-1.503300E-4	1.209180E+4	0.000000E+0	0.000000E+0
1.335116E+3	-1.503500E-4	1.209180E+4	0.000000E+0	0.000000E+0
1.339115E+3	-1.503300E-4	1.209170E+4	0.000000E+0	0.000000E+0
1.343115E+3	-1.503400E-4	1.209170E+4	0.000000E+0	0.000000E+0
1.347117E+3	-1.503300E-4	1.209170E+4	0.000000E+0	0.000000E+0
1.351119E+3	-1.503600E-4	1.209170E+4	0.000000E+0	0.000000E+0
1.355116E+3	-1.503500E-4	1.209160E+4	0.000000E+0	0.000000E+0
1.359116E+3	-1.503200E-4	1.209170E+4	0.000000E+0	0.000000E+0
1.363118E+3	-1.503500E-4	1.209160E+4	0.000000E+0	0.000000E+0
1.367089E+3	-1.503200E-4	1.209170E+4	0.000000E+0	0.000000E+0
1.371128E+3	-1.503400E-4	1.209160E+4	0.000000E+0	0.000000E+0
1.375121E+3	-1.503300E-4	1.209160E+4	0.000000E+0	0.000000E+0
1.379095E+3	-1.503300E-4	1.209150E+4	0.000000E+0	0.000000E+0
1.383129E+3	-1.503300E-4	1.209150E+4	0.000000E+0	0.000000E+0
1.387090E+3	-1.503200E-4	1.209150E+4	0.000000E+0	0.000000E+0
1.391136E+3	-1.503600E-4	1.209150E+4	0.000000E+0	0.000000E+0
1.395100E+3	-1.503200E-4	1.209150E+4	0.000000E+0	0.000000E+0
1.399116E+3	-1.503300E-4	1.209150E+4	0.000000E+0	0.000000E+0
1.403118E+3	-1.503500E-4	1.209150E+4	0.000000E+0	0.000000E+0
1.407102E+3	-1.503600E-4	1.209140E+4	0.000000E+0	0.000000E+0
1.411116E+3	-1.503600E-4	1.209140E+4	0.000000E+0	0.000000E+0
1.415117E+3	-1.503700E-4	1.209140E+4	0.000000E+0	0.000000E+0
1.419094E+3	-1.503300E-4	1.209140E+4	0.000000E+0	0.000000E+0
1.423132E+3	-1.503200E-4	1.209130E+4	0.000000E+0	0.000000E+0
1.427093E+3	-1.503300E-4	1.209140E+4	0.000000E+0	0.000000E+0
1.431139E+3	-1.503300E-4	1.209140E+4	0.000000E+0	0.000000E+0
1.435102E+3	-1.503100E-4	1.209130E+4	0.000000E+0	0.000000E+0
1.439112E+3	-1.503100E-4	1.209140E+4	0.000000E+0	0.000000E+0
1.443117E+3	-1.503500E-4	1.209140E+4	0.000000E+0	0.000000E+0
1.447091E+3	-1.503400E-4	1.209130E+4	0.000000E+0	0.000000E+0
1.451133E+3	-1.503700E-4	1.209130E+4	0.000000E+0	0.000000E+0
1.455118E+3	-1.503400E-4	1.209140E+4	0.000000E+0	0.000000E+0
1.459115E+3	-1.503400E-4	1.209130E+4	0.000000E+0	0.000000E+0
1.463114E+3	-1.503400E-4	1.209130E+4	0.000000E+0	0.000000E+0
1.467114E+3	-1.503600E-4	1.209130E+4	0.000000E+0	0.000000E+0
1.471114E+3	-1.503700E-4	1.209120E+4	0.000000E+0	0.000000E+0
1.475115E+3	-1.503200E-4	1.209130E+4	0.000000E+0	0.000000E+0
1.479118E+3	-1.503500E-4	1.209130E+4	0.000000E+0	0.000000E+0
1.483116E+3	-1.503400E-4	1.209110E+4	0.000000E+0	0.000000E+0
1.487116E+3	-1.503500E-4	1.209120E+4	0.000000E+0	0.000000E+0
1.491110E+3	-1.503900E-4	1.209110E+4	0.000000E+0	0.000000E+0
1.495112E+3	-1.503600E-4	1.209120E+4	0.000000E+0	0.000000E+0
1.499116E+3	-1.503400E-4	1.209110E+4	0.000000E+0	0.000000E+0
1.503116E+3	-1.503500E-4	1.209130E+4	0.000000E+0	0.000000E+0
1.507116E+3	-1.503400E-4	1.209120E+4	0.000000E+0	0.000000E+0
1.511118E+3	-1.503600E-4	1.209110E+4	0.000000E+0	0.000000E+0
1.515094E+3	-1.503600E-4	1.209120E+4	0.000000E+0	0.000000E+0
1.519132E+3	-1.503700E-4	1.209120E+4	0.000000E+0	0.000000E+0
1.523119E+3	-1.503700E-4	1.209120E+4	0.000000E+0	0.000000E+0
1.527093E+3	-1.504000E-4	1.209120E+4	0.000000E+0	0.000000E+0
1.531130E+3	-1.503800E-4	1.209120E+4	0.000000E+0	0.000000E+0
1.535116E+3	-1.504000E-4	1.209110E+4	0.000000E+0	0.000000E+0
1.539119E+3	-1.503900E-4	1.209120E+4	0.000000E+0	0.000000E+0
1.543090E+3	-1.504000E-4	1.209120E+4	0.000000E+0	0.000000E+0
1.547126E+3	-1.504300E-4	1.209120E+4	0.000000E+0	0.000000E+0
1.551115E+3	-1.504300E-4	1.209130E+4	0.000000E+0	0.000000E+0
1.555120E+3	-1.504200E-4	1.209130E+4	0.000000E+0	0.000000E+0
1.559091E+3	-1.504200E-4	1.209130E+4	0.000000E+0	0.000000E+0
1.563131E+3	-1.504200E-4	1.209130E+4	0.000000E+0	0.000000E+0
1.567116E+3	-1.504400E-4	1.209130E+4	0.000000E+0	0.000000E+0
1.571117E+3	-1.504100E-4	1.209130E+4	0.000000E+0	0.000000E+0
1.575118E+3	-1.504200E-4	1.209130E+4	0.000000E+0	0.000000E+0
1.579095E+3	-1.504200E-4	1.209130E+4	0.000000E+0	0.000000E+0
1.583131E+3	-1.504300E-4	1.209130E+4	0.000000E+0	0.000000E+0
1.587121E+3	-1.504300E-4	1.209130E+4	0.000000E+0	0.000000E+0
1.591095E+3	-1.504100E-4	1.209130E+4	0.000000E+0	0.000000E+0
1.595130E+3	-1.504100E-4	1.209130E+4	0.000000E+0	0.000000E+0
1.599118E+3	-1.504300E-4	1.209130E+4	0.000000E+0	0.000000E+0
1.603114E+3	-1.503900E-4	1.209140E+4	0.000000E+0	0.000000E+0
1.607115E+3	-1.503500E-4	1.209140E+4	0.000000E+0	0.000000E+0
1.611114E+3	-1.503800E-4	1.209140E+4	0.000000E+0	0.000000E+0
1.615117E+3	-1.503700E-4	1.209130E+4	0.000000E+0	0.000000E+0
1.619123E+3	-1.503700E-4	1.209130E+4	0.000000E+0	0.000000E+0
1.623095E+3	-1.504000E-4	1.209130E+4	0.000000E+0	0.000000E+0
1.627124E+3	-1.504100E-4	1.209130E+4	0.000000E+0	0.000000E+0
1.631117E+3	-1.503800E-4	1.209130E+4	0.000000E+0	0.000000E+0
1.635119E+3	-1.503700E-4	1.209140E+4	0.000000E+0	0.000000E+0
1.639116E+3	-1.503700E-4	1.209140E+4	0.000000E+0	0.000000E+0
1.643117E+3	-1.504000E-4	1.209140E+4	0.000000E+0	0.000000E+0
1.647095E+3	-1.503700E-4	1.209130E+4	0.000000E+0	0.000000E+0
1.651132E+3	-1.503600E-4	1.209140E+4	0.000000E+0	0.000000E+0
1.655123E+3	-1.503500E-4	1.209140E+4	0.000000E+0	0.000000E+0
1.659093E+3	-1.503300E-4	1.209140E+4	0.000000E+0	0.000000E+0
1.663129E+3	-1.503600E-4	1.209140E+4	0.000000E+0	0.000000E+0
1.667118E+3	-1.503000E-4	1.209140E+4	0.000000E+0	0.000000E+0
1.671117E+3	-1.503200E-4	1.209150E+4	0.000000E+0	0.000000E+0
1.675089E+3	-1.503300E-4	1.209140E+4	0.000000E+0	0.000000E+0
1.679131E+3	-1.503300E-4	1.209150E+4	0.000000E+0	0.000000E+0
1.683114E+3	-1.503200E-4	1.209140E+4	0.000000E+0	0.000000E+0
1.687115E+3	-1.502800E-4	1.209140E+4	0.000000E+0	0.000000E+0
1.691116E+3	-1.502900E-4	1.209130E+4	0.000000E+0	0.000000E+0
1.695115E+3	-1.502900E-4	1.209130E+4	0.000000E+0	0.000000E+0
1.699116E+3	-1.503200E-4	1.209140E+4	0.000000E+0	0.000000E+0
1.703119E+3	-1.502800E-4	1.209140E+4	0.000000E+0	0.000000E+0
1.707090E+3	-1.503300E-4	1.209140E+4	0.000000E+0	0.000000E+0
1.711132E+3	-1.502900E-4	1.209140E+4	0.000000E+0	0.000000E+0
1.715119E+3	-1.503100E-4	1.209150E+4	0.000000E+0	0.000000E+0
1.719094E+3	-1.503100E-4	1.209150E+4	0.000000E+0	0.000000E+0
1.723113E+3	-1.503000E-4	1.209150E+4	0.000000E+0	0.000000E+0
1.727113E+3	-1.503400E-4	1.209160E+4	0.000000E+0	0.000000E+0
1.731117E+3	-1.503200E-4	1.209150E+4	0.000000E+0	0.000000E+0
1.735094E+3	-1.503300E-4	1.209150E+4	0.000000E+0	0.000000E+0
1.739125E+3	-1.503300E-4	1.209160E+4	0.000000E+0	0.000000E+0
1.743113E+3	-1.503400E-4	1.209160E+4	0.000000E+0	0.000000E+0
1.747116E+3	-1.503700E-4	1.209170E+4	0.000000E+0	0.000000E+0
1.751097E+3	-1.503500E-4	1.209150E+4	0.000000E+0	0.000000E+0
1.755128E+3	-1.503600E-4	1.209160E+4	0.000000E+0	0.000000E+0
1.759116E+3	-1.503500E-4	1.209170E+4	0.000000E+0	0.000000E+0
1.763118E+3	-1.503500E-4	1.209170E+4	0.000000E+0	0.000000E+0
1.767093E+3	-1.503400E-4	1.209160E+4	0.000000E+0	0.000000E+0
1.771123E+3	-1.503400E-4	1.209170E+4	0.000000E+0	0.000000E+0
1.775108E+3	-1.503300E-4	1.209170E+4	0.000000E+0	0.000000E+0
1.779115E+3	-1.503600E-4	1.209170E+4	0.000000E+0	0.000000E+0
1.783116E+3	-1.503400E-4	1.209160E+4	0.000000E+0	0.000000E+0
1.787114E+3	-1.503200E-4	1.209160E+4	0.000000E+0	0.000000E+0
1.791115E+3	-1.503400E-4	1.209170E+4	0.000000E+0	0.000000E+0
1.795115E+3	-1.503100E-4	1.209170E+4	0.000000E+0	0.000000E+0
1.799114E+3	-1.503100E-4	1.209180E+4	0.000000E+0	0.000000E+0
1.803112E+3	-1.503200E-4	1.209170E+4	0.000000E+0	0.000000E+0
1.807116E+3	-1.503500E-4	1.209170E+4	0.000000E+0	0.000000E+0
1.811117E+3	-1.503400E-4	1.209160E+4	0.000000E+0	0.000000E+0
1.815117E+3	-1.503300E-4	1.209160E+4	0.000000E+0	0.000000E+0
1.819116E+3	-1.503200E-4	1.209170E+4	0.000000E+0	0.000000E+0
1.823116E+3	-1.503400E-4	1.209170E+4	0.000000E+0	0.000000E+0
1.827116E+3	-1.503700E-4	1.209170E+4	0.000000E+0	0.000000E+0
1.831091E+3	-1.503600E-4	1.209180E+4	0.000000E+0	0.000000E+0
1.835133E+3	-1.503700E-4	1.209190E+4	0.000000E+0	0.000000E+0
1.839111E+3	-1.503600E-4	1.209200E+4	0.000000E+0	0.000000E+0
1.843116E+3	-1.503700E-4	1.209210E+4	0.000000E+0	0.000000E+0
1.847114E+3	-1.503900E-4	1.209210E+4	0.000000E+0	0.000000E+0
1.851114E+3	-1.503600E-4	1.209210E+4	0.000000E+0	0.000000E+0
1.855114E+3	-1.503700E-4	1.209200E+4	0.000000E+0	0.000000E+0
1.859116E+3	-1.503700E-4	1.209200E+4	0.000000E+0	0.000000E+0
1.863123E+3	-1.504000E-4	1.209190E+4	0.000000E+0	0.000000E+0
1.867095E+3	-1.503900E-4	1.209190E+4	0.000000E+0	0.000000E+0
1.871126E+3	-1.503400E-4	1.209200E+4	0.000000E+0	0.000000E+0
1.875114E+3	-1.503400E-4	1.209210E+4	0.000000E+0	0.000000E+0
1.879117E+3	-1.503600E-4	1.209210E+4	0.000000E+0	0.000000E+0
1.883093E+3	-1.503200E-4	1.209210E+4	0.000000E+0	0.000000E+0
1.887124E+3	-1.503100E-4	1.209220E+4	0.000000E+0	0.000000E+0
1.891112E+3	-1.503400E-4	1.209230E+4	0.000000E+0	0.000000E+0
1.895116E+3	-1.503200E-4	1.209230E+4	0.000000E+0	0.000000E+0
1.899116E+3	-1.503000E-4	1.209230E+4	0.000000E+0	0.000000E+0
1.903115E+3	-1.503200E-4	1.209240E+4	0.000000E+0	0.000000E+0
1.907117E+3	-1.503500E-4	1.209240E+4	0.000000E+0	0.000000E+0
1.911119E+3	-1.503200E-4	1.209240E+4	0.000000E+0	0.000000E+0
1.915095E+3	-1.503100E-4	1.209230E+4	0.000000E+0	0.000000E+0
1.919123E+3	-1.503300E-4	1.209240E+4	0.000000E+0	0.000000E+0
1.923113E+3	-1.503400E-4	1.209240E+4	0.000000E+0	0.000000E+0
1.927117E+3	-1.503100E-4	1.209250E+4	0.000000E+0	0.000000E+0
1.931115E+3	-1.503400E-4	1.209240E+4	0.000000E+0	0.000000E+0
1.935113E+3	-1.503500E-4	1.209250E+4	0.000000E+0	0.000000E+0
1.939115E+3	-1.503600E-4	1.209260E+4	0.000000E+0	0.000000E+0
1.943117E+3	-1.503400E-4	1.209270E+4	0.000000E+0	0.000000E+0
1.947117E+3	-1.503400E-4	1.209270E+4	0.000000E+0	0.000000E+0
1.951114E+3	-1.503000E-4	1.209270E+4	0.000000E+0	0.000000E+0
1.955114E+3	-1.503000E-4	1.209270E+4	0.000000E+0	0.000000E+0
1.959116E+3	-1.503200E-4	1.209280E+4	0.000000E+0	0.000000E+0
1.963118E+3	-1.503100E-4	1.209280E+4	0.000000E+0	0.000000E+0
1.967116E+3	-1.502900E-4	1.209280E+4	0.000000E+0	0.000000E+0
1.971112E+3	-1.503700E-4	1.209280E+4	0.000000E+0	0.000000E+0
1.975112E+3	-1.503400E-4	1.209270E+4	0.000000E+0	0.000000E+0
1.979115E+3	-1.503400E-4	1.209270E+4	0.000000E+0	0.000000E+0
1.983111E+3	-1.503500E-4	1.209280E+4	0.000000E+0	0.000000E+0
1.987114E+3	-1.503700E-4	1.209290E+4	0.000000E+0	0.000000E+0
1.991114E+3	-1.503600E-4	1.209280E+4	0.000000E+0	0.000000E+0
1.995116E+3	-1.503600E-4	1.209280E+4	0.000000E+0	0.000000E+0
1.999113E+3	-1.503500E-4	1.209280E+4	0.000000E+0	0.000000E+0
2.003116E+3	-1.503500E-4	1.209290E+4	0.000000E+0	0.000000E+0
2.007115E+3	-1.503600E-4	1.209300E+4	0.000000E+0	0.000000E+0
2.011116E+3	-1.503300E-4	1.209290E+4	0.000000E+0	0.000000E+0
2.015119E+3	-1.503500E-4	1.209290E+4	0.000000E+0	0.000000E+0
2.019090E+3	-1.503400E-4	1.209300E+4	0.000000E+0	0.000000E+0
2.023128E+3	-1.503400E-4	1.209290E+4	0.000000E+0	0.000000E+0
2.027115E+3	-1.503600E-4	1.209300E+4	0.000000E+0	0.000000E+0
2.031116E+3	-1.503500E-4	1.209300E+4	0.000000E+0	0.000000E+0
2.035116E+3	-1.503300E-4	1.209290E+4	0.000000E+0	0.000000E+0
2.039114E+3	-1.503500E-4	1.209300E+4	0.000000E+0	0.000000E+0
2.043116E+3	-1.503100E-4	1.209300E+4	0.000000E+0	0.000000E+0
2.047118E+3	-1.503200E-4	1.209300E+4	0.000000E+0	0.000000E+0
2.051093E+3	-1.502900E-4	1.209290E+4	0.000000E+0	0.000000E+0
2.055131E+3	-1.502400E-4	1.209300E+4	0.000000E+0	0.000000E+0
2.059118E+3	-1.502400E-4	1.209300E+4	0.000000E+0	0.000000E+0
2.063092E+3	-1.502800E-4	1.209300E+4	0.000000E+0	0.000000E+0
2.067111E+3	-1.502800E-4	1.209300E+4	0.000000E+0	0.000000E+0
2.071114E+3	-1.502400E-4	1.209300E+4	0.000000E+0	0.000000E+0
2.075117E+3	-1.502700E-4	1.209300E+4	0.000000E+0	0.000000E+0
2.079114E+3	-1.503300E-4	1.209300E+4	0.000000E+0	0.000000E+0
2.083112E+3	-1.503600E-4	1.209300E+4	0.000000E+0	0.000000E+0
2.087112E+3	-1.503400E-4	1.209310E+4	0.000000E+0	0.000000E+0
2.091116E+3	-1.503500E-4	1.209310E+4	0.000000E+0	0.000000E+0
2.095119E+3	-1.503600E-4	1.209310E+4	0.000000E+0	0.000000E+0
2.099117E+3	-1.503400E-4	1.209320E+4	0.000000E+0	0.000000E+0
2.103116E+3	-1.503500E-4	1.209310E+4	0.000000E+0	0.000000E+0
2.107115E+3	-1.503600E-4	1.209310E+4	0.000000E+0	0.000000E+0
2.111115E+3	-1.503700E-4	1.209310E+4	0.000000E+0	0.000000E+0
2.115116E+3	-1.503300E-4	1.209320E+4	0.000000E+0	0.000000E+0
2.119113E+3	-1.503500E-4	1.209320E+4	0.000000E+0	0.000000E+0
2.123113E+3	-1.503500E-4	1.209320E+4	0.000000E+0	0.000000E+0
2.127116E+3	-1.503700E-4	1.209320E+4	0.000000E+0	0.000000E+0
2.131121E+3	-1.503300E-4	1.209320E+4	0.000000E+0	0.000000E+0
2.135114E+3	-1.503100E-4	1.209320E+4	0.000000E+0	0.000000E+0
2.139113E+3	-1.503100E-4	1.209320E+4	0.000000E+0	0.000000E+0
2.143116E+3	-1.503200E-4	1.209320E+4	0.000000E+0	0.000000E+0
2.147118E+3	-1.503200E-4	1.209320E+4	0.000000E+0	0.000000E+0
2.151116E+3	-1.503100E-4	1.209320E+4	0.000000E+0	0.000000E+0
2.155114E+3	-1.503100E-4	1.209330E+4	0.000000E+0	0.000000E+0
2.159114E+3	-1.503100E-4	1.209330E+4	0.000000E+0	0.000000E+0
2.163122E+3	-1.502900E-4	1.209330E+4	0.000000E+0	0.000000E+0
2.167093E+3	-1.503100E-4	1.209330E+4	0.000000E+0	0.000000E+0
2.171132E+3	-1.503400E-4	1.209330E+4	0.000000E+0	0.000000E+0
2.175117E+3	-1.503200E-4	1.209330E+4	0.000000E+0	0.000000E+0
2.179114E+3	-1.503300E-4	1.209340E+4	0.000000E+0	0.000000E+0
2.183114E+3	-1.503200E-4	1.209330E+4	0.000000E+0	0.000000E+0
2.187112E+3	-1.503400E-4	1.209340E+4	0.000000E+0	0.000000E+0
2.191117E+3	-1.503300E-4	1.209350E+4	0.000000E+0	0.000000E+0
2.195091E+3	-1.503300E-4	1.209340E+4	0.000000E+0	0.000000E+0
2.199133E+3	-1.503400E-4	1.209340E+4	0.000000E+0	0.000000E+0
2.203092E+3	-1.503100E-4	1.209350E+4	0.000000E+0	0.000000E+0
2.207134E+3	-1.503000E-4	1.209350E+4	0.000000E+0	0.000000E+0
2.211095E+3	-1.503100E-4	1.209350E+4	0.000000E+0	0.000000E+0
2.215133E+3	-1.503200E-4	1.209350E+4	0.000000E+0	0.000000E+0
2.219092E+3	-1.503500E-4	1.209350E+4	0.000000E+0	0.000000E+0
2.223132E+3	-1.503500E-4	1.209360E+4	0.000000E+0	0.000000E+0
2.227117E+3	-1.503200E-4	1.209360E+4	0.000000E+0	0.000000E+0
2.231098E+3	-1.503500E-4	1.209360E+4	0.000000E+0	0.000000E+0
2.235124E+3	-1.503500E-4	1.209360E+4	0.000000E+0	0.000000E+0
2.239111E+3	-1.503700E-4	1.209360E+4	0.000000E+0	0.000000E+0
2.243116E+3	-1.503900E-4	1.209370E+4	0.000000E+0	0.000000E+0
2.247121E+3	-1.503700E-4	1.209380E+4	0.000000E+0	0.000000E+0
2.251093E+3	-1.503400E-4	1.209380E+4	0.000000E+0	0.000000E+0
2.255131E+3	-1.503500E-4	1.209380E+4	0.000000E+0	0.000000E+0
2.259118E+3	-1.503000E-4	1.209390E+4	0.000000E+0	0.000000E+0
2.263097E+3	-1.503000E-4	1.209390E+4	0.000000E+0	0.000000E+0
2.267115E+3	-1.503000E-4	1.209390E+4	0.000000E+0	0.000000E+0
2.271112E+3	-1.503300E-4	1.209390E+4	0.000000E+0	0.000000E+0
2.275116E+3	-1.503000E-4	1.209390E+4	0.000000E+0	0.000000E+0
2.279117E+3	-1.503300E-4	1.209390E+4	0.000000E+0	0.000000E+0
2.283089E+3	-1.503200E-4	1.209400E+4	0.000000E+0	0.000000E+0
2.287132E+3	-1.503100E-4	1.209400E+4	0.000000E+0	0.000000E+0
2.291116E+3	-1.503400E-4	1.209400E+4	0.000000E+0	0.000000E+0
2.295111E+3	-1.503300E-4	1.209400E+4	0.000000E+0	0.000000E+0
2.299115E+3	-1.503100E-4	1.209400E+4	0.000000E+0	0.000000E+0
2.303115E+3	-1.503200E-4	1.209410E+4	0.000000E+0	0.000000E+0
2.307117E+3	-1.503200E-4	1.209410E+4	0.000000E+0	0.000000E+0
2.311118E+3	-1.503300E-4	1.209410E+4	0.000000E+0	0.000000E+0
2.315116E+3	-1.503400E-4	1.209420E+4	0.000000E+0	0.000000E+0
2.319114E+3	-1.503100E-4	1.209420E+4	0.000000E+0	0.000000E+0
2.323113E+3	-1.503200E-4	1.209420E+4	0.000000E+0	0.000000E+0
2.327116E+3	-1.503300E-4	1.209420E+4	0.000000E+0	0.000000E+0
2.331116E+3	-1.503400E-4	1.209420E+4	0.000000E+0	0.000000E+0
2.335116E+3	-1.503300E-4	1.209420E+4	0.000000E+0	0.000000E+0
2.339111E+3	-1.503200E-4	1.209430E+4	0.000000E+0	0.000000E+0
2.343111E+3	-1.503200E-4	1.209420E+4	0.000000E+0	0.000000E+0
2.347114E+3	-1.503100E-4	1.209430E+4	0.000000E+0	0.000000E+0
2.351115E+3	-1.503400E-4	1.209430E+4	0.000000E+0	0.000000E+0
2.355115E+3	-1.503200E-4	1.209430E+4	0.000000E+0	0.000000E+0
2.359115E+3	-1.503300E-4	1.209430E+4	0.000000E+0	0.000000E+0
2.363115E+3	-1.503600E-4	1.209440E+4	0.000000E+0	0.000000E+0
2.367116E+3	-1.503500E-4	1.209440E+4	0.000000E+0	0.000000E+0
2.371115E+3	-1.503500E-4	1.209440E+4	0.000000E+0	0.000000E+0
2.375115E+3	-1.503500E-4	1.209440E+4	0.000000E+0	0.000000E+0
2.379119E+3	-1.503400E-4	1.209450E+4	0.000000E+0	0.000000E+0
2.383093E+3	-1.503300E-4	1.209450E+4	0.000000E+0	0.000000E+0
2.387113E+3	-1.503600E-4	1.209450E+4	0.000000E+0	0.000000E+0
2.391110E+3	-1.503500E-4	1.209450E+4	0.000000E+0	0.000000E+0
2.395120E+3	-1.503700E-4	1.209460E+4	0.000000E+0	0.000000E+0
2.399116E+3	-1.503500E-4	1.209460E+4	0.000000E+0	0.000000E+0
2.403113E+3	-1.503400E-4	1.209470E+4	0.000000E+0	0.000000E+0
2.407111E+3	-1.503400E-4	1.209470E+4	0.000000E+0	0.000000E+0
2.411115E+3	-1.503300E-4	1.209480E+4	0.000000E+0	0.000000E+0
2.415118E+3	-1.503000E-4	1.209480E+4	0.000000E+0	0.000000E+0
2.419116E+3	-1.503600E-4	1.209470E+4	0.000000E+0	0.000000E+0
2.423113E+3	-1.503600E-4	1.209470E+4	0.000000E+0	0.000000E+0
2.427114E+3	-1.503300E-4	1.209480E+4	0.000000E+0	0.000000E+0
2.431116E+3	-1.503500E-4	1.209480E+4	0.000000E+0	0.000000E+0
2.435113E+3	-1.503200E-4	1.209490E+4	0.000000E+0	0.000000E+0
2.439111E+3	-1.503100E-4	1.209490E+4	0.000000E+0	0.000000E+0
2.443116E+3	-1.503400E-4	1.209510E+4	0.000000E+0	0.000000E+0
2.447118E+3	-1.503500E-4	1.209500E+4	0.000000E+0	0.000000E+0
2.451115E+3	-1.502900E-4	1.209500E+4	0.000000E+0	0.000000E+0
2.455114E+3	-1.503000E-4	1.209500E+4	0.000000E+0	0.000000E+0
2.459114E+3	-1.503100E-4	1.209500E+4	0.000000E+0	0.000000E+0
2.463157E+3	-1.502800E-4	1.209510E+4	0.000000E+0	0.000000E+0
2.467092E+3	-1.502800E-4	1.209510E+4	0.000000E+0	0.000000E+0
2.471133E+3	-1.502700E-4	1.209520E+4	0.000000E+0	0.000000E+0
2.475094E+3	-1.502700E-4	1.209510E+4	0.000000E+0	0.000000E+0
2.479132E+3	-1.503000E-4	1.209520E+4	0.000000E+0	0.000000E+0
2.483120E+3	-1.502900E-4	1.209520E+4	0.000000E+0	0.000000E+0
2.487119E+3	-1.502900E-4	1.209520E+4	0.000000E+0	0.000000E+0
2.491092E+3	-1.503000E-4	1.209530E+4	0.000000E+0	0.000000E+0
2.495134E+3	-1.503100E-4	1.209540E+4	0.000000E+0	0.000000E+0
2.499095E+3	-1.502900E-4	1.209540E+4	0.000000E+0	0.000000E+0
2.503131E+3	-1.503400E-4	1.209540E+4	0.000000E+0	0.000000E+0
2.507092E+3	-1.503600E-4	1.209540E+4	0.000000E+0	0.000000E+0
2.511134E+3	-1.503400E-4	1.209550E+4	0.000000E+0	0.000000E+0
2.515120E+3	-1.502900E-4	1.209560E+4	0.000000E+0	0.000000E+0
2.519095E+3	-1.503400E-4	1.209560E+4	0.000000E+0	0.000000E+0
2.523123E+3	-1.503400E-4	1.209570E+4	0.000000E+0	0.000000E+0
2.527114E+3	-1.503200E-4	1.209570E+4	0.000000E+0	0.000000E+0
2.531117E+3	-1.502900E-4	1.209560E+4	0.000000E+0	0.000000E+0
2.535096E+3	-1.503000E-4	1.209570E+4	0.000000E+0	0.000000E+0
2.539127E+3	-1.503300E-4	1.209580E+4	0.000000E+0	0.000000E+0
2.543114E+3	-1.503000E-4	1.209570E+4	0.000000E+0	0.000000E+0
2.547118E+3	-1.503000E-4	1.209570E+4	0.000000E+0	0.000000E+0
2.551112E+3	-1.503000E-4	1.209570E+4	0.000000E+0	0.000000E+0
2.555115E+3	-1.503100E-4	1.209580E+4	0.000000E+0	0.000000E+0
2.559114E+3	-1.503100E-4	1.209590E+4	0.000000E+0	0.000000E+0
2.563119E+3	-1.503200E-4	1.209590E+4	0.000000E+0	0.000000E+0
2.567115E+3	-1.503000E-4	1.209590E+4	0.000000E+0	0.000000E+0
2.571115E+3	-1.502900E-4	1.209600E+4	0.000000E+0	0.000000E+0
2.575115E+3	-1.503100E-4	1.209600E+4	0.000000E+0	0.000000E+0
2.579114E+3	-1.502900E-4	1.209610E+4	0.000000E+0	0.000000E+0
2.583116E+3	-1.502800E-4	1.209610E+4	0.000000E+0	0.000000E+0
2.587115E+3	-1.503100E-4	1.209610E+4	0.000000E+0	0.000000E+0
2.591113E+3	-1.503200E-4	1.209610E+4	0.000000E+0	0.000000E+0
2.595115E+3	-1.503200E-4	1.209620E+4	0.000000E+0	0.000000E+0
2.599117E+3	-1.503000E-4	1.209620E+4	0.000000E+0	0.000000E+0
2.603117E+3	-1.503000E-4	1.209620E+4	0.000000E+0	0.000000E+0
2.607090E+3	-1.502800E-4	1.209630E+4	0.000000E+0	0.000000E+0
2.611133E+3	-1.503100E-4	1.209630E+4	0.000000E+0	0.000000E+0
2.615119E+3	-1.502900E-4	1.209630E+4	0.000000E+0	0.000000E+0
2.619096E+3	-1.502900E-4	1.209640E+4	0.000000E+0	0.000000E+0
2.623131E+3	-1.503500E-4	1.209650E+4	0.000000E+0	0.000000E+0
2.627116E+3	-1.503400E-4	1.209650E+4	0.000000E+0	0.000000E+0
2.631094E+3	-1.503400E-4	1.209640E+4	0.000000E+0	0.000000E+0
2.635135E+3	-1.503600E-4	1.209650E+4	0.000000E+0	0.000000E+0
2.639088E+3	-1.503600E-4	1.209660E+4	0.000000E+0	0.000000E+0
2.643130E+3	-1.503600E-4	1.209660E+4	0.000000E+0	0.000000E+0
2.647116E+3	-1.503200E-4	1.209690E+4	0.000000E+0	0.000000E+0
2.651115E+3	-1.503500E-4	1.209680E+4	0.000000E+0	0.000000E+0
2.655114E+3	-1.503100E-4	1.209680E+4	0.000000E+0	0.000000E+0
2.659116E+3	-1.503100E-4	1.209690E+4	0.000000E+0	0.000000E+0
2.663115E+3	-1.503000E-4	1.209710E+4	0.000000E+0	0.000000E+0
2.667115E+3	-1.503100E-4	1.209710E+4	0.000000E+0	0.000000E+0
2.671115E+3	-1.503200E-4	1.209710E+4	0.000000E+0	0.000000E+0
2.675119E+3	-1.502600E-4	1.209720E+4	0.000000E+0	0.000000E+0
2.679119E+3	-1.503200E-4	1.209720E+4	0.000000E+0	0.000000E+0
2.683116E+3	-1.503400E-4	1.209720E+4	0.000000E+0	0.000000E+0
2.687116E+3	-1.502200E-4	1.209730E+4	0.000000E+0	0.000000E+0
2.691117E+3	-1.503100E-4	1.209730E+4	0.000000E+0	0.000000E+0
2.695117E+3	-1.503100E-4	1.209730E+4	0.000000E+0	0.000000E+0
2.699116E+3	-1.503200E-4	1.209740E+4	0.000000E+0	0.000000E+0
2.703114E+3	-1.503000E-4	1.209740E+4	0.000000E+0	0.000000E+0
2.707117E+3	-1.503100E-4	1.209750E+4	0.000000E+0	0.000000E+0
2.711116E+3	-1.503200E-4	1.209750E+4	0.000000E+0	0.000000E+0
2.715116E+3	-1.503300E-4	1.209760E+4	0.000000E+0	0.000000E+0
2.719116E+3	-1.503200E-4	1.209750E+4	0.000000E+0	0.000000E+0
2.723118E+3	-1.503100E-4	1.209760E+4	0.000000E+0	0.000000E+0
2.727116E+3	-1.502900E-4	1.209760E+4	0.000000E+0	0.000000E+0
2.731116E+3	-1.503100E-4	1.209760E+4	0.000000E+0	0.000000E+0
2.735090E+3	-1.503100E-4	1.209770E+4	0.000000E+0	0.000000E+0
2.739131E+3	-1.503300E-4	1.209770E+4	0.000000E+0	0.000000E+0
2.743116E+3	-1.503200E-4	1.209770E+4	0.000000E+0	0.000000E+0
2.747116E+3	-1.503000E-4	1.209770E+4	0.000000E+0	0.000000E+0
2.751116E+3	-1.503100E-4	1.209780E+4	0.000000E+0	0.000000E+0
2.755115E+3	-1.503100E-4	1.209780E+4	0.000000E+0	0.000000E+0
2.759117E+3	-1.503400E-4	1.209790E+4	0.000000E+0	0.000000E+0
2.763117E+3	-1.503400E-4	1.209790E+4	0.000000E+0	0.000000E+0
2.767116E+3	-1.503400E-4	1.209790E+4	0.000000E+0	0.000000E+0
2.771116E+3	-1.503100E-4	1.209800E+4	0.000000E+0	0.000000E+0
2.775116E+3	-1.503100E-4	1.209790E+4	0.000000E+0	0.000000E+0
2.779118E+3	-1.503300E-4	1.209800E+4	0.000000E+0	0.000000E+0
2.783113E+3	-1.503500E-4	1.209800E+4	0.000000E+0	0.000000E+0
2.787113E+3	-1.503200E-4	1.209800E+4	0.000000E+0	0.000000E+0
2.791114E+3	-1.503300E-4	1.209810E+4	0.000000E+0	0.000000E+0
2.795117E+3	-1.503400E-4	1.209810E+4	0.000000E+0	0.000000E+0
2.799117E+3	-1.503300E-4	1.209810E+4	0.000000E+0	0.000000E+0
2.803116E+3	-1.503000E-4	1.209820E+4	0.000000E+0	0.000000E+0
2.807116E+3	-1.503500E-4	1.209820E+4	0.000000E+0	0.000000E+0
2.811115E+3	-1.503300E-4	1.209820E+4	0.000000E+0	0.000000E+0
2.815118E+3	-1.503300E-4	1.209830E+4	0.000000E+0	0.000000E+0
2.819116E+3	-1.503400E-4	1.209830E+4	0.000000E+0	0.000000E+0
2.823116E+3	-1.503300E-4	1.209830E+4	0.000000E+0	0.000000E+0
2.827113E+3	-1.503300E-4	1.209840E+4	0.000000E+0	0.000000E+0
2.831115E+3	-1.503600E-4	1.209840E+4	0.000000E+0	0.000000E+0
2.835114E+3	-1.503400E-4	1.209840E+4	0.000000E+0	0.000000E+0
2.839114E+3	-1.503800E-4	1.209850E+4	0.000000E+0	0.000000E+0
2.843114E+3	-1.503500E-4	1.209840E+4	0.000000E+0	0.000000E+0
2.847115E+3	-1.503900E-4	1.209860E+4	0.000000E+0	0.000000E+0
2.851115E+3	-1.503600E-4	1.209860E+4	0.000000E+0	0.000000E+0
2.855115E+3	-1.503200E-4	1.209870E+4	0.000000E+0	0.000000E+0
2.859114E+3	-1.503600E-4	1.209860E+4	0.000000E+0	0.000000E+0
2.863116E+3	-1.503600E-4	1.209870E+4	0.000000E+0	0.000000E+0
2.867115E+3	-1.503500E-4	1.209870E+4	0.000000E+0	0.000000E+0
2.871113E+3	-1.503400E-4	1.209870E+4	0.000000E+0	0.000000E+0
2.875116E+3	-1.503200E-4	1.209870E+4	0.000000E+0	0.000000E+0
2.879115E+3	-1.503300E-4	1.209880E+4	0.000000E+0	0.000000E+0
2.883115E+3	-1.503500E-4	1.209880E+4	0.000000E+0	0.000000E+0
2.887114E+3	-1.503400E-4	1.209880E+4	0.000000E+0	0.000000E+0
2.891115E+3	-1.503400E-4	1.209880E+4	0.000000E+0	0.000000E+0
2.895113E+3	-1.503400E-4	1.209890E+4	0.000000E+0	0.000000E+0
2.899113E+3	-1.503400E-4	1.209890E+4	0.000000E+0	0.000000E+0
2.903116E+3	-1.503300E-4	1.209900E+4	0.000000E+0	0.000000E+0
2.907113E+3	-1.503300E-4	1.209900E+4	0.000000E+0	0.000000E+0
2.911116E+3	-1.503000E-4	1.209900E+4	0.000000E+0	0.000000E+0
2.915116E+3	-1.503200E-4	1.209910E+4	0.000000E+0	0.000000E+0
2.919118E+3	-1.503300E-4	1.209910E+4	0.000000E+0	0.000000E+0
2.923115E+3	-1.503300E-4	1.209910E+4	0.000000E+0	0.000000E+0
2.927118E+3	-1.503100E-4	1.209920E+4	0.000000E+0	0.000000E+0
2.931116E+3	-1.503300E-4	1.209920E+4	0.000000E+0	0.000000E+0
2.935119E+3	-1.503300E-4	1.209930E+4	0.000000E+0	0.000000E+0
2.939091E+3	-1.503400E-4	1.209930E+4	0.000000E+0	0.000000E+0
2.943125E+3	-1.503500E-4	1.209930E+4	0.000000E+0	0.000000E+0
2.947116E+3	-1.503500E-4	1.209930E+4	0.000000E+0	0.000000E+0
2.951119E+3	-1.503500E-4	1.209940E+4	0.000000E+0	0.000000E+0
2.955120E+3	-1.503500E-4	1.209940E+4	0.000000E+0	0.000000E+0
2.959092E+3	-1.503600E-4	1.209950E+4	0.000000E+0	0.000000E+0
2.963131E+3	-1.504000E-4	1.209940E+4	0.000000E+0	0.000000E+0
2.967118E+3	-1.504000E-4	1.209950E+4	0.000000E+0	0.000000E+0
2.971099E+3	-1.503700E-4	1.209950E+4	0.000000E+0	0.000000E+0
2.975116E+3	-1.504100E-4	1.209940E+4	0.000000E+0	0.000000E+0
2.979114E+3	-1.504200E-4	1.209950E+4	0.000000E+0	0.000000E+0
2.983117E+3	-1.503800E-4	1.209950E+4	0.000000E+0	0.000000E+0
2.987095E+3	-1.503900E-4	1.209960E+4	0.000000E+0	0.000000E+0
2.991126E+3	-1.503900E-4	1.209970E+4	0.000000E+0	0.000000E+0
2.995113E+3	-1.504100E-4	1.209980E+4	0.000000E+0	0.000000E+0
2.999118E+3	-1.504000E-4	1.209990E+4	0.000000E+0	0.000000E+0
3.003097E+3	-1.504000E-4	1.210000E+4	0.000000E+0	0.000000E+0
3.007126E+3	-1.504000E-4	1.210010E+4	0.000000E+0	0.000000E+0
3.011112E+3	-1.504000E-4	1.210020E+4	0.000000E+0	0.000000E+0
3.015118E+3	-1.503900E-4	1.210020E+4	0.000000E+0	0.000000E+0
3.019119E+3	-1.504000E-4	1.210020E+4	0.000000E+0	0.000000E+0
3.023091E+3	-1.504000E-4	1.210020E+4	0.000000E+0	0.000000E+0
3.027132E+3	-1.503900E-4	1.210030E+4	0.000000E+0	0.000000E+0
3.031115E+3	-1.504000E-4	1.210050E+4	0.000000E+0	0.000000E+0
3.035115E+3	-1.504000E-4	1.210050E+4	0.000000E+0	0.000000E+0
3.039114E+3	-1.503900E-4	1.210060E+4	0.000000E+0	0.000000E+0
3.043115E+3	-1.503800E-4	1.210070E+4	0.000000E+0	0.000000E+0
3.047116E+3	-1.503800E-4	1.210070E+4	0.000000E+0	0.000000E+0
3.051112E+3	-1.503800E-4	1.210070E+4	0.000000E+0	0.000000E+0
3.055116E+3	-1.504000E-4	1.210080E+4	0.000000E+0	0.000000E+0
3.059115E+3	-1.503900E-4	1.210080E+4	0.000000E+0	0.000000E+0
3.063117E+3	-1.503800E-4	1.210070E+4	0.000000E+0	0.000000E+0
3.067117E+3	-1.503600E-4	1.210080E+4	0.000000E+0	0.000000E+0
3.071117E+3	-1.503800E-4	1.210070E+4	0.000000E+0	0.000000E+0
3.075114E+3	-1.503900E-4	1.210070E+4	0.000000E+0	0.000000E+0
3.079111E+3	-1.503900E-4	1.210060E+4	0.000000E+0	0.000000E+0
3.083115E+3	-1.504100E-4	1.210050E+4	0.000000E+0	0.000000E+0
3.087118E+3	-1.504000E-4	1.210060E+4	0.000000E+0	0.000000E+0
3.091116E+3	-1.504200E-4	1.210050E+4	0.000000E+0	0.000000E+0
3.095116E+3	-1.503900E-4	1.210050E+4	0.000000E+0	0.000000E+0
3.099093E+3	-1.503700E-4	1.210060E+4	0.000000E+0	0.000000E+0
3.103133E+3	-1.503700E-4	1.210060E+4	0.000000E+0	0.000000E+0
3.107096E+3	-1.503700E-4	1.210060E+4	0.000000E+0	0.000000E+0
3.111140E+3	-1.503800E-4	1.210060E+4	0.000000E+0	0.000000E+0
3.115099E+3	-1.504000E-4	1.210060E+4	0.000000E+0	0.000000E+0
3.119135E+3	-1.503900E-4	1.210060E+4	0.000000E+0	0.000000E+0
3.123116E+3	-1.504000E-4	1.210060E+4	0.000000E+0	0.000000E+0
3.127114E+3	-1.503800E-4	1.210060E+4	0.000000E+0	0.000000E+0
3.131112E+3	-1.503500E-4	1.210070E+4	0.000000E+0	0.000000E+0
3.135115E+3	-1.503400E-4	1.210070E+4	0.000000E+0	0.000000E+0
3.139117E+3	-1.503500E-4	1.210070E+4	0.000000E+0	0.000000E+0
3.143113E+3	-1.503300E-4	1.210080E+4	0.000000E+0	0.000000E+0
3.147112E+3	-1.503300E-4	1.210080E+4	0.000000E+0	0.000000E+0
3.151116E+3	-1.503500E-4	1.210080E+4	0.000000E+0	0.000000E+0
3.155118E+3	-1.503700E-4	1.210080E+4	0.000000E+0	0.000000E+0
3.159120E+3	-1.503700E-4	1.210070E+4	0.000000E+0	0.000000E+0
3.163118E+3	-1.503200E-4	1.210070E+4	0.000000E+0	0.000000E+0
3.167095E+3	-1.503500E-4	1.210070E+4	0.000000E+0	0.000000E+0
3.171131E+3	-1.503200E-4	1.210070E+4	0.000000E+0	0.000000E+0
3.175118E+3	-1.503500E-4	1.210070E+4	0.000000E+0	0.000000E+0
3.179090E+3	-1.503100E-4	1.210070E+4	0.000000E+0	0.000000E+0
3.183129E+3	-1.503400E-4	1.210070E+4	0.000000E+0	0.000000E+0
3.187116E+3	-1.503100E-4	1.210070E+4	0.000000E+0	0.000000E+0
3.191116E+3	-1.503300E-4	1.210080E+4	0.000000E+0	0.000000E+0
3.195114E+3	-1.503400E-4	1.210080E+4	0.000000E+0	0.000000E+0
3.199118E+3	-1.503500E-4	1.210090E+4	0.000000E+0	0.000000E+0
3.203118E+3	-1.503400E-4	1.210090E+4	0.000000E+0	0.000000E+0
3.207095E+3	-1.503300E-4	1.210090E+4	0.000000E+0	0.000000E+0
3.211115E+3	-1.503500E-4	1.210090E+4	0.000000E+0	0.000000E+0
3.215116E+3	-1.503400E-4	1.210090E+4	0.000000E+0	0.000000E+0
3.219102E+3	-1.503600E-4	1.210090E+4	0.000000E+0	0.000000E+0
3.223114E+3	-1.503400E-4	1.210100E+4	0.000000E+0	0.000000E+0
3.227116E+3	-1.503700E-4	1.210100E+4	0.000000E+0	0.000000E+0
3.231119E+3	-1.503600E-4	1.210100E+4	0.000000E+0	0.000000E+0
3.235117E+3	-1.503400E-4	1.210100E+4	0.000000E+0	0.000000E+0
3.239116E+3	-1.503500E-4	1.210110E+4	0.000000E+0	0.000000E+0
3.243116E+3	-1.503300E-4	1.210110E+4	0.000000E+0	0.000000E+0
3.247091E+3	-1.503600E-4	1.210110E+4	0.000000E+0	0.000000E+0
3.251131E+3	-1.503400E-4	1.210100E+4	0.000000E+0	0.000000E+0
3.255114E+3	-1.503300E-4	1.210110E+4	0.000000E+0	0.000000E+0
3.259115E+3	-1.503300E-4	1.210120E+4	0.000000E+0	0.000000E+0
3.263113E+3	-1.503200E-4	1.210120E+4	0.000000E+0	0.000000E+0
3.267117E+3	-1.503800E-4	1.210120E+4	0.000000E+0	0.000000E+0
3.271118E+3	-1.503700E-4	1.210130E+4	0.000000E+0	0.000000E+0
3.275095E+3	-1.504000E-4	1.210130E+4	0.000000E+0	0.000000E+0
3.279116E+3	-1.504200E-4	1.210140E+4	0.000000E+0	0.000000E+0
3.283116E+3	-1.504000E-4	1.210150E+4	0.000000E+0	0.000000E+0
3.287101E+3	-1.503700E-4	1.210150E+4	0.000000E+0	0.000000E+0
3.291134E+3	-1.503400E-4	1.210150E+4	0.000000E+0	0.000000E+0
3.295090E+3	-1.503400E-4	1.210170E+4	0.000000E+0	0.000000E+0
3.299132E+3	-1.503600E-4	1.210160E+4	0.000000E+0	0.000000E+0
3.303115E+3	-1.503500E-4	1.210160E+4	0.000000E+0	0.000000E+0
3.307118E+3	-1.503500E-4	1.210170E+4	0.000000E+0	0.000000E+0
3.311089E+3	-1.503400E-4	1.210170E+4	0.000000E+0	0.000000E+0
3.315132E+3	-1.503400E-4	1.210170E+4	0.000000E+0	0.000000E+0
3.319116E+3	-1.503400E-4	1.210170E+4	0.000000E+0	0.000000E+0
3.323116E+3	-1.503300E-4	1.210170E+4	0.000000E+0	0.000000E+0
3.327115E+3	-1.503300E-4	1.210170E+4	0.000000E+0	0.000000E+0
3.331113E+3	-1.503800E-4	1.210180E+4	0.000000E+0	0.000000E+0
3.335113E+3	-1.503800E-4	1.210180E+4	0.000000E+0	0.000000E+0
3.339114E+3	-1.503600E-4	1.210180E+4	0.000000E+0	0.000000E+0
3.343115E+3	-1.503600E-4	1.210170E+4	0.000000E+0	0.000000E+0
3.347116E+3	-1.503800E-4	1.210180E+4	0.000000E+0	0.000000E+0
3.351117E+3	-1.503800E-4	1.210180E+4	0.000000E+0	0.000000E+0
3.355120E+3	-1.503600E-4	1.210190E+4	0.000000E+0	0.000000E+0
3.359117E+3	-1.503600E-4	1.210200E+4	0.000000E+0	0.000000E+0
3.363116E+3	-1.503900E-4	1.210200E+4	0.000000E+0	0.000000E+0
3.367114E+3	-1.503800E-4	1.210210E+4	0.000000E+0	0.000000E+0
3.371114E+3	-1.503800E-4	1.210210E+4	0.000000E+0	0.000000E+0
3.375111E+3	-1.503800E-4	1.210210E+4	0.000000E+0	0.000000E+0
3.379116E+3	-1.504000E-4	1.210220E+4	0.000000E+0	0.000000E+0
3.383118E+3	-1.503500E-4	1.210220E+4	0.000000E+0	0.000000E+0
3.387093E+3	-1.503600E-4	1.210230E+4	0.000000E+0	0.000000E+0
3.391126E+3	-1.503200E-4	1.210230E+4	0.000000E+0	0.000000E+0
3.395112E+3	-1.503500E-4	1.210240E+4	0.000000E+0	0.000000E+0
3.399116E+3	-1.503200E-4	1.210230E+4	0.000000E+0	0.000000E+0
3.403111E+3	-1.503200E-4	1.210240E+4	0.000000E+0	0.000000E+0
3.407112E+3	-1.503400E-4	1.210240E+4	0.000000E+0	0.000000E+0
3.411112E+3	-1.503200E-4	1.210240E+4	0.000000E+0	0.000000E+0
3.415114E+3	-1.503200E-4	1.210240E+4	0.000000E+0	0.000000E+0
3.419116E+3	-1.503100E-4	1.210240E+4	0.000000E+0	0.000000E+0
3.423113E+3	-1.503200E-4	1.210250E+4	0.000000E+0	0.000000E+0
3.427112E+3	-1.503100E-4	1.210260E+4	0.000000E+0	0.000000E+0
3.431116E+3	-1.503200E-4	1.210250E+4	0.000000E+0	0.000000E+0
3.435122E+3	-1.503400E-4	1.210270E+4	0.000000E+0	0.000000E+0
3.439099E+3	-1.503100E-4	1.210270E+4	0.000000E+0	0.000000E+0
3.443126E+3	-1.503400E-4	1.210270E+4	0.000000E+0	0.000000E+0
3.447117E+3	-1.503200E-4	1.210280E+4	0.000000E+0	0.000000E+0
3.451118E+3	-1.503200E-4	1.210280E+4	0.000000E+0	0.000000E+0
3.455114E+3	-1.503300E-4	1.210290E+4	0.000000E+0	0.000000E+0
3.459114E+3	-1.503100E-4	1.210290E+4	0.000000E+0	0.000000E+0
3.463114E+3	-1.502700E-4	1.210300E+4	0.000000E+0	0.000000E+0
3.467114E+3	-1.502400E-4	1.210310E+4	0.000000E+0	0.000000E+0
3.471116E+3	-1.502700E-4	1.210310E+4	0.000000E+0	0.000000E+0
3.475116E+3	-1.502700E-4	1.210320E+4	0.000000E+0	0.000000E+0
3.479112E+3	-1.502200E-4	1.210320E+4	0.000000E+0	0.000000E+0
3.483116E+3	-1.502700E-4	1.210320E+4	0.000000E+0	0.000000E+0
3.487118E+3	-1.502700E-4	1.210330E+4	0.000000E+0	0.000000E+0
3.491116E+3	-1.502900E-4	1.210320E+4	0.000000E+0	0.000000E+0
3.495115E+3	-1.503000E-4	1.210330E+4	0.000000E+0	0.000000E+0
3.499118E+3	-1.502900E-4	1.210330E+4	0.000000E+0	0.000000E+0
3.503119E+3	-1.502700E-4	1.210340E+4	0.000000E+0	0.000000E+0
3.507112E+3	-1.502300E-4	1.210340E+4	0.000000E+0	0.000000E+0
3.511114E+3	-1.502900E-4	1.210340E+4	0.000000E+0	0.000000E+0
3.515115E+3	-1.503300E-4	1.210350E+4	0.000000E+0	0.000000E+0
3.519116E+3	-1.503000E-4	1.210350E+4	0.000000E+0	0.000000E+0
3.523117E+3	-1.503400E-4	1.210360E+4	0.000000E+0	0.000000E+0
3.527116E+3	-1.503500E-4	1.210360E+4	0.000000E+0	0.000000E+0
3.531089E+3	-1.503300E-4	1.210350E+4	0.000000E+0	0.000000E+0
3.535133E+3	-1.503700E-4	1.210360E+4	0.000000E+0	0.000000E+0
3.539118E+3	-1.503600E-4	1.210360E+4	0.000000E+0	0.000000E+0
3.543095E+3	-1.503200E-4	1.210370E+4	0.000000E+0	0.000000E+0
3.547125E+3	-1.503200E-4	1.210370E+4	0.000000E+0	0.000000E+0
3.551116E+3	-1.503400E-4	1.210380E+4	0.000000E+0	0.000000E+0
3.555118E+3	-1.503300E-4	1.210380E+4	0.000000E+0	0.000000E+0
3.559121E+3	-1.503300E-4	1.210400E+4	0.000000E+0	0.000000E+0
3.563093E+3	-1.503500E-4	1.210400E+4	0.000000E+0	0.000000E+0
3.567136E+3	-1.503300E-4	1.210410E+4	0.000000E+0	0.000000E+0
3.571095E+3	-1.503400E-4	1.210420E+4	0.000000E+0	0.000000E+0
3.575139E+3	-1.503600E-4	1.210430E+4	0.000000E+0	0.000000E+0
3.579093E+3	-1.503200E-4	1.210420E+4	0.000000E+0	0.000000E+0
3.583134E+3	-1.503200E-4	1.210430E+4	0.000000E+0	0.000000E+0
3.587119E+3	-1.503200E-4	1.210430E+4	0.000000E+0	0.000000E+0
3.591097E+3	-1.503300E-4	1.210430E+4	0.000000E+0	0.000000E+0
3.595115E+3	-1.503300E-4	1.210430E+4	0.000000E+0	0.000000E+0
3.599116E+3	-1.503400E-4	1.210440E+4	0.000000E+0	0.000000E+0
3.603105E+3	-1.503600E-4	1.210440E+4	0.000000E+0	0.000000E+0
3.607112E+3	-1.503200E-4	1.210450E+4	0.000000E+0	0.000000E+0
3.611112E+3	-1.503300E-4	1.210450E+4	0.000000E+0	0.000000E+0
3.615113E+3	-1.503800E-4	1.210450E+4	0.000000E+0	0.000000E+0
3.619115E+3	-1.503600E-4	1.210450E+4	0.000000E+0	0.000000E+0
3.623116E+3	-1.503600E-4	1.210450E+4	0.000000E+0	0.000000E+0
3.627116E+3	-1.503800E-4	1.210450E+4	0.000000E+0	0.000000E+0
3.631116E+3	-1.503800E-4	1.210450E+4	0.000000E+0	0.000000E+0
3.635116E+3	-1.503500E-4	1.210460E+4	0.000000E+0	0.000000E+0
3.639118E+3	-1.503900E-4	1.210460E+4	0.000000E+0	0.000000E+0
3.643117E+3	-1.503600E-4	1.210470E+4	0.000000E+0	0.000000E+0
3.647118E+3	-1.504000E-4	1.210470E+4	0.000000E+0	0.000000E+0
3.651118E+3	-1.503500E-4	1.210470E+4	0.000000E+0	0.000000E+0
3.655121E+3	-1.503700E-4	1.210470E+4	0.000000E+0	0.000000E+0
3.659092E+3	-1.503800E-4	1.210480E+4	0.000000E+0	0.000000E+0
3.663124E+3	-1.503800E-4	1.210490E+4	0.000000E+0	0.000000E+0
3.667112E+3	-1.503800E-4	1.210490E+4	0.000000E+0	0.000000E+0
3.671122E+3	-1.503800E-4	1.210510E+4	0.000000E+0	0.000000E+0
3.675097E+3	-1.503900E-4	1.210500E+4	0.000000E+0	0.000000E+0
3.679127E+3	-1.503800E-4	1.210500E+4	0.000000E+0	0.000000E+0
3.683116E+3	-1.503300E-4	1.210520E+4	0.000000E+0	0.000000E+0
3.687090E+3	-1.503600E-4	1.210510E+4	0.000000E+0	0.000000E+0
3.691129E+3	-1.503500E-4	1.210520E+4	0.000000E+0	0.000000E+0
3.695117E+3	-1.503300E-4	1.210520E+4	0.000000E+0	0.000000E+0
3.699093E+3	-1.503200E-4	1.210530E+4	0.000000E+0	0.000000E+0
3.703130E+3	-1.503200E-4	1.210530E+4	0.000000E+0	0.000000E+0
3.707120E+3	-1.503400E-4	1.210540E+4	0.000000E+0	0.000000E+0
3.711091E+3	-1.503400E-4	1.210540E+4	0.000000E+0	0.000000E+0
3.715127E+3	-1.503000E-4	1.210540E+4	0.000000E+0	0.000000E+0
3.719119E+3	-1.503200E-4	1.210540E+4	0.000000E+0	0.000000E+0
3.723116E+3	-1.503400E-4	1.210540E+4	0.000000E+0	0.000000E+0
3.727115E+3	-1.503500E-4	1.210560E+4	0.000000E+0	0.000000E+0
3.731113E+3	-1.503500E-4	1.210570E+4	0.000000E+0	0.000000E+0
3.735113E+3	-1.503600E-4	1.210570E+4	0.000000E+0	0.000000E+0
3.739114E+3	-1.503700E-4	1.210590E+4	0.000000E+0	0.000000E+0
3.743116E+3	-1.503200E-4	1.210600E+4	0.000000E+0	0.000000E+0
3.747116E+3	-1.503500E-4	1.210610E+4	0.000000E+0	0.000000E+0
3.751114E+3	-1.503500E-4	1.210610E+4	0.000000E+0	0.000000E+0
3.755116E+3	-1.502500E-4	1.210630E+4	0.000000E+0	0.000000E+0
3.759116E+3	-1.502700E-4	1.210630E+4	0.000000E+0	0.000000E+0
3.763116E+3	-1.503300E-4	1.210630E+4	0.000000E+0	0.000000E+0
3.767116E+3	-1.503100E-4	1.210630E+4	0.000000E+0	0.000000E+0
3.771113E+3	-1.503200E-4	1.210640E+4	0.000000E+0	0.000000E+0
3.775118E+3	-1.503300E-4	1.210640E+4	0.000000E+0	0.000000E+0
3.779116E+3	-1.503100E-4	1.210640E+4	0.000000E+0	0.000000E+0
3.783116E+3	-1.503500E-4	1.210650E+4	0.000000E+0	0.000000E+0
3.787117E+3	-1.503200E-4	1.210640E+4	0.000000E+0	0.000000E+0
3.791121E+3	-1.503200E-4	1.210660E+4	0.000000E+0	0.000000E+0
3.795092E+3	-1.503000E-4	1.210660E+4	0.000000E+0	0.000000E+0
3.799133E+3	-1.503100E-4	1.210650E+4	0.000000E+0	0.000000E+0
3.803119E+3	-1.503300E-4	1.210670E+4	0.000000E+0	0.000000E+0
3.807094E+3	-1.503300E-4	1.210670E+4	0.000000E+0	0.000000E+0
3.811131E+3	-1.503100E-4	1.210680E+4	0.000000E+0	0.000000E+0
3.815122E+3	-1.503600E-4	1.210670E+4	0.000000E+0	0.000000E+0
3.819095E+3	-1.503400E-4	1.210680E+4	0.000000E+0	0.000000E+0
3.823125E+3	-1.503200E-4	1.210690E+4	0.000000E+0	0.000000E+0
3.827111E+3	-1.503300E-4	1.210700E+4	0.000000E+0	0.000000E+0
3.831118E+3	-1.503300E-4	1.210700E+4	0.000000E+0	0.000000E+0
3.835116E+3	-1.503500E-4	1.210700E+4	0.000000E+0	0.000000E+0
3.839114E+3	-1.503600E-4	1.210700E+4	0.000000E+0	0.000000E+0
3.843113E+3	-1.503300E-4	1.210700E+4	0.000000E+0	0.000000E+0
3.847127E+3	-1.503200E-4	1.210700E+4	0.000000E+0	0.000000E+0
3.851099E+3	-1.503400E-4	1.210720E+4	0.000000E+0	0.000000E+0
3.855132E+3	-1.502900E-4	1.210730E+4	0.000000E+0	0.000000E+0
3.859093E+3	-1.503200E-4	1.210740E+4	0.000000E+0	0.000000E+0
3.863135E+3	-1.503400E-4	1.210760E+4	0.000000E+0	0.000000E+0
3.867096E+3	-1.503300E-4	1.210760E+4	0.000000E+0	0.000000E+0
3.871132E+3	-1.502900E-4	1.210770E+4	0.000000E+0	0.000000E+0
3.875093E+3	-1.502600E-4	1.210780E+4	0.000000E+0	0.000000E+0
3.879135E+3	-1.503200E-4	1.210780E+4	0.000000E+0	0.000000E+0
3.883096E+3	-1.503000E-4	1.210790E+4	0.000000E+0	0.000000E+0
3.887135E+3	-1.503100E-4	1.210790E+4	0.000000E+0	0.000000E+0
3.891093E+3	-1.503200E-4	1.210800E+4	0.000000E+0	0.000000E+0
3.895134E+3	-1.503000E-4	1.210800E+4	0.000000E+0	0.000000E+0
3.899096E+3	-1.503300E-4	1.210800E+4	0.000000E+0	0.000000E+0
3.903119E+3	-1.503300E-4	1.210800E+4	0.000000E+0	0.000000E+0
3.907094E+3	-1.503100E-4	1.210820E+4	0.000000E+0	0.000000E+0
3.911132E+3	-1.503000E-4	1.210820E+4	0.000000E+0	0.000000E+0
3.915125E+3	-1.503000E-4	1.210820E+4	0.000000E+0	0.000000E+0
3.919095E+3	-1.503400E-4	1.210820E+4	0.000000E+0	0.000000E+0
3.923125E+3	-1.503500E-4	1.210830E+4	0.000000E+0	0.000000E+0
3.927111E+3	-1.503300E-4	1.210830E+4	0.000000E+0	0.000000E+0
3.931118E+3	-1.503500E-4	1.210840E+4	0.000000E+0	0.000000E+0
3.935111E+3	-1.503700E-4	1.210830E+4	0.000000E+0	0.000000E+0
3.939109E+3	-1.503700E-4	1.210840E+4	0.000000E+0	0.000000E+0
3.943109E+3	-1.503400E-4	1.210840E+4	0.000000E+0	0.000000E+0
3.947116E+3	-1.503700E-4	1.210840E+4	0.000000E+0	0.000000E+0
3.951118E+3	-1.503800E-4	1.210840E+4	0.000000E+0	0.000000E+0
3.955114E+3	-1.503700E-4	1.210850E+4	0.000000E+0	0.000000E+0
3.959114E+3	-1.503700E-4	1.210850E+4	0.000000E+0	0.000000E+0
3.963127E+3	-1.503500E-4	1.210860E+4	0.000000E+0	0.000000E+0
3.967093E+3	-1.503700E-4	1.210870E+4	0.000000E+0	0.000000E+0
3.971132E+3	-1.503800E-4	1.210870E+4	0.000000E+0	0.000000E+0
3.975091E+3	-1.504000E-4	1.210880E+4	0.000000E+0	0.000000E+0
3.979131E+3	-1.503900E-4	1.210880E+4	0.000000E+0	0.000000E+0
3.983117E+3	-1.503800E-4	1.210880E+4	0.000000E+0	0.000000E+0
3.987117E+3	-1.504000E-4	1.210900E+4	0.000000E+0	0.000000E+0
3.991089E+3	-1.504000E-4	1.210900E+4	0.000000E+0	0.000000E+0
3.995132E+3	-1.504000E-4	1.210890E+4	0.000000E+0	0.000000E+0
3.999113E+3	-1.503400E-4	1.210930E+4	0.000000E+0	0.000000E+0
4.003113E+3	-1.503600E-4	1.210930E+4	0.000000E+0	0.000000E+0
4.007112E+3	-1.503600E-4	1.210940E+4	0.000000E+0	0.000000E+0
4.011111E+3	-1.503500E-4	1.210940E+4	0.000000E+0	0.000000E+0
4.015114E+3	-1.503400E-4	1.210960E+4	0.000000E+0	0.000000E+0
4.019113E+3	-1.503500E-4	1.210960E+4	0.000000E+0	0.000000E+0
4.023113E+3	-1.503500E-4	1.210970E+4	0.000000E+0	0.000000E+0
4.027113E+3	-1.503400E-4	1.210980E+4	0.000000E+0	0.000000E+0
4.031116E+3	-1.503400E-4	1.210980E+4	0.000000E+0	0.000000E+0
4.035114E+3	-1.503400E-4	1.211000E+4	0.000000E+0	0.000000E+0
4.039113E+3	-1.503500E-4	1.211010E+4	0.000000E+0	0.000000E+0
4.043116E+3	-1.503500E-4	1.211020E+4	0.000000E+0	0.000000E+0
4.047113E+3	-1.503300E-4	1.211020E+4	0.000000E+0	0.000000E+0
4.051116E+3	-1.503500E-4	1.211040E+4	0.000000E+0	0.000000E+0
4.055115E+3	-1.503400E-4	1.211050E+4	0.000000E+0	0.000000E+0
4.059116E+3	-1.503000E-4	1.211060E+4	0.000000E+0	0.000000E+0
4.063116E+3	-1.503200E-4	1.211050E+4	0.000000E+0	0.000000E+0
4.067115E+3	-1.503000E-4	1.211060E+4	0.000000E+0	0.000000E+0
4.071115E+3	-1.503000E-4	1.211060E+4	0.000000E+0	0.000000E+0
4.075112E+3	-1.502700E-4	1.211060E+4	0.000000E+0	0.000000E+0
4.079114E+3	-1.502900E-4	1.211060E+4	0.000000E+0	0.000000E+0
4.083117E+3	-1.503000E-4	1.211070E+4	0.000000E+0	0.000000E+0
4.087116E+3	-1.503000E-4	1.211070E+4	0.000000E+0	0.000000E+0
4.091119E+3	-1.503200E-4	1.211070E+4	0.000000E+0	0.000000E+0
4.095120E+3	-1.503200E-4	1.211080E+4	0.000000E+0	0.000000E+0
4.099095E+3	-1.502900E-4	1.211080E+4	0.000000E+0	0.000000E+0
4.103125E+3	-1.503200E-4	1.211090E+4	0.000000E+0	0.000000E+0
4.107111E+3	-1.503100E-4	1.211100E+4	0.000000E+0	0.000000E+0
4.111116E+3	-1.503200E-4	1.211100E+4	0.000000E+0	0.000000E+0
4.115117E+3	-1.502900E-4	1.211120E+4	0.000000E+0	0.000000E+0
4.119116E+3	-1.503100E-4	1.211130E+4	0.000000E+0	0.000000E+0
4.123116E+3	-1.503100E-4	1.211130E+4	0.000000E+0	0.000000E+0
4.127116E+3	-1.503000E-4	1.211140E+4	0.000000E+0	0.000000E+0
4.131118E+3	-1.503200E-4	1.211150E+4	0.000000E+0	0.000000E+0
4.135116E+3	-1.503100E-4	1.211150E+4	0.000000E+0	0.000000E+0
4.139116E+3	-1.503300E-4	1.211140E+4	0.000000E+0	0.000000E+0
4.143116E+3	-1.503100E-4	1.211140E+4	0.000000E+0	0.000000E+0
4.147112E+3	-1.503300E-4	1.211150E+4	0.000000E+0	0.000000E+0
4.151116E+3	-1.503000E-4	1.211150E+4	0.000000E+0	0.000000E+0
4.155115E+3	-1.503300E-4	1.211160E+4	0.000000E+0	0.000000E+0
4.159115E+3	-1.503500E-4	1.211170E+4	0.000000E+0	0.000000E+0
4.163116E+3	-1.503300E-4	1.211170E+4	0.000000E+0	0.000000E+0
4.167117E+3	-1.503400E-4	1.211170E+4	0.000000E+0	0.000000E+0
4.171115E+3	-1.503400E-4	1.211180E+4	0.000000E+0	0.000000E+0
4.175115E+3	-1.503500E-4	1.211190E+4	0.000000E+0	0.000000E+0
4.179116E+3	-1.503700E-4	1.211200E+4	0.000000E+0	0.000000E+0
4.183116E+3	-1.503300E-4	1.211190E+4	0.000000E+0	0.000000E+0
4.187092E+3	-1.503100E-4	1.211190E+4	0.000000E+0	0.000000E+0
4.191133E+3	-1.503000E-4	1.211200E+4	0.000000E+0	0.000000E+0
4.195092E+3	-1.503100E-4	1.211200E+4	0.000000E+0	0.000000E+0
4.199141E+3	-1.502900E-4	1.211190E+4	0.000000E+0	0.000000E+0
4.203094E+3	-1.503000E-4	1.211200E+4	0.000000E+0	0.000000E+0
4.207133E+3	-1.503100E-4	1.211200E+4	0.000000E+0	0.000000E+0
4.211098E+3	-1.503100E-4	1.211200E+4	0.000000E+0	0.000000E+0
4.215136E+3	-1.503000E-4	1.211200E+4	0.000000E+0	0.000000E+0
4.219095E+3	-1.502800E-4	1.211220E+4	0.000000E+0	0.000000E+0
4.223132E+3	-1.502900E-4	1.211220E+4	0.000000E+0	0.000000E+0
4.227095E+3	-1.503300E-4	1.211220E+4	0.000000E+0	0.000000E+0
4.231135E+3	-1.503400E-4	1.211220E+4	0.000000E+0	0.000000E+0
4.235092E+3	-1.503200E-4	1.211230E+4	0.000000E+0	0.000000E+0
4.239132E+3	-1.503000E-4	1.211240E+4	0.000000E+0	0.000000E+0
4.243116E+3	-1.502900E-4	1.211250E+4	0.000000E+0	0.000000E+0
4.247113E+3	-1.503300E-4	1.211260E+4	0.000000E+0	0.000000E+0
4.251116E+3	-1.503400E-4	1.211270E+4	0.000000E+0	0.000000E+0
4.255115E+3	-1.503400E-4	1.211280E+4	0.000000E+0	0.000000E+0
4.259116E+3	-1.503900E-4	1.211280E+4	0.000000E+0	0.000000E+0
4.263116E+3	-1.503900E-4	1.211290E+4	0.000000E+0	0.000000E+0
4.267117E+3	-1.504200E-4	1.211290E+4	0.000000E+0	0.000000E+0
4.271116E+3	-1.503200E-4	1.211300E+4	0.000000E+0	0.000000E+0
4.275112E+3	-1.503200E-4	1.211300E+4	0.000000E+0	0.000000E+0
4.279113E+3	-1.503600E-4	1.211310E+4	0.000000E+0	0.000000E+0
4.283115E+3	-1.503300E-4	1.211320E+4	0.000000E+0	0.000000E+0
4.287115E+3	-1.503700E-4	1.211320E+4	0.000000E+0	0.000000E+0
4.291113E+3	-1.503500E-4	1.211330E+4	0.000000E+0	0.000000E+0
4.295115E+3	-1.503600E-4	1.211330E+4	0.000000E+0	0.000000E+0
4.299118E+3	-1.503300E-4	1.211340E+4	0.000000E+0	0.000000E+0
4.303090E+3	-1.503200E-4	1.211340E+4	0.000000E+0	0.000000E+0
4.307129E+3	-1.503400E-4	1.211350E+4	0.000000E+0	0.000000E+0
4.311116E+3	-1.503500E-4	1.211350E+4	0.000000E+0	0.000000E+0
4.315115E+3	-1.503600E-4	1.211350E+4	0.000000E+0	0.000000E+0
4.319114E+3	-1.503400E-4	1.211360E+4	0.000000E+0	0.000000E+0
4.323113E+3	-1.503600E-4	1.211370E+4	0.000000E+0	0.000000E+0
4.327114E+3	-1.503500E-4	1.211380E+4	0.000000E+0	0.000000E+0
4.331113E+3	-1.503600E-4	1.211380E+4	0.000000E+0	0.000000E+0
4.335114E+3	-1.503500E-4	1.211400E+4	0.000000E+0	0.000000E+0
4.339114E+3	-1.503500E-4	1.211400E+4	0.000000E+0	0.000000E+0
4.343115E+3	-1.503400E-4	1.211400E+4	0.000000E+0	0.000000E+0
4.347111E+3	-1.503300E-4	1.211410E+4	0.000000E+0	0.000000E+0
4.351115E+3	-1.503800E-4	1.211410E+4	0.000000E+0	0.000000E+0
4.355116E+3	-1.503600E-4	1.211410E+4	0.000000E+0	0.000000E+0
4.359116E+3	-1.503600E-4	1.211410E+4	0.000000E+0	0.000000E+0
4.363119E+3	-1.503500E-4	1.211410E+4	0.000000E+0	0.000000E+0
4.367116E+3	-1.503800E-4	1.211410E+4	0.000000E+0	0.000000E+0
4.371115E+3	-1.503600E-4	1.211410E+4	0.000000E+0	0.000000E+0
4.375113E+3	-1.503400E-4	1.211410E+4	0.000000E+0	0.000000E+0
4.379115E+3	-1.503400E-4	1.211410E+4	0.000000E+0	0.000000E+0
4.383112E+3	-1.503000E-4	1.211420E+4	0.000000E+0	0.000000E+0
4.387108E+3	-1.503100E-4	1.211430E+4	0.000000E+0	0.000000E+0
4.391111E+3	-1.503100E-4	1.211430E+4	0.000000E+0	0.000000E+0
4.395113E+3	-1.502800E-4	1.211430E+4	0.000000E+0	0.000000E+0
4.399113E+3	-1.502700E-4	1.211450E+4	0.000000E+0	0.000000E+0
4.403113E+3	-1.502800E-4	1.211450E+4	0.000000E+0	0.000000E+0
4.407114E+3	-1.503000E-4	1.211460E+4	0.000000E+0	0.000000E+0
4.411116E+3	-1.502700E-4	1.211470E+4	0.000000E+0	0.000000E+0
4.415118E+3	-1.502800E-4	1.211480E+4	0.000000E+0	0.000000E+0
4.419116E+3	-1.502800E-4	1.211490E+4	0.000000E+0	0.000000E+0
4.423116E+3	-1.502600E-4	1.211500E+4	0.000000E+0	0.000000E+0
4.427088E+3	-1.503000E-4	1.211490E+4	0.000000E+0	0.000000E+0
4.431132E+3	-1.502600E-4	1.211500E+4	0.000000E+0	0.000000E+0
4.435096E+3	-1.502700E-4	1.211510E+4	0.000000E+0	0.000000E+0
4.439138E+3	-1.502700E-4	1.211510E+4	0.000000E+0	0.000000E+0
4.443098E+3	-1.502800E-4	1.211510E+4	0.000000E+0	0.000000E+0
4.447115E+3	-1.502500E-4	1.211520E+4	0.000000E+0	0.000000E+0
4.451116E+3	-1.503000E-4	1.211520E+4	0.000000E+0	0.000000E+0
4.455090E+3	-1.502700E-4	1.211520E+4	0.000000E+0	0.000000E+0
4.459127E+3	-1.503100E-4	1.211520E+4	0.000000E+0	0.000000E+0
4.463119E+3	-1.503000E-4	1.211530E+4	0.000000E+0	0.000000E+0
4.467094E+3	-1.503200E-4	1.211530E+4	0.000000E+0	0.000000E+0
4.471131E+3	-1.503200E-4	1.211550E+4	0.000000E+0	0.000000E+0
4.475092E+3	-1.503100E-4	1.211550E+4	0.000000E+0	0.000000E+0
4.479141E+3	-1.502700E-4	1.211550E+4	0.000000E+0	0.000000E+0
4.483101E+3	-1.502700E-4	1.211550E+4	0.000000E+0	0.000000E+0
4.487118E+3	-1.502700E-4	1.211550E+4	0.000000E+0	0.000000E+0
4.491097E+3	-1.502300E-4	1.211550E+4	0.000000E+0	0.000000E+0
4.495129E+3	-1.502900E-4	1.211550E+4	0.000000E+0	0.000000E+0
4.499110E+3	-1.502700E-4	1.211560E+4	0.000000E+0	0.000000E+0
4.503116E+3	-1.503100E-4	1.211560E+4	0.000000E+0	0.000000E+0
4.507113E+3	-1.503300E-4	1.211580E+4	0.000000E+0	0.000000E+0
4.511114E+3	-1.503400E-4	1.211590E+4	0.000000E+0	0.000000E+0
4.515116E+3	-1.503800E-4	1.211590E+4	0.000000E+0	0.000000E+0
4.519114E+3	-1.503700E-4	1.211600E+4	0.000000E+0	0.000000E+0
4.523112E+3	-1.503700E-4	1.211600E+4	0.000000E+0	0.000000E+0
4.527116E+3	-1.503700E-4	1.211590E+4	0.000000E+0	0.000000E+0
4.531118E+3	-1.503300E-4	1.211600E+4	0.000000E+0	0.000000E+0
4.535116E+3	-1.503700E-4	1.211610E+4	0.000000E+0	0.000000E+0
4.539115E+3	-1.503600E-4	1.211610E+4	0.000000E+0	0.000000E+0
4.543115E+3	-1.503800E-4	1.211620E+4	0.000000E+0	0.000000E+0
4.547116E+3	-1.503700E-4	1.211630E+4	0.000000E+0	0.000000E+0
4.551115E+3	-1.503800E-4	1.211630E+4	0.000000E+0	0.000000E+0
4.555117E+3	-1.503700E-4	1.211630E+4	0.000000E+0	0.000000E+0
4.559120E+3	-1.504000E-4	1.211650E+4	0.000000E+0	0.000000E+0
4.563117E+3	-1.503700E-4	1.211640E+4	0.000000E+0	0.000000E+0
4.567116E+3	-1.503600E-4	1.211650E+4	0.000000E+0	0.000000E+0
4.571116E+3	-1.503300E-4	1.211660E+4	0.000000E+0	0.000000E+0
4.575116E+3	-1.503200E-4	1.211650E+4	0.000000E+0	0.000000E+0
4.579117E+3	-1.503300E-4	1.211660E+4	0.000000E+0	0.000000E+0
4.583116E+3	-1.503100E-4	1.211670E+4	0.000000E+0	0.000000E+0
4.587115E+3	-1.503000E-4	1.211670E+4	0.000000E+0	0.000000E+0
4.591116E+3	-1.503100E-4	1.211680E+4	0.000000E+0	0.000000E+0
4.595120E+3	-1.503100E-4	1.211690E+4	0.000000E+0	0.000000E+0
4.599093E+3	-1.503000E-4	1.211700E+4	0.000000E+0	0.000000E+0
4.603126E+3	-1.503200E-4	1.211700E+4	0.000000E+0	0.000000E+0
4.607111E+3	-1.503400E-4	1.211710E+4	0.000000E+0	0.000000E+0
4.611116E+3	-1.503300E-4	1.211700E+4	0.000000E+0	0.000000E+0
4.615119E+3	-1.503200E-4	1.211710E+4	0.000000E+0	0.000000E+0
4.619116E+3	-1.503200E-4	1.211710E+4	0.000000E+0	0.000000E+0
4.623114E+3	-1.503500E-4	1.211720E+4	0.000000E+0	0.000000E+0
4.627116E+3	-1.503600E-4	1.211730E+4	0.000000E+0	0.000000E+0
4.631112E+3	-1.503500E-4	1.211730E+4	0.000000E+0	0.000000E+0
4.635115E+3	-1.503600E-4	1.211750E+4	0.000000E+0	0.000000E+0
4.639114E+3	-1.503600E-4	1.211750E+4	0.000000E+0	0.000000E+0
4.643116E+3	-1.503800E-4	1.211750E+4	0.000000E+0	0.000000E+0
4.647114E+3	-1.503800E-4	1.211770E+4	0.000000E+0	0.000000E+0
4.651116E+3	-1.503900E-4	1.211770E+4	0.000000E+0	0.000000E+0
4.655115E+3	-1.503800E-4	1.211770E+4	0.000000E+0	0.000000E+0
4.659115E+3	-1.503800E-4	1.211770E+4	0.000000E+0	0.000000E+0
4.663116E+3	-1.503800E-4	1.211770E+4	0.000000E+0	0.000000E+0
4.667117E+3	-1.503600E-4	1.211770E+4	0.000000E+0	0.000000E+0
4.671113E+3	-1.503700E-4	1.211770E+4	0.000000E+0	0.000000E+0
4.675113E+3	-1.503300E-4	1.211770E+4	0.000000E+0	0.000000E+0
4.679111E+3	-1.503800E-4	1.211790E+4	0.000000E+0	0.000000E+0
4.683115E+3	-1.503600E-4	1.211790E+4	0.000000E+0	0.000000E+0
4.687117E+3	-1.503600E-4	1.211800E+4	0.000000E+0	0.000000E+0
4.691116E+3	-1.503700E-4	1.211790E+4	0.000000E+0	0.000000E+0
4.695113E+3	-1.503600E-4	1.211800E+4	0.000000E+0	0.000000E+0
4.699115E+3	-1.503600E-4	1.211810E+4	0.000000E+0	0.000000E+0
4.703116E+3	-1.503700E-4	1.211820E+4	0.000000E+0	0.000000E+0
4.707116E+3	-1.503700E-4	1.211830E+4	0.000000E+0	0.000000E+0
4.711116E+3	-1.503700E-4	1.211830E+4	0.000000E+0	0.000000E+0
4.715114E+3	-1.503800E-4	1.211840E+4	0.000000E+0	0.000000E+0
4.719118E+3	-1.504200E-4	1.211830E+4	0.000000E+0	0.000000E+0
4.723114E+3	-1.504200E-4	1.211840E+4	0.000000E+0	0.000000E+0
4.727112E+3	-1.504200E-4	1.211840E+4	0.000000E+0	0.000000E+0
4.731115E+3	-1.504000E-4	1.211840E+4	0.000000E+0	0.000000E+0
4.735116E+3	-1.504000E-4	1.211830E+4	0.000000E+0	0.000000E+0
4.739116E+3	-1.503700E-4	1.211850E+4	0.000000E+0	0.000000E+0
4.743115E+3	-1.503600E-4	1.211840E+4	0.000000E+0	0.000000E+0
4.747115E+3	-1.503900E-4	1.211850E+4	0.000000E+0	0.000000E+0
4.751116E+3	-1.504000E-4	1.211870E+4	0.000000E+0	0.000000E+0
4.755119E+3	-1.503700E-4	1.211870E+4	0.000000E+0	0.000000E+0
4.759117E+3	-1.503700E-4	1.211880E+4	0.000000E+0	0.000000E+0
4.763117E+3	-1.503900E-4	1.211880E+4	0.000000E+0	0.000000E+0
4.767118E+3	-1.503900E-4	1.211890E+4	0.000000E+0	0.000000E+0
4.771117E+3	-1.504000E-4	1.211900E+4	0.000000E+0	0.000000E+0
4.775116E+3	-1.504200E-4	1.211900E+4	0.000000E+0	0.000000E+0
4.779114E+3	-1.504100E-4	1.211910E+4	0.000000E+0	0.000000E+0
4.783116E+3	-1.503600E-4	1.211910E+4	0.000000E+0	0.000000E+0
4.787114E+3	-1.503800E-4	1.211910E+4	0.000000E+0	0.000000E+0
4.791113E+3	-1.503700E-4	1.211910E+4	0.000000E+0	0.000000E+0
4.795116E+3	-1.503900E-4	1.211910E+4	0.000000E+0	0.000000E+0
4.799113E+3	-1.503900E-4	1.211920E+4	0.000000E+0	0.000000E+0
4.803116E+3	-1.504100E-4	1.211930E+4	0.000000E+0	0.000000E+0
4.807114E+3	-1.504000E-4	1.211940E+4	0.000000E+0	0.000000E+0
4.811114E+3	-1.504100E-4	1.211940E+4	0.000000E+0	0.000000E+0
4.815115E+3	-1.504000E-4	1.211950E+4	0.000000E+0	0.000000E+0
4.819112E+3	-1.504000E-4	1.211940E+4	0.000000E+0	0.000000E+0
4.823114E+3	-1.504200E-4	1.211950E+4	0.000000E+0	0.000000E+0
4.827115E+3	-1.503900E-4	1.211960E+4	0.000000E+0	0.000000E+0
4.831112E+3	-1.504000E-4	1.211960E+4	0.000000E+0	0.000000E+0
4.835113E+3	-1.504100E-4	1.211960E+4	0.000000E+0	0.000000E+0
4.839113E+3	-1.504200E-4	1.211970E+4	0.000000E+0	0.000000E+0
4.843113E+3	-1.503700E-4	1.211980E+4	0.000000E+0	0.000000E+0
4.847120E+3	-1.503700E-4	1.211980E+4	0.000000E+0	0.000000E+0
4.851116E+3	-1.503900E-4	1.211990E+4	0.000000E+0	0.000000E+0
4.855115E+3	-1.504000E-4	1.212010E+4	0.000000E+0	0.000000E+0
4.859115E+3	-1.503800E-4	1.212020E+4	0.000000E+0	0.000000E+0
4.863115E+3	-1.504000E-4	1.212020E+4	0.000000E+0	0.000000E+0
4.867116E+3	-1.503400E-4	1.212030E+4	0.000000E+0	0.000000E+0
4.871115E+3	-1.503400E-4	1.212030E+4	0.000000E+0	0.000000E+0
4.875114E+3	-1.503600E-4	1.212050E+4	0.000000E+0	0.000000E+0
4.879115E+3	-1.503800E-4	1.212080E+4	0.000000E+0	0.000000E+0
4.883116E+3	-1.504000E-4	1.212080E+4	0.000000E+0	0.000000E+0
4.887118E+3	-1.504100E-4	1.212080E+4	0.000000E+0	0.000000E+0
4.891096E+3	-1.503700E-4	1.212080E+4	0.000000E+0	0.000000E+0
4.895135E+3	-1.503800E-4	1.212090E+4	0.000000E+0	0.000000E+0
4.899093E+3	-1.503500E-4	1.212100E+4	0.000000E+0	0.000000E+0
4.903134E+3	-1.503700E-4	1.212100E+4	0.000000E+0	0.000000E+0
4.907098E+3	-1.503500E-4	1.212090E+4	0.000000E+0	0.000000E+0
4.911137E+3	-1.503500E-4	1.212100E+4	0.000000E+0	0.000000E+0
4.915096E+3	-1.503300E-4	1.212100E+4	0.000000E+0	0.000000E+0
4.919133E+3	-1.503200E-4	1.212100E+4	0.000000E+0	0.000000E+0
4.923121E+3	-1.503400E-4	1.212100E+4	0.000000E+0	0.000000E+0
4.927095E+3	-1.503500E-4	1.212110E+4	0.000000E+0	0.000000E+0
4.931115E+3	-1.503400E-4	1.212110E+4	0.000000E+0	0.000000E+0
4.935112E+3	-1.503200E-4	1.212120E+4	0.000000E+0	0.000000E+0
4.939116E+3	-1.503500E-4	1.212120E+4	0.000000E+0	0.000000E+0
4.943095E+3	-1.503500E-4	1.212140E+4	0.000000E+0	0.000000E+0
4.947130E+3	-1.503500E-4	1.212150E+4	0.000000E+0	0.000000E+0
4.951110E+3	-1.503700E-4	1.212170E+4	0.000000E+0	0.000000E+0
4.955118E+3	-1.503600E-4	1.212170E+4	0.000000E+0	0.000000E+0
4.959116E+3	-1.503300E-4	1.212170E+4	0.000000E+0	0.000000E+0
4.963115E+3	-1.503600E-4	1.212180E+4	0.000000E+0	0.000000E+0
4.967113E+3	-1.503600E-4	1.212190E+4	0.000000E+0	0.000000E+0
4.971115E+3	-1.503400E-4	1.212190E+4	0.000000E+0	0.000000E+0
4.975118E+3	-1.503300E-4	1.212200E+4	0.000000E+0	0.000000E+0
4.979118E+3	-1.503600E-4	1.212200E+4	0.000000E+0	0.000000E+0
4.983093E+3	-1.503700E-4	1.212200E+4	0.000000E+0	0.000000E+0
4.987133E+3	-1.503400E-4	1.212210E+4	0.000000E+0	0.000000E+0
4.991118E+3	-1.503200E-4	1.212210E+4	0.000000E+0	0.000000E+0
4.995095E+3	-1.503300E-4	1.212210E+4	0.000000E+0	0.000000E+0
4.999134E+3	-1.503300E-4	1.212210E+4	0.000000E+0	0.000000E+0
5.003096E+3	-1.503200E-4	1.212220E+4	0.000000E+0	0.000000E+0
5.007137E+3	-1.503300E-4	1.212210E+4	0.000000E+0	0.000000E+0
5.011094E+3	-1.503200E-4	1.212220E+4	0.000000E+0	0.000000E+0
5.015124E+3	-1.503400E-4	1.212230E+4	0.000000E+0	0.000000E+0
5.019115E+3	-1.503500E-4	1.212240E+4	0.000000E+0	0.000000E+0
5.023118E+3	-1.503300E-4	1.212250E+4	0.000000E+0	0.000000E+0
5.027095E+3	-1.503100E-4	1.212260E+4	0.000000E+0	0.000000E+0
5.031125E+3	-1.503000E-4	1.212260E+4	0.000000E+0	0.000000E+0
5.035112E+3	-1.502700E-4	1.212250E+4	0.000000E+0	0.000000E+0
5.039119E+3	-1.502500E-4	1.212250E+4	0.000000E+0	0.000000E+0
5.043115E+3	-1.502600E-4	1.212260E+4	0.000000E+0	0.000000E+0
5.047115E+3	-1.502800E-4	1.212260E+4	0.000000E+0	0.000000E+0
5.051115E+3	-1.502600E-4	1.212270E+4	0.000000E+0	0.000000E+0
5.055116E+3	-1.502700E-4	1.212270E+4	0.000000E+0	0.000000E+0
5.059117E+3	-1.502700E-4	1.212280E+4	0.000000E+0	0.000000E+0
5.063117E+3	-1.502600E-4	1.212290E+4	0.000000E+0	0.000000E+0
5.067090E+3	-1.502800E-4	1.212290E+4	0.000000E+0	0.000000E+0
5.071130E+3	-1.502700E-4	1.212300E+4	0.000000E+0	0.000000E+0
5.075116E+3	-1.502700E-4	1.212300E+4	0.000000E+0	0.000000E+0
5.079113E+3	-1.502800E-4	1.212310E+4	0.000000E+0	0.000000E+0
5.083111E+3	-1.503000E-4	1.212310E+4	0.000000E+0	0.000000E+0
5.087116E+3	-1.502700E-4	1.212320E+4	0.000000E+0	0.000000E+0
5.091116E+3	-1.502700E-4	1.212320E+4	0.000000E+0	0.000000E+0
5.095116E+3	-1.502900E-4	1.212320E+4	0.000000E+0	0.000000E+0
5.099112E+3	-1.502900E-4	1.212320E+4	0.000000E+0	0.000000E+0
5.103118E+3	-1.502800E-4	1.212320E+4	0.000000E+0	0.000000E+0
5.107091E+3	-1.503200E-4	1.212330E+4	0.000000E+0	0.000000E+0
5.111134E+3	-1.503000E-4	1.212340E+4	0.000000E+0	0.000000E+0
5.115094E+3	-1.503400E-4	1.212330E+4	0.000000E+0	0.000000E+0
5.119134E+3	-1.503500E-4	1.212340E+4	0.000000E+0	0.000000E+0
5.123119E+3	-1.503700E-4	1.212330E+4	0.000000E+0	0.000000E+0
5.127097E+3	-1.503500E-4	1.212330E+4	0.000000E+0	0.000000E+0
5.131125E+3	-1.503400E-4	1.212330E+4	0.000000E+0	0.000000E+0
5.135112E+3	-1.503800E-4	1.212340E+4	0.000000E+0	0.000000E+0
5.139117E+3	-1.503400E-4	1.212340E+4	0.000000E+0	0.000000E+0
5.143115E+3	-1.503500E-4	1.212350E+4	0.000000E+0	0.000000E+0
5.147115E+3	-1.503600E-4	1.212350E+4	0.000000E+0	0.000000E+0
5.151111E+3	-1.503900E-4	1.212340E+4	0.000000E+0	0.000000E+0
5.155118E+3	-1.503600E-4	1.212350E+4	0.000000E+0	0.000000E+0
5.159120E+3	-1.503400E-4	1.212350E+4	0.000000E+0	0.000000E+0
5.163118E+3	-1.503700E-4	1.212360E+4	0.000000E+0	0.000000E+0
5.167089E+3	-1.504000E-4	1.212370E+4	0.000000E+0	0.000000E+0
5.171130E+3	-1.504000E-4	1.212380E+4	0.000000E+0	0.000000E+0
5.175118E+3	-1.503900E-4	1.212370E+4	0.000000E+0	0.000000E+0
5.179116E+3	-1.503900E-4	1.212380E+4	0.000000E+0	0.000000E+0
5.183090E+3	-1.504000E-4	1.212390E+4	0.000000E+0	0.000000E+0
5.187129E+3	-1.504000E-4	1.212390E+4	0.000000E+0	0.000000E+0
5.191116E+3	-1.503900E-4	1.212400E+4	0.000000E+0	0.000000E+0
5.195118E+3	-1.503800E-4	1.212410E+4	0.000000E+0	0.000000E+0
5.199112E+3	-1.504000E-4	1.212420E+4	0.000000E+0	0.000000E+0
5.203112E+3	-1.503900E-4	1.212420E+4	0.000000E+0	0.000000E+0
5.207115E+3	-1.504100E-4	1.212430E+4	0.000000E+0	0.000000E+0
5.211116E+3	-1.504100E-4	1.212430E+4	0.000000E+0	0.000000E+0
5.215116E+3	-1.504200E-4	1.212440E+4	0.000000E+0	0.000000E+0
5.219115E+3	-1.504100E-4	1.212430E+4	0.000000E+0	0.000000E+0
5.223117E+3	-1.503800E-4	1.212440E+4	0.000000E+0	0.000000E+0
5.227091E+3	-1.503900E-4	1.212440E+4	0.000000E+0	0.000000E+0
5.231112E+3	-1.504000E-4	1.212450E+4	0.000000E+0	0.000000E+0
5.235112E+3	-1.504200E-4	1.212450E+4	0.000000E+0	0.000000E+0
5.239116E+3	-1.504200E-4	1.212450E+4	0.000000E+0	0.000000E+0
5.243112E+3	-1.504100E-4	1.212450E+4	0.000000E+0	0.000000E+0
5.247115E+3	-1.504000E-4	1.212450E+4	0.000000E+0	0.000000E+0
5.251116E+3	-1.503900E-4	1.212450E+4	0.000000E+0	0.000000E+0
5.255116E+3	-1.504000E-4	1.212460E+4	0.000000E+0	0.000000E+0
5.259116E+3	-1.504000E-4	1.212460E+4	0.000000E+0	0.000000E+0
5.263116E+3	-1.504300E-4	1.212470E+4	0.000000E+0	0.000000E+0
5.267113E+3	-1.504100E-4	1.212470E+4	0.000000E+0	0.000000E+0
5.271116E+3	-1.504100E-4	1.212470E+4	0.000000E+0	0.000000E+0
5.275118E+3	-1.504000E-4	1.212480E+4	0.000000E+0	0.000000E+0
5.279096E+3	-1.504100E-4	1.212470E+4	0.000000E+0	0.000000E+0
5.283126E+3	-1.504000E-4	1.212470E+4	0.000000E+0	0.000000E+0
5.287115E+3	-1.504200E-4	1.212480E+4	0.000000E+0	0.000000E+0
5.291119E+3	-1.504200E-4	1.212510E+4	0.000000E+0	0.000000E+0
5.295095E+3	-1.503900E-4	1.212510E+4	0.000000E+0	0.000000E+0
5.299126E+3	-1.503800E-4	1.212500E+4	0.000000E+0	0.000000E+0
5.303114E+3	-1.503700E-4	1.212520E+4	0.000000E+0	0.000000E+0
5.307121E+3	-1.503500E-4	1.212510E+4	0.000000E+0	0.000000E+0
5.311097E+3	-1.503600E-4	1.212520E+4	0.000000E+0	0.000000E+0
5.315125E+3	-1.503800E-4	1.212520E+4	0.000000E+0	0.000000E+0
5.319112E+3	-1.503700E-4	1.212520E+4	0.000000E+0	0.000000E+0
5.323117E+3	-1.503600E-4	1.212530E+4	0.000000E+0	0.000000E+0
5.327120E+3	-1.503500E-4	1.212540E+4	0.000000E+0	0.000000E+0
5.331092E+3	-1.503800E-4	1.212540E+4	0.000000E+0	0.000000E+0
5.335130E+3	-1.503800E-4	1.212550E+4	0.000000E+0	0.000000E+0
5.339117E+3	-1.503600E-4	1.212540E+4	0.000000E+0	0.000000E+0
5.343094E+3	-1.503600E-4	1.212540E+4	0.000000E+0	0.000000E+0
5.347110E+3	-1.503700E-4	1.212550E+4	0.000000E+0	0.000000E+0
5.351111E+3	-1.503600E-4	1.212560E+4	0.000000E+0	0.000000E+0
5.355121E+3	-1.503600E-4	1.212570E+4	0.000000E+0	0.000000E+0
5.359121E+3	-1.503200E-4	1.212570E+4	0.000000E+0	0.000000E+0
5.363093E+3	-1.503100E-4	1.212580E+4	0.000000E+0	0.000000E+0
5.367135E+3	-1.503200E-4	1.212590E+4	0.000000E+0	0.000000E+0
5.371096E+3	-1.503200E-4	1.212590E+4	0.000000E+0	0.000000E+0
5.375139E+3	-1.503300E-4	1.212600E+4	0.000000E+0	0.000000E+0
5.379099E+3	-1.503000E-4	1.212600E+4	0.000000E+0	0.000000E+0
5.383132E+3	-1.503300E-4	1.212600E+4	0.000000E+0	0.000000E+0
5.387119E+3	-1.503500E-4	1.212590E+4	0.000000E+0	0.000000E+0
5.391096E+3	-1.503100E-4	1.212590E+4	0.000000E+0	0.000000E+0
5.395129E+3	-1.503300E-4	1.212590E+4	0.000000E+0	0.000000E+0
5.399122E+3	-1.503400E-4	1.212610E+4	0.000000E+0	0.000000E+0
5.403094E+3	-1.503100E-4	1.212610E+4	0.000000E+0	0.000000E+0
5.407130E+3	-1.503400E-4	1.212610E+4	0.000000E+0	0.000000E+0
5.411120E+3	-1.503500E-4	1.212620E+4	0.000000E+0	0.000000E+0
5.415094E+3	-1.503600E-4	1.212620E+4	0.000000E+0	0.000000E+0
5.419130E+3	-1.503600E-4	1.212640E+4	0.000000E+0	0.000000E+0
5.423120E+3	-1.503200E-4	1.212640E+4	0.000000E+0	0.000000E+0
5.427094E+3	-1.503100E-4	1.212640E+4	0.000000E+0	0.000000E+0
5.431131E+3	-1.503200E-4	1.212640E+4	0.000000E+0	0.000000E+0
5.435120E+3	-1.503400E-4	1.212650E+4	0.000000E+0	0.000000E+0
5.439111E+3	-1.503400E-4	1.212650E+4	0.000000E+0	0.000000E+0
5.443118E+3	-1.503000E-4	1.212650E+4	0.000000E+0	0.000000E+0
5.447114E+3	-1.503600E-4	1.212650E+4	0.000000E+0	0.000000E+0
5.451113E+3	-1.503500E-4	1.212660E+4	0.000000E+0	0.000000E+0
5.455116E+3	-1.503200E-4	1.212670E+4	0.000000E+0	0.000000E+0
5.459119E+3	-1.502800E-4	1.212670E+4	0.000000E+0	0.000000E+0
5.463094E+3	-1.503000E-4	1.212670E+4	0.000000E+0	0.000000E+0
5.467131E+3	-1.503200E-4	1.212680E+4	0.000000E+0	0.000000E+0
5.471118E+3	-1.503400E-4	1.212680E+4	0.000000E+0	0.000000E+0
5.475100E+3	-1.503100E-4	1.212680E+4	0.000000E+0	0.000000E+0
5.479116E+3	-1.503300E-4	1.212690E+4	0.000000E+0	0.000000E+0
5.483116E+3	-1.503100E-4	1.212700E+4	0.000000E+0	0.000000E+0
5.487103E+3	-1.502800E-4	1.212700E+4	0.000000E+0	0.000000E+0
5.491122E+3	-1.502700E-4	1.212710E+4	0.000000E+0	0.000000E+0
5.495093E+3	-1.502900E-4	1.212700E+4	0.000000E+0	0.000000E+0
5.499132E+3	-1.502900E-4	1.212710E+4	0.000000E+0	0.000000E+0
5.503117E+3	-1.503200E-4	1.212710E+4	0.000000E+0	0.000000E+0
5.507112E+3	-1.503300E-4	1.212710E+4	0.000000E+0	0.000000E+0
5.511116E+3	-1.502900E-4	1.212720E+4	0.000000E+0	0.000000E+0
5.515113E+3	-1.502700E-4	1.212730E+4	0.000000E+0	0.000000E+0
5.519115E+3	-1.502500E-4	1.212740E+4	0.000000E+0	0.000000E+0
5.523117E+3	-1.502800E-4	1.212750E+4	0.000000E+0	0.000000E+0
5.527116E+3	-1.503000E-4	1.212760E+4	0.000000E+0	0.000000E+0
5.531111E+3	-1.502800E-4	1.212760E+4	0.000000E+0	0.000000E+0
5.535115E+3	-1.502900E-4	1.212770E+4	0.000000E+0	0.000000E+0
5.539117E+3	-1.502800E-4	1.212770E+4	0.000000E+0	0.000000E+0
5.543114E+3	-1.502800E-4	1.212790E+4	0.000000E+0	0.000000E+0
5.547117E+3	-1.502800E-4	1.212800E+4	0.000000E+0	0.000000E+0
5.551116E+3	-1.502600E-4	1.212800E+4	0.000000E+0	0.000000E+0
5.555116E+3	-1.502500E-4	1.212800E+4	0.000000E+0	0.000000E+0
5.559114E+3	-1.502600E-4	1.212800E+4	0.000000E+0	0.000000E+0
5.563116E+3	-1.502800E-4	1.212800E+4	0.000000E+0	0.000000E+0
5.567116E+3	-1.503000E-4	1.212800E+4	0.000000E+0	0.000000E+0
5.571116E+3	-1.502800E-4	1.212800E+4	0.000000E+0	0.000000E+0
5.575118E+3	-1.502700E-4	1.212800E+4	0.000000E+0	0.000000E+0
5.579089E+3	-1.502800E-4	1.212800E+4	0.000000E+0	0.000000E+0
5.583130E+3	-1.502700E-4	1.212800E+4	0.000000E+0	0.000000E+0
5.587115E+3	-1.502700E-4	1.212800E+4	0.000000E+0	0.000000E+0
5.591116E+3	-1.502700E-4	1.212800E+4	0.000000E+0	0.000000E+0
5.595091E+3	-1.502900E-4	1.212800E+4	0.000000E+0	0.000000E+0
5.599128E+3	-1.502900E-4	1.212810E+4	0.000000E+0	0.000000E+0
5.603115E+3	-1.502700E-4	1.212820E+4	0.000000E+0	0.000000E+0
5.607116E+3	-1.502800E-4	1.212810E+4	0.000000E+0	0.000000E+0
5.611116E+3	-1.502800E-4	1.212830E+4	0.000000E+0	0.000000E+0
5.615116E+3	-1.503100E-4	1.212830E+4	0.000000E+0	0.000000E+0
5.619119E+3	-1.503100E-4	1.212840E+4	0.000000E+0	0.000000E+0
5.623092E+3	-1.503100E-4	1.212850E+4	0.000000E+0	0.000000E+0
5.627130E+3	-1.503300E-4	1.212840E+4	0.000000E+0	0.000000E+0
5.631111E+3	-1.503400E-4	1.212840E+4	0.000000E+0	0.000000E+0
5.635116E+3	-1.503000E-4	1.212840E+4	0.000000E+0	0.000000E+0
5.639120E+3	-1.503300E-4	1.212840E+4	0.000000E+0	0.000000E+0
5.643092E+3	-1.502900E-4	1.212850E+4	0.000000E+0	0.000000E+0
5.647129E+3	-1.503000E-4	1.212850E+4	0.000000E+0	0.000000E+0
5.651114E+3	-1.503100E-4	1.212850E+4	0.000000E+0	0.000000E+0
5.655115E+3	-1.503300E-4	1.212850E+4	0.000000E+0	0.000000E+0
5.659116E+3	-1.503000E-4	1.212860E+4	0.000000E+0	0.000000E+0
5.663116E+3	-1.503000E-4	1.212860E+4	0.000000E+0	0.000000E+0
5.667114E+3	-1.502800E-4	1.212860E+4	0.000000E+0	0.000000E+0
5.671116E+3	-1.502800E-4	1.212850E+4	0.000000E+0	0.000000E+0
5.675116E+3	-1.502900E-4	1.212850E+4	0.000000E+0	0.000000E+0
5.679115E+3	-1.503100E-4	1.212850E+4	0.000000E+0	0.000000E+0
5.683115E+3	-1.502800E-4	1.212860E+4	0.000000E+0	0.000000E+0
5.687114E+3	-1.503200E-4	1.212850E+4	0.000000E+0	0.000000E+0
5.691116E+3	-1.503100E-4	1.212860E+4	0.000000E+0	0.000000E+0
5.695115E+3	-1.503100E-4	1.212870E+4	0.000000E+0	0.000000E+0
5.699119E+3	-1.503000E-4	1.212870E+4	0.000000E+0	0.000000E+0
5.703094E+3	-1.503200E-4	1.212880E+4	0.000000E+0	0.000000E+0
5.707115E+3	-1.503300E-4	1.212880E+4	0.000000E+0	0.000000E+0
5.711115E+3	-1.503500E-4	1.212880E+4	0.000000E+0	0.000000E+0
5.715105E+3	-1.503500E-4	1.212880E+4	0.000000E+0	0.000000E+0
5.719112E+3	-1.503800E-4	1.212880E+4	0.000000E+0	0.000000E+0
5.723115E+3	-1.503700E-4	1.212900E+4	0.000000E+0	0.000000E+0
5.727111E+3	-1.503600E-4	1.212900E+4	0.000000E+0	0.000000E+0
5.731114E+3	-1.503600E-4	1.212900E+4	0.000000E+0	0.000000E+0
5.735116E+3	-1.503500E-4	1.212900E+4	0.000000E+0	0.000000E+0
5.739091E+3	-1.503300E-4	1.212910E+4	0.000000E+0	0.000000E+0
5.743121E+3	-1.503600E-4	1.212910E+4	0.000000E+0	0.000000E+0
5.747114E+3	-1.503600E-4	1.212910E+4	0.000000E+0	0.000000E+0
5.751116E+3	-1.503200E-4	1.212910E+4	0.000000E+0	0.000000E+0
5.755116E+3	-1.504000E-4	1.212920E+4	0.000000E+0	0.000000E+0
5.759114E+3	-1.503900E-4	1.212920E+4	0.000000E+0	0.000000E+0
5.763115E+3	-1.503700E-4	1.212950E+4	0.000000E+0	0.000000E+0
5.767116E+3	-1.503500E-4	1.212950E+4	0.000000E+0	0.000000E+0
5.771119E+3	-1.503400E-4	1.212950E+4	0.000000E+0	0.000000E+0
5.775116E+3	-1.503400E-4	1.212960E+4	0.000000E+0	0.000000E+0
5.779116E+3	-1.503500E-4	1.212960E+4	0.000000E+0	0.000000E+0
5.783121E+3	-1.503500E-4	1.212970E+4	0.000000E+0	0.000000E+0
5.787097E+3	-1.503600E-4	1.212970E+4	0.000000E+0	0.000000E+0
5.791127E+3	-1.503700E-4	1.212970E+4	0.000000E+0	0.000000E+0
5.795116E+3	-1.503500E-4	1.212980E+4	0.000000E+0	0.000000E+0
5.799119E+3	-1.503300E-4	1.212970E+4	0.000000E+0	0.000000E+0
5.803095E+3	-1.503500E-4	1.212970E+4	0.000000E+0	0.000000E+0
5.807125E+3	-1.503900E-4	1.212970E+4	0.000000E+0	0.000000E+0
5.811113E+3	-1.503800E-4	1.212960E+4	0.000000E+0	0.000000E+0
5.815116E+3	-1.503500E-4	1.212970E+4	0.000000E+0	0.000000E+0
5.819115E+3	-1.503600E-4	1.212960E+4	0.000000E+0	0.000000E+0
5.823113E+3	-1.503800E-4	1.212960E+4	0.000000E+0	0.000000E+0
5.827114E+3	-1.503500E-4	1.212950E+4	0.000000E+0	0.000000E+0
5.831116E+3	-1.503600E-4	1.212950E+4	0.000000E+0	0.000000E+0
5.835118E+3	-1.503700E-4	1.212950E+4	0.000000E+0	0.000000E+0
5.839116E+3	-1.503100E-4	1.212950E+4	0.000000E+0	0.000000E+0
5.843089E+3	-1.503400E-4	1.212940E+4	0.000000E+0	0.000000E+0
5.847134E+3	-1.503400E-4	1.212950E+4	0.000000E+0	0.000000E+0
5.851118E+3	-1.503400E-4	1.212940E+4	0.000000E+0	0.000000E+0
5.855095E+3	-1.503200E-4	1.212960E+4	0.000000E+0	0.000000E+0
5.859124E+3	-1.503400E-4	1.212950E+4	0.000000E+0	0.000000E+0
5.863114E+3	-1.503100E-4	1.212940E+4	0.000000E+0	0.000000E+0
5.867116E+3	-1.503400E-4	1.212960E+4	0.000000E+0	0.000000E+0
5.871115E+3	-1.503500E-4	1.212960E+4	0.000000E+0	0.000000E+0
5.875115E+3	-1.503400E-4	1.212960E+4	0.000000E+0	0.000000E+0
5.879115E+3	-1.503600E-4	1.212970E+4	0.000000E+0	0.000000E+0
5.883119E+3	-1.503700E-4	1.212980E+4	0.000000E+0	0.000000E+0
5.887120E+3	-1.503800E-4	1.212990E+4	0.000000E+0	0.000000E+0
5.891091E+3	-1.503500E-4	1.212990E+4	0.000000E+0	0.000000E+0
5.895120E+3	-1.503500E-4	1.213000E+4	0.000000E+0	0.000000E+0
5.899113E+3	-1.503400E-4	1.213000E+4	0.000000E+0	0.000000E+0
5.903116E+3	-1.503100E-4	1.213010E+4	0.000000E+0	0.000000E+0
5.907116E+3	-1.503300E-4	1.213010E+4	0.000000E+0	0.000000E+0
5.911115E+3	-1.503700E-4	1.213020E+4	0.000000E+0	0.000000E+0
5.915115E+3	-1.503500E-4	1.213020E+4	0.000000E+0	0.000000E+0
5.919116E+3	-1.503400E-4	1.213040E+4	0.000000E+0	0.000000E+0
5.923116E+3	-1.503400E-4	1.213040E+4	0.000000E+0	0.000000E+0
5.927114E+3	-1.503400E-4	1.213040E+4	0.000000E+0	0.000000E+0
5.931113E+3	-1.503400E-4	1.213030E+4	0.000000E+0	0.000000E+0
5.935115E+3	-1.503400E-4	1.213030E+4	0.000000E+0	0.000000E+0
5.939116E+3	-1.503400E-4	1.213030E+4	0.000000E+0	0.000000E+0
5.943114E+3	-1.503100E-4	1.213040E+4	0.000000E+0	0.000000E+0
5.947112E+3	-1.503100E-4	1.213040E+4	0.000000E+0	0.000000E+0
5.951115E+3	-1.503100E-4	1.213040E+4	0.000000E+0	0.000000E+0
5.955118E+3	-1.503100E-4	1.213040E+4	0.000000E+0	0.000000E+0
5.959114E+3	-1.503300E-4	1.213040E+4	0.000000E+0	0.000000E+0
5.963112E+3	-1.503400E-4	1.213040E+4	0.000000E+0	0.000000E+0
5.967116E+3	-1.503400E-4	1.213050E+4	0.000000E+0	0.000000E+0
5.971120E+3	-1.503300E-4	1.213080E+4	0.000000E+0	0.000000E+0
5.975115E+3	-1.503100E-4	1.213080E+4	0.000000E+0	0.000000E+0
5.979113E+3	-1.503300E-4	1.213080E+4	0.000000E+0	0.000000E+0
5.983113E+3	-1.503100E-4	1.213100E+4	0.000000E+0	0.000000E+0
5.987113E+3	-1.503200E-4	1.213100E+4	0.000000E+0	0.000000E+0
5.991117E+3	-1.503200E-4	1.213110E+4	0.000000E+0	0.000000E+0
5.995116E+3	-1.503300E-4	1.213110E+4	0.000000E+0	0.000000E+0
5.999091E+3	-1.503000E-4	1.213110E+4	0.000000E+0	0.000000E+0
6.003130E+3	-1.503000E-4	1.213110E+4	0.000000E+0	0.000000E+0
6.007118E+3	-1.503200E-4	1.213110E+4	0.000000E+0	0.000000E+0
6.011111E+3	-1.503100E-4	1.213110E+4	0.000000E+0	0.000000E+0
6.015110E+3	-1.503300E-4	1.213110E+4	0.000000E+0	0.000000E+0
6.019111E+3	-1.503500E-4	1.213120E+4	0.000000E+0	0.000000E+0
6.023124E+3	-1.503500E-4	1.213120E+4	0.000000E+0	0.000000E+0
6.027094E+3	-1.503500E-4	1.213130E+4	0.000000E+0	0.000000E+0
6.031126E+3	-1.503500E-4	1.213130E+4	0.000000E+0	0.000000E+0
6.035114E+3	-1.503900E-4	1.213130E+4	0.000000E+0	0.000000E+0
6.039116E+3	-1.503500E-4	1.213140E+4	0.000000E+0	0.000000E+0
6.043116E+3	-1.503600E-4	1.213140E+4	0.000000E+0	0.000000E+0
6.047116E+3	-1.503500E-4	1.213150E+4	0.000000E+0	0.000000E+0
6.051115E+3	-1.503700E-4	1.213160E+4	0.000000E+0	0.000000E+0
6.055118E+3	-1.503700E-4	1.213160E+4	0.000000E+0	0.000000E+0
6.059119E+3	-1.503700E-4	1.213160E+4	0.000000E+0	0.000000E+0
6.063114E+3	-1.503600E-4	1.213140E+4	0.000000E+0	0.000000E+0
6.067114E+3	-1.503400E-4	1.213140E+4	0.000000E+0	0.000000E+0
6.071114E+3	-1.503400E-4	1.213140E+4	0.000000E+0	0.000000E+0
6.075114E+3	-1.503200E-4	1.213150E+4	0.000000E+0	0.000000E+0
6.079116E+3	-1.503100E-4	1.213150E+4	0.000000E+0	0.000000E+0
6.083116E+3	-1.503000E-4	1.213160E+4	0.000000E+0	0.000000E+0
6.087116E+3	-1.503000E-4	1.213160E+4	0.000000E+0	0.000000E+0
6.091117E+3	-1.502800E-4	1.213170E+4	0.000000E+0	0.000000E+0
6.095120E+3	-1.503200E-4	1.213180E+4	0.000000E+0	0.000000E+0
6.099118E+3	-1.502900E-4	1.213200E+4	0.000000E+0	0.000000E+0
6.103089E+3	-1.503100E-4	1.213200E+4	0.000000E+0	0.000000E+0
6.107130E+3	-1.503000E-4	1.213200E+4	0.000000E+0	0.000000E+0
6.111118E+3	-1.503300E-4	1.213210E+4	0.000000E+0	0.000000E+0
6.115116E+3	-1.503300E-4	1.213220E+4	0.000000E+0	0.000000E+0
6.119114E+3	-1.503000E-4	1.213220E+4	0.000000E+0	0.000000E+0
6.123114E+3	-1.503200E-4	1.213230E+4	0.000000E+0	0.000000E+0
6.127116E+3	-1.503600E-4	1.213230E+4	0.000000E+0	0.000000E+0
6.131116E+3	-1.503400E-4	1.213230E+4	0.000000E+0	0.000000E+0
6.135114E+3	-1.503400E-4	1.213230E+4	0.000000E+0	0.000000E+0
6.139114E+3	-1.503500E-4	1.213240E+4	0.000000E+0	0.000000E+0
6.143116E+3	-1.503100E-4	1.213240E+4	0.000000E+0	0.000000E+0
6.147115E+3	-1.503400E-4	1.213260E+4	0.000000E+0	0.000000E+0
6.151115E+3	-1.504100E-4	1.213250E+4	0.000000E+0	0.000000E+0
6.155115E+3	-1.503900E-4	1.213260E+4	0.000000E+0	0.000000E+0
6.159116E+3	-1.504100E-4	1.213270E+4	0.000000E+0	0.000000E+0
6.163117E+3	-1.504300E-4	1.213270E+4	0.000000E+0	0.000000E+0
6.167116E+3	-1.504200E-4	1.213270E+4	0.000000E+0	0.000000E+0
6.171119E+3	-1.503900E-4	1.213260E+4	0.000000E+0	0.000000E+0
6.175120E+3	-1.503900E-4	1.213260E+4	0.000000E+0	0.000000E+0
6.179093E+3	-1.504400E-4	1.213270E+4	0.000000E+0	0.000000E+0
6.183122E+3	-1.504100E-4	1.213290E+4	0.000000E+0	0.000000E+0
6.187113E+3	-1.504000E-4	1.213280E+4	0.000000E+0	0.000000E+0
6.191116E+3	-1.504100E-4	1.213270E+4	0.000000E+0	0.000000E+0
6.195116E+3	-1.503400E-4	1.213270E+4	0.000000E+0	0.000000E+0
6.199115E+3	-1.503900E-4	1.213280E+4	0.000000E+0	0.000000E+0
6.203111E+3	-1.503800E-4	1.213280E+4	0.000000E+0	0.000000E+0
6.207120E+3	-1.504000E-4	1.213280E+4	0.000000E+0	0.000000E+0
6.211117E+3	-1.503700E-4	1.213280E+4	0.000000E+0	0.000000E+0
6.215116E+3	-1.503700E-4	1.213280E+4	0.000000E+0	0.000000E+0
6.219114E+3	-1.503500E-4	1.213300E+4	0.000000E+0	0.000000E+0
6.223116E+3	-1.503600E-4	1.213310E+4	0.000000E+0	0.000000E+0
6.227118E+3	-1.503400E-4	1.213310E+4	0.000000E+0	0.000000E+0
6.231111E+3	-1.503700E-4	1.213320E+4	0.000000E+0	0.000000E+0
6.235114E+3	-1.503300E-4	1.213330E+4	0.000000E+0	0.000000E+0
6.239116E+3	-1.503400E-4	1.213330E+4	0.000000E+0	0.000000E+0
6.243093E+3	-1.503300E-4	1.213340E+4	0.000000E+0	0.000000E+0
6.247135E+3	-1.503700E-4	1.213350E+4	0.000000E+0	0.000000E+0
6.251093E+3	-1.503600E-4	1.213350E+4	0.000000E+0	0.000000E+0
6.255134E+3	-1.503300E-4	1.213360E+4	0.000000E+0	0.000000E+0
6.259119E+3	-1.503400E-4	1.213350E+4	0.000000E+0	0.000000E+0
6.263094E+3	-1.503400E-4	1.213360E+4	0.000000E+0	0.000000E+0
6.267109E+3	-1.503600E-4	1.213370E+4	0.000000E+0	0.000000E+0
6.271109E+3	-1.503400E-4	1.213360E+4	0.000000E+0	0.000000E+0
6.275118E+3	-1.503800E-4	1.213360E+4	0.000000E+0	0.000000E+0
6.279115E+3	-1.503400E-4	1.213350E+4	0.000000E+0	0.000000E+0
6.283113E+3	-1.503500E-4	1.213360E+4	0.000000E+0	0.000000E+0
6.287115E+3	-1.503700E-4	1.213370E+4	0.000000E+0	0.000000E+0
6.291118E+3	-1.503900E-4	1.213370E+4	0.000000E+0	0.000000E+0
6.295118E+3	-1.504000E-4	1.213390E+4	0.000000E+0	0.000000E+0
6.299098E+3	-1.504000E-4	1.213390E+4	0.000000E+0	0.000000E+0
6.303129E+3	-1.504100E-4	1.213390E+4	0.000000E+0	0.000000E+0
6.307118E+3	-1.504200E-4	1.213400E+4	0.000000E+0	0.000000E+0
6.311093E+3	-1.503600E-4	1.213400E+4	0.000000E+0	0.000000E+0
6.315129E+3	-1.504100E-4	1.213400E+4	0.000000E+0	0.000000E+0
6.319118E+3	-1.503900E-4	1.213400E+4	0.000000E+0	0.000000E+0
6.323117E+3	-1.503800E-4	1.213410E+4	0.000000E+0	0.000000E+0
6.327121E+3	-1.503800E-4	1.213410E+4	0.000000E+0	0.000000E+0
6.331114E+3	-1.503600E-4	1.213410E+4	0.000000E+0	0.000000E+0
6.335112E+3	-1.503800E-4	1.213410E+4	0.000000E+0	0.000000E+0
6.339122E+3	-1.504300E-4	1.213410E+4	0.000000E+0	0.000000E+0
6.343091E+3	-1.504200E-4	1.213410E+4	0.000000E+0	0.000000E+0
6.347129E+3	-1.504200E-4	1.213410E+4	0.000000E+0	0.000000E+0
6.351119E+3	-1.504000E-4	1.213400E+4	0.000000E+0	0.000000E+0
6.355116E+3	-1.504400E-4	1.213400E+4	0.000000E+0	0.000000E+0
6.359119E+3	-1.504200E-4	1.213400E+4	0.000000E+0	0.000000E+0
6.363094E+3	-1.504400E-4	1.213400E+4	0.000000E+0	0.000000E+0
6.367138E+3	-1.504100E-4	1.213410E+4	0.000000E+0	0.000000E+0
6.371097E+3	-1.504300E-4	1.213420E+4	0.000000E+0	0.000000E+0
6.375133E+3	-1.504100E-4	1.213420E+4	0.000000E+0	0.000000E+0
6.379120E+3	-1.504100E-4	1.213430E+4	0.000000E+0	0.000000E+0
6.383092E+3	-1.504300E-4	1.213420E+4	0.000000E+0	0.000000E+0
6.387130E+3	-1.504200E-4	1.213430E+4	0.000000E+0	0.000000E+0
6.391117E+3	-1.503800E-4	1.213430E+4	0.000000E+0	0.000000E+0
6.395114E+3	-1.504100E-4	1.213430E+4	0.000000E+0	0.000000E+0
6.399117E+3	-1.503900E-4	1.213430E+4	0.000000E+0	0.000000E+0
6.403093E+3	-1.503900E-4	1.213440E+4	0.000000E+0	0.000000E+0
6.407133E+3	-1.504100E-4	1.213430E+4	0.000000E+0	0.000000E+0
6.411123E+3	-1.503800E-4	1.213420E+4	0.000000E+0	0.000000E+0
6.415093E+3	-1.503400E-4	1.213430E+4	0.000000E+0	0.000000E+0
6.419131E+3	-1.503600E-4	1.213430E+4	0.000000E+0	0.000000E+0
6.423118E+3	-1.503600E-4	1.213430E+4	0.000000E+0	0.000000E+0
6.427114E+3	-1.503700E-4	1.213420E+4	0.000000E+0	0.000000E+0
6.431114E+3	-1.503900E-4	1.213440E+4	0.000000E+0	0.000000E+0
6.435118E+3	-1.503900E-4	1.213440E+4	0.000000E+0	0.000000E+0
6.439099E+3	-1.504000E-4	1.213440E+4	0.000000E+0	0.000000E+0
6.443130E+3	-1.504000E-4	1.213450E+4	0.000000E+0	0.000000E+0
6.447117E+3	-1.503900E-4	1.213450E+4	0.000000E+0	0.000000E+0
6.451117E+3	-1.503600E-4	1.213460E+4	0.000000E+0	0.000000E+0
6.455096E+3	-1.503900E-4	1.213470E+4	0.000000E+0	0.000000E+0
6.459135E+3	-1.503800E-4	1.213480E+4	0.000000E+0	0.000000E+0
6.463096E+3	-1.503600E-4	1.213480E+4	0.000000E+0	0.000000E+0
6.467131E+3	-1.503600E-4	1.213480E+4	0.000000E+0	0.000000E+0
6.471120E+3	-1.503400E-4	1.213480E+4	0.000000E+0	0.000000E+0
6.475094E+3	-1.503200E-4	1.213490E+4	0.000000E+0	0.000000E+0
6.479123E+3	-1.503000E-4	1.213490E+4	0.000000E+0	0.000000E+0
6.483116E+3	-1.503700E-4	1.213490E+4	0.000000E+0	0.000000E+0
6.487116E+3	-1.503900E-4	1.213490E+4	0.000000E+0	0.000000E+0
6.491114E+3	-1.503600E-4	1.213480E+4	0.000000E+0	0.000000E+0
6.495114E+3	-1.503800E-4	1.213470E+4	0.000000E+0	0.000000E+0
6.499114E+3	-1.503700E-4	1.213470E+4	0.000000E+0	0.000000E+0
6.503116E+3	-1.503500E-4	1.213480E+4	0.000000E+0	0.000000E+0
6.507116E+3	-1.503500E-4	1.213490E+4	0.000000E+0	0.000000E+0
6.511116E+3	-1.503700E-4	1.213490E+4	0.000000E+0	0.000000E+0
6.515118E+3	-1.503500E-4	1.213500E+4	0.000000E+0	0.000000E+0
6.519118E+3	-1.503400E-4	1.213500E+4	0.000000E+0	0.000000E+0
6.523118E+3	-1.503800E-4	1.213520E+4	0.000000E+0	0.000000E+0
6.527116E+3	-1.503900E-4	1.213520E+4	0.000000E+0	0.000000E+0
6.531115E+3	-1.503700E-4	1.213540E+4	0.000000E+0	0.000000E+0
6.535116E+3	-1.503900E-4	1.213540E+4	0.000000E+0	0.000000E+0
6.539119E+3	-1.503900E-4	1.213550E+4	0.000000E+0	0.000000E+0
6.543117E+3	-1.503600E-4	1.213540E+4	0.000000E+0	0.000000E+0
6.547093E+3	-1.504000E-4	1.213550E+4	0.000000E+0	0.000000E+0
6.551134E+3	-1.503700E-4	1.213560E+4	0.000000E+0	0.000000E+0
6.555119E+3	-1.504100E-4	1.213570E+4	0.000000E+0	0.000000E+0
6.559091E+3	-1.503900E-4	1.213570E+4	0.000000E+0	0.000000E+0
6.563128E+3	-1.504000E-4	1.213580E+4	0.000000E+0	0.000000E+0
6.567116E+3	-1.503900E-4	1.213580E+4	0.000000E+0	0.000000E+0
6.571117E+3	-1.504000E-4	1.213580E+4	0.000000E+0	0.000000E+0
6.575115E+3	-1.503800E-4	1.213580E+4	0.000000E+0	0.000000E+0
6.579117E+3	-1.504400E-4	1.213580E+4	0.000000E+0	0.000000E+0
6.583116E+3	-1.504500E-4	1.213580E+4	0.000000E+0	0.000000E+0
6.587116E+3	-1.504300E-4	1.213570E+4	0.000000E+0	0.000000E+0
6.591117E+3	-1.504000E-4	1.213560E+4	0.000000E+0	0.000000E+0
6.595116E+3	-1.503800E-4	1.213570E+4	0.000000E+0	0.000000E+0
6.599116E+3	-1.503600E-4	1.213560E+4	0.000000E+0	0.000000E+0
6.603119E+3	-1.503800E-4	1.213560E+4	0.000000E+0	0.000000E+0
6.607118E+3	-1.503400E-4	1.213570E+4	0.000000E+0	0.000000E+0
6.611116E+3	-1.503600E-4	1.213570E+4	0.000000E+0	0.000000E+0
6.615115E+3	-1.503300E-4	1.213570E+4	0.000000E+0	0.000000E+0
6.619111E+3	-1.503500E-4	1.213580E+4	0.000000E+0	0.000000E+0
6.623114E+3	-1.503500E-4	1.213580E+4	0.000000E+0	0.000000E+0
6.627114E+3	-1.504200E-4	1.213590E+4	0.000000E+0	0.000000E+0
6.631116E+3	-1.503900E-4	1.213590E+4	0.000000E+0	0.000000E+0
6.635119E+3	-1.503900E-4	1.213600E+4	0.000000E+0	0.000000E+0
6.639119E+3	-1.504000E-4	1.213600E+4	0.000000E+0	0.000000E+0
6.643117E+3	-1.503900E-4	1.213600E+4	0.000000E+0	0.000000E+0
6.647116E+3	-1.504100E-4	1.213600E+4	0.000000E+0	0.000000E+0
6.651115E+3	-1.504100E-4	1.213600E+4	0.000000E+0	0.000000E+0
6.655116E+3	-1.503800E-4	1.213590E+4	0.000000E+0	0.000000E+0
6.659117E+3	-1.503700E-4	1.213600E+4	0.000000E+0	0.000000E+0
6.663116E+3	-1.503600E-4	1.213590E+4	0.000000E+0	0.000000E+0
6.667116E+3	-1.503200E-4	1.213600E+4	0.000000E+0	0.000000E+0
6.671087E+3	-1.503200E-4	1.213610E+4	0.000000E+0	0.000000E+0
6.675126E+3	-1.503100E-4	1.213610E+4	0.000000E+0	0.000000E+0
6.679117E+3	-1.503100E-4	1.213610E+4	0.000000E+0	0.000000E+0
6.683118E+3	-1.503500E-4	1.213630E+4	0.000000E+0	0.000000E+0
6.687089E+3	-1.502800E-4	1.213640E+4	0.000000E+0	0.000000E+0
6.691131E+3	-1.502800E-4	1.213640E+4	0.000000E+0	0.000000E+0
6.695113E+3	-1.503000E-4	1.213640E+4	0.000000E+0	0.000000E+0
6.699115E+3	-1.502900E-4	1.213650E+4	0.000000E+0	0.000000E+0
6.703116E+3	-1.503300E-4	1.213640E+4	0.000000E+0	0.000000E+0
6.707114E+3	-1.503100E-4	1.213650E+4	0.000000E+0	0.000000E+0
6.711114E+3	-1.502900E-4	1.213640E+4	0.000000E+0	0.000000E+0
6.715116E+3	-1.502900E-4	1.213650E+4	0.000000E+0	0.000000E+0
6.719119E+3	-1.503100E-4	1.213650E+4	0.000000E+0	0.000000E+0
6.723094E+3	-1.503200E-4	1.213650E+4	0.000000E+0	0.000000E+0
6.727130E+3	-1.502900E-4	1.213670E+4	0.000000E+0	0.000000E+0
6.731116E+3	-1.502700E-4	1.213680E+4	0.000000E+0	0.000000E+0
6.735093E+3	-1.503000E-4	1.213680E+4	0.000000E+0	0.000000E+0
6.739130E+3	-1.502700E-4	1.213700E+4	0.000000E+0	0.000000E+0
6.743119E+3	-1.503000E-4	1.213710E+4	0.000000E+0	0.000000E+0
6.747116E+3	-1.503100E-4	1.213710E+4	0.000000E+0	0.000000E+0
6.751119E+3	-1.503100E-4	1.213710E+4	0.000000E+0	0.000000E+0
6.755117E+3	-1.502800E-4	1.213700E+4	0.000000E+0	0.000000E+0
6.759116E+3	-1.502800E-4	1.213700E+4	0.000000E+0	0.000000E+0
6.763115E+3	-1.502900E-4	1.213700E+4	0.000000E+0	0.000000E+0
6.767115E+3	-1.503000E-4	1.213710E+4	0.000000E+0	0.000000E+0
6.771117E+3	-1.503300E-4	1.213720E+4	0.000000E+0	0.000000E+0
6.775117E+3	-1.503500E-4	1.213720E+4	0.000000E+0	0.000000E+0
6.779114E+3	-1.503400E-4	1.213740E+4	0.000000E+0	0.000000E+0
6.783114E+3	-1.503700E-4	1.213730E+4	0.000000E+0	0.000000E+0
6.787120E+3	-1.503500E-4	1.213730E+4	0.000000E+0	0.000000E+0
6.791096E+3	-1.503400E-4	1.213730E+4	0.000000E+0	0.000000E+0
6.795131E+3	-1.503500E-4	1.213730E+4	0.000000E+0	0.000000E+0
6.799116E+3	-1.503600E-4	1.213730E+4	0.000000E+0	0.000000E+0
6.803116E+3	-1.503300E-4	1.213740E+4	0.000000E+0	0.000000E+0
6.807114E+3	-1.503300E-4	1.213730E+4	0.000000E+0	0.000000E+0
6.811112E+3	-1.503800E-4	1.213720E+4	0.000000E+0	0.000000E+0
6.815112E+3	-1.503700E-4	1.213720E+4	0.000000E+0	0.000000E+0
6.819114E+3	-1.503800E-4	1.213720E+4	0.000000E+0	0.000000E+0
6.823115E+3	-1.503400E-4	1.213720E+4	0.000000E+0	0.000000E+0
6.827114E+3	-1.503600E-4	1.213720E+4	0.000000E+0	0.000000E+0
6.831113E+3	-1.503400E-4	1.213730E+4	0.000000E+0	0.000000E+0
6.835114E+3	-1.503700E-4	1.213720E+4	0.000000E+0	0.000000E+0
6.839116E+3	-1.503600E-4	1.213720E+4	0.000000E+0	0.000000E+0
6.843115E+3	-1.503800E-4	1.213720E+4	0.000000E+0	0.000000E+0
6.847116E+3	-1.503600E-4	1.213720E+4	0.000000E+0	0.000000E+0
6.851118E+3	-1.504300E-4	1.213720E+4	0.000000E+0	0.000000E+0
6.855098E+3	-1.503900E-4	1.213720E+4	0.000000E+0	0.000000E+0
6.859130E+3	-1.504200E-4	1.213720E+4	0.000000E+0	0.000000E+0
6.863117E+3	-1.503800E-4	1.213710E+4	0.000000E+0	0.000000E+0
6.867095E+3	-1.503600E-4	1.213720E+4	0.000000E+0	0.000000E+0
6.871133E+3	-1.503600E-4	1.213710E+4	0.000000E+0	0.000000E+0
6.875093E+3	-1.503900E-4	1.213710E+4	0.000000E+0	0.000000E+0
6.879137E+3	-1.503700E-4	1.213710E+4	0.000000E+0	0.000000E+0
6.883098E+3	-1.503600E-4	1.213720E+4	0.000000E+0	0.000000E+0
6.887131E+3	-1.503800E-4	1.213710E+4	0.000000E+0	0.000000E+0
6.891121E+3	-1.503200E-4	1.213710E+4	0.000000E+0	0.000000E+0
6.895092E+3	-1.503300E-4	1.213700E+4	0.000000E+0	0.000000E+0
6.899129E+3	-1.503400E-4	1.213700E+4	0.000000E+0	0.000000E+0
6.903118E+3	-1.502900E-4	1.213700E+4	0.000000E+0	0.000000E+0
6.907114E+3	-1.503600E-4	1.213690E+4	0.000000E+0	0.000000E+0
6.911117E+3	-1.503700E-4	1.213690E+4	0.000000E+0	0.000000E+0
6.915116E+3	-1.503500E-4	1.213690E+4	0.000000E+0	0.000000E+0
6.919116E+3	-1.503200E-4	1.213690E+4	0.000000E+0	0.000000E+0
6.923116E+3	-1.503600E-4	1.213690E+4	0.000000E+0	0.000000E+0
6.927117E+3	-1.503500E-4	1.213700E+4	0.000000E+0	0.000000E+0
6.931116E+3	-1.503100E-4	1.213700E+4	0.000000E+0	0.000000E+0
6.935115E+3	-1.503200E-4	1.213700E+4	0.000000E+0	0.000000E+0
6.939116E+3	-1.503200E-4	1.213710E+4	0.000000E+0	0.000000E+0
6.943116E+3	-1.503400E-4	1.213710E+4	0.000000E+0	0.000000E+0
6.947116E+3	-1.503500E-4	1.213710E+4	0.000000E+0	0.000000E+0
6.951116E+3	-1.503500E-4	1.213710E+4	0.000000E+0	0.000000E+0
6.955115E+3	-1.503600E-4	1.213710E+4	0.000000E+0	0.000000E+0
6.959116E+3	-1.503500E-4	1.213710E+4	0.000000E+0	0.000000E+0
6.963114E+3	-1.503400E-4	1.213700E+4	0.000000E+0	0.000000E+0
6.967117E+3	-1.503400E-4	1.213700E+4	0.000000E+0	0.000000E+0
6.971120E+3	-1.503100E-4	1.213710E+4	0.000000E+0	0.000000E+0
6.975120E+3	-1.503300E-4	1.213700E+4	0.000000E+0	0.000000E+0
6.979118E+3	-1.503100E-4	1.213700E+4	0.000000E+0	0.000000E+0
6.983116E+3	-1.503400E-4	1.213690E+4	0.000000E+0	0.000000E+0
6.987116E+3	-1.503400E-4	1.213690E+4	0.000000E+0	0.000000E+0
6.991116E+3	-1.503000E-4	1.213690E+4	0.000000E+0	0.000000E+0
6.995118E+3	-1.503400E-4	1.213700E+4	0.000000E+0	0.000000E+0
6.999116E+3	-1.503400E-4	1.213710E+4	0.000000E+0	0.000000E+0
7.003116E+3	-1.503500E-4	1.213710E+4	0.000000E+0	0.000000E+0
7.007119E+3	-1.503800E-4	1.213720E+4	0.000000E+0	0.000000E+0
7.011095E+3	-1.504100E-4	1.213720E+4	0.000000E+0	0.000000E+0
7.015137E+3	-1.504300E-4	1.213720E+4	0.000000E+0	0.000000E+0
7.019094E+3	-1.504100E-4	1.213720E+4	0.000000E+0	0.000000E+0
7.023140E+3	-1.504000E-4	1.213710E+4	0.000000E+0	0.000000E+0
7.027103E+3	-1.503800E-4	1.213700E+4	0.000000E+0	0.000000E+0
7.031131E+3	-1.503400E-4	1.213690E+4	0.000000E+0	0.000000E+0
7.035097E+3	-1.503500E-4	1.213690E+4	0.000000E+0	0.000000E+0
7.039135E+3	-1.503600E-4	1.213680E+4	0.000000E+0	0.000000E+0
7.043117E+3	-1.503600E-4	1.213680E+4	0.000000E+0	0.000000E+0
7.047120E+3	-1.503800E-4	1.213680E+4	0.000000E+0	0.000000E+0
7.051097E+3	-1.503700E-4	1.213680E+4	0.000000E+0	0.000000E+0
7.055126E+3	-1.503800E-4	1.213690E+4	0.000000E+0	0.000000E+0
7.059116E+3	-1.503500E-4	1.213680E+4	0.000000E+0	0.000000E+0
7.063094E+3	-1.503600E-4	1.213670E+4	0.000000E+0	0.000000E+0
7.067126E+3	-1.503800E-4	1.213680E+4	0.000000E+0	0.000000E+0
7.071116E+3	-1.503500E-4	1.213680E+4	0.000000E+0	0.000000E+0
7.075115E+3	-1.503300E-4	1.213680E+4	0.000000E+0	0.000000E+0
7.079116E+3	-1.503500E-4	1.213680E+4	0.000000E+0	0.000000E+0
7.083116E+3	-1.503700E-4	1.213690E+4	0.000000E+0	0.000000E+0
7.087112E+3	-1.503900E-4	1.213680E+4	0.000000E+0	0.000000E+0
7.091114E+3	-1.504000E-4	1.213680E+4	0.000000E+0	0.000000E+0
7.095118E+3	-1.503900E-4	1.213670E+4	0.000000E+0	0.000000E+0
7.099115E+3	-1.504000E-4	1.213660E+4	0.000000E+0	0.000000E+0
7.103112E+3	-1.504000E-4	1.213670E+4	0.000000E+0	0.000000E+0
7.107116E+3	-1.503800E-4	1.213680E+4	0.000000E+0	0.000000E+0
7.111117E+3	-1.503900E-4	1.213670E+4	0.000000E+0	0.000000E+0
7.115116E+3	-1.504100E-4	1.213670E+4	0.000000E+0	0.000000E+0
7.119113E+3	-1.503900E-4	1.213670E+4	0.000000E+0	0.000000E+0
7.123116E+3	-1.504200E-4	1.213680E+4	0.000000E+0	0.000000E+0
7.127119E+3	-1.504200E-4	1.213680E+4	0.000000E+0	0.000000E+0
7.131117E+3	-1.503900E-4	1.213670E+4	0.000000E+0	0.000000E+0
7.135116E+3	-1.504000E-4	1.213670E+4	0.000000E+0	0.000000E+0
7.139092E+3	-1.503900E-4	1.213670E+4	0.000000E+0	0.000000E+0
7.143132E+3	-1.504100E-4	1.213670E+4	0.000000E+0	0.000000E+0
7.147120E+3	-1.503900E-4	1.213660E+4	0.000000E+0	0.000000E+0
7.151092E+3	-1.504100E-4	1.213660E+4	0.000000E+0	0.000000E+0
7.155134E+3	-1.504100E-4	1.213660E+4	0.000000E+0	0.000000E+0
7.159120E+3	-1.504100E-4	1.213660E+4	0.000000E+0	0.000000E+0
7.163097E+3	-1.504500E-4	1.213660E+4	0.000000E+0	0.000000E+0
7.167113E+3	-1.503900E-4	1.213660E+4	0.000000E+0	0.000000E+0
7.171118E+3	-1.504200E-4	1.213660E+4	0.000000E+0	0.000000E+0
7.175092E+3	-1.504100E-4	1.213660E+4	0.000000E+0	0.000000E+0
7.179131E+3	-1.504300E-4	1.213650E+4	0.000000E+0	0.000000E+0
7.183091E+3	-1.503800E-4	1.213640E+4	0.000000E+0	0.000000E+0
7.187130E+3	-1.503800E-4	1.213640E+4	0.000000E+0	0.000000E+0
7.191114E+3	-1.504000E-4	1.213620E+4	0.000000E+0	0.000000E+0
7.195116E+3	-1.504300E-4	1.213630E+4	0.000000E+0	0.000000E+0
7.199115E+3	-1.504000E-4	1.213620E+4	0.000000E+0	0.000000E+0
7.203119E+3	-1.504000E-4	1.213600E+4	0.000000E+0	0.000000E+0
7.207094E+3	-1.503500E-4	1.213590E+4	0.000000E+0	0.000000E+0
7.211135E+3	-1.503600E-4	1.213580E+4	0.000000E+0	0.000000E+0
