
Medición hecha el 2026-06-17  08:03 p.m.

Medición de corriente y tensión en el tiempo con posibilidad de inyectar corriente.
Tiempo	Corriente	Tensión
3.346000E+0	-1.504700E-4	1.226370E+4	0.000000E+0	0.000000E+0
6.744000E+0	-1.504700E-4	1.226350E+4	0.000000E+0	0.000000E+0
1.073200E+1	-1.504900E-4	1.226320E+4	0.000000E+0	0.000000E+0
1.473400E+1	-1.504900E-4	1.226300E+4	0.000000E+0	0.000000E+0
1.873700E+1	-1.504800E-4	1.226280E+4	0.000000E+0	0.000000E+0
2.271400E+1	-1.504900E-4	1.226270E+4	0.000000E+0	0.000000E+0
2.674800E+1	-1.505000E-4	1.226250E+4	0.000000E+0	0.000000E+0
3.073000E+1	-1.505000E-4	1.226230E+4	0.000000E+0	0.000000E+0
3.472800E+1	-1.504500E-4	1.226210E+4	0.000000E+0	0.000000E+0
3.872800E+1	-1.504200E-4	1.226180E+4	0.000000E+0	0.000000E+0
4.273000E+1	-1.504300E-4	1.226160E+4	0.000000E+0	0.000000E+0
4.673000E+1	-1.504400E-4	1.226140E+4	0.000000E+0	0.000000E+0
5.073300E+1	-1.504300E-4	1.226110E+4	0.000000E+0	0.000000E+0
5.473100E+1	-1.504600E-4	1.226090E+4	0.000000E+0	0.000000E+0
5.872900E+1	-1.504400E-4	1.226040E+4	0.000000E+0	0.000000E+0
6.273100E+1	-1.504200E-4	1.226020E+4	0.000000E+0	0.000000E+0
6.672700E+1	-1.504400E-4	1.226000E+4	0.000000E+0	0.000000E+0
7.072900E+1	-1.504300E-4	1.225990E+4	0.000000E+0	0.000000E+0
7.472900E+1	-1.504300E-4	1.225960E+4	0.000000E+0	0.000000E+0
7.872800E+1	-1.504400E-4	1.225940E+4	0.000000E+0	0.000000E+0
8.272900E+1	-1.504600E-4	1.225910E+4	0.000000E+0	0.000000E+0
8.673800E+1	-1.504300E-4	1.225890E+4	0.000000E+0	0.000000E+0
9.071300E+1	-1.504200E-4	1.225880E+4	0.000000E+0	0.000000E+0
9.474400E+1	-1.504100E-4	1.225860E+4	0.000000E+0	0.000000E+0
9.873200E+1	-1.503900E-4	1.225830E+4	0.000000E+0	0.000000E+0
1.027340E+2	-1.504300E-4	1.225810E+4	0.000000E+0	0.000000E+0
1.067330E+2	-1.503900E-4	1.225790E+4	0.000000E+0	0.000000E+0
1.107330E+2	-1.503900E-4	1.225770E+4	0.000000E+0	0.000000E+0
1.147110E+2	-1.504000E-4	1.225750E+4	0.000000E+0	0.000000E+0
1.187470E+2	-1.504100E-4	1.225720E+4	0.000000E+0	0.000000E+0
1.227370E+2	-1.503800E-4	1.225700E+4	0.000000E+0	0.000000E+0
1.267070E+2	-1.503800E-4	1.225680E+4	0.000000E+0	0.000000E+0
1.307460E+2	-1.503700E-4	1.225650E+4	0.000000E+0	0.000000E+0
1.347330E+2	-1.503800E-4	1.225640E+4	0.000000E+0	0.000000E+0
1.387300E+2	-1.503900E-4	1.225610E+4	0.000000E+0	0.000000E+0
1.427330E+2	-1.504300E-4	1.225590E+4	0.000000E+0	0.000000E+0
1.467330E+2	-1.504500E-4	1.225560E+4	0.000000E+0	0.000000E+0
1.507310E+2	-1.504300E-4	1.225540E+4	0.000000E+0	0.000000E+0
1.547330E+2	-1.504400E-4	1.225520E+4	0.000000E+0	0.000000E+0
1.587330E+2	-1.504500E-4	1.225500E+4	0.000000E+0	0.000000E+0
1.627320E+2	-1.504400E-4	1.225480E+4	0.000000E+0	0.000000E+0
1.667310E+2	-1.504300E-4	1.225450E+4	0.000000E+0	0.000000E+0
1.707290E+2	-1.504200E-4	1.225430E+4	0.000000E+0	0.000000E+0
1.747360E+2	-1.504400E-4	1.225420E+4	0.000000E+0	0.000000E+0
1.787140E+2	-1.504300E-4	1.225390E+4	0.000000E+0	0.000000E+0
1.827500E+2	-1.504300E-4	1.225370E+4	0.000000E+0	0.000000E+0
1.867340E+2	-1.504300E-4	1.225350E+4	0.000000E+0	0.000000E+0
1.907120E+2	-1.504300E-4	1.225320E+4	0.000000E+0	0.000000E+0
1.947320E+2	-1.504500E-4	1.225300E+4	0.000000E+0	0.000000E+0
1.987300E+2	-1.504600E-4	1.225280E+4	0.000000E+0	0.000000E+0
2.027300E+2	-1.504400E-4	1.225260E+4	0.000000E+0	0.000000E+0
2.067300E+2	-1.504100E-4	1.225230E+4	0.000000E+0	0.000000E+0
2.107270E+2	-1.504200E-4	1.225220E+4	0.000000E+0	0.000000E+0
2.147300E+2	-1.504200E-4	1.225200E+4	0.000000E+0	0.000000E+0
2.187280E+2	-1.504200E-4	1.225180E+4	0.000000E+0	0.000000E+0
2.227290E+2	-1.504600E-4	1.225160E+4	0.000000E+0	0.000000E+0
2.267300E+2	-1.504400E-4	1.225140E+4	0.000000E+0	0.000000E+0
2.307330E+2	-1.505000E-4	1.225120E+4	0.000000E+0	0.000000E+0
2.347310E+2	-1.505100E-4	1.225100E+4	0.000000E+0	0.000000E+0
2.387330E+2	-1.505300E-4	1.225070E+4	0.000000E+0	0.000000E+0
2.427150E+2	-1.505000E-4	1.225050E+4	0.000000E+0	0.000000E+0
2.467460E+2	-1.505000E-4	1.225030E+4	0.000000E+0	0.000000E+0
2.507350E+2	-1.504900E-4	1.225020E+4	0.000000E+0	0.000000E+0
2.547090E+2	-1.504700E-4	1.224970E+4	0.000000E+0	0.000000E+0
2.587460E+2	-1.504900E-4	1.224960E+4	0.000000E+0	0.000000E+0
2.627330E+2	-1.504800E-4	1.224930E+4	0.000000E+0	0.000000E+0
2.667310E+2	-1.505100E-4	1.224910E+4	0.000000E+0	0.000000E+0
2.707310E+2	-1.505200E-4	1.224890E+4	0.000000E+0	0.000000E+0
2.747310E+2	-1.505200E-4	1.224880E+4	0.000000E+0	0.000000E+0
2.787290E+2	-1.505100E-4	1.224850E+4	0.000000E+0	0.000000E+0
2.827330E+2	-1.505000E-4	1.224830E+4	0.000000E+0	0.000000E+0
2.867330E+2	-1.505000E-4	1.224810E+4	0.000000E+0	0.000000E+0
2.907300E+2	-1.505100E-4	1.224770E+4	0.000000E+0	0.000000E+0
2.947300E+2	-1.504800E-4	1.224750E+4	0.000000E+0	0.000000E+0
2.987290E+2	-1.505000E-4	1.224730E+4	0.000000E+0	0.000000E+0
3.027330E+2	-1.504800E-4	1.224720E+4	0.000000E+0	0.000000E+0
3.067340E+2	-1.505000E-4	1.224690E+4	0.000000E+0	0.000000E+0
3.107320E+2	-1.504900E-4	1.224670E+4	0.000000E+0	0.000000E+0
3.147320E+2	-1.505000E-4	1.224640E+4	0.000000E+0	0.000000E+0
3.187320E+2	-1.505000E-4	1.224620E+4	0.000000E+0	0.000000E+0
3.227140E+2	-1.505400E-4	1.224600E+4	0.000000E+0	0.000000E+0
3.267480E+2	-1.505300E-4	1.224580E+4	0.000000E+0	0.000000E+0
3.307330E+2	-1.505100E-4	1.224560E+4	0.000000E+0	0.000000E+0
3.347080E+2	-1.505000E-4	1.224530E+4	0.000000E+0	0.000000E+0
3.387430E+2	-1.505000E-4	1.224520E+4	0.000000E+0	0.000000E+0
3.427310E+2	-1.504800E-4	1.224500E+4	0.000000E+0	0.000000E+0
3.467300E+2	-1.504700E-4	1.224460E+4	0.000000E+0	0.000000E+0
3.507310E+2	-1.505000E-4	1.224440E+4	0.000000E+0	0.000000E+0
3.547310E+2	-1.504800E-4	1.224420E+4	0.000000E+0	0.000000E+0
3.587290E+2	-1.504800E-4	1.224400E+4	0.000000E+0	0.000000E+0
3.627330E+2	-1.504600E-4	1.224380E+4	0.000000E+0	0.000000E+0
3.667340E+2	-1.504600E-4	1.224350E+4	0.000000E+0	0.000000E+0
3.707090E+2	-1.504600E-4	1.224330E+4	0.000000E+0	0.000000E+0
3.747490E+2	-1.504300E-4	1.224320E+4	0.000000E+0	0.000000E+0
3.787330E+2	-1.504400E-4	1.224300E+4	0.000000E+0	0.000000E+0
3.827090E+2	-1.504600E-4	1.224270E+4	0.000000E+0	0.000000E+0
3.867420E+2	-1.504400E-4	1.224250E+4	0.000000E+0	0.000000E+0
3.907300E+2	-1.504700E-4	1.224240E+4	0.000000E+0	0.000000E+0
3.947290E+2	-1.504600E-4	1.224210E+4	0.000000E+0	0.000000E+0
3.987330E+2	-1.504600E-4	1.224190E+4	0.000000E+0	0.000000E+0
4.027320E+2	-1.504600E-4	1.224180E+4	0.000000E+0	0.000000E+0
4.067300E+2	-1.504400E-4	1.224160E+4	0.000000E+0	0.000000E+0
4.107300E+2	-1.504400E-4	1.224140E+4	0.000000E+0	0.000000E+0
4.147330E+2	-1.504400E-4	1.224120E+4	0.000000E+0	0.000000E+0
4.187330E+2	-1.504600E-4	1.224110E+4	0.000000E+0	0.000000E+0
4.227330E+2	-1.504900E-4	1.224100E+4	0.000000E+0	0.000000E+0
4.267330E+2	-1.505200E-4	1.224080E+4	0.000000E+0	0.000000E+0
4.307370E+2	-1.505200E-4	1.224070E+4	0.000000E+0	0.000000E+0
4.347330E+2	-1.504900E-4	1.224040E+4	0.000000E+0	0.000000E+0
4.387330E+2	-1.504900E-4	1.224040E+4	0.000000E+0	0.000000E+0
4.427310E+2	-1.505000E-4	1.224020E+4	0.000000E+0	0.000000E+0
4.467320E+2	-1.504800E-4	1.224000E+4	0.000000E+0	0.000000E+0
4.507290E+2	-1.504900E-4	1.223980E+4	0.000000E+0	0.000000E+0
4.547320E+2	-1.505000E-4	1.223960E+4	0.000000E+0	0.000000E+0
4.587310E+2	-1.504800E-4	1.223950E+4	0.000000E+0	0.000000E+0
4.627310E+2	-1.504700E-4	1.223920E+4	0.000000E+0	0.000000E+0
4.667290E+2	-1.504700E-4	1.223910E+4	0.000000E+0	0.000000E+0
4.707290E+2	-1.504700E-4	1.223880E+4	0.000000E+0	0.000000E+0
4.747320E+2	-1.504600E-4	1.223870E+4	0.000000E+0	0.000000E+0
4.787290E+2	-1.504400E-4	1.223840E+4	0.000000E+0	0.000000E+0
4.827370E+2	-1.504600E-4	1.223830E+4	0.000000E+0	0.000000E+0
4.867170E+2	-1.504600E-4	1.223800E+4	0.000000E+0	0.000000E+0
4.907530E+2	-1.504500E-4	1.223780E+4	0.000000E+0	0.000000E+0
4.947120E+2	-1.504800E-4	1.223760E+4	0.000000E+0	0.000000E+0
4.987470E+2	-1.504700E-4	1.223740E+4	0.000000E+0	0.000000E+0
5.027350E+2	-1.504400E-4	1.223720E+4	0.000000E+0	0.000000E+0
5.067250E+2	-1.504600E-4	1.223690E+4	0.000000E+0	0.000000E+0
5.107340E+2	-1.504100E-4	1.223670E+4	0.000000E+0	0.000000E+0
5.147300E+2	-1.504600E-4	1.223660E+4	0.000000E+0	0.000000E+0
5.187310E+2	-1.504400E-4	1.223640E+4	0.000000E+0	0.000000E+0
5.227260E+2	-1.504500E-4	1.223620E+4	0.000000E+0	0.000000E+0
5.267310E+2	-1.504300E-4	1.223600E+4	0.000000E+0	0.000000E+0
5.307330E+2	-1.504600E-4	1.223590E+4	0.000000E+0	0.000000E+0
5.347290E+2	-1.504500E-4	1.223580E+4	0.000000E+0	0.000000E+0
5.387310E+2	-1.504400E-4	1.223560E+4	0.000000E+0	0.000000E+0
5.427330E+2	-1.504400E-4	1.223550E+4	0.000000E+0	0.000000E+0
5.467320E+2	-1.504300E-4	1.223540E+4	0.000000E+0	0.000000E+0
5.507270E+2	-1.504300E-4	1.223520E+4	0.000000E+0	0.000000E+0
5.547320E+2	-1.504200E-4	1.223500E+4	0.000000E+0	0.000000E+0
5.587310E+2	-1.504200E-4	1.223470E+4	0.000000E+0	0.000000E+0
5.627310E+2	-1.504000E-4	1.223440E+4	0.000000E+0	0.000000E+0
5.667300E+2	-1.503800E-4	1.223440E+4	0.000000E+0	0.000000E+0
5.707290E+2	-1.504200E-4	1.223410E+4	0.000000E+0	0.000000E+0
5.747360E+2	-1.504200E-4	1.223400E+4	0.000000E+0	0.000000E+0
5.787060E+2	-1.504000E-4	1.223390E+4	0.000000E+0	0.000000E+0
5.827430E+2	-1.503800E-4	1.223360E+4	0.000000E+0	0.000000E+0
5.867330E+2	-1.503600E-4	1.223330E+4	0.000000E+0	0.000000E+0
5.907300E+2	-1.504100E-4	1.223320E+4	0.000000E+0	0.000000E+0
5.947310E+2	-1.504200E-4	1.223300E+4	0.000000E+0	0.000000E+0
5.987420E+2	-1.504200E-4	1.223290E+4	0.000000E+0	0.000000E+0
6.027190E+2	-1.504100E-4	1.223270E+4	0.000000E+0	0.000000E+0
6.067520E+2	-1.504300E-4	1.223260E+4	0.000000E+0	0.000000E+0
6.107120E+2	-1.504300E-4	1.223250E+4	0.000000E+0	0.000000E+0
6.147450E+2	-1.504300E-4	1.223240E+4	0.000000E+0	0.000000E+0
6.187330E+2	-1.504300E-4	1.223220E+4	0.000000E+0	0.000000E+0
6.227300E+2	-1.504300E-4	1.223210E+4	0.000000E+0	0.000000E+0
6.267330E+2	-1.504500E-4	1.223190E+4	0.000000E+0	0.000000E+0
6.307150E+2	-1.504200E-4	1.223170E+4	0.000000E+0	0.000000E+0
6.347470E+2	-1.504300E-4	1.223150E+4	0.000000E+0	0.000000E+0
6.387320E+2	-1.504500E-4	1.223150E+4	0.000000E+0	0.000000E+0
6.427080E+2	-1.504200E-4	1.223130E+4	0.000000E+0	0.000000E+0
6.467460E+2	-1.504000E-4	1.223110E+4	0.000000E+0	0.000000E+0
6.507320E+2	-1.504100E-4	1.223100E+4	0.000000E+0	0.000000E+0
6.547300E+2	-1.504100E-4	1.223090E+4	0.000000E+0	0.000000E+0
6.587320E+2	-1.504100E-4	1.223070E+4	0.000000E+0	0.000000E+0
6.627290E+2	-1.504000E-4	1.223050E+4	0.000000E+0	0.000000E+0
6.667300E+2	-1.504200E-4	1.223030E+4	0.000000E+0	0.000000E+0
6.707280E+2	-1.504000E-4	1.223020E+4	0.000000E+0	0.000000E+0
6.747300E+2	-1.504200E-4	1.223000E+4	0.000000E+0	0.000000E+0
6.787280E+2	-1.504300E-4	1.222990E+4	0.000000E+0	0.000000E+0
6.827310E+2	-1.504200E-4	1.222970E+4	0.000000E+0	0.000000E+0
6.867300E+2	-1.504000E-4	1.222960E+4	0.000000E+0	0.000000E+0
6.907280E+2	-1.504500E-4	1.222940E+4	0.000000E+0	0.000000E+0
6.947280E+2	-1.504200E-4	1.222920E+4	0.000000E+0	0.000000E+0
6.987280E+2	-1.504400E-4	1.222910E+4	0.000000E+0	0.000000E+0
7.027310E+2	-1.504500E-4	1.222890E+4	0.000000E+0	0.000000E+0
7.067310E+2	-1.504300E-4	1.222880E+4	0.000000E+0	0.000000E+0
7.107300E+2	-1.504200E-4	1.222860E+4	0.000000E+0	0.000000E+0
7.147300E+2	-1.504200E-4	1.222840E+4	0.000000E+0	0.000000E+0
7.187310E+2	-1.504000E-4	1.222830E+4	0.000000E+0	0.000000E+0
7.227330E+2	-1.504500E-4	1.222810E+4	0.000000E+0	0.000000E+0
7.267120E+2	-1.504500E-4	1.222790E+4	0.000000E+0	0.000000E+0
7.307500E+2	-1.504700E-4	1.222780E+4	0.000000E+0	0.000000E+0
7.347350E+2	-1.504300E-4	1.222760E+4	0.000000E+0	0.000000E+0
7.387080E+2	-1.504500E-4	1.222750E+4	0.000000E+0	0.000000E+0
7.427410E+2	-1.504200E-4	1.222740E+4	0.000000E+0	0.000000E+0
7.467300E+2	-1.503900E-4	1.222730E+4	0.000000E+0	0.000000E+0
7.507300E+2	-1.504300E-4	1.222710E+4	0.000000E+0	0.000000E+0
7.547340E+2	-1.504100E-4	1.222690E+4	0.000000E+0	0.000000E+0
7.587130E+2	-1.504300E-4	1.222690E+4	0.000000E+0	0.000000E+0
7.627480E+2	-1.504200E-4	1.222670E+4	0.000000E+0	0.000000E+0
7.667330E+2	-1.504000E-4	1.222660E+4	0.000000E+0	0.000000E+0
7.707070E+2	-1.504000E-4	1.222650E+4	0.000000E+0	0.000000E+0
7.747450E+2	-1.503900E-4	1.222620E+4	0.000000E+0	0.000000E+0
7.787330E+2	-1.503800E-4	1.222610E+4	0.000000E+0	0.000000E+0
7.827350E+2	-1.503400E-4	1.222600E+4	0.000000E+0	0.000000E+0
7.867030E+2	-1.503500E-4	1.222580E+4	0.000000E+0	0.000000E+0
7.907400E+2	-1.503800E-4	1.222570E+4	0.000000E+0	0.000000E+0
7.947260E+2	-1.503800E-4	1.222550E+4	0.000000E+0	0.000000E+0
7.987290E+2	-1.503700E-4	1.222540E+4	0.000000E+0	0.000000E+0
8.027280E+2	-1.503800E-4	1.222530E+4	0.000000E+0	0.000000E+0
8.067380E+2	-1.503800E-4	1.222520E+4	0.000000E+0	0.000000E+0
8.107200E+2	-1.503800E-4	1.222500E+4	0.000000E+0	0.000000E+0
8.147350E+2	-1.503600E-4	1.222490E+4	0.000000E+0	0.000000E+0
8.187350E+2	-1.503700E-4	1.222480E+4	0.000000E+0	0.000000E+0
8.227120E+2	-1.503800E-4	1.222470E+4	0.000000E+0	0.000000E+0
8.267460E+2	-1.503700E-4	1.222460E+4	0.000000E+0	0.000000E+0
8.307310E+2	-1.503500E-4	1.222440E+4	0.000000E+0	0.000000E+0
8.347330E+2	-1.503700E-4	1.222420E+4	0.000000E+0	0.000000E+0
8.387290E+2	-1.503800E-4	1.222410E+4	0.000000E+0	0.000000E+0
8.427290E+2	-1.503800E-4	1.222400E+4	0.000000E+0	0.000000E+0
8.467300E+2	-1.503900E-4	1.222380E+4	0.000000E+0	0.000000E+0
8.507330E+2	-1.503900E-4	1.222360E+4	0.000000E+0	0.000000E+0
8.547320E+2	-1.503700E-4	1.222340E+4	0.000000E+0	0.000000E+0
8.587320E+2	-1.503700E-4	1.222330E+4	0.000000E+0	0.000000E+0
8.627320E+2	-1.504000E-4	1.222330E+4	0.000000E+0	0.000000E+0
8.667320E+2	-1.504500E-4	1.222310E+4	0.000000E+0	0.000000E+0
8.707300E+2	-1.504500E-4	1.222290E+4	0.000000E+0	0.000000E+0
8.747300E+2	-1.504200E-4	1.222280E+4	0.000000E+0	0.000000E+0
8.787310E+2	-1.504100E-4	1.222270E+4	0.000000E+0	0.000000E+0
8.827340E+2	-1.504500E-4	1.222260E+4	0.000000E+0	0.000000E+0
8.867330E+2	-1.504200E-4	1.222240E+4	0.000000E+0	0.000000E+0
8.907310E+2	-1.503900E-4	1.222220E+4	0.000000E+0	0.000000E+0
8.947300E+2	-1.503900E-4	1.222210E+4	0.000000E+0	0.000000E+0
8.987300E+2	-1.504300E-4	1.222200E+4	0.000000E+0	0.000000E+0
9.027300E+2	-1.504300E-4	1.222190E+4	0.000000E+0	0.000000E+0
9.067290E+2	-1.504100E-4	1.222180E+4	0.000000E+0	0.000000E+0
9.107310E+2	-1.504400E-4	1.222160E+4	0.000000E+0	0.000000E+0
9.147320E+2	-1.504000E-4	1.222150E+4	0.000000E+0	0.000000E+0
9.187300E+2	-1.504100E-4	1.222130E+4	0.000000E+0	0.000000E+0
9.227320E+2	-1.504200E-4	1.222120E+4	0.000000E+0	0.000000E+0
9.267340E+2	-1.504400E-4	1.222100E+4	0.000000E+0	0.000000E+0
9.307070E+2	-1.504100E-4	1.222080E+4	0.000000E+0	0.000000E+0
9.347460E+2	-1.504600E-4	1.222070E+4	0.000000E+0	0.000000E+0
9.387340E+2	-1.504500E-4	1.222060E+4	0.000000E+0	0.000000E+0
9.427300E+2	-1.504200E-4	1.222040E+4	0.000000E+0	0.000000E+0
9.467290E+2	-1.504300E-4	1.222030E+4	0.000000E+0	0.000000E+0
9.507420E+2	-1.505000E-4	1.222020E+4	0.000000E+0	0.000000E+0
9.547130E+2	-1.504800E-4	1.222010E+4	0.000000E+0	0.000000E+0
9.587480E+2	-1.504500E-4	1.221990E+4	0.000000E+0	0.000000E+0
9.627090E+2	-1.504600E-4	1.221980E+4	0.000000E+0	0.000000E+0
9.667470E+2	-1.505000E-4	1.221970E+4	0.000000E+0	0.000000E+0
9.707340E+2	-1.504600E-4	1.221950E+4	0.000000E+0	0.000000E+0
9.747300E+2	-1.504800E-4	1.221940E+4	0.000000E+0	0.000000E+0
9.787310E+2	-1.504500E-4	1.221930E+4	0.000000E+0	0.000000E+0
9.827310E+2	-1.504500E-4	1.221900E+4	0.000000E+0	0.000000E+0
9.867310E+2	-1.504400E-4	1.221900E+4	0.000000E+0	0.000000E+0
9.907330E+2	-1.504400E-4	1.221880E+4	0.000000E+0	0.000000E+0
9.947310E+2	-1.504800E-4	1.221870E+4	0.000000E+0	0.000000E+0
9.987290E+2	-1.504600E-4	1.221850E+4	0.000000E+0	0.000000E+0
1.002733E+3	-1.504600E-4	1.221840E+4	0.000000E+0	0.000000E+0
1.006731E+3	-1.504600E-4	1.221820E+4	0.000000E+0	0.000000E+0
1.010732E+3	-1.504400E-4	1.221810E+4	0.000000E+0	0.000000E+0
1.014732E+3	-1.504600E-4	1.221800E+4	0.000000E+0	0.000000E+0
1.018730E+3	-1.504600E-4	1.221780E+4	0.000000E+0	0.000000E+0
1.022732E+3	-1.504700E-4	1.221770E+4	0.000000E+0	0.000000E+0
1.026732E+3	-1.504500E-4	1.221750E+4	0.000000E+0	0.000000E+0
1.030730E+3	-1.504700E-4	1.221740E+4	0.000000E+0	0.000000E+0
1.034729E+3	-1.504800E-4	1.221730E+4	0.000000E+0	0.000000E+0
1.038732E+3	-1.504500E-4	1.221710E+4	0.000000E+0	0.000000E+0
1.042732E+3	-1.504500E-4	1.221710E+4	0.000000E+0	0.000000E+0
1.046730E+3	-1.504500E-4	1.221690E+4	0.000000E+0	0.000000E+0
1.050729E+3	-1.504400E-4	1.221660E+4	0.000000E+0	0.000000E+0
1.054730E+3	-1.504400E-4	1.221650E+4	0.000000E+0	0.000000E+0
1.058730E+3	-1.504600E-4	1.221630E+4	0.000000E+0	0.000000E+0
1.062732E+3	-1.504400E-4	1.221620E+4	0.000000E+0	0.000000E+0
1.066729E+3	-1.504400E-4	1.221610E+4	0.000000E+0	0.000000E+0
1.070731E+3	-1.504200E-4	1.221590E+4	0.000000E+0	0.000000E+0
1.074731E+3	-1.504600E-4	1.221590E+4	0.000000E+0	0.000000E+0
1.078733E+3	-1.504200E-4	1.221570E+4	0.000000E+0	0.000000E+0
1.082735E+3	-1.504500E-4	1.221560E+4	0.000000E+0	0.000000E+0
1.086731E+3	-1.504100E-4	1.221550E+4	0.000000E+0	0.000000E+0
1.090733E+3	-1.504300E-4	1.221540E+4	0.000000E+0	0.000000E+0
1.094733E+3	-1.504300E-4	1.221540E+4	0.000000E+0	0.000000E+0
1.098730E+3	-1.504300E-4	1.221520E+4	0.000000E+0	0.000000E+0
1.102732E+3	-1.504300E-4	1.221510E+4	0.000000E+0	0.000000E+0
1.106731E+3	-1.504300E-4	1.221490E+4	0.000000E+0	0.000000E+0
1.110732E+3	-1.504100E-4	1.221490E+4	0.000000E+0	0.000000E+0
1.114734E+3	-1.503900E-4	1.221480E+4	0.000000E+0	0.000000E+0
1.118734E+3	-1.504300E-4	1.221470E+4	0.000000E+0	0.000000E+0
1.122733E+3	-1.504000E-4	1.221460E+4	0.000000E+0	0.000000E+0
1.126710E+3	-1.504000E-4	1.221450E+4	0.000000E+0	0.000000E+0
1.130745E+3	-1.503900E-4	1.221430E+4	0.000000E+0	0.000000E+0
1.134737E+3	-1.503800E-4	1.221420E+4	0.000000E+0	0.000000E+0
1.138709E+3	-1.503600E-4	1.221410E+4	0.000000E+0	0.000000E+0
1.142747E+3	-1.503800E-4	1.221400E+4	0.000000E+0	0.000000E+0
1.146732E+3	-1.503800E-4	1.221390E+4	0.000000E+0	0.000000E+0
1.150733E+3	-1.504000E-4	1.221380E+4	0.000000E+0	0.000000E+0
1.154733E+3	-1.504100E-4	1.221370E+4	0.000000E+0	0.000000E+0
1.158731E+3	-1.504000E-4	1.221360E+4	0.000000E+0	0.000000E+0
1.162731E+3	-1.503900E-4	1.221350E+4	0.000000E+0	0.000000E+0
1.166734E+3	-1.504000E-4	1.221330E+4	0.000000E+0	0.000000E+0
1.170733E+3	-1.503600E-4	1.221320E+4	0.000000E+0	0.000000E+0
1.174714E+3	-1.503900E-4	1.221310E+4	0.000000E+0	0.000000E+0
1.178748E+3	-1.503700E-4	1.221310E+4	0.000000E+0	0.000000E+0
1.182735E+3	-1.503900E-4	1.221290E+4	0.000000E+0	0.000000E+0
1.186710E+3	-1.503900E-4	1.221280E+4	0.000000E+0	0.000000E+0
1.190733E+3	-1.503900E-4	1.221280E+4	0.000000E+0	0.000000E+0
1.194731E+3	-1.503800E-4	1.221270E+4	0.000000E+0	0.000000E+0
1.198729E+3	-1.504100E-4	1.221260E+4	0.000000E+0	0.000000E+0
1.202731E+3	-1.503900E-4	1.221250E+4	0.000000E+0	0.000000E+0
1.206738E+3	-1.503700E-4	1.221240E+4	0.000000E+0	0.000000E+0
1.210710E+3	-1.503900E-4	1.221230E+4	0.000000E+0	0.000000E+0
1.214750E+3	-1.503800E-4	1.221220E+4	0.000000E+0	0.000000E+0
1.218708E+3	-1.503900E-4	1.221210E+4	0.000000E+0	0.000000E+0
1.222742E+3	-1.504000E-4	1.221200E+4	0.000000E+0	0.000000E+0
1.226734E+3	-1.504200E-4	1.221180E+4	0.000000E+0	0.000000E+0
1.230734E+3	-1.504000E-4	1.221170E+4	0.000000E+0	0.000000E+0
1.234734E+3	-1.503800E-4	1.221170E+4	0.000000E+0	0.000000E+0
1.238732E+3	-1.503800E-4	1.221150E+4	0.000000E+0	0.000000E+0
1.242730E+3	-1.503800E-4	1.221130E+4	0.000000E+0	0.000000E+0
1.246732E+3	-1.503900E-4	1.221130E+4	0.000000E+0	0.000000E+0
1.250731E+3	-1.503700E-4	1.221120E+4	0.000000E+0	0.000000E+0
1.254730E+3	-1.503800E-4	1.221110E+4	0.000000E+0	0.000000E+0
1.258731E+3	-1.504000E-4	1.221090E+4	0.000000E+0	0.000000E+0
1.262728E+3	-1.503800E-4	1.221090E+4	0.000000E+0	0.000000E+0
1.266730E+3	-1.504300E-4	1.221080E+4	0.000000E+0	0.000000E+0
1.270729E+3	-1.504200E-4	1.221060E+4	0.000000E+0	0.000000E+0
1.274733E+3	-1.504100E-4	1.221060E+4	0.000000E+0	0.000000E+0
1.278731E+3	-1.504200E-4	1.221050E+4	0.000000E+0	0.000000E+0
1.282733E+3	-1.504000E-4	1.221040E+4	0.000000E+0	0.000000E+0
1.286735E+3	-1.504500E-4	1.221030E+4	0.000000E+0	0.000000E+0
1.290733E+3	-1.504500E-4	1.221010E+4	0.000000E+0	0.000000E+0
1.294728E+3	-1.504600E-4	1.221010E+4	0.000000E+0	0.000000E+0
1.298729E+3	-1.504400E-4	1.221010E+4	0.000000E+0	0.000000E+0
1.302727E+3	-1.504500E-4	1.220990E+4	0.000000E+0	0.000000E+0
1.306733E+3	-1.504600E-4	1.220980E+4	0.000000E+0	0.000000E+0
1.310730E+3	-1.504500E-4	1.220970E+4	0.000000E+0	0.000000E+0
1.314730E+3	-1.504000E-4	1.220970E+4	0.000000E+0	0.000000E+0
1.318710E+3	-1.504400E-4	1.220950E+4	0.000000E+0	0.000000E+0
1.322751E+3	-1.504400E-4	1.220940E+4	0.000000E+0	0.000000E+0
1.326734E+3	-1.504300E-4	1.220920E+4	0.000000E+0	0.000000E+0
1.330706E+3	-1.504400E-4	1.220920E+4	0.000000E+0	0.000000E+0
1.334744E+3	-1.504300E-4	1.220910E+4	0.000000E+0	0.000000E+0
1.338732E+3	-1.504500E-4	1.220900E+4	0.000000E+0	0.000000E+0
1.342731E+3	-1.504600E-4	1.220890E+4	0.000000E+0	0.000000E+0
1.346733E+3	-1.504400E-4	1.220880E+4	0.000000E+0	0.000000E+0
1.350730E+3	-1.504400E-4	1.220880E+4	0.000000E+0	0.000000E+0
1.354731E+3	-1.504600E-4	1.220880E+4	0.000000E+0	0.000000E+0
1.358733E+3	-1.504500E-4	1.220870E+4	0.000000E+0	0.000000E+0
1.362733E+3	-1.504300E-4	1.220860E+4	0.000000E+0	0.000000E+0
1.366731E+3	-1.504200E-4	1.220860E+4	0.000000E+0	0.000000E+0
1.370731E+3	-1.504200E-4	1.220840E+4	0.000000E+0	0.000000E+0
1.374730E+3	-1.503900E-4	1.220830E+4	0.000000E+0	0.000000E+0
1.378728E+3	-1.503900E-4	1.220830E+4	0.000000E+0	0.000000E+0
1.382732E+3	-1.504200E-4	1.220820E+4	0.000000E+0	0.000000E+0
1.386731E+3	-1.504400E-4	1.220810E+4	0.000000E+0	0.000000E+0
1.390729E+3	-1.504200E-4	1.220810E+4	0.000000E+0	0.000000E+0
1.394732E+3	-1.504300E-4	1.220800E+4	0.000000E+0	0.000000E+0
1.398708E+3	-1.504200E-4	1.220780E+4	0.000000E+0	0.000000E+0
1.402741E+3	-1.504300E-4	1.220780E+4	0.000000E+0	0.000000E+0
1.406736E+3	-1.504100E-4	1.220740E+4	0.000000E+0	0.000000E+0
1.410710E+3	-1.504400E-4	1.220730E+4	0.000000E+0	0.000000E+0
1.414744E+3	-1.504000E-4	1.220730E+4	0.000000E+0	0.000000E+0
1.418733E+3	-1.504100E-4	1.220720E+4	0.000000E+0	0.000000E+0
1.422731E+3	-1.504200E-4	1.220700E+4	0.000000E+0	0.000000E+0
1.426733E+3	-1.504500E-4	1.220710E+4	0.000000E+0	0.000000E+0
1.430733E+3	-1.504400E-4	1.220690E+4	0.000000E+0	0.000000E+0
1.434733E+3	-1.504200E-4	1.220690E+4	0.000000E+0	0.000000E+0
1.438732E+3	-1.504100E-4	1.220680E+4	0.000000E+0	0.000000E+0
1.442734E+3	-1.504500E-4	1.220690E+4	0.000000E+0	0.000000E+0
1.446712E+3	-1.504500E-4	1.220670E+4	0.000000E+0	0.000000E+0
1.450745E+3	-1.504500E-4	1.220660E+4	0.000000E+0	0.000000E+0
1.454731E+3	-1.504400E-4	1.220660E+4	0.000000E+0	0.000000E+0
1.458732E+3	-1.504700E-4	1.220650E+4	0.000000E+0	0.000000E+0
1.462733E+3	-1.504600E-4	1.220640E+4	0.000000E+0	0.000000E+0
1.466733E+3	-1.504400E-4	1.220630E+4	0.000000E+0	0.000000E+0
1.470733E+3	-1.504500E-4	1.220620E+4	0.000000E+0	0.000000E+0
1.474733E+3	-1.504400E-4	1.220610E+4	0.000000E+0	0.000000E+0
1.478709E+3	-1.504200E-4	1.220600E+4	0.000000E+0	0.000000E+0
1.482747E+3	-1.504100E-4	1.220600E+4	0.000000E+0	0.000000E+0
1.486733E+3	-1.504000E-4	1.220590E+4	0.000000E+0	0.000000E+0
1.490733E+3	-1.503900E-4	1.220580E+4	0.000000E+0	0.000000E+0
1.494713E+3	-1.503900E-4	1.220580E+4	0.000000E+0	0.000000E+0
1.498749E+3	-1.503900E-4	1.220570E+4	0.000000E+0	0.000000E+0
1.502733E+3	-1.504200E-4	1.220560E+4	0.000000E+0	0.000000E+0
1.506709E+3	-1.504300E-4	1.220550E+4	0.000000E+0	0.000000E+0
1.510730E+3	-1.503800E-4	1.220550E+4	0.000000E+0	0.000000E+0
1.514733E+3	-1.504300E-4	1.220540E+4	0.000000E+0	0.000000E+0
1.518731E+3	-1.504500E-4	1.220540E+4	0.000000E+0	0.000000E+0
1.522733E+3	-1.504000E-4	1.220540E+4	0.000000E+0	0.000000E+0
1.526732E+3	-1.504300E-4	1.220520E+4	0.000000E+0	0.000000E+0
1.530732E+3	-1.504200E-4	1.220510E+4	0.000000E+0	0.000000E+0
1.534732E+3	-1.504100E-4	1.220500E+4	0.000000E+0	0.000000E+0
1.538734E+3	-1.503200E-4	1.220500E+4	0.000000E+0	0.000000E+0
1.542733E+3	-1.504000E-4	1.220490E+4	0.000000E+0	0.000000E+0
1.546733E+3	-1.503800E-4	1.220480E+4	0.000000E+0	0.000000E+0
1.550733E+3	-1.504100E-4	1.220470E+4	0.000000E+0	0.000000E+0
1.554733E+3	-1.504200E-4	1.220460E+4	0.000000E+0	0.000000E+0
1.558707E+3	-1.504200E-4	1.220450E+4	0.000000E+0	0.000000E+0
1.562746E+3	-1.503900E-4	1.220460E+4	0.000000E+0	0.000000E+0
1.566733E+3	-1.504200E-4	1.220450E+4	0.000000E+0	0.000000E+0
1.570710E+3	-1.504200E-4	1.220440E+4	0.000000E+0	0.000000E+0
1.574744E+3	-1.504500E-4	1.220430E+4	0.000000E+0	0.000000E+0
1.578732E+3	-1.504000E-4	1.220420E+4	0.000000E+0	0.000000E+0
1.582730E+3	-1.504000E-4	1.220420E+4	0.000000E+0	0.000000E+0
1.586734E+3	-1.504100E-4	1.220410E+4	0.000000E+0	0.000000E+0
1.590711E+3	-1.503400E-4	1.220390E+4	0.000000E+0	0.000000E+0
1.594747E+3	-1.503600E-4	1.220400E+4	0.000000E+0	0.000000E+0
1.598733E+3	-1.503700E-4	1.220390E+4	0.000000E+0	0.000000E+0
1.602708E+3	-1.503700E-4	1.220380E+4	0.000000E+0	0.000000E+0
1.606742E+3	-1.503900E-4	1.220370E+4	0.000000E+0	0.000000E+0
1.610730E+3	-1.503500E-4	1.220360E+4	0.000000E+0	0.000000E+0
1.614729E+3	-1.504000E-4	1.220360E+4	0.000000E+0	0.000000E+0
1.618732E+3	-1.504100E-4	1.220350E+4	0.000000E+0	0.000000E+0
1.622730E+3	-1.503900E-4	1.220340E+4	0.000000E+0	0.000000E+0
1.626730E+3	-1.503400E-4	1.220350E+4	0.000000E+0	0.000000E+0
1.630730E+3	-1.503500E-4	1.220330E+4	0.000000E+0	0.000000E+0
1.634735E+3	-1.503900E-4	1.220320E+4	0.000000E+0	0.000000E+0
1.638713E+3	-1.503800E-4	1.220310E+4	0.000000E+0	0.000000E+0
1.642745E+3	-1.503900E-4	1.220300E+4	0.000000E+0	0.000000E+0
1.646733E+3	-1.504100E-4	1.220300E+4	0.000000E+0	0.000000E+0
1.650733E+3	-1.504400E-4	1.220280E+4	0.000000E+0	0.000000E+0
1.654708E+3	-1.504500E-4	1.220280E+4	0.000000E+0	0.000000E+0
1.658744E+3	-1.504500E-4	1.220280E+4	0.000000E+0	0.000000E+0
1.662733E+3	-1.504400E-4	1.220260E+4	0.000000E+0	0.000000E+0
1.666733E+3	-1.504500E-4	1.220260E+4	0.000000E+0	0.000000E+0
1.670732E+3	-1.504400E-4	1.220250E+4	0.000000E+0	0.000000E+0
1.674733E+3	-1.504400E-4	1.220250E+4	0.000000E+0	0.000000E+0
1.678732E+3	-1.504400E-4	1.220230E+4	0.000000E+0	0.000000E+0
1.682732E+3	-1.504200E-4	1.220230E+4	0.000000E+0	0.000000E+0
1.686733E+3	-1.504700E-4	1.220220E+4	0.000000E+0	0.000000E+0
1.690733E+3	-1.504300E-4	1.220210E+4	0.000000E+0	0.000000E+0
1.694727E+3	-1.504100E-4	1.220220E+4	0.000000E+0	0.000000E+0
1.698732E+3	-1.504200E-4	1.220200E+4	0.000000E+0	0.000000E+0
1.702731E+3	-1.504200E-4	1.220200E+4	0.000000E+0	0.000000E+0
1.706733E+3	-1.504200E-4	1.220190E+4	0.000000E+0	0.000000E+0
1.710732E+3	-1.504200E-4	1.220180E+4	0.000000E+0	0.000000E+0
1.714732E+3	-1.504400E-4	1.220180E+4	0.000000E+0	0.000000E+0
1.718733E+3	-1.504100E-4	1.220170E+4	0.000000E+0	0.000000E+0
1.722732E+3	-1.503900E-4	1.220160E+4	0.000000E+0	0.000000E+0
1.727306E+3	-1.504000E-4	1.220150E+4	0.000000E+0	0.000000E+0
1.730733E+3	-1.503300E-4	1.220150E+4	0.000000E+0	0.000000E+0
1.734733E+3	-1.503500E-4	1.220140E+4	0.000000E+0	0.000000E+0
1.738734E+3	-1.503300E-4	1.220130E+4	0.000000E+0	0.000000E+0
1.742733E+3	-1.503200E-4	1.220120E+4	0.000000E+0	0.000000E+0
1.746733E+3	-1.503200E-4	1.220120E+4	0.000000E+0	0.000000E+0
1.750710E+3	-1.503300E-4	1.220110E+4	0.000000E+0	0.000000E+0
1.754750E+3	-1.503500E-4	1.220100E+4	0.000000E+0	0.000000E+0
1.758736E+3	-1.503500E-4	1.220100E+4	0.000000E+0	0.000000E+0
1.762710E+3	-1.503400E-4	1.220080E+4	0.000000E+0	0.000000E+0
1.766744E+3	-1.503400E-4	1.220080E+4	0.000000E+0	0.000000E+0
1.770731E+3	-1.503700E-4	1.220070E+4	0.000000E+0	0.000000E+0
1.774732E+3	-1.503500E-4	1.220070E+4	0.000000E+0	0.000000E+0
1.778738E+3	-1.503700E-4	1.220060E+4	0.000000E+0	0.000000E+0
1.782710E+3	-1.503800E-4	1.220050E+4	0.000000E+0	0.000000E+0
1.786748E+3	-1.503500E-4	1.220050E+4	0.000000E+0	0.000000E+0
1.790736E+3	-1.503600E-4	1.220040E+4	0.000000E+0	0.000000E+0
1.794709E+3	-1.503600E-4	1.220040E+4	0.000000E+0	0.000000E+0
1.798745E+3	-1.503900E-4	1.220030E+4	0.000000E+0	0.000000E+0
1.802730E+3	-1.503800E-4	1.220030E+4	0.000000E+0	0.000000E+0
1.806733E+3	-1.503600E-4	1.220030E+4	0.000000E+0	0.000000E+0
1.810730E+3	-1.503800E-4	1.220010E+4	0.000000E+0	0.000000E+0
1.814732E+3	-1.504100E-4	1.220020E+4	0.000000E+0	0.000000E+0
1.818730E+3	-1.503900E-4	1.220010E+4	0.000000E+0	0.000000E+0
1.822728E+3	-1.504400E-4	1.220000E+4	0.000000E+0	0.000000E+0
1.826730E+3	-1.504100E-4	1.219990E+4	0.000000E+0	0.000000E+0
1.830728E+3	-1.504300E-4	1.219980E+4	0.000000E+0	0.000000E+0
1.834728E+3	-1.504400E-4	1.219970E+4	0.000000E+0	0.000000E+0
1.838730E+3	-1.504200E-4	1.219970E+4	0.000000E+0	0.000000E+0
1.842729E+3	-1.504100E-4	1.219970E+4	0.000000E+0	0.000000E+0
1.846731E+3	-1.504300E-4	1.219960E+4	0.000000E+0	0.000000E+0
1.850729E+3	-1.504300E-4	1.219950E+4	0.000000E+0	0.000000E+0
1.854729E+3	-1.504500E-4	1.219940E+4	0.000000E+0	0.000000E+0
1.858731E+3	-1.504100E-4	1.219940E+4	0.000000E+0	0.000000E+0
1.862731E+3	-1.504300E-4	1.219930E+4	0.000000E+0	0.000000E+0
1.866732E+3	-1.504400E-4	1.219930E+4	0.000000E+0	0.000000E+0
1.870731E+3	-1.504300E-4	1.219910E+4	0.000000E+0	0.000000E+0
1.874733E+3	-1.504300E-4	1.219920E+4	0.000000E+0	0.000000E+0
1.878733E+3	-1.504600E-4	1.219890E+4	0.000000E+0	0.000000E+0
1.882733E+3	-1.504400E-4	1.219900E+4	0.000000E+0	0.000000E+0
1.886732E+3	-1.504300E-4	1.219880E+4	0.000000E+0	0.000000E+0
1.890733E+3	-1.503900E-4	1.219880E+4	0.000000E+0	0.000000E+0
1.894711E+3	-1.504200E-4	1.219880E+4	0.000000E+0	0.000000E+0
1.898745E+3	-1.503800E-4	1.219870E+4	0.000000E+0	0.000000E+0
1.902733E+3	-1.504000E-4	1.219870E+4	0.000000E+0	0.000000E+0
1.906731E+3	-1.504200E-4	1.219860E+4	0.000000E+0	0.000000E+0
1.910737E+3	-1.504100E-4	1.219850E+4	0.000000E+0	0.000000E+0
1.914711E+3	-1.504300E-4	1.219860E+4	0.000000E+0	0.000000E+0
1.918748E+3	-1.504000E-4	1.219860E+4	0.000000E+0	0.000000E+0
1.922737E+3	-1.504200E-4	1.219850E+4	0.000000E+0	0.000000E+0
1.926718E+3	-1.504200E-4	1.219840E+4	0.000000E+0	0.000000E+0
1.930746E+3	-1.504100E-4	1.219840E+4	0.000000E+0	0.000000E+0
1.934735E+3	-1.504200E-4	1.219820E+4	0.000000E+0	0.000000E+0
1.938712E+3	-1.503700E-4	1.219820E+4	0.000000E+0	0.000000E+0
1.942748E+3	-1.503700E-4	1.219810E+4	0.000000E+0	0.000000E+0
1.946735E+3	-1.503600E-4	1.219800E+4	0.000000E+0	0.000000E+0
1.950725E+3	-1.503200E-4	1.219790E+4	0.000000E+0	0.000000E+0
1.954732E+3	-1.503400E-4	1.219800E+4	0.000000E+0	0.000000E+0
1.958733E+3	-1.503700E-4	1.219800E+4	0.000000E+0	0.000000E+0
1.962732E+3	-1.503300E-4	1.219790E+4	0.000000E+0	0.000000E+0
1.966732E+3	-1.503400E-4	1.219780E+4	0.000000E+0	0.000000E+0
1.970729E+3	-1.503500E-4	1.219780E+4	0.000000E+0	0.000000E+0
1.974727E+3	-1.503800E-4	1.219770E+4	0.000000E+0	0.000000E+0
1.978732E+3	-1.503900E-4	1.219770E+4	0.000000E+0	0.000000E+0
1.982732E+3	-1.503500E-4	1.219760E+4	0.000000E+0	0.000000E+0
1.986730E+3	-1.503400E-4	1.219760E+4	0.000000E+0	0.000000E+0
1.990727E+3	-1.503600E-4	1.219760E+4	0.000000E+0	0.000000E+0
1.994727E+3	-1.503800E-4	1.219750E+4	0.000000E+0	0.000000E+0
1.998730E+3	-1.503700E-4	1.219750E+4	0.000000E+0	0.000000E+0
2.002728E+3	-1.503700E-4	1.219730E+4	0.000000E+0	0.000000E+0
2.006752E+3	-1.503600E-4	1.219730E+4	0.000000E+0	0.000000E+0
2.010734E+3	-1.503600E-4	1.219720E+4	0.000000E+0	0.000000E+0
2.014712E+3	-1.503900E-4	1.219720E+4	0.000000E+0	0.000000E+0
2.018749E+3	-1.503600E-4	1.219710E+4	0.000000E+0	0.000000E+0
2.022738E+3	-1.503800E-4	1.219710E+4	0.000000E+0	0.000000E+0
2.026709E+3	-1.503700E-4	1.219700E+4	0.000000E+0	0.000000E+0
2.030748E+3	-1.503700E-4	1.219700E+4	0.000000E+0	0.000000E+0
2.034733E+3	-1.503700E-4	1.219700E+4	0.000000E+0	0.000000E+0
2.038724E+3	-1.504100E-4	1.219690E+4	0.000000E+0	0.000000E+0
2.042731E+3	-1.503900E-4	1.219680E+4	0.000000E+0	0.000000E+0
2.046732E+3	-1.504200E-4	1.219680E+4	0.000000E+0	0.000000E+0
2.050732E+3	-1.503900E-4	1.219670E+4	0.000000E+0	0.000000E+0
2.054728E+3	-1.504300E-4	1.219660E+4	0.000000E+0	0.000000E+0
2.058731E+3	-1.504400E-4	1.219660E+4	0.000000E+0	0.000000E+0
2.062732E+3	-1.504300E-4	1.219650E+4	0.000000E+0	0.000000E+0
2.066733E+3	-1.504400E-4	1.219650E+4	0.000000E+0	0.000000E+0
2.070713E+3	-1.504300E-4	1.219640E+4	0.000000E+0	0.000000E+0
2.074739E+3	-1.504300E-4	1.219640E+4	0.000000E+0	0.000000E+0
2.078730E+3	-1.504400E-4	1.219630E+4	0.000000E+0	0.000000E+0
2.082736E+3	-1.504100E-4	1.219620E+4	0.000000E+0	0.000000E+0
2.086732E+3	-1.504000E-4	1.219610E+4	0.000000E+0	0.000000E+0
2.090730E+3	-1.503900E-4	1.219610E+4	0.000000E+0	0.000000E+0
2.094730E+3	-1.503700E-4	1.219590E+4	0.000000E+0	0.000000E+0
2.098730E+3	-1.503500E-4	1.219600E+4	0.000000E+0	0.000000E+0
2.102732E+3	-1.503400E-4	1.219600E+4	0.000000E+0	0.000000E+0
2.106731E+3	-1.504200E-4	1.219590E+4	0.000000E+0	0.000000E+0
2.110734E+3	-1.503600E-4	1.219590E+4	0.000000E+0	0.000000E+0
2.114712E+3	-1.503400E-4	1.219580E+4	0.000000E+0	0.000000E+0
2.118743E+3	-1.503600E-4	1.219570E+4	0.000000E+0	0.000000E+0
2.122733E+3	-1.503400E-4	1.219570E+4	0.000000E+0	0.000000E+0
2.126733E+3	-1.503400E-4	1.219560E+4	0.000000E+0	0.000000E+0
2.130735E+3	-1.503700E-4	1.219550E+4	0.000000E+0	0.000000E+0
2.134713E+3	-1.503800E-4	1.219540E+4	0.000000E+0	0.000000E+0
2.138748E+3	-1.503800E-4	1.219540E+4	0.000000E+0	0.000000E+0
2.142735E+3	-1.504100E-4	1.219540E+4	0.000000E+0	0.000000E+0
2.146714E+3	-1.503800E-4	1.219530E+4	0.000000E+0	0.000000E+0
2.150733E+3	-1.503900E-4	1.219520E+4	0.000000E+0	0.000000E+0
2.154736E+3	-1.503600E-4	1.219520E+4	0.000000E+0	0.000000E+0
2.158708E+3	-1.503900E-4	1.219520E+4	0.000000E+0	0.000000E+0
2.162749E+3	-1.503300E-4	1.219520E+4	0.000000E+0	0.000000E+0
2.166736E+3	-1.503400E-4	1.219510E+4	0.000000E+0	0.000000E+0
2.170726E+3	-1.503700E-4	1.219510E+4	0.000000E+0	0.000000E+0
2.174732E+3	-1.503300E-4	1.219500E+4	0.000000E+0	0.000000E+0
2.178732E+3	-1.503400E-4	1.219510E+4	0.000000E+0	0.000000E+0
2.182736E+3	-1.503200E-4	1.219500E+4	0.000000E+0	0.000000E+0
2.186711E+3	-1.503500E-4	1.219500E+4	0.000000E+0	0.000000E+0
2.190745E+3	-1.503500E-4	1.219480E+4	0.000000E+0	0.000000E+0
2.194734E+3	-1.503900E-4	1.219490E+4	0.000000E+0	0.000000E+0
2.198709E+3	-1.503800E-4	1.219480E+4	0.000000E+0	0.000000E+0
2.202742E+3	-1.503600E-4	1.219470E+4	0.000000E+0	0.000000E+0
2.206735E+3	-1.503700E-4	1.219470E+4	0.000000E+0	0.000000E+0
2.210734E+3	-1.503500E-4	1.219470E+4	0.000000E+0	0.000000E+0
2.214737E+3	-1.503400E-4	1.219470E+4	0.000000E+0	0.000000E+0
2.218710E+3	-1.503300E-4	1.219470E+4	0.000000E+0	0.000000E+0
2.222748E+3	-1.503300E-4	1.219460E+4	0.000000E+0	0.000000E+0
2.226733E+3	-1.503400E-4	1.219460E+4	0.000000E+0	0.000000E+0
2.230720E+3	-1.503500E-4	1.219450E+4	0.000000E+0	0.000000E+0
2.234728E+3	-1.503300E-4	1.219450E+4	0.000000E+0	0.000000E+0
2.238731E+3	-1.503400E-4	1.219440E+4	0.000000E+0	0.000000E+0
2.242735E+3	-1.503700E-4	1.219440E+4	0.000000E+0	0.000000E+0
2.246733E+3	-1.503900E-4	1.219430E+4	0.000000E+0	0.000000E+0
2.250732E+3	-1.503500E-4	1.219430E+4	0.000000E+0	0.000000E+0
2.254733E+3	-1.503700E-4	1.219440E+4	0.000000E+0	0.000000E+0
2.258705E+3	-1.503800E-4	1.219430E+4	0.000000E+0	0.000000E+0
2.262745E+3	-1.503900E-4	1.219430E+4	0.000000E+0	0.000000E+0
2.266734E+3	-1.504100E-4	1.219420E+4	0.000000E+0	0.000000E+0
2.270733E+3	-1.504200E-4	1.219420E+4	0.000000E+0	0.000000E+0
2.274733E+3	-1.504200E-4	1.219410E+4	0.000000E+0	0.000000E+0
2.278732E+3	-1.504200E-4	1.219410E+4	0.000000E+0	0.000000E+0
2.282733E+3	-1.504200E-4	1.219410E+4	0.000000E+0	0.000000E+0
2.286733E+3	-1.504200E-4	1.219410E+4	0.000000E+0	0.000000E+0
2.290733E+3	-1.504100E-4	1.219400E+4	0.000000E+0	0.000000E+0
2.294711E+3	-1.503900E-4	1.219400E+4	0.000000E+0	0.000000E+0
2.298745E+3	-1.504100E-4	1.219400E+4	0.000000E+0	0.000000E+0
2.302731E+3	-1.503600E-4	1.219390E+4	0.000000E+0	0.000000E+0
2.306707E+3	-1.503800E-4	1.219390E+4	0.000000E+0	0.000000E+0
2.310741E+3	-1.503700E-4	1.219390E+4	0.000000E+0	0.000000E+0
2.314733E+3	-1.503700E-4	1.219380E+4	0.000000E+0	0.000000E+0
2.318733E+3	-1.503500E-4	1.219380E+4	0.000000E+0	0.000000E+0
2.322733E+3	-1.503700E-4	1.219380E+4	0.000000E+0	0.000000E+0
2.326717E+3	-1.503300E-4	1.219370E+4	0.000000E+0	0.000000E+0
2.330747E+3	-1.503600E-4	1.219370E+4	0.000000E+0	0.000000E+0
2.334733E+3	-1.503500E-4	1.219360E+4	0.000000E+0	0.000000E+0
2.338709E+3	-1.503700E-4	1.219360E+4	0.000000E+0	0.000000E+0
2.342746E+3	-1.503300E-4	1.219360E+4	0.000000E+0	0.000000E+0
2.346732E+3	-1.503200E-4	1.219350E+4	0.000000E+0	0.000000E+0
2.350733E+3	-1.503200E-4	1.219350E+4	0.000000E+0	0.000000E+0
2.354734E+3	-1.503900E-4	1.219350E+4	0.000000E+0	0.000000E+0
2.358713E+3	-1.503500E-4	1.219340E+4	0.000000E+0	0.000000E+0
2.362747E+3	-1.503500E-4	1.219340E+4	0.000000E+0	0.000000E+0
2.366732E+3	-1.503600E-4	1.219350E+4	0.000000E+0	0.000000E+0
2.370731E+3	-1.503300E-4	1.219340E+4	0.000000E+0	0.000000E+0
2.374733E+3	-1.503700E-4	1.219340E+4	0.000000E+0	0.000000E+0
2.378732E+3	-1.503900E-4	1.219340E+4	0.000000E+0	0.000000E+0
2.382734E+3	-1.504100E-4	1.219340E+4	0.000000E+0	0.000000E+0
2.386708E+3	-1.504100E-4	1.219320E+4	0.000000E+0	0.000000E+0
2.390748E+3	-1.503800E-4	1.219320E+4	0.000000E+0	0.000000E+0
2.394707E+3	-1.504000E-4	1.219320E+4	0.000000E+0	0.000000E+0
2.398749E+3	-1.504000E-4	1.219320E+4	0.000000E+0	0.000000E+0
2.402708E+3	-1.504200E-4	1.219310E+4	0.000000E+0	0.000000E+0
2.406743E+3	-1.503800E-4	1.219310E+4	0.000000E+0	0.000000E+0
2.410733E+3	-1.503900E-4	1.219310E+4	0.000000E+0	0.000000E+0
2.414731E+3	-1.503800E-4	1.219300E+4	0.000000E+0	0.000000E+0
2.418733E+3	-1.504100E-4	1.219300E+4	0.000000E+0	0.000000E+0
2.422712E+3	-1.503900E-4	1.219300E+4	0.000000E+0	0.000000E+0
2.426747E+3	-1.504600E-4	1.219300E+4	0.000000E+0	0.000000E+0
2.430733E+3	-1.504600E-4	1.219290E+4	0.000000E+0	0.000000E+0
2.434731E+3	-1.504200E-4	1.219280E+4	0.000000E+0	0.000000E+0
2.438732E+3	-1.504200E-4	1.219290E+4	0.000000E+0	0.000000E+0
2.442733E+3	-1.504400E-4	1.219280E+4	0.000000E+0	0.000000E+0
2.446727E+3	-1.504300E-4	1.219280E+4	0.000000E+0	0.000000E+0
2.450731E+3	-1.504100E-4	1.219280E+4	0.000000E+0	0.000000E+0
2.454727E+3	-1.504200E-4	1.219270E+4	0.000000E+0	0.000000E+0
2.458730E+3	-1.504200E-4	1.219270E+4	0.000000E+0	0.000000E+0
2.462729E+3	-1.504000E-4	1.219280E+4	0.000000E+0	0.000000E+0
2.466731E+3	-1.503800E-4	1.219270E+4	0.000000E+0	0.000000E+0
2.470733E+3	-1.503700E-4	1.219270E+4	0.000000E+0	0.000000E+0
2.474711E+3	-1.504000E-4	1.219270E+4	0.000000E+0	0.000000E+0
2.478743E+3	-1.503600E-4	1.219270E+4	0.000000E+0	0.000000E+0
2.482732E+3	-1.503800E-4	1.219260E+4	0.000000E+0	0.000000E+0
2.486733E+3	-1.503800E-4	1.219260E+4	0.000000E+0	0.000000E+0
2.490730E+3	-1.503500E-4	1.219260E+4	0.000000E+0	0.000000E+0
2.494731E+3	-1.503800E-4	1.219250E+4	0.000000E+0	0.000000E+0
2.498731E+3	-1.503900E-4	1.219250E+4	0.000000E+0	0.000000E+0
2.502732E+3	-1.504100E-4	1.219230E+4	0.000000E+0	0.000000E+0
2.506731E+3	-1.504000E-4	1.219250E+4	0.000000E+0	0.000000E+0
2.510728E+3	-1.503900E-4	1.219240E+4	0.000000E+0	0.000000E+0
2.514729E+3	-1.503900E-4	1.219240E+4	0.000000E+0	0.000000E+0
2.518733E+3	-1.504000E-4	1.219230E+4	0.000000E+0	0.000000E+0
2.522731E+3	-1.504100E-4	1.219250E+4	0.000000E+0	0.000000E+0
2.526732E+3	-1.503900E-4	1.219260E+4	0.000000E+0	0.000000E+0
2.530731E+3	-1.503900E-4	1.219250E+4	0.000000E+0	0.000000E+0
2.534729E+3	-1.503900E-4	1.219250E+4	0.000000E+0	0.000000E+0
2.538733E+3	-1.503900E-4	1.219230E+4	0.000000E+0	0.000000E+0
2.542732E+3	-1.504000E-4	1.219230E+4	0.000000E+0	0.000000E+0
2.546734E+3	-1.504200E-4	1.219220E+4	0.000000E+0	0.000000E+0
2.550708E+3	-1.503900E-4	1.219210E+4	0.000000E+0	0.000000E+0
2.554744E+3	-1.504200E-4	1.219210E+4	0.000000E+0	0.000000E+0
2.558734E+3	-1.504100E-4	1.219210E+4	0.000000E+0	0.000000E+0
2.562733E+3	-1.504100E-4	1.219210E+4	0.000000E+0	0.000000E+0
2.566733E+3	-1.503900E-4	1.219210E+4	0.000000E+0	0.000000E+0
2.570717E+3	-1.504100E-4	1.219210E+4	0.000000E+0	0.000000E+0
2.574748E+3	-1.504400E-4	1.219210E+4	0.000000E+0	0.000000E+0
2.578733E+3	-1.503900E-4	1.219210E+4	0.000000E+0	0.000000E+0
2.582708E+3	-1.504100E-4	1.219200E+4	0.000000E+0	0.000000E+0
2.586730E+3	-1.503800E-4	1.219200E+4	0.000000E+0	0.000000E+0
2.590734E+3	-1.503400E-4	1.219190E+4	0.000000E+0	0.000000E+0
2.594728E+3	-1.503500E-4	1.219200E+4	0.000000E+0	0.000000E+0
2.598730E+3	-1.503500E-4	1.219180E+4	0.000000E+0	0.000000E+0
2.602731E+3	-1.503200E-4	1.219180E+4	0.000000E+0	0.000000E+0
2.606736E+3	-1.503300E-4	1.219170E+4	0.000000E+0	0.000000E+0
2.610730E+3	-1.503400E-4	1.219170E+4	0.000000E+0	0.000000E+0
2.614733E+3	-1.503700E-4	1.219170E+4	0.000000E+0	0.000000E+0
2.618732E+3	-1.503500E-4	1.219160E+4	0.000000E+0	0.000000E+0
2.622731E+3	-1.503400E-4	1.219160E+4	0.000000E+0	0.000000E+0
2.626732E+3	-1.503600E-4	1.219160E+4	0.000000E+0	0.000000E+0
2.630733E+3	-1.503300E-4	1.219160E+4	0.000000E+0	0.000000E+0
2.634711E+3	-1.503600E-4	1.219150E+4	0.000000E+0	0.000000E+0
2.638744E+3	-1.503400E-4	1.219160E+4	0.000000E+0	0.000000E+0
2.642733E+3	-1.503500E-4	1.219150E+4	0.000000E+0	0.000000E+0
2.646709E+3	-1.503200E-4	1.219140E+4	0.000000E+0	0.000000E+0
2.650747E+3	-1.503700E-4	1.219130E+4	0.000000E+0	0.000000E+0
2.654734E+3	-1.503600E-4	1.219130E+4	0.000000E+0	0.000000E+0
2.658733E+3	-1.503900E-4	1.219120E+4	0.000000E+0	0.000000E+0
2.662732E+3	-1.503700E-4	1.219130E+4	0.000000E+0	0.000000E+0
2.666730E+3	-1.504100E-4	1.219120E+4	0.000000E+0	0.000000E+0
2.670730E+3	-1.503600E-4	1.219120E+4	0.000000E+0	0.000000E+0
2.674731E+3	-1.503700E-4	1.219110E+4	0.000000E+0	0.000000E+0
2.678733E+3	-1.504400E-4	1.219110E+4	0.000000E+0	0.000000E+0
2.682733E+3	-1.504200E-4	1.219090E+4	0.000000E+0	0.000000E+0
2.686733E+3	-1.504100E-4	1.219100E+4	0.000000E+0	0.000000E+0
2.690733E+3	-1.504000E-4	1.219090E+4	0.000000E+0	0.000000E+0
2.694733E+3	-1.503600E-4	1.219090E+4	0.000000E+0	0.000000E+0
2.698712E+3	-1.503700E-4	1.219080E+4	0.000000E+0	0.000000E+0
2.702748E+3	-1.503800E-4	1.219080E+4	0.000000E+0	0.000000E+0
2.706733E+3	-1.504000E-4	1.219080E+4	0.000000E+0	0.000000E+0
2.710710E+3	-1.504000E-4	1.219080E+4	0.000000E+0	0.000000E+0
2.714746E+3	-1.503900E-4	1.219070E+4	0.000000E+0	0.000000E+0
2.718735E+3	-1.503800E-4	1.219080E+4	0.000000E+0	0.000000E+0
2.722707E+3	-1.503800E-4	1.219060E+4	0.000000E+0	0.000000E+0
2.726744E+3	-1.503900E-4	1.219070E+4	0.000000E+0	0.000000E+0
2.730738E+3	-1.503900E-4	1.219060E+4	0.000000E+0	0.000000E+0
2.734715E+3	-1.503900E-4	1.219060E+4	0.000000E+0	0.000000E+0
2.738730E+3	-1.503900E-4	1.219050E+4	0.000000E+0	0.000000E+0
2.742730E+3	-1.504100E-4	1.219050E+4	0.000000E+0	0.000000E+0
2.746730E+3	-1.504200E-4	1.219050E+4	0.000000E+0	0.000000E+0
2.750730E+3	-1.504000E-4	1.219050E+4	0.000000E+0	0.000000E+0
2.754733E+3	-1.503900E-4	1.219040E+4	0.000000E+0	0.000000E+0
2.758734E+3	-1.504000E-4	1.219040E+4	0.000000E+0	0.000000E+0
2.762709E+3	-1.503800E-4	1.219030E+4	0.000000E+0	0.000000E+0
2.766751E+3	-1.503900E-4	1.219030E+4	0.000000E+0	0.000000E+0
2.770733E+3	-1.504300E-4	1.219020E+4	0.000000E+0	0.000000E+0
2.774733E+3	-1.504100E-4	1.219020E+4	0.000000E+0	0.000000E+0
2.778733E+3	-1.504000E-4	1.219020E+4	0.000000E+0	0.000000E+0
2.782730E+3	-1.503900E-4	1.219010E+4	0.000000E+0	0.000000E+0
2.786731E+3	-1.503900E-4	1.219010E+4	0.000000E+0	0.000000E+0
2.790733E+3	-1.504300E-4	1.219000E+4	0.000000E+0	0.000000E+0
2.794702E+3	-1.503600E-4	1.219000E+4	0.000000E+0	0.000000E+0
2.798741E+3	-1.503800E-4	1.219000E+4	0.000000E+0	0.000000E+0
2.802729E+3	-1.503800E-4	1.218990E+4	0.000000E+0	0.000000E+0
2.806732E+3	-1.504000E-4	1.218990E+4	0.000000E+0	0.000000E+0
2.810732E+3	-1.503800E-4	1.218990E+4	0.000000E+0	0.000000E+0
2.814732E+3	-1.504000E-4	1.218990E+4	0.000000E+0	0.000000E+0
2.818729E+3	-1.503900E-4	1.218990E+4	0.000000E+0	0.000000E+0
2.822734E+3	-1.503900E-4	1.218980E+4	0.000000E+0	0.000000E+0
2.826734E+3	-1.504200E-4	1.218980E+4	0.000000E+0	0.000000E+0
2.830733E+3	-1.504000E-4	1.218980E+4	0.000000E+0	0.000000E+0
2.834733E+3	-1.504500E-4	1.218980E+4	0.000000E+0	0.000000E+0
2.838730E+3	-1.504100E-4	1.218970E+4	0.000000E+0	0.000000E+0
2.842730E+3	-1.504100E-4	1.218970E+4	0.000000E+0	0.000000E+0
2.846730E+3	-1.504200E-4	1.218960E+4	0.000000E+0	0.000000E+0
2.850730E+3	-1.504100E-4	1.218950E+4	0.000000E+0	0.000000E+0
2.854729E+3	-1.503700E-4	1.218950E+4	0.000000E+0	0.000000E+0
2.858728E+3	-1.504000E-4	1.218950E+4	0.000000E+0	0.000000E+0
2.862732E+3	-1.503800E-4	1.218940E+4	0.000000E+0	0.000000E+0
2.866730E+3	-1.503800E-4	1.218950E+4	0.000000E+0	0.000000E+0
2.870730E+3	-1.503500E-4	1.218940E+4	0.000000E+0	0.000000E+0
2.874728E+3	-1.503800E-4	1.218930E+4	0.000000E+0	0.000000E+0
2.878726E+3	-1.503700E-4	1.218930E+4	0.000000E+0	0.000000E+0
2.882731E+3	-1.504000E-4	1.218920E+4	0.000000E+0	0.000000E+0
2.886733E+3	-1.503900E-4	1.218920E+4	0.000000E+0	0.000000E+0
2.890729E+3	-1.503800E-4	1.218920E+4	0.000000E+0	0.000000E+0
2.894731E+3	-1.503600E-4	1.218910E+4	0.000000E+0	0.000000E+0
2.898731E+3	-1.503400E-4	1.218920E+4	0.000000E+0	0.000000E+0
2.902731E+3	-1.503300E-4	1.218910E+4	0.000000E+0	0.000000E+0
2.906729E+3	-1.503600E-4	1.218890E+4	0.000000E+0	0.000000E+0
2.910729E+3	-1.503400E-4	1.218890E+4	0.000000E+0	0.000000E+0
2.914729E+3	-1.503200E-4	1.218890E+4	0.000000E+0	0.000000E+0
2.918728E+3	-1.503200E-4	1.218890E+4	0.000000E+0	0.000000E+0
2.922731E+3	-1.503400E-4	1.218880E+4	0.000000E+0	0.000000E+0
2.926732E+3	-1.503600E-4	1.218880E+4	0.000000E+0	0.000000E+0
2.930711E+3	-1.503300E-4	1.218880E+4	0.000000E+0	0.000000E+0
2.934748E+3	-1.503300E-4	1.218870E+4	0.000000E+0	0.000000E+0
2.938733E+3	-1.503200E-4	1.218870E+4	0.000000E+0	0.000000E+0
2.942733E+3	-1.503400E-4	1.218870E+4	0.000000E+0	0.000000E+0
2.946734E+3	-1.503700E-4	1.218860E+4	0.000000E+0	0.000000E+0
2.950733E+3	-1.503600E-4	1.218860E+4	0.000000E+0	0.000000E+0
2.954730E+3	-1.503700E-4	1.218860E+4	0.000000E+0	0.000000E+0
2.958730E+3	-1.503700E-4	1.218850E+4	0.000000E+0	0.000000E+0
2.962728E+3	-1.503500E-4	1.218840E+4	0.000000E+0	0.000000E+0
2.966733E+3	-1.503600E-4	1.218850E+4	0.000000E+0	0.000000E+0
2.970733E+3	-1.503300E-4	1.218840E+4	0.000000E+0	0.000000E+0
2.974731E+3	-1.503500E-4	1.218830E+4	0.000000E+0	0.000000E+0
2.978733E+3	-1.503600E-4	1.218840E+4	0.000000E+0	0.000000E+0
2.982709E+3	-1.503700E-4	1.218830E+4	0.000000E+0	0.000000E+0
2.986744E+3	-1.503700E-4	1.218820E+4	0.000000E+0	0.000000E+0
2.990733E+3	-1.503600E-4	1.218830E+4	0.000000E+0	0.000000E+0
2.994707E+3	-1.504100E-4	1.218820E+4	0.000000E+0	0.000000E+0
2.998743E+3	-1.503700E-4	1.218820E+4	0.000000E+0	0.000000E+0
3.002731E+3	-1.504000E-4	1.218810E+4	0.000000E+0	0.000000E+0
3.006726E+3	-1.503900E-4	1.218810E+4	0.000000E+0	0.000000E+0
3.010727E+3	-1.503600E-4	1.218820E+4	0.000000E+0	0.000000E+0
3.014732E+3	-1.503300E-4	1.218810E+4	0.000000E+0	0.000000E+0
3.018729E+3	-1.503300E-4	1.218800E+4	0.000000E+0	0.000000E+0
3.022731E+3	-1.503400E-4	1.218800E+4	0.000000E+0	0.000000E+0
3.026730E+3	-1.503400E-4	1.218800E+4	0.000000E+0	0.000000E+0
3.030734E+3	-1.503400E-4	1.218800E+4	0.000000E+0	0.000000E+0
3.034733E+3	-1.503300E-4	1.218790E+4	0.000000E+0	0.000000E+0
3.038711E+3	-1.503200E-4	1.218790E+4	0.000000E+0	0.000000E+0
3.042740E+3	-1.503600E-4	1.218780E+4	0.000000E+0	0.000000E+0
3.046733E+3	-1.503400E-4	1.218790E+4	0.000000E+0	0.000000E+0
3.050733E+3	-1.503200E-4	1.218780E+4	0.000000E+0	0.000000E+0
3.054709E+3	-1.503300E-4	1.218780E+4	0.000000E+0	0.000000E+0
3.058740E+3	-1.503500E-4	1.218770E+4	0.000000E+0	0.000000E+0
3.062731E+3	-1.503300E-4	1.218770E+4	0.000000E+0	0.000000E+0
3.066733E+3	-1.503100E-4	1.218760E+4	0.000000E+0	0.000000E+0
3.070710E+3	-1.503400E-4	1.218760E+4	0.000000E+0	0.000000E+0
3.074737E+3	-1.503600E-4	1.218760E+4	0.000000E+0	0.000000E+0
3.078726E+3	-1.503000E-4	1.218760E+4	0.000000E+0	0.000000E+0
3.082736E+3	-1.503300E-4	1.218750E+4	0.000000E+0	0.000000E+0
3.086729E+3	-1.503400E-4	1.218750E+4	0.000000E+0	0.000000E+0
3.090728E+3	-1.503200E-4	1.218740E+4	0.000000E+0	0.000000E+0
3.094726E+3	-1.503100E-4	1.218740E+4	0.000000E+0	0.000000E+0
3.098733E+3	-1.503100E-4	1.218730E+4	0.000000E+0	0.000000E+0
3.102733E+3	-1.503200E-4	1.218730E+4	0.000000E+0	0.000000E+0
3.106731E+3	-1.503200E-4	1.218720E+4	0.000000E+0	0.000000E+0
3.110729E+3	-1.502800E-4	1.218730E+4	0.000000E+0	0.000000E+0
3.114731E+3	-1.503300E-4	1.218720E+4	0.000000E+0	0.000000E+0
3.118730E+3	-1.503600E-4	1.218710E+4	0.000000E+0	0.000000E+0
3.122732E+3	-1.503600E-4	1.218710E+4	0.000000E+0	0.000000E+0
3.126730E+3	-1.503800E-4	1.218690E+4	0.000000E+0	0.000000E+0
3.130732E+3	-1.504200E-4	1.218700E+4	0.000000E+0	0.000000E+0
3.134730E+3	-1.504000E-4	1.218690E+4	0.000000E+0	0.000000E+0
3.138729E+3	-1.503900E-4	1.218700E+4	0.000000E+0	0.000000E+0
3.142730E+3	-1.503900E-4	1.218690E+4	0.000000E+0	0.000000E+0
3.146735E+3	-1.504100E-4	1.218680E+4	0.000000E+0	0.000000E+0
3.150731E+3	-1.504200E-4	1.218680E+4	0.000000E+0	0.000000E+0
3.154732E+3	-1.504000E-4	1.218680E+4	0.000000E+0	0.000000E+0
3.158734E+3	-1.504200E-4	1.218680E+4	0.000000E+0	0.000000E+0
3.162733E+3	-1.504200E-4	1.218670E+4	0.000000E+0	0.000000E+0
3.166731E+3	-1.504000E-4	1.218670E+4	0.000000E+0	0.000000E+0
3.170733E+3	-1.503600E-4	1.218660E+4	0.000000E+0	0.000000E+0
3.174735E+3	-1.503800E-4	1.218670E+4	0.000000E+0	0.000000E+0
3.178713E+3	-1.503800E-4	1.218670E+4	0.000000E+0	0.000000E+0
3.182748E+3	-1.503900E-4	1.218660E+4	0.000000E+0	0.000000E+0
3.186733E+3	-1.504100E-4	1.218650E+4	0.000000E+0	0.000000E+0
3.190710E+3	-1.503800E-4	1.218650E+4	0.000000E+0	0.000000E+0
3.194746E+3	-1.503900E-4	1.218650E+4	0.000000E+0	0.000000E+0
3.198735E+3	-1.504100E-4	1.218640E+4	0.000000E+0	0.000000E+0
3.202732E+3	-1.503900E-4	1.218640E+4	0.000000E+0	0.000000E+0
3.206741E+3	-1.503900E-4	1.218640E+4	0.000000E+0	0.000000E+0
3.210711E+3	-1.503900E-4	1.218630E+4	0.000000E+0	0.000000E+0
3.214749E+3	-1.504100E-4	1.218630E+4	0.000000E+0	0.000000E+0
3.218739E+3	-1.503900E-4	1.218630E+4	0.000000E+0	0.000000E+0
3.222709E+3	-1.504200E-4	1.218620E+4	0.000000E+0	0.000000E+0
3.226748E+3	-1.504100E-4	1.218620E+4	0.000000E+0	0.000000E+0
3.230732E+3	-1.504100E-4	1.218620E+4	0.000000E+0	0.000000E+0
3.234734E+3	-1.503800E-4	1.218620E+4	0.000000E+0	0.000000E+0
3.238735E+3	-1.504200E-4	1.218610E+4	0.000000E+0	0.000000E+0
3.242714E+3	-1.504200E-4	1.218610E+4	0.000000E+0	0.000000E+0
3.246750E+3	-1.504000E-4	1.218610E+4	0.000000E+0	0.000000E+0
3.250740E+3	-1.503900E-4	1.218600E+4	0.000000E+0	0.000000E+0
3.254710E+3	-1.504200E-4	1.218600E+4	0.000000E+0	0.000000E+0
3.258748E+3	-1.504100E-4	1.218600E+4	0.000000E+0	0.000000E+0
3.262735E+3	-1.504200E-4	1.218590E+4	0.000000E+0	0.000000E+0
3.266710E+3	-1.503600E-4	1.218590E+4	0.000000E+0	0.000000E+0
3.270748E+3	-1.503800E-4	1.218580E+4	0.000000E+0	0.000000E+0
3.274713E+3	-1.503900E-4	1.218590E+4	0.000000E+0	0.000000E+0
3.278751E+3	-1.503400E-4	1.218580E+4	0.000000E+0	0.000000E+0
3.282731E+3	-1.503400E-4	1.218570E+4	0.000000E+0	0.000000E+0
3.286735E+3	-1.503500E-4	1.218570E+4	0.000000E+0	0.000000E+0
3.290716E+3	-1.503600E-4	1.218570E+4	0.000000E+0	0.000000E+0
3.294747E+3	-1.503700E-4	1.218570E+4	0.000000E+0	0.000000E+0
3.298734E+3	-1.503600E-4	1.218570E+4	0.000000E+0	0.000000E+0
3.302709E+3	-1.504000E-4	1.218560E+4	0.000000E+0	0.000000E+0
3.306747E+3	-1.503700E-4	1.218550E+4	0.000000E+0	0.000000E+0
3.310736E+3	-1.503600E-4	1.218550E+4	0.000000E+0	0.000000E+0
3.314733E+3	-1.503800E-4	1.218550E+4	0.000000E+0	0.000000E+0
3.318734E+3	-1.503800E-4	1.218550E+4	0.000000E+0	0.000000E+0
3.322714E+3	-1.503900E-4	1.218550E+4	0.000000E+0	0.000000E+0
3.326748E+3	-1.503900E-4	1.218540E+4	0.000000E+0	0.000000E+0
3.330734E+3	-1.503900E-4	1.218540E+4	0.000000E+0	0.000000E+0
3.334709E+3	-1.503800E-4	1.218530E+4	0.000000E+0	0.000000E+0
3.338745E+3	-1.504000E-4	1.218540E+4	0.000000E+0	0.000000E+0
3.342733E+3	-1.503900E-4	1.218530E+4	0.000000E+0	0.000000E+0
3.346733E+3	-1.503700E-4	1.218530E+4	0.000000E+0	0.000000E+0
3.350735E+3	-1.503900E-4	1.218520E+4	0.000000E+0	0.000000E+0
3.354710E+3	-1.503800E-4	1.218520E+4	0.000000E+0	0.000000E+0
3.358748E+3	-1.503500E-4	1.218510E+4	0.000000E+0	0.000000E+0
3.362733E+3	-1.503300E-4	1.218510E+4	0.000000E+0	0.000000E+0
3.366736E+3	-1.503500E-4	1.218510E+4	0.000000E+0	0.000000E+0
3.370735E+3	-1.503400E-4	1.218510E+4	0.000000E+0	0.000000E+0
3.374735E+3	-1.503300E-4	1.218500E+4	0.000000E+0	0.000000E+0
3.378710E+3	-1.503400E-4	1.218500E+4	0.000000E+0	0.000000E+0
3.382748E+3	-1.503200E-4	1.218500E+4	0.000000E+0	0.000000E+0
3.386729E+3	-1.503700E-4	1.218490E+4	0.000000E+0	0.000000E+0
3.390733E+3	-1.503500E-4	1.218490E+4	0.000000E+0	0.000000E+0
3.394732E+3	-1.503500E-4	1.218480E+4	0.000000E+0	0.000000E+0
3.398734E+3	-1.503400E-4	1.218480E+4	0.000000E+0	0.000000E+0
3.402733E+3	-1.503500E-4	1.218480E+4	0.000000E+0	0.000000E+0
3.406732E+3	-1.503500E-4	1.218480E+4	0.000000E+0	0.000000E+0
3.410732E+3	-1.503300E-4	1.218470E+4	0.000000E+0	0.000000E+0
3.414733E+3	-1.503300E-4	1.218470E+4	0.000000E+0	0.000000E+0
3.418736E+3	-1.503400E-4	1.218470E+4	0.000000E+0	0.000000E+0
3.422734E+3	-1.503400E-4	1.218470E+4	0.000000E+0	0.000000E+0
3.426734E+3	-1.503300E-4	1.218460E+4	0.000000E+0	0.000000E+0
3.430704E+3	-1.503400E-4	1.218450E+4	0.000000E+0	0.000000E+0
3.434748E+3	-1.503300E-4	1.218450E+4	0.000000E+0	0.000000E+0
3.438734E+3	-1.503200E-4	1.218450E+4	0.000000E+0	0.000000E+0
3.442733E+3	-1.503200E-4	1.218440E+4	0.000000E+0	0.000000E+0
3.446733E+3	-1.503100E-4	1.218440E+4	0.000000E+0	0.000000E+0
3.450734E+3	-1.503400E-4	1.218440E+4	0.000000E+0	0.000000E+0
3.454735E+3	-1.503300E-4	1.218440E+4	0.000000E+0	0.000000E+0
3.458730E+3	-1.503200E-4	1.218440E+4	0.000000E+0	0.000000E+0
3.462733E+3	-1.503600E-4	1.218430E+4	0.000000E+0	0.000000E+0
3.466733E+3	-1.503800E-4	1.218430E+4	0.000000E+0	0.000000E+0
3.470736E+3	-1.503400E-4	1.218430E+4	0.000000E+0	0.000000E+0
3.474713E+3	-1.503400E-4	1.218420E+4	0.000000E+0	0.000000E+0
3.478743E+3	-1.503400E-4	1.218430E+4	0.000000E+0	0.000000E+0
3.482731E+3	-1.503500E-4	1.218420E+4	0.000000E+0	0.000000E+0
3.486733E+3	-1.503400E-4	1.218420E+4	0.000000E+0	0.000000E+0
3.490733E+3	-1.504000E-4	1.218410E+4	0.000000E+0	0.000000E+0
3.494732E+3	-1.504100E-4	1.218400E+4	0.000000E+0	0.000000E+0
3.498732E+3	-1.504000E-4	1.218400E+4	0.000000E+0	0.000000E+0
3.502733E+3	-1.504000E-4	1.218410E+4	0.000000E+0	0.000000E+0
3.506732E+3	-1.504100E-4	1.218400E+4	0.000000E+0	0.000000E+0
3.510732E+3	-1.504200E-4	1.218390E+4	0.000000E+0	0.000000E+0
3.514732E+3	-1.504400E-4	1.218390E+4	0.000000E+0	0.000000E+0
3.518733E+3	-1.504100E-4	1.218380E+4	0.000000E+0	0.000000E+0
3.522737E+3	-1.504200E-4	1.218390E+4	0.000000E+0	0.000000E+0
3.526704E+3	-1.503900E-4	1.218380E+4	0.000000E+0	0.000000E+0
3.530747E+3	-1.504400E-4	1.218380E+4	0.000000E+0	0.000000E+0
3.534730E+3	-1.504200E-4	1.218390E+4	0.000000E+0	0.000000E+0
3.538733E+3	-1.504000E-4	1.218370E+4	0.000000E+0	0.000000E+0
3.542737E+3	-1.504100E-4	1.218370E+4	0.000000E+0	0.000000E+0
3.546737E+3	-1.504300E-4	1.218370E+4	0.000000E+0	0.000000E+0
3.550737E+3	-1.504000E-4	1.218370E+4	0.000000E+0	0.000000E+0
3.554733E+3	-1.504200E-4	1.218370E+4	0.000000E+0	0.000000E+0
3.558733E+3	-1.504200E-4	1.218370E+4	0.000000E+0	0.000000E+0
3.562733E+3	-1.504300E-4	1.218360E+4	0.000000E+0	0.000000E+0
3.566733E+3	-1.503900E-4	1.218360E+4	0.000000E+0	0.000000E+0
3.570732E+3	-1.503800E-4	1.218360E+4	0.000000E+0	0.000000E+0
3.574735E+3	-1.503800E-4	1.218360E+4	0.000000E+0	0.000000E+0
3.578733E+3	-1.503800E-4	1.218350E+4	0.000000E+0	0.000000E+0
3.582709E+3	-1.503800E-4	1.218350E+4	0.000000E+0	0.000000E+0
3.586750E+3	-1.503800E-4	1.218340E+4	0.000000E+0	0.000000E+0
3.590734E+3	-1.503400E-4	1.218350E+4	0.000000E+0	0.000000E+0
3.594709E+3	-1.503600E-4	1.218330E+4	0.000000E+0	0.000000E+0
3.598745E+3	-1.503600E-4	1.218340E+4	0.000000E+0	0.000000E+0
3.602733E+3	-1.503800E-4	1.218330E+4	0.000000E+0	0.000000E+0
3.606734E+3	-1.503800E-4	1.218340E+4	0.000000E+0	0.000000E+0
3.610733E+3	-1.504000E-4	1.218330E+4	0.000000E+0	0.000000E+0
3.614733E+3	-1.503600E-4	1.218330E+4	0.000000E+0	0.000000E+0
3.618733E+3	-1.503700E-4	1.218320E+4	0.000000E+0	0.000000E+0
3.622733E+3	-1.503700E-4	1.218320E+4	0.000000E+0	0.000000E+0
3.626735E+3	-1.503800E-4	1.218300E+4	0.000000E+0	0.000000E+0
3.630734E+3	-1.503900E-4	1.218300E+4	0.000000E+0	0.000000E+0
3.634734E+3	-1.504400E-4	1.218300E+4	0.000000E+0	0.000000E+0
3.638733E+3	-1.503900E-4	1.218290E+4	0.000000E+0	0.000000E+0
3.642736E+3	-1.503700E-4	1.218290E+4	0.000000E+0	0.000000E+0
3.646735E+3	-1.503500E-4	1.218280E+4	0.000000E+0	0.000000E+0
3.650733E+3	-1.503100E-4	1.218280E+4	0.000000E+0	0.000000E+0
3.654730E+3	-1.503600E-4	1.218280E+4	0.000000E+0	0.000000E+0
3.658730E+3	-1.503700E-4	1.218280E+4	0.000000E+0	0.000000E+0
3.662733E+3	-1.503400E-4	1.218270E+4	0.000000E+0	0.000000E+0
3.666733E+3	-1.503600E-4	1.218260E+4	0.000000E+0	0.000000E+0
3.670712E+3	-1.503600E-4	1.218260E+4	0.000000E+0	0.000000E+0
3.674747E+3	-1.503700E-4	1.218260E+4	0.000000E+0	0.000000E+0
3.678710E+3	-1.503500E-4	1.218260E+4	0.000000E+0	0.000000E+0
3.682750E+3	-1.504000E-4	1.218250E+4	0.000000E+0	0.000000E+0
3.686713E+3	-1.503600E-4	1.218250E+4	0.000000E+0	0.000000E+0
3.690755E+3	-1.503700E-4	1.218240E+4	0.000000E+0	0.000000E+0
3.694710E+3	-1.503400E-4	1.218240E+4	0.000000E+0	0.000000E+0
3.698745E+3	-1.503400E-4	1.218230E+4	0.000000E+0	0.000000E+0
3.702734E+3	-1.503400E-4	1.218230E+4	0.000000E+0	0.000000E+0
3.706734E+3	-1.503300E-4	1.218220E+4	0.000000E+0	0.000000E+0
3.710733E+3	-1.503600E-4	1.218220E+4	0.000000E+0	0.000000E+0
3.714732E+3	-1.503700E-4	1.218210E+4	0.000000E+0	0.000000E+0
3.718732E+3	-1.503000E-4	1.218210E+4	0.000000E+0	0.000000E+0
3.722732E+3	-1.503200E-4	1.218200E+4	0.000000E+0	0.000000E+0
3.726733E+3	-1.503300E-4	1.218200E+4	0.000000E+0	0.000000E+0
3.730733E+3	-1.503600E-4	1.218190E+4	0.000000E+0	0.000000E+0
3.734734E+3	-1.503300E-4	1.218190E+4	0.000000E+0	0.000000E+0
3.738734E+3	-1.503800E-4	1.218180E+4	0.000000E+0	0.000000E+0
3.742708E+3	-1.503500E-4	1.218180E+4	0.000000E+0	0.000000E+0
3.746746E+3	-1.503800E-4	1.218170E+4	0.000000E+0	0.000000E+0
3.750733E+3	-1.504100E-4	1.218170E+4	0.000000E+0	0.000000E+0
3.754732E+3	-1.503900E-4	1.218160E+4	0.000000E+0	0.000000E+0
3.758733E+3	-1.504000E-4	1.218160E+4	0.000000E+0	0.000000E+0
3.762733E+3	-1.504100E-4	1.218150E+4	0.000000E+0	0.000000E+0
3.766731E+3	-1.503800E-4	1.218150E+4	0.000000E+0	0.000000E+0
3.770732E+3	-1.504300E-4	1.218150E+4	0.000000E+0	0.000000E+0
3.774733E+3	-1.504000E-4	1.218140E+4	0.000000E+0	0.000000E+0
3.778732E+3	-1.503900E-4	1.218130E+4	0.000000E+0	0.000000E+0
3.782731E+3	-1.504000E-4	1.218130E+4	0.000000E+0	0.000000E+0
3.786730E+3	-1.504200E-4	1.218120E+4	0.000000E+0	0.000000E+0
3.790732E+3	-1.503700E-4	1.218120E+4	0.000000E+0	0.000000E+0
3.794733E+3	-1.503900E-4	1.218120E+4	0.000000E+0	0.000000E+0
3.798732E+3	-1.503500E-4	1.218110E+4	0.000000E+0	0.000000E+0
3.802732E+3	-1.503800E-4	1.218110E+4	0.000000E+0	0.000000E+0
3.806733E+3	-1.503600E-4	1.218110E+4	0.000000E+0	0.000000E+0
3.810730E+3	-1.503600E-4	1.218110E+4	0.000000E+0	0.000000E+0
3.814733E+3	-1.503500E-4	1.218100E+4	0.000000E+0	0.000000E+0
3.818732E+3	-1.503600E-4	1.218090E+4	0.000000E+0	0.000000E+0
3.822734E+3	-1.504000E-4	1.218080E+4	0.000000E+0	0.000000E+0
3.826711E+3	-1.503500E-4	1.218090E+4	0.000000E+0	0.000000E+0
3.830748E+3	-1.503700E-4	1.218090E+4	0.000000E+0	0.000000E+0
3.834735E+3	-1.503400E-4	1.218070E+4	0.000000E+0	0.000000E+0
3.838733E+3	-1.503700E-4	1.218070E+4	0.000000E+0	0.000000E+0
3.842733E+3	-1.503600E-4	1.218060E+4	0.000000E+0	0.000000E+0
3.846733E+3	-1.503500E-4	1.218070E+4	0.000000E+0	0.000000E+0
3.850735E+3	-1.503800E-4	1.218060E+4	0.000000E+0	0.000000E+0
3.854709E+3	-1.503800E-4	1.218050E+4	0.000000E+0	0.000000E+0
3.858746E+3	-1.504100E-4	1.218040E+4	0.000000E+0	0.000000E+0
3.862736E+3	-1.503900E-4	1.218040E+4	0.000000E+0	0.000000E+0
3.866735E+3	-1.503800E-4	1.218020E+4	0.000000E+0	0.000000E+0
3.870738E+3	-1.503800E-4	1.218030E+4	0.000000E+0	0.000000E+0
3.874716E+3	-1.503700E-4	1.218020E+4	0.000000E+0	0.000000E+0
3.878750E+3	-1.503800E-4	1.218010E+4	0.000000E+0	0.000000E+0
3.882711E+3	-1.503700E-4	1.218010E+4	0.000000E+0	0.000000E+0
3.886753E+3	-1.503800E-4	1.218000E+4	0.000000E+0	0.000000E+0
3.890720E+3	-1.504000E-4	1.218000E+4	0.000000E+0	0.000000E+0
3.894749E+3	-1.504000E-4	1.217980E+4	0.000000E+0	0.000000E+0
3.898713E+3	-1.504100E-4	1.217980E+4	0.000000E+0	0.000000E+0
3.902750E+3	-1.504100E-4	1.217980E+4	0.000000E+0	0.000000E+0
3.906728E+3	-1.504100E-4	1.217980E+4	0.000000E+0	0.000000E+0
3.910734E+3	-1.504600E-4	1.217970E+4	0.000000E+0	0.000000E+0
3.914712E+3	-1.504400E-4	1.217970E+4	0.000000E+0	0.000000E+0
3.918744E+3	-1.504400E-4	1.217970E+4	0.000000E+0	0.000000E+0
3.922733E+3	-1.504400E-4	1.217960E+4	0.000000E+0	0.000000E+0
3.926735E+3	-1.504400E-4	1.217950E+4	0.000000E+0	0.000000E+0
3.930710E+3	-1.504500E-4	1.217940E+4	0.000000E+0	0.000000E+0
3.934746E+3	-1.504000E-4	1.217940E+4	0.000000E+0	0.000000E+0
3.938733E+3	-1.504100E-4	1.217930E+4	0.000000E+0	0.000000E+0
3.942733E+3	-1.504200E-4	1.217930E+4	0.000000E+0	0.000000E+0
3.946710E+3	-1.504000E-4	1.217920E+4	0.000000E+0	0.000000E+0
3.950744E+3	-1.504000E-4	1.217920E+4	0.000000E+0	0.000000E+0
3.954735E+3	-1.504100E-4	1.217920E+4	0.000000E+0	0.000000E+0
3.958733E+3	-1.503800E-4	1.217900E+4	0.000000E+0	0.000000E+0
3.962733E+3	-1.503800E-4	1.217900E+4	0.000000E+0	0.000000E+0
3.966733E+3	-1.503900E-4	1.217900E+4	0.000000E+0	0.000000E+0
3.970736E+3	-1.504200E-4	1.217890E+4	0.000000E+0	0.000000E+0
3.974734E+3	-1.504300E-4	1.217880E+4	0.000000E+0	0.000000E+0
3.978711E+3	-1.504100E-4	1.217880E+4	0.000000E+0	0.000000E+0
3.982743E+3	-1.504100E-4	1.217880E+4	0.000000E+0	0.000000E+0
3.986729E+3	-1.504000E-4	1.217880E+4	0.000000E+0	0.000000E+0
3.990732E+3	-1.503700E-4	1.217870E+4	0.000000E+0	0.000000E+0
3.994733E+3	-1.503800E-4	1.217860E+4	0.000000E+0	0.000000E+0
3.998705E+3	-1.503600E-4	1.217860E+4	0.000000E+0	0.000000E+0
4.002745E+3	-1.503600E-4	1.217860E+4	0.000000E+0	0.000000E+0
4.006734E+3	-1.503500E-4	1.217850E+4	0.000000E+0	0.000000E+0
4.010735E+3	-1.504100E-4	1.217840E+4	0.000000E+0	0.000000E+0
4.014734E+3	-1.504000E-4	1.217830E+4	0.000000E+0	0.000000E+0
4.018734E+3	-1.503800E-4	1.217830E+4	0.000000E+0	0.000000E+0
4.022733E+3	-1.503800E-4	1.217820E+4	0.000000E+0	0.000000E+0
4.026733E+3	-1.503700E-4	1.217820E+4	0.000000E+0	0.000000E+0
4.030735E+3	-1.503800E-4	1.217790E+4	0.000000E+0	0.000000E+0
4.034735E+3	-1.503800E-4	1.217800E+4	0.000000E+0	0.000000E+0
4.038712E+3	-1.503500E-4	1.217790E+4	0.000000E+0	0.000000E+0
4.042751E+3	-1.503900E-4	1.217790E+4	0.000000E+0	0.000000E+0
4.046739E+3	-1.503400E-4	1.217780E+4	0.000000E+0	0.000000E+0
4.050716E+3	-1.503400E-4	1.217780E+4	0.000000E+0	0.000000E+0
4.054751E+3	-1.503600E-4	1.217780E+4	0.000000E+0	0.000000E+0
4.058734E+3	-1.503200E-4	1.217760E+4	0.000000E+0	0.000000E+0
4.062712E+3	-1.503800E-4	1.217770E+4	0.000000E+0	0.000000E+0
4.066749E+3	-1.503400E-4	1.217760E+4	0.000000E+0	0.000000E+0
4.070736E+3	-1.503700E-4	1.217750E+4	0.000000E+0	0.000000E+0
4.074713E+3	-1.503400E-4	1.217750E+4	0.000000E+0	0.000000E+0
4.078742E+3	-1.503900E-4	1.217750E+4	0.000000E+0	0.000000E+0
4.082734E+3	-1.503900E-4	1.217740E+4	0.000000E+0	0.000000E+0
4.086734E+3	-1.503800E-4	1.217750E+4	0.000000E+0	0.000000E+0
4.090737E+3	-1.504000E-4	1.217740E+4	0.000000E+0	0.000000E+0
4.094709E+3	-1.503800E-4	1.217740E+4	0.000000E+0	0.000000E+0
4.098751E+3	-1.504000E-4	1.217730E+4	0.000000E+0	0.000000E+0
4.102711E+3	-1.504000E-4	1.217730E+4	0.000000E+0	0.000000E+0
4.106753E+3	-1.504100E-4	1.217730E+4	0.000000E+0	0.000000E+0
4.110707E+3	-1.503700E-4	1.217720E+4	0.000000E+0	0.000000E+0
4.114748E+3	-1.503900E-4	1.217720E+4	0.000000E+0	0.000000E+0
4.118735E+3	-1.503800E-4	1.217720E+4	0.000000E+0	0.000000E+0
4.122735E+3	-1.503800E-4	1.217720E+4	0.000000E+0	0.000000E+0
4.126708E+3	-1.504000E-4	1.217710E+4	0.000000E+0	0.000000E+0
4.130744E+3	-1.503800E-4	1.217710E+4	0.000000E+0	0.000000E+0
4.134731E+3	-1.503900E-4	1.217710E+4	0.000000E+0	0.000000E+0
4.138731E+3	-1.503700E-4	1.217700E+4	0.000000E+0	0.000000E+0
4.142732E+3	-1.503300E-4	1.217690E+4	0.000000E+0	0.000000E+0
4.146732E+3	-1.503300E-4	1.217690E+4	0.000000E+0	0.000000E+0
4.150732E+3	-1.503000E-4	1.217690E+4	0.000000E+0	0.000000E+0
4.154732E+3	-1.503400E-4	1.217680E+4	0.000000E+0	0.000000E+0
4.158732E+3	-1.503000E-4	1.217680E+4	0.000000E+0	0.000000E+0
4.162733E+3	-1.503100E-4	1.217680E+4	0.000000E+0	0.000000E+0
4.166733E+3	-1.503100E-4	1.217680E+4	0.000000E+0	0.000000E+0
4.170733E+3	-1.503200E-4	1.217680E+4	0.000000E+0	0.000000E+0
4.174734E+3	-1.503400E-4	1.217680E+4	0.000000E+0	0.000000E+0
4.178734E+3	-1.503300E-4	1.217670E+4	0.000000E+0	0.000000E+0
4.182733E+3	-1.503600E-4	1.217670E+4	0.000000E+0	0.000000E+0
4.186732E+3	-1.503400E-4	1.217660E+4	0.000000E+0	0.000000E+0
4.190733E+3	-1.503200E-4	1.217660E+4	0.000000E+0	0.000000E+0
4.194734E+3	-1.503600E-4	1.217650E+4	0.000000E+0	0.000000E+0
4.198717E+3	-1.503500E-4	1.217650E+4	0.000000E+0	0.000000E+0
4.202749E+3	-1.503500E-4	1.217650E+4	0.000000E+0	0.000000E+0
4.206735E+3	-1.503600E-4	1.217650E+4	0.000000E+0	0.000000E+0
4.210707E+3	-1.503600E-4	1.217640E+4	0.000000E+0	0.000000E+0
4.214741E+3	-1.503600E-4	1.217630E+4	0.000000E+0	0.000000E+0
4.218730E+3	-1.503400E-4	1.217620E+4	0.000000E+0	0.000000E+0
4.222729E+3	-1.503400E-4	1.217620E+4	0.000000E+0	0.000000E+0
4.226733E+3	-1.503300E-4	1.217630E+4	0.000000E+0	0.000000E+0
4.230731E+3	-1.503500E-4	1.217620E+4	0.000000E+0	0.000000E+0
4.234731E+3	-1.503800E-4	1.217610E+4	0.000000E+0	0.000000E+0
4.238731E+3	-1.503600E-4	1.217600E+4	0.000000E+0	0.000000E+0
4.242733E+3	-1.503600E-4	1.217600E+4	0.000000E+0	0.000000E+0
4.246732E+3	-1.503700E-4	1.217610E+4	0.000000E+0	0.000000E+0
4.250732E+3	-1.503600E-4	1.217610E+4	0.000000E+0	0.000000E+0
4.254733E+3	-1.503500E-4	1.217610E+4	0.000000E+0	0.000000E+0
4.258736E+3	-1.503200E-4	1.217610E+4	0.000000E+0	0.000000E+0
4.262714E+3	-1.503500E-4	1.217600E+4	0.000000E+0	0.000000E+0
4.266752E+3	-1.503300E-4	1.217600E+4	0.000000E+0	0.000000E+0
4.270711E+3	-1.503600E-4	1.217600E+4	0.000000E+0	0.000000E+0
4.274755E+3	-1.503400E-4	1.217590E+4	0.000000E+0	0.000000E+0
4.278711E+3	-1.503300E-4	1.217590E+4	0.000000E+0	0.000000E+0
4.282750E+3	-1.503200E-4	1.217580E+4	0.000000E+0	0.000000E+0
4.286734E+3	-1.503500E-4	1.217580E+4	0.000000E+0	0.000000E+0
4.290710E+3	-1.503500E-4	1.217580E+4	0.000000E+0	0.000000E+0
4.294743E+3	-1.503100E-4	1.217570E+4	0.000000E+0	0.000000E+0
4.298731E+3	-1.503400E-4	1.217570E+4	0.000000E+0	0.000000E+0
4.302733E+3	-1.503700E-4	1.217580E+4	0.000000E+0	0.000000E+0
4.306731E+3	-1.503700E-4	1.217570E+4	0.000000E+0	0.000000E+0
4.310730E+3	-1.503700E-4	1.217560E+4	0.000000E+0	0.000000E+0
4.314731E+3	-1.503400E-4	1.217580E+4	0.000000E+0	0.000000E+0
4.318731E+3	-1.503700E-4	1.217570E+4	0.000000E+0	0.000000E+0
4.322733E+3	-1.503100E-4	1.217560E+4	0.000000E+0	0.000000E+0
4.326731E+3	-1.503000E-4	1.217560E+4	0.000000E+0	0.000000E+0
4.330732E+3	-1.503200E-4	1.217560E+4	0.000000E+0	0.000000E+0
4.334732E+3	-1.503100E-4	1.217550E+4	0.000000E+0	0.000000E+0
4.338731E+3	-1.503300E-4	1.217560E+4	0.000000E+0	0.000000E+0
4.342727E+3	-1.503300E-4	1.217550E+4	0.000000E+0	0.000000E+0
4.346732E+3	-1.503500E-4	1.217550E+4	0.000000E+0	0.000000E+0
4.350736E+3	-1.503500E-4	1.217550E+4	0.000000E+0	0.000000E+0
4.354730E+3	-1.503400E-4	1.217550E+4	0.000000E+0	0.000000E+0
4.358733E+3	-1.503500E-4	1.217560E+4	0.000000E+0	0.000000E+0
4.362734E+3	-1.503400E-4	1.217550E+4	0.000000E+0	0.000000E+0
4.366734E+3	-1.503300E-4	1.217560E+4	0.000000E+0	0.000000E+0
4.370706E+3	-1.503300E-4	1.217550E+4	0.000000E+0	0.000000E+0
4.374742E+3	-1.503300E-4	1.217550E+4	0.000000E+0	0.000000E+0
4.378733E+3	-1.503300E-4	1.217550E+4	0.000000E+0	0.000000E+0
4.382733E+3	-1.503400E-4	1.217550E+4	0.000000E+0	0.000000E+0
4.386733E+3	-1.503500E-4	1.217540E+4	0.000000E+0	0.000000E+0
4.390730E+3	-1.503000E-4	1.217540E+4	0.000000E+0	0.000000E+0
4.394731E+3	-1.503400E-4	1.217540E+4	0.000000E+0	0.000000E+0
4.398731E+3	-1.503200E-4	1.217540E+4	0.000000E+0	0.000000E+0
4.402733E+3	-1.503500E-4	1.217540E+4	0.000000E+0	0.000000E+0
4.406733E+3	-1.503500E-4	1.217540E+4	0.000000E+0	0.000000E+0
4.410733E+3	-1.503300E-4	1.217540E+4	0.000000E+0	0.000000E+0
4.414733E+3	-1.503500E-4	1.217540E+4	0.000000E+0	0.000000E+0
4.418733E+3	-1.503500E-4	1.217530E+4	0.000000E+0	0.000000E+0
4.422731E+3	-1.503200E-4	1.217540E+4	0.000000E+0	0.000000E+0
4.426732E+3	-1.503400E-4	1.217540E+4	0.000000E+0	0.000000E+0
4.430732E+3	-1.503000E-4	1.217530E+4	0.000000E+0	0.000000E+0
4.434733E+3	-1.503100E-4	1.217530E+4	0.000000E+0	0.000000E+0
4.438732E+3	-1.503600E-4	1.217530E+4	0.000000E+0	0.000000E+0
4.442733E+3	-1.503700E-4	1.217530E+4	0.000000E+0	0.000000E+0
4.446733E+3	-1.503800E-4	1.217530E+4	0.000000E+0	0.000000E+0
4.450709E+3	-1.503500E-4	1.217530E+4	0.000000E+0	0.000000E+0
4.454745E+3	-1.503600E-4	1.217530E+4	0.000000E+0	0.000000E+0
4.458732E+3	-1.503500E-4	1.217520E+4	0.000000E+0	0.000000E+0
4.462733E+3	-1.503700E-4	1.217520E+4	0.000000E+0	0.000000E+0
4.466707E+3	-1.503200E-4	1.217530E+4	0.000000E+0	0.000000E+0
4.470744E+3	-1.503500E-4	1.217520E+4	0.000000E+0	0.000000E+0
4.474733E+3	-1.503800E-4	1.217510E+4	0.000000E+0	0.000000E+0
4.478733E+3	-1.503500E-4	1.217510E+4	0.000000E+0	0.000000E+0
4.482734E+3	-1.503500E-4	1.217520E+4	0.000000E+0	0.000000E+0
4.486734E+3	-1.503600E-4	1.217520E+4	0.000000E+0	0.000000E+0
4.490733E+3	-1.503700E-4	1.217510E+4	0.000000E+0	0.000000E+0
4.494734E+3	-1.503500E-4	1.217510E+4	0.000000E+0	0.000000E+0
4.498735E+3	-1.503600E-4	1.217510E+4	0.000000E+0	0.000000E+0
4.502733E+3	-1.503100E-4	1.217510E+4	0.000000E+0	0.000000E+0
4.506733E+3	-1.503300E-4	1.217510E+4	0.000000E+0	0.000000E+0
4.510733E+3	-1.503300E-4	1.217500E+4	0.000000E+0	0.000000E+0
4.514735E+3	-1.503700E-4	1.217500E+4	0.000000E+0	0.000000E+0
4.518733E+3	-1.503400E-4	1.217500E+4	0.000000E+0	0.000000E+0
4.522733E+3	-1.503200E-4	1.217510E+4	0.000000E+0	0.000000E+0
4.526732E+3	-1.503200E-4	1.217500E+4	0.000000E+0	0.000000E+0
4.530732E+3	-1.503200E-4	1.217500E+4	0.000000E+0	0.000000E+0
4.534731E+3	-1.503600E-4	1.217490E+4	0.000000E+0	0.000000E+0
4.538732E+3	-1.503200E-4	1.217490E+4	0.000000E+0	0.000000E+0
4.542733E+3	-1.503300E-4	1.217500E+4	0.000000E+0	0.000000E+0
4.546733E+3	-1.503500E-4	1.217490E+4	0.000000E+0	0.000000E+0
4.550733E+3	-1.503700E-4	1.217490E+4	0.000000E+0	0.000000E+0
4.554732E+3	-1.503200E-4	1.217490E+4	0.000000E+0	0.000000E+0
4.558732E+3	-1.503300E-4	1.217490E+4	0.000000E+0	0.000000E+0
4.562733E+3	-1.503300E-4	1.217480E+4	0.000000E+0	0.000000E+0
4.566733E+3	-1.503300E-4	1.217490E+4	0.000000E+0	0.000000E+0
4.570735E+3	-1.503500E-4	1.217480E+4	0.000000E+0	0.000000E+0
4.574733E+3	-1.503500E-4	1.217490E+4	0.000000E+0	0.000000E+0
4.578732E+3	-1.503200E-4	1.217490E+4	0.000000E+0	0.000000E+0
4.582731E+3	-1.503700E-4	1.217490E+4	0.000000E+0	0.000000E+0
4.586730E+3	-1.503600E-4	1.217490E+4	0.000000E+0	0.000000E+0
4.590733E+3	-1.503900E-4	1.217490E+4	0.000000E+0	0.000000E+0
4.594733E+3	-1.503700E-4	1.217480E+4	0.000000E+0	0.000000E+0
4.598731E+3	-1.503600E-4	1.217480E+4	0.000000E+0	0.000000E+0
4.602733E+3	-1.503900E-4	1.217480E+4	0.000000E+0	0.000000E+0
4.606733E+3	-1.503700E-4	1.217480E+4	0.000000E+0	0.000000E+0
4.610729E+3	-1.503600E-4	1.217480E+4	0.000000E+0	0.000000E+0
4.614732E+3	-1.503500E-4	1.217480E+4	0.000000E+0	0.000000E+0
4.618733E+3	-1.503800E-4	1.217480E+4	0.000000E+0	0.000000E+0
4.622731E+3	-1.503400E-4	1.217480E+4	0.000000E+0	0.000000E+0
4.626732E+3	-1.503300E-4	1.217470E+4	0.000000E+0	0.000000E+0
4.630733E+3	-1.503500E-4	1.217480E+4	0.000000E+0	0.000000E+0
4.634733E+3	-1.503400E-4	1.217480E+4	0.000000E+0	0.000000E+0
4.638732E+3	-1.504000E-4	1.217470E+4	0.000000E+0	0.000000E+0
4.642733E+3	-1.503700E-4	1.217480E+4	0.000000E+0	0.000000E+0
4.646733E+3	-1.503600E-4	1.217470E+4	0.000000E+0	0.000000E+0
4.650727E+3	-1.503800E-4	1.217480E+4	0.000000E+0	0.000000E+0
4.654732E+3	-1.504000E-4	1.217470E+4	0.000000E+0	0.000000E+0
4.658733E+3	-1.503700E-4	1.217470E+4	0.000000E+0	0.000000E+0
4.662732E+3	-1.503600E-4	1.217460E+4	0.000000E+0	0.000000E+0
4.666732E+3	-1.503600E-4	1.217470E+4	0.000000E+0	0.000000E+0
4.670732E+3	-1.503600E-4	1.217460E+4	0.000000E+0	0.000000E+0
4.674734E+3	-1.503600E-4	1.217470E+4	0.000000E+0	0.000000E+0
4.678733E+3	-1.503700E-4	1.217470E+4	0.000000E+0	0.000000E+0
4.682731E+3	-1.503600E-4	1.217470E+4	0.000000E+0	0.000000E+0
4.686734E+3	-1.503700E-4	1.217470E+4	0.000000E+0	0.000000E+0
4.690715E+3	-1.503700E-4	1.217460E+4	0.000000E+0	0.000000E+0
4.694751E+3	-1.503600E-4	1.217460E+4	0.000000E+0	0.000000E+0
4.698709E+3	-1.503500E-4	1.217470E+4	0.000000E+0	0.000000E+0
4.702757E+3	-1.503700E-4	1.217460E+4	0.000000E+0	0.000000E+0
4.706716E+3	-1.503700E-4	1.217460E+4	0.000000E+0	0.000000E+0
4.710747E+3	-1.503600E-4	1.217460E+4	0.000000E+0	0.000000E+0
4.714732E+3	-1.504100E-4	1.217460E+4	0.000000E+0	0.000000E+0
4.718733E+3	-1.503800E-4	1.217470E+4	0.000000E+0	0.000000E+0
4.722731E+3	-1.503900E-4	1.217460E+4	0.000000E+0	0.000000E+0
4.726733E+3	-1.504000E-4	1.217460E+4	0.000000E+0	0.000000E+0
4.730733E+3	-1.503800E-4	1.217460E+4	0.000000E+0	0.000000E+0
4.734737E+3	-1.503800E-4	1.217460E+4	0.000000E+0	0.000000E+0
4.738707E+3	-1.503700E-4	1.217470E+4	0.000000E+0	0.000000E+0
4.742744E+3	-1.503900E-4	1.217460E+4	0.000000E+0	0.000000E+0
4.746734E+3	-1.504000E-4	1.217460E+4	0.000000E+0	0.000000E+0
4.750731E+3	-1.503800E-4	1.217460E+4	0.000000E+0	0.000000E+0
4.754733E+3	-1.503800E-4	1.217460E+4	0.000000E+0	0.000000E+0
4.758733E+3	-1.503600E-4	1.217470E+4	0.000000E+0	0.000000E+0
4.762734E+3	-1.503700E-4	1.217450E+4	0.000000E+0	0.000000E+0
4.766734E+3	-1.503200E-4	1.217460E+4	0.000000E+0	0.000000E+0
4.770710E+3	-1.503700E-4	1.217460E+4	0.000000E+0	0.000000E+0
4.774746E+3	-1.503300E-4	1.217460E+4	0.000000E+0	0.000000E+0
4.778734E+3	-1.503400E-4	1.217460E+4	0.000000E+0	0.000000E+0
4.782733E+3	-1.503600E-4	1.217460E+4	0.000000E+0	0.000000E+0
4.786731E+3	-1.503700E-4	1.217460E+4	0.000000E+0	0.000000E+0
4.790731E+3	-1.503700E-4	1.217460E+4	0.000000E+0	0.000000E+0
4.794733E+3	-1.503300E-4	1.217460E+4	0.000000E+0	0.000000E+0
4.798732E+3	-1.503500E-4	1.217460E+4	0.000000E+0	0.000000E+0
4.802731E+3	-1.503600E-4	1.217470E+4	0.000000E+0	0.000000E+0
4.806729E+3	-1.503300E-4	1.217470E+4	0.000000E+0	0.000000E+0
4.810732E+3	-1.503600E-4	1.217470E+4	0.000000E+0	0.000000E+0
4.814732E+3	-1.503600E-4	1.217470E+4	0.000000E+0	0.000000E+0
4.818731E+3	-1.503600E-4	1.217460E+4	0.000000E+0	0.000000E+0
4.822733E+3	-1.504000E-4	1.217460E+4	0.000000E+0	0.000000E+0
4.826733E+3	-1.503800E-4	1.217470E+4	0.000000E+0	0.000000E+0
4.830733E+3	-1.503700E-4	1.217480E+4	0.000000E+0	0.000000E+0
4.834736E+3	-1.503800E-4	1.217470E+4	0.000000E+0	0.000000E+0
4.838716E+3	-1.503600E-4	1.217470E+4	0.000000E+0	0.000000E+0
4.842750E+3	-1.503800E-4	1.217460E+4	0.000000E+0	0.000000E+0
4.846735E+3	-1.503700E-4	1.217460E+4	0.000000E+0	0.000000E+0
4.850711E+3	-1.503500E-4	1.217460E+4	0.000000E+0	0.000000E+0
4.854745E+3	-1.503800E-4	1.217470E+4	0.000000E+0	0.000000E+0
4.858733E+3	-1.503800E-4	1.217460E+4	0.000000E+0	0.000000E+0
4.862733E+3	-1.503600E-4	1.217460E+4	0.000000E+0	0.000000E+0
4.866734E+3	-1.503600E-4	1.217460E+4	0.000000E+0	0.000000E+0
4.870714E+3	-1.503700E-4	1.217460E+4	0.000000E+0	0.000000E+0
4.874748E+3	-1.503400E-4	1.217460E+4	0.000000E+0	0.000000E+0
4.878733E+3	-1.503300E-4	1.217460E+4	0.000000E+0	0.000000E+0
4.882710E+3	-1.503500E-4	1.217460E+4	0.000000E+0	0.000000E+0
4.886746E+3	-1.503300E-4	1.217470E+4	0.000000E+0	0.000000E+0
4.890733E+3	-1.503300E-4	1.217460E+4	0.000000E+0	0.000000E+0
4.894732E+3	-1.503400E-4	1.217460E+4	0.000000E+0	0.000000E+0
4.898735E+3	-1.503300E-4	1.217460E+4	0.000000E+0	0.000000E+0
4.902712E+3	-1.503000E-4	1.217460E+4	0.000000E+0	0.000000E+0
4.906752E+3	-1.503100E-4	1.217460E+4	0.000000E+0	0.000000E+0
4.910711E+3	-1.503200E-4	1.217460E+4	0.000000E+0	0.000000E+0
4.914755E+3	-1.503200E-4	1.217460E+4	0.000000E+0	0.000000E+0
4.918711E+3	-1.503000E-4	1.217460E+4	0.000000E+0	0.000000E+0
4.922750E+3	-1.503000E-4	1.217450E+4	0.000000E+0	0.000000E+0
4.926736E+3	-1.502900E-4	1.217460E+4	0.000000E+0	0.000000E+0
4.930710E+3	-1.503000E-4	1.217460E+4	0.000000E+0	0.000000E+0
4.934744E+3	-1.503100E-4	1.217460E+4	0.000000E+0	0.000000E+0
4.938732E+3	-1.503000E-4	1.217460E+4	0.000000E+0	0.000000E+0
4.942734E+3	-1.502900E-4	1.217460E+4	0.000000E+0	0.000000E+0
4.946702E+3	-1.503300E-4	1.217460E+4	0.000000E+0	0.000000E+0
4.950742E+3	-1.503000E-4	1.217460E+4	0.000000E+0	0.000000E+0
4.954730E+3	-1.502700E-4	1.217460E+4	0.000000E+0	0.000000E+0
4.958733E+3	-1.503000E-4	1.217470E+4	0.000000E+0	0.000000E+0
4.962733E+3	-1.503500E-4	1.217470E+4	0.000000E+0	0.000000E+0
4.966731E+3	-1.503400E-4	1.217460E+4	0.000000E+0	0.000000E+0
4.970731E+3	-1.503400E-4	1.217470E+4	0.000000E+0	0.000000E+0
4.974732E+3	-1.503300E-4	1.217470E+4	0.000000E+0	0.000000E+0
4.978733E+3	-1.503500E-4	1.217470E+4	0.000000E+0	0.000000E+0
4.982733E+3	-1.503200E-4	1.217470E+4	0.000000E+0	0.000000E+0
4.986731E+3	-1.503900E-4	1.217470E+4	0.000000E+0	0.000000E+0
4.990732E+3	-1.503400E-4	1.217470E+4	0.000000E+0	0.000000E+0
4.994733E+3	-1.503700E-4	1.217470E+4	0.000000E+0	0.000000E+0
4.998732E+3	-1.503700E-4	1.217460E+4	0.000000E+0	0.000000E+0
5.002731E+3	-1.503600E-4	1.217460E+4	0.000000E+0	0.000000E+0
5.006734E+3	-1.503900E-4	1.217470E+4	0.000000E+0	0.000000E+0
5.010734E+3	-1.503500E-4	1.217470E+4	0.000000E+0	0.000000E+0
5.014733E+3	-1.503500E-4	1.217460E+4	0.000000E+0	0.000000E+0
5.018732E+3	-1.503500E-4	1.217470E+4	0.000000E+0	0.000000E+0
5.022732E+3	-1.503600E-4	1.217470E+4	0.000000E+0	0.000000E+0
5.026733E+3	-1.503400E-4	1.217460E+4	0.000000E+0	0.000000E+0
5.030733E+3	-1.503700E-4	1.217470E+4	0.000000E+0	0.000000E+0
5.034733E+3	-1.503600E-4	1.217470E+4	0.000000E+0	0.000000E+0
5.038734E+3	-1.503500E-4	1.217470E+4	0.000000E+0	0.000000E+0
5.042708E+3	-1.503700E-4	1.217470E+4	0.000000E+0	0.000000E+0
5.046745E+3	-1.503400E-4	1.217470E+4	0.000000E+0	0.000000E+0
5.050733E+3	-1.503700E-4	1.217470E+4	0.000000E+0	0.000000E+0
5.054733E+3	-1.503400E-4	1.217470E+4	0.000000E+0	0.000000E+0
5.058734E+3	-1.503400E-4	1.217470E+4	0.000000E+0	0.000000E+0
5.062715E+3	-1.503800E-4	1.217470E+4	0.000000E+0	0.000000E+0
5.066749E+3	-1.503400E-4	1.217470E+4	0.000000E+0	0.000000E+0
5.070735E+3	-1.503900E-4	1.217470E+4	0.000000E+0	0.000000E+0
5.074710E+3	-1.503500E-4	1.217470E+4	0.000000E+0	0.000000E+0
5.078744E+3	-1.503400E-4	1.217460E+4	0.000000E+0	0.000000E+0
5.082733E+3	-1.503200E-4	1.217480E+4	0.000000E+0	0.000000E+0
5.086733E+3	-1.503700E-4	1.217470E+4	0.000000E+0	0.000000E+0
5.090732E+3	-1.504000E-4	1.217470E+4	0.000000E+0	0.000000E+0
5.094731E+3	-1.503900E-4	1.217480E+4	0.000000E+0	0.000000E+0
5.098732E+3	-1.504100E-4	1.217480E+4	0.000000E+0	0.000000E+0
5.102736E+3	-1.503800E-4	1.217480E+4	0.000000E+0	0.000000E+0
5.106703E+3	-1.503600E-4	1.217470E+4	0.000000E+0	0.000000E+0
5.110745E+3	-1.503700E-4	1.217490E+4	0.000000E+0	0.000000E+0
5.114730E+3	-1.503700E-4	1.217480E+4	0.000000E+0	0.000000E+0
5.118733E+3	-1.503500E-4	1.217490E+4	0.000000E+0	0.000000E+0
5.122732E+3	-1.503900E-4	1.217480E+4	0.000000E+0	0.000000E+0
5.126732E+3	-1.503700E-4	1.217490E+4	0.000000E+0	0.000000E+0
5.130732E+3	-1.503700E-4	1.217480E+4	0.000000E+0	0.000000E+0
5.134733E+3	-1.503400E-4	1.217500E+4	0.000000E+0	0.000000E+0
5.138733E+3	-1.503700E-4	1.217490E+4	0.000000E+0	0.000000E+0
5.142731E+3	-1.503900E-4	1.217490E+4	0.000000E+0	0.000000E+0
5.146733E+3	-1.504000E-4	1.217500E+4	0.000000E+0	0.000000E+0
5.150733E+3	-1.504200E-4	1.217510E+4	0.000000E+0	0.000000E+0
5.154735E+3	-1.503700E-4	1.217500E+4	0.000000E+0	0.000000E+0
5.158735E+3	-1.503700E-4	1.217500E+4	0.000000E+0	0.000000E+0
5.162735E+3	-1.503800E-4	1.217500E+4	0.000000E+0	0.000000E+0
5.166733E+3	-1.503400E-4	1.217490E+4	0.000000E+0	0.000000E+0
5.170733E+3	-1.503800E-4	1.217500E+4	0.000000E+0	0.000000E+0
5.174733E+3	-1.503200E-4	1.217490E+4	0.000000E+0	0.000000E+0
5.178738E+3	-1.503600E-4	1.217500E+4	0.000000E+0	0.000000E+0
5.182731E+3	-1.503500E-4	1.217500E+4	0.000000E+0	0.000000E+0
5.186729E+3	-1.503500E-4	1.217500E+4	0.000000E+0	0.000000E+0
5.190732E+3	-1.503500E-4	1.217500E+4	0.000000E+0	0.000000E+0
5.194732E+3	-1.503700E-4	1.217500E+4	0.000000E+0	0.000000E+0
5.198738E+3	-1.504300E-4	1.217510E+4	0.000000E+0	0.000000E+0
5.202734E+3	-1.504000E-4	1.217510E+4	0.000000E+0	0.000000E+0
5.206704E+3	-1.503800E-4	1.217510E+4	0.000000E+0	0.000000E+0
5.210742E+3	-1.503900E-4	1.217510E+4	0.000000E+0	0.000000E+0
5.214733E+3	-1.504000E-4	1.217510E+4	0.000000E+0	0.000000E+0
5.218733E+3	-1.503800E-4	1.217500E+4	0.000000E+0	0.000000E+0
5.222733E+3	-1.503400E-4	1.217510E+4	0.000000E+0	0.000000E+0
5.226733E+3	-1.503600E-4	1.217520E+4	0.000000E+0	0.000000E+0
5.230733E+3	-1.503900E-4	1.217520E+4	0.000000E+0	0.000000E+0
5.234737E+3	-1.503300E-4	1.217510E+4	0.000000E+0	0.000000E+0
5.238707E+3	-1.503500E-4	1.217510E+4	0.000000E+0	0.000000E+0
5.242745E+3	-1.503500E-4	1.217520E+4	0.000000E+0	0.000000E+0
5.246734E+3	-1.503200E-4	1.217510E+4	0.000000E+0	0.000000E+0
5.250733E+3	-1.503400E-4	1.217510E+4	0.000000E+0	0.000000E+0
5.254733E+3	-1.503500E-4	1.217510E+4	0.000000E+0	0.000000E+0
5.258715E+3	-1.504000E-4	1.217510E+4	0.000000E+0	0.000000E+0
5.262756E+3	-1.503300E-4	1.217520E+4	0.000000E+0	0.000000E+0
5.266712E+3	-1.503400E-4	1.217520E+4	0.000000E+0	0.000000E+0
5.270756E+3	-1.503100E-4	1.217520E+4	0.000000E+0	0.000000E+0
5.274713E+3	-1.503800E-4	1.217530E+4	0.000000E+0	0.000000E+0
5.278746E+3	-1.503500E-4	1.217520E+4	0.000000E+0	0.000000E+0
5.282733E+3	-1.503500E-4	1.217530E+4	0.000000E+0	0.000000E+0
5.286707E+3	-1.503400E-4	1.217530E+4	0.000000E+0	0.000000E+0
5.290744E+3	-1.503300E-4	1.217540E+4	0.000000E+0	0.000000E+0
5.294734E+3	-1.503400E-4	1.217530E+4	0.000000E+0	0.000000E+0
5.298733E+3	-1.503400E-4	1.217530E+4	0.000000E+0	0.000000E+0
5.302736E+3	-1.503200E-4	1.217540E+4	0.000000E+0	0.000000E+0
5.306716E+3	-1.503400E-4	1.217540E+4	0.000000E+0	0.000000E+0
5.310750E+3	-1.503000E-4	1.217540E+4	0.000000E+0	0.000000E+0
5.314709E+3	-1.503000E-4	1.217540E+4	0.000000E+0	0.000000E+0
5.318756E+3	-1.503300E-4	1.217540E+4	0.000000E+0	0.000000E+0
5.322714E+3	-1.503400E-4	1.217540E+4	0.000000E+0	0.000000E+0
5.326750E+3	-1.503600E-4	1.217540E+4	0.000000E+0	0.000000E+0
5.330737E+3	-1.503500E-4	1.217550E+4	0.000000E+0	0.000000E+0
5.334709E+3	-1.503500E-4	1.217550E+4	0.000000E+0	0.000000E+0
5.338745E+3	-1.503900E-4	1.217550E+4	0.000000E+0	0.000000E+0
5.342734E+3	-1.503700E-4	1.217560E+4	0.000000E+0	0.000000E+0
5.346732E+3	-1.503800E-4	1.217550E+4	0.000000E+0	0.000000E+0
5.350733E+3	-1.503900E-4	1.217560E+4	0.000000E+0	0.000000E+0
5.354733E+3	-1.504000E-4	1.217550E+4	0.000000E+0	0.000000E+0
5.358733E+3	-1.503900E-4	1.217560E+4	0.000000E+0	0.000000E+0
5.362731E+3	-1.503700E-4	1.217550E+4	0.000000E+0	0.000000E+0
5.366736E+3	-1.503500E-4	1.217550E+4	0.000000E+0	0.000000E+0
5.370714E+3	-1.503800E-4	1.217550E+4	0.000000E+0	0.000000E+0
5.374747E+3	-1.503500E-4	1.217560E+4	0.000000E+0	0.000000E+0
5.378733E+3	-1.503900E-4	1.217550E+4	0.000000E+0	0.000000E+0
5.382708E+3	-1.503900E-4	1.217550E+4	0.000000E+0	0.000000E+0
5.386742E+3	-1.503400E-4	1.217560E+4	0.000000E+0	0.000000E+0
5.390731E+3	-1.503900E-4	1.217560E+4	0.000000E+0	0.000000E+0
5.394732E+3	-1.503400E-4	1.217560E+4	0.000000E+0	0.000000E+0
5.398734E+3	-1.503600E-4	1.217560E+4	0.000000E+0	0.000000E+0
5.402716E+3	-1.503300E-4	1.217570E+4	0.000000E+0	0.000000E+0
5.406747E+3	-1.503100E-4	1.217570E+4	0.000000E+0	0.000000E+0
5.410734E+3	-1.503300E-4	1.217560E+4	0.000000E+0	0.000000E+0
5.414711E+3	-1.503100E-4	1.217570E+4	0.000000E+0	0.000000E+0
5.418742E+3	-1.503200E-4	1.217580E+4	0.000000E+0	0.000000E+0
5.422733E+3	-1.503400E-4	1.217580E+4	0.000000E+0	0.000000E+0
5.426733E+3	-1.503000E-4	1.217580E+4	0.000000E+0	0.000000E+0
5.430734E+3	-1.503200E-4	1.217580E+4	0.000000E+0	0.000000E+0
5.434733E+3	-1.503300E-4	1.217580E+4	0.000000E+0	0.000000E+0
5.438733E+3	-1.503400E-4	1.217580E+4	0.000000E+0	0.000000E+0
5.442731E+3	-1.503300E-4	1.217580E+4	0.000000E+0	0.000000E+0
5.446733E+3	-1.503400E-4	1.217590E+4	0.000000E+0	0.000000E+0
5.450733E+3	-1.503900E-4	1.217600E+4	0.000000E+0	0.000000E+0
5.454731E+3	-1.504100E-4	1.217600E+4	0.000000E+0	0.000000E+0
5.458733E+3	-1.503900E-4	1.217600E+4	0.000000E+0	0.000000E+0
5.462736E+3	-1.504100E-4	1.217600E+4	0.000000E+0	0.000000E+0
5.466715E+3	-1.504200E-4	1.217600E+4	0.000000E+0	0.000000E+0
5.470751E+3	-1.504400E-4	1.217600E+4	0.000000E+0	0.000000E+0
5.474713E+3	-1.503800E-4	1.217600E+4	0.000000E+0	0.000000E+0
5.478757E+3	-1.503700E-4	1.217600E+4	0.000000E+0	0.000000E+0
5.482718E+3	-1.503400E-4	1.217610E+4	0.000000E+0	0.000000E+0
5.486731E+3	-1.503300E-4	1.217610E+4	0.000000E+0	0.000000E+0
5.490736E+3	-1.503400E-4	1.217610E+4	0.000000E+0	0.000000E+0
5.494732E+3	-1.503500E-4	1.217610E+4	0.000000E+0	0.000000E+0
5.498732E+3	-1.503400E-4	1.217610E+4	0.000000E+0	0.000000E+0
5.502733E+3	-1.503600E-4	1.217610E+4	0.000000E+0	0.000000E+0
5.506734E+3	-1.503600E-4	1.217610E+4	0.000000E+0	0.000000E+0
5.510706E+3	-1.503700E-4	1.217610E+4	0.000000E+0	0.000000E+0
5.514742E+3	-1.503900E-4	1.217620E+4	0.000000E+0	0.000000E+0
5.518733E+3	-1.503900E-4	1.217620E+4	0.000000E+0	0.000000E+0
5.522731E+3	-1.503700E-4	1.217620E+4	0.000000E+0	0.000000E+0
5.526734E+3	-1.503700E-4	1.217630E+4	0.000000E+0	0.000000E+0
5.530712E+3	-1.503900E-4	1.217630E+4	0.000000E+0	0.000000E+0
5.534748E+3	-1.504000E-4	1.217630E+4	0.000000E+0	0.000000E+0
5.538735E+3	-1.503800E-4	1.217630E+4	0.000000E+0	0.000000E+0
5.542710E+3	-1.504000E-4	1.217630E+4	0.000000E+0	0.000000E+0
5.546745E+3	-1.503900E-4	1.217630E+4	0.000000E+0	0.000000E+0
5.550733E+3	-1.503400E-4	1.217630E+4	0.000000E+0	0.000000E+0
5.554730E+3	-1.503800E-4	1.217630E+4	0.000000E+0	0.000000E+0
5.558731E+3	-1.503700E-4	1.217630E+4	0.000000E+0	0.000000E+0
5.562731E+3	-1.503600E-4	1.217640E+4	0.000000E+0	0.000000E+0
5.566731E+3	-1.503700E-4	1.217640E+4	0.000000E+0	0.000000E+0
5.570732E+3	-1.503600E-4	1.217650E+4	0.000000E+0	0.000000E+0
5.574733E+3	-1.503500E-4	1.217640E+4	0.000000E+0	0.000000E+0
5.578715E+3	-1.503700E-4	1.217650E+4	0.000000E+0	0.000000E+0
5.582747E+3	-1.503500E-4	1.217640E+4	0.000000E+0	0.000000E+0
5.586734E+3	-1.503400E-4	1.217640E+4	0.000000E+0	0.000000E+0
5.590711E+3	-1.503400E-4	1.217650E+4	0.000000E+0	0.000000E+0
5.594744E+3	-1.503300E-4	1.217650E+4	0.000000E+0	0.000000E+0
5.598732E+3	-1.503200E-4	1.217650E+4	0.000000E+0	0.000000E+0
5.602733E+3	-1.503600E-4	1.217660E+4	0.000000E+0	0.000000E+0
5.606736E+3	-1.503500E-4	1.217650E+4	0.000000E+0	0.000000E+0
5.610712E+3	-1.504000E-4	1.217660E+4	0.000000E+0	0.000000E+0
5.614748E+3	-1.503900E-4	1.217660E+4	0.000000E+0	0.000000E+0
5.618735E+3	-1.503800E-4	1.217670E+4	0.000000E+0	0.000000E+0
5.622710E+3	-1.504100E-4	1.217670E+4	0.000000E+0	0.000000E+0
5.626748E+3	-1.504100E-4	1.217670E+4	0.000000E+0	0.000000E+0
5.630735E+3	-1.504000E-4	1.217670E+4	0.000000E+0	0.000000E+0
5.634714E+3	-1.503800E-4	1.217670E+4	0.000000E+0	0.000000E+0
5.638743E+3	-1.504300E-4	1.217670E+4	0.000000E+0	0.000000E+0
5.642731E+3	-1.503800E-4	1.217670E+4	0.000000E+0	0.000000E+0
5.646733E+3	-1.504000E-4	1.217680E+4	0.000000E+0	0.000000E+0
5.650733E+3	-1.503600E-4	1.217680E+4	0.000000E+0	0.000000E+0
5.654733E+3	-1.503800E-4	1.217690E+4	0.000000E+0	0.000000E+0
5.658733E+3	-1.503600E-4	1.217680E+4	0.000000E+0	0.000000E+0
5.662713E+3	-1.504000E-4	1.217680E+4	0.000000E+0	0.000000E+0
5.666752E+3	-1.503600E-4	1.217680E+4	0.000000E+0	0.000000E+0
5.670711E+3	-1.503600E-4	1.217680E+4	0.000000E+0	0.000000E+0
5.674755E+3	-1.503800E-4	1.217690E+4	0.000000E+0	0.000000E+0
5.678715E+3	-1.504000E-4	1.217690E+4	0.000000E+0	0.000000E+0
5.682752E+3	-1.504000E-4	1.217700E+4	0.000000E+0	0.000000E+0
5.686710E+3	-1.503700E-4	1.217700E+4	0.000000E+0	0.000000E+0
5.690755E+3	-1.503900E-4	1.217700E+4	0.000000E+0	0.000000E+0
5.694716E+3	-1.503700E-4	1.217710E+4	0.000000E+0	0.000000E+0
5.698755E+3	-1.503700E-4	1.217710E+4	0.000000E+0	0.000000E+0
5.702709E+3	-1.503700E-4	1.217710E+4	0.000000E+0	0.000000E+0
5.706756E+3	-1.503800E-4	1.217720E+4	0.000000E+0	0.000000E+0
5.710716E+3	-1.503500E-4	1.217720E+4	0.000000E+0	0.000000E+0
5.714755E+3	-1.503700E-4	1.217720E+4	0.000000E+0	0.000000E+0
5.718711E+3	-1.503500E-4	1.217730E+4	0.000000E+0	0.000000E+0
5.722762E+3	-1.503800E-4	1.217730E+4	0.000000E+0	0.000000E+0
5.726719E+3	-1.503800E-4	1.217740E+4	0.000000E+0	0.000000E+0
5.730738E+3	-1.503800E-4	1.217740E+4	0.000000E+0	0.000000E+0
5.734710E+3	-1.503700E-4	1.217740E+4	0.000000E+0	0.000000E+0
5.738743E+3	-1.503200E-4	1.217740E+4	0.000000E+0	0.000000E+0
5.742728E+3	-1.503600E-4	1.217750E+4	0.000000E+0	0.000000E+0
5.746733E+3	-1.504000E-4	1.217740E+4	0.000000E+0	0.000000E+0
5.750731E+3	-1.503600E-4	1.217740E+4	0.000000E+0	0.000000E+0
5.754732E+3	-1.503900E-4	1.217750E+4	0.000000E+0	0.000000E+0
5.758733E+3	-1.503600E-4	1.217750E+4	0.000000E+0	0.000000E+0
5.762734E+3	-1.503600E-4	1.217760E+4	0.000000E+0	0.000000E+0
5.766733E+3	-1.504000E-4	1.217760E+4	0.000000E+0	0.000000E+0
5.770734E+3	-1.503900E-4	1.217760E+4	0.000000E+0	0.000000E+0
5.774710E+3	-1.504100E-4	1.217750E+4	0.000000E+0	0.000000E+0
5.778751E+3	-1.503800E-4	1.217760E+4	0.000000E+0	0.000000E+0
5.782734E+3	-1.503800E-4	1.217760E+4	0.000000E+0	0.000000E+0
5.786729E+3	-1.504000E-4	1.217760E+4	0.000000E+0	0.000000E+0
5.790729E+3	-1.503900E-4	1.217770E+4	0.000000E+0	0.000000E+0
5.794730E+3	-1.503800E-4	1.217770E+4	0.000000E+0	0.000000E+0
5.798736E+3	-1.504200E-4	1.217780E+4	0.000000E+0	0.000000E+0
5.802733E+3	-1.504300E-4	1.217780E+4	0.000000E+0	0.000000E+0
5.806737E+3	-1.504000E-4	1.217780E+4	0.000000E+0	0.000000E+0
5.810708E+3	-1.503800E-4	1.217790E+4	0.000000E+0	0.000000E+0
5.814748E+3	-1.503600E-4	1.217790E+4	0.000000E+0	0.000000E+0
5.818733E+3	-1.503200E-4	1.217780E+4	0.000000E+0	0.000000E+0
5.822731E+3	-1.503200E-4	1.217790E+4	0.000000E+0	0.000000E+0
5.826730E+3	-1.503100E-4	1.217790E+4	0.000000E+0	0.000000E+0
5.830730E+3	-1.503500E-4	1.217800E+4	0.000000E+0	0.000000E+0
5.834735E+3	-1.503600E-4	1.217800E+4	0.000000E+0	0.000000E+0
5.838733E+3	-1.503400E-4	1.217810E+4	0.000000E+0	0.000000E+0
5.842733E+3	-1.503600E-4	1.217810E+4	0.000000E+0	0.000000E+0
5.846733E+3	-1.503700E-4	1.217820E+4	0.000000E+0	0.000000E+0
5.850733E+3	-1.503700E-4	1.217830E+4	0.000000E+0	0.000000E+0
5.854732E+3	-1.503600E-4	1.217830E+4	0.000000E+0	0.000000E+0
5.858731E+3	-1.503400E-4	1.217820E+4	0.000000E+0	0.000000E+0
5.862731E+3	-1.503400E-4	1.217820E+4	0.000000E+0	0.000000E+0
5.866732E+3	-1.503700E-4	1.217820E+4	0.000000E+0	0.000000E+0
5.870736E+3	-1.503400E-4	1.217820E+4	0.000000E+0	0.000000E+0
5.874734E+3	-1.503400E-4	1.217830E+4	0.000000E+0	0.000000E+0
5.878708E+3	-1.503600E-4	1.217820E+4	0.000000E+0	0.000000E+0
5.882750E+3	-1.503500E-4	1.217830E+4	0.000000E+0	0.000000E+0
5.886737E+3	-1.503500E-4	1.217820E+4	0.000000E+0	0.000000E+0
5.890712E+3	-1.503600E-4	1.217830E+4	0.000000E+0	0.000000E+0
5.894748E+3	-1.503600E-4	1.217830E+4	0.000000E+0	0.000000E+0
5.898714E+3	-1.503500E-4	1.217840E+4	0.000000E+0	0.000000E+0
5.902753E+3	-1.503500E-4	1.217840E+4	0.000000E+0	0.000000E+0
5.906717E+3	-1.503400E-4	1.217840E+4	0.000000E+0	0.000000E+0
5.910730E+3	-1.503500E-4	1.217840E+4	0.000000E+0	0.000000E+0
5.914728E+3	-1.503600E-4	1.217850E+4	0.000000E+0	0.000000E+0
5.918730E+3	-1.503300E-4	1.217850E+4	0.000000E+0	0.000000E+0
5.922737E+3	-1.503400E-4	1.217850E+4	0.000000E+0	0.000000E+0
5.926709E+3	-1.503400E-4	1.217840E+4	0.000000E+0	0.000000E+0
5.930747E+3	-1.503200E-4	1.217850E+4	0.000000E+0	0.000000E+0
5.934735E+3	-1.503400E-4	1.217850E+4	0.000000E+0	0.000000E+0
5.938733E+3	-1.503700E-4	1.217850E+4	0.000000E+0	0.000000E+0
5.942733E+3	-1.503900E-4	1.217850E+4	0.000000E+0	0.000000E+0
5.946713E+3	-1.503800E-4	1.217850E+4	0.000000E+0	0.000000E+0
5.950750E+3	-1.503900E-4	1.217860E+4	0.000000E+0	0.000000E+0
5.954739E+3	-1.503600E-4	1.217860E+4	0.000000E+0	0.000000E+0
5.958713E+3	-1.503800E-4	1.217860E+4	0.000000E+0	0.000000E+0
5.962749E+3	-1.503400E-4	1.217860E+4	0.000000E+0	0.000000E+0
5.966734E+3	-1.503800E-4	1.217870E+4	0.000000E+0	0.000000E+0
5.970714E+3	-1.503800E-4	1.217870E+4	0.000000E+0	0.000000E+0
5.974729E+3	-1.503700E-4	1.217880E+4	0.000000E+0	0.000000E+0
5.978729E+3	-1.503800E-4	1.217870E+4	0.000000E+0	0.000000E+0
5.982733E+3	-1.503900E-4	1.217880E+4	0.000000E+0	0.000000E+0
5.986734E+3	-1.503500E-4	1.217880E+4	0.000000E+0	0.000000E+0
5.990711E+3	-1.503700E-4	1.217890E+4	0.000000E+0	0.000000E+0
5.994748E+3	-1.503700E-4	1.217890E+4	0.000000E+0	0.000000E+0
5.998734E+3	-1.503800E-4	1.217890E+4	0.000000E+0	0.000000E+0
6.002731E+3	-1.503400E-4	1.217890E+4	0.000000E+0	0.000000E+0
6.006730E+3	-1.503600E-4	1.217890E+4	0.000000E+0	0.000000E+0
6.010730E+3	-1.503400E-4	1.217890E+4	0.000000E+0	0.000000E+0
6.014732E+3	-1.503300E-4	1.217890E+4	0.000000E+0	0.000000E+0
6.018733E+3	-1.503400E-4	1.217890E+4	0.000000E+0	0.000000E+0
6.022731E+3	-1.503600E-4	1.217900E+4	0.000000E+0	0.000000E+0
6.026731E+3	-1.503200E-4	1.217900E+4	0.000000E+0	0.000000E+0
6.030732E+3	-1.503500E-4	1.217900E+4	0.000000E+0	0.000000E+0
6.034733E+3	-1.503600E-4	1.217910E+4	0.000000E+0	0.000000E+0
6.038733E+3	-1.503300E-4	1.217900E+4	0.000000E+0	0.000000E+0
6.042731E+3	-1.503400E-4	1.217910E+4	0.000000E+0	0.000000E+0
6.046732E+3	-1.503600E-4	1.217910E+4	0.000000E+0	0.000000E+0
6.050731E+3	-1.503700E-4	1.217910E+4	0.000000E+0	0.000000E+0
6.054732E+3	-1.503400E-4	1.217910E+4	0.000000E+0	0.000000E+0
6.058736E+3	-1.503600E-4	1.217920E+4	0.000000E+0	0.000000E+0
6.062710E+3	-1.503600E-4	1.217920E+4	0.000000E+0	0.000000E+0
6.066753E+3	-1.503700E-4	1.217920E+4	0.000000E+0	0.000000E+0
6.070709E+3	-1.504000E-4	1.217920E+4	0.000000E+0	0.000000E+0
6.074747E+3	-1.504000E-4	1.217920E+4	0.000000E+0	0.000000E+0
6.078734E+3	-1.503700E-4	1.217920E+4	0.000000E+0	0.000000E+0
6.082709E+3	-1.503700E-4	1.217920E+4	0.000000E+0	0.000000E+0
6.086750E+3	-1.503700E-4	1.217920E+4	0.000000E+0	0.000000E+0
6.090709E+3	-1.503600E-4	1.217920E+4	0.000000E+0	0.000000E+0
6.094751E+3	-1.503800E-4	1.217930E+4	0.000000E+0	0.000000E+0
6.098716E+3	-1.503600E-4	1.217930E+4	0.000000E+0	0.000000E+0
6.102731E+3	-1.503600E-4	1.217930E+4	0.000000E+0	0.000000E+0
6.106728E+3	-1.503700E-4	1.217940E+4	0.000000E+0	0.000000E+0
6.110731E+3	-1.503500E-4	1.217930E+4	0.000000E+0	0.000000E+0
6.114738E+3	-1.503900E-4	1.217940E+4	0.000000E+0	0.000000E+0
6.118709E+3	-1.503500E-4	1.217940E+4	0.000000E+0	0.000000E+0
6.122747E+3	-1.503500E-4	1.217940E+4	0.000000E+0	0.000000E+0
6.126736E+3	-1.504000E-4	1.217950E+4	0.000000E+0	0.000000E+0
6.130735E+3	-1.503800E-4	1.217940E+4	0.000000E+0	0.000000E+0
6.134703E+3	-1.503700E-4	1.217950E+4	0.000000E+0	0.000000E+0
6.138746E+3	-1.503500E-4	1.217950E+4	0.000000E+0	0.000000E+0
6.142733E+3	-1.503700E-4	1.217950E+4	0.000000E+0	0.000000E+0
6.146736E+3	-1.503700E-4	1.217950E+4	0.000000E+0	0.000000E+0
6.150708E+3	-1.503500E-4	1.217960E+4	0.000000E+0	0.000000E+0
6.154746E+3	-1.503700E-4	1.217950E+4	0.000000E+0	0.000000E+0
6.158738E+3	-1.503500E-4	1.217960E+4	0.000000E+0	0.000000E+0
6.162711E+3	-1.503500E-4	1.217960E+4	0.000000E+0	0.000000E+0
6.166727E+3	-1.503100E-4	1.217960E+4	0.000000E+0	0.000000E+0
6.170732E+3	-1.503400E-4	1.217960E+4	0.000000E+0	0.000000E+0
6.174732E+3	-1.503100E-4	1.217960E+4	0.000000E+0	0.000000E+0
6.178736E+3	-1.503200E-4	1.217960E+4	0.000000E+0	0.000000E+0
6.182709E+3	-1.503200E-4	1.217960E+4	0.000000E+0	0.000000E+0
6.186747E+3	-1.503200E-4	1.217960E+4	0.000000E+0	0.000000E+0
6.190734E+3	-1.503000E-4	1.217960E+4	0.000000E+0	0.000000E+0
6.194735E+3	-1.503200E-4	1.217970E+4	0.000000E+0	0.000000E+0
6.198707E+3	-1.503300E-4	1.217960E+4	0.000000E+0	0.000000E+0
6.202746E+3	-1.503200E-4	1.217970E+4	0.000000E+0	0.000000E+0
6.206733E+3	-1.503200E-4	1.217970E+4	0.000000E+0	0.000000E+0
6.210735E+3	-1.503000E-4	1.217970E+4	0.000000E+0	0.000000E+0
6.214709E+3	-1.503000E-4	1.217980E+4	0.000000E+0	0.000000E+0
6.218746E+3	-1.502900E-4	1.217980E+4	0.000000E+0	0.000000E+0
6.222733E+3	-1.503000E-4	1.217980E+4	0.000000E+0	0.000000E+0
6.226733E+3	-1.502800E-4	1.217980E+4	0.000000E+0	0.000000E+0
6.230735E+3	-1.503000E-4	1.217980E+4	0.000000E+0	0.000000E+0
6.234715E+3	-1.503300E-4	1.217980E+4	0.000000E+0	0.000000E+0
6.238749E+3	-1.503100E-4	1.217980E+4	0.000000E+0	0.000000E+0
6.242736E+3	-1.502800E-4	1.217970E+4	0.000000E+0	0.000000E+0
6.246709E+3	-1.502800E-4	1.217980E+4	0.000000E+0	0.000000E+0
6.250746E+3	-1.503000E-4	1.217970E+4	0.000000E+0	0.000000E+0
6.254733E+3	-1.503100E-4	1.217990E+4	0.000000E+0	0.000000E+0
6.258734E+3	-1.502900E-4	1.217980E+4	0.000000E+0	0.000000E+0
6.262703E+3	-1.503200E-4	1.217990E+4	0.000000E+0	0.000000E+0
6.266745E+3	-1.502800E-4	1.217990E+4	0.000000E+0	0.000000E+0
6.270732E+3	-1.502900E-4	1.217990E+4	0.000000E+0	0.000000E+0
6.274733E+3	-1.503200E-4	1.218000E+4	0.000000E+0	0.000000E+0
6.278707E+3	-1.503300E-4	1.218000E+4	0.000000E+0	0.000000E+0
6.282743E+3	-1.503000E-4	1.218000E+4	0.000000E+0	0.000000E+0
6.286730E+3	-1.503000E-4	1.218000E+4	0.000000E+0	0.000000E+0
6.290728E+3	-1.503400E-4	1.218000E+4	0.000000E+0	0.000000E+0
6.294730E+3	-1.503400E-4	1.218000E+4	0.000000E+0	0.000000E+0
6.298730E+3	-1.503500E-4	1.218000E+4	0.000000E+0	0.000000E+0
6.302735E+3	-1.503500E-4	1.218000E+4	0.000000E+0	0.000000E+0
6.306735E+3	-1.503300E-4	1.218000E+4	0.000000E+0	0.000000E+0
6.310733E+3	-1.503300E-4	1.218000E+4	0.000000E+0	0.000000E+0
6.314731E+3	-1.503500E-4	1.218000E+4	0.000000E+0	0.000000E+0
6.318733E+3	-1.503100E-4	1.218000E+4	0.000000E+0	0.000000E+0
6.322731E+3	-1.503100E-4	1.218000E+4	0.000000E+0	0.000000E+0
6.326733E+3	-1.503200E-4	1.218000E+4	0.000000E+0	0.000000E+0
6.330732E+3	-1.503200E-4	1.218000E+4	0.000000E+0	0.000000E+0
6.334733E+3	-1.503100E-4	1.218000E+4	0.000000E+0	0.000000E+0
6.338733E+3	-1.502900E-4	1.218010E+4	0.000000E+0	0.000000E+0
6.342738E+3	-1.503100E-4	1.218020E+4	0.000000E+0	0.000000E+0
6.346713E+3	-1.503100E-4	1.218020E+4	0.000000E+0	0.000000E+0
6.350750E+3	-1.503000E-4	1.218030E+4	0.000000E+0	0.000000E+0
6.354736E+3	-1.503100E-4	1.218020E+4	0.000000E+0	0.000000E+0
6.358711E+3	-1.503000E-4	1.218030E+4	0.000000E+0	0.000000E+0
6.362744E+3	-1.502900E-4	1.218030E+4	0.000000E+0	0.000000E+0
6.366732E+3	-1.503100E-4	1.218030E+4	0.000000E+0	0.000000E+0
6.370731E+3	-1.503100E-4	1.218020E+4	0.000000E+0	0.000000E+0
6.374736E+3	-1.503100E-4	1.218020E+4	0.000000E+0	0.000000E+0
6.378714E+3	-1.503200E-4	1.218030E+4	0.000000E+0	0.000000E+0
6.382755E+3	-1.502900E-4	1.218020E+4	0.000000E+0	0.000000E+0
6.386709E+3	-1.503200E-4	1.218030E+4	0.000000E+0	0.000000E+0
6.390756E+3	-1.503300E-4	1.218020E+4	0.000000E+0	0.000000E+0
6.394713E+3	-1.503500E-4	1.218020E+4	0.000000E+0	0.000000E+0
6.398746E+3	-1.503200E-4	1.218020E+4	0.000000E+0	0.000000E+0
6.402733E+3	-1.503500E-4	1.218020E+4	0.000000E+0	0.000000E+0
6.406706E+3	-1.503500E-4	1.218020E+4	0.000000E+0	0.000000E+0
6.410743E+3	-1.503300E-4	1.218010E+4	0.000000E+0	0.000000E+0
6.414733E+3	-1.503800E-4	1.218020E+4	0.000000E+0	0.000000E+0
6.418732E+3	-1.503600E-4	1.218020E+4	0.000000E+0	0.000000E+0
6.422733E+3	-1.504000E-4	1.218020E+4	0.000000E+0	0.000000E+0
6.426708E+3	-1.504100E-4	1.218020E+4	0.000000E+0	0.000000E+0
6.430744E+3	-1.504200E-4	1.218020E+4	0.000000E+0	0.000000E+0
6.434733E+3	-1.504300E-4	1.218020E+4	0.000000E+0	0.000000E+0
6.438728E+3	-1.503600E-4	1.218020E+4	0.000000E+0	0.000000E+0
6.442731E+3	-1.503500E-4	1.218030E+4	0.000000E+0	0.000000E+0
6.446732E+3	-1.503500E-4	1.218030E+4	0.000000E+0	0.000000E+0
6.450732E+3	-1.503500E-4	1.218030E+4	0.000000E+0	0.000000E+0
6.454730E+3	-1.503600E-4	1.218030E+4	0.000000E+0	0.000000E+0
6.458734E+3	-1.503400E-4	1.218030E+4	0.000000E+0	0.000000E+0
6.462714E+3	-1.503700E-4	1.218030E+4	0.000000E+0	0.000000E+0
6.466748E+3	-1.503600E-4	1.218030E+4	0.000000E+0	0.000000E+0
6.470734E+3	-1.503600E-4	1.218040E+4	0.000000E+0	0.000000E+0
6.474711E+3	-1.503500E-4	1.218030E+4	0.000000E+0	0.000000E+0
6.478745E+3	-1.503300E-4	1.218030E+4	0.000000E+0	0.000000E+0
6.482734E+3	-1.503100E-4	1.218030E+4	0.000000E+0	0.000000E+0
6.486732E+3	-1.503400E-4	1.218030E+4	0.000000E+0	0.000000E+0
6.490735E+3	-1.503200E-4	1.218040E+4	0.000000E+0	0.000000E+0
6.494715E+3	-1.503300E-4	1.218030E+4	0.000000E+0	0.000000E+0
6.498748E+3	-1.503400E-4	1.218030E+4	0.000000E+0	0.000000E+0
6.502735E+3	-1.503300E-4	1.218030E+4	0.000000E+0	0.000000E+0
6.506718E+3	-1.503500E-4	1.218030E+4	0.000000E+0	0.000000E+0
6.510735E+3	-1.503700E-4	1.218020E+4	0.000000E+0	0.000000E+0
6.514735E+3	-1.503400E-4	1.218020E+4	0.000000E+0	0.000000E+0
6.518712E+3	-1.503300E-4	1.218030E+4	0.000000E+0	0.000000E+0
6.522729E+3	-1.503300E-4	1.218030E+4	0.000000E+0	0.000000E+0
6.526728E+3	-1.503600E-4	1.218020E+4	0.000000E+0	0.000000E+0
6.530733E+3	-1.503500E-4	1.218000E+4	0.000000E+0	0.000000E+0
6.534738E+3	-1.503700E-4	1.218010E+4	0.000000E+0	0.000000E+0
6.538708E+3	-1.503700E-4	1.218000E+4	0.000000E+0	0.000000E+0
6.542744E+3	-1.503600E-4	1.218020E+4	0.000000E+0	0.000000E+0
6.546732E+3	-1.503800E-4	1.218010E+4	0.000000E+0	0.000000E+0
6.550730E+3	-1.503600E-4	1.218010E+4	0.000000E+0	0.000000E+0
6.554733E+3	-1.503400E-4	1.218010E+4	0.000000E+0	0.000000E+0
6.558711E+3	-1.503700E-4	1.218000E+4	0.000000E+0	0.000000E+0
6.562751E+3	-1.503600E-4	1.218020E+4	0.000000E+0	0.000000E+0
6.566737E+3	-1.503500E-4	1.218010E+4	0.000000E+0	0.000000E+0
6.570709E+3	-1.504000E-4	1.218020E+4	0.000000E+0	0.000000E+0
6.574748E+3	-1.503900E-4	1.218010E+4	0.000000E+0	0.000000E+0
6.578734E+3	-1.503600E-4	1.218020E+4	0.000000E+0	0.000000E+0
6.582712E+3	-1.503700E-4	1.218010E+4	0.000000E+0	0.000000E+0
6.586731E+3	-1.503800E-4	1.218010E+4	0.000000E+0	0.000000E+0
6.590730E+3	-1.504000E-4	1.218030E+4	0.000000E+0	0.000000E+0
6.594731E+3	-1.503900E-4	1.218010E+4	0.000000E+0	0.000000E+0
6.598735E+3	-1.503600E-4	1.218040E+4	0.000000E+0	0.000000E+0
6.602712E+3	-1.503700E-4	1.218020E+4	0.000000E+0	0.000000E+0
6.606746E+3	-1.503600E-4	1.218010E+4	0.000000E+0	0.000000E+0
6.610738E+3	-1.503600E-4	1.218010E+4	0.000000E+0	0.000000E+0
6.614709E+3	-1.503400E-4	1.218010E+4	0.000000E+0	0.000000E+0
6.618726E+3	-1.503500E-4	1.218010E+4	0.000000E+0	0.000000E+0
6.622733E+3	-1.503800E-4	1.218020E+4	0.000000E+0	0.000000E+0
6.626732E+3	-1.503700E-4	1.218010E+4	0.000000E+0	0.000000E+0
6.630738E+3	-1.503700E-4	1.218020E+4	0.000000E+0	0.000000E+0
6.634708E+3	-1.503500E-4	1.218010E+4	0.000000E+0	0.000000E+0
6.638748E+3	-1.503600E-4	1.218020E+4	0.000000E+0	0.000000E+0
6.642733E+3	-1.503600E-4	1.218020E+4	0.000000E+0	0.000000E+0
6.646730E+3	-1.503800E-4	1.218020E+4	0.000000E+0	0.000000E+0
6.650730E+3	-1.503700E-4	1.218030E+4	0.000000E+0	0.000000E+0
6.654732E+3	-1.503800E-4	1.218030E+4	0.000000E+0	0.000000E+0
6.658733E+3	-1.503400E-4	1.218030E+4	0.000000E+0	0.000000E+0
6.662734E+3	-1.503400E-4	1.218040E+4	0.000000E+0	0.000000E+0
6.666734E+3	-1.503500E-4	1.218030E+4	0.000000E+0	0.000000E+0
6.670708E+3	-1.503800E-4	1.218040E+4	0.000000E+0	0.000000E+0
6.674746E+3	-1.503500E-4	1.218030E+4	0.000000E+0	0.000000E+0
6.678735E+3	-1.503800E-4	1.218030E+4	0.000000E+0	0.000000E+0
6.682734E+3	-1.504100E-4	1.218040E+4	0.000000E+0	0.000000E+0
6.686735E+3	-1.503800E-4	1.218030E+4	0.000000E+0	0.000000E+0
6.690714E+3	-1.504000E-4	1.218040E+4	0.000000E+0	0.000000E+0
6.694733E+3	-1.504100E-4	1.218030E+4	0.000000E+0	0.000000E+0
6.698710E+3	-1.503800E-4	1.218050E+4	0.000000E+0	0.000000E+0
6.702754E+3	-1.504100E-4	1.218030E+4	0.000000E+0	0.000000E+0
6.706713E+3	-1.504100E-4	1.218030E+4	0.000000E+0	0.000000E+0
6.710747E+3	-1.503900E-4	1.218040E+4	0.000000E+0	0.000000E+0
6.714735E+3	-1.504100E-4	1.218040E+4	0.000000E+0	0.000000E+0
6.718708E+3	-1.504100E-4	1.218040E+4	0.000000E+0	0.000000E+0
6.722746E+3	-1.503800E-4	1.218040E+4	0.000000E+0	0.000000E+0
6.726733E+3	-1.503500E-4	1.218040E+4	0.000000E+0	0.000000E+0
6.730731E+3	-1.503500E-4	1.218030E+4	0.000000E+0	0.000000E+0
6.734732E+3	-1.504000E-4	1.218040E+4	0.000000E+0	0.000000E+0
6.738730E+3	-1.503900E-4	1.218040E+4	0.000000E+0	0.000000E+0
6.742732E+3	-1.503800E-4	1.218040E+4	0.000000E+0	0.000000E+0
6.746732E+3	-1.503500E-4	1.218050E+4	0.000000E+0	0.000000E+0
6.750730E+3	-1.503600E-4	1.218040E+4	0.000000E+0	0.000000E+0
6.754733E+3	-1.503200E-4	1.218050E+4	0.000000E+0	0.000000E+0
6.758732E+3	-1.502900E-4	1.218060E+4	0.000000E+0	0.000000E+0
6.762730E+3	-1.503400E-4	1.218070E+4	0.000000E+0	0.000000E+0
6.766733E+3	-1.503300E-4	1.218070E+4	0.000000E+0	0.000000E+0
6.770734E+3	-1.503300E-4	1.218070E+4	0.000000E+0	0.000000E+0
6.774731E+3	-1.503600E-4	1.218080E+4	0.000000E+0	0.000000E+0
6.778731E+3	-1.503300E-4	1.218070E+4	0.000000E+0	0.000000E+0
6.782737E+3	-1.503300E-4	1.218080E+4	0.000000E+0	0.000000E+0
6.786713E+3	-1.503200E-4	1.218080E+4	0.000000E+0	0.000000E+0
6.790749E+3	-1.503300E-4	1.218080E+4	0.000000E+0	0.000000E+0
6.794735E+3	-1.503300E-4	1.218080E+4	0.000000E+0	0.000000E+0
6.798710E+3	-1.503600E-4	1.218080E+4	0.000000E+0	0.000000E+0
6.802744E+3	-1.503500E-4	1.218080E+4	0.000000E+0	0.000000E+0
6.806732E+3	-1.503500E-4	1.218080E+4	0.000000E+0	0.000000E+0
6.810737E+3	-1.503600E-4	1.218080E+4	0.000000E+0	0.000000E+0
6.814736E+3	-1.503900E-4	1.218080E+4	0.000000E+0	0.000000E+0
6.818733E+3	-1.503600E-4	1.218080E+4	0.000000E+0	0.000000E+0
6.822732E+3	-1.503600E-4	1.218070E+4	0.000000E+0	0.000000E+0
6.826732E+3	-1.503500E-4	1.218080E+4	0.000000E+0	0.000000E+0
6.830734E+3	-1.503300E-4	1.218080E+4	0.000000E+0	0.000000E+0
6.834709E+3	-1.503500E-4	1.218080E+4	0.000000E+0	0.000000E+0
6.838747E+3	-1.503900E-4	1.218100E+4	0.000000E+0	0.000000E+0
6.842736E+3	-1.503700E-4	1.218100E+4	0.000000E+0	0.000000E+0
6.846711E+3	-1.503800E-4	1.218090E+4	0.000000E+0	0.000000E+0
6.850745E+3	-1.503600E-4	1.218100E+4	0.000000E+0	0.000000E+0
6.854734E+3	-1.504000E-4	1.218100E+4	0.000000E+0	0.000000E+0
6.858733E+3	-1.503600E-4	1.218100E+4	0.000000E+0	0.000000E+0
6.862731E+3	-1.503900E-4	1.218090E+4	0.000000E+0	0.000000E+0
6.866730E+3	-1.504000E-4	1.218080E+4	0.000000E+0	0.000000E+0
6.870733E+3	-1.503800E-4	1.218090E+4	0.000000E+0	0.000000E+0
6.874733E+3	-1.503600E-4	1.218100E+4	0.000000E+0	0.000000E+0
6.878729E+3	-1.503800E-4	1.218100E+4	0.000000E+0	0.000000E+0
6.882730E+3	-1.503500E-4	1.218100E+4	0.000000E+0	0.000000E+0
6.886733E+3	-1.503500E-4	1.218100E+4	0.000000E+0	0.000000E+0
6.890733E+3	-1.503400E-4	1.218100E+4	0.000000E+0	0.000000E+0
6.894731E+3	-1.503800E-4	1.218120E+4	0.000000E+0	0.000000E+0
6.898733E+3	-1.503900E-4	1.218120E+4	0.000000E+0	0.000000E+0
6.902732E+3	-1.503600E-4	1.218120E+4	0.000000E+0	0.000000E+0
6.906731E+3	-1.503900E-4	1.218130E+4	0.000000E+0	0.000000E+0
6.910732E+3	-1.503700E-4	1.218130E+4	0.000000E+0	0.000000E+0
6.914733E+3	-1.503700E-4	1.218130E+4	0.000000E+0	0.000000E+0
6.918732E+3	-1.503700E-4	1.218130E+4	0.000000E+0	0.000000E+0
6.922733E+3	-1.503600E-4	1.218140E+4	0.000000E+0	0.000000E+0
6.926733E+3	-1.503600E-4	1.218130E+4	0.000000E+0	0.000000E+0
6.930714E+3	-1.503500E-4	1.218130E+4	0.000000E+0	0.000000E+0
6.934748E+3	-1.503500E-4	1.218130E+4	0.000000E+0	0.000000E+0
6.938736E+3	-1.503600E-4	1.218140E+4	0.000000E+0	0.000000E+0
6.942710E+3	-1.503900E-4	1.218140E+4	0.000000E+0	0.000000E+0
6.946746E+3	-1.503400E-4	1.218140E+4	0.000000E+0	0.000000E+0
6.950733E+3	-1.503500E-4	1.218140E+4	0.000000E+0	0.000000E+0
6.954733E+3	-1.503300E-4	1.218140E+4	0.000000E+0	0.000000E+0
6.958733E+3	-1.503200E-4	1.218140E+4	0.000000E+0	0.000000E+0
6.962730E+3	-1.503300E-4	1.218140E+4	0.000000E+0	0.000000E+0
6.966733E+3	-1.503400E-4	1.218140E+4	0.000000E+0	0.000000E+0
6.970731E+3	-1.503400E-4	1.218130E+4	0.000000E+0	0.000000E+0
6.974738E+3	-1.503400E-4	1.218140E+4	0.000000E+0	0.000000E+0
6.978713E+3	-1.503300E-4	1.218140E+4	0.000000E+0	0.000000E+0
6.982746E+3	-1.503200E-4	1.218140E+4	0.000000E+0	0.000000E+0
6.986733E+3	-1.503300E-4	1.218140E+4	0.000000E+0	0.000000E+0
6.990708E+3	-1.503200E-4	1.218130E+4	0.000000E+0	0.000000E+0
6.994744E+3	-1.503100E-4	1.218130E+4	0.000000E+0	0.000000E+0
6.998733E+3	-1.503300E-4	1.218130E+4	0.000000E+0	0.000000E+0
7.002735E+3	-1.503400E-4	1.218140E+4	0.000000E+0	0.000000E+0
7.006705E+3	-1.503400E-4	1.218130E+4	0.000000E+0	0.000000E+0
7.010749E+3	-1.503200E-4	1.218130E+4	0.000000E+0	0.000000E+0
7.014732E+3	-1.503200E-4	1.218130E+4	0.000000E+0	0.000000E+0
7.018736E+3	-1.503500E-4	1.218130E+4	0.000000E+0	0.000000E+0
7.022711E+3	-1.503400E-4	1.218130E+4	0.000000E+0	0.000000E+0
7.026745E+3	-1.503700E-4	1.218120E+4	0.000000E+0	0.000000E+0
7.030732E+3	-1.503900E-4	1.218130E+4	0.000000E+0	0.000000E+0
7.034733E+3	-1.504100E-4	1.218130E+4	0.000000E+0	0.000000E+0
7.038733E+3	-1.504000E-4	1.218140E+4	0.000000E+0	0.000000E+0
7.042732E+3	-1.503900E-4	1.218140E+4	0.000000E+0	0.000000E+0
7.046733E+3	-1.504000E-4	1.218130E+4	0.000000E+0	0.000000E+0
7.050733E+3	-1.503600E-4	1.218130E+4	0.000000E+0	0.000000E+0
7.054733E+3	-1.504100E-4	1.218140E+4	0.000000E+0	0.000000E+0
7.058733E+3	-1.503900E-4	1.218130E+4	0.000000E+0	0.000000E+0
7.062733E+3	-1.503800E-4	1.218130E+4	0.000000E+0	0.000000E+0
7.066735E+3	-1.503800E-4	1.218130E+4	0.000000E+0	0.000000E+0
7.070735E+3	-1.503800E-4	1.218130E+4	0.000000E+0	0.000000E+0
7.074712E+3	-1.503300E-4	1.218130E+4	0.000000E+0	0.000000E+0
7.078751E+3	-1.503600E-4	1.218130E+4	0.000000E+0	0.000000E+0
7.082736E+3	-1.503500E-4	1.218130E+4	0.000000E+0	0.000000E+0
7.086711E+3	-1.503500E-4	1.218130E+4	0.000000E+0	0.000000E+0
7.090747E+3	-1.503500E-4	1.218130E+4	0.000000E+0	0.000000E+0
7.094733E+3	-1.503700E-4	1.218130E+4	0.000000E+0	0.000000E+0
7.098729E+3	-1.503800E-4	1.218130E+4	0.000000E+0	0.000000E+0
7.102727E+3	-1.503500E-4	1.218130E+4	0.000000E+0	0.000000E+0
7.106727E+3	-1.503500E-4	1.218130E+4	0.000000E+0	0.000000E+0
7.110733E+3	-1.503800E-4	1.218130E+4	0.000000E+0	0.000000E+0
7.114732E+3	-1.503800E-4	1.218130E+4	0.000000E+0	0.000000E+0
7.118737E+3	-1.503800E-4	1.218140E+4	0.000000E+0	0.000000E+0
7.122713E+3	-1.503700E-4	1.218140E+4	0.000000E+0	0.000000E+0
7.126748E+3	-1.503800E-4	1.218150E+4	0.000000E+0	0.000000E+0
7.130734E+3	-1.503800E-4	1.218140E+4	0.000000E+0	0.000000E+0
7.134710E+3	-1.503500E-4	1.218140E+4	0.000000E+0	0.000000E+0
7.138748E+3	-1.503700E-4	1.218140E+4	0.000000E+0	0.000000E+0
7.142735E+3	-1.504000E-4	1.218150E+4	0.000000E+0	0.000000E+0
7.146715E+3	-1.503800E-4	1.218150E+4	0.000000E+0	0.000000E+0
7.150735E+3	-1.503900E-4	1.218150E+4	0.000000E+0	0.000000E+0
7.154734E+3	-1.503600E-4	1.218160E+4	0.000000E+0	0.000000E+0
7.158723E+3	-1.503800E-4	1.218150E+4	0.000000E+0	0.000000E+0
7.162733E+3	-1.503700E-4	1.218150E+4	0.000000E+0	0.000000E+0
7.166738E+3	-1.503700E-4	1.218140E+4	0.000000E+0	0.000000E+0
7.170715E+3	-1.503700E-4	1.218140E+4	0.000000E+0	0.000000E+0
7.174754E+3	-1.503700E-4	1.218140E+4	0.000000E+0	0.000000E+0
7.178710E+3	-1.503800E-4	1.218140E+4	0.000000E+0	0.000000E+0
7.182744E+3	-1.503900E-4	1.218140E+4	0.000000E+0	0.000000E+0
7.186735E+3	-1.504100E-4	1.218140E+4	0.000000E+0	0.000000E+0
7.190738E+3	-1.503900E-4	1.218140E+4	0.000000E+0	0.000000E+0
7.194711E+3	-1.503800E-4	1.218140E+4	0.000000E+0	0.000000E+0
7.198742E+3	-1.503800E-4	1.218140E+4	0.000000E+0	0.000000E+0
7.202729E+3	-1.503700E-4	1.218140E+4	0.000000E+0	0.000000E+0
7.206729E+3	-1.503300E-4	1.218140E+4	0.000000E+0	0.000000E+0
7.210732E+3	-1.503500E-4	1.218150E+4	0.000000E+0	0.000000E+0
7.214731E+3	-1.503700E-4	1.218150E+4	0.000000E+0	0.000000E+0
7.218737E+3	-1.503700E-4	1.218140E+4	0.000000E+0	0.000000E+0
7.222736E+3	-1.503600E-4	1.218150E+4	0.000000E+0	0.000000E+0
7.226734E+3	-1.503600E-4	1.218140E+4	0.000000E+0	0.000000E+0
7.230708E+3	-1.503200E-4	1.218150E+4	0.000000E+0	0.000000E+0
7.234747E+3	-1.503200E-4	1.218150E+4	0.000000E+0	0.000000E+0
7.238737E+3	-1.502600E-4	1.218140E+4	0.000000E+0	0.000000E+0
7.242733E+3	-1.502900E-4	1.218140E+4	0.000000E+0	0.000000E+0
7.246734E+3	-1.502600E-4	1.218140E+4	0.000000E+0	0.000000E+0
7.250711E+3	-1.503100E-4	1.218140E+4	0.000000E+0	0.000000E+0
7.254750E+3	-1.502900E-4	1.218140E+4	0.000000E+0	0.000000E+0
7.258740E+3	-1.503400E-4	1.218130E+4	0.000000E+0	0.000000E+0
7.262710E+3	-1.503100E-4	1.218130E+4	0.000000E+0	0.000000E+0
7.266746E+3	-1.502900E-4	1.218130E+4	0.000000E+0	0.000000E+0
7.270733E+3	-1.502900E-4	1.218120E+4	0.000000E+0	0.000000E+0
7.274731E+3	-1.502800E-4	1.218130E+4	0.000000E+0	0.000000E+0
7.278731E+3	-1.502600E-4	1.218130E+4	0.000000E+0	0.000000E+0
7.282729E+3	-1.503000E-4	1.218130E+4	0.000000E+0	0.000000E+0
7.286732E+3	-1.502800E-4	1.218120E+4	0.000000E+0	0.000000E+0
7.290731E+3	-1.502800E-4	1.218120E+4	0.000000E+0	0.000000E+0
