
Medición hecha el 2026-06-23  02:25 p.m.

Medición de corriente y tensión en el tiempo con posibilidad de inyectar corriente.
Tiempo	Corriente	Tensión
8.307900E+1	-2.002700E-4	1.307480E+4	0.000000E+0	0.000000E+0
8.707900E+1	-2.002700E-4	1.307470E+4	0.000000E+0	0.000000E+0
9.108000E+1	-2.003000E-4	1.307460E+4	0.000000E+0	0.000000E+0
9.508300E+1	-2.002800E-4	1.307470E+4	0.000000E+0	0.000000E+0
9.908200E+1	-2.003000E-4	1.307500E+4	0.000000E+0	0.000000E+0
1.030780E+2	-2.002900E-4	1.307520E+4	0.000000E+0	0.000000E+0
1.070780E+2	-2.002900E-4	1.307550E+4	0.000000E+0	0.000000E+0
1.110770E+2	-2.002800E-4	1.307570E+4	0.000000E+0	0.000000E+0
1.150780E+2	-2.003000E-4	1.307580E+4	0.000000E+0	0.000000E+0
1.190780E+2	-2.002700E-4	1.307590E+4	0.000000E+0	0.000000E+0
1.230780E+2	-2.002600E-4	1.307600E+4	0.000000E+0	0.000000E+0
1.270760E+2	-2.002700E-4	1.307600E+4	0.000000E+0	0.000000E+0
1.311260E+2	-2.002700E-4	1.307590E+4	0.000000E+0	0.000000E+0
1.350790E+2	-2.002600E-4	1.307590E+4	0.000000E+0	0.000000E+0
1.390790E+2	-2.002700E-4	1.307600E+4	0.000000E+0	0.000000E+0
1.430780E+2	-2.002700E-4	1.307610E+4	0.000000E+0	0.000000E+0
1.470780E+2	-2.003000E-4	1.307610E+4	0.000000E+0	0.000000E+0
1.510830E+2	-2.002800E-4	1.307600E+4	0.000000E+0	0.000000E+0
1.550810E+2	-2.003100E-4	1.307590E+4	0.000000E+0	0.000000E+0
1.590770E+2	-2.002900E-4	1.307590E+4	0.000000E+0	0.000000E+0
1.630770E+2	-2.002700E-4	1.307570E+4	0.000000E+0	0.000000E+0
1.670930E+2	-2.002700E-4	1.307560E+4	0.000000E+0	0.000000E+0
1.710880E+2	-2.002700E-4	1.307540E+4	0.000000E+0	0.000000E+0
1.750620E+2	-2.002800E-4	1.307520E+4	0.000000E+0	0.000000E+0
1.790980E+2	-2.002800E-4	1.307510E+4	0.000000E+0	0.000000E+0
1.830580E+2	-2.002900E-4	1.307460E+4	0.000000E+0	0.000000E+0
1.871090E+2	-2.003100E-4	1.307430E+4	0.000000E+0	0.000000E+0
1.910640E+2	-2.003300E-4	1.307410E+4	0.000000E+0	0.000000E+0
1.950970E+2	-2.003200E-4	1.307390E+4	0.000000E+0	0.000000E+0
1.990540E+2	-2.003200E-4	1.307380E+4	0.000000E+0	0.000000E+0
2.030960E+2	-2.003200E-4	1.307370E+4	0.000000E+0	0.000000E+0
2.070790E+2	-2.003200E-4	1.307350E+4	0.000000E+0	0.000000E+0
2.110780E+2	-2.003100E-4	1.307330E+4	0.000000E+0	0.000000E+0
2.150800E+2	-2.003200E-4	1.307310E+4	0.000000E+0	0.000000E+0
2.190790E+2	-2.003200E-4	1.307300E+4	0.000000E+0	0.000000E+0
2.230990E+2	-2.003200E-4	1.307300E+4	0.000000E+0	0.000000E+0
2.270570E+2	-2.003000E-4	1.307280E+4	0.000000E+0	0.000000E+0
2.310960E+2	-2.003400E-4	1.307240E+4	0.000000E+0	0.000000E+0
2.350810E+2	-2.003200E-4	1.307200E+4	0.000000E+0	0.000000E+0
2.391270E+2	-2.003100E-4	1.307170E+4	0.000000E+0	0.000000E+0
2.430590E+2	-2.003400E-4	1.307140E+4	0.000000E+0	0.000000E+0
2.470960E+2	-2.002900E-4	1.307120E+4	0.000000E+0	0.000000E+0
2.510820E+2	-2.003300E-4	1.307080E+4	0.000000E+0	0.000000E+0
2.550800E+2	-2.003200E-4	1.307020E+4	0.000000E+0	0.000000E+0
2.590910E+2	-2.003500E-4	1.307010E+4	0.000000E+0	0.000000E+0
2.630600E+2	-2.003400E-4	1.306990E+4	0.000000E+0	0.000000E+0
2.670970E+2	-2.003200E-4	1.306990E+4	0.000000E+0	0.000000E+0
2.710850E+2	-2.002900E-4	1.306980E+4	0.000000E+0	0.000000E+0
2.750600E+2	-2.003200E-4	1.306950E+4	0.000000E+0	0.000000E+0
2.790880E+2	-2.003200E-4	1.306930E+4	0.000000E+0	0.000000E+0
2.830770E+2	-2.003600E-4	1.306900E+4	0.000000E+0	0.000000E+0
2.870800E+2	-2.003300E-4	1.306880E+4	0.000000E+0	0.000000E+0
2.910810E+2	-2.003300E-4	1.306840E+4	0.000000E+0	0.000000E+0
2.950780E+2	-2.003100E-4	1.306800E+4	0.000000E+0	0.000000E+0
2.990820E+2	-2.003000E-4	1.306760E+4	0.000000E+0	0.000000E+0
3.030820E+2	-2.003000E-4	1.306750E+4	0.000000E+0	0.000000E+0
3.070810E+2	-2.003300E-4	1.306760E+4	0.000000E+0	0.000000E+0
3.110800E+2	-2.003300E-4	1.306740E+4	0.000000E+0	0.000000E+0
3.150790E+2	-2.002900E-4	1.306730E+4	0.000000E+0	0.000000E+0
3.192030E+2	-2.002900E-4	1.306700E+4	0.000000E+0	0.000000E+0
3.230820E+2	-2.002800E-4	1.306680E+4	0.000000E+0	0.000000E+0
3.270790E+2	-2.002900E-4	1.306650E+4	0.000000E+0	0.000000E+0
3.311380E+2	-2.002200E-4	1.306610E+4	0.000000E+0	0.000000E+0
3.350580E+2	-2.002400E-4	1.306570E+4	0.000000E+0	0.000000E+0
3.390930E+2	-2.002200E-4	1.306530E+4	0.000000E+0	0.000000E+0
3.430790E+2	-2.002400E-4	1.306490E+4	0.000000E+0	0.000000E+0
3.470870E+2	-2.002400E-4	1.306480E+4	0.000000E+0	0.000000E+0
3.510580E+2	-2.002100E-4	1.306470E+4	0.000000E+0	0.000000E+0
3.550900E+2	-2.002200E-4	1.306440E+4	0.000000E+0	0.000000E+0
3.590800E+2	-2.002300E-4	1.306420E+4	0.000000E+0	0.000000E+0
3.630810E+2	-2.002200E-4	1.306390E+4	0.000000E+0	0.000000E+0
3.670840E+2	-2.002000E-4	1.306370E+4	0.000000E+0	0.000000E+0
3.710750E+2	-2.002200E-4	1.306320E+4	0.000000E+0	0.000000E+0
3.750780E+2	-2.001900E-4	1.306290E+4	0.000000E+0	0.000000E+0
3.790770E+2	-2.002400E-4	1.306280E+4	0.000000E+0	0.000000E+0
3.831360E+2	-2.002000E-4	1.306290E+4	0.000000E+0	0.000000E+0
3.870770E+2	-2.002200E-4	1.306300E+4	0.000000E+0	0.000000E+0
3.910780E+2	-2.002400E-4	1.306290E+4	0.000000E+0	0.000000E+0
3.950810E+2	-2.002500E-4	1.306270E+4	0.000000E+0	0.000000E+0
3.990810E+2	-2.002100E-4	1.306230E+4	0.000000E+0	0.000000E+0
4.030810E+2	-2.002100E-4	1.306190E+4	0.000000E+0	0.000000E+0
4.070820E+2	-2.002300E-4	1.306150E+4	0.000000E+0	0.000000E+0
4.110830E+2	-2.002300E-4	1.306140E+4	0.000000E+0	0.000000E+0
4.150780E+2	-2.002400E-4	1.306120E+4	0.000000E+0	0.000000E+0
4.190820E+2	-2.002200E-4	1.306110E+4	0.000000E+0	0.000000E+0
4.230760E+2	-2.002300E-4	1.306090E+4	0.000000E+0	0.000000E+0
4.270790E+2	-2.002400E-4	1.306090E+4	0.000000E+0	0.000000E+0
4.310790E+2	-2.002300E-4	1.306080E+4	0.000000E+0	0.000000E+0
4.350790E+2	-2.002500E-4	1.306060E+4	0.000000E+0	0.000000E+0
4.390770E+2	-2.002400E-4	1.306050E+4	0.000000E+0	0.000000E+0
4.430820E+2	-2.002100E-4	1.306020E+4	0.000000E+0	0.000000E+0
4.470840E+2	-2.002400E-4	1.306000E+4	0.000000E+0	0.000000E+0
4.510590E+2	-2.002800E-4	1.305980E+4	0.000000E+0	0.000000E+0
4.551130E+2	-2.002400E-4	1.305950E+4	0.000000E+0	0.000000E+0
4.590780E+2	-2.002600E-4	1.305910E+4	0.000000E+0	0.000000E+0
4.630810E+2	-2.002500E-4	1.305880E+4	0.000000E+0	0.000000E+0
4.670800E+2	-2.002800E-4	1.305840E+4	0.000000E+0	0.000000E+0
4.710780E+2	-2.002800E-4	1.305810E+4	0.000000E+0	0.000000E+0
4.750820E+2	-2.002600E-4	1.305750E+4	0.000000E+0	0.000000E+0
4.790530E+2	-2.002700E-4	1.305690E+4	0.000000E+0	0.000000E+0
4.830910E+2	-2.002200E-4	1.305660E+4	0.000000E+0	0.000000E+0
4.870790E+2	-2.002300E-4	1.305610E+4	0.000000E+0	0.000000E+0
4.910810E+2	-2.002400E-4	1.305580E+4	0.000000E+0	0.000000E+0
4.950810E+2	-2.002400E-4	1.305540E+4	0.000000E+0	0.000000E+0
4.990780E+2	-2.002600E-4	1.305490E+4	0.000000E+0	0.000000E+0
5.030810E+2	-2.002300E-4	1.305460E+4	0.000000E+0	0.000000E+0
5.070820E+2	-2.002400E-4	1.305430E+4	0.000000E+0	0.000000E+0
5.110870E+2	-2.002500E-4	1.305410E+4	0.000000E+0	0.000000E+0
5.150580E+2	-2.002600E-4	1.305400E+4	0.000000E+0	0.000000E+0
5.190970E+2	-2.002500E-4	1.305390E+4	0.000000E+0	0.000000E+0
5.230820E+2	-2.002600E-4	1.305360E+4	0.000000E+0	0.000000E+0
5.271280E+2	-2.002900E-4	1.305350E+4	0.000000E+0	0.000000E+0
5.310790E+2	-2.002900E-4	1.305320E+4	0.000000E+0	0.000000E+0
5.350790E+2	-2.002800E-4	1.305290E+4	0.000000E+0	0.000000E+0
5.390840E+2	-2.002700E-4	1.305270E+4	0.000000E+0	0.000000E+0
5.430780E+2	-2.002800E-4	1.305240E+4	0.000000E+0	0.000000E+0
5.471060E+2	-2.002700E-4	1.305220E+4	0.000000E+0	0.000000E+0
5.510590E+2	-2.002800E-4	1.305190E+4	0.000000E+0	0.000000E+0
5.551000E+2	-2.002600E-4	1.305160E+4	0.000000E+0	0.000000E+0
5.590570E+2	-2.002700E-4	1.305150E+4	0.000000E+0	0.000000E+0
5.631110E+2	-2.002600E-4	1.305150E+4	0.000000E+0	0.000000E+0
5.670810E+2	-2.002500E-4	1.305130E+4	0.000000E+0	0.000000E+0
5.710800E+2	-2.002500E-4	1.305120E+4	0.000000E+0	0.000000E+0
5.750830E+2	-2.002500E-4	1.305110E+4	0.000000E+0	0.000000E+0
5.790800E+2	-2.002500E-4	1.305080E+4	0.000000E+0	0.000000E+0
5.830760E+2	-2.002600E-4	1.305080E+4	0.000000E+0	0.000000E+0
5.870800E+2	-2.003000E-4	1.305060E+4	0.000000E+0	0.000000E+0
5.910840E+2	-2.002900E-4	1.305030E+4	0.000000E+0	0.000000E+0
5.950580E+2	-2.002900E-4	1.305000E+4	0.000000E+0	0.000000E+0
5.990970E+2	-2.003100E-4	1.304950E+4	0.000000E+0	0.000000E+0
6.030820E+2	-2.002800E-4	1.304910E+4	0.000000E+0	0.000000E+0
6.070770E+2	-2.003000E-4	1.304860E+4	0.000000E+0	0.000000E+0
6.110740E+2	-2.002800E-4	1.304830E+4	0.000000E+0	0.000000E+0
6.150790E+2	-2.002700E-4	1.304780E+4	0.000000E+0	0.000000E+0
6.190910E+2	-2.002800E-4	1.304760E+4	0.000000E+0	0.000000E+0
6.230560E+2	-2.002900E-4	1.304740E+4	0.000000E+0	0.000000E+0
6.270950E+2	-2.002700E-4	1.304720E+4	0.000000E+0	0.000000E+0
6.310700E+2	-2.002900E-4	1.304720E+4	0.000000E+0	0.000000E+0
6.351380E+2	-2.002800E-4	1.304720E+4	0.000000E+0	0.000000E+0
6.390810E+2	-2.003000E-4	1.304710E+4	0.000000E+0	0.000000E+0
6.430590E+2	-2.003200E-4	1.304690E+4	0.000000E+0	0.000000E+0
6.470930E+2	-2.003000E-4	1.304670E+4	0.000000E+0	0.000000E+0
6.510800E+2	-2.003000E-4	1.304670E+4	0.000000E+0	0.000000E+0
6.550780E+2	-2.003100E-4	1.304690E+4	0.000000E+0	0.000000E+0
6.590760E+2	-2.003100E-4	1.304710E+4	0.000000E+0	0.000000E+0
6.630760E+2	-2.003200E-4	1.304730E+4	0.000000E+0	0.000000E+0
6.670780E+2	-2.003100E-4	1.304720E+4	0.000000E+0	0.000000E+0
6.710870E+2	-2.003100E-4	1.304710E+4	0.000000E+0	0.000000E+0
6.750570E+2	-2.003000E-4	1.304690E+4	0.000000E+0	0.000000E+0
6.790960E+2	-2.002900E-4	1.304670E+4	0.000000E+0	0.000000E+0
6.830790E+2	-2.002800E-4	1.304660E+4	0.000000E+0	0.000000E+0
6.870840E+2	-2.003000E-4	1.304650E+4	0.000000E+0	0.000000E+0
6.910600E+2	-2.002800E-4	1.304640E+4	0.000000E+0	0.000000E+0
6.950950E+2	-2.003000E-4	1.304640E+4	0.000000E+0	0.000000E+0
6.990820E+2	-2.003100E-4	1.304650E+4	0.000000E+0	0.000000E+0
7.030830E+2	-2.002600E-4	1.304650E+4	0.000000E+0	0.000000E+0
7.070600E+2	-2.002900E-4	1.304630E+4	0.000000E+0	0.000000E+0
7.110950E+2	-2.003000E-4	1.304620E+4	0.000000E+0	0.000000E+0
7.150810E+2	-2.002800E-4	1.304600E+4	0.000000E+0	0.000000E+0
7.190820E+2	-2.002800E-4	1.304590E+4	0.000000E+0	0.000000E+0
7.230770E+2	-2.002800E-4	1.304600E+4	0.000000E+0	0.000000E+0
7.271090E+2	-2.003000E-4	1.304590E+4	0.000000E+0	0.000000E+0
7.310570E+2	-2.002800E-4	1.304580E+4	0.000000E+0	0.000000E+0
7.350970E+2	-2.002800E-4	1.304540E+4	0.000000E+0	0.000000E+0
7.390860E+2	-2.002700E-4	1.304540E+4	0.000000E+0	0.000000E+0
7.430750E+2	-2.002700E-4	1.304530E+4	0.000000E+0	0.000000E+0
7.470770E+2	-2.002300E-4	1.304500E+4	0.000000E+0	0.000000E+0
7.510810E+2	-2.003100E-4	1.304460E+4	0.000000E+0	0.000000E+0
7.550810E+2	-2.003200E-4	1.304450E+4	0.000000E+0	0.000000E+0
7.590840E+2	-2.003400E-4	1.304430E+4	0.000000E+0	0.000000E+0
7.630570E+2	-2.003200E-4	1.304410E+4	0.000000E+0	0.000000E+0
7.670940E+2	-2.003300E-4	1.304400E+4	0.000000E+0	0.000000E+0
7.710830E+2	-2.003200E-4	1.304390E+4	0.000000E+0	0.000000E+0
7.750800E+2	-2.003200E-4	1.304360E+4	0.000000E+0	0.000000E+0
7.790920E+2	-2.003000E-4	1.304310E+4	0.000000E+0	0.000000E+0
7.830820E+2	-2.003300E-4	1.304280E+4	0.000000E+0	0.000000E+0
7.870790E+2	-2.003000E-4	1.304260E+4	0.000000E+0	0.000000E+0
7.910820E+2	-2.002800E-4	1.304260E+4	0.000000E+0	0.000000E+0
7.950820E+2	-2.002900E-4	1.304270E+4	0.000000E+0	0.000000E+0
7.990590E+2	-2.002700E-4	1.304260E+4	0.000000E+0	0.000000E+0
8.030960E+2	-2.002500E-4	1.304250E+4	0.000000E+0	0.000000E+0
8.070820E+2	-2.002500E-4	1.304240E+4	0.000000E+0	0.000000E+0
8.110540E+2	-2.002600E-4	1.304210E+4	0.000000E+0	0.000000E+0
8.150970E+2	-2.002800E-4	1.304220E+4	0.000000E+0	0.000000E+0
8.190780E+2	-2.002300E-4	1.304200E+4	0.000000E+0	0.000000E+0
8.230780E+2	-2.002600E-4	1.304160E+4	0.000000E+0	0.000000E+0
8.270800E+2	-2.002500E-4	1.304120E+4	0.000000E+0	0.000000E+0
8.310780E+2	-2.002500E-4	1.304100E+4	0.000000E+0	0.000000E+0
8.351180E+2	-2.002700E-4	1.304080E+4	0.000000E+0	0.000000E+0
8.390540E+2	-2.003000E-4	1.304070E+4	0.000000E+0	0.000000E+0
8.430990E+2	-2.003100E-4	1.304070E+4	0.000000E+0	0.000000E+0
8.470860E+2	-2.002900E-4	1.304040E+4	0.000000E+0	0.000000E+0
8.510630E+2	-2.002500E-4	1.303990E+4	0.000000E+0	0.000000E+0
8.550930E+2	-2.002400E-4	1.303960E+4	0.000000E+0	0.000000E+0
8.590840E+2	-2.002700E-4	1.303940E+4	0.000000E+0	0.000000E+0
8.630600E+2	-2.002400E-4	1.303920E+4	0.000000E+0	0.000000E+0
8.670940E+2	-2.002400E-4	1.303930E+4	0.000000E+0	0.000000E+0
8.710940E+2	-2.002700E-4	1.303920E+4	0.000000E+0	0.000000E+0
8.750610E+2	-2.002300E-4	1.303920E+4	0.000000E+0	0.000000E+0
8.791040E+2	-2.002500E-4	1.303910E+4	0.000000E+0	0.000000E+0
8.830630E+2	-2.002700E-4	1.303910E+4	0.000000E+0	0.000000E+0
8.871280E+2	-2.002800E-4	1.303890E+4	0.000000E+0	0.000000E+0
8.910580E+2	-2.002800E-4	1.303880E+4	0.000000E+0	0.000000E+0
8.950930E+2	-2.003200E-4	1.303870E+4	0.000000E+0	0.000000E+0
8.990800E+2	-2.002700E-4	1.303860E+4	0.000000E+0	0.000000E+0
9.030860E+2	-2.002700E-4	1.303840E+4	0.000000E+0	0.000000E+0
9.070860E+2	-2.002700E-4	1.303830E+4	0.000000E+0	0.000000E+0
9.110560E+2	-2.002500E-4	1.303800E+4	0.000000E+0	0.000000E+0
9.151060E+2	-2.002800E-4	1.303790E+4	0.000000E+0	0.000000E+0
9.190570E+2	-2.002900E-4	1.303780E+4	0.000000E+0	0.000000E+0
9.231050E+2	-2.002600E-4	1.303750E+4	0.000000E+0	0.000000E+0
9.270780E+2	-2.002800E-4	1.303730E+4	0.000000E+0	0.000000E+0
9.310830E+2	-2.002400E-4	1.303720E+4	0.000000E+0	0.000000E+0
9.350860E+2	-2.002400E-4	1.303710E+4	0.000000E+0	0.000000E+0
9.390550E+2	-2.002600E-4	1.303730E+4	0.000000E+0	0.000000E+0
9.430930E+2	-2.002900E-4	1.303730E+4	0.000000E+0	0.000000E+0
9.470820E+2	-2.002600E-4	1.303700E+4	0.000000E+0	0.000000E+0
9.510860E+2	-2.002300E-4	1.303690E+4	0.000000E+0	0.000000E+0
9.550580E+2	-2.003000E-4	1.303670E+4	0.000000E+0	0.000000E+0
9.591150E+2	-2.003000E-4	1.303620E+4	0.000000E+0	0.000000E+0
9.630840E+2	-2.002600E-4	1.303580E+4	0.000000E+0	0.000000E+0
9.670580E+2	-2.003100E-4	1.303550E+4	0.000000E+0	0.000000E+0
9.710920E+2	-2.003000E-4	1.303550E+4	0.000000E+0	0.000000E+0
9.750800E+2	-2.002800E-4	1.303530E+4	0.000000E+0	0.000000E+0
9.790850E+2	-2.002500E-4	1.303520E+4	0.000000E+0	0.000000E+0
9.830800E+2	-2.002700E-4	1.303510E+4	0.000000E+0	0.000000E+0
9.871080E+2	-2.002700E-4	1.303510E+4	0.000000E+0	0.000000E+0
9.910700E+2	-2.002700E-4	1.303480E+4	0.000000E+0	0.000000E+0
9.951060E+2	-2.002500E-4	1.303460E+4	0.000000E+0	0.000000E+0
9.990780E+2	-2.002300E-4	1.303440E+4	0.000000E+0	0.000000E+0
1.003081E+3	-2.002300E-4	1.303420E+4	0.000000E+0	0.000000E+0
1.007078E+3	-2.002700E-4	1.303400E+4	0.000000E+0	0.000000E+0
1.011076E+3	-2.002600E-4	1.303390E+4	0.000000E+0	0.000000E+0
1.015122E+3	-2.002200E-4	1.303380E+4	0.000000E+0	0.000000E+0
1.019055E+3	-2.002300E-4	1.303360E+4	0.000000E+0	0.000000E+0
1.023095E+3	-2.002500E-4	1.303340E+4	0.000000E+0	0.000000E+0
1.027082E+3	-2.002400E-4	1.303320E+4	0.000000E+0	0.000000E+0
1.031086E+3	-2.002200E-4	1.303300E+4	0.000000E+0	0.000000E+0
1.035082E+3	-2.002200E-4	1.303280E+4	0.000000E+0	0.000000E+0
1.039081E+3	-2.002400E-4	1.303260E+4	0.000000E+0	0.000000E+0
1.043078E+3	-2.002700E-4	1.303250E+4	0.000000E+0	0.000000E+0
1.047081E+3	-2.002900E-4	1.303250E+4	0.000000E+0	0.000000E+0
1.051115E+3	-2.002800E-4	1.303220E+4	0.000000E+0	0.000000E+0
1.055058E+3	-2.002600E-4	1.303230E+4	0.000000E+0	0.000000E+0
1.059096E+3	-2.003200E-4	1.303210E+4	0.000000E+0	0.000000E+0
1.063336E+3	-2.002700E-4	1.303200E+4	0.000000E+0	0.000000E+0
1.067097E+3	-2.003000E-4	1.303190E+4	0.000000E+0	0.000000E+0
1.071079E+3	-2.002500E-4	1.303170E+4	0.000000E+0	0.000000E+0
1.075078E+3	-2.002300E-4	1.303130E+4	0.000000E+0	0.000000E+0
1.079075E+3	-2.002400E-4	1.303100E+4	0.000000E+0	0.000000E+0
1.083081E+3	-2.002400E-4	1.303070E+4	0.000000E+0	0.000000E+0
1.087088E+3	-2.002100E-4	1.303050E+4	0.000000E+0	0.000000E+0
1.091064E+3	-2.002200E-4	1.303040E+4	0.000000E+0	0.000000E+0
1.095093E+3	-2.002200E-4	1.303030E+4	0.000000E+0	0.000000E+0
1.099076E+3	-2.002300E-4	1.303030E+4	0.000000E+0	0.000000E+0
1.103120E+3	-2.002400E-4	1.303030E+4	0.000000E+0	0.000000E+0
1.107080E+3	-2.002100E-4	1.303030E+4	0.000000E+0	0.000000E+0
1.111079E+3	-2.002000E-4	1.303030E+4	0.000000E+0	0.000000E+0
1.115079E+3	-2.002200E-4	1.303010E+4	0.000000E+0	0.000000E+0
1.119086E+3	-2.002700E-4	1.302990E+4	0.000000E+0	0.000000E+0
1.123058E+3	-2.002500E-4	1.302970E+4	0.000000E+0	0.000000E+0
1.127091E+3	-2.002700E-4	1.302940E+4	0.000000E+0	0.000000E+0
1.131081E+3	-2.002500E-4	1.302900E+4	0.000000E+0	0.000000E+0
1.135084E+3	-2.002800E-4	1.302850E+4	0.000000E+0	0.000000E+0
1.139087E+3	-2.002600E-4	1.302830E+4	0.000000E+0	0.000000E+0
1.143058E+3	-2.002700E-4	1.302800E+4	0.000000E+0	0.000000E+0
1.147097E+3	-2.002800E-4	1.302780E+4	0.000000E+0	0.000000E+0
1.151059E+3	-2.002600E-4	1.302760E+4	0.000000E+0	0.000000E+0
1.155091E+3	-2.002900E-4	1.302740E+4	0.000000E+0	0.000000E+0
1.159077E+3	-2.002800E-4	1.302710E+4	0.000000E+0	0.000000E+0
1.163085E+3	-2.003100E-4	1.302700E+4	0.000000E+0	0.000000E+0
1.167064E+3	-2.002600E-4	1.302690E+4	0.000000E+0	0.000000E+0
1.171083E+3	-2.002500E-4	1.302680E+4	0.000000E+0	0.000000E+0
1.175083E+3	-2.003000E-4	1.302670E+4	0.000000E+0	0.000000E+0
1.179081E+3	-2.002700E-4	1.302660E+4	0.000000E+0	0.000000E+0
1.183081E+3	-2.002700E-4	1.302640E+4	0.000000E+0	0.000000E+0
1.187057E+3	-2.003000E-4	1.302620E+4	0.000000E+0	0.000000E+0
1.191097E+3	-2.003100E-4	1.302600E+4	0.000000E+0	0.000000E+0
1.195062E+3	-2.002900E-4	1.302580E+4	0.000000E+0	0.000000E+0
1.199101E+3	-2.002900E-4	1.302570E+4	0.000000E+0	0.000000E+0
1.203062E+3	-2.003000E-4	1.302580E+4	0.000000E+0	0.000000E+0
1.207105E+3	-2.002900E-4	1.302570E+4	0.000000E+0	0.000000E+0
1.211062E+3	-2.002900E-4	1.302580E+4	0.000000E+0	0.000000E+0
1.215096E+3	-2.002600E-4	1.302570E+4	0.000000E+0	0.000000E+0
1.219062E+3	-2.002600E-4	1.302570E+4	0.000000E+0	0.000000E+0
1.223105E+3	-2.002300E-4	1.302550E+4	0.000000E+0	0.000000E+0
1.227062E+3	-2.002500E-4	1.302550E+4	0.000000E+0	0.000000E+0
1.231101E+3	-2.002600E-4	1.302530E+4	0.000000E+0	0.000000E+0
1.235060E+3	-2.002400E-4	1.302520E+4	0.000000E+0	0.000000E+0
1.239113E+3	-2.002600E-4	1.302510E+4	0.000000E+0	0.000000E+0
1.243063E+3	-2.002900E-4	1.302510E+4	0.000000E+0	0.000000E+0
1.247132E+3	-2.002700E-4	1.302480E+4	0.000000E+0	0.000000E+0
1.251066E+3	-2.002600E-4	1.302470E+4	0.000000E+0	0.000000E+0
1.255098E+3	-2.002800E-4	1.302440E+4	0.000000E+0	0.000000E+0
1.259083E+3	-2.002500E-4	1.302430E+4	0.000000E+0	0.000000E+0
1.263065E+3	-2.002600E-4	1.302400E+4	0.000000E+0	0.000000E+0
1.267096E+3	-2.003000E-4	1.302370E+4	0.000000E+0	0.000000E+0
1.271086E+3	-2.002900E-4	1.302340E+4	0.000000E+0	0.000000E+0
1.275068E+3	-2.002500E-4	1.302320E+4	0.000000E+0	0.000000E+0
1.279084E+3	-2.002300E-4	1.302290E+4	0.000000E+0	0.000000E+0
1.283083E+3	-2.002400E-4	1.302260E+4	0.000000E+0	0.000000E+0
1.287080E+3	-2.002500E-4	1.302250E+4	0.000000E+0	0.000000E+0
1.291081E+3	-2.002600E-4	1.302230E+4	0.000000E+0	0.000000E+0
1.295081E+3	-2.002600E-4	1.302220E+4	0.000000E+0	0.000000E+0
1.299057E+3	-2.002600E-4	1.302200E+4	0.000000E+0	0.000000E+0
1.303100E+3	-2.002600E-4	1.302190E+4	0.000000E+0	0.000000E+0
1.307063E+3	-2.002600E-4	1.302180E+4	0.000000E+0	0.000000E+0
1.311097E+3	-2.002600E-4	1.302170E+4	0.000000E+0	0.000000E+0
1.315058E+3	-2.002300E-4	1.302160E+4	0.000000E+0	0.000000E+0
1.319117E+3	-2.002200E-4	1.302150E+4	0.000000E+0	0.000000E+0
1.323064E+3	-2.002200E-4	1.302120E+4	0.000000E+0	0.000000E+0
1.327082E+3	-2.001900E-4	1.302100E+4	0.000000E+0	0.000000E+0
1.331083E+3	-2.002000E-4	1.302090E+4	0.000000E+0	0.000000E+0
1.335053E+3	-2.002200E-4	1.302100E+4	0.000000E+0	0.000000E+0
1.339090E+3	-2.002000E-4	1.302090E+4	0.000000E+0	0.000000E+0
1.343078E+3	-2.002000E-4	1.302090E+4	0.000000E+0	0.000000E+0
1.347092E+3	-2.002200E-4	1.302070E+4	0.000000E+0	0.000000E+0
1.351060E+3	-2.002100E-4	1.302050E+4	0.000000E+0	0.000000E+0
1.355117E+3	-2.002300E-4	1.302030E+4	0.000000E+0	0.000000E+0
1.359083E+3	-2.002400E-4	1.302000E+4	0.000000E+0	0.000000E+0
1.363059E+3	-2.002200E-4	1.302000E+4	0.000000E+0	0.000000E+0
1.367095E+3	-2.002100E-4	1.302000E+4	0.000000E+0	0.000000E+0
1.371081E+3	-2.002200E-4	1.301990E+4	0.000000E+0	0.000000E+0
1.375080E+3	-2.002000E-4	1.301980E+4	0.000000E+0	0.000000E+0
1.379079E+3	-2.002200E-4	1.301980E+4	0.000000E+0	0.000000E+0
1.383080E+3	-2.002000E-4	1.301970E+4	0.000000E+0	0.000000E+0
1.387081E+3	-2.002200E-4	1.301950E+4	0.000000E+0	0.000000E+0
1.391120E+3	-2.002100E-4	1.301940E+4	0.000000E+0	0.000000E+0
1.395081E+3	-2.002200E-4	1.301920E+4	0.000000E+0	0.000000E+0
1.399081E+3	-2.002100E-4	1.301890E+4	0.000000E+0	0.000000E+0
1.403079E+3	-2.002200E-4	1.301870E+4	0.000000E+0	0.000000E+0
1.407076E+3	-2.002000E-4	1.301860E+4	0.000000E+0	0.000000E+0
1.411083E+3	-2.001800E-4	1.301850E+4	0.000000E+0	0.000000E+0
1.415080E+3	-2.002300E-4	1.301840E+4	0.000000E+0	0.000000E+0
1.419079E+3	-2.002200E-4	1.301820E+4	0.000000E+0	0.000000E+0
1.423082E+3	-2.002300E-4	1.301820E+4	0.000000E+0	0.000000E+0
1.427126E+3	-2.002200E-4	1.301820E+4	0.000000E+0	0.000000E+0
1.431082E+3	-2.002000E-4	1.301810E+4	0.000000E+0	0.000000E+0
1.435080E+3	-2.002500E-4	1.301800E+4	0.000000E+0	0.000000E+0
1.439077E+3	-2.002600E-4	1.301780E+4	0.000000E+0	0.000000E+0
1.443076E+3	-2.002300E-4	1.301760E+4	0.000000E+0	0.000000E+0
1.447084E+3	-2.002500E-4	1.301730E+4	0.000000E+0	0.000000E+0
1.451085E+3	-2.002200E-4	1.301720E+4	0.000000E+0	0.000000E+0
1.455077E+3	-2.002300E-4	1.301710E+4	0.000000E+0	0.000000E+0
1.459080E+3	-2.002300E-4	1.301710E+4	0.000000E+0	0.000000E+0
1.463120E+3	-2.002300E-4	1.301690E+4	0.000000E+0	0.000000E+0
1.467086E+3	-2.002100E-4	1.301670E+4	0.000000E+0	0.000000E+0
1.471078E+3	-2.002200E-4	1.301650E+4	0.000000E+0	0.000000E+0
1.475080E+3	-2.002100E-4	1.301630E+4	0.000000E+0	0.000000E+0
1.479074E+3	-2.002400E-4	1.301610E+4	0.000000E+0	0.000000E+0
1.483088E+3	-2.002200E-4	1.301600E+4	0.000000E+0	0.000000E+0
1.487059E+3	-2.002500E-4	1.301590E+4	0.000000E+0	0.000000E+0
1.491097E+3	-2.002400E-4	1.301590E+4	0.000000E+0	0.000000E+0
1.495079E+3	-2.002300E-4	1.301580E+4	0.000000E+0	0.000000E+0
1.499083E+3	-2.002600E-4	1.301560E+4	0.000000E+0	0.000000E+0
1.503079E+3	-2.002200E-4	1.301540E+4	0.000000E+0	0.000000E+0
1.507077E+3	-2.001800E-4	1.301510E+4	0.000000E+0	0.000000E+0
1.511077E+3	-2.001700E-4	1.301480E+4	0.000000E+0	0.000000E+0
1.515082E+3	-2.001700E-4	1.301470E+4	0.000000E+0	0.000000E+0
1.519088E+3	-2.001900E-4	1.301450E+4	0.000000E+0	0.000000E+0
1.523082E+3	-2.001900E-4	1.301450E+4	0.000000E+0	0.000000E+0
1.527082E+3	-2.001700E-4	1.301420E+4	0.000000E+0	0.000000E+0
1.531085E+3	-2.001700E-4	1.301410E+4	0.000000E+0	0.000000E+0
1.535137E+3	-2.001900E-4	1.301390E+4	0.000000E+0	0.000000E+0
1.539075E+3	-2.002200E-4	1.301390E+4	0.000000E+0	0.000000E+0
1.543080E+3	-2.002000E-4	1.301390E+4	0.000000E+0	0.000000E+0
1.547084E+3	-2.002400E-4	1.301380E+4	0.000000E+0	0.000000E+0
1.551060E+3	-2.002000E-4	1.301360E+4	0.000000E+0	0.000000E+0
1.555098E+3	-2.002200E-4	1.301350E+4	0.000000E+0	0.000000E+0
1.559081E+3	-2.002000E-4	1.301340E+4	0.000000E+0	0.000000E+0
1.563085E+3	-2.002200E-4	1.301310E+4	0.000000E+0	0.000000E+0
1.567058E+3	-2.002200E-4	1.301300E+4	0.000000E+0	0.000000E+0
1.571105E+3	-2.002200E-4	1.301290E+4	0.000000E+0	0.000000E+0
1.575082E+3	-2.002400E-4	1.301270E+4	0.000000E+0	0.000000E+0
1.579062E+3	-2.002200E-4	1.301260E+4	0.000000E+0	0.000000E+0
1.583096E+3	-2.002100E-4	1.301250E+4	0.000000E+0	0.000000E+0
1.587084E+3	-2.002000E-4	1.301240E+4	0.000000E+0	0.000000E+0
1.591055E+3	-2.002500E-4	1.301230E+4	0.000000E+0	0.000000E+0
1.595095E+3	-2.002700E-4	1.301230E+4	0.000000E+0	0.000000E+0
1.599091E+3	-2.002600E-4	1.301220E+4	0.000000E+0	0.000000E+0
1.603058E+3	-2.002600E-4	1.301230E+4	0.000000E+0	0.000000E+0
1.607129E+3	-2.002700E-4	1.301210E+4	0.000000E+0	0.000000E+0
1.611059E+3	-2.002700E-4	1.301200E+4	0.000000E+0	0.000000E+0
1.615095E+3	-2.002500E-4	1.301170E+4	0.000000E+0	0.000000E+0
1.619082E+3	-2.002800E-4	1.301130E+4	0.000000E+0	0.000000E+0
1.623088E+3	-2.002700E-4	1.301100E+4	0.000000E+0	0.000000E+0
1.627063E+3	-2.002900E-4	1.301070E+4	0.000000E+0	0.000000E+0
1.631094E+3	-2.002700E-4	1.301050E+4	0.000000E+0	0.000000E+0
1.635085E+3	-2.003000E-4	1.301030E+4	0.000000E+0	0.000000E+0
1.639060E+3	-2.003000E-4	1.301020E+4	0.000000E+0	0.000000E+0
1.643122E+3	-2.002700E-4	1.301010E+4	0.000000E+0	0.000000E+0
1.647055E+3	-2.002900E-4	1.300990E+4	0.000000E+0	0.000000E+0
1.651102E+3	-2.002600E-4	1.300970E+4	0.000000E+0	0.000000E+0
1.655066E+3	-2.003000E-4	1.300960E+4	0.000000E+0	0.000000E+0
1.659093E+3	-2.003000E-4	1.300950E+4	0.000000E+0	0.000000E+0
1.663084E+3	-2.003100E-4	1.300940E+4	0.000000E+0	0.000000E+0
1.667056E+3	-2.002800E-4	1.300930E+4	0.000000E+0	0.000000E+0
1.671121E+3	-2.003300E-4	1.300920E+4	0.000000E+0	0.000000E+0
1.675056E+3	-2.003100E-4	1.300910E+4	0.000000E+0	0.000000E+0
1.679099E+3	-2.002900E-4	1.300900E+4	0.000000E+0	0.000000E+0
1.683078E+3	-2.003000E-4	1.300880E+4	0.000000E+0	0.000000E+0
1.687090E+3	-2.002900E-4	1.300880E+4	0.000000E+0	0.000000E+0
1.691061E+3	-2.002900E-4	1.300870E+4	0.000000E+0	0.000000E+0
1.695096E+3	-2.003100E-4	1.300860E+4	0.000000E+0	0.000000E+0
1.699086E+3	-2.003400E-4	1.300850E+4	0.000000E+0	0.000000E+0
1.703059E+3	-2.003400E-4	1.300840E+4	0.000000E+0	0.000000E+0
1.707097E+3	-2.003200E-4	1.300830E+4	0.000000E+0	0.000000E+0
1.711078E+3	-2.003100E-4	1.300830E+4	0.000000E+0	0.000000E+0
1.715083E+3	-2.003200E-4	1.300820E+4	0.000000E+0	0.000000E+0
1.719081E+3	-2.003000E-4	1.300810E+4	0.000000E+0	0.000000E+0
1.723059E+3	-2.002700E-4	1.300790E+4	0.000000E+0	0.000000E+0
1.727095E+3	-2.002800E-4	1.300780E+4	0.000000E+0	0.000000E+0
1.731057E+3	-2.003000E-4	1.300780E+4	0.000000E+0	0.000000E+0
1.735096E+3	-2.002600E-4	1.300770E+4	0.000000E+0	0.000000E+0
1.739081E+3	-2.002800E-4	1.300740E+4	0.000000E+0	0.000000E+0
1.743081E+3	-2.002500E-4	1.300740E+4	0.000000E+0	0.000000E+0
1.747079E+3	-2.002600E-4	1.300720E+4	0.000000E+0	0.000000E+0
1.751138E+3	-2.002800E-4	1.300720E+4	0.000000E+0	0.000000E+0
1.755082E+3	-2.002800E-4	1.300720E+4	0.000000E+0	0.000000E+0
1.759081E+3	-2.002700E-4	1.300720E+4	0.000000E+0	0.000000E+0
1.763081E+3	-2.002700E-4	1.300690E+4	0.000000E+0	0.000000E+0
1.767081E+3	-2.002900E-4	1.300680E+4	0.000000E+0	0.000000E+0
1.771082E+3	-2.002700E-4	1.300660E+4	0.000000E+0	0.000000E+0
1.775082E+3	-2.003000E-4	1.300650E+4	0.000000E+0	0.000000E+0
1.779083E+3	-2.002800E-4	1.300640E+4	0.000000E+0	0.000000E+0
1.783080E+3	-2.002700E-4	1.300640E+4	0.000000E+0	0.000000E+0
1.787082E+3	-2.002900E-4	1.300620E+4	0.000000E+0	0.000000E+0
1.791080E+3	-2.002800E-4	1.300600E+4	0.000000E+0	0.000000E+0
1.795080E+3	-2.002600E-4	1.300580E+4	0.000000E+0	0.000000E+0
1.799085E+3	-2.003100E-4	1.300560E+4	0.000000E+0	0.000000E+0
1.803060E+3	-2.003300E-4	1.300560E+4	0.000000E+0	0.000000E+0
1.807093E+3	-2.003500E-4	1.300550E+4	0.000000E+0	0.000000E+0
1.811083E+3	-2.003100E-4	1.300530E+4	0.000000E+0	0.000000E+0
1.815079E+3	-2.003300E-4	1.300510E+4	0.000000E+0	0.000000E+0
1.819150E+3	-2.003200E-4	1.300510E+4	0.000000E+0	0.000000E+0
1.823064E+3	-2.003400E-4	1.300480E+4	0.000000E+0	0.000000E+0
1.827099E+3	-2.003400E-4	1.300450E+4	0.000000E+0	0.000000E+0
1.831068E+3	-2.003300E-4	1.300440E+4	0.000000E+0	0.000000E+0
1.835096E+3	-2.003400E-4	1.300430E+4	0.000000E+0	0.000000E+0
1.839055E+3	-2.003100E-4	1.300420E+4	0.000000E+0	0.000000E+0
1.843094E+3	-2.003200E-4	1.300390E+4	0.000000E+0	0.000000E+0
1.847079E+3	-2.003400E-4	1.300380E+4	0.000000E+0	0.000000E+0
1.851118E+3	-2.003300E-4	1.300380E+4	0.000000E+0	0.000000E+0
1.855055E+3	-2.003300E-4	1.300360E+4	0.000000E+0	0.000000E+0
1.859095E+3	-2.003400E-4	1.300360E+4	0.000000E+0	0.000000E+0
1.863082E+3	-2.003000E-4	1.300360E+4	0.000000E+0	0.000000E+0
1.867080E+3	-2.003100E-4	1.300360E+4	0.000000E+0	0.000000E+0
1.871077E+3	-2.003000E-4	1.300360E+4	0.000000E+0	0.000000E+0
1.875087E+3	-2.003000E-4	1.300340E+4	0.000000E+0	0.000000E+0
1.879059E+3	-2.003000E-4	1.300340E+4	0.000000E+0	0.000000E+0
1.883098E+3	-2.003100E-4	1.300350E+4	0.000000E+0	0.000000E+0
1.887054E+3	-2.003300E-4	1.300330E+4	0.000000E+0	0.000000E+0
1.891095E+3	-2.003100E-4	1.300330E+4	0.000000E+0	0.000000E+0
1.895083E+3	-2.003000E-4	1.300320E+4	0.000000E+0	0.000000E+0
1.899078E+3	-2.003300E-4	1.300290E+4	0.000000E+0	0.000000E+0
1.903080E+3	-2.003100E-4	1.300260E+4	0.000000E+0	0.000000E+0
1.907084E+3	-2.003100E-4	1.300230E+4	0.000000E+0	0.000000E+0
1.911062E+3	-2.003000E-4	1.300190E+4	0.000000E+0	0.000000E+0
1.915094E+3	-2.002800E-4	1.300170E+4	0.000000E+0	0.000000E+0
1.919083E+3	-2.003000E-4	1.300140E+4	0.000000E+0	0.000000E+0
1.923084E+3	-2.003000E-4	1.300110E+4	0.000000E+0	0.000000E+0
1.927079E+3	-2.003100E-4	1.300080E+4	0.000000E+0	0.000000E+0
1.931079E+3	-2.003200E-4	1.300070E+4	0.000000E+0	0.000000E+0
1.935079E+3	-2.002900E-4	1.300060E+4	0.000000E+0	0.000000E+0
1.939079E+3	-2.003200E-4	1.300040E+4	0.000000E+0	0.000000E+0
1.943087E+3	-2.003000E-4	1.300040E+4	0.000000E+0	0.000000E+0
1.947081E+3	-2.003000E-4	1.300020E+4	0.000000E+0	0.000000E+0
1.951082E+3	-2.003200E-4	1.300020E+4	0.000000E+0	0.000000E+0
1.955080E+3	-2.003400E-4	1.300020E+4	0.000000E+0	0.000000E+0
1.959080E+3	-2.003100E-4	1.300020E+4	0.000000E+0	0.000000E+0
1.963079E+3	-2.003300E-4	1.299990E+4	0.000000E+0	0.000000E+0
1.967338E+3	-2.003500E-4	1.299970E+4	0.000000E+0	0.000000E+0
1.971072E+3	-2.003000E-4	1.299940E+4	0.000000E+0	0.000000E+0
1.975080E+3	-2.003000E-4	1.299910E+4	0.000000E+0	0.000000E+0
1.979083E+3	-2.003100E-4	1.299890E+4	0.000000E+0	0.000000E+0
1.983084E+3	-2.002900E-4	1.299860E+4	0.000000E+0	0.000000E+0
1.987078E+3	-2.003100E-4	1.299830E+4	0.000000E+0	0.000000E+0
1.991076E+3	-2.002900E-4	1.299810E+4	0.000000E+0	0.000000E+0
1.995090E+3	-2.003000E-4	1.299790E+4	0.000000E+0	0.000000E+0
1.999056E+3	-2.003000E-4	1.299780E+4	0.000000E+0	0.000000E+0
2.003095E+3	-2.003000E-4	1.299770E+4	0.000000E+0	0.000000E+0
2.007079E+3	-2.003100E-4	1.299760E+4	0.000000E+0	0.000000E+0
2.011079E+3	-2.003100E-4	1.299760E+4	0.000000E+0	0.000000E+0
2.015081E+3	-2.002900E-4	1.299760E+4	0.000000E+0	0.000000E+0
2.019083E+3	-2.002800E-4	1.299770E+4	0.000000E+0	0.000000E+0
2.023084E+3	-2.002800E-4	1.299770E+4	0.000000E+0	0.000000E+0
2.027082E+3	-2.002900E-4	1.299760E+4	0.000000E+0	0.000000E+0
2.031081E+3	-2.002600E-4	1.299780E+4	0.000000E+0	0.000000E+0
2.035080E+3	-2.002800E-4	1.299790E+4	0.000000E+0	0.000000E+0
2.039084E+3	-2.002600E-4	1.299790E+4	0.000000E+0	0.000000E+0
2.043080E+3	-2.002800E-4	1.299780E+4	0.000000E+0	0.000000E+0
2.047080E+3	-2.002700E-4	1.299750E+4	0.000000E+0	0.000000E+0
2.051080E+3	-2.002800E-4	1.299730E+4	0.000000E+0	0.000000E+0
2.055079E+3	-2.002500E-4	1.299720E+4	0.000000E+0	0.000000E+0
2.059082E+3	-2.002600E-4	1.299710E+4	0.000000E+0	0.000000E+0
2.063080E+3	-2.002500E-4	1.299700E+4	0.000000E+0	0.000000E+0
2.067094E+3	-2.002700E-4	1.299670E+4	0.000000E+0	0.000000E+0
2.071058E+3	-2.002700E-4	1.299670E+4	0.000000E+0	0.000000E+0
2.075096E+3	-2.002500E-4	1.299650E+4	0.000000E+0	0.000000E+0
2.079057E+3	-2.002500E-4	1.299620E+4	0.000000E+0	0.000000E+0
2.083097E+3	-2.002500E-4	1.299590E+4	0.000000E+0	0.000000E+0
2.087078E+3	-2.002700E-4	1.299580E+4	0.000000E+0	0.000000E+0
2.091078E+3	-2.002700E-4	1.299550E+4	0.000000E+0	0.000000E+0
2.095079E+3	-2.002700E-4	1.299530E+4	0.000000E+0	0.000000E+0
2.099079E+3	-2.002800E-4	1.299520E+4	0.000000E+0	0.000000E+0
2.103115E+3	-2.002500E-4	1.299520E+4	0.000000E+0	0.000000E+0
2.107055E+3	-2.002600E-4	1.299510E+4	0.000000E+0	0.000000E+0
2.111096E+3	-2.002500E-4	1.299500E+4	0.000000E+0	0.000000E+0
2.115079E+3	-2.002600E-4	1.299490E+4	0.000000E+0	0.000000E+0
2.119089E+3	-2.002400E-4	1.299480E+4	0.000000E+0	0.000000E+0
2.123058E+3	-2.002300E-4	1.299470E+4	0.000000E+0	0.000000E+0
2.127100E+3	-2.002500E-4	1.299460E+4	0.000000E+0	0.000000E+0
2.131091E+3	-2.002400E-4	1.299460E+4	0.000000E+0	0.000000E+0
2.135090E+3	-2.002600E-4	1.299440E+4	0.000000E+0	0.000000E+0
2.139073E+3	-2.002300E-4	1.299420E+4	0.000000E+0	0.000000E+0
2.143086E+3	-2.002400E-4	1.299410E+4	0.000000E+0	0.000000E+0
2.147062E+3	-2.002400E-4	1.299400E+4	0.000000E+0	0.000000E+0
2.151092E+3	-2.002100E-4	1.299380E+4	0.000000E+0	0.000000E+0
2.155083E+3	-2.002500E-4	1.299370E+4	0.000000E+0	0.000000E+0
2.159081E+3	-2.002600E-4	1.299390E+4	0.000000E+0	0.000000E+0
2.163081E+3	-2.002200E-4	1.299400E+4	0.000000E+0	0.000000E+0
2.167081E+3	-2.002400E-4	1.299420E+4	0.000000E+0	0.000000E+0
2.171081E+3	-2.002400E-4	1.299440E+4	0.000000E+0	0.000000E+0
2.175090E+3	-2.002300E-4	1.299450E+4	0.000000E+0	0.000000E+0
2.179057E+3	-2.002500E-4	1.299440E+4	0.000000E+0	0.000000E+0
2.183095E+3	-2.002400E-4	1.299440E+4	0.000000E+0	0.000000E+0
2.187083E+3	-2.002400E-4	1.299430E+4	0.000000E+0	0.000000E+0
2.191083E+3	-2.002200E-4	1.299410E+4	0.000000E+0	0.000000E+0
2.195079E+3	-2.002400E-4	1.299370E+4	0.000000E+0	0.000000E+0
2.199079E+3	-2.002400E-4	1.299340E+4	0.000000E+0	0.000000E+0
2.203079E+3	-2.002200E-4	1.299320E+4	0.000000E+0	0.000000E+0
2.207088E+3	-2.002200E-4	1.299310E+4	0.000000E+0	0.000000E+0
2.211071E+3	-2.002200E-4	1.299310E+4	0.000000E+0	0.000000E+0
2.215084E+3	-2.002100E-4	1.299300E+4	0.000000E+0	0.000000E+0
2.219062E+3	-2.002200E-4	1.299290E+4	0.000000E+0	0.000000E+0
2.223100E+3	-2.002200E-4	1.299270E+4	0.000000E+0	0.000000E+0
2.227065E+3	-2.002200E-4	1.299270E+4	0.000000E+0	0.000000E+0
2.231097E+3	-2.002300E-4	1.299260E+4	0.000000E+0	0.000000E+0
2.235059E+3	-2.002500E-4	1.299240E+4	0.000000E+0	0.000000E+0
2.239097E+3	-2.002600E-4	1.299220E+4	0.000000E+0	0.000000E+0
2.243078E+3	-2.002800E-4	1.299200E+4	0.000000E+0	0.000000E+0
2.247092E+3	-2.002800E-4	1.299190E+4	0.000000E+0	0.000000E+0
2.251057E+3	-2.002800E-4	1.299180E+4	0.000000E+0	0.000000E+0
2.255095E+3	-2.002900E-4	1.299150E+4	0.000000E+0	0.000000E+0
2.259080E+3	-2.003000E-4	1.299120E+4	0.000000E+0	0.000000E+0
2.263078E+3	-2.002600E-4	1.299100E+4	0.000000E+0	0.000000E+0
2.267080E+3	-2.002800E-4	1.299080E+4	0.000000E+0	0.000000E+0
2.271084E+3	-2.002600E-4	1.299060E+4	0.000000E+0	0.000000E+0
2.275058E+3	-2.002800E-4	1.299030E+4	0.000000E+0	0.000000E+0
2.279091E+3	-2.002600E-4	1.298990E+4	0.000000E+0	0.000000E+0
2.283084E+3	-2.002700E-4	1.298980E+4	0.000000E+0	0.000000E+0
2.287083E+3	-2.002800E-4	1.298960E+4	0.000000E+0	0.000000E+0
2.291062E+3	-2.002900E-4	1.298940E+4	0.000000E+0	0.000000E+0
2.295092E+3	-2.002700E-4	1.298930E+4	0.000000E+0	0.000000E+0
2.299084E+3	-2.002500E-4	1.298910E+4	0.000000E+0	0.000000E+0
2.303059E+3	-2.002300E-4	1.298890E+4	0.000000E+0	0.000000E+0
2.307092E+3	-2.002200E-4	1.298870E+4	0.000000E+0	0.000000E+0
2.311082E+3	-2.002300E-4	1.298850E+4	0.000000E+0	0.000000E+0
2.315080E+3	-2.002200E-4	1.298830E+4	0.000000E+0	0.000000E+0
2.319091E+3	-2.002000E-4	1.298820E+4	0.000000E+0	0.000000E+0
2.323058E+3	-2.002200E-4	1.298810E+4	0.000000E+0	0.000000E+0
2.327096E+3	-2.002300E-4	1.298820E+4	0.000000E+0	0.000000E+0
2.331083E+3	-2.002100E-4	1.298800E+4	0.000000E+0	0.000000E+0
2.335059E+3	-2.002000E-4	1.298800E+4	0.000000E+0	0.000000E+0
2.339088E+3	-2.002400E-4	1.298790E+4	0.000000E+0	0.000000E+0
2.343080E+3	-2.002300E-4	1.298790E+4	0.000000E+0	0.000000E+0
2.347086E+3	-2.002000E-4	1.298780E+4	0.000000E+0	0.000000E+0
2.351058E+3	-2.002100E-4	1.298760E+4	0.000000E+0	0.000000E+0
2.355093E+3	-2.002000E-4	1.298740E+4	0.000000E+0	0.000000E+0
2.359081E+3	-2.002400E-4	1.298720E+4	0.000000E+0	0.000000E+0
2.363081E+3	-2.002000E-4	1.298720E+4	0.000000E+0	0.000000E+0
2.367079E+3	-2.002000E-4	1.298710E+4	0.000000E+0	0.000000E+0
2.371078E+3	-2.002000E-4	1.298700E+4	0.000000E+0	0.000000E+0
2.375082E+3	-2.002000E-4	1.298680E+4	0.000000E+0	0.000000E+0
2.379080E+3	-2.002200E-4	1.298680E+4	0.000000E+0	0.000000E+0
2.383085E+3	-2.002100E-4	1.298670E+4	0.000000E+0	0.000000E+0
2.387078E+3	-2.002000E-4	1.298670E+4	0.000000E+0	0.000000E+0
2.391085E+3	-2.001900E-4	1.298660E+4	0.000000E+0	0.000000E+0
2.395058E+3	-2.001900E-4	1.298650E+4	0.000000E+0	0.000000E+0
2.399095E+3	-2.002100E-4	1.298640E+4	0.000000E+0	0.000000E+0
2.403079E+3	-2.001700E-4	1.298630E+4	0.000000E+0	0.000000E+0
2.407077E+3	-2.002000E-4	1.298620E+4	0.000000E+0	0.000000E+0
2.411079E+3	-2.002100E-4	1.298600E+4	0.000000E+0	0.000000E+0
2.415079E+3	-2.002100E-4	1.298600E+4	0.000000E+0	0.000000E+0
2.419140E+3	-2.001900E-4	1.298580E+4	0.000000E+0	0.000000E+0
2.423061E+3	-2.001900E-4	1.298570E+4	0.000000E+0	0.000000E+0
2.427101E+3	-2.002100E-4	1.298540E+4	0.000000E+0	0.000000E+0
2.431063E+3	-2.002000E-4	1.298540E+4	0.000000E+0	0.000000E+0
2.435091E+3	-2.001700E-4	1.298530E+4	0.000000E+0	0.000000E+0
2.439080E+3	-2.001900E-4	1.298520E+4	0.000000E+0	0.000000E+0
2.443083E+3	-2.002000E-4	1.298490E+4	0.000000E+0	0.000000E+0
2.447080E+3	-2.002100E-4	1.298490E+4	0.000000E+0	0.000000E+0
2.451079E+3	-2.001900E-4	1.298480E+4	0.000000E+0	0.000000E+0
2.455083E+3	-2.001900E-4	1.298480E+4	0.000000E+0	0.000000E+0
2.459054E+3	-2.001800E-4	1.298470E+4	0.000000E+0	0.000000E+0
2.463098E+3	-2.001800E-4	1.298490E+4	0.000000E+0	0.000000E+0
2.467058E+3	-2.001800E-4	1.298490E+4	0.000000E+0	0.000000E+0
2.471096E+3	-2.001700E-4	1.298490E+4	0.000000E+0	0.000000E+0
2.475082E+3	-2.002000E-4	1.298480E+4	0.000000E+0	0.000000E+0
2.479082E+3	-2.001900E-4	1.298470E+4	0.000000E+0	0.000000E+0
2.483063E+3	-2.002100E-4	1.298460E+4	0.000000E+0	0.000000E+0
2.487099E+3	-2.001800E-4	1.298450E+4	0.000000E+0	0.000000E+0
2.491082E+3	-2.001900E-4	1.298430E+4	0.000000E+0	0.000000E+0
2.495055E+3	-2.002000E-4	1.298410E+4	0.000000E+0	0.000000E+0
2.499097E+3	-2.001700E-4	1.298390E+4	0.000000E+0	0.000000E+0
2.503079E+3	-2.001700E-4	1.298360E+4	0.000000E+0	0.000000E+0
2.507082E+3	-2.002000E-4	1.298340E+4	0.000000E+0	0.000000E+0
2.511080E+3	-2.001500E-4	1.298330E+4	0.000000E+0	0.000000E+0
2.515080E+3	-2.001800E-4	1.298300E+4	0.000000E+0	0.000000E+0
2.519081E+3	-2.001800E-4	1.298280E+4	0.000000E+0	0.000000E+0
2.523081E+3	-2.001500E-4	1.298260E+4	0.000000E+0	0.000000E+0
2.527085E+3	-2.001900E-4	1.298250E+4	0.000000E+0	0.000000E+0
2.531059E+3	-2.001600E-4	1.298250E+4	0.000000E+0	0.000000E+0
2.535104E+3	-2.001400E-4	1.298240E+4	0.000000E+0	0.000000E+0
2.539057E+3	-2.001600E-4	1.298230E+4	0.000000E+0	0.000000E+0
2.543101E+3	-2.001100E-4	1.298220E+4	0.000000E+0	0.000000E+0
2.547079E+3	-2.001500E-4	1.298220E+4	0.000000E+0	0.000000E+0
2.551082E+3	-2.001500E-4	1.298210E+4	0.000000E+0	0.000000E+0
2.555055E+3	-2.001800E-4	1.298200E+4	0.000000E+0	0.000000E+0
2.559096E+3	-2.001500E-4	1.298180E+4	0.000000E+0	0.000000E+0
2.563079E+3	-2.001600E-4	1.298180E+4	0.000000E+0	0.000000E+0
2.567079E+3	-2.001600E-4	1.298170E+4	0.000000E+0	0.000000E+0
2.571091E+3	-2.001600E-4	1.298140E+4	0.000000E+0	0.000000E+0
2.575058E+3	-2.001600E-4	1.298140E+4	0.000000E+0	0.000000E+0
2.579094E+3	-2.001700E-4	1.298130E+4	0.000000E+0	0.000000E+0
2.583084E+3	-2.001500E-4	1.298110E+4	0.000000E+0	0.000000E+0
2.587055E+3	-2.001500E-4	1.298110E+4	0.000000E+0	0.000000E+0
2.591092E+3	-2.001400E-4	1.298080E+4	0.000000E+0	0.000000E+0
2.595082E+3	-2.001200E-4	1.298070E+4	0.000000E+0	0.000000E+0
2.599083E+3	-2.001200E-4	1.298060E+4	0.000000E+0	0.000000E+0
2.603082E+3	-2.001400E-4	1.298030E+4	0.000000E+0	0.000000E+0
2.607083E+3	-2.001400E-4	1.298020E+4	0.000000E+0	0.000000E+0
2.611062E+3	-2.001500E-4	1.298010E+4	0.000000E+0	0.000000E+0
2.615094E+3	-2.001400E-4	1.297990E+4	0.000000E+0	0.000000E+0
2.619081E+3	-2.001800E-4	1.297980E+4	0.000000E+0	0.000000E+0
2.623078E+3	-2.001800E-4	1.297980E+4	0.000000E+0	0.000000E+0
2.627083E+3	-2.001600E-4	1.297960E+4	0.000000E+0	0.000000E+0
2.631054E+3	-2.001600E-4	1.297960E+4	0.000000E+0	0.000000E+0
2.635091E+3	-2.001600E-4	1.297960E+4	0.000000E+0	0.000000E+0
2.639081E+3	-2.001600E-4	1.297960E+4	0.000000E+0	0.000000E+0
2.643085E+3	-2.001800E-4	1.297940E+4	0.000000E+0	0.000000E+0
2.647057E+3	-2.001600E-4	1.297940E+4	0.000000E+0	0.000000E+0
2.651094E+3	-2.001500E-4	1.297920E+4	0.000000E+0	0.000000E+0
2.655079E+3	-2.002000E-4	1.297890E+4	0.000000E+0	0.000000E+0
2.659078E+3	-2.001700E-4	1.297870E+4	0.000000E+0	0.000000E+0
2.663080E+3	-2.001700E-4	1.297870E+4	0.000000E+0	0.000000E+0
2.667076E+3	-2.001500E-4	1.297850E+4	0.000000E+0	0.000000E+0
2.671081E+3	-2.001600E-4	1.297840E+4	0.000000E+0	0.000000E+0
2.675082E+3	-2.001500E-4	1.297820E+4	0.000000E+0	0.000000E+0
2.679082E+3	-2.001100E-4	1.297790E+4	0.000000E+0	0.000000E+0
2.683080E+3	-2.001400E-4	1.297790E+4	0.000000E+0	0.000000E+0
2.687080E+3	-2.001500E-4	1.297780E+4	0.000000E+0	0.000000E+0
2.691083E+3	-2.001500E-4	1.297760E+4	0.000000E+0	0.000000E+0
2.695082E+3	-2.001500E-4	1.297760E+4	0.000000E+0	0.000000E+0
2.699061E+3	-2.001800E-4	1.297760E+4	0.000000E+0	0.000000E+0
2.703100E+3	-2.001800E-4	1.297750E+4	0.000000E+0	0.000000E+0
2.707085E+3	-2.001900E-4	1.297750E+4	0.000000E+0	0.000000E+0
2.711057E+3	-2.001900E-4	1.297750E+4	0.000000E+0	0.000000E+0
2.715096E+3	-2.001800E-4	1.297730E+4	0.000000E+0	0.000000E+0
2.719148E+3	-2.001600E-4	1.297710E+4	0.000000E+0	0.000000E+0
2.723065E+3	-2.001600E-4	1.297700E+4	0.000000E+0	0.000000E+0
2.727096E+3	-2.001700E-4	1.297690E+4	0.000000E+0	0.000000E+0
2.731094E+3	-2.001700E-4	1.297690E+4	0.000000E+0	0.000000E+0
2.735099E+3	-2.001700E-4	1.297670E+4	0.000000E+0	0.000000E+0
2.739060E+3	-2.001700E-4	1.297670E+4	0.000000E+0	0.000000E+0
2.743097E+3	-2.001700E-4	1.297650E+4	0.000000E+0	0.000000E+0
2.747084E+3	-2.001700E-4	1.297640E+4	0.000000E+0	0.000000E+0
2.751082E+3	-2.001500E-4	1.297630E+4	0.000000E+0	0.000000E+0
2.755082E+3	-2.001600E-4	1.297630E+4	0.000000E+0	0.000000E+0
2.759058E+3	-2.001700E-4	1.297630E+4	0.000000E+0	0.000000E+0
2.763094E+3	-2.001900E-4	1.297630E+4	0.000000E+0	0.000000E+0
2.767085E+3	-2.001900E-4	1.297630E+4	0.000000E+0	0.000000E+0
2.771055E+3	-2.001800E-4	1.297620E+4	0.000000E+0	0.000000E+0
2.775094E+3	-2.001700E-4	1.297610E+4	0.000000E+0	0.000000E+0
2.779079E+3	-2.001800E-4	1.297610E+4	0.000000E+0	0.000000E+0
2.783081E+3	-2.001700E-4	1.297600E+4	0.000000E+0	0.000000E+0
2.787085E+3	-2.001600E-4	1.297600E+4	0.000000E+0	0.000000E+0
2.791054E+3	-2.001400E-4	1.297600E+4	0.000000E+0	0.000000E+0
2.795094E+3	-2.001300E-4	1.297570E+4	0.000000E+0	0.000000E+0
2.799078E+3	-2.001400E-4	1.297570E+4	0.000000E+0	0.000000E+0
2.803079E+3	-2.001500E-4	1.297530E+4	0.000000E+0	0.000000E+0
2.807079E+3	-2.001400E-4	1.297530E+4	0.000000E+0	0.000000E+0
2.811076E+3	-2.001800E-4	1.297520E+4	0.000000E+0	0.000000E+0
2.815087E+3	-2.001400E-4	1.297510E+4	0.000000E+0	0.000000E+0
2.819079E+3	-2.001500E-4	1.297510E+4	0.000000E+0	0.000000E+0
2.823081E+3	-2.001300E-4	1.297510E+4	0.000000E+0	0.000000E+0
2.827076E+3	-2.001400E-4	1.297490E+4	0.000000E+0	0.000000E+0
2.831080E+3	-2.001400E-4	1.297480E+4	0.000000E+0	0.000000E+0
2.835079E+3	-2.001600E-4	1.297480E+4	0.000000E+0	0.000000E+0
2.839077E+3	-2.001500E-4	1.297480E+4	0.000000E+0	0.000000E+0
2.843074E+3	-2.001500E-4	1.297500E+4	0.000000E+0	0.000000E+0
2.847080E+3	-2.002000E-4	1.297510E+4	0.000000E+0	0.000000E+0
2.851077E+3	-2.001900E-4	1.297530E+4	0.000000E+0	0.000000E+0
2.855086E+3	-2.001900E-4	1.297540E+4	0.000000E+0	0.000000E+0
2.859057E+3	-2.001800E-4	1.297510E+4	0.000000E+0	0.000000E+0
2.863097E+3	-2.002600E-4	1.297480E+4	0.000000E+0	0.000000E+0
2.867342E+3	-2.002300E-4	1.297490E+4	0.000000E+0	0.000000E+0
2.871070E+3	-2.002200E-4	1.297470E+4	0.000000E+0	0.000000E+0
2.875083E+3	-2.002000E-4	1.297470E+4	0.000000E+0	0.000000E+0
2.879081E+3	-2.002200E-4	1.297450E+4	0.000000E+0	0.000000E+0
2.883080E+3	-2.002200E-4	1.297430E+4	0.000000E+0	0.000000E+0
2.887077E+3	-2.001900E-4	1.297430E+4	0.000000E+0	0.000000E+0
2.891075E+3	-2.002400E-4	1.297430E+4	0.000000E+0	0.000000E+0
2.895106E+3	-2.002200E-4	1.297430E+4	0.000000E+0	0.000000E+0
2.899053E+3	-2.002400E-4	1.297410E+4	0.000000E+0	0.000000E+0
2.903095E+3	-2.002600E-4	1.297400E+4	0.000000E+0	0.000000E+0
2.907081E+3	-2.002500E-4	1.297380E+4	0.000000E+0	0.000000E+0
2.911077E+3	-2.002500E-4	1.297370E+4	0.000000E+0	0.000000E+0
2.915074E+3	-2.002500E-4	1.297370E+4	0.000000E+0	0.000000E+0
2.919082E+3	-2.002700E-4	1.297360E+4	0.000000E+0	0.000000E+0
2.923081E+3	-2.002000E-4	1.297330E+4	0.000000E+0	0.000000E+0
2.927080E+3	-2.002600E-4	1.297330E+4	0.000000E+0	0.000000E+0
2.931089E+3	-2.002600E-4	1.297340E+4	0.000000E+0	0.000000E+0
2.935061E+3	-2.002400E-4	1.297330E+4	0.000000E+0	0.000000E+0
2.939099E+3	-2.002600E-4	1.297340E+4	0.000000E+0	0.000000E+0
2.943085E+3	-2.002600E-4	1.297340E+4	0.000000E+0	0.000000E+0
2.947058E+3	-2.002600E-4	1.297340E+4	0.000000E+0	0.000000E+0
2.951089E+3	-2.002600E-4	1.297320E+4	0.000000E+0	0.000000E+0
2.955080E+3	-2.002700E-4	1.297300E+4	0.000000E+0	0.000000E+0
2.959081E+3	-2.002400E-4	1.297300E+4	0.000000E+0	0.000000E+0
2.963080E+3	-2.002400E-4	1.297290E+4	0.000000E+0	0.000000E+0
2.967082E+3	-2.002600E-4	1.297290E+4	0.000000E+0	0.000000E+0
2.971054E+3	-2.002600E-4	1.297280E+4	0.000000E+0	0.000000E+0
2.975101E+3	-2.002800E-4	1.297260E+4	0.000000E+0	0.000000E+0
2.979060E+3	-2.002600E-4	1.297240E+4	0.000000E+0	0.000000E+0
2.983095E+3	-2.002500E-4	1.297220E+4	0.000000E+0	0.000000E+0
2.987084E+3	-2.002600E-4	1.297210E+4	0.000000E+0	0.000000E+0
2.991055E+3	-2.002300E-4	1.297200E+4	0.000000E+0	0.000000E+0
2.995091E+3	-2.002300E-4	1.297190E+4	0.000000E+0	0.000000E+0
2.999081E+3	-2.002500E-4	1.297180E+4	0.000000E+0	0.000000E+0
3.003076E+3	-2.002600E-4	1.297160E+4	0.000000E+0	0.000000E+0
3.007081E+3	-2.002500E-4	1.297140E+4	0.000000E+0	0.000000E+0
3.011079E+3	-2.002400E-4	1.297120E+4	0.000000E+0	0.000000E+0
3.015081E+3	-2.002400E-4	1.297110E+4	0.000000E+0	0.000000E+0
3.019086E+3	-2.002400E-4	1.297080E+4	0.000000E+0	0.000000E+0
3.023084E+3	-2.002400E-4	1.297070E+4	0.000000E+0	0.000000E+0
3.027056E+3	-2.002500E-4	1.297060E+4	0.000000E+0	0.000000E+0
3.031096E+3	-2.002600E-4	1.297040E+4	0.000000E+0	0.000000E+0
3.035077E+3	-2.002600E-4	1.297040E+4	0.000000E+0	0.000000E+0
3.039075E+3	-2.002400E-4	1.297030E+4	0.000000E+0	0.000000E+0
3.043080E+3	-2.002400E-4	1.297020E+4	0.000000E+0	0.000000E+0
3.047076E+3	-2.002100E-4	1.297010E+4	0.000000E+0	0.000000E+0
3.051074E+3	-2.002000E-4	1.297020E+4	0.000000E+0	0.000000E+0
3.055077E+3	-2.002300E-4	1.297010E+4	0.000000E+0	0.000000E+0
3.059080E+3	-2.002400E-4	1.297000E+4	0.000000E+0	0.000000E+0
3.063078E+3	-2.002200E-4	1.297020E+4	0.000000E+0	0.000000E+0
3.067080E+3	-2.002200E-4	1.297040E+4	0.000000E+0	0.000000E+0
3.071079E+3	-2.002300E-4	1.297040E+4	0.000000E+0	0.000000E+0
3.075082E+3	-2.002500E-4	1.297020E+4	0.000000E+0	0.000000E+0
3.079059E+3	-2.002100E-4	1.297000E+4	0.000000E+0	0.000000E+0
3.083098E+3	-2.002200E-4	1.296980E+4	0.000000E+0	0.000000E+0
3.087083E+3	-2.002600E-4	1.296960E+4	0.000000E+0	0.000000E+0
3.091056E+3	-2.003000E-4	1.296940E+4	0.000000E+0	0.000000E+0
3.095094E+3	-2.002400E-4	1.296920E+4	0.000000E+0	0.000000E+0
3.099086E+3	-2.002800E-4	1.296900E+4	0.000000E+0	0.000000E+0
3.103055E+3	-2.002600E-4	1.296880E+4	0.000000E+0	0.000000E+0
3.107090E+3	-2.002600E-4	1.296850E+4	0.000000E+0	0.000000E+0
3.111086E+3	-2.003100E-4	1.296840E+4	0.000000E+0	0.000000E+0
3.115055E+3	-2.002800E-4	1.296830E+4	0.000000E+0	0.000000E+0
3.119097E+3	-2.002900E-4	1.296830E+4	0.000000E+0	0.000000E+0
3.123052E+3	-2.002700E-4	1.296810E+4	0.000000E+0	0.000000E+0
3.127091E+3	-2.002800E-4	1.296800E+4	0.000000E+0	0.000000E+0
3.131075E+3	-2.002900E-4	1.296790E+4	0.000000E+0	0.000000E+0
3.135080E+3	-2.002700E-4	1.296790E+4	0.000000E+0	0.000000E+0
3.139079E+3	-2.002400E-4	1.296780E+4	0.000000E+0	0.000000E+0
3.143082E+3	-2.002700E-4	1.296780E+4	0.000000E+0	0.000000E+0
3.147092E+3	-2.002600E-4	1.296780E+4	0.000000E+0	0.000000E+0
3.151051E+3	-2.002200E-4	1.296790E+4	0.000000E+0	0.000000E+0
3.155091E+3	-2.002300E-4	1.296790E+4	0.000000E+0	0.000000E+0
3.159080E+3	-2.002700E-4	1.296770E+4	0.000000E+0	0.000000E+0
3.163080E+3	-2.002600E-4	1.296780E+4	0.000000E+0	0.000000E+0
3.167078E+3	-2.002500E-4	1.296780E+4	0.000000E+0	0.000000E+0
3.171083E+3	-2.002400E-4	1.296770E+4	0.000000E+0	0.000000E+0
3.175081E+3	-2.002900E-4	1.296780E+4	0.000000E+0	0.000000E+0
3.179081E+3	-2.002600E-4	1.296780E+4	0.000000E+0	0.000000E+0
3.183109E+3	-2.002900E-4	1.296770E+4	0.000000E+0	0.000000E+0
3.187054E+3	-2.002900E-4	1.296780E+4	0.000000E+0	0.000000E+0
3.191093E+3	-2.002600E-4	1.296750E+4	0.000000E+0	0.000000E+0
3.195082E+3	-2.002700E-4	1.296740E+4	0.000000E+0	0.000000E+0
3.199079E+3	-2.003100E-4	1.296720E+4	0.000000E+0	0.000000E+0
3.203077E+3	-2.003100E-4	1.296720E+4	0.000000E+0	0.000000E+0
3.207077E+3	-2.003100E-4	1.296700E+4	0.000000E+0	0.000000E+0
3.211079E+3	-2.003100E-4	1.296690E+4	0.000000E+0	0.000000E+0
3.215082E+3	-2.003100E-4	1.296670E+4	0.000000E+0	0.000000E+0
3.219096E+3	-2.002900E-4	1.296660E+4	0.000000E+0	0.000000E+0
3.223059E+3	-2.002900E-4	1.296650E+4	0.000000E+0	0.000000E+0
3.227094E+3	-2.003000E-4	1.296630E+4	0.000000E+0	0.000000E+0
3.231077E+3	-2.003100E-4	1.296620E+4	0.000000E+0	0.000000E+0
3.235083E+3	-2.003100E-4	1.296630E+4	0.000000E+0	0.000000E+0
3.239057E+3	-2.002800E-4	1.296620E+4	0.000000E+0	0.000000E+0
3.243094E+3	-2.002700E-4	1.296610E+4	0.000000E+0	0.000000E+0
3.247083E+3	-2.002900E-4	1.296610E+4	0.000000E+0	0.000000E+0
3.251080E+3	-2.003000E-4	1.296600E+4	0.000000E+0	0.000000E+0
3.255078E+3	-2.002600E-4	1.296590E+4	0.000000E+0	0.000000E+0
3.259078E+3	-2.002800E-4	1.296580E+4	0.000000E+0	0.000000E+0
3.263076E+3	-2.002900E-4	1.296570E+4	0.000000E+0	0.000000E+0
3.267079E+3	-2.002800E-4	1.296550E+4	0.000000E+0	0.000000E+0
3.271079E+3	-2.002900E-4	1.296540E+4	0.000000E+0	0.000000E+0
3.275081E+3	-2.002500E-4	1.296540E+4	0.000000E+0	0.000000E+0
3.279084E+3	-2.002800E-4	1.296530E+4	0.000000E+0	0.000000E+0
3.283062E+3	-2.002200E-4	1.296510E+4	0.000000E+0	0.000000E+0
3.287097E+3	-2.002100E-4	1.296500E+4	0.000000E+0	0.000000E+0
3.291093E+3	-2.002800E-4	1.296490E+4	0.000000E+0	0.000000E+0
3.295055E+3	-2.002900E-4	1.296470E+4	0.000000E+0	0.000000E+0
3.299091E+3	-2.002900E-4	1.296470E+4	0.000000E+0	0.000000E+0
3.303079E+3	-2.002800E-4	1.296460E+4	0.000000E+0	0.000000E+0
3.307076E+3	-2.002900E-4	1.296460E+4	0.000000E+0	0.000000E+0
3.311079E+3	-2.003000E-4	1.296460E+4	0.000000E+0	0.000000E+0
3.315079E+3	-2.002800E-4	1.296460E+4	0.000000E+0	0.000000E+0
3.319130E+3	-2.003000E-4	1.296440E+4	0.000000E+0	0.000000E+0
3.323055E+3	-2.002900E-4	1.296430E+4	0.000000E+0	0.000000E+0
3.327103E+3	-2.003000E-4	1.296440E+4	0.000000E+0	0.000000E+0
3.331058E+3	-2.003000E-4	1.296440E+4	0.000000E+0	0.000000E+0
3.335095E+3	-2.002800E-4	1.296460E+4	0.000000E+0	0.000000E+0
3.339078E+3	-2.003000E-4	1.296450E+4	0.000000E+0	0.000000E+0
3.343078E+3	-2.003000E-4	1.296430E+4	0.000000E+0	0.000000E+0
3.347078E+3	-2.003000E-4	1.296430E+4	0.000000E+0	0.000000E+0
3.351078E+3	-2.002700E-4	1.296410E+4	0.000000E+0	0.000000E+0
3.355081E+3	-2.002300E-4	1.296400E+4	0.000000E+0	0.000000E+0
3.359082E+3	-2.002700E-4	1.296370E+4	0.000000E+0	0.000000E+0
3.363079E+3	-2.003000E-4	1.296350E+4	0.000000E+0	0.000000E+0
3.367079E+3	-2.002500E-4	1.296340E+4	0.000000E+0	0.000000E+0
3.371078E+3	-2.002800E-4	1.296330E+4	0.000000E+0	0.000000E+0
3.375082E+3	-2.002400E-4	1.296320E+4	0.000000E+0	0.000000E+0
3.379082E+3	-2.002300E-4	1.296330E+4	0.000000E+0	0.000000E+0
3.383081E+3	-2.002400E-4	1.296350E+4	0.000000E+0	0.000000E+0
3.387080E+3	-2.003000E-4	1.296340E+4	0.000000E+0	0.000000E+0
3.391081E+3	-2.002900E-4	1.296320E+4	0.000000E+0	0.000000E+0
3.395083E+3	-2.002800E-4	1.296300E+4	0.000000E+0	0.000000E+0
3.399082E+3	-2.002800E-4	1.296280E+4	0.000000E+0	0.000000E+0
3.403075E+3	-2.003100E-4	1.296270E+4	0.000000E+0	0.000000E+0
3.407076E+3	-2.003000E-4	1.296280E+4	0.000000E+0	0.000000E+0
3.411087E+3	-2.003100E-4	1.296260E+4	0.000000E+0	0.000000E+0
3.415060E+3	-2.003200E-4	1.296240E+4	0.000000E+0	0.000000E+0
3.419078E+3	-2.003000E-4	1.296230E+4	0.000000E+0	0.000000E+0
3.423074E+3	-2.003200E-4	1.296230E+4	0.000000E+0	0.000000E+0
3.427081E+3	-2.003300E-4	1.296230E+4	0.000000E+0	0.000000E+0
3.431080E+3	-2.003200E-4	1.296230E+4	0.000000E+0	0.000000E+0
3.435091E+3	-2.003100E-4	1.296240E+4	0.000000E+0	0.000000E+0
3.439052E+3	-2.003000E-4	1.296230E+4	0.000000E+0	0.000000E+0
3.443091E+3	-2.003200E-4	1.296210E+4	0.000000E+0	0.000000E+0
3.447081E+3	-2.003400E-4	1.296210E+4	0.000000E+0	0.000000E+0
3.451081E+3	-2.003100E-4	1.296200E+4	0.000000E+0	0.000000E+0
3.455081E+3	-2.002900E-4	1.296200E+4	0.000000E+0	0.000000E+0
3.459080E+3	-2.003300E-4	1.296190E+4	0.000000E+0	0.000000E+0
3.463082E+3	-2.003000E-4	1.296190E+4	0.000000E+0	0.000000E+0
3.467081E+3	-2.003200E-4	1.296180E+4	0.000000E+0	0.000000E+0
3.471117E+3	-2.003000E-4	1.296180E+4	0.000000E+0	0.000000E+0
3.475058E+3	-2.003100E-4	1.296160E+4	0.000000E+0	0.000000E+0
3.479096E+3	-2.002700E-4	1.296160E+4	0.000000E+0	0.000000E+0
3.483084E+3	-2.002800E-4	1.296160E+4	0.000000E+0	0.000000E+0
3.487059E+3	-2.003000E-4	1.296140E+4	0.000000E+0	0.000000E+0
3.491098E+3	-2.003000E-4	1.296150E+4	0.000000E+0	0.000000E+0
3.495061E+3	-2.002800E-4	1.296130E+4	0.000000E+0	0.000000E+0
3.499107E+3	-2.002900E-4	1.296130E+4	0.000000E+0	0.000000E+0
3.503069E+3	-2.003100E-4	1.296130E+4	0.000000E+0	0.000000E+0
3.507116E+3	-2.002900E-4	1.296110E+4	0.000000E+0	0.000000E+0
3.511053E+3	-2.002800E-4	1.296110E+4	0.000000E+0	0.000000E+0
3.515090E+3	-2.002700E-4	1.296110E+4	0.000000E+0	0.000000E+0
3.519081E+3	-2.002900E-4	1.296100E+4	0.000000E+0	0.000000E+0
3.523080E+3	-2.002900E-4	1.296100E+4	0.000000E+0	0.000000E+0
3.527080E+3	-2.002800E-4	1.296130E+4	0.000000E+0	0.000000E+0
3.531080E+3	-2.002500E-4	1.296120E+4	0.000000E+0	0.000000E+0
3.535081E+3	-2.002500E-4	1.296090E+4	0.000000E+0	0.000000E+0
3.539079E+3	-2.002800E-4	1.296060E+4	0.000000E+0	0.000000E+0
3.543080E+3	-2.002400E-4	1.296060E+4	0.000000E+0	0.000000E+0
3.547080E+3	-2.002800E-4	1.296050E+4	0.000000E+0	0.000000E+0
3.551085E+3	-2.002600E-4	1.296020E+4	0.000000E+0	0.000000E+0
3.555082E+3	-2.002600E-4	1.295970E+4	0.000000E+0	0.000000E+0
3.559074E+3	-2.002700E-4	1.295950E+4	0.000000E+0	0.000000E+0
3.563074E+3	-2.002600E-4	1.295940E+4	0.000000E+0	0.000000E+0
3.567082E+3	-2.002700E-4	1.295930E+4	0.000000E+0	0.000000E+0
3.571080E+3	-2.003000E-4	1.295920E+4	0.000000E+0	0.000000E+0
3.575080E+3	-2.002900E-4	1.295910E+4	0.000000E+0	0.000000E+0
3.579078E+3	-2.002900E-4	1.295900E+4	0.000000E+0	0.000000E+0
3.583079E+3	-2.003200E-4	1.295900E+4	0.000000E+0	0.000000E+0
3.587079E+3	-2.002900E-4	1.295890E+4	0.000000E+0	0.000000E+0
3.591078E+3	-2.002600E-4	1.295890E+4	0.000000E+0	0.000000E+0
3.595080E+3	-2.002500E-4	1.295890E+4	0.000000E+0	0.000000E+0
3.599075E+3	-2.002600E-4	1.295890E+4	0.000000E+0	0.000000E+0
3.603080E+3	-2.002500E-4	1.295880E+4	0.000000E+0	0.000000E+0
3.607081E+3	-2.002400E-4	1.295870E+4	0.000000E+0	0.000000E+0
3.611085E+3	-2.002200E-4	1.295870E+4	0.000000E+0	0.000000E+0
3.615059E+3	-2.002400E-4	1.295880E+4	0.000000E+0	0.000000E+0
3.619098E+3	-2.002700E-4	1.295860E+4	0.000000E+0	0.000000E+0
3.623084E+3	-2.002700E-4	1.295860E+4	0.000000E+0	0.000000E+0
3.627052E+3	-2.002500E-4	1.295860E+4	0.000000E+0	0.000000E+0
3.631098E+3	-2.002300E-4	1.295860E+4	0.000000E+0	0.000000E+0
3.635117E+3	-2.002200E-4	1.295860E+4	0.000000E+0	0.000000E+0
3.639062E+3	-2.002400E-4	1.295860E+4	0.000000E+0	0.000000E+0
3.643100E+3	-2.002400E-4	1.295860E+4	0.000000E+0	0.000000E+0
3.647058E+3	-2.002600E-4	1.295860E+4	0.000000E+0	0.000000E+0
3.651109E+3	-2.002300E-4	1.295850E+4	0.000000E+0	0.000000E+0
3.655055E+3	-2.002600E-4	1.295870E+4	0.000000E+0	0.000000E+0
3.659091E+3	-2.002500E-4	1.295870E+4	0.000000E+0	0.000000E+0
3.663080E+3	-2.002600E-4	1.295860E+4	0.000000E+0	0.000000E+0
3.667078E+3	-2.002900E-4	1.295850E+4	0.000000E+0	0.000000E+0
3.671079E+3	-2.002500E-4	1.295840E+4	0.000000E+0	0.000000E+0
3.675077E+3	-2.002600E-4	1.295830E+4	0.000000E+0	0.000000E+0
3.679075E+3	-2.002500E-4	1.295830E+4	0.000000E+0	0.000000E+0
3.683079E+3	-2.002600E-4	1.295830E+4	0.000000E+0	0.000000E+0
3.687082E+3	-2.002800E-4	1.295820E+4	0.000000E+0	0.000000E+0
3.691081E+3	-2.002400E-4	1.295820E+4	0.000000E+0	0.000000E+0
3.695083E+3	-2.002600E-4	1.295800E+4	0.000000E+0	0.000000E+0
3.699078E+3	-2.002800E-4	1.295790E+4	0.000000E+0	0.000000E+0
3.703076E+3	-2.002900E-4	1.295790E+4	0.000000E+0	0.000000E+0
3.707076E+3	-2.002600E-4	1.295780E+4	0.000000E+0	0.000000E+0
3.711078E+3	-2.002700E-4	1.295760E+4	0.000000E+0	0.000000E+0
3.715081E+3	-2.002800E-4	1.295760E+4	0.000000E+0	0.000000E+0
3.719083E+3	-2.003100E-4	1.295760E+4	0.000000E+0	0.000000E+0
3.723113E+3	-2.002500E-4	1.295750E+4	0.000000E+0	0.000000E+0
3.727059E+3	-2.002900E-4	1.295750E+4	0.000000E+0	0.000000E+0
3.731093E+3	-2.002700E-4	1.295750E+4	0.000000E+0	0.000000E+0
3.735076E+3	-2.002700E-4	1.295750E+4	0.000000E+0	0.000000E+0
3.739082E+3	-2.002800E-4	1.295750E+4	0.000000E+0	0.000000E+0
3.743076E+3	-2.003000E-4	1.295750E+4	0.000000E+0	0.000000E+0
3.747080E+3	-2.002900E-4	1.295750E+4	0.000000E+0	0.000000E+0
3.751080E+3	-2.002600E-4	1.295740E+4	0.000000E+0	0.000000E+0
3.755090E+3	-2.002700E-4	1.295730E+4	0.000000E+0	0.000000E+0
3.759061E+3	-2.002800E-4	1.295730E+4	0.000000E+0	0.000000E+0
3.763080E+3	-2.002900E-4	1.295720E+4	0.000000E+0	0.000000E+0
3.767179E+3	-2.003300E-4	1.295720E+4	0.000000E+0	0.000000E+0
3.771130E+3	-2.002900E-4	1.295720E+4	0.000000E+0	0.000000E+0
3.775064E+3	-2.002800E-4	1.295710E+4	0.000000E+0	0.000000E+0
3.779095E+3	-2.003100E-4	1.295700E+4	0.000000E+0	0.000000E+0
3.783080E+3	-2.002800E-4	1.295700E+4	0.000000E+0	0.000000E+0
3.787083E+3	-2.002400E-4	1.295700E+4	0.000000E+0	0.000000E+0
3.791083E+3	-2.002400E-4	1.295690E+4	0.000000E+0	0.000000E+0
3.795097E+3	-2.002600E-4	1.295670E+4	0.000000E+0	0.000000E+0
3.799057E+3	-2.003000E-4	1.295660E+4	0.000000E+0	0.000000E+0
3.803093E+3	-2.002700E-4	1.295660E+4	0.000000E+0	0.000000E+0
3.807083E+3	-2.002600E-4	1.295680E+4	0.000000E+0	0.000000E+0
3.811076E+3	-2.002700E-4	1.295670E+4	0.000000E+0	0.000000E+0
3.815078E+3	-2.002500E-4	1.295620E+4	0.000000E+0	0.000000E+0
3.819084E+3	-2.002300E-4	1.295590E+4	0.000000E+0	0.000000E+0
3.823057E+3	-2.002400E-4	1.295570E+4	0.000000E+0	0.000000E+0
3.827097E+3	-2.002500E-4	1.295560E+4	0.000000E+0	0.000000E+0
3.831096E+3	-2.002300E-4	1.295540E+4	0.000000E+0	0.000000E+0
3.835056E+3	-2.002200E-4	1.295540E+4	0.000000E+0	0.000000E+0
3.839091E+3	-2.002200E-4	1.295540E+4	0.000000E+0	0.000000E+0
3.843079E+3	-2.002400E-4	1.295540E+4	0.000000E+0	0.000000E+0
3.847077E+3	-2.002400E-4	1.295540E+4	0.000000E+0	0.000000E+0
3.851077E+3	-2.002100E-4	1.295550E+4	0.000000E+0	0.000000E+0
3.855080E+3	-2.002600E-4	1.295540E+4	0.000000E+0	0.000000E+0
3.859080E+3	-2.002200E-4	1.295530E+4	0.000000E+0	0.000000E+0
3.863077E+3	-2.002200E-4	1.295530E+4	0.000000E+0	0.000000E+0
3.867094E+3	-2.002400E-4	1.295520E+4	0.000000E+0	0.000000E+0
3.871059E+3	-2.002200E-4	1.295520E+4	0.000000E+0	0.000000E+0
3.875100E+3	-2.002500E-4	1.295520E+4	0.000000E+0	0.000000E+0
3.879060E+3	-2.002400E-4	1.295520E+4	0.000000E+0	0.000000E+0
3.883093E+3	-2.002500E-4	1.295510E+4	0.000000E+0	0.000000E+0
3.887081E+3	-2.002200E-4	1.295470E+4	0.000000E+0	0.000000E+0
3.891076E+3	-2.002300E-4	1.295450E+4	0.000000E+0	0.000000E+0
3.895083E+3	-2.002300E-4	1.295440E+4	0.000000E+0	0.000000E+0
3.899079E+3	-2.002400E-4	1.295430E+4	0.000000E+0	0.000000E+0
3.903090E+3	-2.002500E-4	1.295410E+4	0.000000E+0	0.000000E+0
3.907058E+3	-2.002400E-4	1.295410E+4	0.000000E+0	0.000000E+0
3.911093E+3	-2.002400E-4	1.295410E+4	0.000000E+0	0.000000E+0
3.915081E+3	-2.002200E-4	1.295400E+4	0.000000E+0	0.000000E+0
3.919083E+3	-2.002300E-4	1.295400E+4	0.000000E+0	0.000000E+0
3.923078E+3	-2.002400E-4	1.295410E+4	0.000000E+0	0.000000E+0
3.927079E+3	-2.002600E-4	1.295400E+4	0.000000E+0	0.000000E+0
3.931086E+3	-2.002500E-4	1.295400E+4	0.000000E+0	0.000000E+0
3.935080E+3	-2.002700E-4	1.295400E+4	0.000000E+0	0.000000E+0
3.939091E+3	-2.002900E-4	1.295410E+4	0.000000E+0	0.000000E+0
3.943063E+3	-2.002900E-4	1.295400E+4	0.000000E+0	0.000000E+0
3.947100E+3	-2.002900E-4	1.295390E+4	0.000000E+0	0.000000E+0
3.951061E+3	-2.002800E-4	1.295380E+4	0.000000E+0	0.000000E+0
3.955107E+3	-2.002900E-4	1.295370E+4	0.000000E+0	0.000000E+0
3.959066E+3	-2.003200E-4	1.295370E+4	0.000000E+0	0.000000E+0
3.963081E+3	-2.002600E-4	1.295360E+4	0.000000E+0	0.000000E+0
3.967081E+3	-2.002600E-4	1.295330E+4	0.000000E+0	0.000000E+0
3.971078E+3	-2.002600E-4	1.295320E+4	0.000000E+0	0.000000E+0
3.975108E+3	-2.002500E-4	1.295300E+4	0.000000E+0	0.000000E+0
3.979057E+3	-2.002500E-4	1.295290E+4	0.000000E+0	0.000000E+0
3.983097E+3	-2.002500E-4	1.295280E+4	0.000000E+0	0.000000E+0
3.987084E+3	-2.002300E-4	1.295280E+4	0.000000E+0	0.000000E+0
3.991062E+3	-2.002300E-4	1.295270E+4	0.000000E+0	0.000000E+0
3.995096E+3	-2.002400E-4	1.295270E+4	0.000000E+0	0.000000E+0
3.999084E+3	-2.002300E-4	1.295260E+4	0.000000E+0	0.000000E+0
4.003054E+3	-2.002800E-4	1.295250E+4	0.000000E+0	0.000000E+0
4.007089E+3	-2.002300E-4	1.295240E+4	0.000000E+0	0.000000E+0
4.011090E+3	-2.002700E-4	1.295240E+4	0.000000E+0	0.000000E+0
4.015055E+3	-2.002400E-4	1.295240E+4	0.000000E+0	0.000000E+0
4.019090E+3	-2.002300E-4	1.295230E+4	0.000000E+0	0.000000E+0
4.023081E+3	-2.002300E-4	1.295240E+4	0.000000E+0	0.000000E+0
4.027081E+3	-2.002000E-4	1.295220E+4	0.000000E+0	0.000000E+0
4.031084E+3	-2.002100E-4	1.295220E+4	0.000000E+0	0.000000E+0
4.035060E+3	-2.002400E-4	1.295210E+4	0.000000E+0	0.000000E+0
4.039097E+3	-2.002200E-4	1.295210E+4	0.000000E+0	0.000000E+0
4.043081E+3	-2.002200E-4	1.295190E+4	0.000000E+0	0.000000E+0
4.047080E+3	-2.002300E-4	1.295180E+4	0.000000E+0	0.000000E+0
4.051075E+3	-2.002200E-4	1.295180E+4	0.000000E+0	0.000000E+0
4.055082E+3	-2.002300E-4	1.295160E+4	0.000000E+0	0.000000E+0
4.059080E+3	-2.002400E-4	1.295160E+4	0.000000E+0	0.000000E+0
4.063081E+3	-2.002100E-4	1.295140E+4	0.000000E+0	0.000000E+0
4.067080E+3	-2.002500E-4	1.295130E+4	0.000000E+0	0.000000E+0
4.071081E+3	-2.002400E-4	1.295120E+4	0.000000E+0	0.000000E+0
4.075078E+3	-2.002400E-4	1.295110E+4	0.000000E+0	0.000000E+0
4.079075E+3	-2.002600E-4	1.295100E+4	0.000000E+0	0.000000E+0
4.083091E+3	-2.002600E-4	1.295100E+4	0.000000E+0	0.000000E+0
4.087059E+3	-2.002700E-4	1.295100E+4	0.000000E+0	0.000000E+0
4.091096E+3	-2.002500E-4	1.295090E+4	0.000000E+0	0.000000E+0
4.095082E+3	-2.002800E-4	1.295100E+4	0.000000E+0	0.000000E+0
4.099084E+3	-2.002600E-4	1.295100E+4	0.000000E+0	0.000000E+0
4.103081E+3	-2.002300E-4	1.295100E+4	0.000000E+0	0.000000E+0
4.107079E+3	-2.002200E-4	1.295090E+4	0.000000E+0	0.000000E+0
4.111078E+3	-2.002100E-4	1.295090E+4	0.000000E+0	0.000000E+0
4.115076E+3	-2.002300E-4	1.295080E+4	0.000000E+0	0.000000E+0
4.119087E+3	-2.002400E-4	1.295070E+4	0.000000E+0	0.000000E+0
4.123077E+3	-2.002300E-4	1.295070E+4	0.000000E+0	0.000000E+0
4.127076E+3	-2.002300E-4	1.295040E+4	0.000000E+0	0.000000E+0
4.131175E+3	-2.002200E-4	1.295020E+4	0.000000E+0	0.000000E+0
4.135092E+3	-2.002300E-4	1.294980E+4	0.000000E+0	0.000000E+0
4.139083E+3	-2.002200E-4	1.294960E+4	0.000000E+0	0.000000E+0
4.143082E+3	-2.002300E-4	1.294950E+4	0.000000E+0	0.000000E+0
4.147082E+3	-2.002200E-4	1.294950E+4	0.000000E+0	0.000000E+0
4.151078E+3	-2.002200E-4	1.294940E+4	0.000000E+0	0.000000E+0
4.155082E+3	-2.002100E-4	1.294940E+4	0.000000E+0	0.000000E+0
4.159082E+3	-2.002500E-4	1.294940E+4	0.000000E+0	0.000000E+0
4.163080E+3	-2.002500E-4	1.294930E+4	0.000000E+0	0.000000E+0
4.167081E+3	-2.002400E-4	1.294910E+4	0.000000E+0	0.000000E+0
4.171074E+3	-2.002200E-4	1.294890E+4	0.000000E+0	0.000000E+0
4.175078E+3	-2.002300E-4	1.294880E+4	0.000000E+0	0.000000E+0
4.179075E+3	-2.002200E-4	1.294870E+4	0.000000E+0	0.000000E+0
4.183083E+3	-2.002400E-4	1.294850E+4	0.000000E+0	0.000000E+0
4.187078E+3	-2.002400E-4	1.294860E+4	0.000000E+0	0.000000E+0
4.191082E+3	-2.002600E-4	1.294850E+4	0.000000E+0	0.000000E+0
4.195062E+3	-2.002500E-4	1.294830E+4	0.000000E+0	0.000000E+0
4.199097E+3	-2.002400E-4	1.294820E+4	0.000000E+0	0.000000E+0
4.203084E+3	-2.002500E-4	1.294800E+4	0.000000E+0	0.000000E+0
4.207058E+3	-2.002500E-4	1.294790E+4	0.000000E+0	0.000000E+0
4.211091E+3	-2.002500E-4	1.294790E+4	0.000000E+0	0.000000E+0
4.215080E+3	-2.002600E-4	1.294790E+4	0.000000E+0	0.000000E+0
4.219086E+3	-2.002300E-4	1.294790E+4	0.000000E+0	0.000000E+0
4.223083E+3	-2.002300E-4	1.294780E+4	0.000000E+0	0.000000E+0
4.227077E+3	-2.002400E-4	1.294770E+4	0.000000E+0	0.000000E+0
4.231078E+3	-2.002300E-4	1.294750E+4	0.000000E+0	0.000000E+0
4.235080E+3	-2.002300E-4	1.294740E+4	0.000000E+0	0.000000E+0
4.239079E+3	-2.002300E-4	1.294740E+4	0.000000E+0	0.000000E+0
4.243080E+3	-2.002500E-4	1.294740E+4	0.000000E+0	0.000000E+0
4.247080E+3	-2.002500E-4	1.294720E+4	0.000000E+0	0.000000E+0
4.251078E+3	-2.002300E-4	1.294700E+4	0.000000E+0	0.000000E+0
4.255081E+3	-2.002200E-4	1.294700E+4	0.000000E+0	0.000000E+0
4.259081E+3	-2.002500E-4	1.294690E+4	0.000000E+0	0.000000E+0
4.263082E+3	-2.002400E-4	1.294680E+4	0.000000E+0	0.000000E+0
4.267076E+3	-2.002600E-4	1.294650E+4	0.000000E+0	0.000000E+0
4.271080E+3	-2.002700E-4	1.294610E+4	0.000000E+0	0.000000E+0
4.275081E+3	-2.002500E-4	1.294580E+4	0.000000E+0	0.000000E+0
4.279078E+3	-2.002600E-4	1.294550E+4	0.000000E+0	0.000000E+0
4.283078E+3	-2.002600E-4	1.294530E+4	0.000000E+0	0.000000E+0
4.287081E+3	-2.002400E-4	1.294540E+4	0.000000E+0	0.000000E+0
4.291079E+3	-2.002300E-4	1.294530E+4	0.000000E+0	0.000000E+0
4.295077E+3	-2.002200E-4	1.294520E+4	0.000000E+0	0.000000E+0
4.299105E+3	-2.002200E-4	1.294520E+4	0.000000E+0	0.000000E+0
4.303053E+3	-2.002100E-4	1.294510E+4	0.000000E+0	0.000000E+0
4.307096E+3	-2.002400E-4	1.294500E+4	0.000000E+0	0.000000E+0
4.311087E+3	-2.001600E-4	1.294490E+4	0.000000E+0	0.000000E+0
4.315083E+3	-2.001700E-4	1.294480E+4	0.000000E+0	0.000000E+0
4.319083E+3	-2.002100E-4	1.294460E+4	0.000000E+0	0.000000E+0
4.323077E+3	-2.002100E-4	1.294460E+4	0.000000E+0	0.000000E+0
4.327077E+3	-2.002100E-4	1.294440E+4	0.000000E+0	0.000000E+0
4.331083E+3	-2.001700E-4	1.294440E+4	0.000000E+0	0.000000E+0
4.335070E+3	-2.002200E-4	1.294430E+4	0.000000E+0	0.000000E+0
4.339080E+3	-2.002300E-4	1.294420E+4	0.000000E+0	0.000000E+0
4.343083E+3	-2.002200E-4	1.294400E+4	0.000000E+0	0.000000E+0
4.347078E+3	-2.002300E-4	1.294390E+4	0.000000E+0	0.000000E+0
4.351078E+3	-2.002300E-4	1.294390E+4	0.000000E+0	0.000000E+0
4.355088E+3	-2.002300E-4	1.294400E+4	0.000000E+0	0.000000E+0
4.359055E+3	-2.002600E-4	1.294390E+4	0.000000E+0	0.000000E+0
4.363093E+3	-2.002500E-4	1.294360E+4	0.000000E+0	0.000000E+0
4.367081E+3	-2.002600E-4	1.294330E+4	0.000000E+0	0.000000E+0
4.371086E+3	-2.002400E-4	1.294320E+4	0.000000E+0	0.000000E+0
4.375079E+3	-2.002500E-4	1.294320E+4	0.000000E+0	0.000000E+0
4.379083E+3	-2.002500E-4	1.294320E+4	0.000000E+0	0.000000E+0
4.383084E+3	-2.002500E-4	1.294310E+4	0.000000E+0	0.000000E+0
4.387080E+3	-2.002700E-4	1.294290E+4	0.000000E+0	0.000000E+0
4.391077E+3	-2.002600E-4	1.294290E+4	0.000000E+0	0.000000E+0
4.395080E+3	-2.002500E-4	1.294270E+4	0.000000E+0	0.000000E+0
4.399080E+3	-2.002400E-4	1.294260E+4	0.000000E+0	0.000000E+0
4.403078E+3	-2.002400E-4	1.294250E+4	0.000000E+0	0.000000E+0
4.407088E+3	-2.002600E-4	1.294240E+4	0.000000E+0	0.000000E+0
4.411056E+3	-2.002600E-4	1.294230E+4	0.000000E+0	0.000000E+0
4.415091E+3	-2.002700E-4	1.294220E+4	0.000000E+0	0.000000E+0
4.419072E+3	-2.002700E-4	1.294210E+4	0.000000E+0	0.000000E+0
4.423077E+3	-2.002400E-4	1.294200E+4	0.000000E+0	0.000000E+0
4.427075E+3	-2.002600E-4	1.294190E+4	0.000000E+0	0.000000E+0
4.431076E+3	-2.002900E-4	1.294170E+4	0.000000E+0	0.000000E+0
4.435083E+3	-2.002500E-4	1.294170E+4	0.000000E+0	0.000000E+0
4.439081E+3	-2.002400E-4	1.294160E+4	0.000000E+0	0.000000E+0
4.443123E+3	-2.002800E-4	1.294140E+4	0.000000E+0	0.000000E+0
4.447052E+3	-2.002600E-4	1.294140E+4	0.000000E+0	0.000000E+0
4.451102E+3	-2.002600E-4	1.294130E+4	0.000000E+0	0.000000E+0
4.455063E+3	-2.002700E-4	1.294110E+4	0.000000E+0	0.000000E+0
4.459097E+3	-2.002500E-4	1.294110E+4	0.000000E+0	0.000000E+0
4.463056E+3	-2.002500E-4	1.294110E+4	0.000000E+0	0.000000E+0
4.467097E+3	-2.002400E-4	1.294100E+4	0.000000E+0	0.000000E+0
4.471082E+3	-2.002600E-4	1.294100E+4	0.000000E+0	0.000000E+0
4.475079E+3	-2.002400E-4	1.294090E+4	0.000000E+0	0.000000E+0
4.479085E+3	-2.002500E-4	1.294080E+4	0.000000E+0	0.000000E+0
4.483080E+3	-2.002400E-4	1.294070E+4	0.000000E+0	0.000000E+0
4.487080E+3	-2.002500E-4	1.294060E+4	0.000000E+0	0.000000E+0
4.491082E+3	-2.002400E-4	1.294060E+4	0.000000E+0	0.000000E+0
4.495074E+3	-2.002500E-4	1.294050E+4	0.000000E+0	0.000000E+0
4.499082E+3	-2.002500E-4	1.294040E+4	0.000000E+0	0.000000E+0
4.503079E+3	-2.002500E-4	1.294020E+4	0.000000E+0	0.000000E+0
4.507084E+3	-2.002500E-4	1.294000E+4	0.000000E+0	0.000000E+0
4.511081E+3	-2.002500E-4	1.293970E+4	0.000000E+0	0.000000E+0
4.515111E+3	-2.002800E-4	1.293960E+4	0.000000E+0	0.000000E+0
4.519068E+3	-2.002400E-4	1.293940E+4	0.000000E+0	0.000000E+0
4.523083E+3	-2.002400E-4	1.293930E+4	0.000000E+0	0.000000E+0
4.527083E+3	-2.002400E-4	1.293910E+4	0.000000E+0	0.000000E+0
4.531076E+3	-2.002400E-4	1.293890E+4	0.000000E+0	0.000000E+0
4.535084E+3	-2.002300E-4	1.293840E+4	0.000000E+0	0.000000E+0
4.539075E+3	-2.002500E-4	1.293830E+4	0.000000E+0	0.000000E+0
4.543070E+3	-2.002100E-4	1.293800E+4	0.000000E+0	0.000000E+0
4.547083E+3	-2.002400E-4	1.293790E+4	0.000000E+0	0.000000E+0
4.551083E+3	-2.002400E-4	1.293770E+4	0.000000E+0	0.000000E+0
4.555076E+3	-2.002300E-4	1.293760E+4	0.000000E+0	0.000000E+0
4.559075E+3	-2.002400E-4	1.293760E+4	0.000000E+0	0.000000E+0
4.563077E+3	-2.002400E-4	1.293760E+4	0.000000E+0	0.000000E+0
4.567079E+3	-2.002500E-4	1.293740E+4	0.000000E+0	0.000000E+0
4.571082E+3	-2.002400E-4	1.293730E+4	0.000000E+0	0.000000E+0
4.575084E+3	-2.002500E-4	1.293720E+4	0.000000E+0	0.000000E+0
4.579059E+3	-2.002200E-4	1.293710E+4	0.000000E+0	0.000000E+0
4.583092E+3	-2.002400E-4	1.293690E+4	0.000000E+0	0.000000E+0
4.587105E+3	-2.002600E-4	1.293680E+4	0.000000E+0	0.000000E+0
4.591055E+3	-2.002500E-4	1.293670E+4	0.000000E+0	0.000000E+0
4.595091E+3	-2.002200E-4	1.293650E+4	0.000000E+0	0.000000E+0
4.599080E+3	-2.002400E-4	1.293640E+4	0.000000E+0	0.000000E+0
4.603078E+3	-2.002600E-4	1.293620E+4	0.000000E+0	0.000000E+0
4.607078E+3	-2.002600E-4	1.293620E+4	0.000000E+0	0.000000E+0
4.611088E+3	-2.002300E-4	1.293630E+4	0.000000E+0	0.000000E+0
4.615059E+3	-2.002600E-4	1.293620E+4	0.000000E+0	0.000000E+0
4.619098E+3	-2.002300E-4	1.293610E+4	0.000000E+0	0.000000E+0
4.623059E+3	-2.002600E-4	1.293600E+4	0.000000E+0	0.000000E+0
4.627091E+3	-2.002400E-4	1.293590E+4	0.000000E+0	0.000000E+0
4.631080E+3	-2.002600E-4	1.293580E+4	0.000000E+0	0.000000E+0
4.635081E+3	-2.002300E-4	1.293570E+4	0.000000E+0	0.000000E+0
4.639079E+3	-2.002400E-4	1.293550E+4	0.000000E+0	0.000000E+0
4.643078E+3	-2.002600E-4	1.293530E+4	0.000000E+0	0.000000E+0
4.647079E+3	-2.002400E-4	1.293520E+4	0.000000E+0	0.000000E+0
4.651074E+3	-2.002500E-4	1.293510E+4	0.000000E+0	0.000000E+0
4.655081E+3	-2.002400E-4	1.293500E+4	0.000000E+0	0.000000E+0
4.659118E+3	-2.002500E-4	1.293500E+4	0.000000E+0	0.000000E+0
4.663069E+3	-2.002300E-4	1.293480E+4	0.000000E+0	0.000000E+0
4.667084E+3	-2.002400E-4	1.293480E+4	0.000000E+0	0.000000E+0
4.671284E+3	-2.002600E-4	1.293460E+4	0.000000E+0	0.000000E+0
4.675058E+3	-2.002600E-4	1.293450E+4	0.000000E+0	0.000000E+0
4.679098E+3	-2.002000E-4	1.293430E+4	0.000000E+0	0.000000E+0
4.683055E+3	-2.002400E-4	1.293430E+4	0.000000E+0	0.000000E+0
4.687091E+3	-2.002000E-4	1.293420E+4	0.000000E+0	0.000000E+0
4.691080E+3	-2.002200E-4	1.293400E+4	0.000000E+0	0.000000E+0
4.695087E+3	-2.002200E-4	1.293400E+4	0.000000E+0	0.000000E+0
4.699085E+3	-2.002200E-4	1.293380E+4	0.000000E+0	0.000000E+0
4.703057E+3	-2.002200E-4	1.293370E+4	0.000000E+0	0.000000E+0
4.707096E+3	-2.002300E-4	1.293360E+4	0.000000E+0	0.000000E+0
4.711081E+3	-2.002500E-4	1.293360E+4	0.000000E+0	0.000000E+0
4.715081E+3	-2.002400E-4	1.293350E+4	0.000000E+0	0.000000E+0
4.719076E+3	-2.002100E-4	1.293340E+4	0.000000E+0	0.000000E+0
4.723083E+3	-2.002300E-4	1.293340E+4	0.000000E+0	0.000000E+0
4.727079E+3	-2.002400E-4	1.293310E+4	0.000000E+0	0.000000E+0
4.731088E+3	-2.002200E-4	1.293300E+4	0.000000E+0	0.000000E+0
4.735081E+3	-2.002400E-4	1.293290E+4	0.000000E+0	0.000000E+0
4.739077E+3	-2.002400E-4	1.293270E+4	0.000000E+0	0.000000E+0
4.743077E+3	-2.002200E-4	1.293260E+4	0.000000E+0	0.000000E+0
4.747077E+3	-2.002900E-4	1.293260E+4	0.000000E+0	0.000000E+0
4.751081E+3	-2.002800E-4	1.293240E+4	0.000000E+0	0.000000E+0
4.755077E+3	-2.002500E-4	1.293230E+4	0.000000E+0	0.000000E+0
4.759081E+3	-2.002700E-4	1.293230E+4	0.000000E+0	0.000000E+0
4.763078E+3	-2.002800E-4	1.293220E+4	0.000000E+0	0.000000E+0
4.767078E+3	-2.002400E-4	1.293210E+4	0.000000E+0	0.000000E+0
4.771083E+3	-2.002400E-4	1.293210E+4	0.000000E+0	0.000000E+0
4.775082E+3	-2.002500E-4	1.293190E+4	0.000000E+0	0.000000E+0
4.779053E+3	-2.002600E-4	1.293170E+4	0.000000E+0	0.000000E+0
4.783097E+3	-2.002800E-4	1.293160E+4	0.000000E+0	0.000000E+0
4.787083E+3	-2.002500E-4	1.293150E+4	0.000000E+0	0.000000E+0
4.791075E+3	-2.002600E-4	1.293130E+4	0.000000E+0	0.000000E+0
4.795083E+3	-2.002400E-4	1.293110E+4	0.000000E+0	0.000000E+0
4.799073E+3	-2.002700E-4	1.293110E+4	0.000000E+0	0.000000E+0
4.803113E+3	-2.002900E-4	1.293100E+4	0.000000E+0	0.000000E+0
4.807057E+3	-2.003000E-4	1.293090E+4	0.000000E+0	0.000000E+0
4.811092E+3	-2.003000E-4	1.293090E+4	0.000000E+0	0.000000E+0
4.815081E+3	-2.003100E-4	1.293070E+4	0.000000E+0	0.000000E+0
4.819095E+3	-2.003300E-4	1.293060E+4	0.000000E+0	0.000000E+0
4.823057E+3	-2.003100E-4	1.293070E+4	0.000000E+0	0.000000E+0
4.827096E+3	-2.003200E-4	1.293060E+4	0.000000E+0	0.000000E+0
4.831084E+3	-2.002900E-4	1.293040E+4	0.000000E+0	0.000000E+0
4.835080E+3	-2.002700E-4	1.293030E+4	0.000000E+0	0.000000E+0
4.839076E+3	-2.002900E-4	1.293030E+4	0.000000E+0	0.000000E+0
4.843076E+3	-2.002800E-4	1.293020E+4	0.000000E+0	0.000000E+0
4.847076E+3	-2.003100E-4	1.293020E+4	0.000000E+0	0.000000E+0
4.851082E+3	-2.002400E-4	1.293020E+4	0.000000E+0	0.000000E+0
4.855082E+3	-2.002400E-4	1.293010E+4	0.000000E+0	0.000000E+0
4.859079E+3	-2.002900E-4	1.293000E+4	0.000000E+0	0.000000E+0
4.863075E+3	-2.002400E-4	1.293000E+4	0.000000E+0	0.000000E+0
4.867083E+3	-2.002600E-4	1.292980E+4	0.000000E+0	0.000000E+0
4.871069E+3	-2.002600E-4	1.292970E+4	0.000000E+0	0.000000E+0
4.875084E+3	-2.002500E-4	1.292960E+4	0.000000E+0	0.000000E+0
4.879083E+3	-2.002600E-4	1.292950E+4	0.000000E+0	0.000000E+0
4.883083E+3	-2.002500E-4	1.292950E+4	0.000000E+0	0.000000E+0
4.887078E+3	-2.002500E-4	1.292920E+4	0.000000E+0	0.000000E+0
4.891078E+3	-2.002300E-4	1.292910E+4	0.000000E+0	0.000000E+0
4.895078E+3	-2.002200E-4	1.292900E+4	0.000000E+0	0.000000E+0
4.899083E+3	-2.002200E-4	1.292880E+4	0.000000E+0	0.000000E+0
4.903081E+3	-2.002200E-4	1.292870E+4	0.000000E+0	0.000000E+0
4.907081E+3	-2.002500E-4	1.292850E+4	0.000000E+0	0.000000E+0
4.911140E+3	-2.002200E-4	1.292840E+4	0.000000E+0	0.000000E+0
4.915062E+3	-2.002100E-4	1.292840E+4	0.000000E+0	0.000000E+0
4.919098E+3	-2.002000E-4	1.292810E+4	0.000000E+0	0.000000E+0
4.923057E+3	-2.002500E-4	1.292810E+4	0.000000E+0	0.000000E+0
4.927097E+3	-2.002500E-4	1.292800E+4	0.000000E+0	0.000000E+0
4.931084E+3	-2.002400E-4	1.292810E+4	0.000000E+0	0.000000E+0
4.935055E+3	-2.002200E-4	1.292810E+4	0.000000E+0	0.000000E+0
4.939084E+3	-2.002000E-4	1.292790E+4	0.000000E+0	0.000000E+0
4.943075E+3	-2.002200E-4	1.292770E+4	0.000000E+0	0.000000E+0
4.947079E+3	-2.002100E-4	1.292750E+4	0.000000E+0	0.000000E+0
4.951083E+3	-2.001900E-4	1.292740E+4	0.000000E+0	0.000000E+0
4.955054E+3	-2.002100E-4	1.292730E+4	0.000000E+0	0.000000E+0
4.959091E+3	-2.002300E-4	1.292730E+4	0.000000E+0	0.000000E+0
4.963078E+3	-2.002100E-4	1.292720E+4	0.000000E+0	0.000000E+0
4.967080E+3	-2.002300E-4	1.292710E+4	0.000000E+0	0.000000E+0
4.971082E+3	-2.002100E-4	1.292690E+4	0.000000E+0	0.000000E+0
4.975061E+3	-2.002000E-4	1.292680E+4	0.000000E+0	0.000000E+0
4.979100E+3	-2.002000E-4	1.292670E+4	0.000000E+0	0.000000E+0
4.983062E+3	-2.002000E-4	1.292660E+4	0.000000E+0	0.000000E+0
4.987103E+3	-2.002100E-4	1.292650E+4	0.000000E+0	0.000000E+0
4.991064E+3	-2.002000E-4	1.292630E+4	0.000000E+0	0.000000E+0
4.995098E+3	-2.001800E-4	1.292620E+4	0.000000E+0	0.000000E+0
4.999059E+3	-2.002000E-4	1.292620E+4	0.000000E+0	0.000000E+0
5.003097E+3	-2.002000E-4	1.292610E+4	0.000000E+0	0.000000E+0
5.007067E+3	-2.001900E-4	1.292590E+4	0.000000E+0	0.000000E+0
5.011101E+3	-2.002000E-4	1.292520E+4	0.000000E+0	0.000000E+0
5.015062E+3	-2.002300E-4	1.292500E+4	0.000000E+0	0.000000E+0
5.019082E+3	-2.002700E-4	1.292480E+4	0.000000E+0	0.000000E+0
5.023084E+3	-2.002100E-4	1.292450E+4	0.000000E+0	0.000000E+0
5.027057E+3	-2.002100E-4	1.292430E+4	0.000000E+0	0.000000E+0
5.031099E+3	-2.002000E-4	1.292420E+4	0.000000E+0	0.000000E+0
5.035059E+3	-2.002200E-4	1.292420E+4	0.000000E+0	0.000000E+0
5.039095E+3	-2.002000E-4	1.292410E+4	0.000000E+0	0.000000E+0
5.043086E+3	-2.002000E-4	1.292400E+4	0.000000E+0	0.000000E+0
5.047071E+3	-2.002400E-4	1.292390E+4	0.000000E+0	0.000000E+0
5.051082E+3	-2.002300E-4	1.292390E+4	0.000000E+0	0.000000E+0
5.055082E+3	-2.002000E-4	1.292370E+4	0.000000E+0	0.000000E+0
5.059059E+3	-2.002400E-4	1.292350E+4	0.000000E+0	0.000000E+0
5.063091E+3	-2.002000E-4	1.292350E+4	0.000000E+0	0.000000E+0
5.067085E+3	-2.002000E-4	1.292340E+4	0.000000E+0	0.000000E+0
5.071056E+3	-2.002200E-4	1.292340E+4	0.000000E+0	0.000000E+0
5.075093E+3	-2.002500E-4	1.292330E+4	0.000000E+0	0.000000E+0
5.079080E+3	-2.002200E-4	1.292320E+4	0.000000E+0	0.000000E+0
5.083077E+3	-2.002100E-4	1.292300E+4	0.000000E+0	0.000000E+0
5.087076E+3	-2.002300E-4	1.292280E+4	0.000000E+0	0.000000E+0
5.091082E+3	-2.002200E-4	1.292260E+4	0.000000E+0	0.000000E+0
5.095079E+3	-2.002100E-4	1.292260E+4	0.000000E+0	0.000000E+0
5.099080E+3	-2.001900E-4	1.292240E+4	0.000000E+0	0.000000E+0
5.103081E+3	-2.002600E-4	1.292230E+4	0.000000E+0	0.000000E+0
5.107079E+3	-2.002400E-4	1.292230E+4	0.000000E+0	0.000000E+0
5.111079E+3	-2.002400E-4	1.292220E+4	0.000000E+0	0.000000E+0
5.115082E+3	-2.002300E-4	1.292200E+4	0.000000E+0	0.000000E+0
5.119088E+3	-2.002300E-4	1.292190E+4	0.000000E+0	0.000000E+0
5.123082E+3	-2.002200E-4	1.292180E+4	0.000000E+0	0.000000E+0
5.127055E+3	-2.002500E-4	1.292160E+4	0.000000E+0	0.000000E+0
5.131096E+3	-2.002600E-4	1.292160E+4	0.000000E+0	0.000000E+0
5.135080E+3	-2.002800E-4	1.292140E+4	0.000000E+0	0.000000E+0
5.139074E+3	-2.002700E-4	1.292120E+4	0.000000E+0	0.000000E+0
5.143081E+3	-2.002800E-4	1.292110E+4	0.000000E+0	0.000000E+0
5.147079E+3	-2.002400E-4	1.292100E+4	0.000000E+0	0.000000E+0
5.151080E+3	-2.002200E-4	1.292080E+4	0.000000E+0	0.000000E+0
5.155082E+3	-2.002400E-4	1.292080E+4	0.000000E+0	0.000000E+0
5.159081E+3	-2.002500E-4	1.292070E+4	0.000000E+0	0.000000E+0
5.163060E+3	-2.002400E-4	1.292060E+4	0.000000E+0	0.000000E+0
5.167095E+3	-2.002500E-4	1.292050E+4	0.000000E+0	0.000000E+0
5.171088E+3	-2.002800E-4	1.292060E+4	0.000000E+0	0.000000E+0
5.175057E+3	-2.002500E-4	1.292040E+4	0.000000E+0	0.000000E+0
5.179093E+3	-2.002300E-4	1.292030E+4	0.000000E+0	0.000000E+0
5.183081E+3	-2.002500E-4	1.292020E+4	0.000000E+0	0.000000E+0
5.187078E+3	-2.002600E-4	1.292010E+4	0.000000E+0	0.000000E+0
5.191074E+3	-2.002200E-4	1.292000E+4	0.000000E+0	0.000000E+0
5.195074E+3	-2.002500E-4	1.291980E+4	0.000000E+0	0.000000E+0
5.199080E+3	-2.002100E-4	1.291980E+4	0.000000E+0	0.000000E+0
5.203077E+3	-2.002400E-4	1.291970E+4	0.000000E+0	0.000000E+0
5.207079E+3	-2.002200E-4	1.291950E+4	0.000000E+0	0.000000E+0
5.211079E+3	-2.002500E-4	1.291940E+4	0.000000E+0	0.000000E+0
5.215080E+3	-2.002600E-4	1.291940E+4	0.000000E+0	0.000000E+0
5.219080E+3	-2.002600E-4	1.291930E+4	0.000000E+0	0.000000E+0
5.223085E+3	-2.002400E-4	1.291910E+4	0.000000E+0	0.000000E+0
5.227061E+3	-2.002400E-4	1.291880E+4	0.000000E+0	0.000000E+0
5.231098E+3	-2.002100E-4	1.291860E+4	0.000000E+0	0.000000E+0
5.235085E+3	-2.002200E-4	1.291850E+4	0.000000E+0	0.000000E+0
5.239056E+3	-2.002400E-4	1.291830E+4	0.000000E+0	0.000000E+0
5.243092E+3	-2.002400E-4	1.291820E+4	0.000000E+0	0.000000E+0
5.247082E+3	-2.002300E-4	1.291810E+4	0.000000E+0	0.000000E+0
5.251077E+3	-2.002200E-4	1.291810E+4	0.000000E+0	0.000000E+0
5.255078E+3	-2.002200E-4	1.291800E+4	0.000000E+0	0.000000E+0
5.259076E+3	-2.002400E-4	1.291790E+4	0.000000E+0	0.000000E+0
5.263078E+3	-2.002200E-4	1.291780E+4	0.000000E+0	0.000000E+0
5.267078E+3	-2.001800E-4	1.291780E+4	0.000000E+0	0.000000E+0
5.271089E+3	-2.002100E-4	1.291770E+4	0.000000E+0	0.000000E+0
5.275057E+3	-2.002000E-4	1.291760E+4	0.000000E+0	0.000000E+0
5.279095E+3	-2.001900E-4	1.291750E+4	0.000000E+0	0.000000E+0
5.283086E+3	-2.001900E-4	1.291750E+4	0.000000E+0	0.000000E+0
5.287058E+3	-2.001800E-4	1.291730E+4	0.000000E+0	0.000000E+0
5.291094E+3	-2.001800E-4	1.291720E+4	0.000000E+0	0.000000E+0
5.295082E+3	-2.002000E-4	1.291710E+4	0.000000E+0	0.000000E+0
5.299079E+3	-2.001900E-4	1.291680E+4	0.000000E+0	0.000000E+0
5.303082E+3	-2.002200E-4	1.291650E+4	0.000000E+0	0.000000E+0
5.307060E+3	-2.001900E-4	1.291640E+4	0.000000E+0	0.000000E+0
5.311095E+3	-2.002000E-4	1.291630E+4	0.000000E+0	0.000000E+0
5.315081E+3	-2.002000E-4	1.291610E+4	0.000000E+0	0.000000E+0
5.319082E+3	-2.002000E-4	1.291590E+4	0.000000E+0	0.000000E+0
5.323078E+3	-2.002100E-4	1.291580E+4	0.000000E+0	0.000000E+0
5.327078E+3	-2.001900E-4	1.291580E+4	0.000000E+0	0.000000E+0
5.331080E+3	-2.001900E-4	1.291560E+4	0.000000E+0	0.000000E+0
5.335082E+3	-2.002000E-4	1.291540E+4	0.000000E+0	0.000000E+0
5.339081E+3	-2.002000E-4	1.291540E+4	0.000000E+0	0.000000E+0
5.343079E+3	-2.002000E-4	1.291530E+4	0.000000E+0	0.000000E+0
5.347077E+3	-2.002000E-4	1.291510E+4	0.000000E+0	0.000000E+0
5.351079E+3	-2.001800E-4	1.291500E+4	0.000000E+0	0.000000E+0
5.355076E+3	-2.001800E-4	1.291510E+4	0.000000E+0	0.000000E+0
5.359081E+3	-2.002000E-4	1.291520E+4	0.000000E+0	0.000000E+0
5.363081E+3	-2.001800E-4	1.291500E+4	0.000000E+0	0.000000E+0
5.367054E+3	-2.002000E-4	1.291480E+4	0.000000E+0	0.000000E+0
5.371094E+3	-2.001900E-4	1.291460E+4	0.000000E+0	0.000000E+0
5.375082E+3	-2.002300E-4	1.291430E+4	0.000000E+0	0.000000E+0
5.379082E+3	-2.002100E-4	1.291420E+4	0.000000E+0	0.000000E+0
5.383084E+3	-2.002600E-4	1.291410E+4	0.000000E+0	0.000000E+0
5.387076E+3	-2.002600E-4	1.291410E+4	0.000000E+0	0.000000E+0
5.391077E+3	-2.002600E-4	1.291390E+4	0.000000E+0	0.000000E+0
5.395076E+3	-2.002300E-4	1.291380E+4	0.000000E+0	0.000000E+0
5.399080E+3	-2.002400E-4	1.291360E+4	0.000000E+0	0.000000E+0
5.403080E+3	-2.002200E-4	1.291350E+4	0.000000E+0	0.000000E+0
5.407079E+3	-2.002400E-4	1.291330E+4	0.000000E+0	0.000000E+0
5.411080E+3	-2.002500E-4	1.291300E+4	0.000000E+0	0.000000E+0
5.415085E+3	-2.002300E-4	1.291280E+4	0.000000E+0	0.000000E+0
5.419066E+3	-2.002500E-4	1.291270E+4	0.000000E+0	0.000000E+0
5.423102E+3	-2.002500E-4	1.291260E+4	0.000000E+0	0.000000E+0
5.427061E+3	-2.002600E-4	1.291230E+4	0.000000E+0	0.000000E+0
5.431107E+3	-2.002400E-4	1.291220E+4	0.000000E+0	0.000000E+0
5.435072E+3	-2.002400E-4	1.291220E+4	0.000000E+0	0.000000E+0
5.439093E+3	-2.002500E-4	1.291220E+4	0.000000E+0	0.000000E+0
5.443083E+3	-2.002400E-4	1.291210E+4	0.000000E+0	0.000000E+0
5.447054E+3	-2.002300E-4	1.291190E+4	0.000000E+0	0.000000E+0
5.451102E+3	-2.002400E-4	1.291170E+4	0.000000E+0	0.000000E+0
5.455057E+3	-2.002200E-4	1.291170E+4	0.000000E+0	0.000000E+0
5.459101E+3	-2.002600E-4	1.291150E+4	0.000000E+0	0.000000E+0
5.463056E+3	-2.002300E-4	1.291140E+4	0.000000E+0	0.000000E+0
5.467091E+3	-2.002200E-4	1.291130E+4	0.000000E+0	0.000000E+0
5.471081E+3	-2.002200E-4	1.291120E+4	0.000000E+0	0.000000E+0
5.475082E+3	-2.002100E-4	1.291100E+4	0.000000E+0	0.000000E+0
5.479085E+3	-2.002200E-4	1.291100E+4	0.000000E+0	0.000000E+0
5.483060E+3	-2.002000E-4	1.291090E+4	0.000000E+0	0.000000E+0
5.487098E+3	-2.002100E-4	1.291070E+4	0.000000E+0	0.000000E+0
5.491084E+3	-2.002600E-4	1.291060E+4	0.000000E+0	0.000000E+0
5.495054E+3	-2.002500E-4	1.291040E+4	0.000000E+0	0.000000E+0
5.499092E+3	-2.002700E-4	1.291040E+4	0.000000E+0	0.000000E+0
5.503080E+3	-2.002300E-4	1.291040E+4	0.000000E+0	0.000000E+0
5.507078E+3	-2.002400E-4	1.291030E+4	0.000000E+0	0.000000E+0
5.511085E+3	-2.002500E-4	1.291010E+4	0.000000E+0	0.000000E+0
5.515059E+3	-2.002200E-4	1.291020E+4	0.000000E+0	0.000000E+0
5.519093E+3	-2.002000E-4	1.291010E+4	0.000000E+0	0.000000E+0
5.523091E+3	-2.002000E-4	1.291000E+4	0.000000E+0	0.000000E+0
5.527057E+3	-2.002100E-4	1.291000E+4	0.000000E+0	0.000000E+0
5.531200E+3	-2.001800E-4	1.290980E+4	0.000000E+0	0.000000E+0
5.535081E+3	-2.001800E-4	1.290970E+4	0.000000E+0	0.000000E+0
5.539090E+3	-2.002000E-4	1.290960E+4	0.000000E+0	0.000000E+0
5.543059E+3	-2.002200E-4	1.290950E+4	0.000000E+0	0.000000E+0
5.547096E+3	-2.002100E-4	1.290930E+4	0.000000E+0	0.000000E+0
5.551081E+3	-2.002400E-4	1.290910E+4	0.000000E+0	0.000000E+0
5.555078E+3	-2.002100E-4	1.290900E+4	0.000000E+0	0.000000E+0
5.559080E+3	-2.002000E-4	1.290890E+4	0.000000E+0	0.000000E+0
5.563078E+3	-2.002200E-4	1.290870E+4	0.000000E+0	0.000000E+0
5.567081E+3	-2.001900E-4	1.290860E+4	0.000000E+0	0.000000E+0
5.571368E+3	-2.002300E-4	1.290840E+4	0.000000E+0	0.000000E+0
5.575085E+3	-2.002200E-4	1.290820E+4	0.000000E+0	0.000000E+0
5.579063E+3	-2.002200E-4	1.290810E+4	0.000000E+0	0.000000E+0
5.583095E+3	-2.001900E-4	1.290810E+4	0.000000E+0	0.000000E+0
5.587088E+3	-2.001800E-4	1.290810E+4	0.000000E+0	0.000000E+0
5.591058E+3	-2.002000E-4	1.290800E+4	0.000000E+0	0.000000E+0
5.595094E+3	-2.001900E-4	1.290780E+4	0.000000E+0	0.000000E+0
5.599080E+3	-2.001900E-4	1.290770E+4	0.000000E+0	0.000000E+0
5.603081E+3	-2.002000E-4	1.290760E+4	0.000000E+0	0.000000E+0
5.607086E+3	-2.002200E-4	1.290750E+4	0.000000E+0	0.000000E+0
5.611059E+3	-2.002300E-4	1.290740E+4	0.000000E+0	0.000000E+0
5.615097E+3	-2.002300E-4	1.290720E+4	0.000000E+0	0.000000E+0
5.619080E+3	-2.002100E-4	1.290710E+4	0.000000E+0	0.000000E+0
5.623081E+3	-2.002300E-4	1.290710E+4	0.000000E+0	0.000000E+0
5.627080E+3	-2.002200E-4	1.290700E+4	0.000000E+0	0.000000E+0
5.631080E+3	-2.002300E-4	1.290710E+4	0.000000E+0	0.000000E+0
5.635081E+3	-2.002100E-4	1.290690E+4	0.000000E+0	0.000000E+0
5.639085E+3	-2.002000E-4	1.290670E+4	0.000000E+0	0.000000E+0
5.643057E+3	-2.002400E-4	1.290670E+4	0.000000E+0	0.000000E+0
5.647093E+3	-2.001800E-4	1.290660E+4	0.000000E+0	0.000000E+0
5.651082E+3	-2.002100E-4	1.290640E+4	0.000000E+0	0.000000E+0
5.655082E+3	-2.002100E-4	1.290630E+4	0.000000E+0	0.000000E+0
5.659081E+3	-2.001800E-4	1.290620E+4	0.000000E+0	0.000000E+0
5.663079E+3	-2.002100E-4	1.290600E+4	0.000000E+0	0.000000E+0
5.667115E+3	-2.002500E-4	1.290590E+4	0.000000E+0	0.000000E+0
5.671052E+3	-2.002100E-4	1.290580E+4	0.000000E+0	0.000000E+0
5.675090E+3	-2.001700E-4	1.290570E+4	0.000000E+0	0.000000E+0
5.679079E+3	-2.002100E-4	1.290570E+4	0.000000E+0	0.000000E+0
5.683083E+3	-2.002200E-4	1.290550E+4	0.000000E+0	0.000000E+0
5.687057E+3	-2.001800E-4	1.290540E+4	0.000000E+0	0.000000E+0
5.691098E+3	-2.001600E-4	1.290500E+4	0.000000E+0	0.000000E+0
5.695059E+3	-2.001900E-4	1.290480E+4	0.000000E+0	0.000000E+0
5.699090E+3	-2.002000E-4	1.290470E+4	0.000000E+0	0.000000E+0
5.703095E+3	-2.001800E-4	1.290450E+4	0.000000E+0	0.000000E+0
5.707059E+3	-2.001500E-4	1.290440E+4	0.000000E+0	0.000000E+0
5.711097E+3	-2.001900E-4	1.290430E+4	0.000000E+0	0.000000E+0
5.715057E+3	-2.002000E-4	1.290410E+4	0.000000E+0	0.000000E+0
5.719094E+3	-2.001600E-4	1.290390E+4	0.000000E+0	0.000000E+0
5.723083E+3	-2.001100E-4	1.290380E+4	0.000000E+0	0.000000E+0
5.727080E+3	-2.001500E-4	1.290360E+4	0.000000E+0	0.000000E+0
5.731080E+3	-2.001100E-4	1.290360E+4	0.000000E+0	0.000000E+0
5.735079E+3	-2.002100E-4	1.290320E+4	0.000000E+0	0.000000E+0
5.739107E+3	-2.002000E-4	1.290320E+4	0.000000E+0	0.000000E+0
5.743060E+3	-2.001700E-4	1.290320E+4	0.000000E+0	0.000000E+0
5.747093E+3	-2.002100E-4	1.290300E+4	0.000000E+0	0.000000E+0
5.751082E+3	-2.001900E-4	1.290280E+4	0.000000E+0	0.000000E+0
5.755081E+3	-2.002100E-4	1.290280E+4	0.000000E+0	0.000000E+0
5.759085E+3	-2.001900E-4	1.290260E+4	0.000000E+0	0.000000E+0
5.763061E+3	-2.001900E-4	1.290260E+4	0.000000E+0	0.000000E+0
5.767099E+3	-2.001900E-4	1.290250E+4	0.000000E+0	0.000000E+0
5.771084E+3	-2.002000E-4	1.290230E+4	0.000000E+0	0.000000E+0
5.775056E+3	-2.002100E-4	1.290200E+4	0.000000E+0	0.000000E+0
5.779090E+3	-2.001900E-4	1.290190E+4	0.000000E+0	0.000000E+0
5.783079E+3	-2.001700E-4	1.290180E+4	0.000000E+0	0.000000E+0
5.787083E+3	-2.002000E-4	1.290180E+4	0.000000E+0	0.000000E+0
5.791080E+3	-2.002000E-4	1.290160E+4	0.000000E+0	0.000000E+0
5.795077E+3	-2.002000E-4	1.290140E+4	0.000000E+0	0.000000E+0
5.799080E+3	-2.001800E-4	1.290120E+4	0.000000E+0	0.000000E+0
5.803081E+3	-2.002400E-4	1.290130E+4	0.000000E+0	0.000000E+0
5.807081E+3	-2.002400E-4	1.290130E+4	0.000000E+0	0.000000E+0
5.811081E+3	-2.002400E-4	1.290110E+4	0.000000E+0	0.000000E+0
5.815084E+3	-2.002800E-4	1.290060E+4	0.000000E+0	0.000000E+0
5.819080E+3	-2.002600E-4	1.290000E+4	0.000000E+0	0.000000E+0
5.823084E+3	-2.002500E-4	1.289990E+4	0.000000E+0	0.000000E+0
5.827060E+3	-2.002100E-4	1.289990E+4	0.000000E+0	0.000000E+0
5.831099E+3	-2.002300E-4	1.289970E+4	0.000000E+0	0.000000E+0
5.835059E+3	-2.002100E-4	1.289970E+4	0.000000E+0	0.000000E+0
5.839102E+3	-2.002200E-4	1.289970E+4	0.000000E+0	0.000000E+0
5.843061E+3	-2.002500E-4	1.289970E+4	0.000000E+0	0.000000E+0
5.847097E+3	-2.002100E-4	1.289970E+4	0.000000E+0	0.000000E+0
5.851060E+3	-2.002600E-4	1.289940E+4	0.000000E+0	0.000000E+0
5.855106E+3	-2.002500E-4	1.289900E+4	0.000000E+0	0.000000E+0
5.859064E+3	-2.002600E-4	1.289860E+4	0.000000E+0	0.000000E+0
5.863102E+3	-2.002300E-4	1.289830E+4	0.000000E+0	0.000000E+0
5.867088E+3	-2.002300E-4	1.289810E+4	0.000000E+0	0.000000E+0
5.871057E+3	-2.002200E-4	1.289800E+4	0.000000E+0	0.000000E+0
5.875092E+3	-2.002200E-4	1.289790E+4	0.000000E+0	0.000000E+0
5.879080E+3	-2.002200E-4	1.289790E+4	0.000000E+0	0.000000E+0
5.883084E+3	-2.002000E-4	1.289790E+4	0.000000E+0	0.000000E+0
5.887083E+3	-2.002400E-4	1.289790E+4	0.000000E+0	0.000000E+0
5.891061E+3	-2.002300E-4	1.289780E+4	0.000000E+0	0.000000E+0
5.895096E+3	-2.002400E-4	1.289770E+4	0.000000E+0	0.000000E+0
5.899085E+3	-2.002500E-4	1.289770E+4	0.000000E+0	0.000000E+0
5.903054E+3	-2.002400E-4	1.289750E+4	0.000000E+0	0.000000E+0
5.907091E+3	-2.002400E-4	1.289740E+4	0.000000E+0	0.000000E+0
5.911081E+3	-2.002500E-4	1.289730E+4	0.000000E+0	0.000000E+0
5.915079E+3	-2.002400E-4	1.289730E+4	0.000000E+0	0.000000E+0
5.919078E+3	-2.002500E-4	1.289720E+4	0.000000E+0	0.000000E+0
5.923079E+3	-2.002400E-4	1.289720E+4	0.000000E+0	0.000000E+0
5.927078E+3	-2.002600E-4	1.289730E+4	0.000000E+0	0.000000E+0
5.931077E+3	-2.002200E-4	1.289750E+4	0.000000E+0	0.000000E+0
5.935081E+3	-2.002700E-4	1.289750E+4	0.000000E+0	0.000000E+0
5.939079E+3	-2.002300E-4	1.289770E+4	0.000000E+0	0.000000E+0
5.943080E+3	-2.002400E-4	1.289770E+4	0.000000E+0	0.000000E+0
5.947082E+3	-2.002200E-4	1.289750E+4	0.000000E+0	0.000000E+0
5.951081E+3	-2.002000E-4	1.289730E+4	0.000000E+0	0.000000E+0
5.955079E+3	-2.002200E-4	1.289690E+4	0.000000E+0	0.000000E+0
5.959079E+3	-2.001700E-4	1.289670E+4	0.000000E+0	0.000000E+0
5.963082E+3	-2.002400E-4	1.289650E+4	0.000000E+0	0.000000E+0
5.967077E+3	-2.002200E-4	1.289640E+4	0.000000E+0	0.000000E+0
5.971085E+3	-2.002100E-4	1.289640E+4	0.000000E+0	0.000000E+0
5.975061E+3	-2.002100E-4	1.289620E+4	0.000000E+0	0.000000E+0
5.979096E+3	-2.002200E-4	1.289620E+4	0.000000E+0	0.000000E+0
5.983065E+3	-2.002000E-4	1.289610E+4	0.000000E+0	0.000000E+0
5.987092E+3	-2.002200E-4	1.289590E+4	0.000000E+0	0.000000E+0
5.991084E+3	-2.002100E-4	1.289580E+4	0.000000E+0	0.000000E+0
5.995081E+3	-2.002400E-4	1.289560E+4	0.000000E+0	0.000000E+0
5.999085E+3	-2.002400E-4	1.289540E+4	0.000000E+0	0.000000E+0
6.003058E+3	-2.002100E-4	1.289540E+4	0.000000E+0	0.000000E+0
6.007098E+3	-2.002500E-4	1.289550E+4	0.000000E+0	0.000000E+0
6.011059E+3	-2.002400E-4	1.289550E+4	0.000000E+0	0.000000E+0
6.015107E+3	-2.002400E-4	1.289530E+4	0.000000E+0	0.000000E+0
6.019136E+3	-2.002400E-4	1.289510E+4	0.000000E+0	0.000000E+0
6.023066E+3	-2.002300E-4	1.289500E+4	0.000000E+0	0.000000E+0
6.027104E+3	-2.002500E-4	1.289500E+4	0.000000E+0	0.000000E+0
6.031063E+3	-2.002200E-4	1.289480E+4	0.000000E+0	0.000000E+0
6.035093E+3	-2.002300E-4	1.289480E+4	0.000000E+0	0.000000E+0
6.039080E+3	-2.002300E-4	1.289460E+4	0.000000E+0	0.000000E+0
6.043079E+3	-2.002500E-4	1.289440E+4	0.000000E+0	0.000000E+0
6.047077E+3	-2.002400E-4	1.289420E+4	0.000000E+0	0.000000E+0
6.051083E+3	-2.002400E-4	1.289410E+4	0.000000E+0	0.000000E+0
6.055088E+3	-2.002800E-4	1.289390E+4	0.000000E+0	0.000000E+0
6.059080E+3	-2.002600E-4	1.289390E+4	0.000000E+0	0.000000E+0
6.063082E+3	-2.002500E-4	1.289390E+4	0.000000E+0	0.000000E+0
6.067058E+3	-2.002200E-4	1.289390E+4	0.000000E+0	0.000000E+0
6.071098E+3	-2.002500E-4	1.289390E+4	0.000000E+0	0.000000E+0
6.075080E+3	-2.002400E-4	1.289400E+4	0.000000E+0	0.000000E+0
6.079081E+3	-2.002500E-4	1.289380E+4	0.000000E+0	0.000000E+0
6.083081E+3	-2.002400E-4	1.289380E+4	0.000000E+0	0.000000E+0
6.087065E+3	-2.002500E-4	1.289360E+4	0.000000E+0	0.000000E+0
6.091097E+3	-2.002500E-4	1.289360E+4	0.000000E+0	0.000000E+0
6.095079E+3	-2.002500E-4	1.289340E+4	0.000000E+0	0.000000E+0
6.099060E+3	-2.002700E-4	1.289330E+4	0.000000E+0	0.000000E+0
6.103099E+3	-2.002700E-4	1.289310E+4	0.000000E+0	0.000000E+0
6.107059E+3	-2.002600E-4	1.289290E+4	0.000000E+0	0.000000E+0
6.111104E+3	-2.002600E-4	1.289280E+4	0.000000E+0	0.000000E+0
6.115066E+3	-2.002300E-4	1.289260E+4	0.000000E+0	0.000000E+0
6.119094E+3	-2.002500E-4	1.289240E+4	0.000000E+0	0.000000E+0
6.123057E+3	-2.002400E-4	1.289220E+4	0.000000E+0	0.000000E+0
6.127104E+3	-2.002900E-4	1.289200E+4	0.000000E+0	0.000000E+0
6.131074E+3	-2.002900E-4	1.289150E+4	0.000000E+0	0.000000E+0
6.135079E+3	-2.002700E-4	1.289110E+4	0.000000E+0	0.000000E+0
6.139085E+3	-2.002400E-4	1.289070E+4	0.000000E+0	0.000000E+0
6.143055E+3	-2.002600E-4	1.289040E+4	0.000000E+0	0.000000E+0
6.147092E+3	-2.002500E-4	1.289030E+4	0.000000E+0	0.000000E+0
6.151082E+3	-2.002500E-4	1.289020E+4	0.000000E+0	0.000000E+0
6.155082E+3	-2.002400E-4	1.289020E+4	0.000000E+0	0.000000E+0
6.159085E+3	-2.002400E-4	1.289010E+4	0.000000E+0	0.000000E+0
6.163059E+3	-2.002500E-4	1.289010E+4	0.000000E+0	0.000000E+0
6.167095E+3	-2.002400E-4	1.289020E+4	0.000000E+0	0.000000E+0
6.171083E+3	-2.002400E-4	1.289020E+4	0.000000E+0	0.000000E+0
6.175057E+3	-2.002600E-4	1.289020E+4	0.000000E+0	0.000000E+0
6.179092E+3	-2.001900E-4	1.289000E+4	0.000000E+0	0.000000E+0
6.183080E+3	-2.002200E-4	1.288990E+4	0.000000E+0	0.000000E+0
6.187081E+3	-2.001900E-4	1.288990E+4	0.000000E+0	0.000000E+0
6.191079E+3	-2.002000E-4	1.288970E+4	0.000000E+0	0.000000E+0
6.195078E+3	-2.001900E-4	1.288970E+4	0.000000E+0	0.000000E+0
6.199083E+3	-2.002100E-4	1.288950E+4	0.000000E+0	0.000000E+0
6.203082E+3	-2.001900E-4	1.288950E+4	0.000000E+0	0.000000E+0
6.207084E+3	-2.002000E-4	1.288930E+4	0.000000E+0	0.000000E+0
6.211060E+3	-2.002200E-4	1.288920E+4	0.000000E+0	0.000000E+0
6.215099E+3	-2.001600E-4	1.288920E+4	0.000000E+0	0.000000E+0
6.219057E+3	-2.001700E-4	1.288920E+4	0.000000E+0	0.000000E+0
6.223102E+3	-2.001600E-4	1.288910E+4	0.000000E+0	0.000000E+0
6.227063E+3	-2.001800E-4	1.288900E+4	0.000000E+0	0.000000E+0
6.231097E+3	-2.002000E-4	1.288890E+4	0.000000E+0	0.000000E+0
6.235059E+3	-2.002100E-4	1.288890E+4	0.000000E+0	0.000000E+0
6.239103E+3	-2.002100E-4	1.288880E+4	0.000000E+0	0.000000E+0
6.243062E+3	-2.001900E-4	1.288870E+4	0.000000E+0	0.000000E+0
6.247097E+3	-2.002100E-4	1.288870E+4	0.000000E+0	0.000000E+0
6.251058E+3	-2.002300E-4	1.288840E+4	0.000000E+0	0.000000E+0
6.255105E+3	-2.002400E-4	1.288830E+4	0.000000E+0	0.000000E+0
6.259065E+3	-2.002200E-4	1.288820E+4	0.000000E+0	0.000000E+0
6.263099E+3	-2.002200E-4	1.288810E+4	0.000000E+0	0.000000E+0
6.267059E+3	-2.002400E-4	1.288790E+4	0.000000E+0	0.000000E+0
6.271105E+3	-2.002200E-4	1.288780E+4	0.000000E+0	0.000000E+0
6.275064E+3	-2.002300E-4	1.288750E+4	0.000000E+0	0.000000E+0
6.279103E+3	-2.002200E-4	1.288740E+4	0.000000E+0	0.000000E+0
6.283059E+3	-2.002200E-4	1.288730E+4	0.000000E+0	0.000000E+0
6.287109E+3	-2.002200E-4	1.288720E+4	0.000000E+0	0.000000E+0
6.291066E+3	-2.002600E-4	1.288710E+4	0.000000E+0	0.000000E+0
6.295081E+3	-2.002300E-4	1.288690E+4	0.000000E+0	0.000000E+0
6.299084E+3	-2.002500E-4	1.288680E+4	0.000000E+0	0.000000E+0
6.303053E+3	-2.002300E-4	1.288670E+4	0.000000E+0	0.000000E+0
6.307091E+3	-2.002400E-4	1.288660E+4	0.000000E+0	0.000000E+0
6.311081E+3	-2.002300E-4	1.288660E+4	0.000000E+0	0.000000E+0
6.315083E+3	-2.002600E-4	1.288650E+4	0.000000E+0	0.000000E+0
6.319086E+3	-2.002600E-4	1.288630E+4	0.000000E+0	0.000000E+0
6.323079E+3	-2.002400E-4	1.288620E+4	0.000000E+0	0.000000E+0
6.327079E+3	-2.002300E-4	1.288590E+4	0.000000E+0	0.000000E+0
6.331086E+3	-2.001900E-4	1.288570E+4	0.000000E+0	0.000000E+0
6.335083E+3	-2.002000E-4	1.288550E+4	0.000000E+0	0.000000E+0
6.339056E+3	-2.002400E-4	1.288530E+4	0.000000E+0	0.000000E+0
6.343095E+3	-2.002100E-4	1.288510E+4	0.000000E+0	0.000000E+0
6.347082E+3	-2.001800E-4	1.288480E+4	0.000000E+0	0.000000E+0
6.351059E+3	-2.001900E-4	1.288460E+4	0.000000E+0	0.000000E+0
6.355078E+3	-2.002000E-4	1.288450E+4	0.000000E+0	0.000000E+0
6.359082E+3	-2.002100E-4	1.288430E+4	0.000000E+0	0.000000E+0
6.363078E+3	-2.002000E-4	1.288420E+4	0.000000E+0	0.000000E+0
6.367081E+3	-2.001900E-4	1.288410E+4	0.000000E+0	0.000000E+0
6.371079E+3	-2.001800E-4	1.288430E+4	0.000000E+0	0.000000E+0
6.375081E+3	-2.001800E-4	1.288420E+4	0.000000E+0	0.000000E+0
6.379082E+3	-2.001700E-4	1.288420E+4	0.000000E+0	0.000000E+0
6.383083E+3	-2.001700E-4	1.288400E+4	0.000000E+0	0.000000E+0
6.387076E+3	-2.002000E-4	1.288390E+4	0.000000E+0	0.000000E+0
6.391081E+3	-2.002300E-4	1.288380E+4	0.000000E+0	0.000000E+0
6.395082E+3	-2.001900E-4	1.288380E+4	0.000000E+0	0.000000E+0
6.399076E+3	-2.001800E-4	1.288360E+4	0.000000E+0	0.000000E+0
6.403077E+3	-2.001600E-4	1.288330E+4	0.000000E+0	0.000000E+0
6.407080E+3	-2.002000E-4	1.288330E+4	0.000000E+0	0.000000E+0
6.411077E+3	-2.001700E-4	1.288310E+4	0.000000E+0	0.000000E+0
6.415080E+3	-2.002000E-4	1.288290E+4	0.000000E+0	0.000000E+0
6.419080E+3	-2.001600E-4	1.288280E+4	0.000000E+0	0.000000E+0
6.423081E+3	-2.001600E-4	1.288260E+4	0.000000E+0	0.000000E+0
6.427080E+3	-2.001500E-4	1.288240E+4	0.000000E+0	0.000000E+0
6.431083E+3	-2.001400E-4	1.288230E+4	0.000000E+0	0.000000E+0
6.435054E+3	-2.001300E-4	1.288210E+4	0.000000E+0	0.000000E+0
6.439093E+3	-2.001600E-4	1.288190E+4	0.000000E+0	0.000000E+0
6.443080E+3	-2.001500E-4	1.288180E+4	0.000000E+0	0.000000E+0
6.447080E+3	-2.001500E-4	1.288160E+4	0.000000E+0	0.000000E+0
6.451083E+3	-2.001200E-4	1.288150E+4	0.000000E+0	0.000000E+0
6.455061E+3	-2.001500E-4	1.288160E+4	0.000000E+0	0.000000E+0
6.459097E+3	-2.001500E-4	1.288150E+4	0.000000E+0	0.000000E+0
6.463084E+3	-2.001600E-4	1.288130E+4	0.000000E+0	0.000000E+0
6.467059E+3	-2.001400E-4	1.288110E+4	0.000000E+0	0.000000E+0
6.471096E+3	-2.001400E-4	1.288110E+4	0.000000E+0	0.000000E+0
6.475229E+3	-2.001800E-4	1.288100E+4	0.000000E+0	0.000000E+0
6.479067E+3	-2.001600E-4	1.288090E+4	0.000000E+0	0.000000E+0
6.483085E+3	-2.001500E-4	1.288070E+4	0.000000E+0	0.000000E+0
6.487066E+3	-2.001400E-4	1.288080E+4	0.000000E+0	0.000000E+0
6.491082E+3	-2.001400E-4	1.288060E+4	0.000000E+0	0.000000E+0
6.495079E+3	-2.001300E-4	1.288040E+4	0.000000E+0	0.000000E+0
6.499085E+3	-2.001300E-4	1.288040E+4	0.000000E+0	0.000000E+0
6.503066E+3	-2.001400E-4	1.288030E+4	0.000000E+0	0.000000E+0
6.507082E+3	-2.001500E-4	1.288030E+4	0.000000E+0	0.000000E+0
6.511085E+3	-2.001600E-4	1.288020E+4	0.000000E+0	0.000000E+0
6.515062E+3	-2.001300E-4	1.288000E+4	0.000000E+0	0.000000E+0
6.519095E+3	-2.001800E-4	1.287980E+4	0.000000E+0	0.000000E+0
6.523083E+3	-2.001800E-4	1.287960E+4	0.000000E+0	0.000000E+0
6.527059E+3	-2.001800E-4	1.287940E+4	0.000000E+0	0.000000E+0
6.531097E+3	-2.001700E-4	1.287920E+4	0.000000E+0	0.000000E+0
6.535129E+3	-2.001600E-4	1.287890E+4	0.000000E+0	0.000000E+0
6.539061E+3	-2.001700E-4	1.287870E+4	0.000000E+0	0.000000E+0
6.543095E+3	-2.001600E-4	1.287840E+4	0.000000E+0	0.000000E+0
6.547083E+3	-2.001500E-4	1.287810E+4	0.000000E+0	0.000000E+0
6.551080E+3	-2.001500E-4	1.287790E+4	0.000000E+0	0.000000E+0
6.555078E+3	-2.001600E-4	1.287780E+4	0.000000E+0	0.000000E+0
6.559080E+3	-2.001500E-4	1.287760E+4	0.000000E+0	0.000000E+0
6.563081E+3	-2.001800E-4	1.287750E+4	0.000000E+0	0.000000E+0
6.567081E+3	-2.001700E-4	1.287750E+4	0.000000E+0	0.000000E+0
6.571079E+3	-2.001700E-4	1.287740E+4	0.000000E+0	0.000000E+0
6.575059E+3	-2.001800E-4	1.287720E+4	0.000000E+0	0.000000E+0
6.579100E+3	-2.001700E-4	1.287700E+4	0.000000E+0	0.000000E+0
6.583058E+3	-2.001900E-4	1.287690E+4	0.000000E+0	0.000000E+0
6.587105E+3	-2.002000E-4	1.287680E+4	0.000000E+0	0.000000E+0
6.591064E+3	-2.001900E-4	1.287660E+4	0.000000E+0	0.000000E+0
6.595079E+3	-2.001700E-4	1.287640E+4	0.000000E+0	0.000000E+0
6.599085E+3	-2.001400E-4	1.287630E+4	0.000000E+0	0.000000E+0
6.603058E+3	-2.001600E-4	1.287630E+4	0.000000E+0	0.000000E+0
6.607092E+3	-2.001500E-4	1.287630E+4	0.000000E+0	0.000000E+0
6.611083E+3	-2.001300E-4	1.287630E+4	0.000000E+0	0.000000E+0
6.615081E+3	-2.001200E-4	1.287610E+4	0.000000E+0	0.000000E+0
6.619082E+3	-2.001200E-4	1.287600E+4	0.000000E+0	0.000000E+0
6.623077E+3	-2.001100E-4	1.287580E+4	0.000000E+0	0.000000E+0
6.627080E+3	-2.001000E-4	1.287570E+4	0.000000E+0	0.000000E+0
6.631080E+3	-2.000700E-4	1.287550E+4	0.000000E+0	0.000000E+0
6.635088E+3	-2.000700E-4	1.287540E+4	0.000000E+0	0.000000E+0
6.639082E+3	-2.000700E-4	1.287520E+4	0.000000E+0	0.000000E+0
6.643079E+3	-2.000800E-4	1.287500E+4	0.000000E+0	0.000000E+0
6.647080E+3	-2.001000E-4	1.287490E+4	0.000000E+0	0.000000E+0
6.651084E+3	-2.001300E-4	1.287480E+4	0.000000E+0	0.000000E+0
6.655058E+3	-2.001200E-4	1.287470E+4	0.000000E+0	0.000000E+0
6.659096E+3	-2.001200E-4	1.287460E+4	0.000000E+0	0.000000E+0
6.663084E+3	-2.001000E-4	1.287460E+4	0.000000E+0	0.000000E+0
6.667056E+3	-2.001000E-4	1.287420E+4	0.000000E+0	0.000000E+0
6.671090E+3	-2.001200E-4	1.287410E+4	0.000000E+0	0.000000E+0
6.675080E+3	-2.001200E-4	1.287390E+4	0.000000E+0	0.000000E+0
6.679081E+3	-2.001200E-4	1.287380E+4	0.000000E+0	0.000000E+0
6.683084E+3	-2.001100E-4	1.287360E+4	0.000000E+0	0.000000E+0
6.687058E+3	-2.001100E-4	1.287350E+4	0.000000E+0	0.000000E+0
6.691097E+3	-2.001100E-4	1.287330E+4	0.000000E+0	0.000000E+0
6.695085E+3	-2.000800E-4	1.287320E+4	0.000000E+0	0.000000E+0
6.699057E+3	-2.000900E-4	1.287280E+4	0.000000E+0	0.000000E+0
6.703094E+3	-2.000900E-4	1.287260E+4	0.000000E+0	0.000000E+0
6.707080E+3	-2.001000E-4	1.287250E+4	0.000000E+0	0.000000E+0
6.711081E+3	-2.000700E-4	1.287260E+4	0.000000E+0	0.000000E+0
6.715082E+3	-2.000900E-4	1.287280E+4	0.000000E+0	0.000000E+0
6.719079E+3	-2.000700E-4	1.287260E+4	0.000000E+0	0.000000E+0
6.723080E+3	-2.000700E-4	1.287250E+4	0.000000E+0	0.000000E+0
6.727083E+3	-2.000700E-4	1.287230E+4	0.000000E+0	0.000000E+0
6.731080E+3	-2.000100E-4	1.287220E+4	0.000000E+0	0.000000E+0
6.735078E+3	-2.000700E-4	1.287210E+4	0.000000E+0	0.000000E+0
6.739079E+3	-2.000800E-4	1.287210E+4	0.000000E+0	0.000000E+0
6.743080E+3	-2.000700E-4	1.287190E+4	0.000000E+0	0.000000E+0
6.747079E+3	-2.001300E-4	1.287190E+4	0.000000E+0	0.000000E+0
6.751074E+3	-2.001100E-4	1.287170E+4	0.000000E+0	0.000000E+0
6.755079E+3	-2.001200E-4	1.287160E+4	0.000000E+0	0.000000E+0
6.759077E+3	-2.000800E-4	1.287140E+4	0.000000E+0	0.000000E+0
6.763076E+3	-2.001300E-4	1.287130E+4	0.000000E+0	0.000000E+0
6.767076E+3	-2.001000E-4	1.287120E+4	0.000000E+0	0.000000E+0
6.771080E+3	-2.001000E-4	1.287110E+4	0.000000E+0	0.000000E+0
6.775082E+3	-2.001400E-4	1.287090E+4	0.000000E+0	0.000000E+0
6.779084E+3	-2.001300E-4	1.287060E+4	0.000000E+0	0.000000E+0
6.783060E+3	-2.001100E-4	1.287050E+4	0.000000E+0	0.000000E+0
6.787094E+3	-2.001300E-4	1.287030E+4	0.000000E+0	0.000000E+0
6.791080E+3	-2.001200E-4	1.287030E+4	0.000000E+0	0.000000E+0
6.795080E+3	-2.001400E-4	1.287000E+4	0.000000E+0	0.000000E+0
6.799086E+3	-2.001100E-4	1.287000E+4	0.000000E+0	0.000000E+0
6.803061E+3	-2.001200E-4	1.286980E+4	0.000000E+0	0.000000E+0
6.807094E+3	-2.001200E-4	1.286960E+4	0.000000E+0	0.000000E+0
6.811088E+3	-2.001200E-4	1.286950E+4	0.000000E+0	0.000000E+0
6.815065E+3	-2.001100E-4	1.286930E+4	0.000000E+0	0.000000E+0
6.819098E+3	-2.001200E-4	1.286920E+4	0.000000E+0	0.000000E+0
6.823057E+3	-2.001100E-4	1.286910E+4	0.000000E+0	0.000000E+0
6.827103E+3	-2.001300E-4	1.286890E+4	0.000000E+0	0.000000E+0
6.831060E+3	-2.001300E-4	1.286880E+4	0.000000E+0	0.000000E+0
6.835093E+3	-2.001700E-4	1.286870E+4	0.000000E+0	0.000000E+0
6.839086E+3	-2.002000E-4	1.286840E+4	0.000000E+0	0.000000E+0
6.843055E+3	-2.002000E-4	1.286830E+4	0.000000E+0	0.000000E+0
6.847094E+3	-2.001500E-4	1.286810E+4	0.000000E+0	0.000000E+0
6.851084E+3	-2.001100E-4	1.286800E+4	0.000000E+0	0.000000E+0
6.855083E+3	-2.001100E-4	1.286780E+4	0.000000E+0	0.000000E+0
6.859058E+3	-2.001100E-4	1.286780E+4	0.000000E+0	0.000000E+0
6.863101E+3	-2.001100E-4	1.286770E+4	0.000000E+0	0.000000E+0
6.867063E+3	-2.001200E-4	1.286760E+4	0.000000E+0	0.000000E+0
6.871099E+3	-2.000800E-4	1.286740E+4	0.000000E+0	0.000000E+0
6.875085E+3	-2.000800E-4	1.286720E+4	0.000000E+0	0.000000E+0
6.879061E+3	-2.000900E-4	1.286700E+4	0.000000E+0	0.000000E+0
6.883102E+3	-2.001200E-4	1.286690E+4	0.000000E+0	0.000000E+0
6.887082E+3	-2.001000E-4	1.286680E+4	0.000000E+0	0.000000E+0
6.891057E+3	-2.001200E-4	1.286660E+4	0.000000E+0	0.000000E+0
6.895088E+3	-2.000900E-4	1.286650E+4	0.000000E+0	0.000000E+0
6.899078E+3	-2.001200E-4	1.286630E+4	0.000000E+0	0.000000E+0
6.903077E+3	-2.001100E-4	1.286640E+4	0.000000E+0	0.000000E+0
6.907081E+3	-2.000900E-4	1.286640E+4	0.000000E+0	0.000000E+0
6.911081E+3	-2.000800E-4	1.286610E+4	0.000000E+0	0.000000E+0
6.915080E+3	-2.000600E-4	1.286590E+4	0.000000E+0	0.000000E+0
6.919131E+3	-2.000900E-4	1.286560E+4	0.000000E+0	0.000000E+0
6.923052E+3	-2.000900E-4	1.286510E+4	0.000000E+0	0.000000E+0
6.927098E+3	-2.001000E-4	1.286480E+4	0.000000E+0	0.000000E+0
6.931085E+3	-2.001200E-4	1.286440E+4	0.000000E+0	0.000000E+0
6.935083E+3	-2.001300E-4	1.286410E+4	0.000000E+0	0.000000E+0
6.939056E+3	-2.001100E-4	1.286400E+4	0.000000E+0	0.000000E+0
6.943089E+3	-2.001200E-4	1.286390E+4	0.000000E+0	0.000000E+0
6.947077E+3	-2.001500E-4	1.286380E+4	0.000000E+0	0.000000E+0
6.951079E+3	-2.001300E-4	1.286370E+4	0.000000E+0	0.000000E+0
6.955079E+3	-2.001300E-4	1.286370E+4	0.000000E+0	0.000000E+0
6.959077E+3	-2.000800E-4	1.286350E+4	0.000000E+0	0.000000E+0
6.963081E+3	-2.001100E-4	1.286330E+4	0.000000E+0	0.000000E+0
6.967080E+3	-2.000500E-4	1.286320E+4	0.000000E+0	0.000000E+0
6.971083E+3	-2.001000E-4	1.286300E+4	0.000000E+0	0.000000E+0
6.975059E+3	-2.001000E-4	1.286290E+4	0.000000E+0	0.000000E+0
6.979100E+3	-2.001100E-4	1.286280E+4	0.000000E+0	0.000000E+0
6.983058E+3	-2.001100E-4	1.286280E+4	0.000000E+0	0.000000E+0
6.987101E+3	-2.001000E-4	1.286260E+4	0.000000E+0	0.000000E+0
6.991063E+3	-2.001100E-4	1.286250E+4	0.000000E+0	0.000000E+0
6.995095E+3	-2.001100E-4	1.286230E+4	0.000000E+0	0.000000E+0
6.999083E+3	-2.001200E-4	1.286220E+4	0.000000E+0	0.000000E+0
7.003054E+3	-2.001300E-4	1.286220E+4	0.000000E+0	0.000000E+0
7.007091E+3	-2.001100E-4	1.286200E+4	0.000000E+0	0.000000E+0
7.011079E+3	-2.001000E-4	1.286200E+4	0.000000E+0	0.000000E+0
7.015083E+3	-2.001000E-4	1.286190E+4	0.000000E+0	0.000000E+0
7.019083E+3	-2.001100E-4	1.286190E+4	0.000000E+0	0.000000E+0
7.023081E+3	-2.001000E-4	1.286170E+4	0.000000E+0	0.000000E+0
7.027083E+3	-2.001100E-4	1.286170E+4	0.000000E+0	0.000000E+0
7.031081E+3	-2.001100E-4	1.286170E+4	0.000000E+0	0.000000E+0
7.035083E+3	-2.001100E-4	1.286150E+4	0.000000E+0	0.000000E+0
7.039060E+3	-2.001000E-4	1.286130E+4	0.000000E+0	0.000000E+0
7.043101E+3	-2.000900E-4	1.286120E+4	0.000000E+0	0.000000E+0
7.047056E+3	-2.001300E-4	1.286110E+4	0.000000E+0	0.000000E+0
7.051100E+3	-2.001400E-4	1.286090E+4	0.000000E+0	0.000000E+0
7.055061E+3	-2.001300E-4	1.286070E+4	0.000000E+0	0.000000E+0
7.059100E+3	-2.001300E-4	1.286040E+4	0.000000E+0	0.000000E+0
7.063088E+3	-2.001200E-4	1.286010E+4	0.000000E+0	0.000000E+0
7.067056E+3	-2.001300E-4	1.286000E+4	0.000000E+0	0.000000E+0
7.071094E+3	-2.001100E-4	1.285990E+4	0.000000E+0	0.000000E+0
7.075082E+3	-2.001200E-4	1.285970E+4	0.000000E+0	0.000000E+0
7.079077E+3	-2.001100E-4	1.285940E+4	0.000000E+0	0.000000E+0
7.083081E+3	-2.001100E-4	1.285910E+4	0.000000E+0	0.000000E+0
7.087077E+3	-2.001200E-4	1.285890E+4	0.000000E+0	0.000000E+0
7.091082E+3	-2.001000E-4	1.285860E+4	0.000000E+0	0.000000E+0
7.095081E+3	-2.001100E-4	1.285850E+4	0.000000E+0	0.000000E+0
7.099080E+3	-2.001200E-4	1.285840E+4	0.000000E+0	0.000000E+0
7.103078E+3	-2.001100E-4	1.285830E+4	0.000000E+0	0.000000E+0
7.107079E+3	-2.001200E-4	1.285820E+4	0.000000E+0	0.000000E+0
7.111078E+3	-2.000800E-4	1.285810E+4	0.000000E+0	0.000000E+0
7.115078E+3	-2.001100E-4	1.285790E+4	0.000000E+0	0.000000E+0
7.119081E+3	-2.000800E-4	1.285790E+4	0.000000E+0	0.000000E+0
7.123080E+3	-2.001100E-4	1.285770E+4	0.000000E+0	0.000000E+0
7.127079E+3	-2.000700E-4	1.285750E+4	0.000000E+0	0.000000E+0
7.131079E+3	-2.000500E-4	1.285750E+4	0.000000E+0	0.000000E+0
7.135079E+3	-2.000700E-4	1.285730E+4	0.000000E+0	0.000000E+0
7.139081E+3	-2.001000E-4	1.285720E+4	0.000000E+0	0.000000E+0
7.143077E+3	-2.001000E-4	1.285710E+4	0.000000E+0	0.000000E+0
7.147079E+3	-2.001100E-4	1.285700E+4	0.000000E+0	0.000000E+0
7.151080E+3	-2.001100E-4	1.285690E+4	0.000000E+0	0.000000E+0
7.155080E+3	-2.000800E-4	1.285690E+4	0.000000E+0	0.000000E+0
7.159078E+3	-2.001300E-4	1.285670E+4	0.000000E+0	0.000000E+0
7.163078E+3	-2.001400E-4	1.285660E+4	0.000000E+0	0.000000E+0
7.167077E+3	-2.001500E-4	1.285640E+4	0.000000E+0	0.000000E+0
7.171083E+3	-2.001300E-4	1.285630E+4	0.000000E+0	0.000000E+0
7.175082E+3	-2.001100E-4	1.285620E+4	0.000000E+0	0.000000E+0
7.179082E+3	-2.001400E-4	1.285610E+4	0.000000E+0	0.000000E+0
7.183061E+3	-2.001300E-4	1.285590E+4	0.000000E+0	0.000000E+0
7.187098E+3	-2.001200E-4	1.285580E+4	0.000000E+0	0.000000E+0
7.191089E+3	-2.001300E-4	1.285570E+4	0.000000E+0	0.000000E+0
7.195058E+3	-2.000900E-4	1.285580E+4	0.000000E+0	0.000000E+0
7.199094E+3	-2.001200E-4	1.285580E+4	0.000000E+0	0.000000E+0
7.203079E+3	-2.001200E-4	1.285590E+4	0.000000E+0	0.000000E+0
7.207080E+3	-2.001200E-4	1.285570E+4	0.000000E+0	0.000000E+0
7.211082E+3	-2.001100E-4	1.285550E+4	0.000000E+0	0.000000E+0
7.215060E+3	-2.001000E-4	1.285520E+4	0.000000E+0	0.000000E+0
