Medición hecha el 2026-06-24  04:19 p.m.

Medición de corriente y tensión en el tiempo con posibilidad de inyectar corriente.
Tiempo	Corriente	Tensión
6.688000E+0	-1.006150E-3	1.290670E+4	0.000000E+0	0.000000E+0
1.045300E+1	-1.003280E-3	1.290660E+4	0.000000E+0	0.000000E+0
1.446700E+1	-1.001950E-3	1.290660E+4	0.000000E+0	0.000000E+0
1.846200E+1	-1.001150E-3	1.290660E+4	0.000000E+0	0.000000E+0
2.246300E+1	-1.000710E-3	1.290650E+4	0.000000E+0	0.000000E+0
2.646000E+1	-1.000360E-3	1.290640E+4	0.000000E+0	0.000000E+0
3.046700E+1	-1.000100E-3	1.290640E+4	0.000000E+0	0.000000E+0
3.446300E+1	-9.999300E-4	1.290640E+4	0.000000E+0	0.000000E+0
3.846700E+1	-9.997900E-4	1.290630E+4	0.000000E+0	0.000000E+0
4.244400E+1	-9.997100E-4	1.290620E+4	0.000000E+0	0.000000E+0
4.648100E+1	-9.995800E-4	1.290630E+4	0.000000E+0	0.000000E+0
5.046800E+1	-9.995300E-4	1.290620E+4	0.000000E+0	0.000000E+0
5.444500E+1	-9.994700E-4	1.290620E+4	0.000000E+0	0.000000E+0
5.846000E+1	-9.994300E-4	1.290610E+4	0.000000E+0	0.000000E+0
6.246000E+1	-9.994100E-4	1.290610E+4	0.000000E+0	0.000000E+0
6.646300E+1	-9.993600E-4	1.290600E+4	0.000000E+0	0.000000E+0
7.046400E+1	-9.993700E-4	1.290590E+4	0.000000E+0	0.000000E+0
7.446600E+1	-9.993400E-4	1.290600E+4	0.000000E+0	0.000000E+0
7.846300E+1	-9.993300E-4	1.290580E+4	0.000000E+0	0.000000E+0
8.246300E+1	-9.993100E-4	1.290570E+4	0.000000E+0	0.000000E+0
8.646300E+1	-9.992900E-4	1.290560E+4	0.000000E+0	0.000000E+0
9.047700E+1	-9.992400E-4	1.290520E+4	0.000000E+0	0.000000E+0
9.443800E+1	-9.992700E-4	1.290500E+4	0.000000E+0	0.000000E+0
9.848100E+1	-9.992500E-4	1.290480E+4	0.000000E+0	0.000000E+0
1.024650E+2	-9.992600E-4	1.290470E+4	0.000000E+0	0.000000E+0
1.064780E+2	-9.992500E-4	1.290460E+4	0.000000E+0	0.000000E+0
1.104650E+2	-9.992500E-4	1.290450E+4	0.000000E+0	0.000000E+0
1.144650E+2	-9.992500E-4	1.290420E+4	0.000000E+0	0.000000E+0
1.184620E+2	-9.992600E-4	1.290390E+4	0.000000E+0	0.000000E+0
1.224600E+2	-9.992300E-4	1.290370E+4	0.000000E+0	0.000000E+0
1.264630E+2	-9.992300E-4	1.290360E+4	0.000000E+0	0.000000E+0
1.304620E+2	-9.992400E-4	1.290360E+4	0.000000E+0	0.000000E+0
1.344650E+2	-9.992400E-4	1.290350E+4	0.000000E+0	0.000000E+0
1.384650E+2	-9.992500E-4	1.290330E+4	0.000000E+0	0.000000E+0
1.425070E+2	-9.992500E-4	1.290330E+4	0.000000E+0	0.000000E+0
1.464650E+2	-9.992500E-4	1.290330E+4	0.000000E+0	0.000000E+0
1.504620E+2	-9.992600E-4	1.290320E+4	0.000000E+0	0.000000E+0
1.544630E+2	-9.992500E-4	1.290310E+4	0.000000E+0	0.000000E+0
1.584630E+2	-9.992200E-4	1.290320E+4	0.000000E+0	0.000000E+0
1.624680E+2	-9.992300E-4	1.290300E+4	0.000000E+0	0.000000E+0
1.664600E+2	-9.992200E-4	1.290300E+4	0.000000E+0	0.000000E+0
1.704600E+2	-9.992100E-4	1.290290E+4	0.000000E+0	0.000000E+0
1.744610E+2	-9.992400E-4	1.290280E+4	0.000000E+0	0.000000E+0
1.784680E+2	-9.992500E-4	1.290260E+4	0.000000E+0	0.000000E+0
1.824610E+2	-9.992500E-4	1.290240E+4	0.000000E+0	0.000000E+0
1.864590E+2	-9.992600E-4	1.290240E+4	0.000000E+0	0.000000E+0
1.904610E+2	-9.992900E-4	1.290240E+4	0.000000E+0	0.000000E+0
1.944610E+2	-9.993100E-4	1.290240E+4	0.000000E+0	0.000000E+0
1.984790E+2	-9.992800E-4	1.290230E+4	0.000000E+0	0.000000E+0
2.024420E+2	-9.993300E-4	1.290230E+4	0.000000E+0	0.000000E+0
2.064890E+2	-9.992900E-4	1.290200E+4	0.000000E+0	0.000000E+0
2.104440E+2	-9.992600E-4	1.290200E+4	0.000000E+0	0.000000E+0
2.144810E+2	-9.992700E-4	1.290180E+4	0.000000E+0	0.000000E+0
2.184600E+2	-9.992900E-4	1.290170E+4	0.000000E+0	0.000000E+0
2.224650E+2	-9.992800E-4	1.290140E+4	0.000000E+0	0.000000E+0
2.264680E+2	-9.993000E-4	1.290120E+4	0.000000E+0	0.000000E+0
2.304400E+2	-9.993000E-4	1.290110E+4	0.000000E+0	0.000000E+0
2.344760E+2	-9.992500E-4	1.290100E+4	0.000000E+0	0.000000E+0
2.384650E+2	-9.993000E-4	1.290060E+4	0.000000E+0	0.000000E+0
2.424650E+2	-9.993100E-4	1.290020E+4	0.000000E+0	0.000000E+0
2.464630E+2	-9.992800E-4	1.289970E+4	0.000000E+0	0.000000E+0
2.504630E+2	-9.992600E-4	1.289950E+4	0.000000E+0	0.000000E+0
2.544610E+2	-9.992600E-4	1.289920E+4	0.000000E+0	0.000000E+0
2.584640E+2	-9.992400E-4	1.289900E+4	0.000000E+0	0.000000E+0
2.624640E+2	-9.992500E-4	1.289870E+4	0.000000E+0	0.000000E+0
2.664660E+2	-9.992600E-4	1.289860E+4	0.000000E+0	0.000000E+0
2.704640E+2	-9.992800E-4	1.289840E+4	0.000000E+0	0.000000E+0
2.744670E+2	-9.992700E-4	1.289840E+4	0.000000E+0	0.000000E+0
2.784730E+2	-9.993000E-4	1.289840E+4	0.000000E+0	0.000000E+0
2.824500E+2	-9.992800E-4	1.289810E+4	0.000000E+0	0.000000E+0
2.865080E+2	-9.992800E-4	1.289810E+4	0.000000E+0	0.000000E+0
2.904690E+2	-9.992900E-4	1.289820E+4	0.000000E+0	0.000000E+0
2.944420E+2	-9.992600E-4	1.289810E+4	0.000000E+0	0.000000E+0
2.984810E+2	-9.992500E-4	1.289800E+4	0.000000E+0	0.000000E+0
3.024430E+2	-9.992600E-4	1.289790E+4	0.000000E+0	0.000000E+0
3.064840E+2	-9.992500E-4	1.289790E+4	0.000000E+0	0.000000E+0
3.104410E+2	-9.992600E-4	1.289780E+4	0.000000E+0	0.000000E+0
3.144850E+2	-9.992500E-4	1.289780E+4	0.000000E+0	0.000000E+0
3.184620E+2	-9.992500E-4	1.289780E+4	0.000000E+0	0.000000E+0
3.224930E+2	-9.992800E-4	1.289760E+4	0.000000E+0	0.000000E+0
3.264650E+2	-9.992500E-4	1.289760E+4	0.000000E+0	0.000000E+0
3.304630E+2	-9.992400E-4	1.289750E+4	0.000000E+0	0.000000E+0
3.344650E+2	-9.992300E-4	1.289740E+4	0.000000E+0	0.000000E+0
3.384650E+2	-9.992500E-4	1.289730E+4	0.000000E+0	0.000000E+0
3.424680E+2	-9.992500E-4	1.289730E+4	0.000000E+0	0.000000E+0
3.464680E+2	-9.992700E-4	1.289720E+4	0.000000E+0	0.000000E+0
3.504610E+2	-9.992600E-4	1.289710E+4	0.000000E+0	0.000000E+0
3.544610E+2	-9.992700E-4	1.289710E+4	0.000000E+0	0.000000E+0
3.584900E+2	-9.992600E-4	1.289700E+4	0.000000E+0	0.000000E+0
3.624640E+2	-9.992300E-4	1.289700E+4	0.000000E+0	0.000000E+0
3.664620E+2	-9.992300E-4	1.289670E+4	0.000000E+0	0.000000E+0
3.704610E+2	-9.992100E-4	1.289660E+4	0.000000E+0	0.000000E+0
3.744610E+2	-9.992000E-4	1.289650E+4	0.000000E+0	0.000000E+0
3.784640E+2	-9.991800E-4	1.289650E+4	0.000000E+0	0.000000E+0
3.824590E+2	-9.991700E-4	1.289640E+4	0.000000E+0	0.000000E+0
3.864600E+2	-9.992100E-4	1.289620E+4	0.000000E+0	0.000000E+0
3.904640E+2	-9.991800E-4	1.289610E+4	0.000000E+0	0.000000E+0
3.944980E+2	-9.991600E-4	1.289600E+4	0.000000E+0	0.000000E+0
3.984640E+2	-9.991700E-4	1.289590E+4	0.000000E+0	0.000000E+0
4.024620E+2	-9.991800E-4	1.289590E+4	0.000000E+0	0.000000E+0
4.064670E+2	-9.991800E-4	1.289580E+4	0.000000E+0	0.000000E+0
4.104390E+2	-9.991800E-4	1.289570E+4	0.000000E+0	0.000000E+0
4.144760E+2	-9.991800E-4	1.289570E+4	0.000000E+0	0.000000E+0
4.184630E+2	-9.991700E-4	1.289560E+4	0.000000E+0	0.000000E+0
4.224660E+2	-9.991900E-4	1.289540E+4	0.000000E+0	0.000000E+0
4.264660E+2	-9.992000E-4	1.289530E+4	0.000000E+0	0.000000E+0
4.304740E+2	-9.991800E-4	1.289530E+4	0.000000E+0	0.000000E+0
4.344660E+2	-9.991700E-4	1.289510E+4	0.000000E+0	0.000000E+0
4.384640E+2	-9.991800E-4	1.289500E+4	0.000000E+0	0.000000E+0
4.424400E+2	-9.991900E-4	1.289490E+4	0.000000E+0	0.000000E+0
4.464770E+2	-9.991600E-4	1.289480E+4	0.000000E+0	0.000000E+0
4.504610E+2	-9.991900E-4	1.289470E+4	0.000000E+0	0.000000E+0
4.544610E+2	-9.991800E-4	1.289460E+4	0.000000E+0	0.000000E+0
4.584740E+2	-9.991900E-4	1.289450E+4	0.000000E+0	0.000000E+0
4.624430E+2	-9.991700E-4	1.289440E+4	0.000000E+0	0.000000E+0
4.665060E+2	-9.992200E-4	1.289420E+4	0.000000E+0	0.000000E+0
4.704400E+2	-9.992000E-4	1.289410E+4	0.000000E+0	0.000000E+0
4.744790E+2	-9.991900E-4	1.289390E+4	0.000000E+0	0.000000E+0
4.784650E+2	-9.991900E-4	1.289360E+4	0.000000E+0	0.000000E+0
4.824590E+2	-9.992100E-4	1.289350E+4	0.000000E+0	0.000000E+0
4.865010E+2	-9.991700E-4	1.289330E+4	0.000000E+0	0.000000E+0
4.904410E+2	-9.991700E-4	1.289310E+4	0.000000E+0	0.000000E+0
4.944800E+2	-9.991800E-4	1.289310E+4	0.000000E+0	0.000000E+0
4.984650E+2	-9.991900E-4	1.289300E+4	0.000000E+0	0.000000E+0
5.024760E+2	-9.991900E-4	1.289300E+4	0.000000E+0	0.000000E+0
5.064660E+2	-9.991800E-4	1.289290E+4	0.000000E+0	0.000000E+0
5.104660E+2	-9.992000E-4	1.289280E+4	0.000000E+0	0.000000E+0
5.144650E+2	-9.991900E-4	1.289270E+4	0.000000E+0	0.000000E+0
5.184630E+2	-9.992000E-4	1.289270E+4	0.000000E+0	0.000000E+0
5.224680E+2	-9.992000E-4	1.289260E+4	0.000000E+0	0.000000E+0
5.264610E+2	-9.991800E-4	1.289260E+4	0.000000E+0	0.000000E+0
5.304680E+2	-9.992100E-4	1.289250E+4	0.000000E+0	0.000000E+0
5.344640E+2	-9.992500E-4	1.289250E+4	0.000000E+0	0.000000E+0
5.384740E+2	-9.992100E-4	1.289240E+4	0.000000E+0	0.000000E+0
5.424400E+2	-9.992000E-4	1.289230E+4	0.000000E+0	0.000000E+0
5.464770E+2	-9.992200E-4	1.289220E+4	0.000000E+0	0.000000E+0
5.504670E+2	-9.992200E-4	1.289220E+4	0.000000E+0	0.000000E+0
5.544390E+2	-9.992400E-4	1.289200E+4	0.000000E+0	0.000000E+0
5.584730E+2	-9.992200E-4	1.289190E+4	0.000000E+0	0.000000E+0
5.624650E+2	-9.992600E-4	1.289180E+4	0.000000E+0	0.000000E+0
5.664620E+2	-9.992500E-4	1.289170E+4	0.000000E+0	0.000000E+0
5.704600E+2	-9.992100E-4	1.289160E+4	0.000000E+0	0.000000E+0
5.744640E+2	-9.992800E-4	1.289150E+4	0.000000E+0	0.000000E+0
5.784620E+2	-9.992700E-4	1.289150E+4	0.000000E+0	0.000000E+0
5.824610E+2	-9.992600E-4	1.289130E+4	0.000000E+0	0.000000E+0
5.864680E+2	-9.992600E-4	1.289140E+4	0.000000E+0	0.000000E+0
5.904410E+2	-9.992600E-4	1.289130E+4	0.000000E+0	0.000000E+0
5.944790E+2	-9.992600E-4	1.289130E+4	0.000000E+0	0.000000E+0
5.984580E+2	-9.992300E-4	1.289120E+4	0.000000E+0	0.000000E+0
6.024650E+2	-9.992000E-4	1.289110E+4	0.000000E+0	0.000000E+0
6.064660E+2	-9.992300E-4	1.289110E+4	0.000000E+0	0.000000E+0
6.104540E+2	-9.992300E-4	1.289100E+4	0.000000E+0	0.000000E+0
6.144660E+2	-9.992400E-4	1.289100E+4	0.000000E+0	0.000000E+0
6.184610E+2	-9.992600E-4	1.289090E+4	0.000000E+0	0.000000E+0
6.224600E+2	-9.992700E-4	1.289080E+4	0.000000E+0	0.000000E+0
6.264580E+2	-9.992600E-4	1.289070E+4	0.000000E+0	0.000000E+0
6.304670E+2	-9.992500E-4	1.289050E+4	0.000000E+0	0.000000E+0
6.344630E+2	-9.992700E-4	1.289050E+4	0.000000E+0	0.000000E+0
6.384630E+2	-9.992700E-4	1.289040E+4	0.000000E+0	0.000000E+0
6.424640E+2	-9.992700E-4	1.289020E+4	0.000000E+0	0.000000E+0
6.464820E+2	-9.992100E-4	1.289020E+4	0.000000E+0	0.000000E+0
6.504640E+2	-9.992100E-4	1.289010E+4	0.000000E+0	0.000000E+0
6.544640E+2	-9.992200E-4	1.289000E+4	0.000000E+0	0.000000E+0
6.584670E+2	-9.992600E-4	1.288990E+4	0.000000E+0	0.000000E+0
6.624410E+2	-9.992200E-4	1.288980E+4	0.000000E+0	0.000000E+0
6.664810E+2	-9.992000E-4	1.288980E+4	0.000000E+0	0.000000E+0
6.704700E+2	-9.992800E-4	1.288980E+4	0.000000E+0	0.000000E+0
6.744430E+2	-9.992100E-4	1.288960E+4	0.000000E+0	0.000000E+0
6.784800E+2	-9.991900E-4	1.288950E+4	0.000000E+0	0.000000E+0
6.824700E+2	-9.992400E-4	1.288930E+4	0.000000E+0	0.000000E+0
6.864670E+2	-9.992700E-4	1.288930E+4	0.000000E+0	0.000000E+0
6.904650E+2	-9.992800E-4	1.288930E+4	0.000000E+0	0.000000E+0
6.944650E+2	-9.992400E-4	1.288920E+4	0.000000E+0	0.000000E+0
6.984630E+2	-9.991700E-4	1.288910E+4	0.000000E+0	0.000000E+0
7.024630E+2	-9.992200E-4	1.288900E+4	0.000000E+0	0.000000E+0
7.064630E+2	-9.991700E-4	1.288900E+4	0.000000E+0	0.000000E+0
7.104620E+2	-9.992000E-4	1.288870E+4	0.000000E+0	0.000000E+0
7.144610E+2	-9.992600E-4	1.288870E+4	0.000000E+0	0.000000E+0
7.184650E+2	-9.992500E-4	1.288870E+4	0.000000E+0	0.000000E+0
7.224630E+2	-9.992600E-4	1.288850E+4	0.000000E+0	0.000000E+0
7.264690E+2	-9.992100E-4	1.288840E+4	0.000000E+0	0.000000E+0
7.304640E+2	-9.992100E-4	1.288840E+4	0.000000E+0	0.000000E+0
7.344610E+2	-9.992000E-4	1.288830E+4	0.000000E+0	0.000000E+0
7.384610E+2	-9.992200E-4	1.288830E+4	0.000000E+0	0.000000E+0
7.424620E+2	-9.992100E-4	1.288820E+4	0.000000E+0	0.000000E+0
7.464640E+2	-9.992200E-4	1.288810E+4	0.000000E+0	0.000000E+0
7.504610E+2	-9.992600E-4	1.288810E+4	0.000000E+0	0.000000E+0
7.544920E+2	-9.992500E-4	1.288790E+4	0.000000E+0	0.000000E+0
7.584620E+2	-9.992500E-4	1.288770E+4	0.000000E+0	0.000000E+0
7.624600E+2	-9.992800E-4	1.288760E+4	0.000000E+0	0.000000E+0
7.664620E+2	-9.992800E-4	1.288750E+4	0.000000E+0	0.000000E+0
7.704590E+2	-9.992500E-4	1.288750E+4	0.000000E+0	0.000000E+0
7.744670E+2	-9.992500E-4	1.288750E+4	0.000000E+0	0.000000E+0
7.784650E+2	-9.992500E-4	1.288750E+4	0.000000E+0	0.000000E+0
7.824650E+2	-9.992800E-4	1.288750E+4	0.000000E+0	0.000000E+0
7.864620E+2	-9.992800E-4	1.288740E+4	0.000000E+0	0.000000E+0
7.904960E+2	-9.992600E-4	1.288750E+4	0.000000E+0	0.000000E+0
7.944630E+2	-9.992800E-4	1.288730E+4	0.000000E+0	0.000000E+0
7.984660E+2	-9.993000E-4	1.288740E+4	0.000000E+0	0.000000E+0
8.024640E+2	-9.992700E-4	1.288740E+4	0.000000E+0	0.000000E+0
8.064640E+2	-9.992500E-4	1.288730E+4	0.000000E+0	0.000000E+0
8.104650E+2	-9.992500E-4	1.288730E+4	0.000000E+0	0.000000E+0
8.144610E+2	-9.992600E-4	1.288720E+4	0.000000E+0	0.000000E+0
8.184630E+2	-9.992400E-4	1.288720E+4	0.000000E+0	0.000000E+0
8.224630E+2	-9.992400E-4	1.288700E+4	0.000000E+0	0.000000E+0
8.264660E+2	-9.992700E-4	1.288700E+4	0.000000E+0	0.000000E+0
8.304610E+2	-9.992400E-4	1.288700E+4	0.000000E+0	0.000000E+0
8.344610E+2	-9.992100E-4	1.288700E+4	0.000000E+0	0.000000E+0
8.384640E+2	-9.992600E-4	1.288690E+4	0.000000E+0	0.000000E+0
8.424620E+2	-9.992800E-4	1.288690E+4	0.000000E+0	0.000000E+0
8.464620E+2	-9.992800E-4	1.288690E+4	0.000000E+0	0.000000E+0
8.504620E+2	-9.992200E-4	1.288690E+4	0.000000E+0	0.000000E+0
8.544690E+2	-9.992400E-4	1.288680E+4	0.000000E+0	0.000000E+0
8.584630E+2	-9.992400E-4	1.288680E+4	0.000000E+0	0.000000E+0
8.624730E+2	-9.992400E-4	1.288670E+4	0.000000E+0	0.000000E+0
8.664670E+2	-9.992400E-4	1.288670E+4	0.000000E+0	0.000000E+0
8.704650E+2	-9.991600E-4	1.288650E+4	0.000000E+0	0.000000E+0
8.744630E+2	-9.992100E-4	1.288650E+4	0.000000E+0	0.000000E+0
8.784620E+2	-9.992100E-4	1.288660E+4	0.000000E+0	0.000000E+0
8.824640E+2	-9.992100E-4	1.288660E+4	0.000000E+0	0.000000E+0
8.864610E+2	-9.992400E-4	1.288650E+4	0.000000E+0	0.000000E+0
8.904610E+2	-9.992500E-4	1.288640E+4	0.000000E+0	0.000000E+0
8.944640E+2	-9.992500E-4	1.288650E+4	0.000000E+0	0.000000E+0
8.984810E+2	-9.992500E-4	1.288640E+4	0.000000E+0	0.000000E+0
9.024690E+2	-9.992400E-4	1.288630E+4	0.000000E+0	0.000000E+0
9.064660E+2	-9.992400E-4	1.288630E+4	0.000000E+0	0.000000E+0
9.104640E+2	-9.992400E-4	1.288620E+4	0.000000E+0	0.000000E+0
9.144620E+2	-9.992500E-4	1.288610E+4	0.000000E+0	0.000000E+0
9.184740E+2	-9.992400E-4	1.288610E+4	0.000000E+0	0.000000E+0
9.224460E+2	-9.992300E-4	1.288600E+4	0.000000E+0	0.000000E+0
9.264800E+2	-9.992500E-4	1.288600E+4	0.000000E+0	0.000000E+0
9.304390E+2	-9.992500E-4	1.288590E+4	0.000000E+0	0.000000E+0
9.344820E+2	-9.992500E-4	1.288590E+4	0.000000E+0	0.000000E+0
9.384650E+2	-9.992500E-4	1.288580E+4	0.000000E+0	0.000000E+0
9.424600E+2	-9.992500E-4	1.288580E+4	0.000000E+0	0.000000E+0
9.464640E+2	-9.992000E-4	1.288570E+4	0.000000E+0	0.000000E+0
9.504650E+2	-9.992500E-4	1.288570E+4	0.000000E+0	0.000000E+0
9.544650E+2	-9.992400E-4	1.288570E+4	0.000000E+0	0.000000E+0
9.584630E+2	-9.992500E-4	1.288550E+4	0.000000E+0	0.000000E+0
9.624630E+2	-9.992400E-4	1.288560E+4	0.000000E+0	0.000000E+0
9.664620E+2	-9.992200E-4	1.288550E+4	0.000000E+0	0.000000E+0
9.704990E+2	-9.992200E-4	1.288550E+4	0.000000E+0	0.000000E+0
9.744630E+2	-9.992300E-4	1.288530E+4	0.000000E+0	0.000000E+0
9.784650E+2	-9.992300E-4	1.288510E+4	0.000000E+0	0.000000E+0
9.824650E+2	-9.992300E-4	1.288530E+4	0.000000E+0	0.000000E+0
9.864640E+2	-9.992100E-4	1.288520E+4	0.000000E+0	0.000000E+0
9.904620E+2	-9.992100E-4	1.288520E+4	0.000000E+0	0.000000E+0
9.944630E+2	-9.992200E-4	1.288530E+4	0.000000E+0	0.000000E+0
9.984670E+2	-9.992100E-4	1.288520E+4	0.000000E+0	0.000000E+0
1.002464E+3	-9.992200E-4	1.288520E+4	0.000000E+0	0.000000E+0
1.006472E+3	-9.992300E-4	1.288520E+4	0.000000E+0	0.000000E+0
1.010464E+3	-9.992100E-4	1.288530E+4	0.000000E+0	0.000000E+0
1.014469E+3	-9.992200E-4	1.288520E+4	0.000000E+0	0.000000E+0
1.018462E+3	-9.992100E-4	1.288530E+4	0.000000E+0	0.000000E+0
1.022464E+3	-9.991500E-4	1.288520E+4	0.000000E+0	0.000000E+0
1.026463E+3	-9.991900E-4	1.288500E+4	0.000000E+0	0.000000E+0
1.030462E+3	-9.992100E-4	1.288490E+4	0.000000E+0	0.000000E+0
1.034463E+3	-9.992400E-4	1.288490E+4	0.000000E+0	0.000000E+0
1.038460E+3	-9.992200E-4	1.288490E+4	0.000000E+0	0.000000E+0
1.042490E+3	-9.991700E-4	1.288490E+4	0.000000E+0	0.000000E+0
1.046471E+3	-9.992400E-4	1.288490E+4	0.000000E+0	0.000000E+0
1.050462E+3	-9.992300E-4	1.288500E+4	0.000000E+0	0.000000E+0
1.054463E+3	-9.992300E-4	1.288500E+4	0.000000E+0	0.000000E+0
1.058462E+3	-9.992300E-4	1.288500E+4	0.000000E+0	0.000000E+0
1.062465E+3	-9.992100E-4	1.288500E+4	0.000000E+0	0.000000E+0
1.066465E+3	-9.992200E-4	1.288490E+4	0.000000E+0	0.000000E+0
1.070466E+3	-9.992200E-4	1.288490E+4	0.000000E+0	0.000000E+0
1.074465E+3	-9.992300E-4	1.288480E+4	0.000000E+0	0.000000E+0
1.078477E+3	-9.992300E-4	1.288480E+4	0.000000E+0	0.000000E+0
1.082464E+3	-9.992000E-4	1.288480E+4	0.000000E+0	0.000000E+0
1.086460E+3	-9.992200E-4	1.288470E+4	0.000000E+0	0.000000E+0
1.090459E+3	-9.992200E-4	1.288470E+4	0.000000E+0	0.000000E+0
1.094463E+3	-9.991600E-4	1.288460E+4	0.000000E+0	0.000000E+0
1.098462E+3	-9.992100E-4	1.288450E+4	0.000000E+0	0.000000E+0
1.102462E+3	-9.992200E-4	1.288450E+4	0.000000E+0	0.000000E+0
1.106464E+3	-9.992200E-4	1.288460E+4	0.000000E+0	0.000000E+0
1.110465E+3	-9.992200E-4	1.288460E+4	0.000000E+0	0.000000E+0
1.114508E+3	-9.992400E-4	1.288460E+4	0.000000E+0	0.000000E+0
1.118462E+3	-9.991700E-4	1.288450E+4	0.000000E+0	0.000000E+0
1.122462E+3	-9.991500E-4	1.288450E+4	0.000000E+0	0.000000E+0
1.126470E+3	-9.991600E-4	1.288460E+4	0.000000E+0	0.000000E+0
1.130456E+3	-9.991500E-4	1.288470E+4	0.000000E+0	0.000000E+0
1.134467E+3	-9.991300E-4	1.288460E+4	0.000000E+0	0.000000E+0
1.138467E+3	-9.991600E-4	1.288470E+4	0.000000E+0	0.000000E+0
1.142466E+3	-9.991600E-4	1.288470E+4	0.000000E+0	0.000000E+0
1.146462E+3	-9.991700E-4	1.288470E+4	0.000000E+0	0.000000E+0
1.150493E+3	-9.991800E-4	1.288460E+4	0.000000E+0	0.000000E+0
1.154466E+3	-9.991800E-4	1.288470E+4	0.000000E+0	0.000000E+0
1.158465E+3	-9.991900E-4	1.288460E+4	0.000000E+0	0.000000E+0
1.162463E+3	-9.991900E-4	1.288450E+4	0.000000E+0	0.000000E+0
1.166463E+3	-9.992000E-4	1.288450E+4	0.000000E+0	0.000000E+0
1.170474E+3	-9.992000E-4	1.288450E+4	0.000000E+0	0.000000E+0
1.174437E+3	-9.992000E-4	1.288450E+4	0.000000E+0	0.000000E+0
1.178471E+3	-9.992200E-4	1.288440E+4	0.000000E+0	0.000000E+0
1.182463E+3	-9.992200E-4	1.288440E+4	0.000000E+0	0.000000E+0
1.186477E+3	-9.992000E-4	1.288440E+4	0.000000E+0	0.000000E+0
1.190449E+3	-9.991800E-4	1.288450E+4	0.000000E+0	0.000000E+0
1.194478E+3	-9.992100E-4	1.288450E+4	0.000000E+0	0.000000E+0
1.198438E+3	-9.992100E-4	1.288450E+4	0.000000E+0	0.000000E+0
1.202479E+3	-9.992000E-4	1.288450E+4	0.000000E+0	0.000000E+0
1.206462E+3	-9.992200E-4	1.288450E+4	0.000000E+0	0.000000E+0
1.210462E+3	-9.992200E-4	1.288450E+4	0.000000E+0	0.000000E+0
1.214461E+3	-9.992200E-4	1.288450E+4	0.000000E+0	0.000000E+0
1.218465E+3	-9.992200E-4	1.288440E+4	0.000000E+0	0.000000E+0
1.222478E+3	-9.992000E-4	1.288440E+4	0.000000E+0	0.000000E+0
1.226464E+3	-9.991600E-4	1.288430E+4	0.000000E+0	0.000000E+0
1.230463E+3	-9.992000E-4	1.288430E+4	0.000000E+0	0.000000E+0
1.234464E+3	-9.991800E-4	1.288420E+4	0.000000E+0	0.000000E+0
1.238462E+3	-9.991700E-4	1.288410E+4	0.000000E+0	0.000000E+0
1.242476E+3	-9.992000E-4	1.288410E+4	0.000000E+0	0.000000E+0
1.246448E+3	-9.991900E-4	1.288400E+4	0.000000E+0	0.000000E+0
1.250486E+3	-9.991600E-4	1.288410E+4	0.000000E+0	0.000000E+0
1.254445E+3	-9.992000E-4	1.288410E+4	0.000000E+0	0.000000E+0
1.258481E+3	-9.992100E-4	1.288410E+4	0.000000E+0	0.000000E+0
1.262464E+3	-9.992000E-4	1.288410E+4	0.000000E+0	0.000000E+0
1.266472E+3	-9.991700E-4	1.288410E+4	0.000000E+0	0.000000E+0
1.270456E+3	-9.992000E-4	1.288410E+4	0.000000E+0	0.000000E+0
1.274463E+3	-9.992100E-4	1.288420E+4	0.000000E+0	0.000000E+0
1.278472E+3	-9.991600E-4	1.288430E+4	0.000000E+0	0.000000E+0
1.282443E+3	-9.991700E-4	1.288410E+4	0.000000E+0	0.000000E+0
1.286485E+3	-9.991300E-4	1.288400E+4	0.000000E+0	0.000000E+0
1.290451E+3	-9.991100E-4	1.288390E+4	0.000000E+0	0.000000E+0
1.294495E+3	-9.991200E-4	1.288370E+4	0.000000E+0	0.000000E+0
1.298449E+3	-9.991300E-4	1.288380E+4	0.000000E+0	0.000000E+0
1.302467E+3	-9.991300E-4	1.288370E+4	0.000000E+0	0.000000E+0
1.306462E+3	-9.991400E-4	1.288370E+4	0.000000E+0	0.000000E+0
1.310464E+3	-9.991200E-4	1.288370E+4	0.000000E+0	0.000000E+0
1.314465E+3	-9.991000E-4	1.288360E+4	0.000000E+0	0.000000E+0
1.318463E+3	-9.991200E-4	1.288360E+4	0.000000E+0	0.000000E+0
1.322464E+3	-9.991000E-4	1.288360E+4	0.000000E+0	0.000000E+0
1.326463E+3	-9.991200E-4	1.288360E+4	0.000000E+0	0.000000E+0
1.330492E+3	-9.991000E-4	1.288380E+4	0.000000E+0	0.000000E+0
1.334463E+3	-9.991200E-4	1.288370E+4	0.000000E+0	0.000000E+0
1.338465E+3	-9.991300E-4	1.288370E+4	0.000000E+0	0.000000E+0
1.342465E+3	-9.991000E-4	1.288360E+4	0.000000E+0	0.000000E+0
1.346463E+3	-9.991000E-4	1.288370E+4	0.000000E+0	0.000000E+0
1.350462E+3	-9.991000E-4	1.288360E+4	0.000000E+0	0.000000E+0
1.354463E+3	-9.991000E-4	1.288350E+4	0.000000E+0	0.000000E+0
1.358463E+3	-9.991100E-4	1.288370E+4	0.000000E+0	0.000000E+0
1.362463E+3	-9.991100E-4	1.288370E+4	0.000000E+0	0.000000E+0
1.366466E+3	-9.990900E-4	1.288370E+4	0.000000E+0	0.000000E+0
1.370461E+3	-9.991300E-4	1.288370E+4	0.000000E+0	0.000000E+0
1.374466E+3	-9.991000E-4	1.288370E+4	0.000000E+0	0.000000E+0
1.378464E+3	-9.991300E-4	1.288370E+4	0.000000E+0	0.000000E+0
1.382462E+3	-9.991200E-4	1.288380E+4	0.000000E+0	0.000000E+0
1.386473E+3	-9.991300E-4	1.288390E+4	0.000000E+0	0.000000E+0
1.390439E+3	-9.991200E-4	1.288380E+4	0.000000E+0	0.000000E+0
1.394478E+3	-9.990900E-4	1.288390E+4	0.000000E+0	0.000000E+0
1.398467E+3	-9.990900E-4	1.288390E+4	0.000000E+0	0.000000E+0
1.402468E+3	-9.991100E-4	1.288380E+4	0.000000E+0	0.000000E+0
1.406464E+3	-9.990900E-4	1.288380E+4	0.000000E+0	0.000000E+0
1.410463E+3	-9.991100E-4	1.288390E+4	0.000000E+0	0.000000E+0
1.414463E+3	-9.991200E-4	1.288390E+4	0.000000E+0	0.000000E+0
1.418465E+3	-9.991400E-4	1.288390E+4	0.000000E+0	0.000000E+0
1.422463E+3	-9.991200E-4	1.288400E+4	0.000000E+0	0.000000E+0
1.426462E+3	-9.991600E-4	1.288400E+4	0.000000E+0	0.000000E+0
1.430463E+3	-9.991600E-4	1.288390E+4	0.000000E+0	0.000000E+0
1.434462E+3	-9.991700E-4	1.288390E+4	0.000000E+0	0.000000E+0
1.438510E+3	-9.991500E-4	1.288380E+4	0.000000E+0	0.000000E+0
1.442465E+3	-9.991500E-4	1.288390E+4	0.000000E+0	0.000000E+0
1.446467E+3	-9.991700E-4	1.288380E+4	0.000000E+0	0.000000E+0
1.450468E+3	-9.991300E-4	1.288370E+4	0.000000E+0	0.000000E+0
1.454466E+3	-9.991300E-4	1.288380E+4	0.000000E+0	0.000000E+0
1.458466E+3	-9.991300E-4	1.288390E+4	0.000000E+0	0.000000E+0
1.462467E+3	-9.991600E-4	1.288380E+4	0.000000E+0	0.000000E+0
1.466444E+3	-9.991700E-4	1.288370E+4	0.000000E+0	0.000000E+0
1.470480E+3	-9.991600E-4	1.288370E+4	0.000000E+0	0.000000E+0
1.474469E+3	-9.991300E-4	1.288370E+4	0.000000E+0	0.000000E+0
1.478459E+3	-9.991600E-4	1.288370E+4	0.000000E+0	0.000000E+0
1.482457E+3	-9.991600E-4	1.288370E+4	0.000000E+0	0.000000E+0
1.486465E+3	-9.991300E-4	1.288390E+4	0.000000E+0	0.000000E+0
1.490462E+3	-9.991800E-4	1.288390E+4	0.000000E+0	0.000000E+0
1.494462E+3	-9.992100E-4	1.288390E+4	0.000000E+0	0.000000E+0
1.498460E+3	-9.991800E-4	1.288380E+4	0.000000E+0	0.000000E+0
1.502467E+3	-9.991300E-4	1.288380E+4	0.000000E+0	0.000000E+0
1.506462E+3	-9.991600E-4	1.288370E+4	0.000000E+0	0.000000E+0
1.510498E+3	-9.991700E-4	1.288370E+4	0.000000E+0	0.000000E+0
1.514468E+3	-9.991800E-4	1.288360E+4	0.000000E+0	0.000000E+0
1.518466E+3	-9.991700E-4	1.288350E+4	0.000000E+0	0.000000E+0
1.522463E+3	-9.991800E-4	1.288350E+4	0.000000E+0	0.000000E+0
1.526460E+3	-9.992000E-4	1.288350E+4	0.000000E+0	0.000000E+0
1.530502E+3	-9.991900E-4	1.288350E+4	0.000000E+0	0.000000E+0
1.534443E+3	-9.991600E-4	1.288340E+4	0.000000E+0	0.000000E+0
1.538479E+3	-9.991600E-4	1.288340E+4	0.000000E+0	0.000000E+0
1.542466E+3	-9.991600E-4	1.288330E+4	0.000000E+0	0.000000E+0
1.546479E+3	-9.991700E-4	1.288320E+4	0.000000E+0	0.000000E+0
1.550466E+3	-9.991600E-4	1.288320E+4	0.000000E+0	0.000000E+0
1.554464E+3	-9.991900E-4	1.288310E+4	0.000000E+0	0.000000E+0
1.558462E+3	-9.991700E-4	1.288320E+4	0.000000E+0	0.000000E+0
1.562461E+3	-9.991700E-4	1.288310E+4	0.000000E+0	0.000000E+0
1.566474E+3	-9.991400E-4	1.288310E+4	0.000000E+0	0.000000E+0
1.570465E+3	-9.991500E-4	1.288310E+4	0.000000E+0	0.000000E+0
1.574464E+3	-9.991700E-4	1.288330E+4	0.000000E+0	0.000000E+0
1.578462E+3	-9.991700E-4	1.288320E+4	0.000000E+0	0.000000E+0
1.582475E+3	-9.991600E-4	1.288330E+4	0.000000E+0	0.000000E+0
1.586465E+3	-9.991900E-4	1.288340E+4	0.000000E+0	0.000000E+0
1.590464E+3	-9.992000E-4	1.288340E+4	0.000000E+0	0.000000E+0
1.594462E+3	-9.991800E-4	1.288340E+4	0.000000E+0	0.000000E+0
1.598465E+3	-9.991500E-4	1.288350E+4	0.000000E+0	0.000000E+0
1.602462E+3	-9.991700E-4	1.288330E+4	0.000000E+0	0.000000E+0
1.606462E+3	-9.991900E-4	1.288330E+4	0.000000E+0	0.000000E+0
1.610460E+3	-9.991800E-4	1.288330E+4	0.000000E+0	0.000000E+0
1.614468E+3	-9.992000E-4	1.288320E+4	0.000000E+0	0.000000E+0
1.618444E+3	-9.991800E-4	1.288330E+4	0.000000E+0	0.000000E+0
1.622476E+3	-9.991600E-4	1.288340E+4	0.000000E+0	0.000000E+0
1.626465E+3	-9.991600E-4	1.288330E+4	0.000000E+0	0.000000E+0
1.630468E+3	-9.991400E-4	1.288340E+4	0.000000E+0	0.000000E+0
1.634463E+3	-9.991600E-4	1.288340E+4	0.000000E+0	0.000000E+0
1.638461E+3	-9.991400E-4	1.288330E+4	0.000000E+0	0.000000E+0
1.642464E+3	-9.991700E-4	1.288330E+4	0.000000E+0	0.000000E+0
1.646468E+3	-9.991600E-4	1.288330E+4	0.000000E+0	0.000000E+0
1.650464E+3	-9.991500E-4	1.288320E+4	0.000000E+0	0.000000E+0
1.654479E+3	-9.991500E-4	1.288320E+4	0.000000E+0	0.000000E+0
1.658464E+3	-9.991600E-4	1.288320E+4	0.000000E+0	0.000000E+0
1.662468E+3	-9.991300E-4	1.288310E+4	0.000000E+0	0.000000E+0
1.666466E+3	-9.990900E-4	1.288300E+4	0.000000E+0	0.000000E+0
1.670462E+3	-9.991400E-4	1.288310E+4	0.000000E+0	0.000000E+0
1.674462E+3	-9.991500E-4	1.288300E+4	0.000000E+0	0.000000E+0
1.678462E+3	-9.991400E-4	1.288290E+4	0.000000E+0	0.000000E+0
1.682462E+3	-9.991500E-4	1.288280E+4	0.000000E+0	0.000000E+0
1.686460E+3	-9.991500E-4	1.288280E+4	0.000000E+0	0.000000E+0
1.690474E+3	-9.991600E-4	1.288270E+4	0.000000E+0	0.000000E+0
1.694465E+3	-9.991500E-4	1.288270E+4	0.000000E+0	0.000000E+0
1.698463E+3	-9.991500E-4	1.288270E+4	0.000000E+0	0.000000E+0
1.702462E+3	-9.991500E-4	1.288260E+4	0.000000E+0	0.000000E+0
1.706462E+3	-9.991700E-4	1.288250E+4	0.000000E+0	0.000000E+0
1.710464E+3	-9.991400E-4	1.288250E+4	0.000000E+0	0.000000E+0
1.714463E+3	-9.991300E-4	1.288240E+4	0.000000E+0	0.000000E+0
1.718463E+3	-9.991600E-4	1.288240E+4	0.000000E+0	0.000000E+0
1.722461E+3	-9.991700E-4	1.288240E+4	0.000000E+0	0.000000E+0
1.726469E+3	-9.991800E-4	1.288220E+4	0.000000E+0	0.000000E+0
1.730463E+3	-9.991400E-4	1.288210E+4	0.000000E+0	0.000000E+0
1.734459E+3	-9.991700E-4	1.288210E+4	0.000000E+0	0.000000E+0
1.738461E+3	-9.991600E-4	1.288210E+4	0.000000E+0	0.000000E+0
1.742463E+3	-9.991300E-4	1.288210E+4	0.000000E+0	0.000000E+0
1.746463E+3	-9.991200E-4	1.288220E+4	0.000000E+0	0.000000E+0
1.750461E+3	-9.991200E-4	1.288220E+4	0.000000E+0	0.000000E+0
1.754464E+3	-9.991300E-4	1.288230E+4	0.000000E+0	0.000000E+0
1.758465E+3	-9.991600E-4	1.288230E+4	0.000000E+0	0.000000E+0
1.762464E+3	-9.990900E-4	1.288240E+4	0.000000E+0	0.000000E+0
1.766465E+3	-9.991200E-4	1.288240E+4	0.000000E+0	0.000000E+0
1.770465E+3	-9.991000E-4	1.288230E+4	0.000000E+0	0.000000E+0
1.774462E+3	-9.991500E-4	1.288230E+4	0.000000E+0	0.000000E+0
1.778467E+3	-9.991300E-4	1.288230E+4	0.000000E+0	0.000000E+0
1.782462E+3	-9.991000E-4	1.288210E+4	0.000000E+0	0.000000E+0
1.786463E+3	-9.991000E-4	1.288200E+4	0.000000E+0	0.000000E+0
1.790468E+3	-9.991200E-4	1.288200E+4	0.000000E+0	0.000000E+0
1.794450E+3	-9.991000E-4	1.288200E+4	0.000000E+0	0.000000E+0
1.798485E+3	-9.991000E-4	1.288200E+4	0.000000E+0	0.000000E+0
1.802441E+3	-9.991000E-4	1.288190E+4	0.000000E+0	0.000000E+0
1.806482E+3	-9.991300E-4	1.288190E+4	0.000000E+0	0.000000E+0
1.810463E+3	-9.991000E-4	1.288190E+4	0.000000E+0	0.000000E+0
1.814460E+3	-9.991200E-4	1.288190E+4	0.000000E+0	0.000000E+0
1.818458E+3	-9.991100E-4	1.288190E+4	0.000000E+0	0.000000E+0
1.822469E+3	-9.991200E-4	1.288200E+4	0.000000E+0	0.000000E+0
1.826462E+3	-9.990900E-4	1.288210E+4	0.000000E+0	0.000000E+0
1.830463E+3	-9.991700E-4	1.288210E+4	0.000000E+0	0.000000E+0
1.834503E+3	-9.991200E-4	1.288200E+4	0.000000E+0	0.000000E+0
1.838467E+3	-9.991300E-4	1.288200E+4	0.000000E+0	0.000000E+0
1.842467E+3	-9.990900E-4	1.288200E+4	0.000000E+0	0.000000E+0
1.846464E+3	-9.991400E-4	1.288190E+4	0.000000E+0	0.000000E+0
1.850462E+3	-9.991200E-4	1.288190E+4	0.000000E+0	0.000000E+0
1.854464E+3	-9.991200E-4	1.288190E+4	0.000000E+0	0.000000E+0
1.858463E+3	-9.991700E-4	1.288180E+4	0.000000E+0	0.000000E+0
1.862464E+3	-9.991600E-4	1.288160E+4	0.000000E+0	0.000000E+0
1.866460E+3	-9.991600E-4	1.288160E+4	0.000000E+0	0.000000E+0
1.870498E+3	-9.991700E-4	1.288160E+4	0.000000E+0	0.000000E+0
1.874463E+3	-9.991700E-4	1.288140E+4	0.000000E+0	0.000000E+0
1.878462E+3	-9.991600E-4	1.288140E+4	0.000000E+0	0.000000E+0
1.882462E+3	-9.991400E-4	1.288130E+4	0.000000E+0	0.000000E+0
1.886460E+3	-9.991300E-4	1.288130E+4	0.000000E+0	0.000000E+0
1.890465E+3	-9.991600E-4	1.288120E+4	0.000000E+0	0.000000E+0
1.894461E+3	-9.991600E-4	1.288110E+4	0.000000E+0	0.000000E+0
1.898461E+3	-9.991400E-4	1.288100E+4	0.000000E+0	0.000000E+0
1.902465E+3	-9.991300E-4	1.288100E+4	0.000000E+0	0.000000E+0
1.906499E+3	-9.991300E-4	1.288110E+4	0.000000E+0	0.000000E+0
1.910461E+3	-9.991400E-4	1.288100E+4	0.000000E+0	0.000000E+0
1.914458E+3	-9.991600E-4	1.288110E+4	0.000000E+0	0.000000E+0
1.918469E+3	-9.991500E-4	1.288110E+4	0.000000E+0	0.000000E+0
1.922463E+3	-9.991400E-4	1.288120E+4	0.000000E+0	0.000000E+0
1.926466E+3	-9.991200E-4	1.288100E+4	0.000000E+0	0.000000E+0
1.930459E+3	-9.991100E-4	1.288100E+4	0.000000E+0	0.000000E+0
1.934460E+3	-9.990900E-4	1.288110E+4	0.000000E+0	0.000000E+0
1.938462E+3	-9.990900E-4	1.288120E+4	0.000000E+0	0.000000E+0
1.942495E+3	-9.991200E-4	1.288110E+4	0.000000E+0	0.000000E+0
1.946463E+3	-9.990600E-4	1.288110E+4	0.000000E+0	0.000000E+0
1.950460E+3	-9.991100E-4	1.288110E+4	0.000000E+0	0.000000E+0
1.954462E+3	-9.990900E-4	1.288100E+4	0.000000E+0	0.000000E+0
1.958460E+3	-9.991300E-4	1.288110E+4	0.000000E+0	0.000000E+0
1.962463E+3	-9.991200E-4	1.288100E+4	0.000000E+0	0.000000E+0
1.966467E+3	-9.991800E-4	1.288090E+4	0.000000E+0	0.000000E+0
1.970467E+3	-9.991500E-4	1.288090E+4	0.000000E+0	0.000000E+0
1.974463E+3	-9.991500E-4	1.288070E+4	0.000000E+0	0.000000E+0
1.978501E+3	-9.991400E-4	1.288080E+4	0.000000E+0	0.000000E+0
1.982471E+3	-9.991600E-4	1.288090E+4	0.000000E+0	0.000000E+0
1.986447E+3	-9.991300E-4	1.288080E+4	0.000000E+0	0.000000E+0
1.990477E+3	-9.991400E-4	1.288080E+4	0.000000E+0	0.000000E+0
1.994463E+3	-9.991600E-4	1.288080E+4	0.000000E+0	0.000000E+0
1.998474E+3	-9.991300E-4	1.288070E+4	0.000000E+0	0.000000E+0
2.002455E+3	-9.991700E-4	1.288060E+4	0.000000E+0	0.000000E+0
2.006468E+3	-9.991600E-4	1.288060E+4	0.000000E+0	0.000000E+0
2.010459E+3	-9.991500E-4	1.288040E+4	0.000000E+0	0.000000E+0
2.014502E+3	-9.991800E-4	1.288040E+4	0.000000E+0	0.000000E+0
2.018461E+3	-9.991400E-4	1.288040E+4	0.000000E+0	0.000000E+0
2.022461E+3	-9.991700E-4	1.288030E+4	0.000000E+0	0.000000E+0
2.026461E+3	-9.991500E-4	1.288030E+4	0.000000E+0	0.000000E+0
2.030464E+3	-9.991400E-4	1.288040E+4	0.000000E+0	0.000000E+0
2.034464E+3	-9.991400E-4	1.288060E+4	0.000000E+0	0.000000E+0
2.038464E+3	-9.991500E-4	1.288060E+4	0.000000E+0	0.000000E+0
2.042462E+3	-9.991600E-4	1.288050E+4	0.000000E+0	0.000000E+0
2.046464E+3	-9.991400E-4	1.288060E+4	0.000000E+0	0.000000E+0
2.050481E+3	-9.991200E-4	1.288060E+4	0.000000E+0	0.000000E+0
2.054463E+3	-9.991100E-4	1.288060E+4	0.000000E+0	0.000000E+0
2.058463E+3	-9.991200E-4	1.288050E+4	0.000000E+0	0.000000E+0
2.062464E+3	-9.991000E-4	1.288050E+4	0.000000E+0	0.000000E+0
2.066466E+3	-9.991300E-4	1.288060E+4	0.000000E+0	0.000000E+0
2.070469E+3	-9.991400E-4	1.288050E+4	0.000000E+0	0.000000E+0
2.074461E+3	-9.991200E-4	1.288050E+4	0.000000E+0	0.000000E+0
2.078463E+3	-9.991000E-4	1.288050E+4	0.000000E+0	0.000000E+0
2.082461E+3	-9.991100E-4	1.288060E+4	0.000000E+0	0.000000E+0
2.086498E+3	-9.991100E-4	1.288050E+4	0.000000E+0	0.000000E+0
2.090461E+3	-9.991000E-4	1.288050E+4	0.000000E+0	0.000000E+0
2.094466E+3	-9.990900E-4	1.288050E+4	0.000000E+0	0.000000E+0
2.098464E+3	-9.990600E-4	1.288050E+4	0.000000E+0	0.000000E+0
2.102464E+3	-9.991000E-4	1.288060E+4	0.000000E+0	0.000000E+0
2.106466E+3	-9.991400E-4	1.288050E+4	0.000000E+0	0.000000E+0
2.110469E+3	-9.991000E-4	1.288040E+4	0.000000E+0	0.000000E+0
2.114454E+3	-9.990800E-4	1.288030E+4	0.000000E+0	0.000000E+0
2.118467E+3	-9.990900E-4	1.288050E+4	0.000000E+0	0.000000E+0
2.122463E+3	-9.990700E-4	1.288030E+4	0.000000E+0	0.000000E+0
2.126464E+3	-9.990600E-4	1.288020E+4	0.000000E+0	0.000000E+0
2.130459E+3	-9.990800E-4	1.288020E+4	0.000000E+0	0.000000E+0
2.134464E+3	-9.990600E-4	1.288010E+4	0.000000E+0	0.000000E+0
2.138462E+3	-9.990900E-4	1.288010E+4	0.000000E+0	0.000000E+0
2.142475E+3	-9.990600E-4	1.288020E+4	0.000000E+0	0.000000E+0
2.146455E+3	-9.991000E-4	1.288030E+4	0.000000E+0	0.000000E+0
2.150465E+3	-9.991100E-4	1.288030E+4	0.000000E+0	0.000000E+0
2.154463E+3	-9.990900E-4	1.288040E+4	0.000000E+0	0.000000E+0
2.158494E+3	-9.990900E-4	1.288040E+4	0.000000E+0	0.000000E+0
2.162465E+3	-9.990900E-4	1.288040E+4	0.000000E+0	0.000000E+0
2.166462E+3	-9.991000E-4	1.288030E+4	0.000000E+0	0.000000E+0
2.170463E+3	-9.990800E-4	1.288040E+4	0.000000E+0	0.000000E+0
2.174463E+3	-9.990700E-4	1.288050E+4	0.000000E+0	0.000000E+0
2.178463E+3	-9.990400E-4	1.288040E+4	0.000000E+0	0.000000E+0
2.182462E+3	-9.990700E-4	1.288050E+4	0.000000E+0	0.000000E+0
2.186466E+3	-9.990900E-4	1.288040E+4	0.000000E+0	0.000000E+0
2.190461E+3	-9.990900E-4	1.288030E+4	0.000000E+0	0.000000E+0
2.194466E+3	-9.990900E-4	1.288030E+4	0.000000E+0	0.000000E+0
2.198459E+3	-9.991300E-4	1.288030E+4	0.000000E+0	0.000000E+0
2.202463E+3	-9.991000E-4	1.288020E+4	0.000000E+0	0.000000E+0
2.206462E+3	-9.990900E-4	1.288030E+4	0.000000E+0	0.000000E+0
2.210462E+3	-9.991100E-4	1.288040E+4	0.000000E+0	0.000000E+0
2.214466E+3	-9.991200E-4	1.288040E+4	0.000000E+0	0.000000E+0
2.218462E+3	-9.991100E-4	1.288050E+4	0.000000E+0	0.000000E+0
2.222464E+3	-9.991000E-4	1.288040E+4	0.000000E+0	0.000000E+0
2.226462E+3	-9.991100E-4	1.288040E+4	0.000000E+0	0.000000E+0
2.230470E+3	-9.991200E-4	1.288020E+4	0.000000E+0	0.000000E+0
2.234467E+3	-9.991200E-4	1.288010E+4	0.000000E+0	0.000000E+0
2.238468E+3	-9.991500E-4	1.287990E+4	0.000000E+0	0.000000E+0
2.242446E+3	-9.991100E-4	1.287990E+4	0.000000E+0	0.000000E+0
2.246481E+3	-9.991500E-4	1.287980E+4	0.000000E+0	0.000000E+0
2.250463E+3	-9.991600E-4	1.287980E+4	0.000000E+0	0.000000E+0
2.254469E+3	-9.991300E-4	1.287980E+4	0.000000E+0	0.000000E+0
2.258443E+3	-9.991100E-4	1.287980E+4	0.000000E+0	0.000000E+0
2.262476E+3	-9.991300E-4	1.287970E+4	0.000000E+0	0.000000E+0
2.266464E+3	-9.991500E-4	1.287980E+4	0.000000E+0	0.000000E+0
2.270466E+3	-9.991000E-4	1.287970E+4	0.000000E+0	0.000000E+0
2.274469E+3	-9.991300E-4	1.287960E+4	0.000000E+0	0.000000E+0
2.278440E+3	-9.991100E-4	1.287950E+4	0.000000E+0	0.000000E+0
2.282483E+3	-9.991400E-4	1.287940E+4	0.000000E+0	0.000000E+0
2.286467E+3	-9.991200E-4	1.287950E+4	0.000000E+0	0.000000E+0
2.290463E+3	-9.991300E-4	1.287940E+4	0.000000E+0	0.000000E+0
2.294466E+3	-9.991300E-4	1.287930E+4	0.000000E+0	0.000000E+0
2.298462E+3	-9.991200E-4	1.287920E+4	0.000000E+0	0.000000E+0
2.302490E+3	-9.991400E-4	1.287920E+4	0.000000E+0	0.000000E+0
2.306462E+3	-9.991300E-4	1.287920E+4	0.000000E+0	0.000000E+0
2.310461E+3	-9.991200E-4	1.287910E+4	0.000000E+0	0.000000E+0
2.314468E+3	-9.991100E-4	1.287920E+4	0.000000E+0	0.000000E+0
2.318464E+3	-9.991100E-4	1.287910E+4	0.000000E+0	0.000000E+0
2.322461E+3	-9.991200E-4	1.287900E+4	0.000000E+0	0.000000E+0
2.326462E+3	-9.991200E-4	1.287910E+4	0.000000E+0	0.000000E+0
2.330467E+3	-9.991300E-4	1.287910E+4	0.000000E+0	0.000000E+0
2.334463E+3	-9.991400E-4	1.287920E+4	0.000000E+0	0.000000E+0
2.338506E+3	-9.991300E-4	1.287910E+4	0.000000E+0	0.000000E+0
2.342460E+3	-9.991900E-4	1.287910E+4	0.000000E+0	0.000000E+0
2.346462E+3	-9.991100E-4	1.287920E+4	0.000000E+0	0.000000E+0
2.350463E+3	-9.992000E-4	1.287930E+4	0.000000E+0	0.000000E+0
2.354465E+3	-9.991700E-4	1.287920E+4	0.000000E+0	0.000000E+0
2.358465E+3	-9.991300E-4	1.287920E+4	0.000000E+0	0.000000E+0
2.362468E+3	-9.991300E-4	1.287910E+4	0.000000E+0	0.000000E+0
2.366467E+3	-9.991000E-4	1.287910E+4	0.000000E+0	0.000000E+0
2.370461E+3	-9.990800E-4	1.287920E+4	0.000000E+0	0.000000E+0
2.374504E+3	-9.991300E-4	1.287930E+4	0.000000E+0	0.000000E+0
2.378462E+3	-9.991300E-4	1.287930E+4	0.000000E+0	0.000000E+0
2.382467E+3	-9.990900E-4	1.287930E+4	0.000000E+0	0.000000E+0
2.386464E+3	-9.991700E-4	1.287930E+4	0.000000E+0	0.000000E+0
2.390464E+3	-9.991600E-4	1.287920E+4	0.000000E+0	0.000000E+0
2.394464E+3	-9.991800E-4	1.287920E+4	0.000000E+0	0.000000E+0
2.398467E+3	-9.991900E-4	1.287910E+4	0.000000E+0	0.000000E+0
2.402465E+3	-9.991800E-4	1.287920E+4	0.000000E+0	0.000000E+0
2.406464E+3	-9.991400E-4	1.287920E+4	0.000000E+0	0.000000E+0
2.410476E+3	-9.992000E-4	1.287900E+4	0.000000E+0	0.000000E+0
2.414467E+3	-9.992000E-4	1.287910E+4	0.000000E+0	0.000000E+0
2.418464E+3	-9.991700E-4	1.287920E+4	0.000000E+0	0.000000E+0
2.422462E+3	-9.991900E-4	1.287910E+4	0.000000E+0	0.000000E+0
2.426463E+3	-9.992000E-4	1.287920E+4	0.000000E+0	0.000000E+0
2.430507E+3	-9.991800E-4	1.287920E+4	0.000000E+0	0.000000E+0
2.434446E+3	-9.991900E-4	1.287910E+4	0.000000E+0	0.000000E+0
2.438481E+3	-9.991300E-4	1.287910E+4	0.000000E+0	0.000000E+0
2.442465E+3	-9.992000E-4	1.287900E+4	0.000000E+0	0.000000E+0
2.446506E+3	-9.991200E-4	1.287890E+4	0.000000E+0	0.000000E+0
2.450463E+3	-9.991100E-4	1.287880E+4	0.000000E+0	0.000000E+0
2.454463E+3	-9.991800E-4	1.287890E+4	0.000000E+0	0.000000E+0
2.458463E+3	-9.991500E-4	1.287890E+4	0.000000E+0	0.000000E+0
2.462464E+3	-9.991500E-4	1.287890E+4	0.000000E+0	0.000000E+0
2.466464E+3	-9.991300E-4	1.287880E+4	0.000000E+0	0.000000E+0
2.470461E+3	-9.991200E-4	1.287880E+4	0.000000E+0	0.000000E+0
2.474459E+3	-9.992000E-4	1.287880E+4	0.000000E+0	0.000000E+0
2.478461E+3	-9.991600E-4	1.287890E+4	0.000000E+0	0.000000E+0
2.482480E+3	-9.991700E-4	1.287890E+4	0.000000E+0	0.000000E+0
2.486464E+3	-9.991500E-4	1.287890E+4	0.000000E+0	0.000000E+0
2.490462E+3	-9.991400E-4	1.287870E+4	0.000000E+0	0.000000E+0
2.494465E+3	-9.991400E-4	1.287870E+4	0.000000E+0	0.000000E+0
2.498465E+3	-9.991400E-4	1.287870E+4	0.000000E+0	0.000000E+0
2.502466E+3	-9.992000E-4	1.287880E+4	0.000000E+0	0.000000E+0
2.506460E+3	-9.991600E-4	1.287890E+4	0.000000E+0	0.000000E+0
2.510464E+3	-9.991400E-4	1.287900E+4	0.000000E+0	0.000000E+0
2.514462E+3	-9.991600E-4	1.287880E+4	0.000000E+0	0.000000E+0
2.518472E+3	-9.991300E-4	1.287880E+4	0.000000E+0	0.000000E+0
2.522462E+3	-9.991500E-4	1.287850E+4	0.000000E+0	0.000000E+0
2.526465E+3	-9.991400E-4	1.287840E+4	0.000000E+0	0.000000E+0
2.530463E+3	-9.991500E-4	1.287810E+4	0.000000E+0	0.000000E+0
2.534460E+3	-9.991500E-4	1.287810E+4	0.000000E+0	0.000000E+0
2.538461E+3	-9.991500E-4	1.287800E+4	0.000000E+0	0.000000E+0
2.542460E+3	-9.991400E-4	1.287810E+4	0.000000E+0	0.000000E+0
2.546463E+3	-9.991400E-4	1.287810E+4	0.000000E+0	0.000000E+0
2.550463E+3	-9.991500E-4	1.287800E+4	0.000000E+0	0.000000E+0
2.554507E+3	-9.991300E-4	1.287800E+4	0.000000E+0	0.000000E+0
2.558469E+3	-9.991600E-4	1.287800E+4	0.000000E+0	0.000000E+0
2.562445E+3	-9.991300E-4	1.287780E+4	0.000000E+0	0.000000E+0
2.566480E+3	-9.991400E-4	1.287780E+4	0.000000E+0	0.000000E+0
2.570466E+3	-9.991200E-4	1.287770E+4	0.000000E+0	0.000000E+0
2.574480E+3	-9.991000E-4	1.287760E+4	0.000000E+0	0.000000E+0
2.578443E+3	-9.990900E-4	1.287760E+4	0.000000E+0	0.000000E+0
2.582475E+3	-9.990900E-4	1.287740E+4	0.000000E+0	0.000000E+0
2.586464E+3	-9.991400E-4	1.287720E+4	0.000000E+0	0.000000E+0
2.590505E+3	-9.991100E-4	1.287730E+4	0.000000E+0	0.000000E+0
2.594473E+3	-9.990900E-4	1.287710E+4	0.000000E+0	0.000000E+0
2.598441E+3	-9.991000E-4	1.287710E+4	0.000000E+0	0.000000E+0
2.602481E+3	-9.990600E-4	1.287710E+4	0.000000E+0	0.000000E+0
2.606463E+3	-9.990900E-4	1.287720E+4	0.000000E+0	0.000000E+0
2.610463E+3	-9.991000E-4	1.287720E+4	0.000000E+0	0.000000E+0
2.614460E+3	-9.990900E-4	1.287720E+4	0.000000E+0	0.000000E+0
2.618468E+3	-9.990700E-4	1.287720E+4	0.000000E+0	0.000000E+0
2.622465E+3	-9.990800E-4	1.287720E+4	0.000000E+0	0.000000E+0
2.626467E+3	-9.990900E-4	1.287720E+4	0.000000E+0	0.000000E+0
2.630463E+3	-9.991100E-4	1.287720E+4	0.000000E+0	0.000000E+0
2.634465E+3	-9.990900E-4	1.287730E+4	0.000000E+0	0.000000E+0
2.638463E+3	-9.990800E-4	1.287730E+4	0.000000E+0	0.000000E+0
2.642463E+3	-9.990900E-4	1.287740E+4	0.000000E+0	0.000000E+0
2.646463E+3	-9.990700E-4	1.287740E+4	0.000000E+0	0.000000E+0
2.650467E+3	-9.991300E-4	1.287740E+4	0.000000E+0	0.000000E+0
2.654466E+3	-9.991100E-4	1.287740E+4	0.000000E+0	0.000000E+0
2.658464E+3	-9.991100E-4	1.287730E+4	0.000000E+0	0.000000E+0
2.662508E+3	-9.991300E-4	1.287720E+4	0.000000E+0	0.000000E+0
2.666467E+3	-9.990900E-4	1.287720E+4	0.000000E+0	0.000000E+0
2.670466E+3	-9.991000E-4	1.287730E+4	0.000000E+0	0.000000E+0
2.674462E+3	-9.991100E-4	1.287730E+4	0.000000E+0	0.000000E+0
2.678462E+3	-9.991000E-4	1.287730E+4	0.000000E+0	0.000000E+0
2.682473E+3	-9.990800E-4	1.287730E+4	0.000000E+0	0.000000E+0
2.686459E+3	-9.990700E-4	1.287710E+4	0.000000E+0	0.000000E+0
2.690464E+3	-9.990700E-4	1.287710E+4	0.000000E+0	0.000000E+0
2.694462E+3	-9.990900E-4	1.287700E+4	0.000000E+0	0.000000E+0
2.698470E+3	-9.990600E-4	1.287700E+4	0.000000E+0	0.000000E+0
2.702467E+3	-9.991100E-4	1.287680E+4	0.000000E+0	0.000000E+0
2.706465E+3	-9.991100E-4	1.287650E+4	0.000000E+0	0.000000E+0
2.710463E+3	-9.991100E-4	1.287640E+4	0.000000E+0	0.000000E+0
2.714466E+3	-9.991000E-4	1.287620E+4	0.000000E+0	0.000000E+0
2.718466E+3	-9.991200E-4	1.287610E+4	0.000000E+0	0.000000E+0
2.722465E+3	-9.991500E-4	1.287610E+4	0.000000E+0	0.000000E+0
2.726440E+3	-9.991600E-4	1.287590E+4	0.000000E+0	0.000000E+0
2.730481E+3	-9.991300E-4	1.287610E+4	0.000000E+0	0.000000E+0
2.734493E+3	-9.990900E-4	1.287590E+4	0.000000E+0	0.000000E+0
2.738459E+3	-9.991200E-4	1.287600E+4	0.000000E+0	0.000000E+0
2.742458E+3	-9.991300E-4	1.287590E+4	0.000000E+0	0.000000E+0
2.746466E+3	-9.991000E-4	1.287610E+4	0.000000E+0	0.000000E+0
2.750464E+3	-9.990700E-4	1.287610E+4	0.000000E+0	0.000000E+0
2.754464E+3	-9.990800E-4	1.287610E+4	0.000000E+0	0.000000E+0
2.758461E+3	-9.990900E-4	1.287580E+4	0.000000E+0	0.000000E+0
2.762467E+3	-9.990700E-4	1.287590E+4	0.000000E+0	0.000000E+0
2.766464E+3	-9.990500E-4	1.287590E+4	0.000000E+0	0.000000E+0
2.770464E+3	-9.991000E-4	1.287590E+4	0.000000E+0	0.000000E+0
2.774459E+3	-9.990900E-4	1.287590E+4	0.000000E+0	0.000000E+0
2.778467E+3	-9.990700E-4	1.287580E+4	0.000000E+0	0.000000E+0
2.782464E+3	-9.990300E-4	1.287580E+4	0.000000E+0	0.000000E+0
2.786460E+3	-9.990400E-4	1.287590E+4	0.000000E+0	0.000000E+0
2.790462E+3	-9.990600E-4	1.287580E+4	0.000000E+0	0.000000E+0
2.794468E+3	-9.990400E-4	1.287580E+4	0.000000E+0	0.000000E+0
2.798465E+3	-9.990300E-4	1.287570E+4	0.000000E+0	0.000000E+0
2.802462E+3	-9.990800E-4	1.287580E+4	0.000000E+0	0.000000E+0
2.806473E+3	-9.990600E-4	1.287580E+4	0.000000E+0	0.000000E+0
2.810463E+3	-9.990500E-4	1.287580E+4	0.000000E+0	0.000000E+0
2.814465E+3	-9.990700E-4	1.287570E+4	0.000000E+0	0.000000E+0
2.818463E+3	-9.990900E-4	1.287570E+4	0.000000E+0	0.000000E+0
2.822461E+3	-9.990900E-4	1.287570E+4	0.000000E+0	0.000000E+0
2.826470E+3	-9.990900E-4	1.287570E+4	0.000000E+0	0.000000E+0
2.830463E+3	-9.990900E-4	1.287560E+4	0.000000E+0	0.000000E+0
2.834469E+3	-9.991200E-4	1.287550E+4	0.000000E+0	0.000000E+0
2.838461E+3	-9.991000E-4	1.287540E+4	0.000000E+0	0.000000E+0
2.842476E+3	-9.990900E-4	1.287550E+4	0.000000E+0	0.000000E+0
2.846464E+3	-9.990700E-4	1.287550E+4	0.000000E+0	0.000000E+0
2.850463E+3	-9.990900E-4	1.287550E+4	0.000000E+0	0.000000E+0
2.854464E+3	-9.991000E-4	1.287530E+4	0.000000E+0	0.000000E+0
2.858464E+3	-9.990800E-4	1.287540E+4	0.000000E+0	0.000000E+0
2.862508E+3	-9.991100E-4	1.287540E+4	0.000000E+0	0.000000E+0
2.866441E+3	-9.990800E-4	1.287530E+4	0.000000E+0	0.000000E+0
2.870457E+3	-9.990700E-4	1.287520E+4	0.000000E+0	0.000000E+0
2.874456E+3	-9.990800E-4	1.287500E+4	0.000000E+0	0.000000E+0
2.878500E+3	-9.990700E-4	1.287500E+4	0.000000E+0	0.000000E+0
2.882470E+3	-9.990700E-4	1.287480E+4	0.000000E+0	0.000000E+0
2.886444E+3	-9.990600E-4	1.287460E+4	0.000000E+0	0.000000E+0
2.890478E+3	-9.990600E-4	1.287450E+4	0.000000E+0	0.000000E+0
2.894466E+3	-9.990700E-4	1.287440E+4	0.000000E+0	0.000000E+0
2.898479E+3	-9.990300E-4	1.287430E+4	0.000000E+0	0.000000E+0
2.902453E+3	-9.990600E-4	1.287430E+4	0.000000E+0	0.000000E+0
2.906466E+3	-9.990400E-4	1.287430E+4	0.000000E+0	0.000000E+0
2.910460E+3	-9.990700E-4	1.287420E+4	0.000000E+0	0.000000E+0
2.914477E+3	-9.990400E-4	1.287420E+4	0.000000E+0	0.000000E+0
2.918460E+3	-9.990600E-4	1.287410E+4	0.000000E+0	0.000000E+0
2.922468E+3	-9.990600E-4	1.287400E+4	0.000000E+0	0.000000E+0
2.926466E+3	-9.990500E-4	1.287400E+4	0.000000E+0	0.000000E+0
2.930462E+3	-9.990900E-4	1.287390E+4	0.000000E+0	0.000000E+0
2.934466E+3	-9.990700E-4	1.287390E+4	0.000000E+0	0.000000E+0
2.938467E+3	-9.990600E-4	1.287390E+4	0.000000E+0	0.000000E+0
2.942464E+3	-9.990600E-4	1.287390E+4	0.000000E+0	0.000000E+0
2.946465E+3	-9.990700E-4	1.287400E+4	0.000000E+0	0.000000E+0
2.950471E+3	-9.990600E-4	1.287400E+4	0.000000E+0	0.000000E+0
2.954465E+3	-9.990700E-4	1.287390E+4	0.000000E+0	0.000000E+0
2.958462E+3	-9.990900E-4	1.287380E+4	0.000000E+0	0.000000E+0
2.962462E+3	-9.991100E-4	1.287370E+4	0.000000E+0	0.000000E+0
2.966460E+3	-9.991400E-4	1.287360E+4	0.000000E+0	0.000000E+0
2.970467E+3	-9.991200E-4	1.287350E+4	0.000000E+0	0.000000E+0
2.974463E+3	-9.991000E-4	1.287350E+4	0.000000E+0	0.000000E+0
2.978466E+3	-9.990900E-4	1.287350E+4	0.000000E+0	0.000000E+0
2.982462E+3	-9.991100E-4	1.287360E+4	0.000000E+0	0.000000E+0
2.986501E+3	-9.991000E-4	1.287360E+4	0.000000E+0	0.000000E+0
2.990462E+3	-9.990700E-4	1.287350E+4	0.000000E+0	0.000000E+0
2.994460E+3	-9.990900E-4	1.287330E+4	0.000000E+0	0.000000E+0
2.998460E+3	-9.991000E-4	1.287330E+4	0.000000E+0	0.000000E+0
3.002461E+3	-9.990900E-4	1.287320E+4	0.000000E+0	0.000000E+0
3.006474E+3	-9.990900E-4	1.287320E+4	0.000000E+0	0.000000E+0
3.010441E+3	-9.990700E-4	1.287310E+4	0.000000E+0	0.000000E+0
3.014486E+3	-9.990500E-4	1.287320E+4	0.000000E+0	0.000000E+0
3.018466E+3	-9.990500E-4	1.287320E+4	0.000000E+0	0.000000E+0
3.022469E+3	-9.990700E-4	1.287320E+4	0.000000E+0	0.000000E+0
3.026461E+3	-9.990700E-4	1.287310E+4	0.000000E+0	0.000000E+0
3.030461E+3	-9.990600E-4	1.287300E+4	0.000000E+0	0.000000E+0
3.034467E+3	-9.990700E-4	1.287270E+4	0.000000E+0	0.000000E+0
3.038465E+3	-9.990700E-4	1.287260E+4	0.000000E+0	0.000000E+0
3.042464E+3	-9.990700E-4	1.287250E+4	0.000000E+0	0.000000E+0
3.046465E+3	-9.990700E-4	1.287230E+4	0.000000E+0	0.000000E+0
3.050466E+3	-9.991200E-4	1.287240E+4	0.000000E+0	0.000000E+0
3.054462E+3	-9.990500E-4	1.287230E+4	0.000000E+0	0.000000E+0
3.058476E+3	-9.990800E-4	1.287210E+4	0.000000E+0	0.000000E+0
3.062468E+3	-9.990700E-4	1.287200E+4	0.000000E+0	0.000000E+0
3.066467E+3	-9.990500E-4	1.287190E+4	0.000000E+0	0.000000E+0
3.070465E+3	-9.990400E-4	1.287190E+4	0.000000E+0	0.000000E+0
3.074462E+3	-9.990400E-4	1.287170E+4	0.000000E+0	0.000000E+0
3.078462E+3	-9.990200E-4	1.287170E+4	0.000000E+0	0.000000E+0
3.082463E+3	-9.990300E-4	1.287170E+4	0.000000E+0	0.000000E+0
3.086461E+3	-9.989800E-4	1.287160E+4	0.000000E+0	0.000000E+0
3.090458E+3	-9.989800E-4	1.287150E+4	0.000000E+0	0.000000E+0
3.094489E+3	-9.989800E-4	1.287140E+4	0.000000E+0	0.000000E+0
3.098461E+3	-9.989700E-4	1.287140E+4	0.000000E+0	0.000000E+0
3.102460E+3	-9.989800E-4	1.287130E+4	0.000000E+0	0.000000E+0
3.106461E+3	-9.990100E-4	1.287130E+4	0.000000E+0	0.000000E+0
3.110459E+3	-9.990100E-4	1.287120E+4	0.000000E+0	0.000000E+0
3.114460E+3	-9.990000E-4	1.287120E+4	0.000000E+0	0.000000E+0
3.118461E+3	-9.990000E-4	1.287100E+4	0.000000E+0	0.000000E+0
3.122462E+3	-9.990300E-4	1.287110E+4	0.000000E+0	0.000000E+0
3.126462E+3	-9.989800E-4	1.287100E+4	0.000000E+0	0.000000E+0
3.130506E+3	-9.990000E-4	1.287100E+4	0.000000E+0	0.000000E+0
3.134462E+3	-9.989600E-4	1.287100E+4	0.000000E+0	0.000000E+0
3.138460E+3	-9.989900E-4	1.287100E+4	0.000000E+0	0.000000E+0
3.142462E+3	-9.989600E-4	1.287090E+4	0.000000E+0	0.000000E+0
3.146468E+3	-9.989900E-4	1.287080E+4	0.000000E+0	0.000000E+0
3.150464E+3	-9.989900E-4	1.287070E+4	0.000000E+0	0.000000E+0
3.154463E+3	-9.989800E-4	1.287060E+4	0.000000E+0	0.000000E+0
3.158464E+3	-9.990000E-4	1.287060E+4	0.000000E+0	0.000000E+0
3.162462E+3	-9.989900E-4	1.287050E+4	0.000000E+0	0.000000E+0
3.166496E+3	-9.990200E-4	1.287020E+4	0.000000E+0	0.000000E+0
3.170465E+3	-9.990500E-4	1.287010E+4	0.000000E+0	0.000000E+0
3.174466E+3	-9.990200E-4	1.287010E+4	0.000000E+0	0.000000E+0
3.178466E+3	-9.990400E-4	1.286990E+4	0.000000E+0	0.000000E+0
3.182463E+3	-9.990400E-4	1.286980E+4	0.000000E+0	0.000000E+0
3.186463E+3	-9.990500E-4	1.286970E+4	0.000000E+0	0.000000E+0
3.190461E+3	-9.990000E-4	1.286970E+4	0.000000E+0	0.000000E+0
3.194466E+3	-9.990500E-4	1.286980E+4	0.000000E+0	0.000000E+0
3.198463E+3	-9.990600E-4	1.286960E+4	0.000000E+0	0.000000E+0
3.202507E+3	-9.990700E-4	1.286940E+4	0.000000E+0	0.000000E+0
3.206463E+3	-9.990400E-4	1.286940E+4	0.000000E+0	0.000000E+0
3.210461E+3	-9.990300E-4	1.286930E+4	0.000000E+0	0.000000E+0
3.214462E+3	-9.990300E-4	1.286930E+4	0.000000E+0	0.000000E+0
3.218464E+3	-9.990300E-4	1.286920E+4	0.000000E+0	0.000000E+0
3.222462E+3	-9.990400E-4	1.286920E+4	0.000000E+0	0.000000E+0
3.226462E+3	-9.990400E-4	1.286920E+4	0.000000E+0	0.000000E+0
3.230463E+3	-9.990600E-4	1.286900E+4	0.000000E+0	0.000000E+0
3.234462E+3	-9.990500E-4	1.286880E+4	0.000000E+0	0.000000E+0
3.238479E+3	-9.990500E-4	1.286860E+4	0.000000E+0	0.000000E+0
3.242460E+3	-9.990700E-4	1.286860E+4	0.000000E+0	0.000000E+0
3.246464E+3	-9.990600E-4	1.286840E+4	0.000000E+0	0.000000E+0
3.250462E+3	-9.989900E-4	1.286840E+4	0.000000E+0	0.000000E+0
3.254462E+3	-9.990100E-4	1.286840E+4	0.000000E+0	0.000000E+0
3.258479E+3	-9.990100E-4	1.286830E+4	0.000000E+0	0.000000E+0
3.262447E+3	-9.990200E-4	1.286820E+4	0.000000E+0	0.000000E+0
3.266485E+3	-9.990200E-4	1.286820E+4	0.000000E+0	0.000000E+0
3.270446E+3	-9.990200E-4	1.286810E+4	0.000000E+0	0.000000E+0
3.274486E+3	-9.990200E-4	1.286810E+4	0.000000E+0	0.000000E+0
3.278466E+3	-9.990200E-4	1.286800E+4	0.000000E+0	0.000000E+0
3.282464E+3	-9.990300E-4	1.286800E+4	0.000000E+0	0.000000E+0
3.286461E+3	-9.990000E-4	1.286780E+4	0.000000E+0	0.000000E+0
3.290464E+3	-9.989900E-4	1.286780E+4	0.000000E+0	0.000000E+0
3.294460E+3	-9.990000E-4	1.286770E+4	0.000000E+0	0.000000E+0
3.298459E+3	-9.990300E-4	1.286770E+4	0.000000E+0	0.000000E+0
3.302468E+3	-9.990000E-4	1.286760E+4	0.000000E+0	0.000000E+0
3.306464E+3	-9.990100E-4	1.286760E+4	0.000000E+0	0.000000E+0
3.310466E+3	-9.990100E-4	1.286740E+4	0.000000E+0	0.000000E+0
3.314462E+3	-9.990100E-4	1.286740E+4	0.000000E+0	0.000000E+0
3.318462E+3	-9.989900E-4	1.286740E+4	0.000000E+0	0.000000E+0
3.322464E+3	-9.989800E-4	1.286730E+4	0.000000E+0	0.000000E+0
3.326463E+3	-9.989800E-4	1.286740E+4	0.000000E+0	0.000000E+0
3.330462E+3	-9.990000E-4	1.286730E+4	0.000000E+0	0.000000E+0
3.334462E+3	-9.989900E-4	1.286720E+4	0.000000E+0	0.000000E+0
3.338462E+3	-9.989700E-4	1.286710E+4	0.000000E+0	0.000000E+0
3.342465E+3	-9.989800E-4	1.286710E+4	0.000000E+0	0.000000E+0
3.346462E+3	-9.990000E-4	1.286700E+4	0.000000E+0	0.000000E+0
3.350460E+3	-9.990100E-4	1.286700E+4	0.000000E+0	0.000000E+0
3.354463E+3	-9.990000E-4	1.286700E+4	0.000000E+0	0.000000E+0
3.358463E+3	-9.990400E-4	1.286700E+4	0.000000E+0	0.000000E+0
3.362463E+3	-9.990200E-4	1.286680E+4	0.000000E+0	0.000000E+0
3.366464E+3	-9.990100E-4	1.286670E+4	0.000000E+0	0.000000E+0
3.370463E+3	-9.989900E-4	1.286670E+4	0.000000E+0	0.000000E+0
3.374466E+3	-9.989900E-4	1.286660E+4	0.000000E+0	0.000000E+0
3.378464E+3	-9.990000E-4	1.286660E+4	0.000000E+0	0.000000E+0
3.382518E+3	-9.990200E-4	1.286650E+4	0.000000E+0	0.000000E+0
3.386461E+3	-9.989900E-4	1.286640E+4	0.000000E+0	0.000000E+0
3.390464E+3	-9.989900E-4	1.286640E+4	0.000000E+0	0.000000E+0
3.394464E+3	-9.990200E-4	1.286640E+4	0.000000E+0	0.000000E+0
3.398462E+3	-9.989800E-4	1.286620E+4	0.000000E+0	0.000000E+0
3.402464E+3	-9.990200E-4	1.286630E+4	0.000000E+0	0.000000E+0
3.406461E+3	-9.990100E-4	1.286630E+4	0.000000E+0	0.000000E+0
3.410465E+3	-9.990200E-4	1.286620E+4	0.000000E+0	0.000000E+0
3.414464E+3	-9.990100E-4	1.286620E+4	0.000000E+0	0.000000E+0
3.418503E+3	-9.990100E-4	1.286600E+4	0.000000E+0	0.000000E+0
3.422464E+3	-9.990100E-4	1.286590E+4	0.000000E+0	0.000000E+0
3.426460E+3	-9.989800E-4	1.286590E+4	0.000000E+0	0.000000E+0
3.430459E+3	-9.989900E-4	1.286590E+4	0.000000E+0	0.000000E+0
3.434473E+3	-9.989900E-4	1.286600E+4	0.000000E+0	0.000000E+0
3.438451E+3	-9.990000E-4	1.286590E+4	0.000000E+0	0.000000E+0
3.442484E+3	-9.990300E-4	1.286580E+4	0.000000E+0	0.000000E+0
3.446459E+3	-9.990200E-4	1.286570E+4	0.000000E+0	0.000000E+0
3.450465E+3	-9.990100E-4	1.286560E+4	0.000000E+0	0.000000E+0
3.454522E+3	-9.990300E-4	1.286550E+4	0.000000E+0	0.000000E+0
3.458463E+3	-9.990300E-4	1.286550E+4	0.000000E+0	0.000000E+0
3.462461E+3	-9.989900E-4	1.286530E+4	0.000000E+0	0.000000E+0
3.466468E+3	-9.989900E-4	1.286520E+4	0.000000E+0	0.000000E+0
3.470464E+3	-9.990000E-4	1.286530E+4	0.000000E+0	0.000000E+0
3.474464E+3	-9.990100E-4	1.286530E+4	0.000000E+0	0.000000E+0
3.478463E+3	-9.989900E-4	1.286520E+4	0.000000E+0	0.000000E+0
3.482467E+3	-9.990000E-4	1.286520E+4	0.000000E+0	0.000000E+0
3.486464E+3	-9.989900E-4	1.286520E+4	0.000000E+0	0.000000E+0
3.490497E+3	-9.990200E-4	1.286510E+4	0.000000E+0	0.000000E+0
3.494464E+3	-9.990100E-4	1.286510E+4	0.000000E+0	0.000000E+0
3.498462E+3	-9.989700E-4	1.286490E+4	0.000000E+0	0.000000E+0
3.502461E+3	-9.990000E-4	1.286490E+4	0.000000E+0	0.000000E+0
3.506461E+3	-9.989900E-4	1.286480E+4	0.000000E+0	0.000000E+0
3.510460E+3	-9.990000E-4	1.286460E+4	0.000000E+0	0.000000E+0
3.514462E+3	-9.989700E-4	1.286460E+4	0.000000E+0	0.000000E+0
3.518462E+3	-9.990000E-4	1.286460E+4	0.000000E+0	0.000000E+0
3.522460E+3	-9.989800E-4	1.286450E+4	0.000000E+0	0.000000E+0
3.526463E+3	-9.989700E-4	1.286430E+4	0.000000E+0	0.000000E+0
3.530467E+3	-9.989900E-4	1.286420E+4	0.000000E+0	0.000000E+0
3.534463E+3	-9.989900E-4	1.286400E+4	0.000000E+0	0.000000E+0
3.538463E+3	-9.989800E-4	1.286400E+4	0.000000E+0	0.000000E+0
3.542462E+3	-9.990000E-4	1.286390E+4	0.000000E+0	0.000000E+0
3.546471E+3	-9.989800E-4	1.286390E+4	0.000000E+0	0.000000E+0
3.550463E+3	-9.989600E-4	1.286390E+4	0.000000E+0	0.000000E+0
3.554466E+3	-9.989500E-4	1.286390E+4	0.000000E+0	0.000000E+0
3.558460E+3	-9.989700E-4	1.286380E+4	0.000000E+0	0.000000E+0
3.562497E+3	-9.990000E-4	1.286370E+4	0.000000E+0	0.000000E+0
3.566461E+3	-9.989900E-4	1.286360E+4	0.000000E+0	0.000000E+0
3.570463E+3	-9.989600E-4	1.286360E+4	0.000000E+0	0.000000E+0
3.574459E+3	-9.989900E-4	1.286370E+4	0.000000E+0	0.000000E+0
3.578464E+3	-9.989700E-4	1.286370E+4	0.000000E+0	0.000000E+0
3.582464E+3	-9.989700E-4	1.286360E+4	0.000000E+0	0.000000E+0
3.586462E+3	-9.989900E-4	1.286350E+4	0.000000E+0	0.000000E+0
3.590462E+3	-9.989500E-4	1.286360E+4	0.000000E+0	0.000000E+0
3.594464E+3	-9.989500E-4	1.286360E+4	0.000000E+0	0.000000E+0
3.598497E+3	-9.989700E-4	1.286360E+4	0.000000E+0	0.000000E+0
3.602467E+3	-9.990000E-4	1.286360E+4	0.000000E+0	0.000000E+0
3.606462E+3	-9.990000E-4	1.286350E+4	0.000000E+0	0.000000E+0
3.610464E+3	-9.990000E-4	1.286350E+4	0.000000E+0	0.000000E+0
3.614464E+3	-9.989900E-4	1.286350E+4	0.000000E+0	0.000000E+0
3.618463E+3	-9.990000E-4	1.286330E+4	0.000000E+0	0.000000E+0
3.622462E+3	-9.989700E-4	1.286330E+4	0.000000E+0	0.000000E+0
3.626470E+3	-9.989800E-4	1.286320E+4	0.000000E+0	0.000000E+0
3.630463E+3	-9.989600E-4	1.286310E+4	0.000000E+0	0.000000E+0
3.634504E+3	-9.989900E-4	1.286300E+4	0.000000E+0	0.000000E+0
3.638458E+3	-9.989600E-4	1.286300E+4	0.000000E+0	0.000000E+0
3.642460E+3	-9.990000E-4	1.286290E+4	0.000000E+0	0.000000E+0
3.646463E+3	-9.989800E-4	1.286290E+4	0.000000E+0	0.000000E+0
3.650460E+3	-9.989900E-4	1.286280E+4	0.000000E+0	0.000000E+0
3.654465E+3	-9.990100E-4	1.286280E+4	0.000000E+0	0.000000E+0
3.658464E+3	-9.990200E-4	1.286250E+4	0.000000E+0	0.000000E+0
3.662463E+3	-9.990100E-4	1.286230E+4	0.000000E+0	0.000000E+0
3.666464E+3	-9.990100E-4	1.286210E+4	0.000000E+0	0.000000E+0
3.670468E+3	-9.989900E-4	1.286210E+4	0.000000E+0	0.000000E+0
3.674464E+3	-9.990000E-4	1.286220E+4	0.000000E+0	0.000000E+0
3.678462E+3	-9.989900E-4	1.286210E+4	0.000000E+0	0.000000E+0
3.682464E+3	-9.989900E-4	1.286210E+4	0.000000E+0	0.000000E+0
3.686464E+3	-9.990100E-4	1.286200E+4	0.000000E+0	0.000000E+0
3.690465E+3	-9.989700E-4	1.286210E+4	0.000000E+0	0.000000E+0
3.694464E+3	-9.989900E-4	1.286200E+4	0.000000E+0	0.000000E+0
3.698461E+3	-9.990300E-4	1.286200E+4	0.000000E+0	0.000000E+0
3.702464E+3	-9.990100E-4	1.286200E+4	0.000000E+0	0.000000E+0
3.706498E+3	-9.990400E-4	1.286210E+4	0.000000E+0	0.000000E+0
3.710462E+3	-9.990400E-4	1.286200E+4	0.000000E+0	0.000000E+0
3.714465E+3	-9.990200E-4	1.286190E+4	0.000000E+0	0.000000E+0
3.718462E+3	-9.990400E-4	1.286190E+4	0.000000E+0	0.000000E+0
3.722462E+3	-9.990400E-4	1.286190E+4	0.000000E+0	0.000000E+0
3.726462E+3	-9.990400E-4	1.286190E+4	0.000000E+0	0.000000E+0
3.730463E+3	-9.990500E-4	1.286180E+4	0.000000E+0	0.000000E+0
3.734462E+3	-9.990300E-4	1.286170E+4	0.000000E+0	0.000000E+0
3.738463E+3	-9.990500E-4	1.286160E+4	0.000000E+0	0.000000E+0
3.742465E+3	-9.990200E-4	1.286150E+4	0.000000E+0	0.000000E+0
3.746458E+3	-9.990000E-4	1.286140E+4	0.000000E+0	0.000000E+0
3.750464E+3	-9.990200E-4	1.286120E+4	0.000000E+0	0.000000E+0
3.754465E+3	-9.990100E-4	1.286130E+4	0.000000E+0	0.000000E+0
3.758463E+3	-9.990200E-4	1.286120E+4	0.000000E+0	0.000000E+0
3.762461E+3	-9.990000E-4	1.286110E+4	0.000000E+0	0.000000E+0
3.766463E+3	-9.990000E-4	1.286100E+4	0.000000E+0	0.000000E+0
3.770462E+3	-9.989700E-4	1.286090E+4	0.000000E+0	0.000000E+0
3.774461E+3	-9.989700E-4	1.286090E+4	0.000000E+0	0.000000E+0
3.778464E+3	-9.989900E-4	1.286090E+4	0.000000E+0	0.000000E+0
3.782464E+3	-9.989800E-4	1.286080E+4	0.000000E+0	0.000000E+0
3.786462E+3	-9.989600E-4	1.286080E+4	0.000000E+0	0.000000E+0
3.790460E+3	-9.989600E-4	1.286090E+4	0.000000E+0	0.000000E+0
3.794460E+3	-9.989800E-4	1.286090E+4	0.000000E+0	0.000000E+0
3.798463E+3	-9.989700E-4	1.286100E+4	0.000000E+0	0.000000E+0
3.802467E+3	-9.989500E-4	1.286090E+4	0.000000E+0	0.000000E+0
3.806466E+3	-9.989500E-4	1.286080E+4	0.000000E+0	0.000000E+0
3.810460E+3	-9.989500E-4	1.286080E+4	0.000000E+0	0.000000E+0
3.814473E+3	-9.989700E-4	1.286060E+4	0.000000E+0	0.000000E+0
3.818466E+3	-9.989400E-4	1.286070E+4	0.000000E+0	0.000000E+0
3.822463E+3	-9.989400E-4	1.286060E+4	0.000000E+0	0.000000E+0
3.826461E+3	-9.989600E-4	1.286060E+4	0.000000E+0	0.000000E+0
3.830461E+3	-9.989500E-4	1.286050E+4	0.000000E+0	0.000000E+0
3.834470E+3	-9.989500E-4	1.286040E+4	0.000000E+0	0.000000E+0
3.838450E+3	-9.989500E-4	1.286040E+4	0.000000E+0	0.000000E+0
3.842479E+3	-9.989500E-4	1.286030E+4	0.000000E+0	0.000000E+0
3.846466E+3	-9.989800E-4	1.286030E+4	0.000000E+0	0.000000E+0
3.850507E+3	-9.989300E-4	1.286020E+4	0.000000E+0	0.000000E+0
3.854445E+3	-9.989600E-4	1.286020E+4	0.000000E+0	0.000000E+0
3.858475E+3	-9.989700E-4	1.286020E+4	0.000000E+0	0.000000E+0
3.862462E+3	-9.989900E-4	1.286020E+4	0.000000E+0	0.000000E+0
3.866463E+3	-9.989500E-4	1.286010E+4	0.000000E+0	0.000000E+0
3.870472E+3	-9.989600E-4	1.286010E+4	0.000000E+0	0.000000E+0
3.874449E+3	-9.989700E-4	1.286010E+4	0.000000E+0	0.000000E+0
3.878478E+3	-9.989700E-4	1.286000E+4	0.000000E+0	0.000000E+0
3.882465E+3	-9.989500E-4	1.286000E+4	0.000000E+0	0.000000E+0
3.886465E+3	-9.989600E-4	1.286010E+4	0.000000E+0	0.000000E+0
3.890460E+3	-9.989700E-4	1.286010E+4	0.000000E+0	0.000000E+0
3.894462E+3	-9.989700E-4	1.286010E+4	0.000000E+0	0.000000E+0
3.898462E+3	-9.989600E-4	1.286020E+4	0.000000E+0	0.000000E+0
3.902463E+3	-9.989900E-4	1.286020E+4	0.000000E+0	0.000000E+0
3.906462E+3	-9.989700E-4	1.286010E+4	0.000000E+0	0.000000E+0
3.910460E+3	-9.989600E-4	1.286010E+4	0.000000E+0	0.000000E+0
3.914462E+3	-9.989600E-4	1.285980E+4	0.000000E+0	0.000000E+0
3.918463E+3	-9.989900E-4	1.285970E+4	0.000000E+0	0.000000E+0
3.922463E+3	-9.989600E-4	1.285960E+4	0.000000E+0	0.000000E+0
3.926464E+3	-9.989500E-4	1.285940E+4	0.000000E+0	0.000000E+0
3.930463E+3	-9.989500E-4	1.285940E+4	0.000000E+0	0.000000E+0
3.934466E+3	-9.989500E-4	1.285940E+4	0.000000E+0	0.000000E+0
3.938461E+3	-9.989400E-4	1.285940E+4	0.000000E+0	0.000000E+0
3.942466E+3	-9.989700E-4	1.285940E+4	0.000000E+0	0.000000E+0
3.946463E+3	-9.989400E-4	1.285930E+4	0.000000E+0	0.000000E+0
3.950464E+3	-9.989300E-4	1.285930E+4	0.000000E+0	0.000000E+0
3.954461E+3	-9.989000E-4	1.285930E+4	0.000000E+0	0.000000E+0
3.958497E+3	-9.989100E-4	1.285920E+4	0.000000E+0	0.000000E+0
3.962462E+3	-9.989000E-4	1.285920E+4	0.000000E+0	0.000000E+0
3.966462E+3	-9.989100E-4	1.285930E+4	0.000000E+0	0.000000E+0
3.970461E+3	-9.989200E-4	1.285920E+4	0.000000E+0	0.000000E+0
3.974462E+3	-9.989200E-4	1.285920E+4	0.000000E+0	0.000000E+0
3.978467E+3	-9.989500E-4	1.285910E+4	0.000000E+0	0.000000E+0
3.982463E+3	-9.989400E-4	1.285920E+4	0.000000E+0	0.000000E+0
3.986462E+3	-9.989300E-4	1.285910E+4	0.000000E+0	0.000000E+0
3.990462E+3	-9.989600E-4	1.285910E+4	0.000000E+0	0.000000E+0
3.994465E+3	-9.989600E-4	1.285910E+4	0.000000E+0	0.000000E+0
3.998461E+3	-9.989600E-4	1.285900E+4	0.000000E+0	0.000000E+0
4.002463E+3	-9.989600E-4	1.285880E+4	0.000000E+0	0.000000E+0
4.006461E+3	-9.989500E-4	1.285880E+4	0.000000E+0	0.000000E+0
4.010462E+3	-9.989800E-4	1.285880E+4	0.000000E+0	0.000000E+0
4.014475E+3	-9.989800E-4	1.285880E+4	0.000000E+0	0.000000E+0
4.018445E+3	-9.989700E-4	1.285870E+4	0.000000E+0	0.000000E+0
4.022483E+3	-9.989600E-4	1.285860E+4	0.000000E+0	0.000000E+0
4.026445E+3	-9.989500E-4	1.285860E+4	0.000000E+0	0.000000E+0
4.030484E+3	-9.989800E-4	1.285860E+4	0.000000E+0	0.000000E+0
4.034469E+3	-9.989700E-4	1.285850E+4	0.000000E+0	0.000000E+0
4.038466E+3	-9.989700E-4	1.285840E+4	0.000000E+0	0.000000E+0
4.042466E+3	-9.989700E-4	1.285830E+4	0.000000E+0	0.000000E+0
4.046463E+3	-9.989900E-4	1.285830E+4	0.000000E+0	0.000000E+0
4.050462E+3	-9.989900E-4	1.285820E+4	0.000000E+0	0.000000E+0
4.054462E+3	-9.989600E-4	1.285820E+4	0.000000E+0	0.000000E+0
4.058462E+3	-9.989600E-4	1.285810E+4	0.000000E+0	0.000000E+0
4.062465E+3	-9.989800E-4	1.285810E+4	0.000000E+0	0.000000E+0
4.066479E+3	-9.989600E-4	1.285810E+4	0.000000E+0	0.000000E+0
4.070467E+3	-9.989600E-4	1.285790E+4	0.000000E+0	0.000000E+0
4.074464E+3	-9.989700E-4	1.285800E+4	0.000000E+0	0.000000E+0
4.078465E+3	-9.989800E-4	1.285800E+4	0.000000E+0	0.000000E+0
4.082462E+3	-9.989400E-4	1.285790E+4	0.000000E+0	0.000000E+0
4.086465E+3	-9.989400E-4	1.285790E+4	0.000000E+0	0.000000E+0
4.090463E+3	-9.989300E-4	1.285790E+4	0.000000E+0	0.000000E+0
4.094463E+3	-9.989600E-4	1.285780E+4	0.000000E+0	0.000000E+0
4.098465E+3	-9.989400E-4	1.285790E+4	0.000000E+0	0.000000E+0
4.102463E+3	-9.989300E-4	1.285790E+4	0.000000E+0	0.000000E+0
4.106460E+3	-9.989400E-4	1.285780E+4	0.000000E+0	0.000000E+0
4.110458E+3	-9.989500E-4	1.285760E+4	0.000000E+0	0.000000E+0
4.114460E+3	-9.989300E-4	1.285750E+4	0.000000E+0	0.000000E+0
4.118471E+3	-9.989000E-4	1.285750E+4	0.000000E+0	0.000000E+0
4.122466E+3	-9.989300E-4	1.285750E+4	0.000000E+0	0.000000E+0
4.126463E+3	-9.989100E-4	1.285740E+4	0.000000E+0	0.000000E+0
4.130463E+3	-9.989300E-4	1.285730E+4	0.000000E+0	0.000000E+0
4.134466E+3	-9.989300E-4	1.285740E+4	0.000000E+0	0.000000E+0
4.138480E+3	-9.989500E-4	1.285740E+4	0.000000E+0	0.000000E+0
4.142462E+3	-9.989700E-4	1.285750E+4	0.000000E+0	0.000000E+0
4.146464E+3	-9.989700E-4	1.285750E+4	0.000000E+0	0.000000E+0
4.150459E+3	-9.989400E-4	1.285740E+4	0.000000E+0	0.000000E+0
4.154462E+3	-9.989600E-4	1.285730E+4	0.000000E+0	0.000000E+0
4.158459E+3	-9.989700E-4	1.285730E+4	0.000000E+0	0.000000E+0
4.162459E+3	-9.989500E-4	1.285720E+4	0.000000E+0	0.000000E+0
4.166465E+3	-9.989600E-4	1.285710E+4	0.000000E+0	0.000000E+0
4.170463E+3	-9.989600E-4	1.285700E+4	0.000000E+0	0.000000E+0
4.174478E+3	-9.989900E-4	1.285690E+4	0.000000E+0	0.000000E+0
4.178465E+3	-9.989300E-4	1.285700E+4	0.000000E+0	0.000000E+0
4.182467E+3	-9.989100E-4	1.285680E+4	0.000000E+0	0.000000E+0
4.186462E+3	-9.989000E-4	1.285670E+4	0.000000E+0	0.000000E+0
4.190462E+3	-9.989200E-4	1.285660E+4	0.000000E+0	0.000000E+0
4.194462E+3	-9.989200E-4	1.285650E+4	0.000000E+0	0.000000E+0
4.198471E+3	-9.989100E-4	1.285640E+4	0.000000E+0	0.000000E+0
4.202447E+3	-9.989400E-4	1.285640E+4	0.000000E+0	0.000000E+0
4.206489E+3	-9.989300E-4	1.285630E+4	0.000000E+0	0.000000E+0
4.210444E+3	-9.989600E-4	1.285630E+4	0.000000E+0	0.000000E+0
4.214483E+3	-9.989700E-4	1.285630E+4	0.000000E+0	0.000000E+0
4.218466E+3	-9.989500E-4	1.285620E+4	0.000000E+0	0.000000E+0
4.222461E+3	-9.989800E-4	1.285600E+4	0.000000E+0	0.000000E+0
4.226459E+3	-9.989700E-4	1.285580E+4	0.000000E+0	0.000000E+0
4.230467E+3	-9.989500E-4	1.285600E+4	0.000000E+0	0.000000E+0
4.234462E+3	-9.989700E-4	1.285620E+4	0.000000E+0	0.000000E+0
4.238464E+3	-9.989500E-4	1.285590E+4	0.000000E+0	0.000000E+0
4.242459E+3	-9.989700E-4	1.285590E+4	0.000000E+0	0.000000E+0
4.246519E+3	-9.989200E-4	1.285590E+4	0.000000E+0	0.000000E+0
4.250465E+3	-9.989700E-4	1.285580E+4	0.000000E+0	0.000000E+0
4.254467E+3	-9.989800E-4	1.285580E+4	0.000000E+0	0.000000E+0
4.258464E+3	-9.989800E-4	1.285590E+4	0.000000E+0	0.000000E+0
4.262465E+3	-9.990000E-4	1.285590E+4	0.000000E+0	0.000000E+0
4.266467E+3	-9.989800E-4	1.285620E+4	0.000000E+0	0.000000E+0
4.270462E+3	-9.989800E-4	1.285610E+4	0.000000E+0	0.000000E+0
4.274478E+3	-9.989900E-4	1.285580E+4	0.000000E+0	0.000000E+0
4.278439E+3	-9.990500E-4	1.285560E+4	0.000000E+0	0.000000E+0
4.282480E+3	-9.990200E-4	1.285560E+4	0.000000E+0	0.000000E+0
4.286464E+3	-9.990000E-4	1.285570E+4	0.000000E+0	0.000000E+0
4.290465E+3	-9.990000E-4	1.285580E+4	0.000000E+0	0.000000E+0
4.294465E+3	-9.989700E-4	1.285580E+4	0.000000E+0	0.000000E+0
4.298461E+3	-9.989600E-4	1.285560E+4	0.000000E+0	0.000000E+0
4.302464E+3	-9.989900E-4	1.285540E+4	0.000000E+0	0.000000E+0
4.306463E+3	-9.989700E-4	1.285550E+4	0.000000E+0	0.000000E+0
4.310465E+3	-9.989300E-4	1.285530E+4	0.000000E+0	0.000000E+0
4.314459E+3	-9.989600E-4	1.285570E+4	0.000000E+0	0.000000E+0
4.318519E+3	-9.989600E-4	1.285550E+4	0.000000E+0	0.000000E+0
4.322459E+3	-9.989900E-4	1.285520E+4	0.000000E+0	0.000000E+0
4.326469E+3	-9.989700E-4	1.285530E+4	0.000000E+0	0.000000E+0
4.330462E+3	-9.989500E-4	1.285540E+4	0.000000E+0	0.000000E+0
4.334469E+3	-9.989700E-4	1.285560E+4	0.000000E+0	0.000000E+0
4.338445E+3	-9.989800E-4	1.285550E+4	0.000000E+0	0.000000E+0
4.342480E+3	-9.990000E-4	1.285560E+4	0.000000E+0	0.000000E+0
4.346465E+3	-9.989700E-4	1.285530E+4	0.000000E+0	0.000000E+0
4.350463E+3	-9.990000E-4	1.285510E+4	0.000000E+0	0.000000E+0
4.354476E+3	-9.990200E-4	1.285510E+4	0.000000E+0	0.000000E+0
4.358465E+3	-9.990100E-4	1.285520E+4	0.000000E+0	0.000000E+0
4.362463E+3	-9.990100E-4	1.285520E+4	0.000000E+0	0.000000E+0
4.366463E+3	-9.990300E-4	1.285530E+4	0.000000E+0	0.000000E+0
4.370460E+3	-9.990100E-4	1.285520E+4	0.000000E+0	0.000000E+0
4.374469E+3	-9.990100E-4	1.285530E+4	0.000000E+0	0.000000E+0
4.378462E+3	-9.989900E-4	1.285520E+4	0.000000E+0	0.000000E+0
4.382467E+3	-9.989800E-4	1.285520E+4	0.000000E+0	0.000000E+0
4.386463E+3	-9.989600E-4	1.285510E+4	0.000000E+0	0.000000E+0
4.390499E+3	-9.989700E-4	1.285510E+4	0.000000E+0	0.000000E+0
4.394462E+3	-9.989600E-4	1.285510E+4	0.000000E+0	0.000000E+0
4.398464E+3	-9.989500E-4	1.285500E+4	0.000000E+0	0.000000E+0
4.402461E+3	-9.989400E-4	1.285500E+4	0.000000E+0	0.000000E+0
4.406463E+3	-9.989500E-4	1.285510E+4	0.000000E+0	0.000000E+0
4.410463E+3	-9.989400E-4	1.285500E+4	0.000000E+0	0.000000E+0
4.414461E+3	-9.989500E-4	1.285500E+4	0.000000E+0	0.000000E+0
4.418461E+3	-9.989100E-4	1.285490E+4	0.000000E+0	0.000000E+0
4.422459E+3	-9.988800E-4	1.285490E+4	0.000000E+0	0.000000E+0
4.426466E+3	-9.989200E-4	1.285490E+4	0.000000E+0	0.000000E+0
4.430461E+3	-9.989100E-4	1.285480E+4	0.000000E+0	0.000000E+0
4.434460E+3	-9.989300E-4	1.285470E+4	0.000000E+0	0.000000E+0
4.438465E+3	-9.989300E-4	1.285470E+4	0.000000E+0	0.000000E+0
4.442467E+3	-9.989100E-4	1.285470E+4	0.000000E+0	0.000000E+0
4.446462E+3	-9.989500E-4	1.285460E+4	0.000000E+0	0.000000E+0
4.450460E+3	-9.989500E-4	1.285440E+4	0.000000E+0	0.000000E+0
4.454478E+3	-9.989200E-4	1.285440E+4	0.000000E+0	0.000000E+0
4.458442E+3	-9.989200E-4	1.285430E+4	0.000000E+0	0.000000E+0
4.462483E+3	-9.989100E-4	1.285430E+4	0.000000E+0	0.000000E+0
4.466441E+3	-9.989000E-4	1.285440E+4	0.000000E+0	0.000000E+0
4.470479E+3	-9.989100E-4	1.285430E+4	0.000000E+0	0.000000E+0
4.474466E+3	-9.989200E-4	1.285410E+4	0.000000E+0	0.000000E+0
4.478465E+3	-9.989500E-4	1.285390E+4	0.000000E+0	0.000000E+0
4.482452E+3	-9.989000E-4	1.285390E+4	0.000000E+0	0.000000E+0
4.486484E+3	-9.989200E-4	1.285400E+4	0.000000E+0	0.000000E+0
4.490442E+3	-9.988900E-4	1.285390E+4	0.000000E+0	0.000000E+0
4.494481E+3	-9.989200E-4	1.285370E+4	0.000000E+0	0.000000E+0
4.498468E+3	-9.989200E-4	1.285370E+4	0.000000E+0	0.000000E+0
4.502465E+3	-9.989400E-4	1.285370E+4	0.000000E+0	0.000000E+0
4.506462E+3	-9.989300E-4	1.285370E+4	0.000000E+0	0.000000E+0
4.510464E+3	-9.989400E-4	1.285370E+4	0.000000E+0	0.000000E+0
4.514459E+3	-9.989100E-4	1.285360E+4	0.000000E+0	0.000000E+0
4.518467E+3	-9.989200E-4	1.285360E+4	0.000000E+0	0.000000E+0
4.522462E+3	-9.989200E-4	1.285380E+4	0.000000E+0	0.000000E+0
4.526462E+3	-9.989300E-4	1.285350E+4	0.000000E+0	0.000000E+0
4.530459E+3	-9.989600E-4	1.285340E+4	0.000000E+0	0.000000E+0
4.534469E+3	-9.989700E-4	1.285340E+4	0.000000E+0	0.000000E+0
4.538460E+3	-9.989700E-4	1.285340E+4	0.000000E+0	0.000000E+0
4.542460E+3	-9.989900E-4	1.285360E+4	0.000000E+0	0.000000E+0
4.546463E+3	-9.989800E-4	1.285350E+4	0.000000E+0	0.000000E+0
4.550461E+3	-9.989600E-4	1.285340E+4	0.000000E+0	0.000000E+0
4.554465E+3	-9.989600E-4	1.285330E+4	0.000000E+0	0.000000E+0
4.558462E+3	-9.990000E-4	1.285320E+4	0.000000E+0	0.000000E+0
4.562460E+3	-9.990100E-4	1.285320E+4	0.000000E+0	0.000000E+0
4.566468E+3	-9.990000E-4	1.285320E+4	0.000000E+0	0.000000E+0
4.570463E+3	-9.989600E-4	1.285320E+4	0.000000E+0	0.000000E+0
4.574463E+3	-9.989600E-4	1.285320E+4	0.000000E+0	0.000000E+0
4.578463E+3	-9.990000E-4	1.285320E+4	0.000000E+0	0.000000E+0
4.582465E+3	-9.989500E-4	1.285300E+4	0.000000E+0	0.000000E+0
4.586466E+3	-9.989700E-4	1.285290E+4	0.000000E+0	0.000000E+0
4.590463E+3	-9.989900E-4	1.285300E+4	0.000000E+0	0.000000E+0
4.594459E+3	-9.989700E-4	1.285290E+4	0.000000E+0	0.000000E+0
4.598464E+3	-9.989400E-4	1.285280E+4	0.000000E+0	0.000000E+0
4.602466E+3	-9.989500E-4	1.285280E+4	0.000000E+0	0.000000E+0
4.606464E+3	-9.989200E-4	1.285270E+4	0.000000E+0	0.000000E+0
4.610461E+3	-9.989400E-4	1.285280E+4	0.000000E+0	0.000000E+0
4.614458E+3	-9.989200E-4	1.285280E+4	0.000000E+0	0.000000E+0
4.618462E+3	-9.989300E-4	1.285280E+4	0.000000E+0	0.000000E+0
4.622462E+3	-9.989200E-4	1.285270E+4	0.000000E+0	0.000000E+0
4.626460E+3	-9.989500E-4	1.285280E+4	0.000000E+0	0.000000E+0
4.630463E+3	-9.989200E-4	1.285280E+4	0.000000E+0	0.000000E+0
4.634465E+3	-9.989100E-4	1.285270E+4	0.000000E+0	0.000000E+0
4.638465E+3	-9.989300E-4	1.285260E+4	0.000000E+0	0.000000E+0
4.642515E+3	-9.989100E-4	1.285250E+4	0.000000E+0	0.000000E+0
4.646460E+3	-9.989300E-4	1.285250E+4	0.000000E+0	0.000000E+0
4.650463E+3	-9.989300E-4	1.285260E+4	0.000000E+0	0.000000E+0
4.654458E+3	-9.989200E-4	1.285250E+4	0.000000E+0	0.000000E+0
4.658460E+3	-9.989200E-4	1.285240E+4	0.000000E+0	0.000000E+0
4.662466E+3	-9.989000E-4	1.285240E+4	0.000000E+0	0.000000E+0
4.666464E+3	-9.989400E-4	1.285220E+4	0.000000E+0	0.000000E+0
4.670466E+3	-9.989600E-4	1.285220E+4	0.000000E+0	0.000000E+0
4.674458E+3	-9.989700E-4	1.285230E+4	0.000000E+0	0.000000E+0
4.678465E+3	-9.989600E-4	1.285220E+4	0.000000E+0	0.000000E+0
4.682461E+3	-9.989500E-4	1.285220E+4	0.000000E+0	0.000000E+0
4.686462E+3	-9.989500E-4	1.285220E+4	0.000000E+0	0.000000E+0
4.690459E+3	-9.989600E-4	1.285210E+4	0.000000E+0	0.000000E+0
4.694462E+3	-9.989300E-4	1.285210E+4	0.000000E+0	0.000000E+0
4.698461E+3	-9.989300E-4	1.285190E+4	0.000000E+0	0.000000E+0
4.702462E+3	-9.989200E-4	1.285190E+4	0.000000E+0	0.000000E+0
4.706468E+3	-9.989400E-4	1.285180E+4	0.000000E+0	0.000000E+0
4.710460E+3	-9.989700E-4	1.285170E+4	0.000000E+0	0.000000E+0
4.714465E+3	-9.989900E-4	1.285170E+4	0.000000E+0	0.000000E+0
4.718459E+3	-9.990000E-4	1.285170E+4	0.000000E+0	0.000000E+0
4.722460E+3	-9.989600E-4	1.285160E+4	0.000000E+0	0.000000E+0
4.726462E+3	-9.989400E-4	1.285160E+4	0.000000E+0	0.000000E+0
4.730463E+3	-9.989700E-4	1.285150E+4	0.000000E+0	0.000000E+0
4.734458E+3	-9.989700E-4	1.285160E+4	0.000000E+0	0.000000E+0
4.738460E+3	-9.989700E-4	1.285170E+4	0.000000E+0	0.000000E+0
4.742460E+3	-9.989600E-4	1.285160E+4	0.000000E+0	0.000000E+0
4.746460E+3	-9.989600E-4	1.285150E+4	0.000000E+0	0.000000E+0
4.750476E+3	-9.989400E-4	1.285150E+4	0.000000E+0	0.000000E+0
4.754462E+3	-9.989600E-4	1.285140E+4	0.000000E+0	0.000000E+0
4.758461E+3	-9.989400E-4	1.285140E+4	0.000000E+0	0.000000E+0
4.762461E+3	-9.989600E-4	1.285130E+4	0.000000E+0	0.000000E+0
4.766461E+3	-9.989800E-4	1.285120E+4	0.000000E+0	0.000000E+0
4.770464E+3	-9.989600E-4	1.285110E+4	0.000000E+0	0.000000E+0
4.774464E+3	-9.989800E-4	1.285110E+4	0.000000E+0	0.000000E+0
4.778463E+3	-9.989600E-4	1.285120E+4	0.000000E+0	0.000000E+0
4.782464E+3	-9.989500E-4	1.285120E+4	0.000000E+0	0.000000E+0
4.786519E+3	-9.989500E-4	1.285110E+4	0.000000E+0	0.000000E+0
4.790449E+3	-9.989800E-4	1.285120E+4	0.000000E+0	0.000000E+0
4.794481E+3	-9.989200E-4	1.285130E+4	0.000000E+0	0.000000E+0
4.798468E+3	-9.989300E-4	1.285130E+4	0.000000E+0	0.000000E+0
4.802446E+3	-9.989800E-4	1.285120E+4	0.000000E+0	0.000000E+0
4.806480E+3	-9.989600E-4	1.285110E+4	0.000000E+0	0.000000E+0
4.810468E+3	-9.989500E-4	1.285110E+4	0.000000E+0	0.000000E+0
4.814471E+3	-9.989500E-4	1.285110E+4	0.000000E+0	0.000000E+0
4.818465E+3	-9.990000E-4	1.285110E+4	0.000000E+0	0.000000E+0
4.822465E+3	-9.989500E-4	1.285100E+4	0.000000E+0	0.000000E+0
4.826462E+3	-9.990000E-4	1.285100E+4	0.000000E+0	0.000000E+0
4.830463E+3	-9.990000E-4	1.285100E+4	0.000000E+0	0.000000E+0
4.834463E+3	-9.989500E-4	1.285100E+4	0.000000E+0	0.000000E+0
4.838465E+3	-9.989700E-4	1.285110E+4	0.000000E+0	0.000000E+0
4.842463E+3	-9.989700E-4	1.285100E+4	0.000000E+0	0.000000E+0
4.846466E+3	-9.990000E-4	1.285090E+4	0.000000E+0	0.000000E+0
4.850465E+3	-9.989700E-4	1.285090E+4	0.000000E+0	0.000000E+0
4.854463E+3	-9.989800E-4	1.285070E+4	0.000000E+0	0.000000E+0
4.858479E+3	-9.989900E-4	1.285080E+4	0.000000E+0	0.000000E+0
4.862464E+3	-9.990000E-4	1.285080E+4	0.000000E+0	0.000000E+0
4.866463E+3	-9.989700E-4	1.285080E+4	0.000000E+0	0.000000E+0
4.870461E+3	-9.989600E-4	1.285070E+4	0.000000E+0	0.000000E+0
4.874461E+3	-9.989600E-4	1.285070E+4	0.000000E+0	0.000000E+0
4.878465E+3	-9.989900E-4	1.285060E+4	0.000000E+0	0.000000E+0
4.882466E+3	-9.989700E-4	1.285060E+4	0.000000E+0	0.000000E+0
4.886467E+3	-9.989500E-4	1.285060E+4	0.000000E+0	0.000000E+0
4.890462E+3	-9.989800E-4	1.285070E+4	0.000000E+0	0.000000E+0
4.894507E+3	-9.989700E-4	1.285070E+4	0.000000E+0	0.000000E+0
4.898462E+3	-9.989700E-4	1.285070E+4	0.000000E+0	0.000000E+0
4.902462E+3	-9.989600E-4	1.285070E+4	0.000000E+0	0.000000E+0
4.906463E+3	-9.989800E-4	1.285060E+4	0.000000E+0	0.000000E+0
4.910462E+3	-9.990300E-4	1.285050E+4	0.000000E+0	0.000000E+0
4.914465E+3	-9.990200E-4	1.285040E+4	0.000000E+0	0.000000E+0
4.918462E+3	-9.989900E-4	1.285030E+4	0.000000E+0	0.000000E+0
4.922462E+3	-9.990100E-4	1.285020E+4	0.000000E+0	0.000000E+0
4.926462E+3	-9.989800E-4	1.285020E+4	0.000000E+0	0.000000E+0
4.930501E+3	-9.990000E-4	1.285010E+4	0.000000E+0	0.000000E+0
4.934463E+3	-9.989800E-4	1.285010E+4	0.000000E+0	0.000000E+0
4.938463E+3	-9.989800E-4	1.285010E+4	0.000000E+0	0.000000E+0
4.942463E+3	-9.990000E-4	1.285020E+4	0.000000E+0	0.000000E+0
4.946461E+3	-9.989900E-4	1.285020E+4	0.000000E+0	0.000000E+0
4.950466E+3	-9.989700E-4	1.285020E+4	0.000000E+0	0.000000E+0
4.954461E+3	-9.989100E-4	1.285010E+4	0.000000E+0	0.000000E+0
4.958465E+3	-9.989300E-4	1.285010E+4	0.000000E+0	0.000000E+0
4.962459E+3	-9.989300E-4	1.285000E+4	0.000000E+0	0.000000E+0
4.966467E+3	-9.989100E-4	1.284990E+4	0.000000E+0	0.000000E+0
4.970464E+3	-9.989100E-4	1.285000E+4	0.000000E+0	0.000000E+0
4.974466E+3	-9.989200E-4	1.284990E+4	0.000000E+0	0.000000E+0
4.978462E+3	-9.989100E-4	1.284990E+4	0.000000E+0	0.000000E+0
4.982463E+3	-9.989000E-4	1.284990E+4	0.000000E+0	0.000000E+0
4.986468E+3	-9.989200E-4	1.284990E+4	0.000000E+0	0.000000E+0
4.990462E+3	-9.989100E-4	1.284980E+4	0.000000E+0	0.000000E+0
4.994462E+3	-9.989200E-4	1.284970E+4	0.000000E+0	0.000000E+0
4.998462E+3	-9.989300E-4	1.284970E+4	0.000000E+0	0.000000E+0
5.002473E+3	-9.989300E-4	1.284970E+4	0.000000E+0	0.000000E+0
5.006468E+3	-9.989000E-4	1.284960E+4	0.000000E+0	0.000000E+0
5.010462E+3	-9.989200E-4	1.284960E+4	0.000000E+0	0.000000E+0
5.014460E+3	-9.989000E-4	1.284960E+4	0.000000E+0	0.000000E+0
5.018462E+3	-9.988900E-4	1.284950E+4	0.000000E+0	0.000000E+0
5.022465E+3	-9.988800E-4	1.284950E+4	0.000000E+0	0.000000E+0
5.026460E+3	-9.988800E-4	1.284940E+4	0.000000E+0	0.000000E+0
5.030473E+3	-9.988500E-4	1.284930E+4	0.000000E+0	0.000000E+0
5.034452E+3	-9.988600E-4	1.284920E+4	0.000000E+0	0.000000E+0
5.038488E+3	-9.988600E-4	1.284910E+4	0.000000E+0	0.000000E+0
5.042447E+3	-9.988600E-4	1.284910E+4	0.000000E+0	0.000000E+0
5.046480E+3	-9.988800E-4	1.284930E+4	0.000000E+0	0.000000E+0
5.050467E+3	-9.989000E-4	1.284920E+4	0.000000E+0	0.000000E+0
5.054464E+3	-9.988300E-4	1.284940E+4	0.000000E+0	0.000000E+0
5.058466E+3	-9.989000E-4	1.284940E+4	0.000000E+0	0.000000E+0
5.062472E+3	-9.988700E-4	1.284940E+4	0.000000E+0	0.000000E+0
5.066447E+3	-9.989200E-4	1.284930E+4	0.000000E+0	0.000000E+0
5.070511E+3	-9.989100E-4	1.284920E+4	0.000000E+0	0.000000E+0
5.074448E+3	-9.988800E-4	1.284900E+4	0.000000E+0	0.000000E+0
5.078635E+3	-9.989100E-4	1.284870E+4	0.000000E+0	0.000000E+0
5.082448E+3	-9.989100E-4	1.284850E+4	0.000000E+0	0.000000E+0
5.086484E+3	-9.989000E-4	1.284840E+4	0.000000E+0	0.000000E+0
5.090467E+3	-9.989100E-4	1.284840E+4	0.000000E+0	0.000000E+0
5.094512E+3	-9.989300E-4	1.284830E+4	0.000000E+0	0.000000E+0
5.098443E+3	-9.989800E-4	1.284830E+4	0.000000E+0	0.000000E+0
5.102488E+3	-9.989700E-4	1.284820E+4	0.000000E+0	0.000000E+0
5.106447E+3	-9.989800E-4	1.284810E+4	0.000000E+0	0.000000E+0
5.110503E+3	-9.989600E-4	1.284800E+4	0.000000E+0	0.000000E+0
5.114445E+3	-9.989500E-4	1.284800E+4	0.000000E+0	0.000000E+0
5.118484E+3	-9.989500E-4	1.284790E+4	0.000000E+0	0.000000E+0
5.122441E+3	-9.989600E-4	1.284770E+4	0.000000E+0	0.000000E+0
5.126481E+3	-9.989500E-4	1.284750E+4	0.000000E+0	0.000000E+0
5.130479E+3	-9.989500E-4	1.284740E+4	0.000000E+0	0.000000E+0
5.134452E+3	-9.989000E-4	1.284730E+4	0.000000E+0	0.000000E+0
5.138522E+3	-9.988600E-4	1.284710E+4	0.000000E+0	0.000000E+0
5.142455E+3	-9.988500E-4	1.284710E+4	0.000000E+0	0.000000E+0
5.146487E+3	-9.988700E-4	1.284710E+4	0.000000E+0	0.000000E+0
5.150456E+3	-9.988600E-4	1.284690E+4	0.000000E+0	0.000000E+0
5.154491E+3	-9.988300E-4	1.284710E+4	0.000000E+0	0.000000E+0
5.158471E+3	-9.988900E-4	1.284720E+4	0.000000E+0	0.000000E+0
5.162479E+3	-9.988900E-4	1.284700E+4	0.000000E+0	0.000000E+0
5.166445E+3	-9.989400E-4	1.284720E+4	0.000000E+0	0.000000E+0
5.170511E+3	-9.989100E-4	1.284710E+4	0.000000E+0	0.000000E+0
5.174473E+3	-9.989700E-4	1.284700E+4	0.000000E+0	0.000000E+0
5.178481E+3	-9.989600E-4	1.284690E+4	0.000000E+0	0.000000E+0
5.182457E+3	-9.989300E-4	1.284690E+4	0.000000E+0	0.000000E+0
5.186509E+3	-9.989000E-4	1.284660E+4	0.000000E+0	0.000000E+0
5.190463E+3	-9.989600E-4	1.284650E+4	0.000000E+0	0.000000E+0
5.194466E+3	-9.989300E-4	1.284650E+4	0.000000E+0	0.000000E+0
5.198463E+3	-9.988000E-4	1.284640E+4	0.000000E+0	0.000000E+0
5.202509E+3	-9.988500E-4	1.284630E+4	0.000000E+0	0.000000E+0
5.206604E+3	-9.988500E-4	1.284620E+4	0.000000E+0	0.000000E+0
5.210586E+3	-9.989900E-4	1.284610E+4	0.000000E+0	0.000000E+0
5.214477E+3	-9.989000E-4	1.284590E+4	0.000000E+0	0.000000E+0
5.218482E+3	-9.989400E-4	1.284570E+4	0.000000E+0	0.000000E+0
5.222438E+3	-9.989400E-4	1.284560E+4	0.000000E+0	0.000000E+0
5.226469E+3	-9.989000E-4	1.284550E+4	0.000000E+0	0.000000E+0
5.230464E+3	-9.989000E-4	1.284530E+4	0.000000E+0	0.000000E+0
5.234466E+3	-9.988800E-4	1.284520E+4	0.000000E+0	0.000000E+0
5.238469E+3	-9.988700E-4	1.284510E+4	0.000000E+0	0.000000E+0
5.242445E+3	-9.988800E-4	1.284500E+4	0.000000E+0	0.000000E+0
5.246475E+3	-9.988800E-4	1.284490E+4	0.000000E+0	0.000000E+0
5.250464E+3	-9.988900E-4	1.284470E+4	0.000000E+0	0.000000E+0
5.254503E+3	-9.988900E-4	1.284450E+4	0.000000E+0	0.000000E+0
5.258461E+3	-9.989100E-4	1.284440E+4	0.000000E+0	0.000000E+0
5.262462E+3	-9.989200E-4	1.284420E+4	0.000000E+0	0.000000E+0
5.266459E+3	-9.989000E-4	1.284400E+4	0.000000E+0	0.000000E+0
5.270459E+3	-9.988700E-4	1.284380E+4	0.000000E+0	0.000000E+0
5.274465E+3	-9.988900E-4	1.284360E+4	0.000000E+0	0.000000E+0
5.278463E+3	-9.989000E-4	1.284350E+4	0.000000E+0	0.000000E+0
5.282460E+3	-9.989000E-4	1.284340E+4	0.000000E+0	0.000000E+0
5.286460E+3	-9.989200E-4	1.284320E+4	0.000000E+0	0.000000E+0
5.290462E+3	-9.989200E-4	1.284310E+4	0.000000E+0	0.000000E+0
5.294461E+3	-9.989400E-4	1.284300E+4	0.000000E+0	0.000000E+0
5.298460E+3	-9.989200E-4	1.284290E+4	0.000000E+0	0.000000E+0
5.302466E+3	-9.989200E-4	1.284290E+4	0.000000E+0	0.000000E+0
5.306463E+3	-9.989200E-4	1.284270E+4	0.000000E+0	0.000000E+0
5.310464E+3	-9.989400E-4	1.284270E+4	0.000000E+0	0.000000E+0
5.314461E+3	-9.989700E-4	1.284250E+4	0.000000E+0	0.000000E+0
5.318470E+3	-9.989500E-4	1.284250E+4	0.000000E+0	0.000000E+0
5.322469E+3	-9.989400E-4	1.284240E+4	0.000000E+0	0.000000E+0
5.326440E+3	-9.989400E-4	1.284240E+4	0.000000E+0	0.000000E+0
5.330472E+3	-9.989200E-4	1.284250E+4	0.000000E+0	0.000000E+0
5.334461E+3	-9.989400E-4	1.284230E+4	0.000000E+0	0.000000E+0
5.338460E+3	-9.989600E-4	1.284200E+4	0.000000E+0	0.000000E+0
5.342467E+3	-9.989400E-4	1.284180E+4	0.000000E+0	0.000000E+0
5.346440E+3	-9.989500E-4	1.284170E+4	0.000000E+0	0.000000E+0
5.350482E+3	-9.989600E-4	1.284170E+4	0.000000E+0	0.000000E+0
5.354467E+3	-9.989200E-4	1.284140E+4	0.000000E+0	0.000000E+0
5.358463E+3	-9.989300E-4	1.284130E+4	0.000000E+0	0.000000E+0
5.362467E+3	-9.989500E-4	1.284120E+4	0.000000E+0	0.000000E+0
5.366465E+3	-9.989500E-4	1.284120E+4	0.000000E+0	0.000000E+0
5.370463E+3	-9.989500E-4	1.284110E+4	0.000000E+0	0.000000E+0
5.374463E+3	-9.989200E-4	1.284110E+4	0.000000E+0	0.000000E+0
5.378462E+3	-9.989000E-4	1.284100E+4	0.000000E+0	0.000000E+0
5.382473E+3	-9.989100E-4	1.284100E+4	0.000000E+0	0.000000E+0
5.386442E+3	-9.989000E-4	1.284070E+4	0.000000E+0	0.000000E+0
5.390482E+3	-9.989300E-4	1.284050E+4	0.000000E+0	0.000000E+0
5.394442E+3	-9.989300E-4	1.284040E+4	0.000000E+0	0.000000E+0
5.398482E+3	-9.989300E-4	1.284040E+4	0.000000E+0	0.000000E+0
5.402461E+3	-9.989100E-4	1.284010E+4	0.000000E+0	0.000000E+0
5.406465E+3	-9.989300E-4	1.284000E+4	0.000000E+0	0.000000E+0
5.410463E+3	-9.989000E-4	1.283970E+4	0.000000E+0	0.000000E+0
5.414461E+3	-9.989000E-4	1.283970E+4	0.000000E+0	0.000000E+0
5.418464E+3	-9.989000E-4	1.283970E+4	0.000000E+0	0.000000E+0
5.422460E+3	-9.989000E-4	1.283950E+4	0.000000E+0	0.000000E+0
5.426459E+3	-9.989100E-4	1.283940E+4	0.000000E+0	0.000000E+0
5.430472E+3	-9.989500E-4	1.283920E+4	0.000000E+0	0.000000E+0
5.434440E+3	-9.989400E-4	1.283910E+4	0.000000E+0	0.000000E+0
5.438478E+3	-9.989200E-4	1.283900E+4	0.000000E+0	0.000000E+0
5.442462E+3	-9.989200E-4	1.283890E+4	0.000000E+0	0.000000E+0
5.446464E+3	-9.989400E-4	1.283870E+4	0.000000E+0	0.000000E+0
5.450464E+3	-9.989000E-4	1.283850E+4	0.000000E+0	0.000000E+0
5.454467E+3	-9.989100E-4	1.283830E+4	0.000000E+0	0.000000E+0
5.458463E+3	-9.989300E-4	1.283830E+4	0.000000E+0	0.000000E+0
5.462468E+3	-9.989200E-4	1.283820E+4	0.000000E+0	0.000000E+0
5.466444E+3	-9.989000E-4	1.283800E+4	0.000000E+0	0.000000E+0
5.470488E+3	-9.988900E-4	1.283790E+4	0.000000E+0	0.000000E+0
5.474440E+3	-9.989200E-4	1.283770E+4	0.000000E+0	0.000000E+0
5.478476E+3	-9.988900E-4	1.283770E+4	0.000000E+0	0.000000E+0
5.482468E+3	-9.988800E-4	1.283770E+4	0.000000E+0	0.000000E+0
5.486466E+3	-9.988800E-4	1.283760E+4	0.000000E+0	0.000000E+0
5.490440E+3	-9.989300E-4	1.283750E+4	0.000000E+0	0.000000E+0
5.494481E+3	-9.989000E-4	1.283740E+4	0.000000E+0	0.000000E+0
5.498463E+3	-9.989100E-4	1.283730E+4	0.000000E+0	0.000000E+0
5.502462E+3	-9.989200E-4	1.283730E+4	0.000000E+0	0.000000E+0
5.506456E+3	-9.989000E-4	1.283720E+4	0.000000E+0	0.000000E+0
5.510467E+3	-9.988900E-4	1.283720E+4	0.000000E+0	0.000000E+0
5.514447E+3	-9.988800E-4	1.283710E+4	0.000000E+0	0.000000E+0
5.518481E+3	-9.988800E-4	1.283710E+4	0.000000E+0	0.000000E+0
5.522439E+3	-9.988500E-4	1.283680E+4	0.000000E+0	0.000000E+0
5.526479E+3	-9.988800E-4	1.283680E+4	0.000000E+0	0.000000E+0
5.530462E+3	-9.988900E-4	1.283670E+4	0.000000E+0	0.000000E+0
5.534464E+3	-9.988600E-4	1.283680E+4	0.000000E+0	0.000000E+0
5.538461E+3	-9.988800E-4	1.283670E+4	0.000000E+0	0.000000E+0
5.542492E+3	-9.988500E-4	1.283650E+4	0.000000E+0	0.000000E+0
5.546464E+3	-9.988800E-4	1.283630E+4	0.000000E+0	0.000000E+0
5.550463E+3	-9.989000E-4	1.283630E+4	0.000000E+0	0.000000E+0
5.554460E+3	-9.988900E-4	1.283620E+4	0.000000E+0	0.000000E+0
5.558460E+3	-9.989400E-4	1.283600E+4	0.000000E+0	0.000000E+0
5.562467E+3	-9.989100E-4	1.283590E+4	0.000000E+0	0.000000E+0
5.566463E+3	-9.989000E-4	1.283570E+4	0.000000E+0	0.000000E+0
5.570462E+3	-9.989000E-4	1.283560E+4	0.000000E+0	0.000000E+0
5.574463E+3	-9.988600E-4	1.283550E+4	0.000000E+0	0.000000E+0
5.578465E+3	-9.988800E-4	1.283550E+4	0.000000E+0	0.000000E+0
5.582466E+3	-9.989000E-4	1.283550E+4	0.000000E+0	0.000000E+0
5.586461E+3	-9.988800E-4	1.283540E+4	0.000000E+0	0.000000E+0
5.590461E+3	-9.989000E-4	1.283530E+4	0.000000E+0	0.000000E+0
5.594461E+3	-9.989000E-4	1.283510E+4	0.000000E+0	0.000000E+0
5.598460E+3	-9.989000E-4	1.283500E+4	0.000000E+0	0.000000E+0
5.602461E+3	-9.989000E-4	1.283500E+4	0.000000E+0	0.000000E+0
5.606461E+3	-9.989400E-4	1.283500E+4	0.000000E+0	0.000000E+0
5.610461E+3	-9.989300E-4	1.283490E+4	0.000000E+0	0.000000E+0
5.614468E+3	-9.989200E-4	1.283470E+4	0.000000E+0	0.000000E+0
5.618464E+3	-9.989100E-4	1.283460E+4	0.000000E+0	0.000000E+0
5.622464E+3	-9.989200E-4	1.283450E+4	0.000000E+0	0.000000E+0
5.626462E+3	-9.988800E-4	1.283450E+4	0.000000E+0	0.000000E+0
5.630462E+3	-9.989400E-4	1.283450E+4	0.000000E+0	0.000000E+0
5.634464E+3	-9.989300E-4	1.283440E+4	0.000000E+0	0.000000E+0
5.638467E+3	-9.989100E-4	1.283440E+4	0.000000E+0	0.000000E+0
5.642464E+3	-9.989200E-4	1.283430E+4	0.000000E+0	0.000000E+0
5.646464E+3	-9.989100E-4	1.283430E+4	0.000000E+0	0.000000E+0
5.650462E+3	-9.988800E-4	1.283420E+4	0.000000E+0	0.000000E+0
5.654463E+3	-9.989000E-4	1.283420E+4	0.000000E+0	0.000000E+0
5.658465E+3	-9.988600E-4	1.283400E+4	0.000000E+0	0.000000E+0
5.662463E+3	-9.988900E-4	1.283390E+4	0.000000E+0	0.000000E+0
5.666463E+3	-9.989000E-4	1.283390E+4	0.000000E+0	0.000000E+0
5.670463E+3	-9.988700E-4	1.283390E+4	0.000000E+0	0.000000E+0
5.674466E+3	-9.989000E-4	1.283370E+4	0.000000E+0	0.000000E+0
5.678474E+3	-9.988800E-4	1.283350E+4	0.000000E+0	0.000000E+0
5.682436E+3	-9.988700E-4	1.283350E+4	0.000000E+0	0.000000E+0
5.686491E+3	-9.988800E-4	1.283350E+4	0.000000E+0	0.000000E+0
5.690442E+3	-9.988800E-4	1.283330E+4	0.000000E+0	0.000000E+0
5.694482E+3	-9.988600E-4	1.283310E+4	0.000000E+0	0.000000E+0
5.698437E+3	-9.988400E-4	1.283290E+4	0.000000E+0	0.000000E+0
5.702480E+3	-9.988600E-4	1.283290E+4	0.000000E+0	0.000000E+0
5.706467E+3	-9.988800E-4	1.283280E+4	0.000000E+0	0.000000E+0
5.710463E+3	-9.988400E-4	1.283270E+4	0.000000E+0	0.000000E+0
5.714464E+3	-9.988400E-4	1.283260E+4	0.000000E+0	0.000000E+0
5.718467E+3	-9.988200E-4	1.283260E+4	0.000000E+0	0.000000E+0
5.722445E+3	-9.988800E-4	1.283260E+4	0.000000E+0	0.000000E+0
5.726481E+3	-9.988300E-4	1.283250E+4	0.000000E+0	0.000000E+0
5.730462E+3	-9.988700E-4	1.283240E+4	0.000000E+0	0.000000E+0
5.734462E+3	-9.988800E-4	1.283240E+4	0.000000E+0	0.000000E+0
5.738463E+3	-9.989000E-4	1.283230E+4	0.000000E+0	0.000000E+0
5.742459E+3	-9.989000E-4	1.283210E+4	0.000000E+0	0.000000E+0
5.746465E+3	-9.988800E-4	1.283190E+4	0.000000E+0	0.000000E+0
5.750462E+3	-9.989000E-4	1.283190E+4	0.000000E+0	0.000000E+0
5.754465E+3	-9.989000E-4	1.283170E+4	0.000000E+0	0.000000E+0
5.758468E+3	-9.989000E-4	1.283170E+4	0.000000E+0	0.000000E+0
5.762468E+3	-9.988800E-4	1.283160E+4	0.000000E+0	0.000000E+0
5.766442E+3	-9.988800E-4	1.283150E+4	0.000000E+0	0.000000E+0
5.770481E+3	-9.988800E-4	1.283140E+4	0.000000E+0	0.000000E+0
5.774463E+3	-9.988700E-4	1.283130E+4	0.000000E+0	0.000000E+0
5.778467E+3	-9.988800E-4	1.283120E+4	0.000000E+0	0.000000E+0
5.782461E+3	-9.988800E-4	1.283110E+4	0.000000E+0	0.000000E+0
5.786471E+3	-9.988800E-4	1.283100E+4	0.000000E+0	0.000000E+0
5.790467E+3	-9.989100E-4	1.283080E+4	0.000000E+0	0.000000E+0
5.794441E+3	-9.988700E-4	1.283070E+4	0.000000E+0	0.000000E+0
5.798475E+3	-9.988700E-4	1.283070E+4	0.000000E+0	0.000000E+0
5.802466E+3	-9.989000E-4	1.283050E+4	0.000000E+0	0.000000E+0
5.806467E+3	-9.988700E-4	1.283030E+4	0.000000E+0	0.000000E+0
5.810470E+3	-9.989000E-4	1.283020E+4	0.000000E+0	0.000000E+0
5.814441E+3	-9.988800E-4	1.282990E+4	0.000000E+0	0.000000E+0
5.818481E+3	-9.988900E-4	1.282980E+4	0.000000E+0	0.000000E+0
5.822468E+3	-9.988800E-4	1.282970E+4	0.000000E+0	0.000000E+0
5.826457E+3	-9.988800E-4	1.282970E+4	0.000000E+0	0.000000E+0
5.830487E+3	-9.989000E-4	1.282970E+4	0.000000E+0	0.000000E+0
5.834439E+3	-9.989000E-4	1.282960E+4	0.000000E+0	0.000000E+0
5.838480E+3	-9.988700E-4	1.282950E+4	0.000000E+0	0.000000E+0
5.842463E+3	-9.988600E-4	1.282950E+4	0.000000E+0	0.000000E+0
5.846462E+3	-9.989100E-4	1.282950E+4	0.000000E+0	0.000000E+0
5.850462E+3	-9.988900E-4	1.282950E+4	0.000000E+0	0.000000E+0
5.854460E+3	-9.988800E-4	1.282940E+4	0.000000E+0	0.000000E+0
5.858467E+3	-9.988900E-4	1.282950E+4	0.000000E+0	0.000000E+0
5.862461E+3	-9.988700E-4	1.282950E+4	0.000000E+0	0.000000E+0
5.866468E+3	-9.988700E-4	1.282960E+4	0.000000E+0	0.000000E+0
5.870459E+3	-9.988600E-4	1.282960E+4	0.000000E+0	0.000000E+0
5.874464E+3	-9.988700E-4	1.282950E+4	0.000000E+0	0.000000E+0
5.878464E+3	-9.988700E-4	1.282930E+4	0.000000E+0	0.000000E+0
5.882464E+3	-9.988800E-4	1.282910E+4	0.000000E+0	0.000000E+0
5.886467E+3	-9.988600E-4	1.282880E+4	0.000000E+0	0.000000E+0
5.890467E+3	-9.988600E-4	1.282850E+4	0.000000E+0	0.000000E+0
5.894462E+3	-9.988700E-4	1.282830E+4	0.000000E+0	0.000000E+0
5.898462E+3	-9.988800E-4	1.282830E+4	0.000000E+0	0.000000E+0
5.902474E+3	-9.988900E-4	1.282810E+4	0.000000E+0	0.000000E+0
5.906460E+3	-9.989000E-4	1.282810E+4	0.000000E+0	0.000000E+0
5.910464E+3	-9.988900E-4	1.282810E+4	0.000000E+0	0.000000E+0
5.914462E+3	-9.988800E-4	1.282800E+4	0.000000E+0	0.000000E+0
5.918460E+3	-9.988700E-4	1.282790E+4	0.000000E+0	0.000000E+0
5.922473E+3	-9.989000E-4	1.282790E+4	0.000000E+0	0.000000E+0
5.926447E+3	-9.988700E-4	1.282780E+4	0.000000E+0	0.000000E+0
5.930482E+3	-9.988800E-4	1.282770E+4	0.000000E+0	0.000000E+0
5.934440E+3	-9.988700E-4	1.282760E+4	0.000000E+0	0.000000E+0
5.938481E+3	-9.988700E-4	1.282760E+4	0.000000E+0	0.000000E+0
5.942444E+3	-9.988700E-4	1.282750E+4	0.000000E+0	0.000000E+0
5.946474E+3	-9.988800E-4	1.282740E+4	0.000000E+0	0.000000E+0
5.950463E+3	-9.988600E-4	1.282720E+4	0.000000E+0	0.000000E+0
5.954464E+3	-9.988700E-4	1.282720E+4	0.000000E+0	0.000000E+0
5.958466E+3	-9.988600E-4	1.282710E+4	0.000000E+0	0.000000E+0
5.962440E+3	-9.988600E-4	1.282690E+4	0.000000E+0	0.000000E+0
5.966483E+3	-9.988800E-4	1.282680E+4	0.000000E+0	0.000000E+0
5.970464E+3	-9.988600E-4	1.282660E+4	0.000000E+0	0.000000E+0
5.974471E+3	-9.988400E-4	1.282660E+4	0.000000E+0	0.000000E+0
5.978440E+3	-9.988600E-4	1.282640E+4	0.000000E+0	0.000000E+0
5.982480E+3	-9.988700E-4	1.282630E+4	0.000000E+0	0.000000E+0
5.986464E+3	-9.988400E-4	1.282620E+4	0.000000E+0	0.000000E+0
5.990465E+3	-9.988500E-4	1.282630E+4	0.000000E+0	0.000000E+0
5.994462E+3	-9.988600E-4	1.282620E+4	0.000000E+0	0.000000E+0
5.998462E+3	-9.988500E-4	1.282620E+4	0.000000E+0	0.000000E+0
6.002463E+3	-9.988800E-4	1.282610E+4	0.000000E+0	0.000000E+0
6.006464E+3	-9.988400E-4	1.282600E+4	0.000000E+0	0.000000E+0
6.010459E+3	-9.988500E-4	1.282600E+4	0.000000E+0	0.000000E+0
6.014462E+3	-9.987900E-4	1.282600E+4	0.000000E+0	0.000000E+0
6.018462E+3	-9.988300E-4	1.282590E+4	0.000000E+0	0.000000E+0
6.022462E+3	-9.988500E-4	1.282570E+4	0.000000E+0	0.000000E+0
6.026460E+3	-9.988100E-4	1.282560E+4	0.000000E+0	0.000000E+0
6.030470E+3	-9.988300E-4	1.282560E+4	0.000000E+0	0.000000E+0
6.034463E+3	-9.988500E-4	1.282540E+4	0.000000E+0	0.000000E+0
6.038466E+3	-9.988700E-4	1.282520E+4	0.000000E+0	0.000000E+0
6.042463E+3	-9.988300E-4	1.282520E+4	0.000000E+0	0.000000E+0
6.046462E+3	-9.988300E-4	1.282510E+4	0.000000E+0	0.000000E+0
6.050461E+3	-9.988400E-4	1.282480E+4	0.000000E+0	0.000000E+0
6.054464E+3	-9.988200E-4	1.282480E+4	0.000000E+0	0.000000E+0
6.058461E+3	-9.988400E-4	1.282470E+4	0.000000E+0	0.000000E+0
6.062463E+3	-9.988400E-4	1.282460E+4	0.000000E+0	0.000000E+0
6.066469E+3	-9.988300E-4	1.282430E+4	0.000000E+0	0.000000E+0
6.070461E+3	-9.988600E-4	1.282410E+4	0.000000E+0	0.000000E+0
6.074461E+3	-9.988400E-4	1.282390E+4	0.000000E+0	0.000000E+0
6.078466E+3	-9.988300E-4	1.282380E+4	0.000000E+0	0.000000E+0
6.082464E+3	-9.987900E-4	1.282370E+4	0.000000E+0	0.000000E+0
6.086464E+3	-9.987900E-4	1.282360E+4	0.000000E+0	0.000000E+0
6.090461E+3	-9.988100E-4	1.282360E+4	0.000000E+0	0.000000E+0
6.094460E+3	-9.988100E-4	1.282340E+4	0.000000E+0	0.000000E+0
6.098464E+3	-9.988100E-4	1.282330E+4	0.000000E+0	0.000000E+0
6.102461E+3	-9.988400E-4	1.282320E+4	0.000000E+0	0.000000E+0
6.106462E+3	-9.988100E-4	1.282300E+4	0.000000E+0	0.000000E+0
6.110462E+3	-9.988300E-4	1.282270E+4	0.000000E+0	0.000000E+0
6.114459E+3	-9.988000E-4	1.282260E+4	0.000000E+0	0.000000E+0
6.118458E+3	-9.988500E-4	1.282260E+4	0.000000E+0	0.000000E+0
6.122460E+3	-9.987800E-4	1.282250E+4	0.000000E+0	0.000000E+0
6.126458E+3	-9.988000E-4	1.282250E+4	0.000000E+0	0.000000E+0
6.130460E+3	-9.987900E-4	1.282260E+4	0.000000E+0	0.000000E+0
6.134461E+3	-9.988000E-4	1.282250E+4	0.000000E+0	0.000000E+0
6.138458E+3	-9.987800E-4	1.282250E+4	0.000000E+0	0.000000E+0
6.142460E+3	-9.987800E-4	1.282230E+4	0.000000E+0	0.000000E+0
6.146467E+3	-9.987800E-4	1.282210E+4	0.000000E+0	0.000000E+0
6.150460E+3	-9.987900E-4	1.282220E+4	0.000000E+0	0.000000E+0
6.154464E+3	-9.987800E-4	1.282190E+4	0.000000E+0	0.000000E+0
6.158464E+3	-9.988000E-4	1.282180E+4	0.000000E+0	0.000000E+0
6.162462E+3	-9.988000E-4	1.282170E+4	0.000000E+0	0.000000E+0
6.166462E+3	-9.988200E-4	1.282170E+4	0.000000E+0	0.000000E+0
6.170461E+3	-9.988400E-4	1.282160E+4	0.000000E+0	0.000000E+0
6.174461E+3	-9.988000E-4	1.282150E+4	0.000000E+0	0.000000E+0
6.178462E+3	-9.988300E-4	1.282140E+4	0.000000E+0	0.000000E+0
6.182473E+3	-9.988000E-4	1.282110E+4	0.000000E+0	0.000000E+0
6.186439E+3	-9.988200E-4	1.282100E+4	0.000000E+0	0.000000E+0
6.190492E+3	-9.987900E-4	1.282080E+4	0.000000E+0	0.000000E+0
6.194446E+3	-9.987700E-4	1.282070E+4	0.000000E+0	0.000000E+0
6.198482E+3	-9.987400E-4	1.282060E+4	0.000000E+0	0.000000E+0
6.202473E+3	-9.987700E-4	1.282050E+4	0.000000E+0	0.000000E+0
6.206442E+3	-9.987700E-4	1.282040E+4	0.000000E+0	0.000000E+0
6.210485E+3	-9.987400E-4	1.282030E+4	0.000000E+0	0.000000E+0
6.214465E+3	-9.987700E-4	1.282020E+4	0.000000E+0	0.000000E+0
6.218442E+3	-9.987600E-4	1.282010E+4	0.000000E+0	0.000000E+0
6.222477E+3	-9.987600E-4	1.282000E+4	0.000000E+0	0.000000E+0
6.226463E+3	-9.987600E-4	1.282000E+4	0.000000E+0	0.000000E+0
6.230464E+3	-9.988000E-4	1.281990E+4	0.000000E+0	0.000000E+0
6.234461E+3	-9.987900E-4	1.281980E+4	0.000000E+0	0.000000E+0
6.238461E+3	-9.987700E-4	1.281970E+4	0.000000E+0	0.000000E+0
6.242461E+3	-9.987600E-4	1.281970E+4	0.000000E+0	0.000000E+0
6.246466E+3	-9.988200E-4	1.281970E+4	0.000000E+0	0.000000E+0
6.250463E+3	-9.988100E-4	1.281960E+4	0.000000E+0	0.000000E+0
6.254462E+3	-9.987800E-4	1.281950E+4	0.000000E+0	0.000000E+0
6.258462E+3	-9.987700E-4	1.281940E+4	0.000000E+0	0.000000E+0
6.262464E+3	-9.987900E-4	1.281920E+4	0.000000E+0	0.000000E+0
6.266461E+3	-9.988200E-4	1.281900E+4	0.000000E+0	0.000000E+0
6.270465E+3	-9.988400E-4	1.281890E+4	0.000000E+0	0.000000E+0
6.274467E+3	-9.988700E-4	1.281870E+4	0.000000E+0	0.000000E+0
6.278459E+3	-9.988600E-4	1.281860E+4	0.000000E+0	0.000000E+0
6.282464E+3	-9.988600E-4	1.281850E+4	0.000000E+0	0.000000E+0
6.286460E+3	-9.988500E-4	1.281840E+4	0.000000E+0	0.000000E+0
6.290476E+3	-9.988600E-4	1.281830E+4	0.000000E+0	0.000000E+0
6.294446E+3	-9.988800E-4	1.281820E+4	0.000000E+0	0.000000E+0
6.298484E+3	-9.988600E-4	1.281800E+4	0.000000E+0	0.000000E+0
6.302436E+3	-9.988800E-4	1.281780E+4	0.000000E+0	0.000000E+0
6.306479E+3	-9.988800E-4	1.281760E+4	0.000000E+0	0.000000E+0
6.310462E+3	-9.988800E-4	1.281740E+4	0.000000E+0	0.000000E+0
6.314467E+3	-9.988700E-4	1.281720E+4	0.000000E+0	0.000000E+0
6.318442E+3	-9.988600E-4	1.281720E+4	0.000000E+0	0.000000E+0
6.322476E+3	-9.988500E-4	1.281710E+4	0.000000E+0	0.000000E+0
6.326463E+3	-9.988500E-4	1.281700E+4	0.000000E+0	0.000000E+0
6.330463E+3	-9.988700E-4	1.281680E+4	0.000000E+0	0.000000E+0
6.334461E+3	-9.988400E-4	1.281670E+4	0.000000E+0	0.000000E+0
6.338461E+3	-9.988500E-4	1.281650E+4	0.000000E+0	0.000000E+0
6.342464E+3	-9.988400E-4	1.281650E+4	0.000000E+0	0.000000E+0
6.346464E+3	-9.988400E-4	1.281630E+4	0.000000E+0	0.000000E+0
6.350458E+3	-9.988400E-4	1.281620E+4	0.000000E+0	0.000000E+0
6.354462E+3	-9.988400E-4	1.281600E+4	0.000000E+0	0.000000E+0
6.358464E+3	-9.988400E-4	1.281610E+4	0.000000E+0	0.000000E+0
6.362464E+3	-9.988500E-4	1.281600E+4	0.000000E+0	0.000000E+0
6.366459E+3	-9.988600E-4	1.281610E+4	0.000000E+0	0.000000E+0
6.370466E+3	-9.988500E-4	1.281580E+4	0.000000E+0	0.000000E+0
6.374460E+3	-9.988400E-4	1.281560E+4	0.000000E+0	0.000000E+0
6.378458E+3	-9.988700E-4	1.281540E+4	0.000000E+0	0.000000E+0
6.382459E+3	-9.988400E-4	1.281490E+4	0.000000E+0	0.000000E+0
6.386465E+3	-9.988300E-4	1.281460E+4	0.000000E+0	0.000000E+0
6.390470E+3	-9.988100E-4	1.281460E+4	0.000000E+0	0.000000E+0
6.394455E+3	-9.988100E-4	1.281450E+4	0.000000E+0	0.000000E+0
6.398465E+3	-9.988000E-4	1.281440E+4	0.000000E+0	0.000000E+0
6.402460E+3	-9.988300E-4	1.281440E+4	0.000000E+0	0.000000E+0
6.406470E+3	-9.988200E-4	1.281440E+4	0.000000E+0	0.000000E+0
6.410445E+3	-9.988300E-4	1.281430E+4	0.000000E+0	0.000000E+0
6.414480E+3	-9.988100E-4	1.281430E+4	0.000000E+0	0.000000E+0
6.418438E+3	-9.988200E-4	1.281420E+4	0.000000E+0	0.000000E+0
6.422477E+3	-9.988000E-4	1.281400E+4	0.000000E+0	0.000000E+0
6.426463E+3	-9.987900E-4	1.281380E+4	0.000000E+0	0.000000E+0
6.430462E+3	-9.988100E-4	1.281360E+4	0.000000E+0	0.000000E+0
6.434467E+3	-9.988000E-4	1.281360E+4	0.000000E+0	0.000000E+0
6.438462E+3	-9.988200E-4	1.281360E+4	0.000000E+0	0.000000E+0
6.442461E+3	-9.988100E-4	1.281340E+4	0.000000E+0	0.000000E+0
6.446462E+3	-9.988300E-4	1.281330E+4	0.000000E+0	0.000000E+0
6.450461E+3	-9.988400E-4	1.281320E+4	0.000000E+0	0.000000E+0
6.454464E+3	-9.988500E-4	1.281310E+4	0.000000E+0	0.000000E+0
6.458461E+3	-9.988300E-4	1.281300E+4	0.000000E+0	0.000000E+0
6.462461E+3	-9.988400E-4	1.281300E+4	0.000000E+0	0.000000E+0
6.466462E+3	-9.988700E-4	1.281300E+4	0.000000E+0	0.000000E+0
6.470465E+3	-9.988400E-4	1.281290E+4	0.000000E+0	0.000000E+0
6.474460E+3	-9.988200E-4	1.281260E+4	0.000000E+0	0.000000E+0
6.478470E+3	-9.988300E-4	1.281250E+4	0.000000E+0	0.000000E+0
6.482438E+3	-9.988200E-4	1.281250E+4	0.000000E+0	0.000000E+0
6.486481E+3	-9.988300E-4	1.281240E+4	0.000000E+0	0.000000E+0
6.490468E+3	-9.988200E-4	1.281220E+4	0.000000E+0	0.000000E+0
6.494460E+3	-9.987800E-4	1.281210E+4	0.000000E+0	0.000000E+0
6.498463E+3	-9.987700E-4	1.281210E+4	0.000000E+0	0.000000E+0
6.502461E+3	-9.988100E-4	1.281200E+4	0.000000E+0	0.000000E+0
6.506464E+3	-9.987900E-4	1.281190E+4	0.000000E+0	0.000000E+0
6.510462E+3	-9.988100E-4	1.281170E+4	0.000000E+0	0.000000E+0
6.514466E+3	-9.988200E-4	1.281150E+4	0.000000E+0	0.000000E+0
6.518464E+3	-9.988300E-4	1.281140E+4	0.000000E+0	0.000000E+0
6.522464E+3	-9.988000E-4	1.281120E+4	0.000000E+0	0.000000E+0
6.526463E+3	-9.987900E-4	1.281110E+4	0.000000E+0	0.000000E+0
6.530469E+3	-9.988200E-4	1.281100E+4	0.000000E+0	0.000000E+0
6.534443E+3	-9.987900E-4	1.281080E+4	0.000000E+0	0.000000E+0
6.538477E+3	-9.987700E-4	1.281060E+4	0.000000E+0	0.000000E+0
6.542464E+3	-9.987800E-4	1.281020E+4	0.000000E+0	0.000000E+0
6.546466E+3	-9.987800E-4	1.281020E+4	0.000000E+0	0.000000E+0
6.550469E+3	-9.987800E-4	1.281020E+4	0.000000E+0	0.000000E+0
6.554465E+3	-9.987700E-4	1.281010E+4	0.000000E+0	0.000000E+0
6.558464E+3	-9.987900E-4	1.281000E+4	0.000000E+0	0.000000E+0
6.562462E+3	-9.988000E-4	1.280990E+4	0.000000E+0	0.000000E+0
6.566462E+3	-9.987900E-4	1.280980E+4	0.000000E+0	0.000000E+0
6.570471E+3	-9.988000E-4	1.280970E+4	0.000000E+0	0.000000E+0
6.574462E+3	-9.987700E-4	1.280960E+4	0.000000E+0	0.000000E+0
6.578476E+3	-9.987700E-4	1.280960E+4	0.000000E+0	0.000000E+0
6.582439E+3	-9.988000E-4	1.280940E+4	0.000000E+0	0.000000E+0
6.586482E+3	-9.988000E-4	1.280940E+4	0.000000E+0	0.000000E+0
6.590463E+3	-9.987800E-4	1.280930E+4	0.000000E+0	0.000000E+0
6.594472E+3	-9.987800E-4	1.280940E+4	0.000000E+0	0.000000E+0
6.598441E+3	-9.987800E-4	1.280920E+4	0.000000E+0	0.000000E+0
6.602479E+3	-9.987500E-4	1.280930E+4	0.000000E+0	0.000000E+0
6.606464E+3	-9.987700E-4	1.280910E+4	0.000000E+0	0.000000E+0
6.610464E+3	-9.987900E-4	1.280880E+4	0.000000E+0	0.000000E+0
6.614467E+3	-9.987700E-4	1.280880E+4	0.000000E+0	0.000000E+0
6.618464E+3	-9.987600E-4	1.280870E+4	0.000000E+0	0.000000E+0
6.622465E+3	-9.987400E-4	1.280850E+4	0.000000E+0	0.000000E+0
6.626461E+3	-9.987900E-4	1.280840E+4	0.000000E+0	0.000000E+0
6.630462E+3	-9.987600E-4	1.280830E+4	0.000000E+0	0.000000E+0
6.634461E+3	-9.987700E-4	1.280820E+4	0.000000E+0	0.000000E+0
6.638464E+3	-9.987500E-4	1.280820E+4	0.000000E+0	0.000000E+0
6.642464E+3	-9.987600E-4	1.280810E+4	0.000000E+0	0.000000E+0
6.646464E+3	-9.987600E-4	1.280800E+4	0.000000E+0	0.000000E+0
6.650468E+3	-9.987600E-4	1.280790E+4	0.000000E+0	0.000000E+0
6.654462E+3	-9.987700E-4	1.280770E+4	0.000000E+0	0.000000E+0
6.658462E+3	-9.987800E-4	1.280760E+4	0.000000E+0	0.000000E+0
6.662462E+3	-9.987600E-4	1.280750E+4	0.000000E+0	0.000000E+0
6.666465E+3	-9.988000E-4	1.280730E+4	0.000000E+0	0.000000E+0
6.670463E+3	-9.987500E-4	1.280710E+4	0.000000E+0	0.000000E+0
6.674462E+3	-9.987800E-4	1.280690E+4	0.000000E+0	0.000000E+0
6.678463E+3	-9.987800E-4	1.280680E+4	0.000000E+0	0.000000E+0
6.682467E+3	-9.987600E-4	1.280660E+4	0.000000E+0	0.000000E+0
6.686473E+3	-9.987800E-4	1.280660E+4	0.000000E+0	0.000000E+0
6.690442E+3	-9.987700E-4	1.280650E+4	0.000000E+0	0.000000E+0
6.694476E+3	-9.987700E-4	1.280650E+4	0.000000E+0	0.000000E+0
6.698461E+3	-9.987900E-4	1.280630E+4	0.000000E+0	0.000000E+0
6.702464E+3	-9.987700E-4	1.280630E+4	0.000000E+0	0.000000E+0
6.706471E+3	-9.987600E-4	1.280620E+4	0.000000E+0	0.000000E+0
6.710440E+3	-9.987700E-4	1.280600E+4	0.000000E+0	0.000000E+0
6.714482E+3	-9.987600E-4	1.280580E+4	0.000000E+0	0.000000E+0
6.718462E+3	-9.987500E-4	1.280560E+4	0.000000E+0	0.000000E+0
6.722471E+3	-9.987700E-4	1.280540E+4	0.000000E+0	0.000000E+0
6.726440E+3	-9.987800E-4	1.280540E+4	0.000000E+0	0.000000E+0
6.730482E+3	-9.987700E-4	1.280520E+4	0.000000E+0	0.000000E+0
6.734465E+3	-9.987600E-4	1.280520E+4	0.000000E+0	0.000000E+0
6.738469E+3	-9.987800E-4	1.280520E+4	0.000000E+0	0.000000E+0
6.742441E+3	-9.988000E-4	1.280520E+4	0.000000E+0	0.000000E+0
6.746480E+3	-9.987900E-4	1.280530E+4	0.000000E+0	0.000000E+0
6.750462E+3	-9.987700E-4	1.280530E+4	0.000000E+0	0.000000E+0
6.754464E+3	-9.987700E-4	1.280520E+4	0.000000E+0	0.000000E+0
6.758478E+3	-9.987700E-4	1.280500E+4	0.000000E+0	0.000000E+0
6.762444E+3	-9.988100E-4	1.280500E+4	0.000000E+0	0.000000E+0
6.766482E+3	-9.987700E-4	1.280500E+4	0.000000E+0	0.000000E+0
6.770470E+3	-9.987700E-4	1.280490E+4	0.000000E+0	0.000000E+0
6.774440E+3	-9.987800E-4	1.280470E+4	0.000000E+0	0.000000E+0
6.778479E+3	-9.987400E-4	1.280470E+4	0.000000E+0	0.000000E+0
6.782463E+3	-9.987400E-4	1.280450E+4	0.000000E+0	0.000000E+0
6.786460E+3	-9.988000E-4	1.280440E+4	0.000000E+0	0.000000E+0
6.790460E+3	-9.987700E-4	1.280430E+4	0.000000E+0	0.000000E+0
6.794473E+3	-9.988200E-4	1.280420E+4	0.000000E+0	0.000000E+0
6.798442E+3	-9.987700E-4	1.280410E+4	0.000000E+0	0.000000E+0
6.802482E+3	-9.987800E-4	1.280390E+4	0.000000E+0	0.000000E+0
6.806442E+3	-9.987900E-4	1.280370E+4	0.000000E+0	0.000000E+0
6.810480E+3	-9.988100E-4	1.280350E+4	0.000000E+0	0.000000E+0
6.814466E+3	-9.987800E-4	1.280350E+4	0.000000E+0	0.000000E+0
6.818465E+3	-9.988100E-4	1.280340E+4	0.000000E+0	0.000000E+0
6.822465E+3	-9.987800E-4	1.280320E+4	0.000000E+0	0.000000E+0
6.826464E+3	-9.988000E-4	1.280290E+4	0.000000E+0	0.000000E+0
6.830473E+3	-9.987900E-4	1.280280E+4	0.000000E+0	0.000000E+0
6.834440E+3	-9.987900E-4	1.280270E+4	0.000000E+0	0.000000E+0
6.838483E+3	-9.987800E-4	1.280220E+4	0.000000E+0	0.000000E+0
6.842468E+3	-9.987500E-4	1.280200E+4	0.000000E+0	0.000000E+0
6.846465E+3	-9.987800E-4	1.280190E+4	0.000000E+0	0.000000E+0
6.850467E+3	-9.988000E-4	1.280180E+4	0.000000E+0	0.000000E+0
6.854466E+3	-9.988000E-4	1.280170E+4	0.000000E+0	0.000000E+0
6.858468E+3	-9.987500E-4	1.280160E+4	0.000000E+0	0.000000E+0
6.862466E+3	-9.987600E-4	1.280150E+4	0.000000E+0	0.000000E+0
6.866499E+3	-9.987600E-4	1.280150E+4	0.000000E+0	0.000000E+0
6.870440E+3	-9.987700E-4	1.280130E+4	0.000000E+0	0.000000E+0
6.874482E+3	-9.987600E-4	1.280110E+4	0.000000E+0	0.000000E+0
6.878464E+3	-9.987700E-4	1.280080E+4	0.000000E+0	0.000000E+0
6.882466E+3	-9.987600E-4	1.280050E+4	0.000000E+0	0.000000E+0
6.886461E+3	-9.987900E-4	1.280050E+4	0.000000E+0	0.000000E+0
6.890463E+3	-9.987900E-4	1.280050E+4	0.000000E+0	0.000000E+0
6.894463E+3	-9.987800E-4	1.280040E+4	0.000000E+0	0.000000E+0
6.898466E+3	-9.988000E-4	1.280020E+4	0.000000E+0	0.000000E+0
6.902467E+3	-9.988000E-4	1.280000E+4	0.000000E+0	0.000000E+0
6.906464E+3	-9.987700E-4	1.279990E+4	0.000000E+0	0.000000E+0
6.910463E+3	-9.987900E-4	1.279970E+4	0.000000E+0	0.000000E+0
6.914464E+3	-9.987900E-4	1.279940E+4	0.000000E+0	0.000000E+0
6.918464E+3	-9.987800E-4	1.279920E+4	0.000000E+0	0.000000E+0
6.922469E+3	-9.987600E-4	1.279900E+4	0.000000E+0	0.000000E+0
6.926444E+3	-9.987500E-4	1.279880E+4	0.000000E+0	0.000000E+0
6.930481E+3	-9.987600E-4	1.279870E+4	0.000000E+0	0.000000E+0
6.934441E+3	-9.987900E-4	1.279870E+4	0.000000E+0	0.000000E+0
6.938480E+3	-9.987400E-4	1.279860E+4	0.000000E+0	0.000000E+0
6.942464E+3	-9.987700E-4	1.279860E+4	0.000000E+0	0.000000E+0
6.946462E+3	-9.987600E-4	1.279850E+4	0.000000E+0	0.000000E+0
6.950460E+3	-9.987400E-4	1.279850E+4	0.000000E+0	0.000000E+0
6.954460E+3	-9.987000E-4	1.279840E+4	0.000000E+0	0.000000E+0
6.958461E+3	-9.987000E-4	1.279840E+4	0.000000E+0	0.000000E+0
6.962465E+3	-9.987300E-4	1.279820E+4	0.000000E+0	0.000000E+0
6.966463E+3	-9.987000E-4	1.279810E+4	0.000000E+0	0.000000E+0
6.970461E+3	-9.986800E-4	1.279790E+4	0.000000E+0	0.000000E+0
6.974461E+3	-9.986700E-4	1.279790E+4	0.000000E+0	0.000000E+0
6.978462E+3	-9.986700E-4	1.279790E+4	0.000000E+0	0.000000E+0
6.982463E+3	-9.986800E-4	1.279790E+4	0.000000E+0	0.000000E+0
6.986464E+3	-9.986700E-4	1.279780E+4	0.000000E+0	0.000000E+0
6.990463E+3	-9.986400E-4	1.279780E+4	0.000000E+0	0.000000E+0
6.994464E+3	-9.987100E-4	1.279770E+4	0.000000E+0	0.000000E+0
6.998467E+3	-9.987500E-4	1.279740E+4	0.000000E+0	0.000000E+0
7.002467E+3	-9.987600E-4	1.279730E+4	0.000000E+0	0.000000E+0
7.006469E+3	-9.987600E-4	1.279710E+4	0.000000E+0	0.000000E+0
7.010447E+3	-9.987800E-4	1.279700E+4	0.000000E+0	0.000000E+0
7.014464E+3	-9.987600E-4	1.279700E+4	0.000000E+0	0.000000E+0
7.018466E+3	-9.987700E-4	1.279690E+4	0.000000E+0	0.000000E+0
7.022467E+3	-9.987400E-4	1.279680E+4	0.000000E+0	0.000000E+0
7.026461E+3	-9.987600E-4	1.279670E+4	0.000000E+0	0.000000E+0
7.030463E+3	-9.987700E-4	1.279660E+4	0.000000E+0	0.000000E+0
7.034462E+3	-9.987500E-4	1.279640E+4	0.000000E+0	0.000000E+0
7.038462E+3	-9.987400E-4	1.279610E+4	0.000000E+0	0.000000E+0
7.042463E+3	-9.987600E-4	1.279570E+4	0.000000E+0	0.000000E+0
7.046462E+3	-9.987500E-4	1.279550E+4	0.000000E+0	0.000000E+0
7.050458E+3	-9.987400E-4	1.279540E+4	0.000000E+0	0.000000E+0
7.054470E+3	-9.987600E-4	1.279520E+4	0.000000E+0	0.000000E+0
7.058471E+3	-9.987400E-4	1.279520E+4	0.000000E+0	0.000000E+0
7.062444E+3	-9.987500E-4	1.279500E+4	0.000000E+0	0.000000E+0
7.066477E+3	-9.987700E-4	1.279500E+4	0.000000E+0	0.000000E+0
7.070466E+3	-9.987500E-4	1.279500E+4	0.000000E+0	0.000000E+0
7.074468E+3	-9.987100E-4	1.279490E+4	0.000000E+0	0.000000E+0
7.078471E+3	-9.987400E-4	1.279470E+4	0.000000E+0	0.000000E+0
7.082452E+3	-9.987200E-4	1.279460E+4	0.000000E+0	0.000000E+0
7.086479E+3	-9.987100E-4	1.279450E+4	0.000000E+0	0.000000E+0
7.090468E+3	-9.987700E-4	1.279440E+4	0.000000E+0	0.000000E+0
7.094443E+3	-9.987500E-4	1.279440E+4	0.000000E+0	0.000000E+0
7.098475E+3	-9.987300E-4	1.279410E+4	0.000000E+0	0.000000E+0
7.102468E+3	-9.987400E-4	1.279400E+4	0.000000E+0	0.000000E+0
7.106464E+3	-9.987400E-4	1.279410E+4	0.000000E+0	0.000000E+0
7.110470E+3	-9.987400E-4	1.279400E+4	0.000000E+0	0.000000E+0
7.114443E+3	-9.987400E-4	1.279390E+4	0.000000E+0	0.000000E+0
7.118481E+3	-9.987300E-4	1.279390E+4	0.000000E+0	0.000000E+0
7.122463E+3	-9.987600E-4	1.279380E+4	0.000000E+0	0.000000E+0
7.126460E+3	-9.987400E-4	1.279380E+4	0.000000E+0	0.000000E+0
7.130460E+3	-9.987200E-4	1.279370E+4	0.000000E+0	0.000000E+0
7.134475E+3	-9.987300E-4	1.279350E+4	0.000000E+0	0.000000E+0
7.138442E+3	-9.987400E-4	1.279340E+4	0.000000E+0	0.000000E+0
7.142481E+3	-9.987400E-4	1.279330E+4	0.000000E+0	0.000000E+0
7.146444E+3	-9.987400E-4	1.279330E+4	0.000000E+0	0.000000E+0
7.150473E+3	-9.987400E-4	1.279310E+4	0.000000E+0	0.000000E+0
7.154484E+3	-9.987300E-4	1.279280E+4	0.000000E+0	0.000000E+0
7.158440E+3	-9.987300E-4	1.279280E+4	0.000000E+0	0.000000E+0
7.162484E+3	-9.987500E-4	1.279260E+4	0.000000E+0	0.000000E+0
7.166442E+3	-9.987800E-4	1.279260E+4	0.000000E+0	0.000000E+0
7.170480E+3	-9.987800E-4	1.279240E+4	0.000000E+0	0.000000E+0
7.174466E+3	-9.987700E-4	1.279230E+4	0.000000E+0	0.000000E+0
7.178467E+3	-9.987400E-4	1.279200E+4	0.000000E+0	0.000000E+0
7.182466E+3	-9.987100E-4	1.279190E+4	0.000000E+0	0.000000E+0
7.186470E+3	-9.987200E-4	1.279180E+4	0.000000E+0	0.000000E+0
7.190448E+3	-9.987200E-4	1.279170E+4	0.000000E+0	0.000000E+0
7.194485E+3	-9.987200E-4	1.279150E+4	0.000000E+0	0.000000E+0
7.198445E+3	-9.987300E-4	1.279150E+4	0.000000E+0	0.000000E+0
7.202481E+3	-9.987300E-4	1.279120E+4	0.000000E+0	0.000000E+0
7.206467E+3	-9.987400E-4	1.279100E+4	0.000000E+0	0.000000E+0
7.210467E+3	-9.987200E-4	1.279090E+4	0.000000E+0	0.000000E+0
7.214465E+3	-9.987500E-4	1.279100E+4	0.000000E+0	0.000000E+0
7.218473E+3	-9.987400E-4	1.279080E+4	0.000000E+0	0.000000E+0
7.222441E+3	-9.987300E-4	1.279090E+4	0.000000E+0	0.000000E+0
7.226495E+3	-9.987200E-4	1.279050E+4	0.000000E+0	0.000000E+0
7.230446E+3	-9.987400E-4	1.279030E+4	0.000000E+0	0.000000E+0
7.234485E+3	-9.987300E-4	1.279020E+4	0.000000E+0	0.000000E+0
7.238441E+3	-9.987200E-4	1.279010E+4	0.000000E+0	0.000000E+0
7.242483E+3	-9.987200E-4	1.278980E+4	0.000000E+0	0.000000E+0
7.246444E+3	-9.987200E-4	1.278970E+4	0.000000E+0	0.000000E+0
7.250484E+3	-9.987200E-4	1.278970E+4	0.000000E+0	0.000000E+0
7.254443E+3	-9.987300E-4	1.278960E+4	0.000000E+0	0.000000E+0
7.258481E+3	-9.987100E-4	1.278950E+4	0.000000E+0	0.000000E+0
7.262477E+3	-9.987000E-4	1.278940E+4	0.000000E+0	0.000000E+0
7.266442E+3	-9.987000E-4	1.278940E+4	0.000000E+0	0.000000E+0
7.270460E+3	-9.987200E-4	1.278920E+4	0.000000E+0	0.000000E+0
7.274462E+3	-9.987200E-4	1.278920E+4	0.000000E+0	0.000000E+0
7.278462E+3	-9.987300E-4	1.278890E+4	0.000000E+0	0.000000E+0
7.282469E+3	-9.986800E-4	1.278890E+4	0.000000E+0	0.000000E+0
7.286441E+3	-9.987300E-4	1.278860E+4	0.000000E+0	0.000000E+0
