
Medición hecha el 2026-06-16  06:39 p.m.

Medición de corriente y resistencia en el tiempo
Tiempo	Corriente	Resistencia
3.427000E+0	-1.000570E-4	1.255240E+4	0.000000E+0	0.000000E+0
7.701000E+0	-1.000380E-4	1.255170E+4	0.000000E+0	0.000000E+0
1.169900E+1	-1.000310E-4	1.255140E+4	0.000000E+0	0.000000E+0
1.569900E+1	-1.000270E-4	1.255130E+4	0.000000E+0	0.000000E+0
1.970300E+1	-1.000230E-4	1.255140E+4	0.000000E+0	0.000000E+0
2.369500E+1	-1.000210E-4	1.255150E+4	0.000000E+0	0.000000E+0
2.769400E+1	-1.000200E-4	1.255150E+4	0.000000E+0	0.000000E+0
3.170100E+1	-1.000180E-4	1.255170E+4	0.000000E+0	0.000000E+0
3.570200E+1	-1.000170E-4	1.255190E+4	0.000000E+0	0.000000E+0
3.970100E+1	-1.000140E-4	1.255210E+4	0.000000E+0	0.000000E+0
4.369500E+1	-1.000170E-4	1.255220E+4	0.000000E+0	0.000000E+0
4.770200E+1	-1.000130E-4	1.255240E+4	0.000000E+0	0.000000E+0
5.171200E+1	-1.000150E-4	1.255250E+4	0.000000E+0	0.000000E+0
5.569600E+1	-1.000150E-4	1.255260E+4	0.000000E+0	0.000000E+0
5.969900E+1	-1.000150E-4	1.255260E+4	0.000000E+0	0.000000E+0
6.370500E+1	-1.000150E-4	1.255270E+4	0.000000E+0	0.000000E+0
6.771500E+1	-1.000150E-4	1.255260E+4	0.000000E+0	0.000000E+0
7.169700E+1	-1.000160E-4	1.255270E+4	0.000000E+0	0.000000E+0
7.569900E+1	-1.000150E-4	1.255270E+4	0.000000E+0	0.000000E+0
7.970300E+1	-1.000140E-4	1.255250E+4	0.000000E+0	0.000000E+0
8.370000E+1	-1.000150E-4	1.255250E+4	0.000000E+0	0.000000E+0
8.770000E+1	-1.000140E-4	1.255240E+4	0.000000E+0	0.000000E+0
9.169300E+1	-1.000150E-4	1.255240E+4	0.000000E+0	0.000000E+0
9.570600E+1	-1.000140E-4	1.255220E+4	0.000000E+0	0.000000E+0
9.970400E+1	-1.000160E-4	1.255210E+4	0.000000E+0	0.000000E+0
1.037030E+2	-1.000140E-4	1.255210E+4	0.000000E+0	0.000000E+0
1.076990E+2	-1.000140E-4	1.255190E+4	0.000000E+0	0.000000E+0
1.117060E+2	-1.000130E-4	1.255180E+4	0.000000E+0	0.000000E+0
1.157010E+2	-1.000140E-4	1.255160E+4	0.000000E+0	0.000000E+0
1.197010E+2	-1.000140E-4	1.255140E+4	0.000000E+0	0.000000E+0
1.236980E+2	-1.000150E-4	1.255120E+4	0.000000E+0	0.000000E+0
1.277010E+2	-1.000120E-4	1.255120E+4	0.000000E+0	0.000000E+0
1.317010E+2	-1.000130E-4	1.255090E+4	0.000000E+0	0.000000E+0
1.357010E+2	-1.000140E-4	1.255080E+4	0.000000E+0	0.000000E+0
1.397010E+2	-1.000160E-4	1.255050E+4	0.000000E+0	0.000000E+0
1.437010E+2	-1.000130E-4	1.255040E+4	0.000000E+0	0.000000E+0
1.477000E+2	-1.000130E-4	1.255010E+4	0.000000E+0	0.000000E+0
1.517020E+2	-1.000140E-4	1.254990E+4	0.000000E+0	0.000000E+0
1.556970E+2	-1.000150E-4	1.254980E+4	0.000000E+0	0.000000E+0
1.597000E+2	-1.000150E-4	1.254950E+4	0.000000E+0	0.000000E+0
1.637100E+2	-1.000130E-4	1.254930E+4	0.000000E+0	0.000000E+0
1.676950E+2	-1.000120E-4	1.254900E+4	0.000000E+0	0.000000E+0
1.716970E+2	-1.000130E-4	1.254890E+4	0.000000E+0	0.000000E+0
1.757030E+2	-1.000110E-4	1.254850E+4	0.000000E+0	0.000000E+0
1.797110E+2	-1.000150E-4	1.254830E+4	0.000000E+0	0.000000E+0
1.837000E+2	-1.000130E-4	1.254810E+4	0.000000E+0	0.000000E+0
1.876970E+2	-1.000120E-4	1.254780E+4	0.000000E+0	0.000000E+0
1.917050E+2	-1.000110E-4	1.254760E+4	0.000000E+0	0.000000E+0
1.957030E+2	-1.000130E-4	1.254740E+4	0.000000E+0	0.000000E+0
1.997010E+2	-1.000130E-4	1.254710E+4	0.000000E+0	0.000000E+0
2.036970E+2	-1.000120E-4	1.254680E+4	0.000000E+0	0.000000E+0
2.077030E+2	-1.000130E-4	1.254660E+4	0.000000E+0	0.000000E+0
2.117040E+2	-1.000130E-4	1.254640E+4	0.000000E+0	0.000000E+0
2.157040E+2	-1.000130E-4	1.254610E+4	0.000000E+0	0.000000E+0
2.196970E+2	-1.000140E-4	1.254590E+4	0.000000E+0	0.000000E+0
2.236980E+2	-1.000110E-4	1.254560E+4	0.000000E+0	0.000000E+0
2.277020E+2	-1.000130E-4	1.254540E+4	0.000000E+0	0.000000E+0
2.317040E+2	-1.000120E-4	1.254520E+4	0.000000E+0	0.000000E+0
2.356970E+2	-1.000140E-4	1.254500E+4	0.000000E+0	0.000000E+0
2.397020E+2	-1.000140E-4	1.254480E+4	0.000000E+0	0.000000E+0
2.437040E+2	-1.000130E-4	1.254460E+4	0.000000E+0	0.000000E+0
2.477040E+2	-1.000140E-4	1.254430E+4	0.000000E+0	0.000000E+0
2.516940E+2	-1.000150E-4	1.254420E+4	0.000000E+0	0.000000E+0
2.557020E+2	-1.000130E-4	1.254390E+4	0.000000E+0	0.000000E+0
2.597020E+2	-1.000130E-4	1.254360E+4	0.000000E+0	0.000000E+0
2.637000E+2	-1.000120E-4	1.254340E+4	0.000000E+0	0.000000E+0
2.676980E+2	-1.000140E-4	1.254310E+4	0.000000E+0	0.000000E+0
2.717000E+2	-1.000130E-4	1.254290E+4	0.000000E+0	0.000000E+0
2.757140E+2	-1.000120E-4	1.254270E+4	0.000000E+0	0.000000E+0
2.796980E+2	-1.000130E-4	1.254240E+4	0.000000E+0	0.000000E+0
2.836950E+2	-1.000110E-4	1.254230E+4	0.000000E+0	0.000000E+0
2.876980E+2	-1.000120E-4	1.254200E+4	0.000000E+0	0.000000E+0
2.916980E+2	-1.000130E-4	1.254180E+4	0.000000E+0	0.000000E+0
2.957000E+2	-1.000130E-4	1.254170E+4	0.000000E+0	0.000000E+0
2.996980E+2	-1.000140E-4	1.254140E+4	0.000000E+0	0.000000E+0
3.037010E+2	-1.000120E-4	1.254120E+4	0.000000E+0	0.000000E+0
3.077010E+2	-1.000120E-4	1.254090E+4	0.000000E+0	0.000000E+0
3.117000E+2	-1.000130E-4	1.254080E+4	0.000000E+0	0.000000E+0
3.156960E+2	-1.000110E-4	1.254040E+4	0.000000E+0	0.000000E+0
3.197020E+2	-1.000130E-4	1.254030E+4	0.000000E+0	0.000000E+0
3.236990E+2	-1.000110E-4	1.254010E+4	0.000000E+0	0.000000E+0
3.276980E+2	-1.000110E-4	1.253990E+4	0.000000E+0	0.000000E+0
3.316970E+2	-1.000100E-4	1.253970E+4	0.000000E+0	0.000000E+0
3.357000E+2	-1.000120E-4	1.253940E+4	0.000000E+0	0.000000E+0
3.397000E+2	-1.000130E-4	1.253910E+4	0.000000E+0	0.000000E+0
3.437050E+2	-1.000110E-4	1.253880E+4	0.000000E+0	0.000000E+0
3.477000E+2	-1.000100E-4	1.253860E+4	0.000000E+0	0.000000E+0
3.517020E+2	-1.000110E-4	1.253840E+4	0.000000E+0	0.000000E+0
3.557020E+2	-1.000110E-4	1.253830E+4	0.000000E+0	0.000000E+0
3.597060E+2	-1.000110E-4	1.253800E+4	0.000000E+0	0.000000E+0
3.637000E+2	-1.000110E-4	1.253780E+4	0.000000E+0	0.000000E+0
3.677020E+2	-1.000120E-4	1.253760E+4	0.000000E+0	0.000000E+0
3.717050E+2	-1.000120E-4	1.253750E+4	0.000000E+0	0.000000E+0
3.757040E+2	-1.000110E-4	1.253730E+4	0.000000E+0	0.000000E+0
3.797010E+2	-1.000110E-4	1.253700E+4	0.000000E+0	0.000000E+0
3.837000E+2	-1.000120E-4	1.253700E+4	0.000000E+0	0.000000E+0
3.876990E+2	-1.000090E-4	1.253670E+4	0.000000E+0	0.000000E+0
3.917070E+2	-1.000100E-4	1.253650E+4	0.000000E+0	0.000000E+0
3.957030E+2	-1.000100E-4	1.253630E+4	0.000000E+0	0.000000E+0
3.997040E+2	-1.000090E-4	1.253610E+4	0.000000E+0	0.000000E+0
4.037150E+2	-1.000090E-4	1.253580E+4	0.000000E+0	0.000000E+0
4.076950E+2	-1.000090E-4	1.253560E+4	0.000000E+0	0.000000E+0
4.116970E+2	-1.000100E-4	1.253540E+4	0.000000E+0	0.000000E+0
4.157010E+2	-1.000110E-4	1.253520E+4	0.000000E+0	0.000000E+0
4.197130E+2	-1.000080E-4	1.253500E+4	0.000000E+0	0.000000E+0
4.236990E+2	-1.000100E-4	1.253470E+4	0.000000E+0	0.000000E+0
4.276970E+2	-1.000100E-4	1.253450E+4	0.000000E+0	0.000000E+0
4.317050E+2	-1.000090E-4	1.253430E+4	0.000000E+0	0.000000E+0
4.357050E+2	-1.000080E-4	1.253410E+4	0.000000E+0	0.000000E+0
4.397030E+2	-1.000070E-4	1.253400E+4	0.000000E+0	0.000000E+0
4.436990E+2	-1.000090E-4	1.253370E+4	0.000000E+0	0.000000E+0
4.477080E+2	-1.000090E-4	1.253360E+4	0.000000E+0	0.000000E+0
4.517140E+2	-1.000080E-4	1.253330E+4	0.000000E+0	0.000000E+0
4.556980E+2	-1.000090E-4	1.253310E+4	0.000000E+0	0.000000E+0
4.596970E+2	-1.000090E-4	1.253300E+4	0.000000E+0	0.000000E+0
4.637010E+2	-1.000100E-4	1.253270E+4	0.000000E+0	0.000000E+0
4.677030E+2	-1.000070E-4	1.253250E+4	0.000000E+0	0.000000E+0
4.717040E+2	-1.000070E-4	1.253230E+4	0.000000E+0	0.000000E+0
4.757000E+2	-1.000100E-4	1.253200E+4	0.000000E+0	0.000000E+0
4.796990E+2	-1.000090E-4	1.253190E+4	0.000000E+0	0.000000E+0
4.836990E+2	-1.000070E-4	1.253170E+4	0.000000E+0	0.000000E+0
4.877060E+2	-1.000090E-4	1.253150E+4	0.000000E+0	0.000000E+0
4.917010E+2	-1.000080E-4	1.253120E+4	0.000000E+0	0.000000E+0
4.957010E+2	-1.000080E-4	1.253100E+4	0.000000E+0	0.000000E+0
4.997010E+2	-1.000080E-4	1.253080E+4	0.000000E+0	0.000000E+0
5.037010E+2	-1.000070E-4	1.253050E+4	0.000000E+0	0.000000E+0
5.076990E+2	-1.000080E-4	1.253030E+4	0.000000E+0	0.000000E+0
5.116990E+2	-1.000070E-4	1.253020E+4	0.000000E+0	0.000000E+0
5.157020E+2	-1.000090E-4	1.252990E+4	0.000000E+0	0.000000E+0
5.197000E+2	-1.000070E-4	1.252960E+4	0.000000E+0	0.000000E+0
5.236990E+2	-1.000060E-4	1.252950E+4	0.000000E+0	0.000000E+0
5.277020E+2	-1.000080E-4	1.252920E+4	0.000000E+0	0.000000E+0
5.317020E+2	-1.000050E-4	1.252900E+4	0.000000E+0	0.000000E+0
5.357010E+2	-1.000080E-4	1.252880E+4	0.000000E+0	0.000000E+0
5.397000E+2	-1.000070E-4	1.252860E+4	0.000000E+0	0.000000E+0
5.437020E+2	-1.000070E-4	1.252840E+4	0.000000E+0	0.000000E+0
5.477000E+2	-1.000070E-4	1.252820E+4	0.000000E+0	0.000000E+0
5.517000E+2	-1.000070E-4	1.252810E+4	0.000000E+0	0.000000E+0
5.556980E+2	-1.000070E-4	1.252790E+4	0.000000E+0	0.000000E+0
5.596960E+2	-1.000070E-4	1.252770E+4	0.000000E+0	0.000000E+0
5.637120E+2	-1.000070E-4	1.252750E+4	0.000000E+0	0.000000E+0
5.676940E+2	-1.000070E-4	1.252730E+4	0.000000E+0	0.000000E+0
5.716960E+2	-1.000060E-4	1.252700E+4	0.000000E+0	0.000000E+0
5.757040E+2	-1.000080E-4	1.252690E+4	0.000000E+0	0.000000E+0
5.797140E+2	-1.000060E-4	1.252670E+4	0.000000E+0	0.000000E+0
5.836950E+2	-1.000060E-4	1.252650E+4	0.000000E+0	0.000000E+0
5.876960E+2	-1.000060E-4	1.252610E+4	0.000000E+0	0.000000E+0
5.917010E+2	-1.000050E-4	1.252580E+4	0.000000E+0	0.000000E+0
5.957010E+2	-1.000050E-4	1.252560E+4	0.000000E+0	0.000000E+0
5.997050E+2	-1.000040E-4	1.252540E+4	0.000000E+0	0.000000E+0
6.037010E+2	-1.000050E-4	1.252540E+4	0.000000E+0	0.000000E+0
6.077000E+2	-1.000040E-4	1.252510E+4	0.000000E+0	0.000000E+0
6.117000E+2	-1.000050E-4	1.252500E+4	0.000000E+0	0.000000E+0
6.157000E+2	-1.000050E-4	1.252480E+4	0.000000E+0	0.000000E+0
6.196970E+2	-1.000080E-4	1.252460E+4	0.000000E+0	0.000000E+0
6.237000E+2	-1.000060E-4	1.252440E+4	0.000000E+0	0.000000E+0
6.277000E+2	-1.000040E-4	1.252430E+4	0.000000E+0	0.000000E+0
6.317010E+2	-1.000050E-4	1.252410E+4	0.000000E+0	0.000000E+0
6.356970E+2	-1.000040E-4	1.252390E+4	0.000000E+0	0.000000E+0
6.397030E+2	-1.000060E-4	1.252380E+4	0.000000E+0	0.000000E+0
6.436980E+2	-1.000050E-4	1.252360E+4	0.000000E+0	0.000000E+0
6.477010E+2	-1.000060E-4	1.252340E+4	0.000000E+0	0.000000E+0
6.516970E+2	-1.000050E-4	1.252320E+4	0.000000E+0	0.000000E+0
6.557040E+2	-1.000040E-4	1.252300E+4	0.000000E+0	0.000000E+0
6.597000E+2	-1.000040E-4	1.252280E+4	0.000000E+0	0.000000E+0
6.636970E+2	-1.000040E-4	1.252270E+4	0.000000E+0	0.000000E+0
6.677030E+2	-1.000040E-4	1.252250E+4	0.000000E+0	0.000000E+0
6.716990E+2	-1.000050E-4	1.252230E+4	0.000000E+0	0.000000E+0
6.757120E+2	-1.000030E-4	1.252210E+4	0.000000E+0	0.000000E+0
6.796940E+2	-1.000030E-4	1.252200E+4	0.000000E+0	0.000000E+0
6.836980E+2	-1.000060E-4	1.252180E+4	0.000000E+0	0.000000E+0
6.877010E+2	-1.000040E-4	1.252170E+4	0.000000E+0	0.000000E+0
6.917120E+2	-1.000040E-4	1.252160E+4	0.000000E+0	0.000000E+0
6.956950E+2	-1.000040E-4	1.252140E+4	0.000000E+0	0.000000E+0
6.996960E+2	-1.000040E-4	1.252120E+4	0.000000E+0	0.000000E+0
7.037000E+2	-1.000030E-4	1.252120E+4	0.000000E+0	0.000000E+0
7.077050E+2	-1.000030E-4	1.252100E+4	0.000000E+0	0.000000E+0
7.116960E+2	-1.000020E-4	1.252080E+4	0.000000E+0	0.000000E+0
7.156970E+2	-1.000040E-4	1.252070E+4	0.000000E+0	0.000000E+0
7.196970E+2	-1.000030E-4	1.252050E+4	0.000000E+0	0.000000E+0
7.236970E+2	-1.000030E-4	1.252040E+4	0.000000E+0	0.000000E+0
7.276980E+2	-1.000040E-4	1.252020E+4	0.000000E+0	0.000000E+0
7.316970E+2	-1.000040E-4	1.252010E+4	0.000000E+0	0.000000E+0
7.357000E+2	-1.000030E-4	1.251990E+4	0.000000E+0	0.000000E+0
7.396980E+2	-1.000030E-4	1.251980E+4	0.000000E+0	0.000000E+0
7.436980E+2	-1.000040E-4	1.251970E+4	0.000000E+0	0.000000E+0
7.476960E+2	-1.000040E-4	1.251960E+4	0.000000E+0	0.000000E+0
7.517000E+2	-1.000030E-4	1.251950E+4	0.000000E+0	0.000000E+0
7.557030E+2	-1.000030E-4	1.251940E+4	0.000000E+0	0.000000E+0
7.597040E+2	-1.000030E-4	1.251930E+4	0.000000E+0	0.000000E+0
7.636990E+2	-1.000040E-4	1.251910E+4	0.000000E+0	0.000000E+0
7.677030E+2	-1.000050E-4	1.251890E+4	0.000000E+0	0.000000E+0
7.717020E+2	-1.000030E-4	1.251880E+4	0.000000E+0	0.000000E+0
7.757070E+2	-1.000040E-4	1.251870E+4	0.000000E+0	0.000000E+0
7.796990E+2	-1.000020E-4	1.251850E+4	0.000000E+0	0.000000E+0
7.837010E+2	-1.000030E-4	1.251840E+4	0.000000E+0	0.000000E+0
7.877120E+2	-1.000020E-4	1.251820E+4	0.000000E+0	0.000000E+0
7.917040E+2	-1.000020E-4	1.251800E+4	0.000000E+0	0.000000E+0
7.956970E+2	-1.000030E-4	1.251790E+4	0.000000E+0	0.000000E+0
7.997020E+2	-1.000020E-4	1.251780E+4	0.000000E+0	0.000000E+0
8.036990E+2	-1.000030E-4	1.251760E+4	0.000000E+0	0.000000E+0
8.077010E+2	-1.000020E-4	1.251740E+4	0.000000E+0	0.000000E+0
8.116940E+2	-1.000000E-4	1.251730E+4	0.000000E+0	0.000000E+0
8.157030E+2	-1.000020E-4	1.251720E+4	0.000000E+0	0.000000E+0
8.197000E+2	-1.000000E-4	1.251700E+4	0.000000E+0	0.000000E+0
8.236990E+2	-1.000020E-4	1.251690E+4	0.000000E+0	0.000000E+0
8.276970E+2	-1.000010E-4	1.251670E+4	0.000000E+0	0.000000E+0
8.317010E+2	-1.000030E-4	1.251660E+4	0.000000E+0	0.000000E+0
8.356980E+2	-1.000020E-4	1.251640E+4	0.000000E+0	0.000000E+0
8.397010E+2	-1.000010E-4	1.251630E+4	0.000000E+0	0.000000E+0
8.436960E+2	-1.000010E-4	1.251620E+4	0.000000E+0	0.000000E+0
8.476960E+2	-1.000010E-4	1.251600E+4	0.000000E+0	0.000000E+0
8.516980E+2	-1.000000E-4	1.251580E+4	0.000000E+0	0.000000E+0
8.557030E+2	-1.000010E-4	1.251570E+4	0.000000E+0	0.000000E+0
8.596960E+2	-1.000020E-4	1.251560E+4	0.000000E+0	0.000000E+0
8.636960E+2	-1.000000E-4	1.251520E+4	0.000000E+0	0.000000E+0
8.676990E+2	-9.999900E-5	1.251510E+4	0.000000E+0	0.000000E+0
8.716980E+2	-1.000010E-4	1.251510E+4	0.000000E+0	0.000000E+0
8.756960E+2	-1.000000E-4	1.251490E+4	0.000000E+0	0.000000E+0
8.797010E+2	-1.000010E-4	1.251490E+4	0.000000E+0	0.000000E+0
8.836990E+2	-1.000010E-4	1.251470E+4	0.000000E+0	0.000000E+0
8.876990E+2	-1.000020E-4	1.251460E+4	0.000000E+0	0.000000E+0
8.916960E+2	-1.000000E-4	1.251440E+4	0.000000E+0	0.000000E+0
8.957050E+2	-1.000010E-4	1.251440E+4	0.000000E+0	0.000000E+0
8.997000E+2	-1.000000E-4	1.251420E+4	0.000000E+0	0.000000E+0
9.037020E+2	-1.000000E-4	1.251420E+4	0.000000E+0	0.000000E+0
9.076970E+2	-1.000000E-4	1.251390E+4	0.000000E+0	0.000000E+0
9.117000E+2	-9.999900E-5	1.251380E+4	0.000000E+0	0.000000E+0
9.157060E+2	-9.999900E-5	1.251370E+4	0.000000E+0	0.000000E+0
9.197000E+2	-1.000010E-4	1.251370E+4	0.000000E+0	0.000000E+0
9.236950E+2	-1.000010E-4	1.251360E+4	0.000000E+0	0.000000E+0
9.277010E+2	-1.000000E-4	1.251350E+4	0.000000E+0	0.000000E+0
9.317110E+2	-9.999900E-5	1.251340E+4	0.000000E+0	0.000000E+0
9.357030E+2	-1.000000E-4	1.251330E+4	0.000000E+0	0.000000E+0
9.397000E+2	-9.999900E-5	1.251310E+4	0.000000E+0	0.000000E+0
9.436960E+2	-9.999800E-5	1.251310E+4	0.000000E+0	0.000000E+0
9.476980E+2	-1.000000E-4	1.251290E+4	0.000000E+0	0.000000E+0
9.517010E+2	-1.000010E-4	1.251280E+4	0.000000E+0	0.000000E+0
9.556950E+2	-9.999900E-5	1.251280E+4	0.000000E+0	0.000000E+0
9.596990E+2	-1.000000E-4	1.251270E+4	0.000000E+0	0.000000E+0
9.636960E+2	-1.000010E-4	1.251250E+4	0.000000E+0	0.000000E+0
9.677060E+2	-9.999900E-5	1.251250E+4	0.000000E+0	0.000000E+0
9.716920E+2	-1.000010E-4	1.251240E+4	0.000000E+0	0.000000E+0
9.757010E+2	-9.999900E-5	1.251230E+4	0.000000E+0	0.000000E+0
9.797080E+2	-1.000000E-4	1.251210E+4	0.000000E+0	0.000000E+0
9.837080E+2	-9.999900E-5	1.251200E+4	0.000000E+0	0.000000E+0
9.877010E+2	-9.999900E-5	1.251190E+4	0.000000E+0	0.000000E+0
9.917020E+2	-9.999800E-5	1.251180E+4	0.000000E+0	0.000000E+0
9.956990E+2	-1.000000E-4	1.251170E+4	0.000000E+0	0.000000E+0
9.996990E+2	-1.000010E-4	1.251170E+4	0.000000E+0	0.000000E+0
1.003692E+3	-1.000010E-4	1.251150E+4	0.000000E+0	0.000000E+0
1.007701E+3	-9.999800E-5	1.251160E+4	0.000000E+0	0.000000E+0
1.011702E+3	-9.999800E-5	1.251140E+4	0.000000E+0	0.000000E+0
1.015701E+3	-9.999900E-5	1.251130E+4	0.000000E+0	0.000000E+0
1.019693E+3	-1.000000E-4	1.251130E+4	0.000000E+0	0.000000E+0
1.023699E+3	-9.999700E-5	1.251110E+4	0.000000E+0	0.000000E+0
1.027711E+3	-1.000000E-4	1.251110E+4	0.000000E+0	0.000000E+0
1.031700E+3	-9.999900E-5	1.251100E+4	0.000000E+0	0.000000E+0
1.035700E+3	-1.000020E-4	1.251090E+4	0.000000E+0	0.000000E+0
1.039703E+3	-1.000000E-4	1.251090E+4	0.000000E+0	0.000000E+0
1.043706E+3	-9.999900E-5	1.251080E+4	0.000000E+0	0.000000E+0
1.047699E+3	-1.000000E-4	1.251080E+4	0.000000E+0	0.000000E+0
1.051696E+3	-1.000010E-4	1.251070E+4	0.000000E+0	0.000000E+0
1.055699E+3	-9.999900E-5	1.251060E+4	0.000000E+0	0.000000E+0
1.059699E+3	-1.000010E-4	1.251050E+4	0.000000E+0	0.000000E+0
1.063705E+3	-9.999900E-5	1.251040E+4	0.000000E+0	0.000000E+0
1.067698E+3	-9.999900E-5	1.251040E+4	0.000000E+0	0.000000E+0
1.071702E+3	-1.000010E-4	1.251030E+4	0.000000E+0	0.000000E+0
1.075699E+3	-9.999900E-5	1.251020E+4	0.000000E+0	0.000000E+0
1.079700E+3	-9.999700E-5	1.251010E+4	0.000000E+0	0.000000E+0
1.083695E+3	-9.999900E-5	1.251000E+4	0.000000E+0	0.000000E+0
1.087702E+3	-9.999900E-5	1.251000E+4	0.000000E+0	0.000000E+0
1.091708E+3	-9.999800E-5	1.250990E+4	0.000000E+0	0.000000E+0
1.095703E+3	-9.999800E-5	1.250990E+4	0.000000E+0	0.000000E+0
1.099693E+3	-9.999800E-5	1.250980E+4	0.000000E+0	0.000000E+0
1.103703E+3	-9.999700E-5	1.250970E+4	0.000000E+0	0.000000E+0
1.107701E+3	-9.999700E-5	1.250960E+4	0.000000E+0	0.000000E+0
1.111706E+3	-9.999700E-5	1.250960E+4	0.000000E+0	0.000000E+0
1.115698E+3	-9.999800E-5	1.250950E+4	0.000000E+0	0.000000E+0
1.119701E+3	-9.999500E-5	1.250940E+4	0.000000E+0	0.000000E+0
1.123701E+3	-9.999700E-5	1.250930E+4	0.000000E+0	0.000000E+0
1.127706E+3	-9.999700E-5	1.250920E+4	0.000000E+0	0.000000E+0
1.131696E+3	-9.999600E-5	1.250920E+4	0.000000E+0	0.000000E+0
1.135699E+3	-9.999800E-5	1.250900E+4	0.000000E+0	0.000000E+0
1.139701E+3	-9.999800E-5	1.250900E+4	0.000000E+0	0.000000E+0
1.143709E+3	-9.999900E-5	1.250900E+4	0.000000E+0	0.000000E+0
1.147692E+3	-9.999800E-5	1.250890E+4	0.000000E+0	0.000000E+0
1.151701E+3	-9.999700E-5	1.250880E+4	0.000000E+0	0.000000E+0
1.155698E+3	-9.999600E-5	1.250860E+4	0.000000E+0	0.000000E+0
1.159707E+3	-9.999600E-5	1.250850E+4	0.000000E+0	0.000000E+0
1.163699E+3	-9.999700E-5	1.250850E+4	0.000000E+0	0.000000E+0
1.167700E+3	-9.999600E-5	1.250840E+4	0.000000E+0	0.000000E+0
1.171700E+3	-9.999700E-5	1.250830E+4	0.000000E+0	0.000000E+0
1.175704E+3	-9.999500E-5	1.250820E+4	0.000000E+0	0.000000E+0
1.179697E+3	-9.999700E-5	1.250820E+4	0.000000E+0	0.000000E+0
1.183700E+3	-9.999700E-5	1.250820E+4	0.000000E+0	0.000000E+0
1.187707E+3	-9.999600E-5	1.250800E+4	0.000000E+0	0.000000E+0
1.191705E+3	-9.999800E-5	1.250800E+4	0.000000E+0	0.000000E+0
1.195696E+3	-9.999500E-5	1.250780E+4	0.000000E+0	0.000000E+0
1.199700E+3	-9.999700E-5	1.250770E+4	0.000000E+0	0.000000E+0
1.203706E+3	-9.999700E-5	1.250770E+4	0.000000E+0	0.000000E+0
1.207706E+3	-9.999600E-5	1.250760E+4	0.000000E+0	0.000000E+0
1.211694E+3	-9.999700E-5	1.250770E+4	0.000000E+0	0.000000E+0
1.215700E+3	-9.999800E-5	1.250760E+4	0.000000E+0	0.000000E+0
1.219706E+3	-9.999800E-5	1.250760E+4	0.000000E+0	0.000000E+0
1.223704E+3	-9.999700E-5	1.250740E+4	0.000000E+0	0.000000E+0
1.227696E+3	-9.999500E-5	1.250740E+4	0.000000E+0	0.000000E+0
1.231701E+3	-9.999500E-5	1.250740E+4	0.000000E+0	0.000000E+0
1.235701E+3	-9.999500E-5	1.250740E+4	0.000000E+0	0.000000E+0
1.239706E+3	-9.999700E-5	1.250730E+4	0.000000E+0	0.000000E+0
1.243695E+3	-9.999700E-5	1.250730E+4	0.000000E+0	0.000000E+0
1.247702E+3	-9.999700E-5	1.250730E+4	0.000000E+0	0.000000E+0
1.251699E+3	-9.999800E-5	1.250730E+4	0.000000E+0	0.000000E+0
1.255705E+3	-9.999700E-5	1.250710E+4	0.000000E+0	0.000000E+0
1.259697E+3	-9.999600E-5	1.250710E+4	0.000000E+0	0.000000E+0
1.263702E+3	-9.999600E-5	1.250710E+4	0.000000E+0	0.000000E+0
1.267702E+3	-9.999500E-5	1.250690E+4	0.000000E+0	0.000000E+0
1.271705E+3	-9.999500E-5	1.250680E+4	0.000000E+0	0.000000E+0
1.275697E+3	-9.999500E-5	1.250680E+4	0.000000E+0	0.000000E+0
1.279707E+3	-9.999500E-5	1.250670E+4	0.000000E+0	0.000000E+0
1.283700E+3	-9.999600E-5	1.250670E+4	0.000000E+0	0.000000E+0
1.287705E+3	-9.999500E-5	1.250670E+4	0.000000E+0	0.000000E+0
1.291697E+3	-9.999500E-5	1.250660E+4	0.000000E+0	0.000000E+0
1.295700E+3	-9.999600E-5	1.250650E+4	0.000000E+0	0.000000E+0
1.299698E+3	-9.999600E-5	1.250630E+4	0.000000E+0	0.000000E+0
1.303706E+3	-9.999500E-5	1.250640E+4	0.000000E+0	0.000000E+0
1.307693E+3	-9.999800E-5	1.250640E+4	0.000000E+0	0.000000E+0
1.311700E+3	-9.999500E-5	1.250610E+4	0.000000E+0	0.000000E+0
1.315698E+3	-9.999500E-5	1.250620E+4	0.000000E+0	0.000000E+0
1.319707E+3	-9.999500E-5	1.250610E+4	0.000000E+0	0.000000E+0
1.323699E+3	-9.999500E-5	1.250600E+4	0.000000E+0	0.000000E+0
1.327701E+3	-9.999500E-5	1.250590E+4	0.000000E+0	0.000000E+0
1.331704E+3	-9.999400E-5	1.250580E+4	0.000000E+0	0.000000E+0
1.335704E+3	-9.999500E-5	1.250580E+4	0.000000E+0	0.000000E+0
1.339696E+3	-9.999400E-5	1.250570E+4	0.000000E+0	0.000000E+0
1.343700E+3	-9.999600E-5	1.250570E+4	0.000000E+0	0.000000E+0
1.347701E+3	-9.999500E-5	1.250560E+4	0.000000E+0	0.000000E+0
1.351704E+3	-9.999500E-5	1.250550E+4	0.000000E+0	0.000000E+0
1.355696E+3	-9.999500E-5	1.250540E+4	0.000000E+0	0.000000E+0
1.359703E+3	-9.999400E-5	1.250540E+4	0.000000E+0	0.000000E+0
1.363700E+3	-9.999400E-5	1.250520E+4	0.000000E+0	0.000000E+0
1.367700E+3	-9.999300E-5	1.250520E+4	0.000000E+0	0.000000E+0
1.371697E+3	-9.999400E-5	1.250520E+4	0.000000E+0	0.000000E+0
1.375701E+3	-9.999500E-5	1.250510E+4	0.000000E+0	0.000000E+0
1.379700E+3	-9.999500E-5	1.250500E+4	0.000000E+0	0.000000E+0
1.383703E+3	-9.999500E-5	1.250490E+4	0.000000E+0	0.000000E+0
1.387702E+3	-9.999500E-5	1.250490E+4	0.000000E+0	0.000000E+0
1.391702E+3	-9.999400E-5	1.250480E+4	0.000000E+0	0.000000E+0
1.395701E+3	-9.999400E-5	1.250470E+4	0.000000E+0	0.000000E+0
1.399703E+3	-9.999300E-5	1.250470E+4	0.000000E+0	0.000000E+0
1.403693E+3	-9.999200E-5	1.250450E+4	0.000000E+0	0.000000E+0
1.407701E+3	-9.999200E-5	1.250450E+4	0.000000E+0	0.000000E+0
1.411699E+3	-9.999500E-5	1.250440E+4	0.000000E+0	0.000000E+0
1.415704E+3	-9.999400E-5	1.250430E+4	0.000000E+0	0.000000E+0
1.419695E+3	-9.999200E-5	1.250430E+4	0.000000E+0	0.000000E+0
1.423707E+3	-9.999400E-5	1.250420E+4	0.000000E+0	0.000000E+0
1.427704E+3	-9.999200E-5	1.250430E+4	0.000000E+0	0.000000E+0
1.431702E+3	-9.999400E-5	1.250420E+4	0.000000E+0	0.000000E+0
1.435694E+3	-9.999200E-5	1.250410E+4	0.000000E+0	0.000000E+0
1.439703E+3	-9.999400E-5	1.250410E+4	0.000000E+0	0.000000E+0
1.443702E+3	-9.999300E-5	1.250410E+4	0.000000E+0	0.000000E+0
1.447704E+3	-9.999400E-5	1.250400E+4	0.000000E+0	0.000000E+0
1.451696E+3	-9.999300E-5	1.250400E+4	0.000000E+0	0.000000E+0
1.455699E+3	-9.999300E-5	1.250390E+4	0.000000E+0	0.000000E+0
1.459705E+3	-9.999300E-5	1.250380E+4	0.000000E+0	0.000000E+0
1.463705E+3	-9.999400E-5	1.250380E+4	0.000000E+0	0.000000E+0
1.467698E+3	-9.999300E-5	1.250370E+4	0.000000E+0	0.000000E+0
1.471699E+3	-9.999500E-5	1.250370E+4	0.000000E+0	0.000000E+0
1.475700E+3	-9.999100E-5	1.250360E+4	0.000000E+0	0.000000E+0
1.479705E+3	-9.999200E-5	1.250360E+4	0.000000E+0	0.000000E+0
1.483697E+3	-9.999300E-5	1.250350E+4	0.000000E+0	0.000000E+0
1.487701E+3	-9.999200E-5	1.250340E+4	0.000000E+0	0.000000E+0
1.491700E+3	-9.999200E-5	1.250340E+4	0.000000E+0	0.000000E+0
1.495706E+3	-9.999200E-5	1.250320E+4	0.000000E+0	0.000000E+0
1.499698E+3	-9.999000E-5	1.250320E+4	0.000000E+0	0.000000E+0
1.503700E+3	-9.999300E-5	1.250330E+4	0.000000E+0	0.000000E+0
1.507698E+3	-9.999100E-5	1.250330E+4	0.000000E+0	0.000000E+0
1.511706E+3	-9.999200E-5	1.250320E+4	0.000000E+0	0.000000E+0
1.515698E+3	-9.999100E-5	1.250320E+4	0.000000E+0	0.000000E+0
1.519700E+3	-9.999100E-5	1.250310E+4	0.000000E+0	0.000000E+0
1.523699E+3	-9.999100E-5	1.250310E+4	0.000000E+0	0.000000E+0
1.527704E+3	-9.998900E-5	1.250300E+4	0.000000E+0	0.000000E+0
1.531696E+3	-9.999000E-5	1.250300E+4	0.000000E+0	0.000000E+0
1.535700E+3	-9.999000E-5	1.250310E+4	0.000000E+0	0.000000E+0
1.539699E+3	-9.998900E-5	1.250290E+4	0.000000E+0	0.000000E+0
1.543704E+3	-9.999000E-5	1.250290E+4	0.000000E+0	0.000000E+0
1.547696E+3	-9.999100E-5	1.250290E+4	0.000000E+0	0.000000E+0
1.551700E+3	-9.998900E-5	1.250280E+4	0.000000E+0	0.000000E+0
1.555700E+3	-9.999000E-5	1.250280E+4	0.000000E+0	0.000000E+0
1.559705E+3	-9.999100E-5	1.250270E+4	0.000000E+0	0.000000E+0
1.563697E+3	-9.999100E-5	1.250270E+4	0.000000E+0	0.000000E+0
1.567703E+3	-9.999000E-5	1.250260E+4	0.000000E+0	0.000000E+0
1.571700E+3	-9.999100E-5	1.250260E+4	0.000000E+0	0.000000E+0
1.575705E+3	-9.999000E-5	1.250250E+4	0.000000E+0	0.000000E+0
1.579697E+3	-9.999000E-5	1.250250E+4	0.000000E+0	0.000000E+0
1.583703E+3	-9.998900E-5	1.250240E+4	0.000000E+0	0.000000E+0
1.587701E+3	-9.999100E-5	1.250240E+4	0.000000E+0	0.000000E+0
1.591708E+3	-9.999000E-5	1.250230E+4	0.000000E+0	0.000000E+0
1.595703E+3	-9.999100E-5	1.250230E+4	0.000000E+0	0.000000E+0
1.599703E+3	-9.999000E-5	1.250230E+4	0.000000E+0	0.000000E+0
1.603706E+3	-9.999100E-5	1.250220E+4	0.000000E+0	0.000000E+0
1.607706E+3	-9.998900E-5	1.250220E+4	0.000000E+0	0.000000E+0
1.611699E+3	-9.998900E-5	1.250210E+4	0.000000E+0	0.000000E+0
1.615702E+3	-9.999100E-5	1.250210E+4	0.000000E+0	0.000000E+0
1.619709E+3	-9.999000E-5	1.250210E+4	0.000000E+0	0.000000E+0
1.623697E+3	-9.998900E-5	1.250200E+4	0.000000E+0	0.000000E+0
1.627694E+3	-9.999100E-5	1.250200E+4	0.000000E+0	0.000000E+0
1.631701E+3	-9.998900E-5	1.250190E+4	0.000000E+0	0.000000E+0
1.635697E+3	-9.998900E-5	1.250180E+4	0.000000E+0	0.000000E+0
1.639707E+3	-9.999100E-5	1.250180E+4	0.000000E+0	0.000000E+0
1.643700E+3	-9.998800E-5	1.250170E+4	0.000000E+0	0.000000E+0
1.647703E+3	-9.998800E-5	1.250180E+4	0.000000E+0	0.000000E+0
1.651700E+3	-9.998800E-5	1.250170E+4	0.000000E+0	0.000000E+0
1.655705E+3	-9.998800E-5	1.250170E+4	0.000000E+0	0.000000E+0
1.659698E+3	-9.998900E-5	1.250150E+4	0.000000E+0	0.000000E+0
1.663705E+3	-9.998600E-5	1.250150E+4	0.000000E+0	0.000000E+0
1.667705E+3	-9.999000E-5	1.250150E+4	0.000000E+0	0.000000E+0
1.671705E+3	-9.998800E-5	1.250150E+4	0.000000E+0	0.000000E+0
1.675697E+3	-9.999000E-5	1.250140E+4	0.000000E+0	0.000000E+0
1.679699E+3	-9.998900E-5	1.250130E+4	0.000000E+0	0.000000E+0
1.683700E+3	-9.999000E-5	1.250130E+4	0.000000E+0	0.000000E+0
1.687706E+3	-9.998900E-5	1.250130E+4	0.000000E+0	0.000000E+0
1.691698E+3	-9.998800E-5	1.250120E+4	0.000000E+0	0.000000E+0
1.695704E+3	-9.999100E-5	1.250120E+4	0.000000E+0	0.000000E+0
1.699709E+3	-9.999000E-5	1.250110E+4	0.000000E+0	0.000000E+0
1.703699E+3	-9.998800E-5	1.250110E+4	0.000000E+0	0.000000E+0
1.707696E+3	-9.998700E-5	1.250100E+4	0.000000E+0	0.000000E+0
1.711699E+3	-9.999000E-5	1.250100E+4	0.000000E+0	0.000000E+0
1.715698E+3	-9.999000E-5	1.250100E+4	0.000000E+0	0.000000E+0
1.719705E+3	-9.998800E-5	1.250110E+4	0.000000E+0	0.000000E+0
1.723697E+3	-9.998900E-5	1.250090E+4	0.000000E+0	0.000000E+0
1.727700E+3	-9.998800E-5	1.250090E+4	0.000000E+0	0.000000E+0
1.731699E+3	-9.998800E-5	1.250090E+4	0.000000E+0	0.000000E+0
1.735705E+3	-9.999000E-5	1.250090E+4	0.000000E+0	0.000000E+0
1.739700E+3	-9.999000E-5	1.250080E+4	0.000000E+0	0.000000E+0
1.743700E+3	-9.998800E-5	1.250070E+4	0.000000E+0	0.000000E+0
1.747699E+3	-9.998800E-5	1.250070E+4	0.000000E+0	0.000000E+0
1.751703E+3	-9.998900E-5	1.250070E+4	0.000000E+0	0.000000E+0
1.755698E+3	-9.999100E-5	1.250060E+4	0.000000E+0	0.000000E+0
1.759701E+3	-9.998700E-5	1.250070E+4	0.000000E+0	0.000000E+0
1.763701E+3	-9.998700E-5	1.250050E+4	0.000000E+0	0.000000E+0
1.767702E+3	-9.998800E-5	1.250060E+4	0.000000E+0	0.000000E+0
1.771698E+3	-9.998700E-5	1.250050E+4	0.000000E+0	0.000000E+0
1.775701E+3	-9.998600E-5	1.250050E+4	0.000000E+0	0.000000E+0
1.779711E+3	-9.998700E-5	1.250060E+4	0.000000E+0	0.000000E+0
1.783704E+3	-9.998700E-5	1.250040E+4	0.000000E+0	0.000000E+0
1.787698E+3	-9.998800E-5	1.250030E+4	0.000000E+0	0.000000E+0
1.791701E+3	-9.998700E-5	1.250020E+4	0.000000E+0	0.000000E+0
1.795712E+3	-9.998900E-5	1.250010E+4	0.000000E+0	0.000000E+0
1.799703E+3	-9.998800E-5	1.250010E+4	0.000000E+0	0.000000E+0
1.803699E+3	-9.998900E-5	1.250010E+4	0.000000E+0	0.000000E+0
1.807699E+3	-9.998900E-5	1.250000E+4	0.000000E+0	0.000000E+0
1.811707E+3	-9.998500E-5	1.250000E+4	0.000000E+0	0.000000E+0
1.815703E+3	-9.999000E-5	1.250000E+4	0.000000E+0	0.000000E+0
1.819697E+3	-9.998600E-5	1.250020E+4	0.000000E+0	0.000000E+0
1.823702E+3	-9.998700E-5	1.250010E+4	0.000000E+0	0.000000E+0
1.827699E+3	-9.998800E-5	1.250000E+4	0.000000E+0	0.000000E+0
1.831707E+3	-9.999000E-5	1.250000E+4	0.000000E+0	0.000000E+0
1.835702E+3	-9.998700E-5	1.250000E+4	0.000000E+0	0.000000E+0
1.839702E+3	-9.998700E-5	1.250000E+4	0.000000E+0	0.000000E+0
1.843697E+3	-9.998700E-5	1.250000E+4	0.000000E+0	0.000000E+0
1.847708E+3	-9.998800E-5	1.249990E+4	0.000000E+0	0.000000E+0
1.851700E+3	-9.998700E-5	1.250000E+4	0.000000E+0	0.000000E+0
1.855700E+3	-9.998700E-5	1.250000E+4	0.000000E+0	0.000000E+0
1.859700E+3	-9.998600E-5	1.250000E+4	0.000000E+0	0.000000E+0
1.863708E+3	-9.998600E-5	1.249990E+4	0.000000E+0	0.000000E+0
1.867704E+3	-9.998600E-5	1.250000E+4	0.000000E+0	0.000000E+0
1.871701E+3	-9.998600E-5	1.249990E+4	0.000000E+0	0.000000E+0
1.875700E+3	-9.998600E-5	1.249990E+4	0.000000E+0	0.000000E+0
1.879704E+3	-9.998700E-5	1.250000E+4	0.000000E+0	0.000000E+0
1.883701E+3	-9.998700E-5	1.249990E+4	0.000000E+0	0.000000E+0
1.887701E+3	-9.998600E-5	1.249990E+4	0.000000E+0	0.000000E+0
1.891699E+3	-9.998800E-5	1.250000E+4	0.000000E+0	0.000000E+0
1.895709E+3	-9.998500E-5	1.249990E+4	0.000000E+0	0.000000E+0
1.899704E+3	-9.998600E-5	1.249990E+4	0.000000E+0	0.000000E+0
1.903701E+3	-9.998500E-5	1.249990E+4	0.000000E+0	0.000000E+0
1.907702E+3	-9.998700E-5	1.249990E+4	0.000000E+0	0.000000E+0
1.911707E+3	-9.998600E-5	1.249990E+4	0.000000E+0	0.000000E+0
1.915702E+3	-9.998400E-5	1.249980E+4	0.000000E+0	0.000000E+0
1.919702E+3	-9.998700E-5	1.249990E+4	0.000000E+0	0.000000E+0
1.923700E+3	-9.998600E-5	1.250000E+4	0.000000E+0	0.000000E+0
1.927704E+3	-9.998700E-5	1.250000E+4	0.000000E+0	0.000000E+0
1.931703E+3	-9.998800E-5	1.249980E+4	0.000000E+0	0.000000E+0
1.935702E+3	-9.998500E-5	1.249980E+4	0.000000E+0	0.000000E+0
1.939702E+3	-9.998600E-5	1.249980E+4	0.000000E+0	0.000000E+0
1.943710E+3	-9.998500E-5	1.249980E+4	0.000000E+0	0.000000E+0
1.947705E+3	-9.998600E-5	1.249980E+4	0.000000E+0	0.000000E+0
1.951703E+3	-9.998700E-5	1.249980E+4	0.000000E+0	0.000000E+0
1.955701E+3	-9.998700E-5	1.249970E+4	0.000000E+0	0.000000E+0
1.959709E+3	-9.998500E-5	1.249970E+4	0.000000E+0	0.000000E+0
1.963705E+3	-9.998600E-5	1.249980E+4	0.000000E+0	0.000000E+0
1.967703E+3	-9.998600E-5	1.249970E+4	0.000000E+0	0.000000E+0
1.971703E+3	-9.998500E-5	1.249970E+4	0.000000E+0	0.000000E+0
1.975711E+3	-9.998500E-5	1.249980E+4	0.000000E+0	0.000000E+0
1.979704E+3	-9.998500E-5	1.249970E+4	0.000000E+0	0.000000E+0
1.983703E+3	-9.998600E-5	1.249970E+4	0.000000E+0	0.000000E+0
1.987712E+3	-9.998700E-5	1.249970E+4	0.000000E+0	0.000000E+0
1.991710E+3	-9.998500E-5	1.249970E+4	0.000000E+0	0.000000E+0
1.995704E+3	-9.998500E-5	1.249970E+4	0.000000E+0	0.000000E+0
1.999702E+3	-9.998400E-5	1.249970E+4	0.000000E+0	0.000000E+0
2.003702E+3	-9.998500E-5	1.249960E+4	0.000000E+0	0.000000E+0
2.007703E+3	-9.998500E-5	1.249970E+4	0.000000E+0	0.000000E+0
2.011700E+3	-9.998500E-5	1.249970E+4	0.000000E+0	0.000000E+0
2.015705E+3	-9.998400E-5	1.249970E+4	0.000000E+0	0.000000E+0
2.019703E+3	-9.998300E-5	1.249980E+4	0.000000E+0	0.000000E+0
2.023708E+3	-9.998500E-5	1.249970E+4	0.000000E+0	0.000000E+0
2.027705E+3	-9.998500E-5	1.249980E+4	0.000000E+0	0.000000E+0
2.031703E+3	-9.998300E-5	1.249990E+4	0.000000E+0	0.000000E+0
2.035705E+3	-9.998300E-5	1.249980E+4	0.000000E+0	0.000000E+0
2.039710E+3	-9.998400E-5	1.249970E+4	0.000000E+0	0.000000E+0
2.043698E+3	-9.998500E-5	1.249980E+4	0.000000E+0	0.000000E+0
2.047701E+3	-9.998300E-5	1.249980E+4	0.000000E+0	0.000000E+0
2.051705E+3	-9.998500E-5	1.249970E+4	0.000000E+0	0.000000E+0
2.055708E+3	-9.998400E-5	1.249980E+4	0.000000E+0	0.000000E+0
2.059703E+3	-9.998400E-5	1.249980E+4	0.000000E+0	0.000000E+0
2.063701E+3	-9.998400E-5	1.249970E+4	0.000000E+0	0.000000E+0
2.067703E+3	-9.998400E-5	1.249980E+4	0.000000E+0	0.000000E+0
2.071707E+3	-9.998400E-5	1.249980E+4	0.000000E+0	0.000000E+0
2.075704E+3	-9.998400E-5	1.249980E+4	0.000000E+0	0.000000E+0
2.079702E+3	-9.998400E-5	1.249980E+4	0.000000E+0	0.000000E+0
2.083712E+3	-9.998300E-5	1.249980E+4	0.000000E+0	0.000000E+0
2.087698E+3	-9.998400E-5	1.249970E+4	0.000000E+0	0.000000E+0
2.091698E+3	-9.998500E-5	1.249980E+4	0.000000E+0	0.000000E+0
2.095704E+3	-9.998100E-5	1.249980E+4	0.000000E+0	0.000000E+0
2.099704E+3	-9.998400E-5	1.249970E+4	0.000000E+0	0.000000E+0
2.103707E+3	-9.998300E-5	1.249970E+4	0.000000E+0	0.000000E+0
2.107700E+3	-9.998200E-5	1.249980E+4	0.000000E+0	0.000000E+0
2.111703E+3	-9.998200E-5	1.249980E+4	0.000000E+0	0.000000E+0
2.115705E+3	-9.998300E-5	1.249990E+4	0.000000E+0	0.000000E+0
2.119708E+3	-9.998200E-5	1.249990E+4	0.000000E+0	0.000000E+0
2.123700E+3	-9.998200E-5	1.249980E+4	0.000000E+0	0.000000E+0
2.127702E+3	-9.998300E-5	1.249990E+4	0.000000E+0	0.000000E+0
2.131702E+3	-9.998100E-5	1.249980E+4	0.000000E+0	0.000000E+0
2.135706E+3	-9.998100E-5	1.249980E+4	0.000000E+0	0.000000E+0
2.139700E+3	-9.998000E-5	1.249990E+4	0.000000E+0	0.000000E+0
2.143701E+3	-9.998400E-5	1.249990E+4	0.000000E+0	0.000000E+0
2.147711E+3	-9.998400E-5	1.249980E+4	0.000000E+0	0.000000E+0
2.151706E+3	-9.998200E-5	1.249970E+4	0.000000E+0	0.000000E+0
2.155699E+3	-9.998200E-5	1.249980E+4	0.000000E+0	0.000000E+0
2.159704E+3	-9.998300E-5	1.249980E+4	0.000000E+0	0.000000E+0
2.163703E+3	-9.998400E-5	1.249970E+4	0.000000E+0	0.000000E+0
2.167708E+3	-9.998200E-5	1.249970E+4	0.000000E+0	0.000000E+0
2.171699E+3	-9.998300E-5	1.249970E+4	0.000000E+0	0.000000E+0
2.175702E+3	-9.998200E-5	1.249970E+4	0.000000E+0	0.000000E+0
2.179702E+3	-9.998200E-5	1.249970E+4	0.000000E+0	0.000000E+0
2.183707E+3	-9.998300E-5	1.249970E+4	0.000000E+0	0.000000E+0
2.187697E+3	-9.998200E-5	1.249970E+4	0.000000E+0	0.000000E+0
2.191704E+3	-9.998400E-5	1.249970E+4	0.000000E+0	0.000000E+0
2.195710E+3	-9.998500E-5	1.249970E+4	0.000000E+0	0.000000E+0
2.199707E+3	-9.998100E-5	1.249960E+4	0.000000E+0	0.000000E+0
2.203699E+3	-9.998100E-5	1.249970E+4	0.000000E+0	0.000000E+0
2.207702E+3	-9.998300E-5	1.249960E+4	0.000000E+0	0.000000E+0
2.211702E+3	-9.998200E-5	1.249960E+4	0.000000E+0	0.000000E+0
2.215707E+3	-9.998200E-5	1.249940E+4	0.000000E+0	0.000000E+0
2.219700E+3	-9.998300E-5	1.249940E+4	0.000000E+0	0.000000E+0
2.223703E+3	-9.998200E-5	1.249930E+4	0.000000E+0	0.000000E+0
2.227706E+3	-9.998200E-5	1.249930E+4	0.000000E+0	0.000000E+0
2.231706E+3	-9.998100E-5	1.249920E+4	0.000000E+0	0.000000E+0
2.235699E+3	-9.998200E-5	1.249920E+4	0.000000E+0	0.000000E+0
2.239703E+3	-9.998200E-5	1.249920E+4	0.000000E+0	0.000000E+0
2.243704E+3	-9.998200E-5	1.249920E+4	0.000000E+0	0.000000E+0
2.247708E+3	-9.998100E-5	1.249910E+4	0.000000E+0	0.000000E+0
2.251701E+3	-9.998400E-5	1.249910E+4	0.000000E+0	0.000000E+0
2.255703E+3	-9.998100E-5	1.249920E+4	0.000000E+0	0.000000E+0
2.259704E+3	-9.998300E-5	1.249910E+4	0.000000E+0	0.000000E+0
2.263698E+3	-9.998100E-5	1.249900E+4	0.000000E+0	0.000000E+0
2.267697E+3	-9.998000E-5	1.249900E+4	0.000000E+0	0.000000E+0
2.271706E+3	-9.998100E-5	1.249900E+4	0.000000E+0	0.000000E+0
2.275704E+3	-9.998100E-5	1.249890E+4	0.000000E+0	0.000000E+0
2.279705E+3	-9.998000E-5	1.249890E+4	0.000000E+0	0.000000E+0
2.283699E+3	-9.998100E-5	1.249890E+4	0.000000E+0	0.000000E+0
2.287704E+3	-9.998100E-5	1.249880E+4	0.000000E+0	0.000000E+0
2.291704E+3	-9.998300E-5	1.249870E+4	0.000000E+0	0.000000E+0
2.295707E+3	-9.998200E-5	1.249860E+4	0.000000E+0	0.000000E+0
2.299699E+3	-9.998200E-5	1.249850E+4	0.000000E+0	0.000000E+0
2.303701E+3	-9.998200E-5	1.249860E+4	0.000000E+0	0.000000E+0
2.307702E+3	-9.998200E-5	1.249850E+4	0.000000E+0	0.000000E+0
2.311705E+3	-9.998000E-5	1.249850E+4	0.000000E+0	0.000000E+0
2.315698E+3	-9.998100E-5	1.249840E+4	0.000000E+0	0.000000E+0
2.319703E+3	-9.998100E-5	1.249840E+4	0.000000E+0	0.000000E+0
2.323709E+3	-9.997800E-5	1.249840E+4	0.000000E+0	0.000000E+0
2.327706E+3	-9.998000E-5	1.249820E+4	0.000000E+0	0.000000E+0
2.331700E+3	-9.998100E-5	1.249820E+4	0.000000E+0	0.000000E+0
2.335703E+3	-9.998100E-5	1.249830E+4	0.000000E+0	0.000000E+0
2.339703E+3	-9.998100E-5	1.249830E+4	0.000000E+0	0.000000E+0
2.343704E+3	-9.997900E-5	1.249830E+4	0.000000E+0	0.000000E+0
2.347700E+3	-9.998000E-5	1.249820E+4	0.000000E+0	0.000000E+0
2.351703E+3	-9.998000E-5	1.249830E+4	0.000000E+0	0.000000E+0
2.355701E+3	-9.998000E-5	1.249820E+4	0.000000E+0	0.000000E+0
2.359704E+3	-9.998000E-5	1.249820E+4	0.000000E+0	0.000000E+0
2.363700E+3	-9.998000E-5	1.249820E+4	0.000000E+0	0.000000E+0
2.367704E+3	-9.998300E-5	1.249810E+4	0.000000E+0	0.000000E+0
2.371701E+3	-9.998000E-5	1.249810E+4	0.000000E+0	0.000000E+0
2.375707E+3	-9.998000E-5	1.249810E+4	0.000000E+0	0.000000E+0
2.379699E+3	-9.998000E-5	1.249790E+4	0.000000E+0	0.000000E+0
2.383700E+3	-9.998100E-5	1.249790E+4	0.000000E+0	0.000000E+0
2.387705E+3	-9.997800E-5	1.249790E+4	0.000000E+0	0.000000E+0
2.391708E+3	-9.998000E-5	1.249790E+4	0.000000E+0	0.000000E+0
2.395702E+3	-9.997900E-5	1.249780E+4	0.000000E+0	0.000000E+0
2.399703E+3	-9.998000E-5	1.249790E+4	0.000000E+0	0.000000E+0
2.403703E+3	-9.997900E-5	1.249780E+4	0.000000E+0	0.000000E+0
2.407705E+3	-9.997900E-5	1.249780E+4	0.000000E+0	0.000000E+0
2.411698E+3	-9.998000E-5	1.249780E+4	0.000000E+0	0.000000E+0
2.415704E+3	-9.997800E-5	1.249770E+4	0.000000E+0	0.000000E+0
2.419703E+3	-9.997900E-5	1.249770E+4	0.000000E+0	0.000000E+0
2.423705E+3	-9.997800E-5	1.249770E+4	0.000000E+0	0.000000E+0
2.427698E+3	-9.998000E-5	1.249780E+4	0.000000E+0	0.000000E+0
2.431705E+3	-9.997800E-5	1.249770E+4	0.000000E+0	0.000000E+0
2.435704E+3	-9.998100E-5	1.249770E+4	0.000000E+0	0.000000E+0
2.439708E+3	-9.997800E-5	1.249770E+4	0.000000E+0	0.000000E+0
2.443701E+3	-9.997900E-5	1.249750E+4	0.000000E+0	0.000000E+0
2.447704E+3	-9.997900E-5	1.249750E+4	0.000000E+0	0.000000E+0
2.451704E+3	-9.997900E-5	1.249760E+4	0.000000E+0	0.000000E+0
2.455704E+3	-9.998100E-5	1.249760E+4	0.000000E+0	0.000000E+0
2.459699E+3	-9.997900E-5	1.249760E+4	0.000000E+0	0.000000E+0
2.463704E+3	-9.997900E-5	1.249760E+4	0.000000E+0	0.000000E+0
2.467705E+3	-9.997900E-5	1.249760E+4	0.000000E+0	0.000000E+0
2.471707E+3	-9.998000E-5	1.249760E+4	0.000000E+0	0.000000E+0
2.475702E+3	-9.997900E-5	1.249750E+4	0.000000E+0	0.000000E+0
2.479707E+3	-9.997900E-5	1.249760E+4	0.000000E+0	0.000000E+0
2.483704E+3	-9.997800E-5	1.249750E+4	0.000000E+0	0.000000E+0
2.487707E+3	-9.997800E-5	1.249740E+4	0.000000E+0	0.000000E+0
2.491699E+3	-9.998000E-5	1.249750E+4	0.000000E+0	0.000000E+0
2.495703E+3	-9.998000E-5	1.249750E+4	0.000000E+0	0.000000E+0
2.499710E+3	-9.997800E-5	1.249750E+4	0.000000E+0	0.000000E+0
2.503706E+3	-9.997900E-5	1.249750E+4	0.000000E+0	0.000000E+0
2.507700E+3	-9.997700E-5	1.249750E+4	0.000000E+0	0.000000E+0
2.511703E+3	-9.997900E-5	1.249740E+4	0.000000E+0	0.000000E+0
2.515703E+3	-9.997900E-5	1.249740E+4	0.000000E+0	0.000000E+0
2.519706E+3	-9.997800E-5	1.249740E+4	0.000000E+0	0.000000E+0
2.523699E+3	-9.997800E-5	1.249730E+4	0.000000E+0	0.000000E+0
2.527704E+3	-9.997900E-5	1.249730E+4	0.000000E+0	0.000000E+0
2.531703E+3	-9.997700E-5	1.249730E+4	0.000000E+0	0.000000E+0
2.535706E+3	-9.997800E-5	1.249740E+4	0.000000E+0	0.000000E+0
2.539699E+3	-9.997600E-5	1.249740E+4	0.000000E+0	0.000000E+0
2.543702E+3	-9.997700E-5	1.249730E+4	0.000000E+0	0.000000E+0
2.547701E+3	-9.997700E-5	1.249720E+4	0.000000E+0	0.000000E+0
2.551704E+3	-9.997800E-5	1.249710E+4	0.000000E+0	0.000000E+0
2.555698E+3	-9.997600E-5	1.249710E+4	0.000000E+0	0.000000E+0
2.559709E+3	-9.997800E-5	1.249700E+4	0.000000E+0	0.000000E+0
2.563705E+3	-9.997700E-5	1.249700E+4	0.000000E+0	0.000000E+0
2.567705E+3	-9.997700E-5	1.249690E+4	0.000000E+0	0.000000E+0
2.571702E+3	-9.997600E-5	1.249690E+4	0.000000E+0	0.000000E+0
2.575707E+3	-9.997800E-5	1.249690E+4	0.000000E+0	0.000000E+0
2.579707E+3	-9.997800E-5	1.249670E+4	0.000000E+0	0.000000E+0
2.583707E+3	-9.997500E-5	1.249670E+4	0.000000E+0	0.000000E+0
2.587700E+3	-9.997700E-5	1.249670E+4	0.000000E+0	0.000000E+0
2.591703E+3	-9.997700E-5	1.249650E+4	0.000000E+0	0.000000E+0
2.595702E+3	-9.997500E-5	1.249630E+4	0.000000E+0	0.000000E+0
2.599705E+3	-9.997500E-5	1.249640E+4	0.000000E+0	0.000000E+0
2.603698E+3	-9.997600E-5	1.249630E+4	0.000000E+0	0.000000E+0
2.607703E+3	-9.997600E-5	1.249630E+4	0.000000E+0	0.000000E+0
2.611711E+3	-9.997600E-5	1.249640E+4	0.000000E+0	0.000000E+0
2.615708E+3	-9.997700E-5	1.249630E+4	0.000000E+0	0.000000E+0
2.619700E+3	-9.997800E-5	1.249630E+4	0.000000E+0	0.000000E+0
2.623706E+3	-9.997800E-5	1.249620E+4	0.000000E+0	0.000000E+0
2.627703E+3	-9.997700E-5	1.249600E+4	0.000000E+0	0.000000E+0
2.631706E+3	-9.997700E-5	1.249600E+4	0.000000E+0	0.000000E+0
2.635703E+3	-9.997800E-5	1.249600E+4	0.000000E+0	0.000000E+0
2.639704E+3	-9.997600E-5	1.249590E+4	0.000000E+0	0.000000E+0
2.643702E+3	-9.997500E-5	1.249590E+4	0.000000E+0	0.000000E+0
2.647709E+3	-9.997500E-5	1.249590E+4	0.000000E+0	0.000000E+0
2.651704E+3	-9.997600E-5	1.249580E+4	0.000000E+0	0.000000E+0
2.655704E+3	-9.997700E-5	1.249580E+4	0.000000E+0	0.000000E+0
2.659702E+3	-9.997600E-5	1.249570E+4	0.000000E+0	0.000000E+0
2.663705E+3	-9.997600E-5	1.249570E+4	0.000000E+0	0.000000E+0
2.667700E+3	-9.997800E-5	1.249560E+4	0.000000E+0	0.000000E+0
2.671705E+3	-9.997500E-5	1.249560E+4	0.000000E+0	0.000000E+0
2.675703E+3	-9.997600E-5	1.249550E+4	0.000000E+0	0.000000E+0
2.679708E+3	-9.997600E-5	1.249550E+4	0.000000E+0	0.000000E+0
2.683703E+3	-9.997600E-5	1.249550E+4	0.000000E+0	0.000000E+0
2.687703E+3	-9.997500E-5	1.249550E+4	0.000000E+0	0.000000E+0
2.691705E+3	-9.997500E-5	1.249550E+4	0.000000E+0	0.000000E+0
2.695708E+3	-9.997600E-5	1.249550E+4	0.000000E+0	0.000000E+0
2.699705E+3	-9.997200E-5	1.249540E+4	0.000000E+0	0.000000E+0
2.703705E+3	-9.997500E-5	1.249520E+4	0.000000E+0	0.000000E+0
2.707705E+3	-9.997400E-5	1.249520E+4	0.000000E+0	0.000000E+0
2.711705E+3	-9.997700E-5	1.249520E+4	0.000000E+0	0.000000E+0
2.715701E+3	-9.997700E-5	1.249510E+4	0.000000E+0	0.000000E+0
2.719701E+3	-9.997600E-5	1.249500E+4	0.000000E+0	0.000000E+0
2.723701E+3	-9.997400E-5	1.249490E+4	0.000000E+0	0.000000E+0
2.727707E+3	-9.997500E-5	1.249480E+4	0.000000E+0	0.000000E+0
2.731701E+3	-9.997600E-5	1.249480E+4	0.000000E+0	0.000000E+0
2.735701E+3	-9.997400E-5	1.249470E+4	0.000000E+0	0.000000E+0
2.739699E+3	-9.997600E-5	1.249460E+4	0.000000E+0	0.000000E+0
2.743707E+3	-9.997600E-5	1.249450E+4	0.000000E+0	0.000000E+0
2.747704E+3	-9.997400E-5	1.249460E+4	0.000000E+0	0.000000E+0
2.751702E+3	-9.997300E-5	1.249450E+4	0.000000E+0	0.000000E+0
2.755702E+3	-9.997300E-5	1.249440E+4	0.000000E+0	0.000000E+0
2.759708E+3	-9.997600E-5	1.249440E+4	0.000000E+0	0.000000E+0
2.763702E+3	-9.997400E-5	1.249430E+4	0.000000E+0	0.000000E+0
2.767707E+3	-9.997500E-5	1.249430E+4	0.000000E+0	0.000000E+0
2.771700E+3	-9.997400E-5	1.249430E+4	0.000000E+0	0.000000E+0
2.775703E+3	-9.997300E-5	1.249410E+4	0.000000E+0	0.000000E+0
2.779700E+3	-9.997500E-5	1.249410E+4	0.000000E+0	0.000000E+0
2.783702E+3	-9.997400E-5	1.249400E+4	0.000000E+0	0.000000E+0
2.787702E+3	-9.997400E-5	1.249400E+4	0.000000E+0	0.000000E+0
2.791705E+3	-9.997400E-5	1.249390E+4	0.000000E+0	0.000000E+0
2.795701E+3	-9.997500E-5	1.249380E+4	0.000000E+0	0.000000E+0
2.799701E+3	-9.997600E-5	1.249380E+4	0.000000E+0	0.000000E+0
2.803700E+3	-9.997600E-5	1.249380E+4	0.000000E+0	0.000000E+0
2.807708E+3	-9.997400E-5	1.249370E+4	0.000000E+0	0.000000E+0
2.811701E+3	-9.997600E-5	1.249360E+4	0.000000E+0	0.000000E+0
2.815704E+3	-9.997300E-5	1.249360E+4	0.000000E+0	0.000000E+0
2.819701E+3	-9.997300E-5	1.249350E+4	0.000000E+0	0.000000E+0
2.823707E+3	-9.997500E-5	1.249340E+4	0.000000E+0	0.000000E+0
2.827702E+3	-9.997500E-5	1.249340E+4	0.000000E+0	0.000000E+0
2.831702E+3	-9.997400E-5	1.249330E+4	0.000000E+0	0.000000E+0
2.835701E+3	-9.997400E-5	1.249340E+4	0.000000E+0	0.000000E+0
2.839703E+3	-9.997200E-5	1.249330E+4	0.000000E+0	0.000000E+0
2.843701E+3	-9.997400E-5	1.249320E+4	0.000000E+0	0.000000E+0
2.847702E+3	-9.997300E-5	1.249320E+4	0.000000E+0	0.000000E+0
2.851700E+3	-9.997500E-5	1.249330E+4	0.000000E+0	0.000000E+0
2.855707E+3	-9.997400E-5	1.249310E+4	0.000000E+0	0.000000E+0
2.859702E+3	-9.997200E-5	1.249310E+4	0.000000E+0	0.000000E+0
2.863702E+3	-9.997100E-5	1.249300E+4	0.000000E+0	0.000000E+0
2.867700E+3	-9.997500E-5	1.249290E+4	0.000000E+0	0.000000E+0
2.871703E+3	-9.997200E-5	1.249290E+4	0.000000E+0	0.000000E+0
2.875698E+3	-9.997300E-5	1.249290E+4	0.000000E+0	0.000000E+0
2.879705E+3	-9.997100E-5	1.249280E+4	0.000000E+0	0.000000E+0
2.883702E+3	-9.997300E-5	1.249280E+4	0.000000E+0	0.000000E+0
2.887705E+3	-9.997200E-5	1.249270E+4	0.000000E+0	0.000000E+0
2.891700E+3	-9.997100E-5	1.249260E+4	0.000000E+0	0.000000E+0
2.895703E+3	-9.997200E-5	1.249260E+4	0.000000E+0	0.000000E+0
2.899701E+3	-9.997200E-5	1.249250E+4	0.000000E+0	0.000000E+0
2.903702E+3	-9.997300E-5	1.249250E+4	0.000000E+0	0.000000E+0
2.907699E+3	-9.997100E-5	1.249250E+4	0.000000E+0	0.000000E+0
2.911704E+3	-9.997300E-5	1.249230E+4	0.000000E+0	0.000000E+0
2.915703E+3	-9.997100E-5	1.249230E+4	0.000000E+0	0.000000E+0
2.919707E+3	-9.997100E-5	1.249230E+4	0.000000E+0	0.000000E+0
2.923701E+3	-9.997000E-5	1.249220E+4	0.000000E+0	0.000000E+0
2.927701E+3	-9.997100E-5	1.249210E+4	0.000000E+0	0.000000E+0
2.931702E+3	-9.997200E-5	1.249210E+4	0.000000E+0	0.000000E+0
2.935707E+3	-9.997100E-5	1.249200E+4	0.000000E+0	0.000000E+0
2.939701E+3	-9.997100E-5	1.249190E+4	0.000000E+0	0.000000E+0
2.943702E+3	-9.997200E-5	1.249180E+4	0.000000E+0	0.000000E+0
2.947702E+3	-9.997100E-5	1.249170E+4	0.000000E+0	0.000000E+0
2.951705E+3	-9.997200E-5	1.249170E+4	0.000000E+0	0.000000E+0
2.955702E+3	-9.997100E-5	1.249170E+4	0.000000E+0	0.000000E+0
2.959702E+3	-9.997100E-5	1.249160E+4	0.000000E+0	0.000000E+0
2.963702E+3	-9.997000E-5	1.249160E+4	0.000000E+0	0.000000E+0
2.967708E+3	-9.997000E-5	1.249150E+4	0.000000E+0	0.000000E+0
2.971702E+3	-9.997000E-5	1.249130E+4	0.000000E+0	0.000000E+0
2.975701E+3	-9.996800E-5	1.249130E+4	0.000000E+0	0.000000E+0
2.979700E+3	-9.997100E-5	1.249130E+4	0.000000E+0	0.000000E+0
2.983708E+3	-9.997000E-5	1.249120E+4	0.000000E+0	0.000000E+0
2.987701E+3	-9.996900E-5	1.249100E+4	0.000000E+0	0.000000E+0
2.991703E+3	-9.997100E-5	1.249100E+4	0.000000E+0	0.000000E+0
2.995698E+3	-9.997000E-5	1.249090E+4	0.000000E+0	0.000000E+0
2.999706E+3	-9.997100E-5	1.249080E+4	0.000000E+0	0.000000E+0
3.003701E+3	-9.997100E-5	1.249070E+4	0.000000E+0	0.000000E+0
3.007704E+3	-9.997100E-5	1.249060E+4	0.000000E+0	0.000000E+0
3.011701E+3	-9.997100E-5	1.249060E+4	0.000000E+0	0.000000E+0
3.015707E+3	-9.997100E-5	1.249050E+4	0.000000E+0	0.000000E+0
3.019701E+3	-9.996900E-5	1.249050E+4	0.000000E+0	0.000000E+0
3.023702E+3	-9.997100E-5	1.249050E+4	0.000000E+0	0.000000E+0
3.027702E+3	-9.997100E-5	1.249040E+4	0.000000E+0	0.000000E+0
3.031707E+3	-9.997000E-5	1.249030E+4	0.000000E+0	0.000000E+0
3.035700E+3	-9.997000E-5	1.249030E+4	0.000000E+0	0.000000E+0
3.039702E+3	-9.997000E-5	1.249000E+4	0.000000E+0	0.000000E+0
3.043702E+3	-9.997100E-5	1.249010E+4	0.000000E+0	0.000000E+0
3.047705E+3	-9.997000E-5	1.249000E+4	0.000000E+0	0.000000E+0
3.051702E+3	-9.997100E-5	1.248990E+4	0.000000E+0	0.000000E+0
3.055702E+3	-9.997000E-5	1.248980E+4	0.000000E+0	0.000000E+0
3.059702E+3	-9.996900E-5	1.248980E+4	0.000000E+0	0.000000E+0
3.063710E+3	-9.997000E-5	1.248980E+4	0.000000E+0	0.000000E+0
3.067703E+3	-9.996800E-5	1.248970E+4	0.000000E+0	0.000000E+0
3.071701E+3	-9.997100E-5	1.248950E+4	0.000000E+0	0.000000E+0
3.075701E+3	-9.997000E-5	1.248940E+4	0.000000E+0	0.000000E+0
3.079708E+3	-9.997100E-5	1.248940E+4	0.000000E+0	0.000000E+0
3.083701E+3	-9.997000E-5	1.248930E+4	0.000000E+0	0.000000E+0
3.087703E+3	-9.997000E-5	1.248920E+4	0.000000E+0	0.000000E+0
3.091703E+3	-9.997100E-5	1.248910E+4	0.000000E+0	0.000000E+0
3.095706E+3	-9.996900E-5	1.248900E+4	0.000000E+0	0.000000E+0
3.099701E+3	-9.996800E-5	1.248900E+4	0.000000E+0	0.000000E+0
3.103704E+3	-9.996900E-5	1.248890E+4	0.000000E+0	0.000000E+0
3.107702E+3	-9.996900E-5	1.248880E+4	0.000000E+0	0.000000E+0
3.111707E+3	-9.996900E-5	1.248870E+4	0.000000E+0	0.000000E+0
3.115702E+3	-9.997000E-5	1.248860E+4	0.000000E+0	0.000000E+0
3.119702E+3	-9.996900E-5	1.248850E+4	0.000000E+0	0.000000E+0
3.123704E+3	-9.996900E-5	1.248860E+4	0.000000E+0	0.000000E+0
3.127709E+3	-9.996900E-5	1.248840E+4	0.000000E+0	0.000000E+0
3.131704E+3	-9.996900E-5	1.248810E+4	0.000000E+0	0.000000E+0
3.135702E+3	-9.996700E-5	1.248790E+4	0.000000E+0	0.000000E+0
3.139702E+3	-9.996700E-5	1.248770E+4	0.000000E+0	0.000000E+0
3.143704E+3	-9.996900E-5	1.248760E+4	0.000000E+0	0.000000E+0
3.147700E+3	-9.996900E-5	1.248740E+4	0.000000E+0	0.000000E+0
3.151703E+3	-9.996800E-5	1.248740E+4	0.000000E+0	0.000000E+0
3.155703E+3	-9.996900E-5	1.248730E+4	0.000000E+0	0.000000E+0
3.159708E+3	-9.996900E-5	1.248710E+4	0.000000E+0	0.000000E+0
3.163703E+3	-9.996800E-5	1.248710E+4	0.000000E+0	0.000000E+0
3.167701E+3	-9.997000E-5	1.248700E+4	0.000000E+0	0.000000E+0
3.171701E+3	-9.996800E-5	1.248690E+4	0.000000E+0	0.000000E+0
3.175708E+3	-9.996800E-5	1.248670E+4	0.000000E+0	0.000000E+0
3.179698E+3	-9.996600E-5	1.248660E+4	0.000000E+0	0.000000E+0
3.183698E+3	-9.996900E-5	1.248660E+4	0.000000E+0	0.000000E+0
3.187701E+3	-9.996800E-5	1.248640E+4	0.000000E+0	0.000000E+0
3.191704E+3	-9.996700E-5	1.248640E+4	0.000000E+0	0.000000E+0
3.195699E+3	-9.996600E-5	1.248620E+4	0.000000E+0	0.000000E+0
3.199702E+3	-9.996900E-5	1.248610E+4	0.000000E+0	0.000000E+0
3.203701E+3	-9.996600E-5	1.248590E+4	0.000000E+0	0.000000E+0
3.207709E+3	-9.996800E-5	1.248590E+4	0.000000E+0	0.000000E+0
3.211704E+3	-9.996900E-5	1.248590E+4	0.000000E+0	0.000000E+0
3.215702E+3	-9.996700E-5	1.248570E+4	0.000000E+0	0.000000E+0
3.219702E+3	-9.996700E-5	1.248560E+4	0.000000E+0	0.000000E+0
3.223708E+3	-9.996700E-5	1.248560E+4	0.000000E+0	0.000000E+0
3.227704E+3	-9.996600E-5	1.248540E+4	0.000000E+0	0.000000E+0
3.231702E+3	-9.996700E-5	1.248530E+4	0.000000E+0	0.000000E+0
3.235703E+3	-9.996600E-5	1.248530E+4	0.000000E+0	0.000000E+0
3.239704E+3	-9.996500E-5	1.248520E+4	0.000000E+0	0.000000E+0
3.243702E+3	-9.996700E-5	1.248510E+4	0.000000E+0	0.000000E+0
3.247702E+3	-9.996700E-5	1.248490E+4	0.000000E+0	0.000000E+0
3.251702E+3	-9.996600E-5	1.248480E+4	0.000000E+0	0.000000E+0
3.255704E+3	-9.996500E-5	1.248470E+4	0.000000E+0	0.000000E+0
3.259701E+3	-9.996500E-5	1.248460E+4	0.000000E+0	0.000000E+0
3.263701E+3	-9.996400E-5	1.248460E+4	0.000000E+0	0.000000E+0
3.267703E+3	-9.996600E-5	1.248440E+4	0.000000E+0	0.000000E+0
3.271706E+3	-9.996400E-5	1.248440E+4	0.000000E+0	0.000000E+0
3.275701E+3	-9.996700E-5	1.248420E+4	0.000000E+0	0.000000E+0
3.279703E+3	-9.996600E-5	1.248410E+4	0.000000E+0	0.000000E+0
3.283703E+3	-9.996500E-5	1.248400E+4	0.000000E+0	0.000000E+0
3.287707E+3	-9.996600E-5	1.248390E+4	0.000000E+0	0.000000E+0
3.291701E+3	-9.996600E-5	1.248380E+4	0.000000E+0	0.000000E+0
3.295704E+3	-9.996700E-5	1.248380E+4	0.000000E+0	0.000000E+0
3.299702E+3	-9.996600E-5	1.248370E+4	0.000000E+0	0.000000E+0
3.303707E+3	-9.996400E-5	1.248360E+4	0.000000E+0	0.000000E+0
3.307702E+3	-9.996600E-5	1.248350E+4	0.000000E+0	0.000000E+0
3.311702E+3	-9.996600E-5	1.248340E+4	0.000000E+0	0.000000E+0
3.315702E+3	-9.996600E-5	1.248330E+4	0.000000E+0	0.000000E+0
3.319703E+3	-9.996600E-5	1.248320E+4	0.000000E+0	0.000000E+0
3.323699E+3	-9.996500E-5	1.248310E+4	0.000000E+0	0.000000E+0
3.327702E+3	-9.996600E-5	1.248310E+4	0.000000E+0	0.000000E+0
3.331702E+3	-9.996600E-5	1.248290E+4	0.000000E+0	0.000000E+0
3.335708E+3	-9.996400E-5	1.248280E+4	0.000000E+0	0.000000E+0
3.339702E+3	-9.996500E-5	1.248270E+4	0.000000E+0	0.000000E+0
3.343705E+3	-9.996500E-5	1.248260E+4	0.000000E+0	0.000000E+0
3.347703E+3	-9.996300E-5	1.248250E+4	0.000000E+0	0.000000E+0
3.351706E+3	-9.996700E-5	1.248240E+4	0.000000E+0	0.000000E+0
3.355700E+3	-9.996500E-5	1.248230E+4	0.000000E+0	0.000000E+0
3.359701E+3	-9.996500E-5	1.248220E+4	0.000000E+0	0.000000E+0
3.363701E+3	-9.996700E-5	1.248210E+4	0.000000E+0	0.000000E+0
3.367705E+3	-9.996600E-5	1.248200E+4	0.000000E+0	0.000000E+0
3.371701E+3	-9.996400E-5	1.248180E+4	0.000000E+0	0.000000E+0
3.375703E+3	-9.996300E-5	1.248180E+4	0.000000E+0	0.000000E+0
3.379701E+3	-9.996500E-5	1.248170E+4	0.000000E+0	0.000000E+0
3.383707E+3	-9.996500E-5	1.248170E+4	0.000000E+0	0.000000E+0
3.387701E+3	-9.996600E-5	1.248150E+4	0.000000E+0	0.000000E+0
3.391701E+3	-9.996500E-5	1.248130E+4	0.000000E+0	0.000000E+0
3.395699E+3	-9.996500E-5	1.248130E+4	0.000000E+0	0.000000E+0
3.399707E+3	-9.996400E-5	1.248110E+4	0.000000E+0	0.000000E+0
3.403702E+3	-9.996400E-5	1.248120E+4	0.000000E+0	0.000000E+0
3.407702E+3	-9.996500E-5	1.248100E+4	0.000000E+0	0.000000E+0
3.411704E+3	-9.996100E-5	1.248100E+4	0.000000E+0	0.000000E+0
3.415708E+3	-9.996400E-5	1.248080E+4	0.000000E+0	0.000000E+0
3.419699E+3	-9.996400E-5	1.248080E+4	0.000000E+0	0.000000E+0
3.423702E+3	-9.996500E-5	1.248060E+4	0.000000E+0	0.000000E+0
3.427700E+3	-9.996500E-5	1.248060E+4	0.000000E+0	0.000000E+0
3.431706E+3	-9.996300E-5	1.248060E+4	0.000000E+0	0.000000E+0
3.435702E+3	-9.996300E-5	1.248040E+4	0.000000E+0	0.000000E+0
3.439702E+3	-9.996400E-5	1.248030E+4	0.000000E+0	0.000000E+0
3.443702E+3	-9.996200E-5	1.248020E+4	0.000000E+0	0.000000E+0
3.447708E+3	-9.996300E-5	1.248020E+4	0.000000E+0	0.000000E+0
3.451703E+3	-9.996500E-5	1.248010E+4	0.000000E+0	0.000000E+0
3.455701E+3	-9.996500E-5	1.248000E+4	0.000000E+0	0.000000E+0
3.459703E+3	-9.996300E-5	1.247990E+4	0.000000E+0	0.000000E+0
3.463708E+3	-9.996500E-5	1.247980E+4	0.000000E+0	0.000000E+0
3.467703E+3	-9.996300E-5	1.247970E+4	0.000000E+0	0.000000E+0
3.471704E+3	-9.996500E-5	1.247960E+4	0.000000E+0	0.000000E+0
3.475701E+3	-9.996400E-5	1.247960E+4	0.000000E+0	0.000000E+0
3.479707E+3	-9.996200E-5	1.247950E+4	0.000000E+0	0.000000E+0
3.483702E+3	-9.996500E-5	1.247940E+4	0.000000E+0	0.000000E+0
3.487702E+3	-9.996400E-5	1.247930E+4	0.000000E+0	0.000000E+0
3.491702E+3	-9.996500E-5	1.247920E+4	0.000000E+0	0.000000E+0
3.495709E+3	-9.996300E-5	1.247910E+4	0.000000E+0	0.000000E+0
3.499699E+3	-9.996300E-5	1.247910E+4	0.000000E+0	0.000000E+0
3.503702E+3	-9.996300E-5	1.247910E+4	0.000000E+0	0.000000E+0
3.507702E+3	-9.996100E-5	1.247900E+4	0.000000E+0	0.000000E+0
3.511707E+3	-9.996400E-5	1.247880E+4	0.000000E+0	0.000000E+0
3.515700E+3	-9.996100E-5	1.247850E+4	0.000000E+0	0.000000E+0
3.519702E+3	-9.996300E-5	1.247810E+4	0.000000E+0	0.000000E+0
3.523702E+3	-9.996200E-5	1.247790E+4	0.000000E+0	0.000000E+0
3.527706E+3	-9.996300E-5	1.247770E+4	0.000000E+0	0.000000E+0
3.531702E+3	-9.996400E-5	1.247760E+4	0.000000E+0	0.000000E+0
3.535702E+3	-9.996300E-5	1.247760E+4	0.000000E+0	0.000000E+0
3.539700E+3	-9.996200E-5	1.247750E+4	0.000000E+0	0.000000E+0
3.543702E+3	-9.996300E-5	1.247750E+4	0.000000E+0	0.000000E+0
3.547700E+3	-9.996200E-5	1.247730E+4	0.000000E+0	0.000000E+0
3.551703E+3	-9.996200E-5	1.247730E+4	0.000000E+0	0.000000E+0
3.555703E+3	-9.996200E-5	1.247720E+4	0.000000E+0	0.000000E+0
3.559704E+3	-9.996200E-5	1.247720E+4	0.000000E+0	0.000000E+0
3.563698E+3	-9.996100E-5	1.247700E+4	0.000000E+0	0.000000E+0
3.567704E+3	-9.996200E-5	1.247690E+4	0.000000E+0	0.000000E+0
3.571704E+3	-9.996100E-5	1.247690E+4	0.000000E+0	0.000000E+0
3.575704E+3	-9.996000E-5	1.247680E+4	0.000000E+0	0.000000E+0
3.579699E+3	-9.996200E-5	1.247680E+4	0.000000E+0	0.000000E+0
3.583704E+3	-9.996100E-5	1.247670E+4	0.000000E+0	0.000000E+0
3.587702E+3	-9.996000E-5	1.247670E+4	0.000000E+0	0.000000E+0
3.591707E+3	-9.996100E-5	1.247670E+4	0.000000E+0	0.000000E+0
3.595700E+3	-9.995800E-5	1.247650E+4	0.000000E+0	0.000000E+0
3.599699E+3	-9.995900E-5	1.247650E+4	0.000000E+0	0.000000E+0
3.603712E+3	-9.996000E-5	1.247650E+4	0.000000E+0	0.000000E+0
3.607703E+3	-9.996000E-5	1.247630E+4	0.000000E+0	0.000000E+0
3.611699E+3	-9.995900E-5	1.247620E+4	0.000000E+0	0.000000E+0
3.615702E+3	-9.996100E-5	1.247610E+4	0.000000E+0	0.000000E+0
3.619702E+3	-9.995800E-5	1.247610E+4	0.000000E+0	0.000000E+0
3.623703E+3	-9.995800E-5	1.247600E+4	0.000000E+0	0.000000E+0
3.627698E+3	-9.995900E-5	1.247600E+4	0.000000E+0	0.000000E+0
3.631698E+3	-9.995900E-5	1.247590E+4	0.000000E+0	0.000000E+0
3.635698E+3	-9.996000E-5	1.247580E+4	0.000000E+0	0.000000E+0
3.639705E+3	-9.996000E-5	1.247570E+4	0.000000E+0	0.000000E+0
3.643700E+3	-9.995800E-5	1.247550E+4	0.000000E+0	0.000000E+0
3.647701E+3	-9.995800E-5	1.247550E+4	0.000000E+0	0.000000E+0
3.651701E+3	-9.995700E-5	1.247540E+4	0.000000E+0	0.000000E+0
3.655700E+3	-9.995900E-5	1.247540E+4	0.000000E+0	0.000000E+0
3.659698E+3	-9.995800E-5	1.247530E+4	0.000000E+0	0.000000E+0
3.663701E+3	-9.995800E-5	1.247510E+4	0.000000E+0	0.000000E+0
3.667710E+3	-9.995900E-5	1.247510E+4	0.000000E+0	0.000000E+0
3.671706E+3	-9.995700E-5	1.247500E+4	0.000000E+0	0.000000E+0
3.675701E+3	-9.995800E-5	1.247480E+4	0.000000E+0	0.000000E+0
3.679702E+3	-9.995900E-5	1.247470E+4	0.000000E+0	0.000000E+0
3.683702E+3	-9.995800E-5	1.247460E+4	0.000000E+0	0.000000E+0
3.687702E+3	-9.995800E-5	1.247450E+4	0.000000E+0	0.000000E+0
3.691699E+3	-9.995700E-5	1.247440E+4	0.000000E+0	0.000000E+0
3.695702E+3	-9.995700E-5	1.247430E+4	0.000000E+0	0.000000E+0
3.699702E+3	-9.995800E-5	1.247430E+4	0.000000E+0	0.000000E+0
3.703705E+3	-9.995800E-5	1.247430E+4	0.000000E+0	0.000000E+0
3.707700E+3	-9.996300E-5	1.247410E+4	0.000000E+0	0.000000E+0
3.711702E+3	-9.995600E-5	1.247400E+4	0.000000E+0	0.000000E+0
3.715699E+3	-9.995900E-5	1.247390E+4	0.000000E+0	0.000000E+0
3.719706E+3	-9.996100E-5	1.247380E+4	0.000000E+0	0.000000E+0
3.723702E+3	-9.995800E-5	1.247380E+4	0.000000E+0	0.000000E+0
3.727702E+3	-9.995800E-5	1.247360E+4	0.000000E+0	0.000000E+0
3.731700E+3	-9.996000E-5	1.247360E+4	0.000000E+0	0.000000E+0
3.735708E+3	-9.995700E-5	1.247350E+4	0.000000E+0	0.000000E+0
3.739698E+3	-9.995800E-5	1.247340E+4	0.000000E+0	0.000000E+0
3.743704E+3	-9.995800E-5	1.247330E+4	0.000000E+0	0.000000E+0
3.747706E+3	-9.995800E-5	1.247330E+4	0.000000E+0	0.000000E+0
3.751706E+3	-9.995900E-5	1.247320E+4	0.000000E+0	0.000000E+0
3.755701E+3	-9.996100E-5	1.247310E+4	0.000000E+0	0.000000E+0
3.759703E+3	-9.995800E-5	1.247300E+4	0.000000E+0	0.000000E+0
3.763704E+3	-9.995500E-5	1.247280E+4	0.000000E+0	0.000000E+0
3.767702E+3	-9.995800E-5	1.247270E+4	0.000000E+0	0.000000E+0
3.771698E+3	-9.995900E-5	1.247260E+4	0.000000E+0	0.000000E+0
3.775704E+3	-9.995600E-5	1.247240E+4	0.000000E+0	0.000000E+0
3.779705E+3	-9.995600E-5	1.247230E+4	0.000000E+0	0.000000E+0
3.783704E+3	-9.995700E-5	1.247220E+4	0.000000E+0	0.000000E+0
3.787697E+3	-9.995800E-5	1.247190E+4	0.000000E+0	0.000000E+0
3.791699E+3	-9.995600E-5	1.247170E+4	0.000000E+0	0.000000E+0
3.795699E+3	-9.995600E-5	1.247160E+4	0.000000E+0	0.000000E+0
3.799703E+3	-9.995500E-5	1.247140E+4	0.000000E+0	0.000000E+0
3.803699E+3	-9.995800E-5	1.247140E+4	0.000000E+0	0.000000E+0
3.807705E+3	-9.995400E-5	1.247120E+4	0.000000E+0	0.000000E+0
3.811707E+3	-9.995500E-5	1.247110E+4	0.000000E+0	0.000000E+0
3.815705E+3	-9.995700E-5	1.247090E+4	0.000000E+0	0.000000E+0
3.819698E+3	-9.995700E-5	1.247080E+4	0.000000E+0	0.000000E+0
3.823701E+3	-9.995600E-5	1.247070E+4	0.000000E+0	0.000000E+0
3.827709E+3	-9.995500E-5	1.247060E+4	0.000000E+0	0.000000E+0
3.831706E+3	-9.995600E-5	1.247050E+4	0.000000E+0	0.000000E+0
3.835701E+3	-9.995700E-5	1.247040E+4	0.000000E+0	0.000000E+0
3.839703E+3	-9.995700E-5	1.247020E+4	0.000000E+0	0.000000E+0
3.843703E+3	-9.995500E-5	1.247010E+4	0.000000E+0	0.000000E+0
3.847706E+3	-9.995700E-5	1.247000E+4	0.000000E+0	0.000000E+0
3.851701E+3	-9.995500E-5	1.246990E+4	0.000000E+0	0.000000E+0
3.855703E+3	-9.995600E-5	1.246980E+4	0.000000E+0	0.000000E+0
3.859701E+3	-9.995400E-5	1.246960E+4	0.000000E+0	0.000000E+0
3.863702E+3	-9.995600E-5	1.246950E+4	0.000000E+0	0.000000E+0
3.867699E+3	-9.995600E-5	1.246930E+4	0.000000E+0	0.000000E+0
3.871705E+3	-9.995600E-5	1.246920E+4	0.000000E+0	0.000000E+0
3.875701E+3	-9.995600E-5	1.246910E+4	0.000000E+0	0.000000E+0
3.879705E+3	-9.995600E-5	1.246890E+4	0.000000E+0	0.000000E+0
3.883700E+3	-9.995600E-5	1.246870E+4	0.000000E+0	0.000000E+0
3.887699E+3	-9.995500E-5	1.246860E+4	0.000000E+0	0.000000E+0
3.891712E+3	-9.995400E-5	1.246840E+4	0.000000E+0	0.000000E+0
3.895707E+3	-9.995500E-5	1.246840E+4	0.000000E+0	0.000000E+0
3.899702E+3	-9.995300E-5	1.246810E+4	0.000000E+0	0.000000E+0
3.903703E+3	-9.995300E-5	1.246810E+4	0.000000E+0	0.000000E+0
3.907700E+3	-9.995400E-5	1.246790E+4	0.000000E+0	0.000000E+0
3.911703E+3	-9.995500E-5	1.246780E+4	0.000000E+0	0.000000E+0
3.915698E+3	-9.995400E-5	1.246770E+4	0.000000E+0	0.000000E+0
3.919701E+3	-9.995500E-5	1.246760E+4	0.000000E+0	0.000000E+0
3.923701E+3	-9.995400E-5	1.246750E+4	0.000000E+0	0.000000E+0
3.927706E+3	-9.995300E-5	1.246730E+4	0.000000E+0	0.000000E+0
3.931701E+3	-9.995200E-5	1.246720E+4	0.000000E+0	0.000000E+0
3.935701E+3	-9.995400E-5	1.246720E+4	0.000000E+0	0.000000E+0
3.939703E+3	-9.995300E-5	1.246700E+4	0.000000E+0	0.000000E+0
3.943702E+3	-9.995300E-5	1.246680E+4	0.000000E+0	0.000000E+0
3.947699E+3	-9.995200E-5	1.246680E+4	0.000000E+0	0.000000E+0
3.951703E+3	-9.995500E-5	1.246660E+4	0.000000E+0	0.000000E+0
3.955701E+3	-9.995200E-5	1.246660E+4	0.000000E+0	0.000000E+0
3.959707E+3	-9.995100E-5	1.246660E+4	0.000000E+0	0.000000E+0
3.963696E+3	-9.995300E-5	1.246650E+4	0.000000E+0	0.000000E+0
3.967713E+3	-9.995300E-5	1.246640E+4	0.000000E+0	0.000000E+0
3.971704E+3	-9.995300E-5	1.246610E+4	0.000000E+0	0.000000E+0
3.975704E+3	-9.995100E-5	1.246600E+4	0.000000E+0	0.000000E+0
3.979710E+3	-9.995300E-5	1.246580E+4	0.000000E+0	0.000000E+0
3.983707E+3	-9.995300E-5	1.246570E+4	0.000000E+0	0.000000E+0
3.987705E+3	-9.995300E-5	1.246560E+4	0.000000E+0	0.000000E+0
3.991703E+3	-9.995200E-5	1.246550E+4	0.000000E+0	0.000000E+0
3.995699E+3	-9.995200E-5	1.246530E+4	0.000000E+0	0.000000E+0
3.999701E+3	-9.995000E-5	1.246520E+4	0.000000E+0	0.000000E+0
4.003702E+3	-9.995000E-5	1.246510E+4	0.000000E+0	0.000000E+0
4.007701E+3	-9.995100E-5	1.246500E+4	0.000000E+0	0.000000E+0
4.011698E+3	-9.995100E-5	1.246480E+4	0.000000E+0	0.000000E+0
4.015701E+3	-9.995100E-5	1.246470E+4	0.000000E+0	0.000000E+0
4.019703E+3	-9.995100E-5	1.246460E+4	0.000000E+0	0.000000E+0
4.023705E+3	-9.995200E-5	1.246450E+4	0.000000E+0	0.000000E+0
4.027700E+3	-9.995100E-5	1.246430E+4	0.000000E+0	0.000000E+0
4.031701E+3	-9.995000E-5	1.246420E+4	0.000000E+0	0.000000E+0
4.035704E+3	-9.995100E-5	1.246410E+4	0.000000E+0	0.000000E+0
4.039703E+3	-9.995000E-5	1.246400E+4	0.000000E+0	0.000000E+0
4.043699E+3	-9.995300E-5	1.246390E+4	0.000000E+0	0.000000E+0
4.047700E+3	-9.995200E-5	1.246380E+4	0.000000E+0	0.000000E+0
4.051702E+3	-9.995100E-5	1.246360E+4	0.000000E+0	0.000000E+0
4.055701E+3	-9.995100E-5	1.246350E+4	0.000000E+0	0.000000E+0
4.059696E+3	-9.995000E-5	1.246340E+4	0.000000E+0	0.000000E+0
4.063707E+3	-9.995000E-5	1.246320E+4	0.000000E+0	0.000000E+0
4.067713E+3	-9.994900E-5	1.246320E+4	0.000000E+0	0.000000E+0
4.071699E+3	-9.994900E-5	1.246310E+4	0.000000E+0	0.000000E+0
4.075697E+3	-9.995000E-5	1.246290E+4	0.000000E+0	0.000000E+0
4.079702E+3	-9.994900E-5	1.246290E+4	0.000000E+0	0.000000E+0
4.083702E+3	-9.995000E-5	1.246280E+4	0.000000E+0	0.000000E+0
4.087705E+3	-9.995100E-5	1.246270E+4	0.000000E+0	0.000000E+0
4.091697E+3	-9.994900E-5	1.246250E+4	0.000000E+0	0.000000E+0
4.095703E+3	-9.994700E-5	1.246230E+4	0.000000E+0	0.000000E+0
4.099700E+3	-9.994900E-5	1.246230E+4	0.000000E+0	0.000000E+0
4.103701E+3	-9.994700E-5	1.246230E+4	0.000000E+0	0.000000E+0
4.107698E+3	-9.994900E-5	1.246210E+4	0.000000E+0	0.000000E+0
4.111701E+3	-9.994800E-5	1.246200E+4	0.000000E+0	0.000000E+0
4.115701E+3	-9.995000E-5	1.246190E+4	0.000000E+0	0.000000E+0
4.119701E+3	-9.995000E-5	1.246180E+4	0.000000E+0	0.000000E+0
4.123698E+3	-9.995000E-5	1.246170E+4	0.000000E+0	0.000000E+0
4.127701E+3	-9.995000E-5	1.246150E+4	0.000000E+0	0.000000E+0
4.131699E+3	-9.995000E-5	1.246150E+4	0.000000E+0	0.000000E+0
4.135706E+3	-9.994900E-5	1.246140E+4	0.000000E+0	0.000000E+0
4.139701E+3	-9.994900E-5	1.246130E+4	0.000000E+0	0.000000E+0
4.143702E+3	-9.994700E-5	1.246120E+4	0.000000E+0	0.000000E+0
4.147702E+3	-9.994900E-5	1.246110E+4	0.000000E+0	0.000000E+0
4.151702E+3	-9.994900E-5	1.246100E+4	0.000000E+0	0.000000E+0
4.155699E+3	-9.994800E-5	1.246080E+4	0.000000E+0	0.000000E+0
4.159702E+3	-9.994800E-5	1.246070E+4	0.000000E+0	0.000000E+0
4.163702E+3	-9.994900E-5	1.246070E+4	0.000000E+0	0.000000E+0
4.167705E+3	-9.995000E-5	1.246060E+4	0.000000E+0	0.000000E+0
4.171700E+3	-9.994600E-5	1.246040E+4	0.000000E+0	0.000000E+0
4.175702E+3	-9.994700E-5	1.246040E+4	0.000000E+0	0.000000E+0
4.179702E+3	-9.994900E-5	1.246030E+4	0.000000E+0	0.000000E+0
4.183703E+3	-9.995000E-5	1.246020E+4	0.000000E+0	0.000000E+0
4.187700E+3	-9.994800E-5	1.246010E+4	0.000000E+0	0.000000E+0
4.191703E+3	-9.994900E-5	1.246000E+4	0.000000E+0	0.000000E+0
4.195700E+3	-9.994800E-5	1.245990E+4	0.000000E+0	0.000000E+0
4.199701E+3	-9.995000E-5	1.245980E+4	0.000000E+0	0.000000E+0
4.203697E+3	-9.994800E-5	1.245970E+4	0.000000E+0	0.000000E+0
4.207704E+3	-9.994800E-5	1.245960E+4	0.000000E+0	0.000000E+0
4.211704E+3	-9.994800E-5	1.245950E+4	0.000000E+0	0.000000E+0
4.215703E+3	-9.994700E-5	1.245940E+4	0.000000E+0	0.000000E+0
4.219701E+3	-9.994900E-5	1.245930E+4	0.000000E+0	0.000000E+0
4.223703E+3	-9.994900E-5	1.245930E+4	0.000000E+0	0.000000E+0
4.227703E+3	-9.994800E-5	1.245910E+4	0.000000E+0	0.000000E+0
4.231701E+3	-9.994800E-5	1.245900E+4	0.000000E+0	0.000000E+0
4.235699E+3	-9.994700E-5	1.245900E+4	0.000000E+0	0.000000E+0
4.239704E+3	-9.994700E-5	1.245890E+4	0.000000E+0	0.000000E+0
4.243701E+3	-9.994500E-5	1.245880E+4	0.000000E+0	0.000000E+0
4.247699E+3	-9.994800E-5	1.245880E+4	0.000000E+0	0.000000E+0
4.251701E+3	-9.994700E-5	1.245860E+4	0.000000E+0	0.000000E+0
4.255701E+3	-9.994700E-5	1.245840E+4	0.000000E+0	0.000000E+0
4.259702E+3	-9.994800E-5	1.245820E+4	0.000000E+0	0.000000E+0
4.263700E+3	-9.994700E-5	1.245800E+4	0.000000E+0	0.000000E+0
4.267701E+3	-9.994900E-5	1.245790E+4	0.000000E+0	0.000000E+0
4.271702E+3	-9.994600E-5	1.245780E+4	0.000000E+0	0.000000E+0
4.275703E+3	-9.994800E-5	1.245760E+4	0.000000E+0	0.000000E+0
4.279707E+3	-9.994700E-5	1.245750E+4	0.000000E+0	0.000000E+0
4.283703E+3	-9.994800E-5	1.245740E+4	0.000000E+0	0.000000E+0
4.287703E+3	-9.994700E-5	1.245730E+4	0.000000E+0	0.000000E+0
4.291701E+3	-9.994600E-5	1.245720E+4	0.000000E+0	0.000000E+0
4.295701E+3	-9.994700E-5	1.245710E+4	0.000000E+0	0.000000E+0
4.299701E+3	-9.994700E-5	1.245700E+4	0.000000E+0	0.000000E+0
4.303701E+3	-9.994600E-5	1.245690E+4	0.000000E+0	0.000000E+0
4.307701E+3	-9.994700E-5	1.245680E+4	0.000000E+0	0.000000E+0
4.311702E+3	-9.994600E-5	1.245670E+4	0.000000E+0	0.000000E+0
4.315701E+3	-9.994600E-5	1.245660E+4	0.000000E+0	0.000000E+0
4.319701E+3	-9.994700E-5	1.245650E+4	0.000000E+0	0.000000E+0
4.323701E+3	-9.994600E-5	1.245630E+4	0.000000E+0	0.000000E+0
4.327702E+3	-9.994600E-5	1.245620E+4	0.000000E+0	0.000000E+0
4.331701E+3	-9.994400E-5	1.245610E+4	0.000000E+0	0.000000E+0
4.335701E+3	-9.994400E-5	1.245610E+4	0.000000E+0	0.000000E+0
4.339701E+3	-9.994600E-5	1.245600E+4	0.000000E+0	0.000000E+0
4.343700E+3	-9.994500E-5	1.245590E+4	0.000000E+0	0.000000E+0
4.347699E+3	-9.994400E-5	1.245570E+4	0.000000E+0	0.000000E+0
4.351702E+3	-9.994600E-5	1.245570E+4	0.000000E+0	0.000000E+0
4.355702E+3	-9.994500E-5	1.245560E+4	0.000000E+0	0.000000E+0
4.359702E+3	-9.994500E-5	1.245550E+4	0.000000E+0	0.000000E+0
4.363703E+3	-9.994400E-5	1.245540E+4	0.000000E+0	0.000000E+0
4.367702E+3	-9.994500E-5	1.245530E+4	0.000000E+0	0.000000E+0
4.371702E+3	-9.994600E-5	1.245520E+4	0.000000E+0	0.000000E+0
4.375702E+3	-9.994400E-5	1.245510E+4	0.000000E+0	0.000000E+0
4.379702E+3	-9.994600E-5	1.245490E+4	0.000000E+0	0.000000E+0
4.383702E+3	-9.994500E-5	1.245480E+4	0.000000E+0	0.000000E+0
4.387701E+3	-9.994600E-5	1.245480E+4	0.000000E+0	0.000000E+0
4.391703E+3	-9.994500E-5	1.245460E+4	0.000000E+0	0.000000E+0
4.395700E+3	-9.994600E-5	1.245450E+4	0.000000E+0	0.000000E+0
4.399700E+3	-9.994700E-5	1.245440E+4	0.000000E+0	0.000000E+0
4.403709E+3	-9.994600E-5	1.245430E+4	0.000000E+0	0.000000E+0
4.407702E+3	-9.994600E-5	1.245420E+4	0.000000E+0	0.000000E+0
4.411701E+3	-9.994500E-5	1.245410E+4	0.000000E+0	0.000000E+0
4.415703E+3	-9.994300E-5	1.245400E+4	0.000000E+0	0.000000E+0
4.419703E+3	-9.994600E-5	1.245390E+4	0.000000E+0	0.000000E+0
4.423702E+3	-9.994600E-5	1.245380E+4	0.000000E+0	0.000000E+0
4.427702E+3	-9.994400E-5	1.245360E+4	0.000000E+0	0.000000E+0
4.431702E+3	-9.994400E-5	1.245350E+4	0.000000E+0	0.000000E+0
4.435710E+3	-9.994500E-5	1.245340E+4	0.000000E+0	0.000000E+0
4.439703E+3	-9.994500E-5	1.245330E+4	0.000000E+0	0.000000E+0
4.443699E+3	-9.994300E-5	1.245310E+4	0.000000E+0	0.000000E+0
4.447702E+3	-9.994400E-5	1.245300E+4	0.000000E+0	0.000000E+0
4.451702E+3	-9.994400E-5	1.245280E+4	0.000000E+0	0.000000E+0
4.455701E+3	-9.994500E-5	1.245270E+4	0.000000E+0	0.000000E+0
4.459700E+3	-9.994300E-5	1.245270E+4	0.000000E+0	0.000000E+0
4.463702E+3	-9.994200E-5	1.245250E+4	0.000000E+0	0.000000E+0
4.467702E+3	-9.994400E-5	1.245240E+4	0.000000E+0	0.000000E+0
4.471705E+3	-9.994400E-5	1.245240E+4	0.000000E+0	0.000000E+0
4.475700E+3	-9.994400E-5	1.245230E+4	0.000000E+0	0.000000E+0
4.479705E+3	-9.994400E-5	1.245210E+4	0.000000E+0	0.000000E+0
4.483703E+3	-9.994300E-5	1.245210E+4	0.000000E+0	0.000000E+0
4.487701E+3	-9.994400E-5	1.245200E+4	0.000000E+0	0.000000E+0
4.491700E+3	-9.994400E-5	1.245190E+4	0.000000E+0	0.000000E+0
4.495703E+3	-9.994500E-5	1.245180E+4	0.000000E+0	0.000000E+0
4.499703E+3	-9.994300E-5	1.245170E+4	0.000000E+0	0.000000E+0
4.503704E+3	-9.994100E-5	1.245160E+4	0.000000E+0	0.000000E+0
4.507701E+3	-9.994200E-5	1.245150E+4	0.000000E+0	0.000000E+0
4.511701E+3	-9.994300E-5	1.245130E+4	0.000000E+0	0.000000E+0
4.515701E+3	-9.994300E-5	1.245130E+4	0.000000E+0	0.000000E+0
4.519702E+3	-9.994400E-5	1.245120E+4	0.000000E+0	0.000000E+0
4.523698E+3	-9.994500E-5	1.245110E+4	0.000000E+0	0.000000E+0
4.527702E+3	-9.994300E-5	1.245090E+4	0.000000E+0	0.000000E+0
4.531699E+3	-9.994200E-5	1.245090E+4	0.000000E+0	0.000000E+0
4.535707E+3	-9.994200E-5	1.245080E+4	0.000000E+0	0.000000E+0
4.539704E+3	-9.994300E-5	1.245080E+4	0.000000E+0	0.000000E+0
4.543702E+3	-9.994200E-5	1.245070E+4	0.000000E+0	0.000000E+0
4.547704E+3	-9.994400E-5	1.245050E+4	0.000000E+0	0.000000E+0
4.551704E+3	-9.994300E-5	1.245040E+4	0.000000E+0	0.000000E+0
4.555700E+3	-9.994200E-5	1.245020E+4	0.000000E+0	0.000000E+0
4.559702E+3	-9.994300E-5	1.245010E+4	0.000000E+0	0.000000E+0
4.563702E+3	-9.994200E-5	1.245000E+4	0.000000E+0	0.000000E+0
4.567707E+3	-9.994400E-5	1.244990E+4	0.000000E+0	0.000000E+0
4.571702E+3	-9.994600E-5	1.244970E+4	0.000000E+0	0.000000E+0
4.575701E+3	-9.994300E-5	1.244960E+4	0.000000E+0	0.000000E+0
4.579703E+3	-9.994200E-5	1.244950E+4	0.000000E+0	0.000000E+0
4.583708E+3	-9.994300E-5	1.244930E+4	0.000000E+0	0.000000E+0
4.587703E+3	-9.994300E-5	1.244920E+4	0.000000E+0	0.000000E+0
4.591701E+3	-9.994500E-5	1.244910E+4	0.000000E+0	0.000000E+0
4.595700E+3	-9.994300E-5	1.244900E+4	0.000000E+0	0.000000E+0
4.599707E+3	-9.994300E-5	1.244890E+4	0.000000E+0	0.000000E+0
4.603703E+3	-9.994200E-5	1.244890E+4	0.000000E+0	0.000000E+0
4.607702E+3	-9.994500E-5	1.244860E+4	0.000000E+0	0.000000E+0
4.611702E+3	-9.994300E-5	1.244850E+4	0.000000E+0	0.000000E+0
4.615709E+3	-9.994400E-5	1.244810E+4	0.000000E+0	0.000000E+0
4.619699E+3	-9.994400E-5	1.244800E+4	0.000000E+0	0.000000E+0
4.623705E+3	-9.994300E-5	1.244800E+4	0.000000E+0	0.000000E+0
4.627701E+3	-9.994200E-5	1.244780E+4	0.000000E+0	0.000000E+0
4.631707E+3	-9.994300E-5	1.244770E+4	0.000000E+0	0.000000E+0
4.635702E+3	-9.994200E-5	1.244760E+4	0.000000E+0	0.000000E+0
4.639702E+3	-9.994500E-5	1.244750E+4	0.000000E+0	0.000000E+0
4.643700E+3	-9.994300E-5	1.244730E+4	0.000000E+0	0.000000E+0
4.647708E+3	-9.994200E-5	1.244720E+4	0.000000E+0	0.000000E+0
4.651702E+3	-9.994300E-5	1.244700E+4	0.000000E+0	0.000000E+0
4.655702E+3	-9.994200E-5	1.244700E+4	0.000000E+0	0.000000E+0
4.659700E+3	-9.994100E-5	1.244680E+4	0.000000E+0	0.000000E+0
4.663708E+3	-9.994300E-5	1.244670E+4	0.000000E+0	0.000000E+0
4.667700E+3	-9.994200E-5	1.244660E+4	0.000000E+0	0.000000E+0
4.671703E+3	-9.994300E-5	1.244640E+4	0.000000E+0	0.000000E+0
4.675701E+3	-9.994200E-5	1.244630E+4	0.000000E+0	0.000000E+0
4.679705E+3	-9.994100E-5	1.244620E+4	0.000000E+0	0.000000E+0
4.683700E+3	-9.994100E-5	1.244600E+4	0.000000E+0	0.000000E+0
4.687703E+3	-9.994200E-5	1.244590E+4	0.000000E+0	0.000000E+0
4.691701E+3	-9.994100E-5	1.244580E+4	0.000000E+0	0.000000E+0
4.695707E+3	-9.994100E-5	1.244570E+4	0.000000E+0	0.000000E+0
4.699701E+3	-9.994200E-5	1.244560E+4	0.000000E+0	0.000000E+0
4.703702E+3	-9.994000E-5	1.244550E+4	0.000000E+0	0.000000E+0
4.707702E+3	-9.993900E-5	1.244540E+4	0.000000E+0	0.000000E+0
4.711706E+3	-9.994100E-5	1.244520E+4	0.000000E+0	0.000000E+0
4.715701E+3	-9.993900E-5	1.244500E+4	0.000000E+0	0.000000E+0
4.719704E+3	-9.994100E-5	1.244500E+4	0.000000E+0	0.000000E+0
4.723702E+3	-9.994000E-5	1.244480E+4	0.000000E+0	0.000000E+0
4.727707E+3	-9.993900E-5	1.244470E+4	0.000000E+0	0.000000E+0
4.731700E+3	-9.993900E-5	1.244450E+4	0.000000E+0	0.000000E+0
4.735702E+3	-9.994100E-5	1.244440E+4	0.000000E+0	0.000000E+0
4.739700E+3	-9.994000E-5	1.244420E+4	0.000000E+0	0.000000E+0
4.743707E+3	-9.994000E-5	1.244410E+4	0.000000E+0	0.000000E+0
4.747702E+3	-9.994100E-5	1.244390E+4	0.000000E+0	0.000000E+0
4.751702E+3	-9.994100E-5	1.244370E+4	0.000000E+0	0.000000E+0
4.755702E+3	-9.994000E-5	1.244370E+4	0.000000E+0	0.000000E+0
4.759708E+3	-9.994000E-5	1.244350E+4	0.000000E+0	0.000000E+0
4.763701E+3	-9.994000E-5	1.244340E+4	0.000000E+0	0.000000E+0
4.767701E+3	-9.994000E-5	1.244330E+4	0.000000E+0	0.000000E+0
4.771700E+3	-9.993900E-5	1.244320E+4	0.000000E+0	0.000000E+0
4.775708E+3	-9.994000E-5	1.244310E+4	0.000000E+0	0.000000E+0
4.779701E+3	-9.994100E-5	1.244280E+4	0.000000E+0	0.000000E+0
4.783701E+3	-9.994000E-5	1.244280E+4	0.000000E+0	0.000000E+0
4.787699E+3	-9.994100E-5	1.244260E+4	0.000000E+0	0.000000E+0
4.791706E+3	-9.993900E-5	1.244240E+4	0.000000E+0	0.000000E+0
4.795701E+3	-9.994000E-5	1.244230E+4	0.000000E+0	0.000000E+0
4.799701E+3	-9.993800E-5	1.244220E+4	0.000000E+0	0.000000E+0
4.803701E+3	-9.994100E-5	1.244210E+4	0.000000E+0	0.000000E+0
4.807707E+3	-9.993900E-5	1.244190E+4	0.000000E+0	0.000000E+0
4.811701E+3	-9.994000E-5	1.244180E+4	0.000000E+0	0.000000E+0
4.815702E+3	-9.993800E-5	1.244170E+4	0.000000E+0	0.000000E+0
4.819700E+3	-9.993700E-5	1.244150E+4	0.000000E+0	0.000000E+0
4.823703E+3	-9.993800E-5	1.244140E+4	0.000000E+0	0.000000E+0
4.827702E+3	-9.993900E-5	1.244130E+4	0.000000E+0	0.000000E+0
4.831702E+3	-9.994000E-5	1.244120E+4	0.000000E+0	0.000000E+0
4.835703E+3	-9.993900E-5	1.244100E+4	0.000000E+0	0.000000E+0
4.839708E+3	-9.993700E-5	1.244090E+4	0.000000E+0	0.000000E+0
4.843702E+3	-9.994000E-5	1.244080E+4	0.000000E+0	0.000000E+0
4.847700E+3	-9.993500E-5	1.244060E+4	0.000000E+0	0.000000E+0
4.851700E+3	-9.993400E-5	1.244050E+4	0.000000E+0	0.000000E+0
4.855706E+3	-9.993600E-5	1.244030E+4	0.000000E+0	0.000000E+0
4.859701E+3	-9.993800E-5	1.244010E+4	0.000000E+0	0.000000E+0
4.863701E+3	-9.993400E-5	1.244010E+4	0.000000E+0	0.000000E+0
4.867701E+3	-9.993500E-5	1.243980E+4	0.000000E+0	0.000000E+0
4.871708E+3	-9.993800E-5	1.243980E+4	0.000000E+0	0.000000E+0
4.875701E+3	-9.993500E-5	1.243960E+4	0.000000E+0	0.000000E+0
4.879700E+3	-9.993400E-5	1.243950E+4	0.000000E+0	0.000000E+0
4.883699E+3	-9.993300E-5	1.243940E+4	0.000000E+0	0.000000E+0
4.887707E+3	-9.993300E-5	1.243920E+4	0.000000E+0	0.000000E+0
4.891702E+3	-9.993500E-5	1.243900E+4	0.000000E+0	0.000000E+0
4.895701E+3	-9.993400E-5	1.243890E+4	0.000000E+0	0.000000E+0
4.899699E+3	-9.993300E-5	1.243870E+4	0.000000E+0	0.000000E+0
4.903707E+3	-9.993600E-5	1.243870E+4	0.000000E+0	0.000000E+0
4.907702E+3	-9.993400E-5	1.243850E+4	0.000000E+0	0.000000E+0
4.911701E+3	-9.993300E-5	1.243840E+4	0.000000E+0	0.000000E+0
4.915699E+3	-9.993300E-5	1.243820E+4	0.000000E+0	0.000000E+0
4.919704E+3	-9.993400E-5	1.243810E+4	0.000000E+0	0.000000E+0
4.923697E+3	-9.993400E-5	1.243790E+4	0.000000E+0	0.000000E+0
4.927702E+3	-9.993300E-5	1.243780E+4	0.000000E+0	0.000000E+0
4.931702E+3	-9.993300E-5	1.243760E+4	0.000000E+0	0.000000E+0
4.935706E+3	-9.993500E-5	1.243760E+4	0.000000E+0	0.000000E+0
4.939696E+3	-9.993400E-5	1.243740E+4	0.000000E+0	0.000000E+0
4.943702E+3	-9.993500E-5	1.243730E+4	0.000000E+0	0.000000E+0
4.947702E+3	-9.993300E-5	1.243720E+4	0.000000E+0	0.000000E+0
4.951706E+3	-9.993300E-5	1.243700E+4	0.000000E+0	0.000000E+0
4.955696E+3	-9.993600E-5	1.243660E+4	0.000000E+0	0.000000E+0
4.959701E+3	-9.993600E-5	1.243650E+4	0.000000E+0	0.000000E+0
4.963701E+3	-9.993600E-5	1.243640E+4	0.000000E+0	0.000000E+0
4.967704E+3	-9.993700E-5	1.243630E+4	0.000000E+0	0.000000E+0
4.971699E+3	-9.993500E-5	1.243610E+4	0.000000E+0	0.000000E+0
4.975703E+3	-9.993500E-5	1.243600E+4	0.000000E+0	0.000000E+0
4.979701E+3	-9.993600E-5	1.243580E+4	0.000000E+0	0.000000E+0
4.983704E+3	-9.993400E-5	1.243570E+4	0.000000E+0	0.000000E+0
4.987698E+3	-9.993600E-5	1.243560E+4	0.000000E+0	0.000000E+0
4.991703E+3	-9.993500E-5	1.243540E+4	0.000000E+0	0.000000E+0
4.995704E+3	-9.993700E-5	1.243530E+4	0.000000E+0	0.000000E+0
4.999709E+3	-9.993700E-5	1.243520E+4	0.000000E+0	0.000000E+0
5.003699E+3	-9.993600E-5	1.243490E+4	0.000000E+0	0.000000E+0
5.007702E+3	-9.993500E-5	1.243490E+4	0.000000E+0	0.000000E+0
5.011710E+3	-9.993600E-5	1.243470E+4	0.000000E+0	0.000000E+0
5.015708E+3	-9.993300E-5	1.243460E+4	0.000000E+0	0.000000E+0
5.019699E+3	-9.993200E-5	1.243450E+4	0.000000E+0	0.000000E+0
5.023699E+3	-9.993200E-5	1.243430E+4	0.000000E+0	0.000000E+0
5.027702E+3	-9.993500E-5	1.243420E+4	0.000000E+0	0.000000E+0
5.031705E+3	-9.993500E-5	1.243400E+4	0.000000E+0	0.000000E+0
5.035698E+3	-9.993000E-5	1.243380E+4	0.000000E+0	0.000000E+0
5.039706E+3	-9.993500E-5	1.243370E+4	0.000000E+0	0.000000E+0
5.043714E+3	-9.993100E-5	1.243360E+4	0.000000E+0	0.000000E+0
5.047700E+3	-9.992900E-5	1.243350E+4	0.000000E+0	0.000000E+0
5.051698E+3	-9.993000E-5	1.243330E+4	0.000000E+0	0.000000E+0
5.055701E+3	-9.993300E-5	1.243330E+4	0.000000E+0	0.000000E+0
5.059700E+3	-9.993500E-5	1.243310E+4	0.000000E+0	0.000000E+0
5.063707E+3	-9.993300E-5	1.243300E+4	0.000000E+0	0.000000E+0
5.067703E+3	-9.993300E-5	1.243290E+4	0.000000E+0	0.000000E+0
5.071703E+3	-9.993300E-5	1.243280E+4	0.000000E+0	0.000000E+0
5.075704E+3	-9.993200E-5	1.243260E+4	0.000000E+0	0.000000E+0
5.079705E+3	-9.993300E-5	1.243250E+4	0.000000E+0	0.000000E+0
5.083701E+3	-9.993500E-5	1.243240E+4	0.000000E+0	0.000000E+0
5.087702E+3	-9.993400E-5	1.243230E+4	0.000000E+0	0.000000E+0
5.091699E+3	-9.993400E-5	1.243220E+4	0.000000E+0	0.000000E+0
5.095705E+3	-9.993300E-5	1.243210E+4	0.000000E+0	0.000000E+0
5.099704E+3	-9.993400E-5	1.243190E+4	0.000000E+0	0.000000E+0
5.103700E+3	-9.992900E-5	1.243180E+4	0.000000E+0	0.000000E+0
5.107704E+3	-9.993400E-5	1.243170E+4	0.000000E+0	0.000000E+0
5.111707E+3	-9.993400E-5	1.243150E+4	0.000000E+0	0.000000E+0
5.115697E+3	-9.993300E-5	1.243140E+4	0.000000E+0	0.000000E+0
5.119702E+3	-9.993500E-5	1.243120E+4	0.000000E+0	0.000000E+0
5.123700E+3	-9.993300E-5	1.243110E+4	0.000000E+0	0.000000E+0
5.127708E+3	-9.993200E-5	1.243110E+4	0.000000E+0	0.000000E+0
5.131698E+3	-9.993200E-5	1.243090E+4	0.000000E+0	0.000000E+0
5.135701E+3	-9.992900E-5	1.243070E+4	0.000000E+0	0.000000E+0
5.139701E+3	-9.992900E-5	1.243060E+4	0.000000E+0	0.000000E+0
5.143709E+3	-9.993000E-5	1.243050E+4	0.000000E+0	0.000000E+0
5.147699E+3	-9.993400E-5	1.243030E+4	0.000000E+0	0.000000E+0
5.151701E+3	-9.993100E-5	1.243020E+4	0.000000E+0	0.000000E+0
5.155703E+3	-9.992900E-5	1.243000E+4	0.000000E+0	0.000000E+0
5.159706E+3	-9.992900E-5	1.242990E+4	0.000000E+0	0.000000E+0
5.163697E+3	-9.992800E-5	1.242980E+4	0.000000E+0	0.000000E+0
5.167701E+3	-9.992900E-5	1.242970E+4	0.000000E+0	0.000000E+0
5.171699E+3	-9.992800E-5	1.242950E+4	0.000000E+0	0.000000E+0
5.175706E+3	-9.992900E-5	1.242950E+4	0.000000E+0	0.000000E+0
5.179699E+3	-9.992700E-5	1.242920E+4	0.000000E+0	0.000000E+0
5.183702E+3	-9.992800E-5	1.242920E+4	0.000000E+0	0.000000E+0
5.187699E+3	-9.992900E-5	1.242900E+4	0.000000E+0	0.000000E+0
5.191705E+3	-9.992800E-5	1.242890E+4	0.000000E+0	0.000000E+0
5.195699E+3	-9.992800E-5	1.242870E+4	0.000000E+0	0.000000E+0
5.199704E+3	-9.992700E-5	1.242850E+4	0.000000E+0	0.000000E+0
5.203704E+3	-9.992800E-5	1.242840E+4	0.000000E+0	0.000000E+0
5.207705E+3	-9.992900E-5	1.242830E+4	0.000000E+0	0.000000E+0
5.211699E+3	-9.992800E-5	1.242810E+4	0.000000E+0	0.000000E+0
5.215701E+3	-9.993000E-5	1.242800E+4	0.000000E+0	0.000000E+0
5.219703E+3	-9.993100E-5	1.242770E+4	0.000000E+0	0.000000E+0
5.223705E+3	-9.992700E-5	1.242760E+4	0.000000E+0	0.000000E+0
5.227698E+3	-9.992800E-5	1.242750E+4	0.000000E+0	0.000000E+0
5.231699E+3	-9.992700E-5	1.242730E+4	0.000000E+0	0.000000E+0
5.235700E+3	-9.992700E-5	1.242720E+4	0.000000E+0	0.000000E+0
5.239706E+3	-9.993100E-5	1.242700E+4	0.000000E+0	0.000000E+0
5.243698E+3	-9.992600E-5	1.242690E+4	0.000000E+0	0.000000E+0
5.247699E+3	-9.992600E-5	1.242680E+4	0.000000E+0	0.000000E+0
5.251699E+3	-9.992800E-5	1.242660E+4	0.000000E+0	0.000000E+0
5.255707E+3	-9.992700E-5	1.242660E+4	0.000000E+0	0.000000E+0
5.259698E+3	-9.992700E-5	1.242640E+4	0.000000E+0	0.000000E+0
5.263700E+3	-9.992800E-5	1.242610E+4	0.000000E+0	0.000000E+0
5.267702E+3	-9.992600E-5	1.242600E+4	0.000000E+0	0.000000E+0
5.271707E+3	-9.992800E-5	1.242590E+4	0.000000E+0	0.000000E+0
5.275697E+3	-9.992800E-5	1.242580E+4	0.000000E+0	0.000000E+0
5.279700E+3	-9.992700E-5	1.242570E+4	0.000000E+0	0.000000E+0
5.283702E+3	-9.992700E-5	1.242550E+4	0.000000E+0	0.000000E+0
5.287705E+3	-9.992800E-5	1.242540E+4	0.000000E+0	0.000000E+0
5.291699E+3	-9.992700E-5	1.242520E+4	0.000000E+0	0.000000E+0
5.295700E+3	-9.992700E-5	1.242510E+4	0.000000E+0	0.000000E+0
5.299702E+3	-9.993100E-5	1.242490E+4	0.000000E+0	0.000000E+0
5.303707E+3	-9.992800E-5	1.242480E+4	0.000000E+0	0.000000E+0
5.307700E+3	-9.992900E-5	1.242460E+4	0.000000E+0	0.000000E+0
5.311701E+3	-9.992900E-5	1.242450E+4	0.000000E+0	0.000000E+0
5.315700E+3	-9.992900E-5	1.242430E+4	0.000000E+0	0.000000E+0
5.319706E+3	-9.993000E-5	1.242430E+4	0.000000E+0	0.000000E+0
5.323698E+3	-9.992600E-5	1.242410E+4	0.000000E+0	0.000000E+0
5.327701E+3	-9.993000E-5	1.242390E+4	0.000000E+0	0.000000E+0
5.331700E+3	-9.992800E-5	1.242370E+4	0.000000E+0	0.000000E+0
5.335706E+3	-9.992900E-5	1.242360E+4	0.000000E+0	0.000000E+0
5.339698E+3	-9.992600E-5	1.242340E+4	0.000000E+0	0.000000E+0
5.343704E+3	-9.992700E-5	1.242330E+4	0.000000E+0	0.000000E+0
5.347711E+3	-9.992700E-5	1.242320E+4	0.000000E+0	0.000000E+0
5.351707E+3	-9.992600E-5	1.242290E+4	0.000000E+0	0.000000E+0
5.355701E+3	-9.992700E-5	1.242260E+4	0.000000E+0	0.000000E+0
5.359702E+3	-9.992600E-5	1.242240E+4	0.000000E+0	0.000000E+0
5.363701E+3	-9.992400E-5	1.242230E+4	0.000000E+0	0.000000E+0
5.367706E+3	-9.992500E-5	1.242220E+4	0.000000E+0	0.000000E+0
5.371697E+3	-9.992600E-5	1.242200E+4	0.000000E+0	0.000000E+0
5.375698E+3	-9.992900E-5	1.242190E+4	0.000000E+0	0.000000E+0
5.379702E+3	-9.992500E-5	1.242170E+4	0.000000E+0	0.000000E+0
5.383704E+3	-9.992400E-5	1.242160E+4	0.000000E+0	0.000000E+0
5.387697E+3	-9.992300E-5	1.242150E+4	0.000000E+0	0.000000E+0
5.391698E+3	-9.992400E-5	1.242140E+4	0.000000E+0	0.000000E+0
5.395700E+3	-9.992500E-5	1.242130E+4	0.000000E+0	0.000000E+0
5.399707E+3	-9.992200E-5	1.242110E+4	0.000000E+0	0.000000E+0
5.403699E+3	-9.992400E-5	1.242090E+4	0.000000E+0	0.000000E+0
5.407701E+3	-9.992300E-5	1.242080E+4	0.000000E+0	0.000000E+0
5.411703E+3	-9.992500E-5	1.242070E+4	0.000000E+0	0.000000E+0
5.415706E+3	-9.992400E-5	1.242050E+4	0.000000E+0	0.000000E+0
5.419700E+3	-9.992500E-5	1.242030E+4	0.000000E+0	0.000000E+0
5.423700E+3	-9.992500E-5	1.242030E+4	0.000000E+0	0.000000E+0
5.427703E+3	-9.992200E-5	1.242000E+4	0.000000E+0	0.000000E+0
5.431704E+3	-9.992300E-5	1.241990E+4	0.000000E+0	0.000000E+0
5.435698E+3	-9.992200E-5	1.241970E+4	0.000000E+0	0.000000E+0
5.439699E+3	-9.992300E-5	1.241970E+4	0.000000E+0	0.000000E+0
5.443699E+3	-9.992200E-5	1.241960E+4	0.000000E+0	0.000000E+0
5.447703E+3	-9.992200E-5	1.241940E+4	0.000000E+0	0.000000E+0
5.451696E+3	-9.992500E-5	1.241930E+4	0.000000E+0	0.000000E+0
5.455703E+3	-9.992100E-5	1.241910E+4	0.000000E+0	0.000000E+0
5.459706E+3	-9.992100E-5	1.241900E+4	0.000000E+0	0.000000E+0
5.463704E+3	-9.992100E-5	1.241880E+4	0.000000E+0	0.000000E+0
5.467712E+3	-9.992200E-5	1.241880E+4	0.000000E+0	0.000000E+0
5.471702E+3	-9.992200E-5	1.241860E+4	0.000000E+0	0.000000E+0
5.475705E+3	-9.992200E-5	1.241830E+4	0.000000E+0	0.000000E+0
5.479704E+3	-9.992000E-5	1.241820E+4	0.000000E+0	0.000000E+0
5.483699E+3	-9.992300E-5	1.241820E+4	0.000000E+0	0.000000E+0
5.487700E+3	-9.991900E-5	1.241800E+4	0.000000E+0	0.000000E+0
5.491700E+3	-9.992200E-5	1.241780E+4	0.000000E+0	0.000000E+0
5.495702E+3	-9.992100E-5	1.241780E+4	0.000000E+0	0.000000E+0
5.499697E+3	-9.992200E-5	1.241760E+4	0.000000E+0	0.000000E+0
5.503699E+3	-9.992400E-5	1.241750E+4	0.000000E+0	0.000000E+0
5.507702E+3	-9.991900E-5	1.241730E+4	0.000000E+0	0.000000E+0
5.511705E+3	-9.992000E-5	1.241720E+4	0.000000E+0	0.000000E+0
5.515698E+3	-9.992400E-5	1.241710E+4	0.000000E+0	0.000000E+0
5.519701E+3	-9.992400E-5	1.241700E+4	0.000000E+0	0.000000E+0
5.523703E+3	-9.992100E-5	1.241680E+4	0.000000E+0	0.000000E+0
5.527704E+3	-9.992400E-5	1.241680E+4	0.000000E+0	0.000000E+0
5.531698E+3	-9.992300E-5	1.241660E+4	0.000000E+0	0.000000E+0
5.535701E+3	-9.992300E-5	1.241650E+4	0.000000E+0	0.000000E+0
5.539712E+3	-9.992200E-5	1.241630E+4	0.000000E+0	0.000000E+0
5.543704E+3	-9.992200E-5	1.241620E+4	0.000000E+0	0.000000E+0
5.547701E+3	-9.992300E-5	1.241610E+4	0.000000E+0	0.000000E+0
5.551704E+3	-9.992400E-5	1.241600E+4	0.000000E+0	0.000000E+0
5.555701E+3	-9.992300E-5	1.241590E+4	0.000000E+0	0.000000E+0
5.559705E+3	-9.992100E-5	1.241570E+4	0.000000E+0	0.000000E+0
5.563699E+3	-9.991900E-5	1.241560E+4	0.000000E+0	0.000000E+0
5.567704E+3	-9.992400E-5	1.241540E+4	0.000000E+0	0.000000E+0
5.571704E+3	-9.991700E-5	1.241530E+4	0.000000E+0	0.000000E+0
5.575704E+3	-9.992000E-5	1.241520E+4	0.000000E+0	0.000000E+0
5.579700E+3	-9.992000E-5	1.241510E+4	0.000000E+0	0.000000E+0
5.583700E+3	-9.991800E-5	1.241500E+4	0.000000E+0	0.000000E+0
5.587710E+3	-9.992000E-5	1.241480E+4	0.000000E+0	0.000000E+0
5.591708E+3	-9.991800E-5	1.241480E+4	0.000000E+0	0.000000E+0
5.595702E+3	-9.991800E-5	1.241460E+4	0.000000E+0	0.000000E+0
5.599700E+3	-9.992000E-5	1.241450E+4	0.000000E+0	0.000000E+0
5.603711E+3	-9.992000E-5	1.241450E+4	0.000000E+0	0.000000E+0
5.607706E+3	-9.991900E-5	1.241430E+4	0.000000E+0	0.000000E+0
5.611699E+3	-9.991900E-5	1.241410E+4	0.000000E+0	0.000000E+0
5.615701E+3	-9.991900E-5	1.241390E+4	0.000000E+0	0.000000E+0
5.619711E+3	-9.991800E-5	1.241380E+4	0.000000E+0	0.000000E+0
5.623708E+3	-9.991900E-5	1.241370E+4	0.000000E+0	0.000000E+0
5.627701E+3	-9.991700E-5	1.241360E+4	0.000000E+0	0.000000E+0
5.631701E+3	-9.991700E-5	1.241340E+4	0.000000E+0	0.000000E+0
5.635699E+3	-9.992000E-5	1.241330E+4	0.000000E+0	0.000000E+0
5.639704E+3	-9.991700E-5	1.241320E+4	0.000000E+0	0.000000E+0
5.643699E+3	-9.991700E-5	1.241320E+4	0.000000E+0	0.000000E+0
5.647701E+3	-9.991700E-5	1.241300E+4	0.000000E+0	0.000000E+0
5.651699E+3	-9.991900E-5	1.241290E+4	0.000000E+0	0.000000E+0
5.655707E+3	-9.992000E-5	1.241280E+4	0.000000E+0	0.000000E+0
5.659697E+3	-9.991900E-5	1.241270E+4	0.000000E+0	0.000000E+0
5.663700E+3	-9.991900E-5	1.241260E+4	0.000000E+0	0.000000E+0
5.667702E+3	-9.991900E-5	1.241240E+4	0.000000E+0	0.000000E+0
5.671707E+3	-9.992200E-5	1.241240E+4	0.000000E+0	0.000000E+0
5.675700E+3	-9.991900E-5	1.241210E+4	0.000000E+0	0.000000E+0
5.679702E+3	-9.991900E-5	1.241210E+4	0.000000E+0	0.000000E+0
5.683711E+3	-9.992000E-5	1.241200E+4	0.000000E+0	0.000000E+0
5.687706E+3	-9.992000E-5	1.241190E+4	0.000000E+0	0.000000E+0
5.691699E+3	-9.991900E-5	1.241180E+4	0.000000E+0	0.000000E+0
5.695700E+3	-9.991900E-5	1.241160E+4	0.000000E+0	0.000000E+0
5.699698E+3	-9.991800E-5	1.241150E+4	0.000000E+0	0.000000E+0
5.703705E+3	-9.991700E-5	1.241140E+4	0.000000E+0	0.000000E+0
5.707698E+3	-9.992000E-5	1.241130E+4	0.000000E+0	0.000000E+0
5.711701E+3	-9.991900E-5	1.241120E+4	0.000000E+0	0.000000E+0
5.715700E+3	-9.991900E-5	1.241110E+4	0.000000E+0	0.000000E+0
5.719706E+3	-9.991900E-5	1.241070E+4	0.000000E+0	0.000000E+0
5.723698E+3	-9.991800E-5	1.241060E+4	0.000000E+0	0.000000E+0
5.727700E+3	-9.992000E-5	1.241060E+4	0.000000E+0	0.000000E+0
5.731706E+3	-9.992000E-5	1.241040E+4	0.000000E+0	0.000000E+0
5.735706E+3	-9.991900E-5	1.241030E+4	0.000000E+0	0.000000E+0
5.739699E+3	-9.991900E-5	1.241020E+4	0.000000E+0	0.000000E+0
5.743698E+3	-9.991700E-5	1.241010E+4	0.000000E+0	0.000000E+0
5.747710E+3	-9.991900E-5	1.241000E+4	0.000000E+0	0.000000E+0
5.751709E+3	-9.991600E-5	1.240980E+4	0.000000E+0	0.000000E+0
5.755705E+3	-9.991900E-5	1.240970E+4	0.000000E+0	0.000000E+0
5.759705E+3	-9.991700E-5	1.240970E+4	0.000000E+0	0.000000E+0
5.763702E+3	-9.991800E-5	1.240960E+4	0.000000E+0	0.000000E+0
5.767706E+3	-9.991700E-5	1.240940E+4	0.000000E+0	0.000000E+0
5.771699E+3	-9.991900E-5	1.240940E+4	0.000000E+0	0.000000E+0
5.775700E+3	-9.991700E-5	1.240930E+4	0.000000E+0	0.000000E+0
5.779705E+3	-9.991700E-5	1.240920E+4	0.000000E+0	0.000000E+0
5.783707E+3	-9.991900E-5	1.240910E+4	0.000000E+0	0.000000E+0
5.787700E+3	-9.991700E-5	1.240900E+4	0.000000E+0	0.000000E+0
5.791701E+3	-9.991700E-5	1.240890E+4	0.000000E+0	0.000000E+0
5.795701E+3	-9.991700E-5	1.240880E+4	0.000000E+0	0.000000E+0
5.799705E+3	-9.991600E-5	1.240870E+4	0.000000E+0	0.000000E+0
5.803698E+3	-9.991700E-5	1.240850E+4	0.000000E+0	0.000000E+0
5.807699E+3	-9.991500E-5	1.240850E+4	0.000000E+0	0.000000E+0
5.811703E+3	-9.991600E-5	1.240830E+4	0.000000E+0	0.000000E+0
5.815706E+3	-9.991600E-5	1.240820E+4	0.000000E+0	0.000000E+0
5.819699E+3	-9.991600E-5	1.240820E+4	0.000000E+0	0.000000E+0
5.823699E+3	-9.991700E-5	1.240810E+4	0.000000E+0	0.000000E+0
5.827701E+3	-9.991700E-5	1.240800E+4	0.000000E+0	0.000000E+0
5.831706E+3	-9.991600E-5	1.240790E+4	0.000000E+0	0.000000E+0
5.835699E+3	-9.991600E-5	1.240780E+4	0.000000E+0	0.000000E+0
5.839696E+3	-9.991700E-5	1.240770E+4	0.000000E+0	0.000000E+0
5.843707E+3	-9.991600E-5	1.240750E+4	0.000000E+0	0.000000E+0
5.847709E+3	-9.991400E-5	1.240740E+4	0.000000E+0	0.000000E+0
5.851701E+3	-9.991500E-5	1.240730E+4	0.000000E+0	0.000000E+0
5.855699E+3	-9.991600E-5	1.240730E+4	0.000000E+0	0.000000E+0
5.859700E+3	-9.991600E-5	1.240710E+4	0.000000E+0	0.000000E+0
5.863710E+3	-9.991600E-5	1.240700E+4	0.000000E+0	0.000000E+0
5.867698E+3	-9.991600E-5	1.240680E+4	0.000000E+0	0.000000E+0
5.871702E+3	-9.991500E-5	1.240680E+4	0.000000E+0	0.000000E+0
5.875710E+3	-9.991500E-5	1.240670E+4	0.000000E+0	0.000000E+0
5.879708E+3	-9.991500E-5	1.240660E+4	0.000000E+0	0.000000E+0
5.883698E+3	-9.991400E-5	1.240650E+4	0.000000E+0	0.000000E+0
5.887700E+3	-9.991600E-5	1.240640E+4	0.000000E+0	0.000000E+0
5.891698E+3	-9.991700E-5	1.240630E+4	0.000000E+0	0.000000E+0
5.895703E+3	-9.991900E-5	1.240620E+4	0.000000E+0	0.000000E+0
5.899697E+3	-9.991300E-5	1.240600E+4	0.000000E+0	0.000000E+0
5.903698E+3	-9.991500E-5	1.240590E+4	0.000000E+0	0.000000E+0
5.907709E+3	-9.991400E-5	1.240580E+4	0.000000E+0	0.000000E+0
5.911706E+3	-9.991500E-5	1.240580E+4	0.000000E+0	0.000000E+0
5.915700E+3	-9.991500E-5	1.240560E+4	0.000000E+0	0.000000E+0
5.919703E+3	-9.991300E-5	1.240550E+4	0.000000E+0	0.000000E+0
5.923710E+3	-9.991500E-5	1.240540E+4	0.000000E+0	0.000000E+0
5.927706E+3	-9.991600E-5	1.240530E+4	0.000000E+0	0.000000E+0
5.931698E+3	-9.991400E-5	1.240520E+4	0.000000E+0	0.000000E+0
5.935699E+3	-9.991500E-5	1.240510E+4	0.000000E+0	0.000000E+0
5.939699E+3	-9.991500E-5	1.240500E+4	0.000000E+0	0.000000E+0
5.943707E+3	-9.991400E-5	1.240480E+4	0.000000E+0	0.000000E+0
5.947699E+3	-9.991700E-5	1.240480E+4	0.000000E+0	0.000000E+0
5.951699E+3	-9.991500E-5	1.240470E+4	0.000000E+0	0.000000E+0
5.955699E+3	-9.991800E-5	1.240460E+4	0.000000E+0	0.000000E+0
5.959703E+3	-9.991500E-5	1.240440E+4	0.000000E+0	0.000000E+0
5.963700E+3	-9.991400E-5	1.240440E+4	0.000000E+0	0.000000E+0
5.967703E+3	-9.991600E-5	1.240420E+4	0.000000E+0	0.000000E+0
5.971700E+3	-9.991400E-5	1.240410E+4	0.000000E+0	0.000000E+0
5.975705E+3	-9.991300E-5	1.240410E+4	0.000000E+0	0.000000E+0
5.979698E+3	-9.991500E-5	1.240390E+4	0.000000E+0	0.000000E+0
5.983699E+3	-9.991300E-5	1.240390E+4	0.000000E+0	0.000000E+0
5.987701E+3	-9.991500E-5	1.240370E+4	0.000000E+0	0.000000E+0
5.991703E+3	-9.991400E-5	1.240360E+4	0.000000E+0	0.000000E+0
5.995700E+3	-9.991500E-5	1.240360E+4	0.000000E+0	0.000000E+0
5.999700E+3	-9.991400E-5	1.240340E+4	0.000000E+0	0.000000E+0
6.003711E+3	-9.991400E-5	1.240330E+4	0.000000E+0	0.000000E+0
6.007707E+3	-9.991400E-5	1.240320E+4	0.000000E+0	0.000000E+0
6.011701E+3	-9.991400E-5	1.240320E+4	0.000000E+0	0.000000E+0
6.015701E+3	-9.991400E-5	1.240300E+4	0.000000E+0	0.000000E+0
6.019712E+3	-9.991400E-5	1.240280E+4	0.000000E+0	0.000000E+0
6.023707E+3	-9.991200E-5	1.240270E+4	0.000000E+0	0.000000E+0
6.027700E+3	-9.991200E-5	1.240260E+4	0.000000E+0	0.000000E+0
6.031699E+3	-9.991200E-5	1.240250E+4	0.000000E+0	0.000000E+0
6.035699E+3	-9.991300E-5	1.240230E+4	0.000000E+0	0.000000E+0
6.039704E+3	-9.991400E-5	1.240220E+4	0.000000E+0	0.000000E+0
6.043697E+3	-9.991400E-5	1.240210E+4	0.000000E+0	0.000000E+0
6.047700E+3	-9.991300E-5	1.240210E+4	0.000000E+0	0.000000E+0
6.051710E+3	-9.991100E-5	1.240190E+4	0.000000E+0	0.000000E+0
6.055707E+3	-9.991400E-5	1.240170E+4	0.000000E+0	0.000000E+0
6.059702E+3	-9.991300E-5	1.240160E+4	0.000000E+0	0.000000E+0
6.063702E+3	-9.991300E-5	1.240140E+4	0.000000E+0	0.000000E+0
6.067706E+3	-9.991500E-5	1.240140E+4	0.000000E+0	0.000000E+0
6.071710E+3	-9.991300E-5	1.240130E+4	0.000000E+0	0.000000E+0
6.075700E+3	-9.991200E-5	1.240120E+4	0.000000E+0	0.000000E+0
6.079700E+3	-9.991200E-5	1.240110E+4	0.000000E+0	0.000000E+0
6.083700E+3	-9.991500E-5	1.240100E+4	0.000000E+0	0.000000E+0
6.087706E+3	-9.991300E-5	1.240090E+4	0.000000E+0	0.000000E+0
6.091700E+3	-9.991400E-5	1.240080E+4	0.000000E+0	0.000000E+0
6.095698E+3	-9.991100E-5	1.240060E+4	0.000000E+0	0.000000E+0
6.099711E+3	-9.991100E-5	1.240050E+4	0.000000E+0	0.000000E+0
6.103706E+3	-9.991100E-5	1.240040E+4	0.000000E+0	0.000000E+0
6.107703E+3	-9.991400E-5	1.240020E+4	0.000000E+0	0.000000E+0
6.111698E+3	-9.991100E-5	1.240010E+4	0.000000E+0	0.000000E+0
6.115696E+3	-9.991400E-5	1.240020E+4	0.000000E+0	0.000000E+0
6.119709E+3	-9.991000E-5	1.239990E+4	0.000000E+0	0.000000E+0
6.123701E+3	-9.991100E-5	1.239970E+4	0.000000E+0	0.000000E+0
6.127702E+3	-9.991000E-5	1.239960E+4	0.000000E+0	0.000000E+0
6.131699E+3	-9.991100E-5	1.239950E+4	0.000000E+0	0.000000E+0
6.135707E+3	-9.990700E-5	1.239940E+4	0.000000E+0	0.000000E+0
6.139697E+3	-9.990800E-5	1.239930E+4	0.000000E+0	0.000000E+0
6.143700E+3	-9.990900E-5	1.239910E+4	0.000000E+0	0.000000E+0
6.147702E+3	-9.991100E-5	1.239900E+4	0.000000E+0	0.000000E+0
6.151705E+3	-9.990900E-5	1.239900E+4	0.000000E+0	0.000000E+0
6.155699E+3	-9.991000E-5	1.239880E+4	0.000000E+0	0.000000E+0
6.159700E+3	-9.991000E-5	1.239880E+4	0.000000E+0	0.000000E+0
6.163700E+3	-9.990800E-5	1.239870E+4	0.000000E+0	0.000000E+0
6.167705E+3	-9.990900E-5	1.239850E+4	0.000000E+0	0.000000E+0
6.171698E+3	-9.990800E-5	1.239840E+4	0.000000E+0	0.000000E+0
6.175697E+3	-9.990900E-5	1.239820E+4	0.000000E+0	0.000000E+0
6.179709E+3	-9.990900E-5	1.239810E+4	0.000000E+0	0.000000E+0
6.183706E+3	-9.991000E-5	1.239800E+4	0.000000E+0	0.000000E+0
6.187703E+3	-9.990800E-5	1.239790E+4	0.000000E+0	0.000000E+0
6.191703E+3	-9.990800E-5	1.239770E+4	0.000000E+0	0.000000E+0
6.195711E+3	-9.991000E-5	1.239770E+4	0.000000E+0	0.000000E+0
6.199706E+3	-9.990900E-5	1.239760E+4	0.000000E+0	0.000000E+0
6.203700E+3	-9.990800E-5	1.239740E+4	0.000000E+0	0.000000E+0
6.207702E+3	-9.990600E-5	1.239730E+4	0.000000E+0	0.000000E+0
6.211701E+3	-9.990700E-5	1.239710E+4	0.000000E+0	0.000000E+0
6.215706E+3	-9.991000E-5	1.239690E+4	0.000000E+0	0.000000E+0
6.219699E+3	-9.990800E-5	1.239670E+4	0.000000E+0	0.000000E+0
6.223698E+3	-9.990900E-5	1.239660E+4	0.000000E+0	0.000000E+0
6.227702E+3	-9.991000E-5	1.239660E+4	0.000000E+0	0.000000E+0
6.231705E+3	-9.990700E-5	1.239640E+4	0.000000E+0	0.000000E+0
6.235699E+3	-9.990700E-5	1.239630E+4	0.000000E+0	0.000000E+0
6.239700E+3	-9.990900E-5	1.239610E+4	0.000000E+0	0.000000E+0
6.243700E+3	-9.990700E-5	1.239600E+4	0.000000E+0	0.000000E+0
6.247707E+3	-9.990800E-5	1.239590E+4	0.000000E+0	0.000000E+0
6.251698E+3	-9.990700E-5	1.239590E+4	0.000000E+0	0.000000E+0
6.255699E+3	-9.990800E-5	1.239570E+4	0.000000E+0	0.000000E+0
6.259702E+3	-9.990800E-5	1.239560E+4	0.000000E+0	0.000000E+0
6.263708E+3	-9.990700E-5	1.239550E+4	0.000000E+0	0.000000E+0
6.267698E+3	-9.990800E-5	1.239540E+4	0.000000E+0	0.000000E+0
6.271698E+3	-9.990900E-5	1.239520E+4	0.000000E+0	0.000000E+0
6.275701E+3	-9.990700E-5	1.239510E+4	0.000000E+0	0.000000E+0
6.279708E+3	-9.990800E-5	1.239500E+4	0.000000E+0	0.000000E+0
6.283700E+3	-9.990800E-5	1.239500E+4	0.000000E+0	0.000000E+0
6.287696E+3	-9.990600E-5	1.239480E+4	0.000000E+0	0.000000E+0
6.291707E+3	-9.990800E-5	1.239470E+4	0.000000E+0	0.000000E+0
6.295707E+3	-9.990700E-5	1.239460E+4	0.000000E+0	0.000000E+0
6.299700E+3	-9.990800E-5	1.239450E+4	0.000000E+0	0.000000E+0
6.303701E+3	-9.990600E-5	1.239430E+4	0.000000E+0	0.000000E+0
6.307710E+3	-9.990600E-5	1.239430E+4	0.000000E+0	0.000000E+0
6.311705E+3	-9.990900E-5	1.239430E+4	0.000000E+0	0.000000E+0
6.315698E+3	-9.990600E-5	1.239420E+4	0.000000E+0	0.000000E+0
6.319702E+3	-9.990800E-5	1.239410E+4	0.000000E+0	0.000000E+0
6.323700E+3	-9.990500E-5	1.239390E+4	0.000000E+0	0.000000E+0
6.327707E+3	-9.990600E-5	1.239370E+4	0.000000E+0	0.000000E+0
6.331697E+3	-9.990900E-5	1.239370E+4	0.000000E+0	0.000000E+0
6.335700E+3	-9.990900E-5	1.239350E+4	0.000000E+0	0.000000E+0
6.339702E+3	-9.990700E-5	1.239340E+4	0.000000E+0	0.000000E+0
6.343706E+3	-9.990900E-5	1.239340E+4	0.000000E+0	0.000000E+0
6.347698E+3	-9.990800E-5	1.239320E+4	0.000000E+0	0.000000E+0
6.351698E+3	-9.990800E-5	1.239310E+4	0.000000E+0	0.000000E+0
6.355711E+3	-9.990800E-5	1.239310E+4	0.000000E+0	0.000000E+0
6.359706E+3	-9.990800E-5	1.239290E+4	0.000000E+0	0.000000E+0
6.363703E+3	-9.990900E-5	1.239280E+4	0.000000E+0	0.000000E+0
6.367697E+3	-9.990700E-5	1.239270E+4	0.000000E+0	0.000000E+0
6.371711E+3	-9.990800E-5	1.239270E+4	0.000000E+0	0.000000E+0
6.375704E+3	-9.990800E-5	1.239260E+4	0.000000E+0	0.000000E+0
6.379697E+3	-9.990600E-5	1.239240E+4	0.000000E+0	0.000000E+0
6.383704E+3	-9.990800E-5	1.239230E+4	0.000000E+0	0.000000E+0
6.387712E+3	-9.990700E-5	1.239230E+4	0.000000E+0	0.000000E+0
6.391699E+3	-9.990700E-5	1.239220E+4	0.000000E+0	0.000000E+0
6.395699E+3	-9.990800E-5	1.239210E+4	0.000000E+0	0.000000E+0
6.399699E+3	-9.990800E-5	1.239200E+4	0.000000E+0	0.000000E+0
6.403712E+3	-9.990700E-5	1.239190E+4	0.000000E+0	0.000000E+0
6.407707E+3	-9.990800E-5	1.239170E+4	0.000000E+0	0.000000E+0
6.411700E+3	-9.990800E-5	1.239160E+4	0.000000E+0	0.000000E+0
6.415702E+3	-9.990700E-5	1.239170E+4	0.000000E+0	0.000000E+0
6.419699E+3	-9.990800E-5	1.239150E+4	0.000000E+0	0.000000E+0
6.423707E+3	-9.990600E-5	1.239140E+4	0.000000E+0	0.000000E+0
6.427700E+3	-9.990900E-5	1.239130E+4	0.000000E+0	0.000000E+0
6.431702E+3	-9.990600E-5	1.239130E+4	0.000000E+0	0.000000E+0
6.435700E+3	-9.990700E-5	1.239120E+4	0.000000E+0	0.000000E+0
6.439706E+3	-9.990600E-5	1.239110E+4	0.000000E+0	0.000000E+0
6.443698E+3	-9.990600E-5	1.239100E+4	0.000000E+0	0.000000E+0
6.447699E+3	-9.990700E-5	1.239090E+4	0.000000E+0	0.000000E+0
6.451711E+3	-9.990900E-5	1.239090E+4	0.000000E+0	0.000000E+0
6.455701E+3	-9.990700E-5	1.239070E+4	0.000000E+0	0.000000E+0
6.459702E+3	-9.990700E-5	1.239060E+4	0.000000E+0	0.000000E+0
6.463703E+3	-9.990600E-5	1.239060E+4	0.000000E+0	0.000000E+0
6.467701E+3	-9.990700E-5	1.239030E+4	0.000000E+0	0.000000E+0
6.471704E+3	-9.990600E-5	1.239020E+4	0.000000E+0	0.000000E+0
6.475698E+3	-9.990800E-5	1.239020E+4	0.000000E+0	0.000000E+0
6.479701E+3	-9.990700E-5	1.239010E+4	0.000000E+0	0.000000E+0
6.483699E+3	-9.990600E-5	1.239000E+4	0.000000E+0	0.000000E+0
6.487706E+3	-9.990700E-5	1.238990E+4	0.000000E+0	0.000000E+0
6.491699E+3	-9.990500E-5	1.238990E+4	0.000000E+0	0.000000E+0
6.495699E+3	-9.990500E-5	1.238970E+4	0.000000E+0	0.000000E+0
6.499710E+3	-9.990700E-5	1.238960E+4	0.000000E+0	0.000000E+0
6.503707E+3	-9.990600E-5	1.238950E+4	0.000000E+0	0.000000E+0
6.507699E+3	-9.990600E-5	1.238940E+4	0.000000E+0	0.000000E+0
6.511700E+3	-9.990600E-5	1.238930E+4	0.000000E+0	0.000000E+0
6.515697E+3	-9.990600E-5	1.238930E+4	0.000000E+0	0.000000E+0
6.519707E+3	-9.990400E-5	1.238920E+4	0.000000E+0	0.000000E+0
6.523700E+3	-9.990600E-5	1.238900E+4	0.000000E+0	0.000000E+0
6.527702E+3	-9.990600E-5	1.238890E+4	0.000000E+0	0.000000E+0
6.531700E+3	-9.990500E-5	1.238880E+4	0.000000E+0	0.000000E+0
6.535705E+3	-9.990500E-5	1.238870E+4	0.000000E+0	0.000000E+0
6.539699E+3	-9.990600E-5	1.238870E+4	0.000000E+0	0.000000E+0
6.543702E+3	-9.990400E-5	1.238850E+4	0.000000E+0	0.000000E+0
6.547700E+3	-9.990700E-5	1.238850E+4	0.000000E+0	0.000000E+0
6.551701E+3	-9.990500E-5	1.238830E+4	0.000000E+0	0.000000E+0
6.555696E+3	-9.990500E-5	1.238820E+4	0.000000E+0	0.000000E+0
6.559703E+3	-9.990600E-5	1.238810E+4	0.000000E+0	0.000000E+0
6.563696E+3	-9.990400E-5	1.238800E+4	0.000000E+0	0.000000E+0
6.567703E+3	-9.990400E-5	1.238800E+4	0.000000E+0	0.000000E+0
6.571696E+3	-9.990500E-5	1.238770E+4	0.000000E+0	0.000000E+0
6.575703E+3	-9.990600E-5	1.238760E+4	0.000000E+0	0.000000E+0
6.579703E+3	-9.990400E-5	1.238740E+4	0.000000E+0	0.000000E+0
6.583704E+3	-9.990600E-5	1.238730E+4	0.000000E+0	0.000000E+0
6.587698E+3	-9.990400E-5	1.238730E+4	0.000000E+0	0.000000E+0
6.591700E+3	-9.990400E-5	1.238720E+4	0.000000E+0	0.000000E+0
6.595701E+3	-9.990300E-5	1.238700E+4	0.000000E+0	0.000000E+0
6.599704E+3	-9.990200E-5	1.238700E+4	0.000000E+0	0.000000E+0
6.603697E+3	-9.990300E-5	1.238690E+4	0.000000E+0	0.000000E+0
6.607698E+3	-9.990600E-5	1.238690E+4	0.000000E+0	0.000000E+0
6.611710E+3	-9.990300E-5	1.238680E+4	0.000000E+0	0.000000E+0
6.615705E+3	-9.990400E-5	1.238670E+4	0.000000E+0	0.000000E+0
6.619702E+3	-9.990300E-5	1.238660E+4	0.000000E+0	0.000000E+0
6.623700E+3	-9.990100E-5	1.238650E+4	0.000000E+0	0.000000E+0
6.627710E+3	-9.990100E-5	1.238640E+4	0.000000E+0	0.000000E+0
6.631706E+3	-9.990100E-5	1.238630E+4	0.000000E+0	0.000000E+0
6.635703E+3	-9.990100E-5	1.238610E+4	0.000000E+0	0.000000E+0
6.639701E+3	-9.990100E-5	1.238610E+4	0.000000E+0	0.000000E+0
6.643700E+3	-9.990100E-5	1.238590E+4	0.000000E+0	0.000000E+0
6.647706E+3	-9.990000E-5	1.238580E+4	0.000000E+0	0.000000E+0
6.651698E+3	-9.989900E-5	1.238580E+4	0.000000E+0	0.000000E+0
6.655701E+3	-9.990100E-5	1.238570E+4	0.000000E+0	0.000000E+0
6.659701E+3	-9.990100E-5	1.238550E+4	0.000000E+0	0.000000E+0
6.663701E+3	-9.990000E-5	1.238550E+4	0.000000E+0	0.000000E+0
6.667698E+3	-9.990100E-5	1.238540E+4	0.000000E+0	0.000000E+0
6.671700E+3	-9.990000E-5	1.238530E+4	0.000000E+0	0.000000E+0
6.675699E+3	-9.990000E-5	1.238520E+4	0.000000E+0	0.000000E+0
6.679707E+3	-9.989900E-5	1.238500E+4	0.000000E+0	0.000000E+0
6.683699E+3	-9.990000E-5	1.238500E+4	0.000000E+0	0.000000E+0
6.687698E+3	-9.990000E-5	1.238490E+4	0.000000E+0	0.000000E+0
6.691712E+3	-9.989900E-5	1.238480E+4	0.000000E+0	0.000000E+0
6.695707E+3	-9.989900E-5	1.238470E+4	0.000000E+0	0.000000E+0
6.699704E+3	-9.990000E-5	1.238460E+4	0.000000E+0	0.000000E+0
6.703702E+3	-9.990000E-5	1.238440E+4	0.000000E+0	0.000000E+0
6.707702E+3	-9.989900E-5	1.238420E+4	0.000000E+0	0.000000E+0
6.711702E+3	-9.990000E-5	1.238390E+4	0.000000E+0	0.000000E+0
6.715696E+3	-9.990100E-5	1.238400E+4	0.000000E+0	0.000000E+0
6.719699E+3	-9.990100E-5	1.238390E+4	0.000000E+0	0.000000E+0
6.723711E+3	-9.989900E-5	1.238380E+4	0.000000E+0	0.000000E+0
6.727697E+3	-9.989900E-5	1.238370E+4	0.000000E+0	0.000000E+0
6.731698E+3	-9.989900E-5	1.238350E+4	0.000000E+0	0.000000E+0
6.735700E+3	-9.990000E-5	1.238330E+4	0.000000E+0	0.000000E+0
6.739701E+3	-9.989900E-5	1.238330E+4	0.000000E+0	0.000000E+0
6.743703E+3	-9.990000E-5	1.238310E+4	0.000000E+0	0.000000E+0
6.747698E+3	-9.989900E-5	1.238300E+4	0.000000E+0	0.000000E+0
6.751698E+3	-9.990100E-5	1.238300E+4	0.000000E+0	0.000000E+0
6.755711E+3	-9.990100E-5	1.238270E+4	0.000000E+0	0.000000E+0
6.759704E+3	-9.990000E-5	1.238270E+4	0.000000E+0	0.000000E+0
6.763699E+3	-9.989900E-5	1.238260E+4	0.000000E+0	0.000000E+0
6.767699E+3	-9.989900E-5	1.238240E+4	0.000000E+0	0.000000E+0
6.771706E+3	-9.990100E-5	1.238240E+4	0.000000E+0	0.000000E+0
6.775702E+3	-9.989900E-5	1.238230E+4	0.000000E+0	0.000000E+0
6.779697E+3	-9.990000E-5	1.238220E+4	0.000000E+0	0.000000E+0
6.783701E+3	-9.990000E-5	1.238210E+4	0.000000E+0	0.000000E+0
6.787710E+3	-9.990000E-5	1.238200E+4	0.000000E+0	0.000000E+0
6.791704E+3	-9.989900E-5	1.238190E+4	0.000000E+0	0.000000E+0
6.795701E+3	-9.989900E-5	1.238180E+4	0.000000E+0	0.000000E+0
6.799700E+3	-9.989900E-5	1.238160E+4	0.000000E+0	0.000000E+0
6.803700E+3	-9.990000E-5	1.238150E+4	0.000000E+0	0.000000E+0
6.807702E+3	-9.989900E-5	1.238130E+4	0.000000E+0	0.000000E+0
6.811698E+3	-9.989900E-5	1.238120E+4	0.000000E+0	0.000000E+0
6.815698E+3	-9.989700E-5	1.238100E+4	0.000000E+0	0.000000E+0
6.819706E+3	-9.989900E-5	1.238090E+4	0.000000E+0	0.000000E+0
6.823706E+3	-9.989900E-5	1.238080E+4	0.000000E+0	0.000000E+0
6.827705E+3	-9.989800E-5	1.238070E+4	0.000000E+0	0.000000E+0
6.831705E+3	-9.989900E-5	1.238050E+4	0.000000E+0	0.000000E+0
6.835711E+3	-9.989900E-5	1.238050E+4	0.000000E+0	0.000000E+0
6.839706E+3	-9.989900E-5	1.238040E+4	0.000000E+0	0.000000E+0
6.843699E+3	-9.989800E-5	1.238030E+4	0.000000E+0	0.000000E+0
6.847700E+3	-9.989900E-5	1.238020E+4	0.000000E+0	0.000000E+0
6.851699E+3	-9.989800E-5	1.238010E+4	0.000000E+0	0.000000E+0
6.855703E+3	-9.989700E-5	1.238000E+4	0.000000E+0	0.000000E+0
6.859699E+3	-9.989800E-5	1.237980E+4	0.000000E+0	0.000000E+0
6.863702E+3	-9.989600E-5	1.237970E+4	0.000000E+0	0.000000E+0
6.867701E+3	-9.989800E-5	1.237970E+4	0.000000E+0	0.000000E+0
6.871701E+3	-9.989700E-5	1.237940E+4	0.000000E+0	0.000000E+0
6.875697E+3	-9.989800E-5	1.237930E+4	0.000000E+0	0.000000E+0
6.879699E+3	-9.989800E-5	1.237940E+4	0.000000E+0	0.000000E+0
6.883702E+3	-9.989600E-5	1.237920E+4	0.000000E+0	0.000000E+0
6.887704E+3	-9.989700E-5	1.237910E+4	0.000000E+0	0.000000E+0
6.891699E+3	-9.989700E-5	1.237890E+4	0.000000E+0	0.000000E+0
6.895702E+3	-9.989800E-5	1.237880E+4	0.000000E+0	0.000000E+0
6.899700E+3	-9.989700E-5	1.237880E+4	0.000000E+0	0.000000E+0
6.903702E+3	-9.989600E-5	1.237860E+4	0.000000E+0	0.000000E+0
6.907699E+3	-9.989700E-5	1.237850E+4	0.000000E+0	0.000000E+0
6.911697E+3	-9.989600E-5	1.237840E+4	0.000000E+0	0.000000E+0
6.915710E+3	-9.989800E-5	1.237830E+4	0.000000E+0	0.000000E+0
6.919705E+3	-9.989700E-5	1.237810E+4	0.000000E+0	0.000000E+0
6.923699E+3	-9.989700E-5	1.237800E+4	0.000000E+0	0.000000E+0
6.927700E+3	-9.989700E-5	1.237780E+4	0.000000E+0	0.000000E+0
6.931706E+3	-9.989500E-5	1.237770E+4	0.000000E+0	0.000000E+0
6.935703E+3	-9.989500E-5	1.237760E+4	0.000000E+0	0.000000E+0
6.939698E+3	-9.989700E-5	1.237750E+4	0.000000E+0	0.000000E+0
6.943699E+3	-9.989900E-5	1.237730E+4	0.000000E+0	0.000000E+0
6.947712E+3	-9.989500E-5	1.237720E+4	0.000000E+0	0.000000E+0
6.951706E+3	-9.989600E-5	1.237710E+4	0.000000E+0	0.000000E+0
6.955700E+3	-9.989500E-5	1.237690E+4	0.000000E+0	0.000000E+0
6.959699E+3	-9.989500E-5	1.237680E+4	0.000000E+0	0.000000E+0
6.963699E+3	-9.989500E-5	1.237670E+4	0.000000E+0	0.000000E+0
6.967702E+3	-9.989500E-5	1.237650E+4	0.000000E+0	0.000000E+0
6.971699E+3	-9.989500E-5	1.237640E+4	0.000000E+0	0.000000E+0
6.975701E+3	-9.989500E-5	1.237640E+4	0.000000E+0	0.000000E+0
6.979700E+3	-9.989500E-5	1.237620E+4	0.000000E+0	0.000000E+0
6.983702E+3	-9.989400E-5	1.237610E+4	0.000000E+0	0.000000E+0
6.987700E+3	-9.989600E-5	1.237590E+4	0.000000E+0	0.000000E+0
6.991700E+3	-9.989500E-5	1.237580E+4	0.000000E+0	0.000000E+0
6.995713E+3	-9.989400E-5	1.237570E+4	0.000000E+0	0.000000E+0
6.999697E+3	-9.989400E-5	1.237560E+4	0.000000E+0	0.000000E+0
7.003702E+3	-9.989500E-5	1.237540E+4	0.000000E+0	0.000000E+0
7.007700E+3	-9.989700E-5	1.237520E+4	0.000000E+0	0.000000E+0
7.011711E+3	-9.989400E-5	1.237510E+4	0.000000E+0	0.000000E+0
7.015708E+3	-9.989500E-5	1.237500E+4	0.000000E+0	0.000000E+0
7.019698E+3	-9.989400E-5	1.237490E+4	0.000000E+0	0.000000E+0
7.023698E+3	-9.989500E-5	1.237470E+4	0.000000E+0	0.000000E+0
7.027709E+3	-9.989500E-5	1.237460E+4	0.000000E+0	0.000000E+0
7.031703E+3	-9.989400E-5	1.237450E+4	0.000000E+0	0.000000E+0
7.035698E+3	-9.989300E-5	1.237440E+4	0.000000E+0	0.000000E+0
7.039698E+3	-9.989500E-5	1.237420E+4	0.000000E+0	0.000000E+0
7.043709E+3	-9.989500E-5	1.237410E+4	0.000000E+0	0.000000E+0
7.047706E+3	-9.989400E-5	1.237400E+4	0.000000E+0	0.000000E+0
7.051698E+3	-9.989400E-5	1.237390E+4	0.000000E+0	0.000000E+0
7.055698E+3	-9.989600E-5	1.237380E+4	0.000000E+0	0.000000E+0
7.059710E+3	-9.989400E-5	1.237370E+4	0.000000E+0	0.000000E+0
7.063702E+3	-9.989600E-5	1.237350E+4	0.000000E+0	0.000000E+0
7.067700E+3	-9.989400E-5	1.237340E+4	0.000000E+0	0.000000E+0
7.071701E+3	-9.989400E-5	1.237340E+4	0.000000E+0	0.000000E+0
7.075708E+3	-9.989200E-5	1.237320E+4	0.000000E+0	0.000000E+0
7.079704E+3	-9.989500E-5	1.237310E+4	0.000000E+0	0.000000E+0
7.083697E+3	-9.989400E-5	1.237300E+4	0.000000E+0	0.000000E+0
7.087703E+3	-9.989300E-5	1.237270E+4	0.000000E+0	0.000000E+0
7.091710E+3	-9.989100E-5	1.237270E+4	0.000000E+0	0.000000E+0
7.095705E+3	-9.989200E-5	1.237250E+4	0.000000E+0	0.000000E+0
7.099700E+3	-9.989300E-5	1.237230E+4	0.000000E+0	0.000000E+0
7.103698E+3	-9.989300E-5	1.237230E+4	0.000000E+0	0.000000E+0
7.107710E+3	-9.989300E-5	1.237200E+4	0.000000E+0	0.000000E+0
7.111705E+3	-9.989200E-5	1.237200E+4	0.000000E+0	0.000000E+0
7.115699E+3	-9.989400E-5	1.237180E+4	0.000000E+0	0.000000E+0
7.119700E+3	-9.989200E-5	1.237170E+4	0.000000E+0	0.000000E+0
7.123711E+3	-9.989200E-5	1.237150E+4	0.000000E+0	0.000000E+0
7.127704E+3	-9.989200E-5	1.237150E+4	0.000000E+0	0.000000E+0
7.131699E+3	-9.989100E-5	1.237130E+4	0.000000E+0	0.000000E+0
7.135701E+3	-9.989200E-5	1.237110E+4	0.000000E+0	0.000000E+0
7.139712E+3	-9.989700E-5	1.237100E+4	0.000000E+0	0.000000E+0
7.143707E+3	-9.989600E-5	1.237090E+4	0.000000E+0	0.000000E+0
7.147697E+3	-9.989900E-5	1.237080E+4	0.000000E+0	0.000000E+0
7.151698E+3	-9.989400E-5	1.237060E+4	0.000000E+0	0.000000E+0
7.155712E+3	-9.989200E-5	1.237050E+4	0.000000E+0	0.000000E+0
7.159705E+3	-9.989500E-5	1.237040E+4	0.000000E+0	0.000000E+0
7.163697E+3	-9.989400E-5	1.237010E+4	0.000000E+0	0.000000E+0
7.167699E+3	-9.989500E-5	1.237000E+4	0.000000E+0	0.000000E+0
7.171708E+3	-9.989000E-5	1.236990E+4	0.000000E+0	0.000000E+0
7.175705E+3	-9.989200E-5	1.236980E+4	0.000000E+0	0.000000E+0
7.179700E+3	-9.989000E-5	1.236950E+4	0.000000E+0	0.000000E+0
7.183699E+3	-9.989200E-5	1.236960E+4	0.000000E+0	0.000000E+0
7.187710E+3	-9.989200E-5	1.236920E+4	0.000000E+0	0.000000E+0
7.191705E+3	-9.989200E-5	1.236900E+4	0.000000E+0	0.000000E+0
7.195698E+3	-9.989200E-5	1.236880E+4	0.000000E+0	0.000000E+0
7.199698E+3	-9.989100E-5	1.236870E+4	0.000000E+0	0.000000E+0
7.203711E+3	-9.989400E-5	1.236840E+4	0.000000E+0	0.000000E+0
7.207705E+3	-9.989200E-5	1.236830E+4	0.000000E+0	0.000000E+0
7.211698E+3	-9.989400E-5	1.236820E+4	0.000000E+0	0.000000E+0
