
Medición hecha el 2026-06-16  01:50 p.m.

Medición de corriente y resistencia en el tiempo
Tiempo	Corriente	Resistencia
1.035600E+2	-4.056100E-4	1.286700E+4	0.000000E+0	0.000000E+0
1.075380E+2	-4.056300E-4	1.286710E+4	0.000000E+0	0.000000E+0
1.115770E+2	-4.056400E-4	1.286730E+4	0.000000E+0	0.000000E+0
1.155570E+2	-4.056500E-4	1.286740E+4	0.000000E+0	0.000000E+0
1.195560E+2	-4.056300E-4	1.286740E+4	0.000000E+0	0.000000E+0
1.235580E+2	-4.056300E-4	1.286770E+4	0.000000E+0	0.000000E+0
1.275610E+2	-4.056500E-4	1.286790E+4	0.000000E+0	0.000000E+0
1.315610E+2	-4.056500E-4	1.286800E+4	0.000000E+0	0.000000E+0
1.355610E+2	-4.056300E-4	1.286810E+4	0.000000E+0	0.000000E+0
1.395590E+2	-4.056300E-4	1.286820E+4	0.000000E+0	0.000000E+0
1.435620E+2	-4.055300E-4	1.286800E+4	0.000000E+0	0.000000E+0
1.475610E+2	-4.055600E-4	1.286810E+4	0.000000E+0	0.000000E+0
1.515610E+2	-4.055700E-4	1.286810E+4	0.000000E+0	0.000000E+0
1.555590E+2	-4.055400E-4	1.286810E+4	0.000000E+0	0.000000E+0
1.595620E+2	-4.055500E-4	1.286810E+4	0.000000E+0	0.000000E+0
1.635640E+2	-4.055500E-4	1.286810E+4	0.000000E+0	0.000000E+0
1.675410E+2	-4.055600E-4	1.286810E+4	0.000000E+0	0.000000E+0
1.715750E+2	-4.055500E-4	1.286810E+4	0.000000E+0	0.000000E+0
1.755650E+2	-4.055800E-4	1.286820E+4	0.000000E+0	0.000000E+0
1.795360E+2	-4.055800E-4	1.286840E+4	0.000000E+0	0.000000E+0
1.835790E+2	-4.055600E-4	1.286820E+4	0.000000E+0	0.000000E+0
1.875600E+2	-4.055600E-4	1.286820E+4	0.000000E+0	0.000000E+0
1.915580E+2	-4.055600E-4	1.286820E+4	0.000000E+0	0.000000E+0
1.955580E+2	-4.055500E-4	1.286820E+4	0.000000E+0	0.000000E+0
1.995570E+2	-4.055600E-4	1.286820E+4	0.000000E+0	0.000000E+0
2.035600E+2	-4.055600E-4	1.286800E+4	0.000000E+0	0.000000E+0
2.075630E+2	-4.055800E-4	1.286800E+4	0.000000E+0	0.000000E+0
2.115640E+2	-4.055700E-4	1.286790E+4	0.000000E+0	0.000000E+0
2.155400E+2	-4.055800E-4	1.286790E+4	0.000000E+0	0.000000E+0
2.195760E+2	-4.055900E-4	1.286800E+4	0.000000E+0	0.000000E+0
2.235380E+2	-4.055600E-4	1.286810E+4	0.000000E+0	0.000000E+0
2.275800E+2	-4.055400E-4	1.286830E+4	0.000000E+0	0.000000E+0
2.315410E+2	-4.055200E-4	1.286840E+4	0.000000E+0	0.000000E+0
2.355770E+2	-4.055200E-4	1.286860E+4	0.000000E+0	0.000000E+0
2.395390E+2	-4.055100E-4	1.286880E+4	0.000000E+0	0.000000E+0
2.435830E+2	-4.055400E-4	1.286900E+4	0.000000E+0	0.000000E+0
2.475430E+2	-4.055200E-4	1.286890E+4	0.000000E+0	0.000000E+0
2.515730E+2	-4.055300E-4	1.286890E+4	0.000000E+0	0.000000E+0
2.555600E+2	-4.055400E-4	1.286900E+4	0.000000E+0	0.000000E+0
2.595610E+2	-4.055400E-4	1.286890E+4	0.000000E+0	0.000000E+0
2.635600E+2	-4.055200E-4	1.286890E+4	0.000000E+0	0.000000E+0
2.675600E+2	-4.055600E-4	1.286890E+4	0.000000E+0	0.000000E+0
2.715580E+2	-4.055500E-4	1.286900E+4	0.000000E+0	0.000000E+0
2.755600E+2	-4.055200E-4	1.286900E+4	0.000000E+0	0.000000E+0
2.795620E+2	-4.055100E-4	1.286910E+4	0.000000E+0	0.000000E+0
2.835600E+2	-4.055100E-4	1.286910E+4	0.000000E+0	0.000000E+0
2.875580E+2	-4.054900E-4	1.286910E+4	0.000000E+0	0.000000E+0
2.915600E+2	-4.054800E-4	1.286900E+4	0.000000E+0	0.000000E+0
2.955630E+2	-4.054800E-4	1.286900E+4	0.000000E+0	0.000000E+0
2.995630E+2	-4.055200E-4	1.286890E+4	0.000000E+0	0.000000E+0
3.035440E+2	-4.055100E-4	1.286880E+4	0.000000E+0	0.000000E+0
3.075760E+2	-4.055900E-4	1.286880E+4	0.000000E+0	0.000000E+0
3.115590E+2	-4.056300E-4	1.286880E+4	0.000000E+0	0.000000E+0
3.155610E+2	-4.056200E-4	1.286880E+4	0.000000E+0	0.000000E+0
3.195410E+2	-4.056200E-4	1.286880E+4	0.000000E+0	0.000000E+0
3.235720E+2	-4.056100E-4	1.286870E+4	0.000000E+0	0.000000E+0
3.275570E+2	-4.056200E-4	1.286890E+4	0.000000E+0	0.000000E+0
3.315570E+2	-4.055500E-4	1.286900E+4	0.000000E+0	0.000000E+0
3.355650E+2	-4.055700E-4	1.286910E+4	0.000000E+0	0.000000E+0
3.395360E+2	-4.055700E-4	1.286920E+4	0.000000E+0	0.000000E+0
3.435750E+2	-4.055700E-4	1.286930E+4	0.000000E+0	0.000000E+0
3.475630E+2	-4.055700E-4	1.286930E+4	0.000000E+0	0.000000E+0
3.515630E+2	-4.056100E-4	1.286920E+4	0.000000E+0	0.000000E+0
3.555650E+2	-4.055700E-4	1.286940E+4	0.000000E+0	0.000000E+0
3.595420E+2	-4.055800E-4	1.286940E+4	0.000000E+0	0.000000E+0
3.635780E+2	-4.056000E-4	1.286950E+4	0.000000E+0	0.000000E+0
3.675630E+2	-4.055700E-4	1.286960E+4	0.000000E+0	0.000000E+0
3.715410E+2	-4.055600E-4	1.286970E+4	0.000000E+0	0.000000E+0
3.755770E+2	-4.056000E-4	1.286970E+4	0.000000E+0	0.000000E+0
3.795680E+2	-4.055700E-4	1.286960E+4	0.000000E+0	0.000000E+0
3.835370E+2	-4.056000E-4	1.286960E+4	0.000000E+0	0.000000E+0
3.875690E+2	-4.055900E-4	1.286960E+4	0.000000E+0	0.000000E+0
3.915610E+2	-4.055800E-4	1.286950E+4	0.000000E+0	0.000000E+0
3.955590E+2	-4.056100E-4	1.286950E+4	0.000000E+0	0.000000E+0
3.995640E+2	-4.055900E-4	1.286950E+4	0.000000E+0	0.000000E+0
4.035360E+2	-4.055800E-4	1.286960E+4	0.000000E+0	0.000000E+0
4.075740E+2	-4.055800E-4	1.286960E+4	0.000000E+0	0.000000E+0
4.115620E+2	-4.056200E-4	1.286970E+4	0.000000E+0	0.000000E+0
4.155600E+2	-4.056000E-4	1.286990E+4	0.000000E+0	0.000000E+0
4.195650E+2	-4.055900E-4	1.287010E+4	0.000000E+0	0.000000E+0
4.235400E+2	-4.055800E-4	1.287010E+4	0.000000E+0	0.000000E+0
4.275730E+2	-4.055900E-4	1.287010E+4	0.000000E+0	0.000000E+0
4.315620E+2	-4.055700E-4	1.287010E+4	0.000000E+0	0.000000E+0
4.355370E+2	-4.055900E-4	1.287020E+4	0.000000E+0	0.000000E+0
4.395750E+2	-4.055900E-4	1.287020E+4	0.000000E+0	0.000000E+0
4.435630E+2	-4.055900E-4	1.287020E+4	0.000000E+0	0.000000E+0
4.475610E+2	-4.056000E-4	1.287040E+4	0.000000E+0	0.000000E+0
4.515620E+2	-4.055900E-4	1.287050E+4	0.000000E+0	0.000000E+0
4.555600E+2	-4.055800E-4	1.287060E+4	0.000000E+0	0.000000E+0
4.595580E+2	-4.055800E-4	1.287080E+4	0.000000E+0	0.000000E+0
4.635600E+2	-4.055700E-4	1.287080E+4	0.000000E+0	0.000000E+0
4.675610E+2	-4.055700E-4	1.287090E+4	0.000000E+0	0.000000E+0
4.715610E+2	-4.056000E-4	1.287090E+4	0.000000E+0	0.000000E+0
4.755580E+2	-4.056200E-4	1.287070E+4	0.000000E+0	0.000000E+0
4.795600E+2	-4.055800E-4	1.287070E+4	0.000000E+0	0.000000E+0
4.835630E+2	-4.055900E-4	1.287060E+4	0.000000E+0	0.000000E+0
4.875610E+2	-4.056100E-4	1.287050E+4	0.000000E+0	0.000000E+0
4.915590E+2	-4.056000E-4	1.287070E+4	0.000000E+0	0.000000E+0
4.955610E+2	-4.055900E-4	1.287060E+4	0.000000E+0	0.000000E+0
4.995640E+2	-4.055700E-4	1.287070E+4	0.000000E+0	0.000000E+0
5.035390E+2	-4.055800E-4	1.287080E+4	0.000000E+0	0.000000E+0
5.075770E+2	-4.056000E-4	1.287080E+4	0.000000E+0	0.000000E+0
5.115640E+2	-4.056000E-4	1.287080E+4	0.000000E+0	0.000000E+0
5.155380E+2	-4.055900E-4	1.287080E+4	0.000000E+0	0.000000E+0
5.195750E+2	-4.055700E-4	1.287090E+4	0.000000E+0	0.000000E+0
5.235650E+2	-4.055800E-4	1.287090E+4	0.000000E+0	0.000000E+0
5.275620E+2	-4.055800E-4	1.287100E+4	0.000000E+0	0.000000E+0
5.315630E+2	-4.055800E-4	1.287110E+4	0.000000E+0	0.000000E+0
5.355370E+2	-4.055900E-4	1.287110E+4	0.000000E+0	0.000000E+0
5.395780E+2	-4.055800E-4	1.287140E+4	0.000000E+0	0.000000E+0
5.435580E+2	-4.055700E-4	1.287150E+4	0.000000E+0	0.000000E+0
5.475360E+2	-4.056000E-4	1.287170E+4	0.000000E+0	0.000000E+0
5.515740E+2	-4.055800E-4	1.287180E+4	0.000000E+0	0.000000E+0
5.555580E+2	-4.055500E-4	1.287190E+4	0.000000E+0	0.000000E+0
5.595560E+2	-4.055500E-4	1.287200E+4	0.000000E+0	0.000000E+0
5.635600E+2	-4.055800E-4	1.287200E+4	0.000000E+0	0.000000E+0
5.675580E+2	-4.055900E-4	1.287200E+4	0.000000E+0	0.000000E+0
5.715610E+2	-4.056300E-4	1.287200E+4	0.000000E+0	0.000000E+0
5.755620E+2	-4.055900E-4	1.287220E+4	0.000000E+0	0.000000E+0
5.795620E+2	-4.056100E-4	1.287220E+4	0.000000E+0	0.000000E+0
5.835610E+2	-4.056100E-4	1.287220E+4	0.000000E+0	0.000000E+0
5.875310E+2	-4.055900E-4	1.287230E+4	0.000000E+0	0.000000E+0
5.915740E+2	-4.056000E-4	1.287240E+4	0.000000E+0	0.000000E+0
5.955600E+2	-4.056100E-4	1.287240E+4	0.000000E+0	0.000000E+0
5.995570E+2	-4.056400E-4	1.287250E+4	0.000000E+0	0.000000E+0
6.035370E+2	-4.055900E-4	1.287250E+4	0.000000E+0	0.000000E+0
6.075750E+2	-4.055800E-4	1.287260E+4	0.000000E+0	0.000000E+0
6.115620E+2	-4.056100E-4	1.287270E+4	0.000000E+0	0.000000E+0
6.155580E+2	-4.056200E-4	1.287280E+4	0.000000E+0	0.000000E+0
6.195630E+2	-4.056000E-4	1.287280E+4	0.000000E+0	0.000000E+0
6.235370E+2	-4.056100E-4	1.287300E+4	0.000000E+0	0.000000E+0
6.275760E+2	-4.056000E-4	1.287310E+4	0.000000E+0	0.000000E+0
6.315630E+2	-4.056200E-4	1.287320E+4	0.000000E+0	0.000000E+0
6.355400E+2	-4.056200E-4	1.287330E+4	0.000000E+0	0.000000E+0
6.395730E+2	-4.056100E-4	1.287340E+4	0.000000E+0	0.000000E+0
6.435640E+2	-4.055900E-4	1.287350E+4	0.000000E+0	0.000000E+0
6.475330E+2	-4.055700E-4	1.287390E+4	0.000000E+0	0.000000E+0
6.515720E+2	-4.055600E-4	1.287400E+4	0.000000E+0	0.000000E+0
6.555630E+2	-4.055600E-4	1.287400E+4	0.000000E+0	0.000000E+0
6.595620E+2	-4.055900E-4	1.287410E+4	0.000000E+0	0.000000E+0
6.635610E+2	-4.055900E-4	1.287410E+4	0.000000E+0	0.000000E+0
6.675610E+2	-4.055700E-4	1.287420E+4	0.000000E+0	0.000000E+0
6.715590E+2	-4.055800E-4	1.287420E+4	0.000000E+0	0.000000E+0
6.755610E+2	-4.055900E-4	1.287440E+4	0.000000E+0	0.000000E+0
6.795620E+2	-4.055800E-4	1.287440E+4	0.000000E+0	0.000000E+0
6.835610E+2	-4.055800E-4	1.287450E+4	0.000000E+0	0.000000E+0
6.875590E+2	-4.055700E-4	1.287460E+4	0.000000E+0	0.000000E+0
6.915600E+2	-4.055700E-4	1.287470E+4	0.000000E+0	0.000000E+0
6.955620E+2	-4.055800E-4	1.287470E+4	0.000000E+0	0.000000E+0
6.995600E+2	-4.055800E-4	1.287490E+4	0.000000E+0	0.000000E+0
7.035590E+2	-4.055900E-4	1.287490E+4	0.000000E+0	0.000000E+0
7.075600E+2	-4.055800E-4	1.287500E+4	0.000000E+0	0.000000E+0
7.115600E+2	-4.055800E-4	1.287500E+4	0.000000E+0	0.000000E+0
7.155600E+2	-4.055400E-4	1.287520E+4	0.000000E+0	0.000000E+0
7.195580E+2	-4.056000E-4	1.287520E+4	0.000000E+0	0.000000E+0
7.235600E+2	-4.055900E-4	1.287530E+4	0.000000E+0	0.000000E+0
7.275630E+2	-4.055500E-4	1.287540E+4	0.000000E+0	0.000000E+0
7.315610E+2	-4.055400E-4	1.287540E+4	0.000000E+0	0.000000E+0
7.355600E+2	-4.055700E-4	1.287560E+4	0.000000E+0	0.000000E+0
7.395580E+2	-4.055600E-4	1.287560E+4	0.000000E+0	0.000000E+0
7.435600E+2	-4.056000E-4	1.287560E+4	0.000000E+0	0.000000E+0
7.475630E+2	-4.055800E-4	1.287580E+4	0.000000E+0	0.000000E+0
7.515590E+2	-4.055900E-4	1.287600E+4	0.000000E+0	0.000000E+0
7.555580E+2	-4.055900E-4	1.287610E+4	0.000000E+0	0.000000E+0
7.595590E+2	-4.056000E-4	1.287590E+4	0.000000E+0	0.000000E+0
7.635640E+2	-4.055600E-4	1.287600E+4	0.000000E+0	0.000000E+0
7.675590E+2	-4.055700E-4	1.287610E+4	0.000000E+0	0.000000E+0
7.715590E+2	-4.055800E-4	1.287620E+4	0.000000E+0	0.000000E+0
7.755600E+2	-4.056100E-4	1.287640E+4	0.000000E+0	0.000000E+0
7.795370E+2	-4.056000E-4	1.287640E+4	0.000000E+0	0.000000E+0
7.835760E+2	-4.055900E-4	1.287660E+4	0.000000E+0	0.000000E+0
7.875340E+2	-4.056000E-4	1.287670E+4	0.000000E+0	0.000000E+0
7.915820E+2	-4.056200E-4	1.287690E+4	0.000000E+0	0.000000E+0
7.955420E+2	-4.055700E-4	1.287700E+4	0.000000E+0	0.000000E+0
7.995780E+2	-4.055400E-4	1.287720E+4	0.000000E+0	0.000000E+0
8.035370E+2	-4.055400E-4	1.287730E+4	0.000000E+0	0.000000E+0
8.075830E+2	-4.055500E-4	1.287740E+4	0.000000E+0	0.000000E+0
8.115390E+2	-4.055600E-4	1.287750E+4	0.000000E+0	0.000000E+0
8.155580E+2	-4.055500E-4	1.287760E+4	0.000000E+0	0.000000E+0
8.195630E+2	-4.055600E-4	1.287760E+4	0.000000E+0	0.000000E+0
8.235330E+2	-4.055500E-4	1.287760E+4	0.000000E+0	0.000000E+0
8.275720E+2	-4.055700E-4	1.287770E+4	0.000000E+0	0.000000E+0
8.315610E+2	-4.055700E-4	1.287770E+4	0.000000E+0	0.000000E+0
8.355580E+2	-4.055700E-4	1.287770E+4	0.000000E+0	0.000000E+0
8.395610E+2	-4.055700E-4	1.287780E+4	0.000000E+0	0.000000E+0
8.435590E+2	-4.055700E-4	1.287810E+4	0.000000E+0	0.000000E+0
8.475580E+2	-4.056000E-4	1.287810E+4	0.000000E+0	0.000000E+0
8.515590E+2	-4.055900E-4	1.287790E+4	0.000000E+0	0.000000E+0
8.555610E+2	-4.056100E-4	1.287780E+4	0.000000E+0	0.000000E+0
8.595610E+2	-4.056200E-4	1.287790E+4	0.000000E+0	0.000000E+0
8.635600E+2	-4.055900E-4	1.287790E+4	0.000000E+0	0.000000E+0
8.675620E+2	-4.055900E-4	1.287800E+4	0.000000E+0	0.000000E+0
8.715640E+2	-4.056000E-4	1.287800E+4	0.000000E+0	0.000000E+0
8.755620E+2	-4.056100E-4	1.287790E+4	0.000000E+0	0.000000E+0
8.795590E+2	-4.056000E-4	1.287800E+4	0.000000E+0	0.000000E+0
8.835600E+2	-4.056100E-4	1.287820E+4	0.000000E+0	0.000000E+0
8.875620E+2	-4.056100E-4	1.287830E+4	0.000000E+0	0.000000E+0
8.915600E+2	-4.056100E-4	1.287830E+4	0.000000E+0	0.000000E+0
8.955600E+2	-4.056000E-4	1.287830E+4	0.000000E+0	0.000000E+0
8.995600E+2	-4.055900E-4	1.287840E+4	0.000000E+0	0.000000E+0
9.035610E+2	-4.056100E-4	1.287840E+4	0.000000E+0	0.000000E+0
9.075610E+2	-4.055900E-4	1.287850E+4	0.000000E+0	0.000000E+0
9.115580E+2	-4.055900E-4	1.287860E+4	0.000000E+0	0.000000E+0
9.155600E+2	-4.056100E-4	1.287870E+4	0.000000E+0	0.000000E+0
9.195630E+2	-4.056300E-4	1.287870E+4	0.000000E+0	0.000000E+0
9.235610E+2	-4.056200E-4	1.287890E+4	0.000000E+0	0.000000E+0
9.275590E+2	-4.056100E-4	1.287900E+4	0.000000E+0	0.000000E+0
9.315610E+2	-4.056000E-4	1.287920E+4	0.000000E+0	0.000000E+0
9.355620E+2	-4.056300E-4	1.287920E+4	0.000000E+0	0.000000E+0
9.395610E+2	-4.056000E-4	1.287940E+4	0.000000E+0	0.000000E+0
9.435610E+2	-4.056000E-4	1.287950E+4	0.000000E+0	0.000000E+0
9.475620E+2	-4.056100E-4	1.287950E+4	0.000000E+0	0.000000E+0
9.515640E+2	-4.056200E-4	1.287960E+4	0.000000E+0	0.000000E+0
9.555390E+2	-4.056200E-4	1.287980E+4	0.000000E+0	0.000000E+0
9.595760E+2	-4.055900E-4	1.287990E+4	0.000000E+0	0.000000E+0
9.635630E+2	-4.056400E-4	1.287990E+4	0.000000E+0	0.000000E+0
9.675380E+2	-4.056300E-4	1.288020E+4	0.000000E+0	0.000000E+0
9.715730E+2	-4.056000E-4	1.288030E+4	0.000000E+0	0.000000E+0
9.755620E+2	-4.056400E-4	1.288040E+4	0.000000E+0	0.000000E+0
9.795590E+2	-4.056200E-4	1.288050E+4	0.000000E+0	0.000000E+0
9.835630E+2	-4.056300E-4	1.288060E+4	0.000000E+0	0.000000E+0
9.875610E+2	-4.056300E-4	1.288070E+4	0.000000E+0	0.000000E+0
9.915580E+2	-4.056300E-4	1.288080E+4	0.000000E+0	0.000000E+0
9.955610E+2	-4.056400E-4	1.288080E+4	0.000000E+0	0.000000E+0
9.995600E+2	-4.056300E-4	1.288090E+4	0.000000E+0	0.000000E+0
1.003560E+3	-4.056100E-4	1.288090E+4	0.000000E+0	0.000000E+0
1.007560E+3	-4.056000E-4	1.288100E+4	0.000000E+0	0.000000E+0
1.011558E+3	-4.056300E-4	1.288090E+4	0.000000E+0	0.000000E+0
1.015561E+3	-4.056100E-4	1.288100E+4	0.000000E+0	0.000000E+0
1.019561E+3	-4.056300E-4	1.288110E+4	0.000000E+0	0.000000E+0
1.023562E+3	-4.056100E-4	1.288120E+4	0.000000E+0	0.000000E+0
1.027559E+3	-4.056200E-4	1.288130E+4	0.000000E+0	0.000000E+0
1.031559E+3	-4.056200E-4	1.288150E+4	0.000000E+0	0.000000E+0
1.035557E+3	-4.056100E-4	1.288160E+4	0.000000E+0	0.000000E+0
1.039559E+3	-4.056100E-4	1.288160E+4	0.000000E+0	0.000000E+0
1.043558E+3	-4.056400E-4	1.288170E+4	0.000000E+0	0.000000E+0
1.047560E+3	-4.056300E-4	1.288180E+4	0.000000E+0	0.000000E+0
1.051560E+3	-4.056200E-4	1.288190E+4	0.000000E+0	0.000000E+0
1.055563E+3	-4.056100E-4	1.288200E+4	0.000000E+0	0.000000E+0
1.059560E+3	-4.056100E-4	1.288210E+4	0.000000E+0	0.000000E+0
1.063563E+3	-4.056100E-4	1.288230E+4	0.000000E+0	0.000000E+0
1.067540E+3	-4.056200E-4	1.288230E+4	0.000000E+0	0.000000E+0
1.071576E+3	-4.056200E-4	1.288230E+4	0.000000E+0	0.000000E+0
1.075565E+3	-4.056300E-4	1.288240E+4	0.000000E+0	0.000000E+0
1.079535E+3	-4.056300E-4	1.288230E+4	0.000000E+0	0.000000E+0
1.083571E+3	-4.056400E-4	1.288230E+4	0.000000E+0	0.000000E+0
1.087564E+3	-4.056400E-4	1.288230E+4	0.000000E+0	0.000000E+0
1.091561E+3	-4.056600E-4	1.288250E+4	0.000000E+0	0.000000E+0
1.095564E+3	-4.056600E-4	1.288250E+4	0.000000E+0	0.000000E+0
1.099539E+3	-4.056300E-4	1.288270E+4	0.000000E+0	0.000000E+0
1.103577E+3	-4.056400E-4	1.288270E+4	0.000000E+0	0.000000E+0
1.107562E+3	-4.056800E-4	1.288290E+4	0.000000E+0	0.000000E+0
1.111538E+3	-4.056400E-4	1.288300E+4	0.000000E+0	0.000000E+0
1.115570E+3	-4.056300E-4	1.288330E+4	0.000000E+0	0.000000E+0
1.119559E+3	-4.056600E-4	1.288310E+4	0.000000E+0	0.000000E+0
1.123560E+3	-4.056400E-4	1.288330E+4	0.000000E+0	0.000000E+0
1.127559E+3	-4.056500E-4	1.288340E+4	0.000000E+0	0.000000E+0
1.131557E+3	-4.056400E-4	1.288350E+4	0.000000E+0	0.000000E+0
1.135557E+3	-4.056400E-4	1.288350E+4	0.000000E+0	0.000000E+0
1.139558E+3	-4.056800E-4	1.288360E+4	0.000000E+0	0.000000E+0
1.143560E+3	-4.056700E-4	1.288360E+4	0.000000E+0	0.000000E+0
1.147560E+3	-4.056600E-4	1.288380E+4	0.000000E+0	0.000000E+0
1.151560E+3	-4.057000E-4	1.288380E+4	0.000000E+0	0.000000E+0
1.155559E+3	-4.056500E-4	1.288380E+4	0.000000E+0	0.000000E+0
1.159532E+3	-4.056200E-4	1.288390E+4	0.000000E+0	0.000000E+0
1.163571E+3	-4.056600E-4	1.288390E+4	0.000000E+0	0.000000E+0
1.167560E+3	-4.056800E-4	1.288390E+4	0.000000E+0	0.000000E+0
1.171564E+3	-4.056900E-4	1.288360E+4	0.000000E+0	0.000000E+0
1.175536E+3	-4.056800E-4	1.288350E+4	0.000000E+0	0.000000E+0
1.179572E+3	-4.056800E-4	1.288350E+4	0.000000E+0	0.000000E+0
1.183558E+3	-4.057200E-4	1.288350E+4	0.000000E+0	0.000000E+0
1.187560E+3	-4.057200E-4	1.288330E+4	0.000000E+0	0.000000E+0
1.191559E+3	-4.057100E-4	1.288340E+4	0.000000E+0	0.000000E+0
1.195558E+3	-4.057300E-4	1.288340E+4	0.000000E+0	0.000000E+0
1.199559E+3	-4.057100E-4	1.288350E+4	0.000000E+0	0.000000E+0
1.203562E+3	-4.056900E-4	1.288370E+4	0.000000E+0	0.000000E+0
1.207561E+3	-4.056900E-4	1.288370E+4	0.000000E+0	0.000000E+0
1.211557E+3	-4.056700E-4	1.288390E+4	0.000000E+0	0.000000E+0
1.215561E+3	-4.056900E-4	1.288410E+4	0.000000E+0	0.000000E+0
1.219564E+3	-4.056900E-4	1.288420E+4	0.000000E+0	0.000000E+0
1.223534E+3	-4.056700E-4	1.288430E+4	0.000000E+0	0.000000E+0
1.227573E+3	-4.056900E-4	1.288440E+4	0.000000E+0	0.000000E+0
1.231559E+3	-4.056700E-4	1.288450E+4	0.000000E+0	0.000000E+0
1.235559E+3	-4.056800E-4	1.288460E+4	0.000000E+0	0.000000E+0
1.239559E+3	-4.056700E-4	1.288470E+4	0.000000E+0	0.000000E+0
1.243558E+3	-4.057000E-4	1.288480E+4	0.000000E+0	0.000000E+0
1.247560E+3	-4.056900E-4	1.288490E+4	0.000000E+0	0.000000E+0
1.251563E+3	-4.057100E-4	1.288500E+4	0.000000E+0	0.000000E+0
1.255539E+3	-4.057200E-4	1.288510E+4	0.000000E+0	0.000000E+0
1.259574E+3	-4.057300E-4	1.288520E+4	0.000000E+0	0.000000E+0
1.263561E+3	-4.057500E-4	1.288520E+4	0.000000E+0	0.000000E+0
1.267564E+3	-4.057400E-4	1.288530E+4	0.000000E+0	0.000000E+0
1.271534E+3	-4.057300E-4	1.288530E+4	0.000000E+0	0.000000E+0
1.275577E+3	-4.057500E-4	1.288520E+4	0.000000E+0	0.000000E+0
1.279561E+3	-4.057100E-4	1.288500E+4	0.000000E+0	0.000000E+0
1.283562E+3	-4.057300E-4	1.288490E+4	0.000000E+0	0.000000E+0
1.287538E+3	-4.057200E-4	1.288510E+4	0.000000E+0	0.000000E+0
1.291577E+3	-4.057600E-4	1.288510E+4	0.000000E+0	0.000000E+0
1.295558E+3	-4.057800E-4	1.288510E+4	0.000000E+0	0.000000E+0
1.299560E+3	-4.057500E-4	1.288520E+4	0.000000E+0	0.000000E+0
1.303561E+3	-4.057300E-4	1.288520E+4	0.000000E+0	0.000000E+0
1.307561E+3	-4.057000E-4	1.288510E+4	0.000000E+0	0.000000E+0
1.311562E+3	-4.056600E-4	1.288510E+4	0.000000E+0	0.000000E+0
1.315566E+3	-4.056700E-4	1.288500E+4	0.000000E+0	0.000000E+0
1.319565E+3	-4.057100E-4	1.288480E+4	0.000000E+0	0.000000E+0
1.323537E+3	-4.057300E-4	1.288460E+4	0.000000E+0	0.000000E+0
1.327576E+3	-4.057200E-4	1.288450E+4	0.000000E+0	0.000000E+0
1.331560E+3	-4.057000E-4	1.288440E+4	0.000000E+0	0.000000E+0
1.335538E+3	-4.057000E-4	1.288450E+4	0.000000E+0	0.000000E+0
1.339578E+3	-4.057200E-4	1.288490E+4	0.000000E+0	0.000000E+0
1.343561E+3	-4.056600E-4	1.288490E+4	0.000000E+0	0.000000E+0
1.347541E+3	-4.056400E-4	1.288510E+4	0.000000E+0	0.000000E+0
1.351577E+3	-4.056700E-4	1.288490E+4	0.000000E+0	0.000000E+0
1.355538E+3	-4.056800E-4	1.288470E+4	0.000000E+0	0.000000E+0
1.359579E+3	-4.056700E-4	1.288490E+4	0.000000E+0	0.000000E+0
1.363559E+3	-4.057100E-4	1.288490E+4	0.000000E+0	0.000000E+0
1.367558E+3	-4.057100E-4	1.288510E+4	0.000000E+0	0.000000E+0
1.371556E+3	-4.057100E-4	1.288520E+4	0.000000E+0	0.000000E+0
1.375558E+3	-4.057200E-4	1.288530E+4	0.000000E+0	0.000000E+0
1.379559E+3	-4.057500E-4	1.288530E+4	0.000000E+0	0.000000E+0
1.383562E+3	-4.057600E-4	1.288540E+4	0.000000E+0	0.000000E+0
1.387561E+3	-4.057500E-4	1.288520E+4	0.000000E+0	0.000000E+0
1.391561E+3	-4.057600E-4	1.288520E+4	0.000000E+0	0.000000E+0
1.395539E+3	-4.057600E-4	1.288510E+4	0.000000E+0	0.000000E+0
1.399576E+3	-4.057500E-4	1.288500E+4	0.000000E+0	0.000000E+0
1.403567E+3	-4.057500E-4	1.288480E+4	0.000000E+0	0.000000E+0
1.407536E+3	-4.057200E-4	1.288460E+4	0.000000E+0	0.000000E+0
1.411575E+3	-4.057600E-4	1.288480E+4	0.000000E+0	0.000000E+0
1.415563E+3	-4.057600E-4	1.288490E+4	0.000000E+0	0.000000E+0
1.419537E+3	-4.057700E-4	1.288490E+4	0.000000E+0	0.000000E+0
1.423570E+3	-4.058000E-4	1.288510E+4	0.000000E+0	0.000000E+0
1.427560E+3	-4.057700E-4	1.288530E+4	0.000000E+0	0.000000E+0
1.431558E+3	-4.057500E-4	1.288550E+4	0.000000E+0	0.000000E+0
1.435565E+3	-4.057900E-4	1.288570E+4	0.000000E+0	0.000000E+0
1.439538E+3	-4.057400E-4	1.288580E+4	0.000000E+0	0.000000E+0
1.443581E+3	-4.057200E-4	1.288590E+4	0.000000E+0	0.000000E+0
1.447538E+3	-4.057300E-4	1.288610E+4	0.000000E+0	0.000000E+0
1.451582E+3	-4.057400E-4	1.288640E+4	0.000000E+0	0.000000E+0
1.455536E+3	-4.057300E-4	1.288650E+4	0.000000E+0	0.000000E+0
1.459572E+3	-4.057200E-4	1.288690E+4	0.000000E+0	0.000000E+0
1.463563E+3	-4.057300E-4	1.288720E+4	0.000000E+0	0.000000E+0
1.467562E+3	-4.057300E-4	1.288740E+4	0.000000E+0	0.000000E+0
1.471562E+3	-4.057500E-4	1.288770E+4	0.000000E+0	0.000000E+0
1.475561E+3	-4.057600E-4	1.288790E+4	0.000000E+0	0.000000E+0
1.479561E+3	-4.057700E-4	1.288810E+4	0.000000E+0	0.000000E+0
1.483562E+3	-4.057400E-4	1.288820E+4	0.000000E+0	0.000000E+0
1.487533E+3	-4.057400E-4	1.288850E+4	0.000000E+0	0.000000E+0
1.491570E+3	-4.057800E-4	1.288870E+4	0.000000E+0	0.000000E+0
1.495560E+3	-4.057300E-4	1.288870E+4	0.000000E+0	0.000000E+0
1.499562E+3	-4.057900E-4	1.288880E+4	0.000000E+0	0.000000E+0
1.503565E+3	-4.057700E-4	1.288880E+4	0.000000E+0	0.000000E+0
1.507537E+3	-4.057500E-4	1.288890E+4	0.000000E+0	0.000000E+0
1.511575E+3	-4.057600E-4	1.288890E+4	0.000000E+0	0.000000E+0
1.515562E+3	-4.057600E-4	1.288900E+4	0.000000E+0	0.000000E+0
1.519557E+3	-4.057700E-4	1.288890E+4	0.000000E+0	0.000000E+0
1.523560E+3	-4.057600E-4	1.288890E+4	0.000000E+0	0.000000E+0
1.527560E+3	-4.057500E-4	1.288870E+4	0.000000E+0	0.000000E+0
1.531561E+3	-4.057900E-4	1.288860E+4	0.000000E+0	0.000000E+0
1.535563E+3	-4.058000E-4	1.288850E+4	0.000000E+0	0.000000E+0
1.539535E+3	-4.057800E-4	1.288850E+4	0.000000E+0	0.000000E+0
1.543574E+3	-4.058200E-4	1.288860E+4	0.000000E+0	0.000000E+0
1.547559E+3	-4.057900E-4	1.288860E+4	0.000000E+0	0.000000E+0
1.551536E+3	-4.057600E-4	1.288860E+4	0.000000E+0	0.000000E+0
1.555570E+3	-4.057700E-4	1.288880E+4	0.000000E+0	0.000000E+0
1.559561E+3	-4.057800E-4	1.288880E+4	0.000000E+0	0.000000E+0
1.563558E+3	-4.057600E-4	1.288870E+4	0.000000E+0	0.000000E+0
1.567562E+3	-4.057600E-4	1.288870E+4	0.000000E+0	0.000000E+0
1.571539E+3	-4.057200E-4	1.288860E+4	0.000000E+0	0.000000E+0
1.575575E+3	-4.057300E-4	1.288850E+4	0.000000E+0	0.000000E+0
1.579562E+3	-4.056900E-4	1.288850E+4	0.000000E+0	0.000000E+0
1.583537E+3	-4.057400E-4	1.288850E+4	0.000000E+0	0.000000E+0
1.587573E+3	-4.057100E-4	1.288870E+4	0.000000E+0	0.000000E+0
1.591563E+3	-4.057400E-4	1.288880E+4	0.000000E+0	0.000000E+0
1.595561E+3	-4.057400E-4	1.288890E+4	0.000000E+0	0.000000E+0
1.599563E+3	-4.057500E-4	1.288880E+4	0.000000E+0	0.000000E+0
1.603540E+3	-4.057800E-4	1.288870E+4	0.000000E+0	0.000000E+0
1.607579E+3	-4.057500E-4	1.288860E+4	0.000000E+0	0.000000E+0
1.611539E+3	-4.057600E-4	1.288850E+4	0.000000E+0	0.000000E+0
1.615585E+3	-4.057600E-4	1.288860E+4	0.000000E+0	0.000000E+0
1.619545E+3	-4.057600E-4	1.288860E+4	0.000000E+0	0.000000E+0
1.623576E+3	-4.057500E-4	1.288870E+4	0.000000E+0	0.000000E+0
1.627540E+3	-4.057600E-4	1.288880E+4	0.000000E+0	0.000000E+0
1.631573E+3	-4.057500E-4	1.288890E+4	0.000000E+0	0.000000E+0
1.635559E+3	-4.057600E-4	1.288900E+4	0.000000E+0	0.000000E+0
1.639564E+3	-4.057700E-4	1.288910E+4	0.000000E+0	0.000000E+0
1.643543E+3	-4.057600E-4	1.288910E+4	0.000000E+0	0.000000E+0
1.647575E+3	-4.057700E-4	1.288910E+4	0.000000E+0	0.000000E+0
1.651572E+3	-4.057500E-4	1.288890E+4	0.000000E+0	0.000000E+0
1.655542E+3	-4.057500E-4	1.288900E+4	0.000000E+0	0.000000E+0
1.659575E+3	-4.057600E-4	1.288900E+4	0.000000E+0	0.000000E+0
1.663565E+3	-4.057600E-4	1.288910E+4	0.000000E+0	0.000000E+0
1.667541E+3	-4.057800E-4	1.288910E+4	0.000000E+0	0.000000E+0
1.671578E+3	-4.057500E-4	1.288920E+4	0.000000E+0	0.000000E+0
1.675537E+3	-4.057300E-4	1.288930E+4	0.000000E+0	0.000000E+0
1.679584E+3	-4.057500E-4	1.288940E+4	0.000000E+0	0.000000E+0
1.683542E+3	-4.057600E-4	1.288960E+4	0.000000E+0	0.000000E+0
1.687578E+3	-4.057200E-4	1.288960E+4	0.000000E+0	0.000000E+0
1.691566E+3	-4.057400E-4	1.288960E+4	0.000000E+0	0.000000E+0
1.695535E+3	-4.057100E-4	1.288960E+4	0.000000E+0	0.000000E+0
1.699576E+3	-4.057400E-4	1.288970E+4	0.000000E+0	0.000000E+0
1.703561E+3	-4.057200E-4	1.289000E+4	0.000000E+0	0.000000E+0
1.707558E+3	-4.057400E-4	1.288990E+4	0.000000E+0	0.000000E+0
1.711561E+3	-4.057200E-4	1.288990E+4	0.000000E+0	0.000000E+0
1.715560E+3	-4.057300E-4	1.288980E+4	0.000000E+0	0.000000E+0
1.719558E+3	-4.057300E-4	1.289000E+4	0.000000E+0	0.000000E+0
1.723560E+3	-4.057400E-4	1.289000E+4	0.000000E+0	0.000000E+0
1.727561E+3	-4.057600E-4	1.289000E+4	0.000000E+0	0.000000E+0
1.731559E+3	-4.057500E-4	1.289000E+4	0.000000E+0	0.000000E+0
1.735562E+3	-4.057600E-4	1.289000E+4	0.000000E+0	0.000000E+0
1.739536E+3	-4.057400E-4	1.289020E+4	0.000000E+0	0.000000E+0
1.743578E+3	-4.057600E-4	1.289020E+4	0.000000E+0	0.000000E+0
1.747562E+3	-4.057500E-4	1.289010E+4	0.000000E+0	0.000000E+0
1.751535E+3	-4.057500E-4	1.289020E+4	0.000000E+0	0.000000E+0
1.755573E+3	-4.057700E-4	1.289020E+4	0.000000E+0	0.000000E+0
1.759559E+3	-4.057500E-4	1.289030E+4	0.000000E+0	0.000000E+0
1.763558E+3	-4.057800E-4	1.289030E+4	0.000000E+0	0.000000E+0
1.767559E+3	-4.057600E-4	1.289050E+4	0.000000E+0	0.000000E+0
1.771557E+3	-4.057600E-4	1.289060E+4	0.000000E+0	0.000000E+0
1.775559E+3	-4.057600E-4	1.289100E+4	0.000000E+0	0.000000E+0
1.779532E+3	-4.057600E-4	1.289110E+4	0.000000E+0	0.000000E+0
1.783573E+3	-4.057700E-4	1.289120E+4	0.000000E+0	0.000000E+0
1.787562E+3	-4.057500E-4	1.289120E+4	0.000000E+0	0.000000E+0
1.791532E+3	-4.057500E-4	1.289130E+4	0.000000E+0	0.000000E+0
1.795565E+3	-4.057200E-4	1.289140E+4	0.000000E+0	0.000000E+0
1.799557E+3	-4.057800E-4	1.289180E+4	0.000000E+0	0.000000E+0
1.803564E+3	-4.057800E-4	1.289190E+4	0.000000E+0	0.000000E+0
1.807535E+3	-4.057700E-4	1.289200E+4	0.000000E+0	0.000000E+0
1.811569E+3	-4.057300E-4	1.289210E+4	0.000000E+0	0.000000E+0
1.815551E+3	-4.057500E-4	1.289210E+4	0.000000E+0	0.000000E+0
1.819561E+3	-4.057300E-4	1.289210E+4	0.000000E+0	0.000000E+0
1.823556E+3	-4.057500E-4	1.289220E+4	0.000000E+0	0.000000E+0
1.827554E+3	-4.057500E-4	1.289220E+4	0.000000E+0	0.000000E+0
1.831553E+3	-4.057500E-4	1.289220E+4	0.000000E+0	0.000000E+0
1.835566E+3	-4.057300E-4	1.289220E+4	0.000000E+0	0.000000E+0
1.839537E+3	-4.057300E-4	1.289220E+4	0.000000E+0	0.000000E+0
1.843578E+3	-4.057100E-4	1.289240E+4	0.000000E+0	0.000000E+0
1.847560E+3	-4.057500E-4	1.289240E+4	0.000000E+0	0.000000E+0
1.851537E+3	-4.057500E-4	1.289250E+4	0.000000E+0	0.000000E+0
1.855573E+3	-4.057300E-4	1.289250E+4	0.000000E+0	0.000000E+0
1.859563E+3	-4.057500E-4	1.289260E+4	0.000000E+0	0.000000E+0
1.863532E+3	-4.057300E-4	1.289260E+4	0.000000E+0	0.000000E+0
1.867573E+3	-4.057400E-4	1.289270E+4	0.000000E+0	0.000000E+0
1.871562E+3	-4.057300E-4	1.289270E+4	0.000000E+0	0.000000E+0
1.875537E+3	-4.057300E-4	1.289270E+4	0.000000E+0	0.000000E+0
1.879568E+3	-4.057500E-4	1.289280E+4	0.000000E+0	0.000000E+0
1.883558E+3	-4.057500E-4	1.289280E+4	0.000000E+0	0.000000E+0
1.887559E+3	-4.057500E-4	1.289290E+4	0.000000E+0	0.000000E+0
1.891561E+3	-4.057400E-4	1.289310E+4	0.000000E+0	0.000000E+0
1.895536E+3	-4.057400E-4	1.289330E+4	0.000000E+0	0.000000E+0
1.899572E+3	-4.057300E-4	1.289330E+4	0.000000E+0	0.000000E+0
1.903556E+3	-4.057600E-4	1.289340E+4	0.000000E+0	0.000000E+0
1.907562E+3	-4.057400E-4	1.289350E+4	0.000000E+0	0.000000E+0
1.911561E+3	-4.057200E-4	1.289360E+4	0.000000E+0	0.000000E+0
1.915534E+3	-4.057500E-4	1.289370E+4	0.000000E+0	0.000000E+0
1.919577E+3	-4.057700E-4	1.289390E+4	0.000000E+0	0.000000E+0
1.923564E+3	-4.057800E-4	1.289390E+4	0.000000E+0	0.000000E+0
1.927535E+3	-4.057700E-4	1.289400E+4	0.000000E+0	0.000000E+0
1.931575E+3	-4.057600E-4	1.289400E+4	0.000000E+0	0.000000E+0
1.935564E+3	-4.057500E-4	1.289410E+4	0.000000E+0	0.000000E+0
1.939535E+3	-4.057600E-4	1.289430E+4	0.000000E+0	0.000000E+0
1.943553E+3	-4.057300E-4	1.289420E+4	0.000000E+0	0.000000E+0
1.947560E+3	-4.057500E-4	1.289440E+4	0.000000E+0	0.000000E+0
1.951564E+3	-4.057500E-4	1.289440E+4	0.000000E+0	0.000000E+0
1.955540E+3	-4.057900E-4	1.289440E+4	0.000000E+0	0.000000E+0
1.959571E+3	-4.057900E-4	1.289460E+4	0.000000E+0	0.000000E+0
1.963557E+3	-4.057700E-4	1.289460E+4	0.000000E+0	0.000000E+0
1.967562E+3	-4.057600E-4	1.289460E+4	0.000000E+0	0.000000E+0
1.971557E+3	-4.057500E-4	1.289490E+4	0.000000E+0	0.000000E+0
1.975557E+3	-4.057500E-4	1.289510E+4	0.000000E+0	0.000000E+0
1.979553E+3	-4.057500E-4	1.289520E+4	0.000000E+0	0.000000E+0
1.983569E+3	-4.057600E-4	1.289540E+4	0.000000E+0	0.000000E+0
1.987537E+3	-4.057600E-4	1.289530E+4	0.000000E+0	0.000000E+0
1.991579E+3	-4.057900E-4	1.289540E+4	0.000000E+0	0.000000E+0
1.995563E+3	-4.057900E-4	1.289540E+4	0.000000E+0	0.000000E+0
1.999541E+3	-4.057900E-4	1.289530E+4	0.000000E+0	0.000000E+0
2.003575E+3	-4.057700E-4	1.289530E+4	0.000000E+0	0.000000E+0
2.007564E+3	-4.058000E-4	1.289530E+4	0.000000E+0	0.000000E+0
2.011536E+3	-4.058000E-4	1.289530E+4	0.000000E+0	0.000000E+0
2.015572E+3	-4.057900E-4	1.289520E+4	0.000000E+0	0.000000E+0
2.019561E+3	-4.058200E-4	1.289520E+4	0.000000E+0	0.000000E+0
2.023558E+3	-4.057800E-4	1.289520E+4	0.000000E+0	0.000000E+0
2.027561E+3	-4.057700E-4	1.289520E+4	0.000000E+0	0.000000E+0
2.031559E+3	-4.057800E-4	1.289530E+4	0.000000E+0	0.000000E+0
2.035557E+3	-4.057800E-4	1.289540E+4	0.000000E+0	0.000000E+0
2.039559E+3	-4.057700E-4	1.289530E+4	0.000000E+0	0.000000E+0
2.043557E+3	-4.057600E-4	1.289550E+4	0.000000E+0	0.000000E+0
2.047555E+3	-4.057600E-4	1.289550E+4	0.000000E+0	0.000000E+0
2.051562E+3	-4.057700E-4	1.289570E+4	0.000000E+0	0.000000E+0
2.055561E+3	-4.057800E-4	1.289590E+4	0.000000E+0	0.000000E+0
2.059527E+3	-4.057800E-4	1.289590E+4	0.000000E+0	0.000000E+0
2.063573E+3	-4.057800E-4	1.289600E+4	0.000000E+0	0.000000E+0
2.067553E+3	-4.057800E-4	1.289620E+4	0.000000E+0	0.000000E+0
2.071559E+3	-4.057600E-4	1.289620E+4	0.000000E+0	0.000000E+0
2.075560E+3	-4.057300E-4	1.289610E+4	0.000000E+0	0.000000E+0
2.079553E+3	-4.057100E-4	1.289620E+4	0.000000E+0	0.000000E+0
2.083558E+3	-4.056900E-4	1.289610E+4	0.000000E+0	0.000000E+0
2.087564E+3	-4.056800E-4	1.289600E+4	0.000000E+0	0.000000E+0
2.091537E+3	-4.056700E-4	1.289600E+4	0.000000E+0	0.000000E+0
2.095570E+3	-4.056800E-4	1.289610E+4	0.000000E+0	0.000000E+0
2.099559E+3	-4.057000E-4	1.289600E+4	0.000000E+0	0.000000E+0
2.103557E+3	-4.057000E-4	1.289620E+4	0.000000E+0	0.000000E+0
2.107561E+3	-4.057000E-4	1.289630E+4	0.000000E+0	0.000000E+0
2.111559E+3	-4.057100E-4	1.289640E+4	0.000000E+0	0.000000E+0
2.115561E+3	-4.056700E-4	1.289640E+4	0.000000E+0	0.000000E+0
2.119561E+3	-4.057200E-4	1.289650E+4	0.000000E+0	0.000000E+0
2.123531E+3	-4.057100E-4	1.289670E+4	0.000000E+0	0.000000E+0
2.127573E+3	-4.057100E-4	1.289670E+4	0.000000E+0	0.000000E+0
2.131557E+3	-4.057000E-4	1.289670E+4	0.000000E+0	0.000000E+0
2.135560E+3	-4.057400E-4	1.289680E+4	0.000000E+0	0.000000E+0
2.139560E+3	-4.057300E-4	1.289700E+4	0.000000E+0	0.000000E+0
2.143558E+3	-4.057000E-4	1.289720E+4	0.000000E+0	0.000000E+0
2.147557E+3	-4.056900E-4	1.289720E+4	0.000000E+0	0.000000E+0
2.151560E+3	-4.057000E-4	1.289730E+4	0.000000E+0	0.000000E+0
2.155560E+3	-4.056700E-4	1.289730E+4	0.000000E+0	0.000000E+0
2.159558E+3	-4.056800E-4	1.289750E+4	0.000000E+0	0.000000E+0
2.163560E+3	-4.056900E-4	1.289760E+4	0.000000E+0	0.000000E+0
2.167562E+3	-4.056900E-4	1.289760E+4	0.000000E+0	0.000000E+0
2.171561E+3	-4.057000E-4	1.289750E+4	0.000000E+0	0.000000E+0
2.175536E+3	-4.056900E-4	1.289780E+4	0.000000E+0	0.000000E+0
2.179574E+3	-4.056900E-4	1.289790E+4	0.000000E+0	0.000000E+0
2.183554E+3	-4.056900E-4	1.289810E+4	0.000000E+0	0.000000E+0
2.187559E+3	-4.056800E-4	1.289810E+4	0.000000E+0	0.000000E+0
2.191558E+3	-4.056900E-4	1.289820E+4	0.000000E+0	0.000000E+0
2.195562E+3	-4.057000E-4	1.289820E+4	0.000000E+0	0.000000E+0
2.199564E+3	-4.057100E-4	1.289820E+4	0.000000E+0	0.000000E+0
2.203562E+3	-4.057200E-4	1.289810E+4	0.000000E+0	0.000000E+0
2.207536E+3	-4.057100E-4	1.289810E+4	0.000000E+0	0.000000E+0
2.211575E+3	-4.056900E-4	1.289810E+4	0.000000E+0	0.000000E+0
2.215560E+3	-4.057200E-4	1.289810E+4	0.000000E+0	0.000000E+0
2.219535E+3	-4.057100E-4	1.289820E+4	0.000000E+0	0.000000E+0
2.223571E+3	-4.057100E-4	1.289820E+4	0.000000E+0	0.000000E+0
2.227559E+3	-4.056800E-4	1.289840E+4	0.000000E+0	0.000000E+0
2.231560E+3	-4.057000E-4	1.289850E+4	0.000000E+0	0.000000E+0
2.235563E+3	-4.057000E-4	1.289890E+4	0.000000E+0	0.000000E+0
2.239538E+3	-4.056900E-4	1.289890E+4	0.000000E+0	0.000000E+0
2.243577E+3	-4.056900E-4	1.289910E+4	0.000000E+0	0.000000E+0
2.247563E+3	-4.057200E-4	1.289920E+4	0.000000E+0	0.000000E+0
2.251538E+3	-4.056900E-4	1.289940E+4	0.000000E+0	0.000000E+0
2.255574E+3	-4.057000E-4	1.289940E+4	0.000000E+0	0.000000E+0
2.259562E+3	-4.056900E-4	1.289940E+4	0.000000E+0	0.000000E+0
2.263562E+3	-4.056700E-4	1.289950E+4	0.000000E+0	0.000000E+0
2.267558E+3	-4.056800E-4	1.289960E+4	0.000000E+0	0.000000E+0
2.271558E+3	-4.056400E-4	1.289960E+4	0.000000E+0	0.000000E+0
2.275561E+3	-4.056500E-4	1.289960E+4	0.000000E+0	0.000000E+0
2.279564E+3	-4.056900E-4	1.289970E+4	0.000000E+0	0.000000E+0
2.283535E+3	-4.057000E-4	1.289970E+4	0.000000E+0	0.000000E+0
2.287569E+3	-4.057000E-4	1.289970E+4	0.000000E+0	0.000000E+0
2.291559E+3	-4.057200E-4	1.289980E+4	0.000000E+0	0.000000E+0
2.295561E+3	-4.057100E-4	1.290000E+4	0.000000E+0	0.000000E+0
2.299564E+3	-4.056900E-4	1.290000E+4	0.000000E+0	0.000000E+0
2.303539E+3	-4.056800E-4	1.290010E+4	0.000000E+0	0.000000E+0
2.307576E+3	-4.057000E-4	1.290010E+4	0.000000E+0	0.000000E+0
2.311560E+3	-4.057100E-4	1.290010E+4	0.000000E+0	0.000000E+0
2.315531E+3	-4.056500E-4	1.290030E+4	0.000000E+0	0.000000E+0
2.319570E+3	-4.057300E-4	1.290040E+4	0.000000E+0	0.000000E+0
2.323558E+3	-4.056900E-4	1.290040E+4	0.000000E+0	0.000000E+0
2.327556E+3	-4.057100E-4	1.290050E+4	0.000000E+0	0.000000E+0
2.331562E+3	-4.057200E-4	1.290040E+4	0.000000E+0	0.000000E+0
2.335535E+3	-4.057100E-4	1.290050E+4	0.000000E+0	0.000000E+0
2.339575E+3	-4.057200E-4	1.290040E+4	0.000000E+0	0.000000E+0
2.343560E+3	-4.057200E-4	1.290060E+4	0.000000E+0	0.000000E+0
2.347558E+3	-4.056900E-4	1.290060E+4	0.000000E+0	0.000000E+0
2.351555E+3	-4.056800E-4	1.290050E+4	0.000000E+0	0.000000E+0
2.355554E+3	-4.057100E-4	1.290060E+4	0.000000E+0	0.000000E+0
2.359556E+3	-4.057000E-4	1.290070E+4	0.000000E+0	0.000000E+0
2.363555E+3	-4.057200E-4	1.290070E+4	0.000000E+0	0.000000E+0
2.367567E+3	-4.057400E-4	1.290080E+4	0.000000E+0	0.000000E+0
2.371546E+3	-4.056900E-4	1.290080E+4	0.000000E+0	0.000000E+0
2.375561E+3	-4.056800E-4	1.290080E+4	0.000000E+0	0.000000E+0
2.379561E+3	-4.057100E-4	1.290100E+4	0.000000E+0	0.000000E+0
2.383547E+3	-4.056900E-4	1.290110E+4	0.000000E+0	0.000000E+0
2.387578E+3	-4.057000E-4	1.290120E+4	0.000000E+0	0.000000E+0
2.391537E+3	-4.057100E-4	1.290120E+4	0.000000E+0	0.000000E+0
2.395581E+3	-4.057200E-4	1.290130E+4	0.000000E+0	0.000000E+0
2.399541E+3	-4.056800E-4	1.290130E+4	0.000000E+0	0.000000E+0
2.403575E+3	-4.057200E-4	1.290130E+4	0.000000E+0	0.000000E+0
2.407539E+3	-4.056900E-4	1.290140E+4	0.000000E+0	0.000000E+0
2.411580E+3	-4.056700E-4	1.290140E+4	0.000000E+0	0.000000E+0
2.415558E+3	-4.057000E-4	1.290150E+4	0.000000E+0	0.000000E+0
2.419557E+3	-4.056800E-4	1.290150E+4	0.000000E+0	0.000000E+0
2.423558E+3	-4.056800E-4	1.290170E+4	0.000000E+0	0.000000E+0
2.427538E+3	-4.056800E-4	1.290170E+4	0.000000E+0	0.000000E+0
2.431577E+3	-4.056800E-4	1.290180E+4	0.000000E+0	0.000000E+0
2.435537E+3	-4.056800E-4	1.290200E+4	0.000000E+0	0.000000E+0
2.439585E+3	-4.057000E-4	1.290180E+4	0.000000E+0	0.000000E+0
2.443539E+3	-4.056900E-4	1.290190E+4	0.000000E+0	0.000000E+0
2.447574E+3	-4.057000E-4	1.290180E+4	0.000000E+0	0.000000E+0
2.451564E+3	-4.057200E-4	1.290180E+4	0.000000E+0	0.000000E+0
2.455536E+3	-4.057100E-4	1.290180E+4	0.000000E+0	0.000000E+0
2.459572E+3	-4.057000E-4	1.290180E+4	0.000000E+0	0.000000E+0
2.463561E+3	-4.057400E-4	1.290180E+4	0.000000E+0	0.000000E+0
2.467561E+3	-4.056900E-4	1.290190E+4	0.000000E+0	0.000000E+0
2.471561E+3	-4.057200E-4	1.290190E+4	0.000000E+0	0.000000E+0
2.475541E+3	-4.056800E-4	1.290210E+4	0.000000E+0	0.000000E+0
2.479580E+3	-4.056900E-4	1.290210E+4	0.000000E+0	0.000000E+0
2.483564E+3	-4.057000E-4	1.290220E+4	0.000000E+0	0.000000E+0
2.487535E+3	-4.056700E-4	1.290240E+4	0.000000E+0	0.000000E+0
2.491570E+3	-4.056500E-4	1.290240E+4	0.000000E+0	0.000000E+0
2.495560E+3	-4.056700E-4	1.290250E+4	0.000000E+0	0.000000E+0
2.499558E+3	-4.057000E-4	1.290250E+4	0.000000E+0	0.000000E+0
2.503558E+3	-4.056900E-4	1.290260E+4	0.000000E+0	0.000000E+0
2.507555E+3	-4.056900E-4	1.290260E+4	0.000000E+0	0.000000E+0
2.511555E+3	-4.056800E-4	1.290270E+4	0.000000E+0	0.000000E+0
2.515560E+3	-4.056800E-4	1.290280E+4	0.000000E+0	0.000000E+0
2.519563E+3	-4.056900E-4	1.290280E+4	0.000000E+0	0.000000E+0
2.523560E+3	-4.056800E-4	1.290290E+4	0.000000E+0	0.000000E+0
2.527560E+3	-4.056700E-4	1.290280E+4	0.000000E+0	0.000000E+0
2.531558E+3	-4.056700E-4	1.290280E+4	0.000000E+0	0.000000E+0
2.535561E+3	-4.056700E-4	1.290270E+4	0.000000E+0	0.000000E+0
2.539561E+3	-4.056700E-4	1.290270E+4	0.000000E+0	0.000000E+0
2.543559E+3	-4.056700E-4	1.290250E+4	0.000000E+0	0.000000E+0
2.547558E+3	-4.056700E-4	1.290250E+4	0.000000E+0	0.000000E+0
2.551562E+3	-4.056700E-4	1.290260E+4	0.000000E+0	0.000000E+0
2.555544E+3	-4.057000E-4	1.290270E+4	0.000000E+0	0.000000E+0
2.559577E+3	-4.056700E-4	1.290270E+4	0.000000E+0	0.000000E+0
2.563562E+3	-4.056900E-4	1.290290E+4	0.000000E+0	0.000000E+0
2.567536E+3	-4.056800E-4	1.290280E+4	0.000000E+0	0.000000E+0
2.571572E+3	-4.056900E-4	1.290310E+4	0.000000E+0	0.000000E+0
2.575562E+3	-4.056900E-4	1.290320E+4	0.000000E+0	0.000000E+0
2.579558E+3	-4.056900E-4	1.290330E+4	0.000000E+0	0.000000E+0
2.583560E+3	-4.056900E-4	1.290350E+4	0.000000E+0	0.000000E+0
2.587547E+3	-4.056900E-4	1.290350E+4	0.000000E+0	0.000000E+0
2.591578E+3	-4.056900E-4	1.290380E+4	0.000000E+0	0.000000E+0
2.595539E+3	-4.056800E-4	1.290380E+4	0.000000E+0	0.000000E+0
2.599581E+3	-4.056900E-4	1.290370E+4	0.000000E+0	0.000000E+0
2.603542E+3	-4.056900E-4	1.290360E+4	0.000000E+0	0.000000E+0
2.607576E+3	-4.056900E-4	1.290350E+4	0.000000E+0	0.000000E+0
2.611566E+3	-4.056700E-4	1.290360E+4	0.000000E+0	0.000000E+0
2.615537E+3	-4.057000E-4	1.290360E+4	0.000000E+0	0.000000E+0
2.619574E+3	-4.056600E-4	1.290360E+4	0.000000E+0	0.000000E+0
2.623563E+3	-4.056800E-4	1.290370E+4	0.000000E+0	0.000000E+0
2.627560E+3	-4.057000E-4	1.290370E+4	0.000000E+0	0.000000E+0
2.631561E+3	-4.057100E-4	1.290380E+4	0.000000E+0	0.000000E+0
2.635559E+3	-4.056700E-4	1.290390E+4	0.000000E+0	0.000000E+0
2.639558E+3	-4.057000E-4	1.290410E+4	0.000000E+0	0.000000E+0
2.643558E+3	-4.057200E-4	1.290420E+4	0.000000E+0	0.000000E+0
2.647556E+3	-4.057100E-4	1.290420E+4	0.000000E+0	0.000000E+0
2.651562E+3	-4.057000E-4	1.290430E+4	0.000000E+0	0.000000E+0
2.655562E+3	-4.057300E-4	1.290440E+4	0.000000E+0	0.000000E+0
2.659562E+3	-4.057500E-4	1.290440E+4	0.000000E+0	0.000000E+0
2.663564E+3	-4.057200E-4	1.290440E+4	0.000000E+0	0.000000E+0
2.667562E+3	-4.057400E-4	1.290420E+4	0.000000E+0	0.000000E+0
2.671560E+3	-4.057200E-4	1.290430E+4	0.000000E+0	0.000000E+0
2.675560E+3	-4.057300E-4	1.290440E+4	0.000000E+0	0.000000E+0
2.679559E+3	-4.057300E-4	1.290430E+4	0.000000E+0	0.000000E+0
2.683557E+3	-4.057300E-4	1.290440E+4	0.000000E+0	0.000000E+0
2.687558E+3	-4.057200E-4	1.290440E+4	0.000000E+0	0.000000E+0
2.691558E+3	-4.056800E-4	1.290460E+4	0.000000E+0	0.000000E+0
2.695558E+3	-4.056900E-4	1.290470E+4	0.000000E+0	0.000000E+0
2.699558E+3	-4.057000E-4	1.290500E+4	0.000000E+0	0.000000E+0
2.703556E+3	-4.056900E-4	1.290510E+4	0.000000E+0	0.000000E+0
2.707558E+3	-4.057200E-4	1.290530E+4	0.000000E+0	0.000000E+0
2.711560E+3	-4.057100E-4	1.290530E+4	0.000000E+0	0.000000E+0
2.715543E+3	-4.057000E-4	1.290540E+4	0.000000E+0	0.000000E+0
2.719575E+3	-4.057100E-4	1.290540E+4	0.000000E+0	0.000000E+0
2.723563E+3	-4.057100E-4	1.290550E+4	0.000000E+0	0.000000E+0
2.727538E+3	-4.057100E-4	1.290540E+4	0.000000E+0	0.000000E+0
2.731572E+3	-4.056900E-4	1.290550E+4	0.000000E+0	0.000000E+0
2.735561E+3	-4.057000E-4	1.290550E+4	0.000000E+0	0.000000E+0
2.739558E+3	-4.057000E-4	1.290560E+4	0.000000E+0	0.000000E+0
2.743561E+3	-4.057000E-4	1.290580E+4	0.000000E+0	0.000000E+0
2.747559E+3	-4.056800E-4	1.290600E+4	0.000000E+0	0.000000E+0
2.751562E+3	-4.056800E-4	1.290620E+4	0.000000E+0	0.000000E+0
2.755560E+3	-4.057000E-4	1.290650E+4	0.000000E+0	0.000000E+0
2.759560E+3	-4.056800E-4	1.290660E+4	0.000000E+0	0.000000E+0
2.763555E+3	-4.056800E-4	1.290650E+4	0.000000E+0	0.000000E+0
2.767557E+3	-4.056700E-4	1.290650E+4	0.000000E+0	0.000000E+0
2.771558E+3	-4.056700E-4	1.290650E+4	0.000000E+0	0.000000E+0
2.775559E+3	-4.056700E-4	1.290650E+4	0.000000E+0	0.000000E+0
2.779560E+3	-4.056500E-4	1.290640E+4	0.000000E+0	0.000000E+0
2.783560E+3	-4.056500E-4	1.290650E+4	0.000000E+0	0.000000E+0
2.787560E+3	-4.056700E-4	1.290660E+4	0.000000E+0	0.000000E+0
2.791560E+3	-4.057200E-4	1.290670E+4	0.000000E+0	0.000000E+0
2.795561E+3	-4.056900E-4	1.290670E+4	0.000000E+0	0.000000E+0
2.799560E+3	-4.057100E-4	1.290660E+4	0.000000E+0	0.000000E+0
2.803559E+3	-4.057300E-4	1.290660E+4	0.000000E+0	0.000000E+0
2.807560E+3	-4.057200E-4	1.290660E+4	0.000000E+0	0.000000E+0
2.811564E+3	-4.057100E-4	1.290640E+4	0.000000E+0	0.000000E+0
2.815563E+3	-4.057100E-4	1.290620E+4	0.000000E+0	0.000000E+0
2.819559E+3	-4.057800E-4	1.290610E+4	0.000000E+0	0.000000E+0
2.823554E+3	-4.057600E-4	1.290610E+4	0.000000E+0	0.000000E+0
2.827561E+3	-4.057700E-4	1.290630E+4	0.000000E+0	0.000000E+0
2.831559E+3	-4.057600E-4	1.290640E+4	0.000000E+0	0.000000E+0
2.835557E+3	-4.057300E-4	1.290650E+4	0.000000E+0	0.000000E+0
2.839555E+3	-4.057700E-4	1.290660E+4	0.000000E+0	0.000000E+0
2.843564E+3	-4.057700E-4	1.290670E+4	0.000000E+0	0.000000E+0
2.847542E+3	-4.057700E-4	1.290670E+4	0.000000E+0	0.000000E+0
2.851581E+3	-4.057900E-4	1.290680E+4	0.000000E+0	0.000000E+0
2.855540E+3	-4.057800E-4	1.290690E+4	0.000000E+0	0.000000E+0
2.859576E+3	-4.057800E-4	1.290690E+4	0.000000E+0	0.000000E+0
2.863563E+3	-4.057800E-4	1.290700E+4	0.000000E+0	0.000000E+0
2.867562E+3	-4.057600E-4	1.290700E+4	0.000000E+0	0.000000E+0
2.871558E+3	-4.056900E-4	1.290700E+4	0.000000E+0	0.000000E+0
2.875557E+3	-4.056800E-4	1.290710E+4	0.000000E+0	0.000000E+0
2.879558E+3	-4.057100E-4	1.290700E+4	0.000000E+0	0.000000E+0
2.883560E+3	-4.057600E-4	1.290700E+4	0.000000E+0	0.000000E+0
2.887555E+3	-4.057100E-4	1.290710E+4	0.000000E+0	0.000000E+0
2.891555E+3	-4.057600E-4	1.290710E+4	0.000000E+0	0.000000E+0
2.895558E+3	-4.057400E-4	1.290710E+4	0.000000E+0	0.000000E+0
2.899561E+3	-4.057500E-4	1.290730E+4	0.000000E+0	0.000000E+0
2.903559E+3	-4.057400E-4	1.290740E+4	0.000000E+0	0.000000E+0
2.907558E+3	-4.057400E-4	1.290750E+4	0.000000E+0	0.000000E+0
2.911559E+3	-4.057600E-4	1.290750E+4	0.000000E+0	0.000000E+0
2.915561E+3	-4.057600E-4	1.290770E+4	0.000000E+0	0.000000E+0
2.919562E+3	-4.057400E-4	1.290780E+4	0.000000E+0	0.000000E+0
2.923561E+3	-4.057300E-4	1.290780E+4	0.000000E+0	0.000000E+0
2.927559E+3	-4.057400E-4	1.290790E+4	0.000000E+0	0.000000E+0
2.931561E+3	-4.057600E-4	1.290790E+4	0.000000E+0	0.000000E+0
2.935559E+3	-4.057500E-4	1.290790E+4	0.000000E+0	0.000000E+0
2.939557E+3	-4.057500E-4	1.290780E+4	0.000000E+0	0.000000E+0
2.943557E+3	-4.057600E-4	1.290790E+4	0.000000E+0	0.000000E+0
2.947556E+3	-4.057600E-4	1.290790E+4	0.000000E+0	0.000000E+0
2.951560E+3	-4.057500E-4	1.290780E+4	0.000000E+0	0.000000E+0
2.955559E+3	-4.057500E-4	1.290780E+4	0.000000E+0	0.000000E+0
2.959560E+3	-4.057500E-4	1.290780E+4	0.000000E+0	0.000000E+0
2.963561E+3	-4.057700E-4	1.290780E+4	0.000000E+0	0.000000E+0
2.967561E+3	-4.057700E-4	1.290760E+4	0.000000E+0	0.000000E+0
2.971557E+3	-4.057700E-4	1.290750E+4	0.000000E+0	0.000000E+0
2.975560E+3	-4.057300E-4	1.290740E+4	0.000000E+0	0.000000E+0
2.979558E+3	-4.057600E-4	1.290740E+4	0.000000E+0	0.000000E+0
2.983561E+3	-4.057700E-4	1.290740E+4	0.000000E+0	0.000000E+0
2.987564E+3	-4.057600E-4	1.290750E+4	0.000000E+0	0.000000E+0
2.991563E+3	-4.057600E-4	1.290750E+4	0.000000E+0	0.000000E+0
2.995559E+3	-4.057500E-4	1.290760E+4	0.000000E+0	0.000000E+0
2.999561E+3	-4.057800E-4	1.290770E+4	0.000000E+0	0.000000E+0
3.003542E+3	-4.057900E-4	1.290790E+4	0.000000E+0	0.000000E+0
3.007578E+3	-4.057800E-4	1.290800E+4	0.000000E+0	0.000000E+0
3.011564E+3	-4.057800E-4	1.290810E+4	0.000000E+0	0.000000E+0
3.015538E+3	-4.057900E-4	1.290800E+4	0.000000E+0	0.000000E+0
3.019568E+3	-4.057700E-4	1.290780E+4	0.000000E+0	0.000000E+0
3.023557E+3	-4.057700E-4	1.290780E+4	0.000000E+0	0.000000E+0
3.027559E+3	-4.057900E-4	1.290770E+4	0.000000E+0	0.000000E+0
3.031554E+3	-4.057800E-4	1.290770E+4	0.000000E+0	0.000000E+0
3.035554E+3	-4.057700E-4	1.290770E+4	0.000000E+0	0.000000E+0
3.039559E+3	-4.057800E-4	1.290760E+4	0.000000E+0	0.000000E+0
3.043560E+3	-4.057700E-4	1.290760E+4	0.000000E+0	0.000000E+0
3.047562E+3	-4.057600E-4	1.290740E+4	0.000000E+0	0.000000E+0
3.051545E+3	-4.057800E-4	1.290720E+4	0.000000E+0	0.000000E+0
3.055574E+3	-4.057600E-4	1.290710E+4	0.000000E+0	0.000000E+0
3.059563E+3	-4.058000E-4	1.290690E+4	0.000000E+0	0.000000E+0
3.063536E+3	-4.057900E-4	1.290700E+4	0.000000E+0	0.000000E+0
3.067574E+3	-4.057900E-4	1.290700E+4	0.000000E+0	0.000000E+0
3.071564E+3	-4.058200E-4	1.290710E+4	0.000000E+0	0.000000E+0
3.075562E+3	-4.058000E-4	1.290710E+4	0.000000E+0	0.000000E+0
3.079595E+3	-4.058100E-4	1.290690E+4	0.000000E+0	0.000000E+0
3.083538E+3	-4.058000E-4	1.290700E+4	0.000000E+0	0.000000E+0
3.087578E+3	-4.057500E-4	1.290670E+4	0.000000E+0	0.000000E+0
3.091562E+3	-4.057700E-4	1.290670E+4	0.000000E+0	0.000000E+0
3.095537E+3	-4.057700E-4	1.290660E+4	0.000000E+0	0.000000E+0
3.099575E+3	-4.057800E-4	1.290660E+4	0.000000E+0	0.000000E+0
3.103561E+3	-4.058200E-4	1.290660E+4	0.000000E+0	0.000000E+0
3.107555E+3	-4.057800E-4	1.290660E+4	0.000000E+0	0.000000E+0
3.111557E+3	-4.057900E-4	1.290660E+4	0.000000E+0	0.000000E+0
3.115560E+3	-4.057700E-4	1.290660E+4	0.000000E+0	0.000000E+0
3.119559E+3	-4.057800E-4	1.290660E+4	0.000000E+0	0.000000E+0
3.123560E+3	-4.057800E-4	1.290660E+4	0.000000E+0	0.000000E+0
3.127557E+3	-4.057800E-4	1.290660E+4	0.000000E+0	0.000000E+0
3.131557E+3	-4.057700E-4	1.290650E+4	0.000000E+0	0.000000E+0
3.135559E+3	-4.057700E-4	1.290650E+4	0.000000E+0	0.000000E+0
3.139559E+3	-4.057700E-4	1.290640E+4	0.000000E+0	0.000000E+0
3.143562E+3	-4.057900E-4	1.290630E+4	0.000000E+0	0.000000E+0
3.147545E+3	-4.057900E-4	1.290620E+4	0.000000E+0	0.000000E+0
3.151577E+3	-4.057400E-4	1.290610E+4	0.000000E+0	0.000000E+0
3.155561E+3	-4.057400E-4	1.290600E+4	0.000000E+0	0.000000E+0
3.159541E+3	-4.057700E-4	1.290600E+4	0.000000E+0	0.000000E+0
3.163576E+3	-4.057400E-4	1.290590E+4	0.000000E+0	0.000000E+0
3.167543E+3	-4.057700E-4	1.290600E+4	0.000000E+0	0.000000E+0
3.171578E+3	-4.057700E-4	1.290600E+4	0.000000E+0	0.000000E+0
3.175536E+3	-4.057700E-4	1.290610E+4	0.000000E+0	0.000000E+0
3.179577E+3	-4.057700E-4	1.290620E+4	0.000000E+0	0.000000E+0
3.183558E+3	-4.057500E-4	1.290630E+4	0.000000E+0	0.000000E+0
3.187560E+3	-4.057800E-4	1.290610E+4	0.000000E+0	0.000000E+0
3.191562E+3	-4.057600E-4	1.290630E+4	0.000000E+0	0.000000E+0
3.195544E+3	-4.057800E-4	1.290620E+4	0.000000E+0	0.000000E+0
3.199577E+3	-4.057700E-4	1.290630E+4	0.000000E+0	0.000000E+0
3.203562E+3	-4.057800E-4	1.290630E+4	0.000000E+0	0.000000E+0
3.207540E+3	-4.057400E-4	1.290620E+4	0.000000E+0	0.000000E+0
3.211559E+3	-4.057600E-4	1.290630E+4	0.000000E+0	0.000000E+0
3.215560E+3	-4.057600E-4	1.290630E+4	0.000000E+0	0.000000E+0
3.219562E+3	-4.057800E-4	1.290630E+4	0.000000E+0	0.000000E+0
3.223562E+3	-4.057700E-4	1.290630E+4	0.000000E+0	0.000000E+0
3.227545E+3	-4.057800E-4	1.290620E+4	0.000000E+0	0.000000E+0
3.231578E+3	-4.057600E-4	1.290630E+4	0.000000E+0	0.000000E+0
3.235540E+3	-4.057700E-4	1.290630E+4	0.000000E+0	0.000000E+0
3.239585E+3	-4.057800E-4	1.290620E+4	0.000000E+0	0.000000E+0
3.243541E+3	-4.057600E-4	1.290620E+4	0.000000E+0	0.000000E+0
3.247577E+3	-4.057500E-4	1.290610E+4	0.000000E+0	0.000000E+0
3.251568E+3	-4.057600E-4	1.290620E+4	0.000000E+0	0.000000E+0
3.255537E+3	-4.057900E-4	1.290630E+4	0.000000E+0	0.000000E+0
3.259575E+3	-4.058000E-4	1.290630E+4	0.000000E+0	0.000000E+0
3.263564E+3	-4.057600E-4	1.290630E+4	0.000000E+0	0.000000E+0
3.267559E+3	-4.057600E-4	1.290620E+4	0.000000E+0	0.000000E+0
3.271559E+3	-4.057100E-4	1.290630E+4	0.000000E+0	0.000000E+0
3.275559E+3	-4.057700E-4	1.290630E+4	0.000000E+0	0.000000E+0
3.279562E+3	-4.057600E-4	1.290640E+4	0.000000E+0	0.000000E+0
3.283560E+3	-4.057600E-4	1.290640E+4	0.000000E+0	0.000000E+0
3.287557E+3	-4.057800E-4	1.290640E+4	0.000000E+0	0.000000E+0
3.291556E+3	-4.057500E-4	1.290630E+4	0.000000E+0	0.000000E+0
3.295559E+3	-4.057700E-4	1.290640E+4	0.000000E+0	0.000000E+0
3.299562E+3	-4.057800E-4	1.290630E+4	0.000000E+0	0.000000E+0
3.303556E+3	-4.057500E-4	1.290630E+4	0.000000E+0	0.000000E+0
3.307557E+3	-4.057600E-4	1.290620E+4	0.000000E+0	0.000000E+0
3.311557E+3	-4.057800E-4	1.290600E+4	0.000000E+0	0.000000E+0
3.315558E+3	-4.057700E-4	1.290600E+4	0.000000E+0	0.000000E+0
3.319558E+3	-4.057900E-4	1.290600E+4	0.000000E+0	0.000000E+0
3.323565E+3	-4.057700E-4	1.290610E+4	0.000000E+0	0.000000E+0
3.327545E+3	-4.057700E-4	1.290620E+4	0.000000E+0	0.000000E+0
3.331580E+3	-4.057900E-4	1.290620E+4	0.000000E+0	0.000000E+0
3.335538E+3	-4.057900E-4	1.290610E+4	0.000000E+0	0.000000E+0
3.339571E+3	-4.058000E-4	1.290610E+4	0.000000E+0	0.000000E+0
3.343561E+3	-4.057800E-4	1.290600E+4	0.000000E+0	0.000000E+0
3.347562E+3	-4.058500E-4	1.290600E+4	0.000000E+0	0.000000E+0
3.351560E+3	-4.058300E-4	1.290580E+4	0.000000E+0	0.000000E+0
3.355555E+3	-4.058100E-4	1.290570E+4	0.000000E+0	0.000000E+0
3.359559E+3	-4.058300E-4	1.290560E+4	0.000000E+0	0.000000E+0
3.363562E+3	-4.057900E-4	1.290560E+4	0.000000E+0	0.000000E+0
3.367564E+3	-4.058000E-4	1.290550E+4	0.000000E+0	0.000000E+0
3.371543E+3	-4.058100E-4	1.290560E+4	0.000000E+0	0.000000E+0
3.375577E+3	-4.057900E-4	1.290560E+4	0.000000E+0	0.000000E+0
3.379564E+3	-4.058100E-4	1.290560E+4	0.000000E+0	0.000000E+0
3.383535E+3	-4.058100E-4	1.290560E+4	0.000000E+0	0.000000E+0
3.387570E+3	-4.057500E-4	1.290570E+4	0.000000E+0	0.000000E+0
3.391559E+3	-4.057200E-4	1.290570E+4	0.000000E+0	0.000000E+0
3.395554E+3	-4.057300E-4	1.290580E+4	0.000000E+0	0.000000E+0
3.399554E+3	-4.057600E-4	1.290580E+4	0.000000E+0	0.000000E+0
3.403565E+3	-4.057900E-4	1.290580E+4	0.000000E+0	0.000000E+0
3.407545E+3	-4.057600E-4	1.290570E+4	0.000000E+0	0.000000E+0
3.411562E+3	-4.058100E-4	1.290580E+4	0.000000E+0	0.000000E+0
3.415558E+3	-4.058200E-4	1.290590E+4	0.000000E+0	0.000000E+0
3.419558E+3	-4.057900E-4	1.290600E+4	0.000000E+0	0.000000E+0
3.423557E+3	-4.057800E-4	1.290610E+4	0.000000E+0	0.000000E+0
3.427564E+3	-4.057500E-4	1.290610E+4	0.000000E+0	0.000000E+0
3.431537E+3	-4.057900E-4	1.290620E+4	0.000000E+0	0.000000E+0
3.435579E+3	-4.058100E-4	1.290620E+4	0.000000E+0	0.000000E+0
3.439560E+3	-4.058000E-4	1.290630E+4	0.000000E+0	0.000000E+0
3.443562E+3	-4.057900E-4	1.290640E+4	0.000000E+0	0.000000E+0
3.447561E+3	-4.057800E-4	1.290640E+4	0.000000E+0	0.000000E+0
3.451538E+3	-4.057900E-4	1.290640E+4	0.000000E+0	0.000000E+0
3.455577E+3	-4.057800E-4	1.290630E+4	0.000000E+0	0.000000E+0
3.459559E+3	-4.057900E-4	1.290620E+4	0.000000E+0	0.000000E+0
3.463562E+3	-4.058000E-4	1.290610E+4	0.000000E+0	0.000000E+0
3.467541E+3	-4.057800E-4	1.290610E+4	0.000000E+0	0.000000E+0
3.471572E+3	-4.057800E-4	1.290620E+4	0.000000E+0	0.000000E+0
3.475562E+3	-4.057400E-4	1.290620E+4	0.000000E+0	0.000000E+0
3.479558E+3	-4.057700E-4	1.290620E+4	0.000000E+0	0.000000E+0
3.483557E+3	-4.057500E-4	1.290630E+4	0.000000E+0	0.000000E+0
3.487560E+3	-4.058100E-4	1.290620E+4	0.000000E+0	0.000000E+0
3.491560E+3	-4.058100E-4	1.290630E+4	0.000000E+0	0.000000E+0
3.495558E+3	-4.057700E-4	1.290630E+4	0.000000E+0	0.000000E+0
3.499553E+3	-4.057900E-4	1.290650E+4	0.000000E+0	0.000000E+0
3.503558E+3	-4.057600E-4	1.290630E+4	0.000000E+0	0.000000E+0
3.507560E+3	-4.057600E-4	1.290630E+4	0.000000E+0	0.000000E+0
3.511555E+3	-4.057700E-4	1.290640E+4	0.000000E+0	0.000000E+0
3.515557E+3	-4.057700E-4	1.290630E+4	0.000000E+0	0.000000E+0
3.519558E+3	-4.057700E-4	1.290630E+4	0.000000E+0	0.000000E+0
3.523560E+3	-4.058000E-4	1.290640E+4	0.000000E+0	0.000000E+0
3.527560E+3	-4.057800E-4	1.290650E+4	0.000000E+0	0.000000E+0
3.531559E+3	-4.058000E-4	1.290650E+4	0.000000E+0	0.000000E+0
3.535559E+3	-4.058000E-4	1.290650E+4	0.000000E+0	0.000000E+0
3.539563E+3	-4.058000E-4	1.290660E+4	0.000000E+0	0.000000E+0
3.543535E+3	-4.058100E-4	1.290670E+4	0.000000E+0	0.000000E+0
3.547566E+3	-4.057900E-4	1.290680E+4	0.000000E+0	0.000000E+0
3.551558E+3	-4.057900E-4	1.290690E+4	0.000000E+0	0.000000E+0
3.555564E+3	-4.057800E-4	1.290710E+4	0.000000E+0	0.000000E+0
3.559537E+3	-4.058200E-4	1.290710E+4	0.000000E+0	0.000000E+0
3.563569E+3	-4.058400E-4	1.290720E+4	0.000000E+0	0.000000E+0
3.567559E+3	-4.058400E-4	1.290720E+4	0.000000E+0	0.000000E+0
3.571561E+3	-4.058500E-4	1.290730E+4	0.000000E+0	0.000000E+0
3.575562E+3	-4.058600E-4	1.290740E+4	0.000000E+0	0.000000E+0
3.579559E+3	-4.058300E-4	1.290740E+4	0.000000E+0	0.000000E+0
3.583557E+3	-4.058400E-4	1.290740E+4	0.000000E+0	0.000000E+0
3.587555E+3	-4.058300E-4	1.290740E+4	0.000000E+0	0.000000E+0
3.591558E+3	-4.058300E-4	1.290730E+4	0.000000E+0	0.000000E+0
3.595558E+3	-4.058000E-4	1.290730E+4	0.000000E+0	0.000000E+0
3.599558E+3	-4.058000E-4	1.290730E+4	0.000000E+0	0.000000E+0
3.603557E+3	-4.058200E-4	1.290720E+4	0.000000E+0	0.000000E+0
3.607566E+3	-4.058500E-4	1.290710E+4	0.000000E+0	0.000000E+0
3.611539E+3	-4.058300E-4	1.290700E+4	0.000000E+0	0.000000E+0
3.615580E+3	-4.058300E-4	1.290690E+4	0.000000E+0	0.000000E+0
3.619538E+3	-4.058400E-4	1.290680E+4	0.000000E+0	0.000000E+0
3.623582E+3	-4.058400E-4	1.290680E+4	0.000000E+0	0.000000E+0
3.627541E+3	-4.058600E-4	1.290680E+4	0.000000E+0	0.000000E+0
3.631579E+3	-4.058400E-4	1.290690E+4	0.000000E+0	0.000000E+0
3.635566E+3	-4.058100E-4	1.290700E+4	0.000000E+0	0.000000E+0
3.639539E+3	-4.058100E-4	1.290720E+4	0.000000E+0	0.000000E+0
3.643572E+3	-4.058500E-4	1.290720E+4	0.000000E+0	0.000000E+0
3.647562E+3	-4.058500E-4	1.290730E+4	0.000000E+0	0.000000E+0
3.651565E+3	-4.058600E-4	1.290740E+4	0.000000E+0	0.000000E+0
3.655565E+3	-4.058800E-4	1.290730E+4	0.000000E+0	0.000000E+0
3.659537E+3	-4.058700E-4	1.290730E+4	0.000000E+0	0.000000E+0
3.663575E+3	-4.058800E-4	1.290730E+4	0.000000E+0	0.000000E+0
3.667570E+3	-4.058800E-4	1.290740E+4	0.000000E+0	0.000000E+0
3.671563E+3	-4.058500E-4	1.290740E+4	0.000000E+0	0.000000E+0
3.675539E+3	-4.058500E-4	1.290730E+4	0.000000E+0	0.000000E+0
3.679578E+3	-4.058500E-4	1.290730E+4	0.000000E+0	0.000000E+0
3.683540E+3	-4.058800E-4	1.290740E+4	0.000000E+0	0.000000E+0
3.687557E+3	-4.058800E-4	1.290750E+4	0.000000E+0	0.000000E+0
3.691554E+3	-4.058600E-4	1.290740E+4	0.000000E+0	0.000000E+0
3.695560E+3	-4.058500E-4	1.290740E+4	0.000000E+0	0.000000E+0
3.699568E+3	-4.058800E-4	1.290730E+4	0.000000E+0	0.000000E+0
3.703535E+3	-4.058500E-4	1.290730E+4	0.000000E+0	0.000000E+0
3.707571E+3	-4.058500E-4	1.290710E+4	0.000000E+0	0.000000E+0
3.711561E+3	-4.058600E-4	1.290700E+4	0.000000E+0	0.000000E+0
3.715564E+3	-4.058700E-4	1.290710E+4	0.000000E+0	0.000000E+0
3.719561E+3	-4.058800E-4	1.290710E+4	0.000000E+0	0.000000E+0
3.723540E+3	-4.058700E-4	1.290710E+4	0.000000E+0	0.000000E+0
3.727577E+3	-4.058500E-4	1.290720E+4	0.000000E+0	0.000000E+0
3.731562E+3	-4.058700E-4	1.290720E+4	0.000000E+0	0.000000E+0
3.735536E+3	-4.058500E-4	1.290720E+4	0.000000E+0	0.000000E+0
3.739570E+3	-4.058500E-4	1.290730E+4	0.000000E+0	0.000000E+0
3.743561E+3	-4.058600E-4	1.290720E+4	0.000000E+0	0.000000E+0
3.747563E+3	-4.058600E-4	1.290720E+4	0.000000E+0	0.000000E+0
3.751562E+3	-4.058900E-4	1.290730E+4	0.000000E+0	0.000000E+0
3.755556E+3	-4.058800E-4	1.290740E+4	0.000000E+0	0.000000E+0
3.759562E+3	-4.059000E-4	1.290750E+4	0.000000E+0	0.000000E+0
3.763560E+3	-4.058700E-4	1.290760E+4	0.000000E+0	0.000000E+0
3.767567E+3	-4.058500E-4	1.290770E+4	0.000000E+0	0.000000E+0
3.771538E+3	-4.058600E-4	1.290760E+4	0.000000E+0	0.000000E+0
3.775578E+3	-4.058400E-4	1.290760E+4	0.000000E+0	0.000000E+0
3.779563E+3	-4.058700E-4	1.290760E+4	0.000000E+0	0.000000E+0
3.783539E+3	-4.058300E-4	1.290790E+4	0.000000E+0	0.000000E+0
3.787555E+3	-4.058500E-4	1.290770E+4	0.000000E+0	0.000000E+0
3.791558E+3	-4.058600E-4	1.290760E+4	0.000000E+0	0.000000E+0
3.795558E+3	-4.058900E-4	1.290780E+4	0.000000E+0	0.000000E+0
3.799556E+3	-4.058700E-4	1.290800E+4	0.000000E+0	0.000000E+0
3.803555E+3	-4.058700E-4	1.290800E+4	0.000000E+0	0.000000E+0
3.807561E+3	-4.058800E-4	1.290780E+4	0.000000E+0	0.000000E+0
3.811559E+3	-4.058800E-4	1.290770E+4	0.000000E+0	0.000000E+0
3.815562E+3	-4.058800E-4	1.290750E+4	0.000000E+0	0.000000E+0
3.819558E+3	-4.058900E-4	1.290760E+4	0.000000E+0	0.000000E+0
3.823558E+3	-4.058700E-4	1.290800E+4	0.000000E+0	0.000000E+0
3.827561E+3	-4.058800E-4	1.290800E+4	0.000000E+0	0.000000E+0
3.831562E+3	-4.058500E-4	1.290790E+4	0.000000E+0	0.000000E+0
3.835559E+3	-4.058600E-4	1.290790E+4	0.000000E+0	0.000000E+0
3.839559E+3	-4.058400E-4	1.290800E+4	0.000000E+0	0.000000E+0
3.843559E+3	-4.058700E-4	1.290810E+4	0.000000E+0	0.000000E+0
3.847561E+3	-4.058700E-4	1.290790E+4	0.000000E+0	0.000000E+0
3.851557E+3	-4.058500E-4	1.290800E+4	0.000000E+0	0.000000E+0
3.855557E+3	-4.058600E-4	1.290780E+4	0.000000E+0	0.000000E+0
3.859559E+3	-4.058900E-4	1.290810E+4	0.000000E+0	0.000000E+0
3.863563E+3	-4.058600E-4	1.290820E+4	0.000000E+0	0.000000E+0
3.867539E+3	-4.058500E-4	1.290840E+4	0.000000E+0	0.000000E+0
3.871581E+3	-4.058200E-4	1.290860E+4	0.000000E+0	0.000000E+0
3.875538E+3	-4.058300E-4	1.290860E+4	0.000000E+0	0.000000E+0
3.879582E+3	-4.058700E-4	1.290850E+4	0.000000E+0	0.000000E+0
3.883544E+3	-4.058500E-4	1.290850E+4	0.000000E+0	0.000000E+0
3.887576E+3	-4.058300E-4	1.290860E+4	0.000000E+0	0.000000E+0
3.891564E+3	-4.058400E-4	1.290870E+4	0.000000E+0	0.000000E+0
3.895537E+3	-4.058500E-4	1.290900E+4	0.000000E+0	0.000000E+0
3.899571E+3	-4.058600E-4	1.290890E+4	0.000000E+0	0.000000E+0
3.903561E+3	-4.058600E-4	1.290900E+4	0.000000E+0	0.000000E+0
3.907563E+3	-4.058900E-4	1.290900E+4	0.000000E+0	0.000000E+0
3.911562E+3	-4.059000E-4	1.290900E+4	0.000000E+0	0.000000E+0
3.915543E+3	-4.058800E-4	1.290890E+4	0.000000E+0	0.000000E+0
3.919575E+3	-4.058800E-4	1.290890E+4	0.000000E+0	0.000000E+0
3.923564E+3	-4.059000E-4	1.290900E+4	0.000000E+0	0.000000E+0
3.927539E+3	-4.059000E-4	1.290910E+4	0.000000E+0	0.000000E+0
3.931573E+3	-4.058800E-4	1.290920E+4	0.000000E+0	0.000000E+0
3.935564E+3	-4.058500E-4	1.290910E+4	0.000000E+0	0.000000E+0
3.939558E+3	-4.058500E-4	1.290900E+4	0.000000E+0	0.000000E+0
3.943562E+3	-4.058900E-4	1.290910E+4	0.000000E+0	0.000000E+0
3.947542E+3	-4.058800E-4	1.290900E+4	0.000000E+0	0.000000E+0
3.951576E+3	-4.058400E-4	1.290900E+4	0.000000E+0	0.000000E+0
3.955565E+3	-4.058500E-4	1.290910E+4	0.000000E+0	0.000000E+0
3.959536E+3	-4.058600E-4	1.290900E+4	0.000000E+0	0.000000E+0
3.963573E+3	-4.058800E-4	1.290900E+4	0.000000E+0	0.000000E+0
3.967561E+3	-4.058900E-4	1.290910E+4	0.000000E+0	0.000000E+0
3.971557E+3	-4.059000E-4	1.290910E+4	0.000000E+0	0.000000E+0
3.975560E+3	-4.058600E-4	1.290920E+4	0.000000E+0	0.000000E+0
3.979556E+3	-4.059000E-4	1.290920E+4	0.000000E+0	0.000000E+0
3.983556E+3	-4.058900E-4	1.290930E+4	0.000000E+0	0.000000E+0
3.987555E+3	-4.059100E-4	1.290940E+4	0.000000E+0	0.000000E+0
3.991556E+3	-4.058500E-4	1.290920E+4	0.000000E+0	0.000000E+0
3.995563E+3	-4.058400E-4	1.290920E+4	0.000000E+0	0.000000E+0
3.999544E+3	-4.058400E-4	1.290920E+4	0.000000E+0	0.000000E+0
4.003574E+3	-4.058500E-4	1.290910E+4	0.000000E+0	0.000000E+0
4.007558E+3	-4.058200E-4	1.290900E+4	0.000000E+0	0.000000E+0
4.011564E+3	-4.058300E-4	1.290910E+4	0.000000E+0	0.000000E+0
4.015541E+3	-4.058600E-4	1.290910E+4	0.000000E+0	0.000000E+0
4.019570E+3	-4.058400E-4	1.290940E+4	0.000000E+0	0.000000E+0
4.023560E+3	-4.058200E-4	1.290950E+4	0.000000E+0	0.000000E+0
4.027562E+3	-4.057900E-4	1.290970E+4	0.000000E+0	0.000000E+0
4.031536E+3	-4.057800E-4	1.290990E+4	0.000000E+0	0.000000E+0
4.035571E+3	-4.057800E-4	1.291000E+4	0.000000E+0	0.000000E+0
4.039559E+3	-4.058100E-4	1.291000E+4	0.000000E+0	0.000000E+0
4.043560E+3	-4.057700E-4	1.291000E+4	0.000000E+0	0.000000E+0
4.047538E+3	-4.057800E-4	1.291000E+4	0.000000E+0	0.000000E+0
4.051570E+3	-4.058000E-4	1.291020E+4	0.000000E+0	0.000000E+0
4.055554E+3	-4.057800E-4	1.291030E+4	0.000000E+0	0.000000E+0
4.059560E+3	-4.058100E-4	1.291020E+4	0.000000E+0	0.000000E+0
4.063555E+3	-4.058000E-4	1.291020E+4	0.000000E+0	0.000000E+0
4.067553E+3	-4.058000E-4	1.291020E+4	0.000000E+0	0.000000E+0
4.071553E+3	-4.057800E-4	1.291010E+4	0.000000E+0	0.000000E+0
4.075558E+3	-4.057900E-4	1.291000E+4	0.000000E+0	0.000000E+0
4.079560E+3	-4.057900E-4	1.290980E+4	0.000000E+0	0.000000E+0
4.083558E+3	-4.058200E-4	1.290980E+4	0.000000E+0	0.000000E+0
4.087556E+3	-4.058100E-4	1.290970E+4	0.000000E+0	0.000000E+0
4.091558E+3	-4.057900E-4	1.290970E+4	0.000000E+0	0.000000E+0
4.095559E+3	-4.058200E-4	1.290990E+4	0.000000E+0	0.000000E+0
4.099559E+3	-4.057900E-4	1.291000E+4	0.000000E+0	0.000000E+0
4.103557E+3	-4.057900E-4	1.291000E+4	0.000000E+0	0.000000E+0
4.107559E+3	-4.058100E-4	1.290990E+4	0.000000E+0	0.000000E+0
4.111559E+3	-4.058000E-4	1.290980E+4	0.000000E+0	0.000000E+0
4.115557E+3	-4.058100E-4	1.290970E+4	0.000000E+0	0.000000E+0
4.119559E+3	-4.058500E-4	1.290970E+4	0.000000E+0	0.000000E+0
4.123560E+3	-4.058200E-4	1.290970E+4	0.000000E+0	0.000000E+0
4.127562E+3	-4.058100E-4	1.290990E+4	0.000000E+0	0.000000E+0
4.131559E+3	-4.058100E-4	1.291000E+4	0.000000E+0	0.000000E+0
4.135558E+3	-4.058100E-4	1.290990E+4	0.000000E+0	0.000000E+0
4.139560E+3	-4.058000E-4	1.290990E+4	0.000000E+0	0.000000E+0
4.143562E+3	-4.057900E-4	1.290990E+4	0.000000E+0	0.000000E+0
4.147560E+3	-4.057800E-4	1.291000E+4	0.000000E+0	0.000000E+0
4.151560E+3	-4.057700E-4	1.291010E+4	0.000000E+0	0.000000E+0
4.155560E+3	-4.058300E-4	1.291020E+4	0.000000E+0	0.000000E+0
4.159556E+3	-4.058000E-4	1.291020E+4	0.000000E+0	0.000000E+0
4.163556E+3	-4.058400E-4	1.291030E+4	0.000000E+0	0.000000E+0
4.167556E+3	-4.058400E-4	1.291040E+4	0.000000E+0	0.000000E+0
4.171556E+3	-4.058200E-4	1.291050E+4	0.000000E+0	0.000000E+0
4.175559E+3	-4.058300E-4	1.291060E+4	0.000000E+0	0.000000E+0
4.179558E+3	-4.058300E-4	1.291060E+4	0.000000E+0	0.000000E+0
4.183558E+3	-4.058200E-4	1.291050E+4	0.000000E+0	0.000000E+0
4.187561E+3	-4.058200E-4	1.291050E+4	0.000000E+0	0.000000E+0
4.191559E+3	-4.058400E-4	1.291050E+4	0.000000E+0	0.000000E+0
4.195557E+3	-4.058100E-4	1.291070E+4	0.000000E+0	0.000000E+0
4.199559E+3	-4.058200E-4	1.291070E+4	0.000000E+0	0.000000E+0
4.203556E+3	-4.058000E-4	1.291100E+4	0.000000E+0	0.000000E+0
4.207557E+3	-4.057900E-4	1.291090E+4	0.000000E+0	0.000000E+0
4.211557E+3	-4.058000E-4	1.291070E+4	0.000000E+0	0.000000E+0
4.215559E+3	-4.058200E-4	1.291060E+4	0.000000E+0	0.000000E+0
4.219558E+3	-4.058000E-4	1.291060E+4	0.000000E+0	0.000000E+0
4.223557E+3	-4.058100E-4	1.291060E+4	0.000000E+0	0.000000E+0
4.227557E+3	-4.058000E-4	1.291060E+4	0.000000E+0	0.000000E+0
4.231560E+3	-4.058200E-4	1.291070E+4	0.000000E+0	0.000000E+0
4.235534E+3	-4.058300E-4	1.291080E+4	0.000000E+0	0.000000E+0
4.239573E+3	-4.058300E-4	1.291090E+4	0.000000E+0	0.000000E+0
4.243563E+3	-4.058500E-4	1.291100E+4	0.000000E+0	0.000000E+0
4.247534E+3	-4.058400E-4	1.291100E+4	0.000000E+0	0.000000E+0
4.251572E+3	-4.058200E-4	1.291090E+4	0.000000E+0	0.000000E+0
4.255560E+3	-4.058700E-4	1.291100E+4	0.000000E+0	0.000000E+0
4.259560E+3	-4.058700E-4	1.291080E+4	0.000000E+0	0.000000E+0
4.263561E+3	-4.058600E-4	1.291070E+4	0.000000E+0	0.000000E+0
4.267559E+3	-4.058700E-4	1.291070E+4	0.000000E+0	0.000000E+0
4.271559E+3	-4.058900E-4	1.291070E+4	0.000000E+0	0.000000E+0
4.275557E+3	-4.059000E-4	1.291080E+4	0.000000E+0	0.000000E+0
4.279562E+3	-4.059100E-4	1.291090E+4	0.000000E+0	0.000000E+0
4.283538E+3	-4.058900E-4	1.291080E+4	0.000000E+0	0.000000E+0
4.287577E+3	-4.058800E-4	1.291090E+4	0.000000E+0	0.000000E+0
4.291562E+3	-4.058400E-4	1.291100E+4	0.000000E+0	0.000000E+0
4.295537E+3	-4.058700E-4	1.291100E+4	0.000000E+0	0.000000E+0
4.299573E+3	-4.058800E-4	1.291110E+4	0.000000E+0	0.000000E+0
4.303565E+3	-4.058700E-4	1.291130E+4	0.000000E+0	0.000000E+0
4.307537E+3	-4.058600E-4	1.291140E+4	0.000000E+0	0.000000E+0
4.311568E+3	-4.058400E-4	1.291150E+4	0.000000E+0	0.000000E+0
4.315560E+3	-4.058200E-4	1.291160E+4	0.000000E+0	0.000000E+0
4.319557E+3	-4.058300E-4	1.291150E+4	0.000000E+0	0.000000E+0
4.323557E+3	-4.058300E-4	1.291150E+4	0.000000E+0	0.000000E+0
4.327557E+3	-4.058400E-4	1.291150E+4	0.000000E+0	0.000000E+0
4.331557E+3	-4.058000E-4	1.291150E+4	0.000000E+0	0.000000E+0
4.335561E+3	-4.058400E-4	1.291140E+4	0.000000E+0	0.000000E+0
4.339558E+3	-4.058300E-4	1.291130E+4	0.000000E+0	0.000000E+0
4.343560E+3	-4.058000E-4	1.291110E+4	0.000000E+0	0.000000E+0
4.347538E+3	-4.058200E-4	1.291120E+4	0.000000E+0	0.000000E+0
4.351576E+3	-4.058600E-4	1.291100E+4	0.000000E+0	0.000000E+0
4.355558E+3	-4.058300E-4	1.291090E+4	0.000000E+0	0.000000E+0
4.359559E+3	-4.058500E-4	1.291090E+4	0.000000E+0	0.000000E+0
4.363541E+3	-4.058500E-4	1.291100E+4	0.000000E+0	0.000000E+0
4.367578E+3	-4.058300E-4	1.291110E+4	0.000000E+0	0.000000E+0
4.371542E+3	-4.058300E-4	1.291120E+4	0.000000E+0	0.000000E+0
4.375585E+3	-4.058600E-4	1.291110E+4	0.000000E+0	0.000000E+0
4.379542E+3	-4.058400E-4	1.291120E+4	0.000000E+0	0.000000E+0
4.383577E+3	-4.058400E-4	1.291130E+4	0.000000E+0	0.000000E+0
4.387567E+3	-4.058500E-4	1.291130E+4	0.000000E+0	0.000000E+0
4.391539E+3	-4.058100E-4	1.291130E+4	0.000000E+0	0.000000E+0
4.395576E+3	-4.058500E-4	1.291150E+4	0.000000E+0	0.000000E+0
4.399563E+3	-4.058500E-4	1.291130E+4	0.000000E+0	0.000000E+0
4.403560E+3	-4.058500E-4	1.291120E+4	0.000000E+0	0.000000E+0
4.407559E+3	-4.058400E-4	1.291140E+4	0.000000E+0	0.000000E+0
4.411540E+3	-4.058800E-4	1.291140E+4	0.000000E+0	0.000000E+0
4.415577E+3	-4.058500E-4	1.291150E+4	0.000000E+0	0.000000E+0
4.419562E+3	-4.058400E-4	1.291180E+4	0.000000E+0	0.000000E+0
4.423538E+3	-4.058500E-4	1.291200E+4	0.000000E+0	0.000000E+0
4.427577E+3	-4.058500E-4	1.291200E+4	0.000000E+0	0.000000E+0
4.431561E+3	-4.058600E-4	1.291200E+4	0.000000E+0	0.000000E+0
4.435559E+3	-4.058400E-4	1.291230E+4	0.000000E+0	0.000000E+0
4.439558E+3	-4.058300E-4	1.291260E+4	0.000000E+0	0.000000E+0
4.443559E+3	-4.058400E-4	1.291270E+4	0.000000E+0	0.000000E+0
4.447563E+3	-4.058400E-4	1.291260E+4	0.000000E+0	0.000000E+0
4.451560E+3	-4.058300E-4	1.291250E+4	0.000000E+0	0.000000E+0
4.455561E+3	-4.058600E-4	1.291250E+4	0.000000E+0	0.000000E+0
4.459558E+3	-4.058400E-4	1.291250E+4	0.000000E+0	0.000000E+0
4.463561E+3	-4.058500E-4	1.291230E+4	0.000000E+0	0.000000E+0
4.467559E+3	-4.058500E-4	1.291200E+4	0.000000E+0	0.000000E+0
4.471564E+3	-4.058600E-4	1.291210E+4	0.000000E+0	0.000000E+0
4.475564E+3	-4.058600E-4	1.291210E+4	0.000000E+0	0.000000E+0
4.479562E+3	-4.058200E-4	1.291200E+4	0.000000E+0	0.000000E+0
4.483561E+3	-4.058400E-4	1.291190E+4	0.000000E+0	0.000000E+0
4.487561E+3	-4.058800E-4	1.291190E+4	0.000000E+0	0.000000E+0
4.491555E+3	-4.058600E-4	1.291200E+4	0.000000E+0	0.000000E+0
4.495555E+3	-4.058500E-4	1.291210E+4	0.000000E+0	0.000000E+0
4.499557E+3	-4.058600E-4	1.291200E+4	0.000000E+0	0.000000E+0
4.503566E+3	-4.058800E-4	1.291200E+4	0.000000E+0	0.000000E+0
4.507560E+3	-4.058500E-4	1.291200E+4	0.000000E+0	0.000000E+0
4.511558E+3	-4.058700E-4	1.291200E+4	0.000000E+0	0.000000E+0
4.515558E+3	-4.058600E-4	1.291210E+4	0.000000E+0	0.000000E+0
4.519565E+3	-4.057700E-4	1.291200E+4	0.000000E+0	0.000000E+0
4.523541E+3	-4.058100E-4	1.291200E+4	0.000000E+0	0.000000E+0
4.527577E+3	-4.057800E-4	1.291220E+4	0.000000E+0	0.000000E+0
4.531564E+3	-4.057900E-4	1.291220E+4	0.000000E+0	0.000000E+0
4.535537E+3	-4.058100E-4	1.291210E+4	0.000000E+0	0.000000E+0
4.539572E+3	-4.058000E-4	1.291210E+4	0.000000E+0	0.000000E+0
4.543563E+3	-4.057700E-4	1.291210E+4	0.000000E+0	0.000000E+0
4.547564E+3	-4.058100E-4	1.291210E+4	0.000000E+0	0.000000E+0
4.551564E+3	-4.058200E-4	1.291220E+4	0.000000E+0	0.000000E+0
4.555539E+3	-4.058300E-4	1.291220E+4	0.000000E+0	0.000000E+0
4.559577E+3	-4.058300E-4	1.291210E+4	0.000000E+0	0.000000E+0
4.563561E+3	-4.058300E-4	1.291230E+4	0.000000E+0	0.000000E+0
4.567538E+3	-4.058500E-4	1.291220E+4	0.000000E+0	0.000000E+0
4.571573E+3	-4.058300E-4	1.291190E+4	0.000000E+0	0.000000E+0
4.575562E+3	-4.058200E-4	1.291190E+4	0.000000E+0	0.000000E+0
4.579565E+3	-4.058300E-4	1.291190E+4	0.000000E+0	0.000000E+0
4.583562E+3	-4.058400E-4	1.291180E+4	0.000000E+0	0.000000E+0
4.587539E+3	-4.058600E-4	1.291180E+4	0.000000E+0	0.000000E+0
4.591576E+3	-4.058500E-4	1.291170E+4	0.000000E+0	0.000000E+0
4.595563E+3	-4.058700E-4	1.291170E+4	0.000000E+0	0.000000E+0
4.599536E+3	-4.058400E-4	1.291160E+4	0.000000E+0	0.000000E+0
4.603574E+3	-4.058600E-4	1.291160E+4	0.000000E+0	0.000000E+0
4.607563E+3	-4.058400E-4	1.291170E+4	0.000000E+0	0.000000E+0
4.611559E+3	-4.058500E-4	1.291170E+4	0.000000E+0	0.000000E+0
4.615560E+3	-4.058300E-4	1.291180E+4	0.000000E+0	0.000000E+0
4.619558E+3	-4.058600E-4	1.291190E+4	0.000000E+0	0.000000E+0
4.623561E+3	-4.058800E-4	1.291190E+4	0.000000E+0	0.000000E+0
4.627558E+3	-4.058800E-4	1.291200E+4	0.000000E+0	0.000000E+0
4.631560E+3	-4.058600E-4	1.291200E+4	0.000000E+0	0.000000E+0
4.635541E+3	-4.058700E-4	1.291190E+4	0.000000E+0	0.000000E+0
4.639579E+3	-4.058600E-4	1.291180E+4	0.000000E+0	0.000000E+0
4.643538E+3	-4.058700E-4	1.291170E+4	0.000000E+0	0.000000E+0
4.647585E+3	-4.058700E-4	1.291160E+4	0.000000E+0	0.000000E+0
4.651546E+3	-4.058400E-4	1.291160E+4	0.000000E+0	0.000000E+0
4.655557E+3	-4.058200E-4	1.291160E+4	0.000000E+0	0.000000E+0
4.659565E+3	-4.058400E-4	1.291150E+4	0.000000E+0	0.000000E+0
4.663533E+3	-4.058600E-4	1.291130E+4	0.000000E+0	0.000000E+0
4.667572E+3	-4.058300E-4	1.291120E+4	0.000000E+0	0.000000E+0
4.671560E+3	-4.058300E-4	1.291130E+4	0.000000E+0	0.000000E+0
4.675564E+3	-4.058300E-4	1.291120E+4	0.000000E+0	0.000000E+0
4.679564E+3	-4.058500E-4	1.291130E+4	0.000000E+0	0.000000E+0
4.683540E+3	-4.058600E-4	1.291130E+4	0.000000E+0	0.000000E+0
4.687578E+3	-4.058200E-4	1.291130E+4	0.000000E+0	0.000000E+0
4.691563E+3	-4.058200E-4	1.291130E+4	0.000000E+0	0.000000E+0
4.695537E+3	-4.058200E-4	1.291130E+4	0.000000E+0	0.000000E+0
4.699573E+3	-4.058500E-4	1.291120E+4	0.000000E+0	0.000000E+0
4.703563E+3	-4.058300E-4	1.291130E+4	0.000000E+0	0.000000E+0
4.707545E+3	-4.058500E-4	1.291120E+4	0.000000E+0	0.000000E+0
4.711558E+3	-4.058400E-4	1.291100E+4	0.000000E+0	0.000000E+0
4.715558E+3	-4.058900E-4	1.291080E+4	0.000000E+0	0.000000E+0
4.719537E+3	-4.058700E-4	1.291080E+4	0.000000E+0	0.000000E+0
4.723575E+3	-4.058600E-4	1.291080E+4	0.000000E+0	0.000000E+0
4.727563E+3	-4.058600E-4	1.291070E+4	0.000000E+0	0.000000E+0
4.731559E+3	-4.058600E-4	1.291080E+4	0.000000E+0	0.000000E+0
4.735561E+3	-4.058800E-4	1.291080E+4	0.000000E+0	0.000000E+0
4.739564E+3	-4.058700E-4	1.291090E+4	0.000000E+0	0.000000E+0
4.743559E+3	-4.058900E-4	1.291080E+4	0.000000E+0	0.000000E+0
4.747562E+3	-4.058800E-4	1.291090E+4	0.000000E+0	0.000000E+0
4.751538E+3	-4.058800E-4	1.291080E+4	0.000000E+0	0.000000E+0
4.755570E+3	-4.058800E-4	1.291080E+4	0.000000E+0	0.000000E+0
4.759553E+3	-4.058400E-4	1.291080E+4	0.000000E+0	0.000000E+0
4.763562E+3	-4.058400E-4	1.291080E+4	0.000000E+0	0.000000E+0
4.767545E+3	-4.058500E-4	1.291060E+4	0.000000E+0	0.000000E+0
4.771576E+3	-4.058300E-4	1.291080E+4	0.000000E+0	0.000000E+0
4.775563E+3	-4.058500E-4	1.291090E+4	0.000000E+0	0.000000E+0
4.779535E+3	-4.058600E-4	1.291070E+4	0.000000E+0	0.000000E+0
4.783573E+3	-4.058600E-4	1.291070E+4	0.000000E+0	0.000000E+0
4.787557E+3	-4.058500E-4	1.291070E+4	0.000000E+0	0.000000E+0
4.791560E+3	-4.058700E-4	1.291060E+4	0.000000E+0	0.000000E+0
4.795555E+3	-4.058500E-4	1.291030E+4	0.000000E+0	0.000000E+0
4.799555E+3	-4.058800E-4	1.291020E+4	0.000000E+0	0.000000E+0
4.803561E+3	-4.058700E-4	1.291010E+4	0.000000E+0	0.000000E+0
4.807535E+3	-4.058800E-4	1.291030E+4	0.000000E+0	0.000000E+0
4.811572E+3	-4.058800E-4	1.291030E+4	0.000000E+0	0.000000E+0
4.815563E+3	-4.058900E-4	1.291020E+4	0.000000E+0	0.000000E+0
4.819535E+3	-4.058800E-4	1.291030E+4	0.000000E+0	0.000000E+0
4.823574E+3	-4.058900E-4	1.291020E+4	0.000000E+0	0.000000E+0
4.827563E+3	-4.059100E-4	1.291040E+4	0.000000E+0	0.000000E+0
4.831538E+3	-4.058900E-4	1.291050E+4	0.000000E+0	0.000000E+0
4.835572E+3	-4.058800E-4	1.291050E+4	0.000000E+0	0.000000E+0
4.839564E+3	-4.058800E-4	1.291050E+4	0.000000E+0	0.000000E+0
4.843541E+3	-4.059000E-4	1.291050E+4	0.000000E+0	0.000000E+0
4.847557E+3	-4.059100E-4	1.291050E+4	0.000000E+0	0.000000E+0
4.851557E+3	-4.058500E-4	1.291040E+4	0.000000E+0	0.000000E+0
4.855560E+3	-4.058500E-4	1.291010E+4	0.000000E+0	0.000000E+0
4.859562E+3	-4.058700E-4	1.291000E+4	0.000000E+0	0.000000E+0
4.863562E+3	-4.058200E-4	1.291010E+4	0.000000E+0	0.000000E+0
4.867562E+3	-4.057800E-4	1.291000E+4	0.000000E+0	0.000000E+0
4.871536E+3	-4.058200E-4	1.291010E+4	0.000000E+0	0.000000E+0
4.875578E+3	-4.058300E-4	1.291000E+4	0.000000E+0	0.000000E+0
4.879562E+3	-4.058100E-4	1.291000E+4	0.000000E+0	0.000000E+0
4.883538E+3	-4.058200E-4	1.291000E+4	0.000000E+0	0.000000E+0
4.887579E+3	-4.058500E-4	1.291000E+4	0.000000E+0	0.000000E+0
4.891542E+3	-4.058100E-4	1.291000E+4	0.000000E+0	0.000000E+0
4.895579E+3	-4.058200E-4	1.291000E+4	0.000000E+0	0.000000E+0
4.899541E+3	-4.058300E-4	1.291000E+4	0.000000E+0	0.000000E+0
4.903579E+3	-4.058300E-4	1.291000E+4	0.000000E+0	0.000000E+0
4.907541E+3	-4.058400E-4	1.291010E+4	0.000000E+0	0.000000E+0
4.911582E+3	-4.058300E-4	1.291000E+4	0.000000E+0	0.000000E+0
4.915544E+3	-4.058200E-4	1.291000E+4	0.000000E+0	0.000000E+0
4.919574E+3	-4.058200E-4	1.291000E+4	0.000000E+0	0.000000E+0
4.923564E+3	-4.058300E-4	1.291000E+4	0.000000E+0	0.000000E+0
4.927538E+3	-4.058800E-4	1.291010E+4	0.000000E+0	0.000000E+0
4.931575E+3	-4.058500E-4	1.291000E+4	0.000000E+0	0.000000E+0
4.935565E+3	-4.058400E-4	1.291000E+4	0.000000E+0	0.000000E+0
4.939536E+3	-4.058500E-4	1.291000E+4	0.000000E+0	0.000000E+0
4.943570E+3	-4.058200E-4	1.291000E+4	0.000000E+0	0.000000E+0
4.947560E+3	-4.058500E-4	1.291010E+4	0.000000E+0	0.000000E+0
4.951561E+3	-4.058500E-4	1.291000E+4	0.000000E+0	0.000000E+0
4.955563E+3	-4.058400E-4	1.291000E+4	0.000000E+0	0.000000E+0
4.959540E+3	-4.058200E-4	1.291000E+4	0.000000E+0	0.000000E+0
4.963576E+3	-4.058600E-4	1.291000E+4	0.000000E+0	0.000000E+0
4.967563E+3	-4.058400E-4	1.290990E+4	0.000000E+0	0.000000E+0
4.971538E+3	-4.058700E-4	1.290960E+4	0.000000E+0	0.000000E+0
4.975573E+3	-4.058900E-4	1.290930E+4	0.000000E+0	0.000000E+0
4.979561E+3	-4.058600E-4	1.290920E+4	0.000000E+0	0.000000E+0
4.983561E+3	-4.058600E-4	1.290920E+4	0.000000E+0	0.000000E+0
4.987564E+3	-4.058600E-4	1.290930E+4	0.000000E+0	0.000000E+0
4.991561E+3	-4.058500E-4	1.290930E+4	0.000000E+0	0.000000E+0
4.995560E+3	-4.058700E-4	1.290930E+4	0.000000E+0	0.000000E+0
4.999563E+3	-4.058300E-4	1.290920E+4	0.000000E+0	0.000000E+0
5.003533E+3	-4.058000E-4	1.290900E+4	0.000000E+0	0.000000E+0
5.007572E+3	-4.058500E-4	1.290900E+4	0.000000E+0	0.000000E+0
5.011561E+3	-4.058100E-4	1.290910E+4	0.000000E+0	0.000000E+0
5.015562E+3	-4.058300E-4	1.290910E+4	0.000000E+0	0.000000E+0
5.019538E+3	-4.058300E-4	1.290920E+4	0.000000E+0	0.000000E+0
5.023575E+3	-4.058500E-4	1.290900E+4	0.000000E+0	0.000000E+0
5.027562E+3	-4.058200E-4	1.290870E+4	0.000000E+0	0.000000E+0
5.031537E+3	-4.058400E-4	1.290860E+4	0.000000E+0	0.000000E+0
5.035576E+3	-4.058500E-4	1.290840E+4	0.000000E+0	0.000000E+0
5.039564E+3	-4.058200E-4	1.290850E+4	0.000000E+0	0.000000E+0
5.043542E+3	-4.058400E-4	1.290860E+4	0.000000E+0	0.000000E+0
5.047575E+3	-4.058100E-4	1.290860E+4	0.000000E+0	0.000000E+0
5.051563E+3	-4.058200E-4	1.290840E+4	0.000000E+0	0.000000E+0
5.055534E+3	-4.057900E-4	1.290840E+4	0.000000E+0	0.000000E+0
5.059571E+3	-4.058500E-4	1.290850E+4	0.000000E+0	0.000000E+0
5.063562E+3	-4.058400E-4	1.290860E+4	0.000000E+0	0.000000E+0
5.067563E+3	-4.058400E-4	1.290850E+4	0.000000E+0	0.000000E+0
5.071563E+3	-4.058500E-4	1.290850E+4	0.000000E+0	0.000000E+0
5.075561E+3	-4.058400E-4	1.290850E+4	0.000000E+0	0.000000E+0
5.079561E+3	-4.058700E-4	1.290860E+4	0.000000E+0	0.000000E+0
5.083535E+3	-4.058400E-4	1.290860E+4	0.000000E+0	0.000000E+0
5.087571E+3	-4.058400E-4	1.290850E+4	0.000000E+0	0.000000E+0
5.091561E+3	-4.058700E-4	1.290850E+4	0.000000E+0	0.000000E+0
5.095538E+3	-4.058700E-4	1.290860E+4	0.000000E+0	0.000000E+0
5.099577E+3	-4.058300E-4	1.290840E+4	0.000000E+0	0.000000E+0
5.103539E+3	-4.058400E-4	1.290830E+4	0.000000E+0	0.000000E+0
5.107573E+3	-4.058300E-4	1.290830E+4	0.000000E+0	0.000000E+0
5.111553E+3	-4.058700E-4	1.290830E+4	0.000000E+0	0.000000E+0
5.115564E+3	-4.058300E-4	1.290840E+4	0.000000E+0	0.000000E+0
5.119539E+3	-4.058900E-4	1.290840E+4	0.000000E+0	0.000000E+0
5.123574E+3	-4.059100E-4	1.290850E+4	0.000000E+0	0.000000E+0
5.127559E+3	-4.059100E-4	1.290850E+4	0.000000E+0	0.000000E+0
5.131557E+3	-4.059200E-4	1.290840E+4	0.000000E+0	0.000000E+0
5.135562E+3	-4.059300E-4	1.290840E+4	0.000000E+0	0.000000E+0
5.139536E+3	-4.059100E-4	1.290840E+4	0.000000E+0	0.000000E+0
5.143576E+3	-4.059200E-4	1.290840E+4	0.000000E+0	0.000000E+0
5.147562E+3	-4.059200E-4	1.290850E+4	0.000000E+0	0.000000E+0
5.151562E+3	-4.059100E-4	1.290840E+4	0.000000E+0	0.000000E+0
5.155565E+3	-4.059200E-4	1.290820E+4	0.000000E+0	0.000000E+0
5.159542E+3	-4.059400E-4	1.290830E+4	0.000000E+0	0.000000E+0
5.163576E+3	-4.059500E-4	1.290820E+4	0.000000E+0	0.000000E+0
5.167563E+3	-4.059300E-4	1.290810E+4	0.000000E+0	0.000000E+0
5.171540E+3	-4.059300E-4	1.290810E+4	0.000000E+0	0.000000E+0
5.175574E+3	-4.059100E-4	1.290800E+4	0.000000E+0	0.000000E+0
5.179541E+3	-4.059200E-4	1.290810E+4	0.000000E+0	0.000000E+0
5.183583E+3	-4.059500E-4	1.290800E+4	0.000000E+0	0.000000E+0
5.187541E+3	-4.059300E-4	1.290790E+4	0.000000E+0	0.000000E+0
5.191575E+3	-4.059200E-4	1.290780E+4	0.000000E+0	0.000000E+0
5.195541E+3	-4.059400E-4	1.290800E+4	0.000000E+0	0.000000E+0
5.199582E+3	-4.059200E-4	1.290800E+4	0.000000E+0	0.000000E+0
5.203540E+3	-4.059300E-4	1.290800E+4	0.000000E+0	0.000000E+0
5.207575E+3	-4.059200E-4	1.290800E+4	0.000000E+0	0.000000E+0
5.211539E+3	-4.059100E-4	1.290790E+4	0.000000E+0	0.000000E+0
5.215585E+3	-4.059500E-4	1.290770E+4	0.000000E+0	0.000000E+0
5.219538E+3	-4.059400E-4	1.290780E+4	0.000000E+0	0.000000E+0
5.223575E+3	-4.059100E-4	1.290780E+4	0.000000E+0	0.000000E+0
5.227544E+3	-4.059300E-4	1.290770E+4	0.000000E+0	0.000000E+0
5.231585E+3	-4.059200E-4	1.290770E+4	0.000000E+0	0.000000E+0
5.235538E+3	-4.059100E-4	1.290770E+4	0.000000E+0	0.000000E+0
5.239576E+3	-4.059100E-4	1.290770E+4	0.000000E+0	0.000000E+0
5.243539E+3	-4.059400E-4	1.290760E+4	0.000000E+0	0.000000E+0
5.247574E+3	-4.059400E-4	1.290740E+4	0.000000E+0	0.000000E+0
5.251553E+3	-4.059200E-4	1.290740E+4	0.000000E+0	0.000000E+0
5.255565E+3	-4.059400E-4	1.290740E+4	0.000000E+0	0.000000E+0
5.259545E+3	-4.059400E-4	1.290740E+4	0.000000E+0	0.000000E+0
5.263557E+3	-4.059200E-4	1.290760E+4	0.000000E+0	0.000000E+0
5.267563E+3	-4.059400E-4	1.290770E+4	0.000000E+0	0.000000E+0
5.271535E+3	-4.059200E-4	1.290770E+4	0.000000E+0	0.000000E+0
5.275572E+3	-4.059200E-4	1.290770E+4	0.000000E+0	0.000000E+0
5.279559E+3	-4.059300E-4	1.290760E+4	0.000000E+0	0.000000E+0
5.283561E+3	-4.059200E-4	1.290750E+4	0.000000E+0	0.000000E+0
5.287559E+3	-4.059200E-4	1.290750E+4	0.000000E+0	0.000000E+0
5.291559E+3	-4.059000E-4	1.290760E+4	0.000000E+0	0.000000E+0
5.295561E+3	-4.058900E-4	1.290760E+4	0.000000E+0	0.000000E+0
5.299564E+3	-4.058900E-4	1.290760E+4	0.000000E+0	0.000000E+0
5.303562E+3	-4.059000E-4	1.290750E+4	0.000000E+0	0.000000E+0
5.307560E+3	-4.059200E-4	1.290730E+4	0.000000E+0	0.000000E+0
5.311560E+3	-4.059200E-4	1.290740E+4	0.000000E+0	0.000000E+0
5.315539E+3	-4.059200E-4	1.290740E+4	0.000000E+0	0.000000E+0
5.319576E+3	-4.058900E-4	1.290740E+4	0.000000E+0	0.000000E+0
5.323567E+3	-4.059100E-4	1.290740E+4	0.000000E+0	0.000000E+0
5.327537E+3	-4.059200E-4	1.290740E+4	0.000000E+0	0.000000E+0
5.331578E+3	-4.059100E-4	1.290730E+4	0.000000E+0	0.000000E+0
5.335540E+3	-4.058900E-4	1.290710E+4	0.000000E+0	0.000000E+0
5.339581E+3	-4.059100E-4	1.290700E+4	0.000000E+0	0.000000E+0
5.343540E+3	-4.058900E-4	1.290700E+4	0.000000E+0	0.000000E+0
5.347581E+3	-4.058800E-4	1.290710E+4	0.000000E+0	0.000000E+0
5.351545E+3	-4.059000E-4	1.290720E+4	0.000000E+0	0.000000E+0
5.355582E+3	-4.059000E-4	1.290720E+4	0.000000E+0	0.000000E+0
5.359542E+3	-4.058600E-4	1.290720E+4	0.000000E+0	0.000000E+0
5.363577E+3	-4.059000E-4	1.290720E+4	0.000000E+0	0.000000E+0
5.367541E+3	-4.059000E-4	1.290720E+4	0.000000E+0	0.000000E+0
5.371574E+3	-4.059300E-4	1.290730E+4	0.000000E+0	0.000000E+0
5.375553E+3	-4.059000E-4	1.290740E+4	0.000000E+0	0.000000E+0
5.379561E+3	-4.058800E-4	1.290740E+4	0.000000E+0	0.000000E+0
5.383558E+3	-4.058900E-4	1.290750E+4	0.000000E+0	0.000000E+0
5.387564E+3	-4.059000E-4	1.290760E+4	0.000000E+0	0.000000E+0
5.391535E+3	-4.058900E-4	1.290760E+4	0.000000E+0	0.000000E+0
5.395577E+3	-4.058900E-4	1.290740E+4	0.000000E+0	0.000000E+0
5.399564E+3	-4.058800E-4	1.290730E+4	0.000000E+0	0.000000E+0
5.403541E+3	-4.059000E-4	1.290710E+4	0.000000E+0	0.000000E+0
5.407554E+3	-4.058800E-4	1.290700E+4	0.000000E+0	0.000000E+0
5.411557E+3	-4.059200E-4	1.290670E+4	0.000000E+0	0.000000E+0
5.415559E+3	-4.059500E-4	1.290660E+4	0.000000E+0	0.000000E+0
5.419560E+3	-4.059400E-4	1.290650E+4	0.000000E+0	0.000000E+0
5.423537E+3	-4.059300E-4	1.290640E+4	0.000000E+0	0.000000E+0
5.427578E+3	-4.059400E-4	1.290650E+4	0.000000E+0	0.000000E+0
5.431542E+3	-4.059200E-4	1.290640E+4	0.000000E+0	0.000000E+0
5.435576E+3	-4.059200E-4	1.290640E+4	0.000000E+0	0.000000E+0
5.439555E+3	-4.059100E-4	1.290660E+4	0.000000E+0	0.000000E+0
5.443563E+3	-4.059500E-4	1.290650E+4	0.000000E+0	0.000000E+0
5.447543E+3	-4.059000E-4	1.290660E+4	0.000000E+0	0.000000E+0
5.451560E+3	-4.059200E-4	1.290660E+4	0.000000E+0	0.000000E+0
5.455560E+3	-4.058900E-4	1.290650E+4	0.000000E+0	0.000000E+0
5.459558E+3	-4.058900E-4	1.290650E+4	0.000000E+0	0.000000E+0
5.463563E+3	-4.059100E-4	1.290650E+4	0.000000E+0	0.000000E+0
5.467535E+3	-4.059200E-4	1.290650E+4	0.000000E+0	0.000000E+0
5.471574E+3	-4.059300E-4	1.290660E+4	0.000000E+0	0.000000E+0
5.475564E+3	-4.059100E-4	1.290660E+4	0.000000E+0	0.000000E+0
5.479539E+3	-4.059100E-4	1.290650E+4	0.000000E+0	0.000000E+0
5.483557E+3	-4.059200E-4	1.290620E+4	0.000000E+0	0.000000E+0
5.487556E+3	-4.059000E-4	1.290610E+4	0.000000E+0	0.000000E+0
5.491557E+3	-4.059100E-4	1.290580E+4	0.000000E+0	0.000000E+0
5.495560E+3	-4.059200E-4	1.290560E+4	0.000000E+0	0.000000E+0
5.499537E+3	-4.059400E-4	1.290540E+4	0.000000E+0	0.000000E+0
5.503581E+3	-4.059200E-4	1.290540E+4	0.000000E+0	0.000000E+0
5.507539E+3	-4.059400E-4	1.290550E+4	0.000000E+0	0.000000E+0
5.511573E+3	-4.059300E-4	1.290570E+4	0.000000E+0	0.000000E+0
5.515554E+3	-4.059500E-4	1.290560E+4	0.000000E+0	0.000000E+0
5.519562E+3	-4.059400E-4	1.290560E+4	0.000000E+0	0.000000E+0
5.523542E+3	-4.059300E-4	1.290570E+4	0.000000E+0	0.000000E+0
5.527560E+3	-4.059200E-4	1.290590E+4	0.000000E+0	0.000000E+0
5.531560E+3	-4.058900E-4	1.290590E+4	0.000000E+0	0.000000E+0
5.535556E+3	-4.059000E-4	1.290590E+4	0.000000E+0	0.000000E+0
5.539561E+3	-4.059200E-4	1.290590E+4	0.000000E+0	0.000000E+0
5.543535E+3	-4.059100E-4	1.290600E+4	0.000000E+0	0.000000E+0
5.547574E+3	-4.059100E-4	1.290610E+4	0.000000E+0	0.000000E+0
5.551564E+3	-4.059100E-4	1.290610E+4	0.000000E+0	0.000000E+0
5.555561E+3	-4.059200E-4	1.290620E+4	0.000000E+0	0.000000E+0
5.559564E+3	-4.059000E-4	1.290610E+4	0.000000E+0	0.000000E+0
5.563544E+3	-4.059100E-4	1.290600E+4	0.000000E+0	0.000000E+0
5.567577E+3	-4.058900E-4	1.290600E+4	0.000000E+0	0.000000E+0
5.571562E+3	-4.059100E-4	1.290590E+4	0.000000E+0	0.000000E+0
5.575541E+3	-4.059300E-4	1.290590E+4	0.000000E+0	0.000000E+0
5.579577E+3	-4.059300E-4	1.290590E+4	0.000000E+0	0.000000E+0
5.583539E+3	-4.059200E-4	1.290580E+4	0.000000E+0	0.000000E+0
5.587575E+3	-4.059400E-4	1.290560E+4	0.000000E+0	0.000000E+0
5.591555E+3	-4.059300E-4	1.290530E+4	0.000000E+0	0.000000E+0
5.595562E+3	-4.059200E-4	1.290510E+4	0.000000E+0	0.000000E+0
5.599542E+3	-4.059600E-4	1.290500E+4	0.000000E+0	0.000000E+0
5.603558E+3	-4.059100E-4	1.290500E+4	0.000000E+0	0.000000E+0
5.607562E+3	-4.059300E-4	1.290470E+4	0.000000E+0	0.000000E+0
5.611543E+3	-4.059400E-4	1.290470E+4	0.000000E+0	0.000000E+0
5.615577E+3	-4.059300E-4	1.290480E+4	0.000000E+0	0.000000E+0
5.619537E+3	-4.059100E-4	1.290480E+4	0.000000E+0	0.000000E+0
5.623576E+3	-4.059000E-4	1.290480E+4	0.000000E+0	0.000000E+0
5.627563E+3	-4.058900E-4	1.290470E+4	0.000000E+0	0.000000E+0
5.631561E+3	-4.059100E-4	1.290470E+4	0.000000E+0	0.000000E+0
5.635561E+3	-4.059000E-4	1.290470E+4	0.000000E+0	0.000000E+0
5.639535E+3	-4.058900E-4	1.290450E+4	0.000000E+0	0.000000E+0
5.643571E+3	-4.058700E-4	1.290430E+4	0.000000E+0	0.000000E+0
5.647561E+3	-4.059000E-4	1.290420E+4	0.000000E+0	0.000000E+0
5.651564E+3	-4.059000E-4	1.290420E+4	0.000000E+0	0.000000E+0
5.655538E+3	-4.058800E-4	1.290400E+4	0.000000E+0	0.000000E+0
5.659580E+3	-4.058600E-4	1.290400E+4	0.000000E+0	0.000000E+0
5.663539E+3	-4.058500E-4	1.290400E+4	0.000000E+0	0.000000E+0
5.667583E+3	-4.058500E-4	1.290410E+4	0.000000E+0	0.000000E+0
5.671546E+3	-4.058500E-4	1.290420E+4	0.000000E+0	0.000000E+0
5.675583E+3	-4.058600E-4	1.290430E+4	0.000000E+0	0.000000E+0
5.679542E+3	-4.058500E-4	1.290440E+4	0.000000E+0	0.000000E+0
5.683586E+3	-4.058500E-4	1.290450E+4	0.000000E+0	0.000000E+0
5.687537E+3	-4.058800E-4	1.290470E+4	0.000000E+0	0.000000E+0
5.691570E+3	-4.058600E-4	1.290450E+4	0.000000E+0	0.000000E+0
5.695563E+3	-4.058800E-4	1.290440E+4	0.000000E+0	0.000000E+0
5.699536E+3	-4.058900E-4	1.290420E+4	0.000000E+0	0.000000E+0
5.703579E+3	-4.058500E-4	1.290430E+4	0.000000E+0	0.000000E+0
5.707540E+3	-4.058600E-4	1.290440E+4	0.000000E+0	0.000000E+0
5.711576E+3	-4.058400E-4	1.290440E+4	0.000000E+0	0.000000E+0
5.715553E+3	-4.058500E-4	1.290420E+4	0.000000E+0	0.000000E+0
5.719561E+3	-4.058700E-4	1.290400E+4	0.000000E+0	0.000000E+0
5.723556E+3	-4.058400E-4	1.290390E+4	0.000000E+0	0.000000E+0
5.727560E+3	-4.058700E-4	1.290400E+4	0.000000E+0	0.000000E+0
5.731561E+3	-4.059000E-4	1.290410E+4	0.000000E+0	0.000000E+0
5.735558E+3	-4.058700E-4	1.290410E+4	0.000000E+0	0.000000E+0
5.739558E+3	-4.058900E-4	1.290410E+4	0.000000E+0	0.000000E+0
5.743566E+3	-4.058800E-4	1.290410E+4	0.000000E+0	0.000000E+0
5.747538E+3	-4.058700E-4	1.290420E+4	0.000000E+0	0.000000E+0
5.751577E+3	-4.058600E-4	1.290420E+4	0.000000E+0	0.000000E+0
5.755564E+3	-4.058800E-4	1.290410E+4	0.000000E+0	0.000000E+0
5.759541E+3	-4.058800E-4	1.290410E+4	0.000000E+0	0.000000E+0
5.763577E+3	-4.058900E-4	1.290410E+4	0.000000E+0	0.000000E+0
5.767542E+3	-4.059200E-4	1.290400E+4	0.000000E+0	0.000000E+0
5.771580E+3	-4.058900E-4	1.290390E+4	0.000000E+0	0.000000E+0
5.775540E+3	-4.058800E-4	1.290360E+4	0.000000E+0	0.000000E+0
5.779583E+3	-4.058700E-4	1.290340E+4	0.000000E+0	0.000000E+0
5.783547E+3	-4.058700E-4	1.290330E+4	0.000000E+0	0.000000E+0
5.787581E+3	-4.058800E-4	1.290330E+4	0.000000E+0	0.000000E+0
5.791544E+3	-4.058900E-4	1.290340E+4	0.000000E+0	0.000000E+0
5.795570E+3	-4.058700E-4	1.290350E+4	0.000000E+0	0.000000E+0
5.799560E+3	-4.058800E-4	1.290350E+4	0.000000E+0	0.000000E+0
5.803559E+3	-4.058600E-4	1.290360E+4	0.000000E+0	0.000000E+0
5.807565E+3	-4.059000E-4	1.290360E+4	0.000000E+0	0.000000E+0
5.811538E+3	-4.058900E-4	1.290360E+4	0.000000E+0	0.000000E+0
5.815577E+3	-4.058700E-4	1.290360E+4	0.000000E+0	0.000000E+0
5.819540E+3	-4.059000E-4	1.290360E+4	0.000000E+0	0.000000E+0
5.823584E+3	-4.059100E-4	1.290350E+4	0.000000E+0	0.000000E+0
5.827540E+3	-4.059000E-4	1.290360E+4	0.000000E+0	0.000000E+0
5.831579E+3	-4.058900E-4	1.290350E+4	0.000000E+0	0.000000E+0
5.835543E+3	-4.059200E-4	1.290330E+4	0.000000E+0	0.000000E+0
5.839583E+3	-4.058900E-4	1.290320E+4	0.000000E+0	0.000000E+0
5.843538E+3	-4.058800E-4	1.290320E+4	0.000000E+0	0.000000E+0
5.847574E+3	-4.058800E-4	1.290300E+4	0.000000E+0	0.000000E+0
5.851564E+3	-4.058800E-4	1.290310E+4	0.000000E+0	0.000000E+0
5.855536E+3	-4.059000E-4	1.290290E+4	0.000000E+0	0.000000E+0
5.859580E+3	-4.058900E-4	1.290270E+4	0.000000E+0	0.000000E+0
5.863541E+3	-4.058900E-4	1.290250E+4	0.000000E+0	0.000000E+0
5.867578E+3	-4.058700E-4	1.290250E+4	0.000000E+0	0.000000E+0
5.871562E+3	-4.058800E-4	1.290260E+4	0.000000E+0	0.000000E+0
5.875562E+3	-4.059000E-4	1.290270E+4	0.000000E+0	0.000000E+0
5.879540E+3	-4.058800E-4	1.290260E+4	0.000000E+0	0.000000E+0
5.883579E+3	-4.059300E-4	1.290260E+4	0.000000E+0	0.000000E+0
5.887542E+3	-4.059100E-4	1.290260E+4	0.000000E+0	0.000000E+0
5.891586E+3	-4.059200E-4	1.290240E+4	0.000000E+0	0.000000E+0
5.895544E+3	-4.059300E-4	1.290230E+4	0.000000E+0	0.000000E+0
5.899574E+3	-4.059200E-4	1.290230E+4	0.000000E+0	0.000000E+0
5.903565E+3	-4.059000E-4	1.290200E+4	0.000000E+0	0.000000E+0
5.907540E+3	-4.059200E-4	1.290190E+4	0.000000E+0	0.000000E+0
5.911579E+3	-4.059200E-4	1.290190E+4	0.000000E+0	0.000000E+0
5.915538E+3	-4.059300E-4	1.290190E+4	0.000000E+0	0.000000E+0
5.919581E+3	-4.059400E-4	1.290200E+4	0.000000E+0	0.000000E+0
5.923541E+3	-4.059300E-4	1.290190E+4	0.000000E+0	0.000000E+0
5.927582E+3	-4.059300E-4	1.290190E+4	0.000000E+0	0.000000E+0
5.931541E+3	-4.059300E-4	1.290190E+4	0.000000E+0	0.000000E+0
5.935580E+3	-4.059500E-4	1.290200E+4	0.000000E+0	0.000000E+0
5.939542E+3	-4.059300E-4	1.290200E+4	0.000000E+0	0.000000E+0
5.943578E+3	-4.059100E-4	1.290180E+4	0.000000E+0	0.000000E+0
5.947542E+3	-4.059500E-4	1.290180E+4	0.000000E+0	0.000000E+0
5.951573E+3	-4.059500E-4	1.290180E+4	0.000000E+0	0.000000E+0
5.955553E+3	-4.059400E-4	1.290190E+4	0.000000E+0	0.000000E+0
5.959560E+3	-4.059000E-4	1.290190E+4	0.000000E+0	0.000000E+0
5.963556E+3	-4.059200E-4	1.290180E+4	0.000000E+0	0.000000E+0
5.967558E+3	-4.059200E-4	1.290160E+4	0.000000E+0	0.000000E+0
5.971562E+3	-4.059200E-4	1.290150E+4	0.000000E+0	0.000000E+0
5.975560E+3	-4.059100E-4	1.290140E+4	0.000000E+0	0.000000E+0
5.979540E+3	-4.059300E-4	1.290120E+4	0.000000E+0	0.000000E+0
5.983575E+3	-4.059100E-4	1.290110E+4	0.000000E+0	0.000000E+0
5.987565E+3	-4.059100E-4	1.290120E+4	0.000000E+0	0.000000E+0
5.991537E+3	-4.059100E-4	1.290110E+4	0.000000E+0	0.000000E+0
5.995576E+3	-4.059100E-4	1.290110E+4	0.000000E+0	0.000000E+0
5.999564E+3	-4.058700E-4	1.290120E+4	0.000000E+0	0.000000E+0
6.003532E+3	-4.059200E-4	1.290120E+4	0.000000E+0	0.000000E+0
6.007576E+3	-4.059300E-4	1.290120E+4	0.000000E+0	0.000000E+0
6.011561E+3	-4.058700E-4	1.290120E+4	0.000000E+0	0.000000E+0
6.015556E+3	-4.059000E-4	1.290110E+4	0.000000E+0	0.000000E+0
6.019558E+3	-4.059300E-4	1.290090E+4	0.000000E+0	0.000000E+0
6.023556E+3	-4.059100E-4	1.290080E+4	0.000000E+0	0.000000E+0
6.027561E+3	-4.059200E-4	1.290080E+4	0.000000E+0	0.000000E+0
6.031558E+3	-4.059400E-4	1.290080E+4	0.000000E+0	0.000000E+0
6.035561E+3	-4.059200E-4	1.290070E+4	0.000000E+0	0.000000E+0
6.039559E+3	-4.059200E-4	1.290070E+4	0.000000E+0	0.000000E+0
6.043559E+3	-4.059200E-4	1.290040E+4	0.000000E+0	0.000000E+0
6.047560E+3	-4.059100E-4	1.290040E+4	0.000000E+0	0.000000E+0
6.051535E+3	-4.059100E-4	1.290040E+4	0.000000E+0	0.000000E+0
6.055584E+3	-4.059300E-4	1.290020E+4	0.000000E+0	0.000000E+0
6.059539E+3	-4.059300E-4	1.290000E+4	0.000000E+0	0.000000E+0
6.063579E+3	-4.059500E-4	1.289990E+4	0.000000E+0	0.000000E+0
6.067540E+3	-4.059300E-4	1.289980E+4	0.000000E+0	0.000000E+0
6.071574E+3	-4.059200E-4	1.289980E+4	0.000000E+0	0.000000E+0
6.075558E+3	-4.059000E-4	1.289980E+4	0.000000E+0	0.000000E+0
6.079563E+3	-4.059200E-4	1.289980E+4	0.000000E+0	0.000000E+0
6.083541E+3	-4.059200E-4	1.290000E+4	0.000000E+0	0.000000E+0
6.087574E+3	-4.059100E-4	1.290000E+4	0.000000E+0	0.000000E+0
6.091986E+3	-4.058800E-4	1.290010E+4	0.000000E+0	0.000000E+0
6.095562E+3	-4.059100E-4	1.290010E+4	0.000000E+0	0.000000E+0
6.099689E+3	-4.058900E-4	1.290010E+4	0.000000E+0	0.000000E+0
6.103615E+3	-4.058800E-4	1.290000E+4	0.000000E+0	0.000000E+0
6.107640E+3	-4.058600E-4	1.290000E+4	0.000000E+0	0.000000E+0
6.111628E+3	-4.058800E-4	1.290010E+4	0.000000E+0	0.000000E+0
6.115690E+3	-4.059100E-4	1.290000E+4	0.000000E+0	0.000000E+0
6.119598E+3	-4.058800E-4	1.290000E+4	0.000000E+0	0.000000E+0
6.123619E+3	-4.058800E-4	1.289990E+4	0.000000E+0	0.000000E+0
6.127686E+3	-4.058500E-4	1.289980E+4	0.000000E+0	0.000000E+0
6.131697E+3	-4.059000E-4	1.289970E+4	0.000000E+0	0.000000E+0
6.135592E+3	-4.058900E-4	1.289980E+4	0.000000E+0	0.000000E+0
6.139541E+3	-4.059100E-4	1.289970E+4	0.000000E+0	0.000000E+0
6.143576E+3	-4.059000E-4	1.289950E+4	0.000000E+0	0.000000E+0
6.147533E+3	-4.059100E-4	1.289920E+4	0.000000E+0	0.000000E+0
6.151572E+3	-4.059100E-4	1.289910E+4	0.000000E+0	0.000000E+0
6.155560E+3	-4.059400E-4	1.289920E+4	0.000000E+0	0.000000E+0
6.159559E+3	-4.059300E-4	1.289920E+4	0.000000E+0	0.000000E+0
6.163552E+3	-4.059400E-4	1.289920E+4	0.000000E+0	0.000000E+0
6.167577E+3	-4.059200E-4	1.289910E+4	0.000000E+0	0.000000E+0
6.171560E+3	-4.059100E-4	1.289910E+4	0.000000E+0	0.000000E+0
6.175560E+3	-4.059200E-4	1.289900E+4	0.000000E+0	0.000000E+0
6.179563E+3	-4.059200E-4	1.289900E+4	0.000000E+0	0.000000E+0
6.183537E+3	-4.059300E-4	1.289890E+4	0.000000E+0	0.000000E+0
6.187576E+3	-4.059200E-4	1.289880E+4	0.000000E+0	0.000000E+0
6.191566E+3	-4.059100E-4	1.289870E+4	0.000000E+0	0.000000E+0
6.195535E+3	-4.059100E-4	1.289870E+4	0.000000E+0	0.000000E+0
6.199572E+3	-4.059200E-4	1.289860E+4	0.000000E+0	0.000000E+0
6.203561E+3	-4.058900E-4	1.289850E+4	0.000000E+0	0.000000E+0
6.207560E+3	-4.059000E-4	1.289830E+4	0.000000E+0	0.000000E+0
6.211566E+3	-4.059000E-4	1.289830E+4	0.000000E+0	0.000000E+0
6.215541E+3	-4.058800E-4	1.289830E+4	0.000000E+0	0.000000E+0
6.219572E+3	-4.059200E-4	1.289830E+4	0.000000E+0	0.000000E+0
6.223562E+3	-4.059000E-4	1.289830E+4	0.000000E+0	0.000000E+0
6.227533E+3	-4.058800E-4	1.289820E+4	0.000000E+0	0.000000E+0
6.231572E+3	-4.058700E-4	1.289820E+4	0.000000E+0	0.000000E+0
6.235562E+3	-4.058800E-4	1.289820E+4	0.000000E+0	0.000000E+0
6.239559E+3	-4.058700E-4	1.289810E+4	0.000000E+0	0.000000E+0
6.243557E+3	-4.058800E-4	1.289800E+4	0.000000E+0	0.000000E+0
6.247559E+3	-4.058800E-4	1.289790E+4	0.000000E+0	0.000000E+0
6.251559E+3	-4.058800E-4	1.289780E+4	0.000000E+0	0.000000E+0
6.255562E+3	-4.059000E-4	1.289780E+4	0.000000E+0	0.000000E+0
6.259562E+3	-4.059000E-4	1.289770E+4	0.000000E+0	0.000000E+0
6.263560E+3	-4.058800E-4	1.289750E+4	0.000000E+0	0.000000E+0
6.267561E+3	-4.058900E-4	1.289750E+4	0.000000E+0	0.000000E+0
6.271560E+3	-4.058800E-4	1.289740E+4	0.000000E+0	0.000000E+0
6.275563E+3	-4.058700E-4	1.289750E+4	0.000000E+0	0.000000E+0
6.279560E+3	-4.058700E-4	1.289730E+4	0.000000E+0	0.000000E+0
6.283558E+3	-4.058700E-4	1.289740E+4	0.000000E+0	0.000000E+0
6.287556E+3	-4.058800E-4	1.289730E+4	0.000000E+0	0.000000E+0
6.291561E+3	-4.058700E-4	1.289720E+4	0.000000E+0	0.000000E+0
6.295559E+3	-4.059000E-4	1.289700E+4	0.000000E+0	0.000000E+0
6.299559E+3	-4.058900E-4	1.289700E+4	0.000000E+0	0.000000E+0
6.303561E+3	-4.059000E-4	1.289690E+4	0.000000E+0	0.000000E+0
6.307564E+3	-4.059000E-4	1.289680E+4	0.000000E+0	0.000000E+0
6.311539E+3	-4.059000E-4	1.289670E+4	0.000000E+0	0.000000E+0
6.315577E+3	-4.059000E-4	1.289670E+4	0.000000E+0	0.000000E+0
6.319564E+3	-4.059100E-4	1.289660E+4	0.000000E+0	0.000000E+0
6.323536E+3	-4.059200E-4	1.289640E+4	0.000000E+0	0.000000E+0
6.327572E+3	-4.058900E-4	1.289630E+4	0.000000E+0	0.000000E+0
6.331557E+3	-4.059200E-4	1.289620E+4	0.000000E+0	0.000000E+0
6.335554E+3	-4.059200E-4	1.289610E+4	0.000000E+0	0.000000E+0
6.339557E+3	-4.059300E-4	1.289600E+4	0.000000E+0	0.000000E+0
6.343555E+3	-4.059500E-4	1.289600E+4	0.000000E+0	0.000000E+0
6.347555E+3	-4.059300E-4	1.289590E+4	0.000000E+0	0.000000E+0
6.351560E+3	-4.059200E-4	1.289590E+4	0.000000E+0	0.000000E+0
6.355560E+3	-4.059400E-4	1.289590E+4	0.000000E+0	0.000000E+0
6.359555E+3	-4.059200E-4	1.289590E+4	0.000000E+0	0.000000E+0
6.363555E+3	-4.059300E-4	1.289590E+4	0.000000E+0	0.000000E+0
6.367558E+3	-4.059300E-4	1.289590E+4	0.000000E+0	0.000000E+0
6.371561E+3	-4.059200E-4	1.289590E+4	0.000000E+0	0.000000E+0
6.375560E+3	-4.059300E-4	1.289580E+4	0.000000E+0	0.000000E+0
6.379558E+3	-4.059200E-4	1.289580E+4	0.000000E+0	0.000000E+0
6.383553E+3	-4.059300E-4	1.289560E+4	0.000000E+0	0.000000E+0
6.387554E+3	-4.059400E-4	1.289550E+4	0.000000E+0	0.000000E+0
6.391556E+3	-4.059000E-4	1.289550E+4	0.000000E+0	0.000000E+0
6.395556E+3	-4.059100E-4	1.289550E+4	0.000000E+0	0.000000E+0
6.399559E+3	-4.059000E-4	1.289540E+4	0.000000E+0	0.000000E+0
6.403559E+3	-4.059100E-4	1.289540E+4	0.000000E+0	0.000000E+0
6.407561E+3	-4.059200E-4	1.289530E+4	0.000000E+0	0.000000E+0
6.411559E+3	-4.059200E-4	1.289510E+4	0.000000E+0	0.000000E+0
6.415559E+3	-4.059000E-4	1.289500E+4	0.000000E+0	0.000000E+0
6.419559E+3	-4.059100E-4	1.289490E+4	0.000000E+0	0.000000E+0
6.423560E+3	-4.059200E-4	1.289490E+4	0.000000E+0	0.000000E+0
6.427560E+3	-4.059200E-4	1.289490E+4	0.000000E+0	0.000000E+0
6.431557E+3	-4.059000E-4	1.289500E+4	0.000000E+0	0.000000E+0
6.435555E+3	-4.058600E-4	1.289490E+4	0.000000E+0	0.000000E+0
6.439557E+3	-4.058900E-4	1.289480E+4	0.000000E+0	0.000000E+0
6.443558E+3	-4.059000E-4	1.289460E+4	0.000000E+0	0.000000E+0
6.447558E+3	-4.059300E-4	1.289460E+4	0.000000E+0	0.000000E+0
6.451558E+3	-4.059000E-4	1.289420E+4	0.000000E+0	0.000000E+0
6.455535E+3	-4.059000E-4	1.289430E+4	0.000000E+0	0.000000E+0
6.459569E+3	-4.059000E-4	1.289430E+4	0.000000E+0	0.000000E+0
6.463561E+3	-4.059100E-4	1.289420E+4	0.000000E+0	0.000000E+0
6.467561E+3	-4.059300E-4	1.289420E+4	0.000000E+0	0.000000E+0
6.471560E+3	-4.059000E-4	1.289420E+4	0.000000E+0	0.000000E+0
6.475560E+3	-4.059300E-4	1.289410E+4	0.000000E+0	0.000000E+0
6.479563E+3	-4.059000E-4	1.289400E+4	0.000000E+0	0.000000E+0
6.483561E+3	-4.059100E-4	1.289400E+4	0.000000E+0	0.000000E+0
6.487559E+3	-4.059100E-4	1.289390E+4	0.000000E+0	0.000000E+0
6.491558E+3	-4.058800E-4	1.289380E+4	0.000000E+0	0.000000E+0
6.495559E+3	-4.059000E-4	1.289380E+4	0.000000E+0	0.000000E+0
6.499561E+3	-4.059100E-4	1.289380E+4	0.000000E+0	0.000000E+0
6.503559E+3	-4.059000E-4	1.289370E+4	0.000000E+0	0.000000E+0
6.507559E+3	-4.059100E-4	1.289360E+4	0.000000E+0	0.000000E+0
6.511557E+3	-4.059300E-4	1.289340E+4	0.000000E+0	0.000000E+0
6.515560E+3	-4.059300E-4	1.289340E+4	0.000000E+0	0.000000E+0
6.519560E+3	-4.059400E-4	1.289330E+4	0.000000E+0	0.000000E+0
6.523557E+3	-4.059200E-4	1.289320E+4	0.000000E+0	0.000000E+0
6.527557E+3	-4.059100E-4	1.289310E+4	0.000000E+0	0.000000E+0
6.531560E+3	-4.059400E-4	1.289300E+4	0.000000E+0	0.000000E+0
6.535563E+3	-4.059200E-4	1.289290E+4	0.000000E+0	0.000000E+0
6.539563E+3	-4.059100E-4	1.289280E+4	0.000000E+0	0.000000E+0
6.543561E+3	-4.059300E-4	1.289280E+4	0.000000E+0	0.000000E+0
6.547560E+3	-4.059100E-4	1.289260E+4	0.000000E+0	0.000000E+0
6.551560E+3	-4.059200E-4	1.289260E+4	0.000000E+0	0.000000E+0
6.555561E+3	-4.059300E-4	1.289250E+4	0.000000E+0	0.000000E+0
6.559560E+3	-4.059200E-4	1.289250E+4	0.000000E+0	0.000000E+0
6.563560E+3	-4.059100E-4	1.289240E+4	0.000000E+0	0.000000E+0
6.567559E+3	-4.059100E-4	1.289230E+4	0.000000E+0	0.000000E+0
6.571559E+3	-4.058800E-4	1.289210E+4	0.000000E+0	0.000000E+0
6.575558E+3	-4.058700E-4	1.289210E+4	0.000000E+0	0.000000E+0
6.579559E+3	-4.058700E-4	1.289200E+4	0.000000E+0	0.000000E+0
6.583560E+3	-4.058500E-4	1.289190E+4	0.000000E+0	0.000000E+0
6.587558E+3	-4.058800E-4	1.289170E+4	0.000000E+0	0.000000E+0
6.591559E+3	-4.058700E-4	1.289150E+4	0.000000E+0	0.000000E+0
6.595531E+3	-4.058500E-4	1.289130E+4	0.000000E+0	0.000000E+0
6.599568E+3	-4.058800E-4	1.289120E+4	0.000000E+0	0.000000E+0
6.603561E+3	-4.058600E-4	1.289120E+4	0.000000E+0	0.000000E+0
6.607556E+3	-4.058400E-4	1.289120E+4	0.000000E+0	0.000000E+0
6.611557E+3	-4.058800E-4	1.289110E+4	0.000000E+0	0.000000E+0
6.615560E+3	-4.058700E-4	1.289110E+4	0.000000E+0	0.000000E+0
6.619557E+3	-4.058600E-4	1.289110E+4	0.000000E+0	0.000000E+0
6.623557E+3	-4.058900E-4	1.289100E+4	0.000000E+0	0.000000E+0
6.627553E+3	-4.059000E-4	1.289100E+4	0.000000E+0	0.000000E+0
6.631563E+3	-4.058600E-4	1.289100E+4	0.000000E+0	0.000000E+0
6.635542E+3	-4.058600E-4	1.289090E+4	0.000000E+0	0.000000E+0
6.639571E+3	-4.058800E-4	1.289090E+4	0.000000E+0	0.000000E+0
6.643560E+3	-4.058500E-4	1.289090E+4	0.000000E+0	0.000000E+0
6.647561E+3	-4.058700E-4	1.289070E+4	0.000000E+0	0.000000E+0
6.651537E+3	-4.058300E-4	1.289070E+4	0.000000E+0	0.000000E+0
6.655566E+3	-4.058700E-4	1.289060E+4	0.000000E+0	0.000000E+0
6.659560E+3	-4.058900E-4	1.289060E+4	0.000000E+0	0.000000E+0
6.663539E+3	-4.058400E-4	1.289040E+4	0.000000E+0	0.000000E+0
6.667579E+3	-4.058500E-4	1.289030E+4	0.000000E+0	0.000000E+0
6.671535E+3	-4.058300E-4	1.289020E+4	0.000000E+0	0.000000E+0
6.675576E+3	-4.058600E-4	1.289000E+4	0.000000E+0	0.000000E+0
6.679556E+3	-4.058300E-4	1.288990E+4	0.000000E+0	0.000000E+0
6.683559E+3	-4.058800E-4	1.288980E+4	0.000000E+0	0.000000E+0
6.687559E+3	-4.058900E-4	1.288960E+4	0.000000E+0	0.000000E+0
6.691557E+3	-4.058800E-4	1.288950E+4	0.000000E+0	0.000000E+0
6.695559E+3	-4.058400E-4	1.288950E+4	0.000000E+0	0.000000E+0
6.699562E+3	-4.058400E-4	1.288930E+4	0.000000E+0	0.000000E+0
6.703560E+3	-4.058500E-4	1.288930E+4	0.000000E+0	0.000000E+0
6.707534E+3	-4.058400E-4	1.288910E+4	0.000000E+0	0.000000E+0
6.711572E+3	-4.058300E-4	1.288910E+4	0.000000E+0	0.000000E+0
6.715560E+3	-4.058300E-4	1.288890E+4	0.000000E+0	0.000000E+0
6.719559E+3	-4.058400E-4	1.288870E+4	0.000000E+0	0.000000E+0
6.723560E+3	-4.058300E-4	1.288880E+4	0.000000E+0	0.000000E+0
6.727563E+3	-4.058100E-4	1.288870E+4	0.000000E+0	0.000000E+0
6.731560E+3	-4.058500E-4	1.288860E+4	0.000000E+0	0.000000E+0
6.735558E+3	-4.058600E-4	1.288860E+4	0.000000E+0	0.000000E+0
6.739558E+3	-4.058400E-4	1.288840E+4	0.000000E+0	0.000000E+0
6.743560E+3	-4.058300E-4	1.288820E+4	0.000000E+0	0.000000E+0
6.747561E+3	-4.058600E-4	1.288800E+4	0.000000E+0	0.000000E+0
6.751561E+3	-4.058600E-4	1.288800E+4	0.000000E+0	0.000000E+0
6.755560E+3	-4.058700E-4	1.288790E+4	0.000000E+0	0.000000E+0
6.759558E+3	-4.058500E-4	1.288780E+4	0.000000E+0	0.000000E+0
6.763558E+3	-4.058800E-4	1.288770E+4	0.000000E+0	0.000000E+0
6.767562E+3	-4.058500E-4	1.288770E+4	0.000000E+0	0.000000E+0
6.771540E+3	-4.058800E-4	1.288760E+4	0.000000E+0	0.000000E+0
6.775578E+3	-4.058500E-4	1.288760E+4	0.000000E+0	0.000000E+0
6.779565E+3	-4.058500E-4	1.288750E+4	0.000000E+0	0.000000E+0
6.783536E+3	-4.058700E-4	1.288730E+4	0.000000E+0	0.000000E+0
6.787572E+3	-4.058900E-4	1.288700E+4	0.000000E+0	0.000000E+0
6.791562E+3	-4.059000E-4	1.288680E+4	0.000000E+0	0.000000E+0
6.795562E+3	-4.058800E-4	1.288670E+4	0.000000E+0	0.000000E+0
6.799559E+3	-4.058700E-4	1.288670E+4	0.000000E+0	0.000000E+0
6.803559E+3	-4.058800E-4	1.288650E+4	0.000000E+0	0.000000E+0
6.807559E+3	-4.058800E-4	1.288650E+4	0.000000E+0	0.000000E+0
6.811562E+3	-4.059000E-4	1.288640E+4	0.000000E+0	0.000000E+0
6.815555E+3	-4.059000E-4	1.288620E+4	0.000000E+0	0.000000E+0
6.819554E+3	-4.058800E-4	1.288610E+4	0.000000E+0	0.000000E+0
6.823557E+3	-4.059000E-4	1.288590E+4	0.000000E+0	0.000000E+0
6.827558E+3	-4.059000E-4	1.288590E+4	0.000000E+0	0.000000E+0
6.831555E+3	-4.059000E-4	1.288580E+4	0.000000E+0	0.000000E+0
6.835555E+3	-4.058900E-4	1.288570E+4	0.000000E+0	0.000000E+0
6.839558E+3	-4.058900E-4	1.288560E+4	0.000000E+0	0.000000E+0
6.843561E+3	-4.059100E-4	1.288560E+4	0.000000E+0	0.000000E+0
6.847558E+3	-4.059100E-4	1.288550E+4	0.000000E+0	0.000000E+0
6.851558E+3	-4.058900E-4	1.288530E+4	0.000000E+0	0.000000E+0
6.855556E+3	-4.059000E-4	1.288530E+4	0.000000E+0	0.000000E+0
6.859558E+3	-4.058900E-4	1.288530E+4	0.000000E+0	0.000000E+0
6.863561E+3	-4.059200E-4	1.288510E+4	0.000000E+0	0.000000E+0
6.867559E+3	-4.059000E-4	1.288510E+4	0.000000E+0	0.000000E+0
6.871557E+3	-4.059100E-4	1.288500E+4	0.000000E+0	0.000000E+0
6.875559E+3	-4.059000E-4	1.288480E+4	0.000000E+0	0.000000E+0
6.879557E+3	-4.059000E-4	1.288480E+4	0.000000E+0	0.000000E+0
6.883559E+3	-4.059300E-4	1.288470E+4	0.000000E+0	0.000000E+0
6.887560E+3	-4.059500E-4	1.288460E+4	0.000000E+0	0.000000E+0
6.891557E+3	-4.059600E-4	1.288450E+4	0.000000E+0	0.000000E+0
6.895560E+3	-4.059600E-4	1.288440E+4	0.000000E+0	0.000000E+0
6.899559E+3	-4.059500E-4	1.288430E+4	0.000000E+0	0.000000E+0
6.903558E+3	-4.059700E-4	1.288430E+4	0.000000E+0	0.000000E+0
6.907563E+3	-4.059800E-4	1.288420E+4	0.000000E+0	0.000000E+0
6.911530E+3	-4.059500E-4	1.288410E+4	0.000000E+0	0.000000E+0
6.915576E+3	-4.059400E-4	1.288390E+4	0.000000E+0	0.000000E+0
6.919557E+3	-4.059500E-4	1.288360E+4	0.000000E+0	0.000000E+0
6.923558E+3	-4.059600E-4	1.288350E+4	0.000000E+0	0.000000E+0
6.927560E+3	-4.059800E-4	1.288360E+4	0.000000E+0	0.000000E+0
6.931560E+3	-4.059700E-4	1.288350E+4	0.000000E+0	0.000000E+0
6.935558E+3	-4.059700E-4	1.288340E+4	0.000000E+0	0.000000E+0
6.939561E+3	-4.059500E-4	1.288340E+4	0.000000E+0	0.000000E+0
6.943536E+3	-4.059300E-4	1.288320E+4	0.000000E+0	0.000000E+0
6.947572E+3	-4.059600E-4	1.288310E+4	0.000000E+0	0.000000E+0
6.951559E+3	-4.059600E-4	1.288310E+4	0.000000E+0	0.000000E+0
6.955561E+3	-4.059900E-4	1.288300E+4	0.000000E+0	0.000000E+0
6.959562E+3	-4.059700E-4	1.288280E+4	0.000000E+0	0.000000E+0
6.963541E+3	-4.059600E-4	1.288270E+4	0.000000E+0	0.000000E+0
6.967573E+3	-4.059400E-4	1.288260E+4	0.000000E+0	0.000000E+0
6.971564E+3	-4.059700E-4	1.288240E+4	0.000000E+0	0.000000E+0
6.975536E+3	-4.059500E-4	1.288230E+4	0.000000E+0	0.000000E+0
6.979572E+3	-4.059300E-4	1.288220E+4	0.000000E+0	0.000000E+0
6.983560E+3	-4.059400E-4	1.288210E+4	0.000000E+0	0.000000E+0
6.987562E+3	-4.059400E-4	1.288210E+4	0.000000E+0	0.000000E+0
6.991560E+3	-4.059300E-4	1.288210E+4	0.000000E+0	0.000000E+0
6.995562E+3	-4.059500E-4	1.288190E+4	0.000000E+0	0.000000E+0
6.999560E+3	-4.059300E-4	1.288190E+4	0.000000E+0	0.000000E+0
7.003562E+3	-4.059400E-4	1.288180E+4	0.000000E+0	0.000000E+0
7.007563E+3	-4.059300E-4	1.288180E+4	0.000000E+0	0.000000E+0
7.011560E+3	-4.059200E-4	1.288160E+4	0.000000E+0	0.000000E+0
7.015560E+3	-4.059100E-4	1.288160E+4	0.000000E+0	0.000000E+0
7.019561E+3	-4.059200E-4	1.288140E+4	0.000000E+0	0.000000E+0
7.023561E+3	-4.059200E-4	1.288130E+4	0.000000E+0	0.000000E+0
7.027560E+3	-4.059400E-4	1.288120E+4	0.000000E+0	0.000000E+0
7.031558E+3	-4.059400E-4	1.288090E+4	0.000000E+0	0.000000E+0
7.035560E+3	-4.059300E-4	1.288080E+4	0.000000E+0	0.000000E+0
7.039558E+3	-4.059400E-4	1.288060E+4	0.000000E+0	0.000000E+0
7.043558E+3	-4.059200E-4	1.288050E+4	0.000000E+0	0.000000E+0
7.047558E+3	-4.059200E-4	1.288030E+4	0.000000E+0	0.000000E+0
7.051562E+3	-4.059600E-4	1.288030E+4	0.000000E+0	0.000000E+0
7.055561E+3	-4.059400E-4	1.288010E+4	0.000000E+0	0.000000E+0
7.059561E+3	-4.059500E-4	1.287980E+4	0.000000E+0	0.000000E+0
7.063559E+3	-4.059500E-4	1.287970E+4	0.000000E+0	0.000000E+0
7.067562E+3	-4.059200E-4	1.287960E+4	0.000000E+0	0.000000E+0
7.071564E+3	-4.059400E-4	1.287960E+4	0.000000E+0	0.000000E+0
7.075541E+3	-4.059400E-4	1.287940E+4	0.000000E+0	0.000000E+0
7.079575E+3	-4.059500E-4	1.287940E+4	0.000000E+0	0.000000E+0
7.083565E+3	-4.059500E-4	1.287910E+4	0.000000E+0	0.000000E+0
7.087539E+3	-4.059600E-4	1.287910E+4	0.000000E+0	0.000000E+0
7.091571E+3	-4.059200E-4	1.287910E+4	0.000000E+0	0.000000E+0
7.095560E+3	-4.059100E-4	1.287900E+4	0.000000E+0	0.000000E+0
7.099562E+3	-4.059400E-4	1.287890E+4	0.000000E+0	0.000000E+0
7.103561E+3	-4.059200E-4	1.287880E+4	0.000000E+0	0.000000E+0
7.107560E+3	-4.059000E-4	1.287880E+4	0.000000E+0	0.000000E+0
7.111556E+3	-4.059100E-4	1.287870E+4	0.000000E+0	0.000000E+0
7.115558E+3	-4.059100E-4	1.287860E+4	0.000000E+0	0.000000E+0
7.119556E+3	-4.059300E-4	1.287850E+4	0.000000E+0	0.000000E+0
7.123561E+3	-4.059400E-4	1.287850E+4	0.000000E+0	0.000000E+0
7.127544E+3	-4.059500E-4	1.287840E+4	0.000000E+0	0.000000E+0
7.131575E+3	-4.059400E-4	1.287830E+4	0.000000E+0	0.000000E+0
7.135559E+3	-4.059200E-4	1.287810E+4	0.000000E+0	0.000000E+0
7.139566E+3	-4.059200E-4	1.287810E+4	0.000000E+0	0.000000E+0
7.143541E+3	-4.059100E-4	1.287780E+4	0.000000E+0	0.000000E+0
7.147572E+3	-4.059300E-4	1.287780E+4	0.000000E+0	0.000000E+0
7.151562E+3	-4.059300E-4	1.287760E+4	0.000000E+0	0.000000E+0
7.155560E+3	-4.059200E-4	1.287760E+4	0.000000E+0	0.000000E+0
7.159541E+3	-4.059100E-4	1.287750E+4	0.000000E+0	0.000000E+0
7.163577E+3	-4.059300E-4	1.287750E+4	0.000000E+0	0.000000E+0
7.167559E+3	-4.058900E-4	1.287740E+4	0.000000E+0	0.000000E+0
7.171559E+3	-4.059100E-4	1.287730E+4	0.000000E+0	0.000000E+0
7.175539E+3	-4.059100E-4	1.287720E+4	0.000000E+0	0.000000E+0
7.179572E+3	-4.059300E-4	1.287710E+4	0.000000E+0	0.000000E+0
7.183562E+3	-4.059200E-4	1.287700E+4	0.000000E+0	0.000000E+0
7.187560E+3	-4.059500E-4	1.287670E+4	0.000000E+0	0.000000E+0
7.191565E+3	-4.059400E-4	1.287660E+4	0.000000E+0	0.000000E+0
7.195535E+3	-4.059200E-4	1.287640E+4	0.000000E+0	0.000000E+0
7.199577E+3	-4.059200E-4	1.287630E+4	0.000000E+0	0.000000E+0
7.203537E+3	-4.059400E-4	1.287610E+4	0.000000E+0	0.000000E+0
7.207578E+3	-4.059500E-4	1.287600E+4	0.000000E+0	0.000000E+0
7.211538E+3	-4.059200E-4	1.287580E+4	0.000000E+0	0.000000E+0
7.215559E+3	-4.059200E-4	1.287570E+4	0.000000E+0	0.000000E+0
7.219558E+3	-4.058800E-4	1.287560E+4	0.000000E+0	0.000000E+0
7.223559E+3	-4.059000E-4	1.287560E+4	0.000000E+0	0.000000E+0
7.227559E+3	-4.059000E-4	1.287550E+4	0.000000E+0	0.000000E+0
7.231558E+3	-4.059000E-4	1.287550E+4	0.000000E+0	0.000000E+0
7.235558E+3	-4.059100E-4	1.287540E+4	0.000000E+0	0.000000E+0
7.239558E+3	-4.059300E-4	1.287530E+4	0.000000E+0	0.000000E+0
7.243557E+3	-4.059100E-4	1.287520E+4	0.000000E+0	0.000000E+0
7.247556E+3	-4.059200E-4	1.287500E+4	0.000000E+0	0.000000E+0
7.251557E+3	-4.059200E-4	1.287490E+4	0.000000E+0	0.000000E+0
7.255560E+3	-4.058800E-4	1.287470E+4	0.000000E+0	0.000000E+0
7.259560E+3	-4.058700E-4	1.287470E+4	0.000000E+0	0.000000E+0
7.263562E+3	-4.058900E-4	1.287440E+4	0.000000E+0	0.000000E+0
7.267557E+3	-4.058800E-4	1.287430E+4	0.000000E+0	0.000000E+0
7.271559E+3	-4.058400E-4	1.287420E+4	0.000000E+0	0.000000E+0
