
Medición hecha el 2026-06-16  04:11 p.m.

Medición de corriente y resistencia en el tiempo
Tiempo	Corriente	Resistencia
8.377500E+1	-1.003220E-4	1.277830E+4	0.000000E+0	0.000000E+0
8.778100E+1	-1.003210E-4	1.277830E+4	0.000000E+0	0.000000E+0
9.177500E+1	-1.003210E-4	1.277820E+4	0.000000E+0	0.000000E+0
9.577400E+1	-1.003200E-4	1.277820E+4	0.000000E+0	0.000000E+0
9.977500E+1	-1.003210E-4	1.277810E+4	0.000000E+0	0.000000E+0
1.037790E+2	-1.003200E-4	1.277820E+4	0.000000E+0	0.000000E+0
1.077750E+2	-1.003210E-4	1.277820E+4	0.000000E+0	0.000000E+0
1.117770E+2	-1.003220E-4	1.277810E+4	0.000000E+0	0.000000E+0
1.157780E+2	-1.003190E-4	1.277800E+4	0.000000E+0	0.000000E+0
1.197780E+2	-1.003170E-4	1.277780E+4	0.000000E+0	0.000000E+0
1.237740E+2	-1.003190E-4	1.277770E+4	0.000000E+0	0.000000E+0
1.277820E+2	-1.003180E-4	1.277750E+4	0.000000E+0	0.000000E+0
1.317760E+2	-1.003180E-4	1.277740E+4	0.000000E+0	0.000000E+0
1.357770E+2	-1.003170E-4	1.277710E+4	0.000000E+0	0.000000E+0
1.397740E+2	-1.003160E-4	1.277700E+4	0.000000E+0	0.000000E+0
1.437820E+2	-1.003170E-4	1.277680E+4	0.000000E+0	0.000000E+0
1.477770E+2	-1.003160E-4	1.277670E+4	0.000000E+0	0.000000E+0
1.517800E+2	-1.003150E-4	1.277660E+4	0.000000E+0	0.000000E+0
1.557770E+2	-1.003160E-4	1.277630E+4	0.000000E+0	0.000000E+0
1.597750E+2	-1.003150E-4	1.277620E+4	0.000000E+0	0.000000E+0
1.637740E+2	-1.003150E-4	1.277600E+4	0.000000E+0	0.000000E+0
1.677780E+2	-1.003140E-4	1.277600E+4	0.000000E+0	0.000000E+0
1.717730E+2	-1.003150E-4	1.277600E+4	0.000000E+0	0.000000E+0
1.757770E+2	-1.003130E-4	1.277590E+4	0.000000E+0	0.000000E+0
1.797750E+2	-1.003120E-4	1.277570E+4	0.000000E+0	0.000000E+0
1.837780E+2	-1.003140E-4	1.277540E+4	0.000000E+0	0.000000E+0
1.877730E+2	-1.003140E-4	1.277530E+4	0.000000E+0	0.000000E+0
1.917810E+2	-1.003110E-4	1.277510E+4	0.000000E+0	0.000000E+0
1.957760E+2	-1.003130E-4	1.277490E+4	0.000000E+0	0.000000E+0
1.997780E+2	-1.003120E-4	1.277470E+4	0.000000E+0	0.000000E+0
2.037740E+2	-1.003100E-4	1.277450E+4	0.000000E+0	0.000000E+0
2.077770E+2	-1.003110E-4	1.277420E+4	0.000000E+0	0.000000E+0
2.117740E+2	-1.003100E-4	1.277400E+4	0.000000E+0	0.000000E+0
2.157770E+2	-1.003090E-4	1.277380E+4	0.000000E+0	0.000000E+0
2.197740E+2	-1.003080E-4	1.277370E+4	0.000000E+0	0.000000E+0
2.237760E+2	-1.003090E-4	1.277350E+4	0.000000E+0	0.000000E+0
2.277770E+2	-1.003100E-4	1.277320E+4	0.000000E+0	0.000000E+0
2.317790E+2	-1.003080E-4	1.277300E+4	0.000000E+0	0.000000E+0
2.357740E+2	-1.003100E-4	1.277280E+4	0.000000E+0	0.000000E+0
2.397760E+2	-1.003080E-4	1.277260E+4	0.000000E+0	0.000000E+0
2.437790E+2	-1.003090E-4	1.277250E+4	0.000000E+0	0.000000E+0
2.477820E+2	-1.003080E-4	1.277220E+4	0.000000E+0	0.000000E+0
2.517750E+2	-1.003080E-4	1.277200E+4	0.000000E+0	0.000000E+0
2.557780E+2	-1.003080E-4	1.277180E+4	0.000000E+0	0.000000E+0
2.597940E+2	-1.003080E-4	1.277160E+4	0.000000E+0	0.000000E+0
2.637720E+2	-1.003080E-4	1.277140E+4	0.000000E+0	0.000000E+0
2.677770E+2	-1.003070E-4	1.277120E+4	0.000000E+0	0.000000E+0
2.717800E+2	-1.003060E-4	1.277100E+4	0.000000E+0	0.000000E+0
2.757760E+2	-1.003060E-4	1.277080E+4	0.000000E+0	0.000000E+0
2.797830E+2	-1.003050E-4	1.277060E+4	0.000000E+0	0.000000E+0
2.837760E+2	-1.003050E-4	1.277040E+4	0.000000E+0	0.000000E+0
2.877800E+2	-1.003060E-4	1.277030E+4	0.000000E+0	0.000000E+0
2.917760E+2	-1.003050E-4	1.277010E+4	0.000000E+0	0.000000E+0
2.957780E+2	-1.003050E-4	1.276990E+4	0.000000E+0	0.000000E+0
2.997730E+2	-1.003040E-4	1.276970E+4	0.000000E+0	0.000000E+0
3.037820E+2	-1.003050E-4	1.276960E+4	0.000000E+0	0.000000E+0
3.077790E+2	-1.003030E-4	1.276940E+4	0.000000E+0	0.000000E+0
3.117770E+2	-1.003030E-4	1.276930E+4	0.000000E+0	0.000000E+0
3.157740E+2	-1.003010E-4	1.276910E+4	0.000000E+0	0.000000E+0
3.197820E+2	-1.003010E-4	1.276890E+4	0.000000E+0	0.000000E+0
3.237770E+2	-1.003030E-4	1.276880E+4	0.000000E+0	0.000000E+0
3.277770E+2	-1.003020E-4	1.276860E+4	0.000000E+0	0.000000E+0
3.317740E+2	-1.003010E-4	1.276850E+4	0.000000E+0	0.000000E+0
3.357740E+2	-1.003000E-4	1.276820E+4	0.000000E+0	0.000000E+0
3.397750E+2	-1.003010E-4	1.276810E+4	0.000000E+0	0.000000E+0
3.437750E+2	-1.002990E-4	1.276780E+4	0.000000E+0	0.000000E+0
3.477750E+2	-1.003010E-4	1.276770E+4	0.000000E+0	0.000000E+0
3.517780E+2	-1.002990E-4	1.276760E+4	0.000000E+0	0.000000E+0
3.557720E+2	-1.003000E-4	1.276730E+4	0.000000E+0	0.000000E+0
3.597770E+2	-1.002990E-4	1.276720E+4	0.000000E+0	0.000000E+0
3.637730E+2	-1.002990E-4	1.276680E+4	0.000000E+0	0.000000E+0
3.677770E+2	-1.002990E-4	1.276660E+4	0.000000E+0	0.000000E+0
3.717730E+2	-1.002990E-4	1.276640E+4	0.000000E+0	0.000000E+0
3.757780E+2	-1.002980E-4	1.276630E+4	0.000000E+0	0.000000E+0
3.797730E+2	-1.002990E-4	1.276610E+4	0.000000E+0	0.000000E+0
3.837770E+2	-1.002970E-4	1.276590E+4	0.000000E+0	0.000000E+0
3.877760E+2	-1.002990E-4	1.276570E+4	0.000000E+0	0.000000E+0
3.917780E+2	-1.002990E-4	1.276570E+4	0.000000E+0	0.000000E+0
3.957750E+2	-1.002970E-4	1.276540E+4	0.000000E+0	0.000000E+0
3.997810E+2	-1.002970E-4	1.276520E+4	0.000000E+0	0.000000E+0
4.037760E+2	-1.002970E-4	1.276510E+4	0.000000E+0	0.000000E+0
4.077790E+2	-1.002970E-4	1.276480E+4	0.000000E+0	0.000000E+0
4.117740E+2	-1.002960E-4	1.276470E+4	0.000000E+0	0.000000E+0
4.157820E+2	-1.002960E-4	1.276450E+4	0.000000E+0	0.000000E+0
4.197770E+2	-1.002960E-4	1.276430E+4	0.000000E+0	0.000000E+0
4.237760E+2	-1.002960E-4	1.276420E+4	0.000000E+0	0.000000E+0
4.277720E+2	-1.002960E-4	1.276390E+4	0.000000E+0	0.000000E+0
4.317800E+2	-1.002940E-4	1.276380E+4	0.000000E+0	0.000000E+0
4.357750E+2	-1.002940E-4	1.276370E+4	0.000000E+0	0.000000E+0
4.397770E+2	-1.002940E-4	1.276350E+4	0.000000E+0	0.000000E+0
4.437740E+2	-1.002950E-4	1.276340E+4	0.000000E+0	0.000000E+0
4.477810E+2	-1.002950E-4	1.276320E+4	0.000000E+0	0.000000E+0
4.517780E+2	-1.002940E-4	1.276310E+4	0.000000E+0	0.000000E+0
4.557800E+2	-1.002930E-4	1.276290E+4	0.000000E+0	0.000000E+0
4.597750E+2	-1.002930E-4	1.276270E+4	0.000000E+0	0.000000E+0
4.637760E+2	-1.002930E-4	1.276260E+4	0.000000E+0	0.000000E+0
4.677760E+2	-1.002950E-4	1.276240E+4	0.000000E+0	0.000000E+0
4.717760E+2	-1.002910E-4	1.276220E+4	0.000000E+0	0.000000E+0
4.757730E+2	-1.002920E-4	1.276210E+4	0.000000E+0	0.000000E+0
4.797820E+2	-1.002910E-4	1.276200E+4	0.000000E+0	0.000000E+0
4.837760E+2	-1.002920E-4	1.276180E+4	0.000000E+0	0.000000E+0
4.877760E+2	-1.002910E-4	1.276160E+4	0.000000E+0	0.000000E+0
4.917730E+2	-1.002910E-4	1.276150E+4	0.000000E+0	0.000000E+0
4.957810E+2	-1.002920E-4	1.276130E+4	0.000000E+0	0.000000E+0
4.997730E+2	-1.002910E-4	1.276130E+4	0.000000E+0	0.000000E+0
5.037770E+2	-1.002920E-4	1.276100E+4	0.000000E+0	0.000000E+0
5.077720E+2	-1.002910E-4	1.276080E+4	0.000000E+0	0.000000E+0
5.117800E+2	-1.002910E-4	1.276060E+4	0.000000E+0	0.000000E+0
5.157790E+2	-1.002910E-4	1.276050E+4	0.000000E+0	0.000000E+0
5.197790E+2	-1.002890E-4	1.276040E+4	0.000000E+0	0.000000E+0
5.237770E+2	-1.002880E-4	1.276020E+4	0.000000E+0	0.000000E+0
5.277780E+2	-1.002900E-4	1.276020E+4	0.000000E+0	0.000000E+0
5.317780E+2	-1.002900E-4	1.275990E+4	0.000000E+0	0.000000E+0
5.357800E+2	-1.002880E-4	1.275980E+4	0.000000E+0	0.000000E+0
5.397750E+2	-1.002890E-4	1.275970E+4	0.000000E+0	0.000000E+0
5.437750E+2	-1.002880E-4	1.275950E+4	0.000000E+0	0.000000E+0
5.477750E+2	-1.002890E-4	1.275930E+4	0.000000E+0	0.000000E+0
5.517750E+2	-1.002870E-4	1.275920E+4	0.000000E+0	0.000000E+0
5.557750E+2	-1.002870E-4	1.275910E+4	0.000000E+0	0.000000E+0
5.597810E+2	-1.002860E-4	1.275890E+4	0.000000E+0	0.000000E+0
5.637760E+2	-1.002870E-4	1.275870E+4	0.000000E+0	0.000000E+0
5.677780E+2	-1.002890E-4	1.275860E+4	0.000000E+0	0.000000E+0
5.717760E+2	-1.002870E-4	1.275850E+4	0.000000E+0	0.000000E+0
5.757770E+2	-1.002870E-4	1.275830E+4	0.000000E+0	0.000000E+0
5.797730E+2	-1.002860E-4	1.275820E+4	0.000000E+0	0.000000E+0
5.837790E+2	-1.002870E-4	1.275810E+4	0.000000E+0	0.000000E+0
5.877740E+2	-1.002860E-4	1.275800E+4	0.000000E+0	0.000000E+0
5.917790E+2	-1.002850E-4	1.275790E+4	0.000000E+0	0.000000E+0
5.957740E+2	-1.002840E-4	1.275780E+4	0.000000E+0	0.000000E+0
5.997760E+2	-1.002840E-4	1.275770E+4	0.000000E+0	0.000000E+0
6.037740E+2	-1.002870E-4	1.275750E+4	0.000000E+0	0.000000E+0
6.077800E+2	-1.002830E-4	1.275750E+4	0.000000E+0	0.000000E+0
6.117750E+2	-1.002850E-4	1.275700E+4	0.000000E+0	0.000000E+0
6.157770E+2	-1.002850E-4	1.275700E+4	0.000000E+0	0.000000E+0
6.197720E+2	-1.002840E-4	1.275690E+4	0.000000E+0	0.000000E+0
6.237820E+2	-1.002820E-4	1.275680E+4	0.000000E+0	0.000000E+0
6.277750E+2	-1.002830E-4	1.275650E+4	0.000000E+0	0.000000E+0
6.317770E+2	-1.002850E-4	1.275640E+4	0.000000E+0	0.000000E+0
6.357750E+2	-1.002850E-4	1.275630E+4	0.000000E+0	0.000000E+0
6.397750E+2	-1.002840E-4	1.275610E+4	0.000000E+0	0.000000E+0
6.437750E+2	-1.002830E-4	1.275600E+4	0.000000E+0	0.000000E+0
6.477750E+2	-1.002830E-4	1.275590E+4	0.000000E+0	0.000000E+0
6.517730E+2	-1.002830E-4	1.275570E+4	0.000000E+0	0.000000E+0
6.557780E+2	-1.002840E-4	1.275550E+4	0.000000E+0	0.000000E+0
6.597760E+2	-1.002820E-4	1.275540E+4	0.000000E+0	0.000000E+0
6.637760E+2	-1.002820E-4	1.275530E+4	0.000000E+0	0.000000E+0
6.677710E+2	-1.002810E-4	1.275510E+4	0.000000E+0	0.000000E+0
6.717760E+2	-1.002820E-4	1.275490E+4	0.000000E+0	0.000000E+0
6.757760E+2	-1.002820E-4	1.275490E+4	0.000000E+0	0.000000E+0
6.797760E+2	-1.002820E-4	1.275460E+4	0.000000E+0	0.000000E+0
6.837740E+2	-1.002810E-4	1.275440E+4	0.000000E+0	0.000000E+0
6.877780E+2	-1.002820E-4	1.275420E+4	0.000000E+0	0.000000E+0
6.917760E+2	-1.002810E-4	1.275400E+4	0.000000E+0	0.000000E+0
6.957790E+2	-1.002810E-4	1.275380E+4	0.000000E+0	0.000000E+0
6.997740E+2	-1.002810E-4	1.275370E+4	0.000000E+0	0.000000E+0
7.037820E+2	-1.002790E-4	1.275360E+4	0.000000E+0	0.000000E+0
7.077750E+2	-1.002820E-4	1.275360E+4	0.000000E+0	0.000000E+0
7.117800E+2	-1.002790E-4	1.275350E+4	0.000000E+0	0.000000E+0
7.157740E+2	-1.002790E-4	1.275330E+4	0.000000E+0	0.000000E+0
7.197780E+2	-1.002790E-4	1.275320E+4	0.000000E+0	0.000000E+0
7.237780E+2	-1.002810E-4	1.275310E+4	0.000000E+0	0.000000E+0
7.277810E+2	-1.002780E-4	1.275300E+4	0.000000E+0	0.000000E+0
7.317750E+2	-1.002790E-4	1.275290E+4	0.000000E+0	0.000000E+0
7.357830E+2	-1.002780E-4	1.275280E+4	0.000000E+0	0.000000E+0
7.397780E+2	-1.002780E-4	1.275270E+4	0.000000E+0	0.000000E+0
7.437780E+2	-1.002770E-4	1.275260E+4	0.000000E+0	0.000000E+0
7.477750E+2	-1.002770E-4	1.275250E+4	0.000000E+0	0.000000E+0
7.517830E+2	-1.002780E-4	1.275240E+4	0.000000E+0	0.000000E+0
7.557760E+2	-1.002790E-4	1.275230E+4	0.000000E+0	0.000000E+0
7.597780E+2	-1.002740E-4	1.275210E+4	0.000000E+0	0.000000E+0
7.637760E+2	-1.002810E-4	1.275200E+4	0.000000E+0	0.000000E+0
7.677780E+2	-1.002770E-4	1.275190E+4	0.000000E+0	0.000000E+0
7.717760E+2	-1.002760E-4	1.275190E+4	0.000000E+0	0.000000E+0
7.757790E+2	-1.002760E-4	1.275170E+4	0.000000E+0	0.000000E+0
7.797760E+2	-1.002770E-4	1.275160E+4	0.000000E+0	0.000000E+0
7.837770E+2	-1.002750E-4	1.275160E+4	0.000000E+0	0.000000E+0
7.877740E+2	-1.002770E-4	1.275160E+4	0.000000E+0	0.000000E+0
7.917750E+2	-1.002750E-4	1.275160E+4	0.000000E+0	0.000000E+0
7.957740E+2	-1.002750E-4	1.275150E+4	0.000000E+0	0.000000E+0
7.997760E+2	-1.002750E-4	1.275130E+4	0.000000E+0	0.000000E+0
8.037740E+2	-1.002750E-4	1.275130E+4	0.000000E+0	0.000000E+0
8.077800E+2	-1.002750E-4	1.275120E+4	0.000000E+0	0.000000E+0
8.117750E+2	-1.002750E-4	1.275100E+4	0.000000E+0	0.000000E+0
8.157740E+2	-1.002750E-4	1.275090E+4	0.000000E+0	0.000000E+0
8.197750E+2	-1.002740E-4	1.275070E+4	0.000000E+0	0.000000E+0
8.237830E+2	-1.002730E-4	1.275050E+4	0.000000E+0	0.000000E+0
8.277760E+2	-1.002770E-4	1.275040E+4	0.000000E+0	0.000000E+0
8.317810E+2	-1.002740E-4	1.275020E+4	0.000000E+0	0.000000E+0
8.357760E+2	-1.002730E-4	1.275000E+4	0.000000E+0	0.000000E+0
8.397750E+2	-1.002750E-4	1.274990E+4	0.000000E+0	0.000000E+0
8.437760E+2	-1.002740E-4	1.274970E+4	0.000000E+0	0.000000E+0
8.477790E+2	-1.002730E-4	1.274950E+4	0.000000E+0	0.000000E+0
8.517790E+2	-1.002720E-4	1.274950E+4	0.000000E+0	0.000000E+0
8.557780E+2	-1.002730E-4	1.274930E+4	0.000000E+0	0.000000E+0
8.597780E+2	-1.002740E-4	1.274920E+4	0.000000E+0	0.000000E+0
8.637780E+2	-1.002740E-4	1.274910E+4	0.000000E+0	0.000000E+0
8.677780E+2	-1.002740E-4	1.274900E+4	0.000000E+0	0.000000E+0
8.717800E+2	-1.002730E-4	1.274890E+4	0.000000E+0	0.000000E+0
8.757760E+2	-1.002710E-4	1.274880E+4	0.000000E+0	0.000000E+0
8.797820E+2	-1.002710E-4	1.274860E+4	0.000000E+0	0.000000E+0
8.837750E+2	-1.002720E-4	1.274860E+4	0.000000E+0	0.000000E+0
8.877750E+2	-1.002720E-4	1.274850E+4	0.000000E+0	0.000000E+0
8.917720E+2	-1.002720E-4	1.274840E+4	0.000000E+0	0.000000E+0
8.957820E+2	-1.002720E-4	1.274830E+4	0.000000E+0	0.000000E+0
8.997750E+2	-1.002720E-4	1.274810E+4	0.000000E+0	0.000000E+0
9.037780E+2	-1.002720E-4	1.274820E+4	0.000000E+0	0.000000E+0
9.077750E+2	-1.002700E-4	1.274800E+4	0.000000E+0	0.000000E+0
9.117830E+2	-1.002690E-4	1.274800E+4	0.000000E+0	0.000000E+0
9.157800E+2	-1.002720E-4	1.274790E+4	0.000000E+0	0.000000E+0
9.197800E+2	-1.002710E-4	1.274780E+4	0.000000E+0	0.000000E+0
9.237780E+2	-1.002710E-4	1.274780E+4	0.000000E+0	0.000000E+0
9.277840E+2	-1.002670E-4	1.274760E+4	0.000000E+0	0.000000E+0
9.317790E+2	-1.002680E-4	1.274760E+4	0.000000E+0	0.000000E+0
9.357790E+2	-1.002700E-4	1.274740E+4	0.000000E+0	0.000000E+0
9.397740E+2	-1.002690E-4	1.274740E+4	0.000000E+0	0.000000E+0
9.437770E+2	-1.002690E-4	1.274730E+4	0.000000E+0	0.000000E+0
9.477760E+2	-1.002690E-4	1.274720E+4	0.000000E+0	0.000000E+0
9.517760E+2	-1.002690E-4	1.274710E+4	0.000000E+0	0.000000E+0
9.557740E+2	-1.002690E-4	1.274710E+4	0.000000E+0	0.000000E+0
9.597810E+2	-1.002690E-4	1.274710E+4	0.000000E+0	0.000000E+0
9.637770E+2	-1.002680E-4	1.274710E+4	0.000000E+0	0.000000E+0
9.677790E+2	-1.002680E-4	1.274700E+4	0.000000E+0	0.000000E+0
9.717740E+2	-1.002680E-4	1.274700E+4	0.000000E+0	0.000000E+0
9.757820E+2	-1.002680E-4	1.274680E+4	0.000000E+0	0.000000E+0
9.797750E+2	-1.002680E-4	1.274680E+4	0.000000E+0	0.000000E+0
9.837800E+2	-1.002680E-4	1.274650E+4	0.000000E+0	0.000000E+0
9.877750E+2	-1.002680E-4	1.274630E+4	0.000000E+0	0.000000E+0
9.917800E+2	-1.002660E-4	1.274620E+4	0.000000E+0	0.000000E+0
9.957740E+2	-1.002670E-4	1.274610E+4	0.000000E+0	0.000000E+0
9.997730E+2	-1.002680E-4	1.274600E+4	0.000000E+0	0.000000E+0
1.003775E+3	-1.002670E-4	1.274590E+4	0.000000E+0	0.000000E+0
1.007780E+3	-1.002670E-4	1.274580E+4	0.000000E+0	0.000000E+0
1.011776E+3	-1.002660E-4	1.274560E+4	0.000000E+0	0.000000E+0
1.015778E+3	-1.002670E-4	1.274560E+4	0.000000E+0	0.000000E+0
1.019776E+3	-1.002670E-4	1.274540E+4	0.000000E+0	0.000000E+0
1.023779E+3	-1.002660E-4	1.274530E+4	0.000000E+0	0.000000E+0
1.027773E+3	-1.002670E-4	1.274530E+4	0.000000E+0	0.000000E+0
1.031779E+3	-1.002660E-4	1.274520E+4	0.000000E+0	0.000000E+0
1.035773E+3	-1.002650E-4	1.274520E+4	0.000000E+0	0.000000E+0
1.039779E+3	-1.002650E-4	1.274510E+4	0.000000E+0	0.000000E+0
1.043774E+3	-1.002650E-4	1.274500E+4	0.000000E+0	0.000000E+0
1.047776E+3	-1.002640E-4	1.274500E+4	0.000000E+0	0.000000E+0
1.051774E+3	-1.002650E-4	1.274490E+4	0.000000E+0	0.000000E+0
1.055780E+3	-1.002650E-4	1.274480E+4	0.000000E+0	0.000000E+0
1.059776E+3	-1.002650E-4	1.274480E+4	0.000000E+0	0.000000E+0
1.063776E+3	-1.002640E-4	1.274480E+4	0.000000E+0	0.000000E+0
1.067772E+3	-1.002630E-4	1.274470E+4	0.000000E+0	0.000000E+0
1.071776E+3	-1.002650E-4	1.274450E+4	0.000000E+0	0.000000E+0
1.075775E+3	-1.002650E-4	1.274450E+4	0.000000E+0	0.000000E+0
1.079777E+3	-1.002630E-4	1.274430E+4	0.000000E+0	0.000000E+0
1.083769E+3	-1.002630E-4	1.274430E+4	0.000000E+0	0.000000E+0
1.087775E+3	-1.002650E-4	1.274430E+4	0.000000E+0	0.000000E+0
1.091772E+3	-1.002640E-4	1.274420E+4	0.000000E+0	0.000000E+0
1.095778E+3	-1.002630E-4	1.274410E+4	0.000000E+0	0.000000E+0
1.099773E+3	-1.002630E-4	1.274400E+4	0.000000E+0	0.000000E+0
1.103780E+3	-1.002630E-4	1.274390E+4	0.000000E+0	0.000000E+0
1.107778E+3	-1.002630E-4	1.274380E+4	0.000000E+0	0.000000E+0
1.111783E+3	-1.002640E-4	1.274380E+4	0.000000E+0	0.000000E+0
1.115776E+3	-1.002630E-4	1.274370E+4	0.000000E+0	0.000000E+0
1.119779E+3	-1.002600E-4	1.274380E+4	0.000000E+0	0.000000E+0
1.123776E+3	-1.002630E-4	1.274370E+4	0.000000E+0	0.000000E+0
1.127776E+3	-1.002620E-4	1.274360E+4	0.000000E+0	0.000000E+0
1.131773E+3	-1.002610E-4	1.274350E+4	0.000000E+0	0.000000E+0
1.135775E+3	-1.002610E-4	1.274340E+4	0.000000E+0	0.000000E+0
1.139776E+3	-1.002610E-4	1.274320E+4	0.000000E+0	0.000000E+0
1.143777E+3	-1.002610E-4	1.274310E+4	0.000000E+0	0.000000E+0
1.147774E+3	-1.002620E-4	1.274300E+4	0.000000E+0	0.000000E+0
1.151778E+3	-1.002630E-4	1.274300E+4	0.000000E+0	0.000000E+0
1.155777E+3	-1.002590E-4	1.274290E+4	0.000000E+0	0.000000E+0
1.159780E+3	-1.002590E-4	1.274290E+4	0.000000E+0	0.000000E+0
1.163774E+3	-1.002610E-4	1.274260E+4	0.000000E+0	0.000000E+0
1.167782E+3	-1.002620E-4	1.274250E+4	0.000000E+0	0.000000E+0
1.171779E+3	-1.002600E-4	1.274260E+4	0.000000E+0	0.000000E+0
1.175778E+3	-1.002610E-4	1.274250E+4	0.000000E+0	0.000000E+0
1.179777E+3	-1.002620E-4	1.274230E+4	0.000000E+0	0.000000E+0
1.183783E+3	-1.002600E-4	1.274230E+4	0.000000E+0	0.000000E+0
1.187778E+3	-1.002600E-4	1.274230E+4	0.000000E+0	0.000000E+0
1.191780E+3	-1.002590E-4	1.274240E+4	0.000000E+0	0.000000E+0
1.195775E+3	-1.002590E-4	1.274230E+4	0.000000E+0	0.000000E+0
1.199775E+3	-1.002600E-4	1.274220E+4	0.000000E+0	0.000000E+0
1.203775E+3	-1.002600E-4	1.274210E+4	0.000000E+0	0.000000E+0
1.207778E+3	-1.002580E-4	1.274200E+4	0.000000E+0	0.000000E+0
1.211775E+3	-1.002590E-4	1.274190E+4	0.000000E+0	0.000000E+0
1.215783E+3	-1.002580E-4	1.274160E+4	0.000000E+0	0.000000E+0
1.219776E+3	-1.002570E-4	1.274160E+4	0.000000E+0	0.000000E+0
1.223781E+3	-1.002570E-4	1.274150E+4	0.000000E+0	0.000000E+0
1.227774E+3	-1.002590E-4	1.274150E+4	0.000000E+0	0.000000E+0
1.231779E+3	-1.002570E-4	1.274140E+4	0.000000E+0	0.000000E+0
1.235777E+3	-1.002580E-4	1.274140E+4	0.000000E+0	0.000000E+0
1.239777E+3	-1.002570E-4	1.274140E+4	0.000000E+0	0.000000E+0
1.243777E+3	-1.002560E-4	1.274130E+4	0.000000E+0	0.000000E+0
1.247780E+3	-1.002570E-4	1.274120E+4	0.000000E+0	0.000000E+0
1.251777E+3	-1.002570E-4	1.274120E+4	0.000000E+0	0.000000E+0
1.255779E+3	-1.002570E-4	1.274110E+4	0.000000E+0	0.000000E+0
1.259779E+3	-1.002570E-4	1.274100E+4	0.000000E+0	0.000000E+0
1.263775E+3	-1.002570E-4	1.274090E+4	0.000000E+0	0.000000E+0
1.267774E+3	-1.002560E-4	1.274080E+4	0.000000E+0	0.000000E+0
1.271778E+3	-1.002580E-4	1.274090E+4	0.000000E+0	0.000000E+0
1.275775E+3	-1.002570E-4	1.274080E+4	0.000000E+0	0.000000E+0
1.279773E+3	-1.002570E-4	1.274080E+4	0.000000E+0	0.000000E+0
1.283773E+3	-1.002570E-4	1.274070E+4	0.000000E+0	0.000000E+0
1.287776E+3	-1.002570E-4	1.274060E+4	0.000000E+0	0.000000E+0
1.291778E+3	-1.002570E-4	1.274060E+4	0.000000E+0	0.000000E+0
1.295776E+3	-1.002550E-4	1.274060E+4	0.000000E+0	0.000000E+0
1.299768E+3	-1.002550E-4	1.274050E+4	0.000000E+0	0.000000E+0
1.303778E+3	-1.002530E-4	1.274040E+4	0.000000E+0	0.000000E+0
1.307776E+3	-1.002550E-4	1.274040E+4	0.000000E+0	0.000000E+0
1.311779E+3	-1.002550E-4	1.274030E+4	0.000000E+0	0.000000E+0
1.315776E+3	-1.002550E-4	1.274020E+4	0.000000E+0	0.000000E+0
1.319778E+3	-1.002530E-4	1.274010E+4	0.000000E+0	0.000000E+0
1.323776E+3	-1.002550E-4	1.274000E+4	0.000000E+0	0.000000E+0
1.327780E+3	-1.002540E-4	1.273990E+4	0.000000E+0	0.000000E+0
1.331774E+3	-1.002540E-4	1.273990E+4	0.000000E+0	0.000000E+0
1.335774E+3	-1.002540E-4	1.274000E+4	0.000000E+0	0.000000E+0
1.339772E+3	-1.002550E-4	1.273990E+4	0.000000E+0	0.000000E+0
1.343782E+3	-1.002510E-4	1.273980E+4	0.000000E+0	0.000000E+0
1.347777E+3	-1.002510E-4	1.273970E+4	0.000000E+0	0.000000E+0
1.351782E+3	-1.002510E-4	1.273980E+4	0.000000E+0	0.000000E+0
1.355777E+3	-1.002520E-4	1.273970E+4	0.000000E+0	0.000000E+0
1.359782E+3	-1.002540E-4	1.273960E+4	0.000000E+0	0.000000E+0
1.363775E+3	-1.002540E-4	1.273960E+4	0.000000E+0	0.000000E+0
1.367775E+3	-1.002510E-4	1.273940E+4	0.000000E+0	0.000000E+0
1.371775E+3	-1.002530E-4	1.273940E+4	0.000000E+0	0.000000E+0
1.375776E+3	-1.002520E-4	1.273930E+4	0.000000E+0	0.000000E+0
1.379773E+3	-1.002510E-4	1.273940E+4	0.000000E+0	0.000000E+0
1.383775E+3	-1.002520E-4	1.273930E+4	0.000000E+0	0.000000E+0
1.387770E+3	-1.002520E-4	1.273920E+4	0.000000E+0	0.000000E+0
1.391779E+3	-1.002490E-4	1.273930E+4	0.000000E+0	0.000000E+0
1.395773E+3	-1.002520E-4	1.273920E+4	0.000000E+0	0.000000E+0
1.399783E+3	-1.002510E-4	1.273910E+4	0.000000E+0	0.000000E+0
1.403778E+3	-1.002510E-4	1.273900E+4	0.000000E+0	0.000000E+0
1.407781E+3	-1.002500E-4	1.273900E+4	0.000000E+0	0.000000E+0
1.411776E+3	-1.002510E-4	1.273880E+4	0.000000E+0	0.000000E+0
1.415781E+3	-1.002510E-4	1.273880E+4	0.000000E+0	0.000000E+0
1.419776E+3	-1.002510E-4	1.273880E+4	0.000000E+0	0.000000E+0
1.423784E+3	-1.002490E-4	1.273870E+4	0.000000E+0	0.000000E+0
1.427777E+3	-1.002510E-4	1.273860E+4	0.000000E+0	0.000000E+0
1.431779E+3	-1.002520E-4	1.273860E+4	0.000000E+0	0.000000E+0
1.435777E+3	-1.002510E-4	1.273850E+4	0.000000E+0	0.000000E+0
1.439783E+3	-1.002500E-4	1.273820E+4	0.000000E+0	0.000000E+0
1.443777E+3	-1.002500E-4	1.273820E+4	0.000000E+0	0.000000E+0
1.447783E+3	-1.002500E-4	1.273810E+4	0.000000E+0	0.000000E+0
1.451775E+3	-1.002490E-4	1.273810E+4	0.000000E+0	0.000000E+0
1.455774E+3	-1.002500E-4	1.273800E+4	0.000000E+0	0.000000E+0
1.459774E+3	-1.002490E-4	1.273790E+4	0.000000E+0	0.000000E+0
1.463778E+3	-1.002480E-4	1.273790E+4	0.000000E+0	0.000000E+0
1.467778E+3	-1.002490E-4	1.273790E+4	0.000000E+0	0.000000E+0
1.471777E+3	-1.002470E-4	1.273790E+4	0.000000E+0	0.000000E+0
1.475773E+3	-1.002490E-4	1.273780E+4	0.000000E+0	0.000000E+0
1.479783E+3	-1.002500E-4	1.273770E+4	0.000000E+0	0.000000E+0
1.483778E+3	-1.002480E-4	1.273770E+4	0.000000E+0	0.000000E+0
1.487781E+3	-1.002460E-4	1.273760E+4	0.000000E+0	0.000000E+0
1.491775E+3	-1.002460E-4	1.273760E+4	0.000000E+0	0.000000E+0
1.495776E+3	-1.002460E-4	1.273750E+4	0.000000E+0	0.000000E+0
1.499776E+3	-1.002490E-4	1.273750E+4	0.000000E+0	0.000000E+0
1.503780E+3	-1.002480E-4	1.273730E+4	0.000000E+0	0.000000E+0
1.507776E+3	-1.002480E-4	1.273730E+4	0.000000E+0	0.000000E+0
1.511776E+3	-1.002460E-4	1.273730E+4	0.000000E+0	0.000000E+0
1.515776E+3	-1.002490E-4	1.273710E+4	0.000000E+0	0.000000E+0
1.519780E+3	-1.002470E-4	1.273720E+4	0.000000E+0	0.000000E+0
1.523776E+3	-1.002480E-4	1.273710E+4	0.000000E+0	0.000000E+0
1.527777E+3	-1.002470E-4	1.273710E+4	0.000000E+0	0.000000E+0
1.531774E+3	-1.002480E-4	1.273700E+4	0.000000E+0	0.000000E+0
1.535778E+3	-1.002470E-4	1.273690E+4	0.000000E+0	0.000000E+0
1.539775E+3	-1.002460E-4	1.273690E+4	0.000000E+0	0.000000E+0
1.543780E+3	-1.002490E-4	1.273680E+4	0.000000E+0	0.000000E+0
1.547777E+3	-1.002490E-4	1.273680E+4	0.000000E+0	0.000000E+0
1.551775E+3	-1.002470E-4	1.273680E+4	0.000000E+0	0.000000E+0
1.555775E+3	-1.002460E-4	1.273680E+4	0.000000E+0	0.000000E+0
1.559781E+3	-1.002460E-4	1.273670E+4	0.000000E+0	0.000000E+0
1.563777E+3	-1.002470E-4	1.273660E+4	0.000000E+0	0.000000E+0
1.567777E+3	-1.002450E-4	1.273650E+4	0.000000E+0	0.000000E+0
1.571775E+3	-1.002460E-4	1.273640E+4	0.000000E+0	0.000000E+0
1.575776E+3	-1.002440E-4	1.273640E+4	0.000000E+0	0.000000E+0
1.579775E+3	-1.002460E-4	1.273630E+4	0.000000E+0	0.000000E+0
1.583776E+3	-1.002450E-4	1.273630E+4	0.000000E+0	0.000000E+0
1.587774E+3	-1.002450E-4	1.273620E+4	0.000000E+0	0.000000E+0
1.591778E+3	-1.002470E-4	1.273620E+4	0.000000E+0	0.000000E+0
1.595776E+3	-1.002470E-4	1.273610E+4	0.000000E+0	0.000000E+0
1.599781E+3	-1.002470E-4	1.273610E+4	0.000000E+0	0.000000E+0
1.603774E+3	-1.002460E-4	1.273610E+4	0.000000E+0	0.000000E+0
1.607777E+3	-1.002460E-4	1.273610E+4	0.000000E+0	0.000000E+0
1.611777E+3	-1.002450E-4	1.273600E+4	0.000000E+0	0.000000E+0
1.615781E+3	-1.002450E-4	1.273590E+4	0.000000E+0	0.000000E+0
1.619776E+3	-1.002480E-4	1.273590E+4	0.000000E+0	0.000000E+0
1.623777E+3	-1.002440E-4	1.273590E+4	0.000000E+0	0.000000E+0
1.627775E+3	-1.002450E-4	1.273590E+4	0.000000E+0	0.000000E+0
1.631783E+3	-1.002460E-4	1.273570E+4	0.000000E+0	0.000000E+0
1.635775E+3	-1.002440E-4	1.273570E+4	0.000000E+0	0.000000E+0
1.639777E+3	-1.002440E-4	1.273560E+4	0.000000E+0	0.000000E+0
1.643775E+3	-1.002440E-4	1.273570E+4	0.000000E+0	0.000000E+0
1.647777E+3	-1.002430E-4	1.273560E+4	0.000000E+0	0.000000E+0
1.651769E+3	-1.002450E-4	1.273560E+4	0.000000E+0	0.000000E+0
1.655780E+3	-1.002440E-4	1.273550E+4	0.000000E+0	0.000000E+0
1.659780E+3	-1.002430E-4	1.273550E+4	0.000000E+0	0.000000E+0
1.663779E+3	-1.002440E-4	1.273540E+4	0.000000E+0	0.000000E+0
1.667773E+3	-1.002420E-4	1.273530E+4	0.000000E+0	0.000000E+0
1.671776E+3	-1.002420E-4	1.273530E+4	0.000000E+0	0.000000E+0
1.675773E+3	-1.002430E-4	1.273530E+4	0.000000E+0	0.000000E+0
1.679776E+3	-1.002430E-4	1.273520E+4	0.000000E+0	0.000000E+0
1.683773E+3	-1.002430E-4	1.273520E+4	0.000000E+0	0.000000E+0
1.687781E+3	-1.002420E-4	1.273520E+4	0.000000E+0	0.000000E+0
1.691776E+3	-1.002420E-4	1.273510E+4	0.000000E+0	0.000000E+0
1.695777E+3	-1.002420E-4	1.273510E+4	0.000000E+0	0.000000E+0
1.699773E+3	-1.002430E-4	1.273500E+4	0.000000E+0	0.000000E+0
1.703779E+3	-1.002430E-4	1.273490E+4	0.000000E+0	0.000000E+0
1.707779E+3	-1.002400E-4	1.273490E+4	0.000000E+0	0.000000E+0
1.711777E+3	-1.002390E-4	1.273480E+4	0.000000E+0	0.000000E+0
1.715772E+3	-1.002410E-4	1.273470E+4	0.000000E+0	0.000000E+0
1.719780E+3	-1.002410E-4	1.273480E+4	0.000000E+0	0.000000E+0
1.723774E+3	-1.002430E-4	1.273470E+4	0.000000E+0	0.000000E+0
1.727775E+3	-1.002400E-4	1.273470E+4	0.000000E+0	0.000000E+0
1.731772E+3	-1.002400E-4	1.273460E+4	0.000000E+0	0.000000E+0
1.735778E+3	-1.002410E-4	1.273460E+4	0.000000E+0	0.000000E+0
1.739775E+3	-1.002400E-4	1.273460E+4	0.000000E+0	0.000000E+0
1.743773E+3	-1.002420E-4	1.273460E+4	0.000000E+0	0.000000E+0
1.747772E+3	-1.002420E-4	1.273450E+4	0.000000E+0	0.000000E+0
1.751780E+3	-1.002400E-4	1.273440E+4	0.000000E+0	0.000000E+0
1.755772E+3	-1.002410E-4	1.273440E+4	0.000000E+0	0.000000E+0
1.759779E+3	-1.002410E-4	1.273430E+4	0.000000E+0	0.000000E+0
1.763776E+3	-1.002400E-4	1.273430E+4	0.000000E+0	0.000000E+0
1.767784E+3	-1.002400E-4	1.273430E+4	0.000000E+0	0.000000E+0
1.771778E+3	-1.002410E-4	1.273440E+4	0.000000E+0	0.000000E+0
1.775783E+3	-1.002410E-4	1.273430E+4	0.000000E+0	0.000000E+0
1.779776E+3	-1.002420E-4	1.273420E+4	0.000000E+0	0.000000E+0
1.783782E+3	-1.002390E-4	1.273410E+4	0.000000E+0	0.000000E+0
1.787776E+3	-1.002400E-4	1.273400E+4	0.000000E+0	0.000000E+0
1.791779E+3	-1.002390E-4	1.273400E+4	0.000000E+0	0.000000E+0
1.795776E+3	-1.002390E-4	1.273390E+4	0.000000E+0	0.000000E+0
1.799782E+3	-1.002400E-4	1.273390E+4	0.000000E+0	0.000000E+0
1.803776E+3	-1.002410E-4	1.273380E+4	0.000000E+0	0.000000E+0
1.807783E+3	-1.002390E-4	1.273390E+4	0.000000E+0	0.000000E+0
1.811777E+3	-1.002400E-4	1.273380E+4	0.000000E+0	0.000000E+0
1.815779E+3	-1.002400E-4	1.273370E+4	0.000000E+0	0.000000E+0
1.819775E+3	-1.002400E-4	1.273360E+4	0.000000E+0	0.000000E+0
1.823778E+3	-1.002370E-4	1.273360E+4	0.000000E+0	0.000000E+0
1.827777E+3	-1.002390E-4	1.273360E+4	0.000000E+0	0.000000E+0
1.831778E+3	-1.002390E-4	1.273350E+4	0.000000E+0	0.000000E+0
1.835777E+3	-1.002390E-4	1.273350E+4	0.000000E+0	0.000000E+0
1.839785E+3	-1.002370E-4	1.273340E+4	0.000000E+0	0.000000E+0
1.843778E+3	-1.002360E-4	1.273340E+4	0.000000E+0	0.000000E+0
1.847781E+3	-1.002360E-4	1.273340E+4	0.000000E+0	0.000000E+0
1.851776E+3	-1.002380E-4	1.273330E+4	0.000000E+0	0.000000E+0
1.855776E+3	-1.002380E-4	1.273330E+4	0.000000E+0	0.000000E+0
1.859775E+3	-1.002370E-4	1.273320E+4	0.000000E+0	0.000000E+0
1.863783E+3	-1.002380E-4	1.273310E+4	0.000000E+0	0.000000E+0
1.867776E+3	-1.002390E-4	1.273310E+4	0.000000E+0	0.000000E+0
1.871782E+3	-1.002380E-4	1.273310E+4	0.000000E+0	0.000000E+0
1.875774E+3	-1.002380E-4	1.273310E+4	0.000000E+0	0.000000E+0
1.879781E+3	-1.002380E-4	1.273300E+4	0.000000E+0	0.000000E+0
1.883776E+3	-1.002370E-4	1.273300E+4	0.000000E+0	0.000000E+0
1.887777E+3	-1.002360E-4	1.273300E+4	0.000000E+0	0.000000E+0
1.891774E+3	-1.002370E-4	1.273300E+4	0.000000E+0	0.000000E+0
1.895784E+3	-1.002360E-4	1.273290E+4	0.000000E+0	0.000000E+0
1.899777E+3	-1.002380E-4	1.273290E+4	0.000000E+0	0.000000E+0
1.903782E+3	-1.002370E-4	1.273280E+4	0.000000E+0	0.000000E+0
1.907775E+3	-1.002370E-4	1.273280E+4	0.000000E+0	0.000000E+0
1.911783E+3	-1.002380E-4	1.273270E+4	0.000000E+0	0.000000E+0
1.915779E+3	-1.002380E-4	1.273280E+4	0.000000E+0	0.000000E+0
1.919783E+3	-1.002350E-4	1.273270E+4	0.000000E+0	0.000000E+0
1.923777E+3	-1.002380E-4	1.273260E+4	0.000000E+0	0.000000E+0
1.927781E+3	-1.002360E-4	1.273260E+4	0.000000E+0	0.000000E+0
1.931777E+3	-1.002370E-4	1.273260E+4	0.000000E+0	0.000000E+0
1.935780E+3	-1.002360E-4	1.273250E+4	0.000000E+0	0.000000E+0
1.939776E+3	-1.002350E-4	1.273250E+4	0.000000E+0	0.000000E+0
1.943783E+3	-1.002360E-4	1.273240E+4	0.000000E+0	0.000000E+0
1.947775E+3	-1.002370E-4	1.273230E+4	0.000000E+0	0.000000E+0
1.951781E+3	-1.002340E-4	1.273230E+4	0.000000E+0	0.000000E+0
1.955778E+3	-1.002360E-4	1.273220E+4	0.000000E+0	0.000000E+0
1.959779E+3	-1.002360E-4	1.273210E+4	0.000000E+0	0.000000E+0
1.963776E+3	-1.002350E-4	1.273210E+4	0.000000E+0	0.000000E+0
1.967782E+3	-1.002320E-4	1.273210E+4	0.000000E+0	0.000000E+0
1.971777E+3	-1.002330E-4	1.273210E+4	0.000000E+0	0.000000E+0
1.975777E+3	-1.002350E-4	1.273200E+4	0.000000E+0	0.000000E+0
1.979774E+3	-1.002330E-4	1.273200E+4	0.000000E+0	0.000000E+0
1.983782E+3	-1.002340E-4	1.273200E+4	0.000000E+0	0.000000E+0
1.987777E+3	-1.002300E-4	1.273190E+4	0.000000E+0	0.000000E+0
1.991784E+3	-1.002310E-4	1.273190E+4	0.000000E+0	0.000000E+0
1.995776E+3	-1.002330E-4	1.273190E+4	0.000000E+0	0.000000E+0
1.999776E+3	-1.002340E-4	1.273180E+4	0.000000E+0	0.000000E+0
2.003774E+3	-1.002330E-4	1.273190E+4	0.000000E+0	0.000000E+0
2.007775E+3	-1.002320E-4	1.273180E+4	0.000000E+0	0.000000E+0
2.011774E+3	-1.002310E-4	1.273180E+4	0.000000E+0	0.000000E+0
2.015782E+3	-1.002340E-4	1.273180E+4	0.000000E+0	0.000000E+0
2.019777E+3	-1.002330E-4	1.273170E+4	0.000000E+0	0.000000E+0
2.023785E+3	-1.002330E-4	1.273170E+4	0.000000E+0	0.000000E+0
2.027778E+3	-1.002320E-4	1.273160E+4	0.000000E+0	0.000000E+0
2.031779E+3	-1.002330E-4	1.273160E+4	0.000000E+0	0.000000E+0
2.035778E+3	-1.002340E-4	1.273150E+4	0.000000E+0	0.000000E+0
2.039786E+3	-1.002310E-4	1.273150E+4	0.000000E+0	0.000000E+0
2.043776E+3	-1.002330E-4	1.273150E+4	0.000000E+0	0.000000E+0
2.047783E+3	-1.002320E-4	1.273140E+4	0.000000E+0	0.000000E+0
2.051779E+3	-1.002330E-4	1.273140E+4	0.000000E+0	0.000000E+0
2.055786E+3	-1.002320E-4	1.273130E+4	0.000000E+0	0.000000E+0
2.059781E+3	-1.002340E-4	1.273140E+4	0.000000E+0	0.000000E+0
2.063778E+3	-1.002320E-4	1.273130E+4	0.000000E+0	0.000000E+0
2.067778E+3	-1.002320E-4	1.273130E+4	0.000000E+0	0.000000E+0
2.071784E+3	-1.002320E-4	1.273120E+4	0.000000E+0	0.000000E+0
2.075776E+3	-1.002340E-4	1.273120E+4	0.000000E+0	0.000000E+0
2.079778E+3	-1.002310E-4	1.273120E+4	0.000000E+0	0.000000E+0
2.083779E+3	-1.002320E-4	1.273110E+4	0.000000E+0	0.000000E+0
2.087784E+3	-1.002310E-4	1.273100E+4	0.000000E+0	0.000000E+0
2.091777E+3	-1.002340E-4	1.273100E+4	0.000000E+0	0.000000E+0
2.095782E+3	-1.002310E-4	1.273100E+4	0.000000E+0	0.000000E+0
2.099777E+3	-1.002320E-4	1.273100E+4	0.000000E+0	0.000000E+0
2.103783E+3	-1.002300E-4	1.273090E+4	0.000000E+0	0.000000E+0
2.107777E+3	-1.002290E-4	1.273100E+4	0.000000E+0	0.000000E+0
2.111783E+3	-1.002280E-4	1.273090E+4	0.000000E+0	0.000000E+0
2.115780E+3	-1.002310E-4	1.273080E+4	0.000000E+0	0.000000E+0
2.119785E+3	-1.002280E-4	1.273080E+4	0.000000E+0	0.000000E+0
2.123778E+3	-1.002300E-4	1.273080E+4	0.000000E+0	0.000000E+0
2.127778E+3	-1.002300E-4	1.273070E+4	0.000000E+0	0.000000E+0
2.131778E+3	-1.002300E-4	1.273070E+4	0.000000E+0	0.000000E+0
2.135786E+3	-1.002300E-4	1.273060E+4	0.000000E+0	0.000000E+0
2.139778E+3	-1.002290E-4	1.273050E+4	0.000000E+0	0.000000E+0
2.143776E+3	-1.002280E-4	1.273050E+4	0.000000E+0	0.000000E+0
2.147776E+3	-1.002300E-4	1.273050E+4	0.000000E+0	0.000000E+0
2.151787E+3	-1.002300E-4	1.273050E+4	0.000000E+0	0.000000E+0
2.155776E+3	-1.002280E-4	1.273040E+4	0.000000E+0	0.000000E+0
2.159778E+3	-1.002280E-4	1.273030E+4	0.000000E+0	0.000000E+0
2.163777E+3	-1.002290E-4	1.273040E+4	0.000000E+0	0.000000E+0
2.167781E+3	-1.002280E-4	1.273030E+4	0.000000E+0	0.000000E+0
2.171777E+3	-1.002280E-4	1.273030E+4	0.000000E+0	0.000000E+0
2.175777E+3	-1.002280E-4	1.273030E+4	0.000000E+0	0.000000E+0
2.179776E+3	-1.002280E-4	1.273020E+4	0.000000E+0	0.000000E+0
2.183779E+3	-1.002290E-4	1.273020E+4	0.000000E+0	0.000000E+0
2.187775E+3	-1.002300E-4	1.273020E+4	0.000000E+0	0.000000E+0
2.191778E+3	-1.002280E-4	1.273020E+4	0.000000E+0	0.000000E+0
2.195777E+3	-1.002290E-4	1.273020E+4	0.000000E+0	0.000000E+0
2.199783E+3	-1.002270E-4	1.273010E+4	0.000000E+0	0.000000E+0
2.203777E+3	-1.002300E-4	1.273010E+4	0.000000E+0	0.000000E+0
2.207781E+3	-1.002290E-4	1.273010E+4	0.000000E+0	0.000000E+0
2.211778E+3	-1.002280E-4	1.272990E+4	0.000000E+0	0.000000E+0
2.215783E+3	-1.002290E-4	1.272990E+4	0.000000E+0	0.000000E+0
2.219775E+3	-1.002300E-4	1.272990E+4	0.000000E+0	0.000000E+0
2.223781E+3	-1.002270E-4	1.272980E+4	0.000000E+0	0.000000E+0
2.227775E+3	-1.002280E-4	1.272980E+4	0.000000E+0	0.000000E+0
2.231779E+3	-1.002270E-4	1.272970E+4	0.000000E+0	0.000000E+0
2.235776E+3	-1.002270E-4	1.272970E+4	0.000000E+0	0.000000E+0
2.239780E+3	-1.002280E-4	1.272970E+4	0.000000E+0	0.000000E+0
2.243778E+3	-1.002280E-4	1.272970E+4	0.000000E+0	0.000000E+0
2.247782E+3	-1.002270E-4	1.272960E+4	0.000000E+0	0.000000E+0
2.251776E+3	-1.002280E-4	1.272950E+4	0.000000E+0	0.000000E+0
2.255783E+3	-1.002270E-4	1.272930E+4	0.000000E+0	0.000000E+0
2.259776E+3	-1.002250E-4	1.272900E+4	0.000000E+0	0.000000E+0
2.263784E+3	-1.002260E-4	1.272890E+4	0.000000E+0	0.000000E+0
2.267776E+3	-1.002270E-4	1.272880E+4	0.000000E+0	0.000000E+0
2.271777E+3	-1.002250E-4	1.272890E+4	0.000000E+0	0.000000E+0
2.275774E+3	-1.002280E-4	1.272880E+4	0.000000E+0	0.000000E+0
2.279783E+3	-1.002270E-4	1.272880E+4	0.000000E+0	0.000000E+0
2.283777E+3	-1.002260E-4	1.272890E+4	0.000000E+0	0.000000E+0
2.287782E+3	-1.002240E-4	1.272880E+4	0.000000E+0	0.000000E+0
2.291775E+3	-1.002270E-4	1.272880E+4	0.000000E+0	0.000000E+0
2.295782E+3	-1.002250E-4	1.272890E+4	0.000000E+0	0.000000E+0
2.299778E+3	-1.002250E-4	1.272890E+4	0.000000E+0	0.000000E+0
2.303778E+3	-1.002270E-4	1.272880E+4	0.000000E+0	0.000000E+0
2.307778E+3	-1.002250E-4	1.272870E+4	0.000000E+0	0.000000E+0
2.311785E+3	-1.002270E-4	1.272880E+4	0.000000E+0	0.000000E+0
2.315776E+3	-1.002260E-4	1.272870E+4	0.000000E+0	0.000000E+0
2.319777E+3	-1.002250E-4	1.272870E+4	0.000000E+0	0.000000E+0
2.323775E+3	-1.002260E-4	1.272870E+4	0.000000E+0	0.000000E+0
2.327783E+3	-1.002260E-4	1.272860E+4	0.000000E+0	0.000000E+0
2.331776E+3	-1.002240E-4	1.272860E+4	0.000000E+0	0.000000E+0
2.335779E+3	-1.002250E-4	1.272860E+4	0.000000E+0	0.000000E+0
2.339776E+3	-1.002250E-4	1.272860E+4	0.000000E+0	0.000000E+0
2.343787E+3	-1.002260E-4	1.272860E+4	0.000000E+0	0.000000E+0
2.347776E+3	-1.002260E-4	1.272850E+4	0.000000E+0	0.000000E+0
2.351784E+3	-1.002250E-4	1.272850E+4	0.000000E+0	0.000000E+0
2.355777E+3	-1.002250E-4	1.272850E+4	0.000000E+0	0.000000E+0
2.359785E+3	-1.002230E-4	1.272840E+4	0.000000E+0	0.000000E+0
2.363776E+3	-1.002230E-4	1.272830E+4	0.000000E+0	0.000000E+0
2.367780E+3	-1.002250E-4	1.272820E+4	0.000000E+0	0.000000E+0
2.371780E+3	-1.002240E-4	1.272830E+4	0.000000E+0	0.000000E+0
2.375782E+3	-1.002230E-4	1.272820E+4	0.000000E+0	0.000000E+0
2.379777E+3	-1.002240E-4	1.272810E+4	0.000000E+0	0.000000E+0
2.383777E+3	-1.002240E-4	1.272810E+4	0.000000E+0	0.000000E+0
2.387775E+3	-1.002220E-4	1.272820E+4	0.000000E+0	0.000000E+0
2.391783E+3	-1.002240E-4	1.272810E+4	0.000000E+0	0.000000E+0
2.395777E+3	-1.002230E-4	1.272810E+4	0.000000E+0	0.000000E+0
2.399780E+3	-1.002220E-4	1.272800E+4	0.000000E+0	0.000000E+0
2.403775E+3	-1.002250E-4	1.272810E+4	0.000000E+0	0.000000E+0
2.407783E+3	-1.002200E-4	1.272800E+4	0.000000E+0	0.000000E+0
2.411775E+3	-1.002240E-4	1.272800E+4	0.000000E+0	0.000000E+0
2.415781E+3	-1.002220E-4	1.272800E+4	0.000000E+0	0.000000E+0
2.419779E+3	-1.002230E-4	1.272790E+4	0.000000E+0	0.000000E+0
2.423779E+3	-1.002210E-4	1.272800E+4	0.000000E+0	0.000000E+0
2.427776E+3	-1.002240E-4	1.272790E+4	0.000000E+0	0.000000E+0
2.431777E+3	-1.002230E-4	1.272780E+4	0.000000E+0	0.000000E+0
2.435776E+3	-1.002220E-4	1.272780E+4	0.000000E+0	0.000000E+0
2.439781E+3	-1.002220E-4	1.272770E+4	0.000000E+0	0.000000E+0
2.443776E+3	-1.002220E-4	1.272770E+4	0.000000E+0	0.000000E+0
2.447774E+3	-1.002240E-4	1.272770E+4	0.000000E+0	0.000000E+0
2.451772E+3	-1.002230E-4	1.272770E+4	0.000000E+0	0.000000E+0
2.455784E+3	-1.002220E-4	1.272770E+4	0.000000E+0	0.000000E+0
2.459777E+3	-1.002230E-4	1.272770E+4	0.000000E+0	0.000000E+0
2.463776E+3	-1.002230E-4	1.272770E+4	0.000000E+0	0.000000E+0
2.467777E+3	-1.002230E-4	1.272770E+4	0.000000E+0	0.000000E+0
2.471785E+3	-1.002220E-4	1.272760E+4	0.000000E+0	0.000000E+0
2.475775E+3	-1.002230E-4	1.272760E+4	0.000000E+0	0.000000E+0
2.479777E+3	-1.002220E-4	1.272750E+4	0.000000E+0	0.000000E+0
2.483778E+3	-1.002220E-4	1.272740E+4	0.000000E+0	0.000000E+0
2.487783E+3	-1.002210E-4	1.272740E+4	0.000000E+0	0.000000E+0
2.491775E+3	-1.002210E-4	1.272730E+4	0.000000E+0	0.000000E+0
2.495779E+3	-1.002220E-4	1.272730E+4	0.000000E+0	0.000000E+0
2.499780E+3	-1.002210E-4	1.272720E+4	0.000000E+0	0.000000E+0
2.503781E+3	-1.002210E-4	1.272710E+4	0.000000E+0	0.000000E+0
2.507778E+3	-1.002200E-4	1.272710E+4	0.000000E+0	0.000000E+0
2.511779E+3	-1.002220E-4	1.272720E+4	0.000000E+0	0.000000E+0
2.515778E+3	-1.002210E-4	1.272710E+4	0.000000E+0	0.000000E+0
2.519783E+3	-1.002220E-4	1.272710E+4	0.000000E+0	0.000000E+0
2.523778E+3	-1.002230E-4	1.272710E+4	0.000000E+0	0.000000E+0
2.527782E+3	-1.002210E-4	1.272700E+4	0.000000E+0	0.000000E+0
2.531779E+3	-1.002230E-4	1.272690E+4	0.000000E+0	0.000000E+0
2.535782E+3	-1.002210E-4	1.272690E+4	0.000000E+0	0.000000E+0
2.539776E+3	-1.002220E-4	1.272670E+4	0.000000E+0	0.000000E+0
2.543787E+3	-1.002210E-4	1.272670E+4	0.000000E+0	0.000000E+0
2.547772E+3	-1.002200E-4	1.272670E+4	0.000000E+0	0.000000E+0
2.551785E+3	-1.002210E-4	1.272660E+4	0.000000E+0	0.000000E+0
2.555776E+3	-1.002210E-4	1.272660E+4	0.000000E+0	0.000000E+0
2.559775E+3	-1.002200E-4	1.272660E+4	0.000000E+0	0.000000E+0
2.563774E+3	-1.002200E-4	1.272650E+4	0.000000E+0	0.000000E+0
2.567782E+3	-1.002190E-4	1.272640E+4	0.000000E+0	0.000000E+0
2.571777E+3	-1.002190E-4	1.272650E+4	0.000000E+0	0.000000E+0
2.575774E+3	-1.002190E-4	1.272640E+4	0.000000E+0	0.000000E+0
2.579775E+3	-1.002210E-4	1.272640E+4	0.000000E+0	0.000000E+0
2.583783E+3	-1.002210E-4	1.272630E+4	0.000000E+0	0.000000E+0
2.587778E+3	-1.002220E-4	1.272630E+4	0.000000E+0	0.000000E+0
2.591775E+3	-1.002200E-4	1.272630E+4	0.000000E+0	0.000000E+0
2.595775E+3	-1.002210E-4	1.272620E+4	0.000000E+0	0.000000E+0
2.599783E+3	-1.002200E-4	1.272620E+4	0.000000E+0	0.000000E+0
2.603778E+3	-1.002210E-4	1.272610E+4	0.000000E+0	0.000000E+0
2.607779E+3	-1.002190E-4	1.272600E+4	0.000000E+0	0.000000E+0
2.611779E+3	-1.002200E-4	1.272590E+4	0.000000E+0	0.000000E+0
2.615778E+3	-1.002210E-4	1.272580E+4	0.000000E+0	0.000000E+0
2.619776E+3	-1.002190E-4	1.272580E+4	0.000000E+0	0.000000E+0
2.623779E+3	-1.002190E-4	1.272570E+4	0.000000E+0	0.000000E+0
2.627776E+3	-1.002200E-4	1.272570E+4	0.000000E+0	0.000000E+0
2.631779E+3	-1.002190E-4	1.272570E+4	0.000000E+0	0.000000E+0
2.635777E+3	-1.002200E-4	1.272560E+4	0.000000E+0	0.000000E+0
2.639778E+3	-1.002180E-4	1.272540E+4	0.000000E+0	0.000000E+0
2.643772E+3	-1.002190E-4	1.272540E+4	0.000000E+0	0.000000E+0
2.647779E+3	-1.002200E-4	1.272530E+4	0.000000E+0	0.000000E+0
2.651776E+3	-1.002200E-4	1.272530E+4	0.000000E+0	0.000000E+0
2.655779E+3	-1.002190E-4	1.272530E+4	0.000000E+0	0.000000E+0
2.659780E+3	-1.002190E-4	1.272520E+4	0.000000E+0	0.000000E+0
2.663782E+3	-1.002190E-4	1.272520E+4	0.000000E+0	0.000000E+0
2.667777E+3	-1.002180E-4	1.272510E+4	0.000000E+0	0.000000E+0
2.671779E+3	-1.002180E-4	1.272500E+4	0.000000E+0	0.000000E+0
2.675777E+3	-1.002160E-4	1.272500E+4	0.000000E+0	0.000000E+0
2.679778E+3	-1.002180E-4	1.272490E+4	0.000000E+0	0.000000E+0
2.683773E+3	-1.002190E-4	1.272490E+4	0.000000E+0	0.000000E+0
2.687781E+3	-1.002160E-4	1.272480E+4	0.000000E+0	0.000000E+0
2.691776E+3	-1.002180E-4	1.272480E+4	0.000000E+0	0.000000E+0
2.695783E+3	-1.002180E-4	1.272470E+4	0.000000E+0	0.000000E+0
2.699776E+3	-1.002160E-4	1.272470E+4	0.000000E+0	0.000000E+0
2.703776E+3	-1.002170E-4	1.272470E+4	0.000000E+0	0.000000E+0
2.707775E+3	-1.002170E-4	1.272450E+4	0.000000E+0	0.000000E+0
2.711783E+3	-1.002160E-4	1.272450E+4	0.000000E+0	0.000000E+0
2.715776E+3	-1.002170E-4	1.272450E+4	0.000000E+0	0.000000E+0
2.719776E+3	-1.002170E-4	1.272450E+4	0.000000E+0	0.000000E+0
2.723777E+3	-1.002170E-4	1.272450E+4	0.000000E+0	0.000000E+0
2.727779E+3	-1.002190E-4	1.272440E+4	0.000000E+0	0.000000E+0
2.731779E+3	-1.002170E-4	1.272430E+4	0.000000E+0	0.000000E+0
2.735784E+3	-1.002170E-4	1.272440E+4	0.000000E+0	0.000000E+0
2.739777E+3	-1.002170E-4	1.272430E+4	0.000000E+0	0.000000E+0
2.743779E+3	-1.002180E-4	1.272430E+4	0.000000E+0	0.000000E+0
2.747777E+3	-1.002190E-4	1.272420E+4	0.000000E+0	0.000000E+0
2.751782E+3	-1.002170E-4	1.272420E+4	0.000000E+0	0.000000E+0
2.755780E+3	-1.002150E-4	1.272420E+4	0.000000E+0	0.000000E+0
2.759782E+3	-1.002160E-4	1.272410E+4	0.000000E+0	0.000000E+0
2.763778E+3	-1.002170E-4	1.272410E+4	0.000000E+0	0.000000E+0
2.767785E+3	-1.002160E-4	1.272410E+4	0.000000E+0	0.000000E+0
2.771778E+3	-1.002170E-4	1.272400E+4	0.000000E+0	0.000000E+0
2.775781E+3	-1.002150E-4	1.272390E+4	0.000000E+0	0.000000E+0
2.779776E+3	-1.002180E-4	1.272380E+4	0.000000E+0	0.000000E+0
2.783777E+3	-1.002150E-4	1.272380E+4	0.000000E+0	0.000000E+0
2.787775E+3	-1.002150E-4	1.272380E+4	0.000000E+0	0.000000E+0
2.791781E+3	-1.002160E-4	1.272370E+4	0.000000E+0	0.000000E+0
2.795776E+3	-1.002180E-4	1.272360E+4	0.000000E+0	0.000000E+0
2.799781E+3	-1.002160E-4	1.272360E+4	0.000000E+0	0.000000E+0
2.803776E+3	-1.002160E-4	1.272350E+4	0.000000E+0	0.000000E+0
2.807782E+3	-1.002170E-4	1.272350E+4	0.000000E+0	0.000000E+0
2.811778E+3	-1.002150E-4	1.272340E+4	0.000000E+0	0.000000E+0
2.815784E+3	-1.002140E-4	1.272350E+4	0.000000E+0	0.000000E+0
2.819776E+3	-1.002160E-4	1.272330E+4	0.000000E+0	0.000000E+0
2.823782E+3	-1.002140E-4	1.272330E+4	0.000000E+0	0.000000E+0
2.827774E+3	-1.002150E-4	1.272340E+4	0.000000E+0	0.000000E+0
2.831782E+3	-1.002160E-4	1.272330E+4	0.000000E+0	0.000000E+0
2.835777E+3	-1.002170E-4	1.272320E+4	0.000000E+0	0.000000E+0
2.839782E+3	-1.002130E-4	1.272310E+4	0.000000E+0	0.000000E+0
2.843777E+3	-1.002150E-4	1.272310E+4	0.000000E+0	0.000000E+0
2.847781E+3	-1.002150E-4	1.272300E+4	0.000000E+0	0.000000E+0
2.851774E+3	-1.002140E-4	1.272300E+4	0.000000E+0	0.000000E+0
2.855778E+3	-1.002150E-4	1.272290E+4	0.000000E+0	0.000000E+0
2.859775E+3	-1.002130E-4	1.272290E+4	0.000000E+0	0.000000E+0
2.863775E+3	-1.002150E-4	1.272290E+4	0.000000E+0	0.000000E+0
2.867773E+3	-1.002130E-4	1.272280E+4	0.000000E+0	0.000000E+0
2.871780E+3	-1.002130E-4	1.272270E+4	0.000000E+0	0.000000E+0
2.875775E+3	-1.002120E-4	1.272270E+4	0.000000E+0	0.000000E+0
2.879777E+3	-1.002150E-4	1.272270E+4	0.000000E+0	0.000000E+0
2.883775E+3	-1.002140E-4	1.272260E+4	0.000000E+0	0.000000E+0
2.887778E+3	-1.002130E-4	1.272260E+4	0.000000E+0	0.000000E+0
2.891773E+3	-1.002120E-4	1.272250E+4	0.000000E+0	0.000000E+0
2.895777E+3	-1.002120E-4	1.272240E+4	0.000000E+0	0.000000E+0
2.899776E+3	-1.002120E-4	1.272230E+4	0.000000E+0	0.000000E+0
2.903776E+3	-1.002140E-4	1.272230E+4	0.000000E+0	0.000000E+0
2.907774E+3	-1.002130E-4	1.272220E+4	0.000000E+0	0.000000E+0
2.911777E+3	-1.002130E-4	1.272220E+4	0.000000E+0	0.000000E+0
2.915774E+3	-1.002150E-4	1.272220E+4	0.000000E+0	0.000000E+0
2.919776E+3	-1.002120E-4	1.272210E+4	0.000000E+0	0.000000E+0
2.923774E+3	-1.002130E-4	1.272210E+4	0.000000E+0	0.000000E+0
2.927780E+3	-1.002120E-4	1.272200E+4	0.000000E+0	0.000000E+0
2.931777E+3	-1.002130E-4	1.272200E+4	0.000000E+0	0.000000E+0
2.935782E+3	-1.002120E-4	1.272190E+4	0.000000E+0	0.000000E+0
2.939775E+3	-1.002120E-4	1.272180E+4	0.000000E+0	0.000000E+0
2.943782E+3	-1.002130E-4	1.272170E+4	0.000000E+0	0.000000E+0
2.947778E+3	-1.002130E-4	1.272170E+4	0.000000E+0	0.000000E+0
2.951779E+3	-1.002130E-4	1.272160E+4	0.000000E+0	0.000000E+0
2.955777E+3	-1.002140E-4	1.272140E+4	0.000000E+0	0.000000E+0
2.959783E+3	-1.002120E-4	1.272120E+4	0.000000E+0	0.000000E+0
2.963777E+3	-1.002110E-4	1.272120E+4	0.000000E+0	0.000000E+0
2.967778E+3	-1.002110E-4	1.272120E+4	0.000000E+0	0.000000E+0
2.971777E+3	-1.002120E-4	1.272110E+4	0.000000E+0	0.000000E+0
2.975783E+3	-1.002110E-4	1.272100E+4	0.000000E+0	0.000000E+0
2.979776E+3	-1.002120E-4	1.272100E+4	0.000000E+0	0.000000E+0
2.983783E+3	-1.002120E-4	1.272100E+4	0.000000E+0	0.000000E+0
2.987776E+3	-1.002130E-4	1.272100E+4	0.000000E+0	0.000000E+0
2.991779E+3	-1.002110E-4	1.272100E+4	0.000000E+0	0.000000E+0
2.995778E+3	-1.002120E-4	1.272090E+4	0.000000E+0	0.000000E+0
2.999786E+3	-1.002120E-4	1.272080E+4	0.000000E+0	0.000000E+0
3.003776E+3	-1.002120E-4	1.272080E+4	0.000000E+0	0.000000E+0
3.007780E+3	-1.002090E-4	1.272080E+4	0.000000E+0	0.000000E+0
3.011779E+3	-1.002120E-4	1.272070E+4	0.000000E+0	0.000000E+0
3.015779E+3	-1.002120E-4	1.272070E+4	0.000000E+0	0.000000E+0
3.019776E+3	-1.002130E-4	1.272070E+4	0.000000E+0	0.000000E+0
3.023784E+3	-1.002120E-4	1.272060E+4	0.000000E+0	0.000000E+0
3.027779E+3	-1.002130E-4	1.272070E+4	0.000000E+0	0.000000E+0
3.031782E+3	-1.002110E-4	1.272050E+4	0.000000E+0	0.000000E+0
3.035779E+3	-1.002080E-4	1.272040E+4	0.000000E+0	0.000000E+0
3.039779E+3	-1.002090E-4	1.272050E+4	0.000000E+0	0.000000E+0
3.043775E+3	-1.002090E-4	1.272030E+4	0.000000E+0	0.000000E+0
3.047778E+3	-1.002070E-4	1.272030E+4	0.000000E+0	0.000000E+0
3.051775E+3	-1.002060E-4	1.272030E+4	0.000000E+0	0.000000E+0
3.055778E+3	-1.002060E-4	1.272020E+4	0.000000E+0	0.000000E+0
3.059776E+3	-1.002070E-4	1.272020E+4	0.000000E+0	0.000000E+0
3.063781E+3	-1.002050E-4	1.272000E+4	0.000000E+0	0.000000E+0
3.067778E+3	-1.002070E-4	1.271990E+4	0.000000E+0	0.000000E+0
3.071777E+3	-1.002070E-4	1.271970E+4	0.000000E+0	0.000000E+0
3.075778E+3	-1.002070E-4	1.271960E+4	0.000000E+0	0.000000E+0
3.079778E+3	-1.002050E-4	1.271960E+4	0.000000E+0	0.000000E+0
3.083774E+3	-1.002060E-4	1.271960E+4	0.000000E+0	0.000000E+0
3.087776E+3	-1.002050E-4	1.271940E+4	0.000000E+0	0.000000E+0
3.091776E+3	-1.002050E-4	1.271950E+4	0.000000E+0	0.000000E+0
3.095776E+3	-1.002050E-4	1.271930E+4	0.000000E+0	0.000000E+0
3.099774E+3	-1.002060E-4	1.271930E+4	0.000000E+0	0.000000E+0
3.103781E+3	-1.002070E-4	1.271930E+4	0.000000E+0	0.000000E+0
3.107776E+3	-1.002060E-4	1.271920E+4	0.000000E+0	0.000000E+0
3.111777E+3	-1.002060E-4	1.271920E+4	0.000000E+0	0.000000E+0
3.115774E+3	-1.002060E-4	1.271910E+4	0.000000E+0	0.000000E+0
3.119785E+3	-1.002040E-4	1.271900E+4	0.000000E+0	0.000000E+0
3.123779E+3	-1.002070E-4	1.271880E+4	0.000000E+0	0.000000E+0
3.127777E+3	-1.002060E-4	1.271880E+4	0.000000E+0	0.000000E+0
3.131775E+3	-1.002070E-4	1.271860E+4	0.000000E+0	0.000000E+0
3.135776E+3	-1.002030E-4	1.271850E+4	0.000000E+0	0.000000E+0
3.139777E+3	-1.002060E-4	1.271840E+4	0.000000E+0	0.000000E+0
3.143777E+3	-1.002060E-4	1.271840E+4	0.000000E+0	0.000000E+0
3.147775E+3	-1.002050E-4	1.271840E+4	0.000000E+0	0.000000E+0
3.151781E+3	-1.002060E-4	1.271840E+4	0.000000E+0	0.000000E+0
3.155777E+3	-1.002050E-4	1.271840E+4	0.000000E+0	0.000000E+0
3.159783E+3	-1.002050E-4	1.271840E+4	0.000000E+0	0.000000E+0
3.163776E+3	-1.002040E-4	1.271830E+4	0.000000E+0	0.000000E+0
3.167776E+3	-1.002060E-4	1.271820E+4	0.000000E+0	0.000000E+0
3.171775E+3	-1.002050E-4	1.271820E+4	0.000000E+0	0.000000E+0
3.175778E+3	-1.002040E-4	1.271810E+4	0.000000E+0	0.000000E+0
3.179774E+3	-1.002060E-4	1.271810E+4	0.000000E+0	0.000000E+0
3.183775E+3	-1.002060E-4	1.271800E+4	0.000000E+0	0.000000E+0
3.187776E+3	-1.002050E-4	1.271810E+4	0.000000E+0	0.000000E+0
3.191776E+3	-1.002050E-4	1.271800E+4	0.000000E+0	0.000000E+0
3.195774E+3	-1.002040E-4	1.271780E+4	0.000000E+0	0.000000E+0
3.199782E+3	-1.002050E-4	1.271780E+4	0.000000E+0	0.000000E+0
3.203777E+3	-1.002040E-4	1.271780E+4	0.000000E+0	0.000000E+0
3.207776E+3	-1.002040E-4	1.271780E+4	0.000000E+0	0.000000E+0
3.211777E+3	-1.002040E-4	1.271770E+4	0.000000E+0	0.000000E+0
3.215776E+3	-1.002030E-4	1.271780E+4	0.000000E+0	0.000000E+0
3.219774E+3	-1.002040E-4	1.271760E+4	0.000000E+0	0.000000E+0
3.223777E+3	-1.002040E-4	1.271730E+4	0.000000E+0	0.000000E+0
3.227774E+3	-1.002030E-4	1.271710E+4	0.000000E+0	0.000000E+0
3.231778E+3	-1.002040E-4	1.271680E+4	0.000000E+0	0.000000E+0
3.235777E+3	-1.002030E-4	1.271670E+4	0.000000E+0	0.000000E+0
3.239783E+3	-1.002070E-4	1.271660E+4	0.000000E+0	0.000000E+0
3.243777E+3	-1.002030E-4	1.271660E+4	0.000000E+0	0.000000E+0
3.247781E+3	-1.002020E-4	1.271660E+4	0.000000E+0	0.000000E+0
3.251775E+3	-1.002050E-4	1.271660E+4	0.000000E+0	0.000000E+0
3.255781E+3	-1.002050E-4	1.271670E+4	0.000000E+0	0.000000E+0
3.259776E+3	-1.002040E-4	1.271670E+4	0.000000E+0	0.000000E+0
3.263781E+3	-1.002050E-4	1.271670E+4	0.000000E+0	0.000000E+0
3.267776E+3	-1.002050E-4	1.271660E+4	0.000000E+0	0.000000E+0
3.271783E+3	-1.002030E-4	1.271660E+4	0.000000E+0	0.000000E+0
3.275776E+3	-1.002060E-4	1.271650E+4	0.000000E+0	0.000000E+0
3.279775E+3	-1.002040E-4	1.271650E+4	0.000000E+0	0.000000E+0
3.283776E+3	-1.002060E-4	1.271660E+4	0.000000E+0	0.000000E+0
3.287781E+3	-1.002050E-4	1.271650E+4	0.000000E+0	0.000000E+0
3.291776E+3	-1.002020E-4	1.271650E+4	0.000000E+0	0.000000E+0
3.295779E+3	-1.002030E-4	1.271630E+4	0.000000E+0	0.000000E+0
3.299774E+3	-1.002030E-4	1.271630E+4	0.000000E+0	0.000000E+0
3.303779E+3	-1.002030E-4	1.271630E+4	0.000000E+0	0.000000E+0
3.307774E+3	-1.002030E-4	1.271640E+4	0.000000E+0	0.000000E+0
3.311776E+3	-1.002030E-4	1.271630E+4	0.000000E+0	0.000000E+0
3.315774E+3	-1.002030E-4	1.271630E+4	0.000000E+0	0.000000E+0
3.319778E+3	-1.002030E-4	1.271620E+4	0.000000E+0	0.000000E+0
3.323775E+3	-1.002030E-4	1.271610E+4	0.000000E+0	0.000000E+0
3.327778E+3	-1.002030E-4	1.271600E+4	0.000000E+0	0.000000E+0
3.331775E+3	-1.002030E-4	1.271600E+4	0.000000E+0	0.000000E+0
3.335777E+3	-1.002050E-4	1.271590E+4	0.000000E+0	0.000000E+0
3.339775E+3	-1.002030E-4	1.271580E+4	0.000000E+0	0.000000E+0
3.343778E+3	-1.002010E-4	1.271580E+4	0.000000E+0	0.000000E+0
3.347775E+3	-1.002030E-4	1.271560E+4	0.000000E+0	0.000000E+0
3.351776E+3	-1.002020E-4	1.271560E+4	0.000000E+0	0.000000E+0
3.355773E+3	-1.002000E-4	1.271550E+4	0.000000E+0	0.000000E+0
3.359773E+3	-1.002000E-4	1.271550E+4	0.000000E+0	0.000000E+0
3.363775E+3	-1.002010E-4	1.271540E+4	0.000000E+0	0.000000E+0
3.367776E+3	-1.002010E-4	1.271530E+4	0.000000E+0	0.000000E+0
3.371773E+3	-1.002010E-4	1.271530E+4	0.000000E+0	0.000000E+0
3.375779E+3	-1.002000E-4	1.271530E+4	0.000000E+0	0.000000E+0
3.379776E+3	-1.002000E-4	1.271520E+4	0.000000E+0	0.000000E+0
3.383781E+3	-1.002000E-4	1.271490E+4	0.000000E+0	0.000000E+0
3.387777E+3	-1.002010E-4	1.271490E+4	0.000000E+0	0.000000E+0
3.391778E+3	-1.002000E-4	1.271480E+4	0.000000E+0	0.000000E+0
3.395777E+3	-1.002010E-4	1.271470E+4	0.000000E+0	0.000000E+0
3.399777E+3	-1.002010E-4	1.271490E+4	0.000000E+0	0.000000E+0
3.403775E+3	-1.002000E-4	1.271480E+4	0.000000E+0	0.000000E+0
3.407782E+3	-1.001990E-4	1.271470E+4	0.000000E+0	0.000000E+0
3.411777E+3	-1.002010E-4	1.271480E+4	0.000000E+0	0.000000E+0
3.415782E+3	-1.001990E-4	1.271460E+4	0.000000E+0	0.000000E+0
3.419777E+3	-1.002010E-4	1.271460E+4	0.000000E+0	0.000000E+0
3.423783E+3	-1.002000E-4	1.271460E+4	0.000000E+0	0.000000E+0
3.427778E+3	-1.002000E-4	1.271450E+4	0.000000E+0	0.000000E+0
3.431782E+3	-1.001980E-4	1.271440E+4	0.000000E+0	0.000000E+0
3.435779E+3	-1.001990E-4	1.271430E+4	0.000000E+0	0.000000E+0
3.439781E+3	-1.001990E-4	1.271440E+4	0.000000E+0	0.000000E+0
3.443776E+3	-1.002010E-4	1.271430E+4	0.000000E+0	0.000000E+0
3.447781E+3	-1.001980E-4	1.271420E+4	0.000000E+0	0.000000E+0
3.451776E+3	-1.001990E-4	1.271420E+4	0.000000E+0	0.000000E+0
3.455781E+3	-1.002000E-4	1.271410E+4	0.000000E+0	0.000000E+0
3.459778E+3	-1.002000E-4	1.271410E+4	0.000000E+0	0.000000E+0
3.463778E+3	-1.001970E-4	1.271400E+4	0.000000E+0	0.000000E+0
3.467776E+3	-1.001980E-4	1.271390E+4	0.000000E+0	0.000000E+0
3.471775E+3	-1.001990E-4	1.271390E+4	0.000000E+0	0.000000E+0
3.475776E+3	-1.001980E-4	1.271380E+4	0.000000E+0	0.000000E+0
3.479781E+3	-1.001990E-4	1.271370E+4	0.000000E+0	0.000000E+0
3.483776E+3	-1.001990E-4	1.271360E+4	0.000000E+0	0.000000E+0
3.487780E+3	-1.001980E-4	1.271360E+4	0.000000E+0	0.000000E+0
3.491777E+3	-1.001980E-4	1.271360E+4	0.000000E+0	0.000000E+0
3.495777E+3	-1.001990E-4	1.271350E+4	0.000000E+0	0.000000E+0
3.499775E+3	-1.002000E-4	1.271350E+4	0.000000E+0	0.000000E+0
3.503775E+3	-1.001980E-4	1.271340E+4	0.000000E+0	0.000000E+0
3.507772E+3	-1.002000E-4	1.271330E+4	0.000000E+0	0.000000E+0
3.511780E+3	-1.001990E-4	1.271320E+4	0.000000E+0	0.000000E+0
3.515777E+3	-1.001980E-4	1.271310E+4	0.000000E+0	0.000000E+0
3.519777E+3	-1.001970E-4	1.271320E+4	0.000000E+0	0.000000E+0
3.523775E+3	-1.002000E-4	1.271310E+4	0.000000E+0	0.000000E+0
3.527775E+3	-1.001970E-4	1.271300E+4	0.000000E+0	0.000000E+0
3.531773E+3	-1.001960E-4	1.271300E+4	0.000000E+0	0.000000E+0
3.535781E+3	-1.001970E-4	1.271290E+4	0.000000E+0	0.000000E+0
3.539775E+3	-1.001990E-4	1.271280E+4	0.000000E+0	0.000000E+0
3.543776E+3	-1.001970E-4	1.271280E+4	0.000000E+0	0.000000E+0
3.547773E+3	-1.001970E-4	1.271270E+4	0.000000E+0	0.000000E+0
3.551783E+3	-1.001980E-4	1.271260E+4	0.000000E+0	0.000000E+0
3.555776E+3	-1.001990E-4	1.271260E+4	0.000000E+0	0.000000E+0
3.559781E+3	-1.002000E-4	1.271250E+4	0.000000E+0	0.000000E+0
3.563776E+3	-1.001980E-4	1.271250E+4	0.000000E+0	0.000000E+0
3.567784E+3	-1.001970E-4	1.271250E+4	0.000000E+0	0.000000E+0
3.571776E+3	-1.001970E-4	1.271250E+4	0.000000E+0	0.000000E+0
3.575779E+3	-1.001980E-4	1.271240E+4	0.000000E+0	0.000000E+0
3.579776E+3	-1.001980E-4	1.271220E+4	0.000000E+0	0.000000E+0
3.583784E+3	-1.001970E-4	1.271200E+4	0.000000E+0	0.000000E+0
3.587776E+3	-1.001970E-4	1.271210E+4	0.000000E+0	0.000000E+0
3.591777E+3	-1.001970E-4	1.271200E+4	0.000000E+0	0.000000E+0
3.595774E+3	-1.001980E-4	1.271190E+4	0.000000E+0	0.000000E+0
3.599775E+3	-1.001980E-4	1.271180E+4	0.000000E+0	0.000000E+0
3.603774E+3	-1.001970E-4	1.271170E+4	0.000000E+0	0.000000E+0
3.607775E+3	-1.001970E-4	1.271170E+4	0.000000E+0	0.000000E+0
3.611774E+3	-1.001960E-4	1.271160E+4	0.000000E+0	0.000000E+0
3.615776E+3	-1.001960E-4	1.271140E+4	0.000000E+0	0.000000E+0
3.619773E+3	-1.001980E-4	1.271140E+4	0.000000E+0	0.000000E+0
3.623778E+3	-1.001960E-4	1.271140E+4	0.000000E+0	0.000000E+0
3.627778E+3	-1.001950E-4	1.271130E+4	0.000000E+0	0.000000E+0
3.631779E+3	-1.001950E-4	1.271120E+4	0.000000E+0	0.000000E+0
3.635775E+3	-1.001950E-4	1.271120E+4	0.000000E+0	0.000000E+0
3.639776E+3	-1.001960E-4	1.271120E+4	0.000000E+0	0.000000E+0
3.643775E+3	-1.001970E-4	1.271110E+4	0.000000E+0	0.000000E+0
3.647783E+3	-1.001930E-4	1.271110E+4	0.000000E+0	0.000000E+0
3.651778E+3	-1.001940E-4	1.271090E+4	0.000000E+0	0.000000E+0
3.655779E+3	-1.001960E-4	1.271110E+4	0.000000E+0	0.000000E+0
3.659774E+3	-1.001950E-4	1.271120E+4	0.000000E+0	0.000000E+0
3.663776E+3	-1.001950E-4	1.271090E+4	0.000000E+0	0.000000E+0
3.667776E+3	-1.001970E-4	1.271080E+4	0.000000E+0	0.000000E+0
3.671776E+3	-1.001960E-4	1.271080E+4	0.000000E+0	0.000000E+0
3.675774E+3	-1.001960E-4	1.271080E+4	0.000000E+0	0.000000E+0
3.679777E+3	-1.001950E-4	1.271070E+4	0.000000E+0	0.000000E+0
3.683774E+3	-1.001960E-4	1.271040E+4	0.000000E+0	0.000000E+0
3.687780E+3	-1.001960E-4	1.271040E+4	0.000000E+0	0.000000E+0
3.691774E+3	-1.001960E-4	1.271020E+4	0.000000E+0	0.000000E+0
3.695780E+3	-1.001990E-4	1.271020E+4	0.000000E+0	0.000000E+0
3.699772E+3	-1.001960E-4	1.271020E+4	0.000000E+0	0.000000E+0
3.703778E+3	-1.001950E-4	1.271010E+4	0.000000E+0	0.000000E+0
3.707777E+3	-1.001940E-4	1.271000E+4	0.000000E+0	0.000000E+0
3.711778E+3	-1.001930E-4	1.270990E+4	0.000000E+0	0.000000E+0
3.715777E+3	-1.001940E-4	1.270980E+4	0.000000E+0	0.000000E+0
3.719783E+3	-1.001940E-4	1.270960E+4	0.000000E+0	0.000000E+0
3.723775E+3	-1.001960E-4	1.270940E+4	0.000000E+0	0.000000E+0
3.727786E+3	-1.001940E-4	1.270950E+4	0.000000E+0	0.000000E+0
3.731773E+3	-1.001960E-4	1.270950E+4	0.000000E+0	0.000000E+0
3.735784E+3	-1.001940E-4	1.270940E+4	0.000000E+0	0.000000E+0
3.739778E+3	-1.001920E-4	1.270940E+4	0.000000E+0	0.000000E+0
3.743783E+3	-1.001930E-4	1.270930E+4	0.000000E+0	0.000000E+0
3.747776E+3	-1.001940E-4	1.270940E+4	0.000000E+0	0.000000E+0
3.751779E+3	-1.001950E-4	1.270930E+4	0.000000E+0	0.000000E+0
3.755774E+3	-1.001940E-4	1.270920E+4	0.000000E+0	0.000000E+0
3.759775E+3	-1.001950E-4	1.270920E+4	0.000000E+0	0.000000E+0
3.763773E+3	-1.001960E-4	1.270930E+4	0.000000E+0	0.000000E+0
3.767779E+3	-1.001950E-4	1.270920E+4	0.000000E+0	0.000000E+0
3.771776E+3	-1.001930E-4	1.270910E+4	0.000000E+0	0.000000E+0
3.775777E+3	-1.001930E-4	1.270900E+4	0.000000E+0	0.000000E+0
3.779774E+3	-1.001930E-4	1.270890E+4	0.000000E+0	0.000000E+0
3.783777E+3	-1.001940E-4	1.270890E+4	0.000000E+0	0.000000E+0
3.787774E+3	-1.001920E-4	1.270880E+4	0.000000E+0	0.000000E+0
3.791775E+3	-1.001940E-4	1.270880E+4	0.000000E+0	0.000000E+0
3.795777E+3	-1.001920E-4	1.270870E+4	0.000000E+0	0.000000E+0
3.799778E+3	-1.001930E-4	1.270870E+4	0.000000E+0	0.000000E+0
3.803775E+3	-1.001940E-4	1.270860E+4	0.000000E+0	0.000000E+0
3.807781E+3	-1.001940E-4	1.270860E+4	0.000000E+0	0.000000E+0
3.811778E+3	-1.001950E-4	1.270850E+4	0.000000E+0	0.000000E+0
3.815778E+3	-1.001950E-4	1.270860E+4	0.000000E+0	0.000000E+0
3.819776E+3	-1.001940E-4	1.270850E+4	0.000000E+0	0.000000E+0
3.823779E+3	-1.001940E-4	1.270840E+4	0.000000E+0	0.000000E+0
3.827776E+3	-1.001920E-4	1.270840E+4	0.000000E+0	0.000000E+0
3.831783E+3	-1.001920E-4	1.270840E+4	0.000000E+0	0.000000E+0
3.835776E+3	-1.001940E-4	1.270830E+4	0.000000E+0	0.000000E+0
3.839779E+3	-1.001920E-4	1.270830E+4	0.000000E+0	0.000000E+0
3.843776E+3	-1.001920E-4	1.270840E+4	0.000000E+0	0.000000E+0
3.847781E+3	-1.001910E-4	1.270830E+4	0.000000E+0	0.000000E+0
3.851778E+3	-1.001930E-4	1.270820E+4	0.000000E+0	0.000000E+0
3.855784E+3	-1.001920E-4	1.270810E+4	0.000000E+0	0.000000E+0
3.859777E+3	-1.001920E-4	1.270790E+4	0.000000E+0	0.000000E+0
3.863777E+3	-1.001920E-4	1.270810E+4	0.000000E+0	0.000000E+0
3.867777E+3	-1.001940E-4	1.270800E+4	0.000000E+0	0.000000E+0
3.871780E+3	-1.001930E-4	1.270790E+4	0.000000E+0	0.000000E+0
3.875779E+3	-1.001930E-4	1.270790E+4	0.000000E+0	0.000000E+0
3.879782E+3	-1.001930E-4	1.270790E+4	0.000000E+0	0.000000E+0
3.883777E+3	-1.001940E-4	1.270780E+4	0.000000E+0	0.000000E+0
3.887776E+3	-1.001920E-4	1.270780E+4	0.000000E+0	0.000000E+0
3.891774E+3	-1.001920E-4	1.270780E+4	0.000000E+0	0.000000E+0
3.895780E+3	-1.001930E-4	1.270770E+4	0.000000E+0	0.000000E+0
3.899775E+3	-1.001920E-4	1.270760E+4	0.000000E+0	0.000000E+0
3.903779E+3	-1.001930E-4	1.270760E+4	0.000000E+0	0.000000E+0
3.907775E+3	-1.001920E-4	1.270740E+4	0.000000E+0	0.000000E+0
3.911781E+3	-1.001910E-4	1.270740E+4	0.000000E+0	0.000000E+0
3.915775E+3	-1.001910E-4	1.270740E+4	0.000000E+0	0.000000E+0
3.919778E+3	-1.001920E-4	1.270730E+4	0.000000E+0	0.000000E+0
3.923775E+3	-1.001950E-4	1.270720E+4	0.000000E+0	0.000000E+0
3.927778E+3	-1.001970E-4	1.270710E+4	0.000000E+0	0.000000E+0
3.931775E+3	-1.001930E-4	1.270710E+4	0.000000E+0	0.000000E+0
3.935779E+3	-1.001910E-4	1.270700E+4	0.000000E+0	0.000000E+0
3.939773E+3	-1.001990E-4	1.270690E+4	0.000000E+0	0.000000E+0
3.943779E+3	-1.001930E-4	1.270690E+4	0.000000E+0	0.000000E+0
3.947774E+3	-1.001950E-4	1.270680E+4	0.000000E+0	0.000000E+0
3.951778E+3	-1.001960E-4	1.270670E+4	0.000000E+0	0.000000E+0
3.955774E+3	-1.001950E-4	1.270670E+4	0.000000E+0	0.000000E+0
3.959776E+3	-1.001980E-4	1.270660E+4	0.000000E+0	0.000000E+0
3.963776E+3	-1.001970E-4	1.270650E+4	0.000000E+0	0.000000E+0
3.967779E+3	-1.001950E-4	1.270640E+4	0.000000E+0	0.000000E+0
3.971777E+3	-1.001910E-4	1.270630E+4	0.000000E+0	0.000000E+0
3.975780E+3	-1.001980E-4	1.270630E+4	0.000000E+0	0.000000E+0
3.979775E+3	-1.001910E-4	1.270620E+4	0.000000E+0	0.000000E+0
3.983781E+3	-1.001910E-4	1.270610E+4	0.000000E+0	0.000000E+0
3.987777E+3	-1.001890E-4	1.270610E+4	0.000000E+0	0.000000E+0
3.991778E+3	-1.001910E-4	1.270590E+4	0.000000E+0	0.000000E+0
3.995773E+3	-1.001900E-4	1.270590E+4	0.000000E+0	0.000000E+0
3.999785E+3	-1.001910E-4	1.270580E+4	0.000000E+0	0.000000E+0
4.003773E+3	-1.001910E-4	1.270570E+4	0.000000E+0	0.000000E+0
4.007778E+3	-1.001900E-4	1.270560E+4	0.000000E+0	0.000000E+0
4.011772E+3	-1.001910E-4	1.270550E+4	0.000000E+0	0.000000E+0
4.015780E+3	-1.001880E-4	1.270550E+4	0.000000E+0	0.000000E+0
4.019775E+3	-1.001900E-4	1.270540E+4	0.000000E+0	0.000000E+0
4.023778E+3	-1.001900E-4	1.270530E+4	0.000000E+0	0.000000E+0
4.027776E+3	-1.001890E-4	1.270510E+4	0.000000E+0	0.000000E+0
4.031779E+3	-1.001880E-4	1.270500E+4	0.000000E+0	0.000000E+0
4.035776E+3	-1.001920E-4	1.270480E+4	0.000000E+0	0.000000E+0
4.039777E+3	-1.001910E-4	1.270480E+4	0.000000E+0	0.000000E+0
4.043773E+3	-1.001900E-4	1.270480E+4	0.000000E+0	0.000000E+0
4.047784E+3	-1.001890E-4	1.270470E+4	0.000000E+0	0.000000E+0
4.051774E+3	-1.001900E-4	1.270460E+4	0.000000E+0	0.000000E+0
4.055779E+3	-1.001900E-4	1.270450E+4	0.000000E+0	0.000000E+0
4.059774E+3	-1.001870E-4	1.270440E+4	0.000000E+0	0.000000E+0
4.063782E+3	-1.001910E-4	1.270440E+4	0.000000E+0	0.000000E+0
4.067775E+3	-1.001900E-4	1.270430E+4	0.000000E+0	0.000000E+0
4.071777E+3	-1.001900E-4	1.270420E+4	0.000000E+0	0.000000E+0
4.075772E+3	-1.001880E-4	1.270410E+4	0.000000E+0	0.000000E+0
4.079782E+3	-1.001880E-4	1.270410E+4	0.000000E+0	0.000000E+0
4.083775E+3	-1.001890E-4	1.270400E+4	0.000000E+0	0.000000E+0
4.087778E+3	-1.001900E-4	1.270390E+4	0.000000E+0	0.000000E+0
4.091775E+3	-1.001890E-4	1.270380E+4	0.000000E+0	0.000000E+0
4.095776E+3	-1.001890E-4	1.270380E+4	0.000000E+0	0.000000E+0
4.099773E+3	-1.001880E-4	1.270370E+4	0.000000E+0	0.000000E+0
4.103775E+3	-1.001890E-4	1.270350E+4	0.000000E+0	0.000000E+0
4.107773E+3	-1.001900E-4	1.270350E+4	0.000000E+0	0.000000E+0
4.111776E+3	-1.001890E-4	1.270340E+4	0.000000E+0	0.000000E+0
4.115778E+3	-1.001890E-4	1.270330E+4	0.000000E+0	0.000000E+0
4.119778E+3	-1.001870E-4	1.270320E+4	0.000000E+0	0.000000E+0
4.123776E+3	-1.001890E-4	1.270310E+4	0.000000E+0	0.000000E+0
4.127779E+3	-1.001890E-4	1.270300E+4	0.000000E+0	0.000000E+0
4.131774E+3	-1.001890E-4	1.270310E+4	0.000000E+0	0.000000E+0
4.135779E+3	-1.001890E-4	1.270290E+4	0.000000E+0	0.000000E+0
4.139774E+3	-1.001860E-4	1.270280E+4	0.000000E+0	0.000000E+0
4.143777E+3	-1.001870E-4	1.270280E+4	0.000000E+0	0.000000E+0
4.147771E+3	-1.001890E-4	1.270280E+4	0.000000E+0	0.000000E+0
4.151780E+3	-1.001870E-4	1.270270E+4	0.000000E+0	0.000000E+0
4.155772E+3	-1.001870E-4	1.270260E+4	0.000000E+0	0.000000E+0
4.159782E+3	-1.001860E-4	1.270240E+4	0.000000E+0	0.000000E+0
4.163777E+3	-1.001870E-4	1.270220E+4	0.000000E+0	0.000000E+0
4.167779E+3	-1.001880E-4	1.270220E+4	0.000000E+0	0.000000E+0
4.171778E+3	-1.001860E-4	1.270210E+4	0.000000E+0	0.000000E+0
4.175782E+3	-1.001860E-4	1.270190E+4	0.000000E+0	0.000000E+0
4.179775E+3	-1.001860E-4	1.270190E+4	0.000000E+0	0.000000E+0
4.183783E+3	-1.001920E-4	1.270190E+4	0.000000E+0	0.000000E+0
4.187775E+3	-1.001870E-4	1.270180E+4	0.000000E+0	0.000000E+0
4.191782E+3	-1.001880E-4	1.270170E+4	0.000000E+0	0.000000E+0
4.195773E+3	-1.001870E-4	1.270170E+4	0.000000E+0	0.000000E+0
4.199781E+3	-1.001870E-4	1.270150E+4	0.000000E+0	0.000000E+0
4.203773E+3	-1.001870E-4	1.270140E+4	0.000000E+0	0.000000E+0
4.207779E+3	-1.001850E-4	1.270130E+4	0.000000E+0	0.000000E+0
4.211784E+3	-1.001860E-4	1.270110E+4	0.000000E+0	0.000000E+0
4.215779E+3	-1.001870E-4	1.270100E+4	0.000000E+0	0.000000E+0
4.219776E+3	-1.001850E-4	1.270080E+4	0.000000E+0	0.000000E+0
4.223776E+3	-1.001840E-4	1.270050E+4	0.000000E+0	0.000000E+0
4.227771E+3	-1.001860E-4	1.270050E+4	0.000000E+0	0.000000E+0
4.231776E+3	-1.001870E-4	1.270050E+4	0.000000E+0	0.000000E+0
4.235774E+3	-1.001860E-4	1.270040E+4	0.000000E+0	0.000000E+0
4.239775E+3	-1.001840E-4	1.270030E+4	0.000000E+0	0.000000E+0
4.243771E+3	-1.001880E-4	1.270020E+4	0.000000E+0	0.000000E+0
4.247777E+3	-1.001860E-4	1.270020E+4	0.000000E+0	0.000000E+0
4.251771E+3	-1.001870E-4	1.270030E+4	0.000000E+0	0.000000E+0
4.255779E+3	-1.001870E-4	1.270020E+4	0.000000E+0	0.000000E+0
4.259775E+3	-1.001840E-4	1.270010E+4	0.000000E+0	0.000000E+0
4.263778E+3	-1.001850E-4	1.269990E+4	0.000000E+0	0.000000E+0
4.267775E+3	-1.001870E-4	1.270000E+4	0.000000E+0	0.000000E+0
4.271779E+3	-1.001840E-4	1.270000E+4	0.000000E+0	0.000000E+0
4.275778E+3	-1.001840E-4	1.269990E+4	0.000000E+0	0.000000E+0
4.279781E+3	-1.001840E-4	1.269970E+4	0.000000E+0	0.000000E+0
4.283775E+3	-1.001850E-4	1.269970E+4	0.000000E+0	0.000000E+0
4.287781E+3	-1.001850E-4	1.269960E+4	0.000000E+0	0.000000E+0
4.291778E+3	-1.001840E-4	1.269950E+4	0.000000E+0	0.000000E+0
4.295779E+3	-1.001850E-4	1.269940E+4	0.000000E+0	0.000000E+0
4.299775E+3	-1.001840E-4	1.269940E+4	0.000000E+0	0.000000E+0
4.303783E+3	-1.001840E-4	1.269930E+4	0.000000E+0	0.000000E+0
4.307776E+3	-1.001850E-4	1.269930E+4	0.000000E+0	0.000000E+0
4.311778E+3	-1.001830E-4	1.269910E+4	0.000000E+0	0.000000E+0
4.315774E+3	-1.001850E-4	1.269900E+4	0.000000E+0	0.000000E+0
4.319784E+3	-1.001840E-4	1.269900E+4	0.000000E+0	0.000000E+0
4.323777E+3	-1.001840E-4	1.269890E+4	0.000000E+0	0.000000E+0
4.327782E+3	-1.001840E-4	1.269880E+4	0.000000E+0	0.000000E+0
4.331774E+3	-1.001850E-4	1.269880E+4	0.000000E+0	0.000000E+0
4.335775E+3	-1.001850E-4	1.269860E+4	0.000000E+0	0.000000E+0
4.339774E+3	-1.001870E-4	1.269860E+4	0.000000E+0	0.000000E+0
4.343777E+3	-1.001840E-4	1.269840E+4	0.000000E+0	0.000000E+0
4.347774E+3	-1.001830E-4	1.269840E+4	0.000000E+0	0.000000E+0
4.351778E+3	-1.001830E-4	1.269840E+4	0.000000E+0	0.000000E+0
4.355777E+3	-1.001830E-4	1.269830E+4	0.000000E+0	0.000000E+0
4.359777E+3	-1.001830E-4	1.269820E+4	0.000000E+0	0.000000E+0
4.363772E+3	-1.001840E-4	1.269810E+4	0.000000E+0	0.000000E+0
4.367776E+3	-1.001850E-4	1.269810E+4	0.000000E+0	0.000000E+0
4.371773E+3	-1.001840E-4	1.269800E+4	0.000000E+0	0.000000E+0
4.375778E+3	-1.001850E-4	1.269790E+4	0.000000E+0	0.000000E+0
4.379773E+3	-1.001840E-4	1.269770E+4	0.000000E+0	0.000000E+0
4.383778E+3	-1.001810E-4	1.269770E+4	0.000000E+0	0.000000E+0
4.387773E+3	-1.001850E-4	1.269760E+4	0.000000E+0	0.000000E+0
4.391780E+3	-1.001840E-4	1.269750E+4	0.000000E+0	0.000000E+0
4.395776E+3	-1.001830E-4	1.269760E+4	0.000000E+0	0.000000E+0
4.399778E+3	-1.001840E-4	1.269740E+4	0.000000E+0	0.000000E+0
4.403773E+3	-1.001820E-4	1.269730E+4	0.000000E+0	0.000000E+0
4.407778E+3	-1.001820E-4	1.269720E+4	0.000000E+0	0.000000E+0
4.411776E+3	-1.001820E-4	1.269710E+4	0.000000E+0	0.000000E+0
4.415781E+3	-1.001820E-4	1.269700E+4	0.000000E+0	0.000000E+0
4.419773E+3	-1.001840E-4	1.269700E+4	0.000000E+0	0.000000E+0
4.423777E+3	-1.001800E-4	1.269690E+4	0.000000E+0	0.000000E+0
4.427771E+3	-1.001820E-4	1.269680E+4	0.000000E+0	0.000000E+0
4.431780E+3	-1.001840E-4	1.269670E+4	0.000000E+0	0.000000E+0
4.435772E+3	-1.001820E-4	1.269670E+4	0.000000E+0	0.000000E+0
4.439777E+3	-1.001840E-4	1.269650E+4	0.000000E+0	0.000000E+0
4.443772E+3	-1.001820E-4	1.269640E+4	0.000000E+0	0.000000E+0
4.447779E+3	-1.001830E-4	1.269640E+4	0.000000E+0	0.000000E+0
4.451774E+3	-1.001840E-4	1.269630E+4	0.000000E+0	0.000000E+0
4.455778E+3	-1.001810E-4	1.269620E+4	0.000000E+0	0.000000E+0
4.459777E+3	-1.001830E-4	1.269620E+4	0.000000E+0	0.000000E+0
4.463779E+3	-1.001820E-4	1.269600E+4	0.000000E+0	0.000000E+0
4.467773E+3	-1.001820E-4	1.269600E+4	0.000000E+0	0.000000E+0
4.471778E+3	-1.001820E-4	1.269580E+4	0.000000E+0	0.000000E+0
4.475772E+3	-1.001840E-4	1.269570E+4	0.000000E+0	0.000000E+0
4.479777E+3	-1.001820E-4	1.269570E+4	0.000000E+0	0.000000E+0
4.483773E+3	-1.001820E-4	1.269560E+4	0.000000E+0	0.000000E+0
4.487776E+3	-1.001810E-4	1.269540E+4	0.000000E+0	0.000000E+0
4.491770E+3	-1.001810E-4	1.269540E+4	0.000000E+0	0.000000E+0
4.495772E+3	-1.001800E-4	1.269540E+4	0.000000E+0	0.000000E+0
4.499774E+3	-1.001810E-4	1.269510E+4	0.000000E+0	0.000000E+0
4.503778E+3	-1.001810E-4	1.269500E+4	0.000000E+0	0.000000E+0
4.507776E+3	-1.001820E-4	1.269500E+4	0.000000E+0	0.000000E+0
4.511777E+3	-1.001810E-4	1.269500E+4	0.000000E+0	0.000000E+0
4.515776E+3	-1.001800E-4	1.269490E+4	0.000000E+0	0.000000E+0
4.519779E+3	-1.001800E-4	1.269480E+4	0.000000E+0	0.000000E+0
4.523776E+3	-1.001810E-4	1.269480E+4	0.000000E+0	0.000000E+0
4.527776E+3	-1.001790E-4	1.269460E+4	0.000000E+0	0.000000E+0
4.531774E+3	-1.001800E-4	1.269460E+4	0.000000E+0	0.000000E+0
4.535777E+3	-1.001810E-4	1.269450E+4	0.000000E+0	0.000000E+0
4.539775E+3	-1.001800E-4	1.269450E+4	0.000000E+0	0.000000E+0
4.543776E+3	-1.001810E-4	1.269430E+4	0.000000E+0	0.000000E+0
4.547774E+3	-1.001810E-4	1.269420E+4	0.000000E+0	0.000000E+0
4.551777E+3	-1.001810E-4	1.269410E+4	0.000000E+0	0.000000E+0
4.555775E+3	-1.001810E-4	1.269410E+4	0.000000E+0	0.000000E+0
4.559776E+3	-1.001790E-4	1.269390E+4	0.000000E+0	0.000000E+0
4.563773E+3	-1.001780E-4	1.269380E+4	0.000000E+0	0.000000E+0
4.567778E+3	-1.001790E-4	1.269370E+4	0.000000E+0	0.000000E+0
4.571776E+3	-1.001790E-4	1.269370E+4	0.000000E+0	0.000000E+0
4.575779E+3	-1.001790E-4	1.269360E+4	0.000000E+0	0.000000E+0
4.579775E+3	-1.001790E-4	1.269350E+4	0.000000E+0	0.000000E+0
4.583779E+3	-1.001810E-4	1.269340E+4	0.000000E+0	0.000000E+0
4.587778E+3	-1.001800E-4	1.269340E+4	0.000000E+0	0.000000E+0
4.591780E+3	-1.001790E-4	1.269340E+4	0.000000E+0	0.000000E+0
4.595775E+3	-1.001800E-4	1.269340E+4	0.000000E+0	0.000000E+0
4.599781E+3	-1.001790E-4	1.269310E+4	0.000000E+0	0.000000E+0
4.603777E+3	-1.001800E-4	1.269310E+4	0.000000E+0	0.000000E+0
4.607781E+3	-1.001800E-4	1.269300E+4	0.000000E+0	0.000000E+0
4.611776E+3	-1.001800E-4	1.269280E+4	0.000000E+0	0.000000E+0
4.615777E+3	-1.001800E-4	1.269270E+4	0.000000E+0	0.000000E+0
4.619775E+3	-1.001830E-4	1.269270E+4	0.000000E+0	0.000000E+0
4.623779E+3	-1.001810E-4	1.269250E+4	0.000000E+0	0.000000E+0
4.627775E+3	-1.001800E-4	1.269260E+4	0.000000E+0	0.000000E+0
4.631782E+3	-1.001800E-4	1.269240E+4	0.000000E+0	0.000000E+0
4.635777E+3	-1.001810E-4	1.269240E+4	0.000000E+0	0.000000E+0
4.639783E+3	-1.001800E-4	1.269230E+4	0.000000E+0	0.000000E+0
4.643773E+3	-1.001790E-4	1.269220E+4	0.000000E+0	0.000000E+0
4.647780E+3	-1.001810E-4	1.269220E+4	0.000000E+0	0.000000E+0
4.651777E+3	-1.001810E-4	1.269210E+4	0.000000E+0	0.000000E+0
4.655778E+3	-1.001800E-4	1.269210E+4	0.000000E+0	0.000000E+0
4.659773E+3	-1.001800E-4	1.269200E+4	0.000000E+0	0.000000E+0
4.663780E+3	-1.001790E-4	1.269190E+4	0.000000E+0	0.000000E+0
4.667775E+3	-1.001790E-4	1.269180E+4	0.000000E+0	0.000000E+0
4.671777E+3	-1.001800E-4	1.269170E+4	0.000000E+0	0.000000E+0
4.675775E+3	-1.001810E-4	1.269160E+4	0.000000E+0	0.000000E+0
4.679778E+3	-1.001810E-4	1.269150E+4	0.000000E+0	0.000000E+0
4.683778E+3	-1.001800E-4	1.269140E+4	0.000000E+0	0.000000E+0
4.687781E+3	-1.001800E-4	1.269140E+4	0.000000E+0	0.000000E+0
4.691774E+3	-1.001770E-4	1.269130E+4	0.000000E+0	0.000000E+0
4.695774E+3	-1.001790E-4	1.269120E+4	0.000000E+0	0.000000E+0
4.699773E+3	-1.001790E-4	1.269120E+4	0.000000E+0	0.000000E+0
4.703779E+3	-1.001800E-4	1.269110E+4	0.000000E+0	0.000000E+0
4.707777E+3	-1.001790E-4	1.269110E+4	0.000000E+0	0.000000E+0
4.711777E+3	-1.001790E-4	1.269100E+4	0.000000E+0	0.000000E+0
4.715775E+3	-1.001790E-4	1.269080E+4	0.000000E+0	0.000000E+0
4.719782E+3	-1.001790E-4	1.269070E+4	0.000000E+0	0.000000E+0
4.723777E+3	-1.001790E-4	1.269060E+4	0.000000E+0	0.000000E+0
4.727777E+3	-1.001790E-4	1.269050E+4	0.000000E+0	0.000000E+0
4.731774E+3	-1.001790E-4	1.269050E+4	0.000000E+0	0.000000E+0
4.735775E+3	-1.001790E-4	1.269040E+4	0.000000E+0	0.000000E+0
4.739773E+3	-1.001790E-4	1.269050E+4	0.000000E+0	0.000000E+0
4.743773E+3	-1.001790E-4	1.269040E+4	0.000000E+0	0.000000E+0
4.747773E+3	-1.001790E-4	1.269040E+4	0.000000E+0	0.000000E+0
4.751783E+3	-1.001770E-4	1.269040E+4	0.000000E+0	0.000000E+0
4.755778E+3	-1.001780E-4	1.269030E+4	0.000000E+0	0.000000E+0
4.759781E+3	-1.001800E-4	1.269030E+4	0.000000E+0	0.000000E+0
4.763779E+3	-1.001790E-4	1.269020E+4	0.000000E+0	0.000000E+0
4.767790E+3	-1.001770E-4	1.269010E+4	0.000000E+0	0.000000E+0
4.771776E+3	-1.001790E-4	1.269000E+4	0.000000E+0	0.000000E+0
4.775782E+3	-1.001770E-4	1.268990E+4	0.000000E+0	0.000000E+0
4.779776E+3	-1.001770E-4	1.268980E+4	0.000000E+0	0.000000E+0
4.783781E+3	-1.001790E-4	1.268970E+4	0.000000E+0	0.000000E+0
4.787776E+3	-1.001790E-4	1.268970E+4	0.000000E+0	0.000000E+0
4.791777E+3	-1.001790E-4	1.268960E+4	0.000000E+0	0.000000E+0
4.795776E+3	-1.001800E-4	1.268950E+4	0.000000E+0	0.000000E+0
4.799777E+3	-1.001770E-4	1.268950E+4	0.000000E+0	0.000000E+0
4.803776E+3	-1.001780E-4	1.268940E+4	0.000000E+0	0.000000E+0
4.807777E+3	-1.001790E-4	1.268930E+4	0.000000E+0	0.000000E+0
4.811774E+3	-1.001780E-4	1.268930E+4	0.000000E+0	0.000000E+0
4.815775E+3	-1.001790E-4	1.268920E+4	0.000000E+0	0.000000E+0
4.819775E+3	-1.001790E-4	1.268910E+4	0.000000E+0	0.000000E+0
4.823778E+3	-1.001770E-4	1.268900E+4	0.000000E+0	0.000000E+0
4.827778E+3	-1.001770E-4	1.268900E+4	0.000000E+0	0.000000E+0
4.831781E+3	-1.001790E-4	1.268890E+4	0.000000E+0	0.000000E+0
4.835773E+3	-1.001770E-4	1.268880E+4	0.000000E+0	0.000000E+0
4.839778E+3	-1.001790E-4	1.268880E+4	0.000000E+0	0.000000E+0
4.843775E+3	-1.001770E-4	1.268870E+4	0.000000E+0	0.000000E+0
4.847777E+3	-1.001770E-4	1.268870E+4	0.000000E+0	0.000000E+0
4.851776E+3	-1.001770E-4	1.268860E+4	0.000000E+0	0.000000E+0
4.855779E+3	-1.001780E-4	1.268860E+4	0.000000E+0	0.000000E+0
4.859775E+3	-1.001780E-4	1.268850E+4	0.000000E+0	0.000000E+0
4.863778E+3	-1.001790E-4	1.268840E+4	0.000000E+0	0.000000E+0
4.867773E+3	-1.001790E-4	1.268840E+4	0.000000E+0	0.000000E+0
4.871774E+3	-1.001790E-4	1.268840E+4	0.000000E+0	0.000000E+0
4.875774E+3	-1.001770E-4	1.268820E+4	0.000000E+0	0.000000E+0
4.879777E+3	-1.001790E-4	1.268820E+4	0.000000E+0	0.000000E+0
4.883774E+3	-1.001760E-4	1.268810E+4	0.000000E+0	0.000000E+0
4.887776E+3	-1.001770E-4	1.268790E+4	0.000000E+0	0.000000E+0
4.891776E+3	-1.001770E-4	1.268780E+4	0.000000E+0	0.000000E+0
4.895782E+3	-1.001760E-4	1.268770E+4	0.000000E+0	0.000000E+0
4.899775E+3	-1.001780E-4	1.268750E+4	0.000000E+0	0.000000E+0
4.903779E+3	-1.001780E-4	1.268740E+4	0.000000E+0	0.000000E+0
4.907777E+3	-1.001790E-4	1.268740E+4	0.000000E+0	0.000000E+0
4.911780E+3	-1.001770E-4	1.268730E+4	0.000000E+0	0.000000E+0
4.915777E+3	-1.001760E-4	1.268740E+4	0.000000E+0	0.000000E+0
4.919775E+3	-1.001790E-4	1.268740E+4	0.000000E+0	0.000000E+0
4.923777E+3	-1.001770E-4	1.268740E+4	0.000000E+0	0.000000E+0
4.927780E+3	-1.001770E-4	1.268730E+4	0.000000E+0	0.000000E+0
4.931775E+3	-1.001790E-4	1.268720E+4	0.000000E+0	0.000000E+0
4.935775E+3	-1.001770E-4	1.268720E+4	0.000000E+0	0.000000E+0
4.939773E+3	-1.001760E-4	1.268690E+4	0.000000E+0	0.000000E+0
4.943781E+3	-1.001770E-4	1.268690E+4	0.000000E+0	0.000000E+0
4.947775E+3	-1.001770E-4	1.268700E+4	0.000000E+0	0.000000E+0
4.951778E+3	-1.001760E-4	1.268690E+4	0.000000E+0	0.000000E+0
4.955778E+3	-1.001760E-4	1.268680E+4	0.000000E+0	0.000000E+0
4.959779E+3	-1.001760E-4	1.268670E+4	0.000000E+0	0.000000E+0
4.963778E+3	-1.001770E-4	1.268670E+4	0.000000E+0	0.000000E+0
4.967782E+3	-1.001760E-4	1.268650E+4	0.000000E+0	0.000000E+0
4.971776E+3	-1.001770E-4	1.268650E+4	0.000000E+0	0.000000E+0
4.975777E+3	-1.001770E-4	1.268650E+4	0.000000E+0	0.000000E+0
4.979776E+3	-1.001740E-4	1.268640E+4	0.000000E+0	0.000000E+0
4.983777E+3	-1.001760E-4	1.268640E+4	0.000000E+0	0.000000E+0
4.987777E+3	-1.001750E-4	1.268630E+4	0.000000E+0	0.000000E+0
4.991778E+3	-1.001770E-4	1.268630E+4	0.000000E+0	0.000000E+0
4.995777E+3	-1.001770E-4	1.268630E+4	0.000000E+0	0.000000E+0
4.999782E+3	-1.001770E-4	1.268620E+4	0.000000E+0	0.000000E+0
5.003777E+3	-1.001770E-4	1.268610E+4	0.000000E+0	0.000000E+0
5.007779E+3	-1.001760E-4	1.268600E+4	0.000000E+0	0.000000E+0
5.011778E+3	-1.001740E-4	1.268590E+4	0.000000E+0	0.000000E+0
5.015780E+3	-1.001740E-4	1.268590E+4	0.000000E+0	0.000000E+0
5.019773E+3	-1.001780E-4	1.268580E+4	0.000000E+0	0.000000E+0
5.023776E+3	-1.001740E-4	1.268580E+4	0.000000E+0	0.000000E+0
5.027773E+3	-1.001760E-4	1.268580E+4	0.000000E+0	0.000000E+0
5.031780E+3	-1.001740E-4	1.268570E+4	0.000000E+0	0.000000E+0
5.035775E+3	-1.001740E-4	1.268570E+4	0.000000E+0	0.000000E+0
5.039773E+3	-1.001770E-4	1.268560E+4	0.000000E+0	0.000000E+0
5.043775E+3	-1.001760E-4	1.268550E+4	0.000000E+0	0.000000E+0
5.047783E+3	-1.001760E-4	1.268550E+4	0.000000E+0	0.000000E+0
5.051776E+3	-1.001770E-4	1.268540E+4	0.000000E+0	0.000000E+0
5.055782E+3	-1.001760E-4	1.268530E+4	0.000000E+0	0.000000E+0
5.059779E+3	-1.001740E-4	1.268540E+4	0.000000E+0	0.000000E+0
5.063785E+3	-1.001760E-4	1.268520E+4	0.000000E+0	0.000000E+0
5.067776E+3	-1.001740E-4	1.268520E+4	0.000000E+0	0.000000E+0
5.071777E+3	-1.001740E-4	1.268510E+4	0.000000E+0	0.000000E+0
5.075776E+3	-1.001770E-4	1.268510E+4	0.000000E+0	0.000000E+0
5.079780E+3	-1.001740E-4	1.268500E+4	0.000000E+0	0.000000E+0
5.083775E+3	-1.001750E-4	1.268500E+4	0.000000E+0	0.000000E+0
5.087779E+3	-1.001740E-4	1.268490E+4	0.000000E+0	0.000000E+0
5.091779E+3	-1.001760E-4	1.268470E+4	0.000000E+0	0.000000E+0
5.095783E+3	-1.001740E-4	1.268450E+4	0.000000E+0	0.000000E+0
5.099777E+3	-1.001740E-4	1.268440E+4	0.000000E+0	0.000000E+0
5.103774E+3	-1.001750E-4	1.268420E+4	0.000000E+0	0.000000E+0
5.107774E+3	-1.001730E-4	1.268430E+4	0.000000E+0	0.000000E+0
5.111778E+3	-1.001740E-4	1.268420E+4	0.000000E+0	0.000000E+0
5.115775E+3	-1.001750E-4	1.268420E+4	0.000000E+0	0.000000E+0
5.119778E+3	-1.001730E-4	1.268420E+4	0.000000E+0	0.000000E+0
5.123777E+3	-1.001740E-4	1.268400E+4	0.000000E+0	0.000000E+0
5.127780E+3	-1.001720E-4	1.268390E+4	0.000000E+0	0.000000E+0
5.131778E+3	-1.001740E-4	1.268390E+4	0.000000E+0	0.000000E+0
5.135780E+3	-1.001760E-4	1.268380E+4	0.000000E+0	0.000000E+0
5.139775E+3	-1.001740E-4	1.268390E+4	0.000000E+0	0.000000E+0
5.143781E+3	-1.001720E-4	1.268390E+4	0.000000E+0	0.000000E+0
5.147776E+3	-1.001730E-4	1.268380E+4	0.000000E+0	0.000000E+0
5.151774E+3	-1.001730E-4	1.268390E+4	0.000000E+0	0.000000E+0
5.155773E+3	-1.001740E-4	1.268380E+4	0.000000E+0	0.000000E+0
5.159779E+3	-1.001740E-4	1.268370E+4	0.000000E+0	0.000000E+0
5.163776E+3	-1.001740E-4	1.268370E+4	0.000000E+0	0.000000E+0
5.167779E+3	-1.001720E-4	1.268360E+4	0.000000E+0	0.000000E+0
5.171771E+3	-1.001730E-4	1.268360E+4	0.000000E+0	0.000000E+0
5.175780E+3	-1.001740E-4	1.268360E+4	0.000000E+0	0.000000E+0
5.179775E+3	-1.001730E-4	1.268350E+4	0.000000E+0	0.000000E+0
5.183779E+3	-1.001740E-4	1.268340E+4	0.000000E+0	0.000000E+0
5.187775E+3	-1.001740E-4	1.268340E+4	0.000000E+0	0.000000E+0
5.191782E+3	-1.001740E-4	1.268330E+4	0.000000E+0	0.000000E+0
5.195775E+3	-1.001740E-4	1.268330E+4	0.000000E+0	0.000000E+0
5.199776E+3	-1.001740E-4	1.268320E+4	0.000000E+0	0.000000E+0
5.203777E+3	-1.001740E-4	1.268310E+4	0.000000E+0	0.000000E+0
5.207778E+3	-1.001740E-4	1.268300E+4	0.000000E+0	0.000000E+0
5.211777E+3	-1.001730E-4	1.268300E+4	0.000000E+0	0.000000E+0
5.215777E+3	-1.001740E-4	1.268300E+4	0.000000E+0	0.000000E+0
5.219775E+3	-1.001730E-4	1.268290E+4	0.000000E+0	0.000000E+0
5.223778E+3	-1.001730E-4	1.268280E+4	0.000000E+0	0.000000E+0
5.227776E+3	-1.001730E-4	1.268280E+4	0.000000E+0	0.000000E+0
5.231776E+3	-1.001720E-4	1.268270E+4	0.000000E+0	0.000000E+0
5.235775E+3	-1.001730E-4	1.268270E+4	0.000000E+0	0.000000E+0
5.239781E+3	-1.001720E-4	1.268270E+4	0.000000E+0	0.000000E+0
5.243776E+3	-1.001710E-4	1.268270E+4	0.000000E+0	0.000000E+0
5.247776E+3	-1.001730E-4	1.268270E+4	0.000000E+0	0.000000E+0
5.251774E+3	-1.001730E-4	1.268270E+4	0.000000E+0	0.000000E+0
5.255781E+3	-1.001720E-4	1.268270E+4	0.000000E+0	0.000000E+0
5.259776E+3	-1.001730E-4	1.268260E+4	0.000000E+0	0.000000E+0
5.263773E+3	-1.001720E-4	1.268250E+4	0.000000E+0	0.000000E+0
5.267776E+3	-1.001740E-4	1.268260E+4	0.000000E+0	0.000000E+0
5.271782E+3	-1.001710E-4	1.268250E+4	0.000000E+0	0.000000E+0
5.275777E+3	-1.001730E-4	1.268250E+4	0.000000E+0	0.000000E+0
5.279775E+3	-1.001720E-4	1.268250E+4	0.000000E+0	0.000000E+0
5.283774E+3	-1.001730E-4	1.268240E+4	0.000000E+0	0.000000E+0
5.287778E+3	-1.001710E-4	1.268240E+4	0.000000E+0	0.000000E+0
5.291777E+3	-1.001730E-4	1.268230E+4	0.000000E+0	0.000000E+0
5.295774E+3	-1.001740E-4	1.268230E+4	0.000000E+0	0.000000E+0
5.299772E+3	-1.001740E-4	1.268210E+4	0.000000E+0	0.000000E+0
5.303777E+3	-1.001740E-4	1.268210E+4	0.000000E+0	0.000000E+0
5.307775E+3	-1.001720E-4	1.268220E+4	0.000000E+0	0.000000E+0
5.311776E+3	-1.001720E-4	1.268200E+4	0.000000E+0	0.000000E+0
5.315776E+3	-1.001720E-4	1.268200E+4	0.000000E+0	0.000000E+0
5.319778E+3	-1.001710E-4	1.268190E+4	0.000000E+0	0.000000E+0
5.323775E+3	-1.001720E-4	1.268190E+4	0.000000E+0	0.000000E+0
5.327776E+3	-1.001710E-4	1.268190E+4	0.000000E+0	0.000000E+0
5.331775E+3	-1.001740E-4	1.268180E+4	0.000000E+0	0.000000E+0
5.335779E+3	-1.001710E-4	1.268190E+4	0.000000E+0	0.000000E+0
5.339776E+3	-1.001710E-4	1.268180E+4	0.000000E+0	0.000000E+0
5.343774E+3	-1.001730E-4	1.268170E+4	0.000000E+0	0.000000E+0
5.347773E+3	-1.001710E-4	1.268170E+4	0.000000E+0	0.000000E+0
5.351781E+3	-1.001730E-4	1.268170E+4	0.000000E+0	0.000000E+0
5.355774E+3	-1.001710E-4	1.268170E+4	0.000000E+0	0.000000E+0
5.359793E+3	-1.001720E-4	1.268160E+4	0.000000E+0	0.000000E+0
5.363782E+3	-1.001700E-4	1.268160E+4	0.000000E+0	0.000000E+0
5.367772E+3	-1.001710E-4	1.268150E+4	0.000000E+0	0.000000E+0
5.371774E+3	-1.001710E-4	1.268140E+4	0.000000E+0	0.000000E+0
5.375772E+3	-1.001710E-4	1.268140E+4	0.000000E+0	0.000000E+0
5.379771E+3	-1.001710E-4	1.268140E+4	0.000000E+0	0.000000E+0
5.383778E+3	-1.001710E-4	1.268130E+4	0.000000E+0	0.000000E+0
5.387775E+3	-1.001700E-4	1.268120E+4	0.000000E+0	0.000000E+0
5.391774E+3	-1.001710E-4	1.268130E+4	0.000000E+0	0.000000E+0
5.395773E+3	-1.001720E-4	1.268120E+4	0.000000E+0	0.000000E+0
5.399775E+3	-1.001720E-4	1.268120E+4	0.000000E+0	0.000000E+0
5.403775E+3	-1.001710E-4	1.268110E+4	0.000000E+0	0.000000E+0
5.407776E+3	-1.001720E-4	1.268100E+4	0.000000E+0	0.000000E+0
5.411773E+3	-1.001700E-4	1.268090E+4	0.000000E+0	0.000000E+0
5.415778E+3	-1.001710E-4	1.268090E+4	0.000000E+0	0.000000E+0
5.419773E+3	-1.001720E-4	1.268080E+4	0.000000E+0	0.000000E+0
5.423775E+3	-1.001710E-4	1.268070E+4	0.000000E+0	0.000000E+0
5.427771E+3	-1.001690E-4	1.268060E+4	0.000000E+0	0.000000E+0
5.431778E+3	-1.001710E-4	1.268060E+4	0.000000E+0	0.000000E+0
5.435774E+3	-1.001700E-4	1.268060E+4	0.000000E+0	0.000000E+0
5.439781E+3	-1.001730E-4	1.268050E+4	0.000000E+0	0.000000E+0
5.443776E+3	-1.001720E-4	1.268040E+4	0.000000E+0	0.000000E+0
5.447777E+3	-1.001710E-4	1.268040E+4	0.000000E+0	0.000000E+0
5.451776E+3	-1.001710E-4	1.268040E+4	0.000000E+0	0.000000E+0
5.455777E+3	-1.001720E-4	1.268030E+4	0.000000E+0	0.000000E+0
5.459775E+3	-1.001720E-4	1.268030E+4	0.000000E+0	0.000000E+0
5.463780E+3	-1.001710E-4	1.268030E+4	0.000000E+0	0.000000E+0
5.467779E+3	-1.001730E-4	1.268030E+4	0.000000E+0	0.000000E+0
5.471781E+3	-1.001730E-4	1.268030E+4	0.000000E+0	0.000000E+0
5.475777E+3	-1.001700E-4	1.268020E+4	0.000000E+0	0.000000E+0
5.479783E+3	-1.001700E-4	1.268010E+4	0.000000E+0	0.000000E+0
5.483777E+3	-1.001700E-4	1.268010E+4	0.000000E+0	0.000000E+0
5.487780E+3	-1.001700E-4	1.268010E+4	0.000000E+0	0.000000E+0
5.491773E+3	-1.001700E-4	1.268010E+4	0.000000E+0	0.000000E+0
5.495781E+3	-1.001690E-4	1.268010E+4	0.000000E+0	0.000000E+0
5.499775E+3	-1.001700E-4	1.268010E+4	0.000000E+0	0.000000E+0
5.503780E+3	-1.001680E-4	1.268000E+4	0.000000E+0	0.000000E+0
5.507772E+3	-1.001690E-4	1.267990E+4	0.000000E+0	0.000000E+0
5.511784E+3	-1.001680E-4	1.267990E+4	0.000000E+0	0.000000E+0
5.515778E+3	-1.001690E-4	1.267990E+4	0.000000E+0	0.000000E+0
5.519781E+3	-1.001720E-4	1.267990E+4	0.000000E+0	0.000000E+0
5.523774E+3	-1.001690E-4	1.267980E+4	0.000000E+0	0.000000E+0
5.527781E+3	-1.001700E-4	1.267970E+4	0.000000E+0	0.000000E+0
5.531776E+3	-1.001700E-4	1.267970E+4	0.000000E+0	0.000000E+0
5.535779E+3	-1.001700E-4	1.267970E+4	0.000000E+0	0.000000E+0
5.539774E+3	-1.001710E-4	1.267970E+4	0.000000E+0	0.000000E+0
5.543777E+3	-1.001710E-4	1.267960E+4	0.000000E+0	0.000000E+0
5.547774E+3	-1.001690E-4	1.267970E+4	0.000000E+0	0.000000E+0
5.551779E+3	-1.001690E-4	1.267960E+4	0.000000E+0	0.000000E+0
5.555774E+3	-1.001690E-4	1.267960E+4	0.000000E+0	0.000000E+0
5.559780E+3	-1.001700E-4	1.267950E+4	0.000000E+0	0.000000E+0
5.563772E+3	-1.001690E-4	1.267950E+4	0.000000E+0	0.000000E+0
5.567780E+3	-1.001700E-4	1.267940E+4	0.000000E+0	0.000000E+0
5.571774E+3	-1.001680E-4	1.267930E+4	0.000000E+0	0.000000E+0
5.575782E+3	-1.001690E-4	1.267930E+4	0.000000E+0	0.000000E+0
5.579775E+3	-1.001700E-4	1.267930E+4	0.000000E+0	0.000000E+0
5.583778E+3	-1.001690E-4	1.267920E+4	0.000000E+0	0.000000E+0
5.587783E+3	-1.001690E-4	1.267920E+4	0.000000E+0	0.000000E+0
5.591783E+3	-1.001680E-4	1.267920E+4	0.000000E+0	0.000000E+0
5.595779E+3	-1.001670E-4	1.267920E+4	0.000000E+0	0.000000E+0
5.599778E+3	-1.001700E-4	1.267910E+4	0.000000E+0	0.000000E+0
5.603775E+3	-1.001690E-4	1.267900E+4	0.000000E+0	0.000000E+0
5.607779E+3	-1.001690E-4	1.267900E+4	0.000000E+0	0.000000E+0
5.611775E+3	-1.001690E-4	1.267900E+4	0.000000E+0	0.000000E+0
5.615778E+3	-1.001660E-4	1.267900E+4	0.000000E+0	0.000000E+0
5.619776E+3	-1.001680E-4	1.267900E+4	0.000000E+0	0.000000E+0
5.623782E+3	-1.001680E-4	1.267890E+4	0.000000E+0	0.000000E+0
5.627776E+3	-1.001660E-4	1.267880E+4	0.000000E+0	0.000000E+0
5.631780E+3	-1.001670E-4	1.267880E+4	0.000000E+0	0.000000E+0
5.635777E+3	-1.001700E-4	1.267880E+4	0.000000E+0	0.000000E+0
5.639782E+3	-1.001680E-4	1.267880E+4	0.000000E+0	0.000000E+0
5.643776E+3	-1.001690E-4	1.267870E+4	0.000000E+0	0.000000E+0
5.647780E+3	-1.001680E-4	1.267870E+4	0.000000E+0	0.000000E+0
5.651775E+3	-1.001680E-4	1.267870E+4	0.000000E+0	0.000000E+0
5.655780E+3	-1.001660E-4	1.267860E+4	0.000000E+0	0.000000E+0
5.659780E+3	-1.001680E-4	1.267860E+4	0.000000E+0	0.000000E+0
5.663780E+3	-1.001700E-4	1.267850E+4	0.000000E+0	0.000000E+0
5.667777E+3	-1.001700E-4	1.267850E+4	0.000000E+0	0.000000E+0
5.671783E+3	-1.001680E-4	1.267850E+4	0.000000E+0	0.000000E+0
5.675775E+3	-1.001670E-4	1.267850E+4	0.000000E+0	0.000000E+0
5.679776E+3	-1.001690E-4	1.267850E+4	0.000000E+0	0.000000E+0
5.683772E+3	-1.001680E-4	1.267840E+4	0.000000E+0	0.000000E+0
5.687781E+3	-1.001660E-4	1.267840E+4	0.000000E+0	0.000000E+0
5.691773E+3	-1.001690E-4	1.267840E+4	0.000000E+0	0.000000E+0
5.695773E+3	-1.001670E-4	1.267820E+4	0.000000E+0	0.000000E+0
5.699773E+3	-1.001680E-4	1.267820E+4	0.000000E+0	0.000000E+0
5.703781E+3	-1.001680E-4	1.267820E+4	0.000000E+0	0.000000E+0
5.707776E+3	-1.001680E-4	1.267810E+4	0.000000E+0	0.000000E+0
5.711779E+3	-1.001670E-4	1.267800E+4	0.000000E+0	0.000000E+0
5.715774E+3	-1.001670E-4	1.267800E+4	0.000000E+0	0.000000E+0
5.719782E+3	-1.001680E-4	1.267800E+4	0.000000E+0	0.000000E+0
5.723776E+3	-1.001680E-4	1.267790E+4	0.000000E+0	0.000000E+0
5.727779E+3	-1.001670E-4	1.267790E+4	0.000000E+0	0.000000E+0
5.731776E+3	-1.001680E-4	1.267780E+4	0.000000E+0	0.000000E+0
5.735777E+3	-1.001650E-4	1.267780E+4	0.000000E+0	0.000000E+0
5.739776E+3	-1.001680E-4	1.267780E+4	0.000000E+0	0.000000E+0
5.743776E+3	-1.001680E-4	1.267780E+4	0.000000E+0	0.000000E+0
5.747777E+3	-1.001680E-4	1.267780E+4	0.000000E+0	0.000000E+0
5.751782E+3	-1.001670E-4	1.267780E+4	0.000000E+0	0.000000E+0
5.755777E+3	-1.001680E-4	1.267780E+4	0.000000E+0	0.000000E+0
5.759780E+3	-1.001660E-4	1.267780E+4	0.000000E+0	0.000000E+0
5.763775E+3	-1.001670E-4	1.267780E+4	0.000000E+0	0.000000E+0
5.767782E+3	-1.001640E-4	1.267770E+4	0.000000E+0	0.000000E+0
5.771773E+3	-1.001680E-4	1.267770E+4	0.000000E+0	0.000000E+0
5.775780E+3	-1.001680E-4	1.267760E+4	0.000000E+0	0.000000E+0
5.779777E+3	-1.001650E-4	1.267760E+4	0.000000E+0	0.000000E+0
5.783781E+3	-1.001660E-4	1.267750E+4	0.000000E+0	0.000000E+0
5.787775E+3	-1.001670E-4	1.267750E+4	0.000000E+0	0.000000E+0
5.791778E+3	-1.001650E-4	1.267740E+4	0.000000E+0	0.000000E+0
5.795776E+3	-1.001670E-4	1.267740E+4	0.000000E+0	0.000000E+0
5.799778E+3	-1.001660E-4	1.267730E+4	0.000000E+0	0.000000E+0
5.803774E+3	-1.001660E-4	1.267740E+4	0.000000E+0	0.000000E+0
5.807776E+3	-1.001670E-4	1.267740E+4	0.000000E+0	0.000000E+0
5.811771E+3	-1.001670E-4	1.267740E+4	0.000000E+0	0.000000E+0
5.815777E+3	-1.001660E-4	1.267720E+4	0.000000E+0	0.000000E+0
5.819773E+3	-1.001690E-4	1.267710E+4	0.000000E+0	0.000000E+0
5.823777E+3	-1.001670E-4	1.267710E+4	0.000000E+0	0.000000E+0
5.827771E+3	-1.001680E-4	1.267720E+4	0.000000E+0	0.000000E+0
5.831776E+3	-1.001680E-4	1.267710E+4	0.000000E+0	0.000000E+0
5.835774E+3	-1.001670E-4	1.267720E+4	0.000000E+0	0.000000E+0
5.839773E+3	-1.001660E-4	1.267710E+4	0.000000E+0	0.000000E+0
5.843775E+3	-1.001660E-4	1.267700E+4	0.000000E+0	0.000000E+0
5.847777E+3	-1.001650E-4	1.267700E+4	0.000000E+0	0.000000E+0
5.851775E+3	-1.001660E-4	1.267700E+4	0.000000E+0	0.000000E+0
5.855778E+3	-1.001670E-4	1.267710E+4	0.000000E+0	0.000000E+0
5.859775E+3	-1.001670E-4	1.267700E+4	0.000000E+0	0.000000E+0
5.863780E+3	-1.001660E-4	1.267700E+4	0.000000E+0	0.000000E+0
5.867775E+3	-1.001670E-4	1.267690E+4	0.000000E+0	0.000000E+0
5.871776E+3	-1.001660E-4	1.267690E+4	0.000000E+0	0.000000E+0
5.875775E+3	-1.001660E-4	1.267700E+4	0.000000E+0	0.000000E+0
5.879783E+3	-1.001670E-4	1.267690E+4	0.000000E+0	0.000000E+0
5.883776E+3	-1.001670E-4	1.267680E+4	0.000000E+0	0.000000E+0
5.887779E+3	-1.001680E-4	1.267680E+4	0.000000E+0	0.000000E+0
5.891775E+3	-1.001660E-4	1.267690E+4	0.000000E+0	0.000000E+0
5.895775E+3	-1.001650E-4	1.267680E+4	0.000000E+0	0.000000E+0
5.899773E+3	-1.001660E-4	1.267680E+4	0.000000E+0	0.000000E+0
5.903775E+3	-1.001680E-4	1.267680E+4	0.000000E+0	0.000000E+0
5.907773E+3	-1.001660E-4	1.267670E+4	0.000000E+0	0.000000E+0
5.911781E+3	-1.001650E-4	1.267670E+4	0.000000E+0	0.000000E+0
5.915776E+3	-1.001660E-4	1.267650E+4	0.000000E+0	0.000000E+0
5.919779E+3	-1.001660E-4	1.267640E+4	0.000000E+0	0.000000E+0
5.923774E+3	-1.001660E-4	1.267630E+4	0.000000E+0	0.000000E+0
5.927782E+3	-1.001660E-4	1.267630E+4	0.000000E+0	0.000000E+0
5.931774E+3	-1.001660E-4	1.267630E+4	0.000000E+0	0.000000E+0
5.935775E+3	-1.001650E-4	1.267630E+4	0.000000E+0	0.000000E+0
5.939772E+3	-1.001650E-4	1.267630E+4	0.000000E+0	0.000000E+0
5.943777E+3	-1.001650E-4	1.267620E+4	0.000000E+0	0.000000E+0
5.947774E+3	-1.001660E-4	1.267620E+4	0.000000E+0	0.000000E+0
5.951771E+3	-1.001660E-4	1.267630E+4	0.000000E+0	0.000000E+0
5.955772E+3	-1.001660E-4	1.267610E+4	0.000000E+0	0.000000E+0
5.959780E+3	-1.001650E-4	1.267610E+4	0.000000E+0	0.000000E+0
5.963775E+3	-1.001680E-4	1.267600E+4	0.000000E+0	0.000000E+0
5.967775E+3	-1.001660E-4	1.267620E+4	0.000000E+0	0.000000E+0
5.971773E+3	-1.001650E-4	1.267610E+4	0.000000E+0	0.000000E+0
5.975773E+3	-1.001640E-4	1.267600E+4	0.000000E+0	0.000000E+0
5.979771E+3	-1.001670E-4	1.267600E+4	0.000000E+0	0.000000E+0
5.983776E+3	-1.001650E-4	1.267590E+4	0.000000E+0	0.000000E+0
5.987773E+3	-1.001680E-4	1.267590E+4	0.000000E+0	0.000000E+0
5.991779E+3	-1.001640E-4	1.267590E+4	0.000000E+0	0.000000E+0
5.995771E+3	-1.001670E-4	1.267590E+4	0.000000E+0	0.000000E+0
5.999773E+3	-1.001650E-4	1.267590E+4	0.000000E+0	0.000000E+0
6.003787E+3	-1.001640E-4	1.267570E+4	0.000000E+0	0.000000E+0
6.007779E+3	-1.001660E-4	1.267580E+4	0.000000E+0	0.000000E+0
6.011775E+3	-1.001650E-4	1.267580E+4	0.000000E+0	0.000000E+0
6.015779E+3	-1.001650E-4	1.267570E+4	0.000000E+0	0.000000E+0
6.019776E+3	-1.001660E-4	1.267570E+4	0.000000E+0	0.000000E+0
6.023780E+3	-1.001650E-4	1.267570E+4	0.000000E+0	0.000000E+0
6.027774E+3	-1.001640E-4	1.267580E+4	0.000000E+0	0.000000E+0
6.031779E+3	-1.001650E-4	1.267570E+4	0.000000E+0	0.000000E+0
6.035777E+3	-1.001660E-4	1.267570E+4	0.000000E+0	0.000000E+0
6.039782E+3	-1.001640E-4	1.267570E+4	0.000000E+0	0.000000E+0
6.043777E+3	-1.001650E-4	1.267560E+4	0.000000E+0	0.000000E+0
6.047777E+3	-1.001650E-4	1.267580E+4	0.000000E+0	0.000000E+0
6.051777E+3	-1.001640E-4	1.267580E+4	0.000000E+0	0.000000E+0
6.055781E+3	-1.001670E-4	1.267570E+4	0.000000E+0	0.000000E+0
6.059775E+3	-1.001650E-4	1.267570E+4	0.000000E+0	0.000000E+0
6.063778E+3	-1.001660E-4	1.267560E+4	0.000000E+0	0.000000E+0
6.067776E+3	-1.001640E-4	1.267570E+4	0.000000E+0	0.000000E+0
6.071783E+3	-1.001640E-4	1.267560E+4	0.000000E+0	0.000000E+0
6.075776E+3	-1.001660E-4	1.267560E+4	0.000000E+0	0.000000E+0
6.079774E+3	-1.001630E-4	1.267550E+4	0.000000E+0	0.000000E+0
6.083776E+3	-1.001650E-4	1.267550E+4	0.000000E+0	0.000000E+0
6.087779E+3	-1.001650E-4	1.267540E+4	0.000000E+0	0.000000E+0
6.091776E+3	-1.001630E-4	1.267540E+4	0.000000E+0	0.000000E+0
6.095774E+3	-1.001630E-4	1.267530E+4	0.000000E+0	0.000000E+0
6.099787E+3	-1.001620E-4	1.267540E+4	0.000000E+0	0.000000E+0
6.103774E+3	-1.001640E-4	1.267530E+4	0.000000E+0	0.000000E+0
6.107777E+3	-1.001640E-4	1.267530E+4	0.000000E+0	0.000000E+0
6.111779E+3	-1.001650E-4	1.267530E+4	0.000000E+0	0.000000E+0
6.115776E+3	-1.001630E-4	1.267520E+4	0.000000E+0	0.000000E+0
6.119784E+3	-1.001640E-4	1.267530E+4	0.000000E+0	0.000000E+0
6.123775E+3	-1.001640E-4	1.267540E+4	0.000000E+0	0.000000E+0
6.127779E+3	-1.001620E-4	1.267540E+4	0.000000E+0	0.000000E+0
6.131775E+3	-1.001640E-4	1.267530E+4	0.000000E+0	0.000000E+0
6.135782E+3	-1.001650E-4	1.267530E+4	0.000000E+0	0.000000E+0
6.139777E+3	-1.001630E-4	1.267520E+4	0.000000E+0	0.000000E+0
6.143774E+3	-1.001650E-4	1.267520E+4	0.000000E+0	0.000000E+0
6.147775E+3	-1.001660E-4	1.267510E+4	0.000000E+0	0.000000E+0
6.151783E+3	-1.001640E-4	1.267510E+4	0.000000E+0	0.000000E+0
6.155777E+3	-1.001640E-4	1.267500E+4	0.000000E+0	0.000000E+0
6.159773E+3	-1.001630E-4	1.267500E+4	0.000000E+0	0.000000E+0
6.163775E+3	-1.001650E-4	1.267480E+4	0.000000E+0	0.000000E+0
6.167784E+3	-1.001630E-4	1.267480E+4	0.000000E+0	0.000000E+0
6.171778E+3	-1.001650E-4	1.267470E+4	0.000000E+0	0.000000E+0
6.175781E+3	-1.001640E-4	1.267470E+4	0.000000E+0	0.000000E+0
6.179773E+3	-1.001650E-4	1.267460E+4	0.000000E+0	0.000000E+0
6.183781E+3	-1.001620E-4	1.267460E+4	0.000000E+0	0.000000E+0
6.187776E+3	-1.001630E-4	1.267450E+4	0.000000E+0	0.000000E+0
6.191779E+3	-1.001630E-4	1.267460E+4	0.000000E+0	0.000000E+0
6.195776E+3	-1.001640E-4	1.267460E+4	0.000000E+0	0.000000E+0
6.199782E+3	-1.001630E-4	1.267460E+4	0.000000E+0	0.000000E+0
6.203779E+3	-1.001640E-4	1.267450E+4	0.000000E+0	0.000000E+0
6.207781E+3	-1.001610E-4	1.267450E+4	0.000000E+0	0.000000E+0
6.211777E+3	-1.001650E-4	1.267440E+4	0.000000E+0	0.000000E+0
6.215784E+3	-1.001630E-4	1.267450E+4	0.000000E+0	0.000000E+0
6.219779E+3	-1.001610E-4	1.267450E+4	0.000000E+0	0.000000E+0
6.223782E+3	-1.001630E-4	1.267440E+4	0.000000E+0	0.000000E+0
6.227775E+3	-1.001640E-4	1.267440E+4	0.000000E+0	0.000000E+0
6.231783E+3	-1.001620E-4	1.267430E+4	0.000000E+0	0.000000E+0
6.235775E+3	-1.001630E-4	1.267430E+4	0.000000E+0	0.000000E+0
6.239782E+3	-1.001630E-4	1.267430E+4	0.000000E+0	0.000000E+0
6.243775E+3	-1.001640E-4	1.267420E+4	0.000000E+0	0.000000E+0
6.247781E+3	-1.001620E-4	1.267420E+4	0.000000E+0	0.000000E+0
6.251776E+3	-1.001630E-4	1.267420E+4	0.000000E+0	0.000000E+0
6.255774E+3	-1.001630E-4	1.267410E+4	0.000000E+0	0.000000E+0
6.259773E+3	-1.001650E-4	1.267410E+4	0.000000E+0	0.000000E+0
6.263779E+3	-1.001640E-4	1.267400E+4	0.000000E+0	0.000000E+0
6.267780E+3	-1.001640E-4	1.267390E+4	0.000000E+0	0.000000E+0
6.271776E+3	-1.001630E-4	1.267390E+4	0.000000E+0	0.000000E+0
6.275776E+3	-1.001640E-4	1.267390E+4	0.000000E+0	0.000000E+0
6.279782E+3	-1.001620E-4	1.267390E+4	0.000000E+0	0.000000E+0
6.283778E+3	-1.001620E-4	1.267390E+4	0.000000E+0	0.000000E+0
6.287781E+3	-1.001620E-4	1.267390E+4	0.000000E+0	0.000000E+0
6.291776E+3	-1.001610E-4	1.267380E+4	0.000000E+0	0.000000E+0
6.295782E+3	-1.001640E-4	1.267370E+4	0.000000E+0	0.000000E+0
6.299776E+3	-1.001620E-4	1.267370E+4	0.000000E+0	0.000000E+0
6.303779E+3	-1.001620E-4	1.267370E+4	0.000000E+0	0.000000E+0
6.307777E+3	-1.001640E-4	1.267370E+4	0.000000E+0	0.000000E+0
6.311782E+3	-1.001630E-4	1.267370E+4	0.000000E+0	0.000000E+0
6.315776E+3	-1.001610E-4	1.267370E+4	0.000000E+0	0.000000E+0
6.319779E+3	-1.001620E-4	1.267360E+4	0.000000E+0	0.000000E+0
6.323775E+3	-1.001630E-4	1.267370E+4	0.000000E+0	0.000000E+0
6.327780E+3	-1.001620E-4	1.267360E+4	0.000000E+0	0.000000E+0
6.331777E+3	-1.001630E-4	1.267360E+4	0.000000E+0	0.000000E+0
6.335779E+3	-1.001620E-4	1.267350E+4	0.000000E+0	0.000000E+0
6.339775E+3	-1.001640E-4	1.267350E+4	0.000000E+0	0.000000E+0
6.343783E+3	-1.001610E-4	1.267350E+4	0.000000E+0	0.000000E+0
6.347776E+3	-1.001630E-4	1.267340E+4	0.000000E+0	0.000000E+0
6.351779E+3	-1.001630E-4	1.267350E+4	0.000000E+0	0.000000E+0
6.355775E+3	-1.001620E-4	1.267340E+4	0.000000E+0	0.000000E+0
6.359783E+3	-1.001620E-4	1.267320E+4	0.000000E+0	0.000000E+0
6.363778E+3	-1.001620E-4	1.267320E+4	0.000000E+0	0.000000E+0
6.367781E+3	-1.001600E-4	1.267320E+4	0.000000E+0	0.000000E+0
6.371776E+3	-1.001620E-4	1.267320E+4	0.000000E+0	0.000000E+0
6.375786E+3	-1.001610E-4	1.267320E+4	0.000000E+0	0.000000E+0
6.379778E+3	-1.001610E-4	1.267300E+4	0.000000E+0	0.000000E+0
6.383780E+3	-1.001620E-4	1.267290E+4	0.000000E+0	0.000000E+0
6.387776E+3	-1.001610E-4	1.267290E+4	0.000000E+0	0.000000E+0
6.391784E+3	-1.001630E-4	1.267280E+4	0.000000E+0	0.000000E+0
6.395777E+3	-1.001620E-4	1.267280E+4	0.000000E+0	0.000000E+0
6.399780E+3	-1.001610E-4	1.267270E+4	0.000000E+0	0.000000E+0
6.403777E+3	-1.001620E-4	1.267270E+4	0.000000E+0	0.000000E+0
6.407787E+3	-1.001600E-4	1.267280E+4	0.000000E+0	0.000000E+0
6.411777E+3	-1.001610E-4	1.267280E+4	0.000000E+0	0.000000E+0
6.415777E+3	-1.001610E-4	1.267270E+4	0.000000E+0	0.000000E+0
6.419772E+3	-1.001610E-4	1.267270E+4	0.000000E+0	0.000000E+0
6.423782E+3	-1.001610E-4	1.267270E+4	0.000000E+0	0.000000E+0
6.427777E+3	-1.001640E-4	1.267270E+4	0.000000E+0	0.000000E+0
6.431774E+3	-1.001600E-4	1.267270E+4	0.000000E+0	0.000000E+0
6.435775E+3	-1.001610E-4	1.267260E+4	0.000000E+0	0.000000E+0
6.439783E+3	-1.001610E-4	1.267260E+4	0.000000E+0	0.000000E+0
6.443776E+3	-1.001610E-4	1.267260E+4	0.000000E+0	0.000000E+0
6.447780E+3	-1.001610E-4	1.267260E+4	0.000000E+0	0.000000E+0
6.451776E+3	-1.001620E-4	1.267260E+4	0.000000E+0	0.000000E+0
6.455779E+3	-1.001600E-4	1.267250E+4	0.000000E+0	0.000000E+0
6.459778E+3	-1.001610E-4	1.267250E+4	0.000000E+0	0.000000E+0
6.463778E+3	-1.001610E-4	1.267250E+4	0.000000E+0	0.000000E+0
6.467774E+3	-1.001600E-4	1.267240E+4	0.000000E+0	0.000000E+0
6.471781E+3	-1.001610E-4	1.267240E+4	0.000000E+0	0.000000E+0
6.475774E+3	-1.001620E-4	1.267230E+4	0.000000E+0	0.000000E+0
6.479777E+3	-1.001620E-4	1.267230E+4	0.000000E+0	0.000000E+0
6.483773E+3	-1.001630E-4	1.267230E+4	0.000000E+0	0.000000E+0
6.487782E+3	-1.001620E-4	1.267220E+4	0.000000E+0	0.000000E+0
6.491776E+3	-1.001600E-4	1.267220E+4	0.000000E+0	0.000000E+0
6.495779E+3	-1.001600E-4	1.267230E+4	0.000000E+0	0.000000E+0
6.499772E+3	-1.001610E-4	1.267210E+4	0.000000E+0	0.000000E+0
6.503782E+3	-1.001610E-4	1.267220E+4	0.000000E+0	0.000000E+0
6.507775E+3	-1.001620E-4	1.267220E+4	0.000000E+0	0.000000E+0
6.511779E+3	-1.001630E-4	1.267210E+4	0.000000E+0	0.000000E+0
6.515775E+3	-1.001610E-4	1.267210E+4	0.000000E+0	0.000000E+0
6.519782E+3	-1.001610E-4	1.267210E+4	0.000000E+0	0.000000E+0
6.523777E+3	-1.001610E-4	1.267190E+4	0.000000E+0	0.000000E+0
6.527780E+3	-1.001600E-4	1.267200E+4	0.000000E+0	0.000000E+0
6.531775E+3	-1.001630E-4	1.267200E+4	0.000000E+0	0.000000E+0
6.535783E+3	-1.001620E-4	1.267180E+4	0.000000E+0	0.000000E+0
6.539776E+3	-1.001590E-4	1.267180E+4	0.000000E+0	0.000000E+0
6.543780E+3	-1.001620E-4	1.267180E+4	0.000000E+0	0.000000E+0
6.547775E+3	-1.001610E-4	1.267170E+4	0.000000E+0	0.000000E+0
6.551784E+3	-1.001610E-4	1.267160E+4	0.000000E+0	0.000000E+0
6.555778E+3	-1.001600E-4	1.267170E+4	0.000000E+0	0.000000E+0
6.559785E+3	-1.001590E-4	1.267160E+4	0.000000E+0	0.000000E+0
6.563776E+3	-1.001600E-4	1.267160E+4	0.000000E+0	0.000000E+0
6.567784E+3	-1.001610E-4	1.267150E+4	0.000000E+0	0.000000E+0
6.571777E+3	-1.001610E-4	1.267150E+4	0.000000E+0	0.000000E+0
6.575781E+3	-1.001600E-4	1.267150E+4	0.000000E+0	0.000000E+0
6.579774E+3	-1.001610E-4	1.267150E+4	0.000000E+0	0.000000E+0
6.583782E+3	-1.001570E-4	1.267160E+4	0.000000E+0	0.000000E+0
6.587776E+3	-1.001620E-4	1.267150E+4	0.000000E+0	0.000000E+0
6.591776E+3	-1.001580E-4	1.267150E+4	0.000000E+0	0.000000E+0
6.595774E+3	-1.001600E-4	1.267150E+4	0.000000E+0	0.000000E+0
6.599783E+3	-1.001590E-4	1.267150E+4	0.000000E+0	0.000000E+0
6.603779E+3	-1.001590E-4	1.267140E+4	0.000000E+0	0.000000E+0
6.607776E+3	-1.001590E-4	1.267140E+4	0.000000E+0	0.000000E+0
6.611772E+3	-1.001600E-4	1.267140E+4	0.000000E+0	0.000000E+0
6.615783E+3	-1.001590E-4	1.267140E+4	0.000000E+0	0.000000E+0
6.619777E+3	-1.001590E-4	1.267130E+4	0.000000E+0	0.000000E+0
6.623780E+3	-1.001600E-4	1.267140E+4	0.000000E+0	0.000000E+0
6.627773E+3	-1.001610E-4	1.267140E+4	0.000000E+0	0.000000E+0
6.631783E+3	-1.001590E-4	1.267140E+4	0.000000E+0	0.000000E+0
6.635778E+3	-1.001600E-4	1.267130E+4	0.000000E+0	0.000000E+0
6.639779E+3	-1.001590E-4	1.267130E+4	0.000000E+0	0.000000E+0
6.643775E+3	-1.001610E-4	1.267120E+4	0.000000E+0	0.000000E+0
6.647784E+3	-1.001590E-4	1.267110E+4	0.000000E+0	0.000000E+0
6.651774E+3	-1.001610E-4	1.267110E+4	0.000000E+0	0.000000E+0
6.655776E+3	-1.001590E-4	1.267110E+4	0.000000E+0	0.000000E+0
6.659773E+3	-1.001620E-4	1.267100E+4	0.000000E+0	0.000000E+0
6.663781E+3	-1.001590E-4	1.267100E+4	0.000000E+0	0.000000E+0
6.667774E+3	-1.001610E-4	1.267090E+4	0.000000E+0	0.000000E+0
6.671779E+3	-1.001610E-4	1.267090E+4	0.000000E+0	0.000000E+0
6.675776E+3	-1.001610E-4	1.267080E+4	0.000000E+0	0.000000E+0
6.679780E+3	-1.001570E-4	1.267090E+4	0.000000E+0	0.000000E+0
6.683777E+3	-1.001620E-4	1.267090E+4	0.000000E+0	0.000000E+0
6.687777E+3	-1.001610E-4	1.267080E+4	0.000000E+0	0.000000E+0
6.691774E+3	-1.001610E-4	1.267080E+4	0.000000E+0	0.000000E+0
6.695783E+3	-1.001600E-4	1.267080E+4	0.000000E+0	0.000000E+0
6.699777E+3	-1.001620E-4	1.267070E+4	0.000000E+0	0.000000E+0
6.703780E+3	-1.001590E-4	1.267070E+4	0.000000E+0	0.000000E+0
6.707774E+3	-1.001590E-4	1.267070E+4	0.000000E+0	0.000000E+0
6.711783E+3	-1.001610E-4	1.267070E+4	0.000000E+0	0.000000E+0
6.715775E+3	-1.001590E-4	1.267060E+4	0.000000E+0	0.000000E+0
6.719776E+3	-1.001590E-4	1.267060E+4	0.000000E+0	0.000000E+0
6.723776E+3	-1.001610E-4	1.267060E+4	0.000000E+0	0.000000E+0
6.727784E+3	-1.001590E-4	1.267050E+4	0.000000E+0	0.000000E+0
6.731776E+3	-1.001590E-4	1.267060E+4	0.000000E+0	0.000000E+0
6.735779E+3	-1.001590E-4	1.267060E+4	0.000000E+0	0.000000E+0
6.739775E+3	-1.001590E-4	1.267060E+4	0.000000E+0	0.000000E+0
6.743779E+3	-1.001570E-4	1.267050E+4	0.000000E+0	0.000000E+0
6.747776E+3	-1.001600E-4	1.267050E+4	0.000000E+0	0.000000E+0
6.751778E+3	-1.001570E-4	1.267050E+4	0.000000E+0	0.000000E+0
6.755773E+3	-1.001600E-4	1.267050E+4	0.000000E+0	0.000000E+0
6.759781E+3	-1.001600E-4	1.267040E+4	0.000000E+0	0.000000E+0
6.763777E+3	-1.001590E-4	1.267030E+4	0.000000E+0	0.000000E+0
6.767777E+3	-1.001580E-4	1.267030E+4	0.000000E+0	0.000000E+0
6.771774E+3	-1.001590E-4	1.267040E+4	0.000000E+0	0.000000E+0
6.775785E+3	-1.001580E-4	1.267030E+4	0.000000E+0	0.000000E+0
6.779777E+3	-1.001590E-4	1.267030E+4	0.000000E+0	0.000000E+0
6.783780E+3	-1.001590E-4	1.267020E+4	0.000000E+0	0.000000E+0
6.787775E+3	-1.001590E-4	1.267020E+4	0.000000E+0	0.000000E+0
6.791782E+3	-1.001610E-4	1.267010E+4	0.000000E+0	0.000000E+0
6.795777E+3	-1.001580E-4	1.267010E+4	0.000000E+0	0.000000E+0
6.799778E+3	-1.001590E-4	1.267010E+4	0.000000E+0	0.000000E+0
6.803773E+3	-1.001590E-4	1.267010E+4	0.000000E+0	0.000000E+0
6.807781E+3	-1.001600E-4	1.267010E+4	0.000000E+0	0.000000E+0
6.811777E+3	-1.001590E-4	1.267010E+4	0.000000E+0	0.000000E+0
6.815774E+3	-1.001590E-4	1.267010E+4	0.000000E+0	0.000000E+0
6.819773E+3	-1.001600E-4	1.267000E+4	0.000000E+0	0.000000E+0
6.823783E+3	-1.001570E-4	1.267000E+4	0.000000E+0	0.000000E+0
6.827778E+3	-1.001590E-4	1.266990E+4	0.000000E+0	0.000000E+0
6.831778E+3	-1.001590E-4	1.266990E+4	0.000000E+0	0.000000E+0
6.835773E+3	-1.001580E-4	1.266980E+4	0.000000E+0	0.000000E+0
6.839782E+3	-1.001580E-4	1.266980E+4	0.000000E+0	0.000000E+0
6.843776E+3	-1.001580E-4	1.266990E+4	0.000000E+0	0.000000E+0
6.847777E+3	-1.001580E-4	1.266980E+4	0.000000E+0	0.000000E+0
6.851773E+3	-1.001580E-4	1.266980E+4	0.000000E+0	0.000000E+0
6.855782E+3	-1.001590E-4	1.266970E+4	0.000000E+0	0.000000E+0
6.859777E+3	-1.001580E-4	1.266970E+4	0.000000E+0	0.000000E+0
6.863779E+3	-1.001580E-4	1.266970E+4	0.000000E+0	0.000000E+0
6.867788E+3	-1.001570E-4	1.266960E+4	0.000000E+0	0.000000E+0
6.871775E+3	-1.001570E-4	1.266950E+4	0.000000E+0	0.000000E+0
6.875777E+3	-1.001570E-4	1.266960E+4	0.000000E+0	0.000000E+0
6.879779E+3	-1.001580E-4	1.266940E+4	0.000000E+0	0.000000E+0
6.883772E+3	-1.001580E-4	1.266950E+4	0.000000E+0	0.000000E+0
6.887778E+3	-1.001570E-4	1.266940E+4	0.000000E+0	0.000000E+0
6.891778E+3	-1.001580E-4	1.266940E+4	0.000000E+0	0.000000E+0
6.895777E+3	-1.001570E-4	1.266940E+4	0.000000E+0	0.000000E+0
6.899774E+3	-1.001580E-4	1.266940E+4	0.000000E+0	0.000000E+0
6.903778E+3	-1.001560E-4	1.266940E+4	0.000000E+0	0.000000E+0
6.907776E+3	-1.001570E-4	1.266940E+4	0.000000E+0	0.000000E+0
6.911774E+3	-1.001560E-4	1.266930E+4	0.000000E+0	0.000000E+0
6.915773E+3	-1.001570E-4	1.266920E+4	0.000000E+0	0.000000E+0
6.919780E+3	-1.001600E-4	1.266910E+4	0.000000E+0	0.000000E+0
6.923776E+3	-1.001580E-4	1.266920E+4	0.000000E+0	0.000000E+0
6.927778E+3	-1.001600E-4	1.266910E+4	0.000000E+0	0.000000E+0
6.931773E+3	-1.001590E-4	1.266920E+4	0.000000E+0	0.000000E+0
6.935782E+3	-1.001560E-4	1.266920E+4	0.000000E+0	0.000000E+0
6.939778E+3	-1.001580E-4	1.266920E+4	0.000000E+0	0.000000E+0
6.943775E+3	-1.001580E-4	1.266910E+4	0.000000E+0	0.000000E+0
6.947773E+3	-1.001560E-4	1.266900E+4	0.000000E+0	0.000000E+0
6.951781E+3	-1.001570E-4	1.266900E+4	0.000000E+0	0.000000E+0
6.955774E+3	-1.001580E-4	1.266910E+4	0.000000E+0	0.000000E+0
6.959775E+3	-1.001580E-4	1.266890E+4	0.000000E+0	0.000000E+0
6.963772E+3	-1.001580E-4	1.266900E+4	0.000000E+0	0.000000E+0
6.967777E+3	-1.001590E-4	1.266880E+4	0.000000E+0	0.000000E+0
6.971775E+3	-1.001580E-4	1.266880E+4	0.000000E+0	0.000000E+0
6.975775E+3	-1.001570E-4	1.266880E+4	0.000000E+0	0.000000E+0
6.979774E+3	-1.001560E-4	1.266870E+4	0.000000E+0	0.000000E+0
6.983777E+3	-1.001580E-4	1.266870E+4	0.000000E+0	0.000000E+0
6.987777E+3	-1.001570E-4	1.266880E+4	0.000000E+0	0.000000E+0
6.991777E+3	-1.001550E-4	1.266880E+4	0.000000E+0	0.000000E+0
6.995773E+3	-1.001580E-4	1.266880E+4	0.000000E+0	0.000000E+0
6.999780E+3	-1.001560E-4	1.266880E+4	0.000000E+0	0.000000E+0
7.003777E+3	-1.001560E-4	1.266870E+4	0.000000E+0	0.000000E+0
7.007778E+3	-1.001570E-4	1.266870E+4	0.000000E+0	0.000000E+0
7.011775E+3	-1.001590E-4	1.266860E+4	0.000000E+0	0.000000E+0
7.015778E+3	-1.001580E-4	1.266860E+4	0.000000E+0	0.000000E+0
7.019779E+3	-1.001560E-4	1.266850E+4	0.000000E+0	0.000000E+0
7.023779E+3	-1.001570E-4	1.266850E+4	0.000000E+0	0.000000E+0
7.027786E+3	-1.001560E-4	1.266850E+4	0.000000E+0	0.000000E+0
7.031774E+3	-1.001560E-4	1.266850E+4	0.000000E+0	0.000000E+0
7.035777E+3	-1.001560E-4	1.266840E+4	0.000000E+0	0.000000E+0
7.039776E+3	-1.001580E-4	1.266840E+4	0.000000E+0	0.000000E+0
7.043789E+3	-1.001560E-4	1.266830E+4	0.000000E+0	0.000000E+0
7.047784E+3	-1.001540E-4	1.266810E+4	0.000000E+0	0.000000E+0
7.051777E+3	-1.001570E-4	1.266820E+4	0.000000E+0	0.000000E+0
7.055777E+3	-1.001570E-4	1.266810E+4	0.000000E+0	0.000000E+0
7.059774E+3	-1.001580E-4	1.266810E+4	0.000000E+0	0.000000E+0
7.063782E+3	-1.001560E-4	1.266810E+4	0.000000E+0	0.000000E+0
7.067780E+3	-1.001570E-4	1.266800E+4	0.000000E+0	0.000000E+0
7.071778E+3	-1.001560E-4	1.266800E+4	0.000000E+0	0.000000E+0
7.075774E+3	-1.001570E-4	1.266800E+4	0.000000E+0	0.000000E+0
7.079782E+3	-1.001550E-4	1.266810E+4	0.000000E+0	0.000000E+0
7.083777E+3	-1.001560E-4	1.266790E+4	0.000000E+0	0.000000E+0
7.087774E+3	-1.001560E-4	1.266800E+4	0.000000E+0	0.000000E+0
7.091786E+3	-1.001560E-4	1.266790E+4	0.000000E+0	0.000000E+0
7.095773E+3	-1.001560E-4	1.266790E+4	0.000000E+0	0.000000E+0
7.099776E+3	-1.001550E-4	1.266780E+4	0.000000E+0	0.000000E+0
7.103776E+3	-1.001570E-4	1.266780E+4	0.000000E+0	0.000000E+0
7.107771E+3	-1.001570E-4	1.266770E+4	0.000000E+0	0.000000E+0
7.111779E+3	-1.001560E-4	1.266770E+4	0.000000E+0	0.000000E+0
7.115776E+3	-1.001550E-4	1.266770E+4	0.000000E+0	0.000000E+0
7.119778E+3	-1.001570E-4	1.266770E+4	0.000000E+0	0.000000E+0
7.123774E+3	-1.001550E-4	1.266760E+4	0.000000E+0	0.000000E+0
7.127778E+3	-1.001550E-4	1.266760E+4	0.000000E+0	0.000000E+0
