
Medición hecha el 2026-08-25  05:15 p.m.

Medición de corriente y tensión en el tiempo con posibilidad de inyectar corriente.
Tiempo	Corriente	Tensión
2.035980E+2	1.077190E-6	1.294500E+4	0.000000E+0	0.000000E+0
2.076060E+2	1.077210E-6	1.294460E+4	0.000000E+0	0.000000E+0
2.116000E+2	1.077260E-6	1.294420E+4	0.000000E+0	0.000000E+0
2.156000E+2	1.077260E-6	1.294380E+4	0.000000E+0	0.000000E+0
2.195980E+2	1.077310E-6	1.294330E+4	0.000000E+0	0.000000E+0
2.236100E+2	1.077290E-6	1.294270E+4	0.000000E+0	0.000000E+0
2.275950E+2	1.077400E-6	1.294210E+4	0.000000E+0	0.000000E+0
2.316040E+2	1.077390E-6	1.294160E+4	0.000000E+0	0.000000E+0
2.356010E+2	1.077370E-6	1.294110E+4	0.000000E+0	0.000000E+0
2.396010E+2	1.077460E-6	1.294090E+4	0.000000E+0	0.000000E+0
2.435980E+2	1.077460E-6	1.294050E+4	0.000000E+0	0.000000E+0
2.476040E+2	1.077660E-6	1.294030E+4	0.000000E+0	0.000000E+0
2.515970E+2	1.077570E-6	1.294010E+4	0.000000E+0	0.000000E+0
2.556000E+2	1.077630E-6	1.293980E+4	0.000000E+0	0.000000E+0
2.595970E+2	1.077650E-6	1.293920E+4	0.000000E+0	0.000000E+0
2.636100E+2	1.077650E-6	1.293870E+4	0.000000E+0	0.000000E+0
2.675990E+2	1.077680E-6	1.293810E+4	0.000000E+0	0.000000E+0
2.715940E+2	1.077770E-6	1.293760E+4	0.000000E+0	0.000000E+0
2.756030E+2	1.077790E-6	1.293720E+4	0.000000E+0	0.000000E+0
2.796000E+2	1.077830E-6	1.293700E+4	0.000000E+0	0.000000E+0
2.835980E+2	1.077780E-6	1.293670E+4	0.000000E+0	0.000000E+0
2.875960E+2	1.077810E-6	1.293630E+4	0.000000E+0	0.000000E+0
2.916010E+2	1.077910E-6	1.293570E+4	0.000000E+0	0.000000E+0
2.956000E+2	1.077940E-6	1.293520E+4	0.000000E+0	0.000000E+0
2.996060E+2	1.077920E-6	1.293480E+4	0.000000E+0	0.000000E+0
3.035980E+2	1.077910E-6	1.293430E+4	0.000000E+0	0.000000E+0
3.076050E+2	1.078020E-6	1.293370E+4	0.000000E+0	0.000000E+0
3.116030E+2	1.078070E-6	1.293320E+4	0.000000E+0	0.000000E+0
3.156090E+2	1.078020E-6	1.293280E+4	0.000000E+0	0.000000E+0
3.195960E+2	1.078040E-6	1.293230E+4	0.000000E+0	0.000000E+0
3.236010E+2	1.078060E-6	1.293200E+4	0.000000E+0	0.000000E+0
3.276040E+2	1.078080E-6	1.293170E+4	0.000000E+0	0.000000E+0
3.316010E+2	1.078090E-6	1.293140E+4	0.000000E+0	0.000000E+0
3.355940E+2	1.078170E-6	1.293110E+4	0.000000E+0	0.000000E+0
3.395930E+2	1.078250E-6	1.293090E+4	0.000000E+0	0.000000E+0
3.435960E+2	1.078290E-6	1.293060E+4	0.000000E+0	0.000000E+0
3.476000E+2	1.078310E-6	1.293010E+4	0.000000E+0	0.000000E+0
3.515920E+2	1.078330E-6	1.292940E+4	0.000000E+0	0.000000E+0
3.556020E+2	1.078320E-6	1.292880E+4	0.000000E+0	0.000000E+0
3.595970E+2	1.078410E-6	1.292830E+4	0.000000E+0	0.000000E+0
3.636030E+2	1.078370E-6	1.292800E+4	0.000000E+0	0.000000E+0
3.675970E+2	1.078430E-6	1.292750E+4	0.000000E+0	0.000000E+0
3.716050E+2	1.078500E-6	1.292700E+4	0.000000E+0	0.000000E+0
3.755980E+2	1.078490E-6	1.292650E+4	0.000000E+0	0.000000E+0
3.795980E+2	1.078520E-6	1.292600E+4	0.000000E+0	0.000000E+0
3.835930E+2	1.078500E-6	1.292540E+4	0.000000E+0	0.000000E+0
3.876030E+2	1.078530E-6	1.292500E+4	0.000000E+0	0.000000E+0
3.916000E+2	1.078570E-6	1.292470E+4	0.000000E+0	0.000000E+0
3.955980E+2	1.078630E-6	1.292450E+4	0.000000E+0	0.000000E+0
3.995980E+2	1.078600E-6	1.292430E+4	0.000000E+0	0.000000E+0
4.036010E+2	1.078670E-6	1.292400E+4	0.000000E+0	0.000000E+0
4.076010E+2	1.078690E-6	1.292390E+4	0.000000E+0	0.000000E+0
4.116010E+2	1.078640E-6	1.292350E+4	0.000000E+0	0.000000E+0
4.155960E+2	1.078830E-6	1.292330E+4	0.000000E+0	0.000000E+0
4.196000E+2	1.078720E-6	1.292310E+4	0.000000E+0	0.000000E+0
4.235980E+2	1.078780E-6	1.292290E+4	0.000000E+0	0.000000E+0
4.275970E+2	1.078730E-6	1.292280E+4	0.000000E+0	0.000000E+0
4.315960E+2	1.078950E-6	1.292270E+4	0.000000E+0	0.000000E+0
4.356050E+2	1.078900E-6	1.292260E+4	0.000000E+0	0.000000E+0
4.396020E+2	1.078930E-6	1.292240E+4	0.000000E+0	0.000000E+0
4.436020E+2	1.078960E-6	1.292220E+4	0.000000E+0	0.000000E+0
4.476000E+2	1.078980E-6	1.292190E+4	0.000000E+0	0.000000E+0
4.516020E+2	1.079000E-6	1.292160E+4	0.000000E+0	0.000000E+0
4.556020E+2	1.079020E-6	1.292130E+4	0.000000E+0	0.000000E+0
4.595950E+2	1.079100E-6	1.292100E+4	0.000000E+0	0.000000E+0
4.635940E+2	1.079210E-6	1.292070E+4	0.000000E+0	0.000000E+0
4.676020E+2	1.079260E-6	1.292060E+4	0.000000E+0	0.000000E+0
4.715950E+2	1.079190E-6	1.292020E+4	0.000000E+0	0.000000E+0
4.756030E+2	1.079250E-6	1.291990E+4	0.000000E+0	0.000000E+0
4.795970E+2	1.079250E-6	1.291930E+4	0.000000E+0	0.000000E+0
4.835960E+2	1.079310E-6	1.291890E+4	0.000000E+0	0.000000E+0
4.875980E+2	1.079300E-6	1.291840E+4	0.000000E+0	0.000000E+0
4.916010E+2	1.079370E-6	1.291790E+4	0.000000E+0	0.000000E+0
4.955980E+2	1.079360E-6	1.291700E+4	0.000000E+0	0.000000E+0
4.995990E+2	1.079480E-6	1.291620E+4	0.000000E+0	0.000000E+0
5.035960E+2	1.079480E-6	1.291560E+4	0.000000E+0	0.000000E+0
5.076040E+2	1.079490E-6	1.291500E+4	0.000000E+0	0.000000E+0
5.115960E+2	1.079510E-6	1.291450E+4	0.000000E+0	0.000000E+0
5.156010E+2	1.079580E-6	1.291420E+4	0.000000E+0	0.000000E+0
5.195960E+2	1.079630E-6	1.291400E+4	0.000000E+0	0.000000E+0
5.236000E+2	1.079650E-6	1.291360E+4	0.000000E+0	0.000000E+0
5.275970E+2	1.079660E-6	1.291330E+4	0.000000E+0	0.000000E+0
5.316000E+2	1.079740E-6	1.291310E+4	0.000000E+0	0.000000E+0
5.355990E+2	1.079690E-6	1.291280E+4	0.000000E+0	0.000000E+0
5.396100E+2	1.079690E-6	1.291260E+4	0.000000E+0	0.000000E+0
5.435940E+2	1.079730E-6	1.291240E+4	0.000000E+0	0.000000E+0
5.476000E+2	1.079670E-6	1.291220E+4	0.000000E+0	0.000000E+0
5.515970E+2	1.079750E-6	1.291210E+4	0.000000E+0	0.000000E+0
5.556030E+2	1.079840E-6	1.291190E+4	0.000000E+0	0.000000E+0
5.595970E+2	1.079790E-6	1.291180E+4	0.000000E+0	0.000000E+0
5.636050E+2	1.079760E-6	1.291150E+4	0.000000E+0	0.000000E+0
5.675930E+2	1.079870E-6	1.291110E+4	0.000000E+0	0.000000E+0
5.715970E+2	1.079880E-6	1.291070E+4	0.000000E+0	0.000000E+0
5.755960E+2	1.080010E-6	1.291020E+4	0.000000E+0	0.000000E+0
5.795960E+2	1.080010E-6	1.290970E+4	0.000000E+0	0.000000E+0
5.835970E+2	1.079970E-6	1.290930E+4	0.000000E+0	0.000000E+0
5.876010E+2	1.080010E-6	1.290900E+4	0.000000E+0	0.000000E+0
5.915990E+2	1.080110E-6	1.290870E+4	0.000000E+0	0.000000E+0
5.955980E+2	1.080020E-6	1.290840E+4	0.000000E+0	0.000000E+0
5.995960E+2	1.079990E-6	1.290790E+4	0.000000E+0	0.000000E+0
6.035960E+2	1.080130E-6	1.290760E+4	0.000000E+0	0.000000E+0
6.075980E+2	1.080260E-6	1.290730E+4	0.000000E+0	0.000000E+0
6.115990E+2	1.080200E-6	1.290710E+4	0.000000E+0	0.000000E+0
6.155970E+2	1.080200E-6	1.290670E+4	0.000000E+0	0.000000E+0
6.195960E+2	1.080270E-6	1.290600E+4	0.000000E+0	0.000000E+0
6.235990E+2	1.080350E-6	1.290540E+4	0.000000E+0	0.000000E+0
6.276000E+2	1.080270E-6	1.290480E+4	0.000000E+0	0.000000E+0
6.315990E+2	1.080280E-6	1.290430E+4	0.000000E+0	0.000000E+0
6.355950E+2	1.080350E-6	1.290360E+4	0.000000E+0	0.000000E+0
6.395990E+2	1.080400E-6	1.290330E+4	0.000000E+0	0.000000E+0
6.435950E+2	1.080430E-6	1.290310E+4	0.000000E+0	0.000000E+0
6.475970E+2	1.080410E-6	1.290280E+4	0.000000E+0	0.000000E+0
6.515950E+2	1.080350E-6	1.290250E+4	0.000000E+0	0.000000E+0
6.555980E+2	1.080320E-6	1.290220E+4	0.000000E+0	0.000000E+0
6.596030E+2	1.080440E-6	1.290190E+4	0.000000E+0	0.000000E+0
6.635950E+2	1.080450E-6	1.290150E+4	0.000000E+0	0.000000E+0
6.675960E+2	1.080560E-6	1.290120E+4	0.000000E+0	0.000000E+0
6.715930E+2	1.080580E-6	1.290100E+4	0.000000E+0	0.000000E+0
6.755960E+2	1.080550E-6	1.290080E+4	0.000000E+0	0.000000E+0
6.796010E+2	1.080610E-6	1.290050E+4	0.000000E+0	0.000000E+0
6.835960E+2	1.080580E-6	1.290000E+4	0.000000E+0	0.000000E+0
6.875950E+2	1.080690E-6	1.289960E+4	0.000000E+0	0.000000E+0
6.915980E+2	1.080700E-6	1.289930E+4	0.000000E+0	0.000000E+0
6.956080E+2	1.080800E-6	1.289890E+4	0.000000E+0	0.000000E+0
6.996010E+2	1.080780E-6	1.289860E+4	0.000000E+0	0.000000E+0
7.035990E+2	1.080790E-6	1.289820E+4	0.000000E+0	0.000000E+0
7.075970E+2	1.080790E-6	1.289790E+4	0.000000E+0	0.000000E+0
7.115990E+2	1.080840E-6	1.289780E+4	0.000000E+0	0.000000E+0
7.155990E+2	1.080870E-6	1.289760E+4	0.000000E+0	0.000000E+0
7.195970E+2	1.080900E-6	1.289750E+4	0.000000E+0	0.000000E+0
7.235970E+2	1.080890E-6	1.289730E+4	0.000000E+0	0.000000E+0
7.275970E+2	1.080900E-6	1.289710E+4	0.000000E+0	0.000000E+0
7.316020E+2	1.080930E-6	1.289700E+4	0.000000E+0	0.000000E+0
7.355980E+2	1.080980E-6	1.289680E+4	0.000000E+0	0.000000E+0
7.395980E+2	1.081000E-6	1.289660E+4	0.000000E+0	0.000000E+0
7.435950E+2	1.081010E-6	1.289640E+4	0.000000E+0	0.000000E+0
7.475970E+2	1.081080E-6	1.289620E+4	0.000000E+0	0.000000E+0
7.515970E+2	1.081180E-6	1.289590E+4	0.000000E+0	0.000000E+0
7.555980E+2	1.081160E-6	1.289570E+4	0.000000E+0	0.000000E+0
7.596010E+2	1.081190E-6	1.289540E+4	0.000000E+0	0.000000E+0
7.636030E+2	1.081230E-6	1.289500E+4	0.000000E+0	0.000000E+0
7.676030E+2	1.081210E-6	1.289450E+4	0.000000E+0	0.000000E+0
7.715980E+2	1.081240E-6	1.289390E+4	0.000000E+0	0.000000E+0
7.755950E+2	1.081280E-6	1.289330E+4	0.000000E+0	0.000000E+0
7.795960E+2	1.081250E-6	1.289280E+4	0.000000E+0	0.000000E+0
7.835980E+2	1.081350E-6	1.289230E+4	0.000000E+0	0.000000E+0
7.875980E+2	1.081370E-6	1.289200E+4	0.000000E+0	0.000000E+0
7.915960E+2	1.081430E-6	1.289160E+4	0.000000E+0	0.000000E+0
7.955940E+2	1.081370E-6	1.289130E+4	0.000000E+0	0.000000E+0
7.995940E+2	1.081350E-6	1.289090E+4	0.000000E+0	0.000000E+0
8.035970E+2	1.081430E-6	1.289060E+4	0.000000E+0	0.000000E+0
8.075970E+2	1.081380E-6	1.289030E+4	0.000000E+0	0.000000E+0
8.115970E+2	1.081460E-6	1.289000E+4	0.000000E+0	0.000000E+0
8.155960E+2	1.081570E-6	1.288960E+4	0.000000E+0	0.000000E+0
8.196020E+2	1.081500E-6	1.288930E+4	0.000000E+0	0.000000E+0
8.235970E+2	1.081610E-6	1.288880E+4	0.000000E+0	0.000000E+0
8.276000E+2	1.081630E-6	1.288810E+4	0.000000E+0	0.000000E+0
8.315950E+2	1.081700E-6	1.288750E+4	0.000000E+0	0.000000E+0
8.355980E+2	1.081680E-6	1.288690E+4	0.000000E+0	0.000000E+0
8.396050E+2	1.081740E-6	1.288660E+4	0.000000E+0	0.000000E+0
8.436000E+2	1.081780E-6	1.288640E+4	0.000000E+0	0.000000E+0
8.476000E+2	1.081860E-6	1.288620E+4	0.000000E+0	0.000000E+0
8.516000E+2	1.081840E-6	1.288600E+4	0.000000E+0	0.000000E+0
8.555980E+2	1.081880E-6	1.288570E+4	0.000000E+0	0.000000E+0
8.596040E+2	1.081820E-6	1.288550E+4	0.000000E+0	0.000000E+0
8.636060E+2	1.081840E-6	1.288520E+4	0.000000E+0	0.000000E+0
8.676010E+2	1.081870E-6	1.288500E+4	0.000000E+0	0.000000E+0
8.715990E+2	1.081850E-6	1.288470E+4	0.000000E+0	0.000000E+0
8.755990E+2	1.081910E-6	1.288450E+4	0.000000E+0	0.000000E+0
8.796000E+2	1.081890E-6	1.288440E+4	0.000000E+0	0.000000E+0
8.836010E+2	1.082000E-6	1.288350E+4	0.000000E+0	0.000000E+0
8.875990E+2	1.082050E-6	1.288200E+4	0.000000E+0	0.000000E+0
8.915970E+2	1.082070E-6	1.288110E+4	0.000000E+0	0.000000E+0
8.955960E+2	1.082040E-6	1.288080E+4	0.000000E+0	0.000000E+0
8.995980E+2	1.082120E-6	1.288040E+4	0.000000E+0	0.000000E+0
9.035990E+2	1.082120E-6	1.287990E+4	0.000000E+0	0.000000E+0
9.076050E+2	1.082240E-6	1.287950E+4	0.000000E+0	0.000000E+0
9.115970E+2	1.082170E-6	1.287900E+4	0.000000E+0	0.000000E+0
9.156020E+2	1.082170E-6	1.287830E+4	0.000000E+0	0.000000E+0
9.196080E+2	1.082230E-6	1.287780E+4	0.000000E+0	0.000000E+0
9.236030E+2	1.082240E-6	1.287760E+4	0.000000E+0	0.000000E+0
9.275950E+2	1.082270E-6	1.287740E+4	0.000000E+0	0.000000E+0
9.316000E+2	1.082320E-6	1.287740E+4	0.000000E+0	0.000000E+0
9.355970E+2	1.082320E-6	1.287710E+4	0.000000E+0	0.000000E+0
9.396030E+2	1.082330E-6	1.287690E+4	0.000000E+0	0.000000E+0
9.435980E+2	1.082320E-6	1.287660E+4	0.000000E+0	0.000000E+0
9.475960E+2	1.082440E-6	1.287620E+4	0.000000E+0	0.000000E+0
9.515980E+2	1.082500E-6	1.287590E+4	0.000000E+0	0.000000E+0
9.556010E+2	1.082510E-6	1.287570E+4	0.000000E+0	0.000000E+0
9.596040E+2	1.082570E-6	1.287570E+4	0.000000E+0	0.000000E+0
9.636040E+2	1.082570E-6	1.287540E+4	0.000000E+0	0.000000E+0
9.676040E+2	1.082500E-6	1.287510E+4	0.000000E+0	0.000000E+0
9.716020E+2	1.082640E-6	1.287470E+4	0.000000E+0	0.000000E+0
9.755970E+2	1.082560E-6	1.287480E+4	0.000000E+0	0.000000E+0
9.796010E+2	1.082550E-6	1.287460E+4	0.000000E+0	0.000000E+0
9.836010E+2	1.082640E-6	1.287430E+4	0.000000E+0	0.000000E+0
9.875990E+2	1.082700E-6	1.287410E+4	0.000000E+0	0.000000E+0
9.915960E+2	1.082640E-6	1.287390E+4	0.000000E+0	0.000000E+0
9.955980E+2	1.082640E-6	1.287360E+4	0.000000E+0	0.000000E+0
9.996000E+2	1.082760E-6	1.287340E+4	0.000000E+0	0.000000E+0
1.003600E+3	1.082720E-6	1.287310E+4	0.000000E+0	0.000000E+0
1.007598E+3	1.082770E-6	1.287270E+4	0.000000E+0	0.000000E+0
1.011599E+3	1.082730E-6	1.287230E+4	0.000000E+0	0.000000E+0
1.015600E+3	1.082800E-6	1.287180E+4	0.000000E+0	0.000000E+0
1.019605E+3	1.082840E-6	1.287120E+4	0.000000E+0	0.000000E+0
1.023598E+3	1.082840E-6	1.287040E+4	0.000000E+0	0.000000E+0
1.027602E+3	1.082890E-6	1.286970E+4	0.000000E+0	0.000000E+0
1.031600E+3	1.082870E-6	1.286940E+4	0.000000E+0	0.000000E+0
1.035598E+3	1.082890E-6	1.286930E+4	0.000000E+0	0.000000E+0
1.039598E+3	1.082970E-6	1.286930E+4	0.000000E+0	0.000000E+0
1.043601E+3	1.083060E-6	1.286910E+4	0.000000E+0	0.000000E+0
1.047598E+3	1.083120E-6	1.286900E+4	0.000000E+0	0.000000E+0
1.051596E+3	1.083140E-6	1.286880E+4	0.000000E+0	0.000000E+0
1.055599E+3	1.083160E-6	1.286870E+4	0.000000E+0	0.000000E+0
1.059602E+3	1.083170E-6	1.286850E+4	0.000000E+0	0.000000E+0
1.063602E+3	1.083090E-6	1.286820E+4	0.000000E+0	0.000000E+0
1.067601E+3	1.083200E-6	1.286780E+4	0.000000E+0	0.000000E+0
1.071596E+3	1.083210E-6	1.286740E+4	0.000000E+0	0.000000E+0
1.075599E+3	1.083300E-6	1.286720E+4	0.000000E+0	0.000000E+0
1.079604E+3	1.083300E-6	1.286680E+4	0.000000E+0	0.000000E+0
1.083602E+3	1.083400E-6	1.286640E+4	0.000000E+0	0.000000E+0
1.087597E+3	1.083320E-6	1.286620E+4	0.000000E+0	0.000000E+0
1.091595E+3	1.083340E-6	1.286590E+4	0.000000E+0	0.000000E+0
1.095597E+3	1.083410E-6	1.286560E+4	0.000000E+0	0.000000E+0
1.099597E+3	1.083380E-6	1.286520E+4	0.000000E+0	0.000000E+0
1.103603E+3	1.083450E-6	1.286490E+4	0.000000E+0	0.000000E+0
1.107600E+3	1.083440E-6	1.286450E+4	0.000000E+0	0.000000E+0
1.111593E+3	1.083500E-6	1.286420E+4	0.000000E+0	0.000000E+0
1.115593E+3	1.083450E-6	1.286370E+4	0.000000E+0	0.000000E+0
1.119593E+3	1.083510E-6	1.286340E+4	0.000000E+0	0.000000E+0
1.123603E+3	1.083600E-6	1.286270E+4	0.000000E+0	0.000000E+0
1.127600E+3	1.083620E-6	1.286240E+4	0.000000E+0	0.000000E+0
1.131598E+3	1.083600E-6	1.286210E+4	0.000000E+0	0.000000E+0
1.135603E+3	1.083650E-6	1.286180E+4	0.000000E+0	0.000000E+0
1.139598E+3	1.083760E-6	1.286140E+4	0.000000E+0	0.000000E+0
1.143607E+3	1.083700E-6	1.286090E+4	0.000000E+0	0.000000E+0
1.147601E+3	1.083760E-6	1.286040E+4	0.000000E+0	0.000000E+0
1.151601E+3	1.083750E-6	1.286000E+4	0.000000E+0	0.000000E+0
1.155597E+3	1.083730E-6	1.285960E+4	0.000000E+0	0.000000E+0
1.159598E+3	1.083700E-6	1.285910E+4	0.000000E+0	0.000000E+0
1.163609E+3	1.083740E-6	1.285880E+4	0.000000E+0	0.000000E+0
1.167600E+3	1.083800E-6	1.285830E+4	0.000000E+0	0.000000E+0
1.171597E+3	1.083760E-6	1.285770E+4	0.000000E+0	0.000000E+0
1.175597E+3	1.083830E-6	1.285710E+4	0.000000E+0	0.000000E+0
1.179600E+3	1.083890E-6	1.285650E+4	0.000000E+0	0.000000E+0
1.183597E+3	1.083920E-6	1.285600E+4	0.000000E+0	0.000000E+0
1.187594E+3	1.083910E-6	1.285530E+4	0.000000E+0	0.000000E+0
1.191592E+3	1.083830E-6	1.285480E+4	0.000000E+0	0.000000E+0
1.195595E+3	1.083940E-6	1.285450E+4	0.000000E+0	0.000000E+0
1.199598E+3	1.083930E-6	1.285420E+4	0.000000E+0	0.000000E+0
1.203600E+3	1.083980E-6	1.285400E+4	0.000000E+0	0.000000E+0
1.207597E+3	1.084110E-6	1.285360E+4	0.000000E+0	0.000000E+0
1.211597E+3	1.084050E-6	1.285340E+4	0.000000E+0	0.000000E+0
1.215598E+3	1.084030E-6	1.285290E+4	0.000000E+0	0.000000E+0
1.219598E+3	1.084090E-6	1.285240E+4	0.000000E+0	0.000000E+0
1.223595E+3	1.084150E-6	1.285210E+4	0.000000E+0	0.000000E+0
1.227604E+3	1.084110E-6	1.285190E+4	0.000000E+0	0.000000E+0
1.231601E+3	1.084240E-6	1.285160E+4	0.000000E+0	0.000000E+0
1.235599E+3	1.084180E-6	1.285100E+4	0.000000E+0	0.000000E+0
1.239599E+3	1.084210E-6	1.285040E+4	0.000000E+0	0.000000E+0
1.243602E+3	1.084330E-6	1.284980E+4	0.000000E+0	0.000000E+0
1.247596E+3	1.084300E-6	1.284950E+4	0.000000E+0	0.000000E+0
1.251602E+3	1.084320E-6	1.284920E+4	0.000000E+0	0.000000E+0
1.255601E+3	1.084310E-6	1.284890E+4	0.000000E+0	0.000000E+0
1.259599E+3	1.084380E-6	1.284880E+4	0.000000E+0	0.000000E+0
1.263598E+3	1.084450E-6	1.284860E+4	0.000000E+0	0.000000E+0
1.267601E+3	1.084500E-6	1.284840E+4	0.000000E+0	0.000000E+0
1.271592E+3	1.084500E-6	1.284810E+4	0.000000E+0	0.000000E+0
1.275592E+3	1.084510E-6	1.284770E+4	0.000000E+0	0.000000E+0
1.279598E+3	1.084520E-6	1.284750E+4	0.000000E+0	0.000000E+0
1.283600E+3	1.084590E-6	1.284730E+4	0.000000E+0	0.000000E+0
1.287594E+3	1.084590E-6	1.284680E+4	0.000000E+0	0.000000E+0
1.291605E+3	1.084630E-6	1.284650E+4	0.000000E+0	0.000000E+0
1.295598E+3	1.084690E-6	1.284640E+4	0.000000E+0	0.000000E+0
1.299601E+3	1.084700E-6	1.284650E+4	0.000000E+0	0.000000E+0
1.303603E+3	1.084750E-6	1.284640E+4	0.000000E+0	0.000000E+0
1.307600E+3	1.084700E-6	1.284610E+4	0.000000E+0	0.000000E+0
1.311600E+3	1.084720E-6	1.284600E+4	0.000000E+0	0.000000E+0
1.315599E+3	1.084750E-6	1.284570E+4	0.000000E+0	0.000000E+0
1.319604E+3	1.084750E-6	1.284560E+4	0.000000E+0	0.000000E+0
1.323599E+3	1.084730E-6	1.284540E+4	0.000000E+0	0.000000E+0
1.327599E+3	1.084810E-6	1.284530E+4	0.000000E+0	0.000000E+0
1.331598E+3	1.084840E-6	1.284520E+4	0.000000E+0	0.000000E+0
1.335611E+3	1.084890E-6	1.284500E+4	0.000000E+0	0.000000E+0
1.339607E+3	1.084830E-6	1.284470E+4	0.000000E+0	0.000000E+0
1.343597E+3	1.084870E-6	1.284460E+4	0.000000E+0	0.000000E+0
1.347596E+3	1.084840E-6	1.284440E+4	0.000000E+0	0.000000E+0
1.351597E+3	1.084950E-6	1.284410E+4	0.000000E+0	0.000000E+0
1.355600E+3	1.085000E-6	1.284400E+4	0.000000E+0	0.000000E+0
1.359597E+3	1.085000E-6	1.284380E+4	0.000000E+0	0.000000E+0
1.363597E+3	1.085030E-6	1.284350E+4	0.000000E+0	0.000000E+0
1.367599E+3	1.085030E-6	1.284280E+4	0.000000E+0	0.000000E+0
1.371600E+3	1.085150E-6	1.284220E+4	0.000000E+0	0.000000E+0
1.375602E+3	1.085070E-6	1.284150E+4	0.000000E+0	0.000000E+0
1.379602E+3	1.085090E-6	1.284090E+4	0.000000E+0	0.000000E+0
1.383595E+3	1.085100E-6	1.284000E+4	0.000000E+0	0.000000E+0
1.387601E+3	1.085220E-6	1.283960E+4	0.000000E+0	0.000000E+0
1.391593E+3	1.085090E-6	1.283920E+4	0.000000E+0	0.000000E+0
1.395604E+3	1.085170E-6	1.283890E+4	0.000000E+0	0.000000E+0
1.399598E+3	1.085160E-6	1.283870E+4	0.000000E+0	0.000000E+0
1.403598E+3	1.085240E-6	1.283830E+4	0.000000E+0	0.000000E+0
1.407595E+3	1.085240E-6	1.283800E+4	0.000000E+0	0.000000E+0
1.411605E+3	1.085290E-6	1.283760E+4	0.000000E+0	0.000000E+0
1.415599E+3	1.085290E-6	1.283720E+4	0.000000E+0	0.000000E+0
1.419598E+3	1.085310E-6	1.283700E+4	0.000000E+0	0.000000E+0
1.423601E+3	1.085300E-6	1.283680E+4	0.000000E+0	0.000000E+0
1.427601E+3	1.085400E-6	1.283650E+4	0.000000E+0	0.000000E+0
1.431601E+3	1.085390E-6	1.283610E+4	0.000000E+0	0.000000E+0
1.435599E+3	1.085430E-6	1.283580E+4	0.000000E+0	0.000000E+0
1.439596E+3	1.085470E-6	1.283550E+4	0.000000E+0	0.000000E+0
1.443607E+3	1.085460E-6	1.283510E+4	0.000000E+0	0.000000E+0
1.447599E+3	1.085440E-6	1.283480E+4	0.000000E+0	0.000000E+0
1.451607E+3	1.085500E-6	1.283440E+4	0.000000E+0	0.000000E+0
1.455595E+3	1.085510E-6	1.283410E+4	0.000000E+0	0.000000E+0
1.459603E+3	1.085600E-6	1.283390E+4	0.000000E+0	0.000000E+0
1.463595E+3	1.085560E-6	1.283350E+4	0.000000E+0	0.000000E+0
1.467603E+3	1.085590E-6	1.283320E+4	0.000000E+0	0.000000E+0
1.471594E+3	1.085640E-6	1.283300E+4	0.000000E+0	0.000000E+0
1.475604E+3	1.085730E-6	1.283280E+4	0.000000E+0	0.000000E+0
1.479597E+3	1.085700E-6	1.283250E+4	0.000000E+0	0.000000E+0
1.483595E+3	1.085670E-6	1.283210E+4	0.000000E+0	0.000000E+0
1.487598E+3	1.085800E-6	1.283170E+4	0.000000E+0	0.000000E+0
1.491601E+3	1.085810E-6	1.283120E+4	0.000000E+0	0.000000E+0
1.495603E+3	1.085870E-6	1.283070E+4	0.000000E+0	0.000000E+0
1.499603E+3	1.085820E-6	1.283020E+4	0.000000E+0	0.000000E+0
1.503595E+3	1.085920E-6	1.282970E+4	0.000000E+0	0.000000E+0
1.507606E+3	1.086020E-6	1.282920E+4	0.000000E+0	0.000000E+0
1.511594E+3	1.085990E-6	1.282890E+4	0.000000E+0	0.000000E+0
1.515594E+3	1.085970E-6	1.282840E+4	0.000000E+0	0.000000E+0
1.519601E+3	1.086040E-6	1.282830E+4	0.000000E+0	0.000000E+0
1.523597E+3	1.085960E-6	1.282800E+4	0.000000E+0	0.000000E+0
1.527597E+3	1.086110E-6	1.282780E+4	0.000000E+0	0.000000E+0
1.531600E+3	1.086110E-6	1.282750E+4	0.000000E+0	0.000000E+0
1.535600E+3	1.086120E-6	1.282710E+4	0.000000E+0	0.000000E+0
1.539597E+3	1.086120E-6	1.282680E+4	0.000000E+0	0.000000E+0
1.543594E+3	1.086190E-6	1.282650E+4	0.000000E+0	0.000000E+0
1.547592E+3	1.086250E-6	1.282620E+4	0.000000E+0	0.000000E+0
1.551594E+3	1.086230E-6	1.282610E+4	0.000000E+0	0.000000E+0
1.555597E+3	1.086240E-6	1.282590E+4	0.000000E+0	0.000000E+0
1.559595E+3	1.086250E-6	1.282560E+4	0.000000E+0	0.000000E+0
1.563600E+3	1.086280E-6	1.282550E+4	0.000000E+0	0.000000E+0
1.567595E+3	1.086290E-6	1.282520E+4	0.000000E+0	0.000000E+0
1.571600E+3	1.086300E-6	1.282500E+4	0.000000E+0	0.000000E+0
1.575600E+3	1.086380E-6	1.282470E+4	0.000000E+0	0.000000E+0
1.579598E+3	1.086370E-6	1.282450E+4	0.000000E+0	0.000000E+0
1.583596E+3	1.086420E-6	1.282440E+4	0.000000E+0	0.000000E+0
1.587600E+3	1.086420E-6	1.282410E+4	0.000000E+0	0.000000E+0
1.591600E+3	1.086480E-6	1.282390E+4	0.000000E+0	0.000000E+0
1.595598E+3	1.086560E-6	1.282390E+4	0.000000E+0	0.000000E+0
1.599598E+3	1.086570E-6	1.282380E+4	0.000000E+0	0.000000E+0
1.603596E+3	1.086630E-6	1.282370E+4	0.000000E+0	0.000000E+0
1.607598E+3	1.086650E-6	1.282350E+4	0.000000E+0	0.000000E+0
1.611599E+3	1.086680E-6	1.282330E+4	0.000000E+0	0.000000E+0
1.615599E+3	1.086690E-6	1.282300E+4	0.000000E+0	0.000000E+0
1.619597E+3	1.086700E-6	1.282270E+4	0.000000E+0	0.000000E+0
1.623601E+3	1.086620E-6	1.282250E+4	0.000000E+0	0.000000E+0
1.627604E+3	1.086650E-6	1.282230E+4	0.000000E+0	0.000000E+0
1.631602E+3	1.086720E-6	1.282190E+4	0.000000E+0	0.000000E+0
1.635600E+3	1.086830E-6	1.282140E+4	0.000000E+0	0.000000E+0
1.639595E+3	1.086790E-6	1.282110E+4	0.000000E+0	0.000000E+0
1.643602E+3	1.086800E-6	1.282080E+4	0.000000E+0	0.000000E+0
1.647600E+3	1.086770E-6	1.282030E+4	0.000000E+0	0.000000E+0
1.651597E+3	1.086800E-6	1.281990E+4	0.000000E+0	0.000000E+0
1.655594E+3	1.086980E-6	1.281960E+4	0.000000E+0	0.000000E+0
1.659605E+3	1.086820E-6	1.281920E+4	0.000000E+0	0.000000E+0
1.663597E+3	1.086910E-6	1.281890E+4	0.000000E+0	0.000000E+0
1.667601E+3	1.086910E-6	1.281870E+4	0.000000E+0	0.000000E+0
1.671595E+3	1.086980E-6	1.281850E+4	0.000000E+0	0.000000E+0
1.675592E+3	1.086910E-6	1.281820E+4	0.000000E+0	0.000000E+0
1.679600E+3	1.087040E-6	1.281800E+4	0.000000E+0	0.000000E+0
1.683598E+3	1.087030E-6	1.281760E+4	0.000000E+0	0.000000E+0
1.687595E+3	1.087080E-6	1.281720E+4	0.000000E+0	0.000000E+0
1.691598E+3	1.087100E-6	1.281670E+4	0.000000E+0	0.000000E+0
1.695598E+3	1.087110E-6	1.281630E+4	0.000000E+0	0.000000E+0
1.699600E+3	1.087210E-6	1.281600E+4	0.000000E+0	0.000000E+0
1.703601E+3	1.087250E-6	1.281570E+4	0.000000E+0	0.000000E+0
1.707598E+3	1.087270E-6	1.281540E+4	0.000000E+0	0.000000E+0
1.711601E+3	1.087220E-6	1.281520E+4	0.000000E+0	0.000000E+0
1.715602E+3	1.087270E-6	1.281480E+4	0.000000E+0	0.000000E+0
1.719596E+3	1.087310E-6	1.281460E+4	0.000000E+0	0.000000E+0
1.723607E+3	1.087330E-6	1.281430E+4	0.000000E+0	0.000000E+0
1.727607E+3	1.087260E-6	1.281400E+4	0.000000E+0	0.000000E+0
1.731599E+3	1.087290E-6	1.281370E+4	0.000000E+0	0.000000E+0
1.735596E+3	1.087380E-6	1.281350E+4	0.000000E+0	0.000000E+0
1.739594E+3	1.087400E-6	1.281310E+4	0.000000E+0	0.000000E+0
1.743598E+3	1.087440E-6	1.281230E+4	0.000000E+0	0.000000E+0
1.747600E+3	1.087440E-6	1.281180E+4	0.000000E+0	0.000000E+0
1.751598E+3	1.087500E-6	1.281140E+4	0.000000E+0	0.000000E+0
1.755601E+3	1.087510E-6	1.281100E+4	0.000000E+0	0.000000E+0
1.759597E+3	1.087510E-6	1.281080E+4	0.000000E+0	0.000000E+0
1.763601E+3	1.087630E-6	1.281070E+4	0.000000E+0	0.000000E+0
1.767600E+3	1.087570E-6	1.281030E+4	0.000000E+0	0.000000E+0
1.771600E+3	1.087610E-6	1.280960E+4	0.000000E+0	0.000000E+0
1.775601E+3	1.087670E-6	1.280890E+4	0.000000E+0	0.000000E+0
1.779604E+3	1.087620E-6	1.280850E+4	0.000000E+0	0.000000E+0
1.783598E+3	1.087690E-6	1.280820E+4	0.000000E+0	0.000000E+0
1.787596E+3	1.087710E-6	1.280780E+4	0.000000E+0	0.000000E+0
1.791598E+3	1.087750E-6	1.280750E+4	0.000000E+0	0.000000E+0
1.795601E+3	1.087750E-6	1.280710E+4	0.000000E+0	0.000000E+0
1.799604E+3	1.087730E-6	1.280700E+4	0.000000E+0	0.000000E+0
1.803604E+3	1.087810E-6	1.280660E+4	0.000000E+0	0.000000E+0
1.807604E+3	1.087990E-6	1.280610E+4	0.000000E+0	0.000000E+0
1.811600E+3	1.087840E-6	1.280560E+4	0.000000E+0	0.000000E+0
1.815596E+3	1.087890E-6	1.280510E+4	0.000000E+0	0.000000E+0
1.819603E+3	1.087950E-6	1.280470E+4	0.000000E+0	0.000000E+0
1.823600E+3	1.087860E-6	1.280440E+4	0.000000E+0	0.000000E+0
1.827600E+3	1.088000E-6	1.280410E+4	0.000000E+0	0.000000E+0
1.831600E+3	1.087980E-6	1.280380E+4	0.000000E+0	0.000000E+0
1.835598E+3	1.088070E-6	1.280350E+4	0.000000E+0	0.000000E+0
1.839602E+3	1.088110E-6	1.280320E+4	0.000000E+0	0.000000E+0
1.843602E+3	1.088170E-6	1.280290E+4	0.000000E+0	0.000000E+0
1.847601E+3	1.088120E-6	1.280270E+4	0.000000E+0	0.000000E+0
1.851600E+3	1.088200E-6	1.280250E+4	0.000000E+0	0.000000E+0
1.855599E+3	1.088210E-6	1.280220E+4	0.000000E+0	0.000000E+0
1.859601E+3	1.088190E-6	1.280200E+4	0.000000E+0	0.000000E+0
1.863598E+3	1.088190E-6	1.280170E+4	0.000000E+0	0.000000E+0
1.867598E+3	1.088270E-6	1.280130E+4	0.000000E+0	0.000000E+0
1.871601E+3	1.088340E-6	1.280100E+4	0.000000E+0	0.000000E+0
1.875602E+3	1.088270E-6	1.280070E+4	0.000000E+0	0.000000E+0
1.879596E+3	1.088310E-6	1.280070E+4	0.000000E+0	0.000000E+0
1.883596E+3	1.088350E-6	1.280060E+4	0.000000E+0	0.000000E+0
1.887597E+3	1.088370E-6	1.280050E+4	0.000000E+0	0.000000E+0
1.891602E+3	1.088410E-6	1.280040E+4	0.000000E+0	0.000000E+0
1.895604E+3	1.088410E-6	1.280030E+4	0.000000E+0	0.000000E+0
1.899605E+3	1.088360E-6	1.280010E+4	0.000000E+0	0.000000E+0
1.903605E+3	1.088450E-6	1.280000E+4	0.000000E+0	0.000000E+0
1.907599E+3	1.088500E-6	1.279970E+4	0.000000E+0	0.000000E+0
1.911597E+3	1.088540E-6	1.279970E+4	0.000000E+0	0.000000E+0
1.915605E+3	1.088590E-6	1.279960E+4	0.000000E+0	0.000000E+0
1.919597E+3	1.088550E-6	1.279940E+4	0.000000E+0	0.000000E+0
1.923600E+3	1.088530E-6	1.279900E+4	0.000000E+0	0.000000E+0
1.927598E+3	1.088660E-6	1.279860E+4	0.000000E+0	0.000000E+0
1.931602E+3	1.088630E-6	1.279820E+4	0.000000E+0	0.000000E+0
1.935593E+3	1.088660E-6	1.279780E+4	0.000000E+0	0.000000E+0
1.939601E+3	1.088690E-6	1.279740E+4	0.000000E+0	0.000000E+0
1.943600E+3	1.088730E-6	1.279720E+4	0.000000E+0	0.000000E+0
1.947600E+3	1.088710E-6	1.279700E+4	0.000000E+0	0.000000E+0
1.951596E+3	1.088690E-6	1.279680E+4	0.000000E+0	0.000000E+0
1.955600E+3	1.088750E-6	1.279660E+4	0.000000E+0	0.000000E+0
1.959603E+3	1.088740E-6	1.279640E+4	0.000000E+0	0.000000E+0
1.963601E+3	1.088840E-6	1.279610E+4	0.000000E+0	0.000000E+0
1.967598E+3	1.088820E-6	1.279580E+4	0.000000E+0	0.000000E+0
1.971599E+3	1.088790E-6	1.279550E+4	0.000000E+0	0.000000E+0
1.975599E+3	1.088900E-6	1.279530E+4	0.000000E+0	0.000000E+0
1.979598E+3	1.088940E-6	1.279500E+4	0.000000E+0	0.000000E+0
1.983596E+3	1.088950E-6	1.279480E+4	0.000000E+0	0.000000E+0
1.987599E+3	1.088980E-6	1.279450E+4	0.000000E+0	0.000000E+0
1.991604E+3	1.088990E-6	1.279410E+4	0.000000E+0	0.000000E+0
1.995600E+3	1.089010E-6	1.279360E+4	0.000000E+0	0.000000E+0
1.999597E+3	1.089010E-6	1.279330E+4	0.000000E+0	0.000000E+0
2.003598E+3	1.089020E-6	1.279300E+4	0.000000E+0	0.000000E+0
2.007602E+3	1.089050E-6	1.279270E+4	0.000000E+0	0.000000E+0
2.011599E+3	1.089160E-6	1.279230E+4	0.000000E+0	0.000000E+0
2.015597E+3	1.089100E-6	1.279190E+4	0.000000E+0	0.000000E+0
2.019598E+3	1.089120E-6	1.279160E+4	0.000000E+0	0.000000E+0
2.023603E+3	1.089150E-6	1.279130E+4	0.000000E+0	0.000000E+0
2.027601E+3	1.089210E-6	1.279100E+4	0.000000E+0	0.000000E+0
2.031601E+3	1.089280E-6	1.279080E+4	0.000000E+0	0.000000E+0
2.035601E+3	1.089270E-6	1.279050E+4	0.000000E+0	0.000000E+0
2.039596E+3	1.089370E-6	1.279000E+4	0.000000E+0	0.000000E+0
2.043600E+3	1.089380E-6	1.278980E+4	0.000000E+0	0.000000E+0
2.047596E+3	1.089410E-6	1.278940E+4	0.000000E+0	0.000000E+0
2.051600E+3	1.089400E-6	1.278890E+4	0.000000E+0	0.000000E+0
2.055599E+3	1.089490E-6	1.278850E+4	0.000000E+0	0.000000E+0
2.059601E+3	1.089420E-6	1.278790E+4	0.000000E+0	0.000000E+0
2.063596E+3	1.089440E-6	1.278750E+4	0.000000E+0	0.000000E+0
2.067601E+3	1.089560E-6	1.278710E+4	0.000000E+0	0.000000E+0
2.071606E+3	1.089530E-6	1.278670E+4	0.000000E+0	0.000000E+0
2.075604E+3	1.089600E-6	1.278630E+4	0.000000E+0	0.000000E+0
2.079596E+3	1.089600E-6	1.278590E+4	0.000000E+0	0.000000E+0
2.083605E+3	1.089660E-6	1.278530E+4	0.000000E+0	0.000000E+0
2.087605E+3	1.089670E-6	1.278460E+4	0.000000E+0	0.000000E+0
2.091602E+3	1.089610E-6	1.278340E+4	0.000000E+0	0.000000E+0
2.095596E+3	1.089610E-6	1.278120E+4	0.000000E+0	0.000000E+0
2.099607E+3	1.089720E-6	1.278020E+4	0.000000E+0	0.000000E+0
2.103605E+3	1.089710E-6	1.278000E+4	0.000000E+0	0.000000E+0
2.107603E+3	1.089900E-6	1.277990E+4	0.000000E+0	0.000000E+0
2.111595E+3	1.089790E-6	1.277990E+4	0.000000E+0	0.000000E+0
2.115595E+3	1.089860E-6	1.277990E+4	0.000000E+0	0.000000E+0
2.119600E+3	1.089870E-6	1.278010E+4	0.000000E+0	0.000000E+0
2.123598E+3	1.089840E-6	1.278020E+4	0.000000E+0	0.000000E+0
2.127596E+3	1.089790E-6	1.278020E+4	0.000000E+0	0.000000E+0
2.131600E+3	1.089820E-6	1.278010E+4	0.000000E+0	0.000000E+0
2.135601E+3	1.089910E-6	1.278000E+4	0.000000E+0	0.000000E+0
2.139598E+3	1.089970E-6	1.277980E+4	0.000000E+0	0.000000E+0
2.143596E+3	1.089960E-6	1.277970E+4	0.000000E+0	0.000000E+0
2.147599E+3	1.089910E-6	1.277940E+4	0.000000E+0	0.000000E+0
2.151601E+3	1.089890E-6	1.277920E+4	0.000000E+0	0.000000E+0
2.155604E+3	1.090010E-6	1.277880E+4	0.000000E+0	0.000000E+0
2.159598E+3	1.090070E-6	1.277850E+4	0.000000E+0	0.000000E+0
2.163596E+3	1.090130E-6	1.277830E+4	0.000000E+0	0.000000E+0
2.167599E+3	1.090130E-6	1.277830E+4	0.000000E+0	0.000000E+0
2.171601E+3	1.090190E-6	1.277810E+4	0.000000E+0	0.000000E+0
2.175602E+3	1.090170E-6	1.277790E+4	0.000000E+0	0.000000E+0
2.179600E+3	1.090170E-6	1.277770E+4	0.000000E+0	0.000000E+0
2.183599E+3	1.090230E-6	1.277740E+4	0.000000E+0	0.000000E+0
2.187602E+3	1.090300E-6	1.277710E+4	0.000000E+0	0.000000E+0
2.191603E+3	1.090310E-6	1.277680E+4	0.000000E+0	0.000000E+0
2.195602E+3	1.090290E-6	1.277660E+4	0.000000E+0	0.000000E+0
2.199598E+3	1.090280E-6	1.277620E+4	0.000000E+0	0.000000E+0
2.203600E+3	1.090320E-6	1.277570E+4	0.000000E+0	0.000000E+0
2.207598E+3	1.090300E-6	1.277530E+4	0.000000E+0	0.000000E+0
2.211598E+3	1.090450E-6	1.277490E+4	0.000000E+0	0.000000E+0
2.215598E+3	1.090490E-6	1.277440E+4	0.000000E+0	0.000000E+0
2.219595E+3	1.090470E-6	1.277410E+4	0.000000E+0	0.000000E+0
2.223601E+3	1.090410E-6	1.277400E+4	0.000000E+0	0.000000E+0
2.227598E+3	1.090480E-6	1.277370E+4	0.000000E+0	0.000000E+0
2.231601E+3	1.090470E-6	1.277360E+4	0.000000E+0	0.000000E+0
2.235599E+3	1.090460E-6	1.277330E+4	0.000000E+0	0.000000E+0
2.239598E+3	1.090520E-6	1.277310E+4	0.000000E+0	0.000000E+0
2.243598E+3	1.091300E-6	1.277280E+4	0.000000E+0	0.000000E+0
2.247602E+3	1.090690E-6	1.277240E+4	0.000000E+0	0.000000E+0
2.251602E+3	1.090960E-6	1.277220E+4	0.000000E+0	0.000000E+0
2.255602E+3	1.090690E-6	1.277210E+4	0.000000E+0	0.000000E+0
2.259601E+3	1.090720E-6	1.277190E+4	0.000000E+0	0.000000E+0
2.263601E+3	1.090780E-6	1.277160E+4	0.000000E+0	0.000000E+0
2.267602E+3	1.090980E-6	1.277060E+4	0.000000E+0	0.000000E+0
2.271602E+3	1.091010E-6	1.277000E+4	0.000000E+0	0.000000E+0
2.275602E+3	1.091050E-6	1.276950E+4	0.000000E+0	0.000000E+0
2.279599E+3	1.090930E-6	1.276900E+4	0.000000E+0	0.000000E+0
2.283602E+3	1.090800E-6	1.276870E+4	0.000000E+0	0.000000E+0
2.287602E+3	1.091070E-6	1.276840E+4	0.000000E+0	0.000000E+0
2.291598E+3	1.090860E-6	1.276810E+4	0.000000E+0	0.000000E+0
2.295600E+3	1.090900E-6	1.276760E+4	0.000000E+0	0.000000E+0
2.299602E+3	1.090880E-6	1.276700E+4	0.000000E+0	0.000000E+0
2.303598E+3	1.090910E-6	1.276670E+4	0.000000E+0	0.000000E+0
2.307598E+3	1.091250E-6	1.276650E+4	0.000000E+0	0.000000E+0
2.311599E+3	1.090970E-6	1.276630E+4	0.000000E+0	0.000000E+0
2.315596E+3	1.090990E-6	1.276620E+4	0.000000E+0	0.000000E+0
2.319598E+3	1.091030E-6	1.276620E+4	0.000000E+0	0.000000E+0
2.323595E+3	1.091090E-6	1.276590E+4	0.000000E+0	0.000000E+0
2.327599E+3	1.091250E-6	1.276570E+4	0.000000E+0	0.000000E+0
2.331598E+3	1.091040E-6	1.276530E+4	0.000000E+0	0.000000E+0
2.335602E+3	1.091270E-6	1.276470E+4	0.000000E+0	0.000000E+0
2.339604E+3	1.091340E-6	1.276420E+4	0.000000E+0	0.000000E+0
2.343602E+3	1.091180E-6	1.276360E+4	0.000000E+0	0.000000E+0
2.347601E+3	1.091350E-6	1.276310E+4	0.000000E+0	0.000000E+0
2.351601E+3	1.091200E-6	1.276240E+4	0.000000E+0	0.000000E+0
2.355602E+3	1.091250E-6	1.276210E+4	0.000000E+0	0.000000E+0
2.359600E+3	1.091330E-6	1.276190E+4	0.000000E+0	0.000000E+0
2.363599E+3	1.091620E-6	1.276150E+4	0.000000E+0	0.000000E+0
2.367596E+3	1.091470E-6	1.276110E+4	0.000000E+0	0.000000E+0
2.371605E+3	1.093840E-6	1.276100E+4	0.000000E+0	0.000000E+0
2.375599E+3	1.091560E-6	1.276070E+4	0.000000E+0	0.000000E+0
2.379599E+3	1.091480E-6	1.276040E+4	0.000000E+0	0.000000E+0
2.383602E+3	1.091500E-6	1.276000E+4	0.000000E+0	0.000000E+0
2.387595E+3	1.091850E-6	1.275970E+4	0.000000E+0	0.000000E+0
2.391600E+3	1.091530E-6	1.275920E+4	0.000000E+0	0.000000E+0
2.395598E+3	1.091600E-6	1.275880E+4	0.000000E+0	0.000000E+0
2.399601E+3	1.091630E-6	1.275840E+4	0.000000E+0	0.000000E+0
2.403603E+3	1.091800E-6	1.275800E+4	0.000000E+0	0.000000E+0
2.407600E+3	1.091940E-6	1.275760E+4	0.000000E+0	0.000000E+0
2.411600E+3	1.092100E-6	1.275730E+4	0.000000E+0	0.000000E+0
2.415597E+3	1.091910E-6	1.275670E+4	0.000000E+0	0.000000E+0
2.419604E+3	1.091900E-6	1.275600E+4	0.000000E+0	0.000000E+0
2.423598E+3	1.091880E-6	1.275540E+4	0.000000E+0	0.000000E+0
2.427599E+3	1.091810E-6	1.275500E+4	0.000000E+0	0.000000E+0
2.431601E+3	1.091750E-6	1.275470E+4	0.000000E+0	0.000000E+0
2.435604E+3	1.091880E-6	1.275420E+4	0.000000E+0	0.000000E+0
2.439602E+3	1.092130E-6	1.275380E+4	0.000000E+0	0.000000E+0
2.443601E+3	1.092460E-6	1.275270E+4	0.000000E+0	0.000000E+0
2.447599E+3	1.092080E-6	1.275110E+4	0.000000E+0	0.000000E+0
2.451601E+3	1.091930E-6	1.274010E+4	0.000000E+0	0.000000E+0
2.455599E+3	1.091910E-6	1.273810E+4	0.000000E+0	0.000000E+0
2.459597E+3	1.092000E-6	1.273850E+4	0.000000E+0	0.000000E+0
2.463599E+3	1.091940E-6	1.273910E+4	0.000000E+0	0.000000E+0
2.467598E+3	1.091980E-6	1.273930E+4	0.000000E+0	0.000000E+0
2.471599E+3	1.091930E-6	1.273950E+4	0.000000E+0	0.000000E+0
2.475597E+3	1.091910E-6	1.273960E+4	0.000000E+0	0.000000E+0
2.479600E+3	1.091990E-6	1.273980E+4	0.000000E+0	0.000000E+0
2.483603E+3	1.092070E-6	1.274000E+4	0.000000E+0	0.000000E+0
2.487600E+3	1.092080E-6	1.274050E+4	0.000000E+0	0.000000E+0
2.491600E+3	1.092060E-6	1.274090E+4	0.000000E+0	0.000000E+0
2.495595E+3	1.092170E-6	1.274130E+4	0.000000E+0	0.000000E+0
2.499608E+3	1.092180E-6	1.274150E+4	0.000000E+0	0.000000E+0
2.503600E+3	1.092170E-6	1.274190E+4	0.000000E+0	0.000000E+0
2.507599E+3	1.092240E-6	1.274240E+4	0.000000E+0	0.000000E+0
2.511596E+3	1.092300E-6	1.274260E+4	0.000000E+0	0.000000E+0
2.515609E+3	1.092340E-6	1.274250E+4	0.000000E+0	0.000000E+0
2.519596E+3	1.092360E-6	1.274230E+4	0.000000E+0	0.000000E+0
2.523602E+3	1.092370E-6	1.274200E+4	0.000000E+0	0.000000E+0
2.527598E+3	1.092320E-6	1.274160E+4	0.000000E+0	0.000000E+0
2.531611E+3	1.092330E-6	1.274130E+4	0.000000E+0	0.000000E+0
2.535604E+3	1.092330E-6	1.274100E+4	0.000000E+0	0.000000E+0
2.539602E+3	1.092300E-6	1.274060E+4	0.000000E+0	0.000000E+0
2.543597E+3	1.092400E-6	1.274040E+4	0.000000E+0	0.000000E+0
2.547608E+3	1.092450E-6	1.274000E+4	0.000000E+0	0.000000E+0
2.551596E+3	1.092870E-6	1.273980E+4	0.000000E+0	0.000000E+0
2.555599E+3	1.092540E-6	1.273970E+4	0.000000E+0	0.000000E+0
2.559599E+3	1.092580E-6	1.273970E+4	0.000000E+0	0.000000E+0
2.563605E+3	1.092610E-6	1.273980E+4	0.000000E+0	0.000000E+0
2.567598E+3	1.092610E-6	1.273960E+4	0.000000E+0	0.000000E+0
2.571602E+3	1.092720E-6	1.273960E+4	0.000000E+0	0.000000E+0
2.575598E+3	1.092630E-6	1.273960E+4	0.000000E+0	0.000000E+0
2.579609E+3	1.092610E-6	1.273960E+4	0.000000E+0	0.000000E+0
2.583601E+3	1.092670E-6	1.273940E+4	0.000000E+0	0.000000E+0
2.587598E+3	1.092670E-6	1.273940E+4	0.000000E+0	0.000000E+0
2.591598E+3	1.092720E-6	1.273920E+4	0.000000E+0	0.000000E+0
2.595601E+3	1.092670E-6	1.273920E+4	0.000000E+0	0.000000E+0
2.599604E+3	1.092680E-6	1.273900E+4	0.000000E+0	0.000000E+0
2.603601E+3	1.092760E-6	1.273840E+4	0.000000E+0	0.000000E+0
2.607599E+3	1.092810E-6	1.273770E+4	0.000000E+0	0.000000E+0
2.611606E+3	1.092790E-6	1.273730E+4	0.000000E+0	0.000000E+0
2.615596E+3	1.092800E-6	1.273700E+4	0.000000E+0	0.000000E+0
2.619604E+3	1.092820E-6	1.273670E+4	0.000000E+0	0.000000E+0
2.623601E+3	1.092840E-6	1.273640E+4	0.000000E+0	0.000000E+0
2.627601E+3	1.092990E-6	1.273610E+4	0.000000E+0	0.000000E+0
2.631601E+3	1.092930E-6	1.273480E+4	0.000000E+0	0.000000E+0
2.635604E+3	1.092910E-6	1.273300E+4	0.000000E+0	0.000000E+0
2.639599E+3	1.092940E-6	1.273180E+4	0.000000E+0	0.000000E+0
2.643599E+3	1.092940E-6	1.273170E+4	0.000000E+0	0.000000E+0
2.647602E+3	1.092990E-6	1.273140E+4	0.000000E+0	0.000000E+0
2.651600E+3	1.093000E-6	1.273190E+4	0.000000E+0	0.000000E+0
2.655594E+3	1.093020E-6	1.273220E+4	0.000000E+0	0.000000E+0
2.659598E+3	1.093070E-6	1.273180E+4	0.000000E+0	0.000000E+0
2.663592E+3	1.093170E-6	1.273140E+4	0.000000E+0	0.000000E+0
2.667601E+3	1.093260E-6	1.273130E+4	0.000000E+0	0.000000E+0
2.671598E+3	1.093190E-6	1.273130E+4	0.000000E+0	0.000000E+0
2.675597E+3	1.093230E-6	1.273120E+4	0.000000E+0	0.000000E+0
2.679600E+3	1.093320E-6	1.273110E+4	0.000000E+0	0.000000E+0
2.683597E+3	1.093290E-6	1.273070E+4	0.000000E+0	0.000000E+0
2.687600E+3	1.093330E-6	1.273030E+4	0.000000E+0	0.000000E+0
2.691598E+3	1.093290E-6	1.272990E+4	0.000000E+0	0.000000E+0
2.695598E+3	1.093340E-6	1.272950E+4	0.000000E+0	0.000000E+0
2.699598E+3	1.093410E-6	1.272930E+4	0.000000E+0	0.000000E+0
2.703598E+3	1.093450E-6	1.272900E+4	0.000000E+0	0.000000E+0
2.707603E+3	1.093490E-6	1.272900E+4	0.000000E+0	0.000000E+0
2.711598E+3	1.093470E-6	1.272880E+4	0.000000E+0	0.000000E+0
2.715606E+3	1.093470E-6	1.272850E+4	0.000000E+0	0.000000E+0
2.719597E+3	1.093540E-6	1.272840E+4	0.000000E+0	0.000000E+0
2.723597E+3	1.093530E-6	1.272810E+4	0.000000E+0	0.000000E+0
2.727591E+3	1.093540E-6	1.272810E+4	0.000000E+0	0.000000E+0
2.731598E+3	1.093570E-6	1.272780E+4	0.000000E+0	0.000000E+0
2.735596E+3	1.093570E-6	1.272760E+4	0.000000E+0	0.000000E+0
2.739600E+3	1.093590E-6	1.272730E+4	0.000000E+0	0.000000E+0
2.743594E+3	1.093630E-6	1.272700E+4	0.000000E+0	0.000000E+0
2.747599E+3	1.093680E-6	1.272660E+4	0.000000E+0	0.000000E+0
2.751592E+3	1.093710E-6	1.272650E+4	0.000000E+0	0.000000E+0
2.755598E+3	1.093800E-6	1.272630E+4	0.000000E+0	0.000000E+0
2.759590E+3	1.093750E-6	1.272440E+4	0.000000E+0	0.000000E+0
2.763601E+3	1.093780E-6	1.272470E+4	0.000000E+0	0.000000E+0
2.767584E+3	1.093760E-6	1.272470E+4	0.000000E+0	0.000000E+0
2.771597E+3	1.093850E-6	1.272440E+4	0.000000E+0	0.000000E+0
2.775590E+3	1.093790E-6	1.272420E+4	0.000000E+0	0.000000E+0
2.779602E+3	1.093880E-6	1.272400E+4	0.000000E+0	0.000000E+0
2.783588E+3	1.093800E-6	1.272380E+4	0.000000E+0	0.000000E+0
2.787593E+3	1.093920E-6	1.272350E+4	0.000000E+0	0.000000E+0
2.791590E+3	1.093930E-6	1.272320E+4	0.000000E+0	0.000000E+0
2.795607E+3	1.093960E-6	1.272260E+4	0.000000E+0	0.000000E+0
2.799586E+3	1.093970E-6	1.272240E+4	0.000000E+0	0.000000E+0
2.803598E+3	1.094020E-6	1.272220E+4	0.000000E+0	0.000000E+0
2.807589E+3	1.094090E-6	1.272200E+4	0.000000E+0	0.000000E+0
2.811601E+3	1.094080E-6	1.272180E+4	0.000000E+0	0.000000E+0
2.815594E+3	1.094100E-6	1.272150E+4	0.000000E+0	0.000000E+0
2.819600E+3	1.094200E-6	1.272130E+4	0.000000E+0	0.000000E+0
2.823592E+3	1.094210E-6	1.272090E+4	0.000000E+0	0.000000E+0
2.827599E+3	1.094160E-6	1.272060E+4	0.000000E+0	0.000000E+0
2.831589E+3	1.094150E-6	1.272030E+4	0.000000E+0	0.000000E+0
2.835595E+3	1.094270E-6	1.272020E+4	0.000000E+0	0.000000E+0
2.839592E+3	1.094210E-6	1.271990E+4	0.000000E+0	0.000000E+0
2.843595E+3	1.094340E-6	1.271970E+4	0.000000E+0	0.000000E+0
2.847594E+3	1.094350E-6	1.271940E+4	0.000000E+0	0.000000E+0
2.851597E+3	1.094410E-6	1.271890E+4	0.000000E+0	0.000000E+0
2.855590E+3	1.094400E-6	1.271830E+4	0.000000E+0	0.000000E+0
2.859599E+3	1.094430E-6	1.271800E+4	0.000000E+0	0.000000E+0
2.863597E+3	1.094330E-6	1.271770E+4	0.000000E+0	0.000000E+0
2.867601E+3	1.094510E-6	1.271740E+4	0.000000E+0	0.000000E+0
2.871592E+3	1.094490E-6	1.271710E+4	0.000000E+0	0.000000E+0
2.875596E+3	1.094610E-6	1.271700E+4	0.000000E+0	0.000000E+0
2.879598E+3	1.094710E-6	1.271670E+4	0.000000E+0	0.000000E+0
2.883604E+3	1.094640E-6	1.271620E+4	0.000000E+0	0.000000E+0
2.887593E+3	1.094700E-6	1.271580E+4	0.000000E+0	0.000000E+0
2.891597E+3	1.094670E-6	1.271540E+4	0.000000E+0	0.000000E+0
2.895588E+3	1.094710E-6	1.271500E+4	0.000000E+0	0.000000E+0
2.899597E+3	1.094780E-6	1.271470E+4	0.000000E+0	0.000000E+0
2.903593E+3	1.094700E-6	1.271450E+4	0.000000E+0	0.000000E+0
2.907603E+3	1.094790E-6	1.271460E+4	0.000000E+0	0.000000E+0
2.911591E+3	1.094860E-6	1.271450E+4	0.000000E+0	0.000000E+0
2.915599E+3	1.094810E-6	1.271430E+4	0.000000E+0	0.000000E+0
2.919587E+3	1.094870E-6	1.271380E+4	0.000000E+0	0.000000E+0
2.923599E+3	1.094820E-6	1.271340E+4	0.000000E+0	0.000000E+0
2.927594E+3	1.094890E-6	1.271300E+4	0.000000E+0	0.000000E+0
2.931592E+3	1.094910E-6	1.271280E+4	0.000000E+0	0.000000E+0
2.935590E+3	1.094980E-6	1.271220E+4	0.000000E+0	0.000000E+0
2.939600E+3	1.094900E-6	1.271200E+4	0.000000E+0	0.000000E+0
2.943595E+3	1.095010E-6	1.271190E+4	0.000000E+0	0.000000E+0
2.947605E+3	1.095080E-6	1.271160E+4	0.000000E+0	0.000000E+0
2.951593E+3	1.095090E-6	1.271110E+4	0.000000E+0	0.000000E+0
2.955597E+3	1.095070E-6	1.271060E+4	0.000000E+0	0.000000E+0
2.959597E+3	1.095080E-6	1.271030E+4	0.000000E+0	0.000000E+0
2.963601E+3	1.095110E-6	1.271010E+4	0.000000E+0	0.000000E+0
2.967595E+3	1.095120E-6	1.270960E+4	0.000000E+0	0.000000E+0
2.971599E+3	1.095180E-6	1.270930E+4	0.000000E+0	0.000000E+0
2.975593E+3	1.095110E-6	1.270880E+4	0.000000E+0	0.000000E+0
2.979601E+3	1.095120E-6	1.270830E+4	0.000000E+0	0.000000E+0
2.983593E+3	1.095160E-6	1.270780E+4	0.000000E+0	0.000000E+0
2.987605E+3	1.095200E-6	1.270740E+4	0.000000E+0	0.000000E+0
2.991591E+3	1.095250E-6	1.270710E+4	0.000000E+0	0.000000E+0
2.995604E+3	1.095330E-6	1.270690E+4	0.000000E+0	0.000000E+0
2.999593E+3	1.095280E-6	1.270690E+4	0.000000E+0	0.000000E+0
3.003597E+3	1.095330E-6	1.270680E+4	0.000000E+0	0.000000E+0
3.007599E+3	1.095430E-6	1.270680E+4	0.000000E+0	0.000000E+0
3.011599E+3	1.095310E-6	1.270670E+4	0.000000E+0	0.000000E+0
3.015594E+3	1.095470E-6	1.270660E+4	0.000000E+0	0.000000E+0
3.019597E+3	1.095430E-6	1.270620E+4	0.000000E+0	0.000000E+0
3.023595E+3	1.095510E-6	1.270570E+4	0.000000E+0	0.000000E+0
3.027600E+3	1.095480E-6	1.270560E+4	0.000000E+0	0.000000E+0
3.031592E+3	1.095510E-6	1.270530E+4	0.000000E+0	0.000000E+0
3.035597E+3	1.095520E-6	1.270500E+4	0.000000E+0	0.000000E+0
3.039597E+3	1.095500E-6	1.270480E+4	0.000000E+0	0.000000E+0
3.043601E+3	1.095560E-6	1.270470E+4	0.000000E+0	0.000000E+0
3.047593E+3	1.095540E-6	1.270440E+4	0.000000E+0	0.000000E+0
3.051597E+3	1.095650E-6	1.270370E+4	0.000000E+0	0.000000E+0
3.055598E+3	1.095600E-6	1.270330E+4	0.000000E+0	0.000000E+0
3.059597E+3	1.095700E-6	1.270280E+4	0.000000E+0	0.000000E+0
3.063590E+3	1.095670E-6	1.270260E+4	0.000000E+0	0.000000E+0
3.067599E+3	1.095700E-6	1.270260E+4	0.000000E+0	0.000000E+0
3.071595E+3	1.095690E-6	1.270270E+4	0.000000E+0	0.000000E+0
3.075604E+3	1.095670E-6	1.270280E+4	0.000000E+0	0.000000E+0
3.079591E+3	1.095710E-6	1.270280E+4	0.000000E+0	0.000000E+0
3.083604E+3	1.095760E-6	1.270270E+4	0.000000E+0	0.000000E+0
3.087596E+3	1.095660E-6	1.270260E+4	0.000000E+0	0.000000E+0
3.091601E+3	1.095800E-6	1.270170E+4	0.000000E+0	0.000000E+0
3.095592E+3	1.095850E-6	1.270080E+4	0.000000E+0	0.000000E+0
3.099593E+3	1.095830E-6	1.270010E+4	0.000000E+0	0.000000E+0
3.103596E+3	1.095850E-6	1.270000E+4	0.000000E+0	0.000000E+0
3.107599E+3	1.095890E-6	1.270010E+4	0.000000E+0	0.000000E+0
3.111589E+3	1.095930E-6	1.270010E+4	0.000000E+0	0.000000E+0
3.115596E+3	1.095960E-6	1.270030E+4	0.000000E+0	0.000000E+0
3.119594E+3	1.095990E-6	1.270050E+4	0.000000E+0	0.000000E+0
3.123594E+3	1.095980E-6	1.270050E+4	0.000000E+0	0.000000E+0
3.127593E+3	1.096070E-6	1.270060E+4	0.000000E+0	0.000000E+0
3.131598E+3	1.096080E-6	1.270060E+4	0.000000E+0	0.000000E+0
3.135590E+3	1.096000E-6	1.270030E+4	0.000000E+0	0.000000E+0
3.139598E+3	1.096070E-6	1.270000E+4	0.000000E+0	0.000000E+0
3.143590E+3	1.096070E-6	1.269960E+4	0.000000E+0	0.000000E+0
3.147603E+3	1.096110E-6	1.269910E+4	0.000000E+0	0.000000E+0
3.151596E+3	1.096180E-6	1.269860E+4	0.000000E+0	0.000000E+0
3.155603E+3	1.096210E-6	1.269820E+4	0.000000E+0	0.000000E+0
3.159591E+3	1.096230E-6	1.269780E+4	0.000000E+0	0.000000E+0
3.163607E+3	1.096260E-6	1.269730E+4	0.000000E+0	0.000000E+0
3.167591E+3	1.096300E-6	1.269680E+4	0.000000E+0	0.000000E+0
3.171602E+3	1.096350E-6	1.269700E+4	0.000000E+0	0.000000E+0
3.175593E+3	1.096410E-6	1.269640E+4	0.000000E+0	0.000000E+0
3.179597E+3	1.096410E-6	1.269540E+4	0.000000E+0	0.000000E+0
3.183597E+3	1.096440E-6	1.269460E+4	0.000000E+0	0.000000E+0
3.187607E+3	1.096370E-6	1.269480E+4	0.000000E+0	0.000000E+0
3.191594E+3	1.096480E-6	1.269530E+4	0.000000E+0	0.000000E+0
3.195597E+3	1.096470E-6	1.269570E+4	0.000000E+0	0.000000E+0
3.199595E+3	1.096540E-6	1.269550E+4	0.000000E+0	0.000000E+0
3.203600E+3	1.096560E-6	1.269520E+4	0.000000E+0	0.000000E+0
3.207597E+3	1.096670E-6	1.269510E+4	0.000000E+0	0.000000E+0
3.211599E+3	1.096600E-6	1.269490E+4	0.000000E+0	0.000000E+0
3.215597E+3	1.096640E-6	1.269470E+4	0.000000E+0	0.000000E+0
3.219600E+3	1.096710E-6	1.269460E+4	0.000000E+0	0.000000E+0
3.223593E+3	1.096630E-6	1.269460E+4	0.000000E+0	0.000000E+0
3.227603E+3	1.096810E-6	1.269450E+4	0.000000E+0	0.000000E+0
3.231595E+3	1.096770E-6	1.269390E+4	0.000000E+0	0.000000E+0
3.235603E+3	1.096840E-6	1.269300E+4	0.000000E+0	0.000000E+0
3.239595E+3	1.096830E-6	1.269320E+4	0.000000E+0	0.000000E+0
3.243601E+3	1.096800E-6	1.269340E+4	0.000000E+0	0.000000E+0
3.247597E+3	1.096880E-6	1.269320E+4	0.000000E+0	0.000000E+0
3.251604E+3	1.096840E-6	1.269320E+4	0.000000E+0	0.000000E+0
3.255593E+3	1.097000E-6	1.269310E+4	0.000000E+0	0.000000E+0
3.259595E+3	1.096970E-6	1.269300E+4	0.000000E+0	0.000000E+0
3.263598E+3	1.097050E-6	1.269300E+4	0.000000E+0	0.000000E+0
3.267604E+3	1.097080E-6	1.269300E+4	0.000000E+0	0.000000E+0
3.271594E+3	1.097100E-6	1.269310E+4	0.000000E+0	0.000000E+0
3.275603E+3	1.097120E-6	1.269300E+4	0.000000E+0	0.000000E+0
3.279596E+3	1.097030E-6	1.269300E+4	0.000000E+0	0.000000E+0
3.283601E+3	1.097100E-6	1.269310E+4	0.000000E+0	0.000000E+0
3.287596E+3	1.097170E-6	1.269300E+4	0.000000E+0	0.000000E+0
3.291606E+3	1.097240E-6	1.269280E+4	0.000000E+0	0.000000E+0
3.295599E+3	1.097210E-6	1.269270E+4	0.000000E+0	0.000000E+0
3.299599E+3	1.097200E-6	1.269260E+4	0.000000E+0	0.000000E+0
3.303594E+3	1.097240E-6	1.269240E+4	0.000000E+0	0.000000E+0
3.307599E+3	1.097360E-6	1.269200E+4	0.000000E+0	0.000000E+0
3.311595E+3	1.097270E-6	1.269150E+4	0.000000E+0	0.000000E+0
3.315598E+3	1.097270E-6	1.269060E+4	0.000000E+0	0.000000E+0
3.319590E+3	1.097290E-6	1.269050E+4	0.000000E+0	0.000000E+0
3.323605E+3	1.097310E-6	1.269060E+4	0.000000E+0	0.000000E+0
3.327593E+3	1.097370E-6	1.269040E+4	0.000000E+0	0.000000E+0
3.331601E+3	1.097400E-6	1.269030E+4	0.000000E+0	0.000000E+0
3.335591E+3	1.097470E-6	1.269030E+4	0.000000E+0	0.000000E+0
3.339605E+3	1.097450E-6	1.269020E+4	0.000000E+0	0.000000E+0
3.343601E+3	1.097400E-6	1.269000E+4	0.000000E+0	0.000000E+0
3.347596E+3	1.097400E-6	1.268980E+4	0.000000E+0	0.000000E+0
3.351596E+3	1.097320E-6	1.268970E+4	0.000000E+0	0.000000E+0
3.355598E+3	1.097490E-6	1.268940E+4	0.000000E+0	0.000000E+0
3.359601E+3	1.097490E-6	1.268890E+4	0.000000E+0	0.000000E+0
3.363605E+3	1.097540E-6	1.268910E+4	0.000000E+0	0.000000E+0
3.367597E+3	1.097660E-6	1.268910E+4	0.000000E+0	0.000000E+0
3.371597E+3	1.097550E-6	1.268890E+4	0.000000E+0	0.000000E+0
3.375597E+3	1.097560E-6	1.268870E+4	0.000000E+0	0.000000E+0
3.379596E+3	1.097690E-6	1.268830E+4	0.000000E+0	0.000000E+0
3.383602E+3	1.097610E-6	1.268810E+4	0.000000E+0	0.000000E+0
3.387600E+3	1.097550E-6	1.268800E+4	0.000000E+0	0.000000E+0
3.391599E+3	1.097600E-6	1.268780E+4	0.000000E+0	0.000000E+0
3.395595E+3	1.097680E-6	1.268770E+4	0.000000E+0	0.000000E+0
3.399598E+3	1.097760E-6	1.268760E+4	0.000000E+0	0.000000E+0
3.403600E+3	1.097780E-6	1.268750E+4	0.000000E+0	0.000000E+0
3.407595E+3	1.097750E-6	1.268730E+4	0.000000E+0	0.000000E+0
3.411595E+3	1.097800E-6	1.268720E+4	0.000000E+0	0.000000E+0
3.415595E+3	1.097810E-6	1.268720E+4	0.000000E+0	0.000000E+0
3.419595E+3	1.097800E-6	1.268640E+4	0.000000E+0	0.000000E+0
3.423596E+3	1.097830E-6	1.268540E+4	0.000000E+0	0.000000E+0
3.427598E+3	1.097810E-6	1.268340E+4	0.000000E+0	0.000000E+0
3.431598E+3	1.097930E-6	1.268280E+4	0.000000E+0	0.000000E+0
3.435596E+3	1.097870E-6	1.268280E+4	0.000000E+0	0.000000E+0
3.439591E+3	1.097920E-6	1.268300E+4	0.000000E+0	0.000000E+0
3.443596E+3	1.097950E-6	1.268320E+4	0.000000E+0	0.000000E+0
3.447598E+3	1.098010E-6	1.268350E+4	0.000000E+0	0.000000E+0
3.451596E+3	1.098000E-6	1.268360E+4	0.000000E+0	0.000000E+0
3.455597E+3	1.097970E-6	1.268360E+4	0.000000E+0	0.000000E+0
3.459596E+3	1.098010E-6	1.268330E+4	0.000000E+0	0.000000E+0
3.463594E+3	1.097920E-6	1.268290E+4	0.000000E+0	0.000000E+0
3.467594E+3	1.098070E-6	1.268260E+4	0.000000E+0	0.000000E+0
3.471596E+3	1.098110E-6	1.268240E+4	0.000000E+0	0.000000E+0
3.475605E+3	1.098080E-6	1.268220E+4	0.000000E+0	0.000000E+0
3.479592E+3	1.098100E-6	1.268210E+4	0.000000E+0	0.000000E+0
3.483592E+3	1.098150E-6	1.268180E+4	0.000000E+0	0.000000E+0
3.487595E+3	1.098140E-6	1.268160E+4	0.000000E+0	0.000000E+0
3.491588E+3	1.098160E-6	1.268150E+4	0.000000E+0	0.000000E+0
3.495598E+3	1.098230E-6	1.268130E+4	0.000000E+0	0.000000E+0
3.499597E+3	1.098220E-6	1.268130E+4	0.000000E+0	0.000000E+0
3.503592E+3	1.098250E-6	1.268120E+4	0.000000E+0	0.000000E+0
3.507590E+3	1.098260E-6	1.268090E+4	0.000000E+0	0.000000E+0
3.511595E+3	1.098330E-6	1.268080E+4	0.000000E+0	0.000000E+0
3.515595E+3	1.098360E-6	1.268050E+4	0.000000E+0	0.000000E+0
3.519595E+3	1.098380E-6	1.268040E+4	0.000000E+0	0.000000E+0
3.523601E+3	1.098420E-6	1.268030E+4	0.000000E+0	0.000000E+0
3.527598E+3	1.098460E-6	1.268010E+4	0.000000E+0	0.000000E+0
3.531598E+3	1.098440E-6	1.268030E+4	0.000000E+0	0.000000E+0
3.535593E+3	1.098410E-6	1.268050E+4	0.000000E+0	0.000000E+0
3.539594E+3	1.098500E-6	1.268070E+4	0.000000E+0	0.000000E+0
3.543594E+3	1.098450E-6	1.268090E+4	0.000000E+0	0.000000E+0
3.547594E+3	1.098550E-6	1.268090E+4	0.000000E+0	0.000000E+0
3.551586E+3	1.098640E-6	1.268080E+4	0.000000E+0	0.000000E+0
3.555592E+3	1.098640E-6	1.268070E+4	0.000000E+0	0.000000E+0
3.559594E+3	1.098670E-6	1.268030E+4	0.000000E+0	0.000000E+0
3.563594E+3	1.098690E-6	1.267990E+4	0.000000E+0	0.000000E+0
3.567592E+3	1.098730E-6	1.267970E+4	0.000000E+0	0.000000E+0
3.571607E+3	1.098670E-6	1.267950E+4	0.000000E+0	0.000000E+0
3.575591E+3	1.098770E-6	1.267930E+4	0.000000E+0	0.000000E+0
3.579597E+3	1.098770E-6	1.267910E+4	0.000000E+0	0.000000E+0
3.583590E+3	1.098730E-6	1.267900E+4	0.000000E+0	0.000000E+0
3.587621E+3	1.098830E-6	1.267930E+4	0.000000E+0	0.000000E+0
3.591590E+3	1.098790E-6	1.267950E+4	0.000000E+0	0.000000E+0
3.595598E+3	1.098830E-6	1.267980E+4	0.000000E+0	0.000000E+0
3.599592E+3	1.099000E-6	1.267970E+4	0.000000E+0	0.000000E+0
3.603601E+3	1.098950E-6	1.267950E+4	0.000000E+0	0.000000E+0
3.607598E+3	1.099100E-6	1.267930E+4	0.000000E+0	0.000000E+0
3.611596E+3	1.110100E-6	1.267900E+4	0.000000E+0	0.000000E+0
3.615591E+3	1.098910E-6	1.267860E+4	0.000000E+0	0.000000E+0
3.619596E+3	1.099020E-6	1.267800E+4	0.000000E+0	0.000000E+0
3.623594E+3	1.099010E-6	1.267770E+4	0.000000E+0	0.000000E+0
3.627596E+3	1.099030E-6	1.267740E+4	0.000000E+0	0.000000E+0
3.631593E+3	1.099040E-6	1.267730E+4	0.000000E+0	0.000000E+0
3.635608E+3	1.099050E-6	1.267730E+4	0.000000E+0	0.000000E+0
3.639593E+3	1.099030E-6	1.267730E+4	0.000000E+0	0.000000E+0
3.643598E+3	1.099040E-6	1.267720E+4	0.000000E+0	0.000000E+0
3.647591E+3	1.099120E-6	1.267670E+4	0.000000E+0	0.000000E+0
3.651600E+3	1.099160E-6	1.267650E+4	0.000000E+0	0.000000E+0
3.655594E+3	1.099030E-6	1.267630E+4	0.000000E+0	0.000000E+0
3.659592E+3	1.099130E-6	1.267610E+4	0.000000E+0	0.000000E+0
3.663597E+3	1.099090E-6	1.267590E+4	0.000000E+0	0.000000E+0
3.667604E+3	1.099140E-6	1.267560E+4	0.000000E+0	0.000000E+0
3.671598E+3	1.099150E-6	1.267570E+4	0.000000E+0	0.000000E+0
3.675597E+3	1.099250E-6	1.267570E+4	0.000000E+0	0.000000E+0
3.679594E+3	1.099190E-6	1.267580E+4	0.000000E+0	0.000000E+0
3.683606E+3	1.099310E-6	1.267560E+4	0.000000E+0	0.000000E+0
3.687593E+3	1.099290E-6	1.267540E+4	0.000000E+0	0.000000E+0
3.691600E+3	1.099330E-6	1.267530E+4	0.000000E+0	0.000000E+0
3.695590E+3	1.099330E-6	1.267510E+4	0.000000E+0	0.000000E+0
3.699599E+3	1.099290E-6	1.267490E+4	0.000000E+0	0.000000E+0
3.703588E+3	1.099320E-6	1.267490E+4	0.000000E+0	0.000000E+0
3.707598E+3	1.099430E-6	1.267480E+4	0.000000E+0	0.000000E+0
3.711590E+3	1.099470E-6	1.267440E+4	0.000000E+0	0.000000E+0
3.715600E+3	1.099470E-6	1.267390E+4	0.000000E+0	0.000000E+0
3.719594E+3	1.099500E-6	1.267310E+4	0.000000E+0	0.000000E+0
3.723598E+3	1.099510E-6	1.267250E+4	0.000000E+0	0.000000E+0
3.727593E+3	1.099510E-6	1.267250E+4	0.000000E+0	0.000000E+0
3.731604E+3	1.099470E-6	1.267250E+4	0.000000E+0	0.000000E+0
3.735593E+3	1.099510E-6	1.267220E+4	0.000000E+0	0.000000E+0
3.739599E+3	1.099580E-6	1.267190E+4	0.000000E+0	0.000000E+0
3.743589E+3	1.099580E-6	1.267190E+4	0.000000E+0	0.000000E+0
3.747597E+3	1.099630E-6	1.267200E+4	0.000000E+0	0.000000E+0
3.751594E+3	1.099610E-6	1.267210E+4	0.000000E+0	0.000000E+0
3.755597E+3	1.099670E-6	1.267220E+4	0.000000E+0	0.000000E+0
3.759589E+3	1.099670E-6	1.267210E+4	0.000000E+0	0.000000E+0
3.763603E+3	1.099750E-6	1.267200E+4	0.000000E+0	0.000000E+0
3.767592E+3	1.099770E-6	1.267170E+4	0.000000E+0	0.000000E+0
3.771600E+3	1.099760E-6	1.267150E+4	0.000000E+0	0.000000E+0
3.775589E+3	1.099730E-6	1.267100E+4	0.000000E+0	0.000000E+0
3.779601E+3	1.099840E-6	1.267040E+4	0.000000E+0	0.000000E+0
3.783592E+3	1.099850E-6	1.266990E+4	0.000000E+0	0.000000E+0
3.787603E+3	1.099810E-6	1.266960E+4	0.000000E+0	0.000000E+0
3.791593E+3	1.099900E-6	1.266950E+4	0.000000E+0	0.000000E+0
3.795604E+3	1.099910E-6	1.266900E+4	0.000000E+0	0.000000E+0
3.799591E+3	1.099890E-6	1.266850E+4	0.000000E+0	0.000000E+0
3.803598E+3	1.099940E-6	1.266790E+4	0.000000E+0	0.000000E+0
3.807591E+3	1.099970E-6	1.266760E+4	0.000000E+0	0.000000E+0
3.811603E+3	1.100010E-6	1.266700E+4	0.000000E+0	0.000000E+0
3.815596E+3	1.100050E-6	1.266610E+4	0.000000E+0	0.000000E+0
3.819596E+3	1.099930E-6	1.266580E+4	0.000000E+0	0.000000E+0
3.823591E+3	1.100000E-6	1.266570E+4	0.000000E+0	0.000000E+0
3.827602E+3	1.100110E-6	1.266560E+4	0.000000E+0	0.000000E+0
3.831592E+3	1.100130E-6	1.266510E+4	0.000000E+0	0.000000E+0
3.835600E+3	1.100140E-6	1.266450E+4	0.000000E+0	0.000000E+0
3.839591E+3	1.100160E-6	1.266430E+4	0.000000E+0	0.000000E+0
3.843606E+3	1.100190E-6	1.266450E+4	0.000000E+0	0.000000E+0
3.847591E+3	1.100230E-6	1.266440E+4	0.000000E+0	0.000000E+0
3.851600E+3	1.100160E-6	1.266430E+4	0.000000E+0	0.000000E+0
3.855591E+3	1.100190E-6	1.266410E+4	0.000000E+0	0.000000E+0
3.859603E+3	1.100290E-6	1.266420E+4	0.000000E+0	0.000000E+0
3.863597E+3	1.100260E-6	1.266420E+4	0.000000E+0	0.000000E+0
3.867605E+3	1.100260E-6	1.266430E+4	0.000000E+0	0.000000E+0
3.871595E+3	1.100240E-6	1.266440E+4	0.000000E+0	0.000000E+0
3.875598E+3	1.100250E-6	1.266450E+4	0.000000E+0	0.000000E+0
3.879593E+3	1.100300E-6	1.266390E+4	0.000000E+0	0.000000E+0
3.883601E+3	1.100360E-6	1.266320E+4	0.000000E+0	0.000000E+0
3.887591E+3	1.100390E-6	1.266300E+4	0.000000E+0	0.000000E+0
3.891596E+3	1.100470E-6	1.266290E+4	0.000000E+0	0.000000E+0
3.895593E+3	1.100430E-6	1.266300E+4	0.000000E+0	0.000000E+0
3.899596E+3	1.100460E-6	1.266300E+4	0.000000E+0	0.000000E+0
3.903593E+3	1.100500E-6	1.266300E+4	0.000000E+0	0.000000E+0
3.907604E+3	1.100660E-6	1.266300E+4	0.000000E+0	0.000000E+0
3.911593E+3	1.100440E-6	1.266220E+4	0.000000E+0	0.000000E+0
3.915596E+3	1.100570E-6	1.266180E+4	0.000000E+0	0.000000E+0
3.919591E+3	1.100620E-6	1.266180E+4	0.000000E+0	0.000000E+0
3.923597E+3	1.100690E-6	1.266190E+4	0.000000E+0	0.000000E+0
3.927592E+3	1.100660E-6	1.266180E+4	0.000000E+0	0.000000E+0
3.931597E+3	1.100670E-6	1.266170E+4	0.000000E+0	0.000000E+0
3.935592E+3	1.100720E-6	1.266170E+4	0.000000E+0	0.000000E+0
3.939603E+3	1.100760E-6	1.266170E+4	0.000000E+0	0.000000E+0
3.943587E+3	1.100710E-6	1.266180E+4	0.000000E+0	0.000000E+0
3.947599E+3	1.100820E-6	1.266200E+4	0.000000E+0	0.000000E+0
3.951590E+3	1.100750E-6	1.266220E+4	0.000000E+0	0.000000E+0
3.955601E+3	1.100770E-6	1.266230E+4	0.000000E+0	0.000000E+0
3.959590E+3	1.100850E-6	1.266230E+4	0.000000E+0	0.000000E+0
3.963598E+3	1.100950E-6	1.266200E+4	0.000000E+0	0.000000E+0
3.967594E+3	1.100800E-6	1.266170E+4	0.000000E+0	0.000000E+0
3.971601E+3	1.100940E-6	1.266150E+4	0.000000E+0	0.000000E+0
3.975593E+3	1.100890E-6	1.266110E+4	0.000000E+0	0.000000E+0
3.979600E+3	1.101050E-6	1.266070E+4	0.000000E+0	0.000000E+0
3.983595E+3	1.100990E-6	1.266070E+4	0.000000E+0	0.000000E+0
3.987610E+3	1.100990E-6	1.266060E+4	0.000000E+0	0.000000E+0
3.991590E+3	1.101100E-6	1.266060E+4	0.000000E+0	0.000000E+0
3.995596E+3	1.101090E-6	1.266040E+4	0.000000E+0	0.000000E+0
3.999594E+3	1.101070E-6	1.266040E+4	0.000000E+0	0.000000E+0
4.003605E+3	1.101120E-6	1.266030E+4	0.000000E+0	0.000000E+0
4.007594E+3	1.101190E-6	1.266010E+4	0.000000E+0	0.000000E+0
4.011599E+3	1.101160E-6	1.265990E+4	0.000000E+0	0.000000E+0
4.015593E+3	1.101170E-6	1.265970E+4	0.000000E+0	0.000000E+0
4.019604E+3	1.101160E-6	1.265960E+4	0.000000E+0	0.000000E+0
4.023597E+3	1.101220E-6	1.265960E+4	0.000000E+0	0.000000E+0
4.027602E+3	1.101260E-6	1.265950E+4	0.000000E+0	0.000000E+0
4.031594E+3	1.101280E-6	1.265940E+4	0.000000E+0	0.000000E+0
4.035596E+3	1.101280E-6	1.265910E+4	0.000000E+0	0.000000E+0
4.039591E+3	1.101340E-6	1.265900E+4	0.000000E+0	0.000000E+0
4.043597E+3	1.101430E-6	1.265870E+4	0.000000E+0	0.000000E+0
4.047590E+3	1.101350E-6	1.265820E+4	0.000000E+0	0.000000E+0
4.051601E+3	1.101380E-6	1.265710E+4	0.000000E+0	0.000000E+0
4.055597E+3	1.101340E-6	1.265700E+4	0.000000E+0	0.000000E+0
4.059593E+3	1.101320E-6	1.265700E+4	0.000000E+0	0.000000E+0
4.063592E+3	1.101500E-6	1.265700E+4	0.000000E+0	0.000000E+0
4.067601E+3	1.101430E-6	1.265670E+4	0.000000E+0	0.000000E+0
4.071595E+3	1.101490E-6	1.265660E+4	0.000000E+0	0.000000E+0
4.075598E+3	1.101530E-6	1.265650E+4	0.000000E+0	0.000000E+0
4.079591E+3	1.101500E-6	1.265630E+4	0.000000E+0	0.000000E+0
4.083602E+3	1.101500E-6	1.265620E+4	0.000000E+0	0.000000E+0
4.087596E+3	1.101480E-6	1.265600E+4	0.000000E+0	0.000000E+0
4.091602E+3	1.101510E-6	1.265590E+4	0.000000E+0	0.000000E+0
4.095591E+3	1.101580E-6	1.265580E+4	0.000000E+0	0.000000E+0
4.099599E+3	1.101590E-6	1.265570E+4	0.000000E+0	0.000000E+0
4.103594E+3	1.101690E-6	1.265560E+4	0.000000E+0	0.000000E+0
4.107601E+3	1.101650E-6	1.265550E+4	0.000000E+0	0.000000E+0
4.111594E+3	1.101740E-6	1.265550E+4	0.000000E+0	0.000000E+0
4.115599E+3	1.101720E-6	1.265550E+4	0.000000E+0	0.000000E+0
4.119594E+3	1.101750E-6	1.265560E+4	0.000000E+0	0.000000E+0
4.123599E+3	1.101770E-6	1.265580E+4	0.000000E+0	0.000000E+0
4.127596E+3	1.101800E-6	1.265570E+4	0.000000E+0	0.000000E+0
4.131606E+3	1.101860E-6	1.265560E+4	0.000000E+0	0.000000E+0
4.135594E+3	1.101770E-6	1.265550E+4	0.000000E+0	0.000000E+0
4.139598E+3	1.101860E-6	1.265520E+4	0.000000E+0	0.000000E+0
4.143594E+3	1.101950E-6	1.265450E+4	0.000000E+0	0.000000E+0
4.147607E+3	1.101940E-6	1.265410E+4	0.000000E+0	0.000000E+0
4.151592E+3	1.101860E-6	1.265420E+4	0.000000E+0	0.000000E+0
4.155600E+3	1.101960E-6	1.265440E+4	0.000000E+0	0.000000E+0
4.159596E+3	1.102020E-6	1.265430E+4	0.000000E+0	0.000000E+0
4.163604E+3	1.102070E-6	1.265400E+4	0.000000E+0	0.000000E+0
4.167591E+3	1.102030E-6	1.265360E+4	0.000000E+0	0.000000E+0
4.171603E+3	1.102130E-6	1.265310E+4	0.000000E+0	0.000000E+0
4.175593E+3	1.102090E-6	1.265260E+4	0.000000E+0	0.000000E+0
4.179608E+3	1.102160E-6	1.265270E+4	0.000000E+0	0.000000E+0
4.183588E+3	1.102090E-6	1.265290E+4	0.000000E+0	0.000000E+0
4.187598E+3	1.102160E-6	1.265300E+4	0.000000E+0	0.000000E+0
4.191596E+3	1.102210E-6	1.265290E+4	0.000000E+0	0.000000E+0
4.195605E+3	1.102240E-6	1.265260E+4	0.000000E+0	0.000000E+0
4.199596E+3	1.102250E-6	1.265260E+4	0.000000E+0	0.000000E+0
4.203599E+3	1.102240E-6	1.265270E+4	0.000000E+0	0.000000E+0
4.207596E+3	1.102300E-6	1.265250E+4	0.000000E+0	0.000000E+0
4.211607E+3	1.102190E-6	1.265230E+4	0.000000E+0	0.000000E+0
4.215592E+3	1.102340E-6	1.265210E+4	0.000000E+0	0.000000E+0
4.219602E+3	1.102320E-6	1.265190E+4	0.000000E+0	0.000000E+0
4.223599E+3	1.102340E-6	1.265150E+4	0.000000E+0	0.000000E+0
4.227609E+3	1.102380E-6	1.265140E+4	0.000000E+0	0.000000E+0
4.231594E+3	1.102430E-6	1.265140E+4	0.000000E+0	0.000000E+0
4.235600E+3	1.102420E-6	1.265130E+4	0.000000E+0	0.000000E+0
4.239595E+3	1.102350E-6	1.265080E+4	0.000000E+0	0.000000E+0
4.243601E+3	1.102470E-6	1.265070E+4	0.000000E+0	0.000000E+0
4.247600E+3	1.102410E-6	1.265070E+4	0.000000E+0	0.000000E+0
4.251600E+3	1.102530E-6	1.265050E+4	0.000000E+0	0.000000E+0
4.255597E+3	1.102480E-6	1.265030E+4	0.000000E+0	0.000000E+0
4.259601E+3	1.102580E-6	1.265020E+4	0.000000E+0	0.000000E+0
4.263591E+3	1.102570E-6	1.265000E+4	0.000000E+0	0.000000E+0
4.267599E+3	1.102630E-6	1.264990E+4	0.000000E+0	0.000000E+0
4.271594E+3	1.102640E-6	1.264970E+4	0.000000E+0	0.000000E+0
4.275602E+3	1.102690E-6	1.264950E+4	0.000000E+0	0.000000E+0
4.279593E+3	1.102750E-6	1.264920E+4	0.000000E+0	0.000000E+0
4.283599E+3	1.102760E-6	1.264900E+4	0.000000E+0	0.000000E+0
4.287593E+3	1.102670E-6	1.264880E+4	0.000000E+0	0.000000E+0
4.291602E+3	1.102700E-6	1.264850E+4	0.000000E+0	0.000000E+0
4.295592E+3	1.102760E-6	1.264750E+4	0.000000E+0	0.000000E+0
4.299600E+3	1.102760E-6	1.264680E+4	0.000000E+0	0.000000E+0
4.303592E+3	1.102780E-6	1.264680E+4	0.000000E+0	0.000000E+0
4.307606E+3	1.102810E-6	1.264660E+4	0.000000E+0	0.000000E+0
4.311595E+3	1.102800E-6	1.264620E+4	0.000000E+0	0.000000E+0
4.315595E+3	1.102890E-6	1.264610E+4	0.000000E+0	0.000000E+0
4.319597E+3	1.102890E-6	1.264610E+4	0.000000E+0	0.000000E+0
4.323607E+3	1.103020E-6	1.264590E+4	0.000000E+0	0.000000E+0
4.327595E+3	1.102970E-6	1.264570E+4	0.000000E+0	0.000000E+0
4.331593E+3	1.103030E-6	1.264540E+4	0.000000E+0	0.000000E+0
4.335590E+3	1.103040E-6	1.264560E+4	0.000000E+0	0.000000E+0
4.339600E+3	1.103050E-6	1.264550E+4	0.000000E+0	0.000000E+0
4.343590E+3	1.103040E-6	1.264480E+4	0.000000E+0	0.000000E+0
4.347598E+3	1.103120E-6	1.264370E+4	0.000000E+0	0.000000E+0
4.351590E+3	1.103100E-6	1.264350E+4	0.000000E+0	0.000000E+0
4.355600E+3	1.103150E-6	1.264390E+4	0.000000E+0	0.000000E+0
4.359595E+3	1.103100E-6	1.264440E+4	0.000000E+0	0.000000E+0
4.363600E+3	1.103170E-6	1.264460E+4	0.000000E+0	0.000000E+0
4.367598E+3	1.103110E-6	1.264460E+4	0.000000E+0	0.000000E+0
4.371604E+3	1.103160E-6	1.264430E+4	0.000000E+0	0.000000E+0
4.375593E+3	1.103230E-6	1.264400E+4	0.000000E+0	0.000000E+0
4.379593E+3	1.103220E-6	1.264370E+4	0.000000E+0	0.000000E+0
4.383591E+3	1.103250E-6	1.264360E+4	0.000000E+0	0.000000E+0
4.387600E+3	1.103270E-6	1.264330E+4	0.000000E+0	0.000000E+0
4.391592E+3	1.103360E-6	1.264310E+4	0.000000E+0	0.000000E+0
4.395594E+3	1.103330E-6	1.264290E+4	0.000000E+0	0.000000E+0
4.399592E+3	1.103350E-6	1.264260E+4	0.000000E+0	0.000000E+0
4.403604E+3	1.103380E-6	1.264240E+4	0.000000E+0	0.000000E+0
4.407592E+3	1.103370E-6	1.264230E+4	0.000000E+0	0.000000E+0
4.411598E+3	1.103450E-6	1.264210E+4	0.000000E+0	0.000000E+0
4.415595E+3	1.103390E-6	1.264210E+4	0.000000E+0	0.000000E+0
4.419604E+3	1.103470E-6	1.264220E+4	0.000000E+0	0.000000E+0
4.423592E+3	1.103440E-6	1.264220E+4	0.000000E+0	0.000000E+0
4.427595E+3	1.103470E-6	1.264220E+4	0.000000E+0	0.000000E+0
4.431597E+3	1.103390E-6	1.264210E+4	0.000000E+0	0.000000E+0
4.435600E+3	1.103470E-6	1.264180E+4	0.000000E+0	0.000000E+0
4.439590E+3	1.103530E-6	1.264140E+4	0.000000E+0	0.000000E+0
4.443595E+3	1.103590E-6	1.264120E+4	0.000000E+0	0.000000E+0
4.447588E+3	1.103560E-6	1.264130E+4	0.000000E+0	0.000000E+0
4.451595E+3	1.103580E-6	1.264120E+4	0.000000E+0	0.000000E+0
4.455596E+3	1.103630E-6	1.264110E+4	0.000000E+0	0.000000E+0
4.459594E+3	1.103650E-6	1.264090E+4	0.000000E+0	0.000000E+0
4.463594E+3	1.103680E-6	1.264100E+4	0.000000E+0	0.000000E+0
4.467600E+3	1.103610E-6	1.264070E+4	0.000000E+0	0.000000E+0
4.471596E+3	1.103740E-6	1.264060E+4	0.000000E+0	0.000000E+0
4.475607E+3	1.103700E-6	1.264030E+4	0.000000E+0	0.000000E+0
4.479592E+3	1.103730E-6	1.264050E+4	0.000000E+0	0.000000E+0
4.483597E+3	1.103700E-6	1.264060E+4	0.000000E+0	0.000000E+0
4.487594E+3	1.103740E-6	1.264070E+4	0.000000E+0	0.000000E+0
4.491605E+3	1.103790E-6	1.264070E+4	0.000000E+0	0.000000E+0
4.495592E+3	1.103810E-6	1.264050E+4	0.000000E+0	0.000000E+0
4.499595E+3	1.103960E-6	1.264060E+4	0.000000E+0	0.000000E+0
4.503602E+3	1.103930E-6	1.264070E+4	0.000000E+0	0.000000E+0
4.507600E+3	1.103970E-6	1.264080E+4	0.000000E+0	0.000000E+0
4.511598E+3	1.103890E-6	1.264070E+4	0.000000E+0	0.000000E+0
4.515596E+3	1.103980E-6	1.264040E+4	0.000000E+0	0.000000E+0
4.519597E+3	1.103940E-6	1.264020E+4	0.000000E+0	0.000000E+0
4.523600E+3	1.103930E-6	1.264020E+4	0.000000E+0	0.000000E+0
4.527598E+3	1.104030E-6	1.264010E+4	0.000000E+0	0.000000E+0
4.531598E+3	1.104000E-6	1.263960E+4	0.000000E+0	0.000000E+0
4.535596E+3	1.104030E-6	1.263950E+4	0.000000E+0	0.000000E+0
4.539596E+3	1.104030E-6	1.263960E+4	0.000000E+0	0.000000E+0
4.543592E+3	1.104010E-6	1.263950E+4	0.000000E+0	0.000000E+0
4.547596E+3	1.104010E-6	1.263940E+4	0.000000E+0	0.000000E+0
4.551599E+3	1.104160E-6	1.263900E+4	0.000000E+0	0.000000E+0
4.555596E+3	1.104110E-6	1.263880E+4	0.000000E+0	0.000000E+0
4.559596E+3	1.104130E-6	1.263830E+4	0.000000E+0	0.000000E+0
4.563596E+3	1.104220E-6	1.263790E+4	0.000000E+0	0.000000E+0
4.567594E+3	1.104190E-6	1.263760E+4	0.000000E+0	0.000000E+0
4.571597E+3	1.104270E-6	1.263750E+4	0.000000E+0	0.000000E+0
4.575600E+3	1.104240E-6	1.263730E+4	0.000000E+0	0.000000E+0
4.579596E+3	1.104230E-6	1.263720E+4	0.000000E+0	0.000000E+0
4.583599E+3	1.104240E-6	1.263690E+4	0.000000E+0	0.000000E+0
4.587599E+3	1.104200E-6	1.263660E+4	0.000000E+0	0.000000E+0
4.591599E+3	1.104190E-6	1.263620E+4	0.000000E+0	0.000000E+0
4.595595E+3	1.104250E-6	1.263610E+4	0.000000E+0	0.000000E+0
4.599597E+3	1.104240E-6	1.263610E+4	0.000000E+0	0.000000E+0
4.603600E+3	1.104380E-6	1.263610E+4	0.000000E+0	0.000000E+0
4.607598E+3	1.104440E-6	1.263590E+4	0.000000E+0	0.000000E+0
4.611595E+3	1.104460E-6	1.263580E+4	0.000000E+0	0.000000E+0
4.615596E+3	1.104410E-6	1.263530E+4	0.000000E+0	0.000000E+0
4.619600E+3	1.104450E-6	1.263500E+4	0.000000E+0	0.000000E+0
4.623596E+3	1.104500E-6	1.263470E+4	0.000000E+0	0.000000E+0
4.627593E+3	1.104510E-6	1.263450E+4	0.000000E+0	0.000000E+0
4.631596E+3	1.104480E-6	1.263440E+4	0.000000E+0	0.000000E+0
4.635596E+3	1.104510E-6	1.263440E+4	0.000000E+0	0.000000E+0
4.639596E+3	1.104500E-6	1.263430E+4	0.000000E+0	0.000000E+0
4.643601E+3	1.104600E-6	1.263410E+4	0.000000E+0	0.000000E+0
4.647602E+3	1.104590E-6	1.263390E+4	0.000000E+0	0.000000E+0
4.651606E+3	1.104600E-6	1.263390E+4	0.000000E+0	0.000000E+0
4.655593E+3	1.104580E-6	1.263380E+4	0.000000E+0	0.000000E+0
4.659594E+3	1.104640E-6	1.263360E+4	0.000000E+0	0.000000E+0
4.663592E+3	1.104560E-6	1.263350E+4	0.000000E+0	0.000000E+0
4.667603E+3	1.107290E-6	1.263320E+4	0.000000E+0	0.000000E+0
4.671596E+3	1.107120E-6	1.263290E+4	0.000000E+0	0.000000E+0
4.675600E+3	1.107020E-6	1.263260E+4	0.000000E+0	0.000000E+0
4.679595E+3	1.106990E-6	1.263260E+4	0.000000E+0	0.000000E+0
4.683595E+3	1.106970E-6	1.263270E+4	0.000000E+0	0.000000E+0
4.687599E+3	1.106910E-6	1.263260E+4	0.000000E+0	0.000000E+0
4.691597E+3	1.106910E-6	1.263240E+4	0.000000E+0	0.000000E+0
4.695595E+3	1.106820E-6	1.263230E+4	0.000000E+0	0.000000E+0
4.699601E+3	1.106910E-6	1.263210E+4	0.000000E+0	0.000000E+0
4.703597E+3	1.106900E-6	1.263180E+4	0.000000E+0	0.000000E+0
4.707600E+3	1.106900E-6	1.263150E+4	0.000000E+0	0.000000E+0
4.711595E+3	1.106890E-6	1.263150E+4	0.000000E+0	0.000000E+0
4.715608E+3	1.106920E-6	1.263120E+4	0.000000E+0	0.000000E+0
4.719593E+3	1.106920E-6	1.263090E+4	0.000000E+0	0.000000E+0
4.723598E+3	1.106950E-6	1.263090E+4	0.000000E+0	0.000000E+0
4.727593E+3	1.106920E-6	1.263070E+4	0.000000E+0	0.000000E+0
4.731597E+3	1.106910E-6	1.263060E+4	0.000000E+0	0.000000E+0
4.735593E+3	1.106870E-6	1.263030E+4	0.000000E+0	0.000000E+0
4.739598E+3	1.106980E-6	1.263010E+4	0.000000E+0	0.000000E+0
4.743593E+3	1.106970E-6	1.263000E+4	0.000000E+0	0.000000E+0
4.747602E+3	1.106810E-6	1.262990E+4	0.000000E+0	0.000000E+0
4.751593E+3	1.106830E-6	1.263000E+4	0.000000E+0	0.000000E+0
4.755602E+3	1.106950E-6	1.262980E+4	0.000000E+0	0.000000E+0
4.759591E+3	1.106900E-6	1.262960E+4	0.000000E+0	0.000000E+0
4.763604E+3	1.106890E-6	1.262950E+4	0.000000E+0	0.000000E+0
4.767594E+3	1.106920E-6	1.262920E+4	0.000000E+0	0.000000E+0
4.771599E+3	1.106890E-6	1.262880E+4	0.000000E+0	0.000000E+0
4.775595E+3	1.106910E-6	1.262860E+4	0.000000E+0	0.000000E+0
4.779605E+3	1.106890E-6	1.262860E+4	0.000000E+0	0.000000E+0
4.783598E+3	1.106880E-6	1.262860E+4	0.000000E+0	0.000000E+0
4.787597E+3	1.106960E-6	1.262850E+4	0.000000E+0	0.000000E+0
4.791593E+3	1.106930E-6	1.262850E+4	0.000000E+0	0.000000E+0
4.795609E+3	1.106950E-6	1.262850E+4	0.000000E+0	0.000000E+0
4.799592E+3	1.106940E-6	1.262840E+4	0.000000E+0	0.000000E+0
4.803598E+3	1.106970E-6	1.262830E+4	0.000000E+0	0.000000E+0
4.807590E+3	1.107120E-6	1.262810E+4	0.000000E+0	0.000000E+0
4.811601E+3	1.107000E-6	1.262800E+4	0.000000E+0	0.000000E+0
4.815591E+3	1.107010E-6	1.262770E+4	0.000000E+0	0.000000E+0
4.819622E+3	1.107130E-6	1.262740E+4	0.000000E+0	0.000000E+0
4.823590E+3	1.107200E-6	1.262700E+4	0.000000E+0	0.000000E+0
4.827602E+3	1.107130E-6	1.262670E+4	0.000000E+0	0.000000E+0
4.831596E+3	1.107100E-6	1.262620E+4	0.000000E+0	0.000000E+0
4.835596E+3	1.107070E-6	1.262590E+4	0.000000E+0	0.000000E+0
4.839593E+3	1.107130E-6	1.262590E+4	0.000000E+0	0.000000E+0
4.843603E+3	1.107090E-6	1.262580E+4	0.000000E+0	0.000000E+0
4.847591E+3	1.107090E-6	1.262570E+4	0.000000E+0	0.000000E+0
4.851597E+3	1.107070E-6	1.262540E+4	0.000000E+0	0.000000E+0
4.855597E+3	1.107110E-6	1.262510E+4	0.000000E+0	0.000000E+0
4.859603E+3	1.107140E-6	1.262470E+4	0.000000E+0	0.000000E+0
4.863595E+3	1.107130E-6	1.262430E+4	0.000000E+0	0.000000E+0
4.867600E+3	1.107160E-6	1.262410E+4	0.000000E+0	0.000000E+0
4.871595E+3	1.107220E-6	1.262390E+4	0.000000E+0	0.000000E+0
4.875610E+3	1.107180E-6	1.262380E+4	0.000000E+0	0.000000E+0
4.879592E+3	1.107250E-6	1.262370E+4	0.000000E+0	0.000000E+0
4.883598E+3	1.107250E-6	1.262340E+4	0.000000E+0	0.000000E+0
4.887595E+3	1.107360E-6	1.262320E+4	0.000000E+0	0.000000E+0
4.891602E+3	1.107280E-6	1.262280E+4	0.000000E+0	0.000000E+0
4.895595E+3	1.107390E-6	1.262260E+4	0.000000E+0	0.000000E+0
4.899600E+3	1.107340E-6	1.262250E+4	0.000000E+0	0.000000E+0
4.903592E+3	1.107400E-6	1.262220E+4	0.000000E+0	0.000000E+0
4.907605E+3	1.107450E-6	1.262210E+4	0.000000E+0	0.000000E+0
4.911591E+3	1.107430E-6	1.262210E+4	0.000000E+0	0.000000E+0
4.915598E+3	1.107480E-6	1.262220E+4	0.000000E+0	0.000000E+0
4.919590E+3	1.107590E-6	1.262210E+4	0.000000E+0	0.000000E+0
4.923604E+3	1.107500E-6	1.262150E+4	0.000000E+0	0.000000E+0
4.927593E+3	1.107440E-6	1.262080E+4	0.000000E+0	0.000000E+0
4.931602E+3	1.107530E-6	1.262080E+4	0.000000E+0	0.000000E+0
4.935597E+3	1.107520E-6	1.262100E+4	0.000000E+0	0.000000E+0
4.939605E+3	1.107600E-6	1.262120E+4	0.000000E+0	0.000000E+0
4.943596E+3	1.107550E-6	1.262090E+4	0.000000E+0	0.000000E+0
4.947596E+3	1.107520E-6	1.262070E+4	0.000000E+0	0.000000E+0
4.951599E+3	1.107560E-6	1.262070E+4	0.000000E+0	0.000000E+0
4.955606E+3	1.107560E-6	1.262080E+4	0.000000E+0	0.000000E+0
4.959592E+3	1.107570E-6	1.262090E+4	0.000000E+0	0.000000E+0
4.963602E+3	1.107630E-6	1.262070E+4	0.000000E+0	0.000000E+0
4.967597E+3	1.107670E-6	1.262030E+4	0.000000E+0	0.000000E+0
4.971605E+3	1.107710E-6	1.261980E+4	0.000000E+0	0.000000E+0
4.975600E+3	1.107620E-6	1.261950E+4	0.000000E+0	0.000000E+0
4.979598E+3	1.107730E-6	1.261920E+4	0.000000E+0	0.000000E+0
4.983593E+3	1.107730E-6	1.261900E+4	0.000000E+0	0.000000E+0
4.987606E+3	1.107750E-6	1.261880E+4	0.000000E+0	0.000000E+0
4.991598E+3	1.107620E-6	1.261870E+4	0.000000E+0	0.000000E+0
4.995598E+3	1.107720E-6	1.261860E+4	0.000000E+0	0.000000E+0
4.999596E+3	1.107740E-6	1.261870E+4	0.000000E+0	0.000000E+0
5.003602E+3	1.107710E-6	1.261860E+4	0.000000E+0	0.000000E+0
5.007596E+3	1.107810E-6	1.261840E+4	0.000000E+0	0.000000E+0
5.011595E+3	1.107830E-6	1.261840E+4	0.000000E+0	0.000000E+0
5.015594E+3	1.107880E-6	1.261820E+4	0.000000E+0	0.000000E+0
5.019600E+3	1.107880E-6	1.261810E+4	0.000000E+0	0.000000E+0
5.023593E+3	1.107870E-6	1.261810E+4	0.000000E+0	0.000000E+0
5.027591E+3	1.107900E-6	1.261810E+4	0.000000E+0	0.000000E+0
5.031596E+3	1.107870E-6	1.261830E+4	0.000000E+0	0.000000E+0
5.035599E+3	1.107900E-6	1.261830E+4	0.000000E+0	0.000000E+0
5.039596E+3	1.107920E-6	1.261820E+4	0.000000E+0	0.000000E+0
5.043596E+3	1.107940E-6	1.261810E+4	0.000000E+0	0.000000E+0
5.047592E+3	1.107910E-6	1.261820E+4	0.000000E+0	0.000000E+0
5.051598E+3	1.108010E-6	1.261820E+4	0.000000E+0	0.000000E+0
5.055590E+3	1.108030E-6	1.261810E+4	0.000000E+0	0.000000E+0
5.059598E+3	1.108080E-6	1.261800E+4	0.000000E+0	0.000000E+0
5.063592E+3	1.108100E-6	1.261790E+4	0.000000E+0	0.000000E+0
5.067603E+3	1.108120E-6	1.261780E+4	0.000000E+0	0.000000E+0
5.071592E+3	1.108130E-6	1.261750E+4	0.000000E+0	0.000000E+0
5.075600E+3	1.108110E-6	1.261700E+4	0.000000E+0	0.000000E+0
5.079595E+3	1.108110E-6	1.261650E+4	0.000000E+0	0.000000E+0
5.083603E+3	1.108140E-6	1.261620E+4	0.000000E+0	0.000000E+0
5.087596E+3	1.108150E-6	1.261590E+4	0.000000E+0	0.000000E+0
5.091596E+3	1.108150E-6	1.261560E+4	0.000000E+0	0.000000E+0
5.095593E+3	1.108250E-6	1.261540E+4	0.000000E+0	0.000000E+0
5.099604E+3	1.108260E-6	1.261530E+4	0.000000E+0	0.000000E+0
5.103593E+3	1.108300E-6	1.261520E+4	0.000000E+0	0.000000E+0
5.107601E+3	1.108440E-6	1.261530E+4	0.000000E+0	0.000000E+0
5.111594E+3	1.108320E-6	1.261530E+4	0.000000E+0	0.000000E+0
5.115603E+3	1.108320E-6	1.261530E+4	0.000000E+0	0.000000E+0
5.119596E+3	1.108280E-6	1.261550E+4	0.000000E+0	0.000000E+0
5.123596E+3	1.108430E-6	1.261560E+4	0.000000E+0	0.000000E+0
5.127592E+3	1.108240E-6	1.261550E+4	0.000000E+0	0.000000E+0
5.131605E+3	1.108300E-6	1.261520E+4	0.000000E+0	0.000000E+0
5.135592E+3	1.108340E-6	1.261480E+4	0.000000E+0	0.000000E+0
5.139599E+3	1.108420E-6	1.261440E+4	0.000000E+0	0.000000E+0
5.143594E+3	1.108410E-6	1.261420E+4	0.000000E+0	0.000000E+0
5.147601E+3	1.108450E-6	1.261400E+4	0.000000E+0	0.000000E+0
5.151594E+3	1.108460E-6	1.261410E+4	0.000000E+0	0.000000E+0
5.155605E+3	1.108500E-6	1.261420E+4	0.000000E+0	0.000000E+0
5.159593E+3	1.108450E-6	1.261400E+4	0.000000E+0	0.000000E+0
5.163595E+3	1.108470E-6	1.261390E+4	0.000000E+0	0.000000E+0
5.167600E+3	1.108470E-6	1.261370E+4	0.000000E+0	0.000000E+0
5.171600E+3	1.108550E-6	1.261370E+4	0.000000E+0	0.000000E+0
5.175604E+3	1.108560E-6	1.261400E+4	0.000000E+0	0.000000E+0
5.179596E+3	1.108550E-6	1.261410E+4	0.000000E+0	0.000000E+0
5.183598E+3	1.108630E-6	1.261430E+4	0.000000E+0	0.000000E+0
5.187596E+3	1.108600E-6	1.261440E+4	0.000000E+0	0.000000E+0
5.191599E+3	1.108610E-6	1.261460E+4	0.000000E+0	0.000000E+0
5.195602E+3	1.108570E-6	1.261460E+4	0.000000E+0	0.000000E+0
5.199596E+3	1.108600E-6	1.261420E+4	0.000000E+0	0.000000E+0
5.203596E+3	1.108650E-6	1.261370E+4	0.000000E+0	0.000000E+0
5.207594E+3	1.108670E-6	1.261370E+4	0.000000E+0	0.000000E+0
5.211597E+3	1.108610E-6	1.261330E+4	0.000000E+0	0.000000E+0
5.215594E+3	1.108730E-6	1.261310E+4	0.000000E+0	0.000000E+0
5.219596E+3	1.108710E-6	1.261280E+4	0.000000E+0	0.000000E+0
5.223599E+3	1.108750E-6	1.261270E+4	0.000000E+0	0.000000E+0
5.227601E+3	1.108830E-6	1.261240E+4	0.000000E+0	0.000000E+0
5.231595E+3	1.108850E-6	1.261230E+4	0.000000E+0	0.000000E+0
5.235597E+3	1.108880E-6	1.261210E+4	0.000000E+0	0.000000E+0
5.239595E+3	1.108860E-6	1.261180E+4	0.000000E+0	0.000000E+0
5.243597E+3	1.108890E-6	1.261140E+4	0.000000E+0	0.000000E+0
5.247597E+3	1.108990E-6	1.261140E+4	0.000000E+0	0.000000E+0
5.251597E+3	1.108940E-6	1.261110E+4	0.000000E+0	0.000000E+0
5.255600E+3	1.109040E-6	1.261090E+4	0.000000E+0	0.000000E+0
5.259603E+3	1.109090E-6	1.261070E+4	0.000000E+0	0.000000E+0
5.263601E+3	1.109060E-6	1.261050E+4	0.000000E+0	0.000000E+0
5.267598E+3	1.109010E-6	1.261010E+4	0.000000E+0	0.000000E+0
5.271601E+3	1.109030E-6	1.260990E+4	0.000000E+0	0.000000E+0
5.275598E+3	1.109060E-6	1.260960E+4	0.000000E+0	0.000000E+0
5.279598E+3	1.109140E-6	1.260870E+4	0.000000E+0	0.000000E+0
5.283596E+3	1.109090E-6	1.260810E+4	0.000000E+0	0.000000E+0
5.287598E+3	1.109110E-6	1.260760E+4	0.000000E+0	0.000000E+0
5.291597E+3	1.109130E-6	1.260760E+4	0.000000E+0	0.000000E+0
5.295596E+3	1.109090E-6	1.260770E+4	0.000000E+0	0.000000E+0
5.299594E+3	1.109210E-6	1.260760E+4	0.000000E+0	0.000000E+0
5.303599E+3	1.109180E-6	1.260760E+4	0.000000E+0	0.000000E+0
5.307600E+3	1.109190E-6	1.260740E+4	0.000000E+0	0.000000E+0
5.311599E+3	1.109200E-6	1.260740E+4	0.000000E+0	0.000000E+0
5.315594E+3	1.109240E-6	1.260750E+4	0.000000E+0	0.000000E+0
5.319602E+3	1.109200E-6	1.260760E+4	0.000000E+0	0.000000E+0
5.323590E+3	1.109280E-6	1.260770E+4	0.000000E+0	0.000000E+0
5.327597E+3	1.109310E-6	1.260770E+4	0.000000E+0	0.000000E+0
5.331595E+3	1.109280E-6	1.260750E+4	0.000000E+0	0.000000E+0
5.335595E+3	1.109370E-6	1.260710E+4	0.000000E+0	0.000000E+0
5.339591E+3	1.109390E-6	1.260690E+4	0.000000E+0	0.000000E+0
5.343598E+3	1.109380E-6	1.260680E+4	0.000000E+0	0.000000E+0
5.347598E+3	1.109370E-6	1.260660E+4	0.000000E+0	0.000000E+0
5.351598E+3	1.109330E-6	1.260630E+4	0.000000E+0	0.000000E+0
5.355596E+3	1.109450E-6	1.260620E+4	0.000000E+0	0.000000E+0
5.359595E+3	1.109380E-6	1.260540E+4	0.000000E+0	0.000000E+0
5.363601E+3	1.109390E-6	1.260550E+4	0.000000E+0	0.000000E+0
5.367598E+3	1.109510E-6	1.260550E+4	0.000000E+0	0.000000E+0
5.371598E+3	1.109430E-6	1.260550E+4	0.000000E+0	0.000000E+0
5.375596E+3	1.109520E-6	1.260540E+4	0.000000E+0	0.000000E+0
5.379598E+3	1.109550E-6	1.260540E+4	0.000000E+0	0.000000E+0
5.383598E+3	1.109630E-6	1.260540E+4	0.000000E+0	0.000000E+0
5.387598E+3	1.109670E-6	1.260550E+4	0.000000E+0	0.000000E+0
5.391597E+3	1.109620E-6	1.260560E+4	0.000000E+0	0.000000E+0
5.395596E+3	1.109720E-6	1.260550E+4	0.000000E+0	0.000000E+0
5.399596E+3	1.109700E-6	1.260550E+4	0.000000E+0	0.000000E+0
5.403593E+3	1.109650E-6	1.260540E+4	0.000000E+0	0.000000E+0
5.407597E+3	1.109780E-6	1.260520E+4	0.000000E+0	0.000000E+0
5.411594E+3	1.109730E-6	1.260500E+4	0.000000E+0	0.000000E+0
5.415592E+3	1.109690E-6	1.260450E+4	0.000000E+0	0.000000E+0
5.419605E+3	1.109760E-6	1.260450E+4	0.000000E+0	0.000000E+0
5.423595E+3	1.109800E-6	1.260430E+4	0.000000E+0	0.000000E+0
5.427602E+3	1.109820E-6	1.260410E+4	0.000000E+0	0.000000E+0
5.431600E+3	1.109810E-6	1.260400E+4	0.000000E+0	0.000000E+0
5.435597E+3	1.109820E-6	1.260390E+4	0.000000E+0	0.000000E+0
5.439598E+3	1.109880E-6	1.260390E+4	0.000000E+0	0.000000E+0
5.443598E+3	1.109830E-6	1.260380E+4	0.000000E+0	0.000000E+0
5.447598E+3	1.109870E-6	1.260350E+4	0.000000E+0	0.000000E+0
5.451595E+3	1.109850E-6	1.260320E+4	0.000000E+0	0.000000E+0
5.455596E+3	1.109930E-6	1.260290E+4	0.000000E+0	0.000000E+0
5.459601E+3	1.109940E-6	1.260270E+4	0.000000E+0	0.000000E+0
5.463595E+3	1.110060E-6	1.260250E+4	0.000000E+0	0.000000E+0
5.467599E+3	1.109980E-6	1.260230E+4	0.000000E+0	0.000000E+0
5.471595E+3	1.109980E-6	1.260230E+4	0.000000E+0	0.000000E+0
5.475607E+3	1.109900E-6	1.260220E+4	0.000000E+0	0.000000E+0
5.479595E+3	1.110020E-6	1.260210E+4	0.000000E+0	0.000000E+0
5.483591E+3	1.110020E-6	1.260210E+4	0.000000E+0	0.000000E+0
5.487593E+3	1.110010E-6	1.260210E+4	0.000000E+0	0.000000E+0
5.491597E+3	1.110060E-6	1.260200E+4	0.000000E+0	0.000000E+0
5.495599E+3	1.110040E-6	1.260160E+4	0.000000E+0	0.000000E+0
5.499594E+3	1.110040E-6	1.260150E+4	0.000000E+0	0.000000E+0
5.503596E+3	1.109970E-6	1.260150E+4	0.000000E+0	0.000000E+0
5.507597E+3	1.110070E-6	1.260140E+4	0.000000E+0	0.000000E+0
5.511605E+3	1.110150E-6	1.260100E+4	0.000000E+0	0.000000E+0
5.515597E+3	1.110190E-6	1.260080E+4	0.000000E+0	0.000000E+0
5.519595E+3	1.110150E-6	1.260080E+4	0.000000E+0	0.000000E+0
5.523595E+3	1.110270E-6	1.260080E+4	0.000000E+0	0.000000E+0
5.527602E+3	1.110260E-6	1.260090E+4	0.000000E+0	0.000000E+0
5.531600E+3	1.110270E-6	1.260100E+4	0.000000E+0	0.000000E+0
5.535598E+3	1.110290E-6	1.260090E+4	0.000000E+0	0.000000E+0
5.539597E+3	1.110270E-6	1.260090E+4	0.000000E+0	0.000000E+0
5.543592E+3	1.110340E-6	1.260070E+4	0.000000E+0	0.000000E+0
5.547598E+3	1.110380E-6	1.260070E+4	0.000000E+0	0.000000E+0
5.551606E+3	1.110360E-6	1.260050E+4	0.000000E+0	0.000000E+0
5.555595E+3	1.110390E-6	1.260010E+4	0.000000E+0	0.000000E+0
5.559595E+3	1.110400E-6	1.260000E+4	0.000000E+0	0.000000E+0
5.563601E+3	1.110440E-6	1.260000E+4	0.000000E+0	0.000000E+0
5.567598E+3	1.110310E-6	1.260000E+4	0.000000E+0	0.000000E+0
5.571601E+3	1.110420E-6	1.259980E+4	0.000000E+0	0.000000E+0
5.575596E+3	1.110470E-6	1.259960E+4	0.000000E+0	0.000000E+0
5.579602E+3	1.110560E-6	1.259940E+4	0.000000E+0	0.000000E+0
5.583593E+3	1.110470E-6	1.259910E+4	0.000000E+0	0.000000E+0
5.587604E+3	1.110500E-6	1.259850E+4	0.000000E+0	0.000000E+0
5.591591E+3	1.110400E-6	1.259830E+4	0.000000E+0	0.000000E+0
5.595597E+3	1.110490E-6	1.259830E+4	0.000000E+0	0.000000E+0
5.599591E+3	1.110440E-6	1.259840E+4	0.000000E+0	0.000000E+0
5.603603E+3	1.110530E-6	1.259850E+4	0.000000E+0	0.000000E+0
5.607594E+3	1.110480E-6	1.259830E+4	0.000000E+0	0.000000E+0
5.611599E+3	1.110610E-6	1.259810E+4	0.000000E+0	0.000000E+0
5.615590E+3	1.110540E-6	1.259780E+4	0.000000E+0	0.000000E+0
5.619605E+3	1.110540E-6	1.259740E+4	0.000000E+0	0.000000E+0
5.623607E+3	1.110630E-6	1.259710E+4	0.000000E+0	0.000000E+0
5.627603E+3	1.110680E-6	1.259700E+4	0.000000E+0	0.000000E+0
5.631597E+3	1.110620E-6	1.259690E+4	0.000000E+0	0.000000E+0
5.635606E+3	1.110690E-6	1.259690E+4	0.000000E+0	0.000000E+0
5.639595E+3	1.110630E-6	1.259670E+4	0.000000E+0	0.000000E+0
5.643596E+3	1.110640E-6	1.259670E+4	0.000000E+0	0.000000E+0
5.647598E+3	1.110610E-6	1.259680E+4	0.000000E+0	0.000000E+0
5.651603E+3	1.110720E-6	1.259680E+4	0.000000E+0	0.000000E+0
5.655598E+3	1.110730E-6	1.259660E+4	0.000000E+0	0.000000E+0
5.659601E+3	1.110790E-6	1.259630E+4	0.000000E+0	0.000000E+0
5.663599E+3	1.110830E-6	1.259630E+4	0.000000E+0	0.000000E+0
5.667604E+3	1.110780E-6	1.259620E+4	0.000000E+0	0.000000E+0
5.671596E+3	1.110830E-6	1.259610E+4	0.000000E+0	0.000000E+0
5.675599E+3	1.110880E-6	1.259600E+4	0.000000E+0	0.000000E+0
5.679599E+3	1.110920E-6	1.259600E+4	0.000000E+0	0.000000E+0
5.683599E+3	1.110890E-6	1.259590E+4	0.000000E+0	0.000000E+0
5.687596E+3	1.110880E-6	1.259570E+4	0.000000E+0	0.000000E+0
5.691597E+3	1.110890E-6	1.259550E+4	0.000000E+0	0.000000E+0
5.695600E+3	1.110970E-6	1.259520E+4	0.000000E+0	0.000000E+0
5.699607E+3	1.110930E-6	1.259480E+4	0.000000E+0	0.000000E+0
5.703597E+3	1.110930E-6	1.259460E+4	0.000000E+0	0.000000E+0
5.707599E+3	1.111080E-6	1.259460E+4	0.000000E+0	0.000000E+0
5.711597E+3	1.110950E-6	1.259450E+4	0.000000E+0	0.000000E+0
5.715606E+3	1.111010E-6	1.259430E+4	0.000000E+0	0.000000E+0
5.719595E+3	1.111110E-6	1.259410E+4	0.000000E+0	0.000000E+0
5.723601E+3	1.111060E-6	1.259370E+4	0.000000E+0	0.000000E+0
5.727598E+3	1.110920E-6	1.259350E+4	0.000000E+0	0.000000E+0
5.731606E+3	1.111060E-6	1.259350E+4	0.000000E+0	0.000000E+0
5.735595E+3	1.111010E-6	1.259340E+4	0.000000E+0	0.000000E+0
5.739603E+3	1.111130E-6	1.259320E+4	0.000000E+0	0.000000E+0
5.743591E+3	1.111110E-6	1.259320E+4	0.000000E+0	0.000000E+0
5.747604E+3	1.111210E-6	1.259310E+4	0.000000E+0	0.000000E+0
5.751593E+3	1.111100E-6	1.259310E+4	0.000000E+0	0.000000E+0
5.755602E+3	1.111250E-6	1.259310E+4	0.000000E+0	0.000000E+0
5.759601E+3	1.111190E-6	1.259320E+4	0.000000E+0	0.000000E+0
5.763607E+3	1.111310E-6	1.259310E+4	0.000000E+0	0.000000E+0
5.767596E+3	1.111210E-6	1.259310E+4	0.000000E+0	0.000000E+0
5.771597E+3	1.111270E-6	1.259320E+4	0.000000E+0	0.000000E+0
5.775599E+3	1.111250E-6	1.259320E+4	0.000000E+0	0.000000E+0
5.779600E+3	1.111310E-6	1.259310E+4	0.000000E+0	0.000000E+0
5.783592E+3	1.111350E-6	1.259300E+4	0.000000E+0	0.000000E+0
5.787600E+3	1.111430E-6	1.259270E+4	0.000000E+0	0.000000E+0
5.791600E+3	1.111420E-6	1.259260E+4	0.000000E+0	0.000000E+0
5.795607E+3	1.111480E-6	1.259230E+4	0.000000E+0	0.000000E+0
5.799595E+3	1.111420E-6	1.259200E+4	0.000000E+0	0.000000E+0
5.803598E+3	1.111470E-6	1.259190E+4	0.000000E+0	0.000000E+0
5.807597E+3	1.111440E-6	1.259180E+4	0.000000E+0	0.000000E+0
5.811601E+3	1.111450E-6	1.259180E+4	0.000000E+0	0.000000E+0
5.815600E+3	1.111470E-6	1.259180E+4	0.000000E+0	0.000000E+0
5.819608E+3	1.111530E-6	1.259170E+4	0.000000E+0	0.000000E+0
5.823596E+3	1.111520E-6	1.259150E+4	0.000000E+0	0.000000E+0
5.827603E+3	1.111550E-6	1.259110E+4	0.000000E+0	0.000000E+0
5.831596E+3	1.111640E-6	1.259080E+4	0.000000E+0	0.000000E+0
5.835599E+3	1.111660E-6	1.259070E+4	0.000000E+0	0.000000E+0
5.839598E+3	1.111680E-6	1.259050E+4	0.000000E+0	0.000000E+0
5.843604E+3	1.111700E-6	1.259050E+4	0.000000E+0	0.000000E+0
5.847591E+3	1.111700E-6	1.259060E+4	0.000000E+0	0.000000E+0
5.851605E+3	1.111730E-6	1.259060E+4	0.000000E+0	0.000000E+0
5.855598E+3	1.111820E-6	1.259040E+4	0.000000E+0	0.000000E+0
5.859604E+3	1.111820E-6	1.259020E+4	0.000000E+0	0.000000E+0
5.863593E+3	1.111780E-6	1.258990E+4	0.000000E+0	0.000000E+0
5.867609E+3	1.111770E-6	1.258960E+4	0.000000E+0	0.000000E+0
5.871597E+3	1.111870E-6	1.258920E+4	0.000000E+0	0.000000E+0
5.875602E+3	1.111810E-6	1.258890E+4	0.000000E+0	0.000000E+0
5.879597E+3	1.111860E-6	1.258850E+4	0.000000E+0	0.000000E+0
5.883599E+3	1.111870E-6	1.258800E+4	0.000000E+0	0.000000E+0
5.887597E+3	1.111920E-6	1.258770E+4	0.000000E+0	0.000000E+0
5.891595E+3	1.111920E-6	1.258720E+4	0.000000E+0	0.000000E+0
5.895597E+3	1.111910E-6	1.258710E+4	0.000000E+0	0.000000E+0
5.899596E+3	1.111970E-6	1.258700E+4	0.000000E+0	0.000000E+0
5.903603E+3	1.112060E-6	1.258680E+4	0.000000E+0	0.000000E+0
5.907603E+3	1.111980E-6	1.258660E+4	0.000000E+0	0.000000E+0
5.911598E+3	1.111990E-6	1.258620E+4	0.000000E+0	0.000000E+0
5.915600E+3	1.112060E-6	1.258570E+4	0.000000E+0	0.000000E+0
5.919595E+3	1.112060E-6	1.258470E+4	0.000000E+0	0.000000E+0
5.923593E+3	1.112040E-6	1.258410E+4	0.000000E+0	0.000000E+0
5.927593E+3	1.112030E-6	1.258370E+4	0.000000E+0	0.000000E+0
5.931596E+3	1.112100E-6	1.258360E+4	0.000000E+0	0.000000E+0
5.935608E+3	1.112120E-6	1.258370E+4	0.000000E+0	0.000000E+0
5.939596E+3	1.112140E-6	1.258380E+4	0.000000E+0	0.000000E+0
5.943597E+3	1.112140E-6	1.258410E+4	0.000000E+0	0.000000E+0
5.947599E+3	1.112150E-6	1.258410E+4	0.000000E+0	0.000000E+0
5.951599E+3	1.112230E-6	1.258410E+4	0.000000E+0	0.000000E+0
5.955599E+3	1.112170E-6	1.258400E+4	0.000000E+0	0.000000E+0
5.959599E+3	1.112220E-6	1.258410E+4	0.000000E+0	0.000000E+0
5.963599E+3	1.112150E-6	1.258400E+4	0.000000E+0	0.000000E+0
5.967594E+3	1.112220E-6	1.258390E+4	0.000000E+0	0.000000E+0
5.971592E+3	1.113460E-6	1.258380E+4	0.000000E+0	0.000000E+0
5.975592E+3	1.113390E-6	1.258340E+4	0.000000E+0	0.000000E+0
5.979592E+3	1.113340E-6	1.258310E+4	0.000000E+0	0.000000E+0
5.983597E+3	1.113240E-6	1.258280E+4	0.000000E+0	0.000000E+0
5.987600E+3	1.113270E-6	1.258260E+4	0.000000E+0	0.000000E+0
5.991598E+3	1.113130E-6	1.258260E+4	0.000000E+0	0.000000E+0
5.995594E+3	1.113200E-6	1.258270E+4	0.000000E+0	0.000000E+0
5.999597E+3	1.113120E-6	1.258290E+4	0.000000E+0	0.000000E+0
6.003590E+3	1.113060E-6	1.258300E+4	0.000000E+0	0.000000E+0
6.007595E+3	1.113190E-6	1.258300E+4	0.000000E+0	0.000000E+0
6.011599E+3	1.113180E-6	1.258300E+4	0.000000E+0	0.000000E+0
6.015588E+3	1.113090E-6	1.258290E+4	0.000000E+0	0.000000E+0
6.019598E+3	1.113140E-6	1.258300E+4	0.000000E+0	0.000000E+0
6.023595E+3	1.113160E-6	1.258280E+4	0.000000E+0	0.000000E+0
6.027599E+3	1.113180E-6	1.258270E+4	0.000000E+0	0.000000E+0
6.031595E+3	1.113210E-6	1.258250E+4	0.000000E+0	0.000000E+0
6.035601E+3	1.113160E-6	1.258220E+4	0.000000E+0	0.000000E+0
6.039591E+3	1.113160E-6	1.258190E+4	0.000000E+0	0.000000E+0
6.043597E+3	1.113120E-6	1.258180E+4	0.000000E+0	0.000000E+0
6.047594E+3	1.113130E-6	1.258180E+4	0.000000E+0	0.000000E+0
6.051599E+3	1.113150E-6	1.258190E+4	0.000000E+0	0.000000E+0
6.055596E+3	1.113280E-6	1.258180E+4	0.000000E+0	0.000000E+0
6.059602E+3	1.113250E-6	1.258140E+4	0.000000E+0	0.000000E+0
6.063592E+3	1.113220E-6	1.258110E+4	0.000000E+0	0.000000E+0
6.067592E+3	1.113280E-6	1.258120E+4	0.000000E+0	0.000000E+0
6.071595E+3	1.113220E-6	1.258140E+4	0.000000E+0	0.000000E+0
6.075595E+3	1.113310E-6	1.258130E+4	0.000000E+0	0.000000E+0
6.079594E+3	1.113260E-6	1.258130E+4	0.000000E+0	0.000000E+0
6.083594E+3	1.113370E-6	1.258140E+4	0.000000E+0	0.000000E+0
6.087594E+3	1.113420E-6	1.258110E+4	0.000000E+0	0.000000E+0
6.091597E+3	1.113350E-6	1.258100E+4	0.000000E+0	0.000000E+0
6.095595E+3	1.113430E-6	1.258110E+4	0.000000E+0	0.000000E+0
6.099593E+3	1.113450E-6	1.258110E+4	0.000000E+0	0.000000E+0
6.103593E+3	1.113490E-6	1.258090E+4	0.000000E+0	0.000000E+0
6.107598E+3	1.113480E-6	1.258080E+4	0.000000E+0	0.000000E+0
6.111596E+3	1.113550E-6	1.258060E+4	0.000000E+0	0.000000E+0
6.115597E+3	1.113510E-6	1.258080E+4	0.000000E+0	0.000000E+0
6.119595E+3	1.113550E-6	1.258070E+4	0.000000E+0	0.000000E+0
6.123593E+3	1.113550E-6	1.258050E+4	0.000000E+0	0.000000E+0
6.127595E+3	1.113560E-6	1.258020E+4	0.000000E+0	0.000000E+0
6.131594E+3	1.113560E-6	1.257990E+4	0.000000E+0	0.000000E+0
6.135598E+3	1.113530E-6	1.257970E+4	0.000000E+0	0.000000E+0
6.139596E+3	1.113540E-6	1.257950E+4	0.000000E+0	0.000000E+0
6.143596E+3	1.113510E-6	1.257950E+4	0.000000E+0	0.000000E+0
6.147597E+3	1.113490E-6	1.257940E+4	0.000000E+0	0.000000E+0
6.151594E+3	1.113460E-6	1.257920E+4	0.000000E+0	0.000000E+0
6.155594E+3	1.113510E-6	1.257900E+4	0.000000E+0	0.000000E+0
6.159592E+3	1.113510E-6	1.257880E+4	0.000000E+0	0.000000E+0
6.163597E+3	1.113520E-6	1.257850E+4	0.000000E+0	0.000000E+0
6.167595E+3	1.113480E-6	1.257800E+4	0.000000E+0	0.000000E+0
6.171595E+3	1.113600E-6	1.257730E+4	0.000000E+0	0.000000E+0
6.175602E+3	1.113620E-6	1.257650E+4	0.000000E+0	0.000000E+0
6.179600E+3	1.113670E-6	1.257600E+4	0.000000E+0	0.000000E+0
6.183597E+3	1.113660E-6	1.257600E+4	0.000000E+0	0.000000E+0
6.187603E+3	1.113650E-6	1.257590E+4	0.000000E+0	0.000000E+0
6.191598E+3	1.113680E-6	1.257610E+4	0.000000E+0	0.000000E+0
6.195591E+3	1.113670E-6	1.257550E+4	0.000000E+0	0.000000E+0
6.199600E+3	1.113630E-6	1.257520E+4	0.000000E+0	0.000000E+0
6.203598E+3	1.113710E-6	1.257520E+4	0.000000E+0	0.000000E+0
6.207606E+3	1.113660E-6	1.257530E+4	0.000000E+0	0.000000E+0
6.211596E+3	1.113710E-6	1.257540E+4	0.000000E+0	0.000000E+0
6.215595E+3	1.113720E-6	1.257540E+4	0.000000E+0	0.000000E+0
6.219599E+3	1.113770E-6	1.257540E+4	0.000000E+0	0.000000E+0
6.223594E+3	1.113760E-6	1.257530E+4	0.000000E+0	0.000000E+0
6.227594E+3	1.113790E-6	1.257520E+4	0.000000E+0	0.000000E+0
6.231594E+3	1.113870E-6	1.257510E+4	0.000000E+0	0.000000E+0
6.235602E+3	1.113880E-6	1.257510E+4	0.000000E+0	0.000000E+0
6.239593E+3	1.113910E-6	1.257490E+4	0.000000E+0	0.000000E+0
6.243592E+3	1.113900E-6	1.257480E+4	0.000000E+0	0.000000E+0
6.247596E+3	1.113960E-6	1.257490E+4	0.000000E+0	0.000000E+0
6.251597E+3	1.113950E-6	1.257480E+4	0.000000E+0	0.000000E+0
6.255597E+3	1.113920E-6	1.257450E+4	0.000000E+0	0.000000E+0
6.259594E+3	1.114040E-6	1.257430E+4	0.000000E+0	0.000000E+0
6.263600E+3	1.114040E-6	1.257400E+4	0.000000E+0	0.000000E+0
6.267600E+3	1.114080E-6	1.257400E+4	0.000000E+0	0.000000E+0
6.271603E+3	1.114040E-6	1.257400E+4	0.000000E+0	0.000000E+0
6.275600E+3	1.113990E-6	1.257390E+4	0.000000E+0	0.000000E+0
6.279595E+3	1.113990E-6	1.257390E+4	0.000000E+0	0.000000E+0
6.283595E+3	1.114030E-6	1.257370E+4	0.000000E+0	0.000000E+0
6.287600E+3	1.114060E-6	1.257360E+4	0.000000E+0	0.000000E+0
6.291591E+3	1.114060E-6	1.257340E+4	0.000000E+0	0.000000E+0
6.295593E+3	1.114010E-6	1.257320E+4	0.000000E+0	0.000000E+0
6.299596E+3	1.114070E-6	1.257300E+4	0.000000E+0	0.000000E+0
6.303595E+3	1.113990E-6	1.257290E+4	0.000000E+0	0.000000E+0
6.307594E+3	1.114250E-6	1.257300E+4	0.000000E+0	0.000000E+0
6.311598E+3	1.114090E-6	1.257280E+4	0.000000E+0	0.000000E+0
6.315596E+3	1.114050E-6	1.257280E+4	0.000000E+0	0.000000E+0
6.319599E+3	1.114150E-6	1.257290E+4	0.000000E+0	0.000000E+0
6.323599E+3	1.114230E-6	1.257300E+4	0.000000E+0	0.000000E+0
6.327599E+3	1.114160E-6	1.257300E+4	0.000000E+0	0.000000E+0
6.331597E+3	1.114160E-6	1.257300E+4	0.000000E+0	0.000000E+0
6.335597E+3	1.114180E-6	1.257280E+4	0.000000E+0	0.000000E+0
6.339597E+3	1.114250E-6	1.257280E+4	0.000000E+0	0.000000E+0
6.343601E+3	1.114310E-6	1.257290E+4	0.000000E+0	0.000000E+0
6.347599E+3	1.114340E-6	1.257290E+4	0.000000E+0	0.000000E+0
6.351597E+3	1.114240E-6	1.257290E+4	0.000000E+0	0.000000E+0
6.355600E+3	1.114330E-6	1.257280E+4	0.000000E+0	0.000000E+0
6.359602E+3	1.114240E-6	1.257280E+4	0.000000E+0	0.000000E+0
6.363600E+3	1.114390E-6	1.257250E+4	0.000000E+0	0.000000E+0
6.367606E+3	1.114390E-6	1.257230E+4	0.000000E+0	0.000000E+0
6.371600E+3	1.114410E-6	1.257200E+4	0.000000E+0	0.000000E+0
6.375596E+3	1.114380E-6	1.257170E+4	0.000000E+0	0.000000E+0
6.379595E+3	1.114430E-6	1.257120E+4	0.000000E+0	0.000000E+0
6.383606E+3	1.114420E-6	1.257090E+4	0.000000E+0	0.000000E+0
6.387598E+3	1.114430E-6	1.257080E+4	0.000000E+0	0.000000E+0
6.391595E+3	1.114380E-6	1.257070E+4	0.000000E+0	0.000000E+0
6.395598E+3	1.114370E-6	1.257030E+4	0.000000E+0	0.000000E+0
6.399601E+3	1.114420E-6	1.256940E+4	0.000000E+0	0.000000E+0
6.403598E+3	1.114450E-6	1.256880E+4	0.000000E+0	0.000000E+0
6.407599E+3	1.114480E-6	1.256820E+4	0.000000E+0	0.000000E+0
6.411601E+3	1.114430E-6	1.256810E+4	0.000000E+0	0.000000E+0
6.415599E+3	1.114570E-6	1.256820E+4	0.000000E+0	0.000000E+0
6.419599E+3	1.114570E-6	1.256850E+4	0.000000E+0	0.000000E+0
6.423599E+3	1.114650E-6	1.256870E+4	0.000000E+0	0.000000E+0
6.427599E+3	1.114560E-6	1.256880E+4	0.000000E+0	0.000000E+0
6.431596E+3	1.114630E-6	1.256870E+4	0.000000E+0	0.000000E+0
6.435596E+3	1.114690E-6	1.256850E+4	0.000000E+0	0.000000E+0
6.439596E+3	1.114640E-6	1.256840E+4	0.000000E+0	0.000000E+0
6.443600E+3	1.114730E-6	1.256790E+4	0.000000E+0	0.000000E+0
6.447595E+3	1.114690E-6	1.256780E+4	0.000000E+0	0.000000E+0
6.451594E+3	1.114660E-6	1.256770E+4	0.000000E+0	0.000000E+0
6.455598E+3	1.114730E-6	1.256780E+4	0.000000E+0	0.000000E+0
6.459600E+3	1.114700E-6	1.256790E+4	0.000000E+0	0.000000E+0
6.463600E+3	1.114750E-6	1.256770E+4	0.000000E+0	0.000000E+0
6.467598E+3	1.114740E-6	1.256790E+4	0.000000E+0	0.000000E+0
6.471598E+3	1.114820E-6	1.256780E+4	0.000000E+0	0.000000E+0
6.475598E+3	1.114760E-6	1.256770E+4	0.000000E+0	0.000000E+0
6.479601E+3	1.114750E-6	1.256760E+4	0.000000E+0	0.000000E+0
6.483600E+3	1.114820E-6	1.256760E+4	0.000000E+0	0.000000E+0
6.487598E+3	1.114850E-6	1.256750E+4	0.000000E+0	0.000000E+0
6.491601E+3	1.114750E-6	1.256730E+4	0.000000E+0	0.000000E+0
6.495601E+3	1.114860E-6	1.256700E+4	0.000000E+0	0.000000E+0
6.499598E+3	1.114860E-6	1.256690E+4	0.000000E+0	0.000000E+0
6.503596E+3	1.114860E-6	1.256700E+4	0.000000E+0	0.000000E+0
6.507600E+3	1.114890E-6	1.256720E+4	0.000000E+0	0.000000E+0
6.511596E+3	1.114930E-6	1.256740E+4	0.000000E+0	0.000000E+0
6.515594E+3	1.114940E-6	1.256750E+4	0.000000E+0	0.000000E+0
6.519593E+3	1.115000E-6	1.256770E+4	0.000000E+0	0.000000E+0
6.523599E+3	1.115040E-6	1.256780E+4	0.000000E+0	0.000000E+0
6.527592E+3	1.115090E-6	1.256750E+4	0.000000E+0	0.000000E+0
6.531602E+3	1.115050E-6	1.256710E+4	0.000000E+0	0.000000E+0
6.535600E+3	1.115090E-6	1.256600E+4	0.000000E+0	0.000000E+0
6.539603E+3	1.115120E-6	1.256490E+4	0.000000E+0	0.000000E+0
6.543599E+3	1.115120E-6	1.256440E+4	0.000000E+0	0.000000E+0
6.547599E+3	1.115090E-6	1.256370E+4	0.000000E+0	0.000000E+0
6.551598E+3	1.115160E-6	1.256360E+4	0.000000E+0	0.000000E+0
6.555597E+3	1.115100E-6	1.256360E+4	0.000000E+0	0.000000E+0
6.559602E+3	1.115090E-6	1.256360E+4	0.000000E+0	0.000000E+0
6.563597E+3	1.115070E-6	1.256380E+4	0.000000E+0	0.000000E+0
6.567597E+3	1.115100E-6	1.256380E+4	0.000000E+0	0.000000E+0
6.571595E+3	1.115130E-6	1.256380E+4	0.000000E+0	0.000000E+0
6.575603E+3	1.115140E-6	1.256340E+4	0.000000E+0	0.000000E+0
6.579598E+3	1.115180E-6	1.256320E+4	0.000000E+0	0.000000E+0
6.583598E+3	1.115180E-6	1.256290E+4	0.000000E+0	0.000000E+0
6.587601E+3	1.115220E-6	1.256250E+4	0.000000E+0	0.000000E+0
6.591596E+3	1.115150E-6	1.256260E+4	0.000000E+0	0.000000E+0
6.595598E+3	1.115350E-6	1.256300E+4	0.000000E+0	0.000000E+0
6.599596E+3	1.115350E-6	1.256290E+4	0.000000E+0	0.000000E+0
6.603596E+3	1.115380E-6	1.256280E+4	0.000000E+0	0.000000E+0
6.607602E+3	1.115430E-6	1.256270E+4	0.000000E+0	0.000000E+0
6.611596E+3	1.115380E-6	1.256260E+4	0.000000E+0	0.000000E+0
6.615596E+3	1.115390E-6	1.256250E+4	0.000000E+0	0.000000E+0
6.619599E+3	1.115400E-6	1.256210E+4	0.000000E+0	0.000000E+0
6.623600E+3	1.115470E-6	1.256200E+4	0.000000E+0	0.000000E+0
6.627600E+3	1.115500E-6	1.256200E+4	0.000000E+0	0.000000E+0
6.631597E+3	1.115490E-6	1.256210E+4	0.000000E+0	0.000000E+0
6.635599E+3	1.115470E-6	1.256200E+4	0.000000E+0	0.000000E+0
6.639602E+3	1.115440E-6	1.256220E+4	0.000000E+0	0.000000E+0
6.643602E+3	1.115520E-6	1.256220E+4	0.000000E+0	0.000000E+0
6.647600E+3	1.115470E-6	1.256220E+4	0.000000E+0	0.000000E+0
6.651598E+3	1.115430E-6	1.256200E+4	0.000000E+0	0.000000E+0
6.655594E+3	1.115530E-6	1.256180E+4	0.000000E+0	0.000000E+0
6.659595E+3	1.115550E-6	1.256160E+4	0.000000E+0	0.000000E+0
6.663598E+3	1.115530E-6	1.256130E+4	0.000000E+0	0.000000E+0
6.667595E+3	1.115590E-6	1.256100E+4	0.000000E+0	0.000000E+0
6.671605E+3	1.115520E-6	1.256100E+4	0.000000E+0	0.000000E+0
6.675600E+3	1.115540E-6	1.256090E+4	0.000000E+0	0.000000E+0
6.679599E+3	1.115540E-6	1.256060E+4	0.000000E+0	0.000000E+0
6.683599E+3	1.115550E-6	1.256020E+4	0.000000E+0	0.000000E+0
6.687599E+3	1.115590E-6	1.255990E+4	0.000000E+0	0.000000E+0
6.691601E+3	1.115550E-6	1.255970E+4	0.000000E+0	0.000000E+0
6.695598E+3	1.115660E-6	1.255980E+4	0.000000E+0	0.000000E+0
6.699601E+3	1.115610E-6	1.255960E+4	0.000000E+0	0.000000E+0
6.703602E+3	1.115680E-6	1.255960E+4	0.000000E+0	0.000000E+0
6.707599E+3	1.115580E-6	1.255960E+4	0.000000E+0	0.000000E+0
6.711597E+3	1.115670E-6	1.255950E+4	0.000000E+0	0.000000E+0
6.715596E+3	1.115640E-6	1.255950E+4	0.000000E+0	0.000000E+0
6.719596E+3	1.115720E-6	1.255930E+4	0.000000E+0	0.000000E+0
6.723597E+3	1.115750E-6	1.255890E+4	0.000000E+0	0.000000E+0
6.727597E+3	1.115690E-6	1.255860E+4	0.000000E+0	0.000000E+0
6.731597E+3	1.115790E-6	1.255840E+4	0.000000E+0	0.000000E+0
6.735603E+3	1.115730E-6	1.255830E+4	0.000000E+0	0.000000E+0
6.739594E+3	1.115690E-6	1.255830E+4	0.000000E+0	0.000000E+0
6.743595E+3	1.115780E-6	1.255830E+4	0.000000E+0	0.000000E+0
6.747593E+3	1.116610E-6	1.255810E+4	0.000000E+0	0.000000E+0
6.751604E+3	1.116560E-6	1.255790E+4	0.000000E+0	0.000000E+0
6.755597E+3	1.116440E-6	1.255760E+4	0.000000E+0	0.000000E+0
6.759596E+3	1.116400E-6	1.255730E+4	0.000000E+0	0.000000E+0
6.763598E+3	1.116440E-6	1.255720E+4	0.000000E+0	0.000000E+0
6.767601E+3	1.116440E-6	1.255730E+4	0.000000E+0	0.000000E+0
6.771598E+3	1.116360E-6	1.255740E+4	0.000000E+0	0.000000E+0
6.775598E+3	1.116410E-6	1.255730E+4	0.000000E+0	0.000000E+0
6.779598E+3	1.116360E-6	1.255730E+4	0.000000E+0	0.000000E+0
6.783604E+3	1.116380E-6	1.255720E+4	0.000000E+0	0.000000E+0
6.787599E+3	1.116430E-6	1.255720E+4	0.000000E+0	0.000000E+0
6.791598E+3	1.116400E-6	1.255720E+4	0.000000E+0	0.000000E+0
6.795596E+3	1.116420E-6	1.255700E+4	0.000000E+0	0.000000E+0
6.799600E+3	1.116450E-6	1.255670E+4	0.000000E+0	0.000000E+0
6.803599E+3	1.116500E-6	1.255630E+4	0.000000E+0	0.000000E+0
6.807599E+3	1.116520E-6	1.255610E+4	0.000000E+0	0.000000E+0
6.811604E+3	1.116530E-6	1.255600E+4	0.000000E+0	0.000000E+0
6.815603E+3	1.116490E-6	1.255590E+4	0.000000E+0	0.000000E+0
6.819602E+3	1.116460E-6	1.255580E+4	0.000000E+0	0.000000E+0
6.823599E+3	1.116540E-6	1.255560E+4	0.000000E+0	0.000000E+0
6.827602E+3	1.116530E-6	1.255530E+4	0.000000E+0	0.000000E+0
6.831602E+3	1.116530E-6	1.255500E+4	0.000000E+0	0.000000E+0
6.835598E+3	1.116550E-6	1.255480E+4	0.000000E+0	0.000000E+0
6.839597E+3	1.116600E-6	1.255460E+4	0.000000E+0	0.000000E+0
6.843600E+3	1.116500E-6	1.255450E+4	0.000000E+0	0.000000E+0
6.847601E+3	1.116570E-6	1.255430E+4	0.000000E+0	0.000000E+0
6.851596E+3	1.116540E-6	1.255420E+4	0.000000E+0	0.000000E+0
6.855596E+3	1.116580E-6	1.255420E+4	0.000000E+0	0.000000E+0
6.859596E+3	1.116590E-6	1.255420E+4	0.000000E+0	0.000000E+0
6.863596E+3	1.116670E-6	1.255400E+4	0.000000E+0	0.000000E+0
6.867601E+3	1.116680E-6	1.255360E+4	0.000000E+0	0.000000E+0
6.871598E+3	1.116630E-6	1.255320E+4	0.000000E+0	0.000000E+0
6.875599E+3	1.116670E-6	1.255310E+4	0.000000E+0	0.000000E+0
6.879601E+3	1.116730E-6	1.255300E+4	0.000000E+0	0.000000E+0
6.883602E+3	1.116720E-6	1.255310E+4	0.000000E+0	0.000000E+0
6.887601E+3	1.116660E-6	1.255320E+4	0.000000E+0	0.000000E+0
6.891604E+3	1.116760E-6	1.255340E+4	0.000000E+0	0.000000E+0
6.895597E+3	1.116780E-6	1.255350E+4	0.000000E+0	0.000000E+0
6.899599E+3	1.116740E-6	1.255370E+4	0.000000E+0	0.000000E+0
6.903599E+3	1.116700E-6	1.255370E+4	0.000000E+0	0.000000E+0
6.907600E+3	1.116860E-6	1.255380E+4	0.000000E+0	0.000000E+0
6.911597E+3	1.116870E-6	1.255370E+4	0.000000E+0	0.000000E+0
6.915599E+3	1.116840E-6	1.255350E+4	0.000000E+0	0.000000E+0
6.919599E+3	1.116820E-6	1.255340E+4	0.000000E+0	0.000000E+0
6.923597E+3	1.116770E-6	1.255330E+4	0.000000E+0	0.000000E+0
6.927595E+3	1.116740E-6	1.255320E+4	0.000000E+0	0.000000E+0
6.931598E+3	1.116780E-6	1.255300E+4	0.000000E+0	0.000000E+0
6.935598E+3	1.116810E-6	1.255270E+4	0.000000E+0	0.000000E+0
6.939597E+3	1.116890E-6	1.255250E+4	0.000000E+0	0.000000E+0
6.943598E+3	1.116870E-6	1.255220E+4	0.000000E+0	0.000000E+0
6.947599E+3	1.116940E-6	1.255180E+4	0.000000E+0	0.000000E+0
6.951596E+3	1.116930E-6	1.255150E+4	0.000000E+0	0.000000E+0
6.955595E+3	1.116980E-6	1.255130E+4	0.000000E+0	0.000000E+0
6.959601E+3	1.116940E-6	1.255120E+4	0.000000E+0	0.000000E+0
6.963603E+3	1.116970E-6	1.255090E+4	0.000000E+0	0.000000E+0
6.967591E+3	1.116970E-6	1.255100E+4	0.000000E+0	0.000000E+0
6.971599E+3	1.116990E-6	1.255110E+4	0.000000E+0	0.000000E+0
6.975602E+3	1.117070E-6	1.255100E+4	0.000000E+0	0.000000E+0
6.979595E+3	1.117030E-6	1.255080E+4	0.000000E+0	0.000000E+0
6.983596E+3	1.117100E-6	1.255060E+4	0.000000E+0	0.000000E+0
6.987596E+3	1.117020E-6	1.255050E+4	0.000000E+0	0.000000E+0
6.991599E+3	1.117060E-6	1.255040E+4	0.000000E+0	0.000000E+0
6.995602E+3	1.117110E-6	1.255040E+4	0.000000E+0	0.000000E+0
6.999599E+3	1.117130E-6	1.255010E+4	0.000000E+0	0.000000E+0
7.003595E+3	1.117150E-6	1.254970E+4	0.000000E+0	0.000000E+0
7.007602E+3	1.117160E-6	1.254940E+4	0.000000E+0	0.000000E+0
7.011601E+3	1.117150E-6	1.254910E+4	0.000000E+0	0.000000E+0
7.015594E+3	1.117070E-6	1.254900E+4	0.000000E+0	0.000000E+0
7.019597E+3	1.117230E-6	1.254890E+4	0.000000E+0	0.000000E+0
7.023601E+3	1.117150E-6	1.254880E+4	0.000000E+0	0.000000E+0
7.027603E+3	1.117180E-6	1.254870E+4	0.000000E+0	0.000000E+0
7.031598E+3	1.117240E-6	1.254860E+4	0.000000E+0	0.000000E+0
7.035596E+3	1.117210E-6	1.254850E+4	0.000000E+0	0.000000E+0
7.039595E+3	1.117260E-6	1.254850E+4	0.000000E+0	0.000000E+0
7.043598E+3	1.117240E-6	1.254850E+4	0.000000E+0	0.000000E+0
7.047599E+3	1.117270E-6	1.254840E+4	0.000000E+0	0.000000E+0
7.051599E+3	1.117320E-6	1.254810E+4	0.000000E+0	0.000000E+0
7.055599E+3	1.117280E-6	1.254780E+4	0.000000E+0	0.000000E+0
7.059600E+3	1.117270E-6	1.254770E+4	0.000000E+0	0.000000E+0
7.063604E+3	1.117340E-6	1.254750E+4	0.000000E+0	0.000000E+0
7.067598E+3	1.117410E-6	1.254720E+4	0.000000E+0	0.000000E+0
7.071593E+3	1.117390E-6	1.254690E+4	0.000000E+0	0.000000E+0
7.075596E+3	1.117390E-6	1.254670E+4	0.000000E+0	0.000000E+0
7.079594E+3	1.117410E-6	1.254670E+4	0.000000E+0	0.000000E+0
7.083602E+3	1.117440E-6	1.254670E+4	0.000000E+0	0.000000E+0
7.087602E+3	1.117360E-6	1.254640E+4	0.000000E+0	0.000000E+0
7.091597E+3	1.117440E-6	1.254610E+4	0.000000E+0	0.000000E+0
7.095602E+3	1.117390E-6	1.254600E+4	0.000000E+0	0.000000E+0
7.099597E+3	1.117440E-6	1.254580E+4	0.000000E+0	0.000000E+0
7.103592E+3	1.117480E-6	1.254570E+4	0.000000E+0	0.000000E+0
7.107595E+3	1.117450E-6	1.254560E+4	0.000000E+0	0.000000E+0
7.111592E+3	1.117520E-6	1.254550E+4	0.000000E+0	0.000000E+0
7.115598E+3	1.117550E-6	1.254540E+4	0.000000E+0	0.000000E+0
7.119595E+3	1.117560E-6	1.254530E+4	0.000000E+0	0.000000E+0
7.123598E+3	1.117550E-6	1.254500E+4	0.000000E+0	0.000000E+0
7.127596E+3	1.117630E-6	1.254490E+4	0.000000E+0	0.000000E+0
7.131600E+3	1.117530E-6	1.254460E+4	0.000000E+0	0.000000E+0
7.135593E+3	1.117500E-6	1.254450E+4	0.000000E+0	0.000000E+0
7.139599E+3	1.117520E-6	1.254430E+4	0.000000E+0	0.000000E+0
7.143593E+3	1.117560E-6	1.254420E+4	0.000000E+0	0.000000E+0
7.147601E+3	1.117600E-6	1.254340E+4	0.000000E+0	0.000000E+0
7.151591E+3	1.117600E-6	1.254300E+4	0.000000E+0	0.000000E+0
7.155595E+3	1.117690E-6	1.254330E+4	0.000000E+0	0.000000E+0
7.159598E+3	1.117730E-6	1.254330E+4	0.000000E+0	0.000000E+0
7.163604E+3	1.117750E-6	1.254330E+4	0.000000E+0	0.000000E+0
7.167596E+3	1.117710E-6	1.254320E+4	0.000000E+0	0.000000E+0
7.171594E+3	1.117800E-6	1.254310E+4	0.000000E+0	0.000000E+0
7.175600E+3	1.117820E-6	1.254320E+4	0.000000E+0	0.000000E+0
7.179599E+3	1.117750E-6	1.254310E+4	0.000000E+0	0.000000E+0
7.183592E+3	1.117740E-6	1.254310E+4	0.000000E+0	0.000000E+0
7.187611E+3	1.117850E-6	1.254300E+4	0.000000E+0	0.000000E+0
7.191589E+3	1.117780E-6	1.254290E+4	0.000000E+0	0.000000E+0
7.195597E+3	1.117800E-6	1.254240E+4	0.000000E+0	0.000000E+0
7.199598E+3	1.117840E-6	1.254200E+4	0.000000E+0	0.000000E+0
7.203610E+3	1.117880E-6	1.254140E+4	0.000000E+0	0.000000E+0
7.207599E+3	1.117980E-6	1.254100E+4	0.000000E+0	0.000000E+0
7.211592E+3	1.117870E-6	1.254080E+4	0.000000E+0	0.000000E+0
