
Medición hecha el 2026-08-25  07:16 p.m.

Medición de corriente y tensión en el tiempo con posibilidad de inyectar corriente.
Tiempo	Corriente	Tensión
3.356000E+0	1.134550E-7	1.253760E+4	0.000000E+0	0.000000E+0
7.238000E+0	1.134520E-7	1.253750E+4	0.000000E+0	0.000000E+0
1.122800E+1	1.134680E-7	1.253730E+4	0.000000E+0	0.000000E+0
1.522800E+1	1.134820E-7	1.253730E+4	0.000000E+0	0.000000E+0
1.922800E+1	1.134790E-7	1.253710E+4	0.000000E+0	0.000000E+0
2.323000E+1	1.134990E-7	1.253680E+4	0.000000E+0	0.000000E+0
2.722800E+1	1.135080E-7	1.253670E+4	0.000000E+0	0.000000E+0
3.122600E+1	1.135130E-7	1.253660E+4	0.000000E+0	0.000000E+0
3.523100E+1	1.135220E-7	1.253650E+4	0.000000E+0	0.000000E+0
3.922900E+1	1.135300E-7	1.253650E+4	0.000000E+0	0.000000E+0
4.322600E+1	1.135410E-7	1.253630E+4	0.000000E+0	0.000000E+0
4.723600E+1	1.135450E-7	1.253610E+4	0.000000E+0	0.000000E+0
5.122400E+1	1.135440E-7	1.253570E+4	0.000000E+0	0.000000E+0
5.522900E+1	1.135550E-7	1.253570E+4	0.000000E+0	0.000000E+0
5.922600E+1	1.135660E-7	1.253590E+4	0.000000E+0	0.000000E+0
6.323300E+1	1.135740E-7	1.253590E+4	0.000000E+0	0.000000E+0
6.722600E+1	1.135800E-7	1.253550E+4	0.000000E+0	0.000000E+0
7.123000E+1	1.135850E-7	1.253560E+4	0.000000E+0	0.000000E+0
7.522400E+1	1.135920E-7	1.253560E+4	0.000000E+0	0.000000E+0
7.923300E+1	1.135940E-7	1.253550E+4	0.000000E+0	0.000000E+0
8.322700E+1	1.136010E-7	1.253550E+4	0.000000E+0	0.000000E+0
8.722800E+1	1.136080E-7	1.253540E+4	0.000000E+0	0.000000E+0
9.122700E+1	1.136110E-7	1.253520E+4	0.000000E+0	0.000000E+0
9.522800E+1	1.136190E-7	1.253520E+4	0.000000E+0	0.000000E+0
9.923100E+1	1.136270E-7	1.253520E+4	0.000000E+0	0.000000E+0
1.032300E+2	1.136230E-7	1.253520E+4	0.000000E+0	0.000000E+0
1.072300E+2	1.136290E-7	1.253520E+4	0.000000E+0	0.000000E+0
1.112290E+2	1.136360E-7	1.253530E+4	0.000000E+0	0.000000E+0
1.152300E+2	1.136500E-7	1.253520E+4	0.000000E+0	0.000000E+0
1.192290E+2	1.136460E-7	1.253520E+4	0.000000E+0	0.000000E+0
1.232280E+2	1.136470E-7	1.253510E+4	0.000000E+0	0.000000E+0
1.272260E+2	1.136540E-7	1.253480E+4	0.000000E+0	0.000000E+0
1.312290E+2	1.136610E-7	1.253460E+4	0.000000E+0	0.000000E+0
1.352310E+2	1.136670E-7	1.253430E+4	0.000000E+0	0.000000E+0
1.392240E+2	1.136690E-7	1.253400E+4	0.000000E+0	0.000000E+0
1.432270E+2	1.136720E-7	1.253340E+4	0.000000E+0	0.000000E+0
1.472210E+2	1.136860E-7	1.253310E+4	0.000000E+0	0.000000E+0
1.512290E+2	1.136790E-7	1.253340E+4	0.000000E+0	0.000000E+0
1.552240E+2	1.136920E-7	1.253350E+4	0.000000E+0	0.000000E+0
1.592330E+2	1.136940E-7	1.253360E+4	0.000000E+0	0.000000E+0
1.632270E+2	1.136910E-7	1.253350E+4	0.000000E+0	0.000000E+0
1.672350E+2	1.137060E-7	1.253350E+4	0.000000E+0	0.000000E+0
1.712110E+2	1.137220E-7	1.253320E+4	0.000000E+0	0.000000E+0
1.752320E+2	1.137130E-7	1.253320E+4	0.000000E+0	0.000000E+0
1.792320E+2	1.137190E-7	1.253300E+4	0.000000E+0	0.000000E+0
1.832270E+2	1.137280E-7	1.253280E+4	0.000000E+0	0.000000E+0
1.872250E+2	1.137410E-7	1.253250E+4	0.000000E+0	0.000000E+0
1.912300E+2	1.137350E-7	1.253230E+4	0.000000E+0	0.000000E+0
1.952330E+2	1.137410E-7	1.253210E+4	0.000000E+0	0.000000E+0
1.992250E+2	1.137430E-7	1.253210E+4	0.000000E+0	0.000000E+0
2.032300E+2	1.137520E-7	1.253210E+4	0.000000E+0	0.000000E+0
2.072250E+2	1.137460E-7	1.253210E+4	0.000000E+0	0.000000E+0
2.112280E+2	1.137530E-7	1.253210E+4	0.000000E+0	0.000000E+0
2.152280E+2	1.137550E-7	1.253190E+4	0.000000E+0	0.000000E+0
2.192280E+2	1.137590E-7	1.253190E+4	0.000000E+0	0.000000E+0
2.232310E+2	1.137650E-7	1.253160E+4	0.000000E+0	0.000000E+0
2.272340E+2	1.137690E-7	1.253130E+4	0.000000E+0	0.000000E+0
2.312290E+2	1.137740E-7	1.253100E+4	0.000000E+0	0.000000E+0
2.352290E+2	1.137770E-7	1.253030E+4	0.000000E+0	0.000000E+0
2.392230E+2	1.137730E-7	1.252990E+4	0.000000E+0	0.000000E+0
2.432340E+2	1.137850E-7	1.252990E+4	0.000000E+0	0.000000E+0
2.472350E+2	1.137820E-7	1.252990E+4	0.000000E+0	0.000000E+0
2.512290E+2	1.137920E-7	1.252990E+4	0.000000E+0	0.000000E+0
2.552260E+2	1.137890E-7	1.253000E+4	0.000000E+0	0.000000E+0
2.592260E+2	1.137930E-7	1.252990E+4	0.000000E+0	0.000000E+0
2.632250E+2	1.138020E-7	1.252980E+4	0.000000E+0	0.000000E+0
2.672320E+2	1.137950E-7	1.252980E+4	0.000000E+0	0.000000E+0
2.712220E+2	1.138000E-7	1.252980E+4	0.000000E+0	0.000000E+0
2.752330E+2	1.138110E-7	1.252980E+4	0.000000E+0	0.000000E+0
2.792300E+2	1.138080E-7	1.252980E+4	0.000000E+0	0.000000E+0
2.832280E+2	1.138090E-7	1.252960E+4	0.000000E+0	0.000000E+0
2.872270E+2	1.138080E-7	1.252950E+4	0.000000E+0	0.000000E+0
2.912280E+2	1.138230E-7	1.252920E+4	0.000000E+0	0.000000E+0
2.952310E+2	1.138330E-7	1.252890E+4	0.000000E+0	0.000000E+0
2.992310E+2	1.138330E-7	1.252890E+4	0.000000E+0	0.000000E+0
3.032280E+2	1.138260E-7	1.252870E+4	0.000000E+0	0.000000E+0
3.072250E+2	1.138330E-7	1.252850E+4	0.000000E+0	0.000000E+0
3.112380E+2	1.138430E-7	1.252850E+4	0.000000E+0	0.000000E+0
3.152060E+2	1.138380E-7	1.252830E+4	0.000000E+0	0.000000E+0
3.192360E+2	1.138510E-7	1.252820E+4	0.000000E+0	0.000000E+0
3.232240E+2	1.138550E-7	1.252820E+4	0.000000E+0	0.000000E+0
3.272350E+2	1.138650E-7	1.252800E+4	0.000000E+0	0.000000E+0
3.312240E+2	1.138660E-7	1.252790E+4	0.000000E+0	0.000000E+0
3.352320E+2	1.138630E-7	1.252770E+4	0.000000E+0	0.000000E+0
3.392220E+2	1.138670E-7	1.252760E+4	0.000000E+0	0.000000E+0
3.432360E+2	1.138740E-7	1.252740E+4	0.000000E+0	0.000000E+0
3.472260E+2	1.138720E-7	1.252710E+4	0.000000E+0	0.000000E+0
3.512300E+2	1.138800E-7	1.252720E+4	0.000000E+0	0.000000E+0
3.552220E+2	1.138830E-7	1.252710E+4	0.000000E+0	0.000000E+0
3.592330E+2	1.138850E-7	1.252700E+4	0.000000E+0	0.000000E+0
3.632250E+2	1.138830E-7	1.252690E+4	0.000000E+0	0.000000E+0
3.672300E+2	1.138880E-7	1.252680E+4	0.000000E+0	0.000000E+0
3.712250E+2	1.138910E-7	1.252650E+4	0.000000E+0	0.000000E+0
3.752390E+2	1.138970E-7	1.252620E+4	0.000000E+0	0.000000E+0
3.792180E+2	1.138920E-7	1.252580E+4	0.000000E+0	0.000000E+0
3.832270E+2	1.138970E-7	1.252570E+4	0.000000E+0	0.000000E+0
3.872230E+2	1.139030E-7	1.252560E+4	0.000000E+0	0.000000E+0
3.912290E+2	1.139030E-7	1.252550E+4	0.000000E+0	0.000000E+0
3.952280E+2	1.139040E-7	1.252530E+4	0.000000E+0	0.000000E+0
3.992280E+2	1.139050E-7	1.252510E+4	0.000000E+0	0.000000E+0
4.032230E+2	1.139100E-7	1.252500E+4	0.000000E+0	0.000000E+0
4.072370E+2	1.139210E-7	1.252500E+4	0.000000E+0	0.000000E+0
4.112280E+2	1.139230E-7	1.252500E+4	0.000000E+0	0.000000E+0
4.152280E+2	1.139260E-7	1.252480E+4	0.000000E+0	0.000000E+0
4.192240E+2	1.139220E-7	1.252440E+4	0.000000E+0	0.000000E+0
4.232320E+2	1.139270E-7	1.252390E+4	0.000000E+0	0.000000E+0
4.272310E+2	1.139320E-7	1.252370E+4	0.000000E+0	0.000000E+0
4.312270E+2	1.139340E-7	1.252370E+4	0.000000E+0	0.000000E+0
4.352260E+2	1.139420E-7	1.252340E+4	0.000000E+0	0.000000E+0
4.392280E+2	1.139450E-7	1.252270E+4	0.000000E+0	0.000000E+0
4.432240E+2	1.139530E-7	1.252250E+4	0.000000E+0	0.000000E+0
4.472290E+2	1.139530E-7	1.252260E+4	0.000000E+0	0.000000E+0
4.512240E+2	1.139570E-7	1.252270E+4	0.000000E+0	0.000000E+0
4.552310E+2	1.139590E-7	1.252250E+4	0.000000E+0	0.000000E+0
4.592270E+2	1.139540E-7	1.252240E+4	0.000000E+0	0.000000E+0
4.632320E+2	1.139500E-7	1.252230E+4	0.000000E+0	0.000000E+0
4.672250E+2	1.139590E-7	1.252230E+4	0.000000E+0	0.000000E+0
4.712310E+2	1.139610E-7	1.252210E+4	0.000000E+0	0.000000E+0
4.752270E+2	1.139720E-7	1.252190E+4	0.000000E+0	0.000000E+0
4.792300E+2	1.139770E-7	1.252150E+4	0.000000E+0	0.000000E+0
4.832260E+2	1.139870E-7	1.252110E+4	0.000000E+0	0.000000E+0
4.872360E+2	1.139930E-7	1.252080E+4	0.000000E+0	0.000000E+0
4.912210E+2	1.139870E-7	1.252080E+4	0.000000E+0	0.000000E+0
4.952290E+2	1.139950E-7	1.252080E+4	0.000000E+0	0.000000E+0
4.992210E+2	1.139910E-7	1.252080E+4	0.000000E+0	0.000000E+0
5.032340E+2	1.139920E-7	1.252080E+4	0.000000E+0	0.000000E+0
5.072260E+2	1.140040E-7	1.252070E+4	0.000000E+0	0.000000E+0
5.112320E+2	1.140030E-7	1.252060E+4	0.000000E+0	0.000000E+0
5.152230E+2	1.140120E-7	1.252030E+4	0.000000E+0	0.000000E+0
5.192340E+2	1.140070E-7	1.252010E+4	0.000000E+0	0.000000E+0
5.232270E+2	1.140190E-7	1.252000E+4	0.000000E+0	0.000000E+0
5.272270E+2	1.140160E-7	1.251970E+4	0.000000E+0	0.000000E+0
5.312260E+2	1.140160E-7	1.251950E+4	0.000000E+0	0.000000E+0
5.352310E+2	1.140280E-7	1.251940E+4	0.000000E+0	0.000000E+0
5.392300E+2	1.140310E-7	1.251930E+4	0.000000E+0	0.000000E+0
5.432290E+2	1.140290E-7	1.251930E+4	0.000000E+0	0.000000E+0
5.472310E+2	1.140280E-7	1.251900E+4	0.000000E+0	0.000000E+0
5.512380E+2	1.140400E-7	1.251870E+4	0.000000E+0	0.000000E+0
5.552250E+2	1.140450E-7	1.251860E+4	0.000000E+0	0.000000E+0
5.592300E+2	1.140460E-7	1.251840E+4	0.000000E+0	0.000000E+0
5.632280E+2	1.140450E-7	1.251820E+4	0.000000E+0	0.000000E+0
5.672290E+2	1.140510E-7	1.251770E+4	0.000000E+0	0.000000E+0
5.712260E+2	1.140600E-7	1.251760E+4	0.000000E+0	0.000000E+0
5.752280E+2	1.140560E-7	1.251750E+4	0.000000E+0	0.000000E+0
5.792260E+2	1.140640E-7	1.251740E+4	0.000000E+0	0.000000E+0
5.832290E+2	1.140640E-7	1.251730E+4	0.000000E+0	0.000000E+0
5.872210E+2	1.140670E-7	1.251720E+4	0.000000E+0	0.000000E+0
5.912260E+2	1.140680E-7	1.251700E+4	0.000000E+0	0.000000E+0
5.952280E+2	1.140670E-7	1.251680E+4	0.000000E+0	0.000000E+0
5.992290E+2	1.140670E-7	1.251660E+4	0.000000E+0	0.000000E+0
6.032270E+2	1.140770E-7	1.251640E+4	0.000000E+0	0.000000E+0
6.072290E+2	1.140760E-7	1.251610E+4	0.000000E+0	0.000000E+0
6.112230E+2	1.140790E-7	1.251580E+4	0.000000E+0	0.000000E+0
6.152320E+2	1.140790E-7	1.251560E+4	0.000000E+0	0.000000E+0
6.192240E+2	1.140980E-7	1.251550E+4	0.000000E+0	0.000000E+0
6.232320E+2	1.140870E-7	1.251540E+4	0.000000E+0	0.000000E+0
6.272220E+2	1.140890E-7	1.251540E+4	0.000000E+0	0.000000E+0
6.312300E+2	1.141080E-7	1.251540E+4	0.000000E+0	0.000000E+0
6.352250E+2	1.141160E-7	1.251540E+4	0.000000E+0	0.000000E+0
6.392240E+2	1.141070E-7	1.251520E+4	0.000000E+0	0.000000E+0
6.432220E+2	1.141180E-7	1.251510E+4	0.000000E+0	0.000000E+0
6.472300E+2	1.141170E-7	1.251510E+4	0.000000E+0	0.000000E+0
6.512230E+2	1.141130E-7	1.251490E+4	0.000000E+0	0.000000E+0
6.552300E+2	1.141140E-7	1.251430E+4	0.000000E+0	0.000000E+0
6.592250E+2	1.141180E-7	1.251380E+4	0.000000E+0	0.000000E+0
6.632290E+2	1.141210E-7	1.251340E+4	0.000000E+0	0.000000E+0
6.672250E+2	1.141200E-7	1.251310E+4	0.000000E+0	0.000000E+0
6.712250E+2	1.141300E-7	1.251290E+4	0.000000E+0	0.000000E+0
6.752210E+2	1.141330E-7	1.251250E+4	0.000000E+0	0.000000E+0
6.792350E+2	1.141330E-7	1.251220E+4	0.000000E+0	0.000000E+0
6.832280E+2	1.141320E-7	1.251180E+4	0.000000E+0	0.000000E+0
6.872280E+2	1.141360E-7	1.251150E+4	0.000000E+0	0.000000E+0
6.912250E+2	1.141460E-7	1.251080E+4	0.000000E+0	0.000000E+0
6.952300E+2	1.141420E-7	1.250990E+4	0.000000E+0	0.000000E+0
6.992240E+2	1.141440E-7	1.250950E+4	0.000000E+0	0.000000E+0
7.032310E+2	1.141430E-7	1.250950E+4	0.000000E+0	0.000000E+0
7.072270E+2	1.141450E-7	1.250960E+4	0.000000E+0	0.000000E+0
7.112340E+2	1.141580E-7	1.250990E+4	0.000000E+0	0.000000E+0
7.152260E+2	1.141660E-7	1.251000E+4	0.000000E+0	0.000000E+0
7.192290E+2	1.141630E-7	1.251020E+4	0.000000E+0	0.000000E+0
7.232250E+2	1.141670E-7	1.251030E+4	0.000000E+0	0.000000E+0
7.272280E+2	1.141680E-7	1.251050E+4	0.000000E+0	0.000000E+0
7.312240E+2	1.141740E-7	1.251060E+4	0.000000E+0	0.000000E+0
7.352270E+2	1.141790E-7	1.251060E+4	0.000000E+0	0.000000E+0
7.392220E+2	1.141780E-7	1.251070E+4	0.000000E+0	0.000000E+0
7.432270E+2	1.141790E-7	1.251050E+4	0.000000E+0	0.000000E+0
7.472250E+2	1.141810E-7	1.251040E+4	0.000000E+0	0.000000E+0
7.512310E+2	1.141890E-7	1.251020E+4	0.000000E+0	0.000000E+0
7.552200E+2	1.141920E-7	1.251020E+4	0.000000E+0	0.000000E+0
7.592290E+2	1.141940E-7	1.251000E+4	0.000000E+0	0.000000E+0
7.632230E+2	1.141850E-7	1.250990E+4	0.000000E+0	0.000000E+0
7.672280E+2	1.141940E-7	1.250990E+4	0.000000E+0	0.000000E+0
7.712180E+2	1.142010E-7	1.250990E+4	0.000000E+0	0.000000E+0
7.752290E+2	1.142080E-7	1.251000E+4	0.000000E+0	0.000000E+0
7.792260E+2	1.142180E-7	1.250980E+4	0.000000E+0	0.000000E+0
7.832310E+2	1.142130E-7	1.250970E+4	0.000000E+0	0.000000E+0
7.872280E+2	1.142180E-7	1.250960E+4	0.000000E+0	0.000000E+0
7.912300E+2	1.142120E-7	1.250920E+4	0.000000E+0	0.000000E+0
7.952260E+2	1.142200E-7	1.250890E+4	0.000000E+0	0.000000E+0
7.992300E+2	1.142170E-7	1.250860E+4	0.000000E+0	0.000000E+0
8.032240E+2	1.142250E-7	1.250810E+4	0.000000E+0	0.000000E+0
8.072290E+2	1.142320E-7	1.250730E+4	0.000000E+0	0.000000E+0
8.112190E+2	1.142300E-7	1.250680E+4	0.000000E+0	0.000000E+0
8.152290E+2	1.142390E-7	1.250670E+4	0.000000E+0	0.000000E+0
8.192240E+2	1.142420E-7	1.250680E+4	0.000000E+0	0.000000E+0
8.232310E+2	1.142470E-7	1.250690E+4	0.000000E+0	0.000000E+0
8.272270E+2	1.142490E-7	1.250710E+4	0.000000E+0	0.000000E+0
8.312270E+2	1.142470E-7	1.250720E+4	0.000000E+0	0.000000E+0
8.352230E+2	1.142440E-7	1.250730E+4	0.000000E+0	0.000000E+0
8.392290E+2	1.142520E-7	1.250750E+4	0.000000E+0	0.000000E+0
8.432280E+2	1.142590E-7	1.250740E+4	0.000000E+0	0.000000E+0
8.472320E+2	1.142590E-7	1.250730E+4	0.000000E+0	0.000000E+0
8.512260E+2	1.142640E-7	1.250710E+4	0.000000E+0	0.000000E+0
8.552360E+2	1.142570E-7	1.250680E+4	0.000000E+0	0.000000E+0
8.592180E+2	1.142710E-7	1.250650E+4	0.000000E+0	0.000000E+0
8.632250E+2	1.142650E-7	1.250640E+4	0.000000E+0	0.000000E+0
8.672250E+2	1.142710E-7	1.250630E+4	0.000000E+0	0.000000E+0
8.712290E+2	1.142670E-7	1.250620E+4	0.000000E+0	0.000000E+0
8.752240E+2	1.142700E-7	1.250610E+4	0.000000E+0	0.000000E+0
8.792290E+2	1.142770E-7	1.250610E+4	0.000000E+0	0.000000E+0
8.832270E+2	1.142840E-7	1.250610E+4	0.000000E+0	0.000000E+0
8.872300E+2	1.142920E-7	1.250610E+4	0.000000E+0	0.000000E+0
8.912240E+2	1.142910E-7	1.250550E+4	0.000000E+0	0.000000E+0
8.952320E+2	1.142920E-7	1.250470E+4	0.000000E+0	0.000000E+0
8.992220E+2	1.142970E-7	1.250450E+4	0.000000E+0	0.000000E+0
9.032300E+2	1.142970E-7	1.250460E+4	0.000000E+0	0.000000E+0
9.072250E+2	1.143050E-7	1.250480E+4	0.000000E+0	0.000000E+0
9.112320E+2	1.143000E-7	1.250470E+4	0.000000E+0	0.000000E+0
9.152220E+2	1.143090E-7	1.250450E+4	0.000000E+0	0.000000E+0
9.192370E+2	1.143030E-7	1.250420E+4	0.000000E+0	0.000000E+0
9.232220E+2	1.143150E-7	1.250400E+4	0.000000E+0	0.000000E+0
9.272280E+2	1.143210E-7	1.250390E+4	0.000000E+0	0.000000E+0
9.312200E+2	1.143210E-7	1.250350E+4	0.000000E+0	0.000000E+0
9.352310E+2	1.143240E-7	1.250270E+4	0.000000E+0	0.000000E+0
9.392220E+2	1.143270E-7	1.250230E+4	0.000000E+0	0.000000E+0
9.432330E+2	1.143410E-7	1.250220E+4	0.000000E+0	0.000000E+0
9.472230E+2	1.143460E-7	1.250220E+4	0.000000E+0	0.000000E+0
9.512300E+2	1.143380E-7	1.250200E+4	0.000000E+0	0.000000E+0
9.552250E+2	1.143520E-7	1.250200E+4	0.000000E+0	0.000000E+0
9.592290E+2	1.143580E-7	1.250190E+4	0.000000E+0	0.000000E+0
9.632230E+2	1.143530E-7	1.250170E+4	0.000000E+0	0.000000E+0
9.672300E+2	1.143420E-7	1.250160E+4	0.000000E+0	0.000000E+0
9.712240E+2	1.143510E-7	1.250170E+4	0.000000E+0	0.000000E+0
9.752310E+2	1.143530E-7	1.250160E+4	0.000000E+0	0.000000E+0
9.792190E+2	1.143710E-7	1.250160E+4	0.000000E+0	0.000000E+0
9.832300E+2	1.143610E-7	1.250150E+4	0.000000E+0	0.000000E+0
9.872260E+2	1.143540E-7	1.250140E+4	0.000000E+0	0.000000E+0
9.912320E+2	1.143680E-7	1.250130E+4	0.000000E+0	0.000000E+0
9.952220E+2	1.143590E-7	1.250110E+4	0.000000E+0	0.000000E+0
9.992300E+2	1.143670E-7	1.250100E+4	0.000000E+0	0.000000E+0
1.003227E+3	1.143780E-7	1.250090E+4	0.000000E+0	0.000000E+0
1.007225E+3	1.143800E-7	1.250070E+4	0.000000E+0	0.000000E+0
1.011222E+3	1.143680E-7	1.250070E+4	0.000000E+0	0.000000E+0
1.015231E+3	1.143750E-7	1.250080E+4	0.000000E+0	0.000000E+0
1.019223E+3	1.143810E-7	1.250070E+4	0.000000E+0	0.000000E+0
1.023230E+3	1.143830E-7	1.250040E+4	0.000000E+0	0.000000E+0
1.027228E+3	1.143760E-7	1.250000E+4	0.000000E+0	0.000000E+0
1.031236E+3	1.143850E-7	1.249970E+4	0.000000E+0	0.000000E+0
1.035230E+3	1.143850E-7	1.249950E+4	0.000000E+0	0.000000E+0
1.039230E+3	1.143960E-7	1.249930E+4	0.000000E+0	0.000000E+0
1.043226E+3	1.144030E-7	1.249920E+4	0.000000E+0	0.000000E+0
1.047230E+3	1.144030E-7	1.249910E+4	0.000000E+0	0.000000E+0
1.051231E+3	1.143950E-7	1.249870E+4	0.000000E+0	0.000000E+0
1.055229E+3	1.144040E-7	1.249850E+4	0.000000E+0	0.000000E+0
1.059226E+3	1.144000E-7	1.249830E+4	0.000000E+0	0.000000E+0
1.063230E+3	1.144080E-7	1.249790E+4	0.000000E+0	0.000000E+0
1.067229E+3	1.144110E-7	1.249770E+4	0.000000E+0	0.000000E+0
1.071232E+3	1.144130E-7	1.249760E+4	0.000000E+0	0.000000E+0
1.075229E+3	1.144070E-7	1.249730E+4	0.000000E+0	0.000000E+0
1.079233E+3	1.144200E-7	1.249730E+4	0.000000E+0	0.000000E+0
1.083230E+3	1.144270E-7	1.249710E+4	0.000000E+0	0.000000E+0
1.087235E+3	1.144300E-7	1.249720E+4	0.000000E+0	0.000000E+0
1.091227E+3	1.144320E-7	1.249710E+4	0.000000E+0	0.000000E+0
1.095230E+3	1.144230E-7	1.249690E+4	0.000000E+0	0.000000E+0
1.099227E+3	1.144430E-7	1.249680E+4	0.000000E+0	0.000000E+0
1.103235E+3	1.144390E-7	1.249660E+4	0.000000E+0	0.000000E+0
1.107227E+3	1.144440E-7	1.249660E+4	0.000000E+0	0.000000E+0
1.111233E+3	1.144470E-7	1.249640E+4	0.000000E+0	0.000000E+0
1.115225E+3	1.144620E-7	1.249610E+4	0.000000E+0	0.000000E+0
1.119231E+3	1.144480E-7	1.249570E+4	0.000000E+0	0.000000E+0
1.123231E+3	1.144520E-7	1.249560E+4	0.000000E+0	0.000000E+0
1.127235E+3	1.144550E-7	1.249550E+4	0.000000E+0	0.000000E+0
1.131233E+3	1.144530E-7	1.249550E+4	0.000000E+0	0.000000E+0
1.135233E+3	1.144590E-7	1.249540E+4	0.000000E+0	0.000000E+0
1.139228E+3	1.144620E-7	1.249530E+4	0.000000E+0	0.000000E+0
1.143234E+3	1.144730E-7	1.249520E+4	0.000000E+0	0.000000E+0
1.147227E+3	1.144710E-7	1.249490E+4	0.000000E+0	0.000000E+0
1.151232E+3	1.144690E-7	1.249450E+4	0.000000E+0	0.000000E+0
1.155226E+3	1.144660E-7	1.249430E+4	0.000000E+0	0.000000E+0
1.159232E+3	1.144820E-7	1.249420E+4	0.000000E+0	0.000000E+0
1.163246E+3	1.145010E-7	1.249400E+4	0.000000E+0	0.000000E+0
1.167232E+3	1.144870E-7	1.249410E+4	0.000000E+0	0.000000E+0
1.171224E+3	1.144850E-7	1.249390E+4	0.000000E+0	0.000000E+0
1.175230E+3	1.144900E-7	1.249390E+4	0.000000E+0	0.000000E+0
1.179227E+3	1.144950E-7	1.249380E+4	0.000000E+0	0.000000E+0
1.183234E+3	1.144920E-7	1.249390E+4	0.000000E+0	0.000000E+0
1.187227E+3	1.144960E-7	1.249390E+4	0.000000E+0	0.000000E+0
1.191227E+3	1.144940E-7	1.249370E+4	0.000000E+0	0.000000E+0
1.195224E+3	1.145090E-7	1.249360E+4	0.000000E+0	0.000000E+0
1.199233E+3	1.145070E-7	1.249350E+4	0.000000E+0	0.000000E+0
1.203227E+3	1.145080E-7	1.249350E+4	0.000000E+0	0.000000E+0
1.207227E+3	1.145120E-7	1.249350E+4	0.000000E+0	0.000000E+0
1.211227E+3	1.145120E-7	1.249350E+4	0.000000E+0	0.000000E+0
1.215233E+3	1.145240E-7	1.249310E+4	0.000000E+0	0.000000E+0
1.219228E+3	1.145200E-7	1.249220E+4	0.000000E+0	0.000000E+0
1.223228E+3	1.145240E-7	1.249170E+4	0.000000E+0	0.000000E+0
1.227225E+3	1.145150E-7	1.249130E+4	0.000000E+0	0.000000E+0
1.231226E+3	1.145330E-7	1.249120E+4	0.000000E+0	0.000000E+0
1.235226E+3	1.145350E-7	1.249110E+4	0.000000E+0	0.000000E+0
1.239226E+3	1.145320E-7	1.249090E+4	0.000000E+0	0.000000E+0
1.243229E+3	1.145320E-7	1.249080E+4	0.000000E+0	0.000000E+0
1.247232E+3	1.145370E-7	1.249070E+4	0.000000E+0	0.000000E+0
1.251226E+3	1.145310E-7	1.249050E+4	0.000000E+0	0.000000E+0
1.255229E+3	1.145410E-7	1.249030E+4	0.000000E+0	0.000000E+0
1.259227E+3	1.145500E-7	1.248970E+4	0.000000E+0	0.000000E+0
1.263228E+3	1.145480E-7	1.248950E+4	0.000000E+0	0.000000E+0
1.267229E+3	1.145490E-7	1.248940E+4	0.000000E+0	0.000000E+0
1.271229E+3	1.145490E-7	1.248890E+4	0.000000E+0	0.000000E+0
1.275229E+3	1.145500E-7	1.248860E+4	0.000000E+0	0.000000E+0
1.279232E+3	1.145580E-7	1.248860E+4	0.000000E+0	0.000000E+0
1.283233E+3	1.145670E-7	1.248860E+4	0.000000E+0	0.000000E+0
1.287230E+3	1.145620E-7	1.248850E+4	0.000000E+0	0.000000E+0
1.291227E+3	1.145610E-7	1.248860E+4	0.000000E+0	0.000000E+0
1.295230E+3	1.145750E-7	1.248850E+4	0.000000E+0	0.000000E+0
1.299227E+3	1.145770E-7	1.248850E+4	0.000000E+0	0.000000E+0
1.303236E+3	1.145740E-7	1.248840E+4	0.000000E+0	0.000000E+0
1.307225E+3	1.145770E-7	1.248850E+4	0.000000E+0	0.000000E+0
1.311231E+3	1.145750E-7	1.248840E+4	0.000000E+0	0.000000E+0
1.315225E+3	1.145780E-7	1.248840E+4	0.000000E+0	0.000000E+0
1.319229E+3	1.145770E-7	1.248830E+4	0.000000E+0	0.000000E+0
1.323221E+3	1.145830E-7	1.248840E+4	0.000000E+0	0.000000E+0
1.327231E+3	1.145890E-7	1.248840E+4	0.000000E+0	0.000000E+0
1.331231E+3	1.145990E-7	1.248830E+4	0.000000E+0	0.000000E+0
1.335231E+3	1.145990E-7	1.248790E+4	0.000000E+0	0.000000E+0
1.339231E+3	1.145960E-7	1.248770E+4	0.000000E+0	0.000000E+0
1.343231E+3	1.146050E-7	1.248740E+4	0.000000E+0	0.000000E+0
1.347226E+3	1.146060E-7	1.248700E+4	0.000000E+0	0.000000E+0
1.351229E+3	1.146100E-7	1.248670E+4	0.000000E+0	0.000000E+0
1.355227E+3	1.146140E-7	1.248640E+4	0.000000E+0	0.000000E+0
1.359235E+3	1.146100E-7	1.248620E+4	0.000000E+0	0.000000E+0
1.363224E+3	1.146180E-7	1.248600E+4	0.000000E+0	0.000000E+0
1.367233E+3	1.146210E-7	1.248580E+4	0.000000E+0	0.000000E+0
1.371224E+3	1.146160E-7	1.248570E+4	0.000000E+0	0.000000E+0
1.375232E+3	1.146260E-7	1.248540E+4	0.000000E+0	0.000000E+0
1.379228E+3	1.146180E-7	1.248520E+4	0.000000E+0	0.000000E+0
1.383234E+3	1.146180E-7	1.248490E+4	0.000000E+0	0.000000E+0
1.387228E+3	1.146260E-7	1.248470E+4	0.000000E+0	0.000000E+0
1.391231E+3	1.146190E-7	1.248460E+4	0.000000E+0	0.000000E+0
1.395227E+3	1.146360E-7	1.248440E+4	0.000000E+0	0.000000E+0
1.399234E+3	1.146330E-7	1.248440E+4	0.000000E+0	0.000000E+0
1.403228E+3	1.146400E-7	1.248430E+4	0.000000E+0	0.000000E+0
1.407236E+3	1.146460E-7	1.248420E+4	0.000000E+0	0.000000E+0
1.411225E+3	1.146500E-7	1.248420E+4	0.000000E+0	0.000000E+0
1.415236E+3	1.146470E-7	1.248420E+4	0.000000E+0	0.000000E+0
1.419225E+3	1.146550E-7	1.248390E+4	0.000000E+0	0.000000E+0
1.423232E+3	1.146630E-7	1.248330E+4	0.000000E+0	0.000000E+0
1.427224E+3	1.146610E-7	1.248320E+4	0.000000E+0	0.000000E+0
1.431238E+3	1.146530E-7	1.248300E+4	0.000000E+0	0.000000E+0
1.435221E+3	1.146560E-7	1.248260E+4	0.000000E+0	0.000000E+0
1.439232E+3	1.146690E-7	1.248250E+4	0.000000E+0	0.000000E+0
1.443224E+3	1.146640E-7	1.248240E+4	0.000000E+0	0.000000E+0
1.447230E+3	1.146640E-7	1.248220E+4	0.000000E+0	0.000000E+0
1.451227E+3	1.146730E-7	1.248210E+4	0.000000E+0	0.000000E+0
1.455232E+3	1.146860E-7	1.248210E+4	0.000000E+0	0.000000E+0
1.459225E+3	1.146870E-7	1.248200E+4	0.000000E+0	0.000000E+0
1.463230E+3	1.146890E-7	1.248180E+4	0.000000E+0	0.000000E+0
1.467229E+3	1.146900E-7	1.248160E+4	0.000000E+0	0.000000E+0
1.471232E+3	1.146920E-7	1.248140E+4	0.000000E+0	0.000000E+0
1.475227E+3	1.146870E-7	1.248140E+4	0.000000E+0	0.000000E+0
1.479230E+3	1.146960E-7	1.248130E+4	0.000000E+0	0.000000E+0
1.483230E+3	1.147020E-7	1.248110E+4	0.000000E+0	0.000000E+0
1.487233E+3	1.147060E-7	1.248090E+4	0.000000E+0	0.000000E+0
1.491227E+3	1.147080E-7	1.248070E+4	0.000000E+0	0.000000E+0
1.495230E+3	1.147070E-7	1.248050E+4	0.000000E+0	0.000000E+0
1.499231E+3	1.147150E-7	1.248010E+4	0.000000E+0	0.000000E+0
1.503231E+3	1.147200E-7	1.247980E+4	0.000000E+0	0.000000E+0
1.507225E+3	1.147090E-7	1.247960E+4	0.000000E+0	0.000000E+0
1.511232E+3	1.147280E-7	1.247960E+4	0.000000E+0	0.000000E+0
1.515231E+3	1.147340E-7	1.247960E+4	0.000000E+0	0.000000E+0
1.519226E+3	1.147190E-7	1.247960E+4	0.000000E+0	0.000000E+0
1.523228E+3	1.147260E-7	1.247950E+4	0.000000E+0	0.000000E+0
1.527224E+3	1.147260E-7	1.247940E+4	0.000000E+0	0.000000E+0
1.531231E+3	1.147350E-7	1.247940E+4	0.000000E+0	0.000000E+0
1.535235E+3	1.147390E-7	1.247940E+4	0.000000E+0	0.000000E+0
1.539227E+3	1.147310E-7	1.247920E+4	0.000000E+0	0.000000E+0
1.543229E+3	1.147420E-7	1.247890E+4	0.000000E+0	0.000000E+0
1.547224E+3	1.147450E-7	1.247850E+4	0.000000E+0	0.000000E+0
1.551233E+3	1.147450E-7	1.247830E+4	0.000000E+0	0.000000E+0
1.555232E+3	1.147430E-7	1.247790E+4	0.000000E+0	0.000000E+0
1.559235E+3	1.147500E-7	1.247780E+4	0.000000E+0	0.000000E+0
1.563227E+3	1.147440E-7	1.247780E+4	0.000000E+0	0.000000E+0
1.567232E+3	1.147500E-7	1.247760E+4	0.000000E+0	0.000000E+0
1.571228E+3	1.147580E-7	1.247740E+4	0.000000E+0	0.000000E+0
1.575231E+3	1.147610E-7	1.247720E+4	0.000000E+0	0.000000E+0
1.579227E+3	1.147640E-7	1.247690E+4	0.000000E+0	0.000000E+0
1.583238E+3	1.147630E-7	1.247670E+4	0.000000E+0	0.000000E+0
1.587222E+3	1.147720E-7	1.247660E+4	0.000000E+0	0.000000E+0
1.591231E+3	1.147670E-7	1.247670E+4	0.000000E+0	0.000000E+0
1.595226E+3	1.147720E-7	1.247670E+4	0.000000E+0	0.000000E+0
1.599229E+3	1.148010E-7	1.247660E+4	0.000000E+0	0.000000E+0
1.603226E+3	1.147840E-7	1.247640E+4	0.000000E+0	0.000000E+0
1.607234E+3	1.147840E-7	1.247620E+4	0.000000E+0	0.000000E+0
1.611229E+3	1.147950E-7	1.247590E+4	0.000000E+0	0.000000E+0
1.615237E+3	1.147870E-7	1.247570E+4	0.000000E+0	0.000000E+0
1.619224E+3	1.147860E-7	1.247550E+4	0.000000E+0	0.000000E+0
1.623232E+3	1.147980E-7	1.247520E+4	0.000000E+0	0.000000E+0
1.627227E+3	1.147940E-7	1.247490E+4	0.000000E+0	0.000000E+0
1.631237E+3	1.147930E-7	1.247470E+4	0.000000E+0	0.000000E+0
1.635229E+3	1.148050E-7	1.247450E+4	0.000000E+0	0.000000E+0
1.639229E+3	1.148000E-7	1.247400E+4	0.000000E+0	0.000000E+0
1.643226E+3	1.148090E-7	1.247360E+4	0.000000E+0	0.000000E+0
1.647237E+3	1.148060E-7	1.247340E+4	0.000000E+0	0.000000E+0
1.651227E+3	1.148060E-7	1.247330E+4	0.000000E+0	0.000000E+0
1.655230E+3	1.148130E-7	1.247340E+4	0.000000E+0	0.000000E+0
1.659228E+3	1.148200E-7	1.247330E+4	0.000000E+0	0.000000E+0
1.663235E+3	1.148170E-7	1.247340E+4	0.000000E+0	0.000000E+0
1.667227E+3	1.148210E-7	1.247320E+4	0.000000E+0	0.000000E+0
1.671230E+3	1.148140E-7	1.247320E+4	0.000000E+0	0.000000E+0
1.675230E+3	1.148190E-7	1.247330E+4	0.000000E+0	0.000000E+0
1.679234E+3	1.148220E-7	1.247320E+4	0.000000E+0	0.000000E+0
1.683225E+3	1.148260E-7	1.247300E+4	0.000000E+0	0.000000E+0
1.687233E+3	1.148330E-7	1.247270E+4	0.000000E+0	0.000000E+0
1.691228E+3	1.148250E-7	1.247240E+4	0.000000E+0	0.000000E+0
1.695235E+3	1.148260E-7	1.247240E+4	0.000000E+0	0.000000E+0
1.699233E+3	1.148290E-7	1.247230E+4	0.000000E+0	0.000000E+0
1.703232E+3	1.148380E-7	1.247240E+4	0.000000E+0	0.000000E+0
1.707228E+3	1.148370E-7	1.247250E+4	0.000000E+0	0.000000E+0
1.711239E+3	1.148360E-7	1.247240E+4	0.000000E+0	0.000000E+0
1.715224E+3	1.148520E-7	1.247230E+4	0.000000E+0	0.000000E+0
1.719232E+3	1.148560E-7	1.247200E+4	0.000000E+0	0.000000E+0
1.723221E+3	1.148650E-7	1.247200E+4	0.000000E+0	0.000000E+0
1.727224E+3	1.148650E-7	1.247180E+4	0.000000E+0	0.000000E+0
1.731230E+3	1.148600E-7	1.247160E+4	0.000000E+0	0.000000E+0
1.735229E+3	1.148540E-7	1.247150E+4	0.000000E+0	0.000000E+0
1.739224E+3	1.148730E-7	1.247140E+4	0.000000E+0	0.000000E+0
1.743230E+3	1.148690E-7	1.247130E+4	0.000000E+0	0.000000E+0
1.747232E+3	1.148720E-7	1.247120E+4	0.000000E+0	0.000000E+0
1.751232E+3	1.148740E-7	1.247110E+4	0.000000E+0	0.000000E+0
1.755225E+3	1.148800E-7	1.247090E+4	0.000000E+0	0.000000E+0
1.759231E+3	1.148830E-7	1.247090E+4	0.000000E+0	0.000000E+0
1.763228E+3	1.148910E-7	1.247060E+4	0.000000E+0	0.000000E+0
1.767228E+3	1.148810E-7	1.247060E+4	0.000000E+0	0.000000E+0
1.771228E+3	1.148910E-7	1.247050E+4	0.000000E+0	0.000000E+0
1.775233E+3	1.148920E-7	1.247050E+4	0.000000E+0	0.000000E+0
1.779228E+3	1.148910E-7	1.247020E+4	0.000000E+0	0.000000E+0
1.783233E+3	1.149000E-7	1.247010E+4	0.000000E+0	0.000000E+0
1.787225E+3	1.148940E-7	1.247000E+4	0.000000E+0	0.000000E+0
1.791232E+3	1.148980E-7	1.246990E+4	0.000000E+0	0.000000E+0
1.795226E+3	1.149040E-7	1.246960E+4	0.000000E+0	0.000000E+0
1.799229E+3	1.149000E-7	1.246940E+4	0.000000E+0	0.000000E+0
1.803224E+3	1.149020E-7	1.246910E+4	0.000000E+0	0.000000E+0
1.807234E+3	1.149150E-7	1.246880E+4	0.000000E+0	0.000000E+0
1.811224E+3	1.149130E-7	1.246870E+4	0.000000E+0	0.000000E+0
1.815227E+3	1.149120E-7	1.246850E+4	0.000000E+0	0.000000E+0
1.819227E+3	1.149200E-7	1.246830E+4	0.000000E+0	0.000000E+0
1.823230E+3	1.149180E-7	1.246820E+4	0.000000E+0	0.000000E+0
1.827222E+3	1.149200E-7	1.246800E+4	0.000000E+0	0.000000E+0
1.831230E+3	1.149230E-7	1.246790E+4	0.000000E+0	0.000000E+0
1.835225E+3	1.149170E-7	1.246790E+4	0.000000E+0	0.000000E+0
1.839227E+3	1.149290E-7	1.246790E+4	0.000000E+0	0.000000E+0
1.843232E+3	1.149390E-7	1.246800E+4	0.000000E+0	0.000000E+0
1.847232E+3	1.149400E-7	1.246790E+4	0.000000E+0	0.000000E+0
1.851228E+3	1.149370E-7	1.246770E+4	0.000000E+0	0.000000E+0
1.855232E+3	1.149310E-7	1.246750E+4	0.000000E+0	0.000000E+0
1.859222E+3	1.149470E-7	1.246720E+4	0.000000E+0	0.000000E+0
1.863231E+3	1.149440E-7	1.246700E+4	0.000000E+0	0.000000E+0
1.867226E+3	1.149370E-7	1.246640E+4	0.000000E+0	0.000000E+0
1.871230E+3	1.149530E-7	1.246600E+4	0.000000E+0	0.000000E+0
1.875228E+3	1.149400E-7	1.246550E+4	0.000000E+0	0.000000E+0
1.879234E+3	1.149470E-7	1.246530E+4	0.000000E+0	0.000000E+0
1.883226E+3	1.149480E-7	1.246530E+4	0.000000E+0	0.000000E+0
1.887234E+3	1.149560E-7	1.246520E+4	0.000000E+0	0.000000E+0
1.891231E+3	1.149580E-7	1.246520E+4	0.000000E+0	0.000000E+0
1.895231E+3	1.149660E-7	1.246510E+4	0.000000E+0	0.000000E+0
1.899226E+3	1.149650E-7	1.246510E+4	0.000000E+0	0.000000E+0
1.903227E+3	1.149730E-7	1.246490E+4	0.000000E+0	0.000000E+0
1.907232E+3	1.149670E-7	1.246490E+4	0.000000E+0	0.000000E+0
1.911231E+3	1.149750E-7	1.246490E+4	0.000000E+0	0.000000E+0
1.915229E+3	1.149700E-7	1.246470E+4	0.000000E+0	0.000000E+0
1.919232E+3	1.149760E-7	1.246460E+4	0.000000E+0	0.000000E+0
1.923230E+3	1.149720E-7	1.246460E+4	0.000000E+0	0.000000E+0
1.927230E+3	1.149900E-7	1.246430E+4	0.000000E+0	0.000000E+0
1.931225E+3	1.149890E-7	1.246400E+4	0.000000E+0	0.000000E+0
1.935236E+3	1.149860E-7	1.246390E+4	0.000000E+0	0.000000E+0
1.939228E+3	1.149930E-7	1.246380E+4	0.000000E+0	0.000000E+0
1.943228E+3	1.149900E-7	1.246380E+4	0.000000E+0	0.000000E+0
1.947224E+3	1.149820E-7	1.246370E+4	0.000000E+0	0.000000E+0
1.951227E+3	1.149950E-7	1.246380E+4	0.000000E+0	0.000000E+0
1.955233E+3	1.149940E-7	1.246380E+4	0.000000E+0	0.000000E+0
1.959227E+3	1.150010E-7	1.246370E+4	0.000000E+0	0.000000E+0
1.963230E+3	1.149960E-7	1.246390E+4	0.000000E+0	0.000000E+0
1.967230E+3	1.150120E-7	1.246400E+4	0.000000E+0	0.000000E+0
1.971227E+3	1.150010E-7	1.246380E+4	0.000000E+0	0.000000E+0
1.975233E+3	1.150110E-7	1.246340E+4	0.000000E+0	0.000000E+0
1.979228E+3	1.150130E-7	1.246310E+4	0.000000E+0	0.000000E+0
1.983228E+3	1.150190E-7	1.246290E+4	0.000000E+0	0.000000E+0
1.987224E+3	1.150150E-7	1.246260E+4	0.000000E+0	0.000000E+0
1.991236E+3	1.150180E-7	1.246220E+4	0.000000E+0	0.000000E+0
1.995228E+3	1.150340E-7	1.246190E+4	0.000000E+0	0.000000E+0
1.999231E+3	1.150340E-7	1.246180E+4	0.000000E+0	0.000000E+0
2.003231E+3	1.150270E-7	1.246190E+4	0.000000E+0	0.000000E+0
2.007230E+3	1.150320E-7	1.246190E+4	0.000000E+0	0.000000E+0
2.011229E+3	1.150380E-7	1.246170E+4	0.000000E+0	0.000000E+0
2.015234E+3	1.150330E-7	1.246140E+4	0.000000E+0	0.000000E+0
2.019232E+3	1.150420E-7	1.246150E+4	0.000000E+0	0.000000E+0
2.023235E+3	1.150460E-7	1.246170E+4	0.000000E+0	0.000000E+0
2.027225E+3	1.150530E-7	1.246160E+4	0.000000E+0	0.000000E+0
2.031230E+3	1.150480E-7	1.246120E+4	0.000000E+0	0.000000E+0
2.035228E+3	1.150510E-7	1.246050E+4	0.000000E+0	0.000000E+0
2.039233E+3	1.150550E-7	1.246040E+4	0.000000E+0	0.000000E+0
2.043230E+3	1.150520E-7	1.246020E+4	0.000000E+0	0.000000E+0
2.047236E+3	1.150580E-7	1.245990E+4	0.000000E+0	0.000000E+0
2.051227E+3	1.150590E-7	1.245990E+4	0.000000E+0	0.000000E+0
2.055231E+3	1.150670E-7	1.245970E+4	0.000000E+0	0.000000E+0
2.059225E+3	1.150760E-7	1.245930E+4	0.000000E+0	0.000000E+0
2.063234E+3	1.150740E-7	1.245860E+4	0.000000E+0	0.000000E+0
2.067226E+3	1.150640E-7	1.245830E+4	0.000000E+0	0.000000E+0
2.071235E+3	1.150670E-7	1.245820E+4	0.000000E+0	0.000000E+0
2.075223E+3	1.150640E-7	1.245840E+4	0.000000E+0	0.000000E+0
2.079234E+3	1.150720E-7	1.245820E+4	0.000000E+0	0.000000E+0
2.083224E+3	1.150810E-7	1.245800E+4	0.000000E+0	0.000000E+0
2.087228E+3	1.150760E-7	1.245750E+4	0.000000E+0	0.000000E+0
2.091229E+3	1.150830E-7	1.245750E+4	0.000000E+0	0.000000E+0
2.095232E+3	1.150980E-7	1.245720E+4	0.000000E+0	0.000000E+0
2.099224E+3	1.150800E-7	1.245690E+4	0.000000E+0	0.000000E+0
2.103235E+3	1.150920E-7	1.245660E+4	0.000000E+0	0.000000E+0
2.107226E+3	1.151000E-7	1.245620E+4	0.000000E+0	0.000000E+0
2.111232E+3	1.150960E-7	1.245590E+4	0.000000E+0	0.000000E+0
2.115224E+3	1.150980E-7	1.245580E+4	0.000000E+0	0.000000E+0
2.119235E+3	1.150930E-7	1.245560E+4	0.000000E+0	0.000000E+0
2.123225E+3	1.151000E-7	1.245540E+4	0.000000E+0	0.000000E+0
2.127235E+3	1.151130E-7	1.245500E+4	0.000000E+0	0.000000E+0
2.131232E+3	1.151200E-7	1.245490E+4	0.000000E+0	0.000000E+0
2.135235E+3	1.151130E-7	1.245470E+4	0.000000E+0	0.000000E+0
2.139231E+3	1.151170E-7	1.245470E+4	0.000000E+0	0.000000E+0
2.143231E+3	1.151220E-7	1.245470E+4	0.000000E+0	0.000000E+0
2.147225E+3	1.151320E-7	1.245450E+4	0.000000E+0	0.000000E+0
2.151238E+3	1.151330E-7	1.245420E+4	0.000000E+0	0.000000E+0
2.155225E+3	1.151280E-7	1.245410E+4	0.000000E+0	0.000000E+0
2.159231E+3	1.151400E-7	1.245400E+4	0.000000E+0	0.000000E+0
2.163231E+3	1.151390E-7	1.245370E+4	0.000000E+0	0.000000E+0
2.167231E+3	1.151430E-7	1.245340E+4	0.000000E+0	0.000000E+0
2.171228E+3	1.151450E-7	1.245300E+4	0.000000E+0	0.000000E+0
2.175234E+3	1.151430E-7	1.245280E+4	0.000000E+0	0.000000E+0
2.179224E+3	1.151390E-7	1.245260E+4	0.000000E+0	0.000000E+0
2.183232E+3	1.151490E-7	1.245240E+4	0.000000E+0	0.000000E+0
2.187229E+3	1.151480E-7	1.245200E+4	0.000000E+0	0.000000E+0
2.191232E+3	1.151530E-7	1.245150E+4	0.000000E+0	0.000000E+0
2.195229E+3	1.151510E-7	1.245130E+4	0.000000E+0	0.000000E+0
2.199237E+3	1.151640E-7	1.245120E+4	0.000000E+0	0.000000E+0
2.203222E+3	1.151550E-7	1.245090E+4	0.000000E+0	0.000000E+0
2.207230E+3	1.151520E-7	1.245090E+4	0.000000E+0	0.000000E+0
2.211229E+3	1.151570E-7	1.245090E+4	0.000000E+0	0.000000E+0
2.215234E+3	1.151610E-7	1.245090E+4	0.000000E+0	0.000000E+0
2.219233E+3	1.151600E-7	1.245080E+4	0.000000E+0	0.000000E+0
2.223233E+3	1.151680E-7	1.245060E+4	0.000000E+0	0.000000E+0
2.227228E+3	1.151740E-7	1.245070E+4	0.000000E+0	0.000000E+0
2.231231E+3	1.151740E-7	1.245060E+4	0.000000E+0	0.000000E+0
2.235230E+3	1.151720E-7	1.245050E+4	0.000000E+0	0.000000E+0
2.239233E+3	1.151840E-7	1.245040E+4	0.000000E+0	0.000000E+0
2.243226E+3	1.151720E-7	1.245020E+4	0.000000E+0	0.000000E+0
2.247234E+3	1.151930E-7	1.245010E+4	0.000000E+0	0.000000E+0
2.251225E+3	1.151870E-7	1.245000E+4	0.000000E+0	0.000000E+0
2.255234E+3	1.151900E-7	1.245000E+4	0.000000E+0	0.000000E+0
2.259225E+3	1.151890E-7	1.245000E+4	0.000000E+0	0.000000E+0
2.263232E+3	1.151900E-7	1.244970E+4	0.000000E+0	0.000000E+0
2.267228E+3	1.151890E-7	1.244950E+4	0.000000E+0	0.000000E+0
2.271232E+3	1.151940E-7	1.244910E+4	0.000000E+0	0.000000E+0
2.275223E+3	1.151950E-7	1.244890E+4	0.000000E+0	0.000000E+0
2.279235E+3	1.152060E-7	1.244880E+4	0.000000E+0	0.000000E+0
2.283226E+3	1.151990E-7	1.244850E+4	0.000000E+0	0.000000E+0
2.287239E+3	1.152080E-7	1.244840E+4	0.000000E+0	0.000000E+0
2.291224E+3	1.152110E-7	1.244830E+4	0.000000E+0	0.000000E+0
2.295234E+3	1.152090E-7	1.244830E+4	0.000000E+0	0.000000E+0
2.299225E+3	1.152260E-7	1.244830E+4	0.000000E+0	0.000000E+0
2.303236E+3	1.152240E-7	1.244800E+4	0.000000E+0	0.000000E+0
2.307230E+3	1.152210E-7	1.244780E+4	0.000000E+0	0.000000E+0
2.311230E+3	1.152230E-7	1.244740E+4	0.000000E+0	0.000000E+0
2.315227E+3	1.152260E-7	1.244740E+4	0.000000E+0	0.000000E+0
2.319238E+3	1.152340E-7	1.244720E+4	0.000000E+0	0.000000E+0
2.323227E+3	1.152280E-7	1.244700E+4	0.000000E+0	0.000000E+0
2.327235E+3	1.152440E-7	1.244690E+4	0.000000E+0	0.000000E+0
2.331231E+3	1.152310E-7	1.244680E+4	0.000000E+0	0.000000E+0
2.335234E+3	1.152450E-7	1.244650E+4	0.000000E+0	0.000000E+0
2.339226E+3	1.152370E-7	1.244660E+4	0.000000E+0	0.000000E+0
2.343236E+3	1.152460E-7	1.244670E+4	0.000000E+0	0.000000E+0
2.347231E+3	1.152420E-7	1.244670E+4	0.000000E+0	0.000000E+0
2.351238E+3	1.152490E-7	1.244660E+4	0.000000E+0	0.000000E+0
2.355223E+3	1.152550E-7	1.244640E+4	0.000000E+0	0.000000E+0
2.359229E+3	1.152620E-7	1.244650E+4	0.000000E+0	0.000000E+0
2.363224E+3	1.152580E-7	1.244650E+4	0.000000E+0	0.000000E+0
2.367232E+3	1.152610E-7	1.244620E+4	0.000000E+0	0.000000E+0
2.371227E+3	1.152630E-7	1.244600E+4	0.000000E+0	0.000000E+0
2.375231E+3	1.152700E-7	1.244570E+4	0.000000E+0	0.000000E+0
2.379226E+3	1.152750E-7	1.244540E+4	0.000000E+0	0.000000E+0
2.383230E+3	1.152780E-7	1.244510E+4	0.000000E+0	0.000000E+0
2.387235E+3	1.152700E-7	1.244470E+4	0.000000E+0	0.000000E+0
2.391235E+3	1.152700E-7	1.244470E+4	0.000000E+0	0.000000E+0
2.395230E+3	1.152770E-7	1.244470E+4	0.000000E+0	0.000000E+0
2.399236E+3	1.152820E-7	1.244470E+4	0.000000E+0	0.000000E+0
2.403228E+3	1.152780E-7	1.244460E+4	0.000000E+0	0.000000E+0
2.407233E+3	1.152850E-7	1.244440E+4	0.000000E+0	0.000000E+0
2.411228E+3	1.152860E-7	1.244420E+4	0.000000E+0	0.000000E+0
2.415231E+3	1.152960E-7	1.244400E+4	0.000000E+0	0.000000E+0
2.419230E+3	1.152810E-7	1.244390E+4	0.000000E+0	0.000000E+0
2.423231E+3	1.152940E-7	1.244380E+4	0.000000E+0	0.000000E+0
2.427231E+3	1.153020E-7	1.244370E+4	0.000000E+0	0.000000E+0
2.431233E+3	1.153020E-7	1.244360E+4	0.000000E+0	0.000000E+0
2.435228E+3	1.153030E-7	1.244350E+4	0.000000E+0	0.000000E+0
2.439236E+3	1.153120E-7	1.244330E+4	0.000000E+0	0.000000E+0
2.443229E+3	1.152990E-7	1.244300E+4	0.000000E+0	0.000000E+0
2.447232E+3	1.153120E-7	1.244260E+4	0.000000E+0	0.000000E+0
2.451229E+3	1.153170E-7	1.244230E+4	0.000000E+0	0.000000E+0
2.455232E+3	1.153160E-7	1.244220E+4	0.000000E+0	0.000000E+0
2.459232E+3	1.153110E-7	1.244190E+4	0.000000E+0	0.000000E+0
2.463232E+3	1.153130E-7	1.244180E+4	0.000000E+0	0.000000E+0
2.467232E+3	1.153110E-7	1.244160E+4	0.000000E+0	0.000000E+0
2.471235E+3	1.153230E-7	1.244130E+4	0.000000E+0	0.000000E+0
2.475235E+3	1.153250E-7	1.244110E+4	0.000000E+0	0.000000E+0
2.479232E+3	1.153280E-7	1.244070E+4	0.000000E+0	0.000000E+0
2.483230E+3	1.153310E-7	1.244060E+4	0.000000E+0	0.000000E+0
2.487229E+3	1.153370E-7	1.244040E+4	0.000000E+0	0.000000E+0
2.491224E+3	1.153410E-7	1.244030E+4	0.000000E+0	0.000000E+0
2.495230E+3	1.153380E-7	1.244010E+4	0.000000E+0	0.000000E+0
2.499228E+3	1.153460E-7	1.243990E+4	0.000000E+0	0.000000E+0
2.503233E+3	1.153480E-7	1.243960E+4	0.000000E+0	0.000000E+0
2.507228E+3	1.153420E-7	1.243920E+4	0.000000E+0	0.000000E+0
2.511235E+3	1.153460E-7	1.243840E+4	0.000000E+0	0.000000E+0
2.515226E+3	1.153480E-7	1.243770E+4	0.000000E+0	0.000000E+0
2.519231E+3	1.153470E-7	1.243740E+4	0.000000E+0	0.000000E+0
2.523225E+3	1.153530E-7	1.243730E+4	0.000000E+0	0.000000E+0
2.527242E+3	1.153680E-7	1.243730E+4	0.000000E+0	0.000000E+0
2.531225E+3	1.153720E-7	1.243730E+4	0.000000E+0	0.000000E+0
2.535231E+3	1.153730E-7	1.243750E+4	0.000000E+0	0.000000E+0
2.539224E+3	1.153790E-7	1.243770E+4	0.000000E+0	0.000000E+0
2.543236E+3	1.153750E-7	1.243790E+4	0.000000E+0	0.000000E+0
2.547228E+3	1.153860E-7	1.243780E+4	0.000000E+0	0.000000E+0
2.551227E+3	1.153830E-7	1.243780E+4	0.000000E+0	0.000000E+0
2.555224E+3	1.153810E-7	1.243760E+4	0.000000E+0	0.000000E+0
2.559239E+3	1.153870E-7	1.243760E+4	0.000000E+0	0.000000E+0
2.563230E+3	1.153860E-7	1.243750E+4	0.000000E+0	0.000000E+0
2.567230E+3	1.153840E-7	1.243740E+4	0.000000E+0	0.000000E+0
2.571229E+3	1.153970E-7	1.243720E+4	0.000000E+0	0.000000E+0
2.575233E+3	1.153860E-7	1.243680E+4	0.000000E+0	0.000000E+0
2.579233E+3	1.153970E-7	1.243660E+4	0.000000E+0	0.000000E+0
2.583232E+3	1.153910E-7	1.243640E+4	0.000000E+0	0.000000E+0
2.587230E+3	1.153900E-7	1.243590E+4	0.000000E+0	0.000000E+0
2.591236E+3	1.153960E-7	1.243550E+4	0.000000E+0	0.000000E+0
2.595225E+3	1.153990E-7	1.243530E+4	0.000000E+0	0.000000E+0
2.599236E+3	1.154020E-7	1.243510E+4	0.000000E+0	0.000000E+0
2.603228E+3	1.154170E-7	1.243500E+4	0.000000E+0	0.000000E+0
2.607240E+3	1.154240E-7	1.243500E+4	0.000000E+0	0.000000E+0
2.611230E+3	1.154100E-7	1.243480E+4	0.000000E+0	0.000000E+0
2.615231E+3	1.154190E-7	1.243480E+4	0.000000E+0	0.000000E+0
2.619231E+3	1.154180E-7	1.243470E+4	0.000000E+0	0.000000E+0
2.623234E+3	1.154180E-7	1.243470E+4	0.000000E+0	0.000000E+0
2.627228E+3	1.154210E-7	1.243450E+4	0.000000E+0	0.000000E+0
2.631228E+3	1.154200E-7	1.243380E+4	0.000000E+0	0.000000E+0
2.635226E+3	1.154280E-7	1.243360E+4	0.000000E+0	0.000000E+0
2.639234E+3	1.154260E-7	1.243330E+4	0.000000E+0	0.000000E+0
2.643232E+3	1.154340E-7	1.243300E+4	0.000000E+0	0.000000E+0
2.647233E+3	1.154430E-7	1.243250E+4	0.000000E+0	0.000000E+0
2.651227E+3	1.154370E-7	1.243230E+4	0.000000E+0	0.000000E+0
2.655231E+3	1.154360E-7	1.243230E+4	0.000000E+0	0.000000E+0
2.659230E+3	1.154370E-7	1.243230E+4	0.000000E+0	0.000000E+0
2.663229E+3	1.154460E-7	1.243220E+4	0.000000E+0	0.000000E+0
2.667225E+3	1.154550E-7	1.243200E+4	0.000000E+0	0.000000E+0
2.671230E+3	1.154510E-7	1.243180E+4	0.000000E+0	0.000000E+0
2.675227E+3	1.154470E-7	1.243180E+4	0.000000E+0	0.000000E+0
2.679232E+3	1.154570E-7	1.243170E+4	0.000000E+0	0.000000E+0
2.683228E+3	1.154530E-7	1.243160E+4	0.000000E+0	0.000000E+0
2.687236E+3	1.154640E-7	1.243120E+4	0.000000E+0	0.000000E+0
2.691228E+3	1.154610E-7	1.243040E+4	0.000000E+0	0.000000E+0
2.695231E+3	1.154710E-7	1.242970E+4	0.000000E+0	0.000000E+0
2.699230E+3	1.154760E-7	1.242920E+4	0.000000E+0	0.000000E+0
2.703236E+3	1.154720E-7	1.242890E+4	0.000000E+0	0.000000E+0
2.707225E+3	1.154780E-7	1.242890E+4	0.000000E+0	0.000000E+0
2.711234E+3	1.154760E-7	1.242910E+4	0.000000E+0	0.000000E+0
2.715229E+3	1.154750E-7	1.242930E+4	0.000000E+0	0.000000E+0
2.719237E+3	1.154800E-7	1.242930E+4	0.000000E+0	0.000000E+0
2.723231E+3	1.154850E-7	1.242940E+4	0.000000E+0	0.000000E+0
2.727234E+3	1.155010E-7	1.242940E+4	0.000000E+0	0.000000E+0
2.731231E+3	1.154940E-7	1.242930E+4	0.000000E+0	0.000000E+0
2.735233E+3	1.154980E-7	1.242920E+4	0.000000E+0	0.000000E+0
2.739232E+3	1.154930E-7	1.242900E+4	0.000000E+0	0.000000E+0
2.743231E+3	1.155040E-7	1.242890E+4	0.000000E+0	0.000000E+0
2.747229E+3	1.155000E-7	1.242890E+4	0.000000E+0	0.000000E+0
2.751230E+3	1.155020E-7	1.242890E+4	0.000000E+0	0.000000E+0
2.755229E+3	1.155060E-7	1.242890E+4	0.000000E+0	0.000000E+0
2.759235E+3	1.155080E-7	1.242860E+4	0.000000E+0	0.000000E+0
2.763232E+3	1.155080E-7	1.242830E+4	0.000000E+0	0.000000E+0
2.767236E+3	1.155210E-7	1.242800E+4	0.000000E+0	0.000000E+0
2.771228E+3	1.155150E-7	1.242790E+4	0.000000E+0	0.000000E+0
2.775233E+3	1.155260E-7	1.242790E+4	0.000000E+0	0.000000E+0
2.779228E+3	1.155180E-7	1.242790E+4	0.000000E+0	0.000000E+0
2.783231E+3	1.155180E-7	1.242780E+4	0.000000E+0	0.000000E+0
2.787231E+3	1.155180E-7	1.242770E+4	0.000000E+0	0.000000E+0
2.791235E+3	1.155300E-7	1.242770E+4	0.000000E+0	0.000000E+0
2.795230E+3	1.155370E-7	1.242780E+4	0.000000E+0	0.000000E+0
2.799233E+3	1.155300E-7	1.242780E+4	0.000000E+0	0.000000E+0
2.803226E+3	1.155300E-7	1.242770E+4	0.000000E+0	0.000000E+0
2.807233E+3	1.155230E-7	1.242760E+4	0.000000E+0	0.000000E+0
2.811225E+3	1.155360E-7	1.242740E+4	0.000000E+0	0.000000E+0
2.815235E+3	1.155360E-7	1.242730E+4	0.000000E+0	0.000000E+0
2.819231E+3	1.155400E-7	1.242740E+4	0.000000E+0	0.000000E+0
2.823231E+3	1.155450E-7	1.242740E+4	0.000000E+0	0.000000E+0
2.827226E+3	1.155500E-7	1.242730E+4	0.000000E+0	0.000000E+0
2.831237E+3	1.155560E-7	1.242730E+4	0.000000E+0	0.000000E+0
2.835226E+3	1.155560E-7	1.242710E+4	0.000000E+0	0.000000E+0
2.839232E+3	1.155590E-7	1.242690E+4	0.000000E+0	0.000000E+0
2.843227E+3	1.155590E-7	1.242660E+4	0.000000E+0	0.000000E+0
2.847237E+3	1.155640E-7	1.242630E+4	0.000000E+0	0.000000E+0
2.851224E+3	1.155610E-7	1.242600E+4	0.000000E+0	0.000000E+0
2.855233E+3	1.155730E-7	1.242580E+4	0.000000E+0	0.000000E+0
2.859230E+3	1.155630E-7	1.242560E+4	0.000000E+0	0.000000E+0
2.863233E+3	1.155700E-7	1.242550E+4	0.000000E+0	0.000000E+0
2.867232E+3	1.155780E-7	1.242560E+4	0.000000E+0	0.000000E+0
2.871232E+3	1.155820E-7	1.242570E+4	0.000000E+0	0.000000E+0
2.875231E+3	1.155690E-7	1.242560E+4	0.000000E+0	0.000000E+0
2.879231E+3	1.155740E-7	1.242560E+4	0.000000E+0	0.000000E+0
2.883236E+3	1.155830E-7	1.242550E+4	0.000000E+0	0.000000E+0
2.887233E+3	1.155810E-7	1.242540E+4	0.000000E+0	0.000000E+0
2.891228E+3	1.155820E-7	1.242520E+4	0.000000E+0	0.000000E+0
2.895228E+3	1.155870E-7	1.242490E+4	0.000000E+0	0.000000E+0
2.899225E+3	1.155890E-7	1.242460E+4	0.000000E+0	0.000000E+0
2.903236E+3	1.155870E-7	1.242440E+4	0.000000E+0	0.000000E+0
2.907233E+3	1.155880E-7	1.242420E+4	0.000000E+0	0.000000E+0
2.911231E+3	1.156000E-7	1.242400E+4	0.000000E+0	0.000000E+0
2.915229E+3	1.155990E-7	1.242390E+4	0.000000E+0	0.000000E+0
2.919234E+3	1.156030E-7	1.242370E+4	0.000000E+0	0.000000E+0
2.923229E+3	1.155990E-7	1.242370E+4	0.000000E+0	0.000000E+0
2.927234E+3	1.156050E-7	1.242370E+4	0.000000E+0	0.000000E+0
2.931229E+3	1.156100E-7	1.242370E+4	0.000000E+0	0.000000E+0
2.935236E+3	1.156090E-7	1.242350E+4	0.000000E+0	0.000000E+0
2.939227E+3	1.156070E-7	1.242330E+4	0.000000E+0	0.000000E+0
2.943233E+3	1.156040E-7	1.242310E+4	0.000000E+0	0.000000E+0
2.947228E+3	1.156220E-7	1.242290E+4	0.000000E+0	0.000000E+0
2.951231E+3	1.156290E-7	1.242280E+4	0.000000E+0	0.000000E+0
2.955229E+3	1.156260E-7	1.242240E+4	0.000000E+0	0.000000E+0
2.959228E+3	1.156400E-7	1.242190E+4	0.000000E+0	0.000000E+0
2.963235E+3	1.156380E-7	1.242110E+4	0.000000E+0	0.000000E+0
2.967230E+3	1.156350E-7	1.242060E+4	0.000000E+0	0.000000E+0
2.971228E+3	1.156410E-7	1.242020E+4	0.000000E+0	0.000000E+0
2.975231E+3	1.156430E-7	1.242000E+4	0.000000E+0	0.000000E+0
2.979230E+3	1.156480E-7	1.241990E+4	0.000000E+0	0.000000E+0
2.983229E+3	1.156410E-7	1.241980E+4	0.000000E+0	0.000000E+0
2.987226E+3	1.156480E-7	1.241960E+4	0.000000E+0	0.000000E+0
2.991228E+3	1.156470E-7	1.241960E+4	0.000000E+0	0.000000E+0
2.995221E+3	1.156430E-7	1.241960E+4	0.000000E+0	0.000000E+0
2.999231E+3	1.156510E-7	1.241940E+4	0.000000E+0	0.000000E+0
3.003226E+3	1.156640E-7	1.241930E+4	0.000000E+0	0.000000E+0
3.007234E+3	1.156600E-7	1.241950E+4	0.000000E+0	0.000000E+0
3.011224E+3	1.156660E-7	1.241980E+4	0.000000E+0	0.000000E+0
3.015232E+3	1.156700E-7	1.241990E+4	0.000000E+0	0.000000E+0
3.019231E+3	1.156640E-7	1.242000E+4	0.000000E+0	0.000000E+0
3.023231E+3	1.156700E-7	1.241980E+4	0.000000E+0	0.000000E+0
3.027226E+3	1.156730E-7	1.241960E+4	0.000000E+0	0.000000E+0
3.031230E+3	1.156660E-7	1.241960E+4	0.000000E+0	0.000000E+0
3.035229E+3	1.156750E-7	1.241950E+4	0.000000E+0	0.000000E+0
3.039230E+3	1.156860E-7	1.241960E+4	0.000000E+0	0.000000E+0
3.043224E+3	1.156810E-7	1.241960E+4	0.000000E+0	0.000000E+0
3.047227E+3	1.156770E-7	1.241950E+4	0.000000E+0	0.000000E+0
3.051228E+3	1.156890E-7	1.241940E+4	0.000000E+0	0.000000E+0
3.055235E+3	1.156860E-7	1.241940E+4	0.000000E+0	0.000000E+0
3.059225E+3	1.156840E-7	1.241930E+4	0.000000E+0	0.000000E+0
3.063231E+3	1.156920E-7	1.241910E+4	0.000000E+0	0.000000E+0
3.067222E+3	1.156970E-7	1.241890E+4	0.000000E+0	0.000000E+0
3.071231E+3	1.156940E-7	1.241850E+4	0.000000E+0	0.000000E+0
3.075223E+3	1.156930E-7	1.241820E+4	0.000000E+0	0.000000E+0
3.079231E+3	1.156960E-7	1.241760E+4	0.000000E+0	0.000000E+0
3.083226E+3	1.156990E-7	1.241720E+4	0.000000E+0	0.000000E+0
3.087226E+3	1.157020E-7	1.241690E+4	0.000000E+0	0.000000E+0
3.091223E+3	1.157110E-7	1.241680E+4	0.000000E+0	0.000000E+0
3.095234E+3	1.157110E-7	1.241660E+4	0.000000E+0	0.000000E+0
3.099224E+3	1.157150E-7	1.241660E+4	0.000000E+0	0.000000E+0
3.103231E+3	1.157150E-7	1.241660E+4	0.000000E+0	0.000000E+0
3.107224E+3	1.157230E-7	1.241650E+4	0.000000E+0	0.000000E+0
3.111234E+3	1.157160E-7	1.241640E+4	0.000000E+0	0.000000E+0
3.115224E+3	1.157260E-7	1.241650E+4	0.000000E+0	0.000000E+0
3.119229E+3	1.157270E-7	1.241690E+4	0.000000E+0	0.000000E+0
3.123227E+3	1.157200E-7	1.241690E+4	0.000000E+0	0.000000E+0
3.127233E+3	1.157320E-7	1.241690E+4	0.000000E+0	0.000000E+0
3.131224E+3	1.157240E-7	1.241680E+4	0.000000E+0	0.000000E+0
3.135233E+3	1.157340E-7	1.241670E+4	0.000000E+0	0.000000E+0
3.139225E+3	1.157360E-7	1.241660E+4	0.000000E+0	0.000000E+0
3.143237E+3	1.157330E-7	1.241650E+4	0.000000E+0	0.000000E+0
3.147222E+3	1.157270E-7	1.241640E+4	0.000000E+0	0.000000E+0
3.151232E+3	1.157440E-7	1.241610E+4	0.000000E+0	0.000000E+0
3.155222E+3	1.157360E-7	1.241590E+4	0.000000E+0	0.000000E+0
3.159233E+3	1.157500E-7	1.241580E+4	0.000000E+0	0.000000E+0
3.163228E+3	1.157370E-7	1.241550E+4	0.000000E+0	0.000000E+0
3.167228E+3	1.157500E-7	1.241520E+4	0.000000E+0	0.000000E+0
3.171226E+3	1.157570E-7	1.241510E+4	0.000000E+0	0.000000E+0
3.175234E+3	1.157560E-7	1.241520E+4	0.000000E+0	0.000000E+0
3.179226E+3	1.157560E-7	1.241500E+4	0.000000E+0	0.000000E+0
3.183231E+3	1.157660E-7	1.241490E+4	0.000000E+0	0.000000E+0
3.187224E+3	1.157740E-7	1.241430E+4	0.000000E+0	0.000000E+0
3.191229E+3	1.157730E-7	1.241370E+4	0.000000E+0	0.000000E+0
3.195229E+3	1.157730E-7	1.241360E+4	0.000000E+0	0.000000E+0
3.199229E+3	1.157840E-7	1.241360E+4	0.000000E+0	0.000000E+0
3.203226E+3	1.157790E-7	1.241370E+4	0.000000E+0	0.000000E+0
3.207237E+3	1.157780E-7	1.241370E+4	0.000000E+0	0.000000E+0
3.211222E+3	1.157820E-7	1.241370E+4	0.000000E+0	0.000000E+0
3.215230E+3	1.157760E-7	1.241380E+4	0.000000E+0	0.000000E+0
3.219222E+3	1.157840E-7	1.241370E+4	0.000000E+0	0.000000E+0
3.223225E+3	1.157870E-7	1.241380E+4	0.000000E+0	0.000000E+0
3.227227E+3	1.157860E-7	1.241370E+4	0.000000E+0	0.000000E+0
3.231232E+3	1.157910E-7	1.241360E+4	0.000000E+0	0.000000E+0
3.235225E+3	1.157930E-7	1.241340E+4	0.000000E+0	0.000000E+0
3.239231E+3	1.157950E-7	1.241320E+4	0.000000E+0	0.000000E+0
3.243225E+3	1.157870E-7	1.241270E+4	0.000000E+0	0.000000E+0
3.247232E+3	1.157990E-7	1.241240E+4	0.000000E+0	0.000000E+0
3.251227E+3	1.158000E-7	1.241230E+4	0.000000E+0	0.000000E+0
3.255231E+3	1.158060E-7	1.241200E+4	0.000000E+0	0.000000E+0
3.259226E+3	1.158120E-7	1.241160E+4	0.000000E+0	0.000000E+0
3.263225E+3	1.158170E-7	1.241170E+4	0.000000E+0	0.000000E+0
3.267228E+3	1.158120E-7	1.241170E+4	0.000000E+0	0.000000E+0
3.271233E+3	1.158160E-7	1.241160E+4	0.000000E+0	0.000000E+0
3.275229E+3	1.158140E-7	1.241150E+4	0.000000E+0	0.000000E+0
3.279229E+3	1.158080E-7	1.241150E+4	0.000000E+0	0.000000E+0
3.283226E+3	1.158220E-7	1.241140E+4	0.000000E+0	0.000000E+0
3.287229E+3	1.158260E-7	1.241140E+4	0.000000E+0	0.000000E+0
3.291226E+3	1.158200E-7	1.241140E+4	0.000000E+0	0.000000E+0
3.295227E+3	1.158330E-7	1.241120E+4	0.000000E+0	0.000000E+0
3.299227E+3	1.158350E-7	1.241110E+4	0.000000E+0	0.000000E+0
3.303234E+3	1.158370E-7	1.241080E+4	0.000000E+0	0.000000E+0
3.307226E+3	1.158390E-7	1.241070E+4	0.000000E+0	0.000000E+0
3.311238E+3	1.158390E-7	1.241060E+4	0.000000E+0	0.000000E+0
3.315224E+3	1.158430E-7	1.241060E+4	0.000000E+0	0.000000E+0
3.319233E+3	1.158510E-7	1.241040E+4	0.000000E+0	0.000000E+0
3.323229E+3	1.158580E-7	1.241020E+4	0.000000E+0	0.000000E+0
3.327225E+3	1.158430E-7	1.240990E+4	0.000000E+0	0.000000E+0
3.331228E+3	1.158460E-7	1.240960E+4	0.000000E+0	0.000000E+0
3.335235E+3	1.158530E-7	1.240920E+4	0.000000E+0	0.000000E+0
3.339225E+3	1.158510E-7	1.240890E+4	0.000000E+0	0.000000E+0
3.343231E+3	1.158630E-7	1.240860E+4	0.000000E+0	0.000000E+0
3.347228E+3	1.158630E-7	1.240790E+4	0.000000E+0	0.000000E+0
3.351233E+3	1.158560E-7	1.240730E+4	0.000000E+0	0.000000E+0
3.355228E+3	1.158730E-7	1.240710E+4	0.000000E+0	0.000000E+0
3.359231E+3	1.158740E-7	1.240710E+4	0.000000E+0	0.000000E+0
3.363228E+3	1.158680E-7	1.240730E+4	0.000000E+0	0.000000E+0
3.367233E+3	1.158750E-7	1.240760E+4	0.000000E+0	0.000000E+0
3.371231E+3	1.158780E-7	1.240780E+4	0.000000E+0	0.000000E+0
3.375234E+3	1.158810E-7	1.240770E+4	0.000000E+0	0.000000E+0
3.379226E+3	1.158770E-7	1.240800E+4	0.000000E+0	0.000000E+0
3.383232E+3	1.158800E-7	1.240810E+4	0.000000E+0	0.000000E+0
3.387223E+3	1.158850E-7	1.240810E+4	0.000000E+0	0.000000E+0
3.391234E+3	1.158840E-7	1.240810E+4	0.000000E+0	0.000000E+0
3.395229E+3	1.158820E-7	1.240790E+4	0.000000E+0	0.000000E+0
3.399235E+3	1.158870E-7	1.240770E+4	0.000000E+0	0.000000E+0
3.403226E+3	1.158930E-7	1.240750E+4	0.000000E+0	0.000000E+0
3.407237E+3	1.158960E-7	1.240730E+4	0.000000E+0	0.000000E+0
3.411225E+3	1.158940E-7	1.240710E+4	0.000000E+0	0.000000E+0
3.415232E+3	1.158980E-7	1.240660E+4	0.000000E+0	0.000000E+0
3.419224E+3	1.159080E-7	1.240600E+4	0.000000E+0	0.000000E+0
3.423232E+3	1.159090E-7	1.240580E+4	0.000000E+0	0.000000E+0
3.427230E+3	1.159080E-7	1.240570E+4	0.000000E+0	0.000000E+0
3.431230E+3	1.159100E-7	1.240560E+4	0.000000E+0	0.000000E+0
3.435227E+3	1.159090E-7	1.240550E+4	0.000000E+0	0.000000E+0
3.439230E+3	1.159120E-7	1.240570E+4	0.000000E+0	0.000000E+0
3.443226E+3	1.159230E-7	1.240580E+4	0.000000E+0	0.000000E+0
3.447226E+3	1.159210E-7	1.240610E+4	0.000000E+0	0.000000E+0
3.451228E+3	1.159170E-7	1.240630E+4	0.000000E+0	0.000000E+0
3.455225E+3	1.159240E-7	1.240620E+4	0.000000E+0	0.000000E+0
3.459226E+3	1.159340E-7	1.240620E+4	0.000000E+0	0.000000E+0
3.463225E+3	1.159320E-7	1.240610E+4	0.000000E+0	0.000000E+0
3.467229E+3	1.159230E-7	1.240600E+4	0.000000E+0	0.000000E+0
3.471232E+3	1.159230E-7	1.240580E+4	0.000000E+0	0.000000E+0
3.475229E+3	1.159270E-7	1.240530E+4	0.000000E+0	0.000000E+0
3.479229E+3	1.159330E-7	1.240500E+4	0.000000E+0	0.000000E+0
3.483224E+3	1.159420E-7	1.240480E+4	0.000000E+0	0.000000E+0
3.487234E+3	1.159410E-7	1.240460E+4	0.000000E+0	0.000000E+0
3.491229E+3	1.159530E-7	1.240440E+4	0.000000E+0	0.000000E+0
3.495229E+3	1.159450E-7	1.240400E+4	0.000000E+0	0.000000E+0
3.499224E+3	1.159520E-7	1.240370E+4	0.000000E+0	0.000000E+0
3.503233E+3	1.159470E-7	1.240340E+4	0.000000E+0	0.000000E+0
3.507230E+3	1.159550E-7	1.240280E+4	0.000000E+0	0.000000E+0
3.511230E+3	1.159580E-7	1.240230E+4	0.000000E+0	0.000000E+0
3.515225E+3	1.159420E-7	1.240220E+4	0.000000E+0	0.000000E+0
3.519228E+3	1.159590E-7	1.240230E+4	0.000000E+0	0.000000E+0
3.523232E+3	1.159660E-7	1.240270E+4	0.000000E+0	0.000000E+0
3.527231E+3	1.159700E-7	1.240280E+4	0.000000E+0	0.000000E+0
3.531228E+3	1.159610E-7	1.240310E+4	0.000000E+0	0.000000E+0
3.535230E+3	1.159740E-7	1.240300E+4	0.000000E+0	0.000000E+0
3.539225E+3	1.159730E-7	1.240290E+4	0.000000E+0	0.000000E+0
3.543228E+3	1.159720E-7	1.240300E+4	0.000000E+0	0.000000E+0
3.547228E+3	1.159770E-7	1.240340E+4	0.000000E+0	0.000000E+0
3.551233E+3	1.159720E-7	1.240370E+4	0.000000E+0	0.000000E+0
3.555234E+3	1.159800E-7	1.240370E+4	0.000000E+0	0.000000E+0
3.559234E+3	1.159880E-7	1.240330E+4	0.000000E+0	0.000000E+0
3.563229E+3	1.159940E-7	1.240320E+4	0.000000E+0	0.000000E+0
3.567226E+3	1.159850E-7	1.240320E+4	0.000000E+0	0.000000E+0
3.571227E+3	1.159890E-7	1.240340E+4	0.000000E+0	0.000000E+0
3.575238E+3	1.159940E-7	1.240370E+4	0.000000E+0	0.000000E+0
3.579229E+3	1.159930E-7	1.240400E+4	0.000000E+0	0.000000E+0
3.583227E+3	1.160020E-7	1.240390E+4	0.000000E+0	0.000000E+0
3.587227E+3	1.160040E-7	1.240380E+4	0.000000E+0	0.000000E+0
3.591233E+3	1.160060E-7	1.240340E+4	0.000000E+0	0.000000E+0
3.595229E+3	1.160080E-7	1.240340E+4	0.000000E+0	0.000000E+0
3.599227E+3	1.160000E-7	1.240330E+4	0.000000E+0	0.000000E+0
3.603230E+3	1.160100E-7	1.240320E+4	0.000000E+0	0.000000E+0
3.607225E+3	1.160250E-7	1.240320E+4	0.000000E+0	0.000000E+0
3.611225E+3	1.160260E-7	1.240300E+4	0.000000E+0	0.000000E+0
3.615225E+3	1.160180E-7	1.240280E+4	0.000000E+0	0.000000E+0
3.619223E+3	1.160290E-7	1.240240E+4	0.000000E+0	0.000000E+0
3.623239E+3	1.160330E-7	1.240210E+4	0.000000E+0	0.000000E+0
3.627228E+3	1.160530E-7	1.240170E+4	0.000000E+0	0.000000E+0
3.631228E+3	1.160220E-7	1.240110E+4	0.000000E+0	0.000000E+0
3.635231E+3	1.160360E-7	1.240050E+4	0.000000E+0	0.000000E+0
3.639226E+3	1.160330E-7	1.239990E+4	0.000000E+0	0.000000E+0
3.643233E+3	1.160360E-7	1.239980E+4	0.000000E+0	0.000000E+0
3.647231E+3	1.160380E-7	1.240010E+4	0.000000E+0	0.000000E+0
3.651228E+3	1.160380E-7	1.240020E+4	0.000000E+0	0.000000E+0
3.655232E+3	1.160390E-7	1.240040E+4	0.000000E+0	0.000000E+0
3.659229E+3	1.160410E-7	1.240050E+4	0.000000E+0	0.000000E+0
3.663229E+3	1.160400E-7	1.240070E+4	0.000000E+0	0.000000E+0
3.667226E+3	1.160500E-7	1.240080E+4	0.000000E+0	0.000000E+0
3.671230E+3	1.160410E-7	1.240090E+4	0.000000E+0	0.000000E+0
3.675224E+3	1.160440E-7	1.240100E+4	0.000000E+0	0.000000E+0
3.679230E+3	1.160480E-7	1.240130E+4	0.000000E+0	0.000000E+0
3.683227E+3	1.160480E-7	1.240150E+4	0.000000E+0	0.000000E+0
3.687230E+3	1.160480E-7	1.240140E+4	0.000000E+0	0.000000E+0
3.691225E+3	1.160520E-7	1.240130E+4	0.000000E+0	0.000000E+0
3.695227E+3	1.160590E-7	1.240150E+4	0.000000E+0	0.000000E+0
3.699227E+3	1.160590E-7	1.240150E+4	0.000000E+0	0.000000E+0
3.703230E+3	1.160660E-7	1.240140E+4	0.000000E+0	0.000000E+0
3.707227E+3	1.160590E-7	1.240120E+4	0.000000E+0	0.000000E+0
3.711235E+3	1.160640E-7	1.240080E+4	0.000000E+0	0.000000E+0
3.715225E+3	1.160580E-7	1.240050E+4	0.000000E+0	0.000000E+0
3.719234E+3	1.160630E-7	1.240010E+4	0.000000E+0	0.000000E+0
3.723230E+3	1.160750E-7	1.240000E+4	0.000000E+0	0.000000E+0
3.727230E+3	1.160770E-7	1.239980E+4	0.000000E+0	0.000000E+0
3.731228E+3	1.160690E-7	1.239950E+4	0.000000E+0	0.000000E+0
3.735226E+3	1.160690E-7	1.239910E+4	0.000000E+0	0.000000E+0
3.739231E+3	1.160800E-7	1.239870E+4	0.000000E+0	0.000000E+0
3.743229E+3	1.160840E-7	1.239850E+4	0.000000E+0	0.000000E+0
3.747226E+3	1.160870E-7	1.239890E+4	0.000000E+0	0.000000E+0
3.751229E+3	1.160890E-7	1.239910E+4	0.000000E+0	0.000000E+0
3.755232E+3	1.161010E-7	1.239930E+4	0.000000E+0	0.000000E+0
3.759231E+3	1.161100E-7	1.239930E+4	0.000000E+0	0.000000E+0
3.763229E+3	1.161010E-7	1.239920E+4	0.000000E+0	0.000000E+0
3.767231E+3	1.161020E-7	1.239890E+4	0.000000E+0	0.000000E+0
3.771230E+3	1.161030E-7	1.239870E+4	0.000000E+0	0.000000E+0
3.775230E+3	1.161050E-7	1.239860E+4	0.000000E+0	0.000000E+0
3.779232E+3	1.161100E-7	1.239840E+4	0.000000E+0	0.000000E+0
3.783235E+3	1.160990E-7	1.239860E+4	0.000000E+0	0.000000E+0
3.787232E+3	1.161100E-7	1.239840E+4	0.000000E+0	0.000000E+0
3.791232E+3	1.161140E-7	1.239780E+4	0.000000E+0	0.000000E+0
3.795228E+3	1.161180E-7	1.239710E+4	0.000000E+0	0.000000E+0
3.799228E+3	1.161100E-7	1.239660E+4	0.000000E+0	0.000000E+0
3.803227E+3	1.161270E-7	1.239660E+4	0.000000E+0	0.000000E+0
3.807233E+3	1.161400E-7	1.239620E+4	0.000000E+0	0.000000E+0
3.811228E+3	1.161520E-7	1.239600E+4	0.000000E+0	0.000000E+0
3.815231E+3	1.161450E-7	1.239600E+4	0.000000E+0	0.000000E+0
3.819228E+3	1.161480E-7	1.239600E+4	0.000000E+0	0.000000E+0
3.823231E+3	1.161540E-7	1.239610E+4	0.000000E+0	0.000000E+0
3.827226E+3	1.161630E-7	1.239610E+4	0.000000E+0	0.000000E+0
3.831233E+3	1.161570E-7	1.239630E+4	0.000000E+0	0.000000E+0
3.835228E+3	1.161540E-7	1.239620E+4	0.000000E+0	0.000000E+0
3.839231E+3	1.161660E-7	1.239640E+4	0.000000E+0	0.000000E+0
3.843232E+3	1.161690E-7	1.239670E+4	0.000000E+0	0.000000E+0
3.847234E+3	1.161630E-7	1.239670E+4	0.000000E+0	0.000000E+0
3.851231E+3	1.161570E-7	1.239680E+4	0.000000E+0	0.000000E+0
3.855234E+3	1.161710E-7	1.239650E+4	0.000000E+0	0.000000E+0
3.859225E+3	1.161630E-7	1.239640E+4	0.000000E+0	0.000000E+0
3.863238E+3	1.161630E-7	1.239610E+4	0.000000E+0	0.000000E+0
3.867229E+3	1.161920E-7	1.239570E+4	0.000000E+0	0.000000E+0
3.871227E+3	1.161760E-7	1.239520E+4	0.000000E+0	0.000000E+0
3.875230E+3	1.161820E-7	1.239510E+4	0.000000E+0	0.000000E+0
3.879233E+3	1.161800E-7	1.239500E+4	0.000000E+0	0.000000E+0
3.883230E+3	1.161740E-7	1.239510E+4	0.000000E+0	0.000000E+0
3.887228E+3	1.161850E-7	1.239510E+4	0.000000E+0	0.000000E+0
3.891227E+3	1.161960E-7	1.239530E+4	0.000000E+0	0.000000E+0
3.895233E+3	1.161960E-7	1.239560E+4	0.000000E+0	0.000000E+0
3.899230E+3	1.161940E-7	1.239550E+4	0.000000E+0	0.000000E+0
3.903230E+3	1.161960E-7	1.239550E+4	0.000000E+0	0.000000E+0
3.907228E+3	1.162040E-7	1.239540E+4	0.000000E+0	0.000000E+0
3.911236E+3	1.162040E-7	1.239530E+4	0.000000E+0	0.000000E+0
3.915233E+3	1.162080E-7	1.239540E+4	0.000000E+0	0.000000E+0
3.919231E+3	1.162120E-7	1.239540E+4	0.000000E+0	0.000000E+0
3.923228E+3	1.162170E-7	1.239540E+4	0.000000E+0	0.000000E+0
3.927232E+3	1.162090E-7	1.239540E+4	0.000000E+0	0.000000E+0
3.931228E+3	1.162190E-7	1.239520E+4	0.000000E+0	0.000000E+0
3.935228E+3	1.162220E-7	1.239490E+4	0.000000E+0	0.000000E+0
3.939228E+3	1.162250E-7	1.239470E+4	0.000000E+0	0.000000E+0
3.943232E+3	1.162180E-7	1.239470E+4	0.000000E+0	0.000000E+0
3.947231E+3	1.162220E-7	1.239460E+4	0.000000E+0	0.000000E+0
3.951231E+3	1.162190E-7	1.239460E+4	0.000000E+0	0.000000E+0
3.955229E+3	1.162240E-7	1.239470E+4	0.000000E+0	0.000000E+0
3.959229E+3	1.162270E-7	1.239470E+4	0.000000E+0	0.000000E+0
3.963229E+3	1.162220E-7	1.239460E+4	0.000000E+0	0.000000E+0
3.967227E+3	1.162350E-7	1.239440E+4	0.000000E+0	0.000000E+0
3.971230E+3	1.162280E-7	1.239410E+4	0.000000E+0	0.000000E+0
3.975229E+3	1.162350E-7	1.239360E+4	0.000000E+0	0.000000E+0
3.979225E+3	1.162360E-7	1.239340E+4	0.000000E+0	0.000000E+0
3.983228E+3	1.162310E-7	1.239300E+4	0.000000E+0	0.000000E+0
3.987235E+3	1.162320E-7	1.239280E+4	0.000000E+0	0.000000E+0
3.991230E+3	1.162420E-7	1.239260E+4	0.000000E+0	0.000000E+0
3.995228E+3	1.162490E-7	1.239250E+4	0.000000E+0	0.000000E+0
3.999236E+3	1.162440E-7	1.239230E+4	0.000000E+0	0.000000E+0
4.003228E+3	1.162520E-7	1.239230E+4	0.000000E+0	0.000000E+0
4.007226E+3	1.162470E-7	1.239190E+4	0.000000E+0	0.000000E+0
4.011225E+3	1.162670E-7	1.239140E+4	0.000000E+0	0.000000E+0
4.015226E+3	1.162590E-7	1.239120E+4	0.000000E+0	0.000000E+0
4.019229E+3	1.162600E-7	1.239120E+4	0.000000E+0	0.000000E+0
4.023233E+3	1.162660E-7	1.239100E+4	0.000000E+0	0.000000E+0
4.027231E+3	1.162710E-7	1.239010E+4	0.000000E+0	0.000000E+0
4.031229E+3	1.162710E-7	1.238980E+4	0.000000E+0	0.000000E+0
4.035229E+3	1.162710E-7	1.238970E+4	0.000000E+0	0.000000E+0
4.039234E+3	1.162740E-7	1.238960E+4	0.000000E+0	0.000000E+0
4.043235E+3	1.162690E-7	1.238950E+4	0.000000E+0	0.000000E+0
4.047231E+3	1.162750E-7	1.238920E+4	0.000000E+0	0.000000E+0
4.051229E+3	1.162710E-7	1.238920E+4	0.000000E+0	0.000000E+0
4.055229E+3	1.162820E-7	1.238940E+4	0.000000E+0	0.000000E+0
4.059227E+3	1.162830E-7	1.238950E+4	0.000000E+0	0.000000E+0
4.063234E+3	1.162760E-7	1.238970E+4	0.000000E+0	0.000000E+0
4.067229E+3	1.162830E-7	1.239000E+4	0.000000E+0	0.000000E+0
4.071232E+3	1.162750E-7	1.239060E+4	0.000000E+0	0.000000E+0
4.075227E+3	1.162840E-7	1.239080E+4	0.000000E+0	0.000000E+0
4.079230E+3	1.162940E-7	1.239080E+4	0.000000E+0	0.000000E+0
4.083228E+3	1.162970E-7	1.239110E+4	0.000000E+0	0.000000E+0
4.087230E+3	1.162990E-7	1.239110E+4	0.000000E+0	0.000000E+0
4.091231E+3	1.162940E-7	1.239100E+4	0.000000E+0	0.000000E+0
4.095227E+3	1.163090E-7	1.239030E+4	0.000000E+0	0.000000E+0
4.099230E+3	1.163080E-7	1.238960E+4	0.000000E+0	0.000000E+0
4.103230E+3	1.163060E-7	1.238900E+4	0.000000E+0	0.000000E+0
4.107228E+3	1.163150E-7	1.238850E+4	0.000000E+0	0.000000E+0
4.111231E+3	1.163150E-7	1.238790E+4	0.000000E+0	0.000000E+0
4.115229E+3	1.163130E-7	1.238760E+4	0.000000E+0	0.000000E+0
4.119228E+3	1.163110E-7	1.238760E+4	0.000000E+0	0.000000E+0
4.123226E+3	1.163120E-7	1.238780E+4	0.000000E+0	0.000000E+0
4.127236E+3	1.163220E-7	1.238810E+4	0.000000E+0	0.000000E+0
4.131232E+3	1.163220E-7	1.238840E+4	0.000000E+0	0.000000E+0
4.135231E+3	1.163190E-7	1.238870E+4	0.000000E+0	0.000000E+0
4.139229E+3	1.163200E-7	1.238850E+4	0.000000E+0	0.000000E+0
4.143230E+3	1.163240E-7	1.238860E+4	0.000000E+0	0.000000E+0
4.147246E+3	1.163200E-7	1.238870E+4	0.000000E+0	0.000000E+0
4.151230E+3	1.163240E-7	1.238860E+4	0.000000E+0	0.000000E+0
4.155229E+3	1.163340E-7	1.238860E+4	0.000000E+0	0.000000E+0
4.159232E+3	1.163350E-7	1.238850E+4	0.000000E+0	0.000000E+0
4.163227E+3	1.163430E-7	1.238830E+4	0.000000E+0	0.000000E+0
4.167235E+3	1.163440E-7	1.238810E+4	0.000000E+0	0.000000E+0
4.171229E+3	1.163420E-7	1.238770E+4	0.000000E+0	0.000000E+0
4.175235E+3	1.163510E-7	1.238740E+4	0.000000E+0	0.000000E+0
4.179231E+3	1.163490E-7	1.238730E+4	0.000000E+0	0.000000E+0
4.183231E+3	1.163500E-7	1.238720E+4	0.000000E+0	0.000000E+0
4.187233E+3	1.163460E-7	1.238720E+4	0.000000E+0	0.000000E+0
4.191230E+3	1.163530E-7	1.238700E+4	0.000000E+0	0.000000E+0
4.195228E+3	1.163590E-7	1.238700E+4	0.000000E+0	0.000000E+0
4.199230E+3	1.163720E-7	1.238710E+4	0.000000E+0	0.000000E+0
4.203234E+3	1.163780E-7	1.238700E+4	0.000000E+0	0.000000E+0
4.207233E+3	1.163720E-7	1.238700E+4	0.000000E+0	0.000000E+0
4.211228E+3	1.163770E-7	1.238700E+4	0.000000E+0	0.000000E+0
4.215229E+3	1.163690E-7	1.238700E+4	0.000000E+0	0.000000E+0
4.219229E+3	1.163700E-7	1.238700E+4	0.000000E+0	0.000000E+0
4.223232E+3	1.163750E-7	1.238690E+4	0.000000E+0	0.000000E+0
4.227231E+3	1.163760E-7	1.238680E+4	0.000000E+0	0.000000E+0
4.231229E+3	1.163760E-7	1.238700E+4	0.000000E+0	0.000000E+0
4.235227E+3	1.163760E-7	1.238700E+4	0.000000E+0	0.000000E+0
4.239230E+3	1.163910E-7	1.238700E+4	0.000000E+0	0.000000E+0
4.243232E+3	1.163800E-7	1.238710E+4	0.000000E+0	0.000000E+0
4.247232E+3	1.163790E-7	1.238700E+4	0.000000E+0	0.000000E+0
4.251232E+3	1.163920E-7	1.238700E+4	0.000000E+0	0.000000E+0
4.255233E+3	1.163900E-7	1.238680E+4	0.000000E+0	0.000000E+0
4.259233E+3	1.163920E-7	1.238690E+4	0.000000E+0	0.000000E+0
4.263232E+3	1.163850E-7	1.238710E+4	0.000000E+0	0.000000E+0
4.267228E+3	1.164060E-7	1.238730E+4	0.000000E+0	0.000000E+0
4.271238E+3	1.164150E-7	1.238750E+4	0.000000E+0	0.000000E+0
4.275227E+3	1.164120E-7	1.238750E+4	0.000000E+0	0.000000E+0
4.279231E+3	1.164140E-7	1.238750E+4	0.000000E+0	0.000000E+0
4.283227E+3	1.164190E-7	1.238760E+4	0.000000E+0	0.000000E+0
4.287234E+3	1.164270E-7	1.238750E+4	0.000000E+0	0.000000E+0
4.291228E+3	1.164220E-7	1.238730E+4	0.000000E+0	0.000000E+0
4.295226E+3	1.164240E-7	1.238710E+4	0.000000E+0	0.000000E+0
4.299228E+3	1.164220E-7	1.238700E+4	0.000000E+0	0.000000E+0
4.303232E+3	1.164240E-7	1.238670E+4	0.000000E+0	0.000000E+0
4.307228E+3	1.164270E-7	1.238640E+4	0.000000E+0	0.000000E+0
4.311232E+3	1.164370E-7	1.238610E+4	0.000000E+0	0.000000E+0
4.315228E+3	1.164290E-7	1.238610E+4	0.000000E+0	0.000000E+0
4.319229E+3	1.164350E-7	1.238600E+4	0.000000E+0	0.000000E+0
4.323226E+3	1.164340E-7	1.238590E+4	0.000000E+0	0.000000E+0
4.327234E+3	1.164500E-7	1.238560E+4	0.000000E+0	0.000000E+0
4.331232E+3	1.164500E-7	1.238540E+4	0.000000E+0	0.000000E+0
4.335227E+3	1.164470E-7	1.238500E+4	0.000000E+0	0.000000E+0
4.339232E+3	1.164660E-7	1.238480E+4	0.000000E+0	0.000000E+0
4.343230E+3	1.164630E-7	1.238490E+4	0.000000E+0	0.000000E+0
4.347229E+3	1.164550E-7	1.238480E+4	0.000000E+0	0.000000E+0
4.351230E+3	1.164580E-7	1.238490E+4	0.000000E+0	0.000000E+0
4.355230E+3	1.164630E-7	1.238500E+4	0.000000E+0	0.000000E+0
4.359232E+3	1.164610E-7	1.238500E+4	0.000000E+0	0.000000E+0
4.363227E+3	1.164630E-7	1.238510E+4	0.000000E+0	0.000000E+0
4.367231E+3	1.164710E-7	1.238490E+4	0.000000E+0	0.000000E+0
4.371228E+3	1.164630E-7	1.238470E+4	0.000000E+0	0.000000E+0
4.375228E+3	1.164570E-7	1.238450E+4	0.000000E+0	0.000000E+0
4.379231E+3	1.164500E-7	1.238430E+4	0.000000E+0	0.000000E+0
4.383233E+3	1.164560E-7	1.238400E+4	0.000000E+0	0.000000E+0
4.387233E+3	1.164660E-7	1.238400E+4	0.000000E+0	0.000000E+0
4.391231E+3	1.164580E-7	1.238400E+4	0.000000E+0	0.000000E+0
4.395225E+3	1.164570E-7	1.238390E+4	0.000000E+0	0.000000E+0
4.399229E+3	1.164690E-7	1.238380E+4	0.000000E+0	0.000000E+0
4.403226E+3	1.164570E-7	1.238320E+4	0.000000E+0	0.000000E+0
4.407229E+3	1.164580E-7	1.238290E+4	0.000000E+0	0.000000E+0
4.411231E+3	1.164650E-7	1.238250E+4	0.000000E+0	0.000000E+0
4.415229E+3	1.164720E-7	1.238230E+4	0.000000E+0	0.000000E+0
4.419227E+3	1.164770E-7	1.238240E+4	0.000000E+0	0.000000E+0
4.423229E+3	1.164770E-7	1.238260E+4	0.000000E+0	0.000000E+0
4.427226E+3	1.164710E-7	1.238270E+4	0.000000E+0	0.000000E+0
4.431227E+3	1.164780E-7	1.238260E+4	0.000000E+0	0.000000E+0
4.435226E+3	1.164830E-7	1.238220E+4	0.000000E+0	0.000000E+0
4.439232E+3	1.164830E-7	1.238160E+4	0.000000E+0	0.000000E+0
4.443227E+3	1.165050E-7	1.238100E+4	0.000000E+0	0.000000E+0
4.447235E+3	1.164920E-7	1.238090E+4	0.000000E+0	0.000000E+0
4.451227E+3	1.165030E-7	1.238110E+4	0.000000E+0	0.000000E+0
4.455230E+3	1.165070E-7	1.238140E+4	0.000000E+0	0.000000E+0
4.459230E+3	1.165070E-7	1.238150E+4	0.000000E+0	0.000000E+0
4.463223E+3	1.165110E-7	1.238120E+4	0.000000E+0	0.000000E+0
4.467228E+3	1.165110E-7	1.238080E+4	0.000000E+0	0.000000E+0
4.471228E+3	1.165200E-7	1.238050E+4	0.000000E+0	0.000000E+0
4.475225E+3	1.165120E-7	1.238040E+4	0.000000E+0	0.000000E+0
4.479230E+3	1.165050E-7	1.238030E+4	0.000000E+0	0.000000E+0
4.483228E+3	1.165030E-7	1.238030E+4	0.000000E+0	0.000000E+0
4.487228E+3	1.165080E-7	1.238040E+4	0.000000E+0	0.000000E+0
4.491226E+3	1.165120E-7	1.238050E+4	0.000000E+0	0.000000E+0
4.495234E+3	1.165250E-7	1.238040E+4	0.000000E+0	0.000000E+0
4.499231E+3	1.165250E-7	1.238040E+4	0.000000E+0	0.000000E+0
4.503231E+3	1.165220E-7	1.238020E+4	0.000000E+0	0.000000E+0
4.507229E+3	1.165220E-7	1.238010E+4	0.000000E+0	0.000000E+0
4.511228E+3	1.165290E-7	1.238010E+4	0.000000E+0	0.000000E+0
4.515226E+3	1.165270E-7	1.238000E+4	0.000000E+0	0.000000E+0
4.519226E+3	1.165240E-7	1.238000E+4	0.000000E+0	0.000000E+0
4.523229E+3	1.165500E-7	1.237990E+4	0.000000E+0	0.000000E+0
4.527232E+3	1.165460E-7	1.238020E+4	0.000000E+0	0.000000E+0
4.531229E+3	1.165460E-7	1.238020E+4	0.000000E+0	0.000000E+0
4.535229E+3	1.165460E-7	1.238060E+4	0.000000E+0	0.000000E+0
4.539227E+3	1.165460E-7	1.238080E+4	0.000000E+0	0.000000E+0
4.543226E+3	1.165570E-7	1.238080E+4	0.000000E+0	0.000000E+0
4.547225E+3	1.165590E-7	1.238120E+4	0.000000E+0	0.000000E+0
4.551228E+3	1.165630E-7	1.238130E+4	0.000000E+0	0.000000E+0
4.555228E+3	1.165570E-7	1.238130E+4	0.000000E+0	0.000000E+0
4.559227E+3	1.165530E-7	1.238100E+4	0.000000E+0	0.000000E+0
4.563228E+3	1.165560E-7	1.238070E+4	0.000000E+0	0.000000E+0
4.567228E+3	1.165450E-7	1.238060E+4	0.000000E+0	0.000000E+0
4.571225E+3	1.165500E-7	1.238090E+4	0.000000E+0	0.000000E+0
4.575234E+3	1.165510E-7	1.238110E+4	0.000000E+0	0.000000E+0
4.579230E+3	1.165590E-7	1.238120E+4	0.000000E+0	0.000000E+0
4.583228E+3	1.165570E-7	1.238120E+4	0.000000E+0	0.000000E+0
4.587225E+3	1.165690E-7	1.238110E+4	0.000000E+0	0.000000E+0
4.591226E+3	1.165540E-7	1.238090E+4	0.000000E+0	0.000000E+0
4.595229E+3	1.165650E-7	1.238070E+4	0.000000E+0	0.000000E+0
4.599229E+3	1.165700E-7	1.238040E+4	0.000000E+0	0.000000E+0
4.603228E+3	1.165740E-7	1.238040E+4	0.000000E+0	0.000000E+0
4.607229E+3	1.165660E-7	1.238030E+4	0.000000E+0	0.000000E+0
4.611227E+3	1.165750E-7	1.238020E+4	0.000000E+0	0.000000E+0
4.615227E+3	1.165800E-7	1.238020E+4	0.000000E+0	0.000000E+0
4.619222E+3	1.165820E-7	1.238010E+4	0.000000E+0	0.000000E+0
4.623232E+3	1.165790E-7	1.237990E+4	0.000000E+0	0.000000E+0
4.627229E+3	1.165810E-7	1.238010E+4	0.000000E+0	0.000000E+0
4.631230E+3	1.165850E-7	1.238000E+4	0.000000E+0	0.000000E+0
4.635230E+3	1.165860E-7	1.237980E+4	0.000000E+0	0.000000E+0
4.639233E+3	1.165860E-7	1.237970E+4	0.000000E+0	0.000000E+0
4.643230E+3	1.165910E-7	1.237920E+4	0.000000E+0	0.000000E+0
4.647230E+3	1.165970E-7	1.237890E+4	0.000000E+0	0.000000E+0
4.651228E+3	1.165960E-7	1.237870E+4	0.000000E+0	0.000000E+0
4.655236E+3	1.165950E-7	1.237850E+4	0.000000E+0	0.000000E+0
4.659225E+3	1.165940E-7	1.237820E+4	0.000000E+0	0.000000E+0
4.663225E+3	1.166040E-7	1.237800E+4	0.000000E+0	0.000000E+0
4.667225E+3	1.166020E-7	1.237780E+4	0.000000E+0	0.000000E+0
4.671235E+3	1.166120E-7	1.237770E+4	0.000000E+0	0.000000E+0
4.675228E+3	1.165920E-7	1.237770E+4	0.000000E+0	0.000000E+0
4.679229E+3	1.166100E-7	1.237750E+4	0.000000E+0	0.000000E+0
4.683226E+3	1.166110E-7	1.237730E+4	0.000000E+0	0.000000E+0
4.687231E+3	1.166150E-7	1.237710E+4	0.000000E+0	0.000000E+0
4.691226E+3	1.166060E-7	1.237710E+4	0.000000E+0	0.000000E+0
4.695229E+3	1.166140E-7	1.237720E+4	0.000000E+0	0.000000E+0
4.699227E+3	1.166190E-7	1.237720E+4	0.000000E+0	0.000000E+0
4.703230E+3	1.166160E-7	1.237730E+4	0.000000E+0	0.000000E+0
4.707229E+3	1.166130E-7	1.237710E+4	0.000000E+0	0.000000E+0
4.711229E+3	1.166230E-7	1.237690E+4	0.000000E+0	0.000000E+0
4.715226E+3	1.166340E-7	1.237700E+4	0.000000E+0	0.000000E+0
4.719233E+3	1.166340E-7	1.237700E+4	0.000000E+0	0.000000E+0
4.723229E+3	1.166310E-7	1.237690E+4	0.000000E+0	0.000000E+0
4.727230E+3	1.166460E-7	1.237680E+4	0.000000E+0	0.000000E+0
4.731227E+3	1.166470E-7	1.237660E+4	0.000000E+0	0.000000E+0
4.735233E+3	1.166430E-7	1.237640E+4	0.000000E+0	0.000000E+0
4.739225E+3	1.166410E-7	1.237630E+4	0.000000E+0	0.000000E+0
4.743231E+3	1.166480E-7	1.237630E+4	0.000000E+0	0.000000E+0
4.747231E+3	1.166480E-7	1.237630E+4	0.000000E+0	0.000000E+0
4.751235E+3	1.166430E-7	1.237580E+4	0.000000E+0	0.000000E+0
4.755228E+3	1.166450E-7	1.237570E+4	0.000000E+0	0.000000E+0
4.759238E+3	1.166500E-7	1.237540E+4	0.000000E+0	0.000000E+0
4.763228E+3	1.166560E-7	1.237500E+4	0.000000E+0	0.000000E+0
4.767230E+3	1.166660E-7	1.237480E+4	0.000000E+0	0.000000E+0
4.771231E+3	1.166480E-7	1.237470E+4	0.000000E+0	0.000000E+0
4.775229E+3	1.166610E-7	1.237470E+4	0.000000E+0	0.000000E+0
4.779229E+3	1.166620E-7	1.237460E+4	0.000000E+0	0.000000E+0
4.783234E+3	1.166660E-7	1.237450E+4	0.000000E+0	0.000000E+0
4.787232E+3	1.166600E-7	1.237460E+4	0.000000E+0	0.000000E+0
4.791231E+3	1.166530E-7	1.237430E+4	0.000000E+0	0.000000E+0
4.795227E+3	1.166660E-7	1.237380E+4	0.000000E+0	0.000000E+0
4.799227E+3	1.166760E-7	1.237360E+4	0.000000E+0	0.000000E+0
4.803229E+3	1.166720E-7	1.237380E+4	0.000000E+0	0.000000E+0
4.807234E+3	1.166740E-7	1.237380E+4	0.000000E+0	0.000000E+0
4.811227E+3	1.166780E-7	1.237360E+4	0.000000E+0	0.000000E+0
4.815229E+3	1.166820E-7	1.237340E+4	0.000000E+0	0.000000E+0
4.819227E+3	1.166810E-7	1.237320E+4	0.000000E+0	0.000000E+0
4.823232E+3	1.166930E-7	1.237330E+4	0.000000E+0	0.000000E+0
4.827225E+3	1.166840E-7	1.237310E+4	0.000000E+0	0.000000E+0
4.831228E+3	1.166920E-7	1.237300E+4	0.000000E+0	0.000000E+0
4.835227E+3	1.166860E-7	1.237290E+4	0.000000E+0	0.000000E+0
4.839233E+3	1.166970E-7	1.237290E+4	0.000000E+0	0.000000E+0
4.843228E+3	1.166980E-7	1.237300E+4	0.000000E+0	0.000000E+0
4.847235E+3	1.167060E-7	1.237280E+4	0.000000E+0	0.000000E+0
4.851228E+3	1.166990E-7	1.237280E+4	0.000000E+0	0.000000E+0
4.855231E+3	1.167030E-7	1.237270E+4	0.000000E+0	0.000000E+0
4.859226E+3	1.167060E-7	1.237300E+4	0.000000E+0	0.000000E+0
4.863229E+3	1.167040E-7	1.237310E+4	0.000000E+0	0.000000E+0
4.867228E+3	1.167040E-7	1.237310E+4	0.000000E+0	0.000000E+0
4.871228E+3	1.167060E-7	1.237280E+4	0.000000E+0	0.000000E+0
4.875228E+3	1.167110E-7	1.237230E+4	0.000000E+0	0.000000E+0
4.879231E+3	1.167170E-7	1.237210E+4	0.000000E+0	0.000000E+0
4.883231E+3	1.167120E-7	1.237190E+4	0.000000E+0	0.000000E+0
4.887229E+3	1.167180E-7	1.237160E+4	0.000000E+0	0.000000E+0
4.891227E+3	1.167220E-7	1.237140E+4	0.000000E+0	0.000000E+0
4.895230E+3	1.167170E-7	1.237090E+4	0.000000E+0	0.000000E+0
4.899229E+3	1.167240E-7	1.237060E+4	0.000000E+0	0.000000E+0
4.903232E+3	1.167300E-7	1.237060E+4	0.000000E+0	0.000000E+0
4.907227E+3	1.167330E-7	1.237050E+4	0.000000E+0	0.000000E+0
4.911235E+3	1.167340E-7	1.237030E+4	0.000000E+0	0.000000E+0
4.915230E+3	1.167380E-7	1.237010E+4	0.000000E+0	0.000000E+0
4.919229E+3	1.167470E-7	1.236990E+4	0.000000E+0	0.000000E+0
4.923227E+3	1.167530E-7	1.236970E+4	0.000000E+0	0.000000E+0
4.927228E+3	1.167500E-7	1.236940E+4	0.000000E+0	0.000000E+0
4.931235E+3	1.167450E-7	1.236940E+4	0.000000E+0	0.000000E+0
4.935233E+3	1.167630E-7	1.236930E+4	0.000000E+0	0.000000E+0
4.939230E+3	1.167610E-7	1.236930E+4	0.000000E+0	0.000000E+0
4.943233E+3	1.167670E-7	1.236940E+4	0.000000E+0	0.000000E+0
4.947231E+3	1.167580E-7	1.236940E+4	0.000000E+0	0.000000E+0
4.951225E+3	1.167610E-7	1.236960E+4	0.000000E+0	0.000000E+0
4.955231E+3	1.167660E-7	1.236970E+4	0.000000E+0	0.000000E+0
4.959233E+3	1.167650E-7	1.237010E+4	0.000000E+0	0.000000E+0
4.963229E+3	1.167570E-7	1.237010E+4	0.000000E+0	0.000000E+0
4.967236E+3	1.167750E-7	1.237040E+4	0.000000E+0	0.000000E+0
4.971232E+3	1.167830E-7	1.237060E+4	0.000000E+0	0.000000E+0
4.975228E+3	1.167720E-7	1.237090E+4	0.000000E+0	0.000000E+0
4.979229E+3	1.167860E-7	1.237100E+4	0.000000E+0	0.000000E+0
4.983232E+3	1.167820E-7	1.237110E+4	0.000000E+0	0.000000E+0
4.987231E+3	1.167760E-7	1.237100E+4	0.000000E+0	0.000000E+0
4.991231E+3	1.167710E-7	1.237110E+4	0.000000E+0	0.000000E+0
4.995229E+3	1.167730E-7	1.237110E+4	0.000000E+0	0.000000E+0
4.999232E+3	1.167750E-7	1.237110E+4	0.000000E+0	0.000000E+0
5.003233E+3	1.167860E-7	1.237110E+4	0.000000E+0	0.000000E+0
5.007235E+3	1.167840E-7	1.237110E+4	0.000000E+0	0.000000E+0
5.011232E+3	1.167750E-7	1.237130E+4	0.000000E+0	0.000000E+0
5.015230E+3	1.167850E-7	1.237140E+4	0.000000E+0	0.000000E+0
5.019228E+3	1.167920E-7	1.237150E+4	0.000000E+0	0.000000E+0
5.023236E+3	1.168010E-7	1.237160E+4	0.000000E+0	0.000000E+0
5.027230E+3	1.167940E-7	1.237150E+4	0.000000E+0	0.000000E+0
5.031228E+3	1.167970E-7	1.237130E+4	0.000000E+0	0.000000E+0
5.035231E+3	1.167960E-7	1.237110E+4	0.000000E+0	0.000000E+0
5.039227E+3	1.168030E-7	1.237100E+4	0.000000E+0	0.000000E+0
5.043233E+3	1.167930E-7	1.237090E+4	0.000000E+0	0.000000E+0
5.047236E+3	1.168010E-7	1.237070E+4	0.000000E+0	0.000000E+0
5.051231E+3	1.168070E-7	1.237060E+4	0.000000E+0	0.000000E+0
5.055231E+3	1.168080E-7	1.237050E+4	0.000000E+0	0.000000E+0
5.059233E+3	1.168310E-7	1.237040E+4	0.000000E+0	0.000000E+0
5.063231E+3	1.168090E-7	1.237030E+4	0.000000E+0	0.000000E+0
5.067229E+3	1.168180E-7	1.237010E+4	0.000000E+0	0.000000E+0
5.071263E+3	1.168180E-7	1.237000E+4	0.000000E+0	0.000000E+0
5.075212E+3	1.168130E-7	1.237000E+4	0.000000E+0	0.000000E+0
5.079224E+3	1.168190E-7	1.236980E+4	0.000000E+0	0.000000E+0
5.083232E+3	1.168280E-7	1.236980E+4	0.000000E+0	0.000000E+0
5.087227E+3	1.168250E-7	1.236960E+4	0.000000E+0	0.000000E+0
5.091230E+3	1.168310E-7	1.236950E+4	0.000000E+0	0.000000E+0
5.095227E+3	1.168200E-7	1.236930E+4	0.000000E+0	0.000000E+0
5.099229E+3	1.168140E-7	1.236940E+4	0.000000E+0	0.000000E+0
5.103230E+3	1.168370E-7	1.236950E+4	0.000000E+0	0.000000E+0
5.107232E+3	1.168280E-7	1.236970E+4	0.000000E+0	0.000000E+0
5.111228E+3	1.168370E-7	1.236970E+4	0.000000E+0	0.000000E+0
5.115228E+3	1.168400E-7	1.236980E+4	0.000000E+0	0.000000E+0
5.119228E+3	1.168290E-7	1.237000E+4	0.000000E+0	0.000000E+0
5.123233E+3	1.168440E-7	1.237020E+4	0.000000E+0	0.000000E+0
5.127227E+3	1.168380E-7	1.237030E+4	0.000000E+0	0.000000E+0
5.131233E+3	1.168420E-7	1.237020E+4	0.000000E+0	0.000000E+0
5.135212E+3	1.168220E-7	1.237010E+4	0.000000E+0	0.000000E+0
5.139245E+3	1.168400E-7	1.237010E+4	0.000000E+0	0.000000E+0
5.143231E+3	1.168480E-7	1.236990E+4	0.000000E+0	0.000000E+0
5.147226E+3	1.168470E-7	1.236970E+4	0.000000E+0	0.000000E+0
5.151226E+3	1.168470E-7	1.236950E+4	0.000000E+0	0.000000E+0
5.155229E+3	1.168450E-7	1.236920E+4	0.000000E+0	0.000000E+0
5.159225E+3	1.168610E-7	1.236890E+4	0.000000E+0	0.000000E+0
5.163234E+3	1.168910E-7	1.236880E+4	0.000000E+0	0.000000E+0
5.167234E+3	1.168840E-7	1.236850E+4	0.000000E+0	0.000000E+0
5.171228E+3	1.168660E-7	1.236820E+4	0.000000E+0	0.000000E+0
5.175235E+3	1.168580E-7	1.236800E+4	0.000000E+0	0.000000E+0
5.179216E+3	1.168560E-7	1.236780E+4	0.000000E+0	0.000000E+0
5.183230E+3	1.168670E-7	1.236760E+4	0.000000E+0	0.000000E+0
5.187229E+3	1.168670E-7	1.236720E+4	0.000000E+0	0.000000E+0
5.191230E+3	1.168690E-7	1.236680E+4	0.000000E+0	0.000000E+0
5.195232E+3	1.168770E-7	1.236650E+4	0.000000E+0	0.000000E+0
5.199230E+3	1.168860E-7	1.236640E+4	0.000000E+0	0.000000E+0
5.203230E+3	1.168910E-7	1.236670E+4	0.000000E+0	0.000000E+0
5.207230E+3	1.168850E-7	1.236680E+4	0.000000E+0	0.000000E+0
5.211233E+3	1.168850E-7	1.236670E+4	0.000000E+0	0.000000E+0
5.215232E+3	1.168910E-7	1.236720E+4	0.000000E+0	0.000000E+0
5.219230E+3	1.168970E-7	1.236750E+4	0.000000E+0	0.000000E+0
5.223227E+3	1.168990E-7	1.236780E+4	0.000000E+0	0.000000E+0
5.227234E+3	1.169020E-7	1.236790E+4	0.000000E+0	0.000000E+0
5.231230E+3	1.169010E-7	1.236780E+4	0.000000E+0	0.000000E+0
5.235233E+3	1.169020E-7	1.236770E+4	0.000000E+0	0.000000E+0
5.239231E+3	1.169070E-7	1.236770E+4	0.000000E+0	0.000000E+0
5.243231E+3	1.169020E-7	1.236760E+4	0.000000E+0	0.000000E+0
5.247231E+3	1.169060E-7	1.236750E+4	0.000000E+0	0.000000E+0
5.251229E+3	1.169120E-7	1.236730E+4	0.000000E+0	0.000000E+0
5.255228E+3	1.169060E-7	1.236710E+4	0.000000E+0	0.000000E+0
5.259231E+3	1.169120E-7	1.236700E+4	0.000000E+0	0.000000E+0
5.263231E+3	1.169200E-7	1.236710E+4	0.000000E+0	0.000000E+0
5.267229E+3	1.169310E-7	1.236730E+4	0.000000E+0	0.000000E+0
5.271226E+3	1.169280E-7	1.236740E+4	0.000000E+0	0.000000E+0
5.275232E+3	1.169300E-7	1.236750E+4	0.000000E+0	0.000000E+0
5.279229E+3	1.169260E-7	1.236760E+4	0.000000E+0	0.000000E+0
5.283229E+3	1.169260E-7	1.236740E+4	0.000000E+0	0.000000E+0
5.287229E+3	1.169250E-7	1.236740E+4	0.000000E+0	0.000000E+0
5.291230E+3	1.169300E-7	1.236730E+4	0.000000E+0	0.000000E+0
5.295229E+3	1.169290E-7	1.236710E+4	0.000000E+0	0.000000E+0
5.299230E+3	1.169380E-7	1.236690E+4	0.000000E+0	0.000000E+0
5.303228E+3	1.169390E-7	1.236700E+4	0.000000E+0	0.000000E+0
5.307236E+3	1.169350E-7	1.236680E+4	0.000000E+0	0.000000E+0
5.311233E+3	1.169330E-7	1.236670E+4	0.000000E+0	0.000000E+0
5.315230E+3	1.169470E-7	1.236660E+4	0.000000E+0	0.000000E+0
5.319227E+3	1.169300E-7	1.236660E+4	0.000000E+0	0.000000E+0
5.323230E+3	1.169460E-7	1.236670E+4	0.000000E+0	0.000000E+0
5.327233E+3	1.169400E-7	1.236650E+4	0.000000E+0	0.000000E+0
5.331231E+3	1.169470E-7	1.236640E+4	0.000000E+0	0.000000E+0
5.335231E+3	1.169510E-7	1.236660E+4	0.000000E+0	0.000000E+0
5.339233E+3	1.169520E-7	1.236640E+4	0.000000E+0	0.000000E+0
5.343233E+3	1.169520E-7	1.236650E+4	0.000000E+0	0.000000E+0
5.347231E+3	1.169560E-7	1.236650E+4	0.000000E+0	0.000000E+0
5.351229E+3	1.169480E-7	1.236640E+4	0.000000E+0	0.000000E+0
5.355231E+3	1.169650E-7	1.236630E+4	0.000000E+0	0.000000E+0
5.359232E+3	1.169610E-7	1.236610E+4	0.000000E+0	0.000000E+0
5.363231E+3	1.169600E-7	1.236610E+4	0.000000E+0	0.000000E+0
5.367229E+3	1.169730E-7	1.236610E+4	0.000000E+0	0.000000E+0
5.371237E+3	1.169690E-7	1.236600E+4	0.000000E+0	0.000000E+0
5.375211E+3	1.169680E-7	1.236580E+4	0.000000E+0	0.000000E+0
5.379222E+3	1.169690E-7	1.236580E+4	0.000000E+0	0.000000E+0
5.383232E+3	1.169770E-7	1.236550E+4	0.000000E+0	0.000000E+0
5.387232E+3	1.169730E-7	1.236530E+4	0.000000E+0	0.000000E+0
5.391230E+3	1.169830E-7	1.236470E+4	0.000000E+0	0.000000E+0
5.395230E+3	1.169750E-7	1.236440E+4	0.000000E+0	0.000000E+0
5.399230E+3	1.169810E-7	1.236430E+4	0.000000E+0	0.000000E+0
5.403229E+3	1.169690E-7	1.236430E+4	0.000000E+0	0.000000E+0
5.407233E+3	1.169870E-7	1.236430E+4	0.000000E+0	0.000000E+0
5.411231E+3	1.169760E-7	1.236430E+4	0.000000E+0	0.000000E+0
5.415233E+3	1.169740E-7	1.236400E+4	0.000000E+0	0.000000E+0
5.419231E+3	1.169830E-7	1.236370E+4	0.000000E+0	0.000000E+0
5.423233E+3	1.169900E-7	1.236370E+4	0.000000E+0	0.000000E+0
5.427225E+3	1.169860E-7	1.236360E+4	0.000000E+0	0.000000E+0
5.431231E+3	1.169840E-7	1.236360E+4	0.000000E+0	0.000000E+0
5.435229E+3	1.169890E-7	1.236360E+4	0.000000E+0	0.000000E+0
5.439228E+3	1.170000E-7	1.236340E+4	0.000000E+0	0.000000E+0
5.443229E+3	1.169940E-7	1.236300E+4	0.000000E+0	0.000000E+0
5.447235E+3	1.170070E-7	1.236300E+4	0.000000E+0	0.000000E+0
5.451232E+3	1.169970E-7	1.236310E+4	0.000000E+0	0.000000E+0
5.455230E+3	1.169970E-7	1.236330E+4	0.000000E+0	0.000000E+0
5.459229E+3	1.170120E-7	1.236330E+4	0.000000E+0	0.000000E+0
5.463226E+3	1.170060E-7	1.236340E+4	0.000000E+0	0.000000E+0
5.467226E+3	1.170140E-7	1.236340E+4	0.000000E+0	0.000000E+0
5.471228E+3	1.170200E-7	1.236340E+4	0.000000E+0	0.000000E+0
5.475232E+3	1.170120E-7	1.236320E+4	0.000000E+0	0.000000E+0
5.479232E+3	1.170120E-7	1.236320E+4	0.000000E+0	0.000000E+0
5.483230E+3	1.170220E-7	1.236310E+4	0.000000E+0	0.000000E+0
5.487228E+3	1.170220E-7	1.236320E+4	0.000000E+0	0.000000E+0
5.491228E+3	1.170170E-7	1.236310E+4	0.000000E+0	0.000000E+0
5.495231E+3	1.170250E-7	1.236310E+4	0.000000E+0	0.000000E+0
5.499233E+3	1.170300E-7	1.236290E+4	0.000000E+0	0.000000E+0
5.503233E+3	1.170340E-7	1.236260E+4	0.000000E+0	0.000000E+0
5.507231E+3	1.170350E-7	1.236250E+4	0.000000E+0	0.000000E+0
5.511230E+3	1.170330E-7	1.236230E+4	0.000000E+0	0.000000E+0
5.515228E+3	1.170350E-7	1.236250E+4	0.000000E+0	0.000000E+0
5.519231E+3	1.170450E-7	1.236270E+4	0.000000E+0	0.000000E+0
5.523229E+3	1.170420E-7	1.236260E+4	0.000000E+0	0.000000E+0
5.527229E+3	1.170400E-7	1.236260E+4	0.000000E+0	0.000000E+0
5.531228E+3	1.170430E-7	1.236250E+4	0.000000E+0	0.000000E+0
5.535230E+3	1.170470E-7	1.236240E+4	0.000000E+0	0.000000E+0
5.539231E+3	1.170460E-7	1.236220E+4	0.000000E+0	0.000000E+0
5.543231E+3	1.170470E-7	1.236190E+4	0.000000E+0	0.000000E+0
5.547226E+3	1.170450E-7	1.236160E+4	0.000000E+0	0.000000E+0
5.551229E+3	1.170530E-7	1.236130E+4	0.000000E+0	0.000000E+0
5.555227E+3	1.170470E-7	1.236050E+4	0.000000E+0	0.000000E+0
5.559234E+3	1.170520E-7	1.236010E+4	0.000000E+0	0.000000E+0
5.563230E+3	1.170560E-7	1.235990E+4	0.000000E+0	0.000000E+0
5.567232E+3	1.170630E-7	1.235970E+4	0.000000E+0	0.000000E+0
5.571232E+3	1.170620E-7	1.235940E+4	0.000000E+0	0.000000E+0
5.575235E+3	1.170680E-7	1.235920E+4	0.000000E+0	0.000000E+0
5.579230E+3	1.170640E-7	1.235910E+4	0.000000E+0	0.000000E+0
5.583233E+3	1.170730E-7	1.235920E+4	0.000000E+0	0.000000E+0
5.587232E+3	1.170800E-7	1.235920E+4	0.000000E+0	0.000000E+0
5.591233E+3	1.170800E-7	1.235920E+4	0.000000E+0	0.000000E+0
5.595215E+3	1.170730E-7	1.235930E+4	0.000000E+0	0.000000E+0
5.599230E+3	1.170770E-7	1.235940E+4	0.000000E+0	0.000000E+0
5.603236E+3	1.170850E-7	1.235930E+4	0.000000E+0	0.000000E+0
5.607233E+3	1.170840E-7	1.235930E+4	0.000000E+0	0.000000E+0
5.611231E+3	1.170740E-7	1.235930E+4	0.000000E+0	0.000000E+0
5.615229E+3	1.170880E-7	1.235960E+4	0.000000E+0	0.000000E+0
5.619232E+3	1.170880E-7	1.235970E+4	0.000000E+0	0.000000E+0
5.623228E+3	1.170920E-7	1.235970E+4	0.000000E+0	0.000000E+0
5.627228E+3	1.170910E-7	1.235970E+4	0.000000E+0	0.000000E+0
5.631231E+3	1.170870E-7	1.235960E+4	0.000000E+0	0.000000E+0
5.635234E+3	1.170960E-7	1.235960E+4	0.000000E+0	0.000000E+0
5.639234E+3	1.170860E-7	1.235940E+4	0.000000E+0	0.000000E+0
5.643232E+3	1.170920E-7	1.235920E+4	0.000000E+0	0.000000E+0
5.647250E+3	1.171010E-7	1.235910E+4	0.000000E+0	0.000000E+0
5.651232E+3	1.171040E-7	1.235900E+4	0.000000E+0	0.000000E+0
5.655229E+3	1.170990E-7	1.235880E+4	0.000000E+0	0.000000E+0
5.659232E+3	1.171050E-7	1.235840E+4	0.000000E+0	0.000000E+0
5.663230E+3	1.170930E-7	1.235830E+4	0.000000E+0	0.000000E+0
5.667232E+3	1.171060E-7	1.235820E+4	0.000000E+0	0.000000E+0
5.671230E+3	1.171060E-7	1.235780E+4	0.000000E+0	0.000000E+0
5.675235E+3	1.171180E-7	1.235780E+4	0.000000E+0	0.000000E+0
5.679227E+3	1.171100E-7	1.235750E+4	0.000000E+0	0.000000E+0
5.683233E+3	1.171100E-7	1.235760E+4	0.000000E+0	0.000000E+0
5.687228E+3	1.171130E-7	1.235740E+4	0.000000E+0	0.000000E+0
5.691235E+3	1.171200E-7	1.235750E+4	0.000000E+0	0.000000E+0
5.695226E+3	1.171220E-7	1.235750E+4	0.000000E+0	0.000000E+0
5.699237E+3	1.171360E-7	1.235760E+4	0.000000E+0	0.000000E+0
5.703213E+3	1.171240E-7	1.235750E+4	0.000000E+0	0.000000E+0
5.707226E+3	1.171230E-7	1.235740E+4	0.000000E+0	0.000000E+0
5.711237E+3	1.171470E-7	1.235730E+4	0.000000E+0	0.000000E+0
5.715212E+3	1.171530E-7	1.235710E+4	0.000000E+0	0.000000E+0
5.719223E+3	1.171570E-7	1.235700E+4	0.000000E+0	0.000000E+0
5.723234E+3	1.171550E-7	1.235700E+4	0.000000E+0	0.000000E+0
5.727215E+3	1.171500E-7	1.235690E+4	0.000000E+0	0.000000E+0
5.731229E+3	1.171510E-7	1.235650E+4	0.000000E+0	0.000000E+0
5.735227E+3	1.171490E-7	1.235640E+4	0.000000E+0	0.000000E+0
5.739227E+3	1.171430E-7	1.235630E+4	0.000000E+0	0.000000E+0
5.743234E+3	1.171520E-7	1.235620E+4	0.000000E+0	0.000000E+0
5.747232E+3	1.171490E-7	1.235630E+4	0.000000E+0	0.000000E+0
5.751232E+3	1.171620E-7	1.235640E+4	0.000000E+0	0.000000E+0
5.755230E+3	1.171600E-7	1.235660E+4	0.000000E+0	0.000000E+0
5.759232E+3	1.171610E-7	1.235670E+4	0.000000E+0	0.000000E+0
5.763232E+3	1.171690E-7	1.235690E+4	0.000000E+0	0.000000E+0
5.767235E+3	1.171730E-7	1.235670E+4	0.000000E+0	0.000000E+0
5.771230E+3	1.171750E-7	1.235660E+4	0.000000E+0	0.000000E+0
5.775233E+3	1.171840E-7	1.235660E+4	0.000000E+0	0.000000E+0
5.779228E+3	1.171880E-7	1.235650E+4	0.000000E+0	0.000000E+0
5.783228E+3	1.171780E-7	1.235650E+4	0.000000E+0	0.000000E+0
5.787231E+3	1.171860E-7	1.235650E+4	0.000000E+0	0.000000E+0
5.791234E+3	1.171870E-7	1.235630E+4	0.000000E+0	0.000000E+0
5.795233E+3	1.171860E-7	1.235610E+4	0.000000E+0	0.000000E+0
5.799231E+3	1.171850E-7	1.235590E+4	0.000000E+0	0.000000E+0
5.803229E+3	1.171840E-7	1.235560E+4	0.000000E+0	0.000000E+0
5.807231E+3	1.171890E-7	1.235530E+4	0.000000E+0	0.000000E+0
5.811231E+3	1.171850E-7	1.235510E+4	0.000000E+0	0.000000E+0
5.815231E+3	1.171800E-7	1.235520E+4	0.000000E+0	0.000000E+0
5.819226E+3	1.171910E-7	1.235540E+4	0.000000E+0	0.000000E+0
5.823235E+3	1.171850E-7	1.235550E+4	0.000000E+0	0.000000E+0
5.827231E+3	1.171930E-7	1.235550E+4	0.000000E+0	0.000000E+0
5.831232E+3	1.171910E-7	1.235530E+4	0.000000E+0	0.000000E+0
5.835229E+3	1.171950E-7	1.235550E+4	0.000000E+0	0.000000E+0
5.839230E+3	1.171910E-7	1.235560E+4	0.000000E+0	0.000000E+0
5.843232E+3	1.171950E-7	1.235560E+4	0.000000E+0	0.000000E+0
5.847230E+3	1.171920E-7	1.235570E+4	0.000000E+0	0.000000E+0
5.851229E+3	1.171990E-7	1.235570E+4	0.000000E+0	0.000000E+0
5.855235E+3	1.172060E-7	1.235550E+4	0.000000E+0	0.000000E+0
5.859208E+3	1.172020E-7	1.235510E+4	0.000000E+0	0.000000E+0
5.863224E+3	1.172000E-7	1.235460E+4	0.000000E+0	0.000000E+0
5.867230E+3	1.172130E-7	1.235400E+4	0.000000E+0	0.000000E+0
5.871228E+3	1.172160E-7	1.235340E+4	0.000000E+0	0.000000E+0
5.875231E+3	1.172290E-7	1.235290E+4	0.000000E+0	0.000000E+0
5.879227E+3	1.172270E-7	1.235250E+4	0.000000E+0	0.000000E+0
5.883233E+3	1.172290E-7	1.235250E+4	0.000000E+0	0.000000E+0
5.887231E+3	1.172300E-7	1.235190E+4	0.000000E+0	0.000000E+0
5.891228E+3	1.172280E-7	1.235150E+4	0.000000E+0	0.000000E+0
5.895229E+3	1.172290E-7	1.235120E+4	0.000000E+0	0.000000E+0
5.899229E+3	1.172260E-7	1.235110E+4	0.000000E+0	0.000000E+0
5.903229E+3	1.172320E-7	1.235120E+4	0.000000E+0	0.000000E+0
5.907232E+3	1.172300E-7	1.235140E+4	0.000000E+0	0.000000E+0
5.911231E+3	1.172240E-7	1.235190E+4	0.000000E+0	0.000000E+0
5.915227E+3	1.172380E-7	1.235220E+4	0.000000E+0	0.000000E+0
5.919227E+3	1.172340E-7	1.235240E+4	0.000000E+0	0.000000E+0
5.923230E+3	1.172390E-7	1.235260E+4	0.000000E+0	0.000000E+0
5.927227E+3	1.172340E-7	1.235260E+4	0.000000E+0	0.000000E+0
5.931230E+3	1.172430E-7	1.235250E+4	0.000000E+0	0.000000E+0
5.935229E+3	1.172510E-7	1.235230E+4	0.000000E+0	0.000000E+0
5.939229E+3	1.172410E-7	1.235240E+4	0.000000E+0	0.000000E+0
5.943229E+3	1.172420E-7	1.235260E+4	0.000000E+0	0.000000E+0
5.947239E+3	1.172470E-7	1.235260E+4	0.000000E+0	0.000000E+0
5.951228E+3	1.172550E-7	1.235260E+4	0.000000E+0	0.000000E+0
5.955233E+3	1.172610E-7	1.235260E+4	0.000000E+0	0.000000E+0
5.959212E+3	1.172620E-7	1.235250E+4	0.000000E+0	0.000000E+0
5.963226E+3	1.172470E-7	1.235230E+4	0.000000E+0	0.000000E+0
5.967233E+3	1.172510E-7	1.235210E+4	0.000000E+0	0.000000E+0
5.971214E+3	1.172500E-7	1.235200E+4	0.000000E+0	0.000000E+0
5.975223E+3	1.172720E-7	1.235200E+4	0.000000E+0	0.000000E+0
5.979230E+3	1.172720E-7	1.235190E+4	0.000000E+0	0.000000E+0
5.983228E+3	1.172740E-7	1.235200E+4	0.000000E+0	0.000000E+0
5.987228E+3	1.172720E-7	1.235200E+4	0.000000E+0	0.000000E+0
5.991229E+3	1.172730E-7	1.235190E+4	0.000000E+0	0.000000E+0
5.995234E+3	1.172810E-7	1.235140E+4	0.000000E+0	0.000000E+0
5.999231E+3	1.172740E-7	1.235120E+4	0.000000E+0	0.000000E+0
6.003231E+3	1.172800E-7	1.235100E+4	0.000000E+0	0.000000E+0
6.007229E+3	1.172780E-7	1.235080E+4	0.000000E+0	0.000000E+0
6.011231E+3	1.172800E-7	1.235070E+4	0.000000E+0	0.000000E+0
6.015234E+3	1.172720E-7	1.235070E+4	0.000000E+0	0.000000E+0
6.019230E+3	1.172770E-7	1.235060E+4	0.000000E+0	0.000000E+0
6.023227E+3	1.172850E-7	1.235030E+4	0.000000E+0	0.000000E+0
6.027238E+3	1.172830E-7	1.235010E+4	0.000000E+0	0.000000E+0
6.031210E+3	1.172910E-7	1.234990E+4	0.000000E+0	0.000000E+0
6.035222E+3	1.172900E-7	1.235010E+4	0.000000E+0	0.000000E+0
6.039233E+3	1.173050E-7	1.234990E+4	0.000000E+0	0.000000E+0
6.043231E+3	1.173010E-7	1.234990E+4	0.000000E+0	0.000000E+0
6.047232E+3	1.173020E-7	1.234970E+4	0.000000E+0	0.000000E+0
6.051230E+3	1.172980E-7	1.234960E+4	0.000000E+0	0.000000E+0
6.055228E+3	1.173180E-7	1.234950E+4	0.000000E+0	0.000000E+0
6.059230E+3	1.173060E-7	1.234930E+4	0.000000E+0	0.000000E+0
6.063233E+3	1.173150E-7	1.234910E+4	0.000000E+0	0.000000E+0
6.067230E+3	1.173020E-7	1.234890E+4	0.000000E+0	0.000000E+0
6.071230E+3	1.173160E-7	1.234890E+4	0.000000E+0	0.000000E+0
6.075226E+3	1.173160E-7	1.234880E+4	0.000000E+0	0.000000E+0
6.079228E+3	1.173190E-7	1.234870E+4	0.000000E+0	0.000000E+0
6.083228E+3	1.173140E-7	1.234870E+4	0.000000E+0	0.000000E+0
6.087228E+3	1.173140E-7	1.234860E+4	0.000000E+0	0.000000E+0
6.091224E+3	1.173210E-7	1.234850E+4	0.000000E+0	0.000000E+0
6.095240E+3	1.173290E-7	1.234840E+4	0.000000E+0	0.000000E+0
6.099211E+3	1.173270E-7	1.234850E+4	0.000000E+0	0.000000E+0
6.103223E+3	1.173300E-7	1.234850E+4	0.000000E+0	0.000000E+0
6.107235E+3	1.173270E-7	1.234840E+4	0.000000E+0	0.000000E+0
6.111229E+3	1.173270E-7	1.234830E+4	0.000000E+0	0.000000E+0
6.115232E+3	1.173290E-7	1.234830E+4	0.000000E+0	0.000000E+0
6.119230E+3	1.173270E-7	1.234830E+4	0.000000E+0	0.000000E+0
6.123233E+3	1.173390E-7	1.234810E+4	0.000000E+0	0.000000E+0
6.127231E+3	1.173460E-7	1.234800E+4	0.000000E+0	0.000000E+0
6.131230E+3	1.173410E-7	1.234800E+4	0.000000E+0	0.000000E+0
6.135230E+3	1.173280E-7	1.234790E+4	0.000000E+0	0.000000E+0
6.139230E+3	1.173380E-7	1.234800E+4	0.000000E+0	0.000000E+0
6.143227E+3	1.173260E-7	1.234800E+4	0.000000E+0	0.000000E+0
6.147230E+3	1.173340E-7	1.234800E+4	0.000000E+0	0.000000E+0
6.151227E+3	1.173270E-7	1.234780E+4	0.000000E+0	0.000000E+0
6.155231E+3	1.173270E-7	1.234760E+4	0.000000E+0	0.000000E+0
6.159228E+3	1.173330E-7	1.234740E+4	0.000000E+0	0.000000E+0
6.163234E+3	1.173290E-7	1.234740E+4	0.000000E+0	0.000000E+0
6.167228E+3	1.173310E-7	1.234720E+4	0.000000E+0	0.000000E+0
6.171229E+3	1.173430E-7	1.234690E+4	0.000000E+0	0.000000E+0
6.175226E+3	1.173410E-7	1.234650E+4	0.000000E+0	0.000000E+0
6.179230E+3	1.173460E-7	1.234640E+4	0.000000E+0	0.000000E+0
6.183232E+3	1.173440E-7	1.234610E+4	0.000000E+0	0.000000E+0
6.187231E+3	1.173460E-7	1.234590E+4	0.000000E+0	0.000000E+0
6.191229E+3	1.173530E-7	1.234570E+4	0.000000E+0	0.000000E+0
6.195231E+3	1.173500E-7	1.234540E+4	0.000000E+0	0.000000E+0
6.199229E+3	1.173520E-7	1.234530E+4	0.000000E+0	0.000000E+0
6.203229E+3	1.173570E-7	1.234530E+4	0.000000E+0	0.000000E+0
6.207229E+3	1.173550E-7	1.234520E+4	0.000000E+0	0.000000E+0
6.211230E+3	1.175010E-7	1.234540E+4	0.000000E+0	0.000000E+0
6.215232E+3	1.174560E-7	1.234530E+4	0.000000E+0	0.000000E+0
6.219230E+3	1.174490E-7	1.234530E+4	0.000000E+0	0.000000E+0
6.223227E+3	1.174390E-7	1.234540E+4	0.000000E+0	0.000000E+0
6.227231E+3	1.174420E-7	1.234550E+4	0.000000E+0	0.000000E+0
6.231228E+3	1.174420E-7	1.234540E+4	0.000000E+0	0.000000E+0
6.235225E+3	1.174410E-7	1.234510E+4	0.000000E+0	0.000000E+0
6.239227E+3	1.174380E-7	1.234490E+4	0.000000E+0	0.000000E+0
6.243233E+3	1.174450E-7	1.234490E+4	0.000000E+0	0.000000E+0
6.247227E+3	1.174420E-7	1.234500E+4	0.000000E+0	0.000000E+0
6.251231E+3	1.174430E-7	1.234510E+4	0.000000E+0	0.000000E+0
6.255226E+3	1.174490E-7	1.234500E+4	0.000000E+0	0.000000E+0
6.259229E+3	1.174510E-7	1.234480E+4	0.000000E+0	0.000000E+0
6.263228E+3	1.174420E-7	1.234460E+4	0.000000E+0	0.000000E+0
6.267233E+3	1.174520E-7	1.234440E+4	0.000000E+0	0.000000E+0
6.271232E+3	1.174430E-7	1.234430E+4	0.000000E+0	0.000000E+0
6.275228E+3	1.174500E-7	1.234420E+4	0.000000E+0	0.000000E+0
6.279229E+3	1.174520E-7	1.234410E+4	0.000000E+0	0.000000E+0
6.283232E+3	1.174530E-7	1.234400E+4	0.000000E+0	0.000000E+0
6.287227E+3	1.174570E-7	1.234400E+4	0.000000E+0	0.000000E+0
6.291229E+3	1.174590E-7	1.234390E+4	0.000000E+0	0.000000E+0
6.295229E+3	1.174640E-7	1.234350E+4	0.000000E+0	0.000000E+0
6.299227E+3	1.174630E-7	1.234300E+4	0.000000E+0	0.000000E+0
6.303227E+3	1.174670E-7	1.234330E+4	0.000000E+0	0.000000E+0
6.307239E+3	1.174650E-7	1.234310E+4	0.000000E+0	0.000000E+0
6.311227E+3	1.174670E-7	1.234300E+4	0.000000E+0	0.000000E+0
6.315230E+3	1.174710E-7	1.234300E+4	0.000000E+0	0.000000E+0
6.319227E+3	1.174800E-7	1.234280E+4	0.000000E+0	0.000000E+0
6.323235E+3	1.174770E-7	1.234260E+4	0.000000E+0	0.000000E+0
6.327227E+3	1.174790E-7	1.234230E+4	0.000000E+0	0.000000E+0
6.331235E+3	1.174750E-7	1.234200E+4	0.000000E+0	0.000000E+0
6.335230E+3	1.174810E-7	1.234180E+4	0.000000E+0	0.000000E+0
6.339231E+3	1.174720E-7	1.234170E+4	0.000000E+0	0.000000E+0
6.343230E+3	1.174840E-7	1.234160E+4	0.000000E+0	0.000000E+0
6.347228E+3	1.174860E-7	1.234140E+4	0.000000E+0	0.000000E+0
6.351228E+3	1.174860E-7	1.234120E+4	0.000000E+0	0.000000E+0
6.355233E+3	1.174870E-7	1.234120E+4	0.000000E+0	0.000000E+0
6.359229E+3	1.174860E-7	1.234110E+4	0.000000E+0	0.000000E+0
6.363228E+3	1.174820E-7	1.234120E+4	0.000000E+0	0.000000E+0
6.367231E+3	1.174760E-7	1.234120E+4	0.000000E+0	0.000000E+0
6.371227E+3	1.174820E-7	1.234150E+4	0.000000E+0	0.000000E+0
6.375229E+3	1.174800E-7	1.234130E+4	0.000000E+0	0.000000E+0
6.379235E+3	1.174850E-7	1.234110E+4	0.000000E+0	0.000000E+0
6.383213E+3	1.174820E-7	1.234070E+4	0.000000E+0	0.000000E+0
6.387227E+3	1.174940E-7	1.234020E+4	0.000000E+0	0.000000E+0
6.391232E+3	1.174940E-7	1.233990E+4	0.000000E+0	0.000000E+0
6.395237E+3	1.174940E-7	1.233930E+4	0.000000E+0	0.000000E+0
6.399230E+3	1.174960E-7	1.233870E+4	0.000000E+0	0.000000E+0
6.403227E+3	1.174960E-7	1.233840E+4	0.000000E+0	0.000000E+0
6.407228E+3	1.174990E-7	1.233810E+4	0.000000E+0	0.000000E+0
6.411232E+3	1.175020E-7	1.233810E+4	0.000000E+0	0.000000E+0
6.415230E+3	1.175040E-7	1.233810E+4	0.000000E+0	0.000000E+0
6.419228E+3	1.174960E-7	1.233810E+4	0.000000E+0	0.000000E+0
6.423232E+3	1.174950E-7	1.233800E+4	0.000000E+0	0.000000E+0
6.427223E+3	1.174910E-7	1.233810E+4	0.000000E+0	0.000000E+0
6.431231E+3	1.175000E-7	1.233810E+4	0.000000E+0	0.000000E+0
6.435226E+3	1.174820E-7	1.233820E+4	0.000000E+0	0.000000E+0
6.439231E+3	1.175010E-7	1.233820E+4	0.000000E+0	0.000000E+0
6.443233E+3	1.175040E-7	1.233830E+4	0.000000E+0	0.000000E+0
6.447229E+3	1.175050E-7	1.233830E+4	0.000000E+0	0.000000E+0
6.451228E+3	1.175080E-7	1.233810E+4	0.000000E+0	0.000000E+0
6.455231E+3	1.175110E-7	1.233790E+4	0.000000E+0	0.000000E+0
6.459226E+3	1.175130E-7	1.233750E+4	0.000000E+0	0.000000E+0
6.463228E+3	1.175220E-7	1.233730E+4	0.000000E+0	0.000000E+0
6.467229E+3	1.175110E-7	1.233730E+4	0.000000E+0	0.000000E+0
6.471229E+3	1.175210E-7	1.233720E+4	0.000000E+0	0.000000E+0
6.475227E+3	1.175110E-7	1.233720E+4	0.000000E+0	0.000000E+0
6.479229E+3	1.175230E-7	1.233700E+4	0.000000E+0	0.000000E+0
6.483230E+3	1.175250E-7	1.233670E+4	0.000000E+0	0.000000E+0
6.487232E+3	1.175270E-7	1.233660E+4	0.000000E+0	0.000000E+0
6.491229E+3	1.175260E-7	1.233640E+4	0.000000E+0	0.000000E+0
6.495237E+3	1.175260E-7	1.233630E+4	0.000000E+0	0.000000E+0
6.499208E+3	1.175290E-7	1.233610E+4	0.000000E+0	0.000000E+0
6.503236E+3	1.175360E-7	1.233600E+4	0.000000E+0	0.000000E+0
6.507225E+3	1.175300E-7	1.233570E+4	0.000000E+0	0.000000E+0
6.511228E+3	1.175330E-7	1.233560E+4	0.000000E+0	0.000000E+0
6.515233E+3	1.175430E-7	1.233580E+4	0.000000E+0	0.000000E+0
6.519231E+3	1.175430E-7	1.233590E+4	0.000000E+0	0.000000E+0
6.523228E+3	1.175460E-7	1.233590E+4	0.000000E+0	0.000000E+0
6.527231E+3	1.175460E-7	1.233590E+4	0.000000E+0	0.000000E+0
6.531234E+3	1.175590E-7	1.233600E+4	0.000000E+0	0.000000E+0
6.535228E+3	1.175550E-7	1.233560E+4	0.000000E+0	0.000000E+0
6.539229E+3	1.175510E-7	1.233530E+4	0.000000E+0	0.000000E+0
6.543228E+3	1.175530E-7	1.233490E+4	0.000000E+0	0.000000E+0
6.547231E+3	1.175550E-7	1.233460E+4	0.000000E+0	0.000000E+0
6.551231E+3	1.175480E-7	1.233450E+4	0.000000E+0	0.000000E+0
6.555229E+3	1.175640E-7	1.233450E+4	0.000000E+0	0.000000E+0
6.559229E+3	1.175770E-7	1.233450E+4	0.000000E+0	0.000000E+0
6.563232E+3	1.175840E-7	1.233450E+4	0.000000E+0	0.000000E+0
6.567231E+3	1.175620E-7	1.233440E+4	0.000000E+0	0.000000E+0
6.571229E+3	1.175950E-7	1.233430E+4	0.000000E+0	0.000000E+0
6.575226E+3	1.175660E-7	1.233420E+4	0.000000E+0	0.000000E+0
6.579229E+3	1.175620E-7	1.233420E+4	0.000000E+0	0.000000E+0
6.583226E+3	1.175570E-7	1.233390E+4	0.000000E+0	0.000000E+0
6.587233E+3	1.175700E-7	1.233340E+4	0.000000E+0	0.000000E+0
6.591230E+3	1.175760E-7	1.233280E+4	0.000000E+0	0.000000E+0
6.595228E+3	1.175780E-7	1.233220E+4	0.000000E+0	0.000000E+0
6.599233E+3	1.175730E-7	1.233170E+4	0.000000E+0	0.000000E+0
6.603228E+3	1.175810E-7	1.233130E+4	0.000000E+0	0.000000E+0
6.607227E+3	1.175790E-7	1.233110E+4	0.000000E+0	0.000000E+0
6.611227E+3	1.175830E-7	1.233100E+4	0.000000E+0	0.000000E+0
6.615227E+3	1.175950E-7	1.233100E+4	0.000000E+0	0.000000E+0
6.619228E+3	1.175840E-7	1.233100E+4	0.000000E+0	0.000000E+0
6.623226E+3	1.175910E-7	1.233100E+4	0.000000E+0	0.000000E+0
6.627231E+3	1.175910E-7	1.233120E+4	0.000000E+0	0.000000E+0
6.631228E+3	1.175910E-7	1.233130E+4	0.000000E+0	0.000000E+0
6.635231E+3	1.175980E-7	1.233130E+4	0.000000E+0	0.000000E+0
6.639229E+3	1.175970E-7	1.233130E+4	0.000000E+0	0.000000E+0
6.643231E+3	1.175980E-7	1.233110E+4	0.000000E+0	0.000000E+0
6.647228E+3	1.175980E-7	1.233100E+4	0.000000E+0	0.000000E+0
6.651231E+3	1.175970E-7	1.233100E+4	0.000000E+0	0.000000E+0
6.655229E+3	1.175930E-7	1.233100E+4	0.000000E+0	0.000000E+0
6.659227E+3	1.176030E-7	1.233110E+4	0.000000E+0	0.000000E+0
6.663231E+3	1.176000E-7	1.233100E+4	0.000000E+0	0.000000E+0
6.667229E+3	1.176080E-7	1.233100E+4	0.000000E+0	0.000000E+0
6.671223E+3	1.175970E-7	1.233090E+4	0.000000E+0	0.000000E+0
6.675232E+3	1.176120E-7	1.233080E+4	0.000000E+0	0.000000E+0
6.679229E+3	1.176110E-7	1.233090E+4	0.000000E+0	0.000000E+0
6.683229E+3	1.176150E-7	1.233100E+4	0.000000E+0	0.000000E+0
6.687236E+3	1.176240E-7	1.233120E+4	0.000000E+0	0.000000E+0
6.691232E+3	1.176210E-7	1.233140E+4	0.000000E+0	0.000000E+0
6.695233E+3	1.176160E-7	1.233140E+4	0.000000E+0	0.000000E+0
6.699230E+3	1.176240E-7	1.233140E+4	0.000000E+0	0.000000E+0
6.703229E+3	1.176320E-7	1.233150E+4	0.000000E+0	0.000000E+0
6.707233E+3	1.176280E-7	1.233150E+4	0.000000E+0	0.000000E+0
6.711231E+3	1.176270E-7	1.233140E+4	0.000000E+0	0.000000E+0
6.715231E+3	1.176350E-7	1.233130E+4	0.000000E+0	0.000000E+0
6.719230E+3	1.176380E-7	1.233130E+4	0.000000E+0	0.000000E+0
6.723229E+3	1.176370E-7	1.233110E+4	0.000000E+0	0.000000E+0
6.727231E+3	1.176300E-7	1.233100E+4	0.000000E+0	0.000000E+0
6.731228E+3	1.176380E-7	1.233070E+4	0.000000E+0	0.000000E+0
6.735231E+3	1.176460E-7	1.233040E+4	0.000000E+0	0.000000E+0
6.739229E+3	1.176410E-7	1.233050E+4	0.000000E+0	0.000000E+0
6.743230E+3	1.176430E-7	1.233050E+4	0.000000E+0	0.000000E+0
6.747232E+3	1.176440E-7	1.233030E+4	0.000000E+0	0.000000E+0
6.751231E+3	1.176410E-7	1.233030E+4	0.000000E+0	0.000000E+0
6.755229E+3	1.176420E-7	1.233020E+4	0.000000E+0	0.000000E+0
6.759226E+3	1.176430E-7	1.233000E+4	0.000000E+0	0.000000E+0
6.763234E+3	1.176540E-7	1.232990E+4	0.000000E+0	0.000000E+0
6.767230E+3	1.176610E-7	1.233010E+4	0.000000E+0	0.000000E+0
6.771229E+3	1.176510E-7	1.233030E+4	0.000000E+0	0.000000E+0
6.775227E+3	1.176580E-7	1.233010E+4	0.000000E+0	0.000000E+0
6.779235E+3	1.176560E-7	1.232980E+4	0.000000E+0	0.000000E+0
6.783233E+3	1.176630E-7	1.233000E+4	0.000000E+0	0.000000E+0
6.787232E+3	1.176610E-7	1.233030E+4	0.000000E+0	0.000000E+0
6.791230E+3	1.176630E-7	1.233050E+4	0.000000E+0	0.000000E+0
6.795232E+3	1.176680E-7	1.233030E+4	0.000000E+0	0.000000E+0
6.799231E+3	1.176790E-7	1.233050E+4	0.000000E+0	0.000000E+0
6.803230E+3	1.176690E-7	1.233070E+4	0.000000E+0	0.000000E+0
6.807233E+3	1.176690E-7	1.233070E+4	0.000000E+0	0.000000E+0
6.811229E+3	1.176730E-7	1.233050E+4	0.000000E+0	0.000000E+0
6.815230E+3	1.176790E-7	1.233050E+4	0.000000E+0	0.000000E+0
6.819228E+3	1.176680E-7	1.233030E+4	0.000000E+0	0.000000E+0
6.823228E+3	1.176770E-7	1.233020E+4	0.000000E+0	0.000000E+0
6.827238E+3	1.176680E-7	1.233000E+4	0.000000E+0	0.000000E+0
6.831224E+3	1.176870E-7	1.233000E+4	0.000000E+0	0.000000E+0
6.835231E+3	1.176930E-7	1.232970E+4	0.000000E+0	0.000000E+0
6.839231E+3	1.176870E-7	1.232920E+4	0.000000E+0	0.000000E+0
6.843232E+3	1.176830E-7	1.232880E+4	0.000000E+0	0.000000E+0
6.847226E+3	1.176880E-7	1.232860E+4	0.000000E+0	0.000000E+0
6.851234E+3	1.176930E-7	1.232860E+4	0.000000E+0	0.000000E+0
6.855229E+3	1.176870E-7	1.232870E+4	0.000000E+0	0.000000E+0
6.859231E+3	1.176930E-7	1.232880E+4	0.000000E+0	0.000000E+0
6.863230E+3	1.176920E-7	1.232880E+4	0.000000E+0	0.000000E+0
6.867229E+3	1.177040E-7	1.232860E+4	0.000000E+0	0.000000E+0
6.871225E+3	1.177000E-7	1.232860E+4	0.000000E+0	0.000000E+0
6.875233E+3	1.177030E-7	1.232820E+4	0.000000E+0	0.000000E+0
6.879230E+3	1.177070E-7	1.232840E+4	0.000000E+0	0.000000E+0
6.883228E+3	1.177080E-7	1.232890E+4	0.000000E+0	0.000000E+0
6.887227E+3	1.177050E-7	1.232890E+4	0.000000E+0	0.000000E+0
6.891235E+3	1.177030E-7	1.232900E+4	0.000000E+0	0.000000E+0
6.895233E+3	1.177100E-7	1.232880E+4	0.000000E+0	0.000000E+0
6.899226E+3	1.177130E-7	1.232830E+4	0.000000E+0	0.000000E+0
6.903231E+3	1.177060E-7	1.232790E+4	0.000000E+0	0.000000E+0
6.907228E+3	1.177170E-7	1.232760E+4	0.000000E+0	0.000000E+0
6.911229E+3	1.177150E-7	1.232780E+4	0.000000E+0	0.000000E+0
6.915231E+3	1.177240E-7	1.232770E+4	0.000000E+0	0.000000E+0
6.919229E+3	1.177210E-7	1.232770E+4	0.000000E+0	0.000000E+0
6.923236E+3	1.177220E-7	1.232790E+4	0.000000E+0	0.000000E+0
6.927208E+3	1.177180E-7	1.232780E+4	0.000000E+0	0.000000E+0
6.931226E+3	1.177190E-7	1.232780E+4	0.000000E+0	0.000000E+0
6.935232E+3	1.177240E-7	1.232770E+4	0.000000E+0	0.000000E+0
6.939231E+3	1.177280E-7	1.232760E+4	0.000000E+0	0.000000E+0
6.943231E+3	1.177220E-7	1.232750E+4	0.000000E+0	0.000000E+0
6.947229E+3	1.177270E-7	1.232710E+4	0.000000E+0	0.000000E+0
6.951232E+3	1.177300E-7	1.232700E+4	0.000000E+0	0.000000E+0
6.955232E+3	1.177220E-7	1.232730E+4	0.000000E+0	0.000000E+0
6.959230E+3	1.177380E-7	1.232720E+4	0.000000E+0	0.000000E+0
6.963230E+3	1.177370E-7	1.232700E+4	0.000000E+0	0.000000E+0
6.967233E+3	1.177400E-7	1.232690E+4	0.000000E+0	0.000000E+0
6.971228E+3	1.177330E-7	1.232660E+4	0.000000E+0	0.000000E+0
6.975227E+3	1.177370E-7	1.232620E+4	0.000000E+0	0.000000E+0
6.979230E+3	1.177430E-7	1.232600E+4	0.000000E+0	0.000000E+0
6.983229E+3	1.177440E-7	1.232580E+4	0.000000E+0	0.000000E+0
6.987231E+3	1.177480E-7	1.232540E+4	0.000000E+0	0.000000E+0
6.991230E+3	1.177460E-7	1.232510E+4	0.000000E+0	0.000000E+0
6.995226E+3	1.177470E-7	1.232470E+4	0.000000E+0	0.000000E+0
6.999238E+3	1.177530E-7	1.232460E+4	0.000000E+0	0.000000E+0
7.003231E+3	1.177470E-7	1.232420E+4	0.000000E+0	0.000000E+0
7.007229E+3	1.177530E-7	1.232410E+4	0.000000E+0	0.000000E+0
7.011231E+3	1.177640E-7	1.232420E+4	0.000000E+0	0.000000E+0
7.015234E+3	1.177570E-7	1.232430E+4	0.000000E+0	0.000000E+0
7.019231E+3	1.177570E-7	1.232430E+4	0.000000E+0	0.000000E+0
7.023232E+3	1.177600E-7	1.232420E+4	0.000000E+0	0.000000E+0
7.027229E+3	1.177600E-7	1.232430E+4	0.000000E+0	0.000000E+0
7.031232E+3	1.177750E-7	1.232410E+4	0.000000E+0	0.000000E+0
7.035231E+3	1.177710E-7	1.232400E+4	0.000000E+0	0.000000E+0
7.039234E+3	1.177770E-7	1.232380E+4	0.000000E+0	0.000000E+0
7.043234E+3	1.177690E-7	1.232350E+4	0.000000E+0	0.000000E+0
7.047231E+3	1.177770E-7	1.232330E+4	0.000000E+0	0.000000E+0
7.051219E+3	1.177770E-7	1.232310E+4	0.000000E+0	0.000000E+0
7.055229E+3	1.177820E-7	1.232300E+4	0.000000E+0	0.000000E+0
7.059230E+3	1.177790E-7	1.232290E+4	0.000000E+0	0.000000E+0
7.063233E+3	1.177790E-7	1.232290E+4	0.000000E+0	0.000000E+0
7.067232E+3	1.177830E-7	1.232290E+4	0.000000E+0	0.000000E+0
7.071230E+3	1.177930E-7	1.232290E+4	0.000000E+0	0.000000E+0
7.075228E+3	1.177900E-7	1.232300E+4	0.000000E+0	0.000000E+0
7.079228E+3	1.178000E-7	1.232340E+4	0.000000E+0	0.000000E+0
7.083231E+3	1.178020E-7	1.232310E+4	0.000000E+0	0.000000E+0
7.087230E+3	1.177920E-7	1.232280E+4	0.000000E+0	0.000000E+0
7.091228E+3	1.178040E-7	1.232250E+4	0.000000E+0	0.000000E+0
7.095229E+3	1.178060E-7	1.232230E+4	0.000000E+0	0.000000E+0
7.099231E+3	1.178010E-7	1.232210E+4	0.000000E+0	0.000000E+0
7.103233E+3	1.178040E-7	1.232200E+4	0.000000E+0	0.000000E+0
7.107226E+3	1.178020E-7	1.232210E+4	0.000000E+0	0.000000E+0
7.111232E+3	1.177960E-7	1.232220E+4	0.000000E+0	0.000000E+0
7.115229E+3	1.178000E-7	1.232260E+4	0.000000E+0	0.000000E+0
7.119227E+3	1.177980E-7	1.232270E+4	0.000000E+0	0.000000E+0
7.123231E+3	1.178030E-7	1.232250E+4	0.000000E+0	0.000000E+0
7.127229E+3	1.178170E-7	1.232250E+4	0.000000E+0	0.000000E+0
7.131227E+3	1.178030E-7	1.232230E+4	0.000000E+0	0.000000E+0
7.135233E+3	1.178130E-7	1.232230E+4	0.000000E+0	0.000000E+0
7.139233E+3	1.178150E-7	1.232210E+4	0.000000E+0	0.000000E+0
7.143232E+3	1.178190E-7	1.232220E+4	0.000000E+0	0.000000E+0
7.147233E+3	1.178200E-7	1.232200E+4	0.000000E+0	0.000000E+0
7.151232E+3	1.178310E-7	1.232210E+4	0.000000E+0	0.000000E+0
7.155230E+3	1.178160E-7	1.232230E+4	0.000000E+0	0.000000E+0
7.159233E+3	1.178160E-7	1.232220E+4	0.000000E+0	0.000000E+0
7.163230E+3	1.178160E-7	1.232230E+4	0.000000E+0	0.000000E+0
7.167233E+3	1.178180E-7	1.232270E+4	0.000000E+0	0.000000E+0
7.171233E+3	1.178180E-7	1.232300E+4	0.000000E+0	0.000000E+0
7.175231E+3	1.178300E-7	1.232280E+4	0.000000E+0	0.000000E+0
7.179228E+3	1.178280E-7	1.232280E+4	0.000000E+0	0.000000E+0
7.183231E+3	1.178280E-7	1.232280E+4	0.000000E+0	0.000000E+0
7.187229E+3	1.178250E-7	1.232290E+4	0.000000E+0	0.000000E+0
7.191230E+3	1.178380E-7	1.232310E+4	0.000000E+0	0.000000E+0
7.195229E+3	1.178560E-7	1.232300E+4	0.000000E+0	0.000000E+0
7.199230E+3	1.178600E-7	1.232290E+4	0.000000E+0	0.000000E+0
7.203231E+3	1.178450E-7	1.232270E+4	0.000000E+0	0.000000E+0
7.207231E+3	1.178390E-7	1.232270E+4	0.000000E+0	0.000000E+0
7.211227E+3	1.178310E-7	1.232260E+4	0.000000E+0	0.000000E+0
