
Medición hecha el 2026-08-25  03:12 p.m.

Medición de corriente y tensión en el tiempo con posibilidad de inyectar corriente.
Tiempo	Corriente	Tensión
5.652000E+0	1.031130E-5	1.356800E+4	0.000000E+0	0.000000E+0
8.636000E+0	1.030270E-5	1.356610E+4	0.000000E+0	0.000000E+0
1.164300E+1	1.030010E-5	1.356560E+4	0.000000E+0	0.000000E+0
1.464100E+1	1.029790E-5	1.356520E+4	0.000000E+0	0.000000E+0
1.764000E+1	1.029620E-5	1.356500E+4	0.000000E+0	0.000000E+0
2.064500E+1	1.029450E-5	1.356470E+4	0.000000E+0	0.000000E+0
2.364900E+1	1.029280E-5	1.356450E+4	0.000000E+0	0.000000E+0
2.665100E+1	1.029230E-5	1.356430E+4	0.000000E+0	0.000000E+0
2.964900E+1	1.029160E-5	1.356400E+4	0.000000E+0	0.000000E+0
3.264900E+1	1.029080E-5	1.356370E+4	0.000000E+0	0.000000E+0
3.564700E+1	1.029030E-5	1.356350E+4	0.000000E+0	0.000000E+0
3.864900E+1	1.029020E-5	1.356320E+4	0.000000E+0	0.000000E+0
4.165200E+1	1.029190E-5	1.356330E+4	0.000000E+0	0.000000E+0
4.465000E+1	1.028880E-5	1.356320E+4	0.000000E+0	0.000000E+0
4.765000E+1	1.028850E-5	1.356310E+4	0.000000E+0	0.000000E+0
5.065000E+1	1.028780E-5	1.356300E+4	0.000000E+0	0.000000E+0
5.365500E+1	1.028760E-5	1.356280E+4	0.000000E+0	0.000000E+0
5.665100E+1	1.028740E-5	1.356280E+4	0.000000E+0	0.000000E+0
5.965400E+1	1.028670E-5	1.356270E+4	0.000000E+0	0.000000E+0
6.265200E+1	1.028640E-5	1.356260E+4	0.000000E+0	0.000000E+0
6.565000E+1	1.028560E-5	1.356270E+4	0.000000E+0	0.000000E+0
6.865500E+1	1.028550E-5	1.356290E+4	0.000000E+0	0.000000E+0
7.164600E+1	1.028510E-5	1.356300E+4	0.000000E+0	0.000000E+0
7.465100E+1	1.028530E-5	1.356300E+4	0.000000E+0	0.000000E+0
7.764500E+1	1.028470E-5	1.356330E+4	0.000000E+0	0.000000E+0
8.065000E+1	1.028470E-5	1.356360E+4	0.000000E+0	0.000000E+0
8.364800E+1	1.028480E-5	1.356380E+4	0.000000E+0	0.000000E+0
8.664800E+1	1.028360E-5	1.356380E+4	0.000000E+0	0.000000E+0
8.964500E+1	1.028370E-5	1.356390E+4	0.000000E+0	0.000000E+0
9.264000E+1	1.028360E-5	1.356450E+4	0.000000E+0	0.000000E+0
9.563200E+1	1.028340E-5	1.356530E+4	0.000000E+0	0.000000E+0
9.863900E+1	1.028310E-5	1.356580E+4	0.000000E+0	0.000000E+0
1.016320E+2	1.028280E-5	1.356630E+4	0.000000E+0	0.000000E+0
1.046440E+2	1.028290E-5	1.356640E+4	0.000000E+0	0.000000E+0
1.076450E+2	1.028210E-5	1.356630E+4	0.000000E+0	0.000000E+0
1.106460E+2	1.028240E-5	1.356630E+4	0.000000E+0	0.000000E+0
1.136450E+2	1.028230E-5	1.356620E+4	0.000000E+0	0.000000E+0
1.166480E+2	1.028160E-5	1.356610E+4	0.000000E+0	0.000000E+0
1.196450E+2	1.028230E-5	1.356600E+4	0.000000E+0	0.000000E+0
1.226450E+2	1.028160E-5	1.356580E+4	0.000000E+0	0.000000E+0
1.256480E+2	1.028130E-5	1.356560E+4	0.000000E+0	0.000000E+0
1.286450E+2	1.028160E-5	1.356540E+4	0.000000E+0	0.000000E+0
1.316450E+2	1.028110E-5	1.356520E+4	0.000000E+0	0.000000E+0
1.346450E+2	1.028050E-5	1.356530E+4	0.000000E+0	0.000000E+0
1.376460E+2	1.028050E-5	1.356520E+4	0.000000E+0	0.000000E+0
1.406460E+2	1.028120E-5	1.356530E+4	0.000000E+0	0.000000E+0
1.436490E+2	1.028050E-5	1.356520E+4	0.000000E+0	0.000000E+0
1.466460E+2	1.028070E-5	1.356510E+4	0.000000E+0	0.000000E+0
1.496460E+2	1.028070E-5	1.356520E+4	0.000000E+0	0.000000E+0
1.526430E+2	1.028080E-5	1.356530E+4	0.000000E+0	0.000000E+0
1.556400E+2	1.028020E-5	1.356530E+4	0.000000E+0	0.000000E+0
1.586410E+2	1.028050E-5	1.356540E+4	0.000000E+0	0.000000E+0
1.616370E+2	1.028060E-5	1.356540E+4	0.000000E+0	0.000000E+0
1.646410E+2	1.028010E-5	1.356530E+4	0.000000E+0	0.000000E+0
1.676340E+2	1.027980E-5	1.356530E+4	0.000000E+0	0.000000E+0
1.706410E+2	1.027960E-5	1.356540E+4	0.000000E+0	0.000000E+0
1.736320E+2	1.027970E-5	1.356550E+4	0.000000E+0	0.000000E+0
1.766440E+2	1.027950E-5	1.356540E+4	0.000000E+0	0.000000E+0
1.796440E+2	1.027930E-5	1.356560E+4	0.000000E+0	0.000000E+0
1.826450E+2	1.027990E-5	1.356590E+4	0.000000E+0	0.000000E+0
1.856450E+2	1.027970E-5	1.356580E+4	0.000000E+0	0.000000E+0
1.886460E+2	1.027920E-5	1.356570E+4	0.000000E+0	0.000000E+0
1.916440E+2	1.027940E-5	1.356560E+4	0.000000E+0	0.000000E+0
1.946440E+2	1.027940E-5	1.356550E+4	0.000000E+0	0.000000E+0
1.976450E+2	1.027910E-5	1.356550E+4	0.000000E+0	0.000000E+0
2.006450E+2	1.027950E-5	1.356530E+4	0.000000E+0	0.000000E+0
2.036410E+2	1.027940E-5	1.356530E+4	0.000000E+0	0.000000E+0
2.066390E+2	1.027890E-5	1.356490E+4	0.000000E+0	0.000000E+0
2.096330E+2	1.027900E-5	1.356470E+4	0.000000E+0	0.000000E+0
2.126370E+2	1.027890E-5	1.356450E+4	0.000000E+0	0.000000E+0
2.156410E+2	1.027910E-5	1.356430E+4	0.000000E+0	0.000000E+0
2.186420E+2	1.027950E-5	1.356420E+4	0.000000E+0	0.000000E+0
2.216420E+2	1.027900E-5	1.356410E+4	0.000000E+0	0.000000E+0
2.246390E+2	1.027890E-5	1.356410E+4	0.000000E+0	0.000000E+0
2.276320E+2	1.027900E-5	1.356400E+4	0.000000E+0	0.000000E+0
2.306350E+2	1.027890E-5	1.356400E+4	0.000000E+0	0.000000E+0
2.336370E+2	1.027860E-5	1.356400E+4	0.000000E+0	0.000000E+0
2.366400E+2	1.027870E-5	1.356410E+4	0.000000E+0	0.000000E+0
2.396420E+2	1.027880E-5	1.356420E+4	0.000000E+0	0.000000E+0
2.426400E+2	1.027870E-5	1.356430E+4	0.000000E+0	0.000000E+0
2.456380E+2	1.027860E-5	1.356430E+4	0.000000E+0	0.000000E+0
2.486410E+2	1.027840E-5	1.356430E+4	0.000000E+0	0.000000E+0
2.516400E+2	1.027860E-5	1.356440E+4	0.000000E+0	0.000000E+0
2.546400E+2	1.027860E-5	1.356440E+4	0.000000E+0	0.000000E+0
2.576350E+2	1.027820E-5	1.356440E+4	0.000000E+0	0.000000E+0
2.606410E+2	1.027820E-5	1.356460E+4	0.000000E+0	0.000000E+0
2.636870E+2	1.027840E-5	1.356450E+4	0.000000E+0	0.000000E+0
2.666540E+2	1.027770E-5	1.356440E+4	0.000000E+0	0.000000E+0
2.696450E+2	1.027810E-5	1.356440E+4	0.000000E+0	0.000000E+0
2.726440E+2	1.027830E-5	1.356430E+4	0.000000E+0	0.000000E+0
2.756530E+2	1.027780E-5	1.356420E+4	0.000000E+0	0.000000E+0
2.786440E+2	1.027810E-5	1.356420E+4	0.000000E+0	0.000000E+0
2.816490E+2	1.027790E-5	1.356410E+4	0.000000E+0	0.000000E+0
2.846490E+2	1.027800E-5	1.356430E+4	0.000000E+0	0.000000E+0
2.876530E+2	1.027790E-5	1.356420E+4	0.000000E+0	0.000000E+0
2.906490E+2	1.027790E-5	1.356420E+4	0.000000E+0	0.000000E+0
2.936510E+2	1.027770E-5	1.356420E+4	0.000000E+0	0.000000E+0
2.966490E+2	1.027770E-5	1.356420E+4	0.000000E+0	0.000000E+0
2.996450E+2	1.027740E-5	1.356420E+4	0.000000E+0	0.000000E+0
3.026520E+2	1.027790E-5	1.356420E+4	0.000000E+0	0.000000E+0
3.056490E+2	1.027770E-5	1.356440E+4	0.000000E+0	0.000000E+0
3.086460E+2	1.027730E-5	1.356430E+4	0.000000E+0	0.000000E+0
3.116520E+2	1.027790E-5	1.356410E+4	0.000000E+0	0.000000E+0
3.146450E+2	1.027740E-5	1.356390E+4	0.000000E+0	0.000000E+0
3.176500E+2	1.027820E-5	1.356370E+4	0.000000E+0	0.000000E+0
3.206470E+2	1.027770E-5	1.356350E+4	0.000000E+0	0.000000E+0
3.236470E+2	1.027780E-5	1.356340E+4	0.000000E+0	0.000000E+0
3.266470E+2	1.027760E-5	1.356340E+4	0.000000E+0	0.000000E+0
3.296450E+2	1.027700E-5	1.356320E+4	0.000000E+0	0.000000E+0
3.326470E+2	1.027700E-5	1.356320E+4	0.000000E+0	0.000000E+0
3.356470E+2	1.027730E-5	1.356310E+4	0.000000E+0	0.000000E+0
3.386470E+2	1.027740E-5	1.356310E+4	0.000000E+0	0.000000E+0
3.416450E+2	1.027750E-5	1.356310E+4	0.000000E+0	0.000000E+0
3.446440E+2	1.027720E-5	1.356310E+4	0.000000E+0	0.000000E+0
3.476430E+2	1.027720E-5	1.356310E+4	0.000000E+0	0.000000E+0
3.506410E+2	1.027750E-5	1.356320E+4	0.000000E+0	0.000000E+0
3.536430E+2	1.027680E-5	1.356310E+4	0.000000E+0	0.000000E+0
3.566430E+2	1.027720E-5	1.356300E+4	0.000000E+0	0.000000E+0
3.596430E+2	1.027720E-5	1.356290E+4	0.000000E+0	0.000000E+0
3.626380E+2	1.027670E-5	1.356300E+4	0.000000E+0	0.000000E+0
3.656360E+2	1.027720E-5	1.356290E+4	0.000000E+0	0.000000E+0
3.686300E+2	1.027710E-5	1.356280E+4	0.000000E+0	0.000000E+0
3.716340E+2	1.027710E-5	1.356270E+4	0.000000E+0	0.000000E+0
3.746340E+2	1.027680E-5	1.356260E+4	0.000000E+0	0.000000E+0
3.776370E+2	1.027700E-5	1.356250E+4	0.000000E+0	0.000000E+0
3.806260E+2	1.027700E-5	1.356250E+4	0.000000E+0	0.000000E+0
3.836390E+2	1.027680E-5	1.356240E+4	0.000000E+0	0.000000E+0
3.866510E+2	1.027630E-5	1.356210E+4	0.000000E+0	0.000000E+0
3.896420E+2	1.027690E-5	1.356200E+4	0.000000E+0	0.000000E+0
3.926370E+2	1.027690E-5	1.356190E+4	0.000000E+0	0.000000E+0
3.956420E+2	1.027630E-5	1.356190E+4	0.000000E+0	0.000000E+0
3.986450E+2	1.027710E-5	1.356210E+4	0.000000E+0	0.000000E+0
4.016430E+2	1.027720E-5	1.356210E+4	0.000000E+0	0.000000E+0
4.046470E+2	1.027690E-5	1.356220E+4	0.000000E+0	0.000000E+0
4.076500E+2	1.027690E-5	1.356220E+4	0.000000E+0	0.000000E+0
4.106480E+2	1.027730E-5	1.356220E+4	0.000000E+0	0.000000E+0
4.136490E+2	1.027680E-5	1.356220E+4	0.000000E+0	0.000000E+0
4.166450E+2	1.027700E-5	1.356210E+4	0.000000E+0	0.000000E+0
4.196480E+2	1.027670E-5	1.356200E+4	0.000000E+0	0.000000E+0
4.226470E+2	1.027700E-5	1.356190E+4	0.000000E+0	0.000000E+0
4.256470E+2	1.027720E-5	1.356200E+4	0.000000E+0	0.000000E+0
4.286460E+2	1.027690E-5	1.356200E+4	0.000000E+0	0.000000E+0
4.316470E+2	1.027690E-5	1.356210E+4	0.000000E+0	0.000000E+0
4.346500E+2	1.027720E-5	1.356200E+4	0.000000E+0	0.000000E+0
4.376480E+2	1.027670E-5	1.356210E+4	0.000000E+0	0.000000E+0
4.406450E+2	1.027630E-5	1.356190E+4	0.000000E+0	0.000000E+0
4.436460E+2	1.027700E-5	1.356180E+4	0.000000E+0	0.000000E+0
4.466490E+2	1.027710E-5	1.356160E+4	0.000000E+0	0.000000E+0
4.496450E+2	1.027670E-5	1.356140E+4	0.000000E+0	0.000000E+0
4.526390E+2	1.027720E-5	1.356130E+4	0.000000E+0	0.000000E+0
4.556440E+2	1.027770E-5	1.356110E+4	0.000000E+0	0.000000E+0
4.586420E+2	1.027670E-5	1.356100E+4	0.000000E+0	0.000000E+0
4.616460E+2	1.027740E-5	1.356140E+4	0.000000E+0	0.000000E+0
4.646440E+2	1.027730E-5	1.356180E+4	0.000000E+0	0.000000E+0
4.676400E+2	1.027750E-5	1.356200E+4	0.000000E+0	0.000000E+0
4.706390E+2	1.027750E-5	1.356210E+4	0.000000E+0	0.000000E+0
4.736290E+2	1.027640E-5	1.356210E+4	0.000000E+0	0.000000E+0
4.766460E+2	1.027700E-5	1.356180E+4	0.000000E+0	0.000000E+0
4.796460E+2	1.027690E-5	1.356160E+4	0.000000E+0	0.000000E+0
4.826470E+2	1.027700E-5	1.356140E+4	0.000000E+0	0.000000E+0
4.856500E+2	1.027670E-5	1.356120E+4	0.000000E+0	0.000000E+0
4.886500E+2	1.027730E-5	1.356110E+4	0.000000E+0	0.000000E+0
4.916520E+2	1.027650E-5	1.356100E+4	0.000000E+0	0.000000E+0
4.946500E+2	1.027700E-5	1.356120E+4	0.000000E+0	0.000000E+0
4.976400E+2	1.027730E-5	1.356150E+4	0.000000E+0	0.000000E+0
5.006470E+2	1.027700E-5	1.356170E+4	0.000000E+0	0.000000E+0
5.036470E+2	1.027700E-5	1.356160E+4	0.000000E+0	0.000000E+0
5.066410E+2	1.027670E-5	1.356140E+4	0.000000E+0	0.000000E+0
5.096400E+2	1.027670E-5	1.356120E+4	0.000000E+0	0.000000E+0
5.126430E+2	1.027680E-5	1.356100E+4	0.000000E+0	0.000000E+0
5.156480E+2	1.027700E-5	1.356080E+4	0.000000E+0	0.000000E+0
5.186440E+2	1.027710E-5	1.356060E+4	0.000000E+0	0.000000E+0
5.216500E+2	1.027700E-5	1.356040E+4	0.000000E+0	0.000000E+0
5.246480E+2	1.027730E-5	1.356030E+4	0.000000E+0	0.000000E+0
5.276480E+2	1.027730E-5	1.356030E+4	0.000000E+0	0.000000E+0
5.306490E+2	1.027750E-5	1.356050E+4	0.000000E+0	0.000000E+0
5.336460E+2	1.027720E-5	1.356050E+4	0.000000E+0	0.000000E+0
5.366480E+2	1.027740E-5	1.356050E+4	0.000000E+0	0.000000E+0
5.396530E+2	1.027710E-5	1.356060E+4	0.000000E+0	0.000000E+0
5.426520E+2	1.027740E-5	1.356070E+4	0.000000E+0	0.000000E+0
5.456540E+2	1.027740E-5	1.356050E+4	0.000000E+0	0.000000E+0
5.486460E+2	1.027710E-5	1.356020E+4	0.000000E+0	0.000000E+0
5.516450E+2	1.027760E-5	1.356000E+4	0.000000E+0	0.000000E+0
5.546490E+2	1.027710E-5	1.355990E+4	0.000000E+0	0.000000E+0
5.576450E+2	1.027710E-5	1.355980E+4	0.000000E+0	0.000000E+0
5.606430E+2	1.027690E-5	1.355990E+4	0.000000E+0	0.000000E+0
5.636490E+2	1.027700E-5	1.355950E+4	0.000000E+0	0.000000E+0
5.666460E+2	1.027700E-5	1.355920E+4	0.000000E+0	0.000000E+0
5.696470E+2	1.027740E-5	1.355890E+4	0.000000E+0	0.000000E+0
5.726450E+2	1.027730E-5	1.355870E+4	0.000000E+0	0.000000E+0
5.756470E+2	1.027740E-5	1.355860E+4	0.000000E+0	0.000000E+0
5.786450E+2	1.027700E-5	1.355840E+4	0.000000E+0	0.000000E+0
5.816480E+2	1.027750E-5	1.355810E+4	0.000000E+0	0.000000E+0
5.846450E+2	1.027710E-5	1.355790E+4	0.000000E+0	0.000000E+0
5.876400E+2	1.027730E-5	1.355800E+4	0.000000E+0	0.000000E+0
5.906380E+2	1.027670E-5	1.355840E+4	0.000000E+0	0.000000E+0
5.936360E+2	1.027720E-5	1.355850E+4	0.000000E+0	0.000000E+0
5.966390E+2	1.027720E-5	1.355850E+4	0.000000E+0	0.000000E+0
5.996400E+2	1.027730E-5	1.355840E+4	0.000000E+0	0.000000E+0
6.026330E+2	1.027720E-5	1.355810E+4	0.000000E+0	0.000000E+0
6.056330E+2	1.027750E-5	1.355770E+4	0.000000E+0	0.000000E+0
6.086360E+2	1.027750E-5	1.355740E+4	0.000000E+0	0.000000E+0
6.116280E+2	1.027720E-5	1.355710E+4	0.000000E+0	0.000000E+0
6.146360E+2	1.027690E-5	1.355690E+4	0.000000E+0	0.000000E+0
6.176310E+2	1.027690E-5	1.355680E+4	0.000000E+0	0.000000E+0
6.206410E+2	1.027740E-5	1.355670E+4	0.000000E+0	0.000000E+0
6.236370E+2	1.027760E-5	1.355630E+4	0.000000E+0	0.000000E+0
6.266360E+2	1.027710E-5	1.355610E+4	0.000000E+0	0.000000E+0
6.296360E+2	1.027720E-5	1.355580E+4	0.000000E+0	0.000000E+0
6.326310E+2	1.027710E-5	1.355540E+4	0.000000E+0	0.000000E+0
6.356330E+2	1.027770E-5	1.355510E+4	0.000000E+0	0.000000E+0
6.386400E+2	1.027750E-5	1.355480E+4	0.000000E+0	0.000000E+0
6.416400E+2	1.027700E-5	1.355460E+4	0.000000E+0	0.000000E+0
6.446390E+2	1.027720E-5	1.355440E+4	0.000000E+0	0.000000E+0
6.476350E+2	1.027770E-5	1.355450E+4	0.000000E+0	0.000000E+0
6.506450E+2	1.027750E-5	1.355440E+4	0.000000E+0	0.000000E+0
6.536430E+2	1.027760E-5	1.355440E+4	0.000000E+0	0.000000E+0
6.566420E+2	1.027770E-5	1.355430E+4	0.000000E+0	0.000000E+0
6.596450E+2	1.027760E-5	1.355430E+4	0.000000E+0	0.000000E+0
6.626430E+2	1.027800E-5	1.355420E+4	0.000000E+0	0.000000E+0
6.656380E+2	1.027750E-5	1.355420E+4	0.000000E+0	0.000000E+0
6.686380E+2	1.027790E-5	1.355410E+4	0.000000E+0	0.000000E+0
6.716350E+2	1.027770E-5	1.355410E+4	0.000000E+0	0.000000E+0
6.746380E+2	1.027750E-5	1.355390E+4	0.000000E+0	0.000000E+0
6.776360E+2	1.027740E-5	1.355370E+4	0.000000E+0	0.000000E+0
6.806330E+2	1.027770E-5	1.355360E+4	0.000000E+0	0.000000E+0
6.836410E+2	1.027770E-5	1.355340E+4	0.000000E+0	0.000000E+0
6.866560E+2	1.027760E-5	1.355330E+4	0.000000E+0	0.000000E+0
6.896450E+2	1.027770E-5	1.355310E+4	0.000000E+0	0.000000E+0
6.926380E+2	1.027710E-5	1.355290E+4	0.000000E+0	0.000000E+0
6.956410E+2	1.027770E-5	1.355270E+4	0.000000E+0	0.000000E+0
6.986450E+2	1.027740E-5	1.355250E+4	0.000000E+0	0.000000E+0
7.016450E+2	1.027750E-5	1.355250E+4	0.000000E+0	0.000000E+0
7.046490E+2	1.027700E-5	1.355240E+4	0.000000E+0	0.000000E+0
7.076480E+2	1.027710E-5	1.355230E+4	0.000000E+0	0.000000E+0
7.106420E+2	1.027750E-5	1.355220E+4	0.000000E+0	0.000000E+0
7.136440E+2	1.027710E-5	1.355230E+4	0.000000E+0	0.000000E+0
7.166420E+2	1.027720E-5	1.355210E+4	0.000000E+0	0.000000E+0
7.196490E+2	1.027750E-5	1.355210E+4	0.000000E+0	0.000000E+0
7.226450E+2	1.027720E-5	1.355190E+4	0.000000E+0	0.000000E+0
7.256510E+2	1.027770E-5	1.355180E+4	0.000000E+0	0.000000E+0
7.286450E+2	1.027780E-5	1.355170E+4	0.000000E+0	0.000000E+0
7.316490E+2	1.027780E-5	1.355160E+4	0.000000E+0	0.000000E+0
7.346450E+2	1.027800E-5	1.355150E+4	0.000000E+0	0.000000E+0
7.376470E+2	1.027750E-5	1.355150E+4	0.000000E+0	0.000000E+0
7.406450E+2	1.027720E-5	1.355140E+4	0.000000E+0	0.000000E+0
7.436490E+2	1.027760E-5	1.355140E+4	0.000000E+0	0.000000E+0
7.466450E+2	1.027780E-5	1.355130E+4	0.000000E+0	0.000000E+0
7.496470E+2	1.027750E-5	1.355120E+4	0.000000E+0	0.000000E+0
7.526480E+2	1.027750E-5	1.355110E+4	0.000000E+0	0.000000E+0
7.556500E+2	1.027780E-5	1.355110E+4	0.000000E+0	0.000000E+0
7.586440E+2	1.027790E-5	1.355100E+4	0.000000E+0	0.000000E+0
7.616480E+2	1.027810E-5	1.355090E+4	0.000000E+0	0.000000E+0
7.646500E+2	1.027790E-5	1.355080E+4	0.000000E+0	0.000000E+0
7.676480E+2	1.027780E-5	1.355070E+4	0.000000E+0	0.000000E+0
7.706510E+2	1.027780E-5	1.355060E+4	0.000000E+0	0.000000E+0
7.736480E+2	1.027790E-5	1.355050E+4	0.000000E+0	0.000000E+0
7.766460E+2	1.027810E-5	1.355030E+4	0.000000E+0	0.000000E+0
7.796500E+2	1.027840E-5	1.355020E+4	0.000000E+0	0.000000E+0
7.826490E+2	1.027790E-5	1.355000E+4	0.000000E+0	0.000000E+0
7.856450E+2	1.027780E-5	1.354990E+4	0.000000E+0	0.000000E+0
7.886450E+2	1.027820E-5	1.354970E+4	0.000000E+0	0.000000E+0
7.916490E+2	1.027800E-5	1.354950E+4	0.000000E+0	0.000000E+0
7.946460E+2	1.027820E-5	1.354940E+4	0.000000E+0	0.000000E+0
7.976460E+2	1.027820E-5	1.354910E+4	0.000000E+0	0.000000E+0
8.006470E+2	1.027820E-5	1.354890E+4	0.000000E+0	0.000000E+0
8.036470E+2	1.027800E-5	1.354880E+4	0.000000E+0	0.000000E+0
8.066490E+2	1.027820E-5	1.354850E+4	0.000000E+0	0.000000E+0
8.096490E+2	1.027820E-5	1.354840E+4	0.000000E+0	0.000000E+0
8.126490E+2	1.027800E-5	1.354820E+4	0.000000E+0	0.000000E+0
8.156450E+2	1.027820E-5	1.354800E+4	0.000000E+0	0.000000E+0
8.186400E+2	1.027830E-5	1.354780E+4	0.000000E+0	0.000000E+0
8.216380E+2	1.027790E-5	1.354760E+4	0.000000E+0	0.000000E+0
8.246350E+2	1.027790E-5	1.354740E+4	0.000000E+0	0.000000E+0
8.276350E+2	1.027820E-5	1.354730E+4	0.000000E+0	0.000000E+0
8.306330E+2	1.027830E-5	1.354710E+4	0.000000E+0	0.000000E+0
8.336330E+2	1.027890E-5	1.354690E+4	0.000000E+0	0.000000E+0
8.366320E+2	1.027890E-5	1.354670E+4	0.000000E+0	0.000000E+0
8.396410E+2	1.027830E-5	1.354650E+4	0.000000E+0	0.000000E+0
8.426380E+2	1.027820E-5	1.354630E+4	0.000000E+0	0.000000E+0
8.456320E+2	1.027870E-5	1.354610E+4	0.000000E+0	0.000000E+0
8.486440E+2	1.027900E-5	1.354590E+4	0.000000E+0	0.000000E+0
8.516450E+2	1.027840E-5	1.354570E+4	0.000000E+0	0.000000E+0
8.546480E+2	1.027900E-5	1.354530E+4	0.000000E+0	0.000000E+0
8.576430E+2	1.027840E-5	1.354520E+4	0.000000E+0	0.000000E+0
8.606440E+2	1.027840E-5	1.354490E+4	0.000000E+0	0.000000E+0
8.636480E+2	1.027870E-5	1.354480E+4	0.000000E+0	0.000000E+0
8.666460E+2	1.027890E-5	1.354460E+4	0.000000E+0	0.000000E+0
8.696420E+2	1.027840E-5	1.354450E+4	0.000000E+0	0.000000E+0
8.726480E+2	1.027850E-5	1.354430E+4	0.000000E+0	0.000000E+0
8.756450E+2	1.027860E-5	1.354410E+4	0.000000E+0	0.000000E+0
8.786520E+2	1.027860E-5	1.354390E+4	0.000000E+0	0.000000E+0
8.816450E+2	1.027790E-5	1.354380E+4	0.000000E+0	0.000000E+0
8.846500E+2	1.027910E-5	1.354360E+4	0.000000E+0	0.000000E+0
8.876420E+2	1.027880E-5	1.354330E+4	0.000000E+0	0.000000E+0
8.906430E+2	1.027910E-5	1.354310E+4	0.000000E+0	0.000000E+0
8.936540E+2	1.027890E-5	1.354290E+4	0.000000E+0	0.000000E+0
8.966520E+2	1.027880E-5	1.354260E+4	0.000000E+0	0.000000E+0
8.996470E+2	1.027900E-5	1.354220E+4	0.000000E+0	0.000000E+0
9.026500E+2	1.027890E-5	1.354190E+4	0.000000E+0	0.000000E+0
9.056500E+2	1.027890E-5	1.354170E+4	0.000000E+0	0.000000E+0
9.086470E+2	1.027930E-5	1.354160E+4	0.000000E+0	0.000000E+0
9.116470E+2	1.027930E-5	1.354140E+4	0.000000E+0	0.000000E+0
9.146480E+2	1.027910E-5	1.354140E+4	0.000000E+0	0.000000E+0
9.176430E+2	1.027920E-5	1.354120E+4	0.000000E+0	0.000000E+0
9.206480E+2	1.027910E-5	1.354100E+4	0.000000E+0	0.000000E+0
9.236470E+2	1.027950E-5	1.354070E+4	0.000000E+0	0.000000E+0
9.266500E+2	1.027930E-5	1.354060E+4	0.000000E+0	0.000000E+0
9.296500E+2	1.027940E-5	1.354030E+4	0.000000E+0	0.000000E+0
9.326480E+2	1.027910E-5	1.354000E+4	0.000000E+0	0.000000E+0
9.356510E+2	1.027930E-5	1.353980E+4	0.000000E+0	0.000000E+0
9.386530E+2	1.027930E-5	1.353960E+4	0.000000E+0	0.000000E+0
9.416440E+2	1.027940E-5	1.353930E+4	0.000000E+0	0.000000E+0
9.446460E+2	1.027940E-5	1.353930E+4	0.000000E+0	0.000000E+0
9.476460E+2	1.027960E-5	1.353900E+4	0.000000E+0	0.000000E+0
9.506490E+2	1.027900E-5	1.353890E+4	0.000000E+0	0.000000E+0
9.536450E+2	1.027900E-5	1.353860E+4	0.000000E+0	0.000000E+0
9.566490E+2	1.027920E-5	1.353840E+4	0.000000E+0	0.000000E+0
9.596440E+2	1.027940E-5	1.353810E+4	0.000000E+0	0.000000E+0
9.626470E+2	1.027880E-5	1.353790E+4	0.000000E+0	0.000000E+0
9.656460E+2	1.027940E-5	1.353740E+4	0.000000E+0	0.000000E+0
9.686460E+2	1.027900E-5	1.353720E+4	0.000000E+0	0.000000E+0
9.716450E+2	1.027910E-5	1.353700E+4	0.000000E+0	0.000000E+0
9.746490E+2	1.027940E-5	1.353660E+4	0.000000E+0	0.000000E+0
9.776460E+2	1.027980E-5	1.353640E+4	0.000000E+0	0.000000E+0
9.806450E+2	1.027930E-5	1.353620E+4	0.000000E+0	0.000000E+0
9.836470E+2	1.027950E-5	1.353600E+4	0.000000E+0	0.000000E+0
9.866510E+2	1.027970E-5	1.353570E+4	0.000000E+0	0.000000E+0
9.896490E+2	1.027960E-5	1.353540E+4	0.000000E+0	0.000000E+0
9.926500E+2	1.027940E-5	1.353520E+4	0.000000E+0	0.000000E+0
9.956450E+2	1.027970E-5	1.353500E+4	0.000000E+0	0.000000E+0
9.986470E+2	1.027950E-5	1.353470E+4	0.000000E+0	0.000000E+0
1.001645E+3	1.027920E-5	1.353450E+4	0.000000E+0	0.000000E+0
1.004645E+3	1.027940E-5	1.353420E+4	0.000000E+0	0.000000E+0
1.007645E+3	1.027940E-5	1.353390E+4	0.000000E+0	0.000000E+0
1.010647E+3	1.027980E-5	1.353380E+4	0.000000E+0	0.000000E+0
1.013645E+3	1.027990E-5	1.353340E+4	0.000000E+0	0.000000E+0
1.016647E+3	1.028000E-5	1.353330E+4	0.000000E+0	0.000000E+0
1.019647E+3	1.027970E-5	1.353300E+4	0.000000E+0	0.000000E+0
1.022645E+3	1.027970E-5	1.353270E+4	0.000000E+0	0.000000E+0
1.025645E+3	1.028000E-5	1.353270E+4	0.000000E+0	0.000000E+0
1.028646E+3	1.028020E-5	1.353240E+4	0.000000E+0	0.000000E+0
1.031645E+3	1.027970E-5	1.353220E+4	0.000000E+0	0.000000E+0
1.034644E+3	1.028010E-5	1.353190E+4	0.000000E+0	0.000000E+0
1.037642E+3	1.028000E-5	1.353160E+4	0.000000E+0	0.000000E+0
1.040642E+3	1.027950E-5	1.353130E+4	0.000000E+0	0.000000E+0
1.043644E+3	1.028000E-5	1.353100E+4	0.000000E+0	0.000000E+0
1.046646E+3	1.028010E-5	1.353080E+4	0.000000E+0	0.000000E+0
1.049645E+3	1.028070E-5	1.353060E+4	0.000000E+0	0.000000E+0
1.052644E+3	1.028050E-5	1.353030E+4	0.000000E+0	0.000000E+0
1.055645E+3	1.028070E-5	1.353010E+4	0.000000E+0	0.000000E+0
1.058642E+3	1.028080E-5	1.352980E+4	0.000000E+0	0.000000E+0
1.061644E+3	1.028090E-5	1.352960E+4	0.000000E+0	0.000000E+0
1.064642E+3	1.028050E-5	1.352920E+4	0.000000E+0	0.000000E+0
1.067646E+3	1.028050E-5	1.352920E+4	0.000000E+0	0.000000E+0
1.070645E+3	1.028070E-5	1.352890E+4	0.000000E+0	0.000000E+0
1.073645E+3	1.028050E-5	1.352870E+4	0.000000E+0	0.000000E+0
1.076643E+3	1.028070E-5	1.352850E+4	0.000000E+0	0.000000E+0
1.079645E+3	1.028100E-5	1.352830E+4	0.000000E+0	0.000000E+0
1.082643E+3	1.028070E-5	1.352810E+4	0.000000E+0	0.000000E+0
1.085645E+3	1.028060E-5	1.352780E+4	0.000000E+0	0.000000E+0
1.088645E+3	1.028060E-5	1.352760E+4	0.000000E+0	0.000000E+0
1.091645E+3	1.028060E-5	1.352740E+4	0.000000E+0	0.000000E+0
1.094644E+3	1.028040E-5	1.352720E+4	0.000000E+0	0.000000E+0
1.097644E+3	1.028060E-5	1.352690E+4	0.000000E+0	0.000000E+0
1.100643E+3	1.028060E-5	1.352680E+4	0.000000E+0	0.000000E+0
1.103638E+3	1.028070E-5	1.352640E+4	0.000000E+0	0.000000E+0
1.106630E+3	1.028090E-5	1.352620E+4	0.000000E+0	0.000000E+0
1.109638E+3	1.028100E-5	1.352590E+4	0.000000E+0	0.000000E+0
1.112633E+3	1.028120E-5	1.352560E+4	0.000000E+0	0.000000E+0
1.115641E+3	1.028100E-5	1.352530E+4	0.000000E+0	0.000000E+0
1.118639E+3	1.028100E-5	1.352510E+4	0.000000E+0	0.000000E+0
1.121638E+3	1.028120E-5	1.352490E+4	0.000000E+0	0.000000E+0
1.124639E+3	1.028070E-5	1.352470E+4	0.000000E+0	0.000000E+0
1.127644E+3	1.028080E-5	1.352460E+4	0.000000E+0	0.000000E+0
1.130641E+3	1.028050E-5	1.352430E+4	0.000000E+0	0.000000E+0
1.133644E+3	1.028120E-5	1.352410E+4	0.000000E+0	0.000000E+0
1.136639E+3	1.028110E-5	1.352380E+4	0.000000E+0	0.000000E+0
1.139642E+3	1.028090E-5	1.352340E+4	0.000000E+0	0.000000E+0
1.142637E+3	1.028080E-5	1.352320E+4	0.000000E+0	0.000000E+0
1.145642E+3	1.028130E-5	1.352290E+4	0.000000E+0	0.000000E+0
1.148652E+3	1.028150E-5	1.352270E+4	0.000000E+0	0.000000E+0
1.151643E+3	1.028120E-5	1.352250E+4	0.000000E+0	0.000000E+0
1.154637E+3	1.028120E-5	1.352220E+4	0.000000E+0	0.000000E+0
1.157634E+3	1.028090E-5	1.352200E+4	0.000000E+0	0.000000E+0
1.160638E+3	1.028120E-5	1.352170E+4	0.000000E+0	0.000000E+0
1.163635E+3	1.028110E-5	1.352140E+4	0.000000E+0	0.000000E+0
1.166638E+3	1.028160E-5	1.352120E+4	0.000000E+0	0.000000E+0
1.169643E+3	1.028180E-5	1.352100E+4	0.000000E+0	0.000000E+0
1.172645E+3	1.028190E-5	1.352080E+4	0.000000E+0	0.000000E+0
1.175645E+3	1.028150E-5	1.352060E+4	0.000000E+0	0.000000E+0
1.178641E+3	1.028180E-5	1.352040E+4	0.000000E+0	0.000000E+0
1.181645E+3	1.028150E-5	1.352010E+4	0.000000E+0	0.000000E+0
1.184643E+3	1.028190E-5	1.351990E+4	0.000000E+0	0.000000E+0
1.187643E+3	1.028180E-5	1.351960E+4	0.000000E+0	0.000000E+0
1.190653E+3	1.028190E-5	1.351940E+4	0.000000E+0	0.000000E+0
1.193641E+3	1.028150E-5	1.351920E+4	0.000000E+0	0.000000E+0
1.196644E+3	1.028110E-5	1.351890E+4	0.000000E+0	0.000000E+0
1.199651E+3	1.028110E-5	1.351870E+4	0.000000E+0	0.000000E+0
1.202651E+3	1.028160E-5	1.351840E+4	0.000000E+0	0.000000E+0
1.205653E+3	1.028180E-5	1.351810E+4	0.000000E+0	0.000000E+0
1.208654E+3	1.028170E-5	1.351790E+4	0.000000E+0	0.000000E+0
1.211645E+3	1.028180E-5	1.351760E+4	0.000000E+0	0.000000E+0
1.214645E+3	1.028190E-5	1.351740E+4	0.000000E+0	0.000000E+0
1.217652E+3	1.028220E-5	1.351710E+4	0.000000E+0	0.000000E+0
1.220654E+3	1.028240E-5	1.351680E+4	0.000000E+0	0.000000E+0
1.223646E+3	1.028170E-5	1.351640E+4	0.000000E+0	0.000000E+0
1.226645E+3	1.028220E-5	1.351610E+4	0.000000E+0	0.000000E+0
1.229642E+3	1.028190E-5	1.351580E+4	0.000000E+0	0.000000E+0
1.232646E+3	1.028180E-5	1.351530E+4	0.000000E+0	0.000000E+0
1.235648E+3	1.028160E-5	1.351500E+4	0.000000E+0	0.000000E+0
1.238654E+3	1.028220E-5	1.351480E+4	0.000000E+0	0.000000E+0
1.241654E+3	1.028230E-5	1.351450E+4	0.000000E+0	0.000000E+0
1.244645E+3	1.028230E-5	1.351430E+4	0.000000E+0	0.000000E+0
1.247652E+3	1.028180E-5	1.351410E+4	0.000000E+0	0.000000E+0
1.250652E+3	1.028220E-5	1.351380E+4	0.000000E+0	0.000000E+0
1.253656E+3	1.028230E-5	1.351370E+4	0.000000E+0	0.000000E+0
1.256652E+3	1.028210E-5	1.351340E+4	0.000000E+0	0.000000E+0
1.259645E+3	1.028270E-5	1.351310E+4	0.000000E+0	0.000000E+0
1.262656E+3	1.028250E-5	1.351300E+4	0.000000E+0	0.000000E+0
1.265650E+3	1.028260E-5	1.351280E+4	0.000000E+0	0.000000E+0
1.268648E+3	1.028250E-5	1.351250E+4	0.000000E+0	0.000000E+0
1.271645E+3	1.028260E-5	1.351220E+4	0.000000E+0	0.000000E+0
1.274650E+3	1.028260E-5	1.351180E+4	0.000000E+0	0.000000E+0
1.277651E+3	1.028250E-5	1.351150E+4	0.000000E+0	0.000000E+0
1.280645E+3	1.028260E-5	1.351110E+4	0.000000E+0	0.000000E+0
1.283646E+3	1.028270E-5	1.351090E+4	0.000000E+0	0.000000E+0
1.286649E+3	1.028280E-5	1.351070E+4	0.000000E+0	0.000000E+0
1.289648E+3	1.028320E-5	1.351040E+4	0.000000E+0	0.000000E+0
1.292649E+3	1.028270E-5	1.351010E+4	0.000000E+0	0.000000E+0
1.295648E+3	1.028320E-5	1.350970E+4	0.000000E+0	0.000000E+0
1.298648E+3	1.028310E-5	1.350940E+4	0.000000E+0	0.000000E+0
1.301649E+3	1.028270E-5	1.350890E+4	0.000000E+0	0.000000E+0
1.304647E+3	1.028280E-5	1.350860E+4	0.000000E+0	0.000000E+0
1.307646E+3	1.028300E-5	1.350820E+4	0.000000E+0	0.000000E+0
1.310647E+3	1.028290E-5	1.350800E+4	0.000000E+0	0.000000E+0
1.313645E+3	1.028310E-5	1.350780E+4	0.000000E+0	0.000000E+0
1.316647E+3	1.028300E-5	1.350780E+4	0.000000E+0	0.000000E+0
1.319646E+3	1.028360E-5	1.350790E+4	0.000000E+0	0.000000E+0
1.322645E+3	1.028320E-5	1.350790E+4	0.000000E+0	0.000000E+0
1.325649E+3	1.028300E-5	1.350780E+4	0.000000E+0	0.000000E+0
1.328645E+3	1.028280E-5	1.350770E+4	0.000000E+0	0.000000E+0
1.331647E+3	1.028250E-5	1.350760E+4	0.000000E+0	0.000000E+0
1.334651E+3	1.028270E-5	1.350740E+4	0.000000E+0	0.000000E+0
1.337647E+3	1.028350E-5	1.350740E+4	0.000000E+0	0.000000E+0
1.340648E+3	1.028350E-5	1.350730E+4	0.000000E+0	0.000000E+0
1.343648E+3	1.028330E-5	1.350720E+4	0.000000E+0	0.000000E+0
1.346644E+3	1.028340E-5	1.350710E+4	0.000000E+0	0.000000E+0
1.349654E+3	1.028310E-5	1.350710E+4	0.000000E+0	0.000000E+0
1.352652E+3	1.028300E-5	1.350700E+4	0.000000E+0	0.000000E+0
1.355653E+3	1.028320E-5	1.350690E+4	0.000000E+0	0.000000E+0
1.358653E+3	1.028310E-5	1.350670E+4	0.000000E+0	0.000000E+0
1.361648E+3	1.028340E-5	1.350660E+4	0.000000E+0	0.000000E+0
1.364645E+3	1.028340E-5	1.350640E+4	0.000000E+0	0.000000E+0
1.367644E+3	1.028370E-5	1.350620E+4	0.000000E+0	0.000000E+0
1.370645E+3	1.028350E-5	1.350600E+4	0.000000E+0	0.000000E+0
1.373644E+3	1.028380E-5	1.350580E+4	0.000000E+0	0.000000E+0
1.376645E+3	1.028370E-5	1.350570E+4	0.000000E+0	0.000000E+0
1.379646E+3	1.028370E-5	1.350550E+4	0.000000E+0	0.000000E+0
1.382646E+3	1.028380E-5	1.350540E+4	0.000000E+0	0.000000E+0
1.385646E+3	1.028390E-5	1.350520E+4	0.000000E+0	0.000000E+0
1.388645E+3	1.028360E-5	1.350500E+4	0.000000E+0	0.000000E+0
1.391645E+3	1.028400E-5	1.350480E+4	0.000000E+0	0.000000E+0
1.394645E+3	1.028350E-5	1.350450E+4	0.000000E+0	0.000000E+0
1.397647E+3	1.028370E-5	1.350430E+4	0.000000E+0	0.000000E+0
1.400645E+3	1.028410E-5	1.350410E+4	0.000000E+0	0.000000E+0
1.403646E+3	1.028410E-5	1.350390E+4	0.000000E+0	0.000000E+0
1.406652E+3	1.028410E-5	1.350350E+4	0.000000E+0	0.000000E+0
1.409647E+3	1.028380E-5	1.350310E+4	0.000000E+0	0.000000E+0
1.412645E+3	1.028370E-5	1.350280E+4	0.000000E+0	0.000000E+0
1.415647E+3	1.028460E-5	1.350260E+4	0.000000E+0	0.000000E+0
1.418648E+3	1.028390E-5	1.350230E+4	0.000000E+0	0.000000E+0
1.421654E+3	1.028390E-5	1.350210E+4	0.000000E+0	0.000000E+0
1.424648E+3	1.028440E-5	1.350180E+4	0.000000E+0	0.000000E+0
1.427653E+3	1.028440E-5	1.350160E+4	0.000000E+0	0.000000E+0
1.430655E+3	1.028440E-5	1.350120E+4	0.000000E+0	0.000000E+0
1.433648E+3	1.028450E-5	1.350100E+4	0.000000E+0	0.000000E+0
1.436640E+3	1.028450E-5	1.350090E+4	0.000000E+0	0.000000E+0
1.439641E+3	1.028470E-5	1.350060E+4	0.000000E+0	0.000000E+0
1.442645E+3	1.028430E-5	1.350040E+4	0.000000E+0	0.000000E+0
1.445648E+3	1.028450E-5	1.350020E+4	0.000000E+0	0.000000E+0
1.448648E+3	1.028450E-5	1.350000E+4	0.000000E+0	0.000000E+0
1.451648E+3	1.028440E-5	1.349980E+4	0.000000E+0	0.000000E+0
1.454648E+3	1.028460E-5	1.349950E+4	0.000000E+0	0.000000E+0
1.457648E+3	1.028450E-5	1.349930E+4	0.000000E+0	0.000000E+0
1.460648E+3	1.028470E-5	1.349890E+4	0.000000E+0	0.000000E+0
1.463649E+3	1.028450E-5	1.349860E+4	0.000000E+0	0.000000E+0
1.466641E+3	1.028500E-5	1.349830E+4	0.000000E+0	0.000000E+0
1.469642E+3	1.028450E-5	1.349800E+4	0.000000E+0	0.000000E+0
1.472642E+3	1.028480E-5	1.349770E+4	0.000000E+0	0.000000E+0
1.475644E+3	1.028470E-5	1.349750E+4	0.000000E+0	0.000000E+0
1.478644E+3	1.028430E-5	1.349720E+4	0.000000E+0	0.000000E+0
1.481644E+3	1.028470E-5	1.349690E+4	0.000000E+0	0.000000E+0
1.484642E+3	1.028460E-5	1.349670E+4	0.000000E+0	0.000000E+0
1.487645E+3	1.028500E-5	1.349640E+4	0.000000E+0	0.000000E+0
1.490646E+3	1.028520E-5	1.349620E+4	0.000000E+0	0.000000E+0
1.493647E+3	1.028490E-5	1.349590E+4	0.000000E+0	0.000000E+0
1.496642E+3	1.028540E-5	1.349560E+4	0.000000E+0	0.000000E+0
1.499645E+3	1.028520E-5	1.349520E+4	0.000000E+0	0.000000E+0
1.502647E+3	1.028520E-5	1.349500E+4	0.000000E+0	0.000000E+0
1.505645E+3	1.028520E-5	1.349460E+4	0.000000E+0	0.000000E+0
1.508645E+3	1.028500E-5	1.349430E+4	0.000000E+0	0.000000E+0
1.511645E+3	1.028510E-5	1.349400E+4	0.000000E+0	0.000000E+0
1.514647E+3	1.028520E-5	1.349370E+4	0.000000E+0	0.000000E+0
1.517645E+3	1.028470E-5	1.349340E+4	0.000000E+0	0.000000E+0
1.520643E+3	1.028510E-5	1.349310E+4	0.000000E+0	0.000000E+0
1.523647E+3	1.028530E-5	1.349290E+4	0.000000E+0	0.000000E+0
1.526645E+3	1.028510E-5	1.349260E+4	0.000000E+0	0.000000E+0
1.529648E+3	1.028520E-5	1.349240E+4	0.000000E+0	0.000000E+0
1.532650E+3	1.028570E-5	1.349210E+4	0.000000E+0	0.000000E+0
1.535645E+3	1.028540E-5	1.349190E+4	0.000000E+0	0.000000E+0
1.538642E+3	1.028550E-5	1.349170E+4	0.000000E+0	0.000000E+0
1.541644E+3	1.028510E-5	1.349140E+4	0.000000E+0	0.000000E+0
1.544646E+3	1.028590E-5	1.349110E+4	0.000000E+0	0.000000E+0
1.547648E+3	1.028520E-5	1.349090E+4	0.000000E+0	0.000000E+0
1.550651E+3	1.028560E-5	1.349060E+4	0.000000E+0	0.000000E+0
1.553646E+3	1.028590E-5	1.349040E+4	0.000000E+0	0.000000E+0
1.556645E+3	1.028560E-5	1.349020E+4	0.000000E+0	0.000000E+0
1.559646E+3	1.028550E-5	1.349010E+4	0.000000E+0	0.000000E+0
1.562647E+3	1.028590E-5	1.348980E+4	0.000000E+0	0.000000E+0
1.565644E+3	1.028550E-5	1.348950E+4	0.000000E+0	0.000000E+0
1.568643E+3	1.028580E-5	1.348930E+4	0.000000E+0	0.000000E+0
1.571647E+3	1.028580E-5	1.348900E+4	0.000000E+0	0.000000E+0
1.574647E+3	1.028610E-5	1.348860E+4	0.000000E+0	0.000000E+0
1.577649E+3	1.028590E-5	1.348840E+4	0.000000E+0	0.000000E+0
1.580640E+3	1.028600E-5	1.348810E+4	0.000000E+0	0.000000E+0
1.583642E+3	1.028590E-5	1.348790E+4	0.000000E+0	0.000000E+0
1.586638E+3	1.028560E-5	1.348770E+4	0.000000E+0	0.000000E+0
1.589640E+3	1.028550E-5	1.348730E+4	0.000000E+0	0.000000E+0
1.592638E+3	1.028590E-5	1.348700E+4	0.000000E+0	0.000000E+0
1.595637E+3	1.028610E-5	1.348680E+4	0.000000E+0	0.000000E+0
1.598630E+3	1.028630E-5	1.348670E+4	0.000000E+0	0.000000E+0
1.601635E+3	1.028600E-5	1.348660E+4	0.000000E+0	0.000000E+0
1.604635E+3	1.028580E-5	1.348650E+4	0.000000E+0	0.000000E+0
1.607636E+3	1.028600E-5	1.348640E+4	0.000000E+0	0.000000E+0
1.610636E+3	1.028600E-5	1.348590E+4	0.000000E+0	0.000000E+0
1.613631E+3	1.028650E-5	1.348540E+4	0.000000E+0	0.000000E+0
1.616638E+3	1.028610E-5	1.348510E+4	0.000000E+0	0.000000E+0
1.619631E+3	1.028610E-5	1.348470E+4	0.000000E+0	0.000000E+0
1.622636E+3	1.028650E-5	1.348430E+4	0.000000E+0	0.000000E+0
1.625641E+3	1.028650E-5	1.348410E+4	0.000000E+0	0.000000E+0
1.628638E+3	1.028620E-5	1.348370E+4	0.000000E+0	0.000000E+0
1.631781E+3	1.028660E-5	1.348350E+4	0.000000E+0	0.000000E+0
1.634639E+3	1.028620E-5	1.348320E+4	0.000000E+0	0.000000E+0
1.637628E+3	1.028700E-5	1.348280E+4	0.000000E+0	0.000000E+0
1.640636E+3	1.028650E-5	1.348260E+4	0.000000E+0	0.000000E+0
1.643636E+3	1.028670E-5	1.348240E+4	0.000000E+0	0.000000E+0
1.646634E+3	1.028640E-5	1.348210E+4	0.000000E+0	0.000000E+0
1.649635E+3	1.028680E-5	1.348190E+4	0.000000E+0	0.000000E+0
1.652632E+3	1.028670E-5	1.348170E+4	0.000000E+0	0.000000E+0
1.655635E+3	1.028670E-5	1.348160E+4	0.000000E+0	0.000000E+0
1.658634E+3	1.028720E-5	1.348140E+4	0.000000E+0	0.000000E+0
1.661637E+3	1.028700E-5	1.348120E+4	0.000000E+0	0.000000E+0
1.664634E+3	1.028740E-5	1.348090E+4	0.000000E+0	0.000000E+0
1.667649E+3	1.028740E-5	1.348080E+4	0.000000E+0	0.000000E+0
1.670651E+3	1.028740E-5	1.348060E+4	0.000000E+0	0.000000E+0
1.673649E+3	1.028730E-5	1.348050E+4	0.000000E+0	0.000000E+0
1.676656E+3	1.028710E-5	1.348010E+4	0.000000E+0	0.000000E+0
1.679647E+3	1.028750E-5	1.348000E+4	0.000000E+0	0.000000E+0
1.682641E+3	1.028690E-5	1.347970E+4	0.000000E+0	0.000000E+0
1.685645E+3	1.028760E-5	1.347930E+4	0.000000E+0	0.000000E+0
1.688648E+3	1.028760E-5	1.347900E+4	0.000000E+0	0.000000E+0
1.691652E+3	1.028740E-5	1.347850E+4	0.000000E+0	0.000000E+0
1.694643E+3	1.028730E-5	1.347800E+4	0.000000E+0	0.000000E+0
1.697646E+3	1.028700E-5	1.347750E+4	0.000000E+0	0.000000E+0
1.700653E+3	1.028750E-5	1.347710E+4	0.000000E+0	0.000000E+0
1.703643E+3	1.028750E-5	1.347690E+4	0.000000E+0	0.000000E+0
1.706657E+3	1.028760E-5	1.347680E+4	0.000000E+0	0.000000E+0
1.709654E+3	1.028780E-5	1.347670E+4	0.000000E+0	0.000000E+0
1.712655E+3	1.028830E-5	1.347660E+4	0.000000E+0	0.000000E+0
1.715656E+3	1.028780E-5	1.347640E+4	0.000000E+0	0.000000E+0
1.718645E+3	1.028820E-5	1.347630E+4	0.000000E+0	0.000000E+0
1.721646E+3	1.028740E-5	1.347630E+4	0.000000E+0	0.000000E+0
1.724649E+3	1.028800E-5	1.347610E+4	0.000000E+0	0.000000E+0
1.727649E+3	1.028730E-5	1.347590E+4	0.000000E+0	0.000000E+0
1.730644E+3	1.028800E-5	1.347580E+4	0.000000E+0	0.000000E+0
1.733642E+3	1.028820E-5	1.347570E+4	0.000000E+0	0.000000E+0
1.736644E+3	1.028770E-5	1.347550E+4	0.000000E+0	0.000000E+0
1.739640E+3	1.028840E-5	1.347540E+4	0.000000E+0	0.000000E+0
1.742640E+3	1.028830E-5	1.347530E+4	0.000000E+0	0.000000E+0
1.745643E+3	1.028810E-5	1.347520E+4	0.000000E+0	0.000000E+0
1.748646E+3	1.028860E-5	1.347510E+4	0.000000E+0	0.000000E+0
1.751649E+3	1.028840E-5	1.347490E+4	0.000000E+0	0.000000E+0
1.754640E+3	1.028810E-5	1.347480E+4	0.000000E+0	0.000000E+0
1.757643E+3	1.028830E-5	1.347460E+4	0.000000E+0	0.000000E+0
1.760642E+3	1.028830E-5	1.347450E+4	0.000000E+0	0.000000E+0
1.763645E+3	1.028750E-5	1.347430E+4	0.000000E+0	0.000000E+0
1.766641E+3	1.028790E-5	1.347410E+4	0.000000E+0	0.000000E+0
1.769641E+3	1.028810E-5	1.347390E+4	0.000000E+0	0.000000E+0
1.772632E+3	1.028800E-5	1.347370E+4	0.000000E+0	0.000000E+0
1.775640E+3	1.028860E-5	1.347360E+4	0.000000E+0	0.000000E+0
1.778630E+3	1.028830E-5	1.347340E+4	0.000000E+0	0.000000E+0
1.781639E+3	1.028850E-5	1.347330E+4	0.000000E+0	0.000000E+0
1.784633E+3	1.028860E-5	1.347300E+4	0.000000E+0	0.000000E+0
1.787633E+3	1.028880E-5	1.347270E+4	0.000000E+0	0.000000E+0
1.790639E+3	1.028870E-5	1.347250E+4	0.000000E+0	0.000000E+0
1.793633E+3	1.028820E-5	1.347230E+4	0.000000E+0	0.000000E+0
1.796635E+3	1.028810E-5	1.347200E+4	0.000000E+0	0.000000E+0
1.799638E+3	1.028840E-5	1.347170E+4	0.000000E+0	0.000000E+0
1.802631E+3	1.028850E-5	1.347140E+4	0.000000E+0	0.000000E+0
1.805637E+3	1.028820E-5	1.347110E+4	0.000000E+0	0.000000E+0
1.808638E+3	1.028830E-5	1.347090E+4	0.000000E+0	0.000000E+0
1.811637E+3	1.028850E-5	1.347050E+4	0.000000E+0	0.000000E+0
1.814637E+3	1.028860E-5	1.347030E+4	0.000000E+0	0.000000E+0
1.817636E+3	1.028850E-5	1.347010E+4	0.000000E+0	0.000000E+0
1.820629E+3	1.028890E-5	1.346980E+4	0.000000E+0	0.000000E+0
1.823636E+3	1.028890E-5	1.346960E+4	0.000000E+0	0.000000E+0
1.826632E+3	1.028880E-5	1.346940E+4	0.000000E+0	0.000000E+0
1.829646E+3	1.028860E-5	1.346910E+4	0.000000E+0	0.000000E+0
1.832643E+3	1.028870E-5	1.346890E+4	0.000000E+0	0.000000E+0
1.835642E+3	1.028900E-5	1.346870E+4	0.000000E+0	0.000000E+0
1.838639E+3	1.028860E-5	1.346850E+4	0.000000E+0	0.000000E+0
1.841638E+3	1.028920E-5	1.346820E+4	0.000000E+0	0.000000E+0
1.844638E+3	1.028900E-5	1.346790E+4	0.000000E+0	0.000000E+0
1.847637E+3	1.028900E-5	1.346750E+4	0.000000E+0	0.000000E+0
1.850638E+3	1.028960E-5	1.346730E+4	0.000000E+0	0.000000E+0
1.853638E+3	1.028960E-5	1.346710E+4	0.000000E+0	0.000000E+0
1.856635E+3	1.028930E-5	1.346690E+4	0.000000E+0	0.000000E+0
1.859635E+3	1.028920E-5	1.346660E+4	0.000000E+0	0.000000E+0
1.862637E+3	1.028940E-5	1.346630E+4	0.000000E+0	0.000000E+0
1.865635E+3	1.028920E-5	1.346610E+4	0.000000E+0	0.000000E+0
1.868638E+3	1.028930E-5	1.346590E+4	0.000000E+0	0.000000E+0
1.871636E+3	1.029010E-5	1.346570E+4	0.000000E+0	0.000000E+0
1.874636E+3	1.028960E-5	1.346560E+4	0.000000E+0	0.000000E+0
1.877636E+3	1.028960E-5	1.346540E+4	0.000000E+0	0.000000E+0
1.880635E+3	1.028960E-5	1.346510E+4	0.000000E+0	0.000000E+0
1.883638E+3	1.028960E-5	1.346480E+4	0.000000E+0	0.000000E+0
1.886641E+3	1.029000E-5	1.346450E+4	0.000000E+0	0.000000E+0
1.889639E+3	1.028970E-5	1.346420E+4	0.000000E+0	0.000000E+0
1.892639E+3	1.028970E-5	1.346410E+4	0.000000E+0	0.000000E+0
1.895637E+3	1.029040E-5	1.346370E+4	0.000000E+0	0.000000E+0
1.898634E+3	1.029000E-5	1.346350E+4	0.000000E+0	0.000000E+0
1.901637E+3	1.029010E-5	1.346320E+4	0.000000E+0	0.000000E+0
1.904639E+3	1.029020E-5	1.346300E+4	0.000000E+0	0.000000E+0
1.907637E+3	1.029040E-5	1.346270E+4	0.000000E+0	0.000000E+0
1.910636E+3	1.029030E-5	1.346250E+4	0.000000E+0	0.000000E+0
1.913634E+3	1.029040E-5	1.346210E+4	0.000000E+0	0.000000E+0
1.916632E+3	1.029050E-5	1.346190E+4	0.000000E+0	0.000000E+0
1.919635E+3	1.029060E-5	1.346160E+4	0.000000E+0	0.000000E+0
1.922635E+3	1.029050E-5	1.346140E+4	0.000000E+0	0.000000E+0
1.925647E+3	1.029030E-5	1.346110E+4	0.000000E+0	0.000000E+0
1.928652E+3	1.029040E-5	1.346100E+4	0.000000E+0	0.000000E+0
1.931656E+3	1.029080E-5	1.346070E+4	0.000000E+0	0.000000E+0
1.934643E+3	1.029070E-5	1.346060E+4	0.000000E+0	0.000000E+0
1.937643E+3	1.029090E-5	1.346040E+4	0.000000E+0	0.000000E+0
1.940643E+3	1.029060E-5	1.346020E+4	0.000000E+0	0.000000E+0
1.943653E+3	1.029040E-5	1.345990E+4	0.000000E+0	0.000000E+0
1.946645E+3	1.029100E-5	1.345940E+4	0.000000E+0	0.000000E+0
1.949653E+3	1.029090E-5	1.345920E+4	0.000000E+0	0.000000E+0
1.952644E+3	1.029090E-5	1.345890E+4	0.000000E+0	0.000000E+0
1.955653E+3	1.029110E-5	1.345860E+4	0.000000E+0	0.000000E+0
1.958645E+3	1.029050E-5	1.345830E+4	0.000000E+0	0.000000E+0
1.961644E+3	1.029100E-5	1.345790E+4	0.000000E+0	0.000000E+0
1.964646E+3	1.029100E-5	1.345770E+4	0.000000E+0	0.000000E+0
1.967645E+3	1.029100E-5	1.345740E+4	0.000000E+0	0.000000E+0
1.970645E+3	1.029060E-5	1.345710E+4	0.000000E+0	0.000000E+0
1.973649E+3	1.029110E-5	1.345680E+4	0.000000E+0	0.000000E+0
1.976646E+3	1.029060E-5	1.345650E+4	0.000000E+0	0.000000E+0
1.979648E+3	1.029100E-5	1.345610E+4	0.000000E+0	0.000000E+0
1.982649E+3	1.029120E-5	1.345590E+4	0.000000E+0	0.000000E+0
1.985659E+3	1.029160E-5	1.345560E+4	0.000000E+0	0.000000E+0
1.988649E+3	1.029100E-5	1.345550E+4	0.000000E+0	0.000000E+0
1.991645E+3	1.029080E-5	1.345520E+4	0.000000E+0	0.000000E+0
1.994645E+3	1.029130E-5	1.345510E+4	0.000000E+0	0.000000E+0
1.997647E+3	1.029150E-5	1.345500E+4	0.000000E+0	0.000000E+0
2.000644E+3	1.029080E-5	1.345470E+4	0.000000E+0	0.000000E+0
2.003646E+3	1.029140E-5	1.345450E+4	0.000000E+0	0.000000E+0
2.006649E+3	1.029150E-5	1.345430E+4	0.000000E+0	0.000000E+0
2.009650E+3	1.029140E-5	1.345410E+4	0.000000E+0	0.000000E+0
2.012646E+3	1.029130E-5	1.345380E+4	0.000000E+0	0.000000E+0
2.015645E+3	1.029150E-5	1.345350E+4	0.000000E+0	0.000000E+0
2.018643E+3	1.029160E-5	1.345320E+4	0.000000E+0	0.000000E+0
2.021643E+3	1.029120E-5	1.345280E+4	0.000000E+0	0.000000E+0
2.024645E+3	1.029160E-5	1.345240E+4	0.000000E+0	0.000000E+0
2.027643E+3	1.029100E-5	1.345230E+4	0.000000E+0	0.000000E+0
2.030643E+3	1.029150E-5	1.345210E+4	0.000000E+0	0.000000E+0
2.033644E+3	1.029210E-5	1.345190E+4	0.000000E+0	0.000000E+0
2.036644E+3	1.029150E-5	1.345180E+4	0.000000E+0	0.000000E+0
2.039643E+3	1.029180E-5	1.345160E+4	0.000000E+0	0.000000E+0
2.042644E+3	1.029170E-5	1.345140E+4	0.000000E+0	0.000000E+0
2.045644E+3	1.029200E-5	1.345120E+4	0.000000E+0	0.000000E+0
2.048644E+3	1.029190E-5	1.345100E+4	0.000000E+0	0.000000E+0
2.051646E+3	1.029220E-5	1.345080E+4	0.000000E+0	0.000000E+0
2.054651E+3	1.029190E-5	1.345050E+4	0.000000E+0	0.000000E+0
2.057653E+3	1.029180E-5	1.345020E+4	0.000000E+0	0.000000E+0
2.060655E+3	1.029200E-5	1.345000E+4	0.000000E+0	0.000000E+0
2.063653E+3	1.029200E-5	1.344970E+4	0.000000E+0	0.000000E+0
2.066653E+3	1.029220E-5	1.344950E+4	0.000000E+0	0.000000E+0
2.069656E+3	1.029190E-5	1.344920E+4	0.000000E+0	0.000000E+0
2.072654E+3	1.029200E-5	1.344900E+4	0.000000E+0	0.000000E+0
2.075657E+3	1.029210E-5	1.344870E+4	0.000000E+0	0.000000E+0
2.078647E+3	1.029220E-5	1.344840E+4	0.000000E+0	0.000000E+0
2.081647E+3	1.029190E-5	1.344830E+4	0.000000E+0	0.000000E+0
2.084647E+3	1.029220E-5	1.344800E+4	0.000000E+0	0.000000E+0
2.087647E+3	1.029250E-5	1.344800E+4	0.000000E+0	0.000000E+0
2.090646E+3	1.029250E-5	1.344780E+4	0.000000E+0	0.000000E+0
2.093645E+3	1.029270E-5	1.344770E+4	0.000000E+0	0.000000E+0
2.096646E+3	1.029260E-5	1.344760E+4	0.000000E+0	0.000000E+0
2.099645E+3	1.029280E-5	1.344740E+4	0.000000E+0	0.000000E+0
2.102647E+3	1.029240E-5	1.344720E+4	0.000000E+0	0.000000E+0
2.105647E+3	1.029280E-5	1.344710E+4	0.000000E+0	0.000000E+0
2.108649E+3	1.029250E-5	1.344690E+4	0.000000E+0	0.000000E+0
2.111645E+3	1.029280E-5	1.344690E+4	0.000000E+0	0.000000E+0
2.114647E+3	1.029280E-5	1.344670E+4	0.000000E+0	0.000000E+0
2.117647E+3	1.029260E-5	1.344660E+4	0.000000E+0	0.000000E+0
2.120648E+3	1.029270E-5	1.344630E+4	0.000000E+0	0.000000E+0
2.123647E+3	1.029260E-5	1.344610E+4	0.000000E+0	0.000000E+0
2.126644E+3	1.029300E-5	1.344600E+4	0.000000E+0	0.000000E+0
2.129650E+3	1.029270E-5	1.344590E+4	0.000000E+0	0.000000E+0
2.132648E+3	1.029270E-5	1.344590E+4	0.000000E+0	0.000000E+0
2.135645E+3	1.029260E-5	1.344570E+4	0.000000E+0	0.000000E+0
2.138646E+3	1.029280E-5	1.344550E+4	0.000000E+0	0.000000E+0
2.141648E+3	1.029300E-5	1.344530E+4	0.000000E+0	0.000000E+0
2.144642E+3	1.029270E-5	1.344520E+4	0.000000E+0	0.000000E+0
2.147642E+3	1.029340E-5	1.344500E+4	0.000000E+0	0.000000E+0
2.150639E+3	1.029280E-5	1.344480E+4	0.000000E+0	0.000000E+0
2.153636E+3	1.029340E-5	1.344460E+4	0.000000E+0	0.000000E+0
2.156648E+3	1.029340E-5	1.344430E+4	0.000000E+0	0.000000E+0
2.159651E+3	1.029370E-5	1.344390E+4	0.000000E+0	0.000000E+0
2.162642E+3	1.029300E-5	1.344370E+4	0.000000E+0	0.000000E+0
2.165646E+3	1.029280E-5	1.344350E+4	0.000000E+0	0.000000E+0
2.168645E+3	1.029360E-5	1.344330E+4	0.000000E+0	0.000000E+0
2.171642E+3	1.029370E-5	1.344300E+4	0.000000E+0	0.000000E+0
2.174647E+3	1.029290E-5	1.344280E+4	0.000000E+0	0.000000E+0
2.177646E+3	1.029330E-5	1.344260E+4	0.000000E+0	0.000000E+0
2.180649E+3	1.029330E-5	1.344230E+4	0.000000E+0	0.000000E+0
2.183647E+3	1.029350E-5	1.344200E+4	0.000000E+0	0.000000E+0
2.186650E+3	1.029380E-5	1.344170E+4	0.000000E+0	0.000000E+0
2.189647E+3	1.029370E-5	1.344140E+4	0.000000E+0	0.000000E+0
2.192647E+3	1.029350E-5	1.344120E+4	0.000000E+0	0.000000E+0
2.195647E+3	1.029350E-5	1.344090E+4	0.000000E+0	0.000000E+0
2.198647E+3	1.029390E-5	1.344070E+4	0.000000E+0	0.000000E+0
2.201648E+3	1.029330E-5	1.344040E+4	0.000000E+0	0.000000E+0
2.204647E+3	1.029390E-5	1.344020E+4	0.000000E+0	0.000000E+0
2.207644E+3	1.029420E-5	1.343990E+4	0.000000E+0	0.000000E+0
2.210644E+3	1.029420E-5	1.343960E+4	0.000000E+0	0.000000E+0
2.213644E+3	1.029420E-5	1.343920E+4	0.000000E+0	0.000000E+0
2.216647E+3	1.029420E-5	1.343900E+4	0.000000E+0	0.000000E+0
2.219645E+3	1.029400E-5	1.343870E+4	0.000000E+0	0.000000E+0
2.222645E+3	1.029370E-5	1.343840E+4	0.000000E+0	0.000000E+0
2.225644E+3	1.029400E-5	1.343820E+4	0.000000E+0	0.000000E+0
2.228645E+3	1.029420E-5	1.343810E+4	0.000000E+0	0.000000E+0
2.231644E+3	1.029470E-5	1.343770E+4	0.000000E+0	0.000000E+0
2.234648E+3	1.029440E-5	1.343750E+4	0.000000E+0	0.000000E+0
2.237648E+3	1.029460E-5	1.343720E+4	0.000000E+0	0.000000E+0
2.240648E+3	1.029460E-5	1.343700E+4	0.000000E+0	0.000000E+0
2.243649E+3	1.029480E-5	1.343660E+4	0.000000E+0	0.000000E+0
2.246648E+3	1.029470E-5	1.343620E+4	0.000000E+0	0.000000E+0
2.249645E+3	1.029450E-5	1.343580E+4	0.000000E+0	0.000000E+0
2.252645E+3	1.029460E-5	1.343560E+4	0.000000E+0	0.000000E+0
2.255645E+3	1.029420E-5	1.343520E+4	0.000000E+0	0.000000E+0
2.258647E+3	1.029440E-5	1.343500E+4	0.000000E+0	0.000000E+0
2.261647E+3	1.029460E-5	1.343460E+4	0.000000E+0	0.000000E+0
2.264647E+3	1.029440E-5	1.343440E+4	0.000000E+0	0.000000E+0
2.267650E+3	1.029470E-5	1.343420E+4	0.000000E+0	0.000000E+0
2.270646E+3	1.029450E-5	1.343390E+4	0.000000E+0	0.000000E+0
2.273647E+3	1.029470E-5	1.343360E+4	0.000000E+0	0.000000E+0
2.276649E+3	1.029450E-5	1.343340E+4	0.000000E+0	0.000000E+0
2.279647E+3	1.029480E-5	1.343300E+4	0.000000E+0	0.000000E+0
2.282645E+3	1.029420E-5	1.343290E+4	0.000000E+0	0.000000E+0
2.285648E+3	1.029470E-5	1.343250E+4	0.000000E+0	0.000000E+0
2.288648E+3	1.029510E-5	1.343220E+4	0.000000E+0	0.000000E+0
2.291648E+3	1.029530E-5	1.343190E+4	0.000000E+0	0.000000E+0
2.294650E+3	1.029500E-5	1.343170E+4	0.000000E+0	0.000000E+0
2.297650E+3	1.029480E-5	1.343140E+4	0.000000E+0	0.000000E+0
2.300651E+3	1.029520E-5	1.343110E+4	0.000000E+0	0.000000E+0
2.303651E+3	1.029570E-5	1.343080E+4	0.000000E+0	0.000000E+0
2.306645E+3	1.029560E-5	1.343070E+4	0.000000E+0	0.000000E+0
2.309646E+3	1.029520E-5	1.343040E+4	0.000000E+0	0.000000E+0
2.312645E+3	1.029570E-5	1.343030E+4	0.000000E+0	0.000000E+0
2.315646E+3	1.029570E-5	1.343010E+4	0.000000E+0	0.000000E+0
2.318648E+3	1.029530E-5	1.342990E+4	0.000000E+0	0.000000E+0
2.321644E+3	1.029580E-5	1.342960E+4	0.000000E+0	0.000000E+0
2.324649E+3	1.029540E-5	1.342940E+4	0.000000E+0	0.000000E+0
2.327646E+3	1.029570E-5	1.342930E+4	0.000000E+0	0.000000E+0
2.330645E+3	1.029600E-5	1.342900E+4	0.000000E+0	0.000000E+0
2.333647E+3	1.029560E-5	1.342870E+4	0.000000E+0	0.000000E+0
2.336644E+3	1.029580E-5	1.342850E+4	0.000000E+0	0.000000E+0
2.339645E+3	1.029580E-5	1.342830E+4	0.000000E+0	0.000000E+0
2.342645E+3	1.029590E-5	1.342810E+4	0.000000E+0	0.000000E+0
2.345642E+3	1.029610E-5	1.342790E+4	0.000000E+0	0.000000E+0
2.348646E+3	1.029630E-5	1.342760E+4	0.000000E+0	0.000000E+0
2.351650E+3	1.029620E-5	1.342730E+4	0.000000E+0	0.000000E+0
2.354642E+3	1.029610E-5	1.342710E+4	0.000000E+0	0.000000E+0
2.357643E+3	1.029600E-5	1.342690E+4	0.000000E+0	0.000000E+0
2.360637E+3	1.029620E-5	1.342660E+4	0.000000E+0	0.000000E+0
2.363638E+3	1.029590E-5	1.342640E+4	0.000000E+0	0.000000E+0
2.366634E+3	1.029620E-5	1.342620E+4	0.000000E+0	0.000000E+0
2.369638E+3	1.029620E-5	1.342600E+4	0.000000E+0	0.000000E+0
2.372638E+3	1.029640E-5	1.342580E+4	0.000000E+0	0.000000E+0
2.375633E+3	1.029640E-5	1.342550E+4	0.000000E+0	0.000000E+0
2.378633E+3	1.029680E-5	1.342540E+4	0.000000E+0	0.000000E+0
2.381630E+3	1.029610E-5	1.342520E+4	0.000000E+0	0.000000E+0
2.384636E+3	1.029660E-5	1.342490E+4	0.000000E+0	0.000000E+0
2.387630E+3	1.029660E-5	1.342470E+4	0.000000E+0	0.000000E+0
2.390648E+3	1.029650E-5	1.342450E+4	0.000000E+0	0.000000E+0
2.393651E+3	1.029650E-5	1.342420E+4	0.000000E+0	0.000000E+0
2.396650E+3	1.029720E-5	1.342410E+4	0.000000E+0	0.000000E+0
2.399645E+3	1.029700E-5	1.342370E+4	0.000000E+0	0.000000E+0
2.402645E+3	1.029740E-5	1.342340E+4	0.000000E+0	0.000000E+0
2.405645E+3	1.029720E-5	1.342310E+4	0.000000E+0	0.000000E+0
2.408651E+3	1.029680E-5	1.342300E+4	0.000000E+0	0.000000E+0
2.411645E+3	1.029660E-5	1.342280E+4	0.000000E+0	0.000000E+0
2.414649E+3	1.029690E-5	1.342250E+4	0.000000E+0	0.000000E+0
2.417649E+3	1.029660E-5	1.342230E+4	0.000000E+0	0.000000E+0
2.420645E+3	1.029710E-5	1.342200E+4	0.000000E+0	0.000000E+0
2.423647E+3	1.029710E-5	1.342180E+4	0.000000E+0	0.000000E+0
2.426647E+3	1.029670E-5	1.342160E+4	0.000000E+0	0.000000E+0
2.429646E+3	1.029660E-5	1.342150E+4	0.000000E+0	0.000000E+0
2.432647E+3	1.029740E-5	1.342130E+4	0.000000E+0	0.000000E+0
2.435649E+3	1.029750E-5	1.342100E+4	0.000000E+0	0.000000E+0
2.438650E+3	1.029740E-5	1.342070E+4	0.000000E+0	0.000000E+0
2.441649E+3	1.029730E-5	1.342040E+4	0.000000E+0	0.000000E+0
2.444650E+3	1.029730E-5	1.342000E+4	0.000000E+0	0.000000E+0
2.447645E+3	1.029760E-5	1.341970E+4	0.000000E+0	0.000000E+0
2.450645E+3	1.029830E-5	1.341940E+4	0.000000E+0	0.000000E+0
2.453645E+3	1.029770E-5	1.341930E+4	0.000000E+0	0.000000E+0
2.456640E+3	1.029740E-5	1.341910E+4	0.000000E+0	0.000000E+0
2.459637E+3	1.029760E-5	1.341890E+4	0.000000E+0	0.000000E+0
2.462632E+3	1.029840E-5	1.341870E+4	0.000000E+0	0.000000E+0
2.465641E+3	1.029810E-5	1.341850E+4	0.000000E+0	0.000000E+0
2.468647E+3	1.029810E-5	1.341850E+4	0.000000E+0	0.000000E+0
2.471653E+3	1.029790E-5	1.341830E+4	0.000000E+0	0.000000E+0
2.474645E+3	1.029820E-5	1.341810E+4	0.000000E+0	0.000000E+0
2.477641E+3	1.029800E-5	1.341800E+4	0.000000E+0	0.000000E+0
2.480645E+3	1.029800E-5	1.341790E+4	0.000000E+0	0.000000E+0
2.483646E+3	1.029760E-5	1.341770E+4	0.000000E+0	0.000000E+0
2.486653E+3	1.029780E-5	1.341750E+4	0.000000E+0	0.000000E+0
2.489648E+3	1.029780E-5	1.341740E+4	0.000000E+0	0.000000E+0
2.492649E+3	1.029800E-5	1.341720E+4	0.000000E+0	0.000000E+0
2.495648E+3	1.029810E-5	1.341700E+4	0.000000E+0	0.000000E+0
2.498648E+3	1.029830E-5	1.341690E+4	0.000000E+0	0.000000E+0
2.501649E+3	1.029850E-5	1.341660E+4	0.000000E+0	0.000000E+0
2.504648E+3	1.029880E-5	1.341650E+4	0.000000E+0	0.000000E+0
2.507649E+3	1.029860E-5	1.341630E+4	0.000000E+0	0.000000E+0
2.510649E+3	1.029890E-5	1.341610E+4	0.000000E+0	0.000000E+0
2.513651E+3	1.029860E-5	1.341580E+4	0.000000E+0	0.000000E+0
2.516654E+3	1.029840E-5	1.341560E+4	0.000000E+0	0.000000E+0
2.519646E+3	1.029840E-5	1.341540E+4	0.000000E+0	0.000000E+0
2.522645E+3	1.029860E-5	1.341530E+4	0.000000E+0	0.000000E+0
2.525650E+3	1.029840E-5	1.341510E+4	0.000000E+0	0.000000E+0
2.528650E+3	1.029860E-5	1.341480E+4	0.000000E+0	0.000000E+0
2.531647E+3	1.029860E-5	1.341470E+4	0.000000E+0	0.000000E+0
2.534645E+3	1.029890E-5	1.341450E+4	0.000000E+0	0.000000E+0
2.537645E+3	1.029920E-5	1.341420E+4	0.000000E+0	0.000000E+0
2.540647E+3	1.029850E-5	1.341400E+4	0.000000E+0	0.000000E+0
2.543645E+3	1.029910E-5	1.341370E+4	0.000000E+0	0.000000E+0
2.546645E+3	1.029920E-5	1.341330E+4	0.000000E+0	0.000000E+0
2.549647E+3	1.029860E-5	1.341310E+4	0.000000E+0	0.000000E+0
2.552645E+3	1.029880E-5	1.341270E+4	0.000000E+0	0.000000E+0
2.555644E+3	1.029880E-5	1.341240E+4	0.000000E+0	0.000000E+0
2.558641E+3	1.029860E-5	1.341210E+4	0.000000E+0	0.000000E+0
2.561631E+3	1.029910E-5	1.341180E+4	0.000000E+0	0.000000E+0
2.564643E+3	1.029940E-5	1.341150E+4	0.000000E+0	0.000000E+0
2.567643E+3	1.029920E-5	1.341110E+4	0.000000E+0	0.000000E+0
2.570636E+3	1.029900E-5	1.341070E+4	0.000000E+0	0.000000E+0
2.573639E+3	1.029900E-5	1.341040E+4	0.000000E+0	0.000000E+0
2.576631E+3	1.029940E-5	1.341000E+4	0.000000E+0	0.000000E+0
2.579638E+3	1.029910E-5	1.340980E+4	0.000000E+0	0.000000E+0
2.582634E+3	1.029950E-5	1.340940E+4	0.000000E+0	0.000000E+0
2.585648E+3	1.029960E-5	1.340910E+4	0.000000E+0	0.000000E+0
2.588651E+3	1.029950E-5	1.340880E+4	0.000000E+0	0.000000E+0
2.591652E+3	1.029940E-5	1.340860E+4	0.000000E+0	0.000000E+0
2.594644E+3	1.029970E-5	1.340850E+4	0.000000E+0	0.000000E+0
2.597647E+3	1.029910E-5	1.340830E+4	0.000000E+0	0.000000E+0
2.600647E+3	1.029960E-5	1.340810E+4	0.000000E+0	0.000000E+0
2.603643E+3	1.029970E-5	1.340800E+4	0.000000E+0	0.000000E+0
2.606649E+3	1.029990E-5	1.340780E+4	0.000000E+0	0.000000E+0
2.609645E+3	1.029980E-5	1.340760E+4	0.000000E+0	0.000000E+0
2.612646E+3	1.030000E-5	1.340740E+4	0.000000E+0	0.000000E+0
2.615652E+3	1.029950E-5	1.340730E+4	0.000000E+0	0.000000E+0
2.618652E+3	1.029990E-5	1.340710E+4	0.000000E+0	0.000000E+0
2.621649E+3	1.029980E-5	1.340680E+4	0.000000E+0	0.000000E+0
2.624649E+3	1.030020E-5	1.340650E+4	0.000000E+0	0.000000E+0
2.627648E+3	1.030000E-5	1.340620E+4	0.000000E+0	0.000000E+0
2.630650E+3	1.030000E-5	1.340600E+4	0.000000E+0	0.000000E+0
2.633652E+3	1.029970E-5	1.340580E+4	0.000000E+0	0.000000E+0
2.636645E+3	1.030030E-5	1.340550E+4	0.000000E+0	0.000000E+0
2.639645E+3	1.030100E-5	1.340520E+4	0.000000E+0	0.000000E+0
2.642650E+3	1.030020E-5	1.340500E+4	0.000000E+0	0.000000E+0
2.645647E+3	1.030030E-5	1.340460E+4	0.000000E+0	0.000000E+0
2.648644E+3	1.030040E-5	1.340440E+4	0.000000E+0	0.000000E+0
2.651644E+3	1.030050E-5	1.340410E+4	0.000000E+0	0.000000E+0
2.654648E+3	1.030010E-5	1.340390E+4	0.000000E+0	0.000000E+0
2.657645E+3	1.030070E-5	1.340350E+4	0.000000E+0	0.000000E+0
2.660650E+3	1.030070E-5	1.340330E+4	0.000000E+0	0.000000E+0
2.663648E+3	1.030070E-5	1.340310E+4	0.000000E+0	0.000000E+0
2.666648E+3	1.030090E-5	1.340280E+4	0.000000E+0	0.000000E+0
2.669645E+3	1.030080E-5	1.340250E+4	0.000000E+0	0.000000E+0
2.672651E+3	1.030050E-5	1.340220E+4	0.000000E+0	0.000000E+0
2.675648E+3	1.030080E-5	1.340190E+4	0.000000E+0	0.000000E+0
2.678648E+3	1.030070E-5	1.340160E+4	0.000000E+0	0.000000E+0
2.681651E+3	1.030080E-5	1.340150E+4	0.000000E+0	0.000000E+0
2.684649E+3	1.030080E-5	1.340120E+4	0.000000E+0	0.000000E+0
2.687647E+3	1.030170E-5	1.340110E+4	0.000000E+0	0.000000E+0
2.690646E+3	1.030180E-5	1.340080E+4	0.000000E+0	0.000000E+0
2.693647E+3	1.030180E-5	1.340050E+4	0.000000E+0	0.000000E+0
2.696646E+3	1.030160E-5	1.340040E+4	0.000000E+0	0.000000E+0
2.699647E+3	1.030150E-5	1.340010E+4	0.000000E+0	0.000000E+0
2.702647E+3	1.030110E-5	1.339980E+4	0.000000E+0	0.000000E+0
2.705649E+3	1.030090E-5	1.339960E+4	0.000000E+0	0.000000E+0
2.708650E+3	1.030160E-5	1.339930E+4	0.000000E+0	0.000000E+0
2.711650E+3	1.030170E-5	1.339900E+4	0.000000E+0	0.000000E+0
2.714652E+3	1.030180E-5	1.339880E+4	0.000000E+0	0.000000E+0
2.717648E+3	1.030200E-5	1.339850E+4	0.000000E+0	0.000000E+0
2.720652E+3	1.030140E-5	1.339820E+4	0.000000E+0	0.000000E+0
2.723650E+3	1.030170E-5	1.339800E+4	0.000000E+0	0.000000E+0
2.726648E+3	1.030110E-5	1.339770E+4	0.000000E+0	0.000000E+0
2.729650E+3	1.030110E-5	1.339720E+4	0.000000E+0	0.000000E+0
2.732653E+3	1.030130E-5	1.339700E+4	0.000000E+0	0.000000E+0
2.735651E+3	1.030200E-5	1.339660E+4	0.000000E+0	0.000000E+0
2.738651E+3	1.030110E-5	1.339620E+4	0.000000E+0	0.000000E+0
2.741651E+3	1.030200E-5	1.339600E+4	0.000000E+0	0.000000E+0
2.744648E+3	1.030150E-5	1.339580E+4	0.000000E+0	0.000000E+0
2.747648E+3	1.030200E-5	1.339560E+4	0.000000E+0	0.000000E+0
2.750648E+3	1.030170E-5	1.339530E+4	0.000000E+0	0.000000E+0
2.753646E+3	1.030210E-5	1.339510E+4	0.000000E+0	0.000000E+0
2.756648E+3	1.030220E-5	1.339480E+4	0.000000E+0	0.000000E+0
2.759648E+3	1.030240E-5	1.339440E+4	0.000000E+0	0.000000E+0
2.762648E+3	1.030210E-5	1.339410E+4	0.000000E+0	0.000000E+0
2.765648E+3	1.030230E-5	1.339350E+4	0.000000E+0	0.000000E+0
2.768648E+3	1.030240E-5	1.339160E+4	0.000000E+0	0.000000E+0
2.771645E+3	1.030280E-5	1.339010E+4	0.000000E+0	0.000000E+0
2.774651E+3	1.030240E-5	1.338970E+4	0.000000E+0	0.000000E+0
2.777646E+3	1.030210E-5	1.338930E+4	0.000000E+0	0.000000E+0
2.780649E+3	1.030240E-5	1.338900E+4	0.000000E+0	0.000000E+0
2.783649E+3	1.030260E-5	1.338900E+4	0.000000E+0	0.000000E+0
2.786647E+3	1.030300E-5	1.338910E+4	0.000000E+0	0.000000E+0
2.789647E+3	1.030270E-5	1.338910E+4	0.000000E+0	0.000000E+0
2.792645E+3	1.030290E-5	1.338920E+4	0.000000E+0	0.000000E+0
2.795645E+3	1.030250E-5	1.338940E+4	0.000000E+0	0.000000E+0
2.798643E+3	1.030280E-5	1.338950E+4	0.000000E+0	0.000000E+0
2.801643E+3	1.030320E-5	1.338950E+4	0.000000E+0	0.000000E+0
2.804640E+3	1.030330E-5	1.338940E+4	0.000000E+0	0.000000E+0
2.807637E+3	1.030290E-5	1.338930E+4	0.000000E+0	0.000000E+0
2.810638E+3	1.030320E-5	1.338920E+4	0.000000E+0	0.000000E+0
2.813633E+3	1.030320E-5	1.338910E+4	0.000000E+0	0.000000E+0
2.816638E+3	1.030340E-5	1.338900E+4	0.000000E+0	0.000000E+0
2.819635E+3	1.030320E-5	1.338890E+4	0.000000E+0	0.000000E+0
2.822638E+3	1.030350E-5	1.338870E+4	0.000000E+0	0.000000E+0
2.825635E+3	1.030350E-5	1.338870E+4	0.000000E+0	0.000000E+0
2.828646E+3	1.030350E-5	1.338860E+4	0.000000E+0	0.000000E+0
2.831646E+3	1.030330E-5	1.338860E+4	0.000000E+0	0.000000E+0
2.834639E+3	1.030370E-5	1.338850E+4	0.000000E+0	0.000000E+0
2.837639E+3	1.030380E-5	1.338840E+4	0.000000E+0	0.000000E+0
2.840642E+3	1.030380E-5	1.338820E+4	0.000000E+0	0.000000E+0
2.843646E+3	1.030360E-5	1.338810E+4	0.000000E+0	0.000000E+0
2.846644E+3	1.030350E-5	1.338800E+4	0.000000E+0	0.000000E+0
2.849644E+3	1.030370E-5	1.338770E+4	0.000000E+0	0.000000E+0
2.852649E+3	1.030360E-5	1.338750E+4	0.000000E+0	0.000000E+0
2.855645E+3	1.030390E-5	1.338730E+4	0.000000E+0	0.000000E+0
2.858646E+3	1.030370E-5	1.338720E+4	0.000000E+0	0.000000E+0
2.861647E+3	1.030410E-5	1.338690E+4	0.000000E+0	0.000000E+0
2.864651E+3	1.030340E-5	1.338670E+4	0.000000E+0	0.000000E+0
2.867650E+3	1.030380E-5	1.338660E+4	0.000000E+0	0.000000E+0
2.870651E+3	1.030350E-5	1.338640E+4	0.000000E+0	0.000000E+0
2.873652E+3	1.030440E-5	1.338620E+4	0.000000E+0	0.000000E+0
2.876650E+3	1.030430E-5	1.338580E+4	0.000000E+0	0.000000E+0
2.879647E+3	1.030330E-5	1.338550E+4	0.000000E+0	0.000000E+0
2.882647E+3	1.030420E-5	1.338530E+4	0.000000E+0	0.000000E+0
2.885649E+3	1.030390E-5	1.338500E+4	0.000000E+0	0.000000E+0
2.888647E+3	1.030440E-5	1.338450E+4	0.000000E+0	0.000000E+0
2.891648E+3	1.030450E-5	1.338410E+4	0.000000E+0	0.000000E+0
2.894650E+3	1.030450E-5	1.338370E+4	0.000000E+0	0.000000E+0
2.897648E+3	1.030380E-5	1.338330E+4	0.000000E+0	0.000000E+0
2.900650E+3	1.030430E-5	1.338290E+4	0.000000E+0	0.000000E+0
2.903648E+3	1.030430E-5	1.338250E+4	0.000000E+0	0.000000E+0
2.906648E+3	1.030450E-5	1.338220E+4	0.000000E+0	0.000000E+0
2.909648E+3	1.030380E-5	1.338200E+4	0.000000E+0	0.000000E+0
2.912650E+3	1.030420E-5	1.338180E+4	0.000000E+0	0.000000E+0
2.915650E+3	1.030440E-5	1.338170E+4	0.000000E+0	0.000000E+0
2.918646E+3	1.030460E-5	1.338150E+4	0.000000E+0	0.000000E+0
2.921645E+3	1.030430E-5	1.338130E+4	0.000000E+0	0.000000E+0
2.924650E+3	1.030450E-5	1.338110E+4	0.000000E+0	0.000000E+0
2.927649E+3	1.030410E-5	1.338090E+4	0.000000E+0	0.000000E+0
2.930646E+3	1.030430E-5	1.338080E+4	0.000000E+0	0.000000E+0
2.933646E+3	1.030500E-5	1.338050E+4	0.000000E+0	0.000000E+0
2.936649E+3	1.030450E-5	1.338030E+4	0.000000E+0	0.000000E+0
2.939648E+3	1.030490E-5	1.338000E+4	0.000000E+0	0.000000E+0
2.942651E+3	1.030510E-5	1.337980E+4	0.000000E+0	0.000000E+0
2.945646E+3	1.030500E-5	1.337940E+4	0.000000E+0	0.000000E+0
2.948646E+3	1.030510E-5	1.337910E+4	0.000000E+0	0.000000E+0
2.951647E+3	1.030510E-5	1.337870E+4	0.000000E+0	0.000000E+0
2.954649E+3	1.030530E-5	1.337830E+4	0.000000E+0	0.000000E+0
2.957646E+3	1.030460E-5	1.337780E+4	0.000000E+0	0.000000E+0
2.960649E+3	1.030510E-5	1.337740E+4	0.000000E+0	0.000000E+0
2.963649E+3	1.030510E-5	1.337710E+4	0.000000E+0	0.000000E+0
2.966649E+3	1.030530E-5	1.337670E+4	0.000000E+0	0.000000E+0
2.969647E+3	1.030540E-5	1.337650E+4	0.000000E+0	0.000000E+0
2.972649E+3	1.030500E-5	1.337620E+4	0.000000E+0	0.000000E+0
2.975645E+3	1.030550E-5	1.337590E+4	0.000000E+0	0.000000E+0
2.978647E+3	1.030540E-5	1.337560E+4	0.000000E+0	0.000000E+0
2.981647E+3	1.030540E-5	1.337530E+4	0.000000E+0	0.000000E+0
2.984648E+3	1.030580E-5	1.337510E+4	0.000000E+0	0.000000E+0
2.987648E+3	1.030550E-5	1.337480E+4	0.000000E+0	0.000000E+0
2.990648E+3	1.030570E-5	1.337440E+4	0.000000E+0	0.000000E+0
2.993648E+3	1.030580E-5	1.337390E+4	0.000000E+0	0.000000E+0
2.996644E+3	1.030590E-5	1.337370E+4	0.000000E+0	0.000000E+0
2.999646E+3	1.030600E-5	1.337340E+4	0.000000E+0	0.000000E+0
3.002648E+3	1.030620E-5	1.337310E+4	0.000000E+0	0.000000E+0
3.005646E+3	1.030590E-5	1.337290E+4	0.000000E+0	0.000000E+0
3.008646E+3	1.030650E-5	1.337260E+4	0.000000E+0	0.000000E+0
3.011642E+3	1.030600E-5	1.337240E+4	0.000000E+0	0.000000E+0
3.014638E+3	1.030600E-5	1.337230E+4	0.000000E+0	0.000000E+0
3.017634E+3	1.030630E-5	1.337210E+4	0.000000E+0	0.000000E+0
3.020639E+3	1.030610E-5	1.337190E+4	0.000000E+0	0.000000E+0
3.023634E+3	1.030590E-5	1.337180E+4	0.000000E+0	0.000000E+0
3.026637E+3	1.030620E-5	1.337140E+4	0.000000E+0	0.000000E+0
3.029633E+3	1.030670E-5	1.337120E+4	0.000000E+0	0.000000E+0
3.032641E+3	1.030620E-5	1.337090E+4	0.000000E+0	0.000000E+0
3.035637E+3	1.030620E-5	1.337070E+4	0.000000E+0	0.000000E+0
3.038631E+3	1.030640E-5	1.337040E+4	0.000000E+0	0.000000E+0
3.041637E+3	1.030600E-5	1.337030E+4	0.000000E+0	0.000000E+0
3.044639E+3	1.030660E-5	1.337000E+4	0.000000E+0	0.000000E+0
3.047637E+3	1.030670E-5	1.336980E+4	0.000000E+0	0.000000E+0
3.050635E+3	1.030660E-5	1.336950E+4	0.000000E+0	0.000000E+0
3.053639E+3	1.030630E-5	1.336920E+4	0.000000E+0	0.000000E+0
3.056647E+3	1.030680E-5	1.336890E+4	0.000000E+0	0.000000E+0
3.059650E+3	1.030690E-5	1.336860E+4	0.000000E+0	0.000000E+0
3.062650E+3	1.030670E-5	1.336830E+4	0.000000E+0	0.000000E+0
3.065654E+3	1.030690E-5	1.336800E+4	0.000000E+0	0.000000E+0
3.068641E+3	1.030700E-5	1.336780E+4	0.000000E+0	0.000000E+0
3.071641E+3	1.030690E-5	1.336760E+4	0.000000E+0	0.000000E+0
3.074637E+3	1.030670E-5	1.336730E+4	0.000000E+0	0.000000E+0
3.077633E+3	1.030720E-5	1.336710E+4	0.000000E+0	0.000000E+0
3.080641E+3	1.030740E-5	1.336690E+4	0.000000E+0	0.000000E+0
3.083640E+3	1.030760E-5	1.336670E+4	0.000000E+0	0.000000E+0
3.086636E+3	1.030710E-5	1.336650E+4	0.000000E+0	0.000000E+0
3.089635E+3	1.030710E-5	1.336620E+4	0.000000E+0	0.000000E+0
3.092635E+3	1.030720E-5	1.336600E+4	0.000000E+0	0.000000E+0
3.095636E+3	1.030750E-5	1.336590E+4	0.000000E+0	0.000000E+0
3.098631E+3	1.030740E-5	1.336560E+4	0.000000E+0	0.000000E+0
3.101638E+3	1.030750E-5	1.336550E+4	0.000000E+0	0.000000E+0
3.104638E+3	1.030760E-5	1.336540E+4	0.000000E+0	0.000000E+0
3.107634E+3	1.030760E-5	1.336520E+4	0.000000E+0	0.000000E+0
3.110650E+3	1.030760E-5	1.336500E+4	0.000000E+0	0.000000E+0
3.113652E+3	1.030780E-5	1.336490E+4	0.000000E+0	0.000000E+0
3.116645E+3	1.030720E-5	1.336460E+4	0.000000E+0	0.000000E+0
3.119648E+3	1.030800E-5	1.336450E+4	0.000000E+0	0.000000E+0
3.122648E+3	1.030740E-5	1.336420E+4	0.000000E+0	0.000000E+0
3.125651E+3	1.030810E-5	1.336400E+4	0.000000E+0	0.000000E+0
3.128652E+3	1.030790E-5	1.336360E+4	0.000000E+0	0.000000E+0
3.131654E+3	1.030800E-5	1.336310E+4	0.000000E+0	0.000000E+0
3.134650E+3	1.030810E-5	1.336270E+4	0.000000E+0	0.000000E+0
3.137652E+3	1.030830E-5	1.336250E+4	0.000000E+0	0.000000E+0
3.140654E+3	1.030870E-5	1.336240E+4	0.000000E+0	0.000000E+0
3.143647E+3	1.030790E-5	1.336220E+4	0.000000E+0	0.000000E+0
3.146647E+3	1.030800E-5	1.336200E+4	0.000000E+0	0.000000E+0
3.149647E+3	1.030850E-5	1.336190E+4	0.000000E+0	0.000000E+0
3.152652E+3	1.030840E-5	1.336180E+4	0.000000E+0	0.000000E+0
3.155648E+3	1.030830E-5	1.336170E+4	0.000000E+0	0.000000E+0
3.158650E+3	1.030900E-5	1.336160E+4	0.000000E+0	0.000000E+0
3.161656E+3	1.030860E-5	1.336140E+4	0.000000E+0	0.000000E+0
3.164645E+3	1.030890E-5	1.336120E+4	0.000000E+0	0.000000E+0
3.167650E+3	1.030900E-5	1.336110E+4	0.000000E+0	0.000000E+0
3.170647E+3	1.030890E-5	1.336080E+4	0.000000E+0	0.000000E+0
3.173648E+3	1.030850E-5	1.336060E+4	0.000000E+0	0.000000E+0
3.176648E+3	1.030880E-5	1.336050E+4	0.000000E+0	0.000000E+0
3.179650E+3	1.030860E-5	1.336040E+4	0.000000E+0	0.000000E+0
3.182658E+3	1.030910E-5	1.336030E+4	0.000000E+0	0.000000E+0
3.185675E+3	1.030880E-5	1.336020E+4	0.000000E+0	0.000000E+0
3.188650E+3	1.030860E-5	1.336000E+4	0.000000E+0	0.000000E+0
3.191648E+3	1.030860E-5	1.335970E+4	0.000000E+0	0.000000E+0
3.194645E+3	1.030910E-5	1.335950E+4	0.000000E+0	0.000000E+0
3.197646E+3	1.030890E-5	1.335940E+4	0.000000E+0	0.000000E+0
3.200646E+3	1.030910E-5	1.335890E+4	0.000000E+0	0.000000E+0
3.203648E+3	1.030920E-5	1.335870E+4	0.000000E+0	0.000000E+0
3.206649E+3	1.030910E-5	1.335840E+4	0.000000E+0	0.000000E+0
3.209647E+3	1.030940E-5	1.335820E+4	0.000000E+0	0.000000E+0
3.212647E+3	1.030930E-5	1.335790E+4	0.000000E+0	0.000000E+0
3.215649E+3	1.030920E-5	1.335760E+4	0.000000E+0	0.000000E+0
3.218645E+3	1.030950E-5	1.335740E+4	0.000000E+0	0.000000E+0
3.221647E+3	1.030900E-5	1.335710E+4	0.000000E+0	0.000000E+0
3.224645E+3	1.030920E-5	1.335680E+4	0.000000E+0	0.000000E+0
3.227647E+3	1.030950E-5	1.335660E+4	0.000000E+0	0.000000E+0
3.230649E+3	1.030950E-5	1.335630E+4	0.000000E+0	0.000000E+0
3.233647E+3	1.030970E-5	1.335600E+4	0.000000E+0	0.000000E+0
3.236645E+3	1.030970E-5	1.335570E+4	0.000000E+0	0.000000E+0
3.239647E+3	1.030950E-5	1.335550E+4	0.000000E+0	0.000000E+0
3.242647E+3	1.030980E-5	1.335510E+4	0.000000E+0	0.000000E+0
3.245648E+3	1.030950E-5	1.335490E+4	0.000000E+0	0.000000E+0
3.248647E+3	1.030990E-5	1.335460E+4	0.000000E+0	0.000000E+0
3.251647E+3	1.031050E-5	1.335440E+4	0.000000E+0	0.000000E+0
3.254650E+3	1.031030E-5	1.335430E+4	0.000000E+0	0.000000E+0
3.257677E+3	1.031030E-5	1.335390E+4	0.000000E+0	0.000000E+0
3.260638E+3	1.031020E-5	1.335370E+4	0.000000E+0	0.000000E+0
3.263642E+3	1.031010E-5	1.335350E+4	0.000000E+0	0.000000E+0
3.266639E+3	1.031010E-5	1.335310E+4	0.000000E+0	0.000000E+0
3.269639E+3	1.030990E-5	1.335280E+4	0.000000E+0	0.000000E+0
3.272636E+3	1.031030E-5	1.335250E+4	0.000000E+0	0.000000E+0
3.275638E+3	1.031040E-5	1.335220E+4	0.000000E+0	0.000000E+0
3.278636E+3	1.031070E-5	1.335190E+4	0.000000E+0	0.000000E+0
3.281641E+3	1.031060E-5	1.335160E+4	0.000000E+0	0.000000E+0
3.284639E+3	1.031040E-5	1.335120E+4	0.000000E+0	0.000000E+0
3.287633E+3	1.031040E-5	1.335090E+4	0.000000E+0	0.000000E+0
3.290636E+3	1.031060E-5	1.335060E+4	0.000000E+0	0.000000E+0
3.293641E+3	1.031080E-5	1.335010E+4	0.000000E+0	0.000000E+0
3.296637E+3	1.031080E-5	1.334980E+4	0.000000E+0	0.000000E+0
3.299637E+3	1.031100E-5	1.334950E+4	0.000000E+0	0.000000E+0
3.302637E+3	1.031090E-5	1.334920E+4	0.000000E+0	0.000000E+0
3.305637E+3	1.031130E-5	1.334880E+4	0.000000E+0	0.000000E+0
3.308632E+3	1.031090E-5	1.334850E+4	0.000000E+0	0.000000E+0
3.311635E+3	1.031090E-5	1.334810E+4	0.000000E+0	0.000000E+0
3.314635E+3	1.031050E-5	1.334780E+4	0.000000E+0	0.000000E+0
3.317635E+3	1.031090E-5	1.334740E+4	0.000000E+0	0.000000E+0
3.320635E+3	1.031070E-5	1.334710E+4	0.000000E+0	0.000000E+0
3.323640E+3	1.031120E-5	1.334690E+4	0.000000E+0	0.000000E+0
3.326637E+3	1.031110E-5	1.334660E+4	0.000000E+0	0.000000E+0
3.329635E+3	1.031130E-5	1.334630E+4	0.000000E+0	0.000000E+0
3.332638E+3	1.031170E-5	1.334610E+4	0.000000E+0	0.000000E+0
3.335633E+3	1.031160E-5	1.334590E+4	0.000000E+0	0.000000E+0
3.338638E+3	1.031200E-5	1.334560E+4	0.000000E+0	0.000000E+0
3.341636E+3	1.031130E-5	1.334540E+4	0.000000E+0	0.000000E+0
3.344633E+3	1.031170E-5	1.334520E+4	0.000000E+0	0.000000E+0
3.347636E+3	1.031150E-5	1.334500E+4	0.000000E+0	0.000000E+0
3.350638E+3	1.031140E-5	1.334480E+4	0.000000E+0	0.000000E+0
3.353636E+3	1.031140E-5	1.334460E+4	0.000000E+0	0.000000E+0
3.356638E+3	1.031160E-5	1.334420E+4	0.000000E+0	0.000000E+0
3.359636E+3	1.031220E-5	1.334400E+4	0.000000E+0	0.000000E+0
3.362638E+3	1.031170E-5	1.334360E+4	0.000000E+0	0.000000E+0
3.365642E+3	1.031170E-5	1.334320E+4	0.000000E+0	0.000000E+0
3.368639E+3	1.031130E-5	1.334290E+4	0.000000E+0	0.000000E+0
3.371645E+3	1.031210E-5	1.334240E+4	0.000000E+0	0.000000E+0
3.374642E+3	1.031240E-5	1.334210E+4	0.000000E+0	0.000000E+0
3.377641E+3	1.031180E-5	1.334190E+4	0.000000E+0	0.000000E+0
3.380645E+3	1.031190E-5	1.334150E+4	0.000000E+0	0.000000E+0
3.383647E+3	1.031190E-5	1.334130E+4	0.000000E+0	0.000000E+0
3.386646E+3	1.031210E-5	1.334100E+4	0.000000E+0	0.000000E+0
3.389649E+3	1.031240E-5	1.334080E+4	0.000000E+0	0.000000E+0
3.392645E+3	1.031260E-5	1.334050E+4	0.000000E+0	0.000000E+0
3.395647E+3	1.031260E-5	1.334030E+4	0.000000E+0	0.000000E+0
3.398649E+3	1.031260E-5	1.334010E+4	0.000000E+0	0.000000E+0
3.401649E+3	1.031280E-5	1.333980E+4	0.000000E+0	0.000000E+0
3.404645E+3	1.031220E-5	1.333960E+4	0.000000E+0	0.000000E+0
3.407643E+3	1.031200E-5	1.333940E+4	0.000000E+0	0.000000E+0
3.410643E+3	1.031270E-5	1.333930E+4	0.000000E+0	0.000000E+0
3.413642E+3	1.031290E-5	1.333900E+4	0.000000E+0	0.000000E+0
3.416637E+3	1.031250E-5	1.333880E+4	0.000000E+0	0.000000E+0
3.419633E+3	1.031250E-5	1.333850E+4	0.000000E+0	0.000000E+0
3.422637E+3	1.031270E-5	1.333830E+4	0.000000E+0	0.000000E+0
3.425630E+3	1.031340E-5	1.333810E+4	0.000000E+0	0.000000E+0
3.428635E+3	1.031310E-5	1.333790E+4	0.000000E+0	0.000000E+0
3.431640E+3	1.031330E-5	1.333770E+4	0.000000E+0	0.000000E+0
3.434633E+3	1.031320E-5	1.333760E+4	0.000000E+0	0.000000E+0
3.437636E+3	1.031290E-5	1.333740E+4	0.000000E+0	0.000000E+0
3.440632E+3	1.031270E-5	1.333720E+4	0.000000E+0	0.000000E+0
3.443643E+3	1.031280E-5	1.333700E+4	0.000000E+0	0.000000E+0
3.446651E+3	1.031290E-5	1.333680E+4	0.000000E+0	0.000000E+0
3.449645E+3	1.031320E-5	1.333650E+4	0.000000E+0	0.000000E+0
3.452641E+3	1.031280E-5	1.333630E+4	0.000000E+0	0.000000E+0
3.455641E+3	1.031280E-5	1.333610E+4	0.000000E+0	0.000000E+0
3.458642E+3	1.031300E-5	1.333590E+4	0.000000E+0	0.000000E+0
3.461641E+3	1.031340E-5	1.333570E+4	0.000000E+0	0.000000E+0
3.464641E+3	1.031320E-5	1.333540E+4	0.000000E+0	0.000000E+0
3.467641E+3	1.031340E-5	1.333520E+4	0.000000E+0	0.000000E+0
3.470642E+3	1.031310E-5	1.333490E+4	0.000000E+0	0.000000E+0
3.473642E+3	1.031330E-5	1.333470E+4	0.000000E+0	0.000000E+0
3.476641E+3	1.031370E-5	1.333450E+4	0.000000E+0	0.000000E+0
3.479639E+3	1.031370E-5	1.333420E+4	0.000000E+0	0.000000E+0
3.482640E+3	1.031380E-5	1.333400E+4	0.000000E+0	0.000000E+0
3.485642E+3	1.031360E-5	1.333390E+4	0.000000E+0	0.000000E+0
3.488650E+3	1.031380E-5	1.333380E+4	0.000000E+0	0.000000E+0
3.491643E+3	1.031420E-5	1.333350E+4	0.000000E+0	0.000000E+0
3.494645E+3	1.031390E-5	1.333340E+4	0.000000E+0	0.000000E+0
3.497645E+3	1.031390E-5	1.333330E+4	0.000000E+0	0.000000E+0
3.500646E+3	1.031380E-5	1.333320E+4	0.000000E+0	0.000000E+0
3.503649E+3	1.031390E-5	1.333300E+4	0.000000E+0	0.000000E+0
3.506645E+3	1.031380E-5	1.333280E+4	0.000000E+0	0.000000E+0
3.509647E+3	1.031400E-5	1.333260E+4	0.000000E+0	0.000000E+0
3.512645E+3	1.031470E-5	1.333240E+4	0.000000E+0	0.000000E+0
3.515645E+3	1.031440E-5	1.333210E+4	0.000000E+0	0.000000E+0
3.518647E+3	1.031470E-5	1.333190E+4	0.000000E+0	0.000000E+0
3.521647E+3	1.031410E-5	1.333170E+4	0.000000E+0	0.000000E+0
3.524647E+3	1.031420E-5	1.333150E+4	0.000000E+0	0.000000E+0
3.527648E+3	1.031450E-5	1.333140E+4	0.000000E+0	0.000000E+0
3.530647E+3	1.031540E-5	1.333120E+4	0.000000E+0	0.000000E+0
3.533648E+3	1.031460E-5	1.333110E+4	0.000000E+0	0.000000E+0
3.536648E+3	1.031490E-5	1.333080E+4	0.000000E+0	0.000000E+0
3.539646E+3	1.031470E-5	1.333060E+4	0.000000E+0	0.000000E+0
3.542646E+3	1.031460E-5	1.333040E+4	0.000000E+0	0.000000E+0
3.545645E+3	1.031490E-5	1.333010E+4	0.000000E+0	0.000000E+0
3.548646E+3	1.031450E-5	1.332990E+4	0.000000E+0	0.000000E+0
3.551645E+3	1.031540E-5	1.332970E+4	0.000000E+0	0.000000E+0
3.554646E+3	1.031520E-5	1.332950E+4	0.000000E+0	0.000000E+0
3.557649E+3	1.031520E-5	1.332920E+4	0.000000E+0	0.000000E+0
3.560641E+3	1.031550E-5	1.332890E+4	0.000000E+0	0.000000E+0
3.563639E+3	1.031570E-5	1.332850E+4	0.000000E+0	0.000000E+0
3.566641E+3	1.031550E-5	1.332810E+4	0.000000E+0	0.000000E+0
3.569637E+3	1.031490E-5	1.332770E+4	0.000000E+0	0.000000E+0
3.572637E+3	1.031560E-5	1.332730E+4	0.000000E+0	0.000000E+0
3.575635E+3	1.031550E-5	1.332690E+4	0.000000E+0	0.000000E+0
3.578635E+3	1.031560E-5	1.332650E+4	0.000000E+0	0.000000E+0
3.581637E+3	1.031540E-5	1.332610E+4	0.000000E+0	0.000000E+0
3.584635E+3	1.031570E-5	1.332590E+4	0.000000E+0	0.000000E+0
3.587632E+3	1.031540E-5	1.332550E+4	0.000000E+0	0.000000E+0
3.590634E+3	1.031550E-5	1.332530E+4	0.000000E+0	0.000000E+0
3.593637E+3	1.031550E-5	1.332500E+4	0.000000E+0	0.000000E+0
3.596635E+3	1.031600E-5	1.332460E+4	0.000000E+0	0.000000E+0
3.599632E+3	1.031550E-5	1.332430E+4	0.000000E+0	0.000000E+0
3.602632E+3	1.031520E-5	1.332410E+4	0.000000E+0	0.000000E+0
3.605633E+3	1.031540E-5	1.332380E+4	0.000000E+0	0.000000E+0
3.608633E+3	1.031560E-5	1.332360E+4	0.000000E+0	0.000000E+0
3.611632E+3	1.031600E-5	1.332340E+4	0.000000E+0	0.000000E+0
3.614632E+3	1.031590E-5	1.332300E+4	0.000000E+0	0.000000E+0
3.617633E+3	1.031600E-5	1.332300E+4	0.000000E+0	0.000000E+0
3.620635E+3	1.031660E-5	1.332260E+4	0.000000E+0	0.000000E+0
3.623633E+3	1.031620E-5	1.332220E+4	0.000000E+0	0.000000E+0
3.626636E+3	1.031600E-5	1.332180E+4	0.000000E+0	0.000000E+0
3.629642E+3	1.031620E-5	1.332140E+4	0.000000E+0	0.000000E+0
3.632636E+3	1.031600E-5	1.332110E+4	0.000000E+0	0.000000E+0
3.635636E+3	1.031580E-5	1.332090E+4	0.000000E+0	0.000000E+0
3.638630E+3	1.031560E-5	1.332060E+4	0.000000E+0	0.000000E+0
3.641634E+3	1.031670E-5	1.332030E+4	0.000000E+0	0.000000E+0
3.644633E+3	1.031620E-5	1.332010E+4	0.000000E+0	0.000000E+0
3.647634E+3	1.031620E-5	1.331980E+4	0.000000E+0	0.000000E+0
3.650634E+3	1.031610E-5	1.331960E+4	0.000000E+0	0.000000E+0
3.653634E+3	1.031670E-5	1.331940E+4	0.000000E+0	0.000000E+0
3.656632E+3	1.031630E-5	1.331930E+4	0.000000E+0	0.000000E+0
3.659632E+3	1.031690E-5	1.331900E+4	0.000000E+0	0.000000E+0
3.662631E+3	1.031700E-5	1.331880E+4	0.000000E+0	0.000000E+0
3.665632E+3	1.031710E-5	1.331850E+4	0.000000E+0	0.000000E+0
3.668632E+3	1.031690E-5	1.331830E+4	0.000000E+0	0.000000E+0
3.671630E+3	1.031750E-5	1.331810E+4	0.000000E+0	0.000000E+0
3.674634E+3	1.031750E-5	1.331800E+4	0.000000E+0	0.000000E+0
3.677634E+3	1.031730E-5	1.331770E+4	0.000000E+0	0.000000E+0
3.680634E+3	1.031720E-5	1.331740E+4	0.000000E+0	0.000000E+0
3.683632E+3	1.031710E-5	1.331720E+4	0.000000E+0	0.000000E+0
3.686634E+3	1.031740E-5	1.331690E+4	0.000000E+0	0.000000E+0
3.689629E+3	1.031780E-5	1.331660E+4	0.000000E+0	0.000000E+0
3.692629E+3	1.031760E-5	1.331650E+4	0.000000E+0	0.000000E+0
3.695639E+3	1.031760E-5	1.331620E+4	0.000000E+0	0.000000E+0
3.698632E+3	1.031770E-5	1.331600E+4	0.000000E+0	0.000000E+0
3.701636E+3	1.031770E-5	1.331580E+4	0.000000E+0	0.000000E+0
3.704630E+3	1.031760E-5	1.331560E+4	0.000000E+0	0.000000E+0
3.707638E+3	1.031810E-5	1.331530E+4	0.000000E+0	0.000000E+0
3.710635E+3	1.031780E-5	1.331510E+4	0.000000E+0	0.000000E+0
3.713631E+3	1.031770E-5	1.331470E+4	0.000000E+0	0.000000E+0
3.716642E+3	1.031840E-5	1.331440E+4	0.000000E+0	0.000000E+0
3.719640E+3	1.031820E-5	1.331400E+4	0.000000E+0	0.000000E+0
3.722636E+3	1.031840E-5	1.331360E+4	0.000000E+0	0.000000E+0
3.725625E+3	1.031800E-5	1.331320E+4	0.000000E+0	0.000000E+0
3.728642E+3	1.031810E-5	1.331300E+4	0.000000E+0	0.000000E+0
3.731652E+3	1.031840E-5	1.331290E+4	0.000000E+0	0.000000E+0
3.734657E+3	1.031830E-5	1.331260E+4	0.000000E+0	0.000000E+0
3.737652E+3	1.031830E-5	1.331240E+4	0.000000E+0	0.000000E+0
3.740639E+3	1.031850E-5	1.331220E+4	0.000000E+0	0.000000E+0
3.743640E+3	1.031840E-5	1.331210E+4	0.000000E+0	0.000000E+0
3.746639E+3	1.031850E-5	1.331190E+4	0.000000E+0	0.000000E+0
3.749640E+3	1.031860E-5	1.331160E+4	0.000000E+0	0.000000E+0
3.752642E+3	1.031890E-5	1.331140E+4	0.000000E+0	0.000000E+0
3.755647E+3	1.031890E-5	1.331110E+4	0.000000E+0	0.000000E+0
3.758643E+3	1.031900E-5	1.331080E+4	0.000000E+0	0.000000E+0
3.761645E+3	1.031850E-5	1.331060E+4	0.000000E+0	0.000000E+0
3.764645E+3	1.031890E-5	1.331040E+4	0.000000E+0	0.000000E+0
3.767645E+3	1.031930E-5	1.331030E+4	0.000000E+0	0.000000E+0
3.770643E+3	1.031930E-5	1.331010E+4	0.000000E+0	0.000000E+0
3.773645E+3	1.031890E-5	1.330990E+4	0.000000E+0	0.000000E+0
3.776648E+3	1.031960E-5	1.330960E+4	0.000000E+0	0.000000E+0
3.779655E+3	1.031960E-5	1.330930E+4	0.000000E+0	0.000000E+0
3.782655E+3	1.031910E-5	1.330890E+4	0.000000E+0	0.000000E+0
3.785647E+3	1.031940E-5	1.330860E+4	0.000000E+0	0.000000E+0
3.788650E+3	1.031910E-5	1.330780E+4	0.000000E+0	0.000000E+0
3.791646E+3	1.031900E-5	1.330760E+4	0.000000E+0	0.000000E+0
3.794650E+3	1.031950E-5	1.330730E+4	0.000000E+0	0.000000E+0
3.797645E+3	1.032020E-5	1.330700E+4	0.000000E+0	0.000000E+0
3.800650E+3	1.031960E-5	1.330670E+4	0.000000E+0	0.000000E+0
3.803650E+3	1.031970E-5	1.330650E+4	0.000000E+0	0.000000E+0
3.806651E+3	1.031960E-5	1.330630E+4	0.000000E+0	0.000000E+0
3.809649E+3	1.031980E-5	1.330600E+4	0.000000E+0	0.000000E+0
3.812648E+3	1.031990E-5	1.330570E+4	0.000000E+0	0.000000E+0
3.815646E+3	1.031980E-5	1.330530E+4	0.000000E+0	0.000000E+0
3.818649E+3	1.031990E-5	1.330500E+4	0.000000E+0	0.000000E+0
3.821645E+3	1.032020E-5	1.330490E+4	0.000000E+0	0.000000E+0
3.824648E+3	1.032020E-5	1.330470E+4	0.000000E+0	0.000000E+0
3.827647E+3	1.032010E-5	1.330450E+4	0.000000E+0	0.000000E+0
3.830645E+3	1.031960E-5	1.330440E+4	0.000000E+0	0.000000E+0
3.833647E+3	1.032020E-5	1.330420E+4	0.000000E+0	0.000000E+0
3.836653E+3	1.032020E-5	1.330410E+4	0.000000E+0	0.000000E+0
3.839663E+3	1.032030E-5	1.330400E+4	0.000000E+0	0.000000E+0
3.842653E+3	1.032050E-5	1.330380E+4	0.000000E+0	0.000000E+0
3.845647E+3	1.032060E-5	1.330350E+4	0.000000E+0	0.000000E+0
3.848649E+3	1.032100E-5	1.330330E+4	0.000000E+0	0.000000E+0
3.851652E+3	1.032100E-5	1.330300E+4	0.000000E+0	0.000000E+0
3.854647E+3	1.032060E-5	1.330290E+4	0.000000E+0	0.000000E+0
3.857647E+3	1.032020E-5	1.330270E+4	0.000000E+0	0.000000E+0
3.860645E+3	1.032040E-5	1.330260E+4	0.000000E+0	0.000000E+0
3.863650E+3	1.032060E-5	1.330240E+4	0.000000E+0	0.000000E+0
3.866645E+3	1.032090E-5	1.330220E+4	0.000000E+0	0.000000E+0
3.869647E+3	1.032060E-5	1.330200E+4	0.000000E+0	0.000000E+0
3.872647E+3	1.032040E-5	1.330180E+4	0.000000E+0	0.000000E+0
3.875645E+3	1.032060E-5	1.330160E+4	0.000000E+0	0.000000E+0
3.878645E+3	1.032070E-5	1.330110E+4	0.000000E+0	0.000000E+0
3.881653E+3	1.032090E-5	1.330080E+4	0.000000E+0	0.000000E+0
3.884656E+3	1.032100E-5	1.330060E+4	0.000000E+0	0.000000E+0
3.887646E+3	1.032140E-5	1.330020E+4	0.000000E+0	0.000000E+0
3.890648E+3	1.032140E-5	1.330000E+4	0.000000E+0	0.000000E+0
3.893649E+3	1.032180E-5	1.329970E+4	0.000000E+0	0.000000E+0
3.896645E+3	1.032180E-5	1.329940E+4	0.000000E+0	0.000000E+0
3.899652E+3	1.032150E-5	1.329910E+4	0.000000E+0	0.000000E+0
3.902645E+3	1.032150E-5	1.329860E+4	0.000000E+0	0.000000E+0
3.905656E+3	1.032170E-5	1.329850E+4	0.000000E+0	0.000000E+0
3.908645E+3	1.032170E-5	1.329800E+4	0.000000E+0	0.000000E+0
3.911651E+3	1.032200E-5	1.329790E+4	0.000000E+0	0.000000E+0
3.914646E+3	1.032210E-5	1.329750E+4	0.000000E+0	0.000000E+0
3.917653E+3	1.032220E-5	1.329730E+4	0.000000E+0	0.000000E+0
3.920649E+3	1.032150E-5	1.329700E+4	0.000000E+0	0.000000E+0
3.923647E+3	1.032140E-5	1.329670E+4	0.000000E+0	0.000000E+0
3.926649E+3	1.032180E-5	1.329620E+4	0.000000E+0	0.000000E+0
3.929647E+3	1.032180E-5	1.329570E+4	0.000000E+0	0.000000E+0
3.932647E+3	1.032200E-5	1.329520E+4	0.000000E+0	0.000000E+0
3.935649E+3	1.032170E-5	1.329480E+4	0.000000E+0	0.000000E+0
3.938645E+3	1.032160E-5	1.329450E+4	0.000000E+0	0.000000E+0
3.941651E+3	1.032200E-5	1.329410E+4	0.000000E+0	0.000000E+0
3.944649E+3	1.032150E-5	1.329380E+4	0.000000E+0	0.000000E+0
3.947648E+3	1.032220E-5	1.329360E+4	0.000000E+0	0.000000E+0
3.950647E+3	1.032180E-5	1.329320E+4	0.000000E+0	0.000000E+0
3.953645E+3	1.032180E-5	1.329300E+4	0.000000E+0	0.000000E+0
3.956645E+3	1.032260E-5	1.329270E+4	0.000000E+0	0.000000E+0
3.959651E+3	1.032270E-5	1.329260E+4	0.000000E+0	0.000000E+0
3.962647E+3	1.032270E-5	1.329210E+4	0.000000E+0	0.000000E+0
3.965645E+3	1.032280E-5	1.329170E+4	0.000000E+0	0.000000E+0
3.968645E+3	1.032290E-5	1.329140E+4	0.000000E+0	0.000000E+0
3.971652E+3	1.032270E-5	1.329090E+4	0.000000E+0	0.000000E+0
3.974647E+3	1.032240E-5	1.329060E+4	0.000000E+0	0.000000E+0
3.977650E+3	1.032260E-5	1.329020E+4	0.000000E+0	0.000000E+0
3.980650E+3	1.032310E-5	1.328980E+4	0.000000E+0	0.000000E+0
3.983645E+3	1.032320E-5	1.328950E+4	0.000000E+0	0.000000E+0
3.986646E+3	1.032300E-5	1.328930E+4	0.000000E+0	0.000000E+0
3.989649E+3	1.032300E-5	1.328920E+4	0.000000E+0	0.000000E+0
3.992648E+3	1.032300E-5	1.328900E+4	0.000000E+0	0.000000E+0
3.995649E+3	1.032320E-5	1.328880E+4	0.000000E+0	0.000000E+0
3.998645E+3	1.032330E-5	1.328850E+4	0.000000E+0	0.000000E+0
4.001649E+3	1.032330E-5	1.328820E+4	0.000000E+0	0.000000E+0
4.004646E+3	1.032280E-5	1.328790E+4	0.000000E+0	0.000000E+0
4.007649E+3	1.032330E-5	1.328760E+4	0.000000E+0	0.000000E+0
4.010644E+3	1.032290E-5	1.328730E+4	0.000000E+0	0.000000E+0
4.013647E+3	1.032350E-5	1.328700E+4	0.000000E+0	0.000000E+0
4.016647E+3	1.032320E-5	1.328680E+4	0.000000E+0	0.000000E+0
4.019645E+3	1.032360E-5	1.328650E+4	0.000000E+0	0.000000E+0
4.022647E+3	1.032340E-5	1.328620E+4	0.000000E+0	0.000000E+0
4.025645E+3	1.032340E-5	1.328580E+4	0.000000E+0	0.000000E+0
4.028645E+3	1.032380E-5	1.328540E+4	0.000000E+0	0.000000E+0
4.031645E+3	1.032400E-5	1.328500E+4	0.000000E+0	0.000000E+0
4.034645E+3	1.032390E-5	1.328460E+4	0.000000E+0	0.000000E+0
4.037657E+3	1.032370E-5	1.328420E+4	0.000000E+0	0.000000E+0
4.040645E+3	1.032390E-5	1.328390E+4	0.000000E+0	0.000000E+0
4.043648E+3	1.032370E-5	1.328350E+4	0.000000E+0	0.000000E+0
4.046649E+3	1.032430E-5	1.328330E+4	0.000000E+0	0.000000E+0
4.049644E+3	1.032400E-5	1.328300E+4	0.000000E+0	0.000000E+0
4.052647E+3	1.032430E-5	1.328270E+4	0.000000E+0	0.000000E+0
4.055643E+3	1.032350E-5	1.328250E+4	0.000000E+0	0.000000E+0
4.058643E+3	1.032410E-5	1.328240E+4	0.000000E+0	0.000000E+0
4.061641E+3	1.032420E-5	1.328220E+4	0.000000E+0	0.000000E+0
4.064643E+3	1.032460E-5	1.328200E+4	0.000000E+0	0.000000E+0
4.067643E+3	1.032400E-5	1.328190E+4	0.000000E+0	0.000000E+0
4.070646E+3	1.032450E-5	1.328160E+4	0.000000E+0	0.000000E+0
4.073646E+3	1.032400E-5	1.328150E+4	0.000000E+0	0.000000E+0
4.076638E+3	1.032470E-5	1.328130E+4	0.000000E+0	0.000000E+0
4.079637E+3	1.032410E-5	1.328120E+4	0.000000E+0	0.000000E+0
4.082634E+3	1.032430E-5	1.328090E+4	0.000000E+0	0.000000E+0
4.085641E+3	1.032450E-5	1.328070E+4	0.000000E+0	0.000000E+0
4.088636E+3	1.032450E-5	1.328050E+4	0.000000E+0	0.000000E+0
4.091636E+3	1.032480E-5	1.328050E+4	0.000000E+0	0.000000E+0
4.094633E+3	1.032490E-5	1.328040E+4	0.000000E+0	0.000000E+0
4.097642E+3	1.032450E-5	1.328010E+4	0.000000E+0	0.000000E+0
4.100649E+3	1.032490E-5	1.327990E+4	0.000000E+0	0.000000E+0
4.103650E+3	1.032470E-5	1.327970E+4	0.000000E+0	0.000000E+0
4.106645E+3	1.032480E-5	1.327960E+4	0.000000E+0	0.000000E+0
4.109642E+3	1.032480E-5	1.327940E+4	0.000000E+0	0.000000E+0
4.112643E+3	1.032520E-5	1.327930E+4	0.000000E+0	0.000000E+0
4.115643E+3	1.032480E-5	1.327930E+4	0.000000E+0	0.000000E+0
4.118645E+3	1.032510E-5	1.327910E+4	0.000000E+0	0.000000E+0
4.121642E+3	1.032500E-5	1.327880E+4	0.000000E+0	0.000000E+0
4.124645E+3	1.032550E-5	1.327850E+4	0.000000E+0	0.000000E+0
4.127650E+3	1.032530E-5	1.327820E+4	0.000000E+0	0.000000E+0
4.130655E+3	1.032530E-5	1.327800E+4	0.000000E+0	0.000000E+0
4.133645E+3	1.032560E-5	1.327780E+4	0.000000E+0	0.000000E+0
4.136645E+3	1.032580E-5	1.327770E+4	0.000000E+0	0.000000E+0
4.139645E+3	1.032590E-5	1.327750E+4	0.000000E+0	0.000000E+0
4.142645E+3	1.032530E-5	1.327720E+4	0.000000E+0	0.000000E+0
4.145645E+3	1.032590E-5	1.327720E+4	0.000000E+0	0.000000E+0
4.148647E+3	1.032600E-5	1.327710E+4	0.000000E+0	0.000000E+0
4.151646E+3	1.032570E-5	1.327670E+4	0.000000E+0	0.000000E+0
4.154668E+3	1.032600E-5	1.327350E+4	0.000000E+0	0.000000E+0
4.157645E+3	1.032590E-5	1.327240E+4	0.000000E+0	0.000000E+0
4.160643E+3	1.032600E-5	1.327170E+4	0.000000E+0	0.000000E+0
4.163639E+3	1.032600E-5	1.327150E+4	0.000000E+0	0.000000E+0
4.166641E+3	1.032580E-5	1.327130E+4	0.000000E+0	0.000000E+0
4.169639E+3	1.032600E-5	1.327120E+4	0.000000E+0	0.000000E+0
4.172639E+3	1.032630E-5	1.327100E+4	0.000000E+0	0.000000E+0
4.175639E+3	1.032600E-5	1.327090E+4	0.000000E+0	0.000000E+0
4.178637E+3	1.032610E-5	1.327100E+4	0.000000E+0	0.000000E+0
4.181642E+3	1.032610E-5	1.327090E+4	0.000000E+0	0.000000E+0
4.184641E+3	1.032640E-5	1.327080E+4	0.000000E+0	0.000000E+0
4.187637E+3	1.032600E-5	1.327070E+4	0.000000E+0	0.000000E+0
4.190637E+3	1.032620E-5	1.327070E+4	0.000000E+0	0.000000E+0
4.193637E+3	1.032610E-5	1.327060E+4	0.000000E+0	0.000000E+0
4.196631E+3	1.032630E-5	1.327070E+4	0.000000E+0	0.000000E+0
4.199642E+3	1.032650E-5	1.327070E+4	0.000000E+0	0.000000E+0
4.202639E+3	1.032620E-5	1.327060E+4	0.000000E+0	0.000000E+0
4.205635E+3	1.032670E-5	1.327070E+4	0.000000E+0	0.000000E+0
4.208635E+3	1.032680E-5	1.327070E+4	0.000000E+0	0.000000E+0
4.211634E+3	1.032670E-5	1.327060E+4	0.000000E+0	0.000000E+0
4.214640E+3	1.032680E-5	1.327060E+4	0.000000E+0	0.000000E+0
4.217633E+3	1.032680E-5	1.327060E+4	0.000000E+0	0.000000E+0
4.220637E+3	1.032650E-5	1.327050E+4	0.000000E+0	0.000000E+0
4.223641E+3	1.032710E-5	1.327050E+4	0.000000E+0	0.000000E+0
4.226645E+3	1.032690E-5	1.327040E+4	0.000000E+0	0.000000E+0
4.229644E+3	1.032660E-5	1.327020E+4	0.000000E+0	0.000000E+0
4.232648E+3	1.032720E-5	1.327000E+4	0.000000E+0	0.000000E+0
4.235644E+3	1.032730E-5	1.326980E+4	0.000000E+0	0.000000E+0
4.238644E+3	1.032780E-5	1.326960E+4	0.000000E+0	0.000000E+0
4.241644E+3	1.032740E-5	1.326960E+4	0.000000E+0	0.000000E+0
4.244648E+3	1.032750E-5	1.326930E+4	0.000000E+0	0.000000E+0
4.247651E+3	1.032750E-5	1.326920E+4	0.000000E+0	0.000000E+0
4.250647E+3	1.032760E-5	1.326900E+4	0.000000E+0	0.000000E+0
4.253647E+3	1.032810E-5	1.326880E+4	0.000000E+0	0.000000E+0
4.256645E+3	1.032760E-5	1.326830E+4	0.000000E+0	0.000000E+0
4.259645E+3	1.032790E-5	1.326780E+4	0.000000E+0	0.000000E+0
4.262650E+3	1.032790E-5	1.326740E+4	0.000000E+0	0.000000E+0
4.265645E+3	1.032790E-5	1.326700E+4	0.000000E+0	0.000000E+0
4.268646E+3	1.032800E-5	1.326660E+4	0.000000E+0	0.000000E+0
4.271646E+3	1.032820E-5	1.326640E+4	0.000000E+0	0.000000E+0
4.274646E+3	1.032800E-5	1.326600E+4	0.000000E+0	0.000000E+0
4.277646E+3	1.032810E-5	1.326560E+4	0.000000E+0	0.000000E+0
4.280652E+3	1.032820E-5	1.326530E+4	0.000000E+0	0.000000E+0
4.283647E+3	1.032790E-5	1.326500E+4	0.000000E+0	0.000000E+0
4.286647E+3	1.032860E-5	1.326480E+4	0.000000E+0	0.000000E+0
4.289646E+3	1.032800E-5	1.326450E+4	0.000000E+0	0.000000E+0
4.292647E+3	1.032800E-5	1.326430E+4	0.000000E+0	0.000000E+0
4.295647E+3	1.032870E-5	1.326390E+4	0.000000E+0	0.000000E+0
4.298642E+3	1.032860E-5	1.326350E+4	0.000000E+0	0.000000E+0
4.301643E+3	1.032830E-5	1.326300E+4	0.000000E+0	0.000000E+0
4.304642E+3	1.032880E-5	1.326260E+4	0.000000E+0	0.000000E+0
4.307640E+3	1.032870E-5	1.326210E+4	0.000000E+0	0.000000E+0
4.310637E+3	1.032880E-5	1.326170E+4	0.000000E+0	0.000000E+0
4.313636E+3	1.032860E-5	1.326130E+4	0.000000E+0	0.000000E+0
4.316638E+3	1.032870E-5	1.326100E+4	0.000000E+0	0.000000E+0
4.319636E+3	1.032880E-5	1.326070E+4	0.000000E+0	0.000000E+0
4.322635E+3	1.032850E-5	1.326040E+4	0.000000E+0	0.000000E+0
4.325638E+3	1.032930E-5	1.326010E+4	0.000000E+0	0.000000E+0
4.328640E+3	1.032920E-5	1.326000E+4	0.000000E+0	0.000000E+0
4.331638E+3	1.032870E-5	1.325970E+4	0.000000E+0	0.000000E+0
4.334636E+3	1.032920E-5	1.325960E+4	0.000000E+0	0.000000E+0
4.337636E+3	1.032920E-5	1.325930E+4	0.000000E+0	0.000000E+0
4.340638E+3	1.032950E-5	1.325910E+4	0.000000E+0	0.000000E+0
4.343639E+3	1.032910E-5	1.325900E+4	0.000000E+0	0.000000E+0
4.346648E+3	1.032920E-5	1.325870E+4	0.000000E+0	0.000000E+0
4.349653E+3	1.032920E-5	1.325870E+4	0.000000E+0	0.000000E+0
4.352653E+3	1.032930E-5	1.325850E+4	0.000000E+0	0.000000E+0
4.355652E+3	1.032950E-5	1.325830E+4	0.000000E+0	0.000000E+0
4.358648E+3	1.032970E-5	1.325810E+4	0.000000E+0	0.000000E+0
4.361647E+3	1.032950E-5	1.325800E+4	0.000000E+0	0.000000E+0
4.364645E+3	1.032970E-5	1.325770E+4	0.000000E+0	0.000000E+0
4.367647E+3	1.032940E-5	1.325740E+4	0.000000E+0	0.000000E+0
4.370642E+3	1.032990E-5	1.325710E+4	0.000000E+0	0.000000E+0
4.373640E+3	1.032990E-5	1.325680E+4	0.000000E+0	0.000000E+0
4.376642E+3	1.033010E-5	1.325650E+4	0.000000E+0	0.000000E+0
4.379640E+3	1.032950E-5	1.325600E+4	0.000000E+0	0.000000E+0
4.382642E+3	1.033020E-5	1.325570E+4	0.000000E+0	0.000000E+0
4.385640E+3	1.033060E-5	1.325540E+4	0.000000E+0	0.000000E+0
4.388643E+3	1.033020E-5	1.325510E+4	0.000000E+0	0.000000E+0
4.391645E+3	1.032970E-5	1.325480E+4	0.000000E+0	0.000000E+0
4.394650E+3	1.033050E-5	1.325460E+4	0.000000E+0	0.000000E+0
4.397647E+3	1.033000E-5	1.325420E+4	0.000000E+0	0.000000E+0
4.400641E+3	1.033020E-5	1.325380E+4	0.000000E+0	0.000000E+0
4.403645E+3	1.033020E-5	1.325340E+4	0.000000E+0	0.000000E+0
4.406647E+3	1.033030E-5	1.325310E+4	0.000000E+0	0.000000E+0
4.409647E+3	1.033050E-5	1.325260E+4	0.000000E+0	0.000000E+0
4.412641E+3	1.033040E-5	1.325240E+4	0.000000E+0	0.000000E+0
4.415641E+3	1.033000E-5	1.325210E+4	0.000000E+0	0.000000E+0
4.418645E+3	1.033050E-5	1.325190E+4	0.000000E+0	0.000000E+0
4.421644E+3	1.033080E-5	1.325170E+4	0.000000E+0	0.000000E+0
4.424643E+3	1.033060E-5	1.325160E+4	0.000000E+0	0.000000E+0
4.427642E+3	1.033090E-5	1.325130E+4	0.000000E+0	0.000000E+0
4.430643E+3	1.033080E-5	1.325110E+4	0.000000E+0	0.000000E+0
4.433646E+3	1.033100E-5	1.325090E+4	0.000000E+0	0.000000E+0
4.436646E+3	1.033150E-5	1.325060E+4	0.000000E+0	0.000000E+0
4.439649E+3	1.033060E-5	1.325050E+4	0.000000E+0	0.000000E+0
4.442645E+3	1.033100E-5	1.325030E+4	0.000000E+0	0.000000E+0
4.445645E+3	1.033100E-5	1.325010E+4	0.000000E+0	0.000000E+0
4.448645E+3	1.033210E-5	1.324990E+4	0.000000E+0	0.000000E+0
4.451644E+3	1.033200E-5	1.325000E+4	0.000000E+0	0.000000E+0
4.454646E+3	1.033160E-5	1.324980E+4	0.000000E+0	0.000000E+0
4.457649E+3	1.033200E-5	1.324910E+4	0.000000E+0	0.000000E+0
4.460644E+3	1.033160E-5	1.324820E+4	0.000000E+0	0.000000E+0
4.463646E+3	1.033180E-5	1.324650E+4	0.000000E+0	0.000000E+0
4.466645E+3	1.033210E-5	1.324470E+4	0.000000E+0	0.000000E+0
4.469651E+3	1.033190E-5	1.324390E+4	0.000000E+0	0.000000E+0
4.472650E+3	1.033170E-5	1.324370E+4	0.000000E+0	0.000000E+0
4.475650E+3	1.033190E-5	1.324400E+4	0.000000E+0	0.000000E+0
4.478645E+3	1.033170E-5	1.324430E+4	0.000000E+0	0.000000E+0
4.481643E+3	1.033250E-5	1.324440E+4	0.000000E+0	0.000000E+0
4.484643E+3	1.033230E-5	1.324440E+4	0.000000E+0	0.000000E+0
4.487643E+3	1.033220E-5	1.324420E+4	0.000000E+0	0.000000E+0
4.490645E+3	1.033190E-5	1.324410E+4	0.000000E+0	0.000000E+0
4.493643E+3	1.033260E-5	1.324370E+4	0.000000E+0	0.000000E+0
4.496637E+3	1.033230E-5	1.324340E+4	0.000000E+0	0.000000E+0
4.499636E+3	1.033260E-5	1.324340E+4	0.000000E+0	0.000000E+0
4.502635E+3	1.033230E-5	1.324340E+4	0.000000E+0	0.000000E+0
4.505635E+3	1.033260E-5	1.324340E+4	0.000000E+0	0.000000E+0
4.508643E+3	1.033260E-5	1.324330E+4	0.000000E+0	0.000000E+0
4.511645E+3	1.033220E-5	1.324320E+4	0.000000E+0	0.000000E+0
4.514645E+3	1.033230E-5	1.324330E+4	0.000000E+0	0.000000E+0
4.517639E+3	1.033240E-5	1.324320E+4	0.000000E+0	0.000000E+0
4.520642E+3	1.033240E-5	1.324320E+4	0.000000E+0	0.000000E+0
4.523647E+3	1.033290E-5	1.324290E+4	0.000000E+0	0.000000E+0
4.526642E+3	1.033270E-5	1.324290E+4	0.000000E+0	0.000000E+0
4.529644E+3	1.033300E-5	1.324270E+4	0.000000E+0	0.000000E+0
4.532651E+3	1.033320E-5	1.324260E+4	0.000000E+0	0.000000E+0
4.535647E+3	1.033310E-5	1.324240E+4	0.000000E+0	0.000000E+0
4.538649E+3	1.033330E-5	1.324230E+4	0.000000E+0	0.000000E+0
4.541650E+3	1.033310E-5	1.324220E+4	0.000000E+0	0.000000E+0
4.544654E+3	1.033350E-5	1.324210E+4	0.000000E+0	0.000000E+0
4.547646E+3	1.033330E-5	1.324200E+4	0.000000E+0	0.000000E+0
4.550646E+3	1.033360E-5	1.324190E+4	0.000000E+0	0.000000E+0
4.553649E+3	1.033330E-5	1.324170E+4	0.000000E+0	0.000000E+0
4.556646E+3	1.033410E-5	1.324150E+4	0.000000E+0	0.000000E+0
4.559651E+3	1.033390E-5	1.324130E+4	0.000000E+0	0.000000E+0
4.562647E+3	1.033380E-5	1.324110E+4	0.000000E+0	0.000000E+0
4.565647E+3	1.033380E-5	1.324100E+4	0.000000E+0	0.000000E+0
4.568657E+3	1.033330E-5	1.324070E+4	0.000000E+0	0.000000E+0
4.571641E+3	1.033380E-5	1.324030E+4	0.000000E+0	0.000000E+0
4.574637E+3	1.033390E-5	1.324010E+4	0.000000E+0	0.000000E+0
4.577635E+3	1.033350E-5	1.323980E+4	0.000000E+0	0.000000E+0
4.580641E+3	1.033420E-5	1.323970E+4	0.000000E+0	0.000000E+0
4.583640E+3	1.033370E-5	1.323930E+4	0.000000E+0	0.000000E+0
4.586641E+3	1.033410E-5	1.323900E+4	0.000000E+0	0.000000E+0
4.589639E+3	1.033340E-5	1.323870E+4	0.000000E+0	0.000000E+0
4.592641E+3	1.033400E-5	1.323840E+4	0.000000E+0	0.000000E+0
4.595639E+3	1.033430E-5	1.323800E+4	0.000000E+0	0.000000E+0
4.598636E+3	1.033430E-5	1.323770E+4	0.000000E+0	0.000000E+0
4.601636E+3	1.033440E-5	1.323740E+4	0.000000E+0	0.000000E+0
4.604630E+3	1.033470E-5	1.323710E+4	0.000000E+0	0.000000E+0
4.607639E+3	1.033420E-5	1.323670E+4	0.000000E+0	0.000000E+0
4.610639E+3	1.033450E-5	1.323640E+4	0.000000E+0	0.000000E+0
4.613633E+3	1.033430E-5	1.323600E+4	0.000000E+0	0.000000E+0
4.616639E+3	1.033450E-5	1.323590E+4	0.000000E+0	0.000000E+0
4.619641E+3	1.033450E-5	1.323560E+4	0.000000E+0	0.000000E+0
4.622645E+3	1.033470E-5	1.323540E+4	0.000000E+0	0.000000E+0
4.625649E+3	1.033470E-5	1.323500E+4	0.000000E+0	0.000000E+0
4.628642E+3	1.033480E-5	1.323460E+4	0.000000E+0	0.000000E+0
4.631639E+3	1.033490E-5	1.323420E+4	0.000000E+0	0.000000E+0
4.634634E+3	1.033470E-5	1.323380E+4	0.000000E+0	0.000000E+0
4.637635E+3	1.033510E-5	1.323340E+4	0.000000E+0	0.000000E+0
4.640634E+3	1.033400E-5	1.323310E+4	0.000000E+0	0.000000E+0
4.643632E+3	1.033510E-5	1.323290E+4	0.000000E+0	0.000000E+0
4.646634E+3	1.033510E-5	1.323280E+4	0.000000E+0	0.000000E+0
4.649630E+3	1.033450E-5	1.323260E+4	0.000000E+0	0.000000E+0
4.652634E+3	1.033470E-5	1.323240E+4	0.000000E+0	0.000000E+0
4.655632E+3	1.033490E-5	1.323230E+4	0.000000E+0	0.000000E+0
4.658632E+3	1.033490E-5	1.323220E+4	0.000000E+0	0.000000E+0
4.661632E+3	1.033510E-5	1.323210E+4	0.000000E+0	0.000000E+0
4.664630E+3	1.033540E-5	1.323200E+4	0.000000E+0	0.000000E+0
4.667644E+3	1.033560E-5	1.323180E+4	0.000000E+0	0.000000E+0
4.670641E+3	1.033520E-5	1.323160E+4	0.000000E+0	0.000000E+0
4.673635E+3	1.033590E-5	1.323110E+4	0.000000E+0	0.000000E+0
4.676630E+3	1.033550E-5	1.323090E+4	0.000000E+0	0.000000E+0
4.679645E+3	1.033590E-5	1.323070E+4	0.000000E+0	0.000000E+0
4.682640E+3	1.033540E-5	1.323030E+4	0.000000E+0	0.000000E+0
4.685635E+3	1.033580E-5	1.323000E+4	0.000000E+0	0.000000E+0
4.688631E+3	1.033640E-5	1.322960E+4	0.000000E+0	0.000000E+0
4.691639E+3	1.033580E-5	1.322920E+4	0.000000E+0	0.000000E+0
4.694638E+3	1.033620E-5	1.322880E+4	0.000000E+0	0.000000E+0
4.697631E+3	1.033580E-5	1.322820E+4	0.000000E+0	0.000000E+0
4.700636E+3	1.033650E-5	1.322790E+4	0.000000E+0	0.000000E+0
4.703631E+3	1.033650E-5	1.322750E+4	0.000000E+0	0.000000E+0
4.706636E+3	1.033620E-5	1.322730E+4	0.000000E+0	0.000000E+0
4.709633E+3	1.033590E-5	1.322700E+4	0.000000E+0	0.000000E+0
4.712642E+3	1.033670E-5	1.322660E+4	0.000000E+0	0.000000E+0
4.715646E+3	1.033630E-5	1.322640E+4	0.000000E+0	0.000000E+0
4.718639E+3	1.033650E-5	1.322610E+4	0.000000E+0	0.000000E+0
4.721636E+3	1.033650E-5	1.322590E+4	0.000000E+0	0.000000E+0
4.724636E+3	1.033680E-5	1.322570E+4	0.000000E+0	0.000000E+0
4.727634E+3	1.033700E-5	1.322550E+4	0.000000E+0	0.000000E+0
4.730639E+3	1.033660E-5	1.322520E+4	0.000000E+0	0.000000E+0
4.733637E+3	1.033620E-5	1.322510E+4	0.000000E+0	0.000000E+0
4.736649E+3	1.033640E-5	1.322500E+4	0.000000E+0	0.000000E+0
4.739640E+3	1.033680E-5	1.322470E+4	0.000000E+0	0.000000E+0
4.742640E+3	1.033720E-5	1.322460E+4	0.000000E+0	0.000000E+0
4.745643E+3	1.033750E-5	1.322440E+4	0.000000E+0	0.000000E+0
4.748639E+3	1.033730E-5	1.322430E+4	0.000000E+0	0.000000E+0
4.751635E+3	1.033740E-5	1.322410E+4	0.000000E+0	0.000000E+0
4.754637E+3	1.033750E-5	1.322390E+4	0.000000E+0	0.000000E+0
4.757632E+3	1.033790E-5	1.322380E+4	0.000000E+0	0.000000E+0
4.760637E+3	1.033770E-5	1.322360E+4	0.000000E+0	0.000000E+0
4.763636E+3	1.033740E-5	1.322340E+4	0.000000E+0	0.000000E+0
4.766638E+3	1.033740E-5	1.322310E+4	0.000000E+0	0.000000E+0
4.769633E+3	1.033730E-5	1.322290E+4	0.000000E+0	0.000000E+0
4.772636E+3	1.033740E-5	1.322270E+4	0.000000E+0	0.000000E+0
4.775645E+3	1.033780E-5	1.322260E+4	0.000000E+0	0.000000E+0
4.778644E+3	1.033760E-5	1.322250E+4	0.000000E+0	0.000000E+0
4.781648E+3	1.033790E-5	1.322240E+4	0.000000E+0	0.000000E+0
4.784638E+3	1.033790E-5	1.322220E+4	0.000000E+0	0.000000E+0
4.787633E+3	1.033790E-5	1.322200E+4	0.000000E+0	0.000000E+0
4.790634E+3	1.033830E-5	1.322170E+4	0.000000E+0	0.000000E+0
4.793637E+3	1.033810E-5	1.322150E+4	0.000000E+0	0.000000E+0
4.796633E+3	1.033770E-5	1.322130E+4	0.000000E+0	0.000000E+0
4.799636E+3	1.033780E-5	1.322110E+4	0.000000E+0	0.000000E+0
4.802633E+3	1.033810E-5	1.322090E+4	0.000000E+0	0.000000E+0
4.805634E+3	1.033790E-5	1.322070E+4	0.000000E+0	0.000000E+0
4.808629E+3	1.033850E-5	1.322060E+4	0.000000E+0	0.000000E+0
4.811642E+3	1.033800E-5	1.322050E+4	0.000000E+0	0.000000E+0
4.814638E+3	1.033870E-5	1.322030E+4	0.000000E+0	0.000000E+0
4.817631E+3	1.033850E-5	1.322010E+4	0.000000E+0	0.000000E+0
4.820634E+3	1.033870E-5	1.321990E+4	0.000000E+0	0.000000E+0
4.823634E+3	1.033880E-5	1.321970E+4	0.000000E+0	0.000000E+0
4.826632E+3	1.033860E-5	1.321950E+4	0.000000E+0	0.000000E+0
4.829632E+3	1.033850E-5	1.321930E+4	0.000000E+0	0.000000E+0
4.832642E+3	1.033920E-5	1.321920E+4	0.000000E+0	0.000000E+0
4.835641E+3	1.033880E-5	1.321890E+4	0.000000E+0	0.000000E+0
4.838638E+3	1.033900E-5	1.321880E+4	0.000000E+0	0.000000E+0
4.841640E+3	1.033880E-5	1.321860E+4	0.000000E+0	0.000000E+0
4.844638E+3	1.033920E-5	1.321830E+4	0.000000E+0	0.000000E+0
4.847632E+3	1.033910E-5	1.321810E+4	0.000000E+0	0.000000E+0
4.850638E+3	1.033930E-5	1.321770E+4	0.000000E+0	0.000000E+0
4.853636E+3	1.033970E-5	1.321750E+4	0.000000E+0	0.000000E+0
4.856636E+3	1.033970E-5	1.321730E+4	0.000000E+0	0.000000E+0
4.859636E+3	1.033970E-5	1.321700E+4	0.000000E+0	0.000000E+0
4.862632E+3	1.033950E-5	1.321680E+4	0.000000E+0	0.000000E+0
4.865636E+3	1.033910E-5	1.321660E+4	0.000000E+0	0.000000E+0
4.868630E+3	1.033960E-5	1.321630E+4	0.000000E+0	0.000000E+0
4.871634E+3	1.033970E-5	1.321590E+4	0.000000E+0	0.000000E+0
4.874633E+3	1.033920E-5	1.321560E+4	0.000000E+0	0.000000E+0
4.877644E+3	1.033950E-5	1.321500E+4	0.000000E+0	0.000000E+0
4.880639E+3	1.033930E-5	1.321450E+4	0.000000E+0	0.000000E+0
4.883629E+3	1.034000E-5	1.321430E+4	0.000000E+0	0.000000E+0
4.886644E+3	1.033990E-5	1.321390E+4	0.000000E+0	0.000000E+0
4.889637E+3	1.033980E-5	1.321360E+4	0.000000E+0	0.000000E+0
4.892634E+3	1.033950E-5	1.321330E+4	0.000000E+0	0.000000E+0
4.895632E+3	1.033950E-5	1.321300E+4	0.000000E+0	0.000000E+0
4.898644E+3	1.033990E-5	1.321270E+4	0.000000E+0	0.000000E+0
4.901634E+3	1.034010E-5	1.321240E+4	0.000000E+0	0.000000E+0
4.904634E+3	1.033960E-5	1.321220E+4	0.000000E+0	0.000000E+0
4.907637E+3	1.034000E-5	1.321190E+4	0.000000E+0	0.000000E+0
4.910632E+3	1.034010E-5	1.321160E+4	0.000000E+0	0.000000E+0
4.913645E+3	1.033990E-5	1.321130E+4	0.000000E+0	0.000000E+0
4.916635E+3	1.034020E-5	1.321100E+4	0.000000E+0	0.000000E+0
4.919632E+3	1.034020E-5	1.321090E+4	0.000000E+0	0.000000E+0
4.922630E+3	1.034030E-5	1.321050E+4	0.000000E+0	0.000000E+0
4.925637E+3	1.034050E-5	1.321010E+4	0.000000E+0	0.000000E+0
4.928630E+3	1.034000E-5	1.320960E+4	0.000000E+0	0.000000E+0
4.931637E+3	1.034040E-5	1.320920E+4	0.000000E+0	0.000000E+0
4.934632E+3	1.033990E-5	1.320870E+4	0.000000E+0	0.000000E+0
4.937639E+3	1.034100E-5	1.320830E+4	0.000000E+0	0.000000E+0
4.940633E+3	1.034060E-5	1.320790E+4	0.000000E+0	0.000000E+0
4.943636E+3	1.034070E-5	1.320750E+4	0.000000E+0	0.000000E+0
4.946635E+3	1.034090E-5	1.320720E+4	0.000000E+0	0.000000E+0
4.949645E+3	1.034090E-5	1.320700E+4	0.000000E+0	0.000000E+0
4.952640E+3	1.034140E-5	1.320690E+4	0.000000E+0	0.000000E+0
4.955641E+3	1.034120E-5	1.320660E+4	0.000000E+0	0.000000E+0
4.958639E+3	1.034100E-5	1.320650E+4	0.000000E+0	0.000000E+0
4.961638E+3	1.034100E-5	1.320610E+4	0.000000E+0	0.000000E+0
4.964635E+3	1.034120E-5	1.320590E+4	0.000000E+0	0.000000E+0
4.967637E+3	1.034130E-5	1.320560E+4	0.000000E+0	0.000000E+0
4.970639E+3	1.034100E-5	1.320550E+4	0.000000E+0	0.000000E+0
4.973633E+3	1.034180E-5	1.320520E+4	0.000000E+0	0.000000E+0
4.976645E+3	1.034120E-5	1.320500E+4	0.000000E+0	0.000000E+0
4.979648E+3	1.034160E-5	1.320480E+4	0.000000E+0	0.000000E+0
4.982651E+3	1.034120E-5	1.320470E+4	0.000000E+0	0.000000E+0
4.985651E+3	1.034110E-5	1.320430E+4	0.000000E+0	0.000000E+0
4.988641E+3	1.034200E-5	1.320390E+4	0.000000E+0	0.000000E+0
4.991637E+3	1.034160E-5	1.320350E+4	0.000000E+0	0.000000E+0
4.994637E+3	1.034210E-5	1.320320E+4	0.000000E+0	0.000000E+0
4.997637E+3	1.034150E-5	1.320280E+4	0.000000E+0	0.000000E+0
5.000635E+3	1.034150E-5	1.320240E+4	0.000000E+0	0.000000E+0
5.003634E+3	1.034200E-5	1.320220E+4	0.000000E+0	0.000000E+0
5.006629E+3	1.034230E-5	1.320200E+4	0.000000E+0	0.000000E+0
5.009640E+3	1.034220E-5	1.320180E+4	0.000000E+0	0.000000E+0
5.012635E+3	1.034200E-5	1.320150E+4	0.000000E+0	0.000000E+0
5.015630E+3	1.034210E-5	1.320120E+4	0.000000E+0	0.000000E+0
5.018635E+3	1.034250E-5	1.320110E+4	0.000000E+0	0.000000E+0
5.021633E+3	1.034160E-5	1.320080E+4	0.000000E+0	0.000000E+0
5.024637E+3	1.034220E-5	1.320020E+4	0.000000E+0	0.000000E+0
5.027630E+3	1.034210E-5	1.319990E+4	0.000000E+0	0.000000E+0
5.030636E+3	1.034260E-5	1.319960E+4	0.000000E+0	0.000000E+0
5.033638E+3	1.034240E-5	1.319930E+4	0.000000E+0	0.000000E+0
5.036641E+3	1.034280E-5	1.319910E+4	0.000000E+0	0.000000E+0
5.039641E+3	1.034270E-5	1.319880E+4	0.000000E+0	0.000000E+0
5.042640E+3	1.034250E-5	1.319840E+4	0.000000E+0	0.000000E+0
5.045635E+3	1.034260E-5	1.319830E+4	0.000000E+0	0.000000E+0
5.048635E+3	1.034260E-5	1.319790E+4	0.000000E+0	0.000000E+0
5.051636E+3	1.034260E-5	1.319780E+4	0.000000E+0	0.000000E+0
5.054633E+3	1.034310E-5	1.319760E+4	0.000000E+0	0.000000E+0
5.057633E+3	1.034270E-5	1.319740E+4	0.000000E+0	0.000000E+0
5.060634E+3	1.034310E-5	1.319730E+4	0.000000E+0	0.000000E+0
5.063633E+3	1.034270E-5	1.319700E+4	0.000000E+0	0.000000E+0
5.066634E+3	1.034290E-5	1.319680E+4	0.000000E+0	0.000000E+0
5.069634E+3	1.034300E-5	1.319660E+4	0.000000E+0	0.000000E+0
5.072654E+3	1.034320E-5	1.319630E+4	0.000000E+0	0.000000E+0
5.075655E+3	1.034330E-5	1.319600E+4	0.000000E+0	0.000000E+0
5.078642E+3	1.034370E-5	1.319560E+4	0.000000E+0	0.000000E+0
5.081645E+3	1.034320E-5	1.319530E+4	0.000000E+0	0.000000E+0
5.084648E+3	1.034300E-5	1.319500E+4	0.000000E+0	0.000000E+0
5.087654E+3	1.034330E-5	1.319470E+4	0.000000E+0	0.000000E+0
5.090647E+3	1.034370E-5	1.319460E+4	0.000000E+0	0.000000E+0
5.093647E+3	1.034310E-5	1.319440E+4	0.000000E+0	0.000000E+0
5.096647E+3	1.034350E-5	1.319420E+4	0.000000E+0	0.000000E+0
5.099645E+3	1.034380E-5	1.319400E+4	0.000000E+0	0.000000E+0
5.102647E+3	1.034380E-5	1.319380E+4	0.000000E+0	0.000000E+0
5.105652E+3	1.034350E-5	1.319370E+4	0.000000E+0	0.000000E+0
5.108647E+3	1.034400E-5	1.319360E+4	0.000000E+0	0.000000E+0
5.111644E+3	1.034360E-5	1.319340E+4	0.000000E+0	0.000000E+0
5.114650E+3	1.034380E-5	1.319330E+4	0.000000E+0	0.000000E+0
5.117644E+3	1.034380E-5	1.319300E+4	0.000000E+0	0.000000E+0
5.120650E+3	1.034390E-5	1.319290E+4	0.000000E+0	0.000000E+0
5.123650E+3	1.034400E-5	1.319280E+4	0.000000E+0	0.000000E+0
5.126648E+3	1.034440E-5	1.319280E+4	0.000000E+0	0.000000E+0
5.129645E+3	1.034460E-5	1.319270E+4	0.000000E+0	0.000000E+0
5.132646E+3	1.034470E-5	1.319270E+4	0.000000E+0	0.000000E+0
5.135650E+3	1.034480E-5	1.319250E+4	0.000000E+0	0.000000E+0
5.138651E+3	1.034480E-5	1.319240E+4	0.000000E+0	0.000000E+0
5.141646E+3	1.034510E-5	1.319210E+4	0.000000E+0	0.000000E+0
5.144645E+3	1.034520E-5	1.319200E+4	0.000000E+0	0.000000E+0
5.147649E+3	1.034510E-5	1.319190E+4	0.000000E+0	0.000000E+0
5.150648E+3	1.034560E-5	1.319180E+4	0.000000E+0	0.000000E+0
5.153647E+3	1.034520E-5	1.319180E+4	0.000000E+0	0.000000E+0
5.156648E+3	1.034490E-5	1.319150E+4	0.000000E+0	0.000000E+0
5.159659E+3	1.034540E-5	1.319140E+4	0.000000E+0	0.000000E+0
5.162647E+3	1.034500E-5	1.319130E+4	0.000000E+0	0.000000E+0
5.165647E+3	1.034550E-5	1.319110E+4	0.000000E+0	0.000000E+0
5.168649E+3	1.034600E-5	1.319090E+4	0.000000E+0	0.000000E+0
5.171651E+3	1.034670E-5	1.319070E+4	0.000000E+0	0.000000E+0
5.174650E+3	1.034550E-5	1.319040E+4	0.000000E+0	0.000000E+0
5.177647E+3	1.034610E-5	1.319020E+4	0.000000E+0	0.000000E+0
5.180646E+3	1.034550E-5	1.319000E+4	0.000000E+0	0.000000E+0
5.183652E+3	1.034650E-5	1.318980E+4	0.000000E+0	0.000000E+0
5.186647E+3	1.034650E-5	1.318950E+4	0.000000E+0	0.000000E+0
5.189645E+3	1.034610E-5	1.318920E+4	0.000000E+0	0.000000E+0
5.192647E+3	1.034640E-5	1.318880E+4	0.000000E+0	0.000000E+0
5.195645E+3	1.034640E-5	1.318840E+4	0.000000E+0	0.000000E+0
5.198647E+3	1.034620E-5	1.318790E+4	0.000000E+0	0.000000E+0
5.201647E+3	1.034610E-5	1.318750E+4	0.000000E+0	0.000000E+0
5.204647E+3	1.034630E-5	1.318710E+4	0.000000E+0	0.000000E+0
5.207645E+3	1.034640E-5	1.318640E+4	0.000000E+0	0.000000E+0
5.210648E+3	1.034620E-5	1.318610E+4	0.000000E+0	0.000000E+0
5.213650E+3	1.034600E-5	1.318590E+4	0.000000E+0	0.000000E+0
5.216648E+3	1.034640E-5	1.318560E+4	0.000000E+0	0.000000E+0
5.219650E+3	1.034670E-5	1.318530E+4	0.000000E+0	0.000000E+0
5.222644E+3	1.034640E-5	1.318500E+4	0.000000E+0	0.000000E+0
5.225641E+3	1.034630E-5	1.318480E+4	0.000000E+0	0.000000E+0
5.228641E+3	1.034620E-5	1.318430E+4	0.000000E+0	0.000000E+0
5.231634E+3	1.034700E-5	1.318410E+4	0.000000E+0	0.000000E+0
5.234636E+3	1.034680E-5	1.318380E+4	0.000000E+0	0.000000E+0
5.237633E+3	1.034640E-5	1.318340E+4	0.000000E+0	0.000000E+0
5.240636E+3	1.034740E-5	1.318300E+4	0.000000E+0	0.000000E+0
5.243631E+3	1.034710E-5	1.318270E+4	0.000000E+0	0.000000E+0
5.246644E+3	1.034720E-5	1.318240E+4	0.000000E+0	0.000000E+0
5.249646E+3	1.034770E-5	1.318200E+4	0.000000E+0	0.000000E+0
5.252649E+3	1.034710E-5	1.318180E+4	0.000000E+0	0.000000E+0
5.255646E+3	1.034700E-5	1.318150E+4	0.000000E+0	0.000000E+0
5.258642E+3	1.034780E-5	1.318140E+4	0.000000E+0	0.000000E+0
5.261647E+3	1.034740E-5	1.318110E+4	0.000000E+0	0.000000E+0
5.264644E+3	1.034760E-5	1.318080E+4	0.000000E+0	0.000000E+0
5.267645E+3	1.034770E-5	1.318070E+4	0.000000E+0	0.000000E+0
5.270645E+3	1.034760E-5	1.318040E+4	0.000000E+0	0.000000E+0
5.273655E+3	1.034790E-5	1.318010E+4	0.000000E+0	0.000000E+0
5.276647E+3	1.034770E-5	1.317990E+4	0.000000E+0	0.000000E+0
5.279653E+3	1.034780E-5	1.317950E+4	0.000000E+0	0.000000E+0
5.282657E+3	1.034780E-5	1.317910E+4	0.000000E+0	0.000000E+0
5.285647E+3	1.034730E-5	1.317890E+4	0.000000E+0	0.000000E+0
5.288648E+3	1.034790E-5	1.317870E+4	0.000000E+0	0.000000E+0
5.291658E+3	1.034780E-5	1.317840E+4	0.000000E+0	0.000000E+0
5.294650E+3	1.034820E-5	1.317830E+4	0.000000E+0	0.000000E+0
5.297648E+3	1.034810E-5	1.317790E+4	0.000000E+0	0.000000E+0
5.300650E+3	1.034830E-5	1.317760E+4	0.000000E+0	0.000000E+0
5.303650E+3	1.034830E-5	1.317730E+4	0.000000E+0	0.000000E+0
5.306648E+3	1.034840E-5	1.317690E+4	0.000000E+0	0.000000E+0
5.309650E+3	1.034870E-5	1.317650E+4	0.000000E+0	0.000000E+0
5.312651E+3	1.034830E-5	1.317620E+4	0.000000E+0	0.000000E+0
5.315653E+3	1.034890E-5	1.317570E+4	0.000000E+0	0.000000E+0
5.318645E+3	1.034840E-5	1.317520E+4	0.000000E+0	0.000000E+0
5.321651E+3	1.034890E-5	1.317470E+4	0.000000E+0	0.000000E+0
5.324649E+3	1.034850E-5	1.317420E+4	0.000000E+0	0.000000E+0
5.327646E+3	1.034860E-5	1.317400E+4	0.000000E+0	0.000000E+0
5.330651E+3	1.034880E-5	1.317360E+4	0.000000E+0	0.000000E+0
5.333649E+3	1.034870E-5	1.317340E+4	0.000000E+0	0.000000E+0
5.336649E+3	1.034930E-5	1.317310E+4	0.000000E+0	0.000000E+0
5.339660E+3	1.034910E-5	1.317300E+4	0.000000E+0	0.000000E+0
5.342649E+3	1.034890E-5	1.317280E+4	0.000000E+0	0.000000E+0
5.345646E+3	1.034890E-5	1.317260E+4	0.000000E+0	0.000000E+0
5.348651E+3	1.034910E-5	1.317240E+4	0.000000E+0	0.000000E+0
5.351652E+3	1.034940E-5	1.317210E+4	0.000000E+0	0.000000E+0
5.354649E+3	1.034960E-5	1.317190E+4	0.000000E+0	0.000000E+0
5.357650E+3	1.034930E-5	1.317160E+4	0.000000E+0	0.000000E+0
5.360649E+3	1.034950E-5	1.317140E+4	0.000000E+0	0.000000E+0
5.363653E+3	1.034960E-5	1.317110E+4	0.000000E+0	0.000000E+0
5.366649E+3	1.034920E-5	1.317080E+4	0.000000E+0	0.000000E+0
5.369652E+3	1.034960E-5	1.317070E+4	0.000000E+0	0.000000E+0
5.372647E+3	1.034990E-5	1.317040E+4	0.000000E+0	0.000000E+0
5.375645E+3	1.034970E-5	1.317020E+4	0.000000E+0	0.000000E+0
5.378650E+3	1.034980E-5	1.316990E+4	0.000000E+0	0.000000E+0
5.381656E+3	1.035010E-5	1.316970E+4	0.000000E+0	0.000000E+0
5.384654E+3	1.035000E-5	1.316930E+4	0.000000E+0	0.000000E+0
5.387647E+3	1.034980E-5	1.316910E+4	0.000000E+0	0.000000E+0
5.390651E+3	1.034990E-5	1.316880E+4	0.000000E+0	0.000000E+0
5.393653E+3	1.034990E-5	1.316850E+4	0.000000E+0	0.000000E+0
5.396651E+3	1.035010E-5	1.316820E+4	0.000000E+0	0.000000E+0
5.399649E+3	1.035020E-5	1.316800E+4	0.000000E+0	0.000000E+0
5.402651E+3	1.035040E-5	1.316780E+4	0.000000E+0	0.000000E+0
5.405651E+3	1.035020E-5	1.316760E+4	0.000000E+0	0.000000E+0
5.408651E+3	1.035020E-5	1.316740E+4	0.000000E+0	0.000000E+0
5.411649E+3	1.035050E-5	1.316720E+4	0.000000E+0	0.000000E+0
5.414649E+3	1.035020E-5	1.316690E+4	0.000000E+0	0.000000E+0
5.417649E+3	1.035060E-5	1.316670E+4	0.000000E+0	0.000000E+0
5.420646E+3	1.035030E-5	1.316650E+4	0.000000E+0	0.000000E+0
5.423649E+3	1.035050E-5	1.316620E+4	0.000000E+0	0.000000E+0
5.426651E+3	1.035040E-5	1.316600E+4	0.000000E+0	0.000000E+0
5.429647E+3	1.035070E-5	1.316590E+4	0.000000E+0	0.000000E+0
5.432651E+3	1.035050E-5	1.316550E+4	0.000000E+0	0.000000E+0
5.435649E+3	1.035080E-5	1.316520E+4	0.000000E+0	0.000000E+0
5.438649E+3	1.035050E-5	1.316490E+4	0.000000E+0	0.000000E+0
5.441649E+3	1.035080E-5	1.316440E+4	0.000000E+0	0.000000E+0
5.444649E+3	1.035130E-5	1.316400E+4	0.000000E+0	0.000000E+0
5.447650E+3	1.035110E-5	1.316370E+4	0.000000E+0	0.000000E+0
5.450655E+3	1.035110E-5	1.316320E+4	0.000000E+0	0.000000E+0
5.453649E+3	1.035120E-5	1.316300E+4	0.000000E+0	0.000000E+0
5.456650E+3	1.035130E-5	1.316250E+4	0.000000E+0	0.000000E+0
5.459650E+3	1.035150E-5	1.316220E+4	0.000000E+0	0.000000E+0
5.462647E+3	1.035160E-5	1.316190E+4	0.000000E+0	0.000000E+0
5.465648E+3	1.035110E-5	1.316180E+4	0.000000E+0	0.000000E+0
5.468648E+3	1.035180E-5	1.316160E+4	0.000000E+0	0.000000E+0
5.471650E+3	1.035140E-5	1.316140E+4	0.000000E+0	0.000000E+0
5.474655E+3	1.035120E-5	1.316120E+4	0.000000E+0	0.000000E+0
5.477648E+3	1.035140E-5	1.316110E+4	0.000000E+0	0.000000E+0
5.480647E+3	1.035210E-5	1.316080E+4	0.000000E+0	0.000000E+0
5.483646E+3	1.035180E-5	1.316090E+4	0.000000E+0	0.000000E+0
5.486648E+3	1.035170E-5	1.316070E+4	0.000000E+0	0.000000E+0
5.489646E+3	1.035160E-5	1.316060E+4	0.000000E+0	0.000000E+0
5.492646E+3	1.035170E-5	1.316040E+4	0.000000E+0	0.000000E+0
5.495648E+3	1.035190E-5	1.316020E+4	0.000000E+0	0.000000E+0
5.498641E+3	1.035220E-5	1.316010E+4	0.000000E+0	0.000000E+0
5.501636E+3	1.035210E-5	1.316000E+4	0.000000E+0	0.000000E+0
5.504631E+3	1.035190E-5	1.315980E+4	0.000000E+0	0.000000E+0
5.507636E+3	1.035260E-5	1.315970E+4	0.000000E+0	0.000000E+0
5.510636E+3	1.035200E-5	1.315950E+4	0.000000E+0	0.000000E+0
5.513634E+3	1.035260E-5	1.315930E+4	0.000000E+0	0.000000E+0
5.516634E+3	1.035320E-5	1.315920E+4	0.000000E+0	0.000000E+0
5.519634E+3	1.035270E-5	1.315910E+4	0.000000E+0	0.000000E+0
5.522634E+3	1.035240E-5	1.315890E+4	0.000000E+0	0.000000E+0
5.525634E+3	1.035280E-5	1.315880E+4	0.000000E+0	0.000000E+0
5.528636E+3	1.035250E-5	1.315860E+4	0.000000E+0	0.000000E+0
5.531634E+3	1.035350E-5	1.315840E+4	0.000000E+0	0.000000E+0
5.534637E+3	1.035320E-5	1.315800E+4	0.000000E+0	0.000000E+0
5.537632E+3	1.035300E-5	1.315770E+4	0.000000E+0	0.000000E+0
5.540643E+3	1.035310E-5	1.315740E+4	0.000000E+0	0.000000E+0
5.543635E+3	1.035290E-5	1.315700E+4	0.000000E+0	0.000000E+0
5.546634E+3	1.035330E-5	1.315660E+4	0.000000E+0	0.000000E+0
5.549638E+3	1.035330E-5	1.315630E+4	0.000000E+0	0.000000E+0
5.552638E+3	1.035340E-5	1.315620E+4	0.000000E+0	0.000000E+0
5.555632E+3	1.035360E-5	1.315580E+4	0.000000E+0	0.000000E+0
5.558635E+3	1.035300E-5	1.315520E+4	0.000000E+0	0.000000E+0
5.561632E+3	1.035350E-5	1.315490E+4	0.000000E+0	0.000000E+0
5.564637E+3	1.035350E-5	1.315450E+4	0.000000E+0	0.000000E+0
5.567635E+3	1.035350E-5	1.315400E+4	0.000000E+0	0.000000E+0
5.570635E+3	1.035370E-5	1.315380E+4	0.000000E+0	0.000000E+0
5.573639E+3	1.035340E-5	1.315340E+4	0.000000E+0	0.000000E+0
5.576636E+3	1.035360E-5	1.315320E+4	0.000000E+0	0.000000E+0
5.579633E+3	1.035380E-5	1.315280E+4	0.000000E+0	0.000000E+0
5.582639E+3	1.035380E-5	1.315240E+4	0.000000E+0	0.000000E+0
5.585641E+3	1.035410E-5	1.315210E+4	0.000000E+0	0.000000E+0
5.588638E+3	1.035390E-5	1.315170E+4	0.000000E+0	0.000000E+0
5.591633E+3	1.035410E-5	1.315130E+4	0.000000E+0	0.000000E+0
5.594636E+3	1.035370E-5	1.315080E+4	0.000000E+0	0.000000E+0
5.597631E+3	1.035460E-5	1.315030E+4	0.000000E+0	0.000000E+0
5.600634E+3	1.035440E-5	1.314980E+4	0.000000E+0	0.000000E+0
5.603639E+3	1.035420E-5	1.314950E+4	0.000000E+0	0.000000E+0
5.606637E+3	1.035490E-5	1.314890E+4	0.000000E+0	0.000000E+0
5.609631E+3	1.035430E-5	1.314850E+4	0.000000E+0	0.000000E+0
5.612644E+3	1.035470E-5	1.314830E+4	0.000000E+0	0.000000E+0
5.615646E+3	1.035460E-5	1.314790E+4	0.000000E+0	0.000000E+0
5.618644E+3	1.035430E-5	1.314750E+4	0.000000E+0	0.000000E+0
5.621643E+3	1.035470E-5	1.314720E+4	0.000000E+0	0.000000E+0
5.624640E+3	1.035460E-5	1.314690E+4	0.000000E+0	0.000000E+0
5.627634E+3	1.035430E-5	1.314650E+4	0.000000E+0	0.000000E+0
5.630634E+3	1.035480E-5	1.314610E+4	0.000000E+0	0.000000E+0
5.633640E+3	1.035460E-5	1.314580E+4	0.000000E+0	0.000000E+0
5.636642E+3	1.035480E-5	1.314560E+4	0.000000E+0	0.000000E+0
5.639640E+3	1.035510E-5	1.314530E+4	0.000000E+0	0.000000E+0
5.642640E+3	1.035470E-5	1.314510E+4	0.000000E+0	0.000000E+0
5.645637E+3	1.035470E-5	1.314490E+4	0.000000E+0	0.000000E+0
5.648638E+3	1.035520E-5	1.314480E+4	0.000000E+0	0.000000E+0
5.651628E+3	1.035500E-5	1.314480E+4	0.000000E+0	0.000000E+0
5.654645E+3	1.035500E-5	1.314460E+4	0.000000E+0	0.000000E+0
5.657652E+3	1.035520E-5	1.314440E+4	0.000000E+0	0.000000E+0
5.660656E+3	1.035470E-5	1.314420E+4	0.000000E+0	0.000000E+0
5.663645E+3	1.035540E-5	1.314400E+4	0.000000E+0	0.000000E+0
5.666648E+3	1.035500E-5	1.314360E+4	0.000000E+0	0.000000E+0
5.669646E+3	1.035520E-5	1.314330E+4	0.000000E+0	0.000000E+0
5.672648E+3	1.035520E-5	1.314290E+4	0.000000E+0	0.000000E+0
5.675648E+3	1.035510E-5	1.314260E+4	0.000000E+0	0.000000E+0
5.678655E+3	1.035510E-5	1.314240E+4	0.000000E+0	0.000000E+0
5.681649E+3	1.035530E-5	1.314220E+4	0.000000E+0	0.000000E+0
5.684645E+3	1.035530E-5	1.314210E+4	0.000000E+0	0.000000E+0
5.687646E+3	1.035580E-5	1.314200E+4	0.000000E+0	0.000000E+0
5.690648E+3	1.035520E-5	1.314180E+4	0.000000E+0	0.000000E+0
5.693647E+3	1.035560E-5	1.314160E+4	0.000000E+0	0.000000E+0
5.696646E+3	1.035610E-5	1.314160E+4	0.000000E+0	0.000000E+0
5.699647E+3	1.035610E-5	1.314130E+4	0.000000E+0	0.000000E+0
5.702647E+3	1.035600E-5	1.314130E+4	0.000000E+0	0.000000E+0
5.705653E+3	1.035630E-5	1.314110E+4	0.000000E+0	0.000000E+0
5.708653E+3	1.035610E-5	1.314090E+4	0.000000E+0	0.000000E+0
5.711646E+3	1.035690E-5	1.314080E+4	0.000000E+0	0.000000E+0
5.714655E+3	1.035620E-5	1.314050E+4	0.000000E+0	0.000000E+0
5.717645E+3	1.035670E-5	1.314030E+4	0.000000E+0	0.000000E+0
5.720645E+3	1.035610E-5	1.314010E+4	0.000000E+0	0.000000E+0
5.723645E+3	1.035590E-5	1.313990E+4	0.000000E+0	0.000000E+0
5.726643E+3	1.035660E-5	1.313980E+4	0.000000E+0	0.000000E+0
5.729647E+3	1.035660E-5	1.313960E+4	0.000000E+0	0.000000E+0
5.732647E+3	1.035690E-5	1.313940E+4	0.000000E+0	0.000000E+0
5.735648E+3	1.035730E-5	1.313930E+4	0.000000E+0	0.000000E+0
5.738645E+3	1.035710E-5	1.313910E+4	0.000000E+0	0.000000E+0
5.741651E+3	1.035730E-5	1.313880E+4	0.000000E+0	0.000000E+0
5.744649E+3	1.035730E-5	1.313860E+4	0.000000E+0	0.000000E+0
5.747655E+3	1.035710E-5	1.313840E+4	0.000000E+0	0.000000E+0
5.750648E+3	1.035690E-5	1.313840E+4	0.000000E+0	0.000000E+0
5.753641E+3	1.035740E-5	1.313820E+4	0.000000E+0	0.000000E+0
5.756636E+3	1.035720E-5	1.313810E+4	0.000000E+0	0.000000E+0
5.759638E+3	1.035710E-5	1.313790E+4	0.000000E+0	0.000000E+0
5.762635E+3	1.035750E-5	1.313770E+4	0.000000E+0	0.000000E+0
5.765631E+3	1.035740E-5	1.313760E+4	0.000000E+0	0.000000E+0
5.768633E+3	1.035730E-5	1.313740E+4	0.000000E+0	0.000000E+0
5.771626E+3	1.035750E-5	1.313720E+4	0.000000E+0	0.000000E+0
5.774638E+3	1.035750E-5	1.313710E+4	0.000000E+0	0.000000E+0
5.777637E+3	1.035770E-5	1.313690E+4	0.000000E+0	0.000000E+0
5.780636E+3	1.035770E-5	1.313680E+4	0.000000E+0	0.000000E+0
5.783628E+3	1.035800E-5	1.313670E+4	0.000000E+0	0.000000E+0
5.786643E+3	1.035790E-5	1.313620E+4	0.000000E+0	0.000000E+0
5.789632E+3	1.035770E-5	1.313610E+4	0.000000E+0	0.000000E+0
5.792631E+3	1.035800E-5	1.313600E+4	0.000000E+0	0.000000E+0
5.795634E+3	1.035800E-5	1.313580E+4	0.000000E+0	0.000000E+0
5.798634E+3	1.035800E-5	1.313550E+4	0.000000E+0	0.000000E+0
5.801635E+3	1.035810E-5	1.313530E+4	0.000000E+0	0.000000E+0
5.804626E+3	1.035840E-5	1.313490E+4	0.000000E+0	0.000000E+0
5.807626E+3	1.035810E-5	1.313470E+4	0.000000E+0	0.000000E+0
5.810637E+3	1.035870E-5	1.313430E+4	0.000000E+0	0.000000E+0
5.813634E+3	1.035790E-5	1.313390E+4	0.000000E+0	0.000000E+0
5.816649E+3	1.035820E-5	1.313360E+4	0.000000E+0	0.000000E+0
5.819655E+3	1.035820E-5	1.313320E+4	0.000000E+0	0.000000E+0
5.822649E+3	1.035890E-5	1.313300E+4	0.000000E+0	0.000000E+0
5.825641E+3	1.035760E-5	1.313260E+4	0.000000E+0	0.000000E+0
5.828645E+3	1.035890E-5	1.313240E+4	0.000000E+0	0.000000E+0
5.831647E+3	1.035880E-5	1.313220E+4	0.000000E+0	0.000000E+0
5.834645E+3	1.035860E-5	1.313190E+4	0.000000E+0	0.000000E+0
5.837648E+3	1.035870E-5	1.313170E+4	0.000000E+0	0.000000E+0
5.840648E+3	1.035830E-5	1.313150E+4	0.000000E+0	0.000000E+0
5.843645E+3	1.035920E-5	1.313130E+4	0.000000E+0	0.000000E+0
5.846643E+3	1.035940E-5	1.313120E+4	0.000000E+0	0.000000E+0
5.849644E+3	1.035910E-5	1.313100E+4	0.000000E+0	0.000000E+0
5.852645E+3	1.035920E-5	1.313090E+4	0.000000E+0	0.000000E+0
5.855645E+3	1.035910E-5	1.313070E+4	0.000000E+0	0.000000E+0
5.858644E+3	1.035960E-5	1.313040E+4	0.000000E+0	0.000000E+0
5.861642E+3	1.035900E-5	1.313020E+4	0.000000E+0	0.000000E+0
5.864645E+3	1.035930E-5	1.312980E+4	0.000000E+0	0.000000E+0
5.867645E+3	1.035900E-5	1.312950E+4	0.000000E+0	0.000000E+0
5.870644E+3	1.035970E-5	1.312920E+4	0.000000E+0	0.000000E+0
5.873645E+3	1.035980E-5	1.312900E+4	0.000000E+0	0.000000E+0
5.876644E+3	1.036000E-5	1.312860E+4	0.000000E+0	0.000000E+0
5.879642E+3	1.035990E-5	1.312820E+4	0.000000E+0	0.000000E+0
5.882644E+3	1.035950E-5	1.312790E+4	0.000000E+0	0.000000E+0
5.885644E+3	1.035980E-5	1.312740E+4	0.000000E+0	0.000000E+0
5.888644E+3	1.036020E-5	1.312710E+4	0.000000E+0	0.000000E+0
5.891645E+3	1.036070E-5	1.312670E+4	0.000000E+0	0.000000E+0
5.894643E+3	1.036020E-5	1.312630E+4	0.000000E+0	0.000000E+0
5.897642E+3	1.036020E-5	1.312590E+4	0.000000E+0	0.000000E+0
5.900642E+3	1.036030E-5	1.312560E+4	0.000000E+0	0.000000E+0
5.903652E+3	1.036060E-5	1.312520E+4	0.000000E+0	0.000000E+0
5.906647E+3	1.036040E-5	1.312470E+4	0.000000E+0	0.000000E+0
5.909645E+3	1.036010E-5	1.312440E+4	0.000000E+0	0.000000E+0
5.912647E+3	1.036030E-5	1.312400E+4	0.000000E+0	0.000000E+0
5.915647E+3	1.036050E-5	1.312360E+4	0.000000E+0	0.000000E+0
5.918647E+3	1.036040E-5	1.312300E+4	0.000000E+0	0.000000E+0
5.921648E+3	1.036080E-5	1.312270E+4	0.000000E+0	0.000000E+0
5.924650E+3	1.036070E-5	1.312240E+4	0.000000E+0	0.000000E+0
5.927638E+3	1.036040E-5	1.312210E+4	0.000000E+0	0.000000E+0
5.930636E+3	1.036130E-5	1.312170E+4	0.000000E+0	0.000000E+0
5.933644E+3	1.036090E-5	1.312140E+4	0.000000E+0	0.000000E+0
5.936643E+3	1.036130E-5	1.312100E+4	0.000000E+0	0.000000E+0
5.939641E+3	1.036120E-5	1.312060E+4	0.000000E+0	0.000000E+0
5.942646E+3	1.036120E-5	1.312030E+4	0.000000E+0	0.000000E+0
5.945646E+3	1.036150E-5	1.311990E+4	0.000000E+0	0.000000E+0
5.948644E+3	1.036180E-5	1.311960E+4	0.000000E+0	0.000000E+0
5.951642E+3	1.036120E-5	1.311940E+4	0.000000E+0	0.000000E+0
5.954644E+3	1.036110E-5	1.311910E+4	0.000000E+0	0.000000E+0
5.957642E+3	1.036100E-5	1.311880E+4	0.000000E+0	0.000000E+0
5.960645E+3	1.036110E-5	1.311860E+4	0.000000E+0	0.000000E+0
5.963648E+3	1.036170E-5	1.311830E+4	0.000000E+0	0.000000E+0
5.966642E+3	1.036150E-5	1.311810E+4	0.000000E+0	0.000000E+0
5.969636E+3	1.036140E-5	1.311800E+4	0.000000E+0	0.000000E+0
5.972632E+3	1.036160E-5	1.311780E+4	0.000000E+0	0.000000E+0
5.975636E+3	1.036220E-5	1.311760E+4	0.000000E+0	0.000000E+0
5.978634E+3	1.036200E-5	1.311740E+4	0.000000E+0	0.000000E+0
5.981634E+3	1.036240E-5	1.311730E+4	0.000000E+0	0.000000E+0
5.984632E+3	1.036230E-5	1.311700E+4	0.000000E+0	0.000000E+0
5.987634E+3	1.036230E-5	1.311690E+4	0.000000E+0	0.000000E+0
5.990632E+3	1.036270E-5	1.311660E+4	0.000000E+0	0.000000E+0
5.993634E+3	1.036240E-5	1.311640E+4	0.000000E+0	0.000000E+0
5.996638E+3	1.036220E-5	1.311610E+4	0.000000E+0	0.000000E+0
5.999630E+3	1.036200E-5	1.311590E+4	0.000000E+0	0.000000E+0
6.002638E+3	1.036240E-5	1.311550E+4	0.000000E+0	0.000000E+0
6.005645E+3	1.036230E-5	1.311540E+4	0.000000E+0	0.000000E+0
6.008650E+3	1.036230E-5	1.311420E+4	0.000000E+0	0.000000E+0
6.011647E+3	1.036270E-5	1.311250E+4	0.000000E+0	0.000000E+0
6.014641E+3	1.036240E-5	1.311040E+4	0.000000E+0	0.000000E+0
6.017643E+3	1.036230E-5	1.310850E+4	0.000000E+0	0.000000E+0
6.020641E+3	1.036220E-5	1.310790E+4	0.000000E+0	0.000000E+0
6.023636E+3	1.036250E-5	1.310710E+4	0.000000E+0	0.000000E+0
6.026641E+3	1.036230E-5	1.310650E+4	0.000000E+0	0.000000E+0
6.029641E+3	1.036240E-5	1.310610E+4	0.000000E+0	0.000000E+0
6.032643E+3	1.036270E-5	1.310610E+4	0.000000E+0	0.000000E+0
6.035642E+3	1.036260E-5	1.310600E+4	0.000000E+0	0.000000E+0
6.038645E+3	1.036280E-5	1.310610E+4	0.000000E+0	0.000000E+0
6.041646E+3	1.036300E-5	1.310600E+4	0.000000E+0	0.000000E+0
6.044649E+3	1.036240E-5	1.310540E+4	0.000000E+0	0.000000E+0
6.047648E+3	1.036260E-5	1.310410E+4	0.000000E+0	0.000000E+0
6.050646E+3	1.036320E-5	1.310450E+4	0.000000E+0	0.000000E+0
6.053646E+3	1.036260E-5	1.310520E+4	0.000000E+0	0.000000E+0
6.056646E+3	1.036260E-5	1.310560E+4	0.000000E+0	0.000000E+0
6.059647E+3	1.036360E-5	1.310580E+4	0.000000E+0	0.000000E+0
6.062646E+3	1.036330E-5	1.310580E+4	0.000000E+0	0.000000E+0
6.065646E+3	1.036320E-5	1.310600E+4	0.000000E+0	0.000000E+0
6.068649E+3	1.036340E-5	1.310610E+4	0.000000E+0	0.000000E+0
6.071643E+3	1.036340E-5	1.310620E+4	0.000000E+0	0.000000E+0
6.074642E+3	1.036340E-5	1.310640E+4	0.000000E+0	0.000000E+0
6.077640E+3	1.036360E-5	1.310650E+4	0.000000E+0	0.000000E+0
6.080642E+3	1.036360E-5	1.310660E+4	0.000000E+0	0.000000E+0
6.083647E+3	1.036380E-5	1.310680E+4	0.000000E+0	0.000000E+0
6.086642E+3	1.036410E-5	1.310680E+4	0.000000E+0	0.000000E+0
6.089637E+3	1.036390E-5	1.310700E+4	0.000000E+0	0.000000E+0
6.092632E+3	1.036360E-5	1.310710E+4	0.000000E+0	0.000000E+0
6.095640E+3	1.036390E-5	1.310710E+4	0.000000E+0	0.000000E+0
6.098632E+3	1.036390E-5	1.310720E+4	0.000000E+0	0.000000E+0
6.101640E+3	1.036410E-5	1.310730E+4	0.000000E+0	0.000000E+0
6.104637E+3	1.036400E-5	1.310720E+4	0.000000E+0	0.000000E+0
6.107633E+3	1.036420E-5	1.310720E+4	0.000000E+0	0.000000E+0
6.110636E+3	1.036430E-5	1.310710E+4	0.000000E+0	0.000000E+0
6.113638E+3	1.036430E-5	1.310710E+4	0.000000E+0	0.000000E+0
6.116636E+3	1.036440E-5	1.310700E+4	0.000000E+0	0.000000E+0
6.119635E+3	1.036460E-5	1.310660E+4	0.000000E+0	0.000000E+0
6.122635E+3	1.036510E-5	1.310660E+4	0.000000E+0	0.000000E+0
6.125641E+3	1.036470E-5	1.310620E+4	0.000000E+0	0.000000E+0
6.128638E+3	1.036490E-5	1.310600E+4	0.000000E+0	0.000000E+0
6.131631E+3	1.036530E-5	1.310560E+4	0.000000E+0	0.000000E+0
6.134638E+3	1.036490E-5	1.310540E+4	0.000000E+0	0.000000E+0
6.137637E+3	1.036500E-5	1.310520E+4	0.000000E+0	0.000000E+0
6.140634E+3	1.036490E-5	1.310490E+4	0.000000E+0	0.000000E+0
6.143637E+3	1.036480E-5	1.310460E+4	0.000000E+0	0.000000E+0
6.146628E+3	1.036530E-5	1.310430E+4	0.000000E+0	0.000000E+0
6.149634E+3	1.036500E-5	1.310410E+4	0.000000E+0	0.000000E+0
6.152642E+3	1.036490E-5	1.310380E+4	0.000000E+0	0.000000E+0
6.155637E+3	1.036530E-5	1.310340E+4	0.000000E+0	0.000000E+0
6.158639E+3	1.036520E-5	1.310310E+4	0.000000E+0	0.000000E+0
6.161634E+3	1.036580E-5	1.310270E+4	0.000000E+0	0.000000E+0
6.164632E+3	1.036510E-5	1.310240E+4	0.000000E+0	0.000000E+0
6.167635E+3	1.036530E-5	1.310190E+4	0.000000E+0	0.000000E+0
6.170634E+3	1.036550E-5	1.310150E+4	0.000000E+0	0.000000E+0
6.173634E+3	1.036570E-5	1.310100E+4	0.000000E+0	0.000000E+0
6.176635E+3	1.036580E-5	1.310050E+4	0.000000E+0	0.000000E+0
6.179637E+3	1.036600E-5	1.310010E+4	0.000000E+0	0.000000E+0
6.182632E+3	1.036600E-5	1.309980E+4	0.000000E+0	0.000000E+0
6.185635E+3	1.036580E-5	1.309970E+4	0.000000E+0	0.000000E+0
6.188635E+3	1.036570E-5	1.309950E+4	0.000000E+0	0.000000E+0
6.191635E+3	1.036600E-5	1.309930E+4	0.000000E+0	0.000000E+0
6.194635E+3	1.036640E-5	1.309900E+4	0.000000E+0	0.000000E+0
6.197635E+3	1.036620E-5	1.309870E+4	0.000000E+0	0.000000E+0
6.200633E+3	1.036610E-5	1.309860E+4	0.000000E+0	0.000000E+0
6.203633E+3	1.036600E-5	1.309820E+4	0.000000E+0	0.000000E+0
6.206636E+3	1.036590E-5	1.309780E+4	0.000000E+0	0.000000E+0
6.209633E+3	1.036620E-5	1.309740E+4	0.000000E+0	0.000000E+0
6.212630E+3	1.036620E-5	1.309680E+4	0.000000E+0	0.000000E+0
6.215634E+3	1.036600E-5	1.309600E+4	0.000000E+0	0.000000E+0
6.218635E+3	1.036630E-5	1.309560E+4	0.000000E+0	0.000000E+0
6.221639E+3	1.036610E-5	1.309500E+4	0.000000E+0	0.000000E+0
6.224633E+3	1.036670E-5	1.309430E+4	0.000000E+0	0.000000E+0
6.227631E+3	1.036690E-5	1.309380E+4	0.000000E+0	0.000000E+0
6.230639E+3	1.036650E-5	1.309330E+4	0.000000E+0	0.000000E+0
6.233631E+3	1.036680E-5	1.309300E+4	0.000000E+0	0.000000E+0
6.236634E+3	1.036680E-5	1.309250E+4	0.000000E+0	0.000000E+0
6.239640E+3	1.036700E-5	1.309220E+4	0.000000E+0	0.000000E+0
6.242633E+3	1.036680E-5	1.309200E+4	0.000000E+0	0.000000E+0
6.245639E+3	1.036710E-5	1.309170E+4	0.000000E+0	0.000000E+0
6.248637E+3	1.036710E-5	1.309160E+4	0.000000E+0	0.000000E+0
6.251627E+3	1.036670E-5	1.309130E+4	0.000000E+0	0.000000E+0
6.254635E+3	1.036690E-5	1.309120E+4	0.000000E+0	0.000000E+0
6.257626E+3	1.036690E-5	1.309100E+4	0.000000E+0	0.000000E+0
6.260632E+3	1.036720E-5	1.309090E+4	0.000000E+0	0.000000E+0
6.263629E+3	1.036750E-5	1.309080E+4	0.000000E+0	0.000000E+0
6.266634E+3	1.036770E-5	1.309070E+4	0.000000E+0	0.000000E+0
6.269633E+3	1.036770E-5	1.309050E+4	0.000000E+0	0.000000E+0
6.272634E+3	1.036780E-5	1.309020E+4	0.000000E+0	0.000000E+0
6.275638E+3	1.036820E-5	1.308980E+4	0.000000E+0	0.000000E+0
6.278632E+3	1.036810E-5	1.308970E+4	0.000000E+0	0.000000E+0
6.281638E+3	1.036780E-5	1.308940E+4	0.000000E+0	0.000000E+0
6.284629E+3	1.036790E-5	1.308930E+4	0.000000E+0	0.000000E+0
6.287636E+3	1.036810E-5	1.308890E+4	0.000000E+0	0.000000E+0
6.290630E+3	1.036800E-5	1.308880E+4	0.000000E+0	0.000000E+0
6.293647E+3	1.036800E-5	1.308850E+4	0.000000E+0	0.000000E+0
6.296651E+3	1.036820E-5	1.308830E+4	0.000000E+0	0.000000E+0
6.299645E+3	1.036810E-5	1.308800E+4	0.000000E+0	0.000000E+0
6.302650E+3	1.036800E-5	1.308790E+4	0.000000E+0	0.000000E+0
6.305648E+3	1.036820E-5	1.308760E+4	0.000000E+0	0.000000E+0
6.308646E+3	1.036830E-5	1.308730E+4	0.000000E+0	0.000000E+0
6.311644E+3	1.036830E-5	1.308710E+4	0.000000E+0	0.000000E+0
6.314648E+3	1.036830E-5	1.308690E+4	0.000000E+0	0.000000E+0
6.317645E+3	1.036880E-5	1.308670E+4	0.000000E+0	0.000000E+0
6.320651E+3	1.036860E-5	1.308640E+4	0.000000E+0	0.000000E+0
6.323645E+3	1.036910E-5	1.308630E+4	0.000000E+0	0.000000E+0
6.326645E+3	1.036900E-5	1.308610E+4	0.000000E+0	0.000000E+0
6.329644E+3	1.036890E-5	1.308600E+4	0.000000E+0	0.000000E+0
6.332644E+3	1.036940E-5	1.308590E+4	0.000000E+0	0.000000E+0
6.335640E+3	1.036890E-5	1.308560E+4	0.000000E+0	0.000000E+0
6.338634E+3	1.036930E-5	1.308560E+4	0.000000E+0	0.000000E+0
6.341631E+3	1.036940E-5	1.308540E+4	0.000000E+0	0.000000E+0
6.344645E+3	1.036970E-5	1.308520E+4	0.000000E+0	0.000000E+0
6.347645E+3	1.036960E-5	1.308490E+4	0.000000E+0	0.000000E+0
6.350645E+3	1.036950E-5	1.308450E+4	0.000000E+0	0.000000E+0
6.353647E+3	1.036960E-5	1.308420E+4	0.000000E+0	0.000000E+0
6.356645E+3	1.037020E-5	1.308380E+4	0.000000E+0	0.000000E+0
6.359643E+3	1.036980E-5	1.308330E+4	0.000000E+0	0.000000E+0
6.362648E+3	1.036920E-5	1.308280E+4	0.000000E+0	0.000000E+0
6.365643E+3	1.036970E-5	1.308240E+4	0.000000E+0	0.000000E+0
6.368643E+3	1.036970E-5	1.308210E+4	0.000000E+0	0.000000E+0
6.371643E+3	1.036990E-5	1.308180E+4	0.000000E+0	0.000000E+0
6.374643E+3	1.036990E-5	1.308150E+4	0.000000E+0	0.000000E+0
6.377644E+3	1.036990E-5	1.308130E+4	0.000000E+0	0.000000E+0
6.380645E+3	1.036970E-5	1.308100E+4	0.000000E+0	0.000000E+0
6.383645E+3	1.036990E-5	1.308080E+4	0.000000E+0	0.000000E+0
6.386644E+3	1.037020E-5	1.308070E+4	0.000000E+0	0.000000E+0
6.389644E+3	1.036970E-5	1.308060E+4	0.000000E+0	0.000000E+0
6.392645E+3	1.037020E-5	1.308050E+4	0.000000E+0	0.000000E+0
6.395646E+3	1.037000E-5	1.308040E+4	0.000000E+0	0.000000E+0
6.398645E+3	1.037080E-5	1.308050E+4	0.000000E+0	0.000000E+0
6.401646E+3	1.037040E-5	1.308040E+4	0.000000E+0	0.000000E+0
6.404646E+3	1.037050E-5	1.308030E+4	0.000000E+0	0.000000E+0
6.407641E+3	1.037050E-5	1.308020E+4	0.000000E+0	0.000000E+0
6.410642E+3	1.037050E-5	1.308010E+4	0.000000E+0	0.000000E+0
6.413645E+3	1.037110E-5	1.307990E+4	0.000000E+0	0.000000E+0
6.416645E+3	1.037060E-5	1.307940E+4	0.000000E+0	0.000000E+0
6.419646E+3	1.037030E-5	1.307910E+4	0.000000E+0	0.000000E+0
6.422646E+3	1.037080E-5	1.307870E+4	0.000000E+0	0.000000E+0
6.425645E+3	1.037080E-5	1.307840E+4	0.000000E+0	0.000000E+0
6.428646E+3	1.037110E-5	1.307800E+4	0.000000E+0	0.000000E+0
6.431646E+3	1.037040E-5	1.307780E+4	0.000000E+0	0.000000E+0
6.434646E+3	1.037100E-5	1.307760E+4	0.000000E+0	0.000000E+0
6.437647E+3	1.037100E-5	1.307740E+4	0.000000E+0	0.000000E+0
6.440646E+3	1.037140E-5	1.307720E+4	0.000000E+0	0.000000E+0
6.443645E+3	1.037120E-5	1.307690E+4	0.000000E+0	0.000000E+0
6.446647E+3	1.037100E-5	1.307670E+4	0.000000E+0	0.000000E+0
6.449645E+3	1.037110E-5	1.307640E+4	0.000000E+0	0.000000E+0
6.452651E+3	1.037160E-5	1.307600E+4	0.000000E+0	0.000000E+0
6.455645E+3	1.037110E-5	1.307560E+4	0.000000E+0	0.000000E+0
6.458640E+3	1.037120E-5	1.307520E+4	0.000000E+0	0.000000E+0
6.461641E+3	1.037160E-5	1.307480E+4	0.000000E+0	0.000000E+0
6.464645E+3	1.037170E-5	1.307440E+4	0.000000E+0	0.000000E+0
6.467643E+3	1.037160E-5	1.307400E+4	0.000000E+0	0.000000E+0
6.470641E+3	1.037140E-5	1.307360E+4	0.000000E+0	0.000000E+0
6.473639E+3	1.037130E-5	1.307320E+4	0.000000E+0	0.000000E+0
6.476636E+3	1.037190E-5	1.307280E+4	0.000000E+0	0.000000E+0
6.479635E+3	1.037200E-5	1.307240E+4	0.000000E+0	0.000000E+0
6.482641E+3	1.037190E-5	1.307200E+4	0.000000E+0	0.000000E+0
6.485639E+3	1.037150E-5	1.307170E+4	0.000000E+0	0.000000E+0
6.488639E+3	1.037200E-5	1.307140E+4	0.000000E+0	0.000000E+0
6.491636E+3	1.037180E-5	1.307110E+4	0.000000E+0	0.000000E+0
6.494630E+3	1.037240E-5	1.307100E+4	0.000000E+0	0.000000E+0
6.497637E+3	1.037240E-5	1.307100E+4	0.000000E+0	0.000000E+0
6.500638E+3	1.037250E-5	1.307090E+4	0.000000E+0	0.000000E+0
6.503634E+3	1.037200E-5	1.307080E+4	0.000000E+0	0.000000E+0
6.506653E+3	1.037230E-5	1.307070E+4	0.000000E+0	0.000000E+0
6.509649E+3	1.037260E-5	1.307050E+4	0.000000E+0	0.000000E+0
6.512654E+3	1.037270E-5	1.307040E+4	0.000000E+0	0.000000E+0
6.515642E+3	1.037290E-5	1.307010E+4	0.000000E+0	0.000000E+0
6.518644E+3	1.037280E-5	1.306980E+4	0.000000E+0	0.000000E+0
6.521639E+3	1.037310E-5	1.306960E+4	0.000000E+0	0.000000E+0
6.524637E+3	1.037370E-5	1.306930E+4	0.000000E+0	0.000000E+0
6.527632E+3	1.037340E-5	1.306910E+4	0.000000E+0	0.000000E+0
6.530640E+3	1.037270E-5	1.306890E+4	0.000000E+0	0.000000E+0
6.533637E+3	1.037310E-5	1.306880E+4	0.000000E+0	0.000000E+0
6.536638E+3	1.037270E-5	1.306850E+4	0.000000E+0	0.000000E+0
6.539645E+3	1.037300E-5	1.306840E+4	0.000000E+0	0.000000E+0
6.542649E+3	1.037280E-5	1.306810E+4	0.000000E+0	0.000000E+0
6.545643E+3	1.037360E-5	1.306780E+4	0.000000E+0	0.000000E+0
6.548643E+3	1.037390E-5	1.306760E+4	0.000000E+0	0.000000E+0
6.551638E+3	1.037360E-5	1.306720E+4	0.000000E+0	0.000000E+0
6.554635E+3	1.037400E-5	1.306700E+4	0.000000E+0	0.000000E+0
6.557633E+3	1.037410E-5	1.306680E+4	0.000000E+0	0.000000E+0
6.560640E+3	1.037390E-5	1.306650E+4	0.000000E+0	0.000000E+0
6.563638E+3	1.037340E-5	1.306640E+4	0.000000E+0	0.000000E+0
6.566632E+3	1.037370E-5	1.306620E+4	0.000000E+0	0.000000E+0
6.569636E+3	1.037400E-5	1.306600E+4	0.000000E+0	0.000000E+0
6.572636E+3	1.037410E-5	1.306570E+4	0.000000E+0	0.000000E+0
6.575636E+3	1.037430E-5	1.306540E+4	0.000000E+0	0.000000E+0
6.578635E+3	1.037460E-5	1.306520E+4	0.000000E+0	0.000000E+0
6.581638E+3	1.037450E-5	1.306500E+4	0.000000E+0	0.000000E+0
6.584634E+3	1.037480E-5	1.306470E+4	0.000000E+0	0.000000E+0
6.587633E+3	1.037420E-5	1.306430E+4	0.000000E+0	0.000000E+0
6.590634E+3	1.037400E-5	1.306400E+4	0.000000E+0	0.000000E+0
6.593636E+3	1.037440E-5	1.306370E+4	0.000000E+0	0.000000E+0
6.596636E+3	1.037430E-5	1.306340E+4	0.000000E+0	0.000000E+0
6.599632E+3	1.037430E-5	1.306300E+4	0.000000E+0	0.000000E+0
6.602637E+3	1.037420E-5	1.306290E+4	0.000000E+0	0.000000E+0
6.605631E+3	1.037460E-5	1.306280E+4	0.000000E+0	0.000000E+0
6.608645E+3	1.037520E-5	1.306250E+4	0.000000E+0	0.000000E+0
6.611650E+3	1.037500E-5	1.306230E+4	0.000000E+0	0.000000E+0
6.614655E+3	1.037500E-5	1.306200E+4	0.000000E+0	0.000000E+0
6.617658E+3	1.037500E-5	1.306180E+4	0.000000E+0	0.000000E+0
6.620645E+3	1.037490E-5	1.306150E+4	0.000000E+0	0.000000E+0
6.623637E+3	1.037490E-5	1.306120E+4	0.000000E+0	0.000000E+0
6.626642E+3	1.037510E-5	1.306100E+4	0.000000E+0	0.000000E+0
6.629641E+3	1.037500E-5	1.306070E+4	0.000000E+0	0.000000E+0
6.632650E+3	1.037500E-5	1.306050E+4	0.000000E+0	0.000000E+0
6.635645E+3	1.037520E-5	1.306030E+4	0.000000E+0	0.000000E+0
6.638650E+3	1.037490E-5	1.306010E+4	0.000000E+0	0.000000E+0
6.641650E+3	1.037530E-5	1.306000E+4	0.000000E+0	0.000000E+0
6.644652E+3	1.037540E-5	1.305970E+4	0.000000E+0	0.000000E+0
6.647647E+3	1.037550E-5	1.305940E+4	0.000000E+0	0.000000E+0
6.650648E+3	1.037560E-5	1.305910E+4	0.000000E+0	0.000000E+0
6.653650E+3	1.037600E-5	1.305870E+4	0.000000E+0	0.000000E+0
6.656653E+3	1.037570E-5	1.305830E+4	0.000000E+0	0.000000E+0
6.659646E+3	1.037540E-5	1.305800E+4	0.000000E+0	0.000000E+0
6.662650E+3	1.037630E-5	1.305780E+4	0.000000E+0	0.000000E+0
6.665649E+3	1.037660E-5	1.305770E+4	0.000000E+0	0.000000E+0
6.668650E+3	1.037570E-5	1.305760E+4	0.000000E+0	0.000000E+0
6.671649E+3	1.037650E-5	1.305750E+4	0.000000E+0	0.000000E+0
6.674648E+3	1.037640E-5	1.305710E+4	0.000000E+0	0.000000E+0
6.677644E+3	1.037620E-5	1.305700E+4	0.000000E+0	0.000000E+0
6.680649E+3	1.037650E-5	1.305680E+4	0.000000E+0	0.000000E+0
6.683646E+3	1.037620E-5	1.305670E+4	0.000000E+0	0.000000E+0
6.686646E+3	1.037660E-5	1.305650E+4	0.000000E+0	0.000000E+0
6.689647E+3	1.037660E-5	1.305630E+4	0.000000E+0	0.000000E+0
6.692651E+3	1.037680E-5	1.305630E+4	0.000000E+0	0.000000E+0
6.695650E+3	1.037700E-5	1.305610E+4	0.000000E+0	0.000000E+0
6.698647E+3	1.037670E-5	1.305590E+4	0.000000E+0	0.000000E+0
6.701649E+3	1.037690E-5	1.305580E+4	0.000000E+0	0.000000E+0
6.704649E+3	1.037710E-5	1.305550E+4	0.000000E+0	0.000000E+0
6.707653E+3	1.037730E-5	1.305520E+4	0.000000E+0	0.000000E+0
6.710647E+3	1.037700E-5	1.305490E+4	0.000000E+0	0.000000E+0
6.713650E+3	1.037720E-5	1.305470E+4	0.000000E+0	0.000000E+0
6.716649E+3	1.037690E-5	1.305450E+4	0.000000E+0	0.000000E+0
6.719648E+3	1.037740E-5	1.305420E+4	0.000000E+0	0.000000E+0
6.722652E+3	1.037750E-5	1.305410E+4	0.000000E+0	0.000000E+0
6.725648E+3	1.037730E-5	1.305400E+4	0.000000E+0	0.000000E+0
6.728647E+3	1.037750E-5	1.305370E+4	0.000000E+0	0.000000E+0
6.731652E+3	1.037760E-5	1.305340E+4	0.000000E+0	0.000000E+0
6.734648E+3	1.037740E-5	1.305320E+4	0.000000E+0	0.000000E+0
6.737647E+3	1.037700E-5	1.305310E+4	0.000000E+0	0.000000E+0
6.740647E+3	1.037710E-5	1.305290E+4	0.000000E+0	0.000000E+0
6.743651E+3	1.037710E-5	1.305240E+4	0.000000E+0	0.000000E+0
6.746648E+3	1.037720E-5	1.305200E+4	0.000000E+0	0.000000E+0
6.749646E+3	1.037750E-5	1.305180E+4	0.000000E+0	0.000000E+0
6.752646E+3	1.037770E-5	1.305140E+4	0.000000E+0	0.000000E+0
6.755646E+3	1.037800E-5	1.305110E+4	0.000000E+0	0.000000E+0
6.758648E+3	1.037800E-5	1.305100E+4	0.000000E+0	0.000000E+0
6.761651E+3	1.037800E-5	1.305080E+4	0.000000E+0	0.000000E+0
6.764649E+3	1.037760E-5	1.305050E+4	0.000000E+0	0.000000E+0
6.767649E+3	1.037810E-5	1.305010E+4	0.000000E+0	0.000000E+0
6.770649E+3	1.037800E-5	1.304970E+4	0.000000E+0	0.000000E+0
6.773648E+3	1.037810E-5	1.304920E+4	0.000000E+0	0.000000E+0
6.776648E+3	1.037790E-5	1.304880E+4	0.000000E+0	0.000000E+0
6.779649E+3	1.037820E-5	1.304850E+4	0.000000E+0	0.000000E+0
6.782658E+3	1.037810E-5	1.304810E+4	0.000000E+0	0.000000E+0
6.785649E+3	1.037790E-5	1.304780E+4	0.000000E+0	0.000000E+0
6.788649E+3	1.037810E-5	1.304750E+4	0.000000E+0	0.000000E+0
6.791646E+3	1.037810E-5	1.304720E+4	0.000000E+0	0.000000E+0
6.794646E+3	1.037860E-5	1.304690E+4	0.000000E+0	0.000000E+0
6.797637E+3	1.037860E-5	1.304650E+4	0.000000E+0	0.000000E+0
6.800632E+3	1.037900E-5	1.304620E+4	0.000000E+0	0.000000E+0
6.803638E+3	1.037820E-5	1.304590E+4	0.000000E+0	0.000000E+0
6.806639E+3	1.037900E-5	1.304550E+4	0.000000E+0	0.000000E+0
6.809635E+3	1.037850E-5	1.304530E+4	0.000000E+0	0.000000E+0
6.812635E+3	1.037890E-5	1.304490E+4	0.000000E+0	0.000000E+0
6.815637E+3	1.037910E-5	1.304460E+4	0.000000E+0	0.000000E+0
6.818630E+3	1.037940E-5	1.304440E+4	0.000000E+0	0.000000E+0
6.821647E+3	1.037910E-5	1.304420E+4	0.000000E+0	0.000000E+0
6.824656E+3	1.037920E-5	1.304400E+4	0.000000E+0	0.000000E+0
6.827643E+3	1.037990E-5	1.304360E+4	0.000000E+0	0.000000E+0
6.830644E+3	1.037940E-5	1.304340E+4	0.000000E+0	0.000000E+0
6.833644E+3	1.037960E-5	1.304300E+4	0.000000E+0	0.000000E+0
6.836644E+3	1.037970E-5	1.304290E+4	0.000000E+0	0.000000E+0
6.839651E+3	1.037950E-5	1.304260E+4	0.000000E+0	0.000000E+0
6.842650E+3	1.037980E-5	1.304240E+4	0.000000E+0	0.000000E+0
6.845651E+3	1.037960E-5	1.304200E+4	0.000000E+0	0.000000E+0
6.848650E+3	1.038000E-5	1.304170E+4	0.000000E+0	0.000000E+0
6.851648E+3	1.037990E-5	1.304150E+4	0.000000E+0	0.000000E+0
6.854646E+3	1.037970E-5	1.304120E+4	0.000000E+0	0.000000E+0
6.857639E+3	1.037980E-5	1.304090E+4	0.000000E+0	0.000000E+0
6.860639E+3	1.038030E-5	1.304080E+4	0.000000E+0	0.000000E+0
6.863634E+3	1.037970E-5	1.304060E+4	0.000000E+0	0.000000E+0
6.866642E+3	1.038020E-5	1.304030E+4	0.000000E+0	0.000000E+0
6.869634E+3	1.038050E-5	1.304010E+4	0.000000E+0	0.000000E+0
6.872641E+3	1.038020E-5	1.303990E+4	0.000000E+0	0.000000E+0
6.875645E+3	1.038000E-5	1.303970E+4	0.000000E+0	0.000000E+0
6.878651E+3	1.037990E-5	1.303960E+4	0.000000E+0	0.000000E+0
6.881650E+3	1.037990E-5	1.303930E+4	0.000000E+0	0.000000E+0
6.884646E+3	1.037960E-5	1.303900E+4	0.000000E+0	0.000000E+0
6.887647E+3	1.038010E-5	1.303880E+4	0.000000E+0	0.000000E+0
6.890647E+3	1.038060E-5	1.303860E+4	0.000000E+0	0.000000E+0
6.893645E+3	1.038100E-5	1.303850E+4	0.000000E+0	0.000000E+0
6.896650E+3	1.038060E-5	1.303830E+4	0.000000E+0	0.000000E+0
6.899647E+3	1.038100E-5	1.303830E+4	0.000000E+0	0.000000E+0
6.902650E+3	1.038070E-5	1.303800E+4	0.000000E+0	0.000000E+0
6.905656E+3	1.038090E-5	1.303790E+4	0.000000E+0	0.000000E+0
6.908649E+3	1.038070E-5	1.303750E+4	0.000000E+0	0.000000E+0
6.911645E+3	1.038100E-5	1.303730E+4	0.000000E+0	0.000000E+0
6.914647E+3	1.038080E-5	1.303700E+4	0.000000E+0	0.000000E+0
6.917654E+3	1.038140E-5	1.303670E+4	0.000000E+0	0.000000E+0
6.920651E+3	1.038120E-5	1.303650E+4	0.000000E+0	0.000000E+0
6.923650E+3	1.038090E-5	1.303630E+4	0.000000E+0	0.000000E+0
6.926648E+3	1.038150E-5	1.303620E+4	0.000000E+0	0.000000E+0
6.929645E+3	1.038150E-5	1.303610E+4	0.000000E+0	0.000000E+0
6.932646E+3	1.038140E-5	1.303580E+4	0.000000E+0	0.000000E+0
6.935652E+3	1.038130E-5	1.303540E+4	0.000000E+0	0.000000E+0
6.938654E+3	1.038150E-5	1.303520E+4	0.000000E+0	0.000000E+0
6.941652E+3	1.038140E-5	1.303500E+4	0.000000E+0	0.000000E+0
6.944656E+3	1.038150E-5	1.303490E+4	0.000000E+0	0.000000E+0
6.947657E+3	1.038140E-5	1.303460E+4	0.000000E+0	0.000000E+0
6.950652E+3	1.038160E-5	1.303440E+4	0.000000E+0	0.000000E+0
6.953651E+3	1.038180E-5	1.303440E+4	0.000000E+0	0.000000E+0
6.956648E+3	1.038150E-5	1.303420E+4	0.000000E+0	0.000000E+0
6.959651E+3	1.038180E-5	1.303410E+4	0.000000E+0	0.000000E+0
6.962651E+3	1.038200E-5	1.303400E+4	0.000000E+0	0.000000E+0
6.965646E+3	1.038180E-5	1.303390E+4	0.000000E+0	0.000000E+0
6.968651E+3	1.038210E-5	1.303390E+4	0.000000E+0	0.000000E+0
6.971650E+3	1.038190E-5	1.303380E+4	0.000000E+0	0.000000E+0
6.974654E+3	1.038260E-5	1.303370E+4	0.000000E+0	0.000000E+0
6.977649E+3	1.038200E-5	1.303350E+4	0.000000E+0	0.000000E+0
6.980647E+3	1.038200E-5	1.303320E+4	0.000000E+0	0.000000E+0
6.983652E+3	1.038260E-5	1.303320E+4	0.000000E+0	0.000000E+0
6.986650E+3	1.038300E-5	1.303310E+4	0.000000E+0	0.000000E+0
6.989652E+3	1.038270E-5	1.303290E+4	0.000000E+0	0.000000E+0
6.992652E+3	1.038240E-5	1.303280E+4	0.000000E+0	0.000000E+0
6.995648E+3	1.038300E-5	1.303250E+4	0.000000E+0	0.000000E+0
6.998653E+3	1.038260E-5	1.303230E+4	0.000000E+0	0.000000E+0
7.001647E+3	1.038240E-5	1.303200E+4	0.000000E+0	0.000000E+0
7.004650E+3	1.038260E-5	1.303150E+4	0.000000E+0	0.000000E+0
7.007647E+3	1.038300E-5	1.303110E+4	0.000000E+0	0.000000E+0
7.010647E+3	1.038260E-5	1.303070E+4	0.000000E+0	0.000000E+0
7.013648E+3	1.038310E-5	1.303040E+4	0.000000E+0	0.000000E+0
7.016651E+3	1.038290E-5	1.303010E+4	0.000000E+0	0.000000E+0
7.019648E+3	1.038250E-5	1.302970E+4	0.000000E+0	0.000000E+0
7.022648E+3	1.038280E-5	1.302930E+4	0.000000E+0	0.000000E+0
7.025651E+3	1.038360E-5	1.302900E+4	0.000000E+0	0.000000E+0
7.028650E+3	1.038310E-5	1.302870E+4	0.000000E+0	0.000000E+0
7.031645E+3	1.038340E-5	1.302820E+4	0.000000E+0	0.000000E+0
7.034649E+3	1.038360E-5	1.302780E+4	0.000000E+0	0.000000E+0
7.037649E+3	1.038390E-5	1.302750E+4	0.000000E+0	0.000000E+0
7.040645E+3	1.038330E-5	1.302710E+4	0.000000E+0	0.000000E+0
7.043646E+3	1.038380E-5	1.302650E+4	0.000000E+0	0.000000E+0
7.046648E+3	1.038400E-5	1.302610E+4	0.000000E+0	0.000000E+0
7.049645E+3	1.038400E-5	1.302550E+4	0.000000E+0	0.000000E+0
7.052649E+3	1.038370E-5	1.302510E+4	0.000000E+0	0.000000E+0
7.055642E+3	1.038430E-5	1.302480E+4	0.000000E+0	0.000000E+0
7.058651E+3	1.038400E-5	1.302470E+4	0.000000E+0	0.000000E+0
7.061650E+3	1.038410E-5	1.302450E+4	0.000000E+0	0.000000E+0
7.064654E+3	1.038440E-5	1.302440E+4	0.000000E+0	0.000000E+0
7.067647E+3	1.038420E-5	1.302420E+4	0.000000E+0	0.000000E+0
7.070647E+3	1.038400E-5	1.302400E+4	0.000000E+0	0.000000E+0
7.073649E+3	1.038430E-5	1.302370E+4	0.000000E+0	0.000000E+0
7.076647E+3	1.038440E-5	1.302350E+4	0.000000E+0	0.000000E+0
7.079647E+3	1.038370E-5	1.302330E+4	0.000000E+0	0.000000E+0
7.082649E+3	1.038430E-5	1.302280E+4	0.000000E+0	0.000000E+0
7.085650E+3	1.038470E-5	1.302250E+4	0.000000E+0	0.000000E+0
7.088647E+3	1.038470E-5	1.302240E+4	0.000000E+0	0.000000E+0
7.091648E+3	1.038470E-5	1.302200E+4	0.000000E+0	0.000000E+0
7.094650E+3	1.038480E-5	1.302180E+4	0.000000E+0	0.000000E+0
7.097650E+3	1.038450E-5	1.302160E+4	0.000000E+0	0.000000E+0
7.100651E+3	1.038480E-5	1.302140E+4	0.000000E+0	0.000000E+0
7.103644E+3	1.038440E-5	1.302130E+4	0.000000E+0	0.000000E+0
7.106651E+3	1.038500E-5	1.302110E+4	0.000000E+0	0.000000E+0
7.109644E+3	1.038510E-5	1.302100E+4	0.000000E+0	0.000000E+0
7.112651E+3	1.038500E-5	1.302100E+4	0.000000E+0	0.000000E+0
7.115649E+3	1.038540E-5	1.302080E+4	0.000000E+0	0.000000E+0
7.118644E+3	1.038530E-5	1.302060E+4	0.000000E+0	0.000000E+0
7.121642E+3	1.038550E-5	1.302040E+4	0.000000E+0	0.000000E+0
7.124642E+3	1.038540E-5	1.302020E+4	0.000000E+0	0.000000E+0
7.127639E+3	1.038540E-5	1.302010E+4	0.000000E+0	0.000000E+0
7.130641E+3	1.038570E-5	1.301970E+4	0.000000E+0	0.000000E+0
7.133636E+3	1.038570E-5	1.301940E+4	0.000000E+0	0.000000E+0
7.136631E+3	1.038600E-5	1.301920E+4	0.000000E+0	0.000000E+0
7.139642E+3	1.038590E-5	1.301870E+4	0.000000E+0	0.000000E+0
7.142640E+3	1.038560E-5	1.301830E+4	0.000000E+0	0.000000E+0
7.145637E+3	1.038550E-5	1.301800E+4	0.000000E+0	0.000000E+0
7.148637E+3	1.038600E-5	1.301750E+4	0.000000E+0	0.000000E+0
7.151632E+3	1.038600E-5	1.301730E+4	0.000000E+0	0.000000E+0
7.154639E+3	1.038620E-5	1.301710E+4	0.000000E+0	0.000000E+0
7.157629E+3	1.038590E-5	1.301690E+4	0.000000E+0	0.000000E+0
7.160637E+3	1.038620E-5	1.301650E+4	0.000000E+0	0.000000E+0
7.163634E+3	1.038620E-5	1.301610E+4	0.000000E+0	0.000000E+0
7.166642E+3	1.038600E-5	1.301580E+4	0.000000E+0	0.000000E+0
7.169634E+3	1.038580E-5	1.301540E+4	0.000000E+0	0.000000E+0
7.172635E+3	1.038650E-5	1.301510E+4	0.000000E+0	0.000000E+0
7.175633E+3	1.038650E-5	1.301490E+4	0.000000E+0	0.000000E+0
7.178637E+3	1.038620E-5	1.301460E+4	0.000000E+0	0.000000E+0
7.181632E+3	1.038670E-5	1.301440E+4	0.000000E+0	0.000000E+0
7.184633E+3	1.038610E-5	1.301420E+4	0.000000E+0	0.000000E+0
7.187636E+3	1.038670E-5	1.301400E+4	0.000000E+0	0.000000E+0
7.190633E+3	1.038600E-5	1.301360E+4	0.000000E+0	0.000000E+0
7.193635E+3	1.038700E-5	1.301330E+4	0.000000E+0	0.000000E+0
7.196638E+3	1.038720E-5	1.301300E+4	0.000000E+0	0.000000E+0
7.199633E+3	1.038710E-5	1.301270E+4	0.000000E+0	0.000000E+0
7.202639E+3	1.038690E-5	1.301250E+4	0.000000E+0	0.000000E+0
7.205633E+3	1.038680E-5	1.301230E+4	0.000000E+0	0.000000E+0
7.208638E+3	1.038730E-5	1.301210E+4	0.000000E+0	0.000000E+0
7.211631E+3	1.038740E-5	1.301180E+4	0.000000E+0	0.000000E+0
7.214634E+3	1.038690E-5	1.301150E+4	0.000000E+0	0.000000E+0
7.217638E+3	1.038760E-5	1.301130E+4	0.000000E+0	0.000000E+0
7.220634E+3	1.038690E-5	1.301130E+4	0.000000E+0	0.000000E+0
7.223637E+3	1.038770E-5	1.301120E+4	0.000000E+0	0.000000E+0
7.226633E+3	1.038750E-5	1.301120E+4	0.000000E+0	0.000000E+0
7.229632E+3	1.038760E-5	1.301090E+4	0.000000E+0	0.000000E+0
7.232636E+3	1.038770E-5	1.301070E+4	0.000000E+0	0.000000E+0
7.235632E+3	1.038720E-5	1.301060E+4	0.000000E+0	0.000000E+0
7.238634E+3	1.038800E-5	1.301050E+4	0.000000E+0	0.000000E+0
7.241632E+3	1.038860E-5	1.301040E+4	0.000000E+0	0.000000E+0
7.244636E+3	1.038750E-5	1.301030E+4	0.000000E+0	0.000000E+0
7.247632E+3	1.038700E-5	1.301030E+4	0.000000E+0	0.000000E+0
7.250646E+3	1.038780E-5	1.301010E+4	0.000000E+0	0.000000E+0
7.253658E+3	1.038810E-5	1.300990E+4	0.000000E+0	0.000000E+0
7.256653E+3	1.038800E-5	1.300970E+4	0.000000E+0	0.000000E+0
7.259640E+3	1.038860E-5	1.300950E+4	0.000000E+0	0.000000E+0
7.262643E+3	1.038840E-5	1.300940E+4	0.000000E+0	0.000000E+0
7.265643E+3	1.038840E-5	1.300920E+4	0.000000E+0	0.000000E+0
7.268648E+3	1.038860E-5	1.300910E+4	0.000000E+0	0.000000E+0
7.271641E+3	1.038820E-5	1.300910E+4	0.000000E+0	0.000000E+0
7.274645E+3	1.038910E-5	1.300900E+4	0.000000E+0	0.000000E+0
7.277647E+3	1.038880E-5	1.300880E+4	0.000000E+0	0.000000E+0
7.280648E+3	1.038870E-5	1.300860E+4	0.000000E+0	0.000000E+0
7.283648E+3	1.038880E-5	1.300840E+4	0.000000E+0	0.000000E+0
7.286648E+3	1.038890E-5	1.300820E+4	0.000000E+0	0.000000E+0
7.289650E+3	1.038920E-5	1.300800E+4	0.000000E+0	0.000000E+0
7.292646E+3	1.038850E-5	1.300780E+4	0.000000E+0	0.000000E+0
7.295648E+3	1.038880E-5	1.300750E+4	0.000000E+0	0.000000E+0
7.298650E+3	1.038920E-5	1.300730E+4	0.000000E+0	0.000000E+0
7.301646E+3	1.038910E-5	1.300710E+4	0.000000E+0	0.000000E+0
7.304649E+3	1.038910E-5	1.300680E+4	0.000000E+0	0.000000E+0
7.307646E+3	1.038940E-5	1.300650E+4	0.000000E+0	0.000000E+0
7.310648E+3	1.038920E-5	1.300620E+4	0.000000E+0	0.000000E+0
7.313648E+3	1.038980E-5	1.300580E+4	0.000000E+0	0.000000E+0
7.316649E+3	1.038960E-5	1.300560E+4	0.000000E+0	0.000000E+0
7.319649E+3	1.039000E-5	1.300530E+4	0.000000E+0	0.000000E+0
7.322646E+3	1.039020E-5	1.300510E+4	0.000000E+0	0.000000E+0
7.325647E+3	1.039020E-5	1.300470E+4	0.000000E+0	0.000000E+0
7.328649E+3	1.038960E-5	1.300430E+4	0.000000E+0	0.000000E+0
7.331649E+3	1.039040E-5	1.300400E+4	0.000000E+0	0.000000E+0
7.334645E+3	1.039020E-5	1.300360E+4	0.000000E+0	0.000000E+0
7.337645E+3	1.038970E-5	1.300330E+4	0.000000E+0	0.000000E+0
7.340647E+3	1.039030E-5	1.300310E+4	0.000000E+0	0.000000E+0
7.343647E+3	1.039020E-5	1.300270E+4	0.000000E+0	0.000000E+0
7.346647E+3	1.039050E-5	1.300250E+4	0.000000E+0	0.000000E+0
7.349645E+3	1.039040E-5	1.300220E+4	0.000000E+0	0.000000E+0
7.352643E+3	1.039100E-5	1.300200E+4	0.000000E+0	0.000000E+0
7.355645E+3	1.039040E-5	1.300170E+4	0.000000E+0	0.000000E+0
7.358645E+3	1.039060E-5	1.300150E+4	0.000000E+0	0.000000E+0
7.361645E+3	1.039010E-5	1.300120E+4	0.000000E+0	0.000000E+0
7.364647E+3	1.039040E-5	1.300080E+4	0.000000E+0	0.000000E+0
7.367645E+3	1.039020E-5	1.300060E+4	0.000000E+0	0.000000E+0
7.370647E+3	1.039130E-5	1.300020E+4	0.000000E+0	0.000000E+0
7.373647E+3	1.039080E-5	1.299980E+4	0.000000E+0	0.000000E+0
7.376650E+3	1.039140E-5	1.299950E+4	0.000000E+0	0.000000E+0
7.379644E+3	1.039110E-5	1.299910E+4	0.000000E+0	0.000000E+0
7.382638E+3	1.039110E-5	1.299890E+4	0.000000E+0	0.000000E+0
7.385631E+3	1.039070E-5	1.299870E+4	0.000000E+0	0.000000E+0
7.388638E+3	1.039130E-5	1.299850E+4	0.000000E+0	0.000000E+0
7.391641E+3	1.039120E-5	1.299840E+4	0.000000E+0	0.000000E+0
7.394633E+3	1.039160E-5	1.299830E+4	0.000000E+0	0.000000E+0
7.397636E+3	1.039120E-5	1.299820E+4	0.000000E+0	0.000000E+0
7.400633E+3	1.039120E-5	1.299790E+4	0.000000E+0	0.000000E+0
7.403636E+3	1.039170E-5	1.299780E+4	0.000000E+0	0.000000E+0
7.406629E+3	1.039160E-5	1.299740E+4	0.000000E+0	0.000000E+0
7.409639E+3	1.039160E-5	1.299710E+4	0.000000E+0	0.000000E+0
7.412652E+3	1.039140E-5	1.299670E+4	0.000000E+0	0.000000E+0
7.415645E+3	1.039230E-5	1.299640E+4	0.000000E+0	0.000000E+0
7.418642E+3	1.039170E-5	1.299620E+4	0.000000E+0	0.000000E+0
7.421643E+3	1.039140E-5	1.299580E+4	0.000000E+0	0.000000E+0
7.424645E+3	1.039180E-5	1.299540E+4	0.000000E+0	0.000000E+0
7.427652E+3	1.039170E-5	1.299500E+4	0.000000E+0	0.000000E+0
7.430658E+3	1.039210E-5	1.299450E+4	0.000000E+0	0.000000E+0
7.433655E+3	1.039220E-5	1.299410E+4	0.000000E+0	0.000000E+0
7.436646E+3	1.039210E-5	1.299380E+4	0.000000E+0	0.000000E+0
7.439651E+3	1.039220E-5	1.299330E+4	0.000000E+0	0.000000E+0
7.442650E+3	1.039200E-5	1.299320E+4	0.000000E+0	0.000000E+0
7.445645E+3	1.039210E-5	1.299290E+4	0.000000E+0	0.000000E+0
7.448645E+3	1.039230E-5	1.299250E+4	0.000000E+0	0.000000E+0
7.451647E+3	1.039230E-5	1.299220E+4	0.000000E+0	0.000000E+0
7.454643E+3	1.039200E-5	1.299210E+4	0.000000E+0	0.000000E+0
7.457645E+3	1.039280E-5	1.299200E+4	0.000000E+0	0.000000E+0
7.460647E+3	1.039260E-5	1.299190E+4	0.000000E+0	0.000000E+0
7.463644E+3	1.039260E-5	1.299180E+4	0.000000E+0	0.000000E+0
7.466644E+3	1.039280E-5	1.299180E+4	0.000000E+0	0.000000E+0
7.469646E+3	1.039270E-5	1.299170E+4	0.000000E+0	0.000000E+0
7.472647E+3	1.039260E-5	1.299150E+4	0.000000E+0	0.000000E+0
7.475644E+3	1.039240E-5	1.299130E+4	0.000000E+0	0.000000E+0
7.478644E+3	1.039260E-5	1.299100E+4	0.000000E+0	0.000000E+0
7.481646E+3	1.039290E-5	1.299070E+4	0.000000E+0	0.000000E+0
7.484646E+3	1.039290E-5	1.299040E+4	0.000000E+0	0.000000E+0
7.487644E+3	1.039260E-5	1.299010E+4	0.000000E+0	0.000000E+0
7.490645E+3	1.039300E-5	1.298980E+4	0.000000E+0	0.000000E+0
7.493645E+3	1.039280E-5	1.298960E+4	0.000000E+0	0.000000E+0
7.496642E+3	1.039290E-5	1.298930E+4	0.000000E+0	0.000000E+0
7.499639E+3	1.039310E-5	1.298930E+4	0.000000E+0	0.000000E+0
7.502639E+3	1.039200E-5	1.298900E+4	0.000000E+0	0.000000E+0
7.505637E+3	1.039270E-5	1.298900E+4	0.000000E+0	0.000000E+0
7.508631E+3	1.039290E-5	1.298880E+4	0.000000E+0	0.000000E+0
7.511635E+3	1.039350E-5	1.298860E+4	0.000000E+0	0.000000E+0
7.514640E+3	1.039320E-5	1.298840E+4	0.000000E+0	0.000000E+0
7.517643E+3	1.039340E-5	1.298810E+4	0.000000E+0	0.000000E+0
7.520649E+3	1.039360E-5	1.298790E+4	0.000000E+0	0.000000E+0
7.523647E+3	1.039400E-5	1.298770E+4	0.000000E+0	0.000000E+0
7.526650E+3	1.039350E-5	1.298760E+4	0.000000E+0	0.000000E+0
7.529645E+3	1.039390E-5	1.298740E+4	0.000000E+0	0.000000E+0
7.532647E+3	1.039390E-5	1.298750E+4	0.000000E+0	0.000000E+0
7.535645E+3	1.039370E-5	1.298740E+4	0.000000E+0	0.000000E+0
7.538645E+3	1.039380E-5	1.298700E+4	0.000000E+0	0.000000E+0
7.541647E+3	1.039420E-5	1.298680E+4	0.000000E+0	0.000000E+0
7.544645E+3	1.039440E-5	1.298640E+4	0.000000E+0	0.000000E+0
7.547645E+3	1.039390E-5	1.298600E+4	0.000000E+0	0.000000E+0
7.550645E+3	1.039420E-5	1.298560E+4	0.000000E+0	0.000000E+0
7.553645E+3	1.039400E-5	1.298520E+4	0.000000E+0	0.000000E+0
7.556643E+3	1.039420E-5	1.298490E+4	0.000000E+0	0.000000E+0
7.559644E+3	1.039420E-5	1.298460E+4	0.000000E+0	0.000000E+0
7.562647E+3	1.039440E-5	1.298430E+4	0.000000E+0	0.000000E+0
7.565644E+3	1.039480E-5	1.298410E+4	0.000000E+0	0.000000E+0
7.568645E+3	1.039460E-5	1.298390E+4	0.000000E+0	0.000000E+0
7.571641E+3	1.039450E-5	1.298360E+4	0.000000E+0	0.000000E+0
7.574645E+3	1.039490E-5	1.298350E+4	0.000000E+0	0.000000E+0
7.577645E+3	1.039500E-5	1.298320E+4	0.000000E+0	0.000000E+0
7.580645E+3	1.039460E-5	1.298310E+4	0.000000E+0	0.000000E+0
7.583646E+3	1.039460E-5	1.298280E+4	0.000000E+0	0.000000E+0
7.586648E+3	1.039520E-5	1.298270E+4	0.000000E+0	0.000000E+0
7.589648E+3	1.039480E-5	1.298240E+4	0.000000E+0	0.000000E+0
7.592646E+3	1.039540E-5	1.298230E+4	0.000000E+0	0.000000E+0
7.595645E+3	1.039520E-5	1.298210E+4	0.000000E+0	0.000000E+0
7.598646E+3	1.039550E-5	1.298160E+4	0.000000E+0	0.000000E+0
7.601645E+3	1.039540E-5	1.298120E+4	0.000000E+0	0.000000E+0
