
Medición hecha el 2026-09-17  06:33 p.m.

Medición de corriente y tensión en el tiempo con posibilidad de inyectar corriente.
Tiempo	Corriente	Tensión
3.346000E+0	1.036450E-4	1.330240E+4	0.000000E+0	0.000000E+0
7.199000E+0	1.036150E-4	1.330330E+4	0.000000E+0	0.000000E+0
1.121500E+1	1.035810E-4	1.330420E+4	0.000000E+0	0.000000E+0
1.521500E+1	1.035540E-4	1.330520E+4	0.000000E+0	0.000000E+0
1.919300E+1	1.035310E-4	1.330610E+4	0.000000E+0	0.000000E+0
2.322500E+1	1.035050E-4	1.330700E+4	0.000000E+0	0.000000E+0
2.721800E+1	1.034870E-4	1.330810E+4	0.000000E+0	0.000000E+0
3.119300E+1	1.034650E-4	1.330900E+4	0.000000E+0	0.000000E+0
3.522200E+1	1.034440E-4	1.330990E+4	0.000000E+0	0.000000E+0
3.921600E+1	1.034300E-4	1.331070E+4	0.000000E+0	0.000000E+0
4.319100E+1	1.034140E-4	1.331150E+4	0.000000E+0	0.000000E+0
4.722300E+1	1.033880E-4	1.331230E+4	0.000000E+0	0.000000E+0
5.121400E+1	1.033820E-4	1.331310E+4	0.000000E+0	0.000000E+0
5.521100E+1	1.033570E-4	1.331380E+4	0.000000E+0	0.000000E+0
5.921200E+1	1.033470E-4	1.331460E+4	0.000000E+0	0.000000E+0
6.321000E+1	1.033250E-4	1.331520E+4	0.000000E+0	0.000000E+0
6.720900E+1	1.033210E-4	1.331580E+4	0.000000E+0	0.000000E+0
7.121000E+1	1.033040E-4	1.331630E+4	0.000000E+0	0.000000E+0
7.521300E+1	1.032940E-4	1.331680E+4	0.000000E+0	0.000000E+0
7.921000E+1	1.032770E-4	1.331740E+4	0.000000E+0	0.000000E+0
8.321100E+1	1.032700E-4	1.331790E+4	0.000000E+0	0.000000E+0
8.720800E+1	1.032520E-4	1.331840E+4	0.000000E+0	0.000000E+0
9.121600E+1	1.032440E-4	1.331880E+4	0.000000E+0	0.000000E+0
9.519400E+1	1.032340E-4	1.331930E+4	0.000000E+0	0.000000E+0
9.922500E+1	1.032210E-4	1.331960E+4	0.000000E+0	0.000000E+0
1.032170E+2	1.032120E-4	1.332000E+4	0.000000E+0	0.000000E+0
1.071900E+2	1.032070E-4	1.332050E+4	0.000000E+0	0.000000E+0
1.112050E+2	1.031910E-4	1.332100E+4	0.000000E+0	0.000000E+0
1.152140E+2	1.031850E-4	1.332130E+4	0.000000E+0	0.000000E+0
1.191920E+2	1.031770E-4	1.332160E+4	0.000000E+0	0.000000E+0
1.232070E+2	1.031670E-4	1.332190E+4	0.000000E+0	0.000000E+0
1.272170E+2	1.031570E-4	1.332220E+4	0.000000E+0	0.000000E+0
1.311910E+2	1.031500E-4	1.332240E+4	0.000000E+0	0.000000E+0
1.352200E+2	1.031380E-4	1.332280E+4	0.000000E+0	0.000000E+0
1.392120E+2	1.031370E-4	1.332310E+4	0.000000E+0	0.000000E+0
1.432100E+2	1.031240E-4	1.332330E+4	0.000000E+0	0.000000E+0
1.472160E+2	1.031210E-4	1.332360E+4	0.000000E+0	0.000000E+0
1.511930E+2	1.031100E-4	1.332390E+4	0.000000E+0	0.000000E+0
1.552100E+2	1.030990E-4	1.332410E+4	0.000000E+0	0.000000E+0
1.592150E+2	1.030960E-4	1.332430E+4	0.000000E+0	0.000000E+0
1.631950E+2	1.030890E-4	1.332460E+4	0.000000E+0	0.000000E+0
1.672060E+2	1.030770E-4	1.332470E+4	0.000000E+0	0.000000E+0
1.712130E+2	1.030760E-4	1.332480E+4	0.000000E+0	0.000000E+0
1.752110E+2	1.030660E-4	1.332500E+4	0.000000E+0	0.000000E+0
1.792170E+2	1.030630E-4	1.332520E+4	0.000000E+0	0.000000E+0
1.831940E+2	1.030580E-4	1.332530E+4	0.000000E+0	0.000000E+0
1.872280E+2	1.030490E-4	1.332550E+4	0.000000E+0	0.000000E+0
1.912150E+2	1.030460E-4	1.332560E+4	0.000000E+0	0.000000E+0
1.951970E+2	1.030400E-4	1.332600E+4	0.000000E+0	0.000000E+0
1.992070E+2	1.030260E-4	1.332610E+4	0.000000E+0	0.000000E+0
2.032150E+2	1.030260E-4	1.332620E+4	0.000000E+0	0.000000E+0
2.071920E+2	1.030210E-4	1.332640E+4	0.000000E+0	0.000000E+0
2.112100E+2	1.030100E-4	1.332650E+4	0.000000E+0	0.000000E+0
2.152160E+2	1.030070E-4	1.332660E+4	0.000000E+0	0.000000E+0
2.191950E+2	1.030040E-4	1.332660E+4	0.000000E+0	0.000000E+0
2.235980E+2	1.029920E-4	1.332680E+4	0.000000E+0	0.000000E+0
2.272130E+2	1.029880E-4	1.332670E+4	0.000000E+0	0.000000E+0
2.313620E+2	1.029780E-4	1.332690E+4	0.000000E+0	0.000000E+0
2.352820E+2	1.029800E-4	1.332690E+4	0.000000E+0	0.000000E+0
2.392700E+2	1.029730E-4	1.332700E+4	0.000000E+0	0.000000E+0
2.432350E+2	1.029630E-4	1.332710E+4	0.000000E+0	0.000000E+0
2.472170E+2	1.029640E-4	1.332710E+4	0.000000E+0	0.000000E+0
2.512120E+2	1.029510E-4	1.332710E+4	0.000000E+0	0.000000E+0
2.552120E+2	1.029540E-4	1.332710E+4	0.000000E+0	0.000000E+0
2.592120E+2	1.029460E-4	1.332710E+4	0.000000E+0	0.000000E+0
2.632150E+2	1.029440E-4	1.332720E+4	0.000000E+0	0.000000E+0
2.672120E+2	1.029370E-4	1.332710E+4	0.000000E+0	0.000000E+0
2.712120E+2	1.029330E-4	1.332710E+4	0.000000E+0	0.000000E+0
2.752140E+2	1.029230E-4	1.332720E+4	0.000000E+0	0.000000E+0
2.792140E+2	1.029240E-4	1.332710E+4	0.000000E+0	0.000000E+0
2.832170E+2	1.029120E-4	1.332720E+4	0.000000E+0	0.000000E+0
2.872130E+2	1.029130E-4	1.332700E+4	0.000000E+0	0.000000E+0
2.912130E+2	1.029060E-4	1.332700E+4	0.000000E+0	0.000000E+0
2.952140E+2	1.029060E-4	1.332690E+4	0.000000E+0	0.000000E+0
2.992130E+2	1.028970E-4	1.332680E+4	0.000000E+0	0.000000E+0
3.032130E+2	1.028950E-4	1.332680E+4	0.000000E+0	0.000000E+0
3.072160E+2	1.028890E-4	1.332680E+4	0.000000E+0	0.000000E+0
3.112140E+2	1.028900E-4	1.332670E+4	0.000000E+0	0.000000E+0
3.152130E+2	1.028820E-4	1.332670E+4	0.000000E+0	0.000000E+0
3.192130E+2	1.028820E-4	1.332650E+4	0.000000E+0	0.000000E+0
3.232120E+2	1.028700E-4	1.332660E+4	0.000000E+0	0.000000E+0
3.272130E+2	1.028720E-4	1.332640E+4	0.000000E+0	0.000000E+0
3.312150E+2	1.028590E-4	1.332630E+4	0.000000E+0	0.000000E+0
3.352090E+2	1.028610E-4	1.332620E+4	0.000000E+0	0.000000E+0
3.392120E+2	1.028530E-4	1.332620E+4	0.000000E+0	0.000000E+0
3.432150E+2	1.028540E-4	1.332610E+4	0.000000E+0	0.000000E+0
3.472170E+2	1.028460E-4	1.332600E+4	0.000000E+0	0.000000E+0
3.512130E+2	1.028480E-4	1.332590E+4	0.000000E+0	0.000000E+0
3.552120E+2	1.028380E-4	1.332580E+4	0.000000E+0	0.000000E+0
3.592100E+2	1.028420E-4	1.332570E+4	0.000000E+0	0.000000E+0
3.632100E+2	1.028340E-4	1.332560E+4	0.000000E+0	0.000000E+0
3.672150E+2	1.028320E-4	1.332550E+4	0.000000E+0	0.000000E+0
3.712110E+2	1.028260E-4	1.332550E+4	0.000000E+0	0.000000E+0
3.752100E+2	1.028250E-4	1.332530E+4	0.000000E+0	0.000000E+0
3.792110E+2	1.028200E-4	1.332510E+4	0.000000E+0	0.000000E+0
3.832120E+2	1.028180E-4	1.332500E+4	0.000000E+0	0.000000E+0
3.872110E+2	1.028090E-4	1.332490E+4	0.000000E+0	0.000000E+0
3.912090E+2	1.028120E-4	1.332460E+4	0.000000E+0	0.000000E+0
3.952160E+2	1.028010E-4	1.332450E+4	0.000000E+0	0.000000E+0
3.992120E+2	1.028040E-4	1.332440E+4	0.000000E+0	0.000000E+0
4.032170E+2	1.027970E-4	1.332420E+4	0.000000E+0	0.000000E+0
4.072090E+2	1.027970E-4	1.332410E+4	0.000000E+0	0.000000E+0
4.112120E+2	1.027880E-4	1.332390E+4	0.000000E+0	0.000000E+0
4.152140E+2	1.027910E-4	1.332380E+4	0.000000E+0	0.000000E+0
4.192210E+2	1.027870E-4	1.332370E+4	0.000000E+0	0.000000E+0
4.232150E+2	1.027850E-4	1.332350E+4	0.000000E+0	0.000000E+0
4.272130E+2	1.027810E-4	1.332330E+4	0.000000E+0	0.000000E+0
4.312120E+2	1.027790E-4	1.332310E+4	0.000000E+0	0.000000E+0
4.352120E+2	1.027740E-4	1.332300E+4	0.000000E+0	0.000000E+0
4.392120E+2	1.027760E-4	1.332290E+4	0.000000E+0	0.000000E+0
4.432100E+2	1.027690E-4	1.332270E+4	0.000000E+0	0.000000E+0
4.472100E+2	1.027680E-4	1.332250E+4	0.000000E+0	0.000000E+0
4.512180E+2	1.027610E-4	1.332240E+4	0.000000E+0	0.000000E+0
4.552140E+2	1.027660E-4	1.332220E+4	0.000000E+0	0.000000E+0
4.592140E+2	1.027540E-4	1.332200E+4	0.000000E+0	0.000000E+0
4.632110E+2	1.027550E-4	1.332190E+4	0.000000E+0	0.000000E+0
4.672130E+2	1.027470E-4	1.332170E+4	0.000000E+0	0.000000E+0
4.712160E+2	1.027550E-4	1.332150E+4	0.000000E+0	0.000000E+0
4.752160E+2	1.027460E-4	1.332140E+4	0.000000E+0	0.000000E+0
4.792090E+2	1.027500E-4	1.332120E+4	0.000000E+0	0.000000E+0
4.832100E+2	1.027410E-4	1.332110E+4	0.000000E+0	0.000000E+0
4.872100E+2	1.027420E-4	1.332080E+4	0.000000E+0	0.000000E+0
4.912120E+2	1.027330E-4	1.332070E+4	0.000000E+0	0.000000E+0
4.952100E+2	1.027390E-4	1.332050E+4	0.000000E+0	0.000000E+0
4.992140E+2	1.027310E-4	1.332030E+4	0.000000E+0	0.000000E+0
5.032180E+2	1.027320E-4	1.332010E+4	0.000000E+0	0.000000E+0
5.072160E+2	1.027250E-4	1.332000E+4	0.000000E+0	0.000000E+0
5.112130E+2	1.027250E-4	1.331970E+4	0.000000E+0	0.000000E+0
5.152130E+2	1.027190E-4	1.331950E+4	0.000000E+0	0.000000E+0
5.192110E+2	1.027230E-4	1.331930E+4	0.000000E+0	0.000000E+0
5.232130E+2	1.027140E-4	1.331910E+4	0.000000E+0	0.000000E+0
5.272130E+2	1.027190E-4	1.331890E+4	0.000000E+0	0.000000E+0
5.312110E+2	1.027100E-4	1.331870E+4	0.000000E+0	0.000000E+0
5.352130E+2	1.027090E-4	1.331850E+4	0.000000E+0	0.000000E+0
5.392160E+2	1.027060E-4	1.331830E+4	0.000000E+0	0.000000E+0
5.432110E+2	1.027070E-4	1.331810E+4	0.000000E+0	0.000000E+0
5.472120E+2	1.027000E-4	1.331780E+4	0.000000E+0	0.000000E+0
5.512140E+2	1.027010E-4	1.331760E+4	0.000000E+0	0.000000E+0
5.552110E+2	1.026960E-4	1.331740E+4	0.000000E+0	0.000000E+0
5.592140E+2	1.026950E-4	1.331700E+4	0.000000E+0	0.000000E+0
5.632120E+2	1.026860E-4	1.331690E+4	0.000000E+0	0.000000E+0
5.672140E+2	1.026880E-4	1.331680E+4	0.000000E+0	0.000000E+0
5.712170E+2	1.026830E-4	1.331650E+4	0.000000E+0	0.000000E+0
5.752170E+2	1.026840E-4	1.331630E+4	0.000000E+0	0.000000E+0
5.792130E+2	1.026780E-4	1.331610E+4	0.000000E+0	0.000000E+0
5.832120E+2	1.026820E-4	1.331570E+4	0.000000E+0	0.000000E+0
5.872130E+2	1.026750E-4	1.331550E+4	0.000000E+0	0.000000E+0
5.912150E+2	1.026800E-4	1.331530E+4	0.000000E+0	0.000000E+0
5.952130E+2	1.026710E-4	1.331510E+4	0.000000E+0	0.000000E+0
5.992100E+2	1.026740E-4	1.331480E+4	0.000000E+0	0.000000E+0
6.032150E+2	1.026660E-4	1.331460E+4	0.000000E+0	0.000000E+0
6.072130E+2	1.026650E-4	1.331430E+4	0.000000E+0	0.000000E+0
6.112130E+2	1.026620E-4	1.331410E+4	0.000000E+0	0.000000E+0
6.152120E+2	1.026640E-4	1.331390E+4	0.000000E+0	0.000000E+0
6.192170E+2	1.026570E-4	1.331360E+4	0.000000E+0	0.000000E+0
6.232160E+2	1.026600E-4	1.331340E+4	0.000000E+0	0.000000E+0
6.272140E+2	1.026520E-4	1.331310E+4	0.000000E+0	0.000000E+0
6.312100E+2	1.026500E-4	1.331290E+4	0.000000E+0	0.000000E+0
6.352140E+2	1.026430E-4	1.331270E+4	0.000000E+0	0.000000E+0
6.392140E+2	1.026460E-4	1.331240E+4	0.000000E+0	0.000000E+0
6.432120E+2	1.026430E-4	1.331210E+4	0.000000E+0	0.000000E+0
6.472120E+2	1.026390E-4	1.331190E+4	0.000000E+0	0.000000E+0
6.512160E+2	1.026350E-4	1.331160E+4	0.000000E+0	0.000000E+0
6.552130E+2	1.026400E-4	1.331140E+4	0.000000E+0	0.000000E+0
6.592130E+2	1.026330E-4	1.331110E+4	0.000000E+0	0.000000E+0
6.632130E+2	1.026340E-4	1.331080E+4	0.000000E+0	0.000000E+0
6.672140E+2	1.026280E-4	1.331050E+4	0.000000E+0	0.000000E+0
6.712180E+2	1.026330E-4	1.331020E+4	0.000000E+0	0.000000E+0
6.752160E+2	1.026220E-4	1.331000E+4	0.000000E+0	0.000000E+0
6.792110E+2	1.026260E-4	1.330960E+4	0.000000E+0	0.000000E+0
6.832140E+2	1.026180E-4	1.330950E+4	0.000000E+0	0.000000E+0
6.872120E+2	1.026200E-4	1.330930E+4	0.000000E+0	0.000000E+0
6.912120E+2	1.026130E-4	1.330900E+4	0.000000E+0	0.000000E+0
6.952110E+2	1.026170E-4	1.330870E+4	0.000000E+0	0.000000E+0
6.992150E+2	1.026110E-4	1.330840E+4	0.000000E+0	0.000000E+0
7.032070E+2	1.026130E-4	1.330820E+4	0.000000E+0	0.000000E+0
7.072090E+2	1.026020E-4	1.330790E+4	0.000000E+0	0.000000E+0
7.112120E+2	1.026050E-4	1.330750E+4	0.000000E+0	0.000000E+0
7.152130E+2	1.026010E-4	1.330730E+4	0.000000E+0	0.000000E+0
7.192120E+2	1.026030E-4	1.330700E+4	0.000000E+0	0.000000E+0
7.232100E+2	1.025980E-4	1.330670E+4	0.000000E+0	0.000000E+0
7.272100E+2	1.025990E-4	1.330620E+4	0.000000E+0	0.000000E+0
7.312120E+2	1.025940E-4	1.330620E+4	0.000000E+0	0.000000E+0
7.352090E+2	1.025970E-4	1.330570E+4	0.000000E+0	0.000000E+0
7.392110E+2	1.025900E-4	1.330520E+4	0.000000E+0	0.000000E+0
7.432100E+2	1.025940E-4	1.330500E+4	0.000000E+0	0.000000E+0
7.472140E+2	1.025870E-4	1.330460E+4	0.000000E+0	0.000000E+0
7.512120E+2	1.025920E-4	1.330440E+4	0.000000E+0	0.000000E+0
7.552140E+2	1.025850E-4	1.330410E+4	0.000000E+0	0.000000E+0
7.592130E+2	1.025890E-4	1.330380E+4	0.000000E+0	0.000000E+0
7.632080E+2	1.025830E-4	1.330360E+4	0.000000E+0	0.000000E+0
7.672110E+2	1.025840E-4	1.330330E+4	0.000000E+0	0.000000E+0
7.712140E+2	1.025780E-4	1.330300E+4	0.000000E+0	0.000000E+0
7.752120E+2	1.025770E-4	1.330270E+4	0.000000E+0	0.000000E+0
7.792120E+2	1.025740E-4	1.330240E+4	0.000000E+0	0.000000E+0
7.832130E+2	1.025810E-4	1.330210E+4	0.000000E+0	0.000000E+0
7.872130E+2	1.025710E-4	1.330180E+4	0.000000E+0	0.000000E+0
7.912120E+2	1.025740E-4	1.330150E+4	0.000000E+0	0.000000E+0
7.952070E+2	1.025640E-4	1.330110E+4	0.000000E+0	0.000000E+0
7.992090E+2	1.025670E-4	1.330090E+4	0.000000E+0	0.000000E+0
8.032130E+2	1.025620E-4	1.330050E+4	0.000000E+0	0.000000E+0
8.072110E+2	1.025660E-4	1.330020E+4	0.000000E+0	0.000000E+0
8.112100E+2	1.025610E-4	1.329980E+4	0.000000E+0	0.000000E+0
8.152110E+2	1.025650E-4	1.329960E+4	0.000000E+0	0.000000E+0
8.192100E+2	1.025580E-4	1.329920E+4	0.000000E+0	0.000000E+0
8.232450E+2	1.025580E-4	1.329890E+4	0.000000E+0	0.000000E+0
8.271940E+2	1.025560E-4	1.329850E+4	0.000000E+0	0.000000E+0
8.312090E+2	1.025560E-4	1.329840E+4	0.000000E+0	0.000000E+0
8.352140E+2	1.025580E-4	1.329810E+4	0.000000E+0	0.000000E+0
8.392110E+2	1.025520E-4	1.329780E+4	0.000000E+0	0.000000E+0
8.432150E+2	1.025510E-4	1.329740E+4	0.000000E+0	0.000000E+0
8.472060E+2	1.025460E-4	1.329720E+4	0.000000E+0	0.000000E+0
8.512090E+2	1.025490E-4	1.329680E+4	0.000000E+0	0.000000E+0
8.552090E+2	1.025420E-4	1.329660E+4	0.000000E+0	0.000000E+0
8.592090E+2	1.025480E-4	1.329620E+4	0.000000E+0	0.000000E+0
8.632130E+2	1.025410E-4	1.329590E+4	0.000000E+0	0.000000E+0
8.672130E+2	1.025410E-4	1.329560E+4	0.000000E+0	0.000000E+0
8.712130E+2	1.025330E-4	1.329530E+4	0.000000E+0	0.000000E+0
8.752160E+2	1.025380E-4	1.329500E+4	0.000000E+0	0.000000E+0
8.791900E+2	1.025360E-4	1.329460E+4	0.000000E+0	0.000000E+0
8.832050E+2	1.025270E-4	1.329440E+4	0.000000E+0	0.000000E+0
8.872160E+2	1.025300E-4	1.329410E+4	0.000000E+0	0.000000E+0
8.911960E+2	1.025290E-4	1.329380E+4	0.000000E+0	0.000000E+0
8.952100E+2	1.025280E-4	1.329340E+4	0.000000E+0	0.000000E+0
8.992140E+2	1.025260E-4	1.329310E+4	0.000000E+0	0.000000E+0
9.032060E+2	1.025230E-4	1.329280E+4	0.000000E+0	0.000000E+0
9.072110E+2	1.025260E-4	1.329240E+4	0.000000E+0	0.000000E+0
9.112080E+2	1.025210E-4	1.329220E+4	0.000000E+0	0.000000E+0
9.152110E+2	1.025220E-4	1.329190E+4	0.000000E+0	0.000000E+0
9.192080E+2	1.025130E-4	1.329150E+4	0.000000E+0	0.000000E+0
9.232140E+2	1.025210E-4	1.329120E+4	0.000000E+0	0.000000E+0
9.271960E+2	1.025200E-4	1.329100E+4	0.000000E+0	0.000000E+0
9.312080E+2	1.025080E-4	1.329060E+4	0.000000E+0	0.000000E+0
9.352140E+2	1.025130E-4	1.329020E+4	0.000000E+0	0.000000E+0
9.392070E+2	1.025060E-4	1.328980E+4	0.000000E+0	0.000000E+0
9.432090E+2	1.025100E-4	1.328960E+4	0.000000E+0	0.000000E+0
9.472100E+2	1.025020E-4	1.328920E+4	0.000000E+0	0.000000E+0
9.512130E+2	1.025090E-4	1.328900E+4	0.000000E+0	0.000000E+0
9.552080E+2	1.025000E-4	1.328870E+4	0.000000E+0	0.000000E+0
9.592080E+2	1.025030E-4	1.328830E+4	0.000000E+0	0.000000E+0
9.632080E+2	1.025000E-4	1.328790E+4	0.000000E+0	0.000000E+0
9.672140E+2	1.025010E-4	1.328760E+4	0.000000E+0	0.000000E+0
9.712110E+2	1.024950E-4	1.328730E+4	0.000000E+0	0.000000E+0
9.752140E+2	1.025000E-4	1.328690E+4	0.000000E+0	0.000000E+0
9.791940E+2	1.024990E-4	1.328650E+4	0.000000E+0	0.000000E+0
9.832070E+2	1.024930E-4	1.328600E+4	0.000000E+0	0.000000E+0
9.872140E+2	1.024960E-4	1.328580E+4	0.000000E+0	0.000000E+0
9.911930E+2	1.024930E-4	1.328550E+4	0.000000E+0	0.000000E+0
9.952070E+2	1.024880E-4	1.328510E+4	0.000000E+0	0.000000E+0
9.992140E+2	1.024920E-4	1.328480E+4	0.000000E+0	0.000000E+0
1.003206E+3	1.024870E-4	1.328450E+4	0.000000E+0	0.000000E+0
1.007210E+3	1.024880E-4	1.328420E+4	0.000000E+0	0.000000E+0
1.011207E+3	1.024870E-4	1.328380E+4	0.000000E+0	0.000000E+0
1.015213E+3	1.024870E-4	1.328340E+4	0.000000E+0	0.000000E+0
1.019205E+3	1.024800E-4	1.328310E+4	0.000000E+0	0.000000E+0
1.023210E+3	1.024820E-4	1.328280E+4	0.000000E+0	0.000000E+0
1.027212E+3	1.024760E-4	1.328250E+4	0.000000E+0	0.000000E+0
1.031215E+3	1.024820E-4	1.328210E+4	0.000000E+0	0.000000E+0
1.035191E+3	1.024790E-4	1.328180E+4	0.000000E+0	0.000000E+0
1.039216E+3	1.024730E-4	1.328140E+4	0.000000E+0	0.000000E+0
1.043211E+3	1.024760E-4	1.328110E+4	0.000000E+0	0.000000E+0
1.047208E+3	1.024720E-4	1.328070E+4	0.000000E+0	0.000000E+0
1.051214E+3	1.024750E-4	1.328030E+4	0.000000E+0	0.000000E+0
1.055211E+3	1.024640E-4	1.328000E+4	0.000000E+0	0.000000E+0
1.059211E+3	1.024710E-4	1.327960E+4	0.000000E+0	0.000000E+0
1.063211E+3	1.024640E-4	1.327920E+4	0.000000E+0	0.000000E+0
1.067212E+3	1.024660E-4	1.327890E+4	0.000000E+0	0.000000E+0
1.071214E+3	1.024620E-4	1.327860E+4	0.000000E+0	0.000000E+0
1.075214E+3	1.024630E-4	1.327820E+4	0.000000E+0	0.000000E+0
1.079210E+3	1.024580E-4	1.327780E+4	0.000000E+0	0.000000E+0
1.083214E+3	1.024610E-4	1.327740E+4	0.000000E+0	0.000000E+0
1.087214E+3	1.024580E-4	1.327710E+4	0.000000E+0	0.000000E+0
1.091213E+3	1.024620E-4	1.327670E+4	0.000000E+0	0.000000E+0
1.095210E+3	1.024540E-4	1.327620E+4	0.000000E+0	0.000000E+0
1.099213E+3	1.024560E-4	1.327590E+4	0.000000E+0	0.000000E+0
1.103212E+3	1.024470E-4	1.327550E+4	0.000000E+0	0.000000E+0
1.107213E+3	1.024550E-4	1.327520E+4	0.000000E+0	0.000000E+0
1.111196E+3	1.024540E-4	1.327480E+4	0.000000E+0	0.000000E+0
1.115208E+3	1.024470E-4	1.327450E+4	0.000000E+0	0.000000E+0
1.119211E+3	1.024490E-4	1.327410E+4	0.000000E+0	0.000000E+0
1.123211E+3	1.024460E-4	1.327370E+4	0.000000E+0	0.000000E+0
1.127208E+3	1.024510E-4	1.327330E+4	0.000000E+0	0.000000E+0
1.131209E+3	1.024400E-4	1.327300E+4	0.000000E+0	0.000000E+0
1.135213E+3	1.024480E-4	1.327270E+4	0.000000E+0	0.000000E+0
1.139211E+3	1.024380E-4	1.327220E+4	0.000000E+0	0.000000E+0
1.143214E+3	1.024420E-4	1.327180E+4	0.000000E+0	0.000000E+0
1.147211E+3	1.024370E-4	1.327130E+4	0.000000E+0	0.000000E+0
1.151215E+3	1.024380E-4	1.327110E+4	0.000000E+0	0.000000E+0
1.155210E+3	1.024360E-4	1.327070E+4	0.000000E+0	0.000000E+0
1.159210E+3	1.024350E-4	1.327040E+4	0.000000E+0	0.000000E+0
1.163215E+3	1.024330E-4	1.327000E+4	0.000000E+0	0.000000E+0
1.167192E+3	1.024290E-4	1.326950E+4	0.000000E+0	0.000000E+0
1.171229E+3	1.024300E-4	1.326910E+4	0.000000E+0	0.000000E+0
1.175210E+3	1.024260E-4	1.326860E+4	0.000000E+0	0.000000E+0
1.179217E+3	1.024310E-4	1.326820E+4	0.000000E+0	0.000000E+0
1.183213E+3	1.024250E-4	1.326780E+4	0.000000E+0	0.000000E+0
1.187211E+3	1.024270E-4	1.326740E+4	0.000000E+0	0.000000E+0
1.191211E+3	1.024230E-4	1.326710E+4	0.000000E+0	0.000000E+0
1.195212E+3	1.024250E-4	1.326670E+4	0.000000E+0	0.000000E+0
1.199214E+3	1.024200E-4	1.326630E+4	0.000000E+0	0.000000E+0
1.203213E+3	1.024210E-4	1.326610E+4	0.000000E+0	0.000000E+0
1.207209E+3	1.024130E-4	1.326560E+4	0.000000E+0	0.000000E+0
1.211213E+3	1.024190E-4	1.326530E+4	0.000000E+0	0.000000E+0
1.215212E+3	1.024130E-4	1.326490E+4	0.000000E+0	0.000000E+0
1.219211E+3	1.024170E-4	1.326450E+4	0.000000E+0	0.000000E+0
1.223209E+3	1.024130E-4	1.326410E+4	0.000000E+0	0.000000E+0
1.227212E+3	1.024160E-4	1.326370E+4	0.000000E+0	0.000000E+0
1.231214E+3	1.024070E-4	1.326340E+4	0.000000E+0	0.000000E+0
1.235212E+3	1.024120E-4	1.326300E+4	0.000000E+0	0.000000E+0
1.239209E+3	1.024060E-4	1.326270E+4	0.000000E+0	0.000000E+0
1.243213E+3	1.024090E-4	1.326230E+4	0.000000E+0	0.000000E+0
1.247213E+3	1.024030E-4	1.326190E+4	0.000000E+0	0.000000E+0
1.251212E+3	1.024080E-4	1.326150E+4	0.000000E+0	0.000000E+0
1.255208E+3	1.024030E-4	1.326120E+4	0.000000E+0	0.000000E+0
1.259212E+3	1.024070E-4	1.326080E+4	0.000000E+0	0.000000E+0
1.263210E+3	1.024010E-4	1.326050E+4	0.000000E+0	0.000000E+0
1.267215E+3	1.024040E-4	1.326000E+4	0.000000E+0	0.000000E+0
1.271208E+3	1.024000E-4	1.325960E+4	0.000000E+0	0.000000E+0
1.275212E+3	1.024000E-4	1.325920E+4	0.000000E+0	0.000000E+0
1.279213E+3	1.023970E-4	1.325890E+4	0.000000E+0	0.000000E+0
1.283211E+3	1.023960E-4	1.325850E+4	0.000000E+0	0.000000E+0
1.287209E+3	1.023940E-4	1.325820E+4	0.000000E+0	0.000000E+0
1.291212E+3	1.023970E-4	1.325780E+4	0.000000E+0	0.000000E+0
1.295214E+3	1.023920E-4	1.325740E+4	0.000000E+0	0.000000E+0
1.299211E+3	1.023960E-4	1.325700E+4	0.000000E+0	0.000000E+0
1.303207E+3	1.023900E-4	1.325660E+4	0.000000E+0	0.000000E+0
1.307211E+3	1.023930E-4	1.325630E+4	0.000000E+0	0.000000E+0
1.311214E+3	1.023870E-4	1.325590E+4	0.000000E+0	0.000000E+0
1.315214E+3	1.023910E-4	1.325550E+4	0.000000E+0	0.000000E+0
1.319212E+3	1.023840E-4	1.325520E+4	0.000000E+0	0.000000E+0
1.323213E+3	1.023890E-4	1.325480E+4	0.000000E+0	0.000000E+0
1.327215E+3	1.023850E-4	1.325440E+4	0.000000E+0	0.000000E+0
1.331213E+3	1.023890E-4	1.325400E+4	0.000000E+0	0.000000E+0
1.335211E+3	1.023810E-4	1.325360E+4	0.000000E+0	0.000000E+0
1.339211E+3	1.023840E-4	1.325300E+4	0.000000E+0	0.000000E+0
1.343214E+3	1.023820E-4	1.325250E+4	0.000000E+0	0.000000E+0
1.347214E+3	1.023820E-4	1.325220E+4	0.000000E+0	0.000000E+0
1.351214E+3	1.023760E-4	1.325180E+4	0.000000E+0	0.000000E+0
1.355213E+3	1.023800E-4	1.325150E+4	0.000000E+0	0.000000E+0
1.359216E+3	1.023730E-4	1.325110E+4	0.000000E+0	0.000000E+0
1.363216E+3	1.023770E-4	1.325070E+4	0.000000E+0	0.000000E+0
1.367214E+3	1.023750E-4	1.325030E+4	0.000000E+0	0.000000E+0
1.371212E+3	1.023750E-4	1.324990E+4	0.000000E+0	0.000000E+0
1.375216E+3	1.023710E-4	1.324950E+4	0.000000E+0	0.000000E+0
1.379214E+3	1.023760E-4	1.324910E+4	0.000000E+0	0.000000E+0
1.383212E+3	1.023690E-4	1.324870E+4	0.000000E+0	0.000000E+0
1.387210E+3	1.023720E-4	1.324830E+4	0.000000E+0	0.000000E+0
1.391217E+3	1.023660E-4	1.324790E+4	0.000000E+0	0.000000E+0
1.395213E+3	1.023700E-4	1.324750E+4	0.000000E+0	0.000000E+0
1.399212E+3	1.023620E-4	1.324710E+4	0.000000E+0	0.000000E+0
1.403212E+3	1.023690E-4	1.324680E+4	0.000000E+0	0.000000E+0
1.407213E+3	1.023600E-4	1.324630E+4	0.000000E+0	0.000000E+0
1.411213E+3	1.023630E-4	1.324600E+4	0.000000E+0	0.000000E+0
1.415215E+3	1.023560E-4	1.324570E+4	0.000000E+0	0.000000E+0
1.419211E+3	1.023610E-4	1.324530E+4	0.000000E+0	0.000000E+0
1.423215E+3	1.023530E-4	1.324500E+4	0.000000E+0	0.000000E+0
1.427216E+3	1.023620E-4	1.324470E+4	0.000000E+0	0.000000E+0
1.431214E+3	1.023540E-4	1.324430E+4	0.000000E+0	0.000000E+0
1.435214E+3	1.023600E-4	1.324390E+4	0.000000E+0	0.000000E+0
1.439215E+3	1.023580E-4	1.324340E+4	0.000000E+0	0.000000E+0
1.443217E+3	1.023550E-4	1.324310E+4	0.000000E+0	0.000000E+0
1.447211E+3	1.023480E-4	1.324280E+4	0.000000E+0	0.000000E+0
1.451207E+3	1.023510E-4	1.324230E+4	0.000000E+0	0.000000E+0
1.455211E+3	1.023480E-4	1.324190E+4	0.000000E+0	0.000000E+0
1.459215E+3	1.023510E-4	1.324150E+4	0.000000E+0	0.000000E+0
1.463214E+3	1.023480E-4	1.324120E+4	0.000000E+0	0.000000E+0
1.467212E+3	1.023510E-4	1.324090E+4	0.000000E+0	0.000000E+0
1.471212E+3	1.023470E-4	1.324040E+4	0.000000E+0	0.000000E+0
1.475213E+3	1.023470E-4	1.324000E+4	0.000000E+0	0.000000E+0
1.479215E+3	1.023460E-4	1.323960E+4	0.000000E+0	0.000000E+0
1.483213E+3	1.023450E-4	1.323930E+4	0.000000E+0	0.000000E+0
1.487218E+3	1.023410E-4	1.323880E+4	0.000000E+0	0.000000E+0
1.491213E+3	1.023450E-4	1.323850E+4	0.000000E+0	0.000000E+0
1.495216E+3	1.023380E-4	1.323800E+4	0.000000E+0	0.000000E+0
1.499214E+3	1.023410E-4	1.323740E+4	0.000000E+0	0.000000E+0
1.503216E+3	1.023370E-4	1.323700E+4	0.000000E+0	0.000000E+0
1.507211E+3	1.023400E-4	1.323660E+4	0.000000E+0	0.000000E+0
1.511214E+3	1.023360E-4	1.323630E+4	0.000000E+0	0.000000E+0
1.515212E+3	1.023430E-4	1.323590E+4	0.000000E+0	0.000000E+0
1.519212E+3	1.023340E-4	1.323560E+4	0.000000E+0	0.000000E+0
1.523212E+3	1.023380E-4	1.323520E+4	0.000000E+0	0.000000E+0
1.527217E+3	1.023330E-4	1.323480E+4	0.000000E+0	0.000000E+0
1.531215E+3	1.023380E-4	1.323440E+4	0.000000E+0	0.000000E+0
1.535220E+3	1.023290E-4	1.323400E+4	0.000000E+0	0.000000E+0
1.539215E+3	1.023310E-4	1.323360E+4	0.000000E+0	0.000000E+0
1.543215E+3	1.023270E-4	1.323320E+4	0.000000E+0	0.000000E+0
1.547213E+3	1.023350E-4	1.323290E+4	0.000000E+0	0.000000E+0
1.551212E+3	1.023260E-4	1.323260E+4	0.000000E+0	0.000000E+0
1.555212E+3	1.023280E-4	1.323210E+4	0.000000E+0	0.000000E+0
1.559216E+3	1.023290E-4	1.323180E+4	0.000000E+0	0.000000E+0
1.563211E+3	1.023260E-4	1.323140E+4	0.000000E+0	0.000000E+0
1.567211E+3	1.023240E-4	1.323100E+4	0.000000E+0	0.000000E+0
1.571210E+3	1.023250E-4	1.323060E+4	0.000000E+0	0.000000E+0
1.575219E+3	1.023210E-4	1.323020E+4	0.000000E+0	0.000000E+0
1.579216E+3	1.023230E-4	1.322990E+4	0.000000E+0	0.000000E+0
1.583214E+3	1.023180E-4	1.322950E+4	0.000000E+0	0.000000E+0
1.587199E+3	1.023160E-4	1.322900E+4	0.000000E+0	0.000000E+0
1.591231E+3	1.023170E-4	1.322870E+4	0.000000E+0	0.000000E+0
1.595194E+3	1.023180E-4	1.322830E+4	0.000000E+0	0.000000E+0
1.599208E+3	1.023150E-4	1.322790E+4	0.000000E+0	0.000000E+0
1.603215E+3	1.023180E-4	1.322750E+4	0.000000E+0	0.000000E+0
1.607212E+3	1.023160E-4	1.322710E+4	0.000000E+0	0.000000E+0
1.611217E+3	1.023160E-4	1.322680E+4	0.000000E+0	0.000000E+0
1.615214E+3	1.023070E-4	1.322640E+4	0.000000E+0	0.000000E+0
1.619217E+3	1.023140E-4	1.322600E+4	0.000000E+0	0.000000E+0
1.623217E+3	1.023110E-4	1.322570E+4	0.000000E+0	0.000000E+0
1.627213E+3	1.023130E-4	1.322520E+4	0.000000E+0	0.000000E+0
1.631212E+3	1.023090E-4	1.322480E+4	0.000000E+0	0.000000E+0
1.635213E+3	1.023120E-4	1.322450E+4	0.000000E+0	0.000000E+0
1.639216E+3	1.023040E-4	1.322420E+4	0.000000E+0	0.000000E+0
1.643213E+3	1.023120E-4	1.322380E+4	0.000000E+0	0.000000E+0
1.647210E+3	1.023020E-4	1.322340E+4	0.000000E+0	0.000000E+0
1.651211E+3	1.023100E-4	1.322290E+4	0.000000E+0	0.000000E+0
1.655218E+3	1.023050E-4	1.322240E+4	0.000000E+0	0.000000E+0
1.659216E+3	1.023080E-4	1.322200E+4	0.000000E+0	0.000000E+0
1.663214E+3	1.023010E-4	1.322170E+4	0.000000E+0	0.000000E+0
1.667214E+3	1.023070E-4	1.322120E+4	0.000000E+0	0.000000E+0
1.671215E+3	1.023020E-4	1.322090E+4	0.000000E+0	0.000000E+0
1.675219E+3	1.023030E-4	1.322050E+4	0.000000E+0	0.000000E+0
1.679214E+3	1.022980E-4	1.322000E+4	0.000000E+0	0.000000E+0
1.683214E+3	1.022990E-4	1.321970E+4	0.000000E+0	0.000000E+0
1.687214E+3	1.022960E-4	1.321930E+4	0.000000E+0	0.000000E+0
1.691214E+3	1.023000E-4	1.321900E+4	0.000000E+0	0.000000E+0
1.695217E+3	1.022940E-4	1.321860E+4	0.000000E+0	0.000000E+0
1.699213E+3	1.022970E-4	1.321810E+4	0.000000E+0	0.000000E+0
1.703212E+3	1.022940E-4	1.321780E+4	0.000000E+0	0.000000E+0
1.707210E+3	1.022950E-4	1.321740E+4	0.000000E+0	0.000000E+0
1.711215E+3	1.022930E-4	1.321700E+4	0.000000E+0	0.000000E+0
1.715212E+3	1.022920E-4	1.321670E+4	0.000000E+0	0.000000E+0
1.719208E+3	1.022870E-4	1.321620E+4	0.000000E+0	0.000000E+0
1.723211E+3	1.022920E-4	1.321590E+4	0.000000E+0	0.000000E+0
1.727213E+3	1.022880E-4	1.321550E+4	0.000000E+0	0.000000E+0
1.731213E+3	1.022910E-4	1.321510E+4	0.000000E+0	0.000000E+0
1.735213E+3	1.022850E-4	1.321460E+4	0.000000E+0	0.000000E+0
1.739217E+3	1.022900E-4	1.321430E+4	0.000000E+0	0.000000E+0
1.743216E+3	1.022860E-4	1.321370E+4	0.000000E+0	0.000000E+0
1.747208E+3	1.022910E-4	1.321330E+4	0.000000E+0	0.000000E+0
1.751214E+3	1.022820E-4	1.321300E+4	0.000000E+0	0.000000E+0
1.755212E+3	1.022860E-4	1.321260E+4	0.000000E+0	0.000000E+0
1.759215E+3	1.022810E-4	1.321220E+4	0.000000E+0	0.000000E+0
1.763215E+3	1.022840E-4	1.321160E+4	0.000000E+0	0.000000E+0
1.767214E+3	1.022800E-4	1.321130E+4	0.000000E+0	0.000000E+0
1.771210E+3	1.022830E-4	1.321080E+4	0.000000E+0	0.000000E+0
1.775212E+3	1.022780E-4	1.321060E+4	0.000000E+0	0.000000E+0
1.779213E+3	1.022820E-4	1.321030E+4	0.000000E+0	0.000000E+0
1.783212E+3	1.022750E-4	1.320980E+4	0.000000E+0	0.000000E+0
1.787213E+3	1.022800E-4	1.320940E+4	0.000000E+0	0.000000E+0
1.791216E+3	1.022760E-4	1.320900E+4	0.000000E+0	0.000000E+0
1.795213E+3	1.022800E-4	1.320870E+4	0.000000E+0	0.000000E+0
1.799213E+3	1.022740E-4	1.320810E+4	0.000000E+0	0.000000E+0
1.803215E+3	1.022790E-4	1.320760E+4	0.000000E+0	0.000000E+0
1.807214E+3	1.022720E-4	1.320730E+4	0.000000E+0	0.000000E+0
1.811214E+3	1.022730E-4	1.320690E+4	0.000000E+0	0.000000E+0
1.815213E+3	1.022690E-4	1.320640E+4	0.000000E+0	0.000000E+0
1.819211E+3	1.022760E-4	1.320610E+4	0.000000E+0	0.000000E+0
1.823213E+3	1.022700E-4	1.320570E+4	0.000000E+0	0.000000E+0
1.827216E+3	1.022750E-4	1.320540E+4	0.000000E+0	0.000000E+0
1.831211E+3	1.022680E-4	1.320490E+4	0.000000E+0	0.000000E+0
1.835212E+3	1.022690E-4	1.320460E+4	0.000000E+0	0.000000E+0
1.839222E+3	1.022680E-4	1.320420E+4	0.000000E+0	0.000000E+0
1.843189E+3	1.022650E-4	1.320390E+4	0.000000E+0	0.000000E+0
1.847228E+3	1.022700E-4	1.320340E+4	0.000000E+0	0.000000E+0
1.851212E+3	1.022650E-4	1.320310E+4	0.000000E+0	0.000000E+0
1.855213E+3	1.022680E-4	1.320280E+4	0.000000E+0	0.000000E+0
1.859217E+3	1.022660E-4	1.320240E+4	0.000000E+0	0.000000E+0
1.863213E+3	1.022650E-4	1.320200E+4	0.000000E+0	0.000000E+0
1.867215E+3	1.022610E-4	1.320160E+4	0.000000E+0	0.000000E+0
1.871216E+3	1.022640E-4	1.320120E+4	0.000000E+0	0.000000E+0
1.875211E+3	1.022580E-4	1.320080E+4	0.000000E+0	0.000000E+0
1.879211E+3	1.022630E-4	1.320050E+4	0.000000E+0	0.000000E+0
1.883213E+3	1.022570E-4	1.320010E+4	0.000000E+0	0.000000E+0
1.887216E+3	1.022640E-4	1.319970E+4	0.000000E+0	0.000000E+0
1.891213E+3	1.022550E-4	1.319940E+4	0.000000E+0	0.000000E+0
1.895211E+3	1.022610E-4	1.319880E+4	0.000000E+0	0.000000E+0
1.899209E+3	1.022560E-4	1.319860E+4	0.000000E+0	0.000000E+0
1.903211E+3	1.022610E-4	1.319820E+4	0.000000E+0	0.000000E+0
1.907214E+3	1.022540E-4	1.319780E+4	0.000000E+0	0.000000E+0
1.911212E+3	1.022560E-4	1.319750E+4	0.000000E+0	0.000000E+0
1.915211E+3	1.022510E-4	1.319700E+4	0.000000E+0	0.000000E+0
1.919212E+3	1.022570E-4	1.319680E+4	0.000000E+0	0.000000E+0
1.923214E+3	1.022500E-4	1.319630E+4	0.000000E+0	0.000000E+0
1.927214E+3	1.022570E-4	1.319600E+4	0.000000E+0	0.000000E+0
1.931210E+3	1.022490E-4	1.319550E+4	0.000000E+0	0.000000E+0
1.935214E+3	1.022520E-4	1.319510E+4	0.000000E+0	0.000000E+0
1.939213E+3	1.022500E-4	1.319490E+4	0.000000E+0	0.000000E+0
1.943212E+3	1.022610E-4	1.319440E+4	0.000000E+0	0.000000E+0
1.947212E+3	1.022480E-4	1.319410E+4	0.000000E+0	0.000000E+0
1.951216E+3	1.022540E-4	1.319360E+4	0.000000E+0	0.000000E+0
1.955218E+3	1.022470E-4	1.319320E+4	0.000000E+0	0.000000E+0
1.959213E+3	1.022530E-4	1.319280E+4	0.000000E+0	0.000000E+0
1.963211E+3	1.022480E-4	1.319240E+4	0.000000E+0	0.000000E+0
1.967214E+3	1.022480E-4	1.319200E+4	0.000000E+0	0.000000E+0
1.971217E+3	1.022450E-4	1.319160E+4	0.000000E+0	0.000000E+0
1.975216E+3	1.022500E-4	1.319110E+4	0.000000E+0	0.000000E+0
1.979214E+3	1.022450E-4	1.319070E+4	0.000000E+0	0.000000E+0
1.983212E+3	1.022510E-4	1.319030E+4	0.000000E+0	0.000000E+0
1.987213E+3	1.022450E-4	1.318990E+4	0.000000E+0	0.000000E+0
1.991216E+3	1.022490E-4	1.318960E+4	0.000000E+0	0.000000E+0
1.995214E+3	1.022380E-4	1.318910E+4	0.000000E+0	0.000000E+0
1.999212E+3	1.022440E-4	1.318870E+4	0.000000E+0	0.000000E+0
2.003215E+3	1.022390E-4	1.318830E+4	0.000000E+0	0.000000E+0
2.007217E+3	1.022430E-4	1.318800E+4	0.000000E+0	0.000000E+0
2.011215E+3	1.022380E-4	1.318750E+4	0.000000E+0	0.000000E+0
2.015213E+3	1.022410E-4	1.318710E+4	0.000000E+0	0.000000E+0
2.019212E+3	1.022390E-4	1.318680E+4	0.000000E+0	0.000000E+0
2.023215E+3	1.022440E-4	1.318640E+4	0.000000E+0	0.000000E+0
2.027211E+3	1.022340E-4	1.318600E+4	0.000000E+0	0.000000E+0
2.031215E+3	1.022400E-4	1.318560E+4	0.000000E+0	0.000000E+0
2.035211E+3	1.022330E-4	1.318520E+4	0.000000E+0	0.000000E+0
2.039210E+3	1.022380E-4	1.318480E+4	0.000000E+0	0.000000E+0
2.043207E+3	1.022310E-4	1.318440E+4	0.000000E+0	0.000000E+0
2.047211E+3	1.022360E-4	1.318410E+4	0.000000E+0	0.000000E+0
2.051209E+3	1.022320E-4	1.318370E+4	0.000000E+0	0.000000E+0
2.055211E+3	1.022360E-4	1.318340E+4	0.000000E+0	0.000000E+0
2.059212E+3	1.022300E-4	1.318300E+4	0.000000E+0	0.000000E+0
2.063214E+3	1.022370E-4	1.318260E+4	0.000000E+0	0.000000E+0
2.067212E+3	1.022260E-4	1.318220E+4	0.000000E+0	0.000000E+0
2.071215E+3	1.022300E-4	1.318190E+4	0.000000E+0	0.000000E+0
2.075211E+3	1.022280E-4	1.318140E+4	0.000000E+0	0.000000E+0
2.079215E+3	1.022260E-4	1.318110E+4	0.000000E+0	0.000000E+0
2.083210E+3	1.022240E-4	1.318070E+4	0.000000E+0	0.000000E+0
2.087210E+3	1.022270E-4	1.318030E+4	0.000000E+0	0.000000E+0
2.091209E+3	1.022200E-4	1.317990E+4	0.000000E+0	0.000000E+0
2.095213E+3	1.022290E-4	1.317950E+4	0.000000E+0	0.000000E+0
2.099210E+3	1.022210E-4	1.317930E+4	0.000000E+0	0.000000E+0
2.103210E+3	1.022270E-4	1.317880E+4	0.000000E+0	0.000000E+0
2.107212E+3	1.022200E-4	1.317840E+4	0.000000E+0	0.000000E+0
2.111215E+3	1.022240E-4	1.317800E+4	0.000000E+0	0.000000E+0
2.115211E+3	1.022230E-4	1.317770E+4	0.000000E+0	0.000000E+0
2.119213E+3	1.022240E-4	1.317730E+4	0.000000E+0	0.000000E+0
2.123210E+3	1.022190E-4	1.317690E+4	0.000000E+0	0.000000E+0
2.127213E+3	1.022230E-4	1.317650E+4	0.000000E+0	0.000000E+0
2.131213E+3	1.022170E-4	1.317620E+4	0.000000E+0	0.000000E+0
2.135213E+3	1.022210E-4	1.317570E+4	0.000000E+0	0.000000E+0
2.139211E+3	1.022160E-4	1.317530E+4	0.000000E+0	0.000000E+0
2.143221E+3	1.022190E-4	1.317480E+4	0.000000E+0	0.000000E+0
2.147217E+3	1.022110E-4	1.317450E+4	0.000000E+0	0.000000E+0
2.151211E+3	1.022160E-4	1.317410E+4	0.000000E+0	0.000000E+0
2.155212E+3	1.022110E-4	1.317370E+4	0.000000E+0	0.000000E+0
2.159217E+3	1.022160E-4	1.317330E+4	0.000000E+0	0.000000E+0
2.163213E+3	1.022090E-4	1.317290E+4	0.000000E+0	0.000000E+0
2.167212E+3	1.022170E-4	1.317260E+4	0.000000E+0	0.000000E+0
2.171210E+3	1.022100E-4	1.317220E+4	0.000000E+0	0.000000E+0
2.175217E+3	1.022160E-4	1.317180E+4	0.000000E+0	0.000000E+0
2.179216E+3	1.022100E-4	1.317150E+4	0.000000E+0	0.000000E+0
2.183215E+3	1.022170E-4	1.317110E+4	0.000000E+0	0.000000E+0
2.187215E+3	1.022100E-4	1.317070E+4	0.000000E+0	0.000000E+0
2.191213E+3	1.022130E-4	1.317030E+4	0.000000E+0	0.000000E+0
2.195215E+3	1.022080E-4	1.316990E+4	0.000000E+0	0.000000E+0
2.199214E+3	1.022100E-4	1.316960E+4	0.000000E+0	0.000000E+0
2.203213E+3	1.022060E-4	1.316910E+4	0.000000E+0	0.000000E+0
2.207211E+3	1.022100E-4	1.316870E+4	0.000000E+0	0.000000E+0
2.211211E+3	1.022050E-4	1.316830E+4	0.000000E+0	0.000000E+0
2.215214E+3	1.022080E-4	1.316790E+4	0.000000E+0	0.000000E+0
2.219212E+3	1.022020E-4	1.316750E+4	0.000000E+0	0.000000E+0
2.223211E+3	1.022070E-4	1.316720E+4	0.000000E+0	0.000000E+0
2.227214E+3	1.022000E-4	1.316670E+4	0.000000E+0	0.000000E+0
2.231215E+3	1.022040E-4	1.316640E+4	0.000000E+0	0.000000E+0
2.235212E+3	1.021990E-4	1.316600E+4	0.000000E+0	0.000000E+0
2.239210E+3	1.022040E-4	1.316570E+4	0.000000E+0	0.000000E+0
2.243214E+3	1.021980E-4	1.316530E+4	0.000000E+0	0.000000E+0
2.247214E+3	1.022040E-4	1.316500E+4	0.000000E+0	0.000000E+0
2.251212E+3	1.021950E-4	1.316460E+4	0.000000E+0	0.000000E+0
2.255200E+3	1.021940E-4	1.316420E+4	0.000000E+0	0.000000E+0
2.259230E+3	1.022000E-4	1.316390E+4	0.000000E+0	0.000000E+0
2.263197E+3	1.022010E-4	1.316340E+4	0.000000E+0	0.000000E+0
2.267224E+3	1.021960E-4	1.316300E+4	0.000000E+0	0.000000E+0
2.271211E+3	1.022000E-4	1.316270E+4	0.000000E+0	0.000000E+0
2.275215E+3	1.021940E-4	1.316230E+4	0.000000E+0	0.000000E+0
2.279213E+3	1.021990E-4	1.316180E+4	0.000000E+0	0.000000E+0
2.283214E+3	1.021940E-4	1.316140E+4	0.000000E+0	0.000000E+0
2.287213E+3	1.021990E-4	1.316100E+4	0.000000E+0	0.000000E+0
2.291214E+3	1.021920E-4	1.316050E+4	0.000000E+0	0.000000E+0
2.295221E+3	1.021930E-4	1.316010E+4	0.000000E+0	0.000000E+0
2.299196E+3	1.021940E-4	1.315970E+4	0.000000E+0	0.000000E+0
2.303224E+3	1.021880E-4	1.315930E+4	0.000000E+0	0.000000E+0
2.307212E+3	1.021940E-4	1.315890E+4	0.000000E+0	0.000000E+0
2.311214E+3	1.021880E-4	1.315850E+4	0.000000E+0	0.000000E+0
2.315215E+3	1.021920E-4	1.315810E+4	0.000000E+0	0.000000E+0
2.319194E+3	1.021930E-4	1.315770E+4	0.000000E+0	0.000000E+0
2.323207E+3	1.021860E-4	1.315730E+4	0.000000E+0	0.000000E+0
2.327217E+3	1.021900E-4	1.315700E+4	0.000000E+0	0.000000E+0
2.331194E+3	1.021890E-4	1.315650E+4	0.000000E+0	0.000000E+0
2.335209E+3	1.021850E-4	1.315620E+4	0.000000E+0	0.000000E+0
2.339216E+3	1.021880E-4	1.315580E+4	0.000000E+0	0.000000E+0
2.343193E+3	1.021870E-4	1.315530E+4	0.000000E+0	0.000000E+0
2.347210E+3	1.021850E-4	1.315500E+4	0.000000E+0	0.000000E+0
2.351213E+3	1.021880E-4	1.315460E+4	0.000000E+0	0.000000E+0
2.355214E+3	1.021830E-4	1.315410E+4	0.000000E+0	0.000000E+0
2.359216E+3	1.021860E-4	1.315380E+4	0.000000E+0	0.000000E+0
2.363213E+3	1.021830E-4	1.315350E+4	0.000000E+0	0.000000E+0
2.367213E+3	1.021830E-4	1.315320E+4	0.000000E+0	0.000000E+0
2.371212E+3	1.021800E-4	1.315280E+4	0.000000E+0	0.000000E+0
2.375217E+3	1.021860E-4	1.315240E+4	0.000000E+0	0.000000E+0
2.379214E+3	1.021830E-4	1.315200E+4	0.000000E+0	0.000000E+0
2.383212E+3	1.021850E-4	1.315160E+4	0.000000E+0	0.000000E+0
2.387211E+3	1.021800E-4	1.315120E+4	0.000000E+0	0.000000E+0
2.391212E+3	1.021820E-4	1.315080E+4	0.000000E+0	0.000000E+0
2.395214E+3	1.021750E-4	1.315050E+4	0.000000E+0	0.000000E+0
2.399212E+3	1.021830E-4	1.315020E+4	0.000000E+0	0.000000E+0
2.403212E+3	1.021770E-4	1.314960E+4	0.000000E+0	0.000000E+0
2.407214E+3	1.021800E-4	1.314940E+4	0.000000E+0	0.000000E+0
2.411215E+3	1.021740E-4	1.314890E+4	0.000000E+0	0.000000E+0
2.415215E+3	1.021790E-4	1.314850E+4	0.000000E+0	0.000000E+0
2.419192E+3	1.021770E-4	1.314820E+4	0.000000E+0	0.000000E+0
2.423225E+3	1.021720E-4	1.314770E+4	0.000000E+0	0.000000E+0
2.427218E+3	1.021770E-4	1.314730E+4	0.000000E+0	0.000000E+0
2.431193E+3	1.021770E-4	1.314700E+4	0.000000E+0	0.000000E+0
2.435222E+3	1.021710E-4	1.314650E+4	0.000000E+0	0.000000E+0
2.439211E+3	1.021750E-4	1.314620E+4	0.000000E+0	0.000000E+0
2.443213E+3	1.021700E-4	1.314570E+4	0.000000E+0	0.000000E+0
2.447213E+3	1.021760E-4	1.314530E+4	0.000000E+0	0.000000E+0
2.451209E+3	1.021730E-4	1.314490E+4	0.000000E+0	0.000000E+0
2.455209E+3	1.021740E-4	1.314450E+4	0.000000E+0	0.000000E+0
2.459211E+3	1.021690E-4	1.314390E+4	0.000000E+0	0.000000E+0
2.463214E+3	1.021730E-4	1.314340E+4	0.000000E+0	0.000000E+0
2.467212E+3	1.021660E-4	1.314310E+4	0.000000E+0	0.000000E+0
2.471215E+3	1.021730E-4	1.314270E+4	0.000000E+0	0.000000E+0
2.475194E+3	1.021700E-4	1.314220E+4	0.000000E+0	0.000000E+0
2.479212E+3	1.021650E-4	1.314180E+4	0.000000E+0	0.000000E+0
2.483212E+3	1.021700E-4	1.314140E+4	0.000000E+0	0.000000E+0
2.487210E+3	1.021660E-4	1.314100E+4	0.000000E+0	0.000000E+0
2.491216E+3	1.021710E-4	1.314060E+4	0.000000E+0	0.000000E+0
2.495195E+3	1.021660E-4	1.314020E+4	0.000000E+0	0.000000E+0
2.499221E+3	1.021650E-4	1.314000E+4	0.000000E+0	0.000000E+0
2.503211E+3	1.021690E-4	1.313940E+4	0.000000E+0	0.000000E+0
2.507213E+3	1.021610E-4	1.313910E+4	0.000000E+0	0.000000E+0
2.511216E+3	1.021660E-4	1.313870E+4	0.000000E+0	0.000000E+0
2.515211E+3	1.021600E-4	1.313830E+4	0.000000E+0	0.000000E+0
2.519211E+3	1.021650E-4	1.313790E+4	0.000000E+0	0.000000E+0
2.523213E+3	1.021600E-4	1.313750E+4	0.000000E+0	0.000000E+0
2.527216E+3	1.021620E-4	1.313700E+4	0.000000E+0	0.000000E+0
2.531216E+3	1.021580E-4	1.313670E+4	0.000000E+0	0.000000E+0
2.535212E+3	1.021620E-4	1.313630E+4	0.000000E+0	0.000000E+0
2.539209E+3	1.021570E-4	1.313600E+4	0.000000E+0	0.000000E+0
2.543212E+3	1.021600E-4	1.313550E+4	0.000000E+0	0.000000E+0
2.547188E+3	1.021610E-4	1.313520E+4	0.000000E+0	0.000000E+0
2.551220E+3	1.021550E-4	1.313480E+4	0.000000E+0	0.000000E+0
2.555212E+3	1.021600E-4	1.313440E+4	0.000000E+0	0.000000E+0
2.559212E+3	1.021570E-4	1.313410E+4	0.000000E+0	0.000000E+0
2.563215E+3	1.021630E-4	1.313370E+4	0.000000E+0	0.000000E+0
2.567190E+3	1.021610E-4	1.313340E+4	0.000000E+0	0.000000E+0
2.571217E+3	1.021500E-4	1.313300E+4	0.000000E+0	0.000000E+0
2.575210E+3	1.021580E-4	1.313270E+4	0.000000E+0	0.000000E+0
2.579212E+3	1.021520E-4	1.313230E+4	0.000000E+0	0.000000E+0
2.583215E+3	1.021590E-4	1.313200E+4	0.000000E+0	0.000000E+0
2.587211E+3	1.021510E-4	1.313150E+4	0.000000E+0	0.000000E+0
2.591210E+3	1.021540E-4	1.313120E+4	0.000000E+0	0.000000E+0
2.595208E+3	1.021500E-4	1.313090E+4	0.000000E+0	0.000000E+0
2.599211E+3	1.021560E-4	1.313050E+4	0.000000E+0	0.000000E+0
2.603211E+3	1.021480E-4	1.313020E+4	0.000000E+0	0.000000E+0
2.607213E+3	1.021540E-4	1.312990E+4	0.000000E+0	0.000000E+0
2.611208E+3	1.021500E-4	1.312950E+4	0.000000E+0	0.000000E+0
2.615210E+3	1.021510E-4	1.312890E+4	0.000000E+0	0.000000E+0
2.619211E+3	1.021490E-4	1.312850E+4	0.000000E+0	0.000000E+0
2.623211E+3	1.021500E-4	1.312810E+4	0.000000E+0	0.000000E+0
2.627209E+3	1.021500E-4	1.312780E+4	0.000000E+0	0.000000E+0
2.631213E+3	1.021500E-4	1.312730E+4	0.000000E+0	0.000000E+0
2.635214E+3	1.021450E-4	1.312700E+4	0.000000E+0	0.000000E+0
2.639214E+3	1.021520E-4	1.312660E+4	0.000000E+0	0.000000E+0
2.643210E+3	1.021450E-4	1.312620E+4	0.000000E+0	0.000000E+0
2.647212E+3	1.021490E-4	1.312590E+4	0.000000E+0	0.000000E+0
2.651210E+3	1.021430E-4	1.312550E+4	0.000000E+0	0.000000E+0
2.655213E+3	1.021480E-4	1.312510E+4	0.000000E+0	0.000000E+0
2.659212E+3	1.021420E-4	1.312480E+4	0.000000E+0	0.000000E+0
2.663218E+3	1.021440E-4	1.312450E+4	0.000000E+0	0.000000E+0
2.667194E+3	1.021460E-4	1.312420E+4	0.000000E+0	0.000000E+0
2.671223E+3	1.021420E-4	1.312370E+4	0.000000E+0	0.000000E+0
2.675214E+3	1.021440E-4	1.312350E+4	0.000000E+0	0.000000E+0
2.679211E+3	1.021400E-4	1.312310E+4	0.000000E+0	0.000000E+0
2.683219E+3	1.021450E-4	1.312270E+4	0.000000E+0	0.000000E+0
2.687213E+3	1.021380E-4	1.312240E+4	0.000000E+0	0.000000E+0
2.691213E+3	1.021430E-4	1.312200E+4	0.000000E+0	0.000000E+0
2.695212E+3	1.021370E-4	1.312160E+4	0.000000E+0	0.000000E+0
2.699217E+3	1.021420E-4	1.312130E+4	0.000000E+0	0.000000E+0
2.703212E+3	1.021380E-4	1.312090E+4	0.000000E+0	0.000000E+0
2.707212E+3	1.021440E-4	1.312050E+4	0.000000E+0	0.000000E+0
2.711214E+3	1.021380E-4	1.312010E+4	0.000000E+0	0.000000E+0
2.715217E+3	1.021410E-4	1.311980E+4	0.000000E+0	0.000000E+0
2.719215E+3	1.021330E-4	1.311950E+4	0.000000E+0	0.000000E+0
2.723213E+3	1.021410E-4	1.311900E+4	0.000000E+0	0.000000E+0
2.727210E+3	1.021310E-4	1.311860E+4	0.000000E+0	0.000000E+0
2.731212E+3	1.021350E-4	1.311820E+4	0.000000E+0	0.000000E+0
2.735213E+3	1.021280E-4	1.311790E+4	0.000000E+0	0.000000E+0
2.739213E+3	1.021350E-4	1.311750E+4	0.000000E+0	0.000000E+0
2.743195E+3	1.021370E-4	1.311700E+4	0.000000E+0	0.000000E+0
2.747213E+3	1.021310E-4	1.311680E+4	0.000000E+0	0.000000E+0
2.751219E+3	1.021350E-4	1.311640E+4	0.000000E+0	0.000000E+0
2.755213E+3	1.021300E-4	1.311600E+4	0.000000E+0	0.000000E+0
2.759213E+3	1.021340E-4	1.311570E+4	0.000000E+0	0.000000E+0
2.763193E+3	1.021310E-4	1.311530E+4	0.000000E+0	0.000000E+0
2.767224E+3	1.021240E-4	1.311490E+4	0.000000E+0	0.000000E+0
2.771217E+3	1.021360E-4	1.311440E+4	0.000000E+0	0.000000E+0
2.775214E+3	1.021260E-4	1.311400E+4	0.000000E+0	0.000000E+0
2.779214E+3	1.021310E-4	1.311370E+4	0.000000E+0	0.000000E+0
2.783193E+3	1.021280E-4	1.311340E+4	0.000000E+0	0.000000E+0
2.787226E+3	1.021220E-4	1.311290E+4	0.000000E+0	0.000000E+0
2.791214E+3	1.021290E-4	1.311260E+4	0.000000E+0	0.000000E+0
2.795214E+3	1.021220E-4	1.311230E+4	0.000000E+0	0.000000E+0
2.799210E+3	1.021250E-4	1.311200E+4	0.000000E+0	0.000000E+0
2.803212E+3	1.021220E-4	1.311170E+4	0.000000E+0	0.000000E+0
2.807217E+3	1.021260E-4	1.311130E+4	0.000000E+0	0.000000E+0
2.811213E+3	1.021210E-4	1.311100E+4	0.000000E+0	0.000000E+0
2.815212E+3	1.021260E-4	1.311070E+4	0.000000E+0	0.000000E+0
2.819212E+3	1.021220E-4	1.311040E+4	0.000000E+0	0.000000E+0
2.823218E+3	1.021250E-4	1.310990E+4	0.000000E+0	0.000000E+0
2.827192E+3	1.021220E-4	1.310970E+4	0.000000E+0	0.000000E+0
2.831205E+3	1.021190E-4	1.310930E+4	0.000000E+0	0.000000E+0
2.835216E+3	1.021210E-4	1.310890E+4	0.000000E+0	0.000000E+0
2.839194E+3	1.021230E-4	1.310860E+4	0.000000E+0	0.000000E+0
2.843206E+3	1.021160E-4	1.310830E+4	0.000000E+0	0.000000E+0
2.847217E+3	1.021200E-4	1.310790E+4	0.000000E+0	0.000000E+0
2.851190E+3	1.021200E-4	1.310750E+4	0.000000E+0	0.000000E+0
2.855208E+3	1.021130E-4	1.310730E+4	0.000000E+0	0.000000E+0
2.859211E+3	1.021190E-4	1.310700E+4	0.000000E+0	0.000000E+0
2.863212E+3	1.021140E-4	1.310670E+4	0.000000E+0	0.000000E+0
2.867219E+3	1.021140E-4	1.310640E+4	0.000000E+0	0.000000E+0
2.871196E+3	1.021170E-4	1.310610E+4	0.000000E+0	0.000000E+0
2.875207E+3	1.021130E-4	1.310580E+4	0.000000E+0	0.000000E+0
2.879210E+3	1.021200E-4	1.310550E+4	0.000000E+0	0.000000E+0
2.883209E+3	1.021150E-4	1.310520E+4	0.000000E+0	0.000000E+0
2.887213E+3	1.021140E-4	1.310480E+4	0.000000E+0	0.000000E+0
2.891212E+3	1.021100E-4	1.310440E+4	0.000000E+0	0.000000E+0
2.895210E+3	1.021150E-4	1.310410E+4	0.000000E+0	0.000000E+0
2.899212E+3	1.021120E-4	1.310370E+4	0.000000E+0	0.000000E+0
2.903215E+3	1.021160E-4	1.310340E+4	0.000000E+0	0.000000E+0
2.907215E+3	1.021110E-4	1.310300E+4	0.000000E+0	0.000000E+0
2.911213E+3	1.021130E-4	1.310250E+4	0.000000E+0	0.000000E+0
2.915210E+3	1.021090E-4	1.310220E+4	0.000000E+0	0.000000E+0
2.919211E+3	1.021140E-4	1.310180E+4	0.000000E+0	0.000000E+0
2.923214E+3	1.021090E-4	1.310150E+4	0.000000E+0	0.000000E+0
2.927213E+3	1.021120E-4	1.310110E+4	0.000000E+0	0.000000E+0
2.931209E+3	1.021040E-4	1.310090E+4	0.000000E+0	0.000000E+0
2.935212E+3	1.021110E-4	1.310020E+4	0.000000E+0	0.000000E+0
2.939216E+3	1.021050E-4	1.309990E+4	0.000000E+0	0.000000E+0
2.943214E+3	1.021100E-4	1.309940E+4	0.000000E+0	0.000000E+0
2.947196E+3	1.021090E-4	1.309920E+4	0.000000E+0	0.000000E+0
2.951210E+3	1.021030E-4	1.309890E+4	0.000000E+0	0.000000E+0
2.955215E+3	1.021080E-4	1.309860E+4	0.000000E+0	0.000000E+0
2.959215E+3	1.021020E-4	1.309800E+4	0.000000E+0	0.000000E+0
2.963212E+3	1.021070E-4	1.309760E+4	0.000000E+0	0.000000E+0
2.967209E+3	1.021030E-4	1.309730E+4	0.000000E+0	0.000000E+0
2.971211E+3	1.021070E-4	1.309690E+4	0.000000E+0	0.000000E+0
2.975210E+3	1.021000E-4	1.309660E+4	0.000000E+0	0.000000E+0
2.979210E+3	1.021080E-4	1.309620E+4	0.000000E+0	0.000000E+0
2.983212E+3	1.021000E-4	1.309580E+4	0.000000E+0	0.000000E+0
2.987215E+3	1.021050E-4	1.309550E+4	0.000000E+0	0.000000E+0
2.991216E+3	1.020980E-4	1.309520E+4	0.000000E+0	0.000000E+0
2.995215E+3	1.021020E-4	1.309480E+4	0.000000E+0	0.000000E+0
2.999210E+3	1.021020E-4	1.309450E+4	0.000000E+0	0.000000E+0
3.003213E+3	1.021030E-4	1.309420E+4	0.000000E+0	0.000000E+0
3.007214E+3	1.020990E-4	1.309400E+4	0.000000E+0	0.000000E+0
3.011213E+3	1.021040E-4	1.309360E+4	0.000000E+0	0.000000E+0
3.015211E+3	1.020970E-4	1.309330E+4	0.000000E+0	0.000000E+0
3.019213E+3	1.021020E-4	1.309300E+4	0.000000E+0	0.000000E+0
3.023192E+3	1.021030E-4	1.309270E+4	0.000000E+0	0.000000E+0
3.027220E+3	1.020960E-4	1.309230E+4	0.000000E+0	0.000000E+0
3.031211E+3	1.021010E-4	1.309200E+4	0.000000E+0	0.000000E+0
3.035213E+3	1.020950E-4	1.309170E+4	0.000000E+0	0.000000E+0
3.039215E+3	1.021010E-4	1.309130E+4	0.000000E+0	0.000000E+0
3.043214E+3	1.020960E-4	1.309100E+4	0.000000E+0	0.000000E+0
3.047213E+3	1.021020E-4	1.309070E+4	0.000000E+0	0.000000E+0
3.051218E+3	1.020970E-4	1.309040E+4	0.000000E+0	0.000000E+0
3.055213E+3	1.021010E-4	1.309010E+4	0.000000E+0	0.000000E+0
3.059212E+3	1.020970E-4	1.308980E+4	0.000000E+0	0.000000E+0
3.063215E+3	1.020970E-4	1.308950E+4	0.000000E+0	0.000000E+0
3.067210E+3	1.020950E-4	1.308910E+4	0.000000E+0	0.000000E+0
3.071215E+3	1.020980E-4	1.308880E+4	0.000000E+0	0.000000E+0
3.075213E+3	1.020930E-4	1.308840E+4	0.000000E+0	0.000000E+0
3.079216E+3	1.020960E-4	1.308800E+4	0.000000E+0	0.000000E+0
3.083190E+3	1.020990E-4	1.308770E+4	0.000000E+0	0.000000E+0
3.087209E+3	1.020910E-4	1.308740E+4	0.000000E+0	0.000000E+0
3.091211E+3	1.020960E-4	1.308690E+4	0.000000E+0	0.000000E+0
3.095208E+3	1.020920E-4	1.308650E+4	0.000000E+0	0.000000E+0
3.099210E+3	1.020950E-4	1.308610E+4	0.000000E+0	0.000000E+0
3.103216E+3	1.020910E-4	1.308580E+4	0.000000E+0	0.000000E+0
3.107216E+3	1.020940E-4	1.308540E+4	0.000000E+0	0.000000E+0
3.111215E+3	1.020890E-4	1.308500E+4	0.000000E+0	0.000000E+0
3.115214E+3	1.020960E-4	1.308480E+4	0.000000E+0	0.000000E+0
3.119210E+3	1.020890E-4	1.308430E+4	0.000000E+0	0.000000E+0
3.123215E+3	1.020910E-4	1.308400E+4	0.000000E+0	0.000000E+0
3.127192E+3	1.020920E-4	1.308340E+4	0.000000E+0	0.000000E+0
3.131223E+3	1.020880E-4	1.308290E+4	0.000000E+0	0.000000E+0
3.135215E+3	1.020900E-4	1.308280E+4	0.000000E+0	0.000000E+0
3.139190E+3	1.020870E-4	1.308250E+4	0.000000E+0	0.000000E+0
3.143221E+3	1.020840E-4	1.308200E+4	0.000000E+0	0.000000E+0
3.147210E+3	1.020880E-4	1.308180E+4	0.000000E+0	0.000000E+0
3.151213E+3	1.020840E-4	1.308140E+4	0.000000E+0	0.000000E+0
3.155218E+3	1.020910E-4	1.308100E+4	0.000000E+0	0.000000E+0
3.159213E+3	1.020840E-4	1.308070E+4	0.000000E+0	0.000000E+0
3.163213E+3	1.020890E-4	1.308030E+4	0.000000E+0	0.000000E+0
3.167193E+3	1.020900E-4	1.308020E+4	0.000000E+0	0.000000E+0
3.171209E+3	1.020840E-4	1.307980E+4	0.000000E+0	0.000000E+0
3.175217E+3	1.020870E-4	1.307950E+4	0.000000E+0	0.000000E+0
3.179213E+3	1.020820E-4	1.307910E+4	0.000000E+0	0.000000E+0
3.183211E+3	1.020880E-4	1.307890E+4	0.000000E+0	0.000000E+0
3.187209E+3	1.020840E-4	1.307860E+4	0.000000E+0	0.000000E+0
3.191213E+3	1.020830E-4	1.307820E+4	0.000000E+0	0.000000E+0
3.195211E+3	1.020820E-4	1.307790E+4	0.000000E+0	0.000000E+0
3.199210E+3	1.020860E-4	1.307750E+4	0.000000E+0	0.000000E+0
3.203209E+3	1.020800E-4	1.307720E+4	0.000000E+0	0.000000E+0
3.207213E+3	1.020830E-4	1.307700E+4	0.000000E+0	0.000000E+0
3.211213E+3	1.020810E-4	1.307660E+4	0.000000E+0	0.000000E+0
3.215213E+3	1.020860E-4	1.307610E+4	0.000000E+0	0.000000E+0
3.219210E+3	1.020800E-4	1.307580E+4	0.000000E+0	0.000000E+0
3.223213E+3	1.020820E-4	1.307540E+4	0.000000E+0	0.000000E+0
3.227215E+3	1.020770E-4	1.307500E+4	0.000000E+0	0.000000E+0
3.231213E+3	1.020840E-4	1.307470E+4	0.000000E+0	0.000000E+0
3.235211E+3	1.020780E-4	1.307440E+4	0.000000E+0	0.000000E+0
3.239215E+3	1.020790E-4	1.307390E+4	0.000000E+0	0.000000E+0
3.243211E+3	1.020770E-4	1.307350E+4	0.000000E+0	0.000000E+0
3.247211E+3	1.020780E-4	1.307310E+4	0.000000E+0	0.000000E+0
3.251211E+3	1.020760E-4	1.307290E+4	0.000000E+0	0.000000E+0
3.255214E+3	1.020790E-4	1.307240E+4	0.000000E+0	0.000000E+0
3.259214E+3	1.020750E-4	1.307200E+4	0.000000E+0	0.000000E+0
3.263212E+3	1.020780E-4	1.307160E+4	0.000000E+0	0.000000E+0
3.267209E+3	1.020750E-4	1.307130E+4	0.000000E+0	0.000000E+0
3.271212E+3	1.020790E-4	1.307090E+4	0.000000E+0	0.000000E+0
3.275215E+3	1.020710E-4	1.307070E+4	0.000000E+0	0.000000E+0
3.279214E+3	1.020790E-4	1.307040E+4	0.000000E+0	0.000000E+0
3.283209E+3	1.020710E-4	1.306990E+4	0.000000E+0	0.000000E+0
3.287212E+3	1.020750E-4	1.306970E+4	0.000000E+0	0.000000E+0
3.291218E+3	1.020700E-4	1.306920E+4	0.000000E+0	0.000000E+0
3.295217E+3	1.020760E-4	1.306890E+4	0.000000E+0	0.000000E+0
3.299212E+3	1.020700E-4	1.306860E+4	0.000000E+0	0.000000E+0
3.303210E+3	1.020750E-4	1.306820E+4	0.000000E+0	0.000000E+0
3.307210E+3	1.020670E-4	1.306800E+4	0.000000E+0	0.000000E+0
3.311219E+3	1.020730E-4	1.306770E+4	0.000000E+0	0.000000E+0
3.315213E+3	1.020690E-4	1.306740E+4	0.000000E+0	0.000000E+0
3.319211E+3	1.020730E-4	1.306720E+4	0.000000E+0	0.000000E+0
3.323253E+3	1.020660E-4	1.306690E+4	0.000000E+0	0.000000E+0
3.327190E+3	1.020680E-4	1.306660E+4	0.000000E+0	0.000000E+0
3.331229E+3	1.020680E-4	1.306640E+4	0.000000E+0	0.000000E+0
3.335213E+3	1.020620E-4	1.306610E+4	0.000000E+0	0.000000E+0
3.339215E+3	1.020640E-4	1.306570E+4	0.000000E+0	0.000000E+0
3.343214E+3	1.020610E-4	1.306560E+4	0.000000E+0	0.000000E+0
3.347212E+3	1.020670E-4	1.306520E+4	0.000000E+0	0.000000E+0
3.351211E+3	1.020620E-4	1.306480E+4	0.000000E+0	0.000000E+0
3.355214E+3	1.020670E-4	1.306460E+4	0.000000E+0	0.000000E+0
3.359212E+3	1.020630E-4	1.306430E+4	0.000000E+0	0.000000E+0
3.363210E+3	1.020620E-4	1.306400E+4	0.000000E+0	0.000000E+0
3.367212E+3	1.020630E-4	1.306370E+4	0.000000E+0	0.000000E+0
3.371217E+3	1.020640E-4	1.306350E+4	0.000000E+0	0.000000E+0
3.375215E+3	1.020590E-4	1.306310E+4	0.000000E+0	0.000000E+0
3.379213E+3	1.020640E-4	1.306280E+4	0.000000E+0	0.000000E+0
3.383208E+3	1.020560E-4	1.306230E+4	0.000000E+0	0.000000E+0
3.387212E+3	1.020640E-4	1.306200E+4	0.000000E+0	0.000000E+0
3.391212E+3	1.020590E-4	1.306160E+4	0.000000E+0	0.000000E+0
3.395211E+3	1.020640E-4	1.306130E+4	0.000000E+0	0.000000E+0
3.399215E+3	1.020580E-4	1.306090E+4	0.000000E+0	0.000000E+0
3.403218E+3	1.020610E-4	1.306050E+4	0.000000E+0	0.000000E+0
3.407213E+3	1.020590E-4	1.306010E+4	0.000000E+0	0.000000E+0
3.411213E+3	1.020620E-4	1.305970E+4	0.000000E+0	0.000000E+0
3.415211E+3	1.020540E-4	1.305940E+4	0.000000E+0	0.000000E+0
3.419213E+3	1.020590E-4	1.305900E+4	0.000000E+0	0.000000E+0
3.423216E+3	1.020560E-4	1.305870E+4	0.000000E+0	0.000000E+0
3.427214E+3	1.020560E-4	1.305850E+4	0.000000E+0	0.000000E+0
3.431211E+3	1.020560E-4	1.305810E+4	0.000000E+0	0.000000E+0
3.435211E+3	1.020580E-4	1.305770E+4	0.000000E+0	0.000000E+0
3.439211E+3	1.020490E-4	1.305740E+4	0.000000E+0	0.000000E+0
3.443211E+3	1.020560E-4	1.305710E+4	0.000000E+0	0.000000E+0
3.447212E+3	1.020520E-4	1.305670E+4	0.000000E+0	0.000000E+0
3.451212E+3	1.020570E-4	1.305640E+4	0.000000E+0	0.000000E+0
3.455210E+3	1.020510E-4	1.305610E+4	0.000000E+0	0.000000E+0
3.459213E+3	1.020580E-4	1.305580E+4	0.000000E+0	0.000000E+0
3.463218E+3	1.020520E-4	1.305540E+4	0.000000E+0	0.000000E+0
3.467218E+3	1.020560E-4	1.305510E+4	0.000000E+0	0.000000E+0
3.471210E+3	1.020520E-4	1.305440E+4	0.000000E+0	0.000000E+0
3.475211E+3	1.020540E-4	1.305390E+4	0.000000E+0	0.000000E+0
3.479215E+3	1.020470E-4	1.305370E+4	0.000000E+0	0.000000E+0
3.483214E+3	1.020550E-4	1.305330E+4	0.000000E+0	0.000000E+0
3.487214E+3	1.020490E-4	1.305300E+4	0.000000E+0	0.000000E+0
3.491213E+3	1.020540E-4	1.305260E+4	0.000000E+0	0.000000E+0
3.495209E+3	1.020480E-4	1.305220E+4	0.000000E+0	0.000000E+0
3.499211E+3	1.020480E-4	1.305190E+4	0.000000E+0	0.000000E+0
3.503213E+3	1.020470E-4	1.305150E+4	0.000000E+0	0.000000E+0
3.507212E+3	1.020480E-4	1.305120E+4	0.000000E+0	0.000000E+0
3.511211E+3	1.020410E-4	1.305080E+4	0.000000E+0	0.000000E+0
3.515214E+3	1.020480E-4	1.305040E+4	0.000000E+0	0.000000E+0
3.519215E+3	1.020440E-4	1.305010E+4	0.000000E+0	0.000000E+0
3.523214E+3	1.020500E-4	1.304970E+4	0.000000E+0	0.000000E+0
3.527210E+3	1.020420E-4	1.304930E+4	0.000000E+0	0.000000E+0
3.531214E+3	1.020440E-4	1.304900E+4	0.000000E+0	0.000000E+0
3.535214E+3	1.020450E-4	1.304860E+4	0.000000E+0	0.000000E+0
3.539215E+3	1.020450E-4	1.304840E+4	0.000000E+0	0.000000E+0
3.543207E+3	1.020380E-4	1.304820E+4	0.000000E+0	0.000000E+0
3.547213E+3	1.020430E-4	1.304780E+4	0.000000E+0	0.000000E+0
3.551212E+3	1.020390E-4	1.304750E+4	0.000000E+0	0.000000E+0
3.555211E+3	1.020430E-4	1.304730E+4	0.000000E+0	0.000000E+0
3.559208E+3	1.020370E-4	1.304720E+4	0.000000E+0	0.000000E+0
3.563208E+3	1.020440E-4	1.304690E+4	0.000000E+0	0.000000E+0
3.567216E+3	1.020380E-4	1.304670E+4	0.000000E+0	0.000000E+0
3.571214E+3	1.020430E-4	1.304630E+4	0.000000E+0	0.000000E+0
3.575211E+3	1.020390E-4	1.304600E+4	0.000000E+0	0.000000E+0
3.579214E+3	1.020420E-4	1.304560E+4	0.000000E+0	0.000000E+0
3.583216E+3	1.020360E-4	1.304530E+4	0.000000E+0	0.000000E+0
3.587212E+3	1.020390E-4	1.304490E+4	0.000000E+0	0.000000E+0
3.591211E+3	1.020360E-4	1.304460E+4	0.000000E+0	0.000000E+0
3.595212E+3	1.020400E-4	1.304440E+4	0.000000E+0	0.000000E+0
3.599215E+3	1.020310E-4	1.304400E+4	0.000000E+0	0.000000E+0
3.603217E+3	1.020370E-4	1.304370E+4	0.000000E+0	0.000000E+0
3.607211E+3	1.020330E-4	1.304340E+4	0.000000E+0	0.000000E+0
3.611210E+3	1.020380E-4	1.304320E+4	0.000000E+0	0.000000E+0
3.615210E+3	1.020340E-4	1.304310E+4	0.000000E+0	0.000000E+0
3.619215E+3	1.020370E-4	1.304300E+4	0.000000E+0	0.000000E+0
3.623217E+3	1.020310E-4	1.304290E+4	0.000000E+0	0.000000E+0
3.627215E+3	1.020370E-4	1.304270E+4	0.000000E+0	0.000000E+0
3.631212E+3	1.020310E-4	1.304250E+4	0.000000E+0	0.000000E+0
3.635213E+3	1.020370E-4	1.304230E+4	0.000000E+0	0.000000E+0
3.639215E+3	1.020320E-4	1.304200E+4	0.000000E+0	0.000000E+0
3.643215E+3	1.020340E-4	1.304170E+4	0.000000E+0	0.000000E+0
3.647211E+3	1.020300E-4	1.304120E+4	0.000000E+0	0.000000E+0
3.651213E+3	1.020310E-4	1.304090E+4	0.000000E+0	0.000000E+0
3.655216E+3	1.020300E-4	1.304070E+4	0.000000E+0	0.000000E+0
3.659214E+3	1.020310E-4	1.304050E+4	0.000000E+0	0.000000E+0
3.663211E+3	1.020290E-4	1.304010E+4	0.000000E+0	0.000000E+0
3.667214E+3	1.020330E-4	1.303980E+4	0.000000E+0	0.000000E+0
3.671216E+3	1.020260E-4	1.303940E+4	0.000000E+0	0.000000E+0
3.675214E+3	1.020310E-4	1.303890E+4	0.000000E+0	0.000000E+0
3.679211E+3	1.020240E-4	1.303850E+4	0.000000E+0	0.000000E+0
3.683208E+3	1.020300E-4	1.303830E+4	0.000000E+0	0.000000E+0
3.687215E+3	1.020290E-4	1.303780E+4	0.000000E+0	0.000000E+0
3.691214E+3	1.020280E-4	1.303750E+4	0.000000E+0	0.000000E+0
3.695210E+3	1.020220E-4	1.303720E+4	0.000000E+0	0.000000E+0
3.699214E+3	1.020290E-4	1.303690E+4	0.000000E+0	0.000000E+0
3.703215E+3	1.020210E-4	1.303660E+4	0.000000E+0	0.000000E+0
3.707213E+3	1.020300E-4	1.303620E+4	0.000000E+0	0.000000E+0
3.711210E+3	1.020250E-4	1.303590E+4	0.000000E+0	0.000000E+0
3.715213E+3	1.020320E-4	1.303550E+4	0.000000E+0	0.000000E+0
3.719218E+3	1.020230E-4	1.303500E+4	0.000000E+0	0.000000E+0
3.723218E+3	1.020290E-4	1.303440E+4	0.000000E+0	0.000000E+0
3.727215E+3	1.020220E-4	1.303410E+4	0.000000E+0	0.000000E+0
3.731213E+3	1.020260E-4	1.303380E+4	0.000000E+0	0.000000E+0
3.735214E+3	1.020250E-4	1.303340E+4	0.000000E+0	0.000000E+0
3.739214E+3	1.020270E-4	1.303310E+4	0.000000E+0	0.000000E+0
3.743213E+3	1.020220E-4	1.303270E+4	0.000000E+0	0.000000E+0
3.747213E+3	1.020260E-4	1.303230E+4	0.000000E+0	0.000000E+0
3.751211E+3	1.020210E-4	1.303190E+4	0.000000E+0	0.000000E+0
3.755216E+3	1.020230E-4	1.303150E+4	0.000000E+0	0.000000E+0
3.759214E+3	1.020170E-4	1.303120E+4	0.000000E+0	0.000000E+0
3.763214E+3	1.020230E-4	1.303080E+4	0.000000E+0	0.000000E+0
3.767212E+3	1.020210E-4	1.303040E+4	0.000000E+0	0.000000E+0
3.771215E+3	1.020250E-4	1.303010E+4	0.000000E+0	0.000000E+0
3.775214E+3	1.020190E-4	1.302970E+4	0.000000E+0	0.000000E+0
3.779214E+3	1.020220E-4	1.302940E+4	0.000000E+0	0.000000E+0
3.783212E+3	1.020200E-4	1.302890E+4	0.000000E+0	0.000000E+0
3.787215E+3	1.020210E-4	1.302850E+4	0.000000E+0	0.000000E+0
3.791213E+3	1.020190E-4	1.302810E+4	0.000000E+0	0.000000E+0
3.795213E+3	1.020250E-4	1.302780E+4	0.000000E+0	0.000000E+0
3.799210E+3	1.020170E-4	1.302740E+4	0.000000E+0	0.000000E+0
3.803212E+3	1.020220E-4	1.302710E+4	0.000000E+0	0.000000E+0
3.807215E+3	1.020160E-4	1.302680E+4	0.000000E+0	0.000000E+0
3.811213E+3	1.020180E-4	1.302640E+4	0.000000E+0	0.000000E+0
3.815213E+3	1.020160E-4	1.302620E+4	0.000000E+0	0.000000E+0
3.819218E+3	1.020210E-4	1.302570E+4	0.000000E+0	0.000000E+0
3.823213E+3	1.020160E-4	1.302550E+4	0.000000E+0	0.000000E+0
3.827211E+3	1.020170E-4	1.302520E+4	0.000000E+0	0.000000E+0
3.831211E+3	1.020130E-4	1.302500E+4	0.000000E+0	0.000000E+0
3.835211E+3	1.020170E-4	1.302460E+4	0.000000E+0	0.000000E+0
3.839212E+3	1.020110E-4	1.302410E+4	0.000000E+0	0.000000E+0
3.843212E+3	1.020170E-4	1.302380E+4	0.000000E+0	0.000000E+0
3.847214E+3	1.020130E-4	1.302350E+4	0.000000E+0	0.000000E+0
3.851217E+3	1.020150E-4	1.302310E+4	0.000000E+0	0.000000E+0
3.855214E+3	1.020100E-4	1.302270E+4	0.000000E+0	0.000000E+0
3.859212E+3	1.020170E-4	1.302230E+4	0.000000E+0	0.000000E+0
3.863212E+3	1.020100E-4	1.302180E+4	0.000000E+0	0.000000E+0
3.867217E+3	1.020170E-4	1.302140E+4	0.000000E+0	0.000000E+0
3.871218E+3	1.020100E-4	1.302110E+4	0.000000E+0	0.000000E+0
3.875215E+3	1.020100E-4	1.302070E+4	0.000000E+0	0.000000E+0
3.879213E+3	1.020080E-4	1.302020E+4	0.000000E+0	0.000000E+0
3.883216E+3	1.020140E-4	1.301980E+4	0.000000E+0	0.000000E+0
3.887212E+3	1.020090E-4	1.301940E+4	0.000000E+0	0.000000E+0
3.891216E+3	1.020130E-4	1.301910E+4	0.000000E+0	0.000000E+0
3.895210E+3	1.020090E-4	1.301870E+4	0.000000E+0	0.000000E+0
3.899213E+3	1.020140E-4	1.301820E+4	0.000000E+0	0.000000E+0
3.903210E+3	1.020070E-4	1.301790E+4	0.000000E+0	0.000000E+0
3.907211E+3	1.020120E-4	1.301760E+4	0.000000E+0	0.000000E+0
3.911216E+3	1.020070E-4	1.301720E+4	0.000000E+0	0.000000E+0
3.915214E+3	1.020090E-4	1.301690E+4	0.000000E+0	0.000000E+0
3.919211E+3	1.020070E-4	1.301670E+4	0.000000E+0	0.000000E+0
3.923212E+3	1.020120E-4	1.301620E+4	0.000000E+0	0.000000E+0
3.927216E+3	1.020040E-4	1.301590E+4	0.000000E+0	0.000000E+0
3.931214E+3	1.020090E-4	1.301550E+4	0.000000E+0	0.000000E+0
3.935212E+3	1.020030E-4	1.301520E+4	0.000000E+0	0.000000E+0
3.939214E+3	1.020060E-4	1.301490E+4	0.000000E+0	0.000000E+0
3.943215E+3	1.020010E-4	1.301450E+4	0.000000E+0	0.000000E+0
3.947213E+3	1.020040E-4	1.301430E+4	0.000000E+0	0.000000E+0
3.951209E+3	1.020040E-4	1.301400E+4	0.000000E+0	0.000000E+0
3.955211E+3	1.020070E-4	1.301370E+4	0.000000E+0	0.000000E+0
3.959215E+3	1.020000E-4	1.301350E+4	0.000000E+0	0.000000E+0
3.963213E+3	1.020040E-4	1.301310E+4	0.000000E+0	0.000000E+0
3.967213E+3	1.019990E-4	1.301300E+4	0.000000E+0	0.000000E+0
3.971210E+3	1.020040E-4	1.301270E+4	0.000000E+0	0.000000E+0
3.975215E+3	1.019990E-4	1.301230E+4	0.000000E+0	0.000000E+0
3.979211E+3	1.020080E-4	1.301210E+4	0.000000E+0	0.000000E+0
3.983211E+3	1.020000E-4	1.301170E+4	0.000000E+0	0.000000E+0
3.987214E+3	1.020080E-4	1.301140E+4	0.000000E+0	0.000000E+0
3.991216E+3	1.020080E-4	1.301100E+4	0.000000E+0	0.000000E+0
3.995213E+3	1.020110E-4	1.301070E+4	0.000000E+0	0.000000E+0
3.999214E+3	1.019990E-4	1.301050E+4	0.000000E+0	0.000000E+0
4.003212E+3	1.020110E-4	1.301030E+4	0.000000E+0	0.000000E+0
4.007211E+3	1.020050E-4	1.300990E+4	0.000000E+0	0.000000E+0
4.011212E+3	1.020090E-4	1.300950E+4	0.000000E+0	0.000000E+0
4.015210E+3	1.020030E-4	1.300920E+4	0.000000E+0	0.000000E+0
4.019217E+3	1.020080E-4	1.300880E+4	0.000000E+0	0.000000E+0
4.023210E+3	1.020030E-4	1.300840E+4	0.000000E+0	0.000000E+0
4.027207E+3	1.020040E-4	1.300800E+4	0.000000E+0	0.000000E+0
4.031212E+3	1.020000E-4	1.300760E+4	0.000000E+0	0.000000E+0
4.035213E+3	1.020060E-4	1.300720E+4	0.000000E+0	0.000000E+0
4.039212E+3	1.020010E-4	1.300690E+4	0.000000E+0	0.000000E+0
4.043212E+3	1.020040E-4	1.300640E+4	0.000000E+0	0.000000E+0
4.047215E+3	1.019970E-4	1.300610E+4	0.000000E+0	0.000000E+0
4.051212E+3	1.020050E-4	1.300580E+4	0.000000E+0	0.000000E+0
4.055211E+3	1.019980E-4	1.300540E+4	0.000000E+0	0.000000E+0
4.059213E+3	1.020010E-4	1.300510E+4	0.000000E+0	0.000000E+0
4.063214E+3	1.019970E-4	1.300490E+4	0.000000E+0	0.000000E+0
4.067218E+3	1.020020E-4	1.300460E+4	0.000000E+0	0.000000E+0
4.071214E+3	1.019930E-4	1.300420E+4	0.000000E+0	0.000000E+0
4.075213E+3	1.019990E-4	1.300400E+4	0.000000E+0	0.000000E+0
4.079208E+3	1.019930E-4	1.300370E+4	0.000000E+0	0.000000E+0
4.083212E+3	1.020020E-4	1.300320E+4	0.000000E+0	0.000000E+0
4.087216E+3	1.019950E-4	1.300300E+4	0.000000E+0	0.000000E+0
4.091214E+3	1.020020E-4	1.300280E+4	0.000000E+0	0.000000E+0
4.095212E+3	1.019950E-4	1.300250E+4	0.000000E+0	0.000000E+0
4.099215E+3	1.020000E-4	1.300230E+4	0.000000E+0	0.000000E+0
4.103214E+3	1.019940E-4	1.300210E+4	0.000000E+0	0.000000E+0
4.107212E+3	1.019960E-4	1.300190E+4	0.000000E+0	0.000000E+0
4.111210E+3	1.019910E-4	1.300160E+4	0.000000E+0	0.000000E+0
4.115212E+3	1.019960E-4	1.300140E+4	0.000000E+0	0.000000E+0
4.119215E+3	1.019930E-4	1.300110E+4	0.000000E+0	0.000000E+0
4.123213E+3	1.019960E-4	1.300070E+4	0.000000E+0	0.000000E+0
4.127212E+3	1.019930E-4	1.300030E+4	0.000000E+0	0.000000E+0
4.131215E+3	1.019950E-4	1.299990E+4	0.000000E+0	0.000000E+0
4.135207E+3	1.019950E-4	1.299950E+4	0.000000E+0	0.000000E+0
4.139215E+3	1.019980E-4	1.299910E+4	0.000000E+0	0.000000E+0
4.143210E+3	1.019880E-4	1.299880E+4	0.000000E+0	0.000000E+0
4.147213E+3	1.019960E-4	1.299850E+4	0.000000E+0	0.000000E+0
4.151214E+3	1.019930E-4	1.299820E+4	0.000000E+0	0.000000E+0
4.155211E+3	1.019940E-4	1.299780E+4	0.000000E+0	0.000000E+0
4.159211E+3	1.019900E-4	1.299750E+4	0.000000E+0	0.000000E+0
4.163214E+3	1.019940E-4	1.299720E+4	0.000000E+0	0.000000E+0
4.167216E+3	1.019900E-4	1.299680E+4	0.000000E+0	0.000000E+0
4.171214E+3	1.019920E-4	1.299650E+4	0.000000E+0	0.000000E+0
4.175214E+3	1.019880E-4	1.299610E+4	0.000000E+0	0.000000E+0
4.179209E+3	1.019930E-4	1.299590E+4	0.000000E+0	0.000000E+0
4.183209E+3	1.019860E-4	1.299560E+4	0.000000E+0	0.000000E+0
4.187210E+3	1.019880E-4	1.299540E+4	0.000000E+0	0.000000E+0
4.191214E+3	1.019900E-4	1.299510E+4	0.000000E+0	0.000000E+0
4.195215E+3	1.019900E-4	1.299490E+4	0.000000E+0	0.000000E+0
4.199213E+3	1.019870E-4	1.299460E+4	0.000000E+0	0.000000E+0
4.203213E+3	1.019900E-4	1.299430E+4	0.000000E+0	0.000000E+0
4.207213E+3	1.019900E-4	1.299390E+4	0.000000E+0	0.000000E+0
4.211212E+3	1.019930E-4	1.299350E+4	0.000000E+0	0.000000E+0
4.215215E+3	1.019840E-4	1.299330E+4	0.000000E+0	0.000000E+0
4.219215E+3	1.019890E-4	1.299290E+4	0.000000E+0	0.000000E+0
4.223213E+3	1.019840E-4	1.299260E+4	0.000000E+0	0.000000E+0
4.227213E+3	1.019890E-4	1.299230E+4	0.000000E+0	0.000000E+0
4.231218E+3	1.019860E-4	1.299190E+4	0.000000E+0	0.000000E+0
4.235216E+3	1.019890E-4	1.299150E+4	0.000000E+0	0.000000E+0
4.239214E+3	1.019850E-4	1.299120E+4	0.000000E+0	0.000000E+0
4.243213E+3	1.019880E-4	1.299080E+4	0.000000E+0	0.000000E+0
4.247214E+3	1.019840E-4	1.299040E+4	0.000000E+0	0.000000E+0
4.251214E+3	1.019880E-4	1.299000E+4	0.000000E+0	0.000000E+0
4.255212E+3	1.019840E-4	1.298960E+4	0.000000E+0	0.000000E+0
4.259211E+3	1.019860E-4	1.298920E+4	0.000000E+0	0.000000E+0
4.263212E+3	1.019820E-4	1.298880E+4	0.000000E+0	0.000000E+0
4.267211E+3	1.019860E-4	1.298830E+4	0.000000E+0	0.000000E+0
4.271211E+3	1.019770E-4	1.298800E+4	0.000000E+0	0.000000E+0
4.275209E+3	1.019860E-4	1.298770E+4	0.000000E+0	0.000000E+0
4.279212E+3	1.019790E-4	1.298730E+4	0.000000E+0	0.000000E+0
4.283213E+3	1.019840E-4	1.298700E+4	0.000000E+0	0.000000E+0
4.287212E+3	1.019780E-4	1.298670E+4	0.000000E+0	0.000000E+0
4.291210E+3	1.019830E-4	1.298610E+4	0.000000E+0	0.000000E+0
4.295212E+3	1.019780E-4	1.298570E+4	0.000000E+0	0.000000E+0
4.299213E+3	1.019820E-4	1.298540E+4	0.000000E+0	0.000000E+0
4.303211E+3	1.019780E-4	1.298510E+4	0.000000E+0	0.000000E+0
4.307213E+3	1.019840E-4	1.298480E+4	0.000000E+0	0.000000E+0
4.311216E+3	1.019790E-4	1.298440E+4	0.000000E+0	0.000000E+0
4.315214E+3	1.019810E-4	1.298410E+4	0.000000E+0	0.000000E+0
4.319211E+3	1.019790E-4	1.298370E+4	0.000000E+0	0.000000E+0
4.323209E+3	1.019820E-4	1.298340E+4	0.000000E+0	0.000000E+0
4.327213E+3	1.019750E-4	1.298310E+4	0.000000E+0	0.000000E+0
4.331212E+3	1.019800E-4	1.298290E+4	0.000000E+0	0.000000E+0
4.335211E+3	1.019790E-4	1.298260E+4	0.000000E+0	0.000000E+0
4.339211E+3	1.019830E-4	1.298240E+4	0.000000E+0	0.000000E+0
4.343214E+3	1.019770E-4	1.298200E+4	0.000000E+0	0.000000E+0
4.347215E+3	1.019780E-4	1.298180E+4	0.000000E+0	0.000000E+0
4.351214E+3	1.019750E-4	1.298140E+4	0.000000E+0	0.000000E+0
4.355215E+3	1.019800E-4	1.298120E+4	0.000000E+0	0.000000E+0
4.359210E+3	1.019750E-4	1.298100E+4	0.000000E+0	0.000000E+0
4.363212E+3	1.019790E-4	1.298060E+4	0.000000E+0	0.000000E+0
4.367210E+3	1.019720E-4	1.298030E+4	0.000000E+0	0.000000E+0
4.371209E+3	1.019780E-4	1.298000E+4	0.000000E+0	0.000000E+0
4.375208E+3	1.019720E-4	1.297970E+4	0.000000E+0	0.000000E+0
4.379215E+3	1.019800E-4	1.297940E+4	0.000000E+0	0.000000E+0
4.383210E+3	1.019720E-4	1.297900E+4	0.000000E+0	0.000000E+0
4.387208E+3	1.019770E-4	1.297860E+4	0.000000E+0	0.000000E+0
4.391208E+3	1.019710E-4	1.297830E+4	0.000000E+0	0.000000E+0
4.395211E+3	1.019760E-4	1.297800E+4	0.000000E+0	0.000000E+0
4.399208E+3	1.019680E-4	1.297770E+4	0.000000E+0	0.000000E+0
4.403213E+3	1.019730E-4	1.297760E+4	0.000000E+0	0.000000E+0
4.407209E+3	1.019710E-4	1.297740E+4	0.000000E+0	0.000000E+0
4.411211E+3	1.019700E-4	1.297720E+4	0.000000E+0	0.000000E+0
4.415213E+3	1.019670E-4	1.297700E+4	0.000000E+0	0.000000E+0
4.419211E+3	1.019730E-4	1.297680E+4	0.000000E+0	0.000000E+0
4.423211E+3	1.019660E-4	1.297660E+4	0.000000E+0	0.000000E+0
4.427213E+3	1.019740E-4	1.297640E+4	0.000000E+0	0.000000E+0
4.431211E+3	1.019680E-4	1.297610E+4	0.000000E+0	0.000000E+0
4.435209E+3	1.019730E-4	1.297590E+4	0.000000E+0	0.000000E+0
4.439209E+3	1.019700E-4	1.297570E+4	0.000000E+0	0.000000E+0
4.443212E+3	1.019730E-4	1.297540E+4	0.000000E+0	0.000000E+0
4.447207E+3	1.019670E-4	1.297510E+4	0.000000E+0	0.000000E+0
4.451207E+3	1.019700E-4	1.297470E+4	0.000000E+0	0.000000E+0
4.455209E+3	1.019690E-4	1.297440E+4	0.000000E+0	0.000000E+0
4.459208E+3	1.019700E-4	1.297400E+4	0.000000E+0	0.000000E+0
4.463210E+3	1.019660E-4	1.297370E+4	0.000000E+0	0.000000E+0
4.467210E+3	1.019700E-4	1.297330E+4	0.000000E+0	0.000000E+0
4.471208E+3	1.019660E-4	1.297300E+4	0.000000E+0	0.000000E+0
4.475216E+3	1.019690E-4	1.297250E+4	0.000000E+0	0.000000E+0
4.479211E+3	1.019670E-4	1.297220E+4	0.000000E+0	0.000000E+0
4.483211E+3	1.019700E-4	1.297170E+4	0.000000E+0	0.000000E+0
4.487208E+3	1.019670E-4	1.297150E+4	0.000000E+0	0.000000E+0
4.491211E+3	1.019690E-4	1.297090E+4	0.000000E+0	0.000000E+0
4.495211E+3	1.019650E-4	1.297050E+4	0.000000E+0	0.000000E+0
4.499209E+3	1.019670E-4	1.297020E+4	0.000000E+0	0.000000E+0
4.503211E+3	1.019630E-4	1.296970E+4	0.000000E+0	0.000000E+0
4.507209E+3	1.019670E-4	1.296940E+4	0.000000E+0	0.000000E+0
4.511206E+3	1.019620E-4	1.296910E+4	0.000000E+0	0.000000E+0
4.515211E+3	1.019670E-4	1.296870E+4	0.000000E+0	0.000000E+0
4.519209E+3	1.019640E-4	1.296840E+4	0.000000E+0	0.000000E+0
4.523214E+3	1.019640E-4	1.296830E+4	0.000000E+0	0.000000E+0
4.527217E+3	1.019590E-4	1.296790E+4	0.000000E+0	0.000000E+0
4.531215E+3	1.019680E-4	1.296750E+4	0.000000E+0	0.000000E+0
4.535213E+3	1.019600E-4	1.296730E+4	0.000000E+0	0.000000E+0
4.539209E+3	1.019660E-4	1.296700E+4	0.000000E+0	0.000000E+0
4.543210E+3	1.019660E-4	1.296670E+4	0.000000E+0	0.000000E+0
4.547210E+3	1.019680E-4	1.296630E+4	0.000000E+0	0.000000E+0
4.551210E+3	1.019610E-4	1.296600E+4	0.000000E+0	0.000000E+0
4.555215E+3	1.019660E-4	1.296570E+4	0.000000E+0	0.000000E+0
4.559213E+3	1.019600E-4	1.296530E+4	0.000000E+0	0.000000E+0
4.563211E+3	1.019650E-4	1.296500E+4	0.000000E+0	0.000000E+0
4.567208E+3	1.019600E-4	1.296470E+4	0.000000E+0	0.000000E+0
4.571211E+3	1.019590E-4	1.296440E+4	0.000000E+0	0.000000E+0
4.575209E+3	1.019600E-4	1.296420E+4	0.000000E+0	0.000000E+0
4.579213E+3	1.019580E-4	1.296390E+4	0.000000E+0	0.000000E+0
4.583191E+3	1.019650E-4	1.296380E+4	0.000000E+0	0.000000E+0
4.587204E+3	1.019600E-4	1.296360E+4	0.000000E+0	0.000000E+0
4.591214E+3	1.019600E-4	1.296340E+4	0.000000E+0	0.000000E+0
4.595212E+3	1.019550E-4	1.296320E+4	0.000000E+0	0.000000E+0
4.599212E+3	1.019590E-4	1.296300E+4	0.000000E+0	0.000000E+0
4.603211E+3	1.019520E-4	1.296270E+4	0.000000E+0	0.000000E+0
4.607215E+3	1.019570E-4	1.296250E+4	0.000000E+0	0.000000E+0
4.611214E+3	1.019530E-4	1.296230E+4	0.000000E+0	0.000000E+0
4.615210E+3	1.019580E-4	1.296200E+4	0.000000E+0	0.000000E+0
4.619214E+3	1.019530E-4	1.296180E+4	0.000000E+0	0.000000E+0
4.623212E+3	1.019560E-4	1.296150E+4	0.000000E+0	0.000000E+0
4.627212E+3	1.019530E-4	1.296130E+4	0.000000E+0	0.000000E+0
4.631210E+3	1.019550E-4	1.296100E+4	0.000000E+0	0.000000E+0
4.635209E+3	1.019520E-4	1.296070E+4	0.000000E+0	0.000000E+0
4.639213E+3	1.019560E-4	1.296030E+4	0.000000E+0	0.000000E+0
4.643213E+3	1.019520E-4	1.296010E+4	0.000000E+0	0.000000E+0
4.647213E+3	1.019550E-4	1.295970E+4	0.000000E+0	0.000000E+0
4.651211E+3	1.019500E-4	1.295940E+4	0.000000E+0	0.000000E+0
4.655219E+3	1.019540E-4	1.295910E+4	0.000000E+0	0.000000E+0
4.659214E+3	1.019500E-4	1.295870E+4	0.000000E+0	0.000000E+0
4.663214E+3	1.019520E-4	1.295840E+4	0.000000E+0	0.000000E+0
4.667211E+3	1.019500E-4	1.295800E+4	0.000000E+0	0.000000E+0
4.671215E+3	1.019520E-4	1.295780E+4	0.000000E+0	0.000000E+0
4.675193E+3	1.019550E-4	1.295730E+4	0.000000E+0	0.000000E+0
4.679222E+3	1.019480E-4	1.295680E+4	0.000000E+0	0.000000E+0
4.683214E+3	1.019510E-4	1.295630E+4	0.000000E+0	0.000000E+0
4.687208E+3	1.019470E-4	1.295620E+4	0.000000E+0	0.000000E+0
4.691218E+3	1.019520E-4	1.295580E+4	0.000000E+0	0.000000E+0
4.695212E+3	1.019490E-4	1.295540E+4	0.000000E+0	0.000000E+0
4.699217E+3	1.019520E-4	1.295520E+4	0.000000E+0	0.000000E+0
4.703213E+3	1.019490E-4	1.295490E+4	0.000000E+0	0.000000E+0
4.707220E+3	1.019520E-4	1.295470E+4	0.000000E+0	0.000000E+0
4.711212E+3	1.019490E-4	1.295430E+4	0.000000E+0	0.000000E+0
4.715218E+3	1.019520E-4	1.295400E+4	0.000000E+0	0.000000E+0
4.719197E+3	1.019470E-4	1.295370E+4	0.000000E+0	0.000000E+0
4.723209E+3	1.019440E-4	1.295340E+4	0.000000E+0	0.000000E+0
4.727218E+3	1.019490E-4	1.295310E+4	0.000000E+0	0.000000E+0
4.731215E+3	1.019420E-4	1.295280E+4	0.000000E+0	0.000000E+0
4.735213E+3	1.019480E-4	1.295260E+4	0.000000E+0	0.000000E+0
4.739211E+3	1.019450E-4	1.295240E+4	0.000000E+0	0.000000E+0
4.743214E+3	1.019480E-4	1.295230E+4	0.000000E+0	0.000000E+0
4.747213E+3	1.019430E-4	1.295200E+4	0.000000E+0	0.000000E+0
4.751211E+3	1.019480E-4	1.295190E+4	0.000000E+0	0.000000E+0
4.755209E+3	1.019420E-4	1.295150E+4	0.000000E+0	0.000000E+0
4.759216E+3	1.019490E-4	1.295130E+4	0.000000E+0	0.000000E+0
4.763214E+3	1.019390E-4	1.295100E+4	0.000000E+0	0.000000E+0
4.767219E+3	1.019490E-4	1.295070E+4	0.000000E+0	0.000000E+0
4.771192E+3	1.019460E-4	1.295040E+4	0.000000E+0	0.000000E+0
4.775226E+3	1.019410E-4	1.295020E+4	0.000000E+0	0.000000E+0
4.779217E+3	1.019450E-4	1.295010E+4	0.000000E+0	0.000000E+0
4.783212E+3	1.019410E-4	1.294960E+4	0.000000E+0	0.000000E+0
4.787212E+3	1.019460E-4	1.294940E+4	0.000000E+0	0.000000E+0
4.791210E+3	1.019410E-4	1.294930E+4	0.000000E+0	0.000000E+0
4.795216E+3	1.019440E-4	1.294910E+4	0.000000E+0	0.000000E+0
4.799193E+3	1.019430E-4	1.294890E+4	0.000000E+0	0.000000E+0
4.803205E+3	1.019380E-4	1.294870E+4	0.000000E+0	0.000000E+0
4.807215E+3	1.019470E-4	1.294840E+4	0.000000E+0	0.000000E+0
4.811211E+3	1.019370E-4	1.294810E+4	0.000000E+0	0.000000E+0
4.815213E+3	1.019460E-4	1.294790E+4	0.000000E+0	0.000000E+0
4.819211E+3	1.019390E-4	1.294760E+4	0.000000E+0	0.000000E+0
4.823216E+3	1.019450E-4	1.294730E+4	0.000000E+0	0.000000E+0
4.827212E+3	1.019400E-4	1.294690E+4	0.000000E+0	0.000000E+0
4.831214E+3	1.019430E-4	1.294670E+4	0.000000E+0	0.000000E+0
4.835216E+3	1.019360E-4	1.294630E+4	0.000000E+0	0.000000E+0
4.839197E+3	1.019370E-4	1.294590E+4	0.000000E+0	0.000000E+0
4.843231E+3	1.019440E-4	1.294560E+4	0.000000E+0	0.000000E+0
4.847210E+3	1.019370E-4	1.294510E+4	0.000000E+0	0.000000E+0
4.851215E+3	1.019430E-4	1.294480E+4	0.000000E+0	0.000000E+0
4.855192E+3	1.019420E-4	1.294430E+4	0.000000E+0	0.000000E+0
4.859225E+3	1.019350E-4	1.294400E+4	0.000000E+0	0.000000E+0
4.863217E+3	1.019430E-4	1.294360E+4	0.000000E+0	0.000000E+0
4.867214E+3	1.019400E-4	1.294330E+4	0.000000E+0	0.000000E+0
4.871213E+3	1.019390E-4	1.294310E+4	0.000000E+0	0.000000E+0
4.875208E+3	1.019380E-4	1.294280E+4	0.000000E+0	0.000000E+0
4.879218E+3	1.019400E-4	1.294250E+4	0.000000E+0	0.000000E+0
4.883213E+3	1.019360E-4	1.294220E+4	0.000000E+0	0.000000E+0
4.887216E+3	1.019380E-4	1.294210E+4	0.000000E+0	0.000000E+0
4.891192E+3	1.019390E-4	1.294180E+4	0.000000E+0	0.000000E+0
4.895207E+3	1.019340E-4	1.294170E+4	0.000000E+0	0.000000E+0
4.899215E+3	1.019380E-4	1.294140E+4	0.000000E+0	0.000000E+0
4.903213E+3	1.019300E-4	1.294120E+4	0.000000E+0	0.000000E+0
4.907213E+3	1.019410E-4	1.294100E+4	0.000000E+0	0.000000E+0
4.911209E+3	1.019350E-4	1.294070E+4	0.000000E+0	0.000000E+0
4.915216E+3	1.019390E-4	1.294040E+4	0.000000E+0	0.000000E+0
4.919213E+3	1.019330E-4	1.294010E+4	0.000000E+0	0.000000E+0
4.923212E+3	1.019390E-4	1.293990E+4	0.000000E+0	0.000000E+0
4.927209E+3	1.019330E-4	1.293950E+4	0.000000E+0	0.000000E+0
4.931214E+3	1.019380E-4	1.293930E+4	0.000000E+0	0.000000E+0
4.935209E+3	1.019330E-4	1.293890E+4	0.000000E+0	0.000000E+0
4.939215E+3	1.019360E-4	1.293870E+4	0.000000E+0	0.000000E+0
4.943210E+3	1.019320E-4	1.293840E+4	0.000000E+0	0.000000E+0
4.947219E+3	1.019360E-4	1.293820E+4	0.000000E+0	0.000000E+0
4.951207E+3	1.019310E-4	1.293780E+4	0.000000E+0	0.000000E+0
4.955210E+3	1.019370E-4	1.293750E+4	0.000000E+0	0.000000E+0
4.959212E+3	1.019330E-4	1.293720E+4	0.000000E+0	0.000000E+0
4.963215E+3	1.019310E-4	1.293700E+4	0.000000E+0	0.000000E+0
4.967213E+3	1.019310E-4	1.293670E+4	0.000000E+0	0.000000E+0
4.971213E+3	1.019350E-4	1.293640E+4	0.000000E+0	0.000000E+0
4.975208E+3	1.019310E-4	1.293620E+4	0.000000E+0	0.000000E+0
4.979218E+3	1.019330E-4	1.293590E+4	0.000000E+0	0.000000E+0
4.983192E+3	1.019330E-4	1.293560E+4	0.000000E+0	0.000000E+0
4.987205E+3	1.019260E-4	1.293530E+4	0.000000E+0	0.000000E+0
4.991213E+3	1.019340E-4	1.293490E+4	0.000000E+0	0.000000E+0
4.995215E+3	1.019300E-4	1.293470E+4	0.000000E+0	0.000000E+0
4.999213E+3	1.019320E-4	1.293440E+4	0.000000E+0	0.000000E+0
5.003209E+3	1.019250E-4	1.293420E+4	0.000000E+0	0.000000E+0
5.007213E+3	1.019280E-4	1.293390E+4	0.000000E+0	0.000000E+0
5.011214E+3	1.019260E-4	1.293360E+4	0.000000E+0	0.000000E+0
5.015212E+3	1.019300E-4	1.293330E+4	0.000000E+0	0.000000E+0
5.019192E+3	1.019280E-4	1.293300E+4	0.000000E+0	0.000000E+0
5.023211E+3	1.019220E-4	1.293270E+4	0.000000E+0	0.000000E+0
5.027215E+3	1.019270E-4	1.293230E+4	0.000000E+0	0.000000E+0
5.031212E+3	1.019220E-4	1.293200E+4	0.000000E+0	0.000000E+0
5.035212E+3	1.019290E-4	1.293170E+4	0.000000E+0	0.000000E+0
5.039209E+3	1.019280E-4	1.293150E+4	0.000000E+0	0.000000E+0
5.043213E+3	1.019280E-4	1.293110E+4	0.000000E+0	0.000000E+0
5.047215E+3	1.019240E-4	1.293090E+4	0.000000E+0	0.000000E+0
5.051213E+3	1.019270E-4	1.293060E+4	0.000000E+0	0.000000E+0
5.055208E+3	1.019230E-4	1.293050E+4	0.000000E+0	0.000000E+0
5.059214E+3	1.019270E-4	1.293000E+4	0.000000E+0	0.000000E+0
5.063211E+3	1.019260E-4	1.292970E+4	0.000000E+0	0.000000E+0
5.067211E+3	1.019270E-4	1.292960E+4	0.000000E+0	0.000000E+0
5.071210E+3	1.019210E-4	1.292930E+4	0.000000E+0	0.000000E+0
5.075218E+3	1.019270E-4	1.292910E+4	0.000000E+0	0.000000E+0
5.079194E+3	1.019250E-4	1.292890E+4	0.000000E+0	0.000000E+0
5.083206E+3	1.019230E-4	1.292860E+4	0.000000E+0	0.000000E+0
5.087217E+3	1.019260E-4	1.292830E+4	0.000000E+0	0.000000E+0
5.091192E+3	1.019240E-4	1.292800E+4	0.000000E+0	0.000000E+0
5.095206E+3	1.019170E-4	1.292770E+4	0.000000E+0	0.000000E+0
5.099216E+3	1.019240E-4	1.292730E+4	0.000000E+0	0.000000E+0
5.103215E+3	1.019200E-4	1.292690E+4	0.000000E+0	0.000000E+0
5.107217E+3	1.019240E-4	1.292660E+4	0.000000E+0	0.000000E+0
5.111194E+3	1.019250E-4	1.292630E+4	0.000000E+0	0.000000E+0
5.115222E+3	1.019170E-4	1.292600E+4	0.000000E+0	0.000000E+0
5.119214E+3	1.019240E-4	1.292570E+4	0.000000E+0	0.000000E+0
5.123206E+3	1.019200E-4	1.292550E+4	0.000000E+0	0.000000E+0
5.127210E+3	1.019190E-4	1.292530E+4	0.000000E+0	0.000000E+0
5.131209E+3	1.019140E-4	1.292510E+4	0.000000E+0	0.000000E+0
5.135215E+3	1.019220E-4	1.292500E+4	0.000000E+0	0.000000E+0
5.139209E+3	1.019160E-4	1.292480E+4	0.000000E+0	0.000000E+0
5.143218E+3	1.019210E-4	1.292440E+4	0.000000E+0	0.000000E+0
5.147195E+3	1.019210E-4	1.292430E+4	0.000000E+0	0.000000E+0
5.151208E+3	1.019160E-4	1.292390E+4	0.000000E+0	0.000000E+0
5.155216E+3	1.019210E-4	1.292360E+4	0.000000E+0	0.000000E+0
5.159214E+3	1.019170E-4	1.292330E+4	0.000000E+0	0.000000E+0
5.163213E+3	1.019180E-4	1.292320E+4	0.000000E+0	0.000000E+0
5.167211E+3	1.019090E-4	1.292280E+4	0.000000E+0	0.000000E+0
5.171214E+3	1.019210E-4	1.292250E+4	0.000000E+0	0.000000E+0
5.175208E+3	1.019100E-4	1.292240E+4	0.000000E+0	0.000000E+0
5.179216E+3	1.019200E-4	1.292200E+4	0.000000E+0	0.000000E+0
5.183191E+3	1.019180E-4	1.292170E+4	0.000000E+0	0.000000E+0
5.187222E+3	1.019120E-4	1.292150E+4	0.000000E+0	0.000000E+0
5.191217E+3	1.019130E-4	1.292120E+4	0.000000E+0	0.000000E+0
5.195214E+3	1.019140E-4	1.292090E+4	0.000000E+0	0.000000E+0
5.199217E+3	1.019160E-4	1.292050E+4	0.000000E+0	0.000000E+0
5.203209E+3	1.019110E-4	1.292030E+4	0.000000E+0	0.000000E+0
5.207210E+3	1.019140E-4	1.292000E+4	0.000000E+0	0.000000E+0
5.211209E+3	1.019110E-4	1.291970E+4	0.000000E+0	0.000000E+0
5.215215E+3	1.019150E-4	1.291940E+4	0.000000E+0	0.000000E+0
5.219193E+3	1.019130E-4	1.291910E+4	0.000000E+0	0.000000E+0
5.223207E+3	1.019090E-4	1.291890E+4	0.000000E+0	0.000000E+0
5.227216E+3	1.019160E-4	1.291850E+4	0.000000E+0	0.000000E+0
5.231214E+3	1.019100E-4	1.291840E+4	0.000000E+0	0.000000E+0
5.235213E+3	1.019140E-4	1.291830E+4	0.000000E+0	0.000000E+0
5.239211E+3	1.019100E-4	1.291800E+4	0.000000E+0	0.000000E+0
5.243211E+3	1.019130E-4	1.291780E+4	0.000000E+0	0.000000E+0
5.247208E+3	1.019120E-4	1.291770E+4	0.000000E+0	0.000000E+0
5.251211E+3	1.019130E-4	1.291740E+4	0.000000E+0	0.000000E+0
5.255214E+3	1.019070E-4	1.291720E+4	0.000000E+0	0.000000E+0
5.259214E+3	1.019130E-4	1.291700E+4	0.000000E+0	0.000000E+0
5.263194E+3	1.019130E-4	1.291670E+4	0.000000E+0	0.000000E+0
5.267209E+3	1.019070E-4	1.291630E+4	0.000000E+0	0.000000E+0
5.271217E+3	1.019120E-4	1.291610E+4	0.000000E+0	0.000000E+0
5.275194E+3	1.019130E-4	1.291570E+4	0.000000E+0	0.000000E+0
5.279205E+3	1.019050E-4	1.291540E+4	0.000000E+0	0.000000E+0
5.283214E+3	1.019100E-4	1.291520E+4	0.000000E+0	0.000000E+0
5.287213E+3	1.019040E-4	1.291510E+4	0.000000E+0	0.000000E+0
5.291215E+3	1.019110E-4	1.291480E+4	0.000000E+0	0.000000E+0
5.295192E+3	1.019120E-4	1.291450E+4	0.000000E+0	0.000000E+0
5.299223E+3	1.019030E-4	1.291430E+4	0.000000E+0	0.000000E+0
5.303212E+3	1.019080E-4	1.291400E+4	0.000000E+0	0.000000E+0
5.307211E+3	1.019060E-4	1.291350E+4	0.000000E+0	0.000000E+0
5.311213E+3	1.019100E-4	1.291310E+4	0.000000E+0	0.000000E+0
5.315213E+3	1.019060E-4	1.291270E+4	0.000000E+0	0.000000E+0
5.319213E+3	1.019090E-4	1.291230E+4	0.000000E+0	0.000000E+0
5.323193E+3	1.019090E-4	1.291200E+4	0.000000E+0	0.000000E+0
5.327209E+3	1.019020E-4	1.291170E+4	0.000000E+0	0.000000E+0
5.331216E+3	1.019060E-4	1.291130E+4	0.000000E+0	0.000000E+0
5.335188E+3	1.019060E-4	1.291080E+4	0.000000E+0	0.000000E+0
5.339219E+3	1.019080E-4	1.291030E+4	0.000000E+0	0.000000E+0
5.343214E+3	1.019060E-4	1.290990E+4	0.000000E+0	0.000000E+0
5.347191E+3	1.019080E-4	1.290950E+4	0.000000E+0	0.000000E+0
5.351208E+3	1.019000E-4	1.290920E+4	0.000000E+0	0.000000E+0
5.355212E+3	1.019060E-4	1.290890E+4	0.000000E+0	0.000000E+0
5.359191E+3	1.019030E-4	1.290870E+4	0.000000E+0	0.000000E+0
5.363211E+3	1.019030E-4	1.290850E+4	0.000000E+0	0.000000E+0
5.367209E+3	1.019070E-4	1.290830E+4	0.000000E+0	0.000000E+0
5.371211E+3	1.019000E-4	1.290810E+4	0.000000E+0	0.000000E+0
5.375214E+3	1.019040E-4	1.290800E+4	0.000000E+0	0.000000E+0
5.379194E+3	1.019030E-4	1.290780E+4	0.000000E+0	0.000000E+0
5.383207E+3	1.019000E-4	1.290770E+4	0.000000E+0	0.000000E+0
5.387217E+3	1.019010E-4	1.290750E+4	0.000000E+0	0.000000E+0
5.391194E+3	1.019030E-4	1.290730E+4	0.000000E+0	0.000000E+0
5.395205E+3	1.018960E-4	1.290720E+4	0.000000E+0	0.000000E+0
5.399216E+3	1.019010E-4	1.290700E+4	0.000000E+0	0.000000E+0
5.403193E+3	1.019040E-4	1.290690E+4	0.000000E+0	0.000000E+0
5.407204E+3	1.018990E-4	1.290660E+4	0.000000E+0	0.000000E+0
5.411219E+3	1.019010E-4	1.290650E+4	0.000000E+0	0.000000E+0
5.415195E+3	1.019030E-4	1.290630E+4	0.000000E+0	0.000000E+0
5.419210E+3	1.018950E-4	1.290610E+4	0.000000E+0	0.000000E+0
5.423216E+3	1.019010E-4	1.290590E+4	0.000000E+0	0.000000E+0
5.427193E+3	1.019030E-4	1.290560E+4	0.000000E+0	0.000000E+0
5.431205E+3	1.018990E-4	1.290540E+4	0.000000E+0	0.000000E+0
5.435213E+3	1.019000E-4	1.290500E+4	0.000000E+0	0.000000E+0
5.439209E+3	1.018960E-4	1.290470E+4	0.000000E+0	0.000000E+0
5.443214E+3	1.018960E-4	1.290440E+4	0.000000E+0	0.000000E+0
5.447212E+3	1.018910E-4	1.290410E+4	0.000000E+0	0.000000E+0
5.451212E+3	1.018990E-4	1.290380E+4	0.000000E+0	0.000000E+0
5.455191E+3	1.018990E-4	1.290350E+4	0.000000E+0	0.000000E+0
5.459209E+3	1.018960E-4	1.290320E+4	0.000000E+0	0.000000E+0
5.463214E+3	1.018980E-4	1.290270E+4	0.000000E+0	0.000000E+0
5.467189E+3	1.019010E-4	1.290250E+4	0.000000E+0	0.000000E+0
5.471223E+3	1.018930E-4	1.290200E+4	0.000000E+0	0.000000E+0
5.475212E+3	1.018950E-4	1.290170E+4	0.000000E+0	0.000000E+0
5.479215E+3	1.018900E-4	1.290120E+4	0.000000E+0	0.000000E+0
5.483187E+3	1.018930E-4	1.290090E+4	0.000000E+0	0.000000E+0
5.487223E+3	1.018970E-4	1.290070E+4	0.000000E+0	0.000000E+0
5.491205E+3	1.018930E-4	1.290050E+4	0.000000E+0	0.000000E+0
5.495211E+3	1.018960E-4	1.290010E+4	0.000000E+0	0.000000E+0
5.499213E+3	1.018930E-4	1.289990E+4	0.000000E+0	0.000000E+0
5.503211E+3	1.018940E-4	1.289970E+4	0.000000E+0	0.000000E+0
5.507211E+3	1.018930E-4	1.289940E+4	0.000000E+0	0.000000E+0
5.511214E+3	1.018940E-4	1.289930E+4	0.000000E+0	0.000000E+0
5.515214E+3	1.018890E-4	1.289900E+4	0.000000E+0	0.000000E+0
5.519211E+3	1.018940E-4	1.289870E+4	0.000000E+0	0.000000E+0
5.523211E+3	1.018910E-4	1.289850E+4	0.000000E+0	0.000000E+0
5.527216E+3	1.018900E-4	1.289810E+4	0.000000E+0	0.000000E+0
5.531208E+3	1.018900E-4	1.289800E+4	0.000000E+0	0.000000E+0
5.535209E+3	1.018960E-4	1.289760E+4	0.000000E+0	0.000000E+0
5.539212E+3	1.018890E-4	1.289760E+4	0.000000E+0	0.000000E+0
5.543215E+3	1.018950E-4	1.289730E+4	0.000000E+0	0.000000E+0
5.547214E+3	1.018870E-4	1.289710E+4	0.000000E+0	0.000000E+0
5.551210E+3	1.018910E-4	1.289680E+4	0.000000E+0	0.000000E+0
5.555210E+3	1.018870E-4	1.289650E+4	0.000000E+0	0.000000E+0
5.559210E+3	1.018940E-4	1.289630E+4	0.000000E+0	0.000000E+0
5.563213E+3	1.018870E-4	1.289600E+4	0.000000E+0	0.000000E+0
5.567212E+3	1.018910E-4	1.289580E+4	0.000000E+0	0.000000E+0
5.571207E+3	1.018890E-4	1.289560E+4	0.000000E+0	0.000000E+0
5.575213E+3	1.018920E-4	1.289520E+4	0.000000E+0	0.000000E+0
5.579207E+3	1.018860E-4	1.289490E+4	0.000000E+0	0.000000E+0
5.583211E+3	1.018910E-4	1.289460E+4	0.000000E+0	0.000000E+0
5.587210E+3	1.018870E-4	1.289410E+4	0.000000E+0	0.000000E+0
5.591213E+3	1.018930E-4	1.289380E+4	0.000000E+0	0.000000E+0
5.595210E+3	1.018850E-4	1.289360E+4	0.000000E+0	0.000000E+0
5.599211E+3	1.018910E-4	1.289330E+4	0.000000E+0	0.000000E+0
5.603211E+3	1.018820E-4	1.289300E+4	0.000000E+0	0.000000E+0
5.607216E+3	1.018900E-4	1.289270E+4	0.000000E+0	0.000000E+0
5.611212E+3	1.018850E-4	1.289230E+4	0.000000E+0	0.000000E+0
5.615211E+3	1.018900E-4	1.289210E+4	0.000000E+0	0.000000E+0
5.619212E+3	1.018830E-4	1.289180E+4	0.000000E+0	0.000000E+0
5.623217E+3	1.018910E-4	1.289160E+4	0.000000E+0	0.000000E+0
5.627206E+3	1.018830E-4	1.289130E+4	0.000000E+0	0.000000E+0
5.631211E+3	1.018910E-4	1.289100E+4	0.000000E+0	0.000000E+0
5.635206E+3	1.018820E-4	1.289080E+4	0.000000E+0	0.000000E+0
5.639212E+3	1.018860E-4	1.289050E+4	0.000000E+0	0.000000E+0
5.643215E+3	1.018820E-4	1.289020E+4	0.000000E+0	0.000000E+0
5.647213E+3	1.018850E-4	1.289000E+4	0.000000E+0	0.000000E+0
5.651213E+3	1.018810E-4	1.288980E+4	0.000000E+0	0.000000E+0
5.655213E+3	1.018850E-4	1.288970E+4	0.000000E+0	0.000000E+0
5.659213E+3	1.018830E-4	1.288940E+4	0.000000E+0	0.000000E+0
5.663212E+3	1.018850E-4	1.288920E+4	0.000000E+0	0.000000E+0
5.667210E+3	1.018810E-4	1.288900E+4	0.000000E+0	0.000000E+0
5.671211E+3	1.018860E-4	1.288880E+4	0.000000E+0	0.000000E+0
5.675215E+3	1.018830E-4	1.288860E+4	0.000000E+0	0.000000E+0
5.679214E+3	1.018880E-4	1.288850E+4	0.000000E+0	0.000000E+0
5.683211E+3	1.018820E-4	1.288830E+4	0.000000E+0	0.000000E+0
5.687210E+3	1.018860E-4	1.288800E+4	0.000000E+0	0.000000E+0
5.691211E+3	1.018830E-4	1.288790E+4	0.000000E+0	0.000000E+0
5.695214E+3	1.018860E-4	1.288780E+4	0.000000E+0	0.000000E+0
5.699246E+3	1.018810E-4	1.288780E+4	0.000000E+0	0.000000E+0
5.703211E+3	1.018850E-4	1.288750E+4	0.000000E+0	0.000000E+0
5.707211E+3	1.018830E-4	1.288740E+4	0.000000E+0	0.000000E+0
5.711216E+3	1.018850E-4	1.288700E+4	0.000000E+0	0.000000E+0
5.715211E+3	1.018830E-4	1.288660E+4	0.000000E+0	0.000000E+0
5.719210E+3	1.018850E-4	1.288650E+4	0.000000E+0	0.000000E+0
5.723210E+3	1.018810E-4	1.288610E+4	0.000000E+0	0.000000E+0
5.727215E+3	1.018840E-4	1.288580E+4	0.000000E+0	0.000000E+0
5.731212E+3	1.018770E-4	1.288550E+4	0.000000E+0	0.000000E+0
5.735210E+3	1.018850E-4	1.288530E+4	0.000000E+0	0.000000E+0
5.739207E+3	1.018790E-4	1.288500E+4	0.000000E+0	0.000000E+0
5.743210E+3	1.018830E-4	1.288470E+4	0.000000E+0	0.000000E+0
5.747215E+3	1.018780E-4	1.288440E+4	0.000000E+0	0.000000E+0
5.751216E+3	1.018830E-4	1.288410E+4	0.000000E+0	0.000000E+0
5.755215E+3	1.018790E-4	1.288400E+4	0.000000E+0	0.000000E+0
5.759213E+3	1.018830E-4	1.288370E+4	0.000000E+0	0.000000E+0
5.763212E+3	1.018750E-4	1.288340E+4	0.000000E+0	0.000000E+0
5.767216E+3	1.018820E-4	1.288310E+4	0.000000E+0	0.000000E+0
5.771214E+3	1.018770E-4	1.288280E+4	0.000000E+0	0.000000E+0
5.775214E+3	1.018780E-4	1.288260E+4	0.000000E+0	0.000000E+0
5.779214E+3	1.018760E-4	1.288230E+4	0.000000E+0	0.000000E+0
5.783217E+3	1.018760E-4	1.288230E+4	0.000000E+0	0.000000E+0
5.787214E+3	1.018760E-4	1.288190E+4	0.000000E+0	0.000000E+0
5.791212E+3	1.018790E-4	1.288150E+4	0.000000E+0	0.000000E+0
5.795211E+3	1.018750E-4	1.288130E+4	0.000000E+0	0.000000E+0
5.799214E+3	1.018780E-4	1.288100E+4	0.000000E+0	0.000000E+0
5.803214E+3	1.018740E-4	1.288070E+4	0.000000E+0	0.000000E+0
5.807212E+3	1.018770E-4	1.288060E+4	0.000000E+0	0.000000E+0
5.811212E+3	1.018740E-4	1.288030E+4	0.000000E+0	0.000000E+0
5.815213E+3	1.018810E-4	1.288020E+4	0.000000E+0	0.000000E+0
5.819212E+3	1.018710E-4	1.287990E+4	0.000000E+0	0.000000E+0
5.823210E+3	1.018810E-4	1.287970E+4	0.000000E+0	0.000000E+0
5.827215E+3	1.018770E-4	1.287940E+4	0.000000E+0	0.000000E+0
5.831218E+3	1.018790E-4	1.287920E+4	0.000000E+0	0.000000E+0
5.835215E+3	1.018710E-4	1.287890E+4	0.000000E+0	0.000000E+0
5.839213E+3	1.018770E-4	1.287860E+4	0.000000E+0	0.000000E+0
5.843210E+3	1.018720E-4	1.287830E+4	0.000000E+0	0.000000E+0
5.847211E+3	1.018780E-4	1.287810E+4	0.000000E+0	0.000000E+0
5.851213E+3	1.018730E-4	1.287780E+4	0.000000E+0	0.000000E+0
5.855213E+3	1.018770E-4	1.287750E+4	0.000000E+0	0.000000E+0
5.859209E+3	1.018690E-4	1.287740E+4	0.000000E+0	0.000000E+0
5.863213E+3	1.018750E-4	1.287720E+4	0.000000E+0	0.000000E+0
5.867205E+3	1.018700E-4	1.287700E+4	0.000000E+0	0.000000E+0
5.871214E+3	1.018750E-4	1.287690E+4	0.000000E+0	0.000000E+0
5.875211E+3	1.018690E-4	1.287660E+4	0.000000E+0	0.000000E+0
5.879214E+3	1.018730E-4	1.287640E+4	0.000000E+0	0.000000E+0
5.883211E+3	1.018700E-4	1.287610E+4	0.000000E+0	0.000000E+0
5.887211E+3	1.018720E-4	1.287590E+4	0.000000E+0	0.000000E+0
5.891212E+3	1.018690E-4	1.287570E+4	0.000000E+0	0.000000E+0
5.895211E+3	1.018730E-4	1.287550E+4	0.000000E+0	0.000000E+0
5.899207E+3	1.018680E-4	1.287520E+4	0.000000E+0	0.000000E+0
5.903210E+3	1.018750E-4	1.287500E+4	0.000000E+0	0.000000E+0
5.907209E+3	1.018660E-4	1.287460E+4	0.000000E+0	0.000000E+0
5.911213E+3	1.018720E-4	1.287410E+4	0.000000E+0	0.000000E+0
5.915217E+3	1.018700E-4	1.287390E+4	0.000000E+0	0.000000E+0
5.919212E+3	1.018740E-4	1.287350E+4	0.000000E+0	0.000000E+0
5.923212E+3	1.018660E-4	1.287300E+4	0.000000E+0	0.000000E+0
5.927210E+3	1.018710E-4	1.287270E+4	0.000000E+0	0.000000E+0
5.931211E+3	1.018640E-4	1.287230E+4	0.000000E+0	0.000000E+0
5.935211E+3	1.018710E-4	1.287220E+4	0.000000E+0	0.000000E+0
5.939211E+3	1.018670E-4	1.287180E+4	0.000000E+0	0.000000E+0
5.943213E+3	1.018700E-4	1.287150E+4	0.000000E+0	0.000000E+0
5.947208E+3	1.018620E-4	1.287130E+4	0.000000E+0	0.000000E+0
5.951213E+3	1.018700E-4	1.287120E+4	0.000000E+0	0.000000E+0
5.955214E+3	1.018650E-4	1.287080E+4	0.000000E+0	0.000000E+0
5.959212E+3	1.018690E-4	1.287060E+4	0.000000E+0	0.000000E+0
5.963211E+3	1.018630E-4	1.287030E+4	0.000000E+0	0.000000E+0
5.967214E+3	1.018700E-4	1.286990E+4	0.000000E+0	0.000000E+0
5.971211E+3	1.018620E-4	1.286980E+4	0.000000E+0	0.000000E+0
5.975209E+3	1.018660E-4	1.286950E+4	0.000000E+0	0.000000E+0
5.979214E+3	1.018640E-4	1.286920E+4	0.000000E+0	0.000000E+0
5.983215E+3	1.018700E-4	1.286880E+4	0.000000E+0	0.000000E+0
5.987212E+3	1.018640E-4	1.286850E+4	0.000000E+0	0.000000E+0
5.991210E+3	1.018660E-4	1.286810E+4	0.000000E+0	0.000000E+0
5.995210E+3	1.018640E-4	1.286780E+4	0.000000E+0	0.000000E+0
5.999215E+3	1.018670E-4	1.286750E+4	0.000000E+0	0.000000E+0
6.003207E+3	1.018630E-4	1.286740E+4	0.000000E+0	0.000000E+0
6.007212E+3	1.018670E-4	1.286720E+4	0.000000E+0	0.000000E+0
6.011208E+3	1.018630E-4	1.286700E+4	0.000000E+0	0.000000E+0
6.015212E+3	1.018660E-4	1.286670E+4	0.000000E+0	0.000000E+0
6.019211E+3	1.018640E-4	1.286640E+4	0.000000E+0	0.000000E+0
6.023211E+3	1.018650E-4	1.286630E+4	0.000000E+0	0.000000E+0
6.027213E+3	1.018590E-4	1.286610E+4	0.000000E+0	0.000000E+0
6.031216E+3	1.018610E-4	1.286600E+4	0.000000E+0	0.000000E+0
6.035206E+3	1.018570E-4	1.286590E+4	0.000000E+0	0.000000E+0
6.039211E+3	1.018660E-4	1.286570E+4	0.000000E+0	0.000000E+0
6.043211E+3	1.018630E-4	1.286550E+4	0.000000E+0	0.000000E+0
6.047214E+3	1.018630E-4	1.286550E+4	0.000000E+0	0.000000E+0
6.051209E+3	1.018570E-4	1.286520E+4	0.000000E+0	0.000000E+0
6.055208E+3	1.018640E-4	1.286490E+4	0.000000E+0	0.000000E+0
6.059209E+3	1.018580E-4	1.286470E+4	0.000000E+0	0.000000E+0
6.063212E+3	1.018640E-4	1.286440E+4	0.000000E+0	0.000000E+0
6.067209E+3	1.018580E-4	1.286420E+4	0.000000E+0	0.000000E+0
6.071212E+3	1.018600E-4	1.286400E+4	0.000000E+0	0.000000E+0
6.075210E+3	1.018550E-4	1.286360E+4	0.000000E+0	0.000000E+0
6.079213E+3	1.018600E-4	1.286330E+4	0.000000E+0	0.000000E+0
6.083209E+3	1.018570E-4	1.286300E+4	0.000000E+0	0.000000E+0
6.087209E+3	1.018620E-4	1.286270E+4	0.000000E+0	0.000000E+0
6.091212E+3	1.018570E-4	1.286230E+4	0.000000E+0	0.000000E+0
6.095215E+3	1.018620E-4	1.286210E+4	0.000000E+0	0.000000E+0
6.099213E+3	1.018580E-4	1.286180E+4	0.000000E+0	0.000000E+0
6.103210E+3	1.018600E-4	1.286160E+4	0.000000E+0	0.000000E+0
6.107205E+3	1.018570E-4	1.286130E+4	0.000000E+0	0.000000E+0
6.111210E+3	1.018580E-4	1.286080E+4	0.000000E+0	0.000000E+0
6.115214E+3	1.018580E-4	1.286070E+4	0.000000E+0	0.000000E+0
6.119213E+3	1.018610E-4	1.286050E+4	0.000000E+0	0.000000E+0
6.123211E+3	1.018550E-4	1.286040E+4	0.000000E+0	0.000000E+0
6.127214E+3	1.018600E-4	1.286020E+4	0.000000E+0	0.000000E+0
6.131214E+3	1.018550E-4	1.286000E+4	0.000000E+0	0.000000E+0
6.135213E+3	1.018610E-4	1.285980E+4	0.000000E+0	0.000000E+0
6.139212E+3	1.018560E-4	1.285960E+4	0.000000E+0	0.000000E+0
6.143211E+3	1.018590E-4	1.285930E+4	0.000000E+0	0.000000E+0
6.147212E+3	1.018530E-4	1.285900E+4	0.000000E+0	0.000000E+0
6.151211E+3	1.018600E-4	1.285880E+4	0.000000E+0	0.000000E+0
6.155209E+3	1.018530E-4	1.285860E+4	0.000000E+0	0.000000E+0
6.159212E+3	1.018570E-4	1.285830E+4	0.000000E+0	0.000000E+0
6.163207E+3	1.018520E-4	1.285790E+4	0.000000E+0	0.000000E+0
6.167207E+3	1.018560E-4	1.285760E+4	0.000000E+0	0.000000E+0
6.171210E+3	1.018510E-4	1.285730E+4	0.000000E+0	0.000000E+0
6.175217E+3	1.018580E-4	1.285690E+4	0.000000E+0	0.000000E+0
6.179207E+3	1.018530E-4	1.285670E+4	0.000000E+0	0.000000E+0
6.183215E+3	1.018550E-4	1.285640E+4	0.000000E+0	0.000000E+0
6.187212E+3	1.018530E-4	1.285600E+4	0.000000E+0	0.000000E+0
6.191213E+3	1.018540E-4	1.285570E+4	0.000000E+0	0.000000E+0
6.195213E+3	1.018510E-4	1.285530E+4	0.000000E+0	0.000000E+0
6.199213E+3	1.018560E-4	1.285500E+4	0.000000E+0	0.000000E+0
6.203210E+3	1.018520E-4	1.285470E+4	0.000000E+0	0.000000E+0
6.207212E+3	1.018550E-4	1.285450E+4	0.000000E+0	0.000000E+0
6.211206E+3	1.018470E-4	1.285420E+4	0.000000E+0	0.000000E+0
6.215214E+3	1.018520E-4	1.285400E+4	0.000000E+0	0.000000E+0
6.219211E+3	1.018500E-4	1.285370E+4	0.000000E+0	0.000000E+0
6.223214E+3	1.018500E-4	1.285360E+4	0.000000E+0	0.000000E+0
6.227209E+3	1.018490E-4	1.285340E+4	0.000000E+0	0.000000E+0
6.231209E+3	1.018520E-4	1.285330E+4	0.000000E+0	0.000000E+0
6.235206E+3	1.018470E-4	1.285320E+4	0.000000E+0	0.000000E+0
6.239207E+3	1.018530E-4	1.285290E+4	0.000000E+0	0.000000E+0
6.243207E+3	1.018480E-4	1.285270E+4	0.000000E+0	0.000000E+0
6.247209E+3	1.018520E-4	1.285240E+4	0.000000E+0	0.000000E+0
6.251205E+3	1.018460E-4	1.285200E+4	0.000000E+0	0.000000E+0
6.255207E+3	1.018500E-4	1.285190E+4	0.000000E+0	0.000000E+0
6.259212E+3	1.018490E-4	1.285170E+4	0.000000E+0	0.000000E+0
6.263213E+3	1.018520E-4	1.285140E+4	0.000000E+0	0.000000E+0
6.267208E+3	1.018440E-4	1.285120E+4	0.000000E+0	0.000000E+0
6.271212E+3	1.018500E-4	1.285100E+4	0.000000E+0	0.000000E+0
6.275215E+3	1.018450E-4	1.285090E+4	0.000000E+0	0.000000E+0
6.279213E+3	1.018500E-4	1.285050E+4	0.000000E+0	0.000000E+0
6.283211E+3	1.018440E-4	1.285020E+4	0.000000E+0	0.000000E+0
6.287215E+3	1.018500E-4	1.285000E+4	0.000000E+0	0.000000E+0
6.291208E+3	1.018490E-4	1.284970E+4	0.000000E+0	0.000000E+0
6.295211E+3	1.018490E-4	1.284940E+4	0.000000E+0	0.000000E+0
6.299206E+3	1.018470E-4	1.284900E+4	0.000000E+0	0.000000E+0
6.303209E+3	1.018470E-4	1.284880E+4	0.000000E+0	0.000000E+0
6.307216E+3	1.018440E-4	1.284840E+4	0.000000E+0	0.000000E+0
6.311213E+3	1.018480E-4	1.284800E+4	0.000000E+0	0.000000E+0
6.315211E+3	1.018420E-4	1.284770E+4	0.000000E+0	0.000000E+0
6.319214E+3	1.018460E-4	1.284730E+4	0.000000E+0	0.000000E+0
6.323206E+3	1.018410E-4	1.284700E+4	0.000000E+0	0.000000E+0
6.327212E+3	1.018440E-4	1.284660E+4	0.000000E+0	0.000000E+0
6.331212E+3	1.018430E-4	1.284630E+4	0.000000E+0	0.000000E+0
6.335216E+3	1.018470E-4	1.284590E+4	0.000000E+0	0.000000E+0
6.339212E+3	1.018410E-4	1.284560E+4	0.000000E+0	0.000000E+0
6.343210E+3	1.018460E-4	1.284540E+4	0.000000E+0	0.000000E+0
6.347210E+3	1.018420E-4	1.284520E+4	0.000000E+0	0.000000E+0
6.351215E+3	1.018470E-4	1.284500E+4	0.000000E+0	0.000000E+0
6.355212E+3	1.018390E-4	1.284490E+4	0.000000E+0	0.000000E+0
6.359210E+3	1.018480E-4	1.284470E+4	0.000000E+0	0.000000E+0
6.363208E+3	1.018430E-4	1.284460E+4	0.000000E+0	0.000000E+0
6.367212E+3	1.018480E-4	1.284450E+4	0.000000E+0	0.000000E+0
6.371208E+3	1.018440E-4	1.284440E+4	0.000000E+0	0.000000E+0
6.375208E+3	1.018470E-4	1.284420E+4	0.000000E+0	0.000000E+0
6.379210E+3	1.018420E-4	1.284400E+4	0.000000E+0	0.000000E+0
6.383213E+3	1.018440E-4	1.284380E+4	0.000000E+0	0.000000E+0
6.387211E+3	1.018400E-4	1.284350E+4	0.000000E+0	0.000000E+0
6.391208E+3	1.018440E-4	1.284330E+4	0.000000E+0	0.000000E+0
6.395208E+3	1.018390E-4	1.284300E+4	0.000000E+0	0.000000E+0
6.399212E+3	1.018450E-4	1.284270E+4	0.000000E+0	0.000000E+0
6.403208E+3	1.018420E-4	1.284240E+4	0.000000E+0	0.000000E+0
6.407209E+3	1.018450E-4	1.284210E+4	0.000000E+0	0.000000E+0
6.411211E+3	1.018430E-4	1.284190E+4	0.000000E+0	0.000000E+0
6.415214E+3	1.018450E-4	1.284160E+4	0.000000E+0	0.000000E+0
6.419207E+3	1.018430E-4	1.284140E+4	0.000000E+0	0.000000E+0
6.423207E+3	1.018440E-4	1.284110E+4	0.000000E+0	0.000000E+0
6.427205E+3	1.018380E-4	1.284090E+4	0.000000E+0	0.000000E+0
6.431215E+3	1.018420E-4	1.284060E+4	0.000000E+0	0.000000E+0
6.435205E+3	1.018390E-4	1.284040E+4	0.000000E+0	0.000000E+0
6.439210E+3	1.018430E-4	1.284010E+4	0.000000E+0	0.000000E+0
6.443210E+3	1.018400E-4	1.283990E+4	0.000000E+0	0.000000E+0
6.447213E+3	1.018430E-4	1.283970E+4	0.000000E+0	0.000000E+0
6.451208E+3	1.018380E-4	1.283950E+4	0.000000E+0	0.000000E+0
6.455210E+3	1.018420E-4	1.283920E+4	0.000000E+0	0.000000E+0
6.459210E+3	1.018380E-4	1.283900E+4	0.000000E+0	0.000000E+0
6.463213E+3	1.018430E-4	1.283870E+4	0.000000E+0	0.000000E+0
6.467206E+3	1.018380E-4	1.283860E+4	0.000000E+0	0.000000E+0
6.471213E+3	1.018410E-4	1.283840E+4	0.000000E+0	0.000000E+0
6.475206E+3	1.018340E-4	1.283820E+4	0.000000E+0	0.000000E+0
6.479217E+3	1.018390E-4	1.283810E+4	0.000000E+0	0.000000E+0
6.483206E+3	1.018330E-4	1.283780E+4	0.000000E+0	0.000000E+0
6.487209E+3	1.018380E-4	1.283770E+4	0.000000E+0	0.000000E+0
6.491205E+3	1.018340E-4	1.283760E+4	0.000000E+0	0.000000E+0
6.495214E+3	1.018360E-4	1.283740E+4	0.000000E+0	0.000000E+0
6.499214E+3	1.018350E-4	1.283710E+4	0.000000E+0	0.000000E+0
6.503212E+3	1.018380E-4	1.283710E+4	0.000000E+0	0.000000E+0
6.507206E+3	1.018330E-4	1.283690E+4	0.000000E+0	0.000000E+0
6.511212E+3	1.018380E-4	1.283660E+4	0.000000E+0	0.000000E+0
6.515210E+3	1.018320E-4	1.283650E+4	0.000000E+0	0.000000E+0
6.519209E+3	1.018330E-4	1.283630E+4	0.000000E+0	0.000000E+0
6.523212E+3	1.018320E-4	1.283590E+4	0.000000E+0	0.000000E+0
6.527215E+3	1.018380E-4	1.283570E+4	0.000000E+0	0.000000E+0
6.531212E+3	1.018280E-4	1.283540E+4	0.000000E+0	0.000000E+0
6.535210E+3	1.018340E-4	1.283500E+4	0.000000E+0	0.000000E+0
6.539207E+3	1.018310E-4	1.283470E+4	0.000000E+0	0.000000E+0
6.543210E+3	1.018320E-4	1.283440E+4	0.000000E+0	0.000000E+0
6.547210E+3	1.018320E-4	1.283410E+4	0.000000E+0	0.000000E+0
6.551208E+3	1.018350E-4	1.283360E+4	0.000000E+0	0.000000E+0
6.555208E+3	1.018300E-4	1.283330E+4	0.000000E+0	0.000000E+0
6.559211E+3	1.018370E-4	1.283310E+4	0.000000E+0	0.000000E+0
6.563208E+3	1.018270E-4	1.283290E+4	0.000000E+0	0.000000E+0
6.567208E+3	1.018350E-4	1.283260E+4	0.000000E+0	0.000000E+0
6.571208E+3	1.018270E-4	1.283230E+4	0.000000E+0	0.000000E+0
6.575216E+3	1.018330E-4	1.283200E+4	0.000000E+0	0.000000E+0
6.579211E+3	1.018320E-4	1.283150E+4	0.000000E+0	0.000000E+0
6.583211E+3	1.018320E-4	1.283130E+4	0.000000E+0	0.000000E+0
6.587207E+3	1.018270E-4	1.283110E+4	0.000000E+0	0.000000E+0
6.591211E+3	1.018320E-4	1.283080E+4	0.000000E+0	0.000000E+0
6.595209E+3	1.018270E-4	1.283050E+4	0.000000E+0	0.000000E+0
6.599214E+3	1.018320E-4	1.283030E+4	0.000000E+0	0.000000E+0
6.603207E+3	1.018270E-4	1.283010E+4	0.000000E+0	0.000000E+0
6.607210E+3	1.018340E-4	1.282990E+4	0.000000E+0	0.000000E+0
6.611209E+3	1.018260E-4	1.282960E+4	0.000000E+0	0.000000E+0
6.615209E+3	1.018310E-4	1.282940E+4	0.000000E+0	0.000000E+0
6.619210E+3	1.018260E-4	1.282910E+4	0.000000E+0	0.000000E+0
6.623213E+3	1.018320E-4	1.282890E+4	0.000000E+0	0.000000E+0
6.627208E+3	1.018300E-4	1.282870E+4	0.000000E+0	0.000000E+0
6.631208E+3	1.018330E-4	1.282850E+4	0.000000E+0	0.000000E+0
6.635213E+3	1.018260E-4	1.282830E+4	0.000000E+0	0.000000E+0
6.639216E+3	1.018290E-4	1.282800E+4	0.000000E+0	0.000000E+0
6.643210E+3	1.018230E-4	1.282780E+4	0.000000E+0	0.000000E+0
6.647210E+3	1.018290E-4	1.282740E+4	0.000000E+0	0.000000E+0
6.651209E+3	1.018260E-4	1.282720E+4	0.000000E+0	0.000000E+0
6.655214E+3	1.018280E-4	1.282680E+4	0.000000E+0	0.000000E+0
6.659216E+3	1.018240E-4	1.282650E+4	0.000000E+0	0.000000E+0
6.663212E+3	1.018300E-4	1.282620E+4	0.000000E+0	0.000000E+0
6.667209E+3	1.018220E-4	1.282580E+4	0.000000E+0	0.000000E+0
6.671208E+3	1.018270E-4	1.282550E+4	0.000000E+0	0.000000E+0
6.675206E+3	1.018230E-4	1.282540E+4	0.000000E+0	0.000000E+0
6.679210E+3	1.018270E-4	1.282500E+4	0.000000E+0	0.000000E+0
6.683205E+3	1.018220E-4	1.282480E+4	0.000000E+0	0.000000E+0
6.687212E+3	1.018300E-4	1.282460E+4	0.000000E+0	0.000000E+0
6.691206E+3	1.018220E-4	1.282420E+4	0.000000E+0	0.000000E+0
6.695219E+3	1.018270E-4	1.282400E+4	0.000000E+0	0.000000E+0
6.699205E+3	1.018240E-4	1.282380E+4	0.000000E+0	0.000000E+0
6.703212E+3	1.018270E-4	1.282350E+4	0.000000E+0	0.000000E+0
6.707210E+3	1.018240E-4	1.282350E+4	0.000000E+0	0.000000E+0
6.711213E+3	1.018270E-4	1.282320E+4	0.000000E+0	0.000000E+0
6.715215E+3	1.018200E-4	1.282310E+4	0.000000E+0	0.000000E+0
6.719207E+3	1.018260E-4	1.282290E+4	0.000000E+0	0.000000E+0
6.723207E+3	1.018250E-4	1.282260E+4	0.000000E+0	0.000000E+0
6.727208E+3	1.018250E-4	1.282240E+4	0.000000E+0	0.000000E+0
6.731211E+3	1.018220E-4	1.282210E+4	0.000000E+0	0.000000E+0
6.735213E+3	1.018250E-4	1.282180E+4	0.000000E+0	0.000000E+0
6.739206E+3	1.018230E-4	1.282170E+4	0.000000E+0	0.000000E+0
6.743208E+3	1.018280E-4	1.282130E+4	0.000000E+0	0.000000E+0
6.747209E+3	1.018200E-4	1.282110E+4	0.000000E+0	0.000000E+0
6.751212E+3	1.018240E-4	1.282090E+4	0.000000E+0	0.000000E+0
6.755214E+3	1.018170E-4	1.282050E+4	0.000000E+0	0.000000E+0
6.759212E+3	1.018250E-4	1.282010E+4	0.000000E+0	0.000000E+0
6.763209E+3	1.018190E-4	1.281970E+4	0.000000E+0	0.000000E+0
6.767211E+3	1.018270E-4	1.281950E+4	0.000000E+0	0.000000E+0
6.771211E+3	1.018180E-4	1.281920E+4	0.000000E+0	0.000000E+0
6.775209E+3	1.018270E-4	1.281910E+4	0.000000E+0	0.000000E+0
6.779207E+3	1.018170E-4	1.281880E+4	0.000000E+0	0.000000E+0
6.783210E+3	1.018240E-4	1.281850E+4	0.000000E+0	0.000000E+0
6.787212E+3	1.018180E-4	1.281820E+4	0.000000E+0	0.000000E+0
6.791210E+3	1.018240E-4	1.281810E+4	0.000000E+0	0.000000E+0
6.795209E+3	1.018180E-4	1.281800E+4	0.000000E+0	0.000000E+0
6.799207E+3	1.018210E-4	1.281770E+4	0.000000E+0	0.000000E+0
6.803208E+3	1.018180E-4	1.281760E+4	0.000000E+0	0.000000E+0
6.807213E+3	1.018230E-4	1.281740E+4	0.000000E+0	0.000000E+0
6.811208E+3	1.018180E-4	1.281720E+4	0.000000E+0	0.000000E+0
6.815210E+3	1.018180E-4	1.281700E+4	0.000000E+0	0.000000E+0
6.819211E+3	1.018160E-4	1.281690E+4	0.000000E+0	0.000000E+0
6.823212E+3	1.018180E-4	1.281670E+4	0.000000E+0	0.000000E+0
6.827206E+3	1.018180E-4	1.281640E+4	0.000000E+0	0.000000E+0
6.831206E+3	1.018220E-4	1.281620E+4	0.000000E+0	0.000000E+0
6.835205E+3	1.018170E-4	1.281570E+4	0.000000E+0	0.000000E+0
6.839211E+3	1.018200E-4	1.281540E+4	0.000000E+0	0.000000E+0
6.843208E+3	1.018150E-4	1.281510E+4	0.000000E+0	0.000000E+0
6.847208E+3	1.018170E-4	1.281500E+4	0.000000E+0	0.000000E+0
6.851209E+3	1.018150E-4	1.281480E+4	0.000000E+0	0.000000E+0
6.855210E+3	1.018190E-4	1.281450E+4	0.000000E+0	0.000000E+0
6.859207E+3	1.018150E-4	1.281430E+4	0.000000E+0	0.000000E+0
6.863207E+3	1.018200E-4	1.281400E+4	0.000000E+0	0.000000E+0
6.867203E+3	1.018110E-4	1.281370E+4	0.000000E+0	0.000000E+0
6.871218E+3	1.018180E-4	1.281350E+4	0.000000E+0	0.000000E+0
6.875212E+3	1.018150E-4	1.281330E+4	0.000000E+0	0.000000E+0
6.879210E+3	1.018170E-4	1.281290E+4	0.000000E+0	0.000000E+0
6.883210E+3	1.018130E-4	1.281260E+4	0.000000E+0	0.000000E+0
6.887212E+3	1.018190E-4	1.281240E+4	0.000000E+0	0.000000E+0
6.891207E+3	1.018090E-4	1.281220E+4	0.000000E+0	0.000000E+0
6.895213E+3	1.018180E-4	1.281190E+4	0.000000E+0	0.000000E+0
6.899213E+3	1.018120E-4	1.281180E+4	0.000000E+0	0.000000E+0
6.903213E+3	1.018160E-4	1.281160E+4	0.000000E+0	0.000000E+0
6.907208E+3	1.018120E-4	1.281150E+4	0.000000E+0	0.000000E+0
6.911211E+3	1.018170E-4	1.281130E+4	0.000000E+0	0.000000E+0
6.915216E+3	1.018130E-4	1.281120E+4	0.000000E+0	0.000000E+0
6.919216E+3	1.018190E-4	1.281100E+4	0.000000E+0	0.000000E+0
6.923214E+3	1.018130E-4	1.281070E+4	0.000000E+0	0.000000E+0
6.927211E+3	1.018160E-4	1.281040E+4	0.000000E+0	0.000000E+0
6.931209E+3	1.018140E-4	1.281010E+4	0.000000E+0	0.000000E+0
6.935212E+3	1.018160E-4	1.280980E+4	0.000000E+0	0.000000E+0
6.939211E+3	1.018090E-4	1.280960E+4	0.000000E+0	0.000000E+0
6.943211E+3	1.018130E-4	1.280940E+4	0.000000E+0	0.000000E+0
6.947211E+3	1.018090E-4	1.280910E+4	0.000000E+0	0.000000E+0
6.951212E+3	1.018140E-4	1.280890E+4	0.000000E+0	0.000000E+0
6.955210E+3	1.018110E-4	1.280860E+4	0.000000E+0	0.000000E+0
6.959209E+3	1.018110E-4	1.280830E+4	0.000000E+0	0.000000E+0
6.963210E+3	1.018100E-4	1.280810E+4	0.000000E+0	0.000000E+0
6.967210E+3	1.018140E-4	1.280780E+4	0.000000E+0	0.000000E+0
6.971209E+3	1.018100E-4	1.280760E+4	0.000000E+0	0.000000E+0
6.975208E+3	1.018130E-4	1.280740E+4	0.000000E+0	0.000000E+0
6.979208E+3	1.018090E-4	1.280700E+4	0.000000E+0	0.000000E+0
6.983213E+3	1.018120E-4	1.280670E+4	0.000000E+0	0.000000E+0
6.987211E+3	1.018050E-4	1.280650E+4	0.000000E+0	0.000000E+0
6.991208E+3	1.018130E-4	1.280610E+4	0.000000E+0	0.000000E+0
6.995210E+3	1.018070E-4	1.280590E+4	0.000000E+0	0.000000E+0
6.999213E+3	1.018090E-4	1.280540E+4	0.000000E+0	0.000000E+0
7.003211E+3	1.018030E-4	1.280520E+4	0.000000E+0	0.000000E+0
7.007211E+3	1.018090E-4	1.280480E+4	0.000000E+0	0.000000E+0
7.011213E+3	1.018040E-4	1.280460E+4	0.000000E+0	0.000000E+0
7.015212E+3	1.018080E-4	1.280440E+4	0.000000E+0	0.000000E+0
7.019211E+3	1.018060E-4	1.280410E+4	0.000000E+0	0.000000E+0
7.023209E+3	1.018100E-4	1.280390E+4	0.000000E+0	0.000000E+0
7.027215E+3	1.018050E-4	1.280370E+4	0.000000E+0	0.000000E+0
7.031212E+3	1.018070E-4	1.280340E+4	0.000000E+0	0.000000E+0
7.035211E+3	1.018050E-4	1.280290E+4	0.000000E+0	0.000000E+0
7.039209E+3	1.018080E-4	1.280260E+4	0.000000E+0	0.000000E+0
7.043211E+3	1.018050E-4	1.280250E+4	0.000000E+0	0.000000E+0
7.047212E+3	1.018130E-4	1.280230E+4	0.000000E+0	0.000000E+0
7.051210E+3	1.018060E-4	1.280210E+4	0.000000E+0	0.000000E+0
7.055209E+3	1.018140E-4	1.280170E+4	0.000000E+0	0.000000E+0
7.059216E+3	1.018090E-4	1.280140E+4	0.000000E+0	0.000000E+0
7.063215E+3	1.018130E-4	1.280130E+4	0.000000E+0	0.000000E+0
7.067213E+3	1.018070E-4	1.280110E+4	0.000000E+0	0.000000E+0
7.071212E+3	1.018080E-4	1.280090E+4	0.000000E+0	0.000000E+0
7.075210E+3	1.018050E-4	1.280070E+4	0.000000E+0	0.000000E+0
7.079211E+3	1.018090E-4	1.280050E+4	0.000000E+0	0.000000E+0
7.083214E+3	1.018070E-4	1.280040E+4	0.000000E+0	0.000000E+0
7.087211E+3	1.018080E-4	1.280030E+4	0.000000E+0	0.000000E+0
7.091208E+3	1.018040E-4	1.280010E+4	0.000000E+0	0.000000E+0
7.095211E+3	1.018090E-4	1.280010E+4	0.000000E+0	0.000000E+0
7.099213E+3	1.018040E-4	1.280000E+4	0.000000E+0	0.000000E+0
7.103213E+3	1.018070E-4	1.279980E+4	0.000000E+0	0.000000E+0
7.107211E+3	1.018030E-4	1.279960E+4	0.000000E+0	0.000000E+0
7.111211E+3	1.018040E-4	1.279930E+4	0.000000E+0	0.000000E+0
7.115212E+3	1.018040E-4	1.279910E+4	0.000000E+0	0.000000E+0
7.119214E+3	1.018060E-4	1.279900E+4	0.000000E+0	0.000000E+0
7.123211E+3	1.018040E-4	1.279860E+4	0.000000E+0	0.000000E+0
7.127209E+3	1.018070E-4	1.279850E+4	0.000000E+0	0.000000E+0
7.131212E+3	1.018000E-4	1.279830E+4	0.000000E+0	0.000000E+0
7.135213E+3	1.018040E-4	1.279810E+4	0.000000E+0	0.000000E+0
7.139210E+3	1.017980E-4	1.279790E+4	0.000000E+0	0.000000E+0
7.143210E+3	1.018030E-4	1.279780E+4	0.000000E+0	0.000000E+0
7.147207E+3	1.017980E-4	1.279760E+4	0.000000E+0	0.000000E+0
7.151209E+3	1.018050E-4	1.279750E+4	0.000000E+0	0.000000E+0
7.155213E+3	1.018000E-4	1.279730E+4	0.000000E+0	0.000000E+0
7.159212E+3	1.018040E-4	1.279710E+4	0.000000E+0	0.000000E+0
7.163208E+3	1.018000E-4	1.279690E+4	0.000000E+0	0.000000E+0
7.167210E+3	1.018040E-4	1.279670E+4	0.000000E+0	0.000000E+0
7.171208E+3	1.017980E-4	1.279650E+4	0.000000E+0	0.000000E+0
7.175208E+3	1.018010E-4	1.279630E+4	0.000000E+0	0.000000E+0
7.179208E+3	1.017960E-4	1.279600E+4	0.000000E+0	0.000000E+0
7.183211E+3	1.018020E-4	1.279580E+4	0.000000E+0	0.000000E+0
7.187213E+3	1.018000E-4	1.279560E+4	0.000000E+0	0.000000E+0
7.191213E+3	1.018010E-4	1.279520E+4	0.000000E+0	0.000000E+0
7.195212E+3	1.017970E-4	1.279480E+4	0.000000E+0	0.000000E+0
7.199211E+3	1.018050E-4	1.279440E+4	0.000000E+0	0.000000E+0
7.203208E+3	1.017950E-4	1.279410E+4	0.000000E+0	0.000000E+0
7.207209E+3	1.018080E-4	1.279360E+4	0.000000E+0	0.000000E+0
7.211209E+3	1.017980E-4	1.279330E+4	0.000000E+0	0.000000E+0
7.215209E+3	1.018050E-4	1.279310E+4	0.000000E+0	0.000000E+0
7.219210E+3	1.018010E-4	1.279280E+4	0.000000E+0	0.000000E+0
7.223212E+3	1.018010E-4	1.279250E+4	0.000000E+0	0.000000E+0
7.227212E+3	1.018010E-4	1.279240E+4	0.000000E+0	0.000000E+0
7.231212E+3	1.018040E-4	1.279210E+4	0.000000E+0	0.000000E+0
7.235210E+3	1.017980E-4	1.279190E+4	0.000000E+0	0.000000E+0
7.239210E+3	1.018060E-4	1.279180E+4	0.000000E+0	0.000000E+0
7.243207E+3	1.017950E-4	1.279180E+4	0.000000E+0	0.000000E+0
7.247212E+3	1.018050E-4	1.279170E+4	0.000000E+0	0.000000E+0
7.251211E+3	1.017940E-4	1.279160E+4	0.000000E+0	0.000000E+0
7.255211E+3	1.018030E-4	1.279140E+4	0.000000E+0	0.000000E+0
7.259210E+3	1.017950E-4	1.279120E+4	0.000000E+0	0.000000E+0
7.263213E+3	1.018030E-4	1.279110E+4	0.000000E+0	0.000000E+0
7.267210E+3	1.017950E-4	1.279090E+4	0.000000E+0	0.000000E+0
7.271208E+3	1.018030E-4	1.279080E+4	0.000000E+0	0.000000E+0
7.275208E+3	1.017940E-4	1.279050E+4	0.000000E+0	0.000000E+0
7.279212E+3	1.018030E-4	1.279030E+4	0.000000E+0	0.000000E+0
7.283212E+3	1.017930E-4	1.279000E+4	0.000000E+0	0.000000E+0
7.287211E+3	1.018050E-4	1.278990E+4	0.000000E+0	0.000000E+0
7.291207E+3	1.017930E-4	1.278950E+4	0.000000E+0	0.000000E+0
7.295211E+3	1.017980E-4	1.278930E+4	0.000000E+0	0.000000E+0
7.299205E+3	1.017940E-4	1.278880E+4	0.000000E+0	0.000000E+0
7.303210E+3	1.018010E-4	1.278860E+4	0.000000E+0	0.000000E+0
7.307207E+3	1.017980E-4	1.278830E+4	0.000000E+0	0.000000E+0
7.311212E+3	1.018010E-4	1.278820E+4	0.000000E+0	0.000000E+0
7.315210E+3	1.017960E-4	1.278790E+4	0.000000E+0	0.000000E+0
7.319209E+3	1.018020E-4	1.278770E+4	0.000000E+0	0.000000E+0
7.323212E+3	1.017970E-4	1.278740E+4	0.000000E+0	0.000000E+0
7.327213E+3	1.017980E-4	1.278730E+4	0.000000E+0	0.000000E+0
7.331212E+3	1.017940E-4	1.278690E+4	0.000000E+0	0.000000E+0
7.335211E+3	1.018000E-4	1.278680E+4	0.000000E+0	0.000000E+0
7.339211E+3	1.017920E-4	1.278640E+4	0.000000E+0	0.000000E+0
7.343211E+3	1.018010E-4	1.278610E+4	0.000000E+0	0.000000E+0
7.347210E+3	1.017910E-4	1.278580E+4	0.000000E+0	0.000000E+0
7.351213E+3	1.017990E-4	1.278550E+4	0.000000E+0	0.000000E+0
7.355211E+3	1.017920E-4	1.278520E+4	0.000000E+0	0.000000E+0
7.359211E+3	1.017980E-4	1.278490E+4	0.000000E+0	0.000000E+0
7.363211E+3	1.017920E-4	1.278470E+4	0.000000E+0	0.000000E+0
7.367211E+3	1.017960E-4	1.278450E+4	0.000000E+0	0.000000E+0
7.371206E+3	1.017930E-4	1.278430E+4	0.000000E+0	0.000000E+0
7.375214E+3	1.017980E-4	1.278410E+4	0.000000E+0	0.000000E+0
7.379216E+3	1.017930E-4	1.278380E+4	0.000000E+0	0.000000E+0
7.383214E+3	1.017990E-4	1.278370E+4	0.000000E+0	0.000000E+0
7.387211E+3	1.017900E-4	1.278350E+4	0.000000E+0	0.000000E+0
7.391212E+3	1.017960E-4	1.278340E+4	0.000000E+0	0.000000E+0
7.395212E+3	1.017900E-4	1.278330E+4	0.000000E+0	0.000000E+0
7.399210E+3	1.017950E-4	1.278320E+4	0.000000E+0	0.000000E+0
7.403210E+3	1.017910E-4	1.278300E+4	0.000000E+0	0.000000E+0
7.407210E+3	1.017940E-4	1.278300E+4	0.000000E+0	0.000000E+0
7.411212E+3	1.017920E-4	1.278290E+4	0.000000E+0	0.000000E+0
7.415212E+3	1.017940E-4	1.278280E+4	0.000000E+0	0.000000E+0
7.419212E+3	1.017890E-4	1.278260E+4	0.000000E+0	0.000000E+0
7.423212E+3	1.017960E-4	1.278250E+4	0.000000E+0	0.000000E+0
7.427215E+3	1.017880E-4	1.278240E+4	0.000000E+0	0.000000E+0
7.431213E+3	1.017950E-4	1.278230E+4	0.000000E+0	0.000000E+0
7.435210E+3	1.017870E-4	1.278210E+4	0.000000E+0	0.000000E+0
7.439213E+3	1.017910E-4	1.278180E+4	0.000000E+0	0.000000E+0
7.443214E+3	1.017870E-4	1.278170E+4	0.000000E+0	0.000000E+0
7.447211E+3	1.017920E-4	1.278140E+4	0.000000E+0	0.000000E+0
7.451214E+3	1.017880E-4	1.278120E+4	0.000000E+0	0.000000E+0
7.455209E+3	1.017910E-4	1.278090E+4	0.000000E+0	0.000000E+0
7.459213E+3	1.017860E-4	1.278070E+4	0.000000E+0	0.000000E+0
7.463216E+3	1.017930E-4	1.278030E+4	0.000000E+0	0.000000E+0
7.467208E+3	1.017900E-4	1.278010E+4	0.000000E+0	0.000000E+0
7.471209E+3	1.017940E-4	1.277990E+4	0.000000E+0	0.000000E+0
7.475209E+3	1.017900E-4	1.277960E+4	0.000000E+0	0.000000E+0
7.479216E+3	1.017930E-4	1.277930E+4	0.000000E+0	0.000000E+0
7.483212E+3	1.017860E-4	1.277900E+4	0.000000E+0	0.000000E+0
7.487210E+3	1.017910E-4	1.277870E+4	0.000000E+0	0.000000E+0
7.491212E+3	1.017870E-4	1.277840E+4	0.000000E+0	0.000000E+0
7.495213E+3	1.017890E-4	1.277810E+4	0.000000E+0	0.000000E+0
7.499210E+3	1.017860E-4	1.277780E+4	0.000000E+0	0.000000E+0
7.503212E+3	1.017920E-4	1.277750E+4	0.000000E+0	0.000000E+0
7.507212E+3	1.017860E-4	1.277730E+4	0.000000E+0	0.000000E+0
7.511215E+3	1.017920E-4	1.277690E+4	0.000000E+0	0.000000E+0
7.515213E+3	1.017850E-4	1.277670E+4	0.000000E+0	0.000000E+0
7.519211E+3	1.017920E-4	1.277650E+4	0.000000E+0	0.000000E+0
7.523213E+3	1.017840E-4	1.277620E+4	0.000000E+0	0.000000E+0
7.527212E+3	1.017870E-4	1.277580E+4	0.000000E+0	0.000000E+0
7.531205E+3	1.017840E-4	1.277560E+4	0.000000E+0	0.000000E+0
7.535213E+3	1.017890E-4	1.277520E+4	0.000000E+0	0.000000E+0
7.539211E+3	1.017840E-4	1.277500E+4	0.000000E+0	0.000000E+0
7.543211E+3	1.017880E-4	1.277470E+4	0.000000E+0	0.000000E+0
7.547213E+3	1.017830E-4	1.277440E+4	0.000000E+0	0.000000E+0
7.551212E+3	1.017840E-4	1.277410E+4	0.000000E+0	0.000000E+0
7.555206E+3	1.017830E-4	1.277370E+4	0.000000E+0	0.000000E+0
7.559212E+3	1.017870E-4	1.277350E+4	0.000000E+0	0.000000E+0
7.563212E+3	1.017830E-4	1.277330E+4	0.000000E+0	0.000000E+0
7.567211E+3	1.017850E-4	1.277300E+4	0.000000E+0	0.000000E+0
7.571209E+3	1.017810E-4	1.277300E+4	0.000000E+0	0.000000E+0
7.575212E+3	1.017860E-4	1.277270E+4	0.000000E+0	0.000000E+0
7.579210E+3	1.017800E-4	1.277260E+4	0.000000E+0	0.000000E+0
7.583210E+3	1.017850E-4	1.277240E+4	0.000000E+0	0.000000E+0
7.587213E+3	1.017820E-4	1.277230E+4	0.000000E+0	0.000000E+0
7.591215E+3	1.017860E-4	1.277200E+4	0.000000E+0	0.000000E+0
7.595215E+3	1.017810E-4	1.277200E+4	0.000000E+0	0.000000E+0
7.599213E+3	1.017870E-4	1.277170E+4	0.000000E+0	0.000000E+0
7.603210E+3	1.017800E-4	1.277150E+4	0.000000E+0	0.000000E+0
7.607207E+3	1.017850E-4	1.277130E+4	0.000000E+0	0.000000E+0
7.611213E+3	1.017800E-4	1.277100E+4	0.000000E+0	0.000000E+0
7.615213E+3	1.017840E-4	1.277080E+4	0.000000E+0	0.000000E+0
7.619210E+3	1.017820E-4	1.277060E+4	0.000000E+0	0.000000E+0
7.623211E+3	1.017790E-4	1.277030E+4	0.000000E+0	0.000000E+0
7.627213E+3	1.017750E-4	1.277000E+4	0.000000E+0	0.000000E+0
7.631213E+3	1.017830E-4	1.276990E+4	0.000000E+0	0.000000E+0
7.635209E+3	1.017760E-4	1.276960E+4	0.000000E+0	0.000000E+0
7.639211E+3	1.017780E-4	1.276930E+4	0.000000E+0	0.000000E+0
7.643211E+3	1.017760E-4	1.276910E+4	0.000000E+0	0.000000E+0
7.647212E+3	1.017790E-4	1.276880E+4	0.000000E+0	0.000000E+0
7.651212E+3	1.017760E-4	1.276860E+4	0.000000E+0	0.000000E+0
7.655214E+3	1.017810E-4	1.276820E+4	0.000000E+0	0.000000E+0
7.659215E+3	1.017750E-4	1.276800E+4	0.000000E+0	0.000000E+0
7.663212E+3	1.017780E-4	1.276770E+4	0.000000E+0	0.000000E+0
7.667214E+3	1.017740E-4	1.276760E+4	0.000000E+0	0.000000E+0
7.671211E+3	1.017780E-4	1.276730E+4	0.000000E+0	0.000000E+0
7.675213E+3	1.017700E-4	1.276710E+4	0.000000E+0	0.000000E+0
7.679212E+3	1.017790E-4	1.276700E+4	0.000000E+0	0.000000E+0
7.683216E+3	1.017760E-4	1.276690E+4	0.000000E+0	0.000000E+0
7.687212E+3	1.017760E-4	1.276680E+4	0.000000E+0	0.000000E+0
7.691210E+3	1.017740E-4	1.276650E+4	0.000000E+0	0.000000E+0
7.695211E+3	1.017760E-4	1.276650E+4	0.000000E+0	0.000000E+0
7.699208E+3	1.017730E-4	1.276630E+4	0.000000E+0	0.000000E+0
7.703216E+3	1.017730E-4	1.276610E+4	0.000000E+0	0.000000E+0
7.707210E+3	1.017750E-4	1.276590E+4	0.000000E+0	0.000000E+0
7.711213E+3	1.017750E-4	1.276570E+4	0.000000E+0	0.000000E+0
7.715216E+3	1.017750E-4	1.276530E+4	0.000000E+0	0.000000E+0
7.719216E+3	1.017750E-4	1.276520E+4	0.000000E+0	0.000000E+0
7.723214E+3	1.017700E-4	1.276480E+4	0.000000E+0	0.000000E+0
7.727212E+3	1.017770E-4	1.276470E+4	0.000000E+0	0.000000E+0
7.731212E+3	1.017710E-4	1.276440E+4	0.000000E+0	0.000000E+0
7.735211E+3	1.017760E-4	1.276410E+4	0.000000E+0	0.000000E+0
7.739212E+3	1.017710E-4	1.276400E+4	0.000000E+0	0.000000E+0
7.743211E+3	1.017750E-4	1.276380E+4	0.000000E+0	0.000000E+0
7.747212E+3	1.017710E-4	1.276370E+4	0.000000E+0	0.000000E+0
7.751210E+3	1.017760E-4	1.276350E+4	0.000000E+0	0.000000E+0
7.755212E+3	1.017740E-4	1.276330E+4	0.000000E+0	0.000000E+0
7.759214E+3	1.017740E-4	1.276310E+4	0.000000E+0	0.000000E+0
7.763212E+3	1.017710E-4	1.276290E+4	0.000000E+0	0.000000E+0
7.767213E+3	1.017740E-4	1.276260E+4	0.000000E+0	0.000000E+0
7.771212E+3	1.017700E-4	1.276220E+4	0.000000E+0	0.000000E+0
7.775213E+3	1.017740E-4	1.276200E+4	0.000000E+0	0.000000E+0
7.779212E+3	1.017670E-4	1.276170E+4	0.000000E+0	0.000000E+0
7.783213E+3	1.017730E-4	1.276150E+4	0.000000E+0	0.000000E+0
7.787214E+3	1.017660E-4	1.276120E+4	0.000000E+0	0.000000E+0
7.791207E+3	1.017700E-4	1.276110E+4	0.000000E+0	0.000000E+0
7.795205E+3	1.017650E-4	1.276080E+4	0.000000E+0	0.000000E+0
7.799213E+3	1.017710E-4	1.276060E+4	0.000000E+0	0.000000E+0
7.803215E+3	1.017730E-4	1.276040E+4	0.000000E+0	0.000000E+0
7.807213E+3	1.017710E-4	1.276030E+4	0.000000E+0	0.000000E+0
7.811211E+3	1.017660E-4	1.275990E+4	0.000000E+0	0.000000E+0
7.815214E+3	1.017700E-4	1.275990E+4	0.000000E+0	0.000000E+0
7.819214E+3	1.017670E-4	1.275980E+4	0.000000E+0	0.000000E+0
7.823211E+3	1.017700E-4	1.275960E+4	0.000000E+0	0.000000E+0
7.827214E+3	1.017610E-4	1.275940E+4	0.000000E+0	0.000000E+0
7.831212E+3	1.017700E-4	1.275930E+4	0.000000E+0	0.000000E+0
7.835214E+3	1.017650E-4	1.275910E+4	0.000000E+0	0.000000E+0
7.839212E+3	1.017680E-4	1.275890E+4	0.000000E+0	0.000000E+0
7.843209E+3	1.017620E-4	1.275880E+4	0.000000E+0	0.000000E+0
7.847210E+3	1.017700E-4	1.275870E+4	0.000000E+0	0.000000E+0
7.851213E+3	1.017640E-4	1.275850E+4	0.000000E+0	0.000000E+0
7.855213E+3	1.017660E-4	1.275830E+4	0.000000E+0	0.000000E+0
7.859215E+3	1.017620E-4	1.275810E+4	0.000000E+0	0.000000E+0
7.863213E+3	1.017700E-4	1.275780E+4	0.000000E+0	0.000000E+0
7.867210E+3	1.017630E-4	1.275770E+4	0.000000E+0	0.000000E+0
7.871213E+3	1.017710E-4	1.275740E+4	0.000000E+0	0.000000E+0
7.875213E+3	1.017640E-4	1.275720E+4	0.000000E+0	0.000000E+0
7.879211E+3	1.017680E-4	1.275700E+4	0.000000E+0	0.000000E+0
7.883211E+3	1.017670E-4	1.275670E+4	0.000000E+0	0.000000E+0
7.887211E+3	1.017710E-4	1.275650E+4	0.000000E+0	0.000000E+0
7.891216E+3	1.017660E-4	1.275620E+4	0.000000E+0	0.000000E+0
7.895211E+3	1.017700E-4	1.275610E+4	0.000000E+0	0.000000E+0
7.899213E+3	1.017640E-4	1.275580E+4	0.000000E+0	0.000000E+0
7.903209E+3	1.017680E-4	1.275560E+4	0.000000E+0	0.000000E+0
7.907211E+3	1.017610E-4	1.275540E+4	0.000000E+0	0.000000E+0
7.911211E+3	1.017660E-4	1.275510E+4	0.000000E+0	0.000000E+0
7.915211E+3	1.017640E-4	1.275490E+4	0.000000E+0	0.000000E+0
7.919214E+3	1.017640E-4	1.275470E+4	0.000000E+0	0.000000E+0
7.923215E+3	1.017620E-4	1.275450E+4	0.000000E+0	0.000000E+0
7.927212E+3	1.017640E-4	1.275440E+4	0.000000E+0	0.000000E+0
7.931210E+3	1.017640E-4	1.275380E+4	0.000000E+0	0.000000E+0
7.935210E+3	1.017650E-4	1.275360E+4	0.000000E+0	0.000000E+0
7.939214E+3	1.017640E-4	1.275340E+4	0.000000E+0	0.000000E+0
7.943209E+3	1.017640E-4	1.275310E+4	0.000000E+0	0.000000E+0
7.947212E+3	1.017590E-4	1.275300E+4	0.000000E+0	0.000000E+0
7.951210E+3	1.017640E-4	1.275290E+4	0.000000E+0	0.000000E+0
7.955218E+3	1.017590E-4	1.275270E+4	0.000000E+0	0.000000E+0
7.959216E+3	1.017630E-4	1.275260E+4	0.000000E+0	0.000000E+0
7.963215E+3	1.017600E-4	1.275250E+4	0.000000E+0	0.000000E+0
7.967211E+3	1.017650E-4	1.275230E+4	0.000000E+0	0.000000E+0
7.971215E+3	1.017580E-4	1.275220E+4	0.000000E+0	0.000000E+0
7.975213E+3	1.017630E-4	1.275200E+4	0.000000E+0	0.000000E+0
7.979214E+3	1.017580E-4	1.275190E+4	0.000000E+0	0.000000E+0
7.983209E+3	1.017610E-4	1.275160E+4	0.000000E+0	0.000000E+0
7.987215E+3	1.017580E-4	1.275150E+4	0.000000E+0	0.000000E+0
7.991214E+3	1.017640E-4	1.275110E+4	0.000000E+0	0.000000E+0
7.995212E+3	1.017580E-4	1.275080E+4	0.000000E+0	0.000000E+0
7.999211E+3	1.017610E-4	1.275060E+4	0.000000E+0	0.000000E+0
8.003216E+3	1.017550E-4	1.275040E+4	0.000000E+0	0.000000E+0
8.007211E+3	1.017580E-4	1.275010E+4	0.000000E+0	0.000000E+0
8.011212E+3	1.017560E-4	1.274990E+4	0.000000E+0	0.000000E+0
8.015211E+3	1.017600E-4	1.274980E+4	0.000000E+0	0.000000E+0
8.019218E+3	1.017570E-4	1.274960E+4	0.000000E+0	0.000000E+0
8.023209E+3	1.017600E-4	1.274940E+4	0.000000E+0	0.000000E+0
8.027215E+3	1.017560E-4	1.274920E+4	0.000000E+0	0.000000E+0
8.031212E+3	1.017620E-4	1.274890E+4	0.000000E+0	0.000000E+0
8.035214E+3	1.017560E-4	1.274860E+4	0.000000E+0	0.000000E+0
8.039212E+3	1.017580E-4	1.274830E+4	0.000000E+0	0.000000E+0
8.043212E+3	1.017570E-4	1.274800E+4	0.000000E+0	0.000000E+0
8.047210E+3	1.017630E-4	1.274790E+4	0.000000E+0	0.000000E+0
8.051216E+3	1.017580E-4	1.274770E+4	0.000000E+0	0.000000E+0
8.055210E+3	1.017630E-4	1.274740E+4	0.000000E+0	0.000000E+0
8.059213E+3	1.017590E-4	1.274730E+4	0.000000E+0	0.000000E+0
8.063210E+3	1.017640E-4	1.274700E+4	0.000000E+0	0.000000E+0
8.067213E+3	1.017590E-4	1.274680E+4	0.000000E+0	0.000000E+0
8.071210E+3	1.017610E-4	1.274670E+4	0.000000E+0	0.000000E+0
8.075209E+3	1.017560E-4	1.274660E+4	0.000000E+0	0.000000E+0
8.079208E+3	1.017600E-4	1.274640E+4	0.000000E+0	0.000000E+0
8.083218E+3	1.017530E-4	1.274610E+4	0.000000E+0	0.000000E+0
8.087255E+3	1.017600E-4	1.274600E+4	0.000000E+0	0.000000E+0
8.091189E+3	1.017600E-4	1.274570E+4	0.000000E+0	0.000000E+0
8.095227E+3	1.017560E-4	1.274550E+4	0.000000E+0	0.000000E+0
8.099211E+3	1.017570E-4	1.274540E+4	0.000000E+0	0.000000E+0
8.103211E+3	1.017560E-4	1.274510E+4	0.000000E+0	0.000000E+0
8.107209E+3	1.017590E-4	1.274480E+4	0.000000E+0	0.000000E+0
8.111212E+3	1.017550E-4	1.274460E+4	0.000000E+0	0.000000E+0
8.115209E+3	1.017610E-4	1.274430E+4	0.000000E+0	0.000000E+0
8.119213E+3	1.017530E-4	1.274410E+4	0.000000E+0	0.000000E+0
8.123209E+3	1.017600E-4	1.274380E+4	0.000000E+0	0.000000E+0
8.127220E+3	1.017500E-4	1.274360E+4	0.000000E+0	0.000000E+0
8.131188E+3	1.017540E-4	1.274350E+4	0.000000E+0	0.000000E+0
8.135221E+3	1.017590E-4	1.274310E+4	0.000000E+0	0.000000E+0
8.139213E+3	1.017530E-4	1.274290E+4	0.000000E+0	0.000000E+0
8.143209E+3	1.017580E-4	1.274260E+4	0.000000E+0	0.000000E+0
8.147213E+3	1.017500E-4	1.274230E+4	0.000000E+0	0.000000E+0
8.151211E+3	1.017600E-4	1.274210E+4	0.000000E+0	0.000000E+0
8.155216E+3	1.017500E-4	1.274180E+4	0.000000E+0	0.000000E+0
8.159212E+3	1.017560E-4	1.274170E+4	0.000000E+0	0.000000E+0
8.163216E+3	1.017510E-4	1.274140E+4	0.000000E+0	0.000000E+0
8.167213E+3	1.017530E-4	1.274120E+4	0.000000E+0	0.000000E+0
8.171213E+3	1.017470E-4	1.274100E+4	0.000000E+0	0.000000E+0
8.175213E+3	1.017540E-4	1.274070E+4	0.000000E+0	0.000000E+0
8.179216E+3	1.017500E-4	1.274040E+4	0.000000E+0	0.000000E+0
8.183214E+3	1.017560E-4	1.274020E+4	0.000000E+0	0.000000E+0
8.187207E+3	1.017520E-4	1.274000E+4	0.000000E+0	0.000000E+0
8.191211E+3	1.017540E-4	1.273980E+4	0.000000E+0	0.000000E+0
8.195211E+3	1.017500E-4	1.273960E+4	0.000000E+0	0.000000E+0
8.199211E+3	1.017540E-4	1.273940E+4	0.000000E+0	0.000000E+0
8.203212E+3	1.017500E-4	1.273900E+4	0.000000E+0	0.000000E+0
8.207212E+3	1.017530E-4	1.273880E+4	0.000000E+0	0.000000E+0
8.211213E+3	1.017510E-4	1.273870E+4	0.000000E+0	0.000000E+0
8.215214E+3	1.017560E-4	1.273830E+4	0.000000E+0	0.000000E+0
8.219208E+3	1.017470E-4	1.273810E+4	0.000000E+0	0.000000E+0
8.223212E+3	1.017510E-4	1.273780E+4	0.000000E+0	0.000000E+0
8.227213E+3	1.017480E-4	1.273760E+4	0.000000E+0	0.000000E+0
8.231220E+3	1.017500E-4	1.273740E+4	0.000000E+0	0.000000E+0
8.235210E+3	1.017470E-4	1.273710E+4	0.000000E+0	0.000000E+0
8.239207E+3	1.017500E-4	1.273700E+4	0.000000E+0	0.000000E+0
8.243214E+3	1.017480E-4	1.273660E+4	0.000000E+0	0.000000E+0
8.247211E+3	1.017520E-4	1.273650E+4	0.000000E+0	0.000000E+0
8.251214E+3	1.017470E-4	1.273620E+4	0.000000E+0	0.000000E+0
8.255211E+3	1.017520E-4	1.273620E+4	0.000000E+0	0.000000E+0
8.259213E+3	1.017430E-4	1.273600E+4	0.000000E+0	0.000000E+0
8.263211E+3	1.017500E-4	1.273580E+4	0.000000E+0	0.000000E+0
8.267212E+3	1.017450E-4	1.273570E+4	0.000000E+0	0.000000E+0
8.271212E+3	1.017500E-4	1.273550E+4	0.000000E+0	0.000000E+0
8.275214E+3	1.017430E-4	1.273530E+4	0.000000E+0	0.000000E+0
8.279214E+3	1.017510E-4	1.273530E+4	0.000000E+0	0.000000E+0
8.283215E+3	1.017420E-4	1.273550E+4	0.000000E+0	0.000000E+0
8.287212E+3	1.017520E-4	1.273540E+4	0.000000E+0	0.000000E+0
8.291210E+3	1.017450E-4	1.273530E+4	0.000000E+0	0.000000E+0
8.295207E+3	1.017500E-4	1.273520E+4	0.000000E+0	0.000000E+0
8.299211E+3	1.017450E-4	1.273520E+4	0.000000E+0	0.000000E+0
8.303213E+3	1.017480E-4	1.273490E+4	0.000000E+0	0.000000E+0
8.307210E+3	1.017440E-4	1.273460E+4	0.000000E+0	0.000000E+0
8.311208E+3	1.017480E-4	1.273440E+4	0.000000E+0	0.000000E+0
8.315216E+3	1.017420E-4	1.273430E+4	0.000000E+0	0.000000E+0
8.319213E+3	1.017440E-4	1.273410E+4	0.000000E+0	0.000000E+0
8.323213E+3	1.017440E-4	1.273370E+4	0.000000E+0	0.000000E+0
8.327211E+3	1.017510E-4	1.273360E+4	0.000000E+0	0.000000E+0
8.331215E+3	1.017460E-4	1.273340E+4	0.000000E+0	0.000000E+0
8.335216E+3	1.017470E-4	1.273320E+4	0.000000E+0	0.000000E+0
8.339214E+3	1.017440E-4	1.273300E+4	0.000000E+0	0.000000E+0
8.343211E+3	1.017460E-4	1.273270E+4	0.000000E+0	0.000000E+0
8.347215E+3	1.017440E-4	1.273260E+4	0.000000E+0	0.000000E+0
8.351211E+3	1.017470E-4	1.273230E+4	0.000000E+0	0.000000E+0
8.355211E+3	1.017440E-4	1.273210E+4	0.000000E+0	0.000000E+0
8.359214E+3	1.017440E-4	1.273200E+4	0.000000E+0	0.000000E+0
8.363218E+3	1.017420E-4	1.273170E+4	0.000000E+0	0.000000E+0
8.367215E+3	1.017430E-4	1.273150E+4	0.000000E+0	0.000000E+0
8.371214E+3	1.017420E-4	1.273120E+4	0.000000E+0	0.000000E+0
8.375212E+3	1.017480E-4	1.273090E+4	0.000000E+0	0.000000E+0
8.379212E+3	1.017350E-4	1.273060E+4	0.000000E+0	0.000000E+0
8.383213E+3	1.017490E-4	1.273030E+4	0.000000E+0	0.000000E+0
8.387217E+3	1.017450E-4	1.272990E+4	0.000000E+0	0.000000E+0
8.391215E+3	1.017430E-4	1.272980E+4	0.000000E+0	0.000000E+0
8.395213E+3	1.017420E-4	1.272960E+4	0.000000E+0	0.000000E+0
8.399212E+3	1.017460E-4	1.272940E+4	0.000000E+0	0.000000E+0
8.403215E+3	1.017420E-4	1.272930E+4	0.000000E+0	0.000000E+0
8.407216E+3	1.017440E-4	1.272910E+4	0.000000E+0	0.000000E+0
8.411215E+3	1.017410E-4	1.272900E+4	0.000000E+0	0.000000E+0
8.415211E+3	1.017430E-4	1.272900E+4	0.000000E+0	0.000000E+0
8.419215E+3	1.017340E-4	1.272880E+4	0.000000E+0	0.000000E+0
8.423214E+3	1.017440E-4	1.272860E+4	0.000000E+0	0.000000E+0
8.427214E+3	1.017390E-4	1.272830E+4	0.000000E+0	0.000000E+0
8.431211E+3	1.017430E-4	1.272820E+4	0.000000E+0	0.000000E+0
8.435214E+3	1.017410E-4	1.272800E+4	0.000000E+0	0.000000E+0
8.439209E+3	1.017440E-4	1.272780E+4	0.000000E+0	0.000000E+0
8.443212E+3	1.017370E-4	1.272750E+4	0.000000E+0	0.000000E+0
8.447212E+3	1.017400E-4	1.272740E+4	0.000000E+0	0.000000E+0
8.451216E+3	1.017330E-4	1.272700E+4	0.000000E+0	0.000000E+0
8.455214E+3	1.017420E-4	1.272680E+4	0.000000E+0	0.000000E+0
8.459212E+3	1.017350E-4	1.272670E+4	0.000000E+0	0.000000E+0
8.463212E+3	1.017400E-4	1.272650E+4	0.000000E+0	0.000000E+0
8.467215E+3	1.017350E-4	1.272640E+4	0.000000E+0	0.000000E+0
8.471217E+3	1.017380E-4	1.272630E+4	0.000000E+0	0.000000E+0
8.475217E+3	1.017360E-4	1.272620E+4	0.000000E+0	0.000000E+0
8.479213E+3	1.017370E-4	1.272600E+4	0.000000E+0	0.000000E+0
8.483211E+3	1.017360E-4	1.272590E+4	0.000000E+0	0.000000E+0
8.487213E+3	1.017400E-4	1.272580E+4	0.000000E+0	0.000000E+0
8.491213E+3	1.017320E-4	1.272570E+4	0.000000E+0	0.000000E+0
8.495212E+3	1.017370E-4	1.272560E+4	0.000000E+0	0.000000E+0
8.499215E+3	1.017300E-4	1.272540E+4	0.000000E+0	0.000000E+0
8.503213E+3	1.017390E-4	1.272520E+4	0.000000E+0	0.000000E+0
8.507211E+3	1.017360E-4	1.272490E+4	0.000000E+0	0.000000E+0
8.511210E+3	1.017350E-4	1.272470E+4	0.000000E+0	0.000000E+0
8.515214E+3	1.017330E-4	1.272430E+4	0.000000E+0	0.000000E+0
8.519210E+3	1.017380E-4	1.272400E+4	0.000000E+0	0.000000E+0
8.523209E+3	1.017340E-4	1.272380E+4	0.000000E+0	0.000000E+0
8.527209E+3	1.017400E-4	1.272370E+4	0.000000E+0	0.000000E+0
8.531221E+3	1.017340E-4	1.272330E+4	0.000000E+0	0.000000E+0
8.535216E+3	1.017390E-4	1.272310E+4	0.000000E+0	0.000000E+0
8.539214E+3	1.017340E-4	1.272270E+4	0.000000E+0	0.000000E+0
8.543211E+3	1.017380E-4	1.272250E+4	0.000000E+0	0.000000E+0
8.547222E+3	1.017310E-4	1.272210E+4	0.000000E+0	0.000000E+0
8.551207E+3	1.017350E-4	1.272190E+4	0.000000E+0	0.000000E+0
8.555214E+3	1.017330E-4	1.272160E+4	0.000000E+0	0.000000E+0
8.559215E+3	1.017380E-4	1.272140E+4	0.000000E+0	0.000000E+0
8.563212E+3	1.017320E-4	1.272100E+4	0.000000E+0	0.000000E+0
8.567213E+3	1.017370E-4	1.272080E+4	0.000000E+0	0.000000E+0
8.571212E+3	1.017280E-4	1.272050E+4	0.000000E+0	0.000000E+0
8.575209E+3	1.017350E-4	1.272010E+4	0.000000E+0	0.000000E+0
8.579213E+3	1.017300E-4	1.271990E+4	0.000000E+0	0.000000E+0
8.583212E+3	1.017340E-4	1.271970E+4	0.000000E+0	0.000000E+0
8.587215E+3	1.017300E-4	1.271940E+4	0.000000E+0	0.000000E+0
8.591211E+3	1.017350E-4	1.271920E+4	0.000000E+0	0.000000E+0
8.595212E+3	1.017280E-4	1.271880E+4	0.000000E+0	0.000000E+0
8.599215E+3	1.017390E-4	1.271870E+4	0.000000E+0	0.000000E+0
8.603211E+3	1.017320E-4	1.271860E+4	0.000000E+0	0.000000E+0
8.607213E+3	1.017340E-4	1.271840E+4	0.000000E+0	0.000000E+0
8.611214E+3	1.017270E-4	1.271830E+4	0.000000E+0	0.000000E+0
8.615214E+3	1.017300E-4	1.271790E+4	0.000000E+0	0.000000E+0
8.619209E+3	1.017290E-4	1.271790E+4	0.000000E+0	0.000000E+0
8.623213E+3	1.017320E-4	1.271770E+4	0.000000E+0	0.000000E+0
8.627211E+3	1.017270E-4	1.271740E+4	0.000000E+0	0.000000E+0
8.631213E+3	1.017320E-4	1.271740E+4	0.000000E+0	0.000000E+0
8.635215E+3	1.017270E-4	1.271720E+4	0.000000E+0	0.000000E+0
8.639212E+3	1.017320E-4	1.271700E+4	0.000000E+0	0.000000E+0
8.643214E+3	1.017270E-4	1.271690E+4	0.000000E+0	0.000000E+0
8.647215E+3	1.017320E-4	1.271670E+4	0.000000E+0	0.000000E+0
8.651214E+3	1.017300E-4	1.271660E+4	0.000000E+0	0.000000E+0
8.655214E+3	1.017300E-4	1.271640E+4	0.000000E+0	0.000000E+0
8.659215E+3	1.017240E-4	1.271630E+4	0.000000E+0	0.000000E+0
8.663214E+3	1.017280E-4	1.271600E+4	0.000000E+0	0.000000E+0
8.667213E+3	1.017240E-4	1.271590E+4	0.000000E+0	0.000000E+0
8.671213E+3	1.017290E-4	1.271580E+4	0.000000E+0	0.000000E+0
8.675213E+3	1.017280E-4	1.271550E+4	0.000000E+0	0.000000E+0
8.679215E+3	1.017330E-4	1.271520E+4	0.000000E+0	0.000000E+0
8.683213E+3	1.017270E-4	1.271520E+4	0.000000E+0	0.000000E+0
8.687211E+3	1.017320E-4	1.271490E+4	0.000000E+0	0.000000E+0
8.691205E+3	1.017290E-4	1.271480E+4	0.000000E+0	0.000000E+0
8.695212E+3	1.017300E-4	1.271450E+4	0.000000E+0	0.000000E+0
8.699214E+3	1.017260E-4	1.271440E+4	0.000000E+0	0.000000E+0
8.703213E+3	1.017320E-4	1.271410E+4	0.000000E+0	0.000000E+0
8.707213E+3	1.017270E-4	1.271400E+4	0.000000E+0	0.000000E+0
8.711213E+3	1.017310E-4	1.271380E+4	0.000000E+0	0.000000E+0
8.715217E+3	1.017280E-4	1.271360E+4	0.000000E+0	0.000000E+0
8.719214E+3	1.017300E-4	1.271340E+4	0.000000E+0	0.000000E+0
8.723212E+3	1.017240E-4	1.271320E+4	0.000000E+0	0.000000E+0
8.727211E+3	1.017270E-4	1.271310E+4	0.000000E+0	0.000000E+0
8.731214E+3	1.017270E-4	1.271300E+4	0.000000E+0	0.000000E+0
8.735215E+3	1.017300E-4	1.271270E+4	0.000000E+0	0.000000E+0
8.739214E+3	1.017260E-4	1.271250E+4	0.000000E+0	0.000000E+0
8.743210E+3	1.017270E-4	1.271230E+4	0.000000E+0	0.000000E+0
8.747214E+3	1.017240E-4	1.271220E+4	0.000000E+0	0.000000E+0
8.751215E+3	1.017270E-4	1.271210E+4	0.000000E+0	0.000000E+0
8.755212E+3	1.017240E-4	1.271200E+4	0.000000E+0	0.000000E+0
8.759212E+3	1.017290E-4	1.271190E+4	0.000000E+0	0.000000E+0
8.763213E+3	1.017270E-4	1.271150E+4	0.000000E+0	0.000000E+0
8.767212E+3	1.017280E-4	1.271120E+4	0.000000E+0	0.000000E+0
8.771211E+3	1.017220E-4	1.271120E+4	0.000000E+0	0.000000E+0
8.775211E+3	1.017290E-4	1.271070E+4	0.000000E+0	0.000000E+0
8.779218E+3	1.017230E-4	1.271050E+4	0.000000E+0	0.000000E+0
8.783213E+3	1.017290E-4	1.271030E+4	0.000000E+0	0.000000E+0
8.787214E+3	1.017250E-4	1.271010E+4	0.000000E+0	0.000000E+0
8.791211E+3	1.017270E-4	1.270990E+4	0.000000E+0	0.000000E+0
8.795211E+3	1.017220E-4	1.270960E+4	0.000000E+0	0.000000E+0
8.799214E+3	1.017290E-4	1.270940E+4	0.000000E+0	0.000000E+0
8.803213E+3	1.017200E-4	1.270900E+4	0.000000E+0	0.000000E+0
8.807211E+3	1.017270E-4	1.270880E+4	0.000000E+0	0.000000E+0
8.811214E+3	1.017210E-4	1.270860E+4	0.000000E+0	0.000000E+0
8.815212E+3	1.017260E-4	1.270830E+4	0.000000E+0	0.000000E+0
8.819212E+3	1.017220E-4	1.270820E+4	0.000000E+0	0.000000E+0
8.823209E+3	1.017280E-4	1.270780E+4	0.000000E+0	0.000000E+0
8.827211E+3	1.017200E-4	1.270790E+4	0.000000E+0	0.000000E+0
8.831210E+3	1.017250E-4	1.270760E+4	0.000000E+0	0.000000E+0
8.835214E+3	1.017190E-4	1.270740E+4	0.000000E+0	0.000000E+0
8.839210E+3	1.017240E-4	1.270730E+4	0.000000E+0	0.000000E+0
8.843212E+3	1.017200E-4	1.270700E+4	0.000000E+0	0.000000E+0
8.847218E+3	1.017250E-4	1.270690E+4	0.000000E+0	0.000000E+0
8.851215E+3	1.017180E-4	1.270670E+4	0.000000E+0	0.000000E+0
8.855212E+3	1.017240E-4	1.270640E+4	0.000000E+0	0.000000E+0
8.859215E+3	1.017210E-4	1.270610E+4	0.000000E+0	0.000000E+0
8.863207E+3	1.017230E-4	1.270590E+4	0.000000E+0	0.000000E+0
8.867213E+3	1.017180E-4	1.270560E+4	0.000000E+0	0.000000E+0
8.871208E+3	1.017240E-4	1.270540E+4	0.000000E+0	0.000000E+0
8.875214E+3	1.017210E-4	1.270510E+4	0.000000E+0	0.000000E+0
8.879210E+3	1.017240E-4	1.270490E+4	0.000000E+0	0.000000E+0
8.883211E+3	1.017200E-4	1.270470E+4	0.000000E+0	0.000000E+0
8.887214E+3	1.017250E-4	1.270460E+4	0.000000E+0	0.000000E+0
8.891216E+3	1.017200E-4	1.270450E+4	0.000000E+0	0.000000E+0
8.895209E+3	1.017240E-4	1.270420E+4	0.000000E+0	0.000000E+0
8.899211E+3	1.017190E-4	1.270410E+4	0.000000E+0	0.000000E+0
8.903208E+3	1.017240E-4	1.270390E+4	0.000000E+0	0.000000E+0
8.907215E+3	1.017160E-4	1.270370E+4	0.000000E+0	0.000000E+0
8.911211E+3	1.017230E-4	1.270350E+4	0.000000E+0	0.000000E+0
8.915212E+3	1.017190E-4	1.270320E+4	0.000000E+0	0.000000E+0
8.919212E+3	1.017230E-4	1.270290E+4	0.000000E+0	0.000000E+0
8.923213E+3	1.017180E-4	1.270260E+4	0.000000E+0	0.000000E+0
8.927215E+3	1.017190E-4	1.270230E+4	0.000000E+0	0.000000E+0
8.931213E+3	1.017180E-4	1.270200E+4	0.000000E+0	0.000000E+0
8.935213E+3	1.017210E-4	1.270180E+4	0.000000E+0	0.000000E+0
8.939217E+3	1.017140E-4	1.270170E+4	0.000000E+0	0.000000E+0
8.943210E+3	1.017230E-4	1.270140E+4	0.000000E+0	0.000000E+0
8.947210E+3	1.017130E-4	1.270130E+4	0.000000E+0	0.000000E+0
8.951210E+3	1.017180E-4	1.270100E+4	0.000000E+0	0.000000E+0
8.955209E+3	1.017130E-4	1.270090E+4	0.000000E+0	0.000000E+0
8.959211E+3	1.017200E-4	1.270090E+4	0.000000E+0	0.000000E+0
8.963210E+3	1.017150E-4	1.270070E+4	0.000000E+0	0.000000E+0
8.967208E+3	1.017180E-4	1.270060E+4	0.000000E+0	0.000000E+0
8.971209E+3	1.017140E-4	1.270040E+4	0.000000E+0	0.000000E+0
8.975211E+3	1.017200E-4	1.270030E+4	0.000000E+0	0.000000E+0
8.979209E+3	1.017130E-4	1.270020E+4	0.000000E+0	0.000000E+0
8.983209E+3	1.017180E-4	1.270000E+4	0.000000E+0	0.000000E+0
8.987214E+3	1.017110E-4	1.269990E+4	0.000000E+0	0.000000E+0
8.991212E+3	1.017200E-4	1.269980E+4	0.000000E+0	0.000000E+0
8.995211E+3	1.017140E-4	1.269960E+4	0.000000E+0	0.000000E+0
8.999209E+3	1.017200E-4	1.269930E+4	0.000000E+0	0.000000E+0
9.003207E+3	1.017120E-4	1.269900E+4	0.000000E+0	0.000000E+0
9.007214E+3	1.017200E-4	1.269880E+4	0.000000E+0	0.000000E+0
9.011207E+3	1.017140E-4	1.269860E+4	0.000000E+0	0.000000E+0
9.015209E+3	1.017140E-4	1.269830E+4	0.000000E+0	0.000000E+0
9.019207E+3	1.017120E-4	1.269800E+4	0.000000E+0	0.000000E+0
9.023207E+3	1.017170E-4	1.269780E+4	0.000000E+0	0.000000E+0
9.027210E+3	1.017150E-4	1.269750E+4	0.000000E+0	0.000000E+0
9.031208E+3	1.017170E-4	1.269740E+4	0.000000E+0	0.000000E+0
9.035205E+3	1.017150E-4	1.269710E+4	0.000000E+0	0.000000E+0
9.039208E+3	1.017130E-4	1.269690E+4	0.000000E+0	0.000000E+0
9.043208E+3	1.017130E-4	1.269670E+4	0.000000E+0	0.000000E+0
9.047210E+3	1.017170E-4	1.269650E+4	0.000000E+0	0.000000E+0
9.051210E+3	1.017140E-4	1.269610E+4	0.000000E+0	0.000000E+0
9.055213E+3	1.017180E-4	1.269590E+4	0.000000E+0	0.000000E+0
9.059208E+3	1.017080E-4	1.269560E+4	0.000000E+0	0.000000E+0
9.063208E+3	1.017170E-4	1.269530E+4	0.000000E+0	0.000000E+0
9.067208E+3	1.017100E-4	1.269500E+4	0.000000E+0	0.000000E+0
9.071209E+3	1.017170E-4	1.269480E+4	0.000000E+0	0.000000E+0
9.075211E+3	1.017140E-4	1.269450E+4	0.000000E+0	0.000000E+0
9.079209E+3	1.017150E-4	1.269430E+4	0.000000E+0	0.000000E+0
9.083209E+3	1.017110E-4	1.269410E+4	0.000000E+0	0.000000E+0
9.087210E+3	1.017150E-4	1.269380E+4	0.000000E+0	0.000000E+0
9.091212E+3	1.017120E-4	1.269350E+4	0.000000E+0	0.000000E+0
9.095211E+3	1.017130E-4	1.269330E+4	0.000000E+0	0.000000E+0
9.099207E+3	1.017100E-4	1.269300E+4	0.000000E+0	0.000000E+0
9.103212E+3	1.017170E-4	1.269300E+4	0.000000E+0	0.000000E+0
9.107214E+3	1.017100E-4	1.269280E+4	0.000000E+0	0.000000E+0
9.111212E+3	1.017120E-4	1.269270E+4	0.000000E+0	0.000000E+0
9.115210E+3	1.017100E-4	1.269260E+4	0.000000E+0	0.000000E+0
9.119209E+3	1.017110E-4	1.269250E+4	0.000000E+0	0.000000E+0
9.123210E+3	1.017050E-4	1.269240E+4	0.000000E+0	0.000000E+0
9.127210E+3	1.017090E-4	1.269230E+4	0.000000E+0	0.000000E+0
9.131210E+3	1.017070E-4	1.269210E+4	0.000000E+0	0.000000E+0
9.135210E+3	1.017090E-4	1.269190E+4	0.000000E+0	0.000000E+0
9.139218E+3	1.017060E-4	1.269150E+4	0.000000E+0	0.000000E+0
9.143208E+3	1.017110E-4	1.269130E+4	0.000000E+0	0.000000E+0
9.147206E+3	1.017070E-4	1.269110E+4	0.000000E+0	0.000000E+0
9.151210E+3	1.017110E-4	1.269100E+4	0.000000E+0	0.000000E+0
9.155207E+3	1.017080E-4	1.269040E+4	0.000000E+0	0.000000E+0
9.159212E+3	1.017110E-4	1.269030E+4	0.000000E+0	0.000000E+0
9.163211E+3	1.017070E-4	1.269010E+4	0.000000E+0	0.000000E+0
9.167209E+3	1.017130E-4	1.269000E+4	0.000000E+0	0.000000E+0
9.171219E+3	1.017080E-4	1.268970E+4	0.000000E+0	0.000000E+0
9.175211E+3	1.017070E-4	1.268950E+4	0.000000E+0	0.000000E+0
9.179212E+3	1.017020E-4	1.268930E+4	0.000000E+0	0.000000E+0
9.183209E+3	1.017070E-4	1.268910E+4	0.000000E+0	0.000000E+0
9.187211E+3	1.017030E-4	1.268900E+4	0.000000E+0	0.000000E+0
9.191212E+3	1.017070E-4	1.268890E+4	0.000000E+0	0.000000E+0
9.195210E+3	1.017060E-4	1.268890E+4	0.000000E+0	0.000000E+0
9.199210E+3	1.017090E-4	1.268880E+4	0.000000E+0	0.000000E+0
9.203210E+3	1.017030E-4	1.268870E+4	0.000000E+0	0.000000E+0
9.207213E+3	1.017070E-4	1.268850E+4	0.000000E+0	0.000000E+0
9.211212E+3	1.017040E-4	1.268840E+4	0.000000E+0	0.000000E+0
9.215212E+3	1.017080E-4	1.268830E+4	0.000000E+0	0.000000E+0
9.219219E+3	1.017060E-4	1.268820E+4	0.000000E+0	0.000000E+0
9.223205E+3	1.017060E-4	1.268810E+4	0.000000E+0	0.000000E+0
9.227208E+3	1.017040E-4	1.268780E+4	0.000000E+0	0.000000E+0
9.231211E+3	1.017090E-4	1.268770E+4	0.000000E+0	0.000000E+0
9.235213E+3	1.017000E-4	1.268750E+4	0.000000E+0	0.000000E+0
9.239216E+3	1.017050E-4	1.268740E+4	0.000000E+0	0.000000E+0
9.243210E+3	1.016990E-4	1.268720E+4	0.000000E+0	0.000000E+0
9.247208E+3	1.017090E-4	1.268690E+4	0.000000E+0	0.000000E+0
9.251209E+3	1.016990E-4	1.268690E+4	0.000000E+0	0.000000E+0
9.255211E+3	1.017040E-4	1.268680E+4	0.000000E+0	0.000000E+0
9.259211E+3	1.017000E-4	1.268670E+4	0.000000E+0	0.000000E+0
9.263209E+3	1.017040E-4	1.268660E+4	0.000000E+0	0.000000E+0
9.267211E+3	1.017000E-4	1.268630E+4	0.000000E+0	0.000000E+0
9.271212E+3	1.017040E-4	1.268630E+4	0.000000E+0	0.000000E+0
9.275212E+3	1.017010E-4	1.268610E+4	0.000000E+0	0.000000E+0
9.279212E+3	1.017050E-4	1.268600E+4	0.000000E+0	0.000000E+0
9.283207E+3	1.017000E-4	1.268580E+4	0.000000E+0	0.000000E+0
9.287210E+3	1.017030E-4	1.268570E+4	0.000000E+0	0.000000E+0
9.291215E+3	1.017000E-4	1.268540E+4	0.000000E+0	0.000000E+0
9.295210E+3	1.017030E-4	1.268520E+4	0.000000E+0	0.000000E+0
9.299210E+3	1.017000E-4	1.268500E+4	0.000000E+0	0.000000E+0
9.303210E+3	1.017010E-4	1.268470E+4	0.000000E+0	0.000000E+0
9.307208E+3	1.016950E-4	1.268420E+4	0.000000E+0	0.000000E+0
9.311213E+3	1.017060E-4	1.268400E+4	0.000000E+0	0.000000E+0
9.315213E+3	1.017000E-4	1.268380E+4	0.000000E+0	0.000000E+0
9.319210E+3	1.017030E-4	1.268340E+4	0.000000E+0	0.000000E+0
9.323215E+3	1.017000E-4	1.268310E+4	0.000000E+0	0.000000E+0
9.327213E+3	1.017020E-4	1.268280E+4	0.000000E+0	0.000000E+0
9.331210E+3	1.016960E-4	1.268260E+4	0.000000E+0	0.000000E+0
9.335213E+3	1.017010E-4	1.268220E+4	0.000000E+0	0.000000E+0
9.339213E+3	1.016960E-4	1.268200E+4	0.000000E+0	0.000000E+0
9.343209E+3	1.017040E-4	1.268170E+4	0.000000E+0	0.000000E+0
9.347208E+3	1.017020E-4	1.268140E+4	0.000000E+0	0.000000E+0
9.351209E+3	1.017030E-4	1.268110E+4	0.000000E+0	0.000000E+0
9.355212E+3	1.017000E-4	1.268080E+4	0.000000E+0	0.000000E+0
9.359212E+3	1.017040E-4	1.268050E+4	0.000000E+0	0.000000E+0
9.363211E+3	1.017010E-4	1.268030E+4	0.000000E+0	0.000000E+0
9.367207E+3	1.017030E-4	1.268000E+4	0.000000E+0	0.000000E+0
9.371212E+3	1.016990E-4	1.267980E+4	0.000000E+0	0.000000E+0
9.375209E+3	1.016930E-4	1.267970E+4	0.000000E+0	0.000000E+0
9.379209E+3	1.016900E-4	1.267950E+4	0.000000E+0	0.000000E+0
9.383209E+3	1.016940E-4	1.267930E+4	0.000000E+0	0.000000E+0
9.387215E+3	1.016870E-4	1.267910E+4	0.000000E+0	0.000000E+0
9.391213E+3	1.016900E-4	1.267890E+4	0.000000E+0	0.000000E+0
9.395215E+3	1.016830E-4	1.267880E+4	0.000000E+0	0.000000E+0
9.399212E+3	1.016900E-4	1.267870E+4	0.000000E+0	0.000000E+0
9.403205E+3	1.016860E-4	1.267850E+4	0.000000E+0	0.000000E+0
9.407210E+3	1.016910E-4	1.267840E+4	0.000000E+0	0.000000E+0
9.411211E+3	1.016860E-4	1.267830E+4	0.000000E+0	0.000000E+0
9.415207E+3	1.016900E-4	1.267820E+4	0.000000E+0	0.000000E+0
9.419213E+3	1.016850E-4	1.267800E+4	0.000000E+0	0.000000E+0
9.423211E+3	1.016900E-4	1.267790E+4	0.000000E+0	0.000000E+0
9.427216E+3	1.016840E-4	1.267770E+4	0.000000E+0	0.000000E+0
9.431213E+3	1.016880E-4	1.267750E+4	0.000000E+0	0.000000E+0
9.435221E+3	1.016840E-4	1.267700E+4	0.000000E+0	0.000000E+0
9.439209E+3	1.016900E-4	1.267670E+4	0.000000E+0	0.000000E+0
9.443214E+3	1.016850E-4	1.267610E+4	0.000000E+0	0.000000E+0
9.447211E+3	1.016900E-4	1.267580E+4	0.000000E+0	0.000000E+0
9.451218E+3	1.016870E-4	1.267560E+4	0.000000E+0	0.000000E+0
9.455212E+3	1.016880E-4	1.267530E+4	0.000000E+0	0.000000E+0
9.459211E+3	1.016850E-4	1.267520E+4	0.000000E+0	0.000000E+0
9.463207E+3	1.016910E-4	1.267480E+4	0.000000E+0	0.000000E+0
9.467211E+3	1.016820E-4	1.267460E+4	0.000000E+0	0.000000E+0
9.471212E+3	1.016860E-4	1.267440E+4	0.000000E+0	0.000000E+0
9.475217E+3	1.016850E-4	1.267410E+4	0.000000E+0	0.000000E+0
9.479212E+3	1.016900E-4	1.267380E+4	0.000000E+0	0.000000E+0
9.483215E+3	1.016850E-4	1.267330E+4	0.000000E+0	0.000000E+0
9.487208E+3	1.016900E-4	1.267310E+4	0.000000E+0	0.000000E+0
9.491215E+3	1.016820E-4	1.267310E+4	0.000000E+0	0.000000E+0
9.495211E+3	1.016860E-4	1.267320E+4	0.000000E+0	0.000000E+0
9.499211E+3	1.016810E-4	1.267340E+4	0.000000E+0	0.000000E+0
9.503210E+3	1.016860E-4	1.267350E+4	0.000000E+0	0.000000E+0
9.507214E+3	1.016800E-4	1.267360E+4	0.000000E+0	0.000000E+0
9.511211E+3	1.016880E-4	1.267360E+4	0.000000E+0	0.000000E+0
9.515217E+3	1.016820E-4	1.267350E+4	0.000000E+0	0.000000E+0
9.519216E+3	1.016850E-4	1.267340E+4	0.000000E+0	0.000000E+0
9.523214E+3	1.016830E-4	1.267320E+4	0.000000E+0	0.000000E+0
9.527211E+3	1.016870E-4	1.267300E+4	0.000000E+0	0.000000E+0
9.531214E+3	1.016800E-4	1.267260E+4	0.000000E+0	0.000000E+0
9.535212E+3	1.016860E-4	1.267230E+4	0.000000E+0	0.000000E+0
9.539212E+3	1.016860E-4	1.267200E+4	0.000000E+0	0.000000E+0
9.543209E+3	1.016840E-4	1.267190E+4	0.000000E+0	0.000000E+0
9.547215E+3	1.016760E-4	1.267160E+4	0.000000E+0	0.000000E+0
9.551209E+3	1.016850E-4	1.267130E+4	0.000000E+0	0.000000E+0
9.555217E+3	1.016830E-4	1.267080E+4	0.000000E+0	0.000000E+0
9.559212E+3	1.016840E-4	1.267050E+4	0.000000E+0	0.000000E+0
9.563219E+3	1.016800E-4	1.267020E+4	0.000000E+0	0.000000E+0
9.567213E+3	1.016870E-4	1.267020E+4	0.000000E+0	0.000000E+0
9.571213E+3	1.016810E-4	1.267000E+4	0.000000E+0	0.000000E+0
9.575208E+3	1.016860E-4	1.266980E+4	0.000000E+0	0.000000E+0
9.579220E+3	1.016810E-4	1.266970E+4	0.000000E+0	0.000000E+0
9.583213E+3	1.016860E-4	1.266970E+4	0.000000E+0	0.000000E+0
9.587213E+3	1.016790E-4	1.266950E+4	0.000000E+0	0.000000E+0
9.591210E+3	1.016830E-4	1.266930E+4	0.000000E+0	0.000000E+0
9.595219E+3	1.016770E-4	1.266920E+4	0.000000E+0	0.000000E+0
9.599211E+3	1.016840E-4	1.266900E+4	0.000000E+0	0.000000E+0
9.603211E+3	1.016770E-4	1.266880E+4	0.000000E+0	0.000000E+0
9.607213E+3	1.016840E-4	1.266870E+4	0.000000E+0	0.000000E+0
9.611215E+3	1.016820E-4	1.266850E+4	0.000000E+0	0.000000E+0
9.615208E+3	1.016830E-4	1.266820E+4	0.000000E+0	0.000000E+0
9.619214E+3	1.016800E-4	1.266800E+4	0.000000E+0	0.000000E+0
9.623209E+3	1.016830E-4	1.266780E+4	0.000000E+0	0.000000E+0
9.627212E+3	1.016790E-4	1.266750E+4	0.000000E+0	0.000000E+0
9.631212E+3	1.016810E-4	1.266720E+4	0.000000E+0	0.000000E+0
9.635212E+3	1.016780E-4	1.266690E+4	0.000000E+0	0.000000E+0
9.639211E+3	1.016820E-4	1.266670E+4	0.000000E+0	0.000000E+0
9.643214E+3	1.016790E-4	1.266650E+4	0.000000E+0	0.000000E+0
9.647212E+3	1.016830E-4	1.266610E+4	0.000000E+0	0.000000E+0
9.651212E+3	1.016760E-4	1.266580E+4	0.000000E+0	0.000000E+0
9.655210E+3	1.016810E-4	1.266530E+4	0.000000E+0	0.000000E+0
9.659213E+3	1.016770E-4	1.266500E+4	0.000000E+0	0.000000E+0
9.663209E+3	1.016830E-4	1.266460E+4	0.000000E+0	0.000000E+0
9.667213E+3	1.016760E-4	1.266410E+4	0.000000E+0	0.000000E+0
9.671210E+3	1.016790E-4	1.266360E+4	0.000000E+0	0.000000E+0
9.675210E+3	1.016750E-4	1.266340E+4	0.000000E+0	0.000000E+0
9.679207E+3	1.016800E-4	1.266310E+4	0.000000E+0	0.000000E+0
9.683213E+3	1.016760E-4	1.266280E+4	0.000000E+0	0.000000E+0
9.687210E+3	1.016800E-4	1.266270E+4	0.000000E+0	0.000000E+0
9.691208E+3	1.016720E-4	1.266230E+4	0.000000E+0	0.000000E+0
9.695208E+3	1.016790E-4	1.266180E+4	0.000000E+0	0.000000E+0
9.699208E+3	1.016710E-4	1.266140E+4	0.000000E+0	0.000000E+0
9.703217E+3	1.016790E-4	1.266110E+4	0.000000E+0	0.000000E+0
9.707209E+3	1.016720E-4	1.266080E+4	0.000000E+0	0.000000E+0
9.711208E+3	1.016790E-4	1.266040E+4	0.000000E+0	0.000000E+0
9.715208E+3	1.016710E-4	1.266010E+4	0.000000E+0	0.000000E+0
9.719212E+3	1.016790E-4	1.265990E+4	0.000000E+0	0.000000E+0
9.723211E+3	1.016740E-4	1.265970E+4	0.000000E+0	0.000000E+0
9.727207E+3	1.016750E-4	1.265960E+4	0.000000E+0	0.000000E+0
9.731212E+3	1.016740E-4	1.265940E+4	0.000000E+0	0.000000E+0
9.735209E+3	1.016770E-4	1.265930E+4	0.000000E+0	0.000000E+0
9.739217E+3	1.016770E-4	1.265920E+4	0.000000E+0	0.000000E+0
9.743213E+3	1.016780E-4	1.265900E+4	0.000000E+0	0.000000E+0
9.747209E+3	1.016720E-4	1.265870E+4	0.000000E+0	0.000000E+0
9.751212E+3	1.016760E-4	1.265870E+4	0.000000E+0	0.000000E+0
9.755210E+3	1.016720E-4	1.265850E+4	0.000000E+0	0.000000E+0
9.759212E+3	1.016760E-4	1.265840E+4	0.000000E+0	0.000000E+0
9.763208E+3	1.016730E-4	1.265820E+4	0.000000E+0	0.000000E+0
9.767208E+3	1.016760E-4	1.265820E+4	0.000000E+0	0.000000E+0
9.771213E+3	1.016720E-4	1.265800E+4	0.000000E+0	0.000000E+0
9.775207E+3	1.016760E-4	1.265800E+4	0.000000E+0	0.000000E+0
9.779208E+3	1.016730E-4	1.265780E+4	0.000000E+0	0.000000E+0
9.783208E+3	1.016770E-4	1.265770E+4	0.000000E+0	0.000000E+0
9.787218E+3	1.016720E-4	1.265750E+4	0.000000E+0	0.000000E+0
9.791207E+3	1.016770E-4	1.265740E+4	0.000000E+0	0.000000E+0
9.795206E+3	1.016690E-4	1.265740E+4	0.000000E+0	0.000000E+0
9.799205E+3	1.016760E-4	1.265720E+4	0.000000E+0	0.000000E+0
9.803212E+3	1.016700E-4	1.265700E+4	0.000000E+0	0.000000E+0
9.807206E+3	1.016740E-4	1.265670E+4	0.000000E+0	0.000000E+0
9.811206E+3	1.016700E-4	1.265650E+4	0.000000E+0	0.000000E+0
9.815211E+3	1.016770E-4	1.265620E+4	0.000000E+0	0.000000E+0
9.819206E+3	1.016720E-4	1.265610E+4	0.000000E+0	0.000000E+0
9.823214E+3	1.016750E-4	1.265590E+4	0.000000E+0	0.000000E+0
9.827214E+3	1.016730E-4	1.265570E+4	0.000000E+0	0.000000E+0
9.831212E+3	1.016730E-4	1.265550E+4	0.000000E+0	0.000000E+0
9.835210E+3	1.016690E-4	1.265520E+4	0.000000E+0	0.000000E+0
9.839209E+3	1.016730E-4	1.265510E+4	0.000000E+0	0.000000E+0
9.843207E+3	1.016700E-4	1.265490E+4	0.000000E+0	0.000000E+0
9.847210E+3	1.016730E-4	1.265470E+4	0.000000E+0	0.000000E+0
9.851210E+3	1.016660E-4	1.265460E+4	0.000000E+0	0.000000E+0
9.855208E+3	1.016730E-4	1.265440E+4	0.000000E+0	0.000000E+0
9.859207E+3	1.016720E-4	1.265420E+4	0.000000E+0	0.000000E+0
9.863210E+3	1.016720E-4	1.265400E+4	0.000000E+0	0.000000E+0
9.867211E+3	1.016660E-4	1.265390E+4	0.000000E+0	0.000000E+0
9.871208E+3	1.016700E-4	1.265350E+4	0.000000E+0	0.000000E+0
9.875206E+3	1.016630E-4	1.265330E+4	0.000000E+0	0.000000E+0
9.879208E+3	1.016700E-4	1.265320E+4	0.000000E+0	0.000000E+0
9.883211E+3	1.016650E-4	1.265290E+4	0.000000E+0	0.000000E+0
9.887214E+3	1.016710E-4	1.265270E+4	0.000000E+0	0.000000E+0
9.891209E+3	1.016690E-4	1.265250E+4	0.000000E+0	0.000000E+0
9.895209E+3	1.016740E-4	1.265230E+4	0.000000E+0	0.000000E+0
9.899209E+3	1.016650E-4	1.265200E+4	0.000000E+0	0.000000E+0
9.903212E+3	1.016680E-4	1.265160E+4	0.000000E+0	0.000000E+0
9.907211E+3	1.016660E-4	1.265140E+4	0.000000E+0	0.000000E+0
9.911209E+3	1.016690E-4	1.265110E+4	0.000000E+0	0.000000E+0
9.915209E+3	1.016680E-4	1.265100E+4	0.000000E+0	0.000000E+0
9.919212E+3	1.016710E-4	1.265060E+4	0.000000E+0	0.000000E+0
9.923209E+3	1.016670E-4	1.265040E+4	0.000000E+0	0.000000E+0
9.927209E+3	1.016710E-4	1.265010E+4	0.000000E+0	0.000000E+0
9.931212E+3	1.016660E-4	1.264990E+4	0.000000E+0	0.000000E+0
9.935213E+3	1.016700E-4	1.264970E+4	0.000000E+0	0.000000E+0
9.939213E+3	1.016650E-4	1.264940E+4	0.000000E+0	0.000000E+0
9.943210E+3	1.016700E-4	1.264920E+4	0.000000E+0	0.000000E+0
9.947218E+3	1.016650E-4	1.264900E+4	0.000000E+0	0.000000E+0
9.951211E+3	1.016690E-4	1.264870E+4	0.000000E+0	0.000000E+0
9.955210E+3	1.016650E-4	1.264850E+4	0.000000E+0	0.000000E+0
9.959210E+3	1.016670E-4	1.264820E+4	0.000000E+0	0.000000E+0
9.963208E+3	1.016630E-4	1.264800E+4	0.000000E+0	0.000000E+0
9.967210E+3	1.016690E-4	1.264780E+4	0.000000E+0	0.000000E+0
9.971213E+3	1.016650E-4	1.264760E+4	0.000000E+0	0.000000E+0
9.975211E+3	1.016680E-4	1.264740E+4	0.000000E+0	0.000000E+0
9.979211E+3	1.016630E-4	1.264720E+4	0.000000E+0	0.000000E+0
9.983211E+3	1.016700E-4	1.264710E+4	0.000000E+0	0.000000E+0
9.987217E+3	1.016650E-4	1.264700E+4	0.000000E+0	0.000000E+0
9.991209E+3	1.016700E-4	1.264670E+4	0.000000E+0	0.000000E+0
9.995209E+3	1.016630E-4	1.264660E+4	0.000000E+0	0.000000E+0
9.999209E+3	1.016690E-4	1.264650E+4	0.000000E+0	0.000000E+0
1.000322E+4	1.016610E-4	1.264620E+4	0.000000E+0	0.000000E+0
1.000721E+4	1.016680E-4	1.264590E+4	0.000000E+0	0.000000E+0
1.001121E+4	1.016650E-4	1.264560E+4	0.000000E+0	0.000000E+0
1.001521E+4	1.016690E-4	1.264540E+4	0.000000E+0	0.000000E+0
1.001921E+4	1.016650E-4	1.264510E+4	0.000000E+0	0.000000E+0
1.002321E+4	1.016680E-4	1.264490E+4	0.000000E+0	0.000000E+0
1.002721E+4	1.016630E-4	1.264470E+4	0.000000E+0	0.000000E+0
1.003121E+4	1.016680E-4	1.264450E+4	0.000000E+0	0.000000E+0
1.003521E+4	1.016630E-4	1.264430E+4	0.000000E+0	0.000000E+0
1.003921E+4	1.016700E-4	1.264410E+4	0.000000E+0	0.000000E+0
1.004322E+4	1.016650E-4	1.264390E+4	0.000000E+0	0.000000E+0
1.004721E+4	1.016670E-4	1.264360E+4	0.000000E+0	0.000000E+0
1.005121E+4	1.016600E-4	1.264340E+4	0.000000E+0	0.000000E+0
1.005521E+4	1.016670E-4	1.264330E+4	0.000000E+0	0.000000E+0
1.005921E+4	1.016630E-4	1.264280E+4	0.000000E+0	0.000000E+0
1.006321E+4	1.016670E-4	1.264260E+4	0.000000E+0	0.000000E+0
1.006721E+4	1.016620E-4	1.264250E+4	0.000000E+0	0.000000E+0
1.007121E+4	1.016670E-4	1.264220E+4	0.000000E+0	0.000000E+0
1.007521E+4	1.016610E-4	1.264180E+4	0.000000E+0	0.000000E+0
1.007921E+4	1.016640E-4	1.264160E+4	0.000000E+0	0.000000E+0
1.008322E+4	1.016580E-4	1.264140E+4	0.000000E+0	0.000000E+0
1.008721E+4	1.016650E-4	1.264130E+4	0.000000E+0	0.000000E+0
1.009122E+4	1.016610E-4	1.264100E+4	0.000000E+0	0.000000E+0
1.009521E+4	1.016650E-4	1.264070E+4	0.000000E+0	0.000000E+0
1.009921E+4	1.016580E-4	1.264040E+4	0.000000E+0	0.000000E+0
1.010321E+4	1.016640E-4	1.264010E+4	0.000000E+0	0.000000E+0
1.010721E+4	1.016580E-4	1.263980E+4	0.000000E+0	0.000000E+0
1.011121E+4	1.016620E-4	1.263930E+4	0.000000E+0	0.000000E+0
1.011521E+4	1.016530E-4	1.263910E+4	0.000000E+0	0.000000E+0
1.011921E+4	1.016620E-4	1.263890E+4	0.000000E+0	0.000000E+0
1.012321E+4	1.016570E-4	1.263870E+4	0.000000E+0	0.000000E+0
1.012721E+4	1.016610E-4	1.263850E+4	0.000000E+0	0.000000E+0
1.013121E+4	1.016590E-4	1.263820E+4	0.000000E+0	0.000000E+0
1.013521E+4	1.016630E-4	1.263800E+4	0.000000E+0	0.000000E+0
1.013921E+4	1.016530E-4	1.263780E+4	0.000000E+0	0.000000E+0
1.014321E+4	1.016610E-4	1.263760E+4	0.000000E+0	0.000000E+0
1.014722E+4	1.016580E-4	1.263740E+4	0.000000E+0	0.000000E+0
1.015121E+4	1.016610E-4	1.263710E+4	0.000000E+0	0.000000E+0
1.015521E+4	1.016560E-4	1.263710E+4	0.000000E+0	0.000000E+0
1.015921E+4	1.016620E-4	1.263690E+4	0.000000E+0	0.000000E+0
1.016322E+4	1.016550E-4	1.263670E+4	0.000000E+0	0.000000E+0
1.016721E+4	1.016590E-4	1.263660E+4	0.000000E+0	0.000000E+0
1.017121E+4	1.016580E-4	1.263630E+4	0.000000E+0	0.000000E+0
1.017521E+4	1.016590E-4	1.263620E+4	0.000000E+0	0.000000E+0
1.017921E+4	1.016520E-4	1.263600E+4	0.000000E+0	0.000000E+0
1.018321E+4	1.016560E-4	1.263590E+4	0.000000E+0	0.000000E+0
1.018721E+4	1.016550E-4	1.263580E+4	0.000000E+0	0.000000E+0
1.019121E+4	1.016570E-4	1.263570E+4	0.000000E+0	0.000000E+0
1.019521E+4	1.016520E-4	1.263560E+4	0.000000E+0	0.000000E+0
1.019921E+4	1.016550E-4	1.263550E+4	0.000000E+0	0.000000E+0
1.020321E+4	1.016520E-4	1.263540E+4	0.000000E+0	0.000000E+0
1.020721E+4	1.016550E-4	1.263520E+4	0.000000E+0	0.000000E+0
1.021121E+4	1.016550E-4	1.263510E+4	0.000000E+0	0.000000E+0
1.021521E+4	1.016560E-4	1.263500E+4	0.000000E+0	0.000000E+0
1.021921E+4	1.016530E-4	1.263480E+4	0.000000E+0	0.000000E+0
1.022321E+4	1.016550E-4	1.263460E+4	0.000000E+0	0.000000E+0
1.022721E+4	1.016520E-4	1.263440E+4	0.000000E+0	0.000000E+0
1.023121E+4	1.016540E-4	1.263430E+4	0.000000E+0	0.000000E+0
1.023522E+4	1.016510E-4	1.263420E+4	0.000000E+0	0.000000E+0
1.023922E+4	1.016560E-4	1.263410E+4	0.000000E+0	0.000000E+0
1.024321E+4	1.016460E-4	1.263380E+4	0.000000E+0	0.000000E+0
1.024721E+4	1.016540E-4	1.263370E+4	0.000000E+0	0.000000E+0
1.025121E+4	1.016490E-4	1.263350E+4	0.000000E+0	0.000000E+0
1.025521E+4	1.016570E-4	1.263350E+4	0.000000E+0	0.000000E+0
1.025921E+4	1.016530E-4	1.263320E+4	0.000000E+0	0.000000E+0
1.026321E+4	1.016540E-4	1.263290E+4	0.000000E+0	0.000000E+0
1.026721E+4	1.016480E-4	1.263270E+4	0.000000E+0	0.000000E+0
1.027121E+4	1.016520E-4	1.263240E+4	0.000000E+0	0.000000E+0
1.027521E+4	1.016500E-4	1.263220E+4	0.000000E+0	0.000000E+0
1.027921E+4	1.016530E-4	1.263200E+4	0.000000E+0	0.000000E+0
1.028321E+4	1.016540E-4	1.263170E+4	0.000000E+0	0.000000E+0
1.028721E+4	1.016520E-4	1.263150E+4	0.000000E+0	0.000000E+0
1.029121E+4	1.016490E-4	1.263120E+4	0.000000E+0	0.000000E+0
1.029521E+4	1.016560E-4	1.263100E+4	0.000000E+0	0.000000E+0
1.029921E+4	1.016490E-4	1.263070E+4	0.000000E+0	0.000000E+0
1.030322E+4	1.016510E-4	1.263050E+4	0.000000E+0	0.000000E+0
1.030721E+4	1.016490E-4	1.263030E+4	0.000000E+0	0.000000E+0
1.031121E+4	1.016500E-4	1.263020E+4	0.000000E+0	0.000000E+0
1.031521E+4	1.016460E-4	1.263000E+4	0.000000E+0	0.000000E+0
1.031921E+4	1.016510E-4	1.262960E+4	0.000000E+0	0.000000E+0
1.032321E+4	1.016490E-4	1.262950E+4	0.000000E+0	0.000000E+0
1.032721E+4	1.016500E-4	1.262920E+4	0.000000E+0	0.000000E+0
1.033121E+4	1.016480E-4	1.262900E+4	0.000000E+0	0.000000E+0
1.033521E+4	1.016530E-4	1.262870E+4	0.000000E+0	0.000000E+0
1.033921E+4	1.016510E-4	1.262850E+4	0.000000E+0	0.000000E+0
1.034321E+4	1.016520E-4	1.262820E+4	0.000000E+0	0.000000E+0
1.034721E+4	1.016470E-4	1.262810E+4	0.000000E+0	0.000000E+0
1.035121E+4	1.016530E-4	1.262780E+4	0.000000E+0	0.000000E+0
1.035521E+4	1.016490E-4	1.262740E+4	0.000000E+0	0.000000E+0
1.035921E+4	1.016500E-4	1.262710E+4	0.000000E+0	0.000000E+0
1.036321E+4	1.016460E-4	1.262690E+4	0.000000E+0	0.000000E+0
1.036721E+4	1.016500E-4	1.262670E+4	0.000000E+0	0.000000E+0
1.037121E+4	1.016460E-4	1.262650E+4	0.000000E+0	0.000000E+0
1.037521E+4	1.016510E-4	1.262630E+4	0.000000E+0	0.000000E+0
1.037921E+4	1.016490E-4	1.262610E+4	0.000000E+0	0.000000E+0
1.038321E+4	1.016490E-4	1.262590E+4	0.000000E+0	0.000000E+0
1.038721E+4	1.016470E-4	1.262570E+4	0.000000E+0	0.000000E+0
1.039121E+4	1.016500E-4	1.262560E+4	0.000000E+0	0.000000E+0
1.039521E+4	1.016480E-4	1.262550E+4	0.000000E+0	0.000000E+0
1.039921E+4	1.016490E-4	1.262540E+4	0.000000E+0	0.000000E+0
1.040321E+4	1.016460E-4	1.262520E+4	0.000000E+0	0.000000E+0
1.040721E+4	1.016480E-4	1.262490E+4	0.000000E+0	0.000000E+0
1.041121E+4	1.016450E-4	1.262470E+4	0.000000E+0	0.000000E+0
1.041521E+4	1.016490E-4	1.262450E+4	0.000000E+0	0.000000E+0
1.041921E+4	1.016430E-4	1.262420E+4	0.000000E+0	0.000000E+0
1.042321E+4	1.016480E-4	1.262410E+4	0.000000E+0	0.000000E+0
1.042721E+4	1.016450E-4	1.262400E+4	0.000000E+0	0.000000E+0
1.043121E+4	1.016500E-4	1.262370E+4	0.000000E+0	0.000000E+0
1.043521E+4	1.016440E-4	1.262340E+4	0.000000E+0	0.000000E+0
1.043920E+4	1.016490E-4	1.262320E+4	0.000000E+0	0.000000E+0
1.044321E+4	1.016430E-4	1.262290E+4	0.000000E+0	0.000000E+0
1.044721E+4	1.016470E-4	1.262270E+4	0.000000E+0	0.000000E+0
1.045121E+4	1.016420E-4	1.262250E+4	0.000000E+0	0.000000E+0
1.045521E+4	1.016460E-4	1.262230E+4	0.000000E+0	0.000000E+0
1.045921E+4	1.016440E-4	1.262210E+4	0.000000E+0	0.000000E+0
1.046321E+4	1.016480E-4	1.262200E+4	0.000000E+0	0.000000E+0
1.046721E+4	1.016430E-4	1.262180E+4	0.000000E+0	0.000000E+0
1.047121E+4	1.016460E-4	1.262160E+4	0.000000E+0	0.000000E+0
1.047521E+4	1.016440E-4	1.262150E+4	0.000000E+0	0.000000E+0
1.047921E+4	1.016470E-4	1.262120E+4	0.000000E+0	0.000000E+0
1.048320E+4	1.016440E-4	1.262100E+4	0.000000E+0	0.000000E+0
1.048721E+4	1.016460E-4	1.262080E+4	0.000000E+0	0.000000E+0
1.049121E+4	1.016410E-4	1.262060E+4	0.000000E+0	0.000000E+0
1.049521E+4	1.016480E-4	1.262040E+4	0.000000E+0	0.000000E+0
1.049921E+4	1.016420E-4	1.262020E+4	0.000000E+0	0.000000E+0
1.050321E+4	1.016480E-4	1.262000E+4	0.000000E+0	0.000000E+0
1.050721E+4	1.016400E-4	1.261970E+4	0.000000E+0	0.000000E+0
1.051121E+4	1.016490E-4	1.261950E+4	0.000000E+0	0.000000E+0
1.051521E+4	1.016420E-4	1.261930E+4	0.000000E+0	0.000000E+0
1.051921E+4	1.016430E-4	1.261910E+4	0.000000E+0	0.000000E+0
1.052321E+4	1.016400E-4	1.261900E+4	0.000000E+0	0.000000E+0
1.052721E+4	1.016460E-4	1.261880E+4	0.000000E+0	0.000000E+0
1.053121E+4	1.016410E-4	1.261870E+4	0.000000E+0	0.000000E+0
1.053521E+4	1.016440E-4	1.261850E+4	0.000000E+0	0.000000E+0
1.053921E+4	1.016410E-4	1.261830E+4	0.000000E+0	0.000000E+0
1.054321E+4	1.016460E-4	1.261810E+4	0.000000E+0	0.000000E+0
1.054720E+4	1.016400E-4	1.261790E+4	0.000000E+0	0.000000E+0
1.055121E+4	1.016470E-4	1.261770E+4	0.000000E+0	0.000000E+0
1.055520E+4	1.016400E-4	1.261760E+4	0.000000E+0	0.000000E+0
1.055921E+4	1.016440E-4	1.261740E+4	0.000000E+0	0.000000E+0
1.056321E+4	1.016430E-4	1.261740E+4	0.000000E+0	0.000000E+0
1.056721E+4	1.016440E-4	1.261720E+4	0.000000E+0	0.000000E+0
1.057121E+4	1.016400E-4	1.261710E+4	0.000000E+0	0.000000E+0
1.057521E+4	1.016440E-4	1.261690E+4	0.000000E+0	0.000000E+0
1.057921E+4	1.016380E-4	1.261670E+4	0.000000E+0	0.000000E+0
1.058321E+4	1.016440E-4	1.261650E+4	0.000000E+0	0.000000E+0
1.058721E+4	1.016400E-4	1.261640E+4	0.000000E+0	0.000000E+0
1.059121E+4	1.016430E-4	1.261610E+4	0.000000E+0	0.000000E+0
1.059521E+4	1.016380E-4	1.261590E+4	0.000000E+0	0.000000E+0
1.059921E+4	1.016420E-4	1.261570E+4	0.000000E+0	0.000000E+0
1.060321E+4	1.016380E-4	1.261550E+4	0.000000E+0	0.000000E+0
1.060721E+4	1.016450E-4	1.261520E+4	0.000000E+0	0.000000E+0
1.061121E+4	1.016380E-4	1.261500E+4	0.000000E+0	0.000000E+0
1.061521E+4	1.016420E-4	1.261480E+4	0.000000E+0	0.000000E+0
1.061921E+4	1.016380E-4	1.261470E+4	0.000000E+0	0.000000E+0
1.062321E+4	1.016420E-4	1.261450E+4	0.000000E+0	0.000000E+0
1.062722E+4	1.016360E-4	1.261420E+4	0.000000E+0	0.000000E+0
1.063121E+4	1.016410E-4	1.261410E+4	0.000000E+0	0.000000E+0
1.063521E+4	1.016380E-4	1.261400E+4	0.000000E+0	0.000000E+0
1.063921E+4	1.016420E-4	1.261380E+4	0.000000E+0	0.000000E+0
1.064321E+4	1.016360E-4	1.261340E+4	0.000000E+0	0.000000E+0
1.064721E+4	1.016400E-4	1.261340E+4	0.000000E+0	0.000000E+0
1.065121E+4	1.016340E-4	1.261320E+4	0.000000E+0	0.000000E+0
1.065521E+4	1.016390E-4	1.261310E+4	0.000000E+0	0.000000E+0
1.065920E+4	1.016360E-4	1.261300E+4	0.000000E+0	0.000000E+0
1.066322E+4	1.016410E-4	1.261290E+4	0.000000E+0	0.000000E+0
1.066721E+4	1.016380E-4	1.261270E+4	0.000000E+0	0.000000E+0
1.067121E+4	1.016400E-4	1.261260E+4	0.000000E+0	0.000000E+0
1.067521E+4	1.016330E-4	1.261240E+4	0.000000E+0	0.000000E+0
1.067921E+4	1.016380E-4	1.261230E+4	0.000000E+0	0.000000E+0
1.068321E+4	1.016330E-4	1.261200E+4	0.000000E+0	0.000000E+0
1.068721E+4	1.016370E-4	1.261200E+4	0.000000E+0	0.000000E+0
1.069121E+4	1.016310E-4	1.261180E+4	0.000000E+0	0.000000E+0
1.069521E+4	1.016370E-4	1.261170E+4	0.000000E+0	0.000000E+0
1.069922E+4	1.016320E-4	1.261150E+4	0.000000E+0	0.000000E+0
1.070321E+4	1.016400E-4	1.261130E+4	0.000000E+0	0.000000E+0
1.070721E+4	1.016320E-4	1.261110E+4	0.000000E+0	0.000000E+0
1.071121E+4	1.016370E-4	1.261100E+4	0.000000E+0	0.000000E+0
1.071521E+4	1.016320E-4	1.261080E+4	0.000000E+0	0.000000E+0
1.071921E+4	1.016380E-4	1.261070E+4	0.000000E+0	0.000000E+0
1.072320E+4	1.016320E-4	1.261050E+4	0.000000E+0	0.000000E+0
1.072721E+4	1.016380E-4	1.261040E+4	0.000000E+0	0.000000E+0
1.073121E+4	1.016300E-4	1.261020E+4	0.000000E+0	0.000000E+0
1.073521E+4	1.016370E-4	1.261010E+4	0.000000E+0	0.000000E+0
1.073921E+4	1.016300E-4	1.261010E+4	0.000000E+0	0.000000E+0
1.074321E+4	1.016350E-4	1.260990E+4	0.000000E+0	0.000000E+0
1.074721E+4	1.016300E-4	1.260980E+4	0.000000E+0	0.000000E+0
1.075121E+4	1.016350E-4	1.260960E+4	0.000000E+0	0.000000E+0
1.075521E+4	1.016280E-4	1.260930E+4	0.000000E+0	0.000000E+0
1.075921E+4	1.016340E-4	1.260910E+4	0.000000E+0	0.000000E+0
1.076321E+4	1.016260E-4	1.260890E+4	0.000000E+0	0.000000E+0
1.076721E+4	1.016330E-4	1.260870E+4	0.000000E+0	0.000000E+0
1.077121E+4	1.016310E-4	1.260850E+4	0.000000E+0	0.000000E+0
1.077521E+4	1.016340E-4	1.260830E+4	0.000000E+0	0.000000E+0
1.077921E+4	1.016280E-4	1.260810E+4	0.000000E+0	0.000000E+0
1.078321E+4	1.016340E-4	1.260800E+4	0.000000E+0	0.000000E+0
1.078721E+4	1.016310E-4	1.260780E+4	0.000000E+0	0.000000E+0
1.079121E+4	1.016350E-4	1.260780E+4	0.000000E+0	0.000000E+0
1.079521E+4	1.016270E-4	1.260760E+4	0.000000E+0	0.000000E+0
1.079921E+4	1.016320E-4	1.260750E+4	0.000000E+0	0.000000E+0
1.080321E+4	1.016290E-4	1.260740E+4	0.000000E+0	0.000000E+0
1.080721E+4	1.016330E-4	1.260740E+4	0.000000E+0	0.000000E+0
1.081121E+4	1.016290E-4	1.260730E+4	0.000000E+0	0.000000E+0
1.081521E+4	1.016320E-4	1.260720E+4	0.000000E+0	0.000000E+0
1.081921E+4	1.016300E-4	1.260700E+4	0.000000E+0	0.000000E+0
1.082321E+4	1.016300E-4	1.260700E+4	0.000000E+0	0.000000E+0
1.082720E+4	1.016260E-4	1.260680E+4	0.000000E+0	0.000000E+0
1.083121E+4	1.016350E-4	1.260670E+4	0.000000E+0	0.000000E+0
1.083521E+4	1.016280E-4	1.260650E+4	0.000000E+0	0.000000E+0
1.083921E+4	1.016300E-4	1.260630E+4	0.000000E+0	0.000000E+0
1.084321E+4	1.016270E-4	1.260620E+4	0.000000E+0	0.000000E+0
1.084721E+4	1.016310E-4	1.260600E+4	0.000000E+0	0.000000E+0
1.085121E+4	1.016270E-4	1.260590E+4	0.000000E+0	0.000000E+0
1.085521E+4	1.016320E-4	1.260580E+4	0.000000E+0	0.000000E+0
1.085921E+4	1.016230E-4	1.260560E+4	0.000000E+0	0.000000E+0
1.086321E+4	1.016300E-4	1.260540E+4	0.000000E+0	0.000000E+0
1.086721E+4	1.016240E-4	1.260520E+4	0.000000E+0	0.000000E+0
1.087121E+4	1.016310E-4	1.260500E+4	0.000000E+0	0.000000E+0
1.087521E+4	1.016250E-4	1.260470E+4	0.000000E+0	0.000000E+0
1.087921E+4	1.016300E-4	1.260460E+4	0.000000E+0	0.000000E+0
1.088321E+4	1.016260E-4	1.260430E+4	0.000000E+0	0.000000E+0
1.088721E+4	1.016310E-4	1.260410E+4	0.000000E+0	0.000000E+0
1.089121E+4	1.016280E-4	1.260390E+4	0.000000E+0	0.000000E+0
1.089521E+4	1.016310E-4	1.260380E+4	0.000000E+0	0.000000E+0
1.089921E+4	1.016260E-4	1.260380E+4	0.000000E+0	0.000000E+0
1.090321E+4	1.016280E-4	1.260340E+4	0.000000E+0	0.000000E+0
1.090720E+4	1.016220E-4	1.260320E+4	0.000000E+0	0.000000E+0
1.091121E+4	1.016280E-4	1.260290E+4	0.000000E+0	0.000000E+0
1.091521E+4	1.016210E-4	1.260280E+4	0.000000E+0	0.000000E+0
1.091921E+4	1.016280E-4	1.260260E+4	0.000000E+0	0.000000E+0
1.092321E+4	1.016260E-4	1.260240E+4	0.000000E+0	0.000000E+0
1.092721E+4	1.016270E-4	1.260230E+4	0.000000E+0	0.000000E+0
1.093121E+4	1.016210E-4	1.260220E+4	0.000000E+0	0.000000E+0
1.093521E+4	1.016270E-4	1.260210E+4	0.000000E+0	0.000000E+0
1.093920E+4	1.016240E-4	1.260200E+4	0.000000E+0	0.000000E+0
1.094321E+4	1.016260E-4	1.260170E+4	0.000000E+0	0.000000E+0
1.094721E+4	1.016260E-4	1.260150E+4	0.000000E+0	0.000000E+0
1.095121E+4	1.016260E-4	1.260130E+4	0.000000E+0	0.000000E+0
1.095521E+4	1.016240E-4	1.260120E+4	0.000000E+0	0.000000E+0
1.095921E+4	1.016250E-4	1.260120E+4	0.000000E+0	0.000000E+0
1.096321E+4	1.016230E-4	1.260090E+4	0.000000E+0	0.000000E+0
1.096721E+4	1.016280E-4	1.260090E+4	0.000000E+0	0.000000E+0
1.097120E+4	1.016220E-4	1.260080E+4	0.000000E+0	0.000000E+0
1.097521E+4	1.016250E-4	1.260050E+4	0.000000E+0	0.000000E+0
1.097921E+4	1.016230E-4	1.260040E+4	0.000000E+0	0.000000E+0
1.098321E+4	1.016270E-4	1.260020E+4	0.000000E+0	0.000000E+0
1.098721E+4	1.016240E-4	1.260000E+4	0.000000E+0	0.000000E+0
1.099121E+4	1.016300E-4	1.260000E+4	0.000000E+0	0.000000E+0
1.099521E+4	1.016220E-4	1.259980E+4	0.000000E+0	0.000000E+0
1.099921E+4	1.016270E-4	1.259970E+4	0.000000E+0	0.000000E+0
1.100321E+4	1.016200E-4	1.259930E+4	0.000000E+0	0.000000E+0
1.100721E+4	1.016240E-4	1.259920E+4	0.000000E+0	0.000000E+0
1.101121E+4	1.016200E-4	1.259920E+4	0.000000E+0	0.000000E+0
1.101521E+4	1.016230E-4	1.259900E+4	0.000000E+0	0.000000E+0
1.101921E+4	1.016190E-4	1.259880E+4	0.000000E+0	0.000000E+0
1.102321E+4	1.016280E-4	1.259890E+4	0.000000E+0	0.000000E+0
1.102721E+4	1.016190E-4	1.259870E+4	0.000000E+0	0.000000E+0
1.103121E+4	1.016270E-4	1.259840E+4	0.000000E+0	0.000000E+0
1.103521E+4	1.016190E-4	1.259830E+4	0.000000E+0	0.000000E+0
1.103920E+4	1.016240E-4	1.259830E+4	0.000000E+0	0.000000E+0
1.104320E+4	1.016170E-4	1.259820E+4	0.000000E+0	0.000000E+0
1.104720E+4	1.016250E-4	1.259790E+4	0.000000E+0	0.000000E+0
1.105121E+4	1.016180E-4	1.259790E+4	0.000000E+0	0.000000E+0
1.105521E+4	1.016200E-4	1.259780E+4	0.000000E+0	0.000000E+0
1.105920E+4	1.016190E-4	1.259760E+4	0.000000E+0	0.000000E+0
1.106321E+4	1.016210E-4	1.259760E+4	0.000000E+0	0.000000E+0
1.106721E+4	1.016180E-4	1.259750E+4	0.000000E+0	0.000000E+0
1.107121E+4	1.016210E-4	1.259740E+4	0.000000E+0	0.000000E+0
1.107521E+4	1.016180E-4	1.259730E+4	0.000000E+0	0.000000E+0
1.107921E+4	1.016190E-4	1.259700E+4	0.000000E+0	0.000000E+0
1.108321E+4	1.016150E-4	1.259710E+4	0.000000E+0	0.000000E+0
1.108721E+4	1.016230E-4	1.259690E+4	0.000000E+0	0.000000E+0
1.109121E+4	1.016190E-4	1.259690E+4	0.000000E+0	0.000000E+0
1.109521E+4	1.016200E-4	1.259670E+4	0.000000E+0	0.000000E+0
1.109921E+4	1.016160E-4	1.259660E+4	0.000000E+0	0.000000E+0
1.110321E+4	1.016200E-4	1.259650E+4	0.000000E+0	0.000000E+0
1.110721E+4	1.016150E-4	1.259630E+4	0.000000E+0	0.000000E+0
1.111121E+4	1.016200E-4	1.259620E+4	0.000000E+0	0.000000E+0
1.111521E+4	1.016150E-4	1.259600E+4	0.000000E+0	0.000000E+0
1.111921E+4	1.016210E-4	1.259580E+4	0.000000E+0	0.000000E+0
1.112321E+4	1.016170E-4	1.259580E+4	0.000000E+0	0.000000E+0
1.112721E+4	1.016170E-4	1.259550E+4	0.000000E+0	0.000000E+0
1.113121E+4	1.016200E-4	1.259530E+4	0.000000E+0	0.000000E+0
1.113521E+4	1.016190E-4	1.259520E+4	0.000000E+0	0.000000E+0
1.113921E+4	1.016170E-4	1.259500E+4	0.000000E+0	0.000000E+0
1.114321E+4	1.016200E-4	1.259480E+4	0.000000E+0	0.000000E+0
1.114721E+4	1.016130E-4	1.259450E+4	0.000000E+0	0.000000E+0
1.115121E+4	1.016230E-4	1.259450E+4	0.000000E+0	0.000000E+0
1.115521E+4	1.016120E-4	1.259420E+4	0.000000E+0	0.000000E+0
1.115921E+4	1.016210E-4	1.259410E+4	0.000000E+0	0.000000E+0
1.116320E+4	1.016130E-4	1.259400E+4	0.000000E+0	0.000000E+0
1.116721E+4	1.016180E-4	1.259390E+4	0.000000E+0	0.000000E+0
1.117121E+4	1.016130E-4	1.259370E+4	0.000000E+0	0.000000E+0
1.117521E+4	1.016190E-4	1.259370E+4	0.000000E+0	0.000000E+0
1.117921E+4	1.016130E-4	1.259350E+4	0.000000E+0	0.000000E+0
1.118321E+4	1.016180E-4	1.259350E+4	0.000000E+0	0.000000E+0
1.118721E+4	1.016130E-4	1.259340E+4	0.000000E+0	0.000000E+0
1.119121E+4	1.016150E-4	1.259330E+4	0.000000E+0	0.000000E+0
1.119521E+4	1.016100E-4	1.259320E+4	0.000000E+0	0.000000E+0
1.119921E+4	1.016150E-4	1.259300E+4	0.000000E+0	0.000000E+0
1.120321E+4	1.016110E-4	1.259280E+4	0.000000E+0	0.000000E+0
1.120721E+4	1.016140E-4	1.259260E+4	0.000000E+0	0.000000E+0
1.121121E+4	1.016100E-4	1.259260E+4	0.000000E+0	0.000000E+0
1.121521E+4	1.016130E-4	1.259220E+4	0.000000E+0	0.000000E+0
1.121921E+4	1.016110E-4	1.259250E+4	0.000000E+0	0.000000E+0
1.122320E+4	1.016140E-4	1.259220E+4	0.000000E+0	0.000000E+0
1.122721E+4	1.016090E-4	1.259190E+4	0.000000E+0	0.000000E+0
1.123121E+4	1.016140E-4	1.259190E+4	0.000000E+0	0.000000E+0
1.123521E+4	1.016080E-4	1.259180E+4	0.000000E+0	0.000000E+0
1.123921E+4	1.016150E-4	1.259170E+4	0.000000E+0	0.000000E+0
1.124320E+4	1.016100E-4	1.259160E+4	0.000000E+0	0.000000E+0
1.124721E+4	1.016150E-4	1.259130E+4	0.000000E+0	0.000000E+0
1.125121E+4	1.016080E-4	1.259120E+4	0.000000E+0	0.000000E+0
1.125521E+4	1.016120E-4	1.259110E+4	0.000000E+0	0.000000E+0
1.125921E+4	1.016120E-4	1.259090E+4	0.000000E+0	0.000000E+0
1.126321E+4	1.016130E-4	1.259090E+4	0.000000E+0	0.000000E+0
1.126721E+4	1.016050E-4	1.259060E+4	0.000000E+0	0.000000E+0
1.127121E+4	1.016120E-4	1.259050E+4	0.000000E+0	0.000000E+0
1.127521E+4	1.016080E-4	1.259030E+4	0.000000E+0	0.000000E+0
1.127921E+4	1.016130E-4	1.259010E+4	0.000000E+0	0.000000E+0
1.128321E+4	1.016070E-4	1.259010E+4	0.000000E+0	0.000000E+0
1.128721E+4	1.016100E-4	1.258990E+4	0.000000E+0	0.000000E+0
1.129121E+4	1.016050E-4	1.258980E+4	0.000000E+0	0.000000E+0
1.129521E+4	1.016100E-4	1.258960E+4	0.000000E+0	0.000000E+0
1.129921E+4	1.016080E-4	1.258950E+4	0.000000E+0	0.000000E+0
1.130321E+4	1.016090E-4	1.258930E+4	0.000000E+0	0.000000E+0
1.130720E+4	1.016080E-4	1.258930E+4	0.000000E+0	0.000000E+0
1.131121E+4	1.016120E-4	1.258910E+4	0.000000E+0	0.000000E+0
1.131521E+4	1.016070E-4	1.258900E+4	0.000000E+0	0.000000E+0
1.131921E+4	1.016120E-4	1.258870E+4	0.000000E+0	0.000000E+0
1.132321E+4	1.016070E-4	1.258870E+4	0.000000E+0	0.000000E+0
1.132721E+4	1.016130E-4	1.258850E+4	0.000000E+0	0.000000E+0
1.133121E+4	1.016070E-4	1.258840E+4	0.000000E+0	0.000000E+0
1.133521E+4	1.016120E-4	1.258830E+4	0.000000E+0	0.000000E+0
1.133920E+4	1.016110E-4	1.258810E+4	0.000000E+0	0.000000E+0
1.134321E+4	1.016110E-4	1.258790E+4	0.000000E+0	0.000000E+0
1.134720E+4	1.016070E-4	1.258800E+4	0.000000E+0	0.000000E+0
1.135120E+4	1.016110E-4	1.258780E+4	0.000000E+0	0.000000E+0
1.135521E+4	1.016050E-4	1.258770E+4	0.000000E+0	0.000000E+0
1.135921E+4	1.016070E-4	1.258760E+4	0.000000E+0	0.000000E+0
1.136321E+4	1.016070E-4	1.258730E+4	0.000000E+0	0.000000E+0
1.136721E+4	1.016080E-4	1.258730E+4	0.000000E+0	0.000000E+0
1.137121E+4	1.016090E-4	1.258740E+4	0.000000E+0	0.000000E+0
1.137521E+4	1.016100E-4	1.258710E+4	0.000000E+0	0.000000E+0
1.137921E+4	1.016050E-4	1.258700E+4	0.000000E+0	0.000000E+0
1.138321E+4	1.016110E-4	1.258690E+4	0.000000E+0	0.000000E+0
1.138721E+4	1.016050E-4	1.258670E+4	0.000000E+0	0.000000E+0
1.139121E+4	1.016070E-4	1.258660E+4	0.000000E+0	0.000000E+0
1.139521E+4	1.016040E-4	1.258650E+4	0.000000E+0	0.000000E+0
1.139921E+4	1.016110E-4	1.258620E+4	0.000000E+0	0.000000E+0
1.140320E+4	1.016030E-4	1.258610E+4	0.000000E+0	0.000000E+0
1.140721E+4	1.016050E-4	1.258600E+4	0.000000E+0	0.000000E+0
1.141121E+4	1.016020E-4	1.258580E+4	0.000000E+0	0.000000E+0
1.141521E+4	1.016100E-4	1.258570E+4	0.000000E+0	0.000000E+0
1.141920E+4	1.016030E-4	1.258540E+4	0.000000E+0	0.000000E+0
1.142321E+4	1.016050E-4	1.258540E+4	0.000000E+0	0.000000E+0
1.142720E+4	1.016030E-4	1.258520E+4	0.000000E+0	0.000000E+0
1.143121E+4	1.016070E-4	1.258510E+4	0.000000E+0	0.000000E+0
1.143521E+4	1.016020E-4	1.258480E+4	0.000000E+0	0.000000E+0
1.143921E+4	1.016080E-4	1.258460E+4	0.000000E+0	0.000000E+0
1.144321E+4	1.016010E-4	1.258450E+4	0.000000E+0	0.000000E+0
1.144721E+4	1.016080E-4	1.258420E+4	0.000000E+0	0.000000E+0
1.145121E+4	1.016040E-4	1.258410E+4	0.000000E+0	0.000000E+0
1.145521E+4	1.016090E-4	1.258390E+4	0.000000E+0	0.000000E+0
1.145920E+4	1.016020E-4	1.258380E+4	0.000000E+0	0.000000E+0
1.146321E+4	1.016090E-4	1.258380E+4	0.000000E+0	0.000000E+0
1.146721E+4	1.016000E-4	1.258360E+4	0.000000E+0	0.000000E+0
1.147121E+4	1.016060E-4	1.258350E+4	0.000000E+0	0.000000E+0
1.147521E+4	1.016030E-4	1.258340E+4	0.000000E+0	0.000000E+0
1.147921E+4	1.016070E-4	1.258320E+4	0.000000E+0	0.000000E+0
1.148320E+4	1.015990E-4	1.258310E+4	0.000000E+0	0.000000E+0
1.148721E+4	1.016080E-4	1.258300E+4	0.000000E+0	0.000000E+0
1.149121E+4	1.016030E-4	1.258290E+4	0.000000E+0	0.000000E+0
1.149521E+4	1.016040E-4	1.258270E+4	0.000000E+0	0.000000E+0
1.149921E+4	1.015990E-4	1.258260E+4	0.000000E+0	0.000000E+0
1.150321E+4	1.016040E-4	1.258250E+4	0.000000E+0	0.000000E+0
1.150721E+4	1.016000E-4	1.258240E+4	0.000000E+0	0.000000E+0
1.151121E+4	1.016050E-4	1.258230E+4	0.000000E+0	0.000000E+0
1.151521E+4	1.015950E-4	1.258210E+4	0.000000E+0	0.000000E+0
1.151921E+4	1.016040E-4	1.258200E+4	0.000000E+0	0.000000E+0
1.152321E+4	1.015970E-4	1.258190E+4	0.000000E+0	0.000000E+0
1.152721E+4	1.016020E-4	1.258170E+4	0.000000E+0	0.000000E+0
1.153121E+4	1.015980E-4	1.258170E+4	0.000000E+0	0.000000E+0
1.153521E+4	1.016040E-4	1.258160E+4	0.000000E+0	0.000000E+0
1.153921E+4	1.015980E-4	1.258140E+4	0.000000E+0	0.000000E+0
1.154321E+4	1.016020E-4	1.258140E+4	0.000000E+0	0.000000E+0
1.154721E+4	1.015990E-4	1.258120E+4	0.000000E+0	0.000000E+0
1.155121E+4	1.016000E-4	1.258100E+4	0.000000E+0	0.000000E+0
1.155521E+4	1.015960E-4	1.258090E+4	0.000000E+0	0.000000E+0
1.155921E+4	1.016020E-4	1.258080E+4	0.000000E+0	0.000000E+0
1.156321E+4	1.015980E-4	1.258070E+4	0.000000E+0	0.000000E+0
1.156721E+4	1.016020E-4	1.258060E+4	0.000000E+0	0.000000E+0
1.157121E+4	1.016020E-4	1.258050E+4	0.000000E+0	0.000000E+0
1.157521E+4	1.016030E-4	1.258030E+4	0.000000E+0	0.000000E+0
1.157921E+4	1.015940E-4	1.258030E+4	0.000000E+0	0.000000E+0
1.158321E+4	1.016020E-4	1.258020E+4	0.000000E+0	0.000000E+0
1.158720E+4	1.015960E-4	1.258000E+4	0.000000E+0	0.000000E+0
1.159120E+4	1.016000E-4	1.257990E+4	0.000000E+0	0.000000E+0
1.159521E+4	1.015940E-4	1.257990E+4	0.000000E+0	0.000000E+0
1.159921E+4	1.016000E-4	1.257970E+4	0.000000E+0	0.000000E+0
1.160320E+4	1.015980E-4	1.257960E+4	0.000000E+0	0.000000E+0
1.160720E+4	1.016010E-4	1.257950E+4	0.000000E+0	0.000000E+0
1.161121E+4	1.015940E-4	1.257930E+4	0.000000E+0	0.000000E+0
1.161521E+4	1.016020E-4	1.257920E+4	0.000000E+0	0.000000E+0
1.161921E+4	1.015940E-4	1.257910E+4	0.000000E+0	0.000000E+0
1.162320E+4	1.015980E-4	1.257900E+4	0.000000E+0	0.000000E+0
1.162721E+4	1.015940E-4	1.257880E+4	0.000000E+0	0.000000E+0
1.163121E+4	1.015990E-4	1.257870E+4	0.000000E+0	0.000000E+0
1.163521E+4	1.015970E-4	1.257860E+4	0.000000E+0	0.000000E+0
1.163921E+4	1.015990E-4	1.257840E+4	0.000000E+0	0.000000E+0
1.164321E+4	1.015900E-4	1.257820E+4	0.000000E+0	0.000000E+0
1.164721E+4	1.016000E-4	1.257790E+4	0.000000E+0	0.000000E+0
1.165121E+4	1.015890E-4	1.257790E+4	0.000000E+0	0.000000E+0
1.165521E+4	1.015990E-4	1.257780E+4	0.000000E+0	0.000000E+0
1.165921E+4	1.015920E-4	1.257770E+4	0.000000E+0	0.000000E+0
1.166321E+4	1.015940E-4	1.257760E+4	0.000000E+0	0.000000E+0
1.166721E+4	1.015930E-4	1.257760E+4	0.000000E+0	0.000000E+0
1.167121E+4	1.015930E-4	1.257740E+4	0.000000E+0	0.000000E+0
1.167521E+4	1.015890E-4	1.257740E+4	0.000000E+0	0.000000E+0
1.167921E+4	1.015990E-4	1.257730E+4	0.000000E+0	0.000000E+0
1.168321E+4	1.015910E-4	1.257720E+4	0.000000E+0	0.000000E+0
1.168721E+4	1.015940E-4	1.257710E+4	0.000000E+0	0.000000E+0
1.169121E+4	1.015940E-4	1.257700E+4	0.000000E+0	0.000000E+0
1.169521E+4	1.015960E-4	1.257690E+4	0.000000E+0	0.000000E+0
1.169921E+4	1.015950E-4	1.257670E+4	0.000000E+0	0.000000E+0
1.170321E+4	1.015940E-4	1.257670E+4	0.000000E+0	0.000000E+0
1.170721E+4	1.015850E-4	1.257650E+4	0.000000E+0	0.000000E+0
1.171121E+4	1.015970E-4	1.257640E+4	0.000000E+0	0.000000E+0
1.171521E+4	1.015890E-4	1.257630E+4	0.000000E+0	0.000000E+0
1.171921E+4	1.015930E-4	1.257620E+4	0.000000E+0	0.000000E+0
1.172321E+4	1.015940E-4	1.257600E+4	0.000000E+0	0.000000E+0
1.172721E+4	1.015920E-4	1.257590E+4	0.000000E+0	0.000000E+0
1.173121E+4	1.015870E-4	1.257570E+4	0.000000E+0	0.000000E+0
1.173521E+4	1.015910E-4	1.257570E+4	0.000000E+0	0.000000E+0
1.173921E+4	1.015860E-4	1.257540E+4	0.000000E+0	0.000000E+0
1.174321E+4	1.015890E-4	1.257540E+4	0.000000E+0	0.000000E+0
1.174721E+4	1.015850E-4	1.257530E+4	0.000000E+0	0.000000E+0
1.175121E+4	1.015910E-4	1.257500E+4	0.000000E+0	0.000000E+0
1.175521E+4	1.015860E-4	1.257490E+4	0.000000E+0	0.000000E+0
1.175921E+4	1.015900E-4	1.257470E+4	0.000000E+0	0.000000E+0
1.176321E+4	1.015850E-4	1.257460E+4	0.000000E+0	0.000000E+0
1.176721E+4	1.015900E-4	1.257450E+4	0.000000E+0	0.000000E+0
1.177121E+4	1.015850E-4	1.257440E+4	0.000000E+0	0.000000E+0
1.177521E+4	1.015950E-4	1.257420E+4	0.000000E+0	0.000000E+0
1.177921E+4	1.015860E-4	1.257400E+4	0.000000E+0	0.000000E+0
1.178321E+4	1.015910E-4	1.257390E+4	0.000000E+0	0.000000E+0
1.178721E+4	1.015880E-4	1.257370E+4	0.000000E+0	0.000000E+0
1.179121E+4	1.015860E-4	1.257360E+4	0.000000E+0	0.000000E+0
1.179521E+4	1.015850E-4	1.257360E+4	0.000000E+0	0.000000E+0
1.179921E+4	1.015900E-4	1.257330E+4	0.000000E+0	0.000000E+0
1.180321E+4	1.015840E-4	1.257320E+4	0.000000E+0	0.000000E+0
1.180721E+4	1.015890E-4	1.257310E+4	0.000000E+0	0.000000E+0
1.181121E+4	1.015890E-4	1.257290E+4	0.000000E+0	0.000000E+0
1.181521E+4	1.015900E-4	1.257280E+4	0.000000E+0	0.000000E+0
1.181921E+4	1.015850E-4	1.257270E+4	0.000000E+0	0.000000E+0
1.182321E+4	1.015900E-4	1.257240E+4	0.000000E+0	0.000000E+0
1.182721E+4	1.015870E-4	1.257230E+4	0.000000E+0	0.000000E+0
1.183121E+4	1.015890E-4	1.257230E+4	0.000000E+0	0.000000E+0
1.183521E+4	1.015830E-4	1.257210E+4	0.000000E+0	0.000000E+0
1.183921E+4	1.015880E-4	1.257190E+4	0.000000E+0	0.000000E+0
1.184321E+4	1.015860E-4	1.257200E+4	0.000000E+0	0.000000E+0
1.184721E+4	1.015880E-4	1.257170E+4	0.000000E+0	0.000000E+0
1.185121E+4	1.015840E-4	1.257160E+4	0.000000E+0	0.000000E+0
1.185521E+4	1.015900E-4	1.257170E+4	0.000000E+0	0.000000E+0
1.185921E+4	1.015850E-4	1.257150E+4	0.000000E+0	0.000000E+0
1.186321E+4	1.015880E-4	1.257130E+4	0.000000E+0	0.000000E+0
1.186721E+4	1.015840E-4	1.257120E+4	0.000000E+0	0.000000E+0
1.187121E+4	1.015890E-4	1.257110E+4	0.000000E+0	0.000000E+0
1.187521E+4	1.015830E-4	1.257110E+4	0.000000E+0	0.000000E+0
1.187921E+4	1.015890E-4	1.257080E+4	0.000000E+0	0.000000E+0
1.188321E+4	1.015800E-4	1.257070E+4	0.000000E+0	0.000000E+0
1.188721E+4	1.015860E-4	1.257060E+4	0.000000E+0	0.000000E+0
1.189121E+4	1.015830E-4	1.257040E+4	0.000000E+0	0.000000E+0
1.189521E+4	1.015880E-4	1.257030E+4	0.000000E+0	0.000000E+0
1.189921E+4	1.015810E-4	1.257020E+4	0.000000E+0	0.000000E+0
1.190321E+4	1.015860E-4	1.257010E+4	0.000000E+0	0.000000E+0
1.190721E+4	1.015820E-4	1.257000E+4	0.000000E+0	0.000000E+0
1.191121E+4	1.015860E-4	1.256980E+4	0.000000E+0	0.000000E+0
1.191521E+4	1.015830E-4	1.256970E+4	0.000000E+0	0.000000E+0
1.191921E+4	1.015860E-4	1.256950E+4	0.000000E+0	0.000000E+0
1.192321E+4	1.015830E-4	1.256940E+4	0.000000E+0	0.000000E+0
1.192721E+4	1.015870E-4	1.256940E+4	0.000000E+0	0.000000E+0
1.193121E+4	1.015820E-4	1.256910E+4	0.000000E+0	0.000000E+0
1.193521E+4	1.015880E-4	1.256910E+4	0.000000E+0	0.000000E+0
1.193921E+4	1.015820E-4	1.256890E+4	0.000000E+0	0.000000E+0
1.194321E+4	1.015830E-4	1.256880E+4	0.000000E+0	0.000000E+0
1.194721E+4	1.015820E-4	1.256870E+4	0.000000E+0	0.000000E+0
1.195121E+4	1.015880E-4	1.256870E+4	0.000000E+0	0.000000E+0
1.195521E+4	1.015810E-4	1.256860E+4	0.000000E+0	0.000000E+0
1.195921E+4	1.015860E-4	1.256840E+4	0.000000E+0	0.000000E+0
1.196321E+4	1.015810E-4	1.256840E+4	0.000000E+0	0.000000E+0
1.196721E+4	1.015870E-4	1.256830E+4	0.000000E+0	0.000000E+0
1.197121E+4	1.015790E-4	1.256800E+4	0.000000E+0	0.000000E+0
1.197521E+4	1.015840E-4	1.256800E+4	0.000000E+0	0.000000E+0
1.197921E+4	1.015810E-4	1.256780E+4	0.000000E+0	0.000000E+0
1.198322E+4	1.015860E-4	1.256770E+4	0.000000E+0	0.000000E+0
1.198721E+4	1.015800E-4	1.256760E+4	0.000000E+0	0.000000E+0
1.199121E+4	1.015840E-4	1.256730E+4	0.000000E+0	0.000000E+0
1.199521E+4	1.015800E-4	1.256730E+4	0.000000E+0	0.000000E+0
1.199921E+4	1.015860E-4	1.256710E+4	0.000000E+0	0.000000E+0
1.200321E+4	1.015800E-4	1.256680E+4	0.000000E+0	0.000000E+0
1.200721E+4	1.015830E-4	1.256680E+4	0.000000E+0	0.000000E+0
1.201121E+4	1.015800E-4	1.256660E+4	0.000000E+0	0.000000E+0
1.201521E+4	1.015820E-4	1.256660E+4	0.000000E+0	0.000000E+0
1.201921E+4	1.015800E-4	1.256640E+4	0.000000E+0	0.000000E+0
1.202321E+4	1.015840E-4	1.256620E+4	0.000000E+0	0.000000E+0
1.202721E+4	1.015820E-4	1.256620E+4	0.000000E+0	0.000000E+0
1.203121E+4	1.015830E-4	1.256600E+4	0.000000E+0	0.000000E+0
1.203521E+4	1.015780E-4	1.256590E+4	0.000000E+0	0.000000E+0
1.203921E+4	1.015810E-4	1.256580E+4	0.000000E+0	0.000000E+0
1.204321E+4	1.015790E-4	1.256570E+4	0.000000E+0	0.000000E+0
1.204721E+4	1.015820E-4	1.256560E+4	0.000000E+0	0.000000E+0
1.205121E+4	1.015780E-4	1.256560E+4	0.000000E+0	0.000000E+0
1.205521E+4	1.015840E-4	1.256540E+4	0.000000E+0	0.000000E+0
1.205921E+4	1.015790E-4	1.256540E+4	0.000000E+0	0.000000E+0
1.206321E+4	1.015820E-4	1.256520E+4	0.000000E+0	0.000000E+0
1.206721E+4	1.015760E-4	1.256500E+4	0.000000E+0	0.000000E+0
1.207121E+4	1.015810E-4	1.256500E+4	0.000000E+0	0.000000E+0
1.207521E+4	1.015750E-4	1.256480E+4	0.000000E+0	0.000000E+0
1.207921E+4	1.015820E-4	1.256460E+4	0.000000E+0	0.000000E+0
1.208321E+4	1.015740E-4	1.256460E+4	0.000000E+0	0.000000E+0
1.208721E+4	1.015780E-4	1.256440E+4	0.000000E+0	0.000000E+0
1.209121E+4	1.015760E-4	1.256420E+4	0.000000E+0	0.000000E+0
1.209521E+4	1.015820E-4	1.256410E+4	0.000000E+0	0.000000E+0
1.209921E+4	1.015760E-4	1.256390E+4	0.000000E+0	0.000000E+0
1.210321E+4	1.015800E-4	1.256380E+4	0.000000E+0	0.000000E+0
1.210721E+4	1.015720E-4	1.256360E+4	0.000000E+0	0.000000E+0
1.211121E+4	1.015780E-4	1.256350E+4	0.000000E+0	0.000000E+0
1.211521E+4	1.015740E-4	1.256340E+4	0.000000E+0	0.000000E+0
1.211921E+4	1.015780E-4	1.256310E+4	0.000000E+0	0.000000E+0
1.212321E+4	1.015740E-4	1.256300E+4	0.000000E+0	0.000000E+0
1.212721E+4	1.015760E-4	1.256290E+4	0.000000E+0	0.000000E+0
1.213121E+4	1.015740E-4	1.256270E+4	0.000000E+0	0.000000E+0
1.213521E+4	1.015770E-4	1.256260E+4	0.000000E+0	0.000000E+0
1.213921E+4	1.015730E-4	1.256240E+4	0.000000E+0	0.000000E+0
1.214321E+4	1.015780E-4	1.256240E+4	0.000000E+0	0.000000E+0
1.214721E+4	1.015710E-4	1.256220E+4	0.000000E+0	0.000000E+0
