
Medición hecha el 2026-09-03  05:44 p.m.

Medición de corriente y tensión en el tiempo con posibilidad de inyectar corriente.
Tiempo	Corriente	Tensión
3.664000E+0	1.024130E-6	1.297260E+4	0.000000E+0	0.000000E+0
7.407000E+0	1.023370E-6	1.297470E+4	0.000000E+0	0.000000E+0
1.137500E+1	1.022830E-6	1.297700E+4	0.000000E+0	0.000000E+0
1.537300E+1	1.022280E-6	1.297910E+4	0.000000E+0	0.000000E+0
1.937800E+1	1.021950E-6	1.298140E+4	0.000000E+0	0.000000E+0
2.337500E+1	1.021480E-6	1.298330E+4	0.000000E+0	0.000000E+0
2.737600E+1	1.021170E-6	1.298520E+4	0.000000E+0	0.000000E+0
3.137800E+1	1.020910E-6	1.298700E+4	0.000000E+0	0.000000E+0
3.537900E+1	1.020760E-6	1.298860E+4	0.000000E+0	0.000000E+0
3.937800E+1	1.020330E-6	1.299040E+4	0.000000E+0	0.000000E+0
4.337500E+1	1.020230E-6	1.299180E+4	0.000000E+0	0.000000E+0
4.737200E+1	1.019890E-6	1.299330E+4	0.000000E+0	0.000000E+0
5.137700E+1	1.019700E-6	1.299460E+4	0.000000E+0	0.000000E+0
5.538200E+1	1.019620E-6	1.299590E+4	0.000000E+0	0.000000E+0
5.937600E+1	1.019350E-6	1.299710E+4	0.000000E+0	0.000000E+0
6.337600E+1	1.019040E-6	1.299840E+4	0.000000E+0	0.000000E+0
6.737500E+1	1.018870E-6	1.299960E+4	0.000000E+0	0.000000E+0
7.137500E+1	1.018750E-6	1.300060E+4	0.000000E+0	0.000000E+0
7.538000E+1	1.018510E-6	1.300160E+4	0.000000E+0	0.000000E+0
7.938300E+1	1.018440E-6	1.300250E+4	0.000000E+0	0.000000E+0
8.337700E+1	1.018240E-6	1.300330E+4	0.000000E+0	0.000000E+0
8.737400E+1	1.017970E-6	1.300410E+4	0.000000E+0	0.000000E+0
9.138200E+1	1.017910E-6	1.300510E+4	0.000000E+0	0.000000E+0
9.537400E+1	1.017760E-6	1.300580E+4	0.000000E+0	0.000000E+0
9.937400E+1	1.017650E-6	1.300670E+4	0.000000E+0	0.000000E+0
1.033760E+2	1.017490E-6	1.300740E+4	0.000000E+0	0.000000E+0
1.073740E+2	1.017430E-6	1.300810E+4	0.000000E+0	0.000000E+0
1.113740E+2	1.017330E-6	1.300870E+4	0.000000E+0	0.000000E+0
1.153750E+2	1.017230E-6	1.300930E+4	0.000000E+0	0.000000E+0
1.193750E+2	1.017140E-6	1.300980E+4	0.000000E+0	0.000000E+0
1.233740E+2	1.017100E-6	1.301030E+4	0.000000E+0	0.000000E+0
1.273730E+2	1.017020E-6	1.301080E+4	0.000000E+0	0.000000E+0
1.313740E+2	1.016950E-6	1.301120E+4	0.000000E+0	0.000000E+0
1.353730E+2	1.016850E-6	1.301160E+4	0.000000E+0	0.000000E+0
1.393750E+2	1.016780E-6	1.301190E+4	0.000000E+0	0.000000E+0
1.433730E+2	1.016650E-6	1.301220E+4	0.000000E+0	0.000000E+0
1.473740E+2	1.016560E-6	1.301240E+4	0.000000E+0	0.000000E+0
1.513750E+2	1.016530E-6	1.301280E+4	0.000000E+0	0.000000E+0
1.553740E+2	1.016460E-6	1.301300E+4	0.000000E+0	0.000000E+0
1.593750E+2	1.016400E-6	1.301330E+4	0.000000E+0	0.000000E+0
1.633750E+2	1.016310E-6	1.301360E+4	0.000000E+0	0.000000E+0
1.673730E+2	1.016140E-6	1.301380E+4	0.000000E+0	0.000000E+0
1.713750E+2	1.016170E-6	1.301410E+4	0.000000E+0	0.000000E+0
1.753750E+2	1.015990E-6	1.301420E+4	0.000000E+0	0.000000E+0
1.793750E+2	1.016000E-6	1.301440E+4	0.000000E+0	0.000000E+0
1.833750E+2	1.015850E-6	1.301460E+4	0.000000E+0	0.000000E+0
1.873750E+2	1.015800E-6	1.301470E+4	0.000000E+0	0.000000E+0
1.913740E+2	1.015730E-6	1.301480E+4	0.000000E+0	0.000000E+0
1.953750E+2	1.015600E-6	1.301480E+4	0.000000E+0	0.000000E+0
1.993750E+2	1.015620E-6	1.301500E+4	0.000000E+0	0.000000E+0
2.033770E+2	1.015580E-6	1.301500E+4	0.000000E+0	0.000000E+0
2.073770E+2	1.015450E-6	1.301510E+4	0.000000E+0	0.000000E+0
2.113760E+2	1.015410E-6	1.301520E+4	0.000000E+0	0.000000E+0
2.153750E+2	1.015360E-6	1.301520E+4	0.000000E+0	0.000000E+0
2.193770E+2	1.015390E-6	1.301530E+4	0.000000E+0	0.000000E+0
2.233750E+2	1.015300E-6	1.301530E+4	0.000000E+0	0.000000E+0
2.273760E+2	1.015310E-6	1.301530E+4	0.000000E+0	0.000000E+0
2.313750E+2	1.015230E-6	1.301530E+4	0.000000E+0	0.000000E+0
2.353780E+2	1.015150E-6	1.301530E+4	0.000000E+0	0.000000E+0
2.393730E+2	1.015110E-6	1.301530E+4	0.000000E+0	0.000000E+0
2.433760E+2	1.015090E-6	1.301520E+4	0.000000E+0	0.000000E+0
2.473780E+2	1.015020E-6	1.301520E+4	0.000000E+0	0.000000E+0
2.513790E+2	1.014990E-6	1.301530E+4	0.000000E+0	0.000000E+0
2.553790E+2	1.014790E-6	1.301510E+4	0.000000E+0	0.000000E+0
2.593840E+2	1.014780E-6	1.301500E+4	0.000000E+0	0.000000E+0
2.633790E+2	1.014780E-6	1.301490E+4	0.000000E+0	0.000000E+0
2.673790E+2	1.014800E-6	1.301480E+4	0.000000E+0	0.000000E+0
2.713770E+2	1.014710E-6	1.301470E+4	0.000000E+0	0.000000E+0
2.753790E+2	1.014610E-6	1.301450E+4	0.000000E+0	0.000000E+0
2.793770E+2	1.014630E-6	1.301440E+4	0.000000E+0	0.000000E+0
2.833830E+2	1.014540E-6	1.301430E+4	0.000000E+0	0.000000E+0
2.873830E+2	1.014600E-6	1.301410E+4	0.000000E+0	0.000000E+0
2.913770E+2	1.014500E-6	1.301400E+4	0.000000E+0	0.000000E+0
2.953750E+2	1.014510E-6	1.301390E+4	0.000000E+0	0.000000E+0
2.993800E+2	1.014380E-6	1.301370E+4	0.000000E+0	0.000000E+0
3.033810E+2	1.014480E-6	1.301360E+4	0.000000E+0	0.000000E+0
3.073810E+2	1.014470E-6	1.301350E+4	0.000000E+0	0.000000E+0
3.113810E+2	1.014340E-6	1.301330E+4	0.000000E+0	0.000000E+0
3.153840E+2	1.014210E-6	1.301320E+4	0.000000E+0	0.000000E+0
3.193760E+2	1.014240E-6	1.301300E+4	0.000000E+0	0.000000E+0
3.233870E+2	1.014170E-6	1.301280E+4	0.000000E+0	0.000000E+0
3.273790E+2	1.014280E-6	1.301270E+4	0.000000E+0	0.000000E+0
3.313790E+2	1.014180E-6	1.301250E+4	0.000000E+0	0.000000E+0
3.353790E+2	1.014140E-6	1.301230E+4	0.000000E+0	0.000000E+0
3.393850E+2	1.014150E-6	1.301200E+4	0.000000E+0	0.000000E+0
3.433820E+2	1.014140E-6	1.301180E+4	0.000000E+0	0.000000E+0
3.473820E+2	1.014030E-6	1.301160E+4	0.000000E+0	0.000000E+0
3.513820E+2	1.014000E-6	1.301140E+4	0.000000E+0	0.000000E+0
3.553800E+2	1.013980E-6	1.301120E+4	0.000000E+0	0.000000E+0
3.593800E+2	1.013930E-6	1.301090E+4	0.000000E+0	0.000000E+0
3.633800E+2	1.014000E-6	1.301060E+4	0.000000E+0	0.000000E+0
3.673800E+2	1.013880E-6	1.301040E+4	0.000000E+0	0.000000E+0
3.713790E+2	1.013830E-6	1.301000E+4	0.000000E+0	0.000000E+0
3.753810E+2	1.013840E-6	1.300980E+4	0.000000E+0	0.000000E+0
3.793810E+2	1.013890E-6	1.300950E+4	0.000000E+0	0.000000E+0
3.833810E+2	1.013780E-6	1.300920E+4	0.000000E+0	0.000000E+0
3.873860E+2	1.013770E-6	1.300860E+4	0.000000E+0	0.000000E+0
3.913780E+2	1.013800E-6	1.300830E+4	0.000000E+0	0.000000E+0
3.953780E+2	1.013670E-6	1.300820E+4	0.000000E+0	0.000000E+0
3.993760E+2	1.013680E-6	1.300790E+4	0.000000E+0	0.000000E+0
4.033790E+2	1.013640E-6	1.300770E+4	0.000000E+0	0.000000E+0
4.073820E+2	1.013630E-6	1.300740E+4	0.000000E+0	0.000000E+0
4.113810E+2	1.013610E-6	1.300720E+4	0.000000E+0	0.000000E+0
4.153760E+2	1.013630E-6	1.300690E+4	0.000000E+0	0.000000E+0
4.193820E+2	1.013520E-6	1.300670E+4	0.000000E+0	0.000000E+0
4.233770E+2	1.013490E-6	1.300650E+4	0.000000E+0	0.000000E+0
4.273820E+2	1.013350E-6	1.300600E+4	0.000000E+0	0.000000E+0
4.313820E+2	1.013410E-6	1.300590E+4	0.000000E+0	0.000000E+0
4.353820E+2	1.013430E-6	1.300550E+4	0.000000E+0	0.000000E+0
4.393820E+2	1.013480E-6	1.300520E+4	0.000000E+0	0.000000E+0
4.433820E+2	1.013380E-6	1.300500E+4	0.000000E+0	0.000000E+0
4.473750E+2	1.013360E-6	1.300470E+4	0.000000E+0	0.000000E+0
4.513770E+2	1.013330E-6	1.300450E+4	0.000000E+0	0.000000E+0
4.553810E+2	1.013360E-6	1.300430E+4	0.000000E+0	0.000000E+0
4.593800E+2	1.013270E-6	1.300400E+4	0.000000E+0	0.000000E+0
4.633810E+2	1.013320E-6	1.300380E+4	0.000000E+0	0.000000E+0
4.673780E+2	1.013210E-6	1.300360E+4	0.000000E+0	0.000000E+0
4.713760E+2	1.013270E-6	1.300320E+4	0.000000E+0	0.000000E+0
4.753790E+2	1.013280E-6	1.300290E+4	0.000000E+0	0.000000E+0
4.793790E+2	1.013210E-6	1.300260E+4	0.000000E+0	0.000000E+0
4.833810E+2	1.013210E-6	1.300230E+4	0.000000E+0	0.000000E+0
4.873760E+2	1.013240E-6	1.300190E+4	0.000000E+0	0.000000E+0
4.913800E+2	1.013190E-6	1.300150E+4	0.000000E+0	0.000000E+0
4.953850E+2	1.013240E-6	1.300100E+4	0.000000E+0	0.000000E+0
4.993800E+2	1.013150E-6	1.300070E+4	0.000000E+0	0.000000E+0
5.033800E+2	1.013130E-6	1.300030E+4	0.000000E+0	0.000000E+0
5.073860E+2	1.013020E-6	1.299990E+4	0.000000E+0	0.000000E+0
5.113790E+2	1.013070E-6	1.299960E+4	0.000000E+0	0.000000E+0
5.153820E+2	1.013020E-6	1.299920E+4	0.000000E+0	0.000000E+0
5.193800E+2	1.013010E-6	1.299880E+4	0.000000E+0	0.000000E+0
5.233770E+2	1.013060E-6	1.299850E+4	0.000000E+0	0.000000E+0
5.273770E+2	1.012890E-6	1.299820E+4	0.000000E+0	0.000000E+0
5.313840E+2	1.012970E-6	1.299780E+4	0.000000E+0	0.000000E+0
5.353780E+2	1.012880E-6	1.299750E+4	0.000000E+0	0.000000E+0
5.393780E+2	1.012870E-6	1.299720E+4	0.000000E+0	0.000000E+0
5.433780E+2	1.012890E-6	1.299690E+4	0.000000E+0	0.000000E+0
5.473780E+2	1.012850E-6	1.299660E+4	0.000000E+0	0.000000E+0
5.513790E+2	1.012860E-6	1.299620E+4	0.000000E+0	0.000000E+0
5.553760E+2	1.012770E-6	1.299580E+4	0.000000E+0	0.000000E+0
5.593770E+2	1.012840E-6	1.299550E+4	0.000000E+0	0.000000E+0
5.633820E+2	1.012810E-6	1.299510E+4	0.000000E+0	0.000000E+0
5.673770E+2	1.012800E-6	1.299490E+4	0.000000E+0	0.000000E+0
5.713770E+2	1.012740E-6	1.299450E+4	0.000000E+0	0.000000E+0
5.753750E+2	1.012740E-6	1.299410E+4	0.000000E+0	0.000000E+0
5.793820E+2	1.012810E-6	1.299380E+4	0.000000E+0	0.000000E+0
5.833780E+2	1.012730E-6	1.299340E+4	0.000000E+0	0.000000E+0
5.873800E+2	1.012740E-6	1.299310E+4	0.000000E+0	0.000000E+0
5.913750E+2	1.012740E-6	1.299280E+4	0.000000E+0	0.000000E+0
5.953860E+2	1.012670E-6	1.299240E+4	0.000000E+0	0.000000E+0
5.993780E+2	1.012670E-6	1.299210E+4	0.000000E+0	0.000000E+0
6.033800E+2	1.012580E-6	1.299170E+4	0.000000E+0	0.000000E+0
6.073800E+2	1.012630E-6	1.299130E+4	0.000000E+0	0.000000E+0
6.113800E+2	1.012670E-6	1.299090E+4	0.000000E+0	0.000000E+0
6.153790E+2	1.012600E-6	1.299060E+4	0.000000E+0	0.000000E+0
6.193780E+2	1.012620E-6	1.299030E+4	0.000000E+0	0.000000E+0
6.233810E+2	1.012590E-6	1.298990E+4	0.000000E+0	0.000000E+0
6.273800E+2	1.012650E-6	1.298950E+4	0.000000E+0	0.000000E+0
6.313810E+2	1.012490E-6	1.298900E+4	0.000000E+0	0.000000E+0
6.353790E+2	1.012480E-6	1.298870E+4	0.000000E+0	0.000000E+0
6.393770E+2	1.012590E-6	1.298820E+4	0.000000E+0	0.000000E+0
6.433840E+2	1.012530E-6	1.298780E+4	0.000000E+0	0.000000E+0
6.473750E+2	1.012550E-6	1.298750E+4	0.000000E+0	0.000000E+0
6.513790E+2	1.012550E-6	1.298710E+4	0.000000E+0	0.000000E+0
6.553750E+2	1.012550E-6	1.298660E+4	0.000000E+0	0.000000E+0
6.597580E+2	1.012560E-6	1.298620E+4	0.000000E+0	0.000000E+0
6.633750E+2	1.012520E-6	1.298590E+4	0.000000E+0	0.000000E+0
6.673750E+2	1.012440E-6	1.298550E+4	0.000000E+0	0.000000E+0
6.713750E+2	1.012460E-6	1.298510E+4	0.000000E+0	0.000000E+0
6.753810E+2	1.012570E-6	1.298470E+4	0.000000E+0	0.000000E+0
6.793800E+2	1.012410E-6	1.298420E+4	0.000000E+0	0.000000E+0
6.833750E+2	1.012450E-6	1.298380E+4	0.000000E+0	0.000000E+0
6.873750E+2	1.012340E-6	1.298330E+4	0.000000E+0	0.000000E+0
6.913810E+2	1.012460E-6	1.298280E+4	0.000000E+0	0.000000E+0
6.953780E+2	1.012320E-6	1.298250E+4	0.000000E+0	0.000000E+0
6.993780E+2	1.012320E-6	1.298220E+4	0.000000E+0	0.000000E+0
7.033760E+2	1.012380E-6	1.298190E+4	0.000000E+0	0.000000E+0
7.073810E+2	1.012390E-6	1.298130E+4	0.000000E+0	0.000000E+0
7.113760E+2	1.012330E-6	1.298100E+4	0.000000E+0	0.000000E+0
7.153840E+2	1.012350E-6	1.298060E+4	0.000000E+0	0.000000E+0
7.193750E+2	1.012280E-6	1.298020E+4	0.000000E+0	0.000000E+0
7.233770E+2	1.012230E-6	1.297990E+4	0.000000E+0	0.000000E+0
7.273750E+2	1.012230E-6	1.297950E+4	0.000000E+0	0.000000E+0
7.313800E+2	1.012260E-6	1.297910E+4	0.000000E+0	0.000000E+0
7.353770E+2	1.012250E-6	1.297860E+4	0.000000E+0	0.000000E+0
7.393830E+2	1.012240E-6	1.297810E+4	0.000000E+0	0.000000E+0
7.433780E+2	1.012330E-6	1.297770E+4	0.000000E+0	0.000000E+0
7.473790E+2	1.012350E-6	1.297730E+4	0.000000E+0	0.000000E+0
7.513770E+2	1.012330E-6	1.297670E+4	0.000000E+0	0.000000E+0
7.553780E+2	1.012250E-6	1.297630E+4	0.000000E+0	0.000000E+0
7.593780E+2	1.012280E-6	1.297590E+4	0.000000E+0	0.000000E+0
7.633770E+2	1.012260E-6	1.297550E+4	0.000000E+0	0.000000E+0
7.673780E+2	1.012170E-6	1.297510E+4	0.000000E+0	0.000000E+0
7.713810E+2	1.012320E-6	1.297470E+4	0.000000E+0	0.000000E+0
7.753760E+2	1.012210E-6	1.297430E+4	0.000000E+0	0.000000E+0
7.793790E+2	1.012210E-6	1.297380E+4	0.000000E+0	0.000000E+0
7.833760E+2	1.012280E-6	1.297340E+4	0.000000E+0	0.000000E+0
7.873840E+2	1.012270E-6	1.297280E+4	0.000000E+0	0.000000E+0
7.913760E+2	1.012260E-6	1.297250E+4	0.000000E+0	0.000000E+0
7.953760E+2	1.012300E-6	1.297200E+4	0.000000E+0	0.000000E+0
7.993770E+2	1.012290E-6	1.297160E+4	0.000000E+0	0.000000E+0
8.033820E+2	1.012300E-6	1.297110E+4	0.000000E+0	0.000000E+0
8.073750E+2	1.012230E-6	1.297060E+4	0.000000E+0	0.000000E+0
8.113780E+2	1.012200E-6	1.297020E+4	0.000000E+0	0.000000E+0
8.153770E+2	1.012280E-6	1.296980E+4	0.000000E+0	0.000000E+0
8.193810E+2	1.012280E-6	1.296930E+4	0.000000E+0	0.000000E+0
8.233730E+2	1.012220E-6	1.296890E+4	0.000000E+0	0.000000E+0
8.273780E+2	1.012200E-6	1.296850E+4	0.000000E+0	0.000000E+0
8.313780E+2	1.012250E-6	1.296800E+4	0.000000E+0	0.000000E+0
8.353810E+2	1.012250E-6	1.296750E+4	0.000000E+0	0.000000E+0
8.393750E+2	1.012210E-6	1.296690E+4	0.000000E+0	0.000000E+0
8.433800E+2	1.012260E-6	1.296650E+4	0.000000E+0	0.000000E+0
8.473780E+2	1.012240E-6	1.296610E+4	0.000000E+0	0.000000E+0
8.513750E+2	1.012230E-6	1.296570E+4	0.000000E+0	0.000000E+0
8.553760E+2	1.012270E-6	1.296530E+4	0.000000E+0	0.000000E+0
8.593760E+2	1.012190E-6	1.296480E+4	0.000000E+0	0.000000E+0
8.633750E+2	1.012240E-6	1.296450E+4	0.000000E+0	0.000000E+0
8.673790E+2	1.012210E-6	1.296400E+4	0.000000E+0	0.000000E+0
8.713750E+2	1.012220E-6	1.296370E+4	0.000000E+0	0.000000E+0
8.753820E+2	1.012310E-6	1.296330E+4	0.000000E+0	0.000000E+0
8.793770E+2	1.012140E-6	1.296290E+4	0.000000E+0	0.000000E+0
8.833830E+2	1.012210E-6	1.296250E+4	0.000000E+0	0.000000E+0
8.873810E+2	1.012220E-6	1.296210E+4	0.000000E+0	0.000000E+0
8.913780E+2	1.012140E-6	1.296150E+4	0.000000E+0	0.000000E+0
8.953770E+2	1.012130E-6	1.296110E+4	0.000000E+0	0.000000E+0
8.993800E+2	1.012210E-6	1.296060E+4	0.000000E+0	0.000000E+0
9.033760E+2	1.012130E-6	1.296010E+4	0.000000E+0	0.000000E+0
9.073830E+2	1.012190E-6	1.295970E+4	0.000000E+0	0.000000E+0
9.113780E+2	1.012120E-6	1.295930E+4	0.000000E+0	0.000000E+0
9.153760E+2	1.012210E-6	1.295880E+4	0.000000E+0	0.000000E+0
9.193750E+2	1.012120E-6	1.295830E+4	0.000000E+0	0.000000E+0
9.233750E+2	1.012120E-6	1.295800E+4	0.000000E+0	0.000000E+0
9.273770E+2	1.012070E-6	1.295760E+4	0.000000E+0	0.000000E+0
9.313760E+2	1.012160E-6	1.295720E+4	0.000000E+0	0.000000E+0
9.353760E+2	1.012210E-6	1.295670E+4	0.000000E+0	0.000000E+0
9.393790E+2	1.012240E-6	1.295620E+4	0.000000E+0	0.000000E+0
9.433750E+2	1.012170E-6	1.295570E+4	0.000000E+0	0.000000E+0
9.473830E+2	1.012310E-6	1.295530E+4	0.000000E+0	0.000000E+0
9.513770E+2	1.012230E-6	1.295490E+4	0.000000E+0	0.000000E+0
9.553800E+2	1.012240E-6	1.295440E+4	0.000000E+0	0.000000E+0
9.593780E+2	1.012130E-6	1.295390E+4	0.000000E+0	0.000000E+0
9.633800E+2	1.012130E-6	1.295340E+4	0.000000E+0	0.000000E+0
9.673800E+2	1.012130E-6	1.295290E+4	0.000000E+0	0.000000E+0
9.713830E+2	1.012120E-6	1.295240E+4	0.000000E+0	0.000000E+0
9.753780E+2	1.012080E-6	1.295190E+4	0.000000E+0	0.000000E+0
9.793800E+2	1.012160E-6	1.295150E+4	0.000000E+0	0.000000E+0
9.833790E+2	1.012100E-6	1.295100E+4	0.000000E+0	0.000000E+0
9.873830E+2	1.012100E-6	1.295050E+4	0.000000E+0	0.000000E+0
9.913750E+2	1.012100E-6	1.295000E+4	0.000000E+0	0.000000E+0
9.953840E+2	1.012110E-6	1.294930E+4	0.000000E+0	0.000000E+0
9.993820E+2	1.012110E-6	1.294870E+4	0.000000E+0	0.000000E+0
1.003384E+3	1.012130E-6	1.294820E+4	0.000000E+0	0.000000E+0
1.007379E+3	1.012120E-6	1.294770E+4	0.000000E+0	0.000000E+0
1.011376E+3	1.012140E-6	1.294720E+4	0.000000E+0	0.000000E+0
1.015377E+3	1.012160E-6	1.294680E+4	0.000000E+0	0.000000E+0
1.019377E+3	1.012180E-6	1.294630E+4	0.000000E+0	0.000000E+0
1.023378E+3	1.012110E-6	1.294580E+4	0.000000E+0	0.000000E+0
1.027376E+3	1.012240E-6	1.294540E+4	0.000000E+0	0.000000E+0
1.031377E+3	1.012160E-6	1.294490E+4	0.000000E+0	0.000000E+0
1.035375E+3	1.012100E-6	1.294440E+4	0.000000E+0	0.000000E+0
1.039375E+3	1.012000E-6	1.294390E+4	0.000000E+0	0.000000E+0
1.043381E+3	1.012130E-6	1.294340E+4	0.000000E+0	0.000000E+0
1.047380E+3	1.012090E-6	1.294290E+4	0.000000E+0	0.000000E+0
1.051378E+3	1.012080E-6	1.294240E+4	0.000000E+0	0.000000E+0
1.055374E+3	1.012100E-6	1.294190E+4	0.000000E+0	0.000000E+0
1.059381E+3	1.012120E-6	1.294140E+4	0.000000E+0	0.000000E+0
1.063375E+3	1.012130E-6	1.294080E+4	0.000000E+0	0.000000E+0
1.067375E+3	1.012100E-6	1.294030E+4	0.000000E+0	0.000000E+0
1.071375E+3	1.012070E-6	1.293990E+4	0.000000E+0	0.000000E+0
1.075382E+3	1.012080E-6	1.293930E+4	0.000000E+0	0.000000E+0
1.079377E+3	1.012040E-6	1.293880E+4	0.000000E+0	0.000000E+0
1.083376E+3	1.012040E-6	1.293840E+4	0.000000E+0	0.000000E+0
1.087379E+3	1.012000E-6	1.293790E+4	0.000000E+0	0.000000E+0
1.091377E+3	1.012030E-6	1.293740E+4	0.000000E+0	0.000000E+0
1.095375E+3	1.012050E-6	1.293700E+4	0.000000E+0	0.000000E+0
1.099378E+3	1.011950E-6	1.293660E+4	0.000000E+0	0.000000E+0
1.103377E+3	1.011970E-6	1.293610E+4	0.000000E+0	0.000000E+0
1.107378E+3	1.012010E-6	1.293570E+4	0.000000E+0	0.000000E+0
1.111378E+3	1.012020E-6	1.293520E+4	0.000000E+0	0.000000E+0
1.115377E+3	1.011980E-6	1.293450E+4	0.000000E+0	0.000000E+0
1.119377E+3	1.011920E-6	1.293410E+4	0.000000E+0	0.000000E+0
1.123375E+3	1.011930E-6	1.293370E+4	0.000000E+0	0.000000E+0
1.127378E+3	1.011980E-6	1.293320E+4	0.000000E+0	0.000000E+0
1.131376E+3	1.012030E-6	1.293270E+4	0.000000E+0	0.000000E+0
1.135376E+3	1.011970E-6	1.293220E+4	0.000000E+0	0.000000E+0
1.139379E+3	1.011980E-6	1.293170E+4	0.000000E+0	0.000000E+0
1.143376E+3	1.011950E-6	1.293120E+4	0.000000E+0	0.000000E+0
1.147375E+3	1.011900E-6	1.293070E+4	0.000000E+0	0.000000E+0
1.151376E+3	1.012060E-6	1.293020E+4	0.000000E+0	0.000000E+0
1.155379E+3	1.012020E-6	1.292980E+4	0.000000E+0	0.000000E+0
1.159376E+3	1.012040E-6	1.292930E+4	0.000000E+0	0.000000E+0
1.163384E+3	1.012010E-6	1.292890E+4	0.000000E+0	0.000000E+0
1.167380E+3	1.011920E-6	1.292840E+4	0.000000E+0	0.000000E+0
1.171380E+3	1.011900E-6	1.292790E+4	0.000000E+0	0.000000E+0
1.175375E+3	1.011960E-6	1.292750E+4	0.000000E+0	0.000000E+0
1.179375E+3	1.012020E-6	1.292700E+4	0.000000E+0	0.000000E+0
1.183378E+3	1.012020E-6	1.292660E+4	0.000000E+0	0.000000E+0
1.187380E+3	1.012050E-6	1.292620E+4	0.000000E+0	0.000000E+0
1.191375E+3	1.012000E-6	1.292570E+4	0.000000E+0	0.000000E+0
1.195375E+3	1.012060E-6	1.292520E+4	0.000000E+0	0.000000E+0
1.199376E+3	1.012070E-6	1.292480E+4	0.000000E+0	0.000000E+0
1.203381E+3	1.012010E-6	1.292420E+4	0.000000E+0	0.000000E+0
1.207376E+3	1.012070E-6	1.292380E+4	0.000000E+0	0.000000E+0
1.211377E+3	1.012000E-6	1.292350E+4	0.000000E+0	0.000000E+0
1.215378E+3	1.012030E-6	1.292300E+4	0.000000E+0	0.000000E+0
1.219384E+3	1.011930E-6	1.292260E+4	0.000000E+0	0.000000E+0
1.223375E+3	1.011970E-6	1.292210E+4	0.000000E+0	0.000000E+0
1.227379E+3	1.011960E-6	1.292160E+4	0.000000E+0	0.000000E+0
1.231376E+3	1.012020E-6	1.292110E+4	0.000000E+0	0.000000E+0
1.235379E+3	1.012120E-6	1.292070E+4	0.000000E+0	0.000000E+0
1.239379E+3	1.012140E-6	1.292020E+4	0.000000E+0	0.000000E+0
1.243384E+3	1.012120E-6	1.291960E+4	0.000000E+0	0.000000E+0
1.247379E+3	1.012050E-6	1.291900E+4	0.000000E+0	0.000000E+0
1.251375E+3	1.012060E-6	1.291850E+4	0.000000E+0	0.000000E+0
1.255375E+3	1.012160E-6	1.291790E+4	0.000000E+0	0.000000E+0
1.259377E+3	1.012030E-6	1.291740E+4	0.000000E+0	0.000000E+0
1.263375E+3	1.011970E-6	1.291690E+4	0.000000E+0	0.000000E+0
1.267385E+3	1.012070E-6	1.291640E+4	0.000000E+0	0.000000E+0
1.271380E+3	1.012100E-6	1.291590E+4	0.000000E+0	0.000000E+0
1.275381E+3	1.012100E-6	1.291540E+4	0.000000E+0	0.000000E+0
1.279380E+3	1.012080E-6	1.291500E+4	0.000000E+0	0.000000E+0
1.283376E+3	1.012030E-6	1.291450E+4	0.000000E+0	0.000000E+0
1.287378E+3	1.012040E-6	1.291400E+4	0.000000E+0	0.000000E+0
1.291376E+3	1.012140E-6	1.291360E+4	0.000000E+0	0.000000E+0
1.295378E+3	1.012170E-6	1.291310E+4	0.000000E+0	0.000000E+0
1.299379E+3	1.012200E-6	1.291250E+4	0.000000E+0	0.000000E+0
1.303379E+3	1.012090E-6	1.291210E+4	0.000000E+0	0.000000E+0
1.307375E+3	1.012130E-6	1.291160E+4	0.000000E+0	0.000000E+0
1.311379E+3	1.012080E-6	1.291120E+4	0.000000E+0	0.000000E+0
1.315376E+3	1.011980E-6	1.291060E+4	0.000000E+0	0.000000E+0
1.319377E+3	1.012060E-6	1.291010E+4	0.000000E+0	0.000000E+0
1.323375E+3	1.012110E-6	1.290970E+4	0.000000E+0	0.000000E+0
1.327379E+3	1.012120E-6	1.290930E+4	0.000000E+0	0.000000E+0
1.331377E+3	1.012120E-6	1.290890E+4	0.000000E+0	0.000000E+0
1.335374E+3	1.012120E-6	1.290830E+4	0.000000E+0	0.000000E+0
1.339382E+3	1.012140E-6	1.290800E+4	0.000000E+0	0.000000E+0
1.343380E+3	1.012100E-6	1.290740E+4	0.000000E+0	0.000000E+0
1.347380E+3	1.012120E-6	1.290680E+4	0.000000E+0	0.000000E+0
1.351377E+3	1.012190E-6	1.290630E+4	0.000000E+0	0.000000E+0
1.355378E+3	1.012130E-6	1.290590E+4	0.000000E+0	0.000000E+0
1.359376E+3	1.012180E-6	1.290530E+4	0.000000E+0	0.000000E+0
1.363383E+3	1.012190E-6	1.290490E+4	0.000000E+0	0.000000E+0
1.367378E+3	1.012220E-6	1.290440E+4	0.000000E+0	0.000000E+0
1.371382E+3	1.012130E-6	1.290380E+4	0.000000E+0	0.000000E+0
1.375381E+3	1.012230E-6	1.290330E+4	0.000000E+0	0.000000E+0
1.379377E+3	1.012200E-6	1.290280E+4	0.000000E+0	0.000000E+0
1.383376E+3	1.012200E-6	1.290230E+4	0.000000E+0	0.000000E+0
1.387382E+3	1.012170E-6	1.290180E+4	0.000000E+0	0.000000E+0
1.391375E+3	1.012220E-6	1.290130E+4	0.000000E+0	0.000000E+0
1.395378E+3	1.012190E-6	1.290080E+4	0.000000E+0	0.000000E+0
1.399375E+3	1.012280E-6	1.290030E+4	0.000000E+0	0.000000E+0
1.403380E+3	1.012330E-6	1.289970E+4	0.000000E+0	0.000000E+0
1.407375E+3	1.012320E-6	1.289920E+4	0.000000E+0	0.000000E+0
1.411374E+3	1.012340E-6	1.289870E+4	0.000000E+0	0.000000E+0
1.415377E+3	1.012320E-6	1.289820E+4	0.000000E+0	0.000000E+0
1.419377E+3	1.012360E-6	1.289760E+4	0.000000E+0	0.000000E+0
1.423374E+3	1.012250E-6	1.289710E+4	0.000000E+0	0.000000E+0
1.427381E+3	1.012290E-6	1.289660E+4	0.000000E+0	0.000000E+0
1.431376E+3	1.012210E-6	1.289610E+4	0.000000E+0	0.000000E+0
1.435380E+3	1.012290E-6	1.289560E+4	0.000000E+0	0.000000E+0
1.439376E+3	1.012170E-6	1.289510E+4	0.000000E+0	0.000000E+0
1.443381E+3	1.012320E-6	1.289470E+4	0.000000E+0	0.000000E+0
1.447378E+3	1.012230E-6	1.289410E+4	0.000000E+0	0.000000E+0
1.451382E+3	1.012170E-6	1.289360E+4	0.000000E+0	0.000000E+0
1.455375E+3	1.012190E-6	1.289310E+4	0.000000E+0	0.000000E+0
1.459377E+3	1.012230E-6	1.289270E+4	0.000000E+0	0.000000E+0
1.463377E+3	1.012210E-6	1.289210E+4	0.000000E+0	0.000000E+0
1.467377E+3	1.012240E-6	1.289180E+4	0.000000E+0	0.000000E+0
1.471375E+3	1.012270E-6	1.289130E+4	0.000000E+0	0.000000E+0
1.475375E+3	1.012200E-6	1.289070E+4	0.000000E+0	0.000000E+0
1.479377E+3	1.012270E-6	1.289020E+4	0.000000E+0	0.000000E+0
1.483380E+3	1.012310E-6	1.288970E+4	0.000000E+0	0.000000E+0
1.487377E+3	1.012220E-6	1.288920E+4	0.000000E+0	0.000000E+0
1.491379E+3	1.012290E-6	1.288860E+4	0.000000E+0	0.000000E+0
1.495374E+3	1.012330E-6	1.288800E+4	0.000000E+0	0.000000E+0
1.499380E+3	1.012330E-6	1.288750E+4	0.000000E+0	0.000000E+0
1.503376E+3	1.012210E-6	1.288700E+4	0.000000E+0	0.000000E+0
1.507383E+3	1.012330E-6	1.288650E+4	0.000000E+0	0.000000E+0
1.511380E+3	1.012360E-6	1.288600E+4	0.000000E+0	0.000000E+0
1.515381E+3	1.012390E-6	1.288550E+4	0.000000E+0	0.000000E+0
1.519381E+3	1.012410E-6	1.288510E+4	0.000000E+0	0.000000E+0
1.523389E+3	1.012430E-6	1.288460E+4	0.000000E+0	0.000000E+0
1.527374E+3	1.012350E-6	1.288400E+4	0.000000E+0	0.000000E+0
1.531379E+3	1.012390E-6	1.288360E+4	0.000000E+0	0.000000E+0
1.535377E+3	1.012360E-6	1.288310E+4	0.000000E+0	0.000000E+0
1.539377E+3	1.012300E-6	1.288250E+4	0.000000E+0	0.000000E+0
1.543377E+3	1.012350E-6	1.288200E+4	0.000000E+0	0.000000E+0
1.547382E+3	1.012340E-6	1.288150E+4	0.000000E+0	0.000000E+0
1.551375E+3	1.012350E-6	1.288100E+4	0.000000E+0	0.000000E+0
1.555377E+3	1.012390E-6	1.288060E+4	0.000000E+0	0.000000E+0
1.559377E+3	1.012370E-6	1.288010E+4	0.000000E+0	0.000000E+0
1.563382E+3	1.012410E-6	1.287960E+4	0.000000E+0	0.000000E+0
1.567375E+3	1.012390E-6	1.287910E+4	0.000000E+0	0.000000E+0
1.571377E+3	1.012370E-6	1.287850E+4	0.000000E+0	0.000000E+0
1.575379E+3	1.012350E-6	1.287800E+4	0.000000E+0	0.000000E+0
1.579380E+3	1.012390E-6	1.287750E+4	0.000000E+0	0.000000E+0
1.583376E+3	1.012410E-6	1.287710E+4	0.000000E+0	0.000000E+0
1.587378E+3	1.012380E-6	1.287670E+4	0.000000E+0	0.000000E+0
1.591378E+3	1.012350E-6	1.287600E+4	0.000000E+0	0.000000E+0
1.595383E+3	1.012360E-6	1.287570E+4	0.000000E+0	0.000000E+0
1.599376E+3	1.012420E-6	1.287510E+4	0.000000E+0	0.000000E+0
1.603381E+3	1.012350E-6	1.287460E+4	0.000000E+0	0.000000E+0
1.607376E+3	1.012360E-6	1.287410E+4	0.000000E+0	0.000000E+0
1.611381E+3	1.012460E-6	1.287360E+4	0.000000E+0	0.000000E+0
1.615376E+3	1.012420E-6	1.287290E+4	0.000000E+0	0.000000E+0
1.619379E+3	1.012380E-6	1.287230E+4	0.000000E+0	0.000000E+0
1.623377E+3	1.012390E-6	1.287190E+4	0.000000E+0	0.000000E+0
1.627375E+3	1.012380E-6	1.287130E+4	0.000000E+0	0.000000E+0
1.631375E+3	1.012370E-6	1.287090E+4	0.000000E+0	0.000000E+0
1.635379E+3	1.012450E-6	1.287030E+4	0.000000E+0	0.000000E+0
1.639374E+3	1.012470E-6	1.286980E+4	0.000000E+0	0.000000E+0
1.643463E+3	1.012460E-6	1.286930E+4	0.000000E+0	0.000000E+0
1.647531E+3	1.012470E-6	1.286880E+4	0.000000E+0	0.000000E+0
1.651542E+3	1.012370E-6	1.286830E+4	0.000000E+0	0.000000E+0
1.655486E+3	1.012510E-6	1.286770E+4	0.000000E+0	0.000000E+0
1.659385E+3	1.012480E-6	1.286730E+4	0.000000E+0	0.000000E+0
1.663376E+3	1.012520E-6	1.286680E+4	0.000000E+0	0.000000E+0
1.667375E+3	1.012440E-6	1.286630E+4	0.000000E+0	0.000000E+0
1.671380E+3	1.012610E-6	1.286590E+4	0.000000E+0	0.000000E+0
1.675376E+3	1.012480E-6	1.286540E+4	0.000000E+0	0.000000E+0
1.679373E+3	1.012470E-6	1.286500E+4	0.000000E+0	0.000000E+0
1.683374E+3	1.012480E-6	1.286450E+4	0.000000E+0	0.000000E+0
1.687375E+3	1.012480E-6	1.286400E+4	0.000000E+0	0.000000E+0
1.691762E+3	1.012600E-6	1.286350E+4	0.000000E+0	0.000000E+0
1.695391E+3	1.012500E-6	1.286310E+4	0.000000E+0	0.000000E+0
1.699375E+3	1.012590E-6	1.286260E+4	0.000000E+0	0.000000E+0
1.703377E+3	1.012470E-6	1.286210E+4	0.000000E+0	0.000000E+0
1.707377E+3	1.012490E-6	1.286160E+4	0.000000E+0	0.000000E+0
1.711375E+3	1.012510E-6	1.286110E+4	0.000000E+0	0.000000E+0
1.715375E+3	1.012530E-6	1.286060E+4	0.000000E+0	0.000000E+0
1.719378E+3	1.012500E-6	1.286010E+4	0.000000E+0	0.000000E+0
1.723379E+3	1.012670E-6	1.285960E+4	0.000000E+0	0.000000E+0
1.727378E+3	1.012590E-6	1.285910E+4	0.000000E+0	0.000000E+0
1.731381E+3	1.012600E-6	1.285840E+4	0.000000E+0	0.000000E+0
1.735378E+3	1.012620E-6	1.285790E+4	0.000000E+0	0.000000E+0
1.739376E+3	1.012580E-6	1.285740E+4	0.000000E+0	0.000000E+0
1.743381E+3	1.012620E-6	1.285690E+4	0.000000E+0	0.000000E+0
1.747370E+3	1.012590E-6	1.285650E+4	0.000000E+0	0.000000E+0
1.751376E+3	1.012590E-6	1.285610E+4	0.000000E+0	0.000000E+0
1.755376E+3	1.012590E-6	1.285570E+4	0.000000E+0	0.000000E+0
1.759374E+3	1.012590E-6	1.285530E+4	0.000000E+0	0.000000E+0
1.763375E+3	1.012660E-6	1.285470E+4	0.000000E+0	0.000000E+0
1.767376E+3	1.012590E-6	1.285410E+4	0.000000E+0	0.000000E+0
1.771377E+3	1.012600E-6	1.285360E+4	0.000000E+0	0.000000E+0
1.775379E+3	1.012670E-6	1.285320E+4	0.000000E+0	0.000000E+0
1.779380E+3	1.012640E-6	1.285270E+4	0.000000E+0	0.000000E+0
1.783379E+3	1.012610E-6	1.285220E+4	0.000000E+0	0.000000E+0
1.787375E+3	1.012610E-6	1.285160E+4	0.000000E+0	0.000000E+0
1.791379E+3	1.012680E-6	1.285100E+4	0.000000E+0	0.000000E+0
1.795377E+3	1.012710E-6	1.285040E+4	0.000000E+0	0.000000E+0
1.799375E+3	1.012700E-6	1.284990E+4	0.000000E+0	0.000000E+0
1.803375E+3	1.012700E-6	1.284930E+4	0.000000E+0	0.000000E+0
1.807374E+3	1.012790E-6	1.284880E+4	0.000000E+0	0.000000E+0
1.811374E+3	1.012780E-6	1.284830E+4	0.000000E+0	0.000000E+0
1.815374E+3	1.012790E-6	1.284770E+4	0.000000E+0	0.000000E+0
1.819374E+3	1.012780E-6	1.284720E+4	0.000000E+0	0.000000E+0
1.823375E+3	1.012840E-6	1.284670E+4	0.000000E+0	0.000000E+0
1.827379E+3	1.012750E-6	1.284610E+4	0.000000E+0	0.000000E+0
1.831374E+3	1.012740E-6	1.284570E+4	0.000000E+0	0.000000E+0
1.835379E+3	1.012720E-6	1.284510E+4	0.000000E+0	0.000000E+0
1.839379E+3	1.012830E-6	1.284430E+4	0.000000E+0	0.000000E+0
1.843378E+3	1.012860E-6	1.284380E+4	0.000000E+0	0.000000E+0
1.847376E+3	1.012820E-6	1.284330E+4	0.000000E+0	0.000000E+0
1.851376E+3	1.012860E-6	1.284270E+4	0.000000E+0	0.000000E+0
1.855376E+3	1.012860E-6	1.284210E+4	0.000000E+0	0.000000E+0
1.859378E+3	1.012790E-6	1.284160E+4	0.000000E+0	0.000000E+0
1.863380E+3	1.012930E-6	1.284110E+4	0.000000E+0	0.000000E+0
1.867380E+3	1.012910E-6	1.284060E+4	0.000000E+0	0.000000E+0
1.871375E+3	1.012820E-6	1.284000E+4	0.000000E+0	0.000000E+0
1.875376E+3	1.012860E-6	1.283950E+4	0.000000E+0	0.000000E+0
1.879378E+3	1.012850E-6	1.283900E+4	0.000000E+0	0.000000E+0
1.883377E+3	1.012830E-6	1.283850E+4	0.000000E+0	0.000000E+0
1.887375E+3	1.012960E-6	1.283790E+4	0.000000E+0	0.000000E+0
1.891383E+3	1.012810E-6	1.283740E+4	0.000000E+0	0.000000E+0
1.895383E+3	1.012900E-6	1.283690E+4	0.000000E+0	0.000000E+0
1.899381E+3	1.012900E-6	1.283640E+4	0.000000E+0	0.000000E+0
1.903376E+3	1.012920E-6	1.283580E+4	0.000000E+0	0.000000E+0
1.907380E+3	1.012880E-6	1.283530E+4	0.000000E+0	0.000000E+0
1.911379E+3	1.012940E-6	1.283470E+4	0.000000E+0	0.000000E+0
1.915375E+3	1.012900E-6	1.283430E+4	0.000000E+0	0.000000E+0
1.919376E+3	1.012960E-6	1.283380E+4	0.000000E+0	0.000000E+0
1.923378E+3	1.013010E-6	1.283320E+4	0.000000E+0	0.000000E+0
1.927385E+3	1.013030E-6	1.283280E+4	0.000000E+0	0.000000E+0
1.931377E+3	1.012950E-6	1.283220E+4	0.000000E+0	0.000000E+0
1.935373E+3	1.012970E-6	1.283180E+4	0.000000E+0	0.000000E+0
1.939384E+3	1.013040E-6	1.283120E+4	0.000000E+0	0.000000E+0
1.943379E+3	1.013160E-6	1.283090E+4	0.000000E+0	0.000000E+0
1.947382E+3	1.013000E-6	1.283020E+4	0.000000E+0	0.000000E+0
1.951377E+3	1.012980E-6	1.282970E+4	0.000000E+0	0.000000E+0
1.955382E+3	1.013070E-6	1.282920E+4	0.000000E+0	0.000000E+0
1.959377E+3	1.012970E-6	1.282870E+4	0.000000E+0	0.000000E+0
1.963381E+3	1.013050E-6	1.282810E+4	0.000000E+0	0.000000E+0
1.967385E+3	1.013090E-6	1.282760E+4	0.000000E+0	0.000000E+0
1.971380E+3	1.013060E-6	1.282710E+4	0.000000E+0	0.000000E+0
1.975375E+3	1.013070E-6	1.282660E+4	0.000000E+0	0.000000E+0
1.979380E+3	1.013150E-6	1.282610E+4	0.000000E+0	0.000000E+0
1.983379E+3	1.013200E-6	1.282570E+4	0.000000E+0	0.000000E+0
1.987380E+3	1.013060E-6	1.282520E+4	0.000000E+0	0.000000E+0
1.991376E+3	1.013180E-6	1.282470E+4	0.000000E+0	0.000000E+0
1.995376E+3	1.013150E-6	1.282420E+4	0.000000E+0	0.000000E+0
1.999374E+3	1.013170E-6	1.282370E+4	0.000000E+0	0.000000E+0
2.003383E+3	1.013020E-6	1.282310E+4	0.000000E+0	0.000000E+0
2.007376E+3	1.013110E-6	1.282260E+4	0.000000E+0	0.000000E+0
2.011384E+3	1.013120E-6	1.282220E+4	0.000000E+0	0.000000E+0
2.015380E+3	1.013080E-6	1.282170E+4	0.000000E+0	0.000000E+0
2.019380E+3	1.013010E-6	1.282110E+4	0.000000E+0	0.000000E+0
2.023377E+3	1.013030E-6	1.282060E+4	0.000000E+0	0.000000E+0
2.027375E+3	1.013070E-6	1.282010E+4	0.000000E+0	0.000000E+0
2.031373E+3	1.013080E-6	1.281960E+4	0.000000E+0	0.000000E+0
2.035380E+3	1.013180E-6	1.281910E+4	0.000000E+0	0.000000E+0
2.039378E+3	1.013190E-6	1.281850E+4	0.000000E+0	0.000000E+0
2.043378E+3	1.013130E-6	1.281800E+4	0.000000E+0	0.000000E+0
2.047373E+3	1.013130E-6	1.281750E+4	0.000000E+0	0.000000E+0
2.051384E+3	1.013200E-6	1.281700E+4	0.000000E+0	0.000000E+0
2.055380E+3	1.013210E-6	1.281650E+4	0.000000E+0	0.000000E+0
2.059378E+3	1.013220E-6	1.281590E+4	0.000000E+0	0.000000E+0
2.063376E+3	1.013340E-6	1.281510E+4	0.000000E+0	0.000000E+0
2.067376E+3	1.013450E-6	1.281450E+4	0.000000E+0	0.000000E+0
2.071376E+3	1.013350E-6	1.281400E+4	0.000000E+0	0.000000E+0
2.075376E+3	1.013390E-6	1.281350E+4	0.000000E+0	0.000000E+0
2.079374E+3	1.013350E-6	1.281290E+4	0.000000E+0	0.000000E+0
2.083381E+3	1.013230E-6	1.281250E+4	0.000000E+0	0.000000E+0
2.087379E+3	1.013320E-6	1.281200E+4	0.000000E+0	0.000000E+0
2.091382E+3	1.013230E-6	1.281150E+4	0.000000E+0	0.000000E+0
2.095379E+3	1.013220E-6	1.281100E+4	0.000000E+0	0.000000E+0
2.099380E+3	1.013380E-6	1.281050E+4	0.000000E+0	0.000000E+0
2.103375E+3	1.013350E-6	1.281000E+4	0.000000E+0	0.000000E+0
2.107380E+3	1.013290E-6	1.280960E+4	0.000000E+0	0.000000E+0
2.111375E+3	1.013280E-6	1.280910E+4	0.000000E+0	0.000000E+0
2.115382E+3	1.013350E-6	1.280860E+4	0.000000E+0	0.000000E+0
2.119380E+3	1.013320E-6	1.280810E+4	0.000000E+0	0.000000E+0
2.123378E+3	1.013400E-6	1.280770E+4	0.000000E+0	0.000000E+0
2.127377E+3	1.013400E-6	1.280730E+4	0.000000E+0	0.000000E+0
2.131383E+3	1.013440E-6	1.280680E+4	0.000000E+0	0.000000E+0
2.135380E+3	1.013370E-6	1.280640E+4	0.000000E+0	0.000000E+0
2.139378E+3	1.013500E-6	1.280600E+4	0.000000E+0	0.000000E+0
2.143375E+3	1.013420E-6	1.280540E+4	0.000000E+0	0.000000E+0
2.147383E+3	1.013480E-6	1.280500E+4	0.000000E+0	0.000000E+0
2.151379E+3	1.013400E-6	1.280440E+4	0.000000E+0	0.000000E+0
2.155376E+3	1.013360E-6	1.280380E+4	0.000000E+0	0.000000E+0
2.159376E+3	1.013330E-6	1.280320E+4	0.000000E+0	0.000000E+0
2.163379E+3	1.013450E-6	1.280280E+4	0.000000E+0	0.000000E+0
2.167379E+3	1.013330E-6	1.280250E+4	0.000000E+0	0.000000E+0
2.171384E+3	1.013430E-6	1.280190E+4	0.000000E+0	0.000000E+0
2.175379E+3	1.013430E-6	1.280110E+4	0.000000E+0	0.000000E+0
2.179382E+3	1.013420E-6	1.280050E+4	0.000000E+0	0.000000E+0
2.183377E+3	1.013400E-6	1.280010E+4	0.000000E+0	0.000000E+0
2.187380E+3	1.013500E-6	1.279960E+4	0.000000E+0	0.000000E+0
2.191378E+3	1.013470E-6	1.279920E+4	0.000000E+0	0.000000E+0
2.195380E+3	1.013500E-6	1.279870E+4	0.000000E+0	0.000000E+0
2.199377E+3	1.013510E-6	1.279820E+4	0.000000E+0	0.000000E+0
2.203380E+3	1.013650E-6	1.279770E+4	0.000000E+0	0.000000E+0
2.207381E+3	1.013590E-6	1.279710E+4	0.000000E+0	0.000000E+0
2.211381E+3	1.013600E-6	1.279660E+4	0.000000E+0	0.000000E+0
2.215381E+3	1.013600E-6	1.279610E+4	0.000000E+0	0.000000E+0
2.219380E+3	1.013660E-6	1.279560E+4	0.000000E+0	0.000000E+0
2.223378E+3	1.013650E-6	1.279520E+4	0.000000E+0	0.000000E+0
2.227381E+3	1.013720E-6	1.279480E+4	0.000000E+0	0.000000E+0
2.231375E+3	1.013640E-6	1.279440E+4	0.000000E+0	0.000000E+0
2.235377E+3	1.013720E-6	1.279390E+4	0.000000E+0	0.000000E+0
2.239381E+3	1.013610E-6	1.279340E+4	0.000000E+0	0.000000E+0
2.243384E+3	1.013660E-6	1.279280E+4	0.000000E+0	0.000000E+0
2.247376E+3	1.013680E-6	1.279220E+4	0.000000E+0	0.000000E+0
2.251379E+3	1.013740E-6	1.279160E+4	0.000000E+0	0.000000E+0
2.255382E+3	1.013660E-6	1.279090E+4	0.000000E+0	0.000000E+0
2.259380E+3	1.013670E-6	1.279050E+4	0.000000E+0	0.000000E+0
2.263377E+3	1.013740E-6	1.278990E+4	0.000000E+0	0.000000E+0
2.267377E+3	1.013710E-6	1.278940E+4	0.000000E+0	0.000000E+0
2.271377E+3	1.013610E-6	1.278880E+4	0.000000E+0	0.000000E+0
2.275382E+3	1.013770E-6	1.278830E+4	0.000000E+0	0.000000E+0
2.279380E+3	1.013710E-6	1.278750E+4	0.000000E+0	0.000000E+0
2.283381E+3	1.013630E-6	1.278690E+4	0.000000E+0	0.000000E+0
2.287377E+3	1.013700E-6	1.278640E+4	0.000000E+0	0.000000E+0
2.291379E+3	1.013740E-6	1.278590E+4	0.000000E+0	0.000000E+0
2.295378E+3	1.013760E-6	1.278540E+4	0.000000E+0	0.000000E+0
2.299381E+3	1.013780E-6	1.278480E+4	0.000000E+0	0.000000E+0
2.303375E+3	1.013780E-6	1.278420E+4	0.000000E+0	0.000000E+0
2.307380E+3	1.013700E-6	1.278370E+4	0.000000E+0	0.000000E+0
2.311379E+3	1.013750E-6	1.278300E+4	0.000000E+0	0.000000E+0
2.315378E+3	1.013800E-6	1.278250E+4	0.000000E+0	0.000000E+0
2.319375E+3	1.013840E-6	1.278200E+4	0.000000E+0	0.000000E+0
2.323381E+3	1.013870E-6	1.278150E+4	0.000000E+0	0.000000E+0
2.327379E+3	1.013890E-6	1.278100E+4	0.000000E+0	0.000000E+0
2.331381E+3	1.013860E-6	1.278050E+4	0.000000E+0	0.000000E+0
2.335377E+3	1.013870E-6	1.278010E+4	0.000000E+0	0.000000E+0
2.339383E+3	1.013890E-6	1.277970E+4	0.000000E+0	0.000000E+0
2.343379E+3	1.013930E-6	1.277920E+4	0.000000E+0	0.000000E+0
2.347379E+3	1.013940E-6	1.277880E+4	0.000000E+0	0.000000E+0
2.351375E+3	1.013850E-6	1.277830E+4	0.000000E+0	0.000000E+0
2.355378E+3	1.013940E-6	1.277780E+4	0.000000E+0	0.000000E+0
2.359375E+3	1.013870E-6	1.277730E+4	0.000000E+0	0.000000E+0
2.363381E+3	1.013890E-6	1.277680E+4	0.000000E+0	0.000000E+0
2.367380E+3	1.013850E-6	1.277630E+4	0.000000E+0	0.000000E+0
2.371383E+3	1.013920E-6	1.277570E+4	0.000000E+0	0.000000E+0
2.375376E+3	1.013950E-6	1.277520E+4	0.000000E+0	0.000000E+0
2.379380E+3	1.013940E-6	1.277480E+4	0.000000E+0	0.000000E+0
2.383378E+3	1.013900E-6	1.277430E+4	0.000000E+0	0.000000E+0
2.387378E+3	1.013990E-6	1.277370E+4	0.000000E+0	0.000000E+0
2.391376E+3	1.013980E-6	1.277320E+4	0.000000E+0	0.000000E+0
2.395378E+3	1.013920E-6	1.277270E+4	0.000000E+0	0.000000E+0
2.399379E+3	1.014030E-6	1.277240E+4	0.000000E+0	0.000000E+0
2.403381E+3	1.014010E-6	1.277180E+4	0.000000E+0	0.000000E+0
2.407379E+3	1.014030E-6	1.277140E+4	0.000000E+0	0.000000E+0
2.411379E+3	1.014010E-6	1.277090E+4	0.000000E+0	0.000000E+0
2.415384E+3	1.014110E-6	1.277050E+4	0.000000E+0	0.000000E+0
2.419385E+3	1.014030E-6	1.277010E+4	0.000000E+0	0.000000E+0
2.423379E+3	1.014140E-6	1.276970E+4	0.000000E+0	0.000000E+0
2.427378E+3	1.014120E-6	1.276910E+4	0.000000E+0	0.000000E+0
2.431382E+3	1.014140E-6	1.276860E+4	0.000000E+0	0.000000E+0
2.435380E+3	1.014120E-6	1.276810E+4	0.000000E+0	0.000000E+0
2.439377E+3	1.014130E-6	1.276760E+4	0.000000E+0	0.000000E+0
2.443385E+3	1.014130E-6	1.276720E+4	0.000000E+0	0.000000E+0
2.447381E+3	1.014060E-6	1.276680E+4	0.000000E+0	0.000000E+0
2.451376E+3	1.014100E-6	1.276630E+4	0.000000E+0	0.000000E+0
2.455381E+3	1.014090E-6	1.276580E+4	0.000000E+0	0.000000E+0
2.459378E+3	1.014140E-6	1.276530E+4	0.000000E+0	0.000000E+0
2.463376E+3	1.014170E-6	1.276490E+4	0.000000E+0	0.000000E+0
2.467384E+3	1.014130E-6	1.276450E+4	0.000000E+0	0.000000E+0
2.471376E+3	1.014190E-6	1.276390E+4	0.000000E+0	0.000000E+0
2.475381E+3	1.014220E-6	1.276340E+4	0.000000E+0	0.000000E+0
2.479381E+3	1.014230E-6	1.276300E+4	0.000000E+0	0.000000E+0
2.483379E+3	1.014190E-6	1.276260E+4	0.000000E+0	0.000000E+0
2.487376E+3	1.014220E-6	1.276210E+4	0.000000E+0	0.000000E+0
2.491382E+3	1.014270E-6	1.276140E+4	0.000000E+0	0.000000E+0
2.495379E+3	1.014280E-6	1.276090E+4	0.000000E+0	0.000000E+0
2.499379E+3	1.014250E-6	1.276050E+4	0.000000E+0	0.000000E+0
2.503375E+3	1.014220E-6	1.275980E+4	0.000000E+0	0.000000E+0
2.507382E+3	1.014360E-6	1.275930E+4	0.000000E+0	0.000000E+0
2.511377E+3	1.014350E-6	1.275880E+4	0.000000E+0	0.000000E+0
2.515378E+3	1.014320E-6	1.275820E+4	0.000000E+0	0.000000E+0
2.519377E+3	1.014230E-6	1.275770E+4	0.000000E+0	0.000000E+0
2.523378E+3	1.014350E-6	1.275720E+4	0.000000E+0	0.000000E+0
2.527374E+3	1.014300E-6	1.275670E+4	0.000000E+0	0.000000E+0
2.531381E+3	1.014300E-6	1.275630E+4	0.000000E+0	0.000000E+0
2.535376E+3	1.014360E-6	1.275580E+4	0.000000E+0	0.000000E+0
2.539378E+3	1.014360E-6	1.275540E+4	0.000000E+0	0.000000E+0
2.543378E+3	1.014400E-6	1.275490E+4	0.000000E+0	0.000000E+0
2.547376E+3	1.014400E-6	1.275450E+4	0.000000E+0	0.000000E+0
2.551376E+3	1.014370E-6	1.275400E+4	0.000000E+0	0.000000E+0
2.555384E+3	1.014380E-6	1.275340E+4	0.000000E+0	0.000000E+0
2.559377E+3	1.014420E-6	1.275300E+4	0.000000E+0	0.000000E+0
2.563378E+3	1.014370E-6	1.275240E+4	0.000000E+0	0.000000E+0
2.567377E+3	1.014360E-6	1.275200E+4	0.000000E+0	0.000000E+0
2.571377E+3	1.014440E-6	1.275150E+4	0.000000E+0	0.000000E+0
2.575377E+3	1.014540E-6	1.275110E+4	0.000000E+0	0.000000E+0
2.579380E+3	1.014510E-6	1.275060E+4	0.000000E+0	0.000000E+0
2.583380E+3	1.014570E-6	1.275020E+4	0.000000E+0	0.000000E+0
2.587380E+3	1.014570E-6	1.274970E+4	0.000000E+0	0.000000E+0
2.591378E+3	1.014750E-6	1.274930E+4	0.000000E+0	0.000000E+0
2.595379E+3	1.014570E-6	1.274880E+4	0.000000E+0	0.000000E+0
2.599380E+3	1.014530E-6	1.274840E+4	0.000000E+0	0.000000E+0
2.603378E+3	1.014680E-6	1.274780E+4	0.000000E+0	0.000000E+0
2.607375E+3	1.014600E-6	1.274730E+4	0.000000E+0	0.000000E+0
2.611380E+3	1.014600E-6	1.274670E+4	0.000000E+0	0.000000E+0
2.615381E+3	1.014650E-6	1.274610E+4	0.000000E+0	0.000000E+0
2.619380E+3	1.014630E-6	1.274550E+4	0.000000E+0	0.000000E+0
2.623375E+3	1.014710E-6	1.274510E+4	0.000000E+0	0.000000E+0
2.627376E+3	1.014670E-6	1.274470E+4	0.000000E+0	0.000000E+0
2.631376E+3	1.014640E-6	1.274430E+4	0.000000E+0	0.000000E+0
2.635382E+3	1.014760E-6	1.274390E+4	0.000000E+0	0.000000E+0
2.639379E+3	1.014770E-6	1.274330E+4	0.000000E+0	0.000000E+0
2.643376E+3	1.014780E-6	1.274300E+4	0.000000E+0	0.000000E+0
2.647377E+3	1.014800E-6	1.274250E+4	0.000000E+0	0.000000E+0
2.651378E+3	1.014770E-6	1.274210E+4	0.000000E+0	0.000000E+0
2.655379E+3	1.014750E-6	1.274170E+4	0.000000E+0	0.000000E+0
2.659377E+3	1.014830E-6	1.274140E+4	0.000000E+0	0.000000E+0
2.663377E+3	1.014740E-6	1.274100E+4	0.000000E+0	0.000000E+0
2.667379E+3	1.014850E-6	1.274060E+4	0.000000E+0	0.000000E+0
2.671375E+3	1.014860E-6	1.274020E+4	0.000000E+0	0.000000E+0
2.675375E+3	1.014860E-6	1.273960E+4	0.000000E+0	0.000000E+0
2.679375E+3	1.014820E-6	1.273920E+4	0.000000E+0	0.000000E+0
2.683382E+3	1.014930E-6	1.273860E+4	0.000000E+0	0.000000E+0
2.687377E+3	1.014750E-6	1.273810E+4	0.000000E+0	0.000000E+0
2.691378E+3	1.014910E-6	1.273770E+4	0.000000E+0	0.000000E+0
2.695374E+3	1.014930E-6	1.273730E+4	0.000000E+0	0.000000E+0
2.699379E+3	1.014920E-6	1.273690E+4	0.000000E+0	0.000000E+0
2.703378E+3	1.014880E-6	1.273650E+4	0.000000E+0	0.000000E+0
2.707376E+3	1.014960E-6	1.273600E+4	0.000000E+0	0.000000E+0
2.711381E+3	1.014900E-6	1.273550E+4	0.000000E+0	0.000000E+0
2.715380E+3	1.014850E-6	1.273490E+4	0.000000E+0	0.000000E+0
2.719379E+3	1.014880E-6	1.273460E+4	0.000000E+0	0.000000E+0
2.723379E+3	1.014880E-6	1.273400E+4	0.000000E+0	0.000000E+0
2.727376E+3	1.014970E-6	1.273350E+4	0.000000E+0	0.000000E+0
2.731379E+3	1.014960E-6	1.273300E+4	0.000000E+0	0.000000E+0
2.735373E+3	1.014990E-6	1.273250E+4	0.000000E+0	0.000000E+0
2.739377E+3	1.015020E-6	1.273210E+4	0.000000E+0	0.000000E+0
2.743375E+3	1.015030E-6	1.273150E+4	0.000000E+0	0.000000E+0
2.747380E+3	1.014990E-6	1.273090E+4	0.000000E+0	0.000000E+0
2.751373E+3	1.014980E-6	1.273040E+4	0.000000E+0	0.000000E+0
2.755382E+3	1.014980E-6	1.272980E+4	0.000000E+0	0.000000E+0
2.759375E+3	1.015000E-6	1.272930E+4	0.000000E+0	0.000000E+0
2.763378E+3	1.015050E-6	1.272890E+4	0.000000E+0	0.000000E+0
2.767377E+3	1.015150E-6	1.272850E+4	0.000000E+0	0.000000E+0
2.771383E+3	1.015010E-6	1.272790E+4	0.000000E+0	0.000000E+0
2.775381E+3	1.015100E-6	1.272740E+4	0.000000E+0	0.000000E+0
2.779378E+3	1.015130E-6	1.272700E+4	0.000000E+0	0.000000E+0
2.783372E+3	1.015150E-6	1.272650E+4	0.000000E+0	0.000000E+0
2.787375E+3	1.015260E-6	1.272610E+4	0.000000E+0	0.000000E+0
2.791376E+3	1.015240E-6	1.272550E+4	0.000000E+0	0.000000E+0
2.795378E+3	1.015240E-6	1.272500E+4	0.000000E+0	0.000000E+0
2.799372E+3	1.015150E-6	1.272450E+4	0.000000E+0	0.000000E+0
2.803378E+3	1.015320E-6	1.272400E+4	0.000000E+0	0.000000E+0
2.807376E+3	1.015260E-6	1.272360E+4	0.000000E+0	0.000000E+0
2.811377E+3	1.015240E-6	1.272310E+4	0.000000E+0	0.000000E+0
2.815375E+3	1.015290E-6	1.272250E+4	0.000000E+0	0.000000E+0
2.819379E+3	1.015310E-6	1.272200E+4	0.000000E+0	0.000000E+0
2.823375E+3	1.015310E-6	1.272150E+4	0.000000E+0	0.000000E+0
2.827379E+3	1.015320E-6	1.272100E+4	0.000000E+0	0.000000E+0
2.831375E+3	1.015250E-6	1.272050E+4	0.000000E+0	0.000000E+0
2.835375E+3	1.015350E-6	1.271990E+4	0.000000E+0	0.000000E+0
2.839375E+3	1.015370E-6	1.271930E+4	0.000000E+0	0.000000E+0
2.843381E+3	1.015440E-6	1.271870E+4	0.000000E+0	0.000000E+0
2.847373E+3	1.015470E-6	1.271820E+4	0.000000E+0	0.000000E+0
2.851374E+3	1.015470E-6	1.271730E+4	0.000000E+0	0.000000E+0
2.855374E+3	1.015440E-6	1.271670E+4	0.000000E+0	0.000000E+0
2.859381E+3	1.015390E-6	1.271620E+4	0.000000E+0	0.000000E+0
2.863375E+3	1.015520E-6	1.271570E+4	0.000000E+0	0.000000E+0
2.867377E+3	1.015500E-6	1.271510E+4	0.000000E+0	0.000000E+0
2.871375E+3	1.015430E-6	1.271460E+4	0.000000E+0	0.000000E+0
2.875379E+3	1.015500E-6	1.271420E+4	0.000000E+0	0.000000E+0
2.879374E+3	1.015560E-6	1.271370E+4	0.000000E+0	0.000000E+0
2.883377E+3	1.015490E-6	1.271310E+4	0.000000E+0	0.000000E+0
2.887375E+3	1.015510E-6	1.271270E+4	0.000000E+0	0.000000E+0
2.891376E+3	1.015540E-6	1.271230E+4	0.000000E+0	0.000000E+0
2.895375E+3	1.015560E-6	1.271190E+4	0.000000E+0	0.000000E+0
2.899375E+3	1.015500E-6	1.271140E+4	0.000000E+0	0.000000E+0
2.903382E+3	1.015460E-6	1.271080E+4	0.000000E+0	0.000000E+0
2.907375E+3	1.015560E-6	1.271030E+4	0.000000E+0	0.000000E+0
2.911375E+3	1.015440E-6	1.270960E+4	0.000000E+0	0.000000E+0
2.915375E+3	1.015490E-6	1.270910E+4	0.000000E+0	0.000000E+0
2.919375E+3	1.015550E-6	1.270850E+4	0.000000E+0	0.000000E+0
2.923378E+3	1.015560E-6	1.270810E+4	0.000000E+0	0.000000E+0
2.927377E+3	1.015610E-6	1.270770E+4	0.000000E+0	0.000000E+0
2.931378E+3	1.015610E-6	1.270730E+4	0.000000E+0	0.000000E+0
2.935374E+3	1.015560E-6	1.270680E+4	0.000000E+0	0.000000E+0
2.939376E+3	1.015630E-6	1.270640E+4	0.000000E+0	0.000000E+0
2.943376E+3	1.015620E-6	1.270600E+4	0.000000E+0	0.000000E+0
2.947375E+3	1.015670E-6	1.270560E+4	0.000000E+0	0.000000E+0
2.951369E+3	1.015620E-6	1.270520E+4	0.000000E+0	0.000000E+0
2.955381E+3	1.015620E-6	1.270480E+4	0.000000E+0	0.000000E+0
2.959374E+3	1.015620E-6	1.270420E+4	0.000000E+0	0.000000E+0
2.963375E+3	1.015510E-6	1.270360E+4	0.000000E+0	0.000000E+0
2.967370E+3	1.015620E-6	1.270310E+4	0.000000E+0	0.000000E+0
2.971377E+3	1.015690E-6	1.270260E+4	0.000000E+0	0.000000E+0
2.975370E+3	1.015640E-6	1.270200E+4	0.000000E+0	0.000000E+0
2.979370E+3	1.015660E-6	1.270160E+4	0.000000E+0	0.000000E+0
2.983370E+3	1.015650E-6	1.270110E+4	0.000000E+0	0.000000E+0
2.987375E+3	1.015690E-6	1.270060E+4	0.000000E+0	0.000000E+0
2.991372E+3	1.015730E-6	1.270020E+4	0.000000E+0	0.000000E+0
2.995371E+3	1.015720E-6	1.269980E+4	0.000000E+0	0.000000E+0
2.999370E+3	1.015710E-6	1.269920E+4	0.000000E+0	0.000000E+0
3.003377E+3	1.015780E-6	1.269870E+4	0.000000E+0	0.000000E+0
3.007371E+3	1.015810E-6	1.269830E+4	0.000000E+0	0.000000E+0
3.011373E+3	1.015810E-6	1.269790E+4	0.000000E+0	0.000000E+0
3.015369E+3	1.015870E-6	1.269750E+4	0.000000E+0	0.000000E+0
3.019376E+3	1.015680E-6	1.269710E+4	0.000000E+0	0.000000E+0
3.023372E+3	1.015780E-6	1.269670E+4	0.000000E+0	0.000000E+0
3.027374E+3	1.015870E-6	1.269650E+4	0.000000E+0	0.000000E+0
3.031368E+3	1.015850E-6	1.269610E+4	0.000000E+0	0.000000E+0
3.035375E+3	1.015910E-6	1.269560E+4	0.000000E+0	0.000000E+0
3.039372E+3	1.015910E-6	1.269520E+4	0.000000E+0	0.000000E+0
3.043372E+3	1.015900E-6	1.269490E+4	0.000000E+0	0.000000E+0
3.047376E+3	1.015980E-6	1.269490E+4	0.000000E+0	0.000000E+0
3.051376E+3	1.015930E-6	1.269450E+4	0.000000E+0	0.000000E+0
3.055376E+3	1.015920E-6	1.269410E+4	0.000000E+0	0.000000E+0
3.059376E+3	1.016000E-6	1.269350E+4	0.000000E+0	0.000000E+0
3.063375E+3	1.016000E-6	1.269290E+4	0.000000E+0	0.000000E+0
3.067375E+3	1.016100E-6	1.269240E+4	0.000000E+0	0.000000E+0
3.071380E+3	1.016060E-6	1.269170E+4	0.000000E+0	0.000000E+0
3.075377E+3	1.016220E-6	1.269110E+4	0.000000E+0	0.000000E+0
3.079375E+3	1.015980E-6	1.269040E+4	0.000000E+0	0.000000E+0
3.083381E+3	1.016050E-6	1.268960E+4	0.000000E+0	0.000000E+0
3.087374E+3	1.016210E-6	1.268900E+4	0.000000E+0	0.000000E+0
3.091373E+3	1.016190E-6	1.268840E+4	0.000000E+0	0.000000E+0
3.095375E+3	1.016170E-6	1.268780E+4	0.000000E+0	0.000000E+0
3.099380E+3	1.016320E-6	1.268720E+4	0.000000E+0	0.000000E+0
3.103374E+3	1.016190E-6	1.268670E+4	0.000000E+0	0.000000E+0
3.107372E+3	1.016230E-6	1.268600E+4	0.000000E+0	0.000000E+0
3.111372E+3	1.016270E-6	1.268550E+4	0.000000E+0	0.000000E+0
3.115375E+3	1.016250E-6	1.268500E+4	0.000000E+0	0.000000E+0
3.119372E+3	1.016340E-6	1.268450E+4	0.000000E+0	0.000000E+0
3.123373E+3	1.016350E-6	1.268390E+4	0.000000E+0	0.000000E+0
3.127374E+3	1.016320E-6	1.268340E+4	0.000000E+0	0.000000E+0
3.131379E+3	1.016290E-6	1.268300E+4	0.000000E+0	0.000000E+0
3.135369E+3	1.016310E-6	1.268250E+4	0.000000E+0	0.000000E+0
3.139376E+3	1.016340E-6	1.268190E+4	0.000000E+0	0.000000E+0
3.143372E+3	1.016430E-6	1.268140E+4	0.000000E+0	0.000000E+0
3.147379E+3	1.016390E-6	1.268080E+4	0.000000E+0	0.000000E+0
3.151370E+3	1.016360E-6	1.268040E+4	0.000000E+0	0.000000E+0
3.155377E+3	1.016410E-6	1.267980E+4	0.000000E+0	0.000000E+0
3.159375E+3	1.016410E-6	1.267910E+4	0.000000E+0	0.000000E+0
3.163386E+3	1.016460E-6	1.267860E+4	0.000000E+0	0.000000E+0
3.167374E+3	1.016460E-6	1.267820E+4	0.000000E+0	0.000000E+0
3.171370E+3	1.016430E-6	1.267790E+4	0.000000E+0	0.000000E+0
3.175374E+3	1.016420E-6	1.267740E+4	0.000000E+0	0.000000E+0
3.179378E+3	1.016500E-6	1.267680E+4	0.000000E+0	0.000000E+0
3.183369E+3	1.016360E-6	1.267630E+4	0.000000E+0	0.000000E+0
3.187369E+3	1.016490E-6	1.267600E+4	0.000000E+0	0.000000E+0
3.191375E+3	1.016450E-6	1.267540E+4	0.000000E+0	0.000000E+0
3.195378E+3	1.016560E-6	1.267480E+4	0.000000E+0	0.000000E+0
3.199374E+3	1.016580E-6	1.267420E+4	0.000000E+0	0.000000E+0
3.203375E+3	1.016540E-6	1.267380E+4	0.000000E+0	0.000000E+0
3.207375E+3	1.016490E-6	1.267330E+4	0.000000E+0	0.000000E+0
3.211381E+3	1.016620E-6	1.267290E+4	0.000000E+0	0.000000E+0
3.215375E+3	1.016600E-6	1.267240E+4	0.000000E+0	0.000000E+0
3.219375E+3	1.016660E-6	1.267210E+4	0.000000E+0	0.000000E+0
3.223375E+3	1.016700E-6	1.267160E+4	0.000000E+0	0.000000E+0
3.227375E+3	1.016650E-6	1.267110E+4	0.000000E+0	0.000000E+0
3.231375E+3	1.016670E-6	1.267070E+4	0.000000E+0	0.000000E+0
3.235371E+3	1.016720E-6	1.267030E+4	0.000000E+0	0.000000E+0
3.239375E+3	1.016730E-6	1.267000E+4	0.000000E+0	0.000000E+0
3.243380E+3	1.016750E-6	1.266950E+4	0.000000E+0	0.000000E+0
3.247374E+3	1.016750E-6	1.266910E+4	0.000000E+0	0.000000E+0
3.251375E+3	1.016740E-6	1.266870E+4	0.000000E+0	0.000000E+0
3.255374E+3	1.016640E-6	1.266820E+4	0.000000E+0	0.000000E+0
3.259375E+3	1.016750E-6	1.266770E+4	0.000000E+0	0.000000E+0
3.263374E+3	1.016680E-6	1.266730E+4	0.000000E+0	0.000000E+0
3.267370E+3	1.016740E-6	1.266680E+4	0.000000E+0	0.000000E+0
3.271374E+3	1.016780E-6	1.266630E+4	0.000000E+0	0.000000E+0
3.275378E+3	1.016800E-6	1.266570E+4	0.000000E+0	0.000000E+0
3.279376E+3	1.016820E-6	1.266530E+4	0.000000E+0	0.000000E+0
3.283377E+3	1.016810E-6	1.266480E+4	0.000000E+0	0.000000E+0
3.287375E+3	1.016810E-6	1.266430E+4	0.000000E+0	0.000000E+0
3.291376E+3	1.016770E-6	1.266390E+4	0.000000E+0	0.000000E+0
3.295376E+3	1.016800E-6	1.266340E+4	0.000000E+0	0.000000E+0
3.299371E+3	1.016800E-6	1.266290E+4	0.000000E+0	0.000000E+0
3.303375E+3	1.016810E-6	1.266240E+4	0.000000E+0	0.000000E+0
3.307375E+3	1.016810E-6	1.266190E+4	0.000000E+0	0.000000E+0
3.311370E+3	1.016980E-6	1.266130E+4	0.000000E+0	0.000000E+0
3.315375E+3	1.016950E-6	1.266080E+4	0.000000E+0	0.000000E+0
3.319375E+3	1.016960E-6	1.266010E+4	0.000000E+0	0.000000E+0
3.323375E+3	1.017000E-6	1.265950E+4	0.000000E+0	0.000000E+0
3.327368E+3	1.017020E-6	1.265910E+4	0.000000E+0	0.000000E+0
3.331377E+3	1.017040E-6	1.265860E+4	0.000000E+0	0.000000E+0
3.335374E+3	1.017030E-6	1.265820E+4	0.000000E+0	0.000000E+0
3.339376E+3	1.017070E-6	1.265760E+4	0.000000E+0	0.000000E+0
3.343371E+3	1.017060E-6	1.265730E+4	0.000000E+0	0.000000E+0
3.347374E+3	1.017110E-6	1.265670E+4	0.000000E+0	0.000000E+0
3.351369E+3	1.016990E-6	1.265640E+4	0.000000E+0	0.000000E+0
3.355379E+3	1.016990E-6	1.265580E+4	0.000000E+0	0.000000E+0
3.359375E+3	1.017120E-6	1.265540E+4	0.000000E+0	0.000000E+0
3.363379E+3	1.017080E-6	1.265490E+4	0.000000E+0	0.000000E+0
3.367375E+3	1.017050E-6	1.265460E+4	0.000000E+0	0.000000E+0
3.371382E+3	1.017120E-6	1.265420E+4	0.000000E+0	0.000000E+0
3.375376E+3	1.017120E-6	1.265380E+4	0.000000E+0	0.000000E+0
3.379375E+3	1.017250E-6	1.265320E+4	0.000000E+0	0.000000E+0
3.383375E+3	1.017170E-6	1.265290E+4	0.000000E+0	0.000000E+0
3.387377E+3	1.017170E-6	1.265240E+4	0.000000E+0	0.000000E+0
3.391375E+3	1.017230E-6	1.265200E+4	0.000000E+0	0.000000E+0
3.395375E+3	1.017250E-6	1.265160E+4	0.000000E+0	0.000000E+0
3.399375E+3	1.017170E-6	1.265120E+4	0.000000E+0	0.000000E+0
3.403377E+3	1.017140E-6	1.265070E+4	0.000000E+0	0.000000E+0
3.407374E+3	1.017210E-6	1.265020E+4	0.000000E+0	0.000000E+0
3.411381E+3	1.017290E-6	1.264980E+4	0.000000E+0	0.000000E+0
3.415374E+3	1.017320E-6	1.264940E+4	0.000000E+0	0.000000E+0
3.419376E+3	1.017360E-6	1.264900E+4	0.000000E+0	0.000000E+0
3.423375E+3	1.017300E-6	1.264850E+4	0.000000E+0	0.000000E+0
3.427376E+3	1.017380E-6	1.264810E+4	0.000000E+0	0.000000E+0
3.431375E+3	1.017350E-6	1.264770E+4	0.000000E+0	0.000000E+0
3.435383E+3	1.017350E-6	1.264740E+4	0.000000E+0	0.000000E+0
3.439371E+3	1.017440E-6	1.264700E+4	0.000000E+0	0.000000E+0
3.443378E+3	1.017410E-6	1.264640E+4	0.000000E+0	0.000000E+0
3.447372E+3	1.017380E-6	1.264590E+4	0.000000E+0	0.000000E+0
3.451384E+3	1.017480E-6	1.264530E+4	0.000000E+0	0.000000E+0
3.455375E+3	1.017520E-6	1.264490E+4	0.000000E+0	0.000000E+0
3.459380E+3	1.017510E-6	1.264440E+4	0.000000E+0	0.000000E+0
3.463376E+3	1.017520E-6	1.264390E+4	0.000000E+0	0.000000E+0
3.467380E+3	1.017480E-6	1.264350E+4	0.000000E+0	0.000000E+0
3.471375E+3	1.017550E-6	1.264290E+4	0.000000E+0	0.000000E+0
3.475375E+3	1.017590E-6	1.264250E+4	0.000000E+0	0.000000E+0
3.479375E+3	1.017600E-6	1.264210E+4	0.000000E+0	0.000000E+0
3.483375E+3	1.017590E-6	1.264160E+4	0.000000E+0	0.000000E+0
3.487373E+3	1.017570E-6	1.264130E+4	0.000000E+0	0.000000E+0
3.491375E+3	1.017670E-6	1.264080E+4	0.000000E+0	0.000000E+0
3.495378E+3	1.017700E-6	1.264040E+4	0.000000E+0	0.000000E+0
3.499374E+3	1.017720E-6	1.263990E+4	0.000000E+0	0.000000E+0
3.503376E+3	1.017700E-6	1.263950E+4	0.000000E+0	0.000000E+0
3.507375E+3	1.017730E-6	1.263900E+4	0.000000E+0	0.000000E+0
3.511374E+3	1.017840E-6	1.263850E+4	0.000000E+0	0.000000E+0
3.515375E+3	1.017790E-6	1.263840E+4	0.000000E+0	0.000000E+0
3.519375E+3	1.017830E-6	1.263780E+4	0.000000E+0	0.000000E+0
3.523374E+3	1.017830E-6	1.263740E+4	0.000000E+0	0.000000E+0
3.527373E+3	1.017880E-6	1.263690E+4	0.000000E+0	0.000000E+0
3.531378E+3	1.017840E-6	1.263660E+4	0.000000E+0	0.000000E+0
3.535377E+3	1.017870E-6	1.263610E+4	0.000000E+0	0.000000E+0
3.539375E+3	1.017790E-6	1.263560E+4	0.000000E+0	0.000000E+0
3.543376E+3	1.017880E-6	1.263530E+4	0.000000E+0	0.000000E+0
3.547375E+3	1.017900E-6	1.263480E+4	0.000000E+0	0.000000E+0
3.551375E+3	1.017820E-6	1.263440E+4	0.000000E+0	0.000000E+0
3.555375E+3	1.017850E-6	1.263410E+4	0.000000E+0	0.000000E+0
3.559374E+3	1.017900E-6	1.263360E+4	0.000000E+0	0.000000E+0
3.563375E+3	1.017890E-6	1.263320E+4	0.000000E+0	0.000000E+0
3.567370E+3	1.017880E-6	1.263270E+4	0.000000E+0	0.000000E+0
3.571375E+3	1.017880E-6	1.263230E+4	0.000000E+0	0.000000E+0
3.575375E+3	1.017910E-6	1.263200E+4	0.000000E+0	0.000000E+0
3.579374E+3	1.017910E-6	1.263140E+4	0.000000E+0	0.000000E+0
3.583373E+3	1.017900E-6	1.263100E+4	0.000000E+0	0.000000E+0
3.587375E+3	1.017990E-6	1.263040E+4	0.000000E+0	0.000000E+0
3.591376E+3	1.018000E-6	1.263010E+4	0.000000E+0	0.000000E+0
3.595376E+3	1.017980E-6	1.262950E+4	0.000000E+0	0.000000E+0
3.599374E+3	1.018010E-6	1.262910E+4	0.000000E+0	0.000000E+0
3.603372E+3	1.017980E-6	1.262850E+4	0.000000E+0	0.000000E+0
3.607372E+3	1.017980E-6	1.262720E+4	0.000000E+0	0.000000E+0
3.611375E+3	1.018050E-6	1.262680E+4	0.000000E+0	0.000000E+0
3.615375E+3	1.018020E-6	1.262630E+4	0.000000E+0	0.000000E+0
3.619374E+3	1.017990E-6	1.262580E+4	0.000000E+0	0.000000E+0
3.623373E+3	1.018140E-6	1.262540E+4	0.000000E+0	0.000000E+0
3.627380E+3	1.018080E-6	1.262500E+4	0.000000E+0	0.000000E+0
3.631373E+3	1.018070E-6	1.262470E+4	0.000000E+0	0.000000E+0
3.635375E+3	1.018150E-6	1.262440E+4	0.000000E+0	0.000000E+0
3.639375E+3	1.018150E-6	1.262390E+4	0.000000E+0	0.000000E+0
3.643377E+3	1.018140E-6	1.262340E+4	0.000000E+0	0.000000E+0
3.647375E+3	1.018150E-6	1.262280E+4	0.000000E+0	0.000000E+0
3.651373E+3	1.018220E-6	1.262230E+4	0.000000E+0	0.000000E+0
3.655375E+3	1.018390E-6	1.262210E+4	0.000000E+0	0.000000E+0
3.659378E+3	1.018260E-6	1.262170E+4	0.000000E+0	0.000000E+0
3.663377E+3	1.018340E-6	1.262140E+4	0.000000E+0	0.000000E+0
3.667373E+3	1.018400E-6	1.262090E+4	0.000000E+0	0.000000E+0
3.671374E+3	1.018390E-6	1.262050E+4	0.000000E+0	0.000000E+0
3.675374E+3	1.018380E-6	1.261990E+4	0.000000E+0	0.000000E+0
3.679375E+3	1.018440E-6	1.261950E+4	0.000000E+0	0.000000E+0
3.683375E+3	1.018440E-6	1.261900E+4	0.000000E+0	0.000000E+0
3.687372E+3	1.018490E-6	1.261840E+4	0.000000E+0	0.000000E+0
3.691375E+3	1.018490E-6	1.261800E+4	0.000000E+0	0.000000E+0
3.695376E+3	1.018440E-6	1.261770E+4	0.000000E+0	0.000000E+0
3.699375E+3	1.018570E-6	1.261720E+4	0.000000E+0	0.000000E+0
3.703375E+3	1.018580E-6	1.261680E+4	0.000000E+0	0.000000E+0
3.707376E+3	1.018560E-6	1.261640E+4	0.000000E+0	0.000000E+0
3.711376E+3	1.018650E-6	1.261590E+4	0.000000E+0	0.000000E+0
3.715375E+3	1.018650E-6	1.261560E+4	0.000000E+0	0.000000E+0
3.719375E+3	1.018650E-6	1.261540E+4	0.000000E+0	0.000000E+0
3.723375E+3	1.018690E-6	1.261510E+4	0.000000E+0	0.000000E+0
3.727379E+3	1.018700E-6	1.261460E+4	0.000000E+0	0.000000E+0
3.731378E+3	1.018750E-6	1.261430E+4	0.000000E+0	0.000000E+0
3.735378E+3	1.018690E-6	1.261390E+4	0.000000E+0	0.000000E+0
3.739377E+3	1.018720E-6	1.261350E+4	0.000000E+0	0.000000E+0
3.743377E+3	1.018740E-6	1.261310E+4	0.000000E+0	0.000000E+0
3.747377E+3	1.018700E-6	1.261280E+4	0.000000E+0	0.000000E+0
3.751375E+3	1.018760E-6	1.261250E+4	0.000000E+0	0.000000E+0
3.755383E+3	1.018780E-6	1.261220E+4	0.000000E+0	0.000000E+0
3.759375E+3	1.018800E-6	1.261200E+4	0.000000E+0	0.000000E+0
3.763375E+3	1.018920E-6	1.261170E+4	0.000000E+0	0.000000E+0
3.767376E+3	1.018860E-6	1.261130E+4	0.000000E+0	0.000000E+0
3.771374E+3	1.018880E-6	1.261090E+4	0.000000E+0	0.000000E+0
3.775375E+3	1.018930E-6	1.261040E+4	0.000000E+0	0.000000E+0
3.779375E+3	1.018910E-6	1.261000E+4	0.000000E+0	0.000000E+0
3.783377E+3	1.018920E-6	1.260950E+4	0.000000E+0	0.000000E+0
3.787379E+3	1.018850E-6	1.260900E+4	0.000000E+0	0.000000E+0
3.791374E+3	1.018840E-6	1.260860E+4	0.000000E+0	0.000000E+0
3.795372E+3	1.018930E-6	1.260830E+4	0.000000E+0	0.000000E+0
3.799375E+3	1.018910E-6	1.260790E+4	0.000000E+0	0.000000E+0
3.803377E+3	1.019000E-6	1.260740E+4	0.000000E+0	0.000000E+0
3.807374E+3	1.018970E-6	1.260690E+4	0.000000E+0	0.000000E+0
3.811375E+3	1.018910E-6	1.260620E+4	0.000000E+0	0.000000E+0
3.815375E+3	1.018950E-6	1.260590E+4	0.000000E+0	0.000000E+0
3.819377E+3	1.018990E-6	1.260540E+4	0.000000E+0	0.000000E+0
3.823376E+3	1.018990E-6	1.260470E+4	0.000000E+0	0.000000E+0
3.827377E+3	1.018980E-6	1.260420E+4	0.000000E+0	0.000000E+0
3.831376E+3	1.019130E-6	1.260380E+4	0.000000E+0	0.000000E+0
3.835376E+3	1.019090E-6	1.260330E+4	0.000000E+0	0.000000E+0
3.839376E+3	1.019050E-6	1.260280E+4	0.000000E+0	0.000000E+0
3.843374E+3	1.019020E-6	1.260240E+4	0.000000E+0	0.000000E+0
3.847378E+3	1.019140E-6	1.260190E+4	0.000000E+0	0.000000E+0
3.851378E+3	1.019110E-6	1.260120E+4	0.000000E+0	0.000000E+0
3.855378E+3	1.019230E-6	1.260070E+4	0.000000E+0	0.000000E+0
3.859379E+3	1.019220E-6	1.260030E+4	0.000000E+0	0.000000E+0
3.863379E+3	1.019180E-6	1.259990E+4	0.000000E+0	0.000000E+0
3.867376E+3	1.019220E-6	1.259940E+4	0.000000E+0	0.000000E+0
3.871379E+3	1.019250E-6	1.259880E+4	0.000000E+0	0.000000E+0
3.875376E+3	1.019240E-6	1.259830E+4	0.000000E+0	0.000000E+0
3.879375E+3	1.019370E-6	1.259790E+4	0.000000E+0	0.000000E+0
3.883379E+3	1.019220E-6	1.259760E+4	0.000000E+0	0.000000E+0
3.887377E+3	1.019280E-6	1.259730E+4	0.000000E+0	0.000000E+0
3.891377E+3	1.019310E-6	1.259710E+4	0.000000E+0	0.000000E+0
3.895379E+3	1.019300E-6	1.259670E+4	0.000000E+0	0.000000E+0
3.899378E+3	1.019250E-6	1.259630E+4	0.000000E+0	0.000000E+0
3.903377E+3	1.019410E-6	1.259600E+4	0.000000E+0	0.000000E+0
3.907378E+3	1.019470E-6	1.259560E+4	0.000000E+0	0.000000E+0
3.911377E+3	1.019330E-6	1.259510E+4	0.000000E+0	0.000000E+0
3.915378E+3	1.019380E-6	1.259470E+4	0.000000E+0	0.000000E+0
3.919375E+3	1.019480E-6	1.259430E+4	0.000000E+0	0.000000E+0
3.923379E+3	1.019420E-6	1.259380E+4	0.000000E+0	0.000000E+0
3.927375E+3	1.019450E-6	1.259340E+4	0.000000E+0	0.000000E+0
3.931376E+3	1.019450E-6	1.259290E+4	0.000000E+0	0.000000E+0
3.935379E+3	1.019370E-6	1.259240E+4	0.000000E+0	0.000000E+0
3.939376E+3	1.019430E-6	1.259190E+4	0.000000E+0	0.000000E+0
3.943374E+3	1.019590E-6	1.259150E+4	0.000000E+0	0.000000E+0
3.947382E+3	1.019630E-6	1.259110E+4	0.000000E+0	0.000000E+0
3.951375E+3	1.019570E-6	1.259060E+4	0.000000E+0	0.000000E+0
3.955376E+3	1.019620E-6	1.258970E+4	0.000000E+0	0.000000E+0
3.959380E+3	1.019550E-6	1.258940E+4	0.000000E+0	0.000000E+0
3.963373E+3	1.019610E-6	1.258890E+4	0.000000E+0	0.000000E+0
3.967372E+3	1.019710E-6	1.258840E+4	0.000000E+0	0.000000E+0
3.971372E+3	1.019640E-6	1.258800E+4	0.000000E+0	0.000000E+0
3.975375E+3	1.019610E-6	1.258750E+4	0.000000E+0	0.000000E+0
3.979375E+3	1.019740E-6	1.258710E+4	0.000000E+0	0.000000E+0
3.983380E+3	1.019710E-6	1.258670E+4	0.000000E+0	0.000000E+0
3.987377E+3	1.019790E-6	1.258630E+4	0.000000E+0	0.000000E+0
3.991375E+3	1.019900E-6	1.258590E+4	0.000000E+0	0.000000E+0
3.995375E+3	1.019840E-6	1.258550E+4	0.000000E+0	0.000000E+0
3.999375E+3	1.019760E-6	1.258520E+4	0.000000E+0	0.000000E+0
4.003376E+3	1.019860E-6	1.258480E+4	0.000000E+0	0.000000E+0
4.007374E+3	1.019810E-6	1.258450E+4	0.000000E+0	0.000000E+0
4.011381E+3	1.019880E-6	1.258420E+4	0.000000E+0	0.000000E+0
4.015378E+3	1.019860E-6	1.258390E+4	0.000000E+0	0.000000E+0
4.019375E+3	1.019840E-6	1.258350E+4	0.000000E+0	0.000000E+0
4.023384E+3	1.019900E-6	1.258320E+4	0.000000E+0	0.000000E+0
4.027377E+3	1.019950E-6	1.258270E+4	0.000000E+0	0.000000E+0
4.031375E+3	1.019910E-6	1.258230E+4	0.000000E+0	0.000000E+0
4.035377E+3	1.019930E-6	1.258190E+4	0.000000E+0	0.000000E+0
4.039384E+3	1.020010E-6	1.258140E+4	0.000000E+0	0.000000E+0
4.043376E+3	1.019980E-6	1.258100E+4	0.000000E+0	0.000000E+0
4.047374E+3	1.020030E-6	1.258050E+4	0.000000E+0	0.000000E+0
4.051377E+3	1.020070E-6	1.258010E+4	0.000000E+0	0.000000E+0
4.055371E+3	1.020060E-6	1.257960E+4	0.000000E+0	0.000000E+0
4.059375E+3	1.020050E-6	1.257920E+4	0.000000E+0	0.000000E+0
4.063375E+3	1.020070E-6	1.257880E+4	0.000000E+0	0.000000E+0
4.067376E+3	1.020070E-6	1.257840E+4	0.000000E+0	0.000000E+0
4.071375E+3	1.020150E-6	1.257800E+4	0.000000E+0	0.000000E+0
4.075374E+3	1.020070E-6	1.257760E+4	0.000000E+0	0.000000E+0
4.079374E+3	1.020120E-6	1.257710E+4	0.000000E+0	0.000000E+0
4.083381E+3	1.020180E-6	1.257670E+4	0.000000E+0	0.000000E+0
4.087379E+3	1.020140E-6	1.257630E+4	0.000000E+0	0.000000E+0
4.091376E+3	1.020260E-6	1.257590E+4	0.000000E+0	0.000000E+0
4.095374E+3	1.020200E-6	1.257560E+4	0.000000E+0	0.000000E+0
4.099381E+3	1.020300E-6	1.257500E+4	0.000000E+0	0.000000E+0
4.103377E+3	1.020260E-6	1.257470E+4	0.000000E+0	0.000000E+0
4.107381E+3	1.020180E-6	1.257420E+4	0.000000E+0	0.000000E+0
4.111375E+3	1.020310E-6	1.257390E+4	0.000000E+0	0.000000E+0
4.115381E+3	1.020270E-6	1.257340E+4	0.000000E+0	0.000000E+0
4.119373E+3	1.020320E-6	1.257290E+4	0.000000E+0	0.000000E+0
4.123376E+3	1.020350E-6	1.257240E+4	0.000000E+0	0.000000E+0
4.127377E+3	1.020330E-6	1.257200E+4	0.000000E+0	0.000000E+0
4.131382E+3	1.020360E-6	1.257170E+4	0.000000E+0	0.000000E+0
4.135372E+3	1.020490E-6	1.257130E+4	0.000000E+0	0.000000E+0
4.139375E+3	1.020480E-6	1.257090E+4	0.000000E+0	0.000000E+0
4.143373E+3	1.020510E-6	1.257050E+4	0.000000E+0	0.000000E+0
4.147376E+3	1.020510E-6	1.257000E+4	0.000000E+0	0.000000E+0
4.151371E+3	1.020580E-6	1.256970E+4	0.000000E+0	0.000000E+0
4.155377E+3	1.020530E-6	1.256940E+4	0.000000E+0	0.000000E+0
4.159377E+3	1.020540E-6	1.256910E+4	0.000000E+0	0.000000E+0
4.163376E+3	1.020570E-6	1.256870E+4	0.000000E+0	0.000000E+0
4.167373E+3	1.020520E-6	1.256840E+4	0.000000E+0	0.000000E+0
4.171384E+3	1.020620E-6	1.256800E+4	0.000000E+0	0.000000E+0
4.175376E+3	1.020580E-6	1.256770E+4	0.000000E+0	0.000000E+0
4.179375E+3	1.020570E-6	1.256740E+4	0.000000E+0	0.000000E+0
4.183376E+3	1.020610E-6	1.256720E+4	0.000000E+0	0.000000E+0
4.187379E+3	1.020680E-6	1.256690E+4	0.000000E+0	0.000000E+0
4.191374E+3	1.020620E-6	1.256670E+4	0.000000E+0	0.000000E+0
4.195388E+3	1.020640E-6	1.256640E+4	0.000000E+0	0.000000E+0
4.199372E+3	1.020640E-6	1.256610E+4	0.000000E+0	0.000000E+0
4.203377E+3	1.020680E-6	1.256600E+4	0.000000E+0	0.000000E+0
4.207372E+3	1.020700E-6	1.256590E+4	0.000000E+0	0.000000E+0
4.211377E+3	1.020740E-6	1.256550E+4	0.000000E+0	0.000000E+0
4.215375E+3	1.020690E-6	1.256510E+4	0.000000E+0	0.000000E+0
4.219375E+3	1.020810E-6	1.256480E+4	0.000000E+0	0.000000E+0
4.223375E+3	1.020730E-6	1.256450E+4	0.000000E+0	0.000000E+0
4.227375E+3	1.020790E-6	1.256410E+4	0.000000E+0	0.000000E+0
4.231382E+3	1.020810E-6	1.256360E+4	0.000000E+0	0.000000E+0
4.235380E+3	1.020830E-6	1.256310E+4	0.000000E+0	0.000000E+0
4.239375E+3	1.020900E-6	1.256270E+4	0.000000E+0	0.000000E+0
4.243381E+3	1.020950E-6	1.256220E+4	0.000000E+0	0.000000E+0
4.247376E+3	1.020950E-6	1.256170E+4	0.000000E+0	0.000000E+0
4.251375E+3	1.021000E-6	1.256100E+4	0.000000E+0	0.000000E+0
4.255374E+3	1.021000E-6	1.256040E+4	0.000000E+0	0.000000E+0
4.259373E+3	1.021000E-6	1.256000E+4	0.000000E+0	0.000000E+0
4.263372E+3	1.021030E-6	1.255960E+4	0.000000E+0	0.000000E+0
4.267375E+3	1.021110E-6	1.255910E+4	0.000000E+0	0.000000E+0
4.271376E+3	1.021110E-6	1.255860E+4	0.000000E+0	0.000000E+0
4.275382E+3	1.021080E-6	1.255820E+4	0.000000E+0	0.000000E+0
4.279379E+3	1.021020E-6	1.255770E+4	0.000000E+0	0.000000E+0
4.283377E+3	1.021140E-6	1.255730E+4	0.000000E+0	0.000000E+0
4.287376E+3	1.021040E-6	1.255710E+4	0.000000E+0	0.000000E+0
4.291382E+3	1.021070E-6	1.255660E+4	0.000000E+0	0.000000E+0
4.295375E+3	1.021060E-6	1.255630E+4	0.000000E+0	0.000000E+0
4.299375E+3	1.021130E-6	1.255580E+4	0.000000E+0	0.000000E+0
4.303382E+3	1.021110E-6	1.255550E+4	0.000000E+0	0.000000E+0
4.307385E+3	1.021170E-6	1.255510E+4	0.000000E+0	0.000000E+0
4.311377E+3	1.021130E-6	1.255470E+4	0.000000E+0	0.000000E+0
4.315375E+3	1.021170E-6	1.255430E+4	0.000000E+0	0.000000E+0
4.319374E+3	1.021210E-6	1.255390E+4	0.000000E+0	0.000000E+0
4.323383E+3	1.021210E-6	1.255340E+4	0.000000E+0	0.000000E+0
4.327376E+3	1.021270E-6	1.255290E+4	0.000000E+0	0.000000E+0
4.331376E+3	1.021200E-6	1.255250E+4	0.000000E+0	0.000000E+0
4.335376E+3	1.021250E-6	1.255200E+4	0.000000E+0	0.000000E+0
4.339378E+3	1.021340E-6	1.255160E+4	0.000000E+0	0.000000E+0
4.343376E+3	1.021410E-6	1.255130E+4	0.000000E+0	0.000000E+0
4.347384E+3	1.021390E-6	1.255100E+4	0.000000E+0	0.000000E+0
4.351382E+3	1.021370E-6	1.255050E+4	0.000000E+0	0.000000E+0
4.355375E+3	1.021410E-6	1.255020E+4	0.000000E+0	0.000000E+0
4.359372E+3	1.021510E-6	1.255000E+4	0.000000E+0	0.000000E+0
4.363373E+3	1.021490E-6	1.254960E+4	0.000000E+0	0.000000E+0
4.367374E+3	1.021450E-6	1.254920E+4	0.000000E+0	0.000000E+0
4.371376E+3	1.021470E-6	1.254890E+4	0.000000E+0	0.000000E+0
4.375375E+3	1.021460E-6	1.254870E+4	0.000000E+0	0.000000E+0
4.379375E+3	1.021510E-6	1.254840E+4	0.000000E+0	0.000000E+0
4.383375E+3	1.021480E-6	1.254800E+4	0.000000E+0	0.000000E+0
4.387375E+3	1.021530E-6	1.254740E+4	0.000000E+0	0.000000E+0
4.391375E+3	1.021440E-6	1.254690E+4	0.000000E+0	0.000000E+0
4.395370E+3	1.021490E-6	1.254660E+4	0.000000E+0	0.000000E+0
4.399375E+3	1.021620E-6	1.254630E+4	0.000000E+0	0.000000E+0
4.403381E+3	1.021620E-6	1.254600E+4	0.000000E+0	0.000000E+0
4.407375E+3	1.021630E-6	1.254560E+4	0.000000E+0	0.000000E+0
4.411376E+3	1.021600E-6	1.254520E+4	0.000000E+0	0.000000E+0
4.415375E+3	1.021570E-6	1.254480E+4	0.000000E+0	0.000000E+0
4.419379E+3	1.021640E-6	1.254440E+4	0.000000E+0	0.000000E+0
4.423375E+3	1.021660E-6	1.254390E+4	0.000000E+0	0.000000E+0
4.427382E+3	1.021730E-6	1.254360E+4	0.000000E+0	0.000000E+0
4.431374E+3	1.021680E-6	1.254310E+4	0.000000E+0	0.000000E+0
4.435381E+3	1.021670E-6	1.254270E+4	0.000000E+0	0.000000E+0
4.439375E+3	1.021650E-6	1.254240E+4	0.000000E+0	0.000000E+0
4.443372E+3	1.021690E-6	1.254210E+4	0.000000E+0	0.000000E+0
4.447372E+3	1.021660E-6	1.254190E+4	0.000000E+0	0.000000E+0
4.451379E+3	1.021750E-6	1.254160E+4	0.000000E+0	0.000000E+0
4.455373E+3	1.021890E-6	1.254120E+4	0.000000E+0	0.000000E+0
4.459377E+3	1.021930E-6	1.254090E+4	0.000000E+0	0.000000E+0
4.463375E+3	1.021980E-6	1.254060E+4	0.000000E+0	0.000000E+0
4.467382E+3	1.021860E-6	1.254030E+4	0.000000E+0	0.000000E+0
4.471375E+3	1.021880E-6	1.254000E+4	0.000000E+0	0.000000E+0
4.475375E+3	1.021850E-6	1.253960E+4	0.000000E+0	0.000000E+0
4.479377E+3	1.021880E-6	1.253930E+4	0.000000E+0	0.000000E+0
4.483383E+3	1.021910E-6	1.253900E+4	0.000000E+0	0.000000E+0
4.487376E+3	1.021940E-6	1.253860E+4	0.000000E+0	0.000000E+0
4.491380E+3	1.021960E-6	1.253820E+4	0.000000E+0	0.000000E+0
4.495380E+3	1.021980E-6	1.253770E+4	0.000000E+0	0.000000E+0
4.499376E+3	1.022030E-6	1.253740E+4	0.000000E+0	0.000000E+0
4.503378E+3	1.022080E-6	1.253690E+4	0.000000E+0	0.000000E+0
4.507375E+3	1.022110E-6	1.253670E+4	0.000000E+0	0.000000E+0
4.511379E+3	1.022070E-6	1.253630E+4	0.000000E+0	0.000000E+0
4.515379E+3	1.022110E-6	1.253590E+4	0.000000E+0	0.000000E+0
4.519379E+3	1.022080E-6	1.253550E+4	0.000000E+0	0.000000E+0
4.523379E+3	1.022130E-6	1.253500E+4	0.000000E+0	0.000000E+0
4.527374E+3	1.022110E-6	1.253470E+4	0.000000E+0	0.000000E+0
4.531379E+3	1.022100E-6	1.253430E+4	0.000000E+0	0.000000E+0
4.535385E+3	1.022170E-6	1.253390E+4	0.000000E+0	0.000000E+0
4.539380E+3	1.022260E-6	1.253330E+4	0.000000E+0	0.000000E+0
4.543376E+3	1.022290E-6	1.253300E+4	0.000000E+0	0.000000E+0
4.547377E+3	1.022180E-6	1.253270E+4	0.000000E+0	0.000000E+0
4.551377E+3	1.022300E-6	1.253240E+4	0.000000E+0	0.000000E+0
4.555377E+3	1.022380E-6	1.253210E+4	0.000000E+0	0.000000E+0
4.559378E+3	1.022360E-6	1.253170E+4	0.000000E+0	0.000000E+0
4.563381E+3	1.022300E-6	1.253130E+4	0.000000E+0	0.000000E+0
4.567375E+3	1.022270E-6	1.253100E+4	0.000000E+0	0.000000E+0
4.571378E+3	1.022340E-6	1.253060E+4	0.000000E+0	0.000000E+0
4.575378E+3	1.022370E-6	1.253020E+4	0.000000E+0	0.000000E+0
4.579383E+3	1.022380E-6	1.252980E+4	0.000000E+0	0.000000E+0
4.583380E+3	1.022370E-6	1.252950E+4	0.000000E+0	0.000000E+0
4.587381E+3	1.022390E-6	1.252920E+4	0.000000E+0	0.000000E+0
4.591379E+3	1.022380E-6	1.252880E+4	0.000000E+0	0.000000E+0
4.595379E+3	1.022300E-6	1.252840E+4	0.000000E+0	0.000000E+0
4.599379E+3	1.022390E-6	1.252820E+4	0.000000E+0	0.000000E+0
4.603377E+3	1.022470E-6	1.252790E+4	0.000000E+0	0.000000E+0
4.607379E+3	1.022400E-6	1.252750E+4	0.000000E+0	0.000000E+0
4.611375E+3	1.022420E-6	1.252720E+4	0.000000E+0	0.000000E+0
4.615375E+3	1.022410E-6	1.252670E+4	0.000000E+0	0.000000E+0
4.619376E+3	1.022410E-6	1.252650E+4	0.000000E+0	0.000000E+0
4.623376E+3	1.022460E-6	1.252620E+4	0.000000E+0	0.000000E+0
4.627373E+3	1.022480E-6	1.252580E+4	0.000000E+0	0.000000E+0
4.631373E+3	1.022530E-6	1.252540E+4	0.000000E+0	0.000000E+0
4.635373E+3	1.022540E-6	1.252510E+4	0.000000E+0	0.000000E+0
4.639375E+3	1.022490E-6	1.252470E+4	0.000000E+0	0.000000E+0
4.643380E+3	1.022570E-6	1.252430E+4	0.000000E+0	0.000000E+0
4.647378E+3	1.022670E-6	1.252410E+4	0.000000E+0	0.000000E+0
4.651376E+3	1.022710E-6	1.252380E+4	0.000000E+0	0.000000E+0
4.655378E+3	1.022650E-6	1.252330E+4	0.000000E+0	0.000000E+0
4.659376E+3	1.022580E-6	1.252310E+4	0.000000E+0	0.000000E+0
4.663374E+3	1.022740E-6	1.252280E+4	0.000000E+0	0.000000E+0
4.667375E+3	1.022710E-6	1.252240E+4	0.000000E+0	0.000000E+0
4.671375E+3	1.022800E-6	1.252210E+4	0.000000E+0	0.000000E+0
4.675378E+3	1.022830E-6	1.252160E+4	0.000000E+0	0.000000E+0
4.679372E+3	1.022730E-6	1.252140E+4	0.000000E+0	0.000000E+0
4.683374E+3	1.022720E-6	1.252110E+4	0.000000E+0	0.000000E+0
4.687377E+3	1.022750E-6	1.252090E+4	0.000000E+0	0.000000E+0
4.691377E+3	1.022770E-6	1.252050E+4	0.000000E+0	0.000000E+0
4.695374E+3	1.022770E-6	1.252010E+4	0.000000E+0	0.000000E+0
4.699373E+3	1.022790E-6	1.251970E+4	0.000000E+0	0.000000E+0
4.703377E+3	1.022770E-6	1.251910E+4	0.000000E+0	0.000000E+0
4.707377E+3	1.022920E-6	1.251880E+4	0.000000E+0	0.000000E+0
4.711377E+3	1.022920E-6	1.251850E+4	0.000000E+0	0.000000E+0
4.715382E+3	1.022960E-6	1.251810E+4	0.000000E+0	0.000000E+0
4.719377E+3	1.022940E-6	1.251760E+4	0.000000E+0	0.000000E+0
4.723377E+3	1.023020E-6	1.251710E+4	0.000000E+0	0.000000E+0
4.727375E+3	1.022950E-6	1.251670E+4	0.000000E+0	0.000000E+0
4.731383E+3	1.022980E-6	1.251630E+4	0.000000E+0	0.000000E+0
4.735383E+3	1.022960E-6	1.251570E+4	0.000000E+0	0.000000E+0
4.739376E+3	1.023010E-6	1.251530E+4	0.000000E+0	0.000000E+0
4.743375E+3	1.023060E-6	1.251510E+4	0.000000E+0	0.000000E+0
4.747376E+3	1.022990E-6	1.251480E+4	0.000000E+0	0.000000E+0
4.751376E+3	1.023010E-6	1.251430E+4	0.000000E+0	0.000000E+0
4.755376E+3	1.023170E-6	1.251400E+4	0.000000E+0	0.000000E+0
4.759375E+3	1.023080E-6	1.251360E+4	0.000000E+0	0.000000E+0
4.763378E+3	1.023050E-6	1.251310E+4	0.000000E+0	0.000000E+0
4.767375E+3	1.023200E-6	1.251280E+4	0.000000E+0	0.000000E+0
4.771379E+3	1.023160E-6	1.251220E+4	0.000000E+0	0.000000E+0
4.775375E+3	1.023090E-6	1.251180E+4	0.000000E+0	0.000000E+0
4.779375E+3	1.023180E-6	1.251120E+4	0.000000E+0	0.000000E+0
4.783377E+3	1.023230E-6	1.251070E+4	0.000000E+0	0.000000E+0
4.787374E+3	1.023230E-6	1.251030E+4	0.000000E+0	0.000000E+0
4.791375E+3	1.023270E-6	1.250980E+4	0.000000E+0	0.000000E+0
4.795375E+3	1.023230E-6	1.250900E+4	0.000000E+0	0.000000E+0
4.799380E+3	1.023280E-6	1.250810E+4	0.000000E+0	0.000000E+0
4.803376E+3	1.023280E-6	1.250740E+4	0.000000E+0	0.000000E+0
4.807375E+3	1.023260E-6	1.250690E+4	0.000000E+0	0.000000E+0
4.811373E+3	1.023320E-6	1.250640E+4	0.000000E+0	0.000000E+0
4.815377E+3	1.023360E-6	1.250610E+4	0.000000E+0	0.000000E+0
4.819377E+3	1.023270E-6	1.250580E+4	0.000000E+0	0.000000E+0
4.823381E+3	1.023320E-6	1.250550E+4	0.000000E+0	0.000000E+0
4.827373E+3	1.023400E-6	1.250530E+4	0.000000E+0	0.000000E+0
4.831376E+3	1.023330E-6	1.250490E+4	0.000000E+0	0.000000E+0
4.835378E+3	1.023500E-6	1.250470E+4	0.000000E+0	0.000000E+0
4.839375E+3	1.023490E-6	1.250420E+4	0.000000E+0	0.000000E+0
4.843374E+3	1.023510E-6	1.250370E+4	0.000000E+0	0.000000E+0
4.847372E+3	1.023530E-6	1.250330E+4	0.000000E+0	0.000000E+0
4.851375E+3	1.023580E-6	1.250270E+4	0.000000E+0	0.000000E+0
4.855374E+3	1.023570E-6	1.250230E+4	0.000000E+0	0.000000E+0
4.859372E+3	1.023630E-6	1.250180E+4	0.000000E+0	0.000000E+0
4.863372E+3	1.023660E-6	1.250030E+4	0.000000E+0	0.000000E+0
4.867373E+3	1.023640E-6	1.250000E+4	0.000000E+0	0.000000E+0
4.871376E+3	1.023680E-6	1.249990E+4	0.000000E+0	0.000000E+0
4.875375E+3	1.023710E-6	1.249980E+4	0.000000E+0	0.000000E+0
4.879373E+3	1.023700E-6	1.249980E+4	0.000000E+0	0.000000E+0
4.883375E+3	1.023740E-6	1.249940E+4	0.000000E+0	0.000000E+0
4.887375E+3	1.023760E-6	1.249910E+4	0.000000E+0	0.000000E+0
4.891375E+3	1.023740E-6	1.249870E+4	0.000000E+0	0.000000E+0
4.895383E+3	1.023780E-6	1.249840E+4	0.000000E+0	0.000000E+0
4.899378E+3	1.023810E-6	1.249790E+4	0.000000E+0	0.000000E+0
4.903377E+3	1.023830E-6	1.249750E+4	0.000000E+0	0.000000E+0
4.907377E+3	1.023850E-6	1.249710E+4	0.000000E+0	0.000000E+0
4.911376E+3	1.023980E-6	1.249690E+4	0.000000E+0	0.000000E+0
4.915378E+3	1.023840E-6	1.249660E+4	0.000000E+0	0.000000E+0
4.919375E+3	1.023970E-6	1.249620E+4	0.000000E+0	0.000000E+0
4.923375E+3	1.024000E-6	1.249590E+4	0.000000E+0	0.000000E+0
4.927376E+3	1.024030E-6	1.249550E+4	0.000000E+0	0.000000E+0
4.931381E+3	1.024050E-6	1.249500E+4	0.000000E+0	0.000000E+0
4.935376E+3	1.023970E-6	1.249470E+4	0.000000E+0	0.000000E+0
4.939381E+3	1.023910E-6	1.249410E+4	0.000000E+0	0.000000E+0
4.943376E+3	1.024040E-6	1.249380E+4	0.000000E+0	0.000000E+0
4.947384E+3	1.024080E-6	1.249320E+4	0.000000E+0	0.000000E+0
4.951373E+3	1.024060E-6	1.249280E+4	0.000000E+0	0.000000E+0
4.955376E+3	1.024090E-6	1.249240E+4	0.000000E+0	0.000000E+0
4.959375E+3	1.024000E-6	1.249200E+4	0.000000E+0	0.000000E+0
4.963375E+3	1.024030E-6	1.249170E+4	0.000000E+0	0.000000E+0
4.967379E+3	1.024030E-6	1.249120E+4	0.000000E+0	0.000000E+0
4.971375E+3	1.024100E-6	1.249080E+4	0.000000E+0	0.000000E+0
4.975377E+3	1.024150E-6	1.249040E+4	0.000000E+0	0.000000E+0
4.979378E+3	1.024160E-6	1.249010E+4	0.000000E+0	0.000000E+0
4.983378E+3	1.024220E-6	1.248970E+4	0.000000E+0	0.000000E+0
4.987381E+3	1.024210E-6	1.248920E+4	0.000000E+0	0.000000E+0
4.991380E+3	1.024230E-6	1.248880E+4	0.000000E+0	0.000000E+0
4.995381E+3	1.024290E-6	1.248840E+4	0.000000E+0	0.000000E+0
4.999380E+3	1.024380E-6	1.248800E+4	0.000000E+0	0.000000E+0
5.003384E+3	1.024340E-6	1.248770E+4	0.000000E+0	0.000000E+0
5.007376E+3	1.024480E-6	1.248710E+4	0.000000E+0	0.000000E+0
5.011376E+3	1.024370E-6	1.248680E+4	0.000000E+0	0.000000E+0
5.015376E+3	1.024350E-6	1.248620E+4	0.000000E+0	0.000000E+0
5.019375E+3	1.024450E-6	1.248580E+4	0.000000E+0	0.000000E+0
5.023377E+3	1.024320E-6	1.248510E+4	0.000000E+0	0.000000E+0
5.027377E+3	1.024400E-6	1.248470E+4	0.000000E+0	0.000000E+0
5.031375E+3	1.024420E-6	1.248430E+4	0.000000E+0	0.000000E+0
5.035376E+3	1.024350E-6	1.248410E+4	0.000000E+0	0.000000E+0
5.039377E+3	1.024390E-6	1.248370E+4	0.000000E+0	0.000000E+0
5.043375E+3	1.024420E-6	1.248340E+4	0.000000E+0	0.000000E+0
5.047375E+3	1.024520E-6	1.248310E+4	0.000000E+0	0.000000E+0
5.051375E+3	1.024510E-6	1.248270E+4	0.000000E+0	0.000000E+0
5.055380E+3	1.024640E-6	1.248230E+4	0.000000E+0	0.000000E+0
5.059378E+3	1.024570E-6	1.248190E+4	0.000000E+0	0.000000E+0
5.063377E+3	1.024630E-6	1.248010E+4	0.000000E+0	0.000000E+0
5.067378E+3	1.024600E-6	1.247900E+4	0.000000E+0	0.000000E+0
5.071375E+3	1.024660E-6	1.247880E+4	0.000000E+0	0.000000E+0
5.075381E+3	1.024660E-6	1.247860E+4	0.000000E+0	0.000000E+0
5.079378E+3	1.024660E-6	1.247860E+4	0.000000E+0	0.000000E+0
5.083381E+3	1.024680E-6	1.247860E+4	0.000000E+0	0.000000E+0
5.087378E+3	1.024740E-6	1.247850E+4	0.000000E+0	0.000000E+0
5.091379E+3	1.024780E-6	1.247840E+4	0.000000E+0	0.000000E+0
5.095379E+3	1.024840E-6	1.247820E+4	0.000000E+0	0.000000E+0
5.099379E+3	1.024800E-6	1.247780E+4	0.000000E+0	0.000000E+0
5.103375E+3	1.024870E-6	1.247740E+4	0.000000E+0	0.000000E+0
5.107378E+3	1.024880E-6	1.247700E+4	0.000000E+0	0.000000E+0
5.111379E+3	1.024850E-6	1.247660E+4	0.000000E+0	0.000000E+0
5.115376E+3	1.024890E-6	1.247620E+4	0.000000E+0	0.000000E+0
5.119376E+3	1.024810E-6	1.247590E+4	0.000000E+0	0.000000E+0
5.123377E+3	1.024920E-6	1.247540E+4	0.000000E+0	0.000000E+0
5.127376E+3	1.024880E-6	1.247510E+4	0.000000E+0	0.000000E+0
5.131379E+3	1.024930E-6	1.247480E+4	0.000000E+0	0.000000E+0
5.135375E+3	1.024960E-6	1.247440E+4	0.000000E+0	0.000000E+0
5.139377E+3	1.024910E-6	1.247420E+4	0.000000E+0	0.000000E+0
5.143377E+3	1.024990E-6	1.247390E+4	0.000000E+0	0.000000E+0
5.147377E+3	1.025010E-6	1.247350E+4	0.000000E+0	0.000000E+0
5.151378E+3	1.025090E-6	1.247300E+4	0.000000E+0	0.000000E+0
5.155422E+3	1.025100E-6	1.247260E+4	0.000000E+0	0.000000E+0
5.159380E+3	1.025070E-6	1.247220E+4	0.000000E+0	0.000000E+0
5.163379E+3	1.025120E-6	1.247180E+4	0.000000E+0	0.000000E+0
5.167380E+3	1.025100E-6	1.247140E+4	0.000000E+0	0.000000E+0
5.171375E+3	1.025120E-6	1.247090E+4	0.000000E+0	0.000000E+0
5.175374E+3	1.025220E-6	1.247010E+4	0.000000E+0	0.000000E+0
5.179387E+3	1.025190E-6	1.246950E+4	0.000000E+0	0.000000E+0
5.183381E+3	1.025230E-6	1.246870E+4	0.000000E+0	0.000000E+0
5.187378E+3	1.025250E-6	1.246730E+4	0.000000E+0	0.000000E+0
5.191379E+3	1.025340E-6	1.246670E+4	0.000000E+0	0.000000E+0
5.195376E+3	1.025230E-6	1.246640E+4	0.000000E+0	0.000000E+0
5.199381E+3	1.025320E-6	1.246610E+4	0.000000E+0	0.000000E+0
5.203380E+3	1.025240E-6	1.246480E+4	0.000000E+0	0.000000E+0
5.207377E+3	1.025320E-6	1.246440E+4	0.000000E+0	0.000000E+0
5.211379E+3	1.025310E-6	1.246470E+4	0.000000E+0	0.000000E+0
5.215377E+3	1.025200E-6	1.246500E+4	0.000000E+0	0.000000E+0
5.219375E+3	1.025310E-6	1.246510E+4	0.000000E+0	0.000000E+0
5.223377E+3	1.025390E-6	1.246510E+4	0.000000E+0	0.000000E+0
5.227377E+3	1.025320E-6	1.246490E+4	0.000000E+0	0.000000E+0
5.231375E+3	1.025350E-6	1.246280E+4	0.000000E+0	0.000000E+0
5.235374E+3	1.025410E-6	1.246240E+4	0.000000E+0	0.000000E+0
5.239377E+3	1.025320E-6	1.246270E+4	0.000000E+0	0.000000E+0
5.243374E+3	1.025460E-6	1.246250E+4	0.000000E+0	0.000000E+0
5.247374E+3	1.025440E-6	1.246240E+4	0.000000E+0	0.000000E+0
5.251375E+3	1.025500E-6	1.246220E+4	0.000000E+0	0.000000E+0
5.255376E+3	1.025560E-6	1.246220E+4	0.000000E+0	0.000000E+0
5.259375E+3	1.025590E-6	1.246190E+4	0.000000E+0	0.000000E+0
5.263378E+3	1.025600E-6	1.246170E+4	0.000000E+0	0.000000E+0
5.267376E+3	1.025620E-6	1.246140E+4	0.000000E+0	0.000000E+0
5.271376E+3	1.025560E-6	1.246110E+4	0.000000E+0	0.000000E+0
5.275376E+3	1.025630E-6	1.246080E+4	0.000000E+0	0.000000E+0
5.279377E+3	1.025580E-6	1.246060E+4	0.000000E+0	0.000000E+0
5.283376E+3	1.025680E-6	1.246040E+4	0.000000E+0	0.000000E+0
5.287379E+3	1.025610E-6	1.246000E+4	0.000000E+0	0.000000E+0
5.291377E+3	1.025660E-6	1.245970E+4	0.000000E+0	0.000000E+0
5.295379E+3	1.025670E-6	1.245920E+4	0.000000E+0	0.000000E+0
5.299373E+3	1.025750E-6	1.245870E+4	0.000000E+0	0.000000E+0
5.303376E+3	1.025860E-6	1.245830E+4	0.000000E+0	0.000000E+0
5.307378E+3	1.025770E-6	1.245800E+4	0.000000E+0	0.000000E+0
5.311377E+3	1.025850E-6	1.245750E+4	0.000000E+0	0.000000E+0
5.315378E+3	1.025830E-6	1.245700E+4	0.000000E+0	0.000000E+0
5.319377E+3	1.025910E-6	1.245670E+4	0.000000E+0	0.000000E+0
5.323377E+3	1.025900E-6	1.245630E+4	0.000000E+0	0.000000E+0
5.327376E+3	1.025900E-6	1.245590E+4	0.000000E+0	0.000000E+0
5.331380E+3	1.025970E-6	1.245560E+4	0.000000E+0	0.000000E+0
5.335379E+3	1.025970E-6	1.245530E+4	0.000000E+0	0.000000E+0
5.339381E+3	1.025940E-6	1.245490E+4	0.000000E+0	0.000000E+0
5.343378E+3	1.025980E-6	1.245450E+4	0.000000E+0	0.000000E+0
5.347376E+3	1.025980E-6	1.245420E+4	0.000000E+0	0.000000E+0
5.351375E+3	1.026020E-6	1.245400E+4	0.000000E+0	0.000000E+0
5.355378E+3	1.026080E-6	1.245370E+4	0.000000E+0	0.000000E+0
5.359376E+3	1.026010E-6	1.245340E+4	0.000000E+0	0.000000E+0
5.363377E+3	1.026150E-6	1.245300E+4	0.000000E+0	0.000000E+0
5.367376E+3	1.026100E-6	1.245250E+4	0.000000E+0	0.000000E+0
5.371377E+3	1.026130E-6	1.245220E+4	0.000000E+0	0.000000E+0
5.375377E+3	1.026120E-6	1.245170E+4	0.000000E+0	0.000000E+0
5.379379E+3	1.026200E-6	1.245120E+4	0.000000E+0	0.000000E+0
5.383375E+3	1.026190E-6	1.245060E+4	0.000000E+0	0.000000E+0
5.387377E+3	1.026260E-6	1.245020E+4	0.000000E+0	0.000000E+0
5.391375E+3	1.026350E-6	1.244980E+4	0.000000E+0	0.000000E+0
5.395375E+3	1.026360E-6	1.244930E+4	0.000000E+0	0.000000E+0
5.399378E+3	1.026290E-6	1.244890E+4	0.000000E+0	0.000000E+0
5.403377E+3	1.026340E-6	1.244840E+4	0.000000E+0	0.000000E+0
5.407377E+3	1.026440E-6	1.244800E+4	0.000000E+0	0.000000E+0
5.411375E+3	1.026440E-6	1.244750E+4	0.000000E+0	0.000000E+0
5.415375E+3	1.026390E-6	1.244710E+4	0.000000E+0	0.000000E+0
5.419378E+3	1.026360E-6	1.244670E+4	0.000000E+0	0.000000E+0
5.423378E+3	1.026520E-6	1.244630E+4	0.000000E+0	0.000000E+0
5.427378E+3	1.026470E-6	1.244600E+4	0.000000E+0	0.000000E+0
5.431376E+3	1.026630E-6	1.244570E+4	0.000000E+0	0.000000E+0
5.435378E+3	1.026560E-6	1.244540E+4	0.000000E+0	0.000000E+0
5.439382E+3	1.026600E-6	1.244510E+4	0.000000E+0	0.000000E+0
5.443376E+3	1.026610E-6	1.244490E+4	0.000000E+0	0.000000E+0
5.447377E+3	1.026540E-6	1.244470E+4	0.000000E+0	0.000000E+0
5.451381E+3	1.026570E-6	1.244460E+4	0.000000E+0	0.000000E+0
5.455380E+3	1.026630E-6	1.244420E+4	0.000000E+0	0.000000E+0
5.459376E+3	1.026690E-6	1.244390E+4	0.000000E+0	0.000000E+0
5.463377E+3	1.026670E-6	1.244350E+4	0.000000E+0	0.000000E+0
5.467379E+3	1.026610E-6	1.244310E+4	0.000000E+0	0.000000E+0
5.471379E+3	1.026660E-6	1.244280E+4	0.000000E+0	0.000000E+0
5.475377E+3	1.026730E-6	1.244240E+4	0.000000E+0	0.000000E+0
5.479378E+3	1.026750E-6	1.244210E+4	0.000000E+0	0.000000E+0
5.483378E+3	1.026820E-6	1.244190E+4	0.000000E+0	0.000000E+0
5.487380E+3	1.026780E-6	1.244160E+4	0.000000E+0	0.000000E+0
5.491375E+3	1.026780E-6	1.244130E+4	0.000000E+0	0.000000E+0
5.495377E+3	1.026870E-6	1.244110E+4	0.000000E+0	0.000000E+0
5.499375E+3	1.026930E-6	1.244080E+4	0.000000E+0	0.000000E+0
5.503374E+3	1.026960E-6	1.244040E+4	0.000000E+0	0.000000E+0
5.507380E+3	1.026950E-6	1.244020E+4	0.000000E+0	0.000000E+0
5.511378E+3	1.027020E-6	1.243990E+4	0.000000E+0	0.000000E+0
5.515378E+3	1.026980E-6	1.243970E+4	0.000000E+0	0.000000E+0
5.519376E+3	1.027140E-6	1.243950E+4	0.000000E+0	0.000000E+0
5.523375E+3	1.027090E-6	1.243910E+4	0.000000E+0	0.000000E+0
5.527385E+3	1.027080E-6	1.243880E+4	0.000000E+0	0.000000E+0
5.531381E+3	1.027030E-6	1.243840E+4	0.000000E+0	0.000000E+0
5.535381E+3	1.027120E-6	1.243800E+4	0.000000E+0	0.000000E+0
5.539377E+3	1.027200E-6	1.243760E+4	0.000000E+0	0.000000E+0
5.543379E+3	1.027180E-6	1.243720E+4	0.000000E+0	0.000000E+0
5.547377E+3	1.027170E-6	1.243690E+4	0.000000E+0	0.000000E+0
5.551377E+3	1.027220E-6	1.243640E+4	0.000000E+0	0.000000E+0
5.555382E+3	1.027200E-6	1.243590E+4	0.000000E+0	0.000000E+0
5.559388E+3	1.027270E-6	1.243560E+4	0.000000E+0	0.000000E+0
5.563375E+3	1.027330E-6	1.243530E+4	0.000000E+0	0.000000E+0
5.567377E+3	1.027360E-6	1.243510E+4	0.000000E+0	0.000000E+0
5.571375E+3	1.027290E-6	1.243480E+4	0.000000E+0	0.000000E+0
5.575374E+3	1.027340E-6	1.243440E+4	0.000000E+0	0.000000E+0
5.579375E+3	1.027400E-6	1.243420E+4	0.000000E+0	0.000000E+0
5.583376E+3	1.027400E-6	1.243390E+4	0.000000E+0	0.000000E+0
5.587374E+3	1.027580E-6	1.243340E+4	0.000000E+0	0.000000E+0
5.591375E+3	1.027540E-6	1.243300E+4	0.000000E+0	0.000000E+0
5.595376E+3	1.027480E-6	1.243270E+4	0.000000E+0	0.000000E+0
5.599375E+3	1.027540E-6	1.243250E+4	0.000000E+0	0.000000E+0
5.603374E+3	1.027580E-6	1.243220E+4	0.000000E+0	0.000000E+0
5.607372E+3	1.027660E-6	1.243180E+4	0.000000E+0	0.000000E+0
5.611377E+3	1.027540E-6	1.243150E+4	0.000000E+0	0.000000E+0
5.615377E+3	1.027600E-6	1.243120E+4	0.000000E+0	0.000000E+0
5.619379E+3	1.027630E-6	1.243100E+4	0.000000E+0	0.000000E+0
5.623376E+3	1.027640E-6	1.243060E+4	0.000000E+0	0.000000E+0
5.627377E+3	1.027770E-6	1.243020E+4	0.000000E+0	0.000000E+0
5.631377E+3	1.027650E-6	1.242990E+4	0.000000E+0	0.000000E+0
5.635375E+3	1.027720E-6	1.242970E+4	0.000000E+0	0.000000E+0
5.639375E+3	1.027720E-6	1.242930E+4	0.000000E+0	0.000000E+0
5.643376E+3	1.027720E-6	1.242910E+4	0.000000E+0	0.000000E+0
5.647377E+3	1.027870E-6	1.242890E+4	0.000000E+0	0.000000E+0
5.651375E+3	1.027820E-6	1.242860E+4	0.000000E+0	0.000000E+0
5.655375E+3	1.027830E-6	1.242840E+4	0.000000E+0	0.000000E+0
5.659377E+3	1.027850E-6	1.242800E+4	0.000000E+0	0.000000E+0
5.663381E+3	1.027900E-6	1.242770E+4	0.000000E+0	0.000000E+0
5.667376E+3	1.027880E-6	1.242740E+4	0.000000E+0	0.000000E+0
5.671375E+3	1.027980E-6	1.242710E+4	0.000000E+0	0.000000E+0
5.675378E+3	1.027900E-6	1.242690E+4	0.000000E+0	0.000000E+0
5.679377E+3	1.028000E-6	1.242650E+4	0.000000E+0	0.000000E+0
5.683379E+3	1.027980E-6	1.242640E+4	0.000000E+0	0.000000E+0
5.687378E+3	1.027980E-6	1.242630E+4	0.000000E+0	0.000000E+0
5.691379E+3	1.028070E-6	1.242600E+4	0.000000E+0	0.000000E+0
5.695378E+3	1.028070E-6	1.242570E+4	0.000000E+0	0.000000E+0
5.699376E+3	1.028030E-6	1.242530E+4	0.000000E+0	0.000000E+0
5.703375E+3	1.028040E-6	1.242500E+4	0.000000E+0	0.000000E+0
5.707376E+3	1.028150E-6	1.242460E+4	0.000000E+0	0.000000E+0
5.711375E+3	1.027970E-6	1.242430E+4	0.000000E+0	0.000000E+0
5.715376E+3	1.028110E-6	1.242380E+4	0.000000E+0	0.000000E+0
5.719377E+3	1.028100E-6	1.242350E+4	0.000000E+0	0.000000E+0
5.723375E+3	1.028100E-6	1.242310E+4	0.000000E+0	0.000000E+0
5.727375E+3	1.028100E-6	1.242260E+4	0.000000E+0	0.000000E+0
5.731377E+3	1.028110E-6	1.242230E+4	0.000000E+0	0.000000E+0
5.735377E+3	1.028080E-6	1.242170E+4	0.000000E+0	0.000000E+0
5.739377E+3	1.028190E-6	1.242130E+4	0.000000E+0	0.000000E+0
5.743383E+3	1.028150E-6	1.242090E+4	0.000000E+0	0.000000E+0
5.747378E+3	1.028210E-6	1.242060E+4	0.000000E+0	0.000000E+0
5.751376E+3	1.028230E-6	1.242030E+4	0.000000E+0	0.000000E+0
5.755375E+3	1.028240E-6	1.242000E+4	0.000000E+0	0.000000E+0
5.759376E+3	1.028240E-6	1.241950E+4	0.000000E+0	0.000000E+0
5.763383E+3	1.028200E-6	1.241920E+4	0.000000E+0	0.000000E+0
5.767375E+3	1.028190E-6	1.241890E+4	0.000000E+0	0.000000E+0
5.771379E+3	1.028230E-6	1.241850E+4	0.000000E+0	0.000000E+0
5.775379E+3	1.028260E-6	1.241820E+4	0.000000E+0	0.000000E+0
5.779378E+3	1.028260E-6	1.241790E+4	0.000000E+0	0.000000E+0
5.783378E+3	1.028260E-6	1.241760E+4	0.000000E+0	0.000000E+0
5.787379E+3	1.028330E-6	1.241720E+4	0.000000E+0	0.000000E+0
5.791379E+3	1.028370E-6	1.241690E+4	0.000000E+0	0.000000E+0
5.795380E+3	1.028440E-6	1.241650E+4	0.000000E+0	0.000000E+0
5.799379E+3	1.028560E-6	1.241620E+4	0.000000E+0	0.000000E+0
5.803379E+3	1.028410E-6	1.241570E+4	0.000000E+0	0.000000E+0
5.807375E+3	1.028560E-6	1.241540E+4	0.000000E+0	0.000000E+0
5.811382E+3	1.028510E-6	1.241520E+4	0.000000E+0	0.000000E+0
5.815377E+3	1.028560E-6	1.241490E+4	0.000000E+0	0.000000E+0
5.819376E+3	1.028610E-6	1.241470E+4	0.000000E+0	0.000000E+0
5.823377E+3	1.028620E-6	1.241430E+4	0.000000E+0	0.000000E+0
5.827383E+3	1.028670E-6	1.241400E+4	0.000000E+0	0.000000E+0
5.831373E+3	1.028610E-6	1.241360E+4	0.000000E+0	0.000000E+0
5.835375E+3	1.028670E-6	1.241330E+4	0.000000E+0	0.000000E+0
5.839375E+3	1.028760E-6	1.241300E+4	0.000000E+0	0.000000E+0
5.843383E+3	1.028630E-6	1.241270E+4	0.000000E+0	0.000000E+0
5.847376E+3	1.028650E-6	1.241240E+4	0.000000E+0	0.000000E+0
5.851384E+3	1.028800E-6	1.241220E+4	0.000000E+0	0.000000E+0
5.855378E+3	1.028750E-6	1.241200E+4	0.000000E+0	0.000000E+0
5.859387E+3	1.028790E-6	1.241180E+4	0.000000E+0	0.000000E+0
5.863375E+3	1.028810E-6	1.241160E+4	0.000000E+0	0.000000E+0
5.867374E+3	1.028770E-6	1.241140E+4	0.000000E+0	0.000000E+0
5.871376E+3	1.028880E-6	1.241120E+4	0.000000E+0	0.000000E+0
5.875382E+3	1.028940E-6	1.241110E+4	0.000000E+0	0.000000E+0
5.879379E+3	1.028860E-6	1.241090E+4	0.000000E+0	0.000000E+0
5.883379E+3	1.028970E-6	1.241060E+4	0.000000E+0	0.000000E+0
5.887379E+3	1.028940E-6	1.241050E+4	0.000000E+0	0.000000E+0
5.891380E+3	1.028910E-6	1.241040E+4	0.000000E+0	0.000000E+0
5.895375E+3	1.028990E-6	1.241010E+4	0.000000E+0	0.000000E+0
5.899383E+3	1.029060E-6	1.240980E+4	0.000000E+0	0.000000E+0
5.903381E+3	1.029030E-6	1.240970E+4	0.000000E+0	0.000000E+0
5.907378E+3	1.029030E-6	1.240950E+4	0.000000E+0	0.000000E+0
5.911375E+3	1.029010E-6	1.240930E+4	0.000000E+0	0.000000E+0
5.915383E+3	1.029110E-6	1.240900E+4	0.000000E+0	0.000000E+0
5.919378E+3	1.029130E-6	1.240870E+4	0.000000E+0	0.000000E+0
5.923378E+3	1.029190E-6	1.240840E+4	0.000000E+0	0.000000E+0
5.927378E+3	1.029170E-6	1.240800E+4	0.000000E+0	0.000000E+0
5.931386E+3	1.029220E-6	1.240750E+4	0.000000E+0	0.000000E+0
5.935375E+3	1.029260E-6	1.240710E+4	0.000000E+0	0.000000E+0
5.939375E+3	1.029200E-6	1.240680E+4	0.000000E+0	0.000000E+0
5.943378E+3	1.029300E-6	1.240650E+4	0.000000E+0	0.000000E+0
5.947375E+3	1.029410E-6	1.240600E+4	0.000000E+0	0.000000E+0
5.951375E+3	1.029340E-6	1.240560E+4	0.000000E+0	0.000000E+0
5.955376E+3	1.029420E-6	1.240510E+4	0.000000E+0	0.000000E+0
5.959381E+3	1.029280E-6	1.240480E+4	0.000000E+0	0.000000E+0
5.963382E+3	1.029400E-6	1.240440E+4	0.000000E+0	0.000000E+0
5.967377E+3	1.029330E-6	1.240400E+4	0.000000E+0	0.000000E+0
5.971379E+3	1.029410E-6	1.240360E+4	0.000000E+0	0.000000E+0
5.975375E+3	1.029400E-6	1.240340E+4	0.000000E+0	0.000000E+0
5.979383E+3	1.029390E-6	1.240310E+4	0.000000E+0	0.000000E+0
5.983385E+3	1.029420E-6	1.240290E+4	0.000000E+0	0.000000E+0
5.987382E+3	1.029420E-6	1.240280E+4	0.000000E+0	0.000000E+0
5.991377E+3	1.029450E-6	1.240270E+4	0.000000E+0	0.000000E+0
5.995383E+3	1.029530E-6	1.240260E+4	0.000000E+0	0.000000E+0
5.999378E+3	1.029550E-6	1.240230E+4	0.000000E+0	0.000000E+0
6.003378E+3	1.029570E-6	1.240210E+4	0.000000E+0	0.000000E+0
6.007383E+3	1.029580E-6	1.240170E+4	0.000000E+0	0.000000E+0
6.011376E+3	1.029550E-6	1.240130E+4	0.000000E+0	0.000000E+0
6.015376E+3	1.029550E-6	1.240100E+4	0.000000E+0	0.000000E+0
6.019379E+3	1.029610E-6	1.240060E+4	0.000000E+0	0.000000E+0
6.023385E+3	1.029620E-6	1.240020E+4	0.000000E+0	0.000000E+0
6.027379E+3	1.029660E-6	1.239990E+4	0.000000E+0	0.000000E+0
6.031378E+3	1.029640E-6	1.239930E+4	0.000000E+0	0.000000E+0
6.035376E+3	1.029660E-6	1.239900E+4	0.000000E+0	0.000000E+0
6.039379E+3	1.029750E-6	1.239850E+4	0.000000E+0	0.000000E+0
6.043385E+3	1.029690E-6	1.239820E+4	0.000000E+0	0.000000E+0
6.047377E+3	1.029770E-6	1.239790E+4	0.000000E+0	0.000000E+0
6.051379E+3	1.029800E-6	1.239750E+4	0.000000E+0	0.000000E+0
6.055373E+3	1.029830E-6	1.239720E+4	0.000000E+0	0.000000E+0
6.059379E+3	1.029830E-6	1.239700E+4	0.000000E+0	0.000000E+0
6.063383E+3	1.029870E-6	1.239660E+4	0.000000E+0	0.000000E+0
6.067387E+3	1.029860E-6	1.239630E+4	0.000000E+0	0.000000E+0
6.071380E+3	1.029940E-6	1.239630E+4	0.000000E+0	0.000000E+0
6.075380E+3	1.029990E-6	1.239630E+4	0.000000E+0	0.000000E+0
6.079375E+3	1.029940E-6	1.239620E+4	0.000000E+0	0.000000E+0
6.083373E+3	1.030000E-6	1.239570E+4	0.000000E+0	0.000000E+0
6.087380E+3	1.029990E-6	1.239540E+4	0.000000E+0	0.000000E+0
6.091378E+3	1.029870E-6	1.239510E+4	0.000000E+0	0.000000E+0
6.095381E+3	1.030000E-6	1.239490E+4	0.000000E+0	0.000000E+0
6.099378E+3	1.029880E-6	1.239450E+4	0.000000E+0	0.000000E+0
6.103376E+3	1.030010E-6	1.239410E+4	0.000000E+0	0.000000E+0
6.107379E+3	1.030080E-6	1.239360E+4	0.000000E+0	0.000000E+0
6.111379E+3	1.030070E-6	1.239330E+4	0.000000E+0	0.000000E+0
6.115378E+3	1.030090E-6	1.239290E+4	0.000000E+0	0.000000E+0
6.119378E+3	1.030130E-6	1.239240E+4	0.000000E+0	0.000000E+0
6.123378E+3	1.030170E-6	1.239200E+4	0.000000E+0	0.000000E+0
6.127382E+3	1.030220E-6	1.239180E+4	0.000000E+0	0.000000E+0
6.131376E+3	1.030150E-6	1.239150E+4	0.000000E+0	0.000000E+0
6.135379E+3	1.030140E-6	1.239120E+4	0.000000E+0	0.000000E+0
6.139376E+3	1.030140E-6	1.239090E+4	0.000000E+0	0.000000E+0
6.143382E+3	1.030220E-6	1.239050E+4	0.000000E+0	0.000000E+0
6.147375E+3	1.030280E-6	1.239020E+4	0.000000E+0	0.000000E+0
6.151375E+3	1.030240E-6	1.238990E+4	0.000000E+0	0.000000E+0
6.155375E+3	1.030280E-6	1.238950E+4	0.000000E+0	0.000000E+0
6.159373E+3	1.030280E-6	1.238910E+4	0.000000E+0	0.000000E+0
6.163375E+3	1.030400E-6	1.238860E+4	0.000000E+0	0.000000E+0
6.167378E+3	1.030350E-6	1.238830E+4	0.000000E+0	0.000000E+0
6.171375E+3	1.030400E-6	1.238790E+4	0.000000E+0	0.000000E+0
6.175376E+3	1.030430E-6	1.238760E+4	0.000000E+0	0.000000E+0
6.179381E+3	1.030350E-6	1.238720E+4	0.000000E+0	0.000000E+0
6.183378E+3	1.030400E-6	1.238680E+4	0.000000E+0	0.000000E+0
6.187375E+3	1.030470E-6	1.238650E+4	0.000000E+0	0.000000E+0
6.191376E+3	1.030500E-6	1.238620E+4	0.000000E+0	0.000000E+0
6.195384E+3	1.030400E-6	1.238600E+4	0.000000E+0	0.000000E+0
6.199382E+3	1.030470E-6	1.238580E+4	0.000000E+0	0.000000E+0
6.203376E+3	1.030480E-6	1.238560E+4	0.000000E+0	0.000000E+0
6.207375E+3	1.030530E-6	1.238570E+4	0.000000E+0	0.000000E+0
6.211379E+3	1.030580E-6	1.238560E+4	0.000000E+0	0.000000E+0
6.215381E+3	1.030590E-6	1.238550E+4	0.000000E+0	0.000000E+0
6.219379E+3	1.030640E-6	1.238540E+4	0.000000E+0	0.000000E+0
6.223379E+3	1.030680E-6	1.238510E+4	0.000000E+0	0.000000E+0
6.227375E+3	1.030680E-6	1.238490E+4	0.000000E+0	0.000000E+0
6.231378E+3	1.030750E-6	1.238460E+4	0.000000E+0	0.000000E+0
6.235380E+3	1.030690E-6	1.238430E+4	0.000000E+0	0.000000E+0
6.239379E+3	1.030750E-6	1.238400E+4	0.000000E+0	0.000000E+0
6.243378E+3	1.030760E-6	1.238360E+4	0.000000E+0	0.000000E+0
6.247377E+3	1.030790E-6	1.238340E+4	0.000000E+0	0.000000E+0
6.251378E+3	1.030830E-6	1.238310E+4	0.000000E+0	0.000000E+0
6.255373E+3	1.030890E-6	1.238280E+4	0.000000E+0	0.000000E+0
6.259377E+3	1.030850E-6	1.238260E+4	0.000000E+0	0.000000E+0
6.263380E+3	1.030860E-6	1.238230E+4	0.000000E+0	0.000000E+0
6.267380E+3	1.030820E-6	1.238190E+4	0.000000E+0	0.000000E+0
6.271380E+3	1.030880E-6	1.238160E+4	0.000000E+0	0.000000E+0
6.275376E+3	1.030930E-6	1.238140E+4	0.000000E+0	0.000000E+0
6.279381E+3	1.030960E-6	1.238100E+4	0.000000E+0	0.000000E+0
6.283379E+3	1.030950E-6	1.238070E+4	0.000000E+0	0.000000E+0
6.287378E+3	1.031020E-6	1.238050E+4	0.000000E+0	0.000000E+0
6.291378E+3	1.031040E-6	1.238030E+4	0.000000E+0	0.000000E+0
6.295379E+3	1.031030E-6	1.237990E+4	0.000000E+0	0.000000E+0
6.299381E+3	1.031000E-6	1.237960E+4	0.000000E+0	0.000000E+0
6.303380E+3	1.030950E-6	1.237930E+4	0.000000E+0	0.000000E+0
6.307381E+3	1.031020E-6	1.237900E+4	0.000000E+0	0.000000E+0
6.311379E+3	1.031100E-6	1.237850E+4	0.000000E+0	0.000000E+0
6.315379E+3	1.031090E-6	1.237800E+4	0.000000E+0	0.000000E+0
6.319372E+3	1.031120E-6	1.237770E+4	0.000000E+0	0.000000E+0
6.323382E+3	1.031130E-6	1.237740E+4	0.000000E+0	0.000000E+0
6.327379E+3	1.031190E-6	1.237700E+4	0.000000E+0	0.000000E+0
6.331375E+3	1.031260E-6	1.237680E+4	0.000000E+0	0.000000E+0
6.335375E+3	1.031220E-6	1.237660E+4	0.000000E+0	0.000000E+0
6.339374E+3	1.031310E-6	1.237640E+4	0.000000E+0	0.000000E+0
6.343375E+3	1.031310E-6	1.237600E+4	0.000000E+0	0.000000E+0
6.347375E+3	1.031330E-6	1.237570E+4	0.000000E+0	0.000000E+0
6.351377E+3	1.031470E-6	1.237540E+4	0.000000E+0	0.000000E+0
6.355376E+3	1.031340E-6	1.237510E+4	0.000000E+0	0.000000E+0
6.359376E+3	1.031420E-6	1.237480E+4	0.000000E+0	0.000000E+0
6.363378E+3	1.031430E-6	1.237450E+4	0.000000E+0	0.000000E+0
6.367376E+3	1.031420E-6	1.237420E+4	0.000000E+0	0.000000E+0
6.371381E+3	1.031490E-6	1.237390E+4	0.000000E+0	0.000000E+0
6.375376E+3	1.031550E-6	1.237360E+4	0.000000E+0	0.000000E+0
6.379378E+3	1.031580E-6	1.237340E+4	0.000000E+0	0.000000E+0
6.383376E+3	1.031580E-6	1.237330E+4	0.000000E+0	0.000000E+0
6.387375E+3	1.031630E-6	1.237300E+4	0.000000E+0	0.000000E+0
6.391375E+3	1.031600E-6	1.237280E+4	0.000000E+0	0.000000E+0
6.395377E+3	1.031610E-6	1.237240E+4	0.000000E+0	0.000000E+0
6.399377E+3	1.031670E-6	1.237200E+4	0.000000E+0	0.000000E+0
6.403383E+3	1.031720E-6	1.237180E+4	0.000000E+0	0.000000E+0
6.407375E+3	1.031720E-6	1.237140E+4	0.000000E+0	0.000000E+0
6.411382E+3	1.031720E-6	1.237120E+4	0.000000E+0	0.000000E+0
6.415379E+3	1.031700E-6	1.237090E+4	0.000000E+0	0.000000E+0
6.419378E+3	1.031780E-6	1.237050E+4	0.000000E+0	0.000000E+0
6.423377E+3	1.031790E-6	1.237020E+4	0.000000E+0	0.000000E+0
6.427377E+3	1.031790E-6	1.237000E+4	0.000000E+0	0.000000E+0
6.431377E+3	1.031860E-6	1.236980E+4	0.000000E+0	0.000000E+0
6.435381E+3	1.031820E-6	1.236950E+4	0.000000E+0	0.000000E+0
6.439376E+3	1.031780E-6	1.236930E+4	0.000000E+0	0.000000E+0
6.443375E+3	1.031870E-6	1.236920E+4	0.000000E+0	0.000000E+0
6.447374E+3	1.031910E-6	1.236890E+4	0.000000E+0	0.000000E+0
6.451372E+3	1.031990E-6	1.236850E+4	0.000000E+0	0.000000E+0
6.455376E+3	1.031790E-6	1.236830E+4	0.000000E+0	0.000000E+0
6.459376E+3	1.031900E-6	1.236800E+4	0.000000E+0	0.000000E+0
6.463376E+3	1.031890E-6	1.236790E+4	0.000000E+0	0.000000E+0
6.467376E+3	1.031940E-6	1.236760E+4	0.000000E+0	0.000000E+0
6.471376E+3	1.031970E-6	1.236730E+4	0.000000E+0	0.000000E+0
6.475379E+3	1.031980E-6	1.236700E+4	0.000000E+0	0.000000E+0
6.479377E+3	1.032000E-6	1.236680E+4	0.000000E+0	0.000000E+0
6.483376E+3	1.032020E-6	1.236650E+4	0.000000E+0	0.000000E+0
6.487378E+3	1.032100E-6	1.236600E+4	0.000000E+0	0.000000E+0
6.491379E+3	1.032030E-6	1.236540E+4	0.000000E+0	0.000000E+0
6.495377E+3	1.032010E-6	1.236510E+4	0.000000E+0	0.000000E+0
6.499379E+3	1.032080E-6	1.236470E+4	0.000000E+0	0.000000E+0
6.503377E+3	1.032040E-6	1.236440E+4	0.000000E+0	0.000000E+0
6.507376E+3	1.032140E-6	1.236410E+4	0.000000E+0	0.000000E+0
6.511378E+3	1.032120E-6	1.236380E+4	0.000000E+0	0.000000E+0
6.515374E+3	1.032130E-6	1.236350E+4	0.000000E+0	0.000000E+0
6.519375E+3	1.032180E-6	1.236330E+4	0.000000E+0	0.000000E+0
6.523376E+3	1.032190E-6	1.236310E+4	0.000000E+0	0.000000E+0
6.527375E+3	1.032270E-6	1.236290E+4	0.000000E+0	0.000000E+0
6.531375E+3	1.032250E-6	1.236270E+4	0.000000E+0	0.000000E+0
6.535378E+3	1.032320E-6	1.236250E+4	0.000000E+0	0.000000E+0
6.539384E+3	1.032320E-6	1.236220E+4	0.000000E+0	0.000000E+0
6.543375E+3	1.032410E-6	1.236210E+4	0.000000E+0	0.000000E+0
6.547381E+3	1.032430E-6	1.236200E+4	0.000000E+0	0.000000E+0
6.551375E+3	1.032440E-6	1.236170E+4	0.000000E+0	0.000000E+0
6.555379E+3	1.032350E-6	1.236140E+4	0.000000E+0	0.000000E+0
6.559375E+3	1.032530E-6	1.236120E+4	0.000000E+0	0.000000E+0
6.563376E+3	1.032560E-6	1.236080E+4	0.000000E+0	0.000000E+0
6.567375E+3	1.032570E-6	1.236000E+4	0.000000E+0	0.000000E+0
6.571375E+3	1.032530E-6	1.235960E+4	0.000000E+0	0.000000E+0
6.575375E+3	1.032540E-6	1.235940E+4	0.000000E+0	0.000000E+0
6.579380E+3	1.032600E-6	1.235920E+4	0.000000E+0	0.000000E+0
6.583382E+3	1.032580E-6	1.235910E+4	0.000000E+0	0.000000E+0
6.587379E+3	1.032600E-6	1.235900E+4	0.000000E+0	0.000000E+0
6.591375E+3	1.032750E-6	1.235880E+4	0.000000E+0	0.000000E+0
6.595383E+3	1.032690E-6	1.235860E+4	0.000000E+0	0.000000E+0
6.599375E+3	1.032690E-6	1.235840E+4	0.000000E+0	0.000000E+0
6.603376E+3	1.032640E-6	1.235810E+4	0.000000E+0	0.000000E+0
6.607378E+3	1.032770E-6	1.235780E+4	0.000000E+0	0.000000E+0
6.611381E+3	1.032790E-6	1.235770E+4	0.000000E+0	0.000000E+0
6.615376E+3	1.032780E-6	1.235740E+4	0.000000E+0	0.000000E+0
6.619380E+3	1.032820E-6	1.235730E+4	0.000000E+0	0.000000E+0
6.623378E+3	1.032690E-6	1.235690E+4	0.000000E+0	0.000000E+0
6.627386E+3	1.032690E-6	1.235660E+4	0.000000E+0	0.000000E+0
6.631374E+3	1.032820E-6	1.235630E+4	0.000000E+0	0.000000E+0
6.635375E+3	1.032910E-6	1.235600E+4	0.000000E+0	0.000000E+0
6.639378E+3	1.032810E-6	1.235570E+4	0.000000E+0	0.000000E+0
6.643376E+3	1.032730E-6	1.235550E+4	0.000000E+0	0.000000E+0
6.647376E+3	1.032660E-6	1.235520E+4	0.000000E+0	0.000000E+0
6.651382E+3	1.032770E-6	1.235500E+4	0.000000E+0	0.000000E+0
6.655379E+3	1.032750E-6	1.235460E+4	0.000000E+0	0.000000E+0
6.659384E+3	1.032830E-6	1.235420E+4	0.000000E+0	0.000000E+0
6.663376E+3	1.032830E-6	1.235410E+4	0.000000E+0	0.000000E+0
6.667382E+3	1.032990E-6	1.235380E+4	0.000000E+0	0.000000E+0
6.671379E+3	1.033060E-6	1.235350E+4	0.000000E+0	0.000000E+0
6.675382E+3	1.033010E-6	1.235320E+4	0.000000E+0	0.000000E+0
6.679373E+3	1.033050E-6	1.235270E+4	0.000000E+0	0.000000E+0
6.683385E+3	1.033120E-6	1.235250E+4	0.000000E+0	0.000000E+0
6.687382E+3	1.033110E-6	1.235230E+4	0.000000E+0	0.000000E+0
6.691375E+3	1.033080E-6	1.235200E+4	0.000000E+0	0.000000E+0
6.695374E+3	1.033080E-6	1.235180E+4	0.000000E+0	0.000000E+0
6.699380E+3	1.033140E-6	1.235150E+4	0.000000E+0	0.000000E+0
6.703378E+3	1.033140E-6	1.235130E+4	0.000000E+0	0.000000E+0
6.707380E+3	1.033270E-6	1.235100E+4	0.000000E+0	0.000000E+0
6.711374E+3	1.033180E-6	1.235060E+4	0.000000E+0	0.000000E+0
6.715372E+3	1.033270E-6	1.235030E+4	0.000000E+0	0.000000E+0
6.719375E+3	1.033310E-6	1.235000E+4	0.000000E+0	0.000000E+0
6.723375E+3	1.033280E-6	1.234970E+4	0.000000E+0	0.000000E+0
6.727374E+3	1.033290E-6	1.234940E+4	0.000000E+0	0.000000E+0
6.731376E+3	1.033270E-6	1.234910E+4	0.000000E+0	0.000000E+0
6.735375E+3	1.033360E-6	1.234880E+4	0.000000E+0	0.000000E+0
6.739379E+3	1.033300E-6	1.234860E+4	0.000000E+0	0.000000E+0
6.743377E+3	1.033320E-6	1.234820E+4	0.000000E+0	0.000000E+0
6.747384E+3	1.033440E-6	1.234800E+4	0.000000E+0	0.000000E+0
6.751375E+3	1.033400E-6	1.234780E+4	0.000000E+0	0.000000E+0
6.755382E+3	1.033340E-6	1.234740E+4	0.000000E+0	0.000000E+0
6.759377E+3	1.033400E-6	1.234730E+4	0.000000E+0	0.000000E+0
6.763377E+3	1.033490E-6	1.234690E+4	0.000000E+0	0.000000E+0
6.767377E+3	1.033500E-6	1.234660E+4	0.000000E+0	0.000000E+0
6.771374E+3	1.033460E-6	1.234640E+4	0.000000E+0	0.000000E+0
6.775375E+3	1.033520E-6	1.234600E+4	0.000000E+0	0.000000E+0
6.779380E+3	1.033510E-6	1.234580E+4	0.000000E+0	0.000000E+0
6.783377E+3	1.033590E-6	1.234570E+4	0.000000E+0	0.000000E+0
6.787376E+3	1.033620E-6	1.234560E+4	0.000000E+0	0.000000E+0
6.791376E+3	1.033620E-6	1.234550E+4	0.000000E+0	0.000000E+0
6.795381E+3	1.033690E-6	1.234510E+4	0.000000E+0	0.000000E+0
6.799376E+3	1.033660E-6	1.234490E+4	0.000000E+0	0.000000E+0
6.803381E+3	1.033680E-6	1.234470E+4	0.000000E+0	0.000000E+0
6.807378E+3	1.033770E-6	1.234450E+4	0.000000E+0	0.000000E+0
6.811379E+3	1.033860E-6	1.234420E+4	0.000000E+0	0.000000E+0
6.815372E+3	1.033780E-6	1.234380E+4	0.000000E+0	0.000000E+0
6.819379E+3	1.033840E-6	1.234350E+4	0.000000E+0	0.000000E+0
6.823379E+3	1.033970E-6	1.234330E+4	0.000000E+0	0.000000E+0
6.827377E+3	1.033880E-6	1.234300E+4	0.000000E+0	0.000000E+0
6.831376E+3	1.033950E-6	1.234270E+4	0.000000E+0	0.000000E+0
6.835376E+3	1.033860E-6	1.234240E+4	0.000000E+0	0.000000E+0
6.839377E+3	1.033900E-6	1.234220E+4	0.000000E+0	0.000000E+0
6.843379E+3	1.033800E-6	1.234210E+4	0.000000E+0	0.000000E+0
6.847377E+3	1.033920E-6	1.234220E+4	0.000000E+0	0.000000E+0
6.851383E+3	1.034010E-6	1.234190E+4	0.000000E+0	0.000000E+0
6.855380E+3	1.033950E-6	1.234180E+4	0.000000E+0	0.000000E+0
6.859377E+3	1.034010E-6	1.234160E+4	0.000000E+0	0.000000E+0
6.863375E+3	1.034030E-6	1.234140E+4	0.000000E+0	0.000000E+0
6.867377E+3	1.033990E-6	1.234120E+4	0.000000E+0	0.000000E+0
6.871375E+3	1.034020E-6	1.234110E+4	0.000000E+0	0.000000E+0
6.875381E+3	1.034030E-6	1.234090E+4	0.000000E+0	0.000000E+0
6.879375E+3	1.034090E-6	1.234070E+4	0.000000E+0	0.000000E+0
6.883376E+3	1.034020E-6	1.234050E+4	0.000000E+0	0.000000E+0
6.887375E+3	1.033990E-6	1.234020E+4	0.000000E+0	0.000000E+0
6.891381E+3	1.034070E-6	1.233990E+4	0.000000E+0	0.000000E+0
6.895381E+3	1.034060E-6	1.233970E+4	0.000000E+0	0.000000E+0
6.899379E+3	1.034060E-6	1.233940E+4	0.000000E+0	0.000000E+0
6.903378E+3	1.034160E-6	1.233910E+4	0.000000E+0	0.000000E+0
6.907376E+3	1.034280E-6	1.233880E+4	0.000000E+0	0.000000E+0
6.911384E+3	1.034240E-6	1.233850E+4	0.000000E+0	0.000000E+0
6.915377E+3	1.034200E-6	1.233820E+4	0.000000E+0	0.000000E+0
6.919376E+3	1.034090E-6	1.233790E+4	0.000000E+0	0.000000E+0
6.923385E+3	1.034270E-6	1.233760E+4	0.000000E+0	0.000000E+0
6.927379E+3	1.034240E-6	1.233740E+4	0.000000E+0	0.000000E+0
6.931375E+3	1.034260E-6	1.233690E+4	0.000000E+0	0.000000E+0
6.935379E+3	1.034280E-6	1.233650E+4	0.000000E+0	0.000000E+0
6.939380E+3	1.034370E-6	1.233620E+4	0.000000E+0	0.000000E+0
6.943380E+3	1.034410E-6	1.233590E+4	0.000000E+0	0.000000E+0
6.947385E+3	1.034430E-6	1.233560E+4	0.000000E+0	0.000000E+0
6.951375E+3	1.034480E-6	1.233530E+4	0.000000E+0	0.000000E+0
6.955380E+3	1.034490E-6	1.233520E+4	0.000000E+0	0.000000E+0
6.959373E+3	1.034500E-6	1.233490E+4	0.000000E+0	0.000000E+0
6.963377E+3	1.034480E-6	1.233460E+4	0.000000E+0	0.000000E+0
6.967376E+3	1.034540E-6	1.233430E+4	0.000000E+0	0.000000E+0
6.971376E+3	1.034550E-6	1.233400E+4	0.000000E+0	0.000000E+0
6.975376E+3	1.034520E-6	1.233380E+4	0.000000E+0	0.000000E+0
6.979375E+3	1.034560E-6	1.233360E+4	0.000000E+0	0.000000E+0
6.983378E+3	1.034520E-6	1.233320E+4	0.000000E+0	0.000000E+0
6.987381E+3	1.034590E-6	1.233280E+4	0.000000E+0	0.000000E+0
6.991378E+3	1.034690E-6	1.233260E+4	0.000000E+0	0.000000E+0
6.995379E+3	1.034750E-6	1.233240E+4	0.000000E+0	0.000000E+0
6.999376E+3	1.034630E-6	1.233220E+4	0.000000E+0	0.000000E+0
7.003377E+3	1.034700E-6	1.233190E+4	0.000000E+0	0.000000E+0
7.007377E+3	1.034670E-6	1.233170E+4	0.000000E+0	0.000000E+0
7.011382E+3	1.034750E-6	1.233140E+4	0.000000E+0	0.000000E+0
7.015380E+3	1.034750E-6	1.233110E+4	0.000000E+0	0.000000E+0
7.019387E+3	1.034850E-6	1.233080E+4	0.000000E+0	0.000000E+0
7.023375E+3	1.034840E-6	1.233050E+4	0.000000E+0	0.000000E+0
7.027377E+3	1.034840E-6	1.233030E+4	0.000000E+0	0.000000E+0
7.031378E+3	1.034880E-6	1.233010E+4	0.000000E+0	0.000000E+0
7.035380E+3	1.034880E-6	1.232990E+4	0.000000E+0	0.000000E+0
7.039380E+3	1.034960E-6	1.232960E+4	0.000000E+0	0.000000E+0
7.043378E+3	1.034940E-6	1.232940E+4	0.000000E+0	0.000000E+0
7.047376E+3	1.034970E-6	1.232910E+4	0.000000E+0	0.000000E+0
7.051376E+3	1.035010E-6	1.232880E+4	0.000000E+0	0.000000E+0
7.055376E+3	1.035050E-6	1.232830E+4	0.000000E+0	0.000000E+0
7.059376E+3	1.035190E-6	1.232800E+4	0.000000E+0	0.000000E+0
7.063378E+3	1.035210E-6	1.232780E+4	0.000000E+0	0.000000E+0
7.067376E+3	1.035100E-6	1.232760E+4	0.000000E+0	0.000000E+0
7.071375E+3	1.035100E-6	1.232730E+4	0.000000E+0	0.000000E+0
7.075374E+3	1.035160E-6	1.232710E+4	0.000000E+0	0.000000E+0
7.079376E+3	1.035100E-6	1.232680E+4	0.000000E+0	0.000000E+0
7.083376E+3	1.035210E-6	1.232650E+4	0.000000E+0	0.000000E+0
7.087374E+3	1.035200E-6	1.232620E+4	0.000000E+0	0.000000E+0
7.091376E+3	1.035250E-6	1.232590E+4	0.000000E+0	0.000000E+0
7.095377E+3	1.035320E-6	1.232570E+4	0.000000E+0	0.000000E+0
7.099375E+3	1.035280E-6	1.232550E+4	0.000000E+0	0.000000E+0
7.103377E+3	1.035320E-6	1.232480E+4	0.000000E+0	0.000000E+0
7.107377E+3	1.035390E-6	1.232450E+4	0.000000E+0	0.000000E+0
7.111375E+3	1.035320E-6	1.232430E+4	0.000000E+0	0.000000E+0
7.115375E+3	1.035290E-6	1.232400E+4	0.000000E+0	0.000000E+0
7.119377E+3	1.035370E-6	1.232380E+4	0.000000E+0	0.000000E+0
7.123377E+3	1.035420E-6	1.232350E+4	0.000000E+0	0.000000E+0
7.127375E+3	1.035410E-6	1.232320E+4	0.000000E+0	0.000000E+0
7.131374E+3	1.035430E-6	1.232300E+4	0.000000E+0	0.000000E+0
7.135375E+3	1.035500E-6	1.232280E+4	0.000000E+0	0.000000E+0
7.139380E+3	1.035490E-6	1.232260E+4	0.000000E+0	0.000000E+0
7.143378E+3	1.035470E-6	1.232220E+4	0.000000E+0	0.000000E+0
7.147375E+3	1.035450E-6	1.232200E+4	0.000000E+0	0.000000E+0
7.151375E+3	1.035460E-6	1.232190E+4	0.000000E+0	0.000000E+0
7.155375E+3	1.035450E-6	1.232180E+4	0.000000E+0	0.000000E+0
7.159376E+3	1.035600E-6	1.232170E+4	0.000000E+0	0.000000E+0
7.163381E+3	1.035470E-6	1.232140E+4	0.000000E+0	0.000000E+0
7.167378E+3	1.035520E-6	1.232110E+4	0.000000E+0	0.000000E+0
7.171376E+3	1.035470E-6	1.232090E+4	0.000000E+0	0.000000E+0
7.175375E+3	1.035500E-6	1.232060E+4	0.000000E+0	0.000000E+0
7.179376E+3	1.035580E-6	1.232040E+4	0.000000E+0	0.000000E+0
7.183375E+3	1.035560E-6	1.232020E+4	0.000000E+0	0.000000E+0
7.187379E+3	1.035530E-6	1.231980E+4	0.000000E+0	0.000000E+0
7.191375E+3	1.035620E-6	1.231960E+4	0.000000E+0	0.000000E+0
7.195375E+3	1.035590E-6	1.231950E+4	0.000000E+0	0.000000E+0
7.199373E+3	1.035690E-6	1.231930E+4	0.000000E+0	0.000000E+0
7.203372E+3	1.035780E-6	1.231890E+4	0.000000E+0	0.000000E+0
7.207377E+3	1.035690E-6	1.231870E+4	0.000000E+0	0.000000E+0
7.211375E+3	1.035720E-6	1.231860E+4	0.000000E+0	0.000000E+0
7.215375E+3	1.035880E-6	1.231850E+4	0.000000E+0	0.000000E+0
