
Medición hecha el 2026-09-22  05:36 p.m.

Medición de corriente y tensión en el tiempo con posibilidad de inyectar corriente.
Tiempo	Corriente	Tensión
3.350000E+0	1.007320E-4	1.335240E+4	0.000000E+0	0.000000E+0
7.265000E+0	1.007220E-4	1.335310E+4	0.000000E+0	0.000000E+0
1.127100E+1	1.007180E-4	1.335390E+4	0.000000E+0	0.000000E+0
1.526400E+1	1.007060E-4	1.335480E+4	0.000000E+0	0.000000E+0
1.926800E+1	1.007030E-4	1.335570E+4	0.000000E+0	0.000000E+0
2.326800E+1	1.006910E-4	1.335650E+4	0.000000E+0	0.000000E+0
2.726800E+1	1.006880E-4	1.335730E+4	0.000000E+0	0.000000E+0
3.126600E+1	1.006760E-4	1.335820E+4	0.000000E+0	0.000000E+0
3.527100E+1	1.006730E-4	1.335890E+4	0.000000E+0	0.000000E+0
3.926600E+1	1.006620E-4	1.335960E+4	0.000000E+0	0.000000E+0
4.326800E+1	1.006570E-4	1.336030E+4	0.000000E+0	0.000000E+0
4.726200E+1	1.006500E-4	1.336090E+4	0.000000E+0	0.000000E+0
5.126900E+1	1.006480E-4	1.336150E+4	0.000000E+0	0.000000E+0
5.526400E+1	1.006370E-4	1.336210E+4	0.000000E+0	0.000000E+0
5.926700E+1	1.006360E-4	1.336270E+4	0.000000E+0	0.000000E+0
6.326500E+1	1.006260E-4	1.336330E+4	0.000000E+0	0.000000E+0
6.726700E+1	1.006240E-4	1.336380E+4	0.000000E+0	0.000000E+0
7.126500E+1	1.006160E-4	1.336430E+4	0.000000E+0	0.000000E+0
7.526700E+1	1.006170E-4	1.336500E+4	0.000000E+0	0.000000E+0
7.926700E+1	1.006100E-4	1.336530E+4	0.000000E+0	0.000000E+0
8.326800E+1	1.006090E-4	1.336570E+4	0.000000E+0	0.000000E+0
8.726700E+1	1.006010E-4	1.336600E+4	0.000000E+0	0.000000E+0
9.126500E+1	1.006000E-4	1.336640E+4	0.000000E+0	0.000000E+0
9.526500E+1	1.005960E-4	1.336680E+4	0.000000E+0	0.000000E+0
9.926600E+1	1.005940E-4	1.336720E+4	0.000000E+0	0.000000E+0
1.032710E+2	1.005880E-4	1.336750E+4	0.000000E+0	0.000000E+0
1.072680E+2	1.005890E-4	1.336780E+4	0.000000E+0	0.000000E+0
1.112630E+2	1.005840E-4	1.336830E+4	0.000000E+0	0.000000E+0
1.152690E+2	1.005840E-4	1.336870E+4	0.000000E+0	0.000000E+0
1.192640E+2	1.005760E-4	1.336910E+4	0.000000E+0	0.000000E+0
1.232640E+2	1.005780E-4	1.336930E+4	0.000000E+0	0.000000E+0
1.272640E+2	1.005700E-4	1.336940E+4	0.000000E+0	0.000000E+0
1.312660E+2	1.005710E-4	1.336970E+4	0.000000E+0	0.000000E+0
1.352640E+2	1.005630E-4	1.336980E+4	0.000000E+0	0.000000E+0
1.392700E+2	1.005670E-4	1.336990E+4	0.000000E+0	0.000000E+0
1.432690E+2	1.005620E-4	1.336990E+4	0.000000E+0	0.000000E+0
1.472680E+2	1.005670E-4	1.337010E+4	0.000000E+0	0.000000E+0
1.512670E+2	1.005610E-4	1.337030E+4	0.000000E+0	0.000000E+0
1.552680E+2	1.005590E-4	1.337040E+4	0.000000E+0	0.000000E+0
1.592680E+2	1.005540E-4	1.337050E+4	0.000000E+0	0.000000E+0
1.632670E+2	1.005560E-4	1.337070E+4	0.000000E+0	0.000000E+0
1.672660E+2	1.005470E-4	1.337070E+4	0.000000E+0	0.000000E+0
1.712660E+2	1.005520E-4	1.337080E+4	0.000000E+0	0.000000E+0
1.752660E+2	1.005450E-4	1.337080E+4	0.000000E+0	0.000000E+0
1.792690E+2	1.005500E-4	1.337090E+4	0.000000E+0	0.000000E+0
1.832690E+2	1.005420E-4	1.337110E+4	0.000000E+0	0.000000E+0
1.872670E+2	1.005450E-4	1.337120E+4	0.000000E+0	0.000000E+0
1.912690E+2	1.005400E-4	1.337130E+4	0.000000E+0	0.000000E+0
1.952690E+2	1.005420E-4	1.337120E+4	0.000000E+0	0.000000E+0
1.992720E+2	1.005370E-4	1.337120E+4	0.000000E+0	0.000000E+0
2.032710E+2	1.005420E-4	1.337120E+4	0.000000E+0	0.000000E+0
2.072690E+2	1.005330E-4	1.337110E+4	0.000000E+0	0.000000E+0
2.112690E+2	1.005380E-4	1.337110E+4	0.000000E+0	0.000000E+0
2.152650E+2	1.005280E-4	1.337110E+4	0.000000E+0	0.000000E+0
2.192680E+2	1.005350E-4	1.337090E+4	0.000000E+0	0.000000E+0
2.232670E+2	1.005310E-4	1.337080E+4	0.000000E+0	0.000000E+0
2.272670E+2	1.005300E-4	1.337070E+4	0.000000E+0	0.000000E+0
2.312650E+2	1.005280E-4	1.337060E+4	0.000000E+0	0.000000E+0
2.352700E+2	1.005280E-4	1.337040E+4	0.000000E+0	0.000000E+0
2.392680E+2	1.005240E-4	1.337020E+4	0.000000E+0	0.000000E+0
2.432700E+2	1.005280E-4	1.337000E+4	0.000000E+0	0.000000E+0
2.472690E+2	1.005230E-4	1.336990E+4	0.000000E+0	0.000000E+0
2.512690E+2	1.005260E-4	1.336970E+4	0.000000E+0	0.000000E+0
2.552690E+2	1.005210E-4	1.336960E+4	0.000000E+0	0.000000E+0
2.592680E+2	1.005210E-4	1.336950E+4	0.000000E+0	0.000000E+0
2.632680E+2	1.005170E-4	1.336930E+4	0.000000E+0	0.000000E+0
2.672670E+2	1.005210E-4	1.336910E+4	0.000000E+0	0.000000E+0
2.712670E+2	1.005160E-4	1.336890E+4	0.000000E+0	0.000000E+0
2.752690E+2	1.005220E-4	1.336880E+4	0.000000E+0	0.000000E+0
2.792660E+2	1.005150E-4	1.336870E+4	0.000000E+0	0.000000E+0
2.832730E+2	1.005150E-4	1.336850E+4	0.000000E+0	0.000000E+0
2.872700E+2	1.005090E-4	1.336830E+4	0.000000E+0	0.000000E+0
2.912720E+2	1.005180E-4	1.336820E+4	0.000000E+0	0.000000E+0
2.952670E+2	1.005120E-4	1.336800E+4	0.000000E+0	0.000000E+0
2.992710E+2	1.005120E-4	1.336780E+4	0.000000E+0	0.000000E+0
3.032650E+2	1.005090E-4	1.336760E+4	0.000000E+0	0.000000E+0
3.072670E+2	1.005120E-4	1.336740E+4	0.000000E+0	0.000000E+0
3.112650E+2	1.005060E-4	1.336720E+4	0.000000E+0	0.000000E+0
3.152710E+2	1.005120E-4	1.336700E+4	0.000000E+0	0.000000E+0
3.192680E+2	1.005040E-4	1.336680E+4	0.000000E+0	0.000000E+0
3.232680E+2	1.005060E-4	1.336660E+4	0.000000E+0	0.000000E+0
3.272690E+2	1.005020E-4	1.336630E+4	0.000000E+0	0.000000E+0
3.312720E+2	1.005070E-4	1.336610E+4	0.000000E+0	0.000000E+0
3.352680E+2	1.005040E-4	1.336590E+4	0.000000E+0	0.000000E+0
3.392710E+2	1.005040E-4	1.336560E+4	0.000000E+0	0.000000E+0
3.432640E+2	1.004980E-4	1.336530E+4	0.000000E+0	0.000000E+0
3.472680E+2	1.005010E-4	1.336510E+4	0.000000E+0	0.000000E+0
3.512660E+2	1.004990E-4	1.336480E+4	0.000000E+0	0.000000E+0
3.552670E+2	1.005020E-4	1.336460E+4	0.000000E+0	0.000000E+0
3.592620E+2	1.005000E-4	1.336430E+4	0.000000E+0	0.000000E+0
3.632660E+2	1.005000E-4	1.336400E+4	0.000000E+0	0.000000E+0
3.672650E+2	1.004960E-4	1.336390E+4	0.000000E+0	0.000000E+0
3.712680E+2	1.004960E-4	1.336350E+4	0.000000E+0	0.000000E+0
3.752630E+2	1.004900E-4	1.336330E+4	0.000000E+0	0.000000E+0
3.792690E+2	1.004980E-4	1.336310E+4	0.000000E+0	0.000000E+0
3.832660E+2	1.004910E-4	1.336280E+4	0.000000E+0	0.000000E+0
3.872680E+2	1.004940E-4	1.336260E+4	0.000000E+0	0.000000E+0
3.912650E+2	1.004900E-4	1.336240E+4	0.000000E+0	0.000000E+0
3.952650E+2	1.004920E-4	1.336200E+4	0.000000E+0	0.000000E+0
3.992680E+2	1.004880E-4	1.336190E+4	0.000000E+0	0.000000E+0
4.032640E+2	1.004950E-4	1.336150E+4	0.000000E+0	0.000000E+0
4.072680E+2	1.004880E-4	1.336130E+4	0.000000E+0	0.000000E+0
4.112670E+2	1.004930E-4	1.336100E+4	0.000000E+0	0.000000E+0
4.152670E+2	1.004880E-4	1.336080E+4	0.000000E+0	0.000000E+0
4.192690E+2	1.004900E-4	1.336040E+4	0.000000E+0	0.000000E+0
4.232620E+2	1.004880E-4	1.336010E+4	0.000000E+0	0.000000E+0
4.272660E+2	1.004880E-4	1.335980E+4	0.000000E+0	0.000000E+0
4.312650E+2	1.004840E-4	1.335960E+4	0.000000E+0	0.000000E+0
4.352700E+2	1.004890E-4	1.335920E+4	0.000000E+0	0.000000E+0
4.392650E+2	1.004850E-4	1.335890E+4	0.000000E+0	0.000000E+0
4.432670E+2	1.004900E-4	1.335860E+4	0.000000E+0	0.000000E+0
4.472700E+2	1.004810E-4	1.335840E+4	0.000000E+0	0.000000E+0
4.512700E+2	1.004880E-4	1.335810E+4	0.000000E+0	0.000000E+0
4.552660E+2	1.004800E-4	1.335780E+4	0.000000E+0	0.000000E+0
4.592700E+2	1.004860E-4	1.335760E+4	0.000000E+0	0.000000E+0
4.632660E+2	1.004790E-4	1.335740E+4	0.000000E+0	0.000000E+0
4.672690E+2	1.004840E-4	1.335720E+4	0.000000E+0	0.000000E+0
4.712640E+2	1.004810E-4	1.335670E+4	0.000000E+0	0.000000E+0
4.752670E+2	1.004820E-4	1.335620E+4	0.000000E+0	0.000000E+0
4.792690E+2	1.004790E-4	1.335590E+4	0.000000E+0	0.000000E+0
4.832670E+2	1.004820E-4	1.335560E+4	0.000000E+0	0.000000E+0
4.872630E+2	1.004810E-4	1.335540E+4	0.000000E+0	0.000000E+0
4.912740E+2	1.004780E-4	1.335510E+4	0.000000E+0	0.000000E+0
4.952700E+2	1.004750E-4	1.335470E+4	0.000000E+0	0.000000E+0
4.992690E+2	1.004780E-4	1.335450E+4	0.000000E+0	0.000000E+0
5.032670E+2	1.004730E-4	1.335410E+4	0.000000E+0	0.000000E+0
5.072680E+2	1.004750E-4	1.335380E+4	0.000000E+0	0.000000E+0
5.112680E+2	1.004730E-4	1.335350E+4	0.000000E+0	0.000000E+0
5.152680E+2	1.004750E-4	1.335320E+4	0.000000E+0	0.000000E+0
5.192630E+2	1.004730E-4	1.335280E+4	0.000000E+0	0.000000E+0
5.232690E+2	1.004750E-4	1.335250E+4	0.000000E+0	0.000000E+0
5.272650E+2	1.004710E-4	1.335220E+4	0.000000E+0	0.000000E+0
5.312650E+2	1.004750E-4	1.335190E+4	0.000000E+0	0.000000E+0
5.352660E+2	1.004700E-4	1.335160E+4	0.000000E+0	0.000000E+0
5.392710E+2	1.004730E-4	1.335110E+4	0.000000E+0	0.000000E+0
5.432680E+2	1.004730E-4	1.335080E+4	0.000000E+0	0.000000E+0
5.472680E+2	1.004730E-4	1.335050E+4	0.000000E+0	0.000000E+0
5.512660E+2	1.004680E-4	1.335020E+4	0.000000E+0	0.000000E+0
5.552660E+2	1.004730E-4	1.334990E+4	0.000000E+0	0.000000E+0
5.592670E+2	1.004670E-4	1.334960E+4	0.000000E+0	0.000000E+0
5.632690E+2	1.004690E-4	1.334920E+4	0.000000E+0	0.000000E+0
5.672660E+2	1.004640E-4	1.334890E+4	0.000000E+0	0.000000E+0
5.712680E+2	1.004690E-4	1.334850E+4	0.000000E+0	0.000000E+0
5.752670E+2	1.004630E-4	1.334830E+4	0.000000E+0	0.000000E+0
5.792690E+2	1.004710E-4	1.334790E+4	0.000000E+0	0.000000E+0
5.832640E+2	1.004630E-4	1.334750E+4	0.000000E+0	0.000000E+0
5.872660E+2	1.004700E-4	1.334720E+4	0.000000E+0	0.000000E+0
5.912670E+2	1.004640E-4	1.334690E+4	0.000000E+0	0.000000E+0
5.952700E+2	1.004660E-4	1.334660E+4	0.000000E+0	0.000000E+0
5.992650E+2	1.004610E-4	1.334630E+4	0.000000E+0	0.000000E+0
6.032680E+2	1.004660E-4	1.334600E+4	0.000000E+0	0.000000E+0
6.072660E+2	1.004600E-4	1.334550E+4	0.000000E+0	0.000000E+0
6.112690E+2	1.004670E-4	1.334530E+4	0.000000E+0	0.000000E+0
6.152650E+2	1.004640E-4	1.334500E+4	0.000000E+0	0.000000E+0
6.192670E+2	1.004660E-4	1.334470E+4	0.000000E+0	0.000000E+0
6.232690E+2	1.004590E-4	1.334440E+4	0.000000E+0	0.000000E+0
6.272690E+2	1.004650E-4	1.334410E+4	0.000000E+0	0.000000E+0
6.312670E+2	1.004590E-4	1.334380E+4	0.000000E+0	0.000000E+0
6.352670E+2	1.004610E-4	1.334350E+4	0.000000E+0	0.000000E+0
6.392640E+2	1.004580E-4	1.334310E+4	0.000000E+0	0.000000E+0
6.432660E+2	1.004640E-4	1.334280E+4	0.000000E+0	0.000000E+0
6.472650E+2	1.004560E-4	1.334240E+4	0.000000E+0	0.000000E+0
6.512650E+2	1.004620E-4	1.334210E+4	0.000000E+0	0.000000E+0
6.552650E+2	1.004550E-4	1.334190E+4	0.000000E+0	0.000000E+0
6.592670E+2	1.004600E-4	1.334150E+4	0.000000E+0	0.000000E+0
6.632650E+2	1.004530E-4	1.334110E+4	0.000000E+0	0.000000E+0
6.672710E+2	1.004580E-4	1.334080E+4	0.000000E+0	0.000000E+0
6.712650E+2	1.004520E-4	1.334040E+4	0.000000E+0	0.000000E+0
6.752680E+2	1.004570E-4	1.334010E+4	0.000000E+0	0.000000E+0
6.792650E+2	1.004550E-4	1.333970E+4	0.000000E+0	0.000000E+0
6.832660E+2	1.004540E-4	1.333940E+4	0.000000E+0	0.000000E+0
6.872690E+2	1.004480E-4	1.333910E+4	0.000000E+0	0.000000E+0
6.912660E+2	1.004520E-4	1.333870E+4	0.000000E+0	0.000000E+0
6.952640E+2	1.004500E-4	1.333850E+4	0.000000E+0	0.000000E+0
6.992690E+2	1.004570E-4	1.333820E+4	0.000000E+0	0.000000E+0
7.032640E+2	1.004480E-4	1.333790E+4	0.000000E+0	0.000000E+0
7.072700E+2	1.004520E-4	1.333750E+4	0.000000E+0	0.000000E+0
7.112660E+2	1.004500E-4	1.333720E+4	0.000000E+0	0.000000E+0
7.152700E+2	1.004540E-4	1.333690E+4	0.000000E+0	0.000000E+0
7.192660E+2	1.004510E-4	1.333660E+4	0.000000E+0	0.000000E+0
7.232680E+2	1.004500E-4	1.333610E+4	0.000000E+0	0.000000E+0
7.272700E+2	1.004450E-4	1.333560E+4	0.000000E+0	0.000000E+0
7.312670E+2	1.004480E-4	1.333520E+4	0.000000E+0	0.000000E+0
7.352670E+2	1.004460E-4	1.333490E+4	0.000000E+0	0.000000E+0
7.392670E+2	1.004490E-4	1.333460E+4	0.000000E+0	0.000000E+0
7.432630E+2	1.004470E-4	1.333420E+4	0.000000E+0	0.000000E+0
7.472670E+2	1.004470E-4	1.333380E+4	0.000000E+0	0.000000E+0
7.512650E+2	1.004460E-4	1.333350E+4	0.000000E+0	0.000000E+0
7.552680E+2	1.004470E-4	1.333310E+4	0.000000E+0	0.000000E+0
7.592670E+2	1.004440E-4	1.333290E+4	0.000000E+0	0.000000E+0
7.632690E+2	1.004460E-4	1.333250E+4	0.000000E+0	0.000000E+0
7.672650E+2	1.004450E-4	1.333200E+4	0.000000E+0	0.000000E+0
7.712690E+2	1.004470E-4	1.333180E+4	0.000000E+0	0.000000E+0
7.752640E+2	1.004410E-4	1.333140E+4	0.000000E+0	0.000000E+0
7.792670E+2	1.004450E-4	1.333100E+4	0.000000E+0	0.000000E+0
7.832640E+2	1.004420E-4	1.333070E+4	0.000000E+0	0.000000E+0
7.872690E+2	1.004450E-4	1.333040E+4	0.000000E+0	0.000000E+0
7.912660E+2	1.004410E-4	1.333000E+4	0.000000E+0	0.000000E+0
7.952680E+2	1.004440E-4	1.332960E+4	0.000000E+0	0.000000E+0
7.992700E+2	1.004420E-4	1.332940E+4	0.000000E+0	0.000000E+0
8.032670E+2	1.004430E-4	1.332900E+4	0.000000E+0	0.000000E+0
8.072670E+2	1.004390E-4	1.332870E+4	0.000000E+0	0.000000E+0
8.112670E+2	1.004450E-4	1.332810E+4	0.000000E+0	0.000000E+0
8.152680E+2	1.004390E-4	1.332800E+4	0.000000E+0	0.000000E+0
8.192680E+2	1.004480E-4	1.332760E+4	0.000000E+0	0.000000E+0
8.232680E+2	1.004440E-4	1.332720E+4	0.000000E+0	0.000000E+0
8.272690E+2	1.004470E-4	1.332690E+4	0.000000E+0	0.000000E+0
8.312700E+2	1.004400E-4	1.332650E+4	0.000000E+0	0.000000E+0
8.352700E+2	1.004490E-4	1.332620E+4	0.000000E+0	0.000000E+0
8.392680E+2	1.004450E-4	1.332590E+4	0.000000E+0	0.000000E+0
8.432680E+2	1.004460E-4	1.332550E+4	0.000000E+0	0.000000E+0
8.472690E+2	1.004420E-4	1.332510E+4	0.000000E+0	0.000000E+0
8.512670E+2	1.004470E-4	1.332470E+4	0.000000E+0	0.000000E+0
8.552670E+2	1.004430E-4	1.332440E+4	0.000000E+0	0.000000E+0
8.592670E+2	1.004440E-4	1.332410E+4	0.000000E+0	0.000000E+0
8.632690E+2	1.004410E-4	1.332380E+4	0.000000E+0	0.000000E+0
8.672690E+2	1.004440E-4	1.332350E+4	0.000000E+0	0.000000E+0
8.712670E+2	1.004390E-4	1.332320E+4	0.000000E+0	0.000000E+0
8.752660E+2	1.004450E-4	1.332290E+4	0.000000E+0	0.000000E+0
8.792690E+2	1.004400E-4	1.332260E+4	0.000000E+0	0.000000E+0
8.832680E+2	1.004420E-4	1.332240E+4	0.000000E+0	0.000000E+0
8.872650E+2	1.004400E-4	1.332200E+4	0.000000E+0	0.000000E+0
8.912690E+2	1.004420E-4	1.332160E+4	0.000000E+0	0.000000E+0
8.952700E+2	1.004360E-4	1.332140E+4	0.000000E+0	0.000000E+0
8.992680E+2	1.004390E-4	1.332120E+4	0.000000E+0	0.000000E+0
9.032650E+2	1.004380E-4	1.332090E+4	0.000000E+0	0.000000E+0
9.072670E+2	1.004460E-4	1.332060E+4	0.000000E+0	0.000000E+0
9.112690E+2	1.004380E-4	1.332020E+4	0.000000E+0	0.000000E+0
9.152680E+2	1.004450E-4	1.331980E+4	0.000000E+0	0.000000E+0
9.192640E+2	1.004380E-4	1.331950E+4	0.000000E+0	0.000000E+0
9.232670E+2	1.004420E-4	1.331930E+4	0.000000E+0	0.000000E+0
9.272710E+2	1.004330E-4	1.331910E+4	0.000000E+0	0.000000E+0
9.312690E+2	1.004420E-4	1.331880E+4	0.000000E+0	0.000000E+0
9.352660E+2	1.004400E-4	1.331860E+4	0.000000E+0	0.000000E+0
9.392660E+2	1.004440E-4	1.331830E+4	0.000000E+0	0.000000E+0
9.432610E+2	1.004410E-4	1.331790E+4	0.000000E+0	0.000000E+0
9.472720E+2	1.004440E-4	1.331750E+4	0.000000E+0	0.000000E+0
9.512690E+2	1.004390E-4	1.331710E+4	0.000000E+0	0.000000E+0
9.552680E+2	1.004410E-4	1.331670E+4	0.000000E+0	0.000000E+0
9.592670E+2	1.004370E-4	1.331630E+4	0.000000E+0	0.000000E+0
9.632680E+2	1.004400E-4	1.331580E+4	0.000000E+0	0.000000E+0
9.672640E+2	1.004340E-4	1.331550E+4	0.000000E+0	0.000000E+0
9.712700E+2	1.004420E-4	1.331510E+4	0.000000E+0	0.000000E+0
9.752650E+2	1.004390E-4	1.331470E+4	0.000000E+0	0.000000E+0
9.792700E+2	1.004410E-4	1.331440E+4	0.000000E+0	0.000000E+0
9.832710E+2	1.004400E-4	1.331390E+4	0.000000E+0	0.000000E+0
9.872710E+2	1.004420E-4	1.331350E+4	0.000000E+0	0.000000E+0
9.912660E+2	1.004360E-4	1.331310E+4	0.000000E+0	0.000000E+0
9.952690E+2	1.004410E-4	1.331270E+4	0.000000E+0	0.000000E+0
9.992710E+2	1.004370E-4	1.331240E+4	0.000000E+0	0.000000E+0
1.003269E+3	1.004410E-4	1.331200E+4	0.000000E+0	0.000000E+0
1.007266E+3	1.004350E-4	1.331170E+4	0.000000E+0	0.000000E+0
1.011270E+3	1.004360E-4	1.331130E+4	0.000000E+0	0.000000E+0
1.015269E+3	1.004330E-4	1.331100E+4	0.000000E+0	0.000000E+0
1.019266E+3	1.004380E-4	1.331060E+4	0.000000E+0	0.000000E+0
1.023269E+3	1.004350E-4	1.331020E+4	0.000000E+0	0.000000E+0
1.027268E+3	1.004350E-4	1.330980E+4	0.000000E+0	0.000000E+0
1.031267E+3	1.004340E-4	1.330940E+4	0.000000E+0	0.000000E+0
1.035268E+3	1.004390E-4	1.330910E+4	0.000000E+0	0.000000E+0
1.039265E+3	1.004360E-4	1.330880E+4	0.000000E+0	0.000000E+0
1.043268E+3	1.004390E-4	1.330830E+4	0.000000E+0	0.000000E+0
1.047268E+3	1.004370E-4	1.330800E+4	0.000000E+0	0.000000E+0
1.051268E+3	1.004380E-4	1.330760E+4	0.000000E+0	0.000000E+0
1.055270E+3	1.004350E-4	1.330740E+4	0.000000E+0	0.000000E+0
1.059268E+3	1.004410E-4	1.330690E+4	0.000000E+0	0.000000E+0
1.063266E+3	1.004330E-4	1.330660E+4	0.000000E+0	0.000000E+0
1.067268E+3	1.004360E-4	1.330630E+4	0.000000E+0	0.000000E+0
1.071266E+3	1.004310E-4	1.330590E+4	0.000000E+0	0.000000E+0
1.075272E+3	1.004380E-4	1.330560E+4	0.000000E+0	0.000000E+0
1.079267E+3	1.004310E-4	1.330520E+4	0.000000E+0	0.000000E+0
1.083271E+3	1.004360E-4	1.330490E+4	0.000000E+0	0.000000E+0
1.087269E+3	1.004310E-4	1.330460E+4	0.000000E+0	0.000000E+0
1.091267E+3	1.004330E-4	1.330410E+4	0.000000E+0	0.000000E+0
1.095269E+3	1.004340E-4	1.330390E+4	0.000000E+0	0.000000E+0
1.099269E+3	1.004350E-4	1.330350E+4	0.000000E+0	0.000000E+0
1.103267E+3	1.004300E-4	1.330320E+4	0.000000E+0	0.000000E+0
1.107269E+3	1.004350E-4	1.330290E+4	0.000000E+0	0.000000E+0
1.111267E+3	1.004320E-4	1.330270E+4	0.000000E+0	0.000000E+0
1.115268E+3	1.004360E-4	1.330220E+4	0.000000E+0	0.000000E+0
1.119267E+3	1.004310E-4	1.330200E+4	0.000000E+0	0.000000E+0
1.123269E+3	1.004330E-4	1.330160E+4	0.000000E+0	0.000000E+0
1.127267E+3	1.004300E-4	1.330130E+4	0.000000E+0	0.000000E+0
1.131268E+3	1.004370E-4	1.330100E+4	0.000000E+0	0.000000E+0
1.135265E+3	1.004310E-4	1.330080E+4	0.000000E+0	0.000000E+0
1.139267E+3	1.004340E-4	1.330050E+4	0.000000E+0	0.000000E+0
1.143268E+3	1.004320E-4	1.330010E+4	0.000000E+0	0.000000E+0
1.147269E+3	1.004350E-4	1.329960E+4	0.000000E+0	0.000000E+0
1.151263E+3	1.004310E-4	1.329950E+4	0.000000E+0	0.000000E+0
1.155265E+3	1.004330E-4	1.329910E+4	0.000000E+0	0.000000E+0
1.159264E+3	1.004330E-4	1.329870E+4	0.000000E+0	0.000000E+0
1.163266E+3	1.004330E-4	1.329840E+4	0.000000E+0	0.000000E+0
1.167262E+3	1.004230E-4	1.329810E+4	0.000000E+0	0.000000E+0
1.171265E+3	1.004320E-4	1.329780E+4	0.000000E+0	0.000000E+0
1.175267E+3	1.004270E-4	1.329750E+4	0.000000E+0	0.000000E+0
1.179269E+3	1.004310E-4	1.329720E+4	0.000000E+0	0.000000E+0
1.183262E+3	1.004280E-4	1.329700E+4	0.000000E+0	0.000000E+0
1.187273E+3	1.004310E-4	1.329660E+4	0.000000E+0	0.000000E+0
1.191270E+3	1.004270E-4	1.329630E+4	0.000000E+0	0.000000E+0
1.195265E+3	1.004320E-4	1.329600E+4	0.000000E+0	0.000000E+0
1.199267E+3	1.004260E-4	1.329580E+4	0.000000E+0	0.000000E+0
1.203268E+3	1.004350E-4	1.329540E+4	0.000000E+0	0.000000E+0
1.207265E+3	1.004260E-4	1.329520E+4	0.000000E+0	0.000000E+0
1.211270E+3	1.004300E-4	1.329490E+4	0.000000E+0	0.000000E+0
1.215266E+3	1.004300E-4	1.329460E+4	0.000000E+0	0.000000E+0
1.219268E+3	1.004330E-4	1.329430E+4	0.000000E+0	0.000000E+0
1.223264E+3	1.004290E-4	1.329410E+4	0.000000E+0	0.000000E+0
1.227266E+3	1.004320E-4	1.329380E+4	0.000000E+0	0.000000E+0
1.231264E+3	1.004280E-4	1.329350E+4	0.000000E+0	0.000000E+0
1.235266E+3	1.004330E-4	1.329330E+4	0.000000E+0	0.000000E+0
1.239264E+3	1.004250E-4	1.329300E+4	0.000000E+0	0.000000E+0
1.243269E+3	1.004310E-4	1.329260E+4	0.000000E+0	0.000000E+0
1.247267E+3	1.004290E-4	1.329230E+4	0.000000E+0	0.000000E+0
1.251267E+3	1.004320E-4	1.329190E+4	0.000000E+0	0.000000E+0
1.255264E+3	1.004290E-4	1.329160E+4	0.000000E+0	0.000000E+0
1.259267E+3	1.004320E-4	1.329130E+4	0.000000E+0	0.000000E+0
1.263267E+3	1.004280E-4	1.329100E+4	0.000000E+0	0.000000E+0
1.267268E+3	1.004300E-4	1.329070E+4	0.000000E+0	0.000000E+0
1.271265E+3	1.004290E-4	1.329040E+4	0.000000E+0	0.000000E+0
1.275265E+3	1.004320E-4	1.329000E+4	0.000000E+0	0.000000E+0
1.279268E+3	1.004290E-4	1.328970E+4	0.000000E+0	0.000000E+0
1.283268E+3	1.004300E-4	1.328950E+4	0.000000E+0	0.000000E+0
1.287265E+3	1.004280E-4	1.328920E+4	0.000000E+0	0.000000E+0
1.291267E+3	1.004300E-4	1.328890E+4	0.000000E+0	0.000000E+0
1.295265E+3	1.004260E-4	1.328860E+4	0.000000E+0	0.000000E+0
1.299266E+3	1.004340E-4	1.328820E+4	0.000000E+0	0.000000E+0
1.303266E+3	1.004270E-4	1.328800E+4	0.000000E+0	0.000000E+0
1.307265E+3	1.004300E-4	1.328770E+4	0.000000E+0	0.000000E+0
1.311266E+3	1.004250E-4	1.328740E+4	0.000000E+0	0.000000E+0
1.315269E+3	1.004310E-4	1.328710E+4	0.000000E+0	0.000000E+0
1.319267E+3	1.004240E-4	1.328680E+4	0.000000E+0	0.000000E+0
1.323266E+3	1.004300E-4	1.328650E+4	0.000000E+0	0.000000E+0
1.327267E+3	1.004280E-4	1.328610E+4	0.000000E+0	0.000000E+0
1.331269E+3	1.004300E-4	1.328590E+4	0.000000E+0	0.000000E+0
1.335264E+3	1.004270E-4	1.328560E+4	0.000000E+0	0.000000E+0
1.339265E+3	1.004310E-4	1.328520E+4	0.000000E+0	0.000000E+0
1.343262E+3	1.004280E-4	1.328490E+4	0.000000E+0	0.000000E+0
1.347270E+3	1.004340E-4	1.328470E+4	0.000000E+0	0.000000E+0
1.351265E+3	1.004270E-4	1.328440E+4	0.000000E+0	0.000000E+0
1.355271E+3	1.004310E-4	1.328410E+4	0.000000E+0	0.000000E+0
1.359265E+3	1.004250E-4	1.328370E+4	0.000000E+0	0.000000E+0
1.363263E+3	1.004290E-4	1.328330E+4	0.000000E+0	0.000000E+0
1.367263E+3	1.004220E-4	1.328300E+4	0.000000E+0	0.000000E+0
1.371266E+3	1.004310E-4	1.328270E+4	0.000000E+0	0.000000E+0
1.375263E+3	1.004250E-4	1.328230E+4	0.000000E+0	0.000000E+0
1.379268E+3	1.004280E-4	1.328210E+4	0.000000E+0	0.000000E+0
1.383263E+3	1.004230E-4	1.328180E+4	0.000000E+0	0.000000E+0
1.387267E+3	1.004290E-4	1.328140E+4	0.000000E+0	0.000000E+0
1.391264E+3	1.004250E-4	1.328120E+4	0.000000E+0	0.000000E+0
1.395266E+3	1.004270E-4	1.328090E+4	0.000000E+0	0.000000E+0
1.399267E+3	1.004210E-4	1.328060E+4	0.000000E+0	0.000000E+0
1.403266E+3	1.004280E-4	1.328030E+4	0.000000E+0	0.000000E+0
1.407269E+3	1.004270E-4	1.328000E+4	0.000000E+0	0.000000E+0
1.411269E+3	1.004290E-4	1.327950E+4	0.000000E+0	0.000000E+0
1.415264E+3	1.004240E-4	1.327930E+4	0.000000E+0	0.000000E+0
1.419267E+3	1.004310E-4	1.327890E+4	0.000000E+0	0.000000E+0
1.423267E+3	1.004240E-4	1.327870E+4	0.000000E+0	0.000000E+0
1.427268E+3	1.004260E-4	1.327830E+4	0.000000E+0	0.000000E+0
1.431265E+3	1.004240E-4	1.327790E+4	0.000000E+0	0.000000E+0
1.435270E+3	1.004300E-4	1.327760E+4	0.000000E+0	0.000000E+0
1.439268E+3	1.004240E-4	1.327730E+4	0.000000E+0	0.000000E+0
1.443268E+3	1.004300E-4	1.327700E+4	0.000000E+0	0.000000E+0
1.447266E+3	1.004190E-4	1.327680E+4	0.000000E+0	0.000000E+0
1.451268E+3	1.004260E-4	1.327630E+4	0.000000E+0	0.000000E+0
1.455271E+3	1.004190E-4	1.327590E+4	0.000000E+0	0.000000E+0
1.459269E+3	1.004270E-4	1.327560E+4	0.000000E+0	0.000000E+0
1.463266E+3	1.004230E-4	1.327530E+4	0.000000E+0	0.000000E+0
1.467267E+3	1.004270E-4	1.327500E+4	0.000000E+0	0.000000E+0
1.471267E+3	1.004230E-4	1.327480E+4	0.000000E+0	0.000000E+0
1.475272E+3	1.004270E-4	1.327440E+4	0.000000E+0	0.000000E+0
1.479267E+3	1.004240E-4	1.327420E+4	0.000000E+0	0.000000E+0
1.483267E+3	1.004280E-4	1.327400E+4	0.000000E+0	0.000000E+0
1.487265E+3	1.004230E-4	1.327390E+4	0.000000E+0	0.000000E+0
1.491269E+3	1.004260E-4	1.327350E+4	0.000000E+0	0.000000E+0
1.495267E+3	1.004190E-4	1.327330E+4	0.000000E+0	0.000000E+0
1.499267E+3	1.004250E-4	1.327300E+4	0.000000E+0	0.000000E+0
1.503267E+3	1.004190E-4	1.327270E+4	0.000000E+0	0.000000E+0
1.507268E+3	1.004270E-4	1.327250E+4	0.000000E+0	0.000000E+0
1.511263E+3	1.004170E-4	1.327210E+4	0.000000E+0	0.000000E+0
1.515271E+3	1.004270E-4	1.327190E+4	0.000000E+0	0.000000E+0
1.519265E+3	1.004220E-4	1.327170E+4	0.000000E+0	0.000000E+0
1.523267E+3	1.004290E-4	1.327140E+4	0.000000E+0	0.000000E+0
1.527263E+3	1.004190E-4	1.327100E+4	0.000000E+0	0.000000E+0
1.531269E+3	1.004260E-4	1.327080E+4	0.000000E+0	0.000000E+0
1.535266E+3	1.004190E-4	1.327050E+4	0.000000E+0	0.000000E+0
1.539268E+3	1.004250E-4	1.327020E+4	0.000000E+0	0.000000E+0
1.543267E+3	1.004220E-4	1.326980E+4	0.000000E+0	0.000000E+0
1.547271E+3	1.004260E-4	1.326960E+4	0.000000E+0	0.000000E+0
1.551266E+3	1.004200E-4	1.326920E+4	0.000000E+0	0.000000E+0
1.555264E+3	1.004250E-4	1.326890E+4	0.000000E+0	0.000000E+0
1.559269E+3	1.004180E-4	1.326870E+4	0.000000E+0	0.000000E+0
1.563269E+3	1.004270E-4	1.326840E+4	0.000000E+0	0.000000E+0
1.567267E+3	1.004220E-4	1.326810E+4	0.000000E+0	0.000000E+0
1.571268E+3	1.004270E-4	1.326780E+4	0.000000E+0	0.000000E+0
1.575267E+3	1.004210E-4	1.326740E+4	0.000000E+0	0.000000E+0
1.579265E+3	1.004260E-4	1.326710E+4	0.000000E+0	0.000000E+0
1.583267E+3	1.004230E-4	1.326680E+4	0.000000E+0	0.000000E+0
1.587271E+3	1.004270E-4	1.326650E+4	0.000000E+0	0.000000E+0
1.591268E+3	1.004160E-4	1.326600E+4	0.000000E+0	0.000000E+0
1.595266E+3	1.004210E-4	1.326580E+4	0.000000E+0	0.000000E+0
1.599263E+3	1.004220E-4	1.326540E+4	0.000000E+0	0.000000E+0
1.603266E+3	1.004230E-4	1.326500E+4	0.000000E+0	0.000000E+0
1.607266E+3	1.004210E-4	1.326490E+4	0.000000E+0	0.000000E+0
1.611266E+3	1.004250E-4	1.326460E+4	0.000000E+0	0.000000E+0
1.615264E+3	1.004190E-4	1.326450E+4	0.000000E+0	0.000000E+0
1.619267E+3	1.004220E-4	1.326420E+4	0.000000E+0	0.000000E+0
1.623269E+3	1.004180E-4	1.326390E+4	0.000000E+0	0.000000E+0
1.627266E+3	1.004220E-4	1.326350E+4	0.000000E+0	0.000000E+0
1.631264E+3	1.004180E-4	1.326330E+4	0.000000E+0	0.000000E+0
1.635269E+3	1.004200E-4	1.326300E+4	0.000000E+0	0.000000E+0
1.639827E+3	1.004210E-4	1.326260E+4	0.000000E+0	0.000000E+0
1.643290E+3	1.004180E-4	1.326240E+4	0.000000E+0	0.000000E+0
1.647301E+3	1.004240E-4	1.326200E+4	0.000000E+0	0.000000E+0
1.651303E+3	1.004150E-4	1.326180E+4	0.000000E+0	0.000000E+0
1.655328E+3	1.004200E-4	1.326140E+4	0.000000E+0	0.000000E+0
1.659249E+3	1.004210E-4	1.326100E+4	0.000000E+0	0.000000E+0
1.663265E+3	1.004130E-4	1.326070E+4	0.000000E+0	0.000000E+0
1.667264E+3	1.004170E-4	1.326040E+4	0.000000E+0	0.000000E+0
1.671265E+3	1.004170E-4	1.326010E+4	0.000000E+0	0.000000E+0
1.675265E+3	1.004240E-4	1.325990E+4	0.000000E+0	0.000000E+0
1.679266E+3	1.004170E-4	1.325960E+4	0.000000E+0	0.000000E+0
1.683271E+3	1.004200E-4	1.325940E+4	0.000000E+0	0.000000E+0
1.687840E+3	1.004170E-4	1.325910E+4	0.000000E+0	0.000000E+0
1.691271E+3	1.004230E-4	1.325880E+4	0.000000E+0	0.000000E+0
1.695263E+3	1.004170E-4	1.325850E+4	0.000000E+0	0.000000E+0
1.699266E+3	1.004240E-4	1.325820E+4	0.000000E+0	0.000000E+0
1.703266E+3	1.004170E-4	1.325790E+4	0.000000E+0	0.000000E+0
1.707267E+3	1.004230E-4	1.325770E+4	0.000000E+0	0.000000E+0
1.711267E+3	1.004170E-4	1.325740E+4	0.000000E+0	0.000000E+0
1.715270E+3	1.004210E-4	1.325710E+4	0.000000E+0	0.000000E+0
1.719264E+3	1.004150E-4	1.325690E+4	0.000000E+0	0.000000E+0
1.723417E+3	1.004220E-4	1.325650E+4	0.000000E+0	0.000000E+0
1.727267E+3	1.004160E-4	1.325630E+4	0.000000E+0	0.000000E+0
1.731265E+3	1.004220E-4	1.325590E+4	0.000000E+0	0.000000E+0
1.735267E+3	1.004150E-4	1.325570E+4	0.000000E+0	0.000000E+0
1.739270E+3	1.004230E-4	1.325540E+4	0.000000E+0	0.000000E+0
1.743268E+3	1.004180E-4	1.325500E+4	0.000000E+0	0.000000E+0
1.747265E+3	1.004200E-4	1.325470E+4	0.000000E+0	0.000000E+0
1.751268E+3	1.004180E-4	1.325440E+4	0.000000E+0	0.000000E+0
1.755271E+3	1.004190E-4	1.325420E+4	0.000000E+0	0.000000E+0
1.759270E+3	1.004190E-4	1.325390E+4	0.000000E+0	0.000000E+0
1.763266E+3	1.004210E-4	1.325340E+4	0.000000E+0	0.000000E+0
1.767269E+3	1.004160E-4	1.325310E+4	0.000000E+0	0.000000E+0
1.771269E+3	1.004200E-4	1.325280E+4	0.000000E+0	0.000000E+0
1.775269E+3	1.004140E-4	1.325250E+4	0.000000E+0	0.000000E+0
1.779268E+3	1.004210E-4	1.325210E+4	0.000000E+0	0.000000E+0
1.783268E+3	1.004150E-4	1.325180E+4	0.000000E+0	0.000000E+0
1.787269E+3	1.004200E-4	1.325150E+4	0.000000E+0	0.000000E+0
1.791267E+3	1.004150E-4	1.325130E+4	0.000000E+0	0.000000E+0
1.795269E+3	1.004200E-4	1.325100E+4	0.000000E+0	0.000000E+0
1.799270E+3	1.004190E-4	1.325090E+4	0.000000E+0	0.000000E+0
1.803269E+3	1.004200E-4	1.325080E+4	0.000000E+0	0.000000E+0
1.807269E+3	1.004170E-4	1.325060E+4	0.000000E+0	0.000000E+0
1.811267E+3	1.004190E-4	1.325040E+4	0.000000E+0	0.000000E+0
1.815264E+3	1.004150E-4	1.325010E+4	0.000000E+0	0.000000E+0
1.819273E+3	1.004180E-4	1.325000E+4	0.000000E+0	0.000000E+0
1.823267E+3	1.004130E-4	1.324970E+4	0.000000E+0	0.000000E+0
1.827267E+3	1.004190E-4	1.324950E+4	0.000000E+0	0.000000E+0
1.831265E+3	1.004170E-4	1.324920E+4	0.000000E+0	0.000000E+0
1.835268E+3	1.004210E-4	1.324890E+4	0.000000E+0	0.000000E+0
1.839268E+3	1.004120E-4	1.324860E+4	0.000000E+0	0.000000E+0
1.843266E+3	1.004180E-4	1.324810E+4	0.000000E+0	0.000000E+0
1.847269E+3	1.004150E-4	1.324780E+4	0.000000E+0	0.000000E+0
1.851265E+3	1.004220E-4	1.324750E+4	0.000000E+0	0.000000E+0
1.855271E+3	1.004140E-4	1.324710E+4	0.000000E+0	0.000000E+0
1.859268E+3	1.004200E-4	1.324680E+4	0.000000E+0	0.000000E+0
1.863264E+3	1.004160E-4	1.324650E+4	0.000000E+0	0.000000E+0
1.867267E+3	1.004200E-4	1.324620E+4	0.000000E+0	0.000000E+0
1.871269E+3	1.004160E-4	1.324600E+4	0.000000E+0	0.000000E+0
1.875266E+3	1.004200E-4	1.324580E+4	0.000000E+0	0.000000E+0
1.879266E+3	1.004150E-4	1.324560E+4	0.000000E+0	0.000000E+0
1.883267E+3	1.004170E-4	1.324530E+4	0.000000E+0	0.000000E+0
1.887270E+3	1.004130E-4	1.324500E+4	0.000000E+0	0.000000E+0
1.891265E+3	1.004210E-4	1.324480E+4	0.000000E+0	0.000000E+0
1.895265E+3	1.004150E-4	1.324460E+4	0.000000E+0	0.000000E+0
1.899265E+3	1.004170E-4	1.324420E+4	0.000000E+0	0.000000E+0
1.903273E+3	1.004180E-4	1.324390E+4	0.000000E+0	0.000000E+0
1.907268E+3	1.004190E-4	1.324360E+4	0.000000E+0	0.000000E+0
1.911265E+3	1.004150E-4	1.324320E+4	0.000000E+0	0.000000E+0
1.915263E+3	1.004180E-4	1.324290E+4	0.000000E+0	0.000000E+0
1.919267E+3	1.004130E-4	1.324260E+4	0.000000E+0	0.000000E+0
1.923265E+3	1.004190E-4	1.324230E+4	0.000000E+0	0.000000E+0
1.927265E+3	1.004170E-4	1.324200E+4	0.000000E+0	0.000000E+0
1.931266E+3	1.004170E-4	1.324170E+4	0.000000E+0	0.000000E+0
1.935268E+3	1.004130E-4	1.324150E+4	0.000000E+0	0.000000E+0
1.939268E+3	1.004200E-4	1.324110E+4	0.000000E+0	0.000000E+0
1.943266E+3	1.004170E-4	1.324080E+4	0.000000E+0	0.000000E+0
1.947266E+3	1.004190E-4	1.324040E+4	0.000000E+0	0.000000E+0
1.951267E+3	1.004160E-4	1.324010E+4	0.000000E+0	0.000000E+0
1.955267E+3	1.004180E-4	1.323980E+4	0.000000E+0	0.000000E+0
1.959265E+3	1.004160E-4	1.323960E+4	0.000000E+0	0.000000E+0
1.963265E+3	1.004200E-4	1.323930E+4	0.000000E+0	0.000000E+0
1.967266E+3	1.004160E-4	1.323890E+4	0.000000E+0	0.000000E+0
1.971270E+3	1.004190E-4	1.323860E+4	0.000000E+0	0.000000E+0
1.975268E+3	1.004130E-4	1.323830E+4	0.000000E+0	0.000000E+0
1.979265E+3	1.004160E-4	1.323800E+4	0.000000E+0	0.000000E+0
1.983276E+3	1.004120E-4	1.323770E+4	0.000000E+0	0.000000E+0
1.987265E+3	1.004180E-4	1.323750E+4	0.000000E+0	0.000000E+0
1.991266E+3	1.004100E-4	1.323710E+4	0.000000E+0	0.000000E+0
1.995266E+3	1.004170E-4	1.323680E+4	0.000000E+0	0.000000E+0
1.999266E+3	1.004110E-4	1.323660E+4	0.000000E+0	0.000000E+0
2.003266E+3	1.004180E-4	1.323620E+4	0.000000E+0	0.000000E+0
2.007265E+3	1.004120E-4	1.323600E+4	0.000000E+0	0.000000E+0
2.011266E+3	1.004160E-4	1.323570E+4	0.000000E+0	0.000000E+0
2.015268E+3	1.004110E-4	1.323540E+4	0.000000E+0	0.000000E+0
2.019266E+3	1.004160E-4	1.323510E+4	0.000000E+0	0.000000E+0
2.023269E+3	1.004120E-4	1.323480E+4	0.000000E+0	0.000000E+0
2.027267E+3	1.004190E-4	1.323450E+4	0.000000E+0	0.000000E+0
2.031271E+3	1.004120E-4	1.323440E+4	0.000000E+0	0.000000E+0
2.035267E+3	1.004140E-4	1.323410E+4	0.000000E+0	0.000000E+0
2.039266E+3	1.004130E-4	1.323370E+4	0.000000E+0	0.000000E+0
2.043270E+3	1.004200E-4	1.323340E+4	0.000000E+0	0.000000E+0
2.047267E+3	1.004090E-4	1.323310E+4	0.000000E+0	0.000000E+0
2.051267E+3	1.004160E-4	1.323280E+4	0.000000E+0	0.000000E+0
2.055267E+3	1.004140E-4	1.323260E+4	0.000000E+0	0.000000E+0
2.059267E+3	1.004150E-4	1.323230E+4	0.000000E+0	0.000000E+0
2.063268E+3	1.004120E-4	1.323180E+4	0.000000E+0	0.000000E+0
2.067267E+3	1.004130E-4	1.323150E+4	0.000000E+0	0.000000E+0
2.071270E+3	1.004100E-4	1.323120E+4	0.000000E+0	0.000000E+0
2.075268E+3	1.004180E-4	1.323090E+4	0.000000E+0	0.000000E+0
2.079273E+3	1.004100E-4	1.323070E+4	0.000000E+0	0.000000E+0
2.083273E+3	1.004160E-4	1.323040E+4	0.000000E+0	0.000000E+0
2.087268E+3	1.004140E-4	1.323000E+4	0.000000E+0	0.000000E+0
2.091268E+3	1.004150E-4	1.322980E+4	0.000000E+0	0.000000E+0
2.095271E+3	1.004090E-4	1.322960E+4	0.000000E+0	0.000000E+0
2.099272E+3	1.004130E-4	1.322940E+4	0.000000E+0	0.000000E+0
2.103269E+3	1.004120E-4	1.322910E+4	0.000000E+0	0.000000E+0
2.107267E+3	1.004180E-4	1.322880E+4	0.000000E+0	0.000000E+0
2.111272E+3	1.004100E-4	1.322850E+4	0.000000E+0	0.000000E+0
2.115265E+3	1.004160E-4	1.322820E+4	0.000000E+0	0.000000E+0
2.119269E+3	1.004110E-4	1.322800E+4	0.000000E+0	0.000000E+0
2.123267E+3	1.004140E-4	1.322770E+4	0.000000E+0	0.000000E+0
2.127272E+3	1.004090E-4	1.322730E+4	0.000000E+0	0.000000E+0
2.131269E+3	1.004170E-4	1.322710E+4	0.000000E+0	0.000000E+0
2.135268E+3	1.004120E-4	1.322690E+4	0.000000E+0	0.000000E+0
2.139268E+3	1.004160E-4	1.322660E+4	0.000000E+0	0.000000E+0
2.143267E+3	1.004120E-4	1.322630E+4	0.000000E+0	0.000000E+0
2.147271E+3	1.004160E-4	1.322600E+4	0.000000E+0	0.000000E+0
2.151268E+3	1.004110E-4	1.322590E+4	0.000000E+0	0.000000E+0
2.155270E+3	1.004170E-4	1.322560E+4	0.000000E+0	0.000000E+0
2.159266E+3	1.004150E-4	1.322540E+4	0.000000E+0	0.000000E+0
2.163266E+3	1.004170E-4	1.322510E+4	0.000000E+0	0.000000E+0
2.167271E+3	1.004140E-4	1.322470E+4	0.000000E+0	0.000000E+0
2.171266E+3	1.004170E-4	1.322450E+4	0.000000E+0	0.000000E+0
2.175266E+3	1.004120E-4	1.322430E+4	0.000000E+0	0.000000E+0
2.179269E+3	1.004150E-4	1.322410E+4	0.000000E+0	0.000000E+0
2.183272E+3	1.004130E-4	1.322370E+4	0.000000E+0	0.000000E+0
2.187271E+3	1.004160E-4	1.322350E+4	0.000000E+0	0.000000E+0
2.191271E+3	1.004140E-4	1.322320E+4	0.000000E+0	0.000000E+0
2.195269E+3	1.004150E-4	1.322300E+4	0.000000E+0	0.000000E+0
2.199272E+3	1.004100E-4	1.322260E+4	0.000000E+0	0.000000E+0
2.203270E+3	1.004140E-4	1.322230E+4	0.000000E+0	0.000000E+0
2.207270E+3	1.004110E-4	1.322200E+4	0.000000E+0	0.000000E+0
2.211270E+3	1.004140E-4	1.322170E+4	0.000000E+0	0.000000E+0
2.215267E+3	1.004130E-4	1.322150E+4	0.000000E+0	0.000000E+0
2.219267E+3	1.004160E-4	1.322120E+4	0.000000E+0	0.000000E+0
2.223267E+3	1.004120E-4	1.322100E+4	0.000000E+0	0.000000E+0
2.227270E+3	1.004180E-4	1.322070E+4	0.000000E+0	0.000000E+0
2.231271E+3	1.004100E-4	1.322060E+4	0.000000E+0	0.000000E+0
2.235266E+3	1.004130E-4	1.322020E+4	0.000000E+0	0.000000E+0
2.239268E+3	1.004110E-4	1.322000E+4	0.000000E+0	0.000000E+0
2.243268E+3	1.004140E-4	1.321980E+4	0.000000E+0	0.000000E+0
2.247271E+3	1.004130E-4	1.321940E+4	0.000000E+0	0.000000E+0
2.251269E+3	1.004160E-4	1.321920E+4	0.000000E+0	0.000000E+0
2.255268E+3	1.004090E-4	1.321900E+4	0.000000E+0	0.000000E+0
2.259276E+3	1.004150E-4	1.321860E+4	0.000000E+0	0.000000E+0
2.263248E+3	1.004130E-4	1.321840E+4	0.000000E+0	0.000000E+0
2.267263E+3	1.004110E-4	1.321820E+4	0.000000E+0	0.000000E+0
2.271269E+3	1.004150E-4	1.321780E+4	0.000000E+0	0.000000E+0
2.275266E+3	1.004100E-4	1.321750E+4	0.000000E+0	0.000000E+0
2.279275E+3	1.004160E-4	1.321730E+4	0.000000E+0	0.000000E+0
2.283269E+3	1.004130E-4	1.321710E+4	0.000000E+0	0.000000E+0
2.287267E+3	1.004160E-4	1.321700E+4	0.000000E+0	0.000000E+0
2.291265E+3	1.004100E-4	1.321660E+4	0.000000E+0	0.000000E+0
2.295269E+3	1.004150E-4	1.321640E+4	0.000000E+0	0.000000E+0
2.299273E+3	1.004100E-4	1.321600E+4	0.000000E+0	0.000000E+0
2.303268E+3	1.004130E-4	1.321590E+4	0.000000E+0	0.000000E+0
2.307267E+3	1.004130E-4	1.321560E+4	0.000000E+0	0.000000E+0
2.311273E+3	1.004170E-4	1.321510E+4	0.000000E+0	0.000000E+0
2.315269E+3	1.004120E-4	1.321490E+4	0.000000E+0	0.000000E+0
2.319268E+3	1.004150E-4	1.321460E+4	0.000000E+0	0.000000E+0
2.323266E+3	1.004160E-4	1.321440E+4	0.000000E+0	0.000000E+0
2.327269E+3	1.004190E-4	1.321420E+4	0.000000E+0	0.000000E+0
2.331269E+3	1.004130E-4	1.321400E+4	0.000000E+0	0.000000E+0
2.335268E+3	1.004170E-4	1.321360E+4	0.000000E+0	0.000000E+0
2.339268E+3	1.004150E-4	1.321330E+4	0.000000E+0	0.000000E+0
2.343266E+3	1.004160E-4	1.321310E+4	0.000000E+0	0.000000E+0
2.347268E+3	1.004110E-4	1.321290E+4	0.000000E+0	0.000000E+0
2.351269E+3	1.004160E-4	1.321260E+4	0.000000E+0	0.000000E+0
2.355267E+3	1.004120E-4	1.321230E+4	0.000000E+0	0.000000E+0
2.359267E+3	1.004160E-4	1.321210E+4	0.000000E+0	0.000000E+0
2.363269E+3	1.004140E-4	1.321170E+4	0.000000E+0	0.000000E+0
2.367270E+3	1.004160E-4	1.321150E+4	0.000000E+0	0.000000E+0
2.371269E+3	1.004150E-4	1.321120E+4	0.000000E+0	0.000000E+0
2.375268E+3	1.004190E-4	1.321100E+4	0.000000E+0	0.000000E+0
2.379269E+3	1.004160E-4	1.321090E+4	0.000000E+0	0.000000E+0
2.383268E+3	1.004180E-4	1.321060E+4	0.000000E+0	0.000000E+0
2.387275E+3	1.004160E-4	1.321040E+4	0.000000E+0	0.000000E+0
2.391270E+3	1.004160E-4	1.321020E+4	0.000000E+0	0.000000E+0
2.395270E+3	1.004130E-4	1.320980E+4	0.000000E+0	0.000000E+0
2.399268E+3	1.004180E-4	1.320960E+4	0.000000E+0	0.000000E+0
2.403268E+3	1.004110E-4	1.320940E+4	0.000000E+0	0.000000E+0
2.407271E+3	1.004160E-4	1.320910E+4	0.000000E+0	0.000000E+0
2.411271E+3	1.004130E-4	1.320890E+4	0.000000E+0	0.000000E+0
2.415266E+3	1.004190E-4	1.320870E+4	0.000000E+0	0.000000E+0
2.419272E+3	1.004120E-4	1.320840E+4	0.000000E+0	0.000000E+0
2.423268E+3	1.004230E-4	1.320810E+4	0.000000E+0	0.000000E+0
2.427268E+3	1.004140E-4	1.320780E+4	0.000000E+0	0.000000E+0
2.431269E+3	1.004200E-4	1.320750E+4	0.000000E+0	0.000000E+0
2.435267E+3	1.004210E-4	1.320740E+4	0.000000E+0	0.000000E+0
2.439270E+3	1.004230E-4	1.320700E+4	0.000000E+0	0.000000E+0
2.443270E+3	1.004140E-4	1.320670E+4	0.000000E+0	0.000000E+0
2.447269E+3	1.004220E-4	1.320650E+4	0.000000E+0	0.000000E+0
2.451265E+3	1.004190E-4	1.320620E+4	0.000000E+0	0.000000E+0
2.455265E+3	1.004220E-4	1.320590E+4	0.000000E+0	0.000000E+0
2.459265E+3	1.004110E-4	1.320570E+4	0.000000E+0	0.000000E+0
2.463265E+3	1.004230E-4	1.320550E+4	0.000000E+0	0.000000E+0
2.467265E+3	1.004090E-4	1.320520E+4	0.000000E+0	0.000000E+0
2.471265E+3	1.004210E-4	1.320490E+4	0.000000E+0	0.000000E+0
2.475266E+3	1.004140E-4	1.320460E+4	0.000000E+0	0.000000E+0
2.479266E+3	1.004210E-4	1.320440E+4	0.000000E+0	0.000000E+0
2.483265E+3	1.004140E-4	1.320420E+4	0.000000E+0	0.000000E+0
2.487266E+3	1.004230E-4	1.320380E+4	0.000000E+0	0.000000E+0
2.491267E+3	1.004160E-4	1.320370E+4	0.000000E+0	0.000000E+0
2.495264E+3	1.004190E-4	1.320340E+4	0.000000E+0	0.000000E+0
2.499268E+3	1.004180E-4	1.320320E+4	0.000000E+0	0.000000E+0
2.503268E+3	1.004210E-4	1.320310E+4	0.000000E+0	0.000000E+0
2.507268E+3	1.004150E-4	1.320280E+4	0.000000E+0	0.000000E+0
2.511269E+3	1.004220E-4	1.320250E+4	0.000000E+0	0.000000E+0
2.515269E+3	1.004200E-4	1.320230E+4	0.000000E+0	0.000000E+0
2.519269E+3	1.004200E-4	1.320210E+4	0.000000E+0	0.000000E+0
2.523270E+3	1.004150E-4	1.320170E+4	0.000000E+0	0.000000E+0
2.527272E+3	1.004220E-4	1.320140E+4	0.000000E+0	0.000000E+0
2.531270E+3	1.004170E-4	1.320120E+4	0.000000E+0	0.000000E+0
2.535270E+3	1.004200E-4	1.320090E+4	0.000000E+0	0.000000E+0
2.539271E+3	1.004190E-4	1.320050E+4	0.000000E+0	0.000000E+0
2.543270E+3	1.004220E-4	1.320030E+4	0.000000E+0	0.000000E+0
2.547270E+3	1.004190E-4	1.320000E+4	0.000000E+0	0.000000E+0
2.551267E+3	1.004210E-4	1.319980E+4	0.000000E+0	0.000000E+0
2.555269E+3	1.004190E-4	1.319960E+4	0.000000E+0	0.000000E+0
2.559271E+3	1.004190E-4	1.319930E+4	0.000000E+0	0.000000E+0
2.563268E+3	1.004190E-4	1.319900E+4	0.000000E+0	0.000000E+0
2.567268E+3	1.004190E-4	1.319880E+4	0.000000E+0	0.000000E+0
2.571269E+3	1.004190E-4	1.319840E+4	0.000000E+0	0.000000E+0
2.575271E+3	1.004220E-4	1.319820E+4	0.000000E+0	0.000000E+0
2.579269E+3	1.004150E-4	1.319790E+4	0.000000E+0	0.000000E+0
2.583272E+3	1.004210E-4	1.319770E+4	0.000000E+0	0.000000E+0
2.587270E+3	1.004190E-4	1.319740E+4	0.000000E+0	0.000000E+0
2.591269E+3	1.004210E-4	1.319720E+4	0.000000E+0	0.000000E+0
2.595269E+3	1.004170E-4	1.319690E+4	0.000000E+0	0.000000E+0
2.599270E+3	1.004210E-4	1.319650E+4	0.000000E+0	0.000000E+0
2.603270E+3	1.004130E-4	1.319640E+4	0.000000E+0	0.000000E+0
2.607270E+3	1.004210E-4	1.319620E+4	0.000000E+0	0.000000E+0
2.611269E+3	1.004160E-4	1.319580E+4	0.000000E+0	0.000000E+0
2.615270E+3	1.004240E-4	1.319560E+4	0.000000E+0	0.000000E+0
2.619273E+3	1.004170E-4	1.319540E+4	0.000000E+0	0.000000E+0
2.623272E+3	1.004230E-4	1.319520E+4	0.000000E+0	0.000000E+0
2.627268E+3	1.004160E-4	1.319490E+4	0.000000E+0	0.000000E+0
2.631270E+3	1.004220E-4	1.319470E+4	0.000000E+0	0.000000E+0
2.635267E+3	1.004180E-4	1.319450E+4	0.000000E+0	0.000000E+0
2.639266E+3	1.004210E-4	1.319420E+4	0.000000E+0	0.000000E+0
2.643265E+3	1.004140E-4	1.319390E+4	0.000000E+0	0.000000E+0
2.647270E+3	1.004210E-4	1.319370E+4	0.000000E+0	0.000000E+0
2.651271E+3	1.004170E-4	1.319350E+4	0.000000E+0	0.000000E+0
2.655271E+3	1.004210E-4	1.319320E+4	0.000000E+0	0.000000E+0
2.659268E+3	1.004130E-4	1.319290E+4	0.000000E+0	0.000000E+0
2.663268E+3	1.004230E-4	1.319260E+4	0.000000E+0	0.000000E+0
2.667269E+3	1.004180E-4	1.319250E+4	0.000000E+0	0.000000E+0
2.671270E+3	1.004180E-4	1.319230E+4	0.000000E+0	0.000000E+0
2.675271E+3	1.004130E-4	1.319200E+4	0.000000E+0	0.000000E+0
2.679269E+3	1.004180E-4	1.319160E+4	0.000000E+0	0.000000E+0
2.683267E+3	1.004130E-4	1.319130E+4	0.000000E+0	0.000000E+0
2.687269E+3	1.004210E-4	1.319110E+4	0.000000E+0	0.000000E+0
2.691270E+3	1.004140E-4	1.319080E+4	0.000000E+0	0.000000E+0
2.695269E+3	1.004210E-4	1.319070E+4	0.000000E+0	0.000000E+0
2.699270E+3	1.004160E-4	1.319050E+4	0.000000E+0	0.000000E+0
2.703272E+3	1.004200E-4	1.319020E+4	0.000000E+0	0.000000E+0
2.707275E+3	1.004160E-4	1.319000E+4	0.000000E+0	0.000000E+0
2.711267E+3	1.004220E-4	1.318980E+4	0.000000E+0	0.000000E+0
2.715268E+3	1.004170E-4	1.318970E+4	0.000000E+0	0.000000E+0
2.719270E+3	1.004220E-4	1.318950E+4	0.000000E+0	0.000000E+0
2.723267E+3	1.004150E-4	1.318920E+4	0.000000E+0	0.000000E+0
2.727270E+3	1.004220E-4	1.318900E+4	0.000000E+0	0.000000E+0
2.731268E+3	1.004160E-4	1.318880E+4	0.000000E+0	0.000000E+0
2.735268E+3	1.004220E-4	1.318850E+4	0.000000E+0	0.000000E+0
2.739272E+3	1.004160E-4	1.318820E+4	0.000000E+0	0.000000E+0
2.743271E+3	1.004220E-4	1.318800E+4	0.000000E+0	0.000000E+0
2.747269E+3	1.004190E-4	1.318780E+4	0.000000E+0	0.000000E+0
2.751267E+3	1.004210E-4	1.318760E+4	0.000000E+0	0.000000E+0
2.755269E+3	1.004180E-4	1.318740E+4	0.000000E+0	0.000000E+0
2.759269E+3	1.004200E-4	1.318710E+4	0.000000E+0	0.000000E+0
2.763267E+3	1.004180E-4	1.318690E+4	0.000000E+0	0.000000E+0
2.767267E+3	1.004220E-4	1.318660E+4	0.000000E+0	0.000000E+0
2.771268E+3	1.004140E-4	1.318630E+4	0.000000E+0	0.000000E+0
2.775270E+3	1.004210E-4	1.318610E+4	0.000000E+0	0.000000E+0
2.779270E+3	1.004150E-4	1.318580E+4	0.000000E+0	0.000000E+0
2.783268E+3	1.004190E-4	1.318550E+4	0.000000E+0	0.000000E+0
2.787270E+3	1.004160E-4	1.318530E+4	0.000000E+0	0.000000E+0
2.791270E+3	1.004200E-4	1.318480E+4	0.000000E+0	0.000000E+0
2.795268E+3	1.004180E-4	1.318450E+4	0.000000E+0	0.000000E+0
2.799268E+3	1.004200E-4	1.318440E+4	0.000000E+0	0.000000E+0
2.803269E+3	1.004170E-4	1.318400E+4	0.000000E+0	0.000000E+0
2.807266E+3	1.004210E-4	1.318380E+4	0.000000E+0	0.000000E+0
2.811268E+3	1.004160E-4	1.318350E+4	0.000000E+0	0.000000E+0
2.815266E+3	1.004220E-4	1.318330E+4	0.000000E+0	0.000000E+0
2.819269E+3	1.004210E-4	1.318300E+4	0.000000E+0	0.000000E+0
2.823271E+3	1.004210E-4	1.318270E+4	0.000000E+0	0.000000E+0
2.827269E+3	1.004160E-4	1.318240E+4	0.000000E+0	0.000000E+0
2.831269E+3	1.004220E-4	1.318210E+4	0.000000E+0	0.000000E+0
2.835270E+3	1.004160E-4	1.318180E+4	0.000000E+0	0.000000E+0
2.839272E+3	1.004170E-4	1.318160E+4	0.000000E+0	0.000000E+0
2.843269E+3	1.004130E-4	1.318130E+4	0.000000E+0	0.000000E+0
2.847269E+3	1.004200E-4	1.318070E+4	0.000000E+0	0.000000E+0
2.851270E+3	1.004150E-4	1.318040E+4	0.000000E+0	0.000000E+0
2.855272E+3	1.004190E-4	1.318020E+4	0.000000E+0	0.000000E+0
2.859269E+3	1.004180E-4	1.318000E+4	0.000000E+0	0.000000E+0
2.863269E+3	1.004210E-4	1.317990E+4	0.000000E+0	0.000000E+0
2.867268E+3	1.004130E-4	1.317960E+4	0.000000E+0	0.000000E+0
2.871268E+3	1.004210E-4	1.317940E+4	0.000000E+0	0.000000E+0
2.875268E+3	1.004140E-4	1.317910E+4	0.000000E+0	0.000000E+0
2.879267E+3	1.004210E-4	1.317890E+4	0.000000E+0	0.000000E+0
2.883270E+3	1.004160E-4	1.317850E+4	0.000000E+0	0.000000E+0
2.887271E+3	1.004190E-4	1.317830E+4	0.000000E+0	0.000000E+0
2.891270E+3	1.004150E-4	1.317810E+4	0.000000E+0	0.000000E+0
2.895269E+3	1.004210E-4	1.317790E+4	0.000000E+0	0.000000E+0
2.899273E+3	1.004150E-4	1.317770E+4	0.000000E+0	0.000000E+0
2.903269E+3	1.004230E-4	1.317760E+4	0.000000E+0	0.000000E+0
2.907269E+3	1.004170E-4	1.317730E+4	0.000000E+0	0.000000E+0
2.911268E+3	1.004190E-4	1.317710E+4	0.000000E+0	0.000000E+0
2.915269E+3	1.004140E-4	1.317680E+4	0.000000E+0	0.000000E+0
2.919271E+3	1.004200E-4	1.317650E+4	0.000000E+0	0.000000E+0
2.923269E+3	1.004150E-4	1.317620E+4	0.000000E+0	0.000000E+0
2.927269E+3	1.004210E-4	1.317590E+4	0.000000E+0	0.000000E+0
2.931270E+3	1.004200E-4	1.317550E+4	0.000000E+0	0.000000E+0
2.935270E+3	1.004230E-4	1.317530E+4	0.000000E+0	0.000000E+0
2.939270E+3	1.004150E-4	1.317490E+4	0.000000E+0	0.000000E+0
2.943269E+3	1.004190E-4	1.317460E+4	0.000000E+0	0.000000E+0
2.947269E+3	1.004140E-4	1.317430E+4	0.000000E+0	0.000000E+0
2.951270E+3	1.004210E-4	1.317400E+4	0.000000E+0	0.000000E+0
2.955270E+3	1.004160E-4	1.317370E+4	0.000000E+0	0.000000E+0
2.959271E+3	1.004180E-4	1.317340E+4	0.000000E+0	0.000000E+0
2.963270E+3	1.004180E-4	1.317310E+4	0.000000E+0	0.000000E+0
2.967271E+3	1.004200E-4	1.317280E+4	0.000000E+0	0.000000E+0
2.971270E+3	1.004200E-4	1.317250E+4	0.000000E+0	0.000000E+0
2.975268E+3	1.004180E-4	1.317230E+4	0.000000E+0	0.000000E+0
2.979269E+3	1.004140E-4	1.317200E+4	0.000000E+0	0.000000E+0
2.983269E+3	1.004200E-4	1.317180E+4	0.000000E+0	0.000000E+0
2.987268E+3	1.004140E-4	1.317160E+4	0.000000E+0	0.000000E+0
2.991268E+3	1.004200E-4	1.317130E+4	0.000000E+0	0.000000E+0
2.995271E+3	1.004140E-4	1.317110E+4	0.000000E+0	0.000000E+0
2.999274E+3	1.004210E-4	1.317100E+4	0.000000E+0	0.000000E+0
3.003271E+3	1.004160E-4	1.317070E+4	0.000000E+0	0.000000E+0
3.007269E+3	1.004210E-4	1.317060E+4	0.000000E+0	0.000000E+0
3.011273E+3	1.004150E-4	1.317040E+4	0.000000E+0	0.000000E+0
3.015272E+3	1.004230E-4	1.317010E+4	0.000000E+0	0.000000E+0
3.019269E+3	1.004190E-4	1.317000E+4	0.000000E+0	0.000000E+0
3.023270E+3	1.004210E-4	1.316980E+4	0.000000E+0	0.000000E+0
3.027264E+3	1.004190E-4	1.316950E+4	0.000000E+0	0.000000E+0
3.031268E+3	1.004210E-4	1.316940E+4	0.000000E+0	0.000000E+0
3.035268E+3	1.004180E-4	1.316910E+4	0.000000E+0	0.000000E+0
3.039273E+3	1.004230E-4	1.316880E+4	0.000000E+0	0.000000E+0
3.043270E+3	1.004180E-4	1.316860E+4	0.000000E+0	0.000000E+0
3.047268E+3	1.004200E-4	1.316830E+4	0.000000E+0	0.000000E+0
3.051268E+3	1.004180E-4	1.316800E+4	0.000000E+0	0.000000E+0
3.055271E+3	1.004210E-4	1.316780E+4	0.000000E+0	0.000000E+0
3.059269E+3	1.004160E-4	1.316750E+4	0.000000E+0	0.000000E+0
3.063269E+3	1.004190E-4	1.316730E+4	0.000000E+0	0.000000E+0
3.067269E+3	1.004180E-4	1.316700E+4	0.000000E+0	0.000000E+0
3.071271E+3	1.004210E-4	1.316670E+4	0.000000E+0	0.000000E+0
3.075265E+3	1.004170E-4	1.316650E+4	0.000000E+0	0.000000E+0
3.079269E+3	1.004210E-4	1.316620E+4	0.000000E+0	0.000000E+0
3.083266E+3	1.004170E-4	1.316550E+4	0.000000E+0	0.000000E+0
3.087271E+3	1.004220E-4	1.316520E+4	0.000000E+0	0.000000E+0
3.091267E+3	1.004180E-4	1.316490E+4	0.000000E+0	0.000000E+0
3.095266E+3	1.004210E-4	1.316470E+4	0.000000E+0	0.000000E+0
3.099264E+3	1.004140E-4	1.316450E+4	0.000000E+0	0.000000E+0
3.103265E+3	1.004220E-4	1.316410E+4	0.000000E+0	0.000000E+0
3.107270E+3	1.004190E-4	1.316400E+4	0.000000E+0	0.000000E+0
3.111273E+3	1.004210E-4	1.316380E+4	0.000000E+0	0.000000E+0
3.115267E+3	1.004150E-4	1.316340E+4	0.000000E+0	0.000000E+0
3.119270E+3	1.004230E-4	1.316330E+4	0.000000E+0	0.000000E+0
3.123268E+3	1.004200E-4	1.316300E+4	0.000000E+0	0.000000E+0
3.127270E+3	1.004210E-4	1.316270E+4	0.000000E+0	0.000000E+0
3.131271E+3	1.004150E-4	1.316240E+4	0.000000E+0	0.000000E+0
3.135270E+3	1.004200E-4	1.316240E+4	0.000000E+0	0.000000E+0
3.139268E+3	1.004180E-4	1.316220E+4	0.000000E+0	0.000000E+0
3.143270E+3	1.004210E-4	1.316210E+4	0.000000E+0	0.000000E+0
3.147269E+3	1.004170E-4	1.316170E+4	0.000000E+0	0.000000E+0
3.151268E+3	1.004210E-4	1.316150E+4	0.000000E+0	0.000000E+0
3.155274E+3	1.004190E-4	1.316120E+4	0.000000E+0	0.000000E+0
3.159250E+3	1.004160E-4	1.316110E+4	0.000000E+0	0.000000E+0
3.163282E+3	1.004220E-4	1.316080E+4	0.000000E+0	0.000000E+0
3.167275E+3	1.004160E-4	1.316050E+4	0.000000E+0	0.000000E+0
3.171273E+3	1.004190E-4	1.316020E+4	0.000000E+0	0.000000E+0
3.175272E+3	1.004170E-4	1.315990E+4	0.000000E+0	0.000000E+0
3.179270E+3	1.004180E-4	1.315960E+4	0.000000E+0	0.000000E+0
3.183272E+3	1.004150E-4	1.315930E+4	0.000000E+0	0.000000E+0
3.187271E+3	1.004200E-4	1.315910E+4	0.000000E+0	0.000000E+0
3.191273E+3	1.004140E-4	1.315870E+4	0.000000E+0	0.000000E+0
3.195272E+3	1.004200E-4	1.315830E+4	0.000000E+0	0.000000E+0
3.199272E+3	1.004140E-4	1.315810E+4	0.000000E+0	0.000000E+0
3.203268E+3	1.004210E-4	1.315780E+4	0.000000E+0	0.000000E+0
3.207270E+3	1.004160E-4	1.315750E+4	0.000000E+0	0.000000E+0
3.211271E+3	1.004190E-4	1.315720E+4	0.000000E+0	0.000000E+0
3.215268E+3	1.004130E-4	1.315680E+4	0.000000E+0	0.000000E+0
3.219268E+3	1.004210E-4	1.315660E+4	0.000000E+0	0.000000E+0
3.223271E+3	1.004150E-4	1.315640E+4	0.000000E+0	0.000000E+0
3.227271E+3	1.004210E-4	1.315620E+4	0.000000E+0	0.000000E+0
3.231269E+3	1.004150E-4	1.315590E+4	0.000000E+0	0.000000E+0
3.235269E+3	1.004180E-4	1.315570E+4	0.000000E+0	0.000000E+0
3.239272E+3	1.004140E-4	1.315540E+4	0.000000E+0	0.000000E+0
3.243271E+3	1.004220E-4	1.315510E+4	0.000000E+0	0.000000E+0
3.247271E+3	1.004170E-4	1.315480E+4	0.000000E+0	0.000000E+0
3.251269E+3	1.004200E-4	1.315470E+4	0.000000E+0	0.000000E+0
3.255270E+3	1.004140E-4	1.315440E+4	0.000000E+0	0.000000E+0
3.259270E+3	1.004210E-4	1.315420E+4	0.000000E+0	0.000000E+0
3.263270E+3	1.004170E-4	1.315390E+4	0.000000E+0	0.000000E+0
3.267269E+3	1.004200E-4	1.315370E+4	0.000000E+0	0.000000E+0
3.271270E+3	1.004160E-4	1.315340E+4	0.000000E+0	0.000000E+0
3.275270E+3	1.004190E-4	1.315320E+4	0.000000E+0	0.000000E+0
3.279270E+3	1.004170E-4	1.315300E+4	0.000000E+0	0.000000E+0
3.283270E+3	1.004220E-4	1.315270E+4	0.000000E+0	0.000000E+0
3.287271E+3	1.004190E-4	1.315250E+4	0.000000E+0	0.000000E+0
3.291268E+3	1.004220E-4	1.315210E+4	0.000000E+0	0.000000E+0
3.295270E+3	1.004160E-4	1.315180E+4	0.000000E+0	0.000000E+0
3.299268E+3	1.004250E-4	1.315170E+4	0.000000E+0	0.000000E+0
3.303276E+3	1.004180E-4	1.315150E+4	0.000000E+0	0.000000E+0
3.307273E+3	1.004170E-4	1.315120E+4	0.000000E+0	0.000000E+0
3.311271E+3	1.004160E-4	1.315110E+4	0.000000E+0	0.000000E+0
3.315268E+3	1.004190E-4	1.315090E+4	0.000000E+0	0.000000E+0
3.319271E+3	1.004140E-4	1.315050E+4	0.000000E+0	0.000000E+0
3.323269E+3	1.004190E-4	1.315030E+4	0.000000E+0	0.000000E+0
3.327268E+3	1.004140E-4	1.315010E+4	0.000000E+0	0.000000E+0
3.331267E+3	1.004230E-4	1.314980E+4	0.000000E+0	0.000000E+0
3.335268E+3	1.004190E-4	1.314960E+4	0.000000E+0	0.000000E+0
3.339270E+3	1.004190E-4	1.314910E+4	0.000000E+0	0.000000E+0
3.343269E+3	1.004140E-4	1.314880E+4	0.000000E+0	0.000000E+0
3.347270E+3	1.004190E-4	1.314850E+4	0.000000E+0	0.000000E+0
3.351275E+3	1.004160E-4	1.314820E+4	0.000000E+0	0.000000E+0
3.355270E+3	1.004180E-4	1.314800E+4	0.000000E+0	0.000000E+0
3.359268E+3	1.004120E-4	1.314770E+4	0.000000E+0	0.000000E+0
3.363268E+3	1.004180E-4	1.314740E+4	0.000000E+0	0.000000E+0
3.367270E+3	1.004130E-4	1.314710E+4	0.000000E+0	0.000000E+0
3.371271E+3	1.004200E-4	1.314680E+4	0.000000E+0	0.000000E+0
3.375270E+3	1.004150E-4	1.314660E+4	0.000000E+0	0.000000E+0
3.379268E+3	1.004230E-4	1.314620E+4	0.000000E+0	0.000000E+0
3.383268E+3	1.004160E-4	1.314600E+4	0.000000E+0	0.000000E+0
3.387268E+3	1.004200E-4	1.314580E+4	0.000000E+0	0.000000E+0
3.391268E+3	1.004140E-4	1.314550E+4	0.000000E+0	0.000000E+0
3.395266E+3	1.004180E-4	1.314530E+4	0.000000E+0	0.000000E+0
3.399266E+3	1.004120E-4	1.314510E+4	0.000000E+0	0.000000E+0
3.403266E+3	1.004180E-4	1.314480E+4	0.000000E+0	0.000000E+0
3.407268E+3	1.004150E-4	1.314440E+4	0.000000E+0	0.000000E+0
3.411271E+3	1.004220E-4	1.314420E+4	0.000000E+0	0.000000E+0
3.415268E+3	1.004120E-4	1.314380E+4	0.000000E+0	0.000000E+0
3.419270E+3	1.004190E-4	1.314360E+4	0.000000E+0	0.000000E+0
3.423270E+3	1.004140E-4	1.314340E+4	0.000000E+0	0.000000E+0
3.427270E+3	1.004180E-4	1.314310E+4	0.000000E+0	0.000000E+0
3.431271E+3	1.004150E-4	1.314300E+4	0.000000E+0	0.000000E+0
3.435270E+3	1.004180E-4	1.314290E+4	0.000000E+0	0.000000E+0
3.439272E+3	1.004090E-4	1.314250E+4	0.000000E+0	0.000000E+0
3.443268E+3	1.004200E-4	1.314240E+4	0.000000E+0	0.000000E+0
3.447270E+3	1.004150E-4	1.314220E+4	0.000000E+0	0.000000E+0
3.451271E+3	1.004180E-4	1.314200E+4	0.000000E+0	0.000000E+0
3.455268E+3	1.004130E-4	1.314180E+4	0.000000E+0	0.000000E+0
3.459271E+3	1.004190E-4	1.314160E+4	0.000000E+0	0.000000E+0
3.463268E+3	1.004130E-4	1.314130E+4	0.000000E+0	0.000000E+0
3.467268E+3	1.004190E-4	1.314100E+4	0.000000E+0	0.000000E+0
3.471266E+3	1.004150E-4	1.314090E+4	0.000000E+0	0.000000E+0
3.475269E+3	1.004190E-4	1.314060E+4	0.000000E+0	0.000000E+0
3.479271E+3	1.004180E-4	1.314030E+4	0.000000E+0	0.000000E+0
3.483269E+3	1.004190E-4	1.314000E+4	0.000000E+0	0.000000E+0
3.487266E+3	1.004140E-4	1.313980E+4	0.000000E+0	0.000000E+0
3.491266E+3	1.004190E-4	1.313940E+4	0.000000E+0	0.000000E+0
3.495268E+3	1.004110E-4	1.313920E+4	0.000000E+0	0.000000E+0
3.499272E+3	1.004200E-4	1.313890E+4	0.000000E+0	0.000000E+0
3.503269E+3	1.004150E-4	1.313870E+4	0.000000E+0	0.000000E+0
3.507266E+3	1.004200E-4	1.313850E+4	0.000000E+0	0.000000E+0
3.511271E+3	1.004140E-4	1.313820E+4	0.000000E+0	0.000000E+0
3.515269E+3	1.004220E-4	1.313790E+4	0.000000E+0	0.000000E+0
3.519269E+3	1.004140E-4	1.313770E+4	0.000000E+0	0.000000E+0
3.523268E+3	1.004190E-4	1.313750E+4	0.000000E+0	0.000000E+0
3.527268E+3	1.004170E-4	1.313730E+4	0.000000E+0	0.000000E+0
3.531270E+3	1.004180E-4	1.313700E+4	0.000000E+0	0.000000E+0
3.535268E+3	1.004180E-4	1.313680E+4	0.000000E+0	0.000000E+0
3.539266E+3	1.004190E-4	1.313660E+4	0.000000E+0	0.000000E+0
3.543271E+3	1.004170E-4	1.313630E+4	0.000000E+0	0.000000E+0
3.547268E+3	1.004200E-4	1.313610E+4	0.000000E+0	0.000000E+0
3.551271E+3	1.004190E-4	1.313590E+4	0.000000E+0	0.000000E+0
3.555266E+3	1.004230E-4	1.313570E+4	0.000000E+0	0.000000E+0
3.559266E+3	1.004180E-4	1.313540E+4	0.000000E+0	0.000000E+0
3.563266E+3	1.004220E-4	1.313520E+4	0.000000E+0	0.000000E+0
3.567266E+3	1.004170E-4	1.313500E+4	0.000000E+0	0.000000E+0
3.571266E+3	1.004210E-4	1.313480E+4	0.000000E+0	0.000000E+0
3.575272E+3	1.004190E-4	1.313440E+4	0.000000E+0	0.000000E+0
3.579271E+3	1.004200E-4	1.313420E+4	0.000000E+0	0.000000E+0
3.583271E+3	1.004160E-4	1.313390E+4	0.000000E+0	0.000000E+0
3.587272E+3	1.004190E-4	1.313350E+4	0.000000E+0	0.000000E+0
3.591267E+3	1.004160E-4	1.313320E+4	0.000000E+0	0.000000E+0
3.595270E+3	1.004210E-4	1.313290E+4	0.000000E+0	0.000000E+0
3.599267E+3	1.004180E-4	1.313260E+4	0.000000E+0	0.000000E+0
3.603270E+3	1.004190E-4	1.313250E+4	0.000000E+0	0.000000E+0
3.607272E+3	1.004170E-4	1.313230E+4	0.000000E+0	0.000000E+0
3.611270E+3	1.004180E-4	1.313200E+4	0.000000E+0	0.000000E+0
3.615268E+3	1.004130E-4	1.313170E+4	0.000000E+0	0.000000E+0
3.619271E+3	1.004200E-4	1.313150E+4	0.000000E+0	0.000000E+0
3.623268E+3	1.004170E-4	1.313110E+4	0.000000E+0	0.000000E+0
3.627266E+3	1.004210E-4	1.313090E+4	0.000000E+0	0.000000E+0
3.631266E+3	1.004140E-4	1.313070E+4	0.000000E+0	0.000000E+0
3.635265E+3	1.004220E-4	1.313040E+4	0.000000E+0	0.000000E+0
3.639270E+3	1.004180E-4	1.313020E+4	0.000000E+0	0.000000E+0
3.643268E+3	1.004210E-4	1.312990E+4	0.000000E+0	0.000000E+0
3.647268E+3	1.004150E-4	1.312980E+4	0.000000E+0	0.000000E+0
3.651268E+3	1.004220E-4	1.312940E+4	0.000000E+0	0.000000E+0
3.655272E+3	1.004150E-4	1.312920E+4	0.000000E+0	0.000000E+0
3.659267E+3	1.004200E-4	1.312900E+4	0.000000E+0	0.000000E+0
3.663266E+3	1.004180E-4	1.312860E+4	0.000000E+0	0.000000E+0
3.667264E+3	1.004190E-4	1.312840E+4	0.000000E+0	0.000000E+0
3.671268E+3	1.004150E-4	1.312820E+4	0.000000E+0	0.000000E+0
3.675267E+3	1.004190E-4	1.312790E+4	0.000000E+0	0.000000E+0
3.679264E+3	1.004170E-4	1.312760E+4	0.000000E+0	0.000000E+0
3.683270E+3	1.004220E-4	1.312730E+4	0.000000E+0	0.000000E+0
3.687273E+3	1.004160E-4	1.312700E+4	0.000000E+0	0.000000E+0
3.691268E+3	1.004210E-4	1.312690E+4	0.000000E+0	0.000000E+0
3.695265E+3	1.004180E-4	1.312660E+4	0.000000E+0	0.000000E+0
3.699263E+3	1.004210E-4	1.312640E+4	0.000000E+0	0.000000E+0
3.703270E+3	1.004170E-4	1.312620E+4	0.000000E+0	0.000000E+0
3.707267E+3	1.004210E-4	1.312600E+4	0.000000E+0	0.000000E+0
3.711265E+3	1.004150E-4	1.312580E+4	0.000000E+0	0.000000E+0
3.715266E+3	1.004230E-4	1.312570E+4	0.000000E+0	0.000000E+0
3.719269E+3	1.004170E-4	1.312540E+4	0.000000E+0	0.000000E+0
3.723269E+3	1.004220E-4	1.312510E+4	0.000000E+0	0.000000E+0
3.727269E+3	1.004160E-4	1.312480E+4	0.000000E+0	0.000000E+0
3.731269E+3	1.004200E-4	1.312470E+4	0.000000E+0	0.000000E+0
3.735268E+3	1.004170E-4	1.312440E+4	0.000000E+0	0.000000E+0
3.739269E+3	1.004220E-4	1.312420E+4	0.000000E+0	0.000000E+0
3.743269E+3	1.004170E-4	1.312390E+4	0.000000E+0	0.000000E+0
3.747272E+3	1.004240E-4	1.312370E+4	0.000000E+0	0.000000E+0
3.751269E+3	1.004160E-4	1.312340E+4	0.000000E+0	0.000000E+0
3.755272E+3	1.004220E-4	1.312320E+4	0.000000E+0	0.000000E+0
3.759266E+3	1.004170E-4	1.312290E+4	0.000000E+0	0.000000E+0
3.763272E+3	1.004220E-4	1.312260E+4	0.000000E+0	0.000000E+0
3.767270E+3	1.004180E-4	1.312230E+4	0.000000E+0	0.000000E+0
3.771272E+3	1.004230E-4	1.312200E+4	0.000000E+0	0.000000E+0
3.775270E+3	1.004180E-4	1.312170E+4	0.000000E+0	0.000000E+0
3.779270E+3	1.004250E-4	1.312140E+4	0.000000E+0	0.000000E+0
3.783273E+3	1.004170E-4	1.312120E+4	0.000000E+0	0.000000E+0
3.787270E+3	1.004240E-4	1.312090E+4	0.000000E+0	0.000000E+0
3.791271E+3	1.004190E-4	1.312070E+4	0.000000E+0	0.000000E+0
3.795270E+3	1.004220E-4	1.312040E+4	0.000000E+0	0.000000E+0
3.799273E+3	1.004130E-4	1.312020E+4	0.000000E+0	0.000000E+0
3.803270E+3	1.004200E-4	1.311990E+4	0.000000E+0	0.000000E+0
3.807269E+3	1.004170E-4	1.311970E+4	0.000000E+0	0.000000E+0
3.811268E+3	1.004190E-4	1.311930E+4	0.000000E+0	0.000000E+0
3.815272E+3	1.004130E-4	1.311900E+4	0.000000E+0	0.000000E+0
3.819270E+3	1.004200E-4	1.311870E+4	0.000000E+0	0.000000E+0
3.823271E+3	1.004140E-4	1.311840E+4	0.000000E+0	0.000000E+0
3.827269E+3	1.004190E-4	1.311820E+4	0.000000E+0	0.000000E+0
3.831272E+3	1.004180E-4	1.311800E+4	0.000000E+0	0.000000E+0
3.835271E+3	1.004230E-4	1.311780E+4	0.000000E+0	0.000000E+0
3.839274E+3	1.004170E-4	1.311760E+4	0.000000E+0	0.000000E+0
3.843272E+3	1.004190E-4	1.311720E+4	0.000000E+0	0.000000E+0
3.847272E+3	1.004190E-4	1.311690E+4	0.000000E+0	0.000000E+0
3.851270E+3	1.004210E-4	1.311690E+4	0.000000E+0	0.000000E+0
3.855274E+3	1.004170E-4	1.311650E+4	0.000000E+0	0.000000E+0
3.859273E+3	1.004220E-4	1.311640E+4	0.000000E+0	0.000000E+0
3.863272E+3	1.004180E-4	1.311620E+4	0.000000E+0	0.000000E+0
3.867270E+3	1.004220E-4	1.311610E+4	0.000000E+0	0.000000E+0
3.871273E+3	1.004170E-4	1.311600E+4	0.000000E+0	0.000000E+0
3.875271E+3	1.004220E-4	1.311590E+4	0.000000E+0	0.000000E+0
3.879274E+3	1.004170E-4	1.311580E+4	0.000000E+0	0.000000E+0
3.883273E+3	1.004240E-4	1.311550E+4	0.000000E+0	0.000000E+0
3.887273E+3	1.004140E-4	1.311540E+4	0.000000E+0	0.000000E+0
3.891271E+3	1.004200E-4	1.311520E+4	0.000000E+0	0.000000E+0
3.895273E+3	1.004180E-4	1.311500E+4	0.000000E+0	0.000000E+0
3.899272E+3	1.004230E-4	1.311480E+4	0.000000E+0	0.000000E+0
3.903272E+3	1.004190E-4	1.311450E+4	0.000000E+0	0.000000E+0
3.907267E+3	1.004200E-4	1.311450E+4	0.000000E+0	0.000000E+0
3.911271E+3	1.004210E-4	1.311430E+4	0.000000E+0	0.000000E+0
3.915274E+3	1.004240E-4	1.311410E+4	0.000000E+0	0.000000E+0
3.919272E+3	1.004180E-4	1.311400E+4	0.000000E+0	0.000000E+0
3.923269E+3	1.004240E-4	1.311380E+4	0.000000E+0	0.000000E+0
3.927271E+3	1.004220E-4	1.311360E+4	0.000000E+0	0.000000E+0
3.931272E+3	1.004240E-4	1.311330E+4	0.000000E+0	0.000000E+0
3.935270E+3	1.004220E-4	1.311300E+4	0.000000E+0	0.000000E+0
3.939268E+3	1.004260E-4	1.311280E+4	0.000000E+0	0.000000E+0
3.943272E+3	1.004180E-4	1.311260E+4	0.000000E+0	0.000000E+0
3.947269E+3	1.004260E-4	1.311230E+4	0.000000E+0	0.000000E+0
3.951275E+3	1.004190E-4	1.311220E+4	0.000000E+0	0.000000E+0
3.955270E+3	1.004220E-4	1.311190E+4	0.000000E+0	0.000000E+0
3.959270E+3	1.004210E-4	1.311160E+4	0.000000E+0	0.000000E+0
3.963268E+3	1.004250E-4	1.311140E+4	0.000000E+0	0.000000E+0
3.967272E+3	1.004220E-4	1.311100E+4	0.000000E+0	0.000000E+0
3.971273E+3	1.004270E-4	1.311070E+4	0.000000E+0	0.000000E+0
3.975271E+3	1.004210E-4	1.311030E+4	0.000000E+0	0.000000E+0
3.979268E+3	1.004240E-4	1.311000E+4	0.000000E+0	0.000000E+0
3.983270E+3	1.004230E-4	1.310980E+4	0.000000E+0	0.000000E+0
3.987271E+3	1.004280E-4	1.310950E+4	0.000000E+0	0.000000E+0
3.991271E+3	1.004210E-4	1.310920E+4	0.000000E+0	0.000000E+0
3.995267E+3	1.004280E-4	1.310900E+4	0.000000E+0	0.000000E+0
3.999270E+3	1.004230E-4	1.310870E+4	0.000000E+0	0.000000E+0
4.003270E+3	1.004250E-4	1.310850E+4	0.000000E+0	0.000000E+0
4.007270E+3	1.004200E-4	1.310820E+4	0.000000E+0	0.000000E+0
4.011269E+3	1.004250E-4	1.310790E+4	0.000000E+0	0.000000E+0
4.015271E+3	1.004220E-4	1.310780E+4	0.000000E+0	0.000000E+0
4.019273E+3	1.004280E-4	1.310750E+4	0.000000E+0	0.000000E+0
4.023272E+3	1.004210E-4	1.310740E+4	0.000000E+0	0.000000E+0
4.027268E+3	1.004250E-4	1.310710E+4	0.000000E+0	0.000000E+0
4.031271E+3	1.004220E-4	1.310700E+4	0.000000E+0	0.000000E+0
4.035273E+3	1.004270E-4	1.310680E+4	0.000000E+0	0.000000E+0
4.039271E+3	1.004230E-4	1.310670E+4	0.000000E+0	0.000000E+0
4.043268E+3	1.004290E-4	1.310640E+4	0.000000E+0	0.000000E+0
4.047275E+3	1.004250E-4	1.310620E+4	0.000000E+0	0.000000E+0
4.051274E+3	1.004270E-4	1.310600E+4	0.000000E+0	0.000000E+0
4.055273E+3	1.004240E-4	1.310580E+4	0.000000E+0	0.000000E+0
4.059269E+3	1.004300E-4	1.310540E+4	0.000000E+0	0.000000E+0
4.063269E+3	1.004260E-4	1.310520E+4	0.000000E+0	0.000000E+0
4.067274E+3	1.004290E-4	1.310490E+4	0.000000E+0	0.000000E+0
4.071272E+3	1.004250E-4	1.310460E+4	0.000000E+0	0.000000E+0
4.075271E+3	1.004310E-4	1.310440E+4	0.000000E+0	0.000000E+0
4.079272E+3	1.004260E-4	1.310420E+4	0.000000E+0	0.000000E+0
4.083271E+3	1.004290E-4	1.310390E+4	0.000000E+0	0.000000E+0
4.087274E+3	1.004270E-4	1.310360E+4	0.000000E+0	0.000000E+0
4.091272E+3	1.004300E-4	1.310310E+4	0.000000E+0	0.000000E+0
4.095270E+3	1.004270E-4	1.310280E+4	0.000000E+0	0.000000E+0
4.099270E+3	1.004310E-4	1.310260E+4	0.000000E+0	0.000000E+0
4.103272E+3	1.004280E-4	1.310220E+4	0.000000E+0	0.000000E+0
4.107272E+3	1.004320E-4	1.310190E+4	0.000000E+0	0.000000E+0
4.111270E+3	1.004300E-4	1.310170E+4	0.000000E+0	0.000000E+0
4.115270E+3	1.004310E-4	1.310140E+4	0.000000E+0	0.000000E+0
4.119274E+3	1.004280E-4	1.310120E+4	0.000000E+0	0.000000E+0
4.123271E+3	1.004340E-4	1.310100E+4	0.000000E+0	0.000000E+0
4.127270E+3	1.004290E-4	1.310080E+4	0.000000E+0	0.000000E+0
4.131270E+3	1.004350E-4	1.310040E+4	0.000000E+0	0.000000E+0
4.135273E+3	1.004310E-4	1.310020E+4	0.000000E+0	0.000000E+0
4.139271E+3	1.004350E-4	1.309990E+4	0.000000E+0	0.000000E+0
4.143271E+3	1.004270E-4	1.309960E+4	0.000000E+0	0.000000E+0
4.147269E+3	1.004320E-4	1.309950E+4	0.000000E+0	0.000000E+0
4.151272E+3	1.004280E-4	1.309930E+4	0.000000E+0	0.000000E+0
4.155272E+3	1.004360E-4	1.309920E+4	0.000000E+0	0.000000E+0
4.159271E+3	1.004310E-4	1.309910E+4	0.000000E+0	0.000000E+0
4.163267E+3	1.004330E-4	1.309900E+4	0.000000E+0	0.000000E+0
4.167277E+3	1.004290E-4	1.309870E+4	0.000000E+0	0.000000E+0
4.171274E+3	1.004360E-4	1.309840E+4	0.000000E+0	0.000000E+0
4.175272E+3	1.004290E-4	1.309820E+4	0.000000E+0	0.000000E+0
4.179269E+3	1.004350E-4	1.309800E+4	0.000000E+0	0.000000E+0
4.183270E+3	1.004320E-4	1.309770E+4	0.000000E+0	0.000000E+0
4.187267E+3	1.004360E-4	1.309760E+4	0.000000E+0	0.000000E+0
4.191275E+3	1.004330E-4	1.309720E+4	0.000000E+0	0.000000E+0
4.195270E+3	1.004390E-4	1.309690E+4	0.000000E+0	0.000000E+0
4.199273E+3	1.004350E-4	1.309660E+4	0.000000E+0	0.000000E+0
4.203270E+3	1.004370E-4	1.309630E+4	0.000000E+0	0.000000E+0
4.207268E+3	1.004360E-4	1.309590E+4	0.000000E+0	0.000000E+0
4.211271E+3	1.004390E-4	1.309540E+4	0.000000E+0	0.000000E+0
4.215273E+3	1.004350E-4	1.309510E+4	0.000000E+0	0.000000E+0
4.219271E+3	1.004380E-4	1.309470E+4	0.000000E+0	0.000000E+0
4.223270E+3	1.004350E-4	1.309450E+4	0.000000E+0	0.000000E+0
4.227269E+3	1.004410E-4	1.309410E+4	0.000000E+0	0.000000E+0
4.231264E+3	1.004370E-4	1.309380E+4	0.000000E+0	0.000000E+0
4.235266E+3	1.004420E-4	1.309360E+4	0.000000E+0	0.000000E+0
4.239268E+3	1.004360E-4	1.309330E+4	0.000000E+0	0.000000E+0
4.243269E+3	1.004440E-4	1.309300E+4	0.000000E+0	0.000000E+0
4.247274E+3	1.004390E-4	1.309280E+4	0.000000E+0	0.000000E+0
4.251274E+3	1.004450E-4	1.309260E+4	0.000000E+0	0.000000E+0
4.255272E+3	1.004380E-4	1.309230E+4	0.000000E+0	0.000000E+0
4.259267E+3	1.004420E-4	1.309200E+4	0.000000E+0	0.000000E+0
4.263271E+3	1.004380E-4	1.309160E+4	0.000000E+0	0.000000E+0
4.267273E+3	1.004430E-4	1.309120E+4	0.000000E+0	0.000000E+0
4.271270E+3	1.004390E-4	1.309100E+4	0.000000E+0	0.000000E+0
4.275267E+3	1.004410E-4	1.309060E+4	0.000000E+0	0.000000E+0
4.279273E+3	1.004400E-4	1.309030E+4	0.000000E+0	0.000000E+0
4.283268E+3	1.004460E-4	1.309000E+4	0.000000E+0	0.000000E+0
4.287267E+3	1.004400E-4	1.308970E+4	0.000000E+0	0.000000E+0
4.291270E+3	1.004430E-4	1.308930E+4	0.000000E+0	0.000000E+0
4.295273E+3	1.004390E-4	1.308900E+4	0.000000E+0	0.000000E+0
4.299273E+3	1.004400E-4	1.308870E+4	0.000000E+0	0.000000E+0
4.303271E+3	1.004400E-4	1.308840E+4	0.000000E+0	0.000000E+0
4.307269E+3	1.004440E-4	1.308820E+4	0.000000E+0	0.000000E+0
4.311274E+3	1.004370E-4	1.308780E+4	0.000000E+0	0.000000E+0
4.315271E+3	1.004450E-4	1.308760E+4	0.000000E+0	0.000000E+0
4.319271E+3	1.004420E-4	1.308710E+4	0.000000E+0	0.000000E+0
4.323268E+3	1.004430E-4	1.308700E+4	0.000000E+0	0.000000E+0
4.327272E+3	1.004400E-4	1.308670E+4	0.000000E+0	0.000000E+0
4.331267E+3	1.004450E-4	1.308620E+4	0.000000E+0	0.000000E+0
4.335272E+3	1.004390E-4	1.308600E+4	0.000000E+0	0.000000E+0
4.339270E+3	1.004460E-4	1.308580E+4	0.000000E+0	0.000000E+0
4.343274E+3	1.004420E-4	1.308560E+4	0.000000E+0	0.000000E+0
4.347270E+3	1.004450E-4	1.308530E+4	0.000000E+0	0.000000E+0
4.351270E+3	1.004380E-4	1.308510E+4	0.000000E+0	0.000000E+0
4.355267E+3	1.004450E-4	1.308480E+4	0.000000E+0	0.000000E+0
4.359275E+3	1.004420E-4	1.308460E+4	0.000000E+0	0.000000E+0
4.363272E+3	1.004460E-4	1.308440E+4	0.000000E+0	0.000000E+0
4.367272E+3	1.004390E-4	1.308430E+4	0.000000E+0	0.000000E+0
4.371268E+3	1.004450E-4	1.308410E+4	0.000000E+0	0.000000E+0
4.375270E+3	1.004400E-4	1.308390E+4	0.000000E+0	0.000000E+0
4.379271E+3	1.004440E-4	1.308370E+4	0.000000E+0	0.000000E+0
4.383273E+3	1.004370E-4	1.308350E+4	0.000000E+0	0.000000E+0
4.387270E+3	1.004440E-4	1.308320E+4	0.000000E+0	0.000000E+0
4.391274E+3	1.004370E-4	1.308300E+4	0.000000E+0	0.000000E+0
4.395273E+3	1.004440E-4	1.308270E+4	0.000000E+0	0.000000E+0
4.399273E+3	1.004370E-4	1.308240E+4	0.000000E+0	0.000000E+0
4.403252E+3	1.004370E-4	1.308230E+4	0.000000E+0	0.000000E+0
4.407288E+3	1.004420E-4	1.308200E+4	0.000000E+0	0.000000E+0
4.411276E+3	1.004360E-4	1.308160E+4	0.000000E+0	0.000000E+0
4.415267E+3	1.004400E-4	1.308140E+4	0.000000E+0	0.000000E+0
4.419267E+3	1.004380E-4	1.308110E+4	0.000000E+0	0.000000E+0
4.423267E+3	1.004460E-4	1.308080E+4	0.000000E+0	0.000000E+0
4.427270E+3	1.004350E-4	1.308050E+4	0.000000E+0	0.000000E+0
4.431272E+3	1.004440E-4	1.308020E+4	0.000000E+0	0.000000E+0
4.435272E+3	1.004390E-4	1.308000E+4	0.000000E+0	0.000000E+0
4.439269E+3	1.004430E-4	1.307970E+4	0.000000E+0	0.000000E+0
4.443273E+3	1.004400E-4	1.307940E+4	0.000000E+0	0.000000E+0
4.447273E+3	1.004430E-4	1.307910E+4	0.000000E+0	0.000000E+0
4.451273E+3	1.004390E-4	1.307890E+4	0.000000E+0	0.000000E+0
4.455268E+3	1.004420E-4	1.307870E+4	0.000000E+0	0.000000E+0
4.459271E+3	1.004400E-4	1.307840E+4	0.000000E+0	0.000000E+0
4.463271E+3	1.004440E-4	1.307820E+4	0.000000E+0	0.000000E+0
4.467271E+3	1.004400E-4	1.307790E+4	0.000000E+0	0.000000E+0
4.471268E+3	1.004480E-4	1.307780E+4	0.000000E+0	0.000000E+0
4.475272E+3	1.004410E-4	1.307750E+4	0.000000E+0	0.000000E+0
4.479273E+3	1.004430E-4	1.307710E+4	0.000000E+0	0.000000E+0
4.483271E+3	1.004380E-4	1.307690E+4	0.000000E+0	0.000000E+0
4.487268E+3	1.004480E-4	1.307660E+4	0.000000E+0	0.000000E+0
4.491272E+3	1.004410E-4	1.307640E+4	0.000000E+0	0.000000E+0
4.495272E+3	1.004490E-4	1.307610E+4	0.000000E+0	0.000000E+0
4.499271E+3	1.004430E-4	1.307580E+4	0.000000E+0	0.000000E+0
4.503271E+3	1.004520E-4	1.307560E+4	0.000000E+0	0.000000E+0
4.507281E+3	1.004390E-4	1.307540E+4	0.000000E+0	0.000000E+0
4.511250E+3	1.004410E-4	1.307520E+4	0.000000E+0	0.000000E+0
4.515264E+3	1.004490E-4	1.307500E+4	0.000000E+0	0.000000E+0
4.519273E+3	1.004440E-4	1.307490E+4	0.000000E+0	0.000000E+0
4.523269E+3	1.004490E-4	1.307450E+4	0.000000E+0	0.000000E+0
4.527273E+3	1.004480E-4	1.307430E+4	0.000000E+0	0.000000E+0
4.531272E+3	1.004480E-4	1.307420E+4	0.000000E+0	0.000000E+0
4.535270E+3	1.004420E-4	1.307380E+4	0.000000E+0	0.000000E+0
4.539272E+3	1.004440E-4	1.307370E+4	0.000000E+0	0.000000E+0
4.543275E+3	1.004430E-4	1.307350E+4	0.000000E+0	0.000000E+0
4.547270E+3	1.004480E-4	1.307330E+4	0.000000E+0	0.000000E+0
4.551270E+3	1.004420E-4	1.307310E+4	0.000000E+0	0.000000E+0
4.555270E+3	1.004490E-4	1.307280E+4	0.000000E+0	0.000000E+0
4.559276E+3	1.004450E-4	1.307260E+4	0.000000E+0	0.000000E+0
4.563253E+3	1.004420E-4	1.307240E+4	0.000000E+0	0.000000E+0
4.567284E+3	1.004490E-4	1.307220E+4	0.000000E+0	0.000000E+0
4.571274E+3	1.004440E-4	1.307200E+4	0.000000E+0	0.000000E+0
4.575252E+3	1.004450E-4	1.307180E+4	0.000000E+0	0.000000E+0
4.579284E+3	1.004470E-4	1.307150E+4	0.000000E+0	0.000000E+0
4.583274E+3	1.004440E-4	1.307140E+4	0.000000E+0	0.000000E+0
4.587269E+3	1.004490E-4	1.307110E+4	0.000000E+0	0.000000E+0
4.591274E+3	1.004410E-4	1.307100E+4	0.000000E+0	0.000000E+0
4.595251E+3	1.004430E-4	1.307080E+4	0.000000E+0	0.000000E+0
4.599283E+3	1.004470E-4	1.307050E+4	0.000000E+0	0.000000E+0
4.603274E+3	1.004400E-4	1.307040E+4	0.000000E+0	0.000000E+0
4.607253E+3	1.004440E-4	1.307020E+4	0.000000E+0	0.000000E+0
4.611272E+3	1.004480E-4	1.307000E+4	0.000000E+0	0.000000E+0
4.615272E+3	1.004440E-4	1.306980E+4	0.000000E+0	0.000000E+0
4.619272E+3	1.004500E-4	1.306970E+4	0.000000E+0	0.000000E+0
4.623273E+3	1.004450E-4	1.306950E+4	0.000000E+0	0.000000E+0
4.627271E+3	1.004500E-4	1.306940E+4	0.000000E+0	0.000000E+0
4.631271E+3	1.004460E-4	1.306920E+4	0.000000E+0	0.000000E+0
4.635255E+3	1.004460E-4	1.306900E+4	0.000000E+0	0.000000E+0
4.639286E+3	1.004490E-4	1.306900E+4	0.000000E+0	0.000000E+0
4.643278E+3	1.004490E-4	1.306860E+4	0.000000E+0	0.000000E+0
4.647253E+3	1.004460E-4	1.306830E+4	0.000000E+0	0.000000E+0
4.651284E+3	1.004490E-4	1.306810E+4	0.000000E+0	0.000000E+0
4.655274E+3	1.004460E-4	1.306780E+4	0.000000E+0	0.000000E+0
4.659272E+3	1.004520E-4	1.306760E+4	0.000000E+0	0.000000E+0
4.663274E+3	1.004450E-4	1.306730E+4	0.000000E+0	0.000000E+0
4.667268E+3	1.004500E-4	1.306700E+4	0.000000E+0	0.000000E+0
4.671272E+3	1.004470E-4	1.306680E+4	0.000000E+0	0.000000E+0
4.675253E+3	1.004470E-4	1.306650E+4	0.000000E+0	0.000000E+0
4.679286E+3	1.004510E-4	1.306630E+4	0.000000E+0	0.000000E+0
4.683274E+3	1.004450E-4	1.306600E+4	0.000000E+0	0.000000E+0
4.687272E+3	1.004520E-4	1.306570E+4	0.000000E+0	0.000000E+0
4.691272E+3	1.004470E-4	1.306580E+4	0.000000E+0	0.000000E+0
4.695270E+3	1.004520E-4	1.306570E+4	0.000000E+0	0.000000E+0
4.699273E+3	1.004460E-4	1.306550E+4	0.000000E+0	0.000000E+0
4.703272E+3	1.004520E-4	1.306560E+4	0.000000E+0	0.000000E+0
4.707272E+3	1.004470E-4	1.306540E+4	0.000000E+0	0.000000E+0
4.711252E+3	1.004500E-4	1.306530E+4	0.000000E+0	0.000000E+0
4.715286E+3	1.004530E-4	1.306520E+4	0.000000E+0	0.000000E+0
4.719273E+3	1.004480E-4	1.306490E+4	0.000000E+0	0.000000E+0
4.723271E+3	1.004520E-4	1.306470E+4	0.000000E+0	0.000000E+0
4.727271E+3	1.004490E-4	1.306440E+4	0.000000E+0	0.000000E+0
4.731250E+3	1.004470E-4	1.306420E+4	0.000000E+0	0.000000E+0
4.735284E+3	1.004520E-4	1.306390E+4	0.000000E+0	0.000000E+0
4.739271E+3	1.004470E-4	1.306370E+4	0.000000E+0	0.000000E+0
4.743269E+3	1.004520E-4	1.306330E+4	0.000000E+0	0.000000E+0
4.747274E+3	1.004500E-4	1.306310E+4	0.000000E+0	0.000000E+0
4.751250E+3	1.004500E-4	1.306280E+4	0.000000E+0	0.000000E+0
4.755285E+3	1.004530E-4	1.306260E+4	0.000000E+0	0.000000E+0
4.759275E+3	1.004490E-4	1.306240E+4	0.000000E+0	0.000000E+0
4.763253E+3	1.004490E-4	1.306230E+4	0.000000E+0	0.000000E+0
4.767272E+3	1.004520E-4	1.306220E+4	0.000000E+0	0.000000E+0
4.771272E+3	1.004500E-4	1.306200E+4	0.000000E+0	0.000000E+0
4.775251E+3	1.004510E-4	1.306170E+4	0.000000E+0	0.000000E+0
4.779285E+3	1.004530E-4	1.306150E+4	0.000000E+0	0.000000E+0
4.783277E+3	1.004480E-4	1.306130E+4	0.000000E+0	0.000000E+0
4.787251E+3	1.004470E-4	1.306110E+4	0.000000E+0	0.000000E+0
4.791283E+3	1.004530E-4	1.306090E+4	0.000000E+0	0.000000E+0
4.795273E+3	1.004500E-4	1.306060E+4	0.000000E+0	0.000000E+0
4.799271E+3	1.004560E-4	1.306040E+4	0.000000E+0	0.000000E+0
4.803275E+3	1.004500E-4	1.306010E+4	0.000000E+0	0.000000E+0
4.807270E+3	1.004560E-4	1.306000E+4	0.000000E+0	0.000000E+0
4.811273E+3	1.004490E-4	1.305970E+4	0.000000E+0	0.000000E+0
4.815252E+3	1.004500E-4	1.305930E+4	0.000000E+0	0.000000E+0
4.819284E+3	1.004540E-4	1.305910E+4	0.000000E+0	0.000000E+0
4.823273E+3	1.004470E-4	1.305890E+4	0.000000E+0	0.000000E+0
4.827271E+3	1.004550E-4	1.305870E+4	0.000000E+0	0.000000E+0
4.831272E+3	1.004500E-4	1.305850E+4	0.000000E+0	0.000000E+0
4.835250E+3	1.004480E-4	1.305790E+4	0.000000E+0	0.000000E+0
4.839284E+3	1.004560E-4	1.305750E+4	0.000000E+0	0.000000E+0
4.843275E+3	1.004500E-4	1.305720E+4	0.000000E+0	0.000000E+0
4.847250E+3	1.004520E-4	1.305700E+4	0.000000E+0	0.000000E+0
4.851283E+3	1.004530E-4	1.305660E+4	0.000000E+0	0.000000E+0
4.855270E+3	1.004520E-4	1.305630E+4	0.000000E+0	0.000000E+0
4.859272E+3	1.004570E-4	1.305610E+4	0.000000E+0	0.000000E+0
4.863272E+3	1.004520E-4	1.305580E+4	0.000000E+0	0.000000E+0
4.867270E+3	1.004570E-4	1.305550E+4	0.000000E+0	0.000000E+0
4.871269E+3	1.004520E-4	1.305530E+4	0.000000E+0	0.000000E+0
4.875270E+3	1.004560E-4	1.305500E+4	0.000000E+0	0.000000E+0
4.879272E+3	1.004530E-4	1.305480E+4	0.000000E+0	0.000000E+0
4.883270E+3	1.004570E-4	1.305450E+4	0.000000E+0	0.000000E+0
4.887268E+3	1.004510E-4	1.305420E+4	0.000000E+0	0.000000E+0
4.891268E+3	1.004560E-4	1.305390E+4	0.000000E+0	0.000000E+0
4.895270E+3	1.004530E-4	1.305370E+4	0.000000E+0	0.000000E+0
4.899268E+3	1.004540E-4	1.305360E+4	0.000000E+0	0.000000E+0
4.903271E+3	1.004520E-4	1.305330E+4	0.000000E+0	0.000000E+0
4.907269E+3	1.004550E-4	1.305320E+4	0.000000E+0	0.000000E+0
4.911273E+3	1.004540E-4	1.305300E+4	0.000000E+0	0.000000E+0
4.915271E+3	1.004560E-4	1.305280E+4	0.000000E+0	0.000000E+0
4.919271E+3	1.004510E-4	1.305250E+4	0.000000E+0	0.000000E+0
4.923264E+3	1.004580E-4	1.305240E+4	0.000000E+0	0.000000E+0
4.927267E+3	1.004550E-4	1.305220E+4	0.000000E+0	0.000000E+0
4.931267E+3	1.004540E-4	1.305210E+4	0.000000E+0	0.000000E+0
4.935269E+3	1.004540E-4	1.305190E+4	0.000000E+0	0.000000E+0
4.939274E+3	1.004570E-4	1.305170E+4	0.000000E+0	0.000000E+0
4.943272E+3	1.004570E-4	1.305150E+4	0.000000E+0	0.000000E+0
4.947270E+3	1.004590E-4	1.305140E+4	0.000000E+0	0.000000E+0
4.951269E+3	1.004590E-4	1.305130E+4	0.000000E+0	0.000000E+0
4.955271E+3	1.004590E-4	1.305100E+4	0.000000E+0	0.000000E+0
4.959267E+3	1.004520E-4	1.305080E+4	0.000000E+0	0.000000E+0
4.963267E+3	1.004590E-4	1.305060E+4	0.000000E+0	0.000000E+0
4.967264E+3	1.004550E-4	1.305040E+4	0.000000E+0	0.000000E+0
4.971272E+3	1.004610E-4	1.305010E+4	0.000000E+0	0.000000E+0
4.975270E+3	1.004560E-4	1.305000E+4	0.000000E+0	0.000000E+0
4.979270E+3	1.004600E-4	1.304970E+4	0.000000E+0	0.000000E+0
4.983266E+3	1.004560E-4	1.304930E+4	0.000000E+0	0.000000E+0
4.987271E+3	1.004610E-4	1.304920E+4	0.000000E+0	0.000000E+0
4.991269E+3	1.004550E-4	1.304900E+4	0.000000E+0	0.000000E+0
4.995266E+3	1.004590E-4	1.304870E+4	0.000000E+0	0.000000E+0
4.999266E+3	1.004570E-4	1.304850E+4	0.000000E+0	0.000000E+0
5.003271E+3	1.004560E-4	1.304830E+4	0.000000E+0	0.000000E+0
5.007272E+3	1.004560E-4	1.304810E+4	0.000000E+0	0.000000E+0
5.011269E+3	1.004600E-4	1.304800E+4	0.000000E+0	0.000000E+0
5.015271E+3	1.004550E-4	1.304770E+4	0.000000E+0	0.000000E+0
5.019274E+3	1.004580E-4	1.304760E+4	0.000000E+0	0.000000E+0
5.023270E+3	1.004550E-4	1.304730E+4	0.000000E+0	0.000000E+0
5.027267E+3	1.004600E-4	1.304720E+4	0.000000E+0	0.000000E+0
5.031267E+3	1.004550E-4	1.304700E+4	0.000000E+0	0.000000E+0
5.035267E+3	1.004610E-4	1.304690E+4	0.000000E+0	0.000000E+0
5.039272E+3	1.004540E-4	1.304680E+4	0.000000E+0	0.000000E+0
5.043272E+3	1.004560E-4	1.304670E+4	0.000000E+0	0.000000E+0
5.047272E+3	1.004530E-4	1.304660E+4	0.000000E+0	0.000000E+0
5.051268E+3	1.004590E-4	1.304640E+4	0.000000E+0	0.000000E+0
5.055270E+3	1.004570E-4	1.304620E+4	0.000000E+0	0.000000E+0
5.059273E+3	1.004610E-4	1.304600E+4	0.000000E+0	0.000000E+0
5.063268E+3	1.004560E-4	1.304590E+4	0.000000E+0	0.000000E+0
5.067268E+3	1.004580E-4	1.304560E+4	0.000000E+0	0.000000E+0
5.071266E+3	1.004550E-4	1.304540E+4	0.000000E+0	0.000000E+0
5.075269E+3	1.004590E-4	1.304500E+4	0.000000E+0	0.000000E+0
5.079269E+3	1.004530E-4	1.304490E+4	0.000000E+0	0.000000E+0
5.083268E+3	1.004580E-4	1.304470E+4	0.000000E+0	0.000000E+0
5.087271E+3	1.004560E-4	1.304450E+4	0.000000E+0	0.000000E+0
5.091274E+3	1.004610E-4	1.304430E+4	0.000000E+0	0.000000E+0
5.095271E+3	1.004560E-4	1.304400E+4	0.000000E+0	0.000000E+0
5.099269E+3	1.004610E-4	1.304380E+4	0.000000E+0	0.000000E+0
5.103269E+3	1.004540E-4	1.304350E+4	0.000000E+0	0.000000E+0
5.107270E+3	1.004610E-4	1.304330E+4	0.000000E+0	0.000000E+0
5.111270E+3	1.004530E-4	1.304310E+4	0.000000E+0	0.000000E+0
5.115270E+3	1.004630E-4	1.304290E+4	0.000000E+0	0.000000E+0
5.119270E+3	1.004570E-4	1.304270E+4	0.000000E+0	0.000000E+0
5.123272E+3	1.004610E-4	1.304240E+4	0.000000E+0	0.000000E+0
5.127269E+3	1.004530E-4	1.304230E+4	0.000000E+0	0.000000E+0
5.131268E+3	1.004590E-4	1.304210E+4	0.000000E+0	0.000000E+0
5.135264E+3	1.004550E-4	1.304180E+4	0.000000E+0	0.000000E+0
5.139271E+3	1.004580E-4	1.304170E+4	0.000000E+0	0.000000E+0
5.143271E+3	1.004580E-4	1.304120E+4	0.000000E+0	0.000000E+0
5.147270E+3	1.004610E-4	1.304100E+4	0.000000E+0	0.000000E+0
5.151267E+3	1.004550E-4	1.304080E+4	0.000000E+0	0.000000E+0
5.155278E+3	1.004600E-4	1.304060E+4	0.000000E+0	0.000000E+0
5.159271E+3	1.004560E-4	1.304040E+4	0.000000E+0	0.000000E+0
5.163271E+3	1.004630E-4	1.304020E+4	0.000000E+0	0.000000E+0
5.167268E+3	1.004530E-4	1.304010E+4	0.000000E+0	0.000000E+0
5.171269E+3	1.004600E-4	1.304000E+4	0.000000E+0	0.000000E+0
5.175269E+3	1.004550E-4	1.303990E+4	0.000000E+0	0.000000E+0
5.179269E+3	1.004600E-4	1.303980E+4	0.000000E+0	0.000000E+0
5.183266E+3	1.004540E-4	1.303960E+4	0.000000E+0	0.000000E+0
5.187268E+3	1.004590E-4	1.303950E+4	0.000000E+0	0.000000E+0
5.191271E+3	1.004550E-4	1.303920E+4	0.000000E+0	0.000000E+0
5.195269E+3	1.004590E-4	1.303900E+4	0.000000E+0	0.000000E+0
5.199266E+3	1.004530E-4	1.303880E+4	0.000000E+0	0.000000E+0
5.203274E+3	1.004600E-4	1.303860E+4	0.000000E+0	0.000000E+0
5.207270E+3	1.004560E-4	1.303840E+4	0.000000E+0	0.000000E+0
5.211269E+3	1.004620E-4	1.303810E+4	0.000000E+0	0.000000E+0
5.215267E+3	1.004560E-4	1.303800E+4	0.000000E+0	0.000000E+0
5.219268E+3	1.004590E-4	1.303780E+4	0.000000E+0	0.000000E+0
5.223270E+3	1.004550E-4	1.303760E+4	0.000000E+0	0.000000E+0
5.227270E+3	1.004630E-4	1.303750E+4	0.000000E+0	0.000000E+0
5.231267E+3	1.004590E-4	1.303740E+4	0.000000E+0	0.000000E+0
5.235270E+3	1.004610E-4	1.303720E+4	0.000000E+0	0.000000E+0
5.239270E+3	1.004570E-4	1.303700E+4	0.000000E+0	0.000000E+0
5.243270E+3	1.004610E-4	1.303670E+4	0.000000E+0	0.000000E+0
5.247266E+3	1.004540E-4	1.303660E+4	0.000000E+0	0.000000E+0
5.251269E+3	1.004610E-4	1.303640E+4	0.000000E+0	0.000000E+0
5.255271E+3	1.004540E-4	1.303620E+4	0.000000E+0	0.000000E+0
5.259271E+3	1.004630E-4	1.303580E+4	0.000000E+0	0.000000E+0
5.263268E+3	1.004510E-4	1.303550E+4	0.000000E+0	0.000000E+0
5.267271E+3	1.004610E-4	1.303530E+4	0.000000E+0	0.000000E+0
5.271269E+3	1.004570E-4	1.303500E+4	0.000000E+0	0.000000E+0
5.275269E+3	1.004630E-4	1.303480E+4	0.000000E+0	0.000000E+0
5.279264E+3	1.004500E-4	1.303430E+4	0.000000E+0	0.000000E+0
5.283274E+3	1.004600E-4	1.303400E+4	0.000000E+0	0.000000E+0
5.287264E+3	1.004580E-4	1.303370E+4	0.000000E+0	0.000000E+0
5.291267E+3	1.004570E-4	1.303340E+4	0.000000E+0	0.000000E+0
5.295270E+3	1.004590E-4	1.303340E+4	0.000000E+0	0.000000E+0
5.299273E+3	1.004610E-4	1.303300E+4	0.000000E+0	0.000000E+0
5.303267E+3	1.004560E-4	1.303280E+4	0.000000E+0	0.000000E+0
5.307272E+3	1.004610E-4	1.303250E+4	0.000000E+0	0.000000E+0
5.311267E+3	1.004580E-4	1.303220E+4	0.000000E+0	0.000000E+0
5.315271E+3	1.004620E-4	1.303200E+4	0.000000E+0	0.000000E+0
5.319265E+3	1.004540E-4	1.303190E+4	0.000000E+0	0.000000E+0
5.323271E+3	1.004600E-4	1.303170E+4	0.000000E+0	0.000000E+0
5.327268E+3	1.004540E-4	1.303140E+4	0.000000E+0	0.000000E+0
5.331271E+3	1.004590E-4	1.303130E+4	0.000000E+0	0.000000E+0
5.335265E+3	1.004590E-4	1.303110E+4	0.000000E+0	0.000000E+0
5.339269E+3	1.004590E-4	1.303090E+4	0.000000E+0	0.000000E+0
5.343268E+3	1.004590E-4	1.303070E+4	0.000000E+0	0.000000E+0
5.347274E+3	1.004630E-4	1.303050E+4	0.000000E+0	0.000000E+0
5.351272E+3	1.004590E-4	1.303030E+4	0.000000E+0	0.000000E+0
5.355271E+3	1.004650E-4	1.303000E+4	0.000000E+0	0.000000E+0
5.359266E+3	1.004570E-4	1.302980E+4	0.000000E+0	0.000000E+0
5.363275E+3	1.004580E-4	1.302960E+4	0.000000E+0	0.000000E+0
5.367264E+3	1.004550E-4	1.302950E+4	0.000000E+0	0.000000E+0
5.371270E+3	1.004580E-4	1.302930E+4	0.000000E+0	0.000000E+0
5.375269E+3	1.004560E-4	1.302910E+4	0.000000E+0	0.000000E+0
5.379272E+3	1.004580E-4	1.302900E+4	0.000000E+0	0.000000E+0
5.383269E+3	1.004560E-4	1.302890E+4	0.000000E+0	0.000000E+0
5.387269E+3	1.004620E-4	1.302860E+4	0.000000E+0	0.000000E+0
5.391268E+3	1.004550E-4	1.302840E+4	0.000000E+0	0.000000E+0
5.395270E+3	1.004600E-4	1.302810E+4	0.000000E+0	0.000000E+0
5.399273E+3	1.004520E-4	1.302790E+4	0.000000E+0	0.000000E+0
5.403270E+3	1.004600E-4	1.302770E+4	0.000000E+0	0.000000E+0
5.407271E+3	1.004530E-4	1.302750E+4	0.000000E+0	0.000000E+0
5.411267E+3	1.004590E-4	1.302740E+4	0.000000E+0	0.000000E+0
5.415270E+3	1.004560E-4	1.302700E+4	0.000000E+0	0.000000E+0
5.419270E+3	1.004590E-4	1.302670E+4	0.000000E+0	0.000000E+0
5.423266E+3	1.004550E-4	1.302670E+4	0.000000E+0	0.000000E+0
5.427269E+3	1.004590E-4	1.302640E+4	0.000000E+0	0.000000E+0
5.431269E+3	1.004560E-4	1.302610E+4	0.000000E+0	0.000000E+0
5.435269E+3	1.004580E-4	1.302590E+4	0.000000E+0	0.000000E+0
5.439271E+3	1.004560E-4	1.302570E+4	0.000000E+0	0.000000E+0
5.443268E+3	1.004600E-4	1.302560E+4	0.000000E+0	0.000000E+0
5.447267E+3	1.004520E-4	1.302540E+4	0.000000E+0	0.000000E+0
5.451266E+3	1.004590E-4	1.302520E+4	0.000000E+0	0.000000E+0
5.455267E+3	1.004520E-4	1.302500E+4	0.000000E+0	0.000000E+0
5.459276E+3	1.004570E-4	1.302470E+4	0.000000E+0	0.000000E+0
5.463270E+3	1.004510E-4	1.302450E+4	0.000000E+0	0.000000E+0
5.467270E+3	1.004580E-4	1.302410E+4	0.000000E+0	0.000000E+0
5.471273E+3	1.004530E-4	1.302390E+4	0.000000E+0	0.000000E+0
5.475247E+3	1.004550E-4	1.302370E+4	0.000000E+0	0.000000E+0
5.479281E+3	1.004570E-4	1.302340E+4	0.000000E+0	0.000000E+0
5.483270E+3	1.004520E-4	1.302320E+4	0.000000E+0	0.000000E+0
5.487272E+3	1.004570E-4	1.302290E+4	0.000000E+0	0.000000E+0
5.491275E+3	1.004560E-4	1.302270E+4	0.000000E+0	0.000000E+0
5.495270E+3	1.004580E-4	1.302240E+4	0.000000E+0	0.000000E+0
5.499270E+3	1.004510E-4	1.302220E+4	0.000000E+0	0.000000E+0
5.503268E+3	1.004570E-4	1.302200E+4	0.000000E+0	0.000000E+0
5.507270E+3	1.004520E-4	1.302190E+4	0.000000E+0	0.000000E+0
5.511273E+3	1.004570E-4	1.302160E+4	0.000000E+0	0.000000E+0
5.515271E+3	1.004560E-4	1.302140E+4	0.000000E+0	0.000000E+0
5.519269E+3	1.004580E-4	1.302130E+4	0.000000E+0	0.000000E+0
5.523271E+3	1.004560E-4	1.302110E+4	0.000000E+0	0.000000E+0
5.527272E+3	1.004550E-4	1.302110E+4	0.000000E+0	0.000000E+0
5.531271E+3	1.004520E-4	1.302090E+4	0.000000E+0	0.000000E+0
5.535271E+3	1.004580E-4	1.302070E+4	0.000000E+0	0.000000E+0
5.539274E+3	1.004550E-4	1.302050E+4	0.000000E+0	0.000000E+0
5.543272E+3	1.004570E-4	1.302050E+4	0.000000E+0	0.000000E+0
5.547272E+3	1.004520E-4	1.302040E+4	0.000000E+0	0.000000E+0
5.551269E+3	1.004590E-4	1.302020E+4	0.000000E+0	0.000000E+0
5.555270E+3	1.004550E-4	1.302000E+4	0.000000E+0	0.000000E+0
5.559273E+3	1.004610E-4	1.301980E+4	0.000000E+0	0.000000E+0
5.563272E+3	1.004540E-4	1.301950E+4	0.000000E+0	0.000000E+0
5.567270E+3	1.004610E-4	1.301940E+4	0.000000E+0	0.000000E+0
5.571273E+3	1.004530E-4	1.301920E+4	0.000000E+0	0.000000E+0
5.575268E+3	1.004560E-4	1.301900E+4	0.000000E+0	0.000000E+0
5.579275E+3	1.004530E-4	1.301870E+4	0.000000E+0	0.000000E+0
5.583247E+3	1.004560E-4	1.301860E+4	0.000000E+0	0.000000E+0
5.587278E+3	1.004580E-4	1.301830E+4	0.000000E+0	0.000000E+0
5.591273E+3	1.004580E-4	1.301800E+4	0.000000E+0	0.000000E+0
5.595274E+3	1.004580E-4	1.301780E+4	0.000000E+0	0.000000E+0
5.599271E+3	1.004550E-4	1.301760E+4	0.000000E+0	0.000000E+0
5.603271E+3	1.004640E-4	1.301740E+4	0.000000E+0	0.000000E+0
5.607269E+3	1.004530E-4	1.301720E+4	0.000000E+0	0.000000E+0
5.611271E+3	1.004620E-4	1.301700E+4	0.000000E+0	0.000000E+0
5.615274E+3	1.004580E-4	1.301660E+4	0.000000E+0	0.000000E+0
5.619272E+3	1.004630E-4	1.301660E+4	0.000000E+0	0.000000E+0
5.623271E+3	1.004580E-4	1.301620E+4	0.000000E+0	0.000000E+0
5.627269E+3	1.004620E-4	1.301590E+4	0.000000E+0	0.000000E+0
5.631265E+3	1.004570E-4	1.301590E+4	0.000000E+0	0.000000E+0
5.635269E+3	1.004620E-4	1.301550E+4	0.000000E+0	0.000000E+0
5.639269E+3	1.004590E-4	1.301550E+4	0.000000E+0	0.000000E+0
5.643265E+3	1.004630E-4	1.301530E+4	0.000000E+0	0.000000E+0
5.647269E+3	1.004570E-4	1.301510E+4	0.000000E+0	0.000000E+0
5.651273E+3	1.004620E-4	1.301490E+4	0.000000E+0	0.000000E+0
5.655272E+3	1.004570E-4	1.301470E+4	0.000000E+0	0.000000E+0
5.659270E+3	1.004650E-4	1.301460E+4	0.000000E+0	0.000000E+0
5.663271E+3	1.004560E-4	1.301420E+4	0.000000E+0	0.000000E+0
5.667270E+3	1.004640E-4	1.301410E+4	0.000000E+0	0.000000E+0
5.671270E+3	1.004600E-4	1.301390E+4	0.000000E+0	0.000000E+0
5.675270E+3	1.004630E-4	1.301380E+4	0.000000E+0	0.000000E+0
5.679268E+3	1.004590E-4	1.301360E+4	0.000000E+0	0.000000E+0
5.683271E+3	1.004640E-4	1.301340E+4	0.000000E+0	0.000000E+0
5.687271E+3	1.004590E-4	1.301320E+4	0.000000E+0	0.000000E+0
5.691266E+3	1.004660E-4	1.301300E+4	0.000000E+0	0.000000E+0
5.695268E+3	1.004590E-4	1.301280E+4	0.000000E+0	0.000000E+0
5.699268E+3	1.004640E-4	1.301260E+4	0.000000E+0	0.000000E+0
5.703276E+3	1.004610E-4	1.301230E+4	0.000000E+0	0.000000E+0
5.707271E+3	1.004640E-4	1.301220E+4	0.000000E+0	0.000000E+0
5.711271E+3	1.004590E-4	1.301190E+4	0.000000E+0	0.000000E+0
5.715271E+3	1.004630E-4	1.301170E+4	0.000000E+0	0.000000E+0
5.719269E+3	1.004610E-4	1.301160E+4	0.000000E+0	0.000000E+0
5.723272E+3	1.004630E-4	1.301140E+4	0.000000E+0	0.000000E+0
5.727272E+3	1.004610E-4	1.301130E+4	0.000000E+0	0.000000E+0
5.731251E+3	1.004630E-4	1.301110E+4	0.000000E+0	0.000000E+0
5.735289E+3	1.004660E-4	1.301090E+4	0.000000E+0	0.000000E+0
5.739251E+3	1.004650E-4	1.301070E+4	0.000000E+0	0.000000E+0
5.743264E+3	1.004610E-4	1.301030E+4	0.000000E+0	0.000000E+0
5.747270E+3	1.004640E-4	1.301000E+4	0.000000E+0	0.000000E+0
5.751267E+3	1.004580E-4	1.300970E+4	0.000000E+0	0.000000E+0
5.755268E+3	1.004630E-4	1.300950E+4	0.000000E+0	0.000000E+0
5.759268E+3	1.004570E-4	1.300940E+4	0.000000E+0	0.000000E+0
5.763268E+3	1.004600E-4	1.300910E+4	0.000000E+0	0.000000E+0
5.767267E+3	1.004600E-4	1.300870E+4	0.000000E+0	0.000000E+0
5.771269E+3	1.004650E-4	1.300850E+4	0.000000E+0	0.000000E+0
5.775273E+3	1.004580E-4	1.300840E+4	0.000000E+0	0.000000E+0
5.779250E+3	1.004600E-4	1.300820E+4	0.000000E+0	0.000000E+0
5.783288E+3	1.004640E-4	1.300800E+4	0.000000E+0	0.000000E+0
5.787272E+3	1.004570E-4	1.300770E+4	0.000000E+0	0.000000E+0
5.791271E+3	1.004640E-4	1.300760E+4	0.000000E+0	0.000000E+0
5.795271E+3	1.004600E-4	1.300750E+4	0.000000E+0	0.000000E+0
5.799270E+3	1.004670E-4	1.300720E+4	0.000000E+0	0.000000E+0
5.803275E+3	1.004580E-4	1.300700E+4	0.000000E+0	0.000000E+0
5.807270E+3	1.004660E-4	1.300670E+4	0.000000E+0	0.000000E+0
5.811270E+3	1.004590E-4	1.300660E+4	0.000000E+0	0.000000E+0
5.815269E+3	1.004660E-4	1.300630E+4	0.000000E+0	0.000000E+0
5.819270E+3	1.004610E-4	1.300610E+4	0.000000E+0	0.000000E+0
5.823275E+3	1.004610E-4	1.300600E+4	0.000000E+0	0.000000E+0
5.827270E+3	1.004620E-4	1.300570E+4	0.000000E+0	0.000000E+0
5.831268E+3	1.004630E-4	1.300540E+4	0.000000E+0	0.000000E+0
5.835267E+3	1.004550E-4	1.300520E+4	0.000000E+0	0.000000E+0
5.839269E+3	1.004650E-4	1.300490E+4	0.000000E+0	0.000000E+0
5.843275E+3	1.004580E-4	1.300480E+4	0.000000E+0	0.000000E+0
5.847274E+3	1.004650E-4	1.300450E+4	0.000000E+0	0.000000E+0
5.851274E+3	1.004640E-4	1.300440E+4	0.000000E+0	0.000000E+0
5.855271E+3	1.004630E-4	1.300430E+4	0.000000E+0	0.000000E+0
5.859269E+3	1.004610E-4	1.300410E+4	0.000000E+0	0.000000E+0
5.863271E+3	1.004670E-4	1.300400E+4	0.000000E+0	0.000000E+0
5.867273E+3	1.004600E-4	1.300360E+4	0.000000E+0	0.000000E+0
5.871271E+3	1.004650E-4	1.300350E+4	0.000000E+0	0.000000E+0
5.875269E+3	1.004600E-4	1.300320E+4	0.000000E+0	0.000000E+0
5.879269E+3	1.004620E-4	1.300290E+4	0.000000E+0	0.000000E+0
5.883268E+3	1.004590E-4	1.300280E+4	0.000000E+0	0.000000E+0
5.887274E+3	1.004630E-4	1.300270E+4	0.000000E+0	0.000000E+0
5.891272E+3	1.004600E-4	1.300240E+4	0.000000E+0	0.000000E+0
5.895270E+3	1.004630E-4	1.300220E+4	0.000000E+0	0.000000E+0
5.899283E+3	1.004620E-4	1.300200E+4	0.000000E+0	0.000000E+0
5.903269E+3	1.004650E-4	1.300170E+4	0.000000E+0	0.000000E+0
5.907275E+3	1.004560E-4	1.300160E+4	0.000000E+0	0.000000E+0
5.911273E+3	1.004630E-4	1.300130E+4	0.000000E+0	0.000000E+0
5.915270E+3	1.004590E-4	1.300100E+4	0.000000E+0	0.000000E+0
5.919272E+3	1.004630E-4	1.300070E+4	0.000000E+0	0.000000E+0
5.923273E+3	1.004620E-4	1.300050E+4	0.000000E+0	0.000000E+0
5.927271E+3	1.004670E-4	1.300020E+4	0.000000E+0	0.000000E+0
5.931275E+3	1.004590E-4	1.299990E+4	0.000000E+0	0.000000E+0
5.935245E+3	1.004640E-4	1.299970E+4	0.000000E+0	0.000000E+0
5.939279E+3	1.004660E-4	1.299930E+4	0.000000E+0	0.000000E+0
5.943269E+3	1.004590E-4	1.299920E+4	0.000000E+0	0.000000E+0
5.947271E+3	1.004680E-4	1.299900E+4	0.000000E+0	0.000000E+0
5.951268E+3	1.004610E-4	1.299870E+4	0.000000E+0	0.000000E+0
5.955268E+3	1.004690E-4	1.299850E+4	0.000000E+0	0.000000E+0
5.959271E+3	1.004620E-4	1.299830E+4	0.000000E+0	0.000000E+0
5.963272E+3	1.004630E-4	1.299810E+4	0.000000E+0	0.000000E+0
5.967276E+3	1.004610E-4	1.299770E+4	0.000000E+0	0.000000E+0
5.971272E+3	1.004650E-4	1.299750E+4	0.000000E+0	0.000000E+0
5.975271E+3	1.004610E-4	1.299720E+4	0.000000E+0	0.000000E+0
5.979267E+3	1.004690E-4	1.299700E+4	0.000000E+0	0.000000E+0
5.983270E+3	1.004610E-4	1.299670E+4	0.000000E+0	0.000000E+0
5.987274E+3	1.004660E-4	1.299640E+4	0.000000E+0	0.000000E+0
5.991272E+3	1.004600E-4	1.299620E+4	0.000000E+0	0.000000E+0
5.995270E+3	1.004670E-4	1.299610E+4	0.000000E+0	0.000000E+0
5.999270E+3	1.004600E-4	1.299600E+4	0.000000E+0	0.000000E+0
6.003269E+3	1.004650E-4	1.299580E+4	0.000000E+0	0.000000E+0
6.007273E+3	1.004650E-4	1.299580E+4	0.000000E+0	0.000000E+0
6.011270E+3	1.004650E-4	1.299570E+4	0.000000E+0	0.000000E+0
6.015268E+3	1.004650E-4	1.299570E+4	0.000000E+0	0.000000E+0
6.019270E+3	1.004630E-4	1.299560E+4	0.000000E+0	0.000000E+0
6.023276E+3	1.004600E-4	1.299550E+4	0.000000E+0	0.000000E+0
6.027273E+3	1.004640E-4	1.299570E+4	0.000000E+0	0.000000E+0
6.031270E+3	1.004600E-4	1.299550E+4	0.000000E+0	0.000000E+0
6.035271E+3	1.004660E-4	1.299570E+4	0.000000E+0	0.000000E+0
6.039274E+3	1.004620E-4	1.299550E+4	0.000000E+0	0.000000E+0
6.043271E+3	1.004660E-4	1.299550E+4	0.000000E+0	0.000000E+0
6.047269E+3	1.004590E-4	1.299550E+4	0.000000E+0	0.000000E+0
6.051271E+3	1.004670E-4	1.299530E+4	0.000000E+0	0.000000E+0
6.055272E+3	1.004600E-4	1.299530E+4	0.000000E+0	0.000000E+0
6.059271E+3	1.004660E-4	1.299510E+4	0.000000E+0	0.000000E+0
6.063269E+3	1.004620E-4	1.299500E+4	0.000000E+0	0.000000E+0
6.067270E+3	1.004690E-4	1.299480E+4	0.000000E+0	0.000000E+0
6.071275E+3	1.004610E-4	1.299470E+4	0.000000E+0	0.000000E+0
6.075270E+3	1.004670E-4	1.299450E+4	0.000000E+0	0.000000E+0
6.079270E+3	1.004640E-4	1.299420E+4	0.000000E+0	0.000000E+0
6.083267E+3	1.004670E-4	1.299410E+4	0.000000E+0	0.000000E+0
6.087269E+3	1.004670E-4	1.299380E+4	0.000000E+0	0.000000E+0
6.091271E+3	1.004670E-4	1.299360E+4	0.000000E+0	0.000000E+0
6.095265E+3	1.004660E-4	1.299340E+4	0.000000E+0	0.000000E+0
6.099267E+3	1.004690E-4	1.299310E+4	0.000000E+0	0.000000E+0
6.103270E+3	1.004600E-4	1.299280E+4	0.000000E+0	0.000000E+0
6.107273E+3	1.004670E-4	1.299280E+4	0.000000E+0	0.000000E+0
6.111270E+3	1.004620E-4	1.299250E+4	0.000000E+0	0.000000E+0
6.115268E+3	1.004680E-4	1.299220E+4	0.000000E+0	0.000000E+0
6.119268E+3	1.004640E-4	1.299200E+4	0.000000E+0	0.000000E+0
6.123267E+3	1.004680E-4	1.299170E+4	0.000000E+0	0.000000E+0
6.127271E+3	1.004640E-4	1.299140E+4	0.000000E+0	0.000000E+0
6.131271E+3	1.004710E-4	1.299110E+4	0.000000E+0	0.000000E+0
6.135269E+3	1.004620E-4	1.299090E+4	0.000000E+0	0.000000E+0
6.139271E+3	1.004670E-4	1.299050E+4	0.000000E+0	0.000000E+0
6.143274E+3	1.004640E-4	1.299030E+4	0.000000E+0	0.000000E+0
6.147267E+3	1.004700E-4	1.299010E+4	0.000000E+0	0.000000E+0
6.151270E+3	1.004610E-4	1.298980E+4	0.000000E+0	0.000000E+0
6.155269E+3	1.004710E-4	1.298960E+4	0.000000E+0	0.000000E+0
6.159268E+3	1.004680E-4	1.298930E+4	0.000000E+0	0.000000E+0
6.163270E+3	1.004700E-4	1.298910E+4	0.000000E+0	0.000000E+0
6.167269E+3	1.004660E-4	1.298900E+4	0.000000E+0	0.000000E+0
6.171267E+3	1.004710E-4	1.298870E+4	0.000000E+0	0.000000E+0
6.175268E+3	1.004640E-4	1.298860E+4	0.000000E+0	0.000000E+0
6.179269E+3	1.004670E-4	1.298840E+4	0.000000E+0	0.000000E+0
6.183275E+3	1.004640E-4	1.298810E+4	0.000000E+0	0.000000E+0
6.187270E+3	1.004680E-4	1.298780E+4	0.000000E+0	0.000000E+0
6.191268E+3	1.004660E-4	1.298770E+4	0.000000E+0	0.000000E+0
6.195271E+3	1.004690E-4	1.298740E+4	0.000000E+0	0.000000E+0
6.199267E+3	1.004650E-4	1.298720E+4	0.000000E+0	0.000000E+0
6.203273E+3	1.004710E-4	1.298710E+4	0.000000E+0	0.000000E+0
6.207273E+3	1.004670E-4	1.298670E+4	0.000000E+0	0.000000E+0
6.211271E+3	1.004690E-4	1.298640E+4	0.000000E+0	0.000000E+0
6.215268E+3	1.004660E-4	1.298610E+4	0.000000E+0	0.000000E+0
6.219270E+3	1.004710E-4	1.298580E+4	0.000000E+0	0.000000E+0
6.223271E+3	1.004670E-4	1.298550E+4	0.000000E+0	0.000000E+0
6.227269E+3	1.004710E-4	1.298530E+4	0.000000E+0	0.000000E+0
6.231267E+3	1.004650E-4	1.298500E+4	0.000000E+0	0.000000E+0
6.235270E+3	1.004680E-4	1.298450E+4	0.000000E+0	0.000000E+0
6.239272E+3	1.004670E-4	1.298450E+4	0.000000E+0	0.000000E+0
6.243270E+3	1.004710E-4	1.298420E+4	0.000000E+0	0.000000E+0
6.247267E+3	1.004660E-4	1.298380E+4	0.000000E+0	0.000000E+0
6.251269E+3	1.004720E-4	1.298370E+4	0.000000E+0	0.000000E+0
6.255272E+3	1.004670E-4	1.298360E+4	0.000000E+0	0.000000E+0
6.259270E+3	1.004750E-4	1.298340E+4	0.000000E+0	0.000000E+0
6.263267E+3	1.004660E-4	1.298330E+4	0.000000E+0	0.000000E+0
6.267269E+3	1.004680E-4	1.298310E+4	0.000000E+0	0.000000E+0
6.271270E+3	1.004630E-4	1.298290E+4	0.000000E+0	0.000000E+0
6.275268E+3	1.004700E-4	1.298270E+4	0.000000E+0	0.000000E+0
6.279271E+3	1.004680E-4	1.298250E+4	0.000000E+0	0.000000E+0
6.283273E+3	1.004710E-4	1.298250E+4	0.000000E+0	0.000000E+0
6.287274E+3	1.004680E-4	1.298240E+4	0.000000E+0	0.000000E+0
6.291274E+3	1.004730E-4	1.298210E+4	0.000000E+0	0.000000E+0
6.295273E+3	1.004690E-4	1.298200E+4	0.000000E+0	0.000000E+0
6.299249E+3	1.004670E-4	1.298170E+4	0.000000E+0	0.000000E+0
6.303289E+3	1.004720E-4	1.298130E+4	0.000000E+0	0.000000E+0
6.307252E+3	1.004730E-4	1.298130E+4	0.000000E+0	0.000000E+0
6.311279E+3	1.004700E-4	1.298110E+4	0.000000E+0	0.000000E+0
6.315269E+3	1.004730E-4	1.298090E+4	0.000000E+0	0.000000E+0
6.319248E+3	1.004710E-4	1.298060E+4	0.000000E+0	0.000000E+0
6.323266E+3	1.004700E-4	1.298060E+4	0.000000E+0	0.000000E+0
6.327269E+3	1.004710E-4	1.298040E+4	0.000000E+0	0.000000E+0
6.331276E+3	1.004660E-4	1.298030E+4	0.000000E+0	0.000000E+0
6.335249E+3	1.004660E-4	1.298020E+4	0.000000E+0	0.000000E+0
6.339289E+3	1.004720E-4	1.297990E+4	0.000000E+0	0.000000E+0
6.343251E+3	1.004720E-4	1.297980E+4	0.000000E+0	0.000000E+0
6.347283E+3	1.004680E-4	1.297960E+4	0.000000E+0	0.000000E+0
6.351268E+3	1.004710E-4	1.297940E+4	0.000000E+0	0.000000E+0
6.355267E+3	1.004670E-4	1.297910E+4	0.000000E+0	0.000000E+0
6.359268E+3	1.004700E-4	1.297900E+4	0.000000E+0	0.000000E+0
6.363273E+3	1.004680E-4	1.297880E+4	0.000000E+0	0.000000E+0
6.367270E+3	1.004720E-4	1.297860E+4	0.000000E+0	0.000000E+0
6.371268E+3	1.004660E-4	1.297830E+4	0.000000E+0	0.000000E+0
6.375268E+3	1.004730E-4	1.297810E+4	0.000000E+0	0.000000E+0
6.379268E+3	1.004700E-4	1.297790E+4	0.000000E+0	0.000000E+0
6.383273E+3	1.004710E-4	1.297760E+4	0.000000E+0	0.000000E+0
6.387249E+3	1.004730E-4	1.297730E+4	0.000000E+0	0.000000E+0
6.391285E+3	1.004690E-4	1.297720E+4	0.000000E+0	0.000000E+0
6.395247E+3	1.004710E-4	1.297690E+4	0.000000E+0	0.000000E+0
6.399292E+3	1.004770E-4	1.297660E+4	0.000000E+0	0.000000E+0
6.403251E+3	1.004760E-4	1.297630E+4	0.000000E+0	0.000000E+0
6.407279E+3	1.004710E-4	1.297620E+4	0.000000E+0	0.000000E+0
6.411269E+3	1.004760E-4	1.297600E+4	0.000000E+0	0.000000E+0
6.415270E+3	1.004750E-4	1.297590E+4	0.000000E+0	0.000000E+0
6.419272E+3	1.004780E-4	1.297580E+4	0.000000E+0	0.000000E+0
6.423269E+3	1.004720E-4	1.297550E+4	0.000000E+0	0.000000E+0
6.427269E+3	1.004760E-4	1.297540E+4	0.000000E+0	0.000000E+0
6.431267E+3	1.004710E-4	1.297520E+4	0.000000E+0	0.000000E+0
6.435273E+3	1.004780E-4	1.297500E+4	0.000000E+0	0.000000E+0
6.439270E+3	1.004750E-4	1.297490E+4	0.000000E+0	0.000000E+0
6.443268E+3	1.004800E-4	1.297460E+4	0.000000E+0	0.000000E+0
6.447267E+3	1.004740E-4	1.297450E+4	0.000000E+0	0.000000E+0
6.451269E+3	1.004770E-4	1.297440E+4	0.000000E+0	0.000000E+0
6.455276E+3	1.004750E-4	1.297420E+4	0.000000E+0	0.000000E+0
6.459271E+3	1.004790E-4	1.297410E+4	0.000000E+0	0.000000E+0
6.463266E+3	1.004730E-4	1.297390E+4	0.000000E+0	0.000000E+0
6.467268E+3	1.004810E-4	1.297380E+4	0.000000E+0	0.000000E+0
6.471271E+3	1.004770E-4	1.297360E+4	0.000000E+0	0.000000E+0
6.475272E+3	1.004780E-4	1.297330E+4	0.000000E+0	0.000000E+0
6.479274E+3	1.004760E-4	1.297310E+4	0.000000E+0	0.000000E+0
6.483271E+3	1.004790E-4	1.297290E+4	0.000000E+0	0.000000E+0
6.487268E+3	1.004740E-4	1.297260E+4	0.000000E+0	0.000000E+0
6.491266E+3	1.004780E-4	1.297230E+4	0.000000E+0	0.000000E+0
6.495279E+3	1.004750E-4	1.297200E+4	0.000000E+0	0.000000E+0
6.499274E+3	1.004790E-4	1.297180E+4	0.000000E+0	0.000000E+0
6.503270E+3	1.004760E-4	1.297150E+4	0.000000E+0	0.000000E+0
6.507269E+3	1.004820E-4	1.297130E+4	0.000000E+0	0.000000E+0
6.511272E+3	1.004770E-4	1.297100E+4	0.000000E+0	0.000000E+0
6.515269E+3	1.004830E-4	1.297070E+4	0.000000E+0	0.000000E+0
6.519267E+3	1.004760E-4	1.297060E+4	0.000000E+0	0.000000E+0
6.523270E+3	1.004800E-4	1.297030E+4	0.000000E+0	0.000000E+0
6.527271E+3	1.004770E-4	1.297010E+4	0.000000E+0	0.000000E+0
6.531252E+3	1.003190E-4	1.296990E+4	0.000000E+0	0.000000E+0
6.535283E+3	1.003960E-4	1.296980E+4	0.000000E+0	0.000000E+0
6.539265E+3	1.003930E-4	1.296960E+4	0.000000E+0	0.000000E+0
6.543265E+3	1.003990E-4	1.296940E+4	0.000000E+0	0.000000E+0
6.547268E+3	1.003970E-4	1.296930E+4	0.000000E+0	0.000000E+0
6.551266E+3	1.004030E-4	1.296900E+4	0.000000E+0	0.000000E+0
6.555266E+3	1.003970E-4	1.296910E+4	0.000000E+0	0.000000E+0
6.559270E+3	1.004030E-4	1.296880E+4	0.000000E+0	0.000000E+0
6.563269E+3	1.004000E-4	1.296880E+4	0.000000E+0	0.000000E+0
6.567269E+3	1.004050E-4	1.296870E+4	0.000000E+0	0.000000E+0
6.571266E+3	1.004030E-4	1.296870E+4	0.000000E+0	0.000000E+0
6.575271E+3	1.004100E-4	1.296850E+4	0.000000E+0	0.000000E+0
6.579269E+3	1.004050E-4	1.296840E+4	0.000000E+0	0.000000E+0
6.583267E+3	1.004090E-4	1.296820E+4	0.000000E+0	0.000000E+0
6.587275E+3	1.004030E-4	1.296810E+4	0.000000E+0	0.000000E+0
6.591247E+3	1.004100E-4	1.296800E+4	0.000000E+0	0.000000E+0
6.595286E+3	1.004130E-4	1.296790E+4	0.000000E+0	0.000000E+0
6.599247E+3	1.004150E-4	1.296780E+4	0.000000E+0	0.000000E+0
6.603281E+3	1.004080E-4	1.296750E+4	0.000000E+0	0.000000E+0
6.607272E+3	1.004150E-4	1.296730E+4	0.000000E+0	0.000000E+0
6.611272E+3	1.004140E-4	1.296710E+4	0.000000E+0	0.000000E+0
6.615270E+3	1.004190E-4	1.296690E+4	0.000000E+0	0.000000E+0
6.619268E+3	1.004140E-4	1.296660E+4	0.000000E+0	0.000000E+0
6.623271E+3	1.004180E-4	1.296630E+4	0.000000E+0	0.000000E+0
6.627266E+3	1.004160E-4	1.296620E+4	0.000000E+0	0.000000E+0
6.631266E+3	1.004170E-4	1.296590E+4	0.000000E+0	0.000000E+0
6.635270E+3	1.004160E-4	1.296570E+4	0.000000E+0	0.000000E+0
6.639271E+3	1.004190E-4	1.296540E+4	0.000000E+0	0.000000E+0
6.643268E+3	1.004160E-4	1.296520E+4	0.000000E+0	0.000000E+0
6.647268E+3	1.004220E-4	1.296490E+4	0.000000E+0	0.000000E+0
6.651271E+3	1.004170E-4	1.296470E+4	0.000000E+0	0.000000E+0
6.655246E+3	1.004190E-4	1.296440E+4	0.000000E+0	0.000000E+0
6.659285E+3	1.004240E-4	1.296410E+4	0.000000E+0	0.000000E+0
6.663247E+3	1.004220E-4	1.296380E+4	0.000000E+0	0.000000E+0
6.667281E+3	1.004200E-4	1.296350E+4	0.000000E+0	0.000000E+0
6.671269E+3	1.004260E-4	1.296320E+4	0.000000E+0	0.000000E+0
6.675267E+3	1.004200E-4	1.296280E+4	0.000000E+0	0.000000E+0
6.679270E+3	1.004230E-4	1.296250E+4	0.000000E+0	0.000000E+0
6.683272E+3	1.004220E-4	1.296230E+4	0.000000E+0	0.000000E+0
6.687272E+3	1.004250E-4	1.296210E+4	0.000000E+0	0.000000E+0
6.691270E+3	1.004190E-4	1.296190E+4	0.000000E+0	0.000000E+0
6.695267E+3	1.004220E-4	1.296180E+4	0.000000E+0	0.000000E+0
6.699270E+3	1.004200E-4	1.296150E+4	0.000000E+0	0.000000E+0
6.703270E+3	1.004280E-4	1.296130E+4	0.000000E+0	0.000000E+0
6.707268E+3	1.004250E-4	1.296100E+4	0.000000E+0	0.000000E+0
6.711268E+3	1.004270E-4	1.296070E+4	0.000000E+0	0.000000E+0
6.715267E+3	1.004230E-4	1.296070E+4	0.000000E+0	0.000000E+0
6.719271E+3	1.004270E-4	1.296030E+4	0.000000E+0	0.000000E+0
6.723270E+3	1.004250E-4	1.296020E+4	0.000000E+0	0.000000E+0
6.727268E+3	1.004280E-4	1.295990E+4	0.000000E+0	0.000000E+0
6.731265E+3	1.004260E-4	1.295980E+4	0.000000E+0	0.000000E+0
6.735271E+3	1.004270E-4	1.295960E+4	0.000000E+0	0.000000E+0
6.739269E+3	1.004230E-4	1.295940E+4	0.000000E+0	0.000000E+0
6.743269E+3	1.004290E-4	1.295910E+4	0.000000E+0	0.000000E+0
6.747266E+3	1.004250E-4	1.295880E+4	0.000000E+0	0.000000E+0
6.751272E+3	1.004300E-4	1.295870E+4	0.000000E+0	0.000000E+0
6.755248E+3	1.004280E-4	1.295830E+4	0.000000E+0	0.000000E+0
6.759277E+3	1.004260E-4	1.295800E+4	0.000000E+0	0.000000E+0
6.763267E+3	1.004280E-4	1.295780E+4	0.000000E+0	0.000000E+0
6.767270E+3	1.004260E-4	1.295750E+4	0.000000E+0	0.000000E+0
6.771275E+3	1.004300E-4	1.295740E+4	0.000000E+0	0.000000E+0
6.775249E+3	1.004300E-4	1.295720E+4	0.000000E+0	0.000000E+0
6.779280E+3	1.004260E-4	1.295690E+4	0.000000E+0	0.000000E+0
6.783269E+3	1.004280E-4	1.295680E+4	0.000000E+0	0.000000E+0
6.787266E+3	1.004270E-4	1.295660E+4	0.000000E+0	0.000000E+0
6.791273E+3	1.004300E-4	1.295640E+4	0.000000E+0	0.000000E+0
6.795270E+3	1.004260E-4	1.295620E+4	0.000000E+0	0.000000E+0
6.799268E+3	1.004330E-4	1.295610E+4	0.000000E+0	0.000000E+0
6.803265E+3	1.004250E-4	1.295580E+4	0.000000E+0	0.000000E+0
6.807267E+3	1.004320E-4	1.295570E+4	0.000000E+0	0.000000E+0
6.811271E+3	1.004280E-4	1.295550E+4	0.000000E+0	0.000000E+0
6.815270E+3	1.004320E-4	1.295530E+4	0.000000E+0	0.000000E+0
6.819266E+3	1.004290E-4	1.295520E+4	0.000000E+0	0.000000E+0
6.823269E+3	1.004310E-4	1.295500E+4	0.000000E+0	0.000000E+0
6.827268E+3	1.004270E-4	1.295480E+4	0.000000E+0	0.000000E+0
6.831269E+3	1.004330E-4	1.295470E+4	0.000000E+0	0.000000E+0
6.835266E+3	1.004290E-4	1.295450E+4	0.000000E+0	0.000000E+0
6.839272E+3	1.004340E-4	1.295440E+4	0.000000E+0	0.000000E+0
6.843271E+3	1.004320E-4	1.295420E+4	0.000000E+0	0.000000E+0
6.847269E+3	1.004340E-4	1.295390E+4	0.000000E+0	0.000000E+0
6.851267E+3	1.004290E-4	1.295370E+4	0.000000E+0	0.000000E+0
6.855270E+3	1.004330E-4	1.295360E+4	0.000000E+0	0.000000E+0
6.859269E+3	1.004290E-4	1.295330E+4	0.000000E+0	0.000000E+0
6.863269E+3	1.004300E-4	1.295310E+4	0.000000E+0	0.000000E+0
6.867248E+3	1.004360E-4	1.295290E+4	0.000000E+0	0.000000E+0
6.871279E+3	1.004290E-4	1.295260E+4	0.000000E+0	0.000000E+0
6.875272E+3	1.004370E-4	1.295250E+4	0.000000E+0	0.000000E+0
6.879249E+3	1.004350E-4	1.295240E+4	0.000000E+0	0.000000E+0
6.883265E+3	1.004340E-4	1.295230E+4	0.000000E+0	0.000000E+0
6.887268E+3	1.004320E-4	1.295210E+4	0.000000E+0	0.000000E+0
6.891266E+3	1.004310E-4	1.295200E+4	0.000000E+0	0.000000E+0
6.895271E+3	1.004330E-4	1.295190E+4	0.000000E+0	0.000000E+0
6.899266E+3	1.004280E-4	1.295170E+4	0.000000E+0	0.000000E+0
6.903270E+3	1.004360E-4	1.295150E+4	0.000000E+0	0.000000E+0
6.907271E+3	1.004350E-4	1.295130E+4	0.000000E+0	0.000000E+0
6.911269E+3	1.004390E-4	1.295110E+4	0.000000E+0	0.000000E+0
6.915248E+3	1.004360E-4	1.295090E+4	0.000000E+0	0.000000E+0
6.919262E+3	1.004340E-4	1.295070E+4	0.000000E+0	0.000000E+0
6.923271E+3	1.004390E-4	1.295040E+4	0.000000E+0	0.000000E+0
6.927268E+3	1.004320E-4	1.295020E+4	0.000000E+0	0.000000E+0
6.931271E+3	1.004390E-4	1.294990E+4	0.000000E+0	0.000000E+0
6.935270E+3	1.004320E-4	1.294980E+4	0.000000E+0	0.000000E+0
6.939270E+3	1.004370E-4	1.294950E+4	0.000000E+0	0.000000E+0
6.943269E+3	1.004340E-4	1.294940E+4	0.000000E+0	0.000000E+0
6.947270E+3	1.004360E-4	1.294930E+4	0.000000E+0	0.000000E+0
6.951275E+3	1.004350E-4	1.294920E+4	0.000000E+0	0.000000E+0
6.955269E+3	1.004370E-4	1.294900E+4	0.000000E+0	0.000000E+0
6.959268E+3	1.004320E-4	1.294880E+4	0.000000E+0	0.000000E+0
6.963268E+3	1.004370E-4	1.294870E+4	0.000000E+0	0.000000E+0
6.967268E+3	1.004350E-4	1.294840E+4	0.000000E+0	0.000000E+0
6.971268E+3	1.004390E-4	1.294820E+4	0.000000E+0	0.000000E+0
6.975271E+3	1.004350E-4	1.294810E+4	0.000000E+0	0.000000E+0
6.979270E+3	1.004390E-4	1.294780E+4	0.000000E+0	0.000000E+0
6.983268E+3	1.004350E-4	1.294750E+4	0.000000E+0	0.000000E+0
6.987270E+3	1.004400E-4	1.294730E+4	0.000000E+0	0.000000E+0
6.991268E+3	1.004320E-4	1.294710E+4	0.000000E+0	0.000000E+0
6.995268E+3	1.004420E-4	1.294680E+4	0.000000E+0	0.000000E+0
6.999263E+3	1.004360E-4	1.294670E+4	0.000000E+0	0.000000E+0
7.003268E+3	1.004400E-4	1.294640E+4	0.000000E+0	0.000000E+0
7.007269E+3	1.004360E-4	1.294630E+4	0.000000E+0	0.000000E+0
7.011267E+3	1.004400E-4	1.294610E+4	0.000000E+0	0.000000E+0
7.015264E+3	1.004350E-4	1.294580E+4	0.000000E+0	0.000000E+0
7.019268E+3	1.004410E-4	1.294550E+4	0.000000E+0	0.000000E+0
7.023269E+3	1.004350E-4	1.294520E+4	0.000000E+0	0.000000E+0
7.027269E+3	1.004430E-4	1.294510E+4	0.000000E+0	0.000000E+0
7.031269E+3	1.004360E-4	1.294490E+4	0.000000E+0	0.000000E+0
7.035273E+3	1.004410E-4	1.294460E+4	0.000000E+0	0.000000E+0
7.039270E+3	1.004370E-4	1.294450E+4	0.000000E+0	0.000000E+0
7.043269E+3	1.004440E-4	1.294420E+4	0.000000E+0	0.000000E+0
7.047268E+3	1.004370E-4	1.294400E+4	0.000000E+0	0.000000E+0
7.051268E+3	1.004420E-4	1.294370E+4	0.000000E+0	0.000000E+0
7.055268E+3	1.004360E-4	1.294360E+4	0.000000E+0	0.000000E+0
7.059267E+3	1.004440E-4	1.294340E+4	0.000000E+0	0.000000E+0
7.063265E+3	1.004330E-4	1.294330E+4	0.000000E+0	0.000000E+0
7.067271E+3	1.004400E-4	1.294330E+4	0.000000E+0	0.000000E+0
7.071273E+3	1.004360E-4	1.294320E+4	0.000000E+0	0.000000E+0
7.075273E+3	1.004380E-4	1.294320E+4	0.000000E+0	0.000000E+0
7.079271E+3	1.004370E-4	1.294330E+4	0.000000E+0	0.000000E+0
7.083269E+3	1.004430E-4	1.294300E+4	0.000000E+0	0.000000E+0
7.087266E+3	1.004400E-4	1.294310E+4	0.000000E+0	0.000000E+0
7.091269E+3	1.004400E-4	1.294280E+4	0.000000E+0	0.000000E+0
7.095266E+3	1.004410E-4	1.294250E+4	0.000000E+0	0.000000E+0
7.099268E+3	1.004420E-4	1.294210E+4	0.000000E+0	0.000000E+0
7.103269E+3	1.004390E-4	1.294190E+4	0.000000E+0	0.000000E+0
7.107272E+3	1.004440E-4	1.294150E+4	0.000000E+0	0.000000E+0
7.111271E+3	1.004400E-4	1.294110E+4	0.000000E+0	0.000000E+0
7.115267E+3	1.004440E-4	1.294090E+4	0.000000E+0	0.000000E+0
7.119266E+3	1.004450E-4	1.294050E+4	0.000000E+0	0.000000E+0
7.123267E+3	1.004440E-4	1.294030E+4	0.000000E+0	0.000000E+0
7.127269E+3	1.004420E-4	1.294010E+4	0.000000E+0	0.000000E+0
7.131269E+3	1.004440E-4	1.294000E+4	0.000000E+0	0.000000E+0
7.135265E+3	1.004400E-4	1.294000E+4	0.000000E+0	0.000000E+0
7.139270E+3	1.004440E-4	1.293990E+4	0.000000E+0	0.000000E+0
7.143275E+3	1.004390E-4	1.293990E+4	0.000000E+0	0.000000E+0
7.147271E+3	1.004450E-4	1.293980E+4	0.000000E+0	0.000000E+0
7.151268E+3	1.004420E-4	1.293970E+4	0.000000E+0	0.000000E+0
7.155271E+3	1.004470E-4	1.293940E+4	0.000000E+0	0.000000E+0
7.159270E+3	1.004410E-4	1.293910E+4	0.000000E+0	0.000000E+0
7.163270E+3	1.004440E-4	1.293890E+4	0.000000E+0	0.000000E+0
7.167266E+3	1.004420E-4	1.293880E+4	0.000000E+0	0.000000E+0
7.171269E+3	1.004460E-4	1.293850E+4	0.000000E+0	0.000000E+0
7.175273E+3	1.004440E-4	1.293850E+4	0.000000E+0	0.000000E+0
7.179271E+3	1.004480E-4	1.293840E+4	0.000000E+0	0.000000E+0
7.183268E+3	1.004430E-4	1.293800E+4	0.000000E+0	0.000000E+0
7.187269E+3	1.004480E-4	1.293760E+4	0.000000E+0	0.000000E+0
7.191274E+3	1.004440E-4	1.293740E+4	0.000000E+0	0.000000E+0
7.195271E+3	1.004480E-4	1.293700E+4	0.000000E+0	0.000000E+0
7.199267E+3	1.004450E-4	1.293670E+4	0.000000E+0	0.000000E+0
7.203270E+3	1.004470E-4	1.293630E+4	0.000000E+0	0.000000E+0
7.207266E+3	1.004440E-4	1.293590E+4	0.000000E+0	0.000000E+0
7.211272E+3	1.004650E-4	1.293570E+4	0.000000E+0	0.000000E+0
7.215270E+3	1.004390E-4	1.293540E+4	0.000000E+0	0.000000E+0
