
Medición hecha el 2026-06-23  04:43 p.m.

Medición de corriente y tensión en el tiempo con posibilidad de inyectar corriente.
Tiempo	Corriente	Tensión
8.328700E+1	-2.000700E-4	1.275180E+4	0.000000E+0	0.000000E+0
8.728600E+1	-2.000800E-4	1.275130E+4	0.000000E+0	0.000000E+0
9.126000E+1	-2.000800E-4	1.275100E+4	0.000000E+0	0.000000E+0
9.529900E+1	-2.000700E-4	1.275090E+4	0.000000E+0	0.000000E+0
9.928700E+1	-2.000700E-4	1.275060E+4	0.000000E+0	0.000000E+0
1.032580E+2	-2.000500E-4	1.275050E+4	0.000000E+0	0.000000E+0
1.072960E+2	-2.000400E-4	1.275050E+4	0.000000E+0	0.000000E+0
1.112850E+2	-2.000600E-4	1.275040E+4	0.000000E+0	0.000000E+0
1.152860E+2	-2.000400E-4	1.275010E+4	0.000000E+0	0.000000E+0
1.192820E+2	-2.000400E-4	1.275000E+4	0.000000E+0	0.000000E+0
1.232800E+2	-2.000700E-4	1.274990E+4	0.000000E+0	0.000000E+0
1.272840E+2	-2.000600E-4	1.274980E+4	0.000000E+0	0.000000E+0
1.312830E+2	-2.001000E-4	1.274940E+4	0.000000E+0	0.000000E+0
1.352800E+2	-2.000600E-4	1.274910E+4	0.000000E+0	0.000000E+0
1.392820E+2	-2.000600E-4	1.274860E+4	0.000000E+0	0.000000E+0
1.432830E+2	-2.000700E-4	1.274820E+4	0.000000E+0	0.000000E+0
1.472860E+2	-2.000800E-4	1.274770E+4	0.000000E+0	0.000000E+0
1.512850E+2	-2.001100E-4	1.274740E+4	0.000000E+0	0.000000E+0
1.552670E+2	-2.000700E-4	1.274730E+4	0.000000E+0	0.000000E+0
1.592990E+2	-2.000500E-4	1.274730E+4	0.000000E+0	0.000000E+0
1.632880E+2	-2.000700E-4	1.274710E+4	0.000000E+0	0.000000E+0
1.672610E+2	-2.000500E-4	1.274700E+4	0.000000E+0	0.000000E+0
1.712950E+2	-2.000500E-4	1.274660E+4	0.000000E+0	0.000000E+0
1.752830E+2	-2.000600E-4	1.274620E+4	0.000000E+0	0.000000E+0
1.792850E+2	-2.000400E-4	1.274580E+4	0.000000E+0	0.000000E+0
1.832840E+2	-2.000300E-4	1.274510E+4	0.000000E+0	0.000000E+0
1.872840E+2	-2.000500E-4	1.274470E+4	0.000000E+0	0.000000E+0
1.912810E+2	-2.000800E-4	1.274430E+4	0.000000E+0	0.000000E+0
1.952850E+2	-2.000600E-4	1.274400E+4	0.000000E+0	0.000000E+0
1.992870E+2	-2.000700E-4	1.274350E+4	0.000000E+0	0.000000E+0
2.032640E+2	-2.000500E-4	1.274330E+4	0.000000E+0	0.000000E+0
2.073050E+2	-2.000500E-4	1.274300E+4	0.000000E+0	0.000000E+0
2.112630E+2	-2.001100E-4	1.274280E+4	0.000000E+0	0.000000E+0
2.152950E+2	-2.000900E-4	1.274260E+4	0.000000E+0	0.000000E+0
2.192870E+2	-2.001000E-4	1.274240E+4	0.000000E+0	0.000000E+0
2.232660E+2	-2.001000E-4	1.274220E+4	0.000000E+0	0.000000E+0
2.273100E+2	-2.000900E-4	1.274200E+4	0.000000E+0	0.000000E+0
2.312640E+2	-2.001200E-4	1.274160E+4	0.000000E+0	0.000000E+0
2.353000E+2	-2.000900E-4	1.274140E+4	0.000000E+0	0.000000E+0
2.392860E+2	-2.001100E-4	1.274120E+4	0.000000E+0	0.000000E+0
2.432880E+2	-2.001100E-4	1.274090E+4	0.000000E+0	0.000000E+0
2.472850E+2	-2.000800E-4	1.274070E+4	0.000000E+0	0.000000E+0
2.512850E+2	-2.001100E-4	1.274040E+4	0.000000E+0	0.000000E+0
2.552850E+2	-2.001000E-4	1.274000E+4	0.000000E+0	0.000000E+0
2.592830E+2	-2.000800E-4	1.273970E+4	0.000000E+0	0.000000E+0
2.632850E+2	-2.000700E-4	1.273940E+4	0.000000E+0	0.000000E+0
2.672840E+2	-2.000700E-4	1.273910E+4	0.000000E+0	0.000000E+0
2.712830E+2	-2.000400E-4	1.273880E+4	0.000000E+0	0.000000E+0
2.752840E+2	-2.000700E-4	1.273840E+4	0.000000E+0	0.000000E+0
2.792840E+2	-2.000700E-4	1.273820E+4	0.000000E+0	0.000000E+0
2.832810E+2	-2.000500E-4	1.273790E+4	0.000000E+0	0.000000E+0
2.872840E+2	-2.000600E-4	1.273750E+4	0.000000E+0	0.000000E+0
2.912840E+2	-2.000700E-4	1.273720E+4	0.000000E+0	0.000000E+0
2.952890E+2	-2.000500E-4	1.273690E+4	0.000000E+0	0.000000E+0
2.992620E+2	-2.000800E-4	1.273670E+4	0.000000E+0	0.000000E+0
3.032950E+2	-2.000500E-4	1.273630E+4	0.000000E+0	0.000000E+0
3.072870E+2	-2.000700E-4	1.273600E+4	0.000000E+0	0.000000E+0
3.112630E+2	-2.000900E-4	1.273550E+4	0.000000E+0	0.000000E+0
3.152910E+2	-2.000900E-4	1.273490E+4	0.000000E+0	0.000000E+0
3.192850E+2	-2.000700E-4	1.273430E+4	0.000000E+0	0.000000E+0
3.232860E+2	-2.000900E-4	1.273380E+4	0.000000E+0	0.000000E+0
3.272850E+2	-2.000700E-4	1.273330E+4	0.000000E+0	0.000000E+0
3.312830E+2	-2.000500E-4	1.273300E+4	0.000000E+0	0.000000E+0
3.352880E+2	-2.000800E-4	1.273280E+4	0.000000E+0	0.000000E+0
3.392860E+2	-2.000600E-4	1.273230E+4	0.000000E+0	0.000000E+0
3.432840E+2	-2.001000E-4	1.273170E+4	0.000000E+0	0.000000E+0
3.472830E+2	-2.001100E-4	1.273120E+4	0.000000E+0	0.000000E+0
3.512810E+2	-2.001400E-4	1.273090E+4	0.000000E+0	0.000000E+0
3.552830E+2	-2.000900E-4	1.273060E+4	0.000000E+0	0.000000E+0
3.592870E+2	-2.001000E-4	1.273040E+4	0.000000E+0	0.000000E+0
3.632630E+2	-2.001000E-4	1.273020E+4	0.000000E+0	0.000000E+0
3.673010E+2	-2.001000E-4	1.273010E+4	0.000000E+0	0.000000E+0
3.712910E+2	-2.000900E-4	1.273000E+4	0.000000E+0	0.000000E+0
3.752630E+2	-2.001100E-4	1.272990E+4	0.000000E+0	0.000000E+0
3.792970E+2	-2.000700E-4	1.272980E+4	0.000000E+0	0.000000E+0
3.832840E+2	-2.000900E-4	1.272970E+4	0.000000E+0	0.000000E+0
3.872870E+2	-2.000900E-4	1.272970E+4	0.000000E+0	0.000000E+0
3.912880E+2	-2.000400E-4	1.272960E+4	0.000000E+0	0.000000E+0
3.952870E+2	-2.000600E-4	1.272950E+4	0.000000E+0	0.000000E+0
3.992650E+2	-2.000600E-4	1.272940E+4	0.000000E+0	0.000000E+0
4.033030E+2	-2.000600E-4	1.272910E+4	0.000000E+0	0.000000E+0
4.072630E+2	-2.000700E-4	1.272880E+4	0.000000E+0	0.000000E+0
4.112970E+2	-2.000600E-4	1.272860E+4	0.000000E+0	0.000000E+0
4.152840E+2	-2.000800E-4	1.272830E+4	0.000000E+0	0.000000E+0
4.192860E+2	-2.000900E-4	1.272790E+4	0.000000E+0	0.000000E+0
4.232850E+2	-2.000800E-4	1.272740E+4	0.000000E+0	0.000000E+0
4.272830E+2	-2.000800E-4	1.272690E+4	0.000000E+0	0.000000E+0
4.312850E+2	-2.000900E-4	1.272640E+4	0.000000E+0	0.000000E+0
4.352860E+2	-2.000800E-4	1.272610E+4	0.000000E+0	0.000000E+0
4.392860E+2	-2.000500E-4	1.272570E+4	0.000000E+0	0.000000E+0
4.432640E+2	-2.000700E-4	1.272560E+4	0.000000E+0	0.000000E+0
4.473010E+2	-2.000400E-4	1.272540E+4	0.000000E+0	0.000000E+0
4.512650E+2	-2.000600E-4	1.272520E+4	0.000000E+0	0.000000E+0
4.553060E+2	-2.000500E-4	1.272510E+4	0.000000E+0	0.000000E+0
4.592710E+2	-2.000700E-4	1.272520E+4	0.000000E+0	0.000000E+0
4.632990E+2	-2.000700E-4	1.272520E+4	0.000000E+0	0.000000E+0
4.672890E+2	-2.000600E-4	1.272510E+4	0.000000E+0	0.000000E+0
4.712600E+2	-2.000200E-4	1.272490E+4	0.000000E+0	0.000000E+0
4.752950E+2	-2.000200E-4	1.272460E+4	0.000000E+0	0.000000E+0
4.792890E+2	-2.000100E-4	1.272440E+4	0.000000E+0	0.000000E+0
4.832890E+2	-2.000300E-4	1.272410E+4	0.000000E+0	0.000000E+0
4.872870E+2	-2.000300E-4	1.272380E+4	0.000000E+0	0.000000E+0
4.912640E+2	-2.000300E-4	1.272360E+4	0.000000E+0	0.000000E+0
4.953030E+2	-2.000300E-4	1.272330E+4	0.000000E+0	0.000000E+0
4.992630E+2	-2.000200E-4	1.272290E+4	0.000000E+0	0.000000E+0
5.032980E+2	-2.000300E-4	1.272280E+4	0.000000E+0	0.000000E+0
5.072850E+2	-2.000500E-4	1.272260E+4	0.000000E+0	0.000000E+0
5.112880E+2	-2.000600E-4	1.272230E+4	0.000000E+0	0.000000E+0
5.152660E+2	-2.000500E-4	1.272200E+4	0.000000E+0	0.000000E+0
5.193000E+2	-2.000500E-4	1.272180E+4	0.000000E+0	0.000000E+0
5.232620E+2	-2.000300E-4	1.272150E+4	0.000000E+0	0.000000E+0
5.273060E+2	-2.000500E-4	1.272130E+4	0.000000E+0	0.000000E+0
5.312650E+2	-2.000500E-4	1.272100E+4	0.000000E+0	0.000000E+0
5.352990E+2	-2.000500E-4	1.272080E+4	0.000000E+0	0.000000E+0
5.392890E+2	-2.000500E-4	1.272050E+4	0.000000E+0	0.000000E+0
5.432680E+2	-2.000500E-4	1.272030E+4	0.000000E+0	0.000000E+0
5.473020E+2	-2.000400E-4	1.272000E+4	0.000000E+0	0.000000E+0
5.512660E+2	-2.000400E-4	1.271970E+4	0.000000E+0	0.000000E+0
5.553090E+2	-2.000500E-4	1.271940E+4	0.000000E+0	0.000000E+0
5.592680E+2	-2.000500E-4	1.271910E+4	0.000000E+0	0.000000E+0
5.633020E+2	-2.000500E-4	1.271870E+4	0.000000E+0	0.000000E+0
5.672610E+2	-2.000600E-4	1.271840E+4	0.000000E+0	0.000000E+0
5.713050E+2	-2.000200E-4	1.271820E+4	0.000000E+0	0.000000E+0
5.752680E+2	-2.000500E-4	1.271770E+4	0.000000E+0	0.000000E+0
5.793050E+2	-2.000300E-4	1.271740E+4	0.000000E+0	0.000000E+0
5.832660E+2	-2.000300E-4	1.271730E+4	0.000000E+0	0.000000E+0
5.873090E+2	-2.000000E-4	1.271720E+4	0.000000E+0	0.000000E+0
5.912670E+2	-2.000300E-4	1.271710E+4	0.000000E+0	0.000000E+0
5.953050E+2	-2.000400E-4	1.271680E+4	0.000000E+0	0.000000E+0
5.992660E+2	-2.000300E-4	1.271660E+4	0.000000E+0	0.000000E+0
6.032980E+2	-2.000300E-4	1.271660E+4	0.000000E+0	0.000000E+0
6.072780E+2	-2.000200E-4	1.271640E+4	0.000000E+0	0.000000E+0
6.112860E+2	-2.000200E-4	1.271620E+4	0.000000E+0	0.000000E+0
6.152640E+2	-1.999900E-4	1.271590E+4	0.000000E+0	0.000000E+0
6.192950E+2	-2.000200E-4	1.271580E+4	0.000000E+0	0.000000E+0
6.232840E+2	-2.000100E-4	1.271550E+4	0.000000E+0	0.000000E+0
6.272860E+2	-1.999700E-4	1.271520E+4	0.000000E+0	0.000000E+0
6.312800E+2	-1.999800E-4	1.271490E+4	0.000000E+0	0.000000E+0
6.352830E+2	-2.000100E-4	1.271460E+4	0.000000E+0	0.000000E+0
6.392890E+2	-1.999900E-4	1.271440E+4	0.000000E+0	0.000000E+0
6.432630E+2	-2.000100E-4	1.271420E+4	0.000000E+0	0.000000E+0
6.473050E+2	-2.000000E-4	1.271410E+4	0.000000E+0	0.000000E+0
6.512650E+2	-1.999900E-4	1.271380E+4	0.000000E+0	0.000000E+0
6.553080E+2	-2.000100E-4	1.271360E+4	0.000000E+0	0.000000E+0
6.592690E+2	-1.999900E-4	1.271320E+4	0.000000E+0	0.000000E+0
6.632990E+2	-2.000200E-4	1.271280E+4	0.000000E+0	0.000000E+0
6.672880E+2	-1.999900E-4	1.271260E+4	0.000000E+0	0.000000E+0
6.712640E+2	-1.999900E-4	1.271240E+4	0.000000E+0	0.000000E+0
6.752970E+2	-1.999800E-4	1.271230E+4	0.000000E+0	0.000000E+0
6.792880E+2	-1.999900E-4	1.271210E+4	0.000000E+0	0.000000E+0
6.832620E+2	-1.999800E-4	1.271200E+4	0.000000E+0	0.000000E+0
6.872810E+2	-1.999600E-4	1.271190E+4	0.000000E+0	0.000000E+0
6.912830E+2	-1.999500E-4	1.271160E+4	0.000000E+0	0.000000E+0
6.952950E+2	-1.999400E-4	1.271120E+4	0.000000E+0	0.000000E+0
6.992620E+2	-1.999800E-4	1.271080E+4	0.000000E+0	0.000000E+0
7.032970E+2	-1.999800E-4	1.271040E+4	0.000000E+0	0.000000E+0
7.072840E+2	-1.999800E-4	1.271010E+4	0.000000E+0	0.000000E+0
7.112870E+2	-2.000000E-4	1.270990E+4	0.000000E+0	0.000000E+0
7.152650E+2	-1.999900E-4	1.270970E+4	0.000000E+0	0.000000E+0
7.192950E+2	-1.999900E-4	1.270960E+4	0.000000E+0	0.000000E+0
7.232870E+2	-1.999700E-4	1.270950E+4	0.000000E+0	0.000000E+0
7.272820E+2	-2.000000E-4	1.270950E+4	0.000000E+0	0.000000E+0
7.312900E+2	-1.999900E-4	1.270950E+4	0.000000E+0	0.000000E+0
7.352600E+2	-1.999900E-4	1.270940E+4	0.000000E+0	0.000000E+0
7.392990E+2	-2.000000E-4	1.270920E+4	0.000000E+0	0.000000E+0
7.432850E+2	-1.999900E-4	1.270880E+4	0.000000E+0	0.000000E+0
7.472840E+2	-1.999700E-4	1.270860E+4	0.000000E+0	0.000000E+0
7.512850E+2	-1.999900E-4	1.270840E+4	0.000000E+0	0.000000E+0
7.552600E+2	-1.999900E-4	1.270830E+4	0.000000E+0	0.000000E+0
7.592990E+2	-2.000000E-4	1.270820E+4	0.000000E+0	0.000000E+0
7.632630E+2	-1.999700E-4	1.270800E+4	0.000000E+0	0.000000E+0
7.673090E+2	-1.999900E-4	1.270780E+4	0.000000E+0	0.000000E+0
7.712690E+2	-1.999900E-4	1.270770E+4	0.000000E+0	0.000000E+0
7.752990E+2	-1.999800E-4	1.270740E+4	0.000000E+0	0.000000E+0
7.792880E+2	-1.999700E-4	1.270720E+4	0.000000E+0	0.000000E+0
7.832610E+2	-1.999800E-4	1.270700E+4	0.000000E+0	0.000000E+0
7.873010E+2	-1.999800E-4	1.270670E+4	0.000000E+0	0.000000E+0
7.912880E+2	-1.999600E-4	1.270650E+4	0.000000E+0	0.000000E+0
7.952890E+2	-1.999800E-4	1.270600E+4	0.000000E+0	0.000000E+0
7.992880E+2	-1.999800E-4	1.270570E+4	0.000000E+0	0.000000E+0
8.032620E+2	-1.999400E-4	1.270540E+4	0.000000E+0	0.000000E+0
8.073040E+2	-1.999300E-4	1.270510E+4	0.000000E+0	0.000000E+0
8.112620E+2	-1.999200E-4	1.270460E+4	0.000000E+0	0.000000E+0
8.152960E+2	-1.999700E-4	1.270430E+4	0.000000E+0	0.000000E+0
8.192870E+2	-1.999700E-4	1.270410E+4	0.000000E+0	0.000000E+0
8.232870E+2	-1.999400E-4	1.270380E+4	0.000000E+0	0.000000E+0
8.272630E+2	-1.999400E-4	1.270350E+4	0.000000E+0	0.000000E+0
8.312990E+2	-1.999700E-4	1.270330E+4	0.000000E+0	0.000000E+0
8.352850E+2	-1.999600E-4	1.270310E+4	0.000000E+0	0.000000E+0
8.392850E+2	-1.999600E-4	1.270300E+4	0.000000E+0	0.000000E+0
8.432880E+2	-1.999800E-4	1.270280E+4	0.000000E+0	0.000000E+0
8.472630E+2	-1.999900E-4	1.270270E+4	0.000000E+0	0.000000E+0
8.512930E+2	-1.999800E-4	1.270270E+4	0.000000E+0	0.000000E+0
8.552820E+2	-1.999700E-4	1.270250E+4	0.000000E+0	0.000000E+0
8.592850E+2	-1.999900E-4	1.270240E+4	0.000000E+0	0.000000E+0
8.632850E+2	-1.999600E-4	1.270240E+4	0.000000E+0	0.000000E+0
8.672640E+2	-1.999900E-4	1.270230E+4	0.000000E+0	0.000000E+0
8.713070E+2	-1.999600E-4	1.270220E+4	0.000000E+0	0.000000E+0
8.752620E+2	-1.999500E-4	1.270180E+4	0.000000E+0	0.000000E+0
8.793060E+2	-1.999600E-4	1.270150E+4	0.000000E+0	0.000000E+0
8.832680E+2	-1.999700E-4	1.270120E+4	0.000000E+0	0.000000E+0
8.873060E+2	-1.999400E-4	1.270110E+4	0.000000E+0	0.000000E+0
8.912620E+2	-1.999400E-4	1.270090E+4	0.000000E+0	0.000000E+0
8.953060E+2	-1.999300E-4	1.270070E+4	0.000000E+0	0.000000E+0
8.992680E+2	-1.999600E-4	1.270060E+4	0.000000E+0	0.000000E+0
9.033010E+2	-1.999500E-4	1.270040E+4	0.000000E+0	0.000000E+0
9.072910E+2	-1.999400E-4	1.270020E+4	0.000000E+0	0.000000E+0
9.112600E+2	-1.999300E-4	1.269990E+4	0.000000E+0	0.000000E+0
9.153060E+2	-1.999600E-4	1.269970E+4	0.000000E+0	0.000000E+0
9.192670E+2	-1.999600E-4	1.269960E+4	0.000000E+0	0.000000E+0
9.233000E+2	-2.000000E-4	1.269940E+4	0.000000E+0	0.000000E+0
9.272870E+2	-1.999900E-4	1.269920E+4	0.000000E+0	0.000000E+0
9.312890E+2	-1.999800E-4	1.269900E+4	0.000000E+0	0.000000E+0
9.352640E+2	-2.000000E-4	1.269890E+4	0.000000E+0	0.000000E+0
9.393030E+2	-1.999800E-4	1.269870E+4	0.000000E+0	0.000000E+0
9.432900E+2	-2.000000E-4	1.269850E+4	0.000000E+0	0.000000E+0
9.472660E+2	-1.999600E-4	1.269830E+4	0.000000E+0	0.000000E+0
9.512930E+2	-1.999600E-4	1.269810E+4	0.000000E+0	0.000000E+0
9.552870E+2	-1.999700E-4	1.269770E+4	0.000000E+0	0.000000E+0
9.592620E+2	-1.999500E-4	1.269740E+4	0.000000E+0	0.000000E+0
9.632980E+2	-1.999800E-4	1.269730E+4	0.000000E+0	0.000000E+0
9.672610E+2	-1.999500E-4	1.269710E+4	0.000000E+0	0.000000E+0
9.713060E+2	-1.999800E-4	1.269700E+4	0.000000E+0	0.000000E+0
9.752670E+2	-1.999800E-4	1.269680E+4	0.000000E+0	0.000000E+0
9.793050E+2	-1.999700E-4	1.269670E+4	0.000000E+0	0.000000E+0
9.832610E+2	-1.999700E-4	1.269660E+4	0.000000E+0	0.000000E+0
9.873070E+2	-1.999700E-4	1.269650E+4	0.000000E+0	0.000000E+0
9.912730E+2	-1.999500E-4	1.269640E+4	0.000000E+0	0.000000E+0
9.953020E+2	-1.999500E-4	1.269650E+4	0.000000E+0	0.000000E+0
9.992590E+2	-1.999800E-4	1.269660E+4	0.000000E+0	0.000000E+0
1.003306E+3	-1.999500E-4	1.269640E+4	0.000000E+0	0.000000E+0
1.007265E+3	-2.000000E-4	1.269640E+4	0.000000E+0	0.000000E+0
1.011302E+3	-1.999800E-4	1.269630E+4	0.000000E+0	0.000000E+0
1.015261E+3	-2.000000E-4	1.269630E+4	0.000000E+0	0.000000E+0
1.019313E+3	-2.000100E-4	1.269630E+4	0.000000E+0	0.000000E+0
1.023264E+3	-1.999900E-4	1.269630E+4	0.000000E+0	0.000000E+0
1.027299E+3	-1.999800E-4	1.269610E+4	0.000000E+0	0.000000E+0
1.031261E+3	-1.999800E-4	1.269590E+4	0.000000E+0	0.000000E+0
1.035304E+3	-1.999900E-4	1.269570E+4	0.000000E+0	0.000000E+0
1.039265E+3	-1.999800E-4	1.269540E+4	0.000000E+0	0.000000E+0
1.043303E+3	-1.999800E-4	1.269520E+4	0.000000E+0	0.000000E+0
1.047262E+3	-1.999900E-4	1.269490E+4	0.000000E+0	0.000000E+0
1.051308E+3	-1.999700E-4	1.269470E+4	0.000000E+0	0.000000E+0
1.055267E+3	-1.999600E-4	1.269470E+4	0.000000E+0	0.000000E+0
1.059304E+3	-1.999700E-4	1.269450E+4	0.000000E+0	0.000000E+0
1.063266E+3	-1.999700E-4	1.269440E+4	0.000000E+0	0.000000E+0
1.067311E+3	-1.999700E-4	1.269400E+4	0.000000E+0	0.000000E+0
1.071267E+3	-1.999600E-4	1.269400E+4	0.000000E+0	0.000000E+0
1.075304E+3	-1.999900E-4	1.269390E+4	0.000000E+0	0.000000E+0
1.079265E+3	-1.999700E-4	1.269370E+4	0.000000E+0	0.000000E+0
1.083311E+3	-1.999900E-4	1.269340E+4	0.000000E+0	0.000000E+0
1.087268E+3	-1.999900E-4	1.269330E+4	0.000000E+0	0.000000E+0
1.091301E+3	-2.000000E-4	1.269270E+4	0.000000E+0	0.000000E+0
1.095263E+3	-1.999900E-4	1.269240E+4	0.000000E+0	0.000000E+0
1.099300E+3	-2.000100E-4	1.269170E+4	0.000000E+0	0.000000E+0
1.103277E+3	-1.999900E-4	1.269150E+4	0.000000E+0	0.000000E+0
1.107290E+3	-2.000000E-4	1.269120E+4	0.000000E+0	0.000000E+0
1.111258E+3	-2.000200E-4	1.269080E+4	0.000000E+0	0.000000E+0
1.115296E+3	-1.999800E-4	1.269050E+4	0.000000E+0	0.000000E+0
1.119287E+3	-2.000000E-4	1.269020E+4	0.000000E+0	0.000000E+0
1.123282E+3	-1.999900E-4	1.268990E+4	0.000000E+0	0.000000E+0
1.127290E+3	-1.999800E-4	1.268970E+4	0.000000E+0	0.000000E+0
1.131259E+3	-1.999400E-4	1.268950E+4	0.000000E+0	0.000000E+0
1.135295E+3	-1.999300E-4	1.268950E+4	0.000000E+0	0.000000E+0
1.139285E+3	-1.999500E-4	1.268930E+4	0.000000E+0	0.000000E+0
1.143283E+3	-1.999200E-4	1.268930E+4	0.000000E+0	0.000000E+0
1.147286E+3	-1.999600E-4	1.268910E+4	0.000000E+0	0.000000E+0
1.151262E+3	-1.999500E-4	1.268910E+4	0.000000E+0	0.000000E+0
1.155303E+3	-1.999500E-4	1.268900E+4	0.000000E+0	0.000000E+0
1.159259E+3	-1.999200E-4	1.268870E+4	0.000000E+0	0.000000E+0
1.163307E+3	-1.999300E-4	1.268860E+4	0.000000E+0	0.000000E+0
1.167270E+3	-1.999200E-4	1.268860E+4	0.000000E+0	0.000000E+0
1.171301E+3	-1.999300E-4	1.268840E+4	0.000000E+0	0.000000E+0
1.175263E+3	-1.999500E-4	1.268830E+4	0.000000E+0	0.000000E+0
1.179312E+3	-1.999300E-4	1.268820E+4	0.000000E+0	0.000000E+0
1.183267E+3	-1.999700E-4	1.268810E+4	0.000000E+0	0.000000E+0
1.187304E+3	-1.999400E-4	1.268800E+4	0.000000E+0	0.000000E+0
1.191262E+3	-1.999600E-4	1.268790E+4	0.000000E+0	0.000000E+0
1.195307E+3	-1.999800E-4	1.268770E+4	0.000000E+0	0.000000E+0
1.199271E+3	-1.999500E-4	1.268770E+4	0.000000E+0	0.000000E+0
1.203304E+3	-1.999500E-4	1.268750E+4	0.000000E+0	0.000000E+0
1.207262E+3	-1.999700E-4	1.268730E+4	0.000000E+0	0.000000E+0
1.211305E+3	-1.999700E-4	1.268710E+4	0.000000E+0	0.000000E+0
1.215267E+3	-1.999900E-4	1.268680E+4	0.000000E+0	0.000000E+0
1.219300E+3	-1.999300E-4	1.268680E+4	0.000000E+0	0.000000E+0
1.223264E+3	-1.999300E-4	1.268640E+4	0.000000E+0	0.000000E+0
1.227308E+3	-1.999500E-4	1.268620E+4	0.000000E+0	0.000000E+0
1.231265E+3	-1.999300E-4	1.268600E+4	0.000000E+0	0.000000E+0
1.235305E+3	-1.999500E-4	1.268600E+4	0.000000E+0	0.000000E+0
1.239267E+3	-1.999200E-4	1.268590E+4	0.000000E+0	0.000000E+0
1.243310E+3	-1.999400E-4	1.268580E+4	0.000000E+0	0.000000E+0
1.247269E+3	-1.999300E-4	1.268540E+4	0.000000E+0	0.000000E+0
1.251304E+3	-2.000100E-4	1.268500E+4	0.000000E+0	0.000000E+0
1.255262E+3	-1.999900E-4	1.268460E+4	0.000000E+0	0.000000E+0
1.259307E+3	-1.999800E-4	1.268440E+4	0.000000E+0	0.000000E+0
1.263272E+3	-2.000000E-4	1.268420E+4	0.000000E+0	0.000000E+0
1.267304E+3	-1.999900E-4	1.268410E+4	0.000000E+0	0.000000E+0
1.271265E+3	-1.999300E-4	1.268400E+4	0.000000E+0	0.000000E+0
1.275309E+3	-1.999200E-4	1.268400E+4	0.000000E+0	0.000000E+0
1.279281E+3	-1.999200E-4	1.268400E+4	0.000000E+0	0.000000E+0
1.283304E+3	-1.999500E-4	1.268380E+4	0.000000E+0	0.000000E+0
1.287260E+3	-1.999700E-4	1.268360E+4	0.000000E+0	0.000000E+0
1.291313E+3	-1.999900E-4	1.268340E+4	0.000000E+0	0.000000E+0
1.295267E+3	-1.999700E-4	1.268320E+4	0.000000E+0	0.000000E+0
1.299287E+3	-1.999300E-4	1.268290E+4	0.000000E+0	0.000000E+0
1.303268E+3	-1.999500E-4	1.268260E+4	0.000000E+0	0.000000E+0
1.307284E+3	-1.999700E-4	1.268260E+4	0.000000E+0	0.000000E+0
1.311277E+3	-1.999500E-4	1.268260E+4	0.000000E+0	0.000000E+0
1.315290E+3	-1.999600E-4	1.268280E+4	0.000000E+0	0.000000E+0
1.319267E+3	-1.999500E-4	1.268270E+4	0.000000E+0	0.000000E+0
1.323284E+3	-1.999700E-4	1.268260E+4	0.000000E+0	0.000000E+0
1.327283E+3	-1.999500E-4	1.268230E+4	0.000000E+0	0.000000E+0
1.331281E+3	-1.999700E-4	1.268210E+4	0.000000E+0	0.000000E+0
1.335291E+3	-1.999800E-4	1.268190E+4	0.000000E+0	0.000000E+0
1.339259E+3	-2.000100E-4	1.268170E+4	0.000000E+0	0.000000E+0
1.343298E+3	-1.999900E-4	1.268150E+4	0.000000E+0	0.000000E+0
1.347284E+3	-1.999200E-4	1.268140E+4	0.000000E+0	0.000000E+0
1.351284E+3	-1.999400E-4	1.268120E+4	0.000000E+0	0.000000E+0
1.355284E+3	-1.999700E-4	1.268090E+4	0.000000E+0	0.000000E+0
1.359278E+3	-1.999500E-4	1.268070E+4	0.000000E+0	0.000000E+0
1.363286E+3	-1.999700E-4	1.268050E+4	0.000000E+0	0.000000E+0
1.367281E+3	-1.999800E-4	1.268030E+4	0.000000E+0	0.000000E+0
1.371284E+3	-1.999400E-4	1.268010E+4	0.000000E+0	0.000000E+0
1.375279E+3	-1.999600E-4	1.267970E+4	0.000000E+0	0.000000E+0
1.379289E+3	-1.999400E-4	1.267960E+4	0.000000E+0	0.000000E+0
1.383285E+3	-1.999300E-4	1.267930E+4	0.000000E+0	0.000000E+0
1.387286E+3	-1.999400E-4	1.267910E+4	0.000000E+0	0.000000E+0
1.391261E+3	-1.999500E-4	1.267890E+4	0.000000E+0	0.000000E+0
1.395299E+3	-1.999400E-4	1.267890E+4	0.000000E+0	0.000000E+0
1.399287E+3	-1.999400E-4	1.267880E+4	0.000000E+0	0.000000E+0
1.403259E+3	-1.999200E-4	1.267870E+4	0.000000E+0	0.000000E+0
1.407293E+3	-1.999400E-4	1.267850E+4	0.000000E+0	0.000000E+0
1.411283E+3	-1.999000E-4	1.267840E+4	0.000000E+0	0.000000E+0
1.415283E+3	-1.998900E-4	1.267850E+4	0.000000E+0	0.000000E+0
1.419283E+3	-1.998900E-4	1.267840E+4	0.000000E+0	0.000000E+0
1.423280E+3	-1.999000E-4	1.267840E+4	0.000000E+0	0.000000E+0
1.427281E+3	-1.998700E-4	1.267840E+4	0.000000E+0	0.000000E+0
1.431283E+3	-1.998700E-4	1.267830E+4	0.000000E+0	0.000000E+0
1.435286E+3	-1.999000E-4	1.267810E+4	0.000000E+0	0.000000E+0
1.439264E+3	-1.999000E-4	1.267790E+4	0.000000E+0	0.000000E+0
1.443301E+3	-1.998800E-4	1.267780E+4	0.000000E+0	0.000000E+0
1.447289E+3	-1.999300E-4	1.267760E+4	0.000000E+0	0.000000E+0
1.451262E+3	-1.999000E-4	1.267750E+4	0.000000E+0	0.000000E+0
1.455299E+3	-1.999100E-4	1.267740E+4	0.000000E+0	0.000000E+0
1.459290E+3	-1.999500E-4	1.267730E+4	0.000000E+0	0.000000E+0
1.463263E+3	-1.999700E-4	1.267720E+4	0.000000E+0	0.000000E+0
1.467294E+3	-1.999400E-4	1.267700E+4	0.000000E+0	0.000000E+0
1.471282E+3	-1.999400E-4	1.267680E+4	0.000000E+0	0.000000E+0
1.475282E+3	-1.999400E-4	1.267680E+4	0.000000E+0	0.000000E+0
1.479285E+3	-1.999700E-4	1.267670E+4	0.000000E+0	0.000000E+0
1.483259E+3	-1.999500E-4	1.267660E+4	0.000000E+0	0.000000E+0
1.487297E+3	-1.999500E-4	1.267640E+4	0.000000E+0	0.000000E+0
1.491287E+3	-1.999500E-4	1.267600E+4	0.000000E+0	0.000000E+0
1.495283E+3	-1.999200E-4	1.267580E+4	0.000000E+0	0.000000E+0
1.499287E+3	-1.999500E-4	1.267570E+4	0.000000E+0	0.000000E+0
1.503263E+3	-1.999400E-4	1.267550E+4	0.000000E+0	0.000000E+0
1.507303E+3	-1.999200E-4	1.267540E+4	0.000000E+0	0.000000E+0
1.511290E+3	-1.999300E-4	1.267530E+4	0.000000E+0	0.000000E+0
1.515259E+3	-1.999500E-4	1.267520E+4	0.000000E+0	0.000000E+0
1.519295E+3	-1.999600E-4	1.267510E+4	0.000000E+0	0.000000E+0
1.523291E+3	-1.999500E-4	1.267490E+4	0.000000E+0	0.000000E+0
1.527266E+3	-1.999400E-4	1.267480E+4	0.000000E+0	0.000000E+0
1.531280E+3	-1.999300E-4	1.267450E+4	0.000000E+0	0.000000E+0
1.535286E+3	-1.999500E-4	1.267420E+4	0.000000E+0	0.000000E+0
1.539282E+3	-1.999300E-4	1.267400E+4	0.000000E+0	0.000000E+0
1.543289E+3	-1.998700E-4	1.267390E+4	0.000000E+0	0.000000E+0
1.547262E+3	-1.998900E-4	1.267370E+4	0.000000E+0	0.000000E+0
1.551297E+3	-1.999000E-4	1.267370E+4	0.000000E+0	0.000000E+0
1.555281E+3	-1.999100E-4	1.267360E+4	0.000000E+0	0.000000E+0
1.559283E+3	-1.999200E-4	1.267350E+4	0.000000E+0	0.000000E+0
1.563285E+3	-1.999300E-4	1.267330E+4	0.000000E+0	0.000000E+0
1.567282E+3	-1.999400E-4	1.267310E+4	0.000000E+0	0.000000E+0
1.571285E+3	-1.999100E-4	1.267280E+4	0.000000E+0	0.000000E+0
1.575290E+3	-1.999200E-4	1.267250E+4	0.000000E+0	0.000000E+0
1.579340E+3	-1.999800E-4	1.267230E+4	0.000000E+0	0.000000E+0
1.583264E+3	-1.999200E-4	1.267190E+4	0.000000E+0	0.000000E+0
1.587303E+3	-1.999400E-4	1.267180E+4	0.000000E+0	0.000000E+0
1.591401E+3	-1.999100E-4	1.267150E+4	0.000000E+0	0.000000E+0
1.595300E+3	-1.999000E-4	1.267140E+4	0.000000E+0	0.000000E+0
1.599267E+3	-1.999000E-4	1.267120E+4	0.000000E+0	0.000000E+0
1.603305E+3	-1.998900E-4	1.267090E+4	0.000000E+0	0.000000E+0
1.607261E+3	-1.999300E-4	1.267080E+4	0.000000E+0	0.000000E+0
1.611304E+3	-1.999400E-4	1.267050E+4	0.000000E+0	0.000000E+0
1.615265E+3	-1.999300E-4	1.267030E+4	0.000000E+0	0.000000E+0
1.619303E+3	-1.999200E-4	1.267020E+4	0.000000E+0	0.000000E+0
1.623265E+3	-1.999300E-4	1.267000E+4	0.000000E+0	0.000000E+0
1.627301E+3	-1.999100E-4	1.266980E+4	0.000000E+0	0.000000E+0
1.631264E+3	-1.999200E-4	1.266960E+4	0.000000E+0	0.000000E+0
1.635307E+3	-1.999500E-4	1.266930E+4	0.000000E+0	0.000000E+0
1.639264E+3	-1.999400E-4	1.266930E+4	0.000000E+0	0.000000E+0
1.643295E+3	-1.998900E-4	1.266910E+4	0.000000E+0	0.000000E+0
1.647305E+3	-1.998900E-4	1.266900E+4	0.000000E+0	0.000000E+0
1.651263E+3	-1.999000E-4	1.266900E+4	0.000000E+0	0.000000E+0
1.655305E+3	-1.999600E-4	1.266900E+4	0.000000E+0	0.000000E+0
1.659262E+3	-1.999400E-4	1.266870E+4	0.000000E+0	0.000000E+0
1.663296E+3	-1.999400E-4	1.266860E+4	0.000000E+0	0.000000E+0
1.667284E+3	-1.999200E-4	1.266850E+4	0.000000E+0	0.000000E+0
1.671281E+3	-1.999400E-4	1.266840E+4	0.000000E+0	0.000000E+0
1.675282E+3	-1.999400E-4	1.266840E+4	0.000000E+0	0.000000E+0
1.679280E+3	-1.999500E-4	1.266840E+4	0.000000E+0	0.000000E+0
1.683280E+3	-1.999500E-4	1.266840E+4	0.000000E+0	0.000000E+0
1.687280E+3	-1.999300E-4	1.266840E+4	0.000000E+0	0.000000E+0
1.691285E+3	-1.999500E-4	1.266830E+4	0.000000E+0	0.000000E+0
1.695283E+3	-1.999400E-4	1.266820E+4	0.000000E+0	0.000000E+0
1.699282E+3	-1.999600E-4	1.266800E+4	0.000000E+0	0.000000E+0
1.703284E+3	-1.999400E-4	1.266770E+4	0.000000E+0	0.000000E+0
1.707285E+3	-1.999400E-4	1.266750E+4	0.000000E+0	0.000000E+0
1.711261E+3	-1.999800E-4	1.266730E+4	0.000000E+0	0.000000E+0
1.715299E+3	-2.000000E-4	1.266720E+4	0.000000E+0	0.000000E+0
1.719260E+3	-1.999700E-4	1.266730E+4	0.000000E+0	0.000000E+0
1.723308E+3	-1.999700E-4	1.266720E+4	0.000000E+0	0.000000E+0
1.727262E+3	-1.999800E-4	1.266700E+4	0.000000E+0	0.000000E+0
1.731298E+3	-1.999600E-4	1.266670E+4	0.000000E+0	0.000000E+0
1.735281E+3	-1.999700E-4	1.266640E+4	0.000000E+0	0.000000E+0
1.739283E+3	-1.999400E-4	1.266610E+4	0.000000E+0	0.000000E+0
1.743415E+3	-1.999400E-4	1.266580E+4	0.000000E+0	0.000000E+0
1.747268E+3	-1.999500E-4	1.266550E+4	0.000000E+0	0.000000E+0
1.751297E+3	-1.999900E-4	1.266540E+4	0.000000E+0	0.000000E+0
1.755288E+3	-1.999800E-4	1.266530E+4	0.000000E+0	0.000000E+0
1.759263E+3	-1.999700E-4	1.266520E+4	0.000000E+0	0.000000E+0
1.763295E+3	-1.999800E-4	1.266510E+4	0.000000E+0	0.000000E+0
1.767285E+3	-1.999800E-4	1.266480E+4	0.000000E+0	0.000000E+0
1.771284E+3	-2.000000E-4	1.266470E+4	0.000000E+0	0.000000E+0
1.775288E+3	-1.999700E-4	1.266460E+4	0.000000E+0	0.000000E+0
1.779263E+3	-2.000000E-4	1.266460E+4	0.000000E+0	0.000000E+0
1.783302E+3	-1.999900E-4	1.266440E+4	0.000000E+0	0.000000E+0
1.787261E+3	-1.999700E-4	1.266420E+4	0.000000E+0	0.000000E+0
1.791305E+3	-1.999700E-4	1.266410E+4	0.000000E+0	0.000000E+0
1.795269E+3	-1.999900E-4	1.266390E+4	0.000000E+0	0.000000E+0
1.799295E+3	-1.999800E-4	1.266370E+4	0.000000E+0	0.000000E+0
1.803285E+3	-1.999900E-4	1.266330E+4	0.000000E+0	0.000000E+0
1.807284E+3	-1.999800E-4	1.266300E+4	0.000000E+0	0.000000E+0
1.811285E+3	-2.000000E-4	1.266270E+4	0.000000E+0	0.000000E+0
1.815283E+3	-1.999800E-4	1.266230E+4	0.000000E+0	0.000000E+0
1.819282E+3	-1.999700E-4	1.266240E+4	0.000000E+0	0.000000E+0
1.823284E+3	-1.999700E-4	1.266230E+4	0.000000E+0	0.000000E+0
1.827287E+3	-1.999700E-4	1.266230E+4	0.000000E+0	0.000000E+0
1.831263E+3	-2.000000E-4	1.266220E+4	0.000000E+0	0.000000E+0
1.835302E+3	-1.999900E-4	1.266210E+4	0.000000E+0	0.000000E+0
1.839263E+3	-1.999500E-4	1.266190E+4	0.000000E+0	0.000000E+0
1.843308E+3	-1.999700E-4	1.266190E+4	0.000000E+0	0.000000E+0
1.847271E+3	-1.999800E-4	1.266180E+4	0.000000E+0	0.000000E+0
1.851300E+3	-1.999600E-4	1.266190E+4	0.000000E+0	0.000000E+0
1.855260E+3	-1.999900E-4	1.266170E+4	0.000000E+0	0.000000E+0
1.859290E+3	-1.999900E-4	1.266170E+4	0.000000E+0	0.000000E+0
1.863275E+3	-1.999800E-4	1.266160E+4	0.000000E+0	0.000000E+0
1.867287E+3	-1.999800E-4	1.266140E+4	0.000000E+0	0.000000E+0
1.871264E+3	-1.999800E-4	1.266130E+4	0.000000E+0	0.000000E+0
1.875302E+3	-1.999800E-4	1.266130E+4	0.000000E+0	0.000000E+0
1.879265E+3	-2.000000E-4	1.266120E+4	0.000000E+0	0.000000E+0
1.883306E+3	-2.000000E-4	1.266110E+4	0.000000E+0	0.000000E+0
1.887264E+3	-1.999600E-4	1.266090E+4	0.000000E+0	0.000000E+0
1.891306E+3	-1.999900E-4	1.266090E+4	0.000000E+0	0.000000E+0
1.895286E+3	-1.999800E-4	1.266080E+4	0.000000E+0	0.000000E+0
1.899260E+3	-1.999700E-4	1.266080E+4	0.000000E+0	0.000000E+0
1.903303E+3	-1.999800E-4	1.266070E+4	0.000000E+0	0.000000E+0
1.907288E+3	-1.999800E-4	1.266060E+4	0.000000E+0	0.000000E+0
1.911260E+3	-1.999800E-4	1.266040E+4	0.000000E+0	0.000000E+0
1.915296E+3	-1.999700E-4	1.266020E+4	0.000000E+0	0.000000E+0
1.919292E+3	-1.999800E-4	1.266000E+4	0.000000E+0	0.000000E+0
1.923283E+3	-1.999700E-4	1.266010E+4	0.000000E+0	0.000000E+0
1.927284E+3	-2.000000E-4	1.266000E+4	0.000000E+0	0.000000E+0
1.931281E+3	-1.999700E-4	1.265990E+4	0.000000E+0	0.000000E+0
1.935282E+3	-1.999700E-4	1.265980E+4	0.000000E+0	0.000000E+0
1.939282E+3	-1.999700E-4	1.265960E+4	0.000000E+0	0.000000E+0
1.943281E+3	-1.999600E-4	1.265950E+4	0.000000E+0	0.000000E+0
1.947280E+3	-1.999700E-4	1.265920E+4	0.000000E+0	0.000000E+0
1.951282E+3	-1.999700E-4	1.265910E+4	0.000000E+0	0.000000E+0
1.955281E+3	-1.999500E-4	1.265890E+4	0.000000E+0	0.000000E+0
1.959287E+3	-1.999300E-4	1.265870E+4	0.000000E+0	0.000000E+0
1.963261E+3	-1.999600E-4	1.265850E+4	0.000000E+0	0.000000E+0
1.967302E+3	-1.999700E-4	1.265840E+4	0.000000E+0	0.000000E+0
1.971290E+3	-1.999500E-4	1.265830E+4	0.000000E+0	0.000000E+0
1.975260E+3	-1.999300E-4	1.265820E+4	0.000000E+0	0.000000E+0
1.979293E+3	-1.999200E-4	1.265820E+4	0.000000E+0	0.000000E+0
1.983284E+3	-1.999500E-4	1.265790E+4	0.000000E+0	0.000000E+0
1.987285E+3	-1.999300E-4	1.265780E+4	0.000000E+0	0.000000E+0
1.991284E+3	-1.999700E-4	1.265760E+4	0.000000E+0	0.000000E+0
1.995281E+3	-1.999400E-4	1.265760E+4	0.000000E+0	0.000000E+0
1.999282E+3	-1.999500E-4	1.265750E+4	0.000000E+0	0.000000E+0
2.003283E+3	-1.999500E-4	1.265750E+4	0.000000E+0	0.000000E+0
2.007283E+3	-1.999300E-4	1.265740E+4	0.000000E+0	0.000000E+0
2.011281E+3	-1.999600E-4	1.265720E+4	0.000000E+0	0.000000E+0
2.015283E+3	-1.999100E-4	1.265700E+4	0.000000E+0	0.000000E+0
2.019281E+3	-1.999400E-4	1.265690E+4	0.000000E+0	0.000000E+0
2.023282E+3	-1.999400E-4	1.265670E+4	0.000000E+0	0.000000E+0
2.027263E+3	-1.999300E-4	1.265650E+4	0.000000E+0	0.000000E+0
2.031297E+3	-1.999100E-4	1.265640E+4	0.000000E+0	0.000000E+0
2.035263E+3	-1.999100E-4	1.265610E+4	0.000000E+0	0.000000E+0
2.039310E+3	-1.999400E-4	1.265600E+4	0.000000E+0	0.000000E+0
2.043271E+3	-1.999300E-4	1.265570E+4	0.000000E+0	0.000000E+0
2.047285E+3	-1.999300E-4	1.265550E+4	0.000000E+0	0.000000E+0
2.051287E+3	-1.999300E-4	1.265550E+4	0.000000E+0	0.000000E+0
2.055259E+3	-1.999400E-4	1.265530E+4	0.000000E+0	0.000000E+0
2.059297E+3	-1.999400E-4	1.265520E+4	0.000000E+0	0.000000E+0
2.063289E+3	-1.999400E-4	1.265520E+4	0.000000E+0	0.000000E+0
2.067288E+3	-1.999500E-4	1.265510E+4	0.000000E+0	0.000000E+0
2.071290E+3	-1.999300E-4	1.265480E+4	0.000000E+0	0.000000E+0
2.075264E+3	-1.999300E-4	1.265460E+4	0.000000E+0	0.000000E+0
2.079301E+3	-1.999300E-4	1.265440E+4	0.000000E+0	0.000000E+0
2.083289E+3	-1.999300E-4	1.265430E+4	0.000000E+0	0.000000E+0
2.087261E+3	-1.999200E-4	1.265410E+4	0.000000E+0	0.000000E+0
2.091297E+3	-1.999300E-4	1.265400E+4	0.000000E+0	0.000000E+0
2.095289E+3	-1.999200E-4	1.265380E+4	0.000000E+0	0.000000E+0
2.099283E+3	-1.999300E-4	1.265370E+4	0.000000E+0	0.000000E+0
2.103286E+3	-1.999400E-4	1.265350E+4	0.000000E+0	0.000000E+0
2.107266E+3	-1.999200E-4	1.265340E+4	0.000000E+0	0.000000E+0
2.111299E+3	-1.999200E-4	1.265340E+4	0.000000E+0	0.000000E+0
2.115286E+3	-1.999000E-4	1.265320E+4	0.000000E+0	0.000000E+0
2.119262E+3	-1.999300E-4	1.265320E+4	0.000000E+0	0.000000E+0
2.123296E+3	-1.999500E-4	1.265310E+4	0.000000E+0	0.000000E+0
2.127289E+3	-1.999300E-4	1.265300E+4	0.000000E+0	0.000000E+0
2.131284E+3	-1.999600E-4	1.265290E+4	0.000000E+0	0.000000E+0
2.135289E+3	-1.999600E-4	1.265270E+4	0.000000E+0	0.000000E+0
2.139282E+3	-1.999300E-4	1.265250E+4	0.000000E+0	0.000000E+0
2.143282E+3	-1.999500E-4	1.265250E+4	0.000000E+0	0.000000E+0
2.147285E+3	-1.999700E-4	1.265240E+4	0.000000E+0	0.000000E+0
2.151287E+3	-1.999900E-4	1.265220E+4	0.000000E+0	0.000000E+0
2.155264E+3	-1.999900E-4	1.265210E+4	0.000000E+0	0.000000E+0
2.159303E+3	-1.999800E-4	1.265210E+4	0.000000E+0	0.000000E+0
2.163266E+3	-2.000000E-4	1.265200E+4	0.000000E+0	0.000000E+0
2.167311E+3	-2.000000E-4	1.265180E+4	0.000000E+0	0.000000E+0
2.171271E+3	-1.999800E-4	1.265170E+4	0.000000E+0	0.000000E+0
2.175306E+3	-1.999900E-4	1.265170E+4	0.000000E+0	0.000000E+0
2.179271E+3	-1.999700E-4	1.265150E+4	0.000000E+0	0.000000E+0
2.183306E+3	-1.999900E-4	1.265150E+4	0.000000E+0	0.000000E+0
2.187265E+3	-2.000000E-4	1.265140E+4	0.000000E+0	0.000000E+0
2.191305E+3	-1.999200E-4	1.265130E+4	0.000000E+0	0.000000E+0
2.195263E+3	-1.999500E-4	1.265130E+4	0.000000E+0	0.000000E+0
2.199315E+3	-1.999400E-4	1.265110E+4	0.000000E+0	0.000000E+0
2.203270E+3	-1.999200E-4	1.265110E+4	0.000000E+0	0.000000E+0
2.207299E+3	-1.999600E-4	1.265090E+4	0.000000E+0	0.000000E+0
2.211284E+3	-1.999500E-4	1.265080E+4	0.000000E+0	0.000000E+0
2.215284E+3	-1.999400E-4	1.265070E+4	0.000000E+0	0.000000E+0
2.219289E+3	-1.999500E-4	1.265050E+4	0.000000E+0	0.000000E+0
2.223263E+3	-1.999200E-4	1.265040E+4	0.000000E+0	0.000000E+0
2.227305E+3	-1.999400E-4	1.265030E+4	0.000000E+0	0.000000E+0
2.231263E+3	-1.999300E-4	1.265020E+4	0.000000E+0	0.000000E+0
2.235310E+3	-1.999000E-4	1.265010E+4	0.000000E+0	0.000000E+0
2.239266E+3	-1.998900E-4	1.265000E+4	0.000000E+0	0.000000E+0
2.243305E+3	-1.999300E-4	1.264980E+4	0.000000E+0	0.000000E+0
2.247266E+3	-1.999500E-4	1.264970E+4	0.000000E+0	0.000000E+0
2.251308E+3	-1.999400E-4	1.264960E+4	0.000000E+0	0.000000E+0
2.255267E+3	-1.999500E-4	1.264930E+4	0.000000E+0	0.000000E+0
2.259300E+3	-1.999300E-4	1.264920E+4	0.000000E+0	0.000000E+0
2.263293E+3	-1.999400E-4	1.264900E+4	0.000000E+0	0.000000E+0
2.267262E+3	-1.999200E-4	1.264900E+4	0.000000E+0	0.000000E+0
2.271296E+3	-1.999200E-4	1.264890E+4	0.000000E+0	0.000000E+0
2.275289E+3	-1.998900E-4	1.264870E+4	0.000000E+0	0.000000E+0
2.279285E+3	-1.999300E-4	1.264860E+4	0.000000E+0	0.000000E+0
2.283289E+3	-1.999100E-4	1.264850E+4	0.000000E+0	0.000000E+0
2.287263E+3	-1.999400E-4	1.264850E+4	0.000000E+0	0.000000E+0
2.291302E+3	-1.999200E-4	1.264840E+4	0.000000E+0	0.000000E+0
2.295265E+3	-1.999200E-4	1.264840E+4	0.000000E+0	0.000000E+0
2.299313E+3	-1.999500E-4	1.264830E+4	0.000000E+0	0.000000E+0
2.303268E+3	-1.999200E-4	1.264820E+4	0.000000E+0	0.000000E+0
2.307306E+3	-1.999100E-4	1.264790E+4	0.000000E+0	0.000000E+0
2.311267E+3	-1.999500E-4	1.264790E+4	0.000000E+0	0.000000E+0
2.315307E+3	-1.999300E-4	1.264770E+4	0.000000E+0	0.000000E+0
2.319267E+3	-1.999300E-4	1.264760E+4	0.000000E+0	0.000000E+0
2.323305E+3	-1.999300E-4	1.264750E+4	0.000000E+0	0.000000E+0
2.327264E+3	-1.999300E-4	1.264740E+4	0.000000E+0	0.000000E+0
2.331311E+3	-1.999300E-4	1.264720E+4	0.000000E+0	0.000000E+0
2.335276E+3	-1.999400E-4	1.264690E+4	0.000000E+0	0.000000E+0
2.339287E+3	-1.999400E-4	1.264630E+4	0.000000E+0	0.000000E+0
2.343282E+3	-1.999300E-4	1.264580E+4	0.000000E+0	0.000000E+0
2.347283E+3	-1.999700E-4	1.264540E+4	0.000000E+0	0.000000E+0
2.351288E+3	-1.999500E-4	1.264530E+4	0.000000E+0	0.000000E+0
2.355286E+3	-1.999500E-4	1.264520E+4	0.000000E+0	0.000000E+0
2.359285E+3	-1.999600E-4	1.264530E+4	0.000000E+0	0.000000E+0
2.363284E+3	-1.999700E-4	1.264530E+4	0.000000E+0	0.000000E+0
2.367287E+3	-1.999600E-4	1.264530E+4	0.000000E+0	0.000000E+0
2.371291E+3	-1.999700E-4	1.264540E+4	0.000000E+0	0.000000E+0
2.375267E+3	-1.999500E-4	1.264520E+4	0.000000E+0	0.000000E+0
2.379301E+3	-1.999700E-4	1.264500E+4	0.000000E+0	0.000000E+0
2.383263E+3	-1.999500E-4	1.264510E+4	0.000000E+0	0.000000E+0
2.387306E+3	-1.999600E-4	1.264490E+4	0.000000E+0	0.000000E+0
2.391265E+3	-1.999500E-4	1.264470E+4	0.000000E+0	0.000000E+0
2.395298E+3	-1.999500E-4	1.264440E+4	0.000000E+0	0.000000E+0
2.399289E+3	-1.999500E-4	1.264410E+4	0.000000E+0	0.000000E+0
2.403333E+3	-1.999400E-4	1.264400E+4	0.000000E+0	0.000000E+0
2.407311E+3	-1.999400E-4	1.264390E+4	0.000000E+0	0.000000E+0
2.411257E+3	-1.999700E-4	1.264380E+4	0.000000E+0	0.000000E+0
2.415306E+3	-1.999500E-4	1.264390E+4	0.000000E+0	0.000000E+0
2.419266E+3	-1.999500E-4	1.264400E+4	0.000000E+0	0.000000E+0
2.423300E+3	-1.999400E-4	1.264400E+4	0.000000E+0	0.000000E+0
2.427292E+3	-1.999600E-4	1.264400E+4	0.000000E+0	0.000000E+0
2.431261E+3	-1.999500E-4	1.264410E+4	0.000000E+0	0.000000E+0
2.435300E+3	-1.999700E-4	1.264410E+4	0.000000E+0	0.000000E+0
2.439261E+3	-1.999900E-4	1.264410E+4	0.000000E+0	0.000000E+0
2.443304E+3	-2.000100E-4	1.264400E+4	0.000000E+0	0.000000E+0
2.447265E+3	-1.999800E-4	1.264390E+4	0.000000E+0	0.000000E+0
2.451301E+3	-1.999600E-4	1.264390E+4	0.000000E+0	0.000000E+0
2.455262E+3	-1.999900E-4	1.264380E+4	0.000000E+0	0.000000E+0
2.459309E+3	-2.000100E-4	1.264370E+4	0.000000E+0	0.000000E+0
2.463268E+3	-2.000000E-4	1.264360E+4	0.000000E+0	0.000000E+0
2.467288E+3	-1.999800E-4	1.264360E+4	0.000000E+0	0.000000E+0
2.471262E+3	-1.999900E-4	1.264350E+4	0.000000E+0	0.000000E+0
2.475309E+3	-1.999900E-4	1.264340E+4	0.000000E+0	0.000000E+0
2.479321E+3	-2.000200E-4	1.264330E+4	0.000000E+0	0.000000E+0
2.483260E+3	-2.000200E-4	1.264330E+4	0.000000E+0	0.000000E+0
2.487303E+3	-2.000300E-4	1.264310E+4	0.000000E+0	0.000000E+0
2.491266E+3	-2.000000E-4	1.264300E+4	0.000000E+0	0.000000E+0
2.495295E+3	-2.000300E-4	1.264290E+4	0.000000E+0	0.000000E+0
2.499285E+3	-2.000100E-4	1.264290E+4	0.000000E+0	0.000000E+0
2.503288E+3	-2.000500E-4	1.264270E+4	0.000000E+0	0.000000E+0
2.507256E+3	-2.000300E-4	1.264270E+4	0.000000E+0	0.000000E+0
2.511297E+3	-2.000300E-4	1.264260E+4	0.000000E+0	0.000000E+0
2.515312E+3	-2.000300E-4	1.264250E+4	0.000000E+0	0.000000E+0
2.519261E+3	-1.999900E-4	1.264250E+4	0.000000E+0	0.000000E+0
2.523311E+3	-2.000300E-4	1.264230E+4	0.000000E+0	0.000000E+0
2.527269E+3	-2.000200E-4	1.264230E+4	0.000000E+0	0.000000E+0
2.531300E+3	-2.000200E-4	1.264200E+4	0.000000E+0	0.000000E+0
2.535263E+3	-2.000000E-4	1.264220E+4	0.000000E+0	0.000000E+0
2.539297E+3	-1.999700E-4	1.264230E+4	0.000000E+0	0.000000E+0
2.543285E+3	-1.999800E-4	1.264220E+4	0.000000E+0	0.000000E+0
2.547286E+3	-1.999900E-4	1.264210E+4	0.000000E+0	0.000000E+0
2.551301E+3	-1.999500E-4	1.264180E+4	0.000000E+0	0.000000E+0
2.555254E+3	-1.999800E-4	1.264160E+4	0.000000E+0	0.000000E+0
2.559301E+3	-1.999500E-4	1.264150E+4	0.000000E+0	0.000000E+0
2.563267E+3	-1.999700E-4	1.264150E+4	0.000000E+0	0.000000E+0
2.567306E+3	-1.999600E-4	1.264140E+4	0.000000E+0	0.000000E+0
2.571263E+3	-1.999700E-4	1.264140E+4	0.000000E+0	0.000000E+0
2.575299E+3	-1.999700E-4	1.264120E+4	0.000000E+0	0.000000E+0
2.579287E+3	-1.999500E-4	1.264110E+4	0.000000E+0	0.000000E+0
2.583286E+3	-1.999700E-4	1.264100E+4	0.000000E+0	0.000000E+0
2.587286E+3	-1.999700E-4	1.264090E+4	0.000000E+0	0.000000E+0
2.591284E+3	-1.999400E-4	1.264080E+4	0.000000E+0	0.000000E+0
2.595290E+3	-1.999700E-4	1.264070E+4	0.000000E+0	0.000000E+0
2.599290E+3	-1.999700E-4	1.264050E+4	0.000000E+0	0.000000E+0
2.603263E+3	-1.999500E-4	1.264040E+4	0.000000E+0	0.000000E+0
2.607295E+3	-1.999400E-4	1.264020E+4	0.000000E+0	0.000000E+0
2.611297E+3	-1.999500E-4	1.264010E+4	0.000000E+0	0.000000E+0
2.615284E+3	-1.999100E-4	1.264000E+4	0.000000E+0	0.000000E+0
2.619288E+3	-1.998700E-4	1.263990E+4	0.000000E+0	0.000000E+0
2.623285E+3	-1.998600E-4	1.263980E+4	0.000000E+0	0.000000E+0
2.627286E+3	-1.998800E-4	1.263980E+4	0.000000E+0	0.000000E+0
2.631260E+3	-1.999200E-4	1.263990E+4	0.000000E+0	0.000000E+0
2.635304E+3	-1.999000E-4	1.263980E+4	0.000000E+0	0.000000E+0
2.639259E+3	-1.998900E-4	1.263950E+4	0.000000E+0	0.000000E+0
2.643476E+3	-1.999100E-4	1.263940E+4	0.000000E+0	0.000000E+0
2.647269E+3	-1.999200E-4	1.263930E+4	0.000000E+0	0.000000E+0
2.651283E+3	-1.999100E-4	1.263930E+4	0.000000E+0	0.000000E+0
2.655288E+3	-1.998800E-4	1.263930E+4	0.000000E+0	0.000000E+0
2.659326E+3	-1.998800E-4	1.263930E+4	0.000000E+0	0.000000E+0
2.663267E+3	-1.999100E-4	1.263910E+4	0.000000E+0	0.000000E+0
2.667299E+3	-1.999000E-4	1.263910E+4	0.000000E+0	0.000000E+0
2.671291E+3	-1.998900E-4	1.263900E+4	0.000000E+0	0.000000E+0
2.675262E+3	-1.999100E-4	1.263890E+4	0.000000E+0	0.000000E+0
2.679302E+3	-1.999000E-4	1.263870E+4	0.000000E+0	0.000000E+0
2.683262E+3	-1.998900E-4	1.263870E+4	0.000000E+0	0.000000E+0
2.687299E+3	-1.999100E-4	1.263850E+4	0.000000E+0	0.000000E+0
2.691285E+3	-1.998800E-4	1.263830E+4	0.000000E+0	0.000000E+0
2.695290E+3	-1.998900E-4	1.263820E+4	0.000000E+0	0.000000E+0
2.699256E+3	-1.998800E-4	1.263820E+4	0.000000E+0	0.000000E+0
2.703300E+3	-1.999100E-4	1.263810E+4	0.000000E+0	0.000000E+0
2.707285E+3	-1.998700E-4	1.263800E+4	0.000000E+0	0.000000E+0
2.711290E+3	-1.998600E-4	1.263800E+4	0.000000E+0	0.000000E+0
2.715259E+3	-1.998900E-4	1.263780E+4	0.000000E+0	0.000000E+0
2.719297E+3	-1.998900E-4	1.263780E+4	0.000000E+0	0.000000E+0
2.723283E+3	-1.999000E-4	1.263780E+4	0.000000E+0	0.000000E+0
2.727283E+3	-1.998900E-4	1.263770E+4	0.000000E+0	0.000000E+0
2.731330E+3	-1.999000E-4	1.263750E+4	0.000000E+0	0.000000E+0
2.735264E+3	-1.998700E-4	1.263750E+4	0.000000E+0	0.000000E+0
2.739297E+3	-1.998900E-4	1.263740E+4	0.000000E+0	0.000000E+0
2.743285E+3	-1.998700E-4	1.263740E+4	0.000000E+0	0.000000E+0
2.747285E+3	-1.999000E-4	1.263730E+4	0.000000E+0	0.000000E+0
2.751284E+3	-1.998800E-4	1.263720E+4	0.000000E+0	0.000000E+0
2.755285E+3	-1.998500E-4	1.263720E+4	0.000000E+0	0.000000E+0
2.759287E+3	-1.998800E-4	1.263730E+4	0.000000E+0	0.000000E+0
2.763261E+3	-1.998900E-4	1.263710E+4	0.000000E+0	0.000000E+0
2.767296E+3	-1.998700E-4	1.263710E+4	0.000000E+0	0.000000E+0
2.771284E+3	-1.998600E-4	1.263700E+4	0.000000E+0	0.000000E+0
2.775285E+3	-1.998700E-4	1.263690E+4	0.000000E+0	0.000000E+0
2.779304E+3	-1.998900E-4	1.263680E+4	0.000000E+0	0.000000E+0
2.783267E+3	-1.998800E-4	1.263670E+4	0.000000E+0	0.000000E+0
2.787300E+3	-1.998900E-4	1.263660E+4	0.000000E+0	0.000000E+0
2.791266E+3	-1.998500E-4	1.263650E+4	0.000000E+0	0.000000E+0
2.795310E+3	-1.998600E-4	1.263650E+4	0.000000E+0	0.000000E+0
2.799270E+3	-1.998300E-4	1.263640E+4	0.000000E+0	0.000000E+0
2.803308E+3	-1.998600E-4	1.263620E+4	0.000000E+0	0.000000E+0
2.807267E+3	-1.998400E-4	1.263600E+4	0.000000E+0	0.000000E+0
2.811308E+3	-1.998600E-4	1.263600E+4	0.000000E+0	0.000000E+0
2.815264E+3	-1.998300E-4	1.263590E+4	0.000000E+0	0.000000E+0
2.819303E+3	-1.998200E-4	1.263590E+4	0.000000E+0	0.000000E+0
2.823269E+3	-1.998100E-4	1.263570E+4	0.000000E+0	0.000000E+0
2.827311E+3	-1.998200E-4	1.263560E+4	0.000000E+0	0.000000E+0
2.831267E+3	-1.998100E-4	1.263550E+4	0.000000E+0	0.000000E+0
2.835304E+3	-1.998200E-4	1.263550E+4	0.000000E+0	0.000000E+0
2.839296E+3	-1.998100E-4	1.263540E+4	0.000000E+0	0.000000E+0
2.843268E+3	-1.998000E-4	1.263530E+4	0.000000E+0	0.000000E+0
2.847306E+3	-1.998200E-4	1.263530E+4	0.000000E+0	0.000000E+0
2.851263E+3	-1.998300E-4	1.263520E+4	0.000000E+0	0.000000E+0
2.855303E+3	-1.998100E-4	1.263500E+4	0.000000E+0	0.000000E+0
2.859261E+3	-1.998500E-4	1.263490E+4	0.000000E+0	0.000000E+0
2.863295E+3	-1.998300E-4	1.263480E+4	0.000000E+0	0.000000E+0
2.867287E+3	-1.998300E-4	1.263470E+4	0.000000E+0	0.000000E+0
2.871283E+3	-1.998300E-4	1.263460E+4	0.000000E+0	0.000000E+0
2.875325E+3	-1.998600E-4	1.263460E+4	0.000000E+0	0.000000E+0
2.879258E+3	-1.998400E-4	1.263450E+4	0.000000E+0	0.000000E+0
2.883305E+3	-1.998700E-4	1.263450E+4	0.000000E+0	0.000000E+0
2.887290E+3	-1.998900E-4	1.263450E+4	0.000000E+0	0.000000E+0
2.891263E+3	-1.998600E-4	1.263430E+4	0.000000E+0	0.000000E+0
2.895295E+3	-1.998600E-4	1.263420E+4	0.000000E+0	0.000000E+0
2.899285E+3	-1.998900E-4	1.263400E+4	0.000000E+0	0.000000E+0
2.903284E+3	-1.999000E-4	1.263380E+4	0.000000E+0	0.000000E+0
2.907288E+3	-1.999000E-4	1.263370E+4	0.000000E+0	0.000000E+0
2.911285E+3	-1.999000E-4	1.263370E+4	0.000000E+0	0.000000E+0
2.915286E+3	-1.999000E-4	1.263370E+4	0.000000E+0	0.000000E+0
2.919259E+3	-1.998900E-4	1.263360E+4	0.000000E+0	0.000000E+0
2.923294E+3	-1.998800E-4	1.263350E+4	0.000000E+0	0.000000E+0
2.927283E+3	-1.998600E-4	1.263350E+4	0.000000E+0	0.000000E+0
2.931287E+3	-1.999000E-4	1.263340E+4	0.000000E+0	0.000000E+0
2.935286E+3	-1.999000E-4	1.263340E+4	0.000000E+0	0.000000E+0
2.939283E+3	-1.998800E-4	1.263340E+4	0.000000E+0	0.000000E+0
2.943284E+3	-1.998800E-4	1.263330E+4	0.000000E+0	0.000000E+0
2.947323E+3	-1.998800E-4	1.263330E+4	0.000000E+0	0.000000E+0
2.951266E+3	-1.998800E-4	1.263320E+4	0.000000E+0	0.000000E+0
2.955306E+3	-1.998700E-4	1.263310E+4	0.000000E+0	0.000000E+0
2.959266E+3	-1.998800E-4	1.263290E+4	0.000000E+0	0.000000E+0
2.963299E+3	-1.998800E-4	1.263290E+4	0.000000E+0	0.000000E+0
2.967289E+3	-1.998700E-4	1.263260E+4	0.000000E+0	0.000000E+0
2.971261E+3	-1.998500E-4	1.263250E+4	0.000000E+0	0.000000E+0
2.975292E+3	-1.998800E-4	1.263240E+4	0.000000E+0	0.000000E+0
2.979282E+3	-1.998900E-4	1.263260E+4	0.000000E+0	0.000000E+0
2.983297E+3	-1.998800E-4	1.263280E+4	0.000000E+0	0.000000E+0
2.987260E+3	-1.998800E-4	1.263300E+4	0.000000E+0	0.000000E+0
2.991293E+3	-1.998300E-4	1.263290E+4	0.000000E+0	0.000000E+0
2.995280E+3	-1.998800E-4	1.263300E+4	0.000000E+0	0.000000E+0
2.999286E+3	-1.998700E-4	1.263300E+4	0.000000E+0	0.000000E+0
3.003283E+3	-1.999100E-4	1.263310E+4	0.000000E+0	0.000000E+0
3.007280E+3	-1.998800E-4	1.263310E+4	0.000000E+0	0.000000E+0
3.011282E+3	-1.998600E-4	1.263290E+4	0.000000E+0	0.000000E+0
3.015282E+3	-1.998900E-4	1.263280E+4	0.000000E+0	0.000000E+0
3.019315E+3	-1.998900E-4	1.263240E+4	0.000000E+0	0.000000E+0
3.023265E+3	-1.998700E-4	1.263210E+4	0.000000E+0	0.000000E+0
3.027304E+3	-1.998500E-4	1.263200E+4	0.000000E+0	0.000000E+0
3.031260E+3	-1.998300E-4	1.263180E+4	0.000000E+0	0.000000E+0
3.035299E+3	-1.998700E-4	1.263170E+4	0.000000E+0	0.000000E+0
3.039290E+3	-1.998600E-4	1.263160E+4	0.000000E+0	0.000000E+0
3.043263E+3	-1.998700E-4	1.263150E+4	0.000000E+0	0.000000E+0
3.047301E+3	-1.998700E-4	1.263130E+4	0.000000E+0	0.000000E+0
3.051261E+3	-1.998700E-4	1.263120E+4	0.000000E+0	0.000000E+0
3.055308E+3	-1.999300E-4	1.263090E+4	0.000000E+0	0.000000E+0
3.059267E+3	-1.999100E-4	1.263080E+4	0.000000E+0	0.000000E+0
3.063301E+3	-1.999400E-4	1.263070E+4	0.000000E+0	0.000000E+0
3.067261E+3	-1.999100E-4	1.263090E+4	0.000000E+0	0.000000E+0
3.071310E+3	-1.999500E-4	1.263070E+4	0.000000E+0	0.000000E+0
3.075265E+3	-1.999300E-4	1.263080E+4	0.000000E+0	0.000000E+0
3.079309E+3	-1.999500E-4	1.263050E+4	0.000000E+0	0.000000E+0
3.083269E+3	-1.999400E-4	1.263050E+4	0.000000E+0	0.000000E+0
3.087311E+3	-1.999100E-4	1.263050E+4	0.000000E+0	0.000000E+0
3.091326E+3	-1.999100E-4	1.263050E+4	0.000000E+0	0.000000E+0
3.095262E+3	-1.999300E-4	1.263030E+4	0.000000E+0	0.000000E+0
3.099297E+3	-1.999100E-4	1.263030E+4	0.000000E+0	0.000000E+0
3.103265E+3	-1.999300E-4	1.263010E+4	0.000000E+0	0.000000E+0
3.107298E+3	-1.998900E-4	1.263000E+4	0.000000E+0	0.000000E+0
3.111288E+3	-1.999100E-4	1.263000E+4	0.000000E+0	0.000000E+0
3.115288E+3	-1.999200E-4	1.263000E+4	0.000000E+0	0.000000E+0
3.119286E+3	-1.999000E-4	1.263000E+4	0.000000E+0	0.000000E+0
3.123262E+3	-1.999300E-4	1.262980E+4	0.000000E+0	0.000000E+0
3.127304E+3	-1.999200E-4	1.262970E+4	0.000000E+0	0.000000E+0
3.131262E+3	-1.999000E-4	1.262950E+4	0.000000E+0	0.000000E+0
3.135309E+3	-1.999100E-4	1.262940E+4	0.000000E+0	0.000000E+0
3.139269E+3	-1.999400E-4	1.262920E+4	0.000000E+0	0.000000E+0
3.143299E+3	-1.999100E-4	1.262910E+4	0.000000E+0	0.000000E+0
3.147290E+3	-1.999300E-4	1.262900E+4	0.000000E+0	0.000000E+0
3.151260E+3	-1.999200E-4	1.262880E+4	0.000000E+0	0.000000E+0
3.155295E+3	-1.999200E-4	1.262870E+4	0.000000E+0	0.000000E+0
3.159285E+3	-1.999300E-4	1.262850E+4	0.000000E+0	0.000000E+0
3.163286E+3	-1.999300E-4	1.262840E+4	0.000000E+0	0.000000E+0
3.167288E+3	-1.999200E-4	1.262830E+4	0.000000E+0	0.000000E+0
3.171264E+3	-1.999300E-4	1.262820E+4	0.000000E+0	0.000000E+0
3.175302E+3	-1.999300E-4	1.262810E+4	0.000000E+0	0.000000E+0
3.179266E+3	-1.999300E-4	1.262780E+4	0.000000E+0	0.000000E+0
3.183309E+3	-1.999300E-4	1.262760E+4	0.000000E+0	0.000000E+0
3.187267E+3	-1.999200E-4	1.262750E+4	0.000000E+0	0.000000E+0
3.191300E+3	-1.999300E-4	1.262730E+4	0.000000E+0	0.000000E+0
3.195261E+3	-1.999200E-4	1.262720E+4	0.000000E+0	0.000000E+0
3.199306E+3	-1.999400E-4	1.262720E+4	0.000000E+0	0.000000E+0
3.203268E+3	-1.998900E-4	1.262710E+4	0.000000E+0	0.000000E+0
3.207285E+3	-1.999200E-4	1.262710E+4	0.000000E+0	0.000000E+0
3.211288E+3	-1.999000E-4	1.262690E+4	0.000000E+0	0.000000E+0
3.215262E+3	-1.999300E-4	1.262680E+4	0.000000E+0	0.000000E+0
3.219296E+3	-1.998900E-4	1.262660E+4	0.000000E+0	0.000000E+0
3.223288E+3	-1.999100E-4	1.262650E+4	0.000000E+0	0.000000E+0
3.227287E+3	-1.998900E-4	1.262640E+4	0.000000E+0	0.000000E+0
3.231257E+3	-1.999000E-4	1.262630E+4	0.000000E+0	0.000000E+0
3.235296E+3	-1.998800E-4	1.262620E+4	0.000000E+0	0.000000E+0
3.239285E+3	-1.998900E-4	1.262610E+4	0.000000E+0	0.000000E+0
3.243288E+3	-1.999100E-4	1.262590E+4	0.000000E+0	0.000000E+0
3.247261E+3	-1.999200E-4	1.262590E+4	0.000000E+0	0.000000E+0
3.251299E+3	-1.999200E-4	1.262580E+4	0.000000E+0	0.000000E+0
3.255287E+3	-1.999100E-4	1.262570E+4	0.000000E+0	0.000000E+0
3.259283E+3	-1.998900E-4	1.262550E+4	0.000000E+0	0.000000E+0
3.263283E+3	-1.998900E-4	1.262550E+4	0.000000E+0	0.000000E+0
3.267288E+3	-1.998800E-4	1.262550E+4	0.000000E+0	0.000000E+0
3.271285E+3	-1.998800E-4	1.262540E+4	0.000000E+0	0.000000E+0
3.275286E+3	-1.998800E-4	1.262540E+4	0.000000E+0	0.000000E+0
3.279287E+3	-1.998900E-4	1.262510E+4	0.000000E+0	0.000000E+0
3.283262E+3	-1.999100E-4	1.262490E+4	0.000000E+0	0.000000E+0
3.287304E+3	-1.999200E-4	1.262490E+4	0.000000E+0	0.000000E+0
3.291286E+3	-1.999300E-4	1.262460E+4	0.000000E+0	0.000000E+0
3.295260E+3	-1.999200E-4	1.262430E+4	0.000000E+0	0.000000E+0
3.299293E+3	-1.999300E-4	1.262380E+4	0.000000E+0	0.000000E+0
3.303283E+3	-1.999400E-4	1.262330E+4	0.000000E+0	0.000000E+0
3.307287E+3	-1.999400E-4	1.262290E+4	0.000000E+0	0.000000E+0
3.311288E+3	-1.999200E-4	1.262270E+4	0.000000E+0	0.000000E+0
3.315281E+3	-1.999400E-4	1.262270E+4	0.000000E+0	0.000000E+0
3.319282E+3	-1.999300E-4	1.262270E+4	0.000000E+0	0.000000E+0
3.323284E+3	-1.999200E-4	1.262280E+4	0.000000E+0	0.000000E+0
3.327287E+3	-1.999500E-4	1.262280E+4	0.000000E+0	0.000000E+0
3.331263E+3	-1.999500E-4	1.262280E+4	0.000000E+0	0.000000E+0
3.335302E+3	-1.999600E-4	1.262280E+4	0.000000E+0	0.000000E+0
3.339290E+3	-1.999600E-4	1.262280E+4	0.000000E+0	0.000000E+0
3.343262E+3	-1.999600E-4	1.262270E+4	0.000000E+0	0.000000E+0
3.347293E+3	-1.999700E-4	1.262260E+4	0.000000E+0	0.000000E+0
3.351285E+3	-1.999800E-4	1.262250E+4	0.000000E+0	0.000000E+0
3.355285E+3	-1.999700E-4	1.262240E+4	0.000000E+0	0.000000E+0
3.359286E+3	-1.999600E-4	1.262250E+4	0.000000E+0	0.000000E+0
3.363280E+3	-1.999500E-4	1.262260E+4	0.000000E+0	0.000000E+0
3.367282E+3	-1.999300E-4	1.262270E+4	0.000000E+0	0.000000E+0
3.371283E+3	-1.999400E-4	1.262250E+4	0.000000E+0	0.000000E+0
3.375278E+3	-1.999100E-4	1.262240E+4	0.000000E+0	0.000000E+0
3.379323E+3	-1.998900E-4	1.262230E+4	0.000000E+0	0.000000E+0
3.383262E+3	-1.999200E-4	1.262210E+4	0.000000E+0	0.000000E+0
3.387296E+3	-1.999400E-4	1.262210E+4	0.000000E+0	0.000000E+0
3.391294E+3	-1.999200E-4	1.262220E+4	0.000000E+0	0.000000E+0
3.395286E+3	-1.999200E-4	1.262210E+4	0.000000E+0	0.000000E+0
3.399264E+3	-1.999200E-4	1.262200E+4	0.000000E+0	0.000000E+0
3.403301E+3	-1.999300E-4	1.262190E+4	0.000000E+0	0.000000E+0
3.407262E+3	-1.999100E-4	1.262180E+4	0.000000E+0	0.000000E+0
3.411302E+3	-1.999000E-4	1.262180E+4	0.000000E+0	0.000000E+0
3.415265E+3	-1.999000E-4	1.262170E+4	0.000000E+0	0.000000E+0
3.419302E+3	-1.999000E-4	1.262160E+4	0.000000E+0	0.000000E+0
3.423262E+3	-1.999300E-4	1.262150E+4	0.000000E+0	0.000000E+0
3.427299E+3	-1.999400E-4	1.262150E+4	0.000000E+0	0.000000E+0
3.431286E+3	-1.999400E-4	1.262130E+4	0.000000E+0	0.000000E+0
3.435288E+3	-1.999500E-4	1.262120E+4	0.000000E+0	0.000000E+0
3.439259E+3	-1.999500E-4	1.262110E+4	0.000000E+0	0.000000E+0
3.443299E+3	-1.999500E-4	1.262090E+4	0.000000E+0	0.000000E+0
3.447285E+3	-1.999500E-4	1.262080E+4	0.000000E+0	0.000000E+0
3.451284E+3	-1.999600E-4	1.262060E+4	0.000000E+0	0.000000E+0
3.455282E+3	-1.999500E-4	1.262050E+4	0.000000E+0	0.000000E+0
3.459280E+3	-1.999500E-4	1.262040E+4	0.000000E+0	0.000000E+0
3.463287E+3	-1.999400E-4	1.262020E+4	0.000000E+0	0.000000E+0
3.467289E+3	-1.999300E-4	1.262030E+4	0.000000E+0	0.000000E+0
3.471255E+3	-1.999400E-4	1.262040E+4	0.000000E+0	0.000000E+0
3.475297E+3	-1.999500E-4	1.262050E+4	0.000000E+0	0.000000E+0
3.479283E+3	-1.999500E-4	1.262040E+4	0.000000E+0	0.000000E+0
3.483281E+3	-1.999400E-4	1.262040E+4	0.000000E+0	0.000000E+0
3.487283E+3	-1.999300E-4	1.262040E+4	0.000000E+0	0.000000E+0
3.491283E+3	-1.999700E-4	1.262030E+4	0.000000E+0	0.000000E+0
3.495285E+3	-1.999800E-4	1.262020E+4	0.000000E+0	0.000000E+0
3.499286E+3	-1.999800E-4	1.262010E+4	0.000000E+0	0.000000E+0
3.503262E+3	-1.999400E-4	1.262000E+4	0.000000E+0	0.000000E+0
3.507294E+3	-1.999300E-4	1.261980E+4	0.000000E+0	0.000000E+0
3.511284E+3	-1.999300E-4	1.261940E+4	0.000000E+0	0.000000E+0
3.515280E+3	-1.999400E-4	1.261920E+4	0.000000E+0	0.000000E+0
3.519281E+3	-1.998800E-4	1.261910E+4	0.000000E+0	0.000000E+0
3.523281E+3	-1.998900E-4	1.261920E+4	0.000000E+0	0.000000E+0
3.527283E+3	-1.999000E-4	1.261900E+4	0.000000E+0	0.000000E+0
3.531281E+3	-1.998900E-4	1.261900E+4	0.000000E+0	0.000000E+0
3.535282E+3	-1.998700E-4	1.261880E+4	0.000000E+0	0.000000E+0
3.539282E+3	-1.998900E-4	1.261870E+4	0.000000E+0	0.000000E+0
3.543290E+3	-1.999000E-4	1.261870E+4	0.000000E+0	0.000000E+0
3.547289E+3	-1.999200E-4	1.261860E+4	0.000000E+0	0.000000E+0
3.551256E+3	-1.998900E-4	1.261870E+4	0.000000E+0	0.000000E+0
3.555300E+3	-1.999200E-4	1.261860E+4	0.000000E+0	0.000000E+0
3.559288E+3	-1.999100E-4	1.261860E+4	0.000000E+0	0.000000E+0
3.563288E+3	-1.999100E-4	1.261860E+4	0.000000E+0	0.000000E+0
3.567261E+3	-1.999300E-4	1.261860E+4	0.000000E+0	0.000000E+0
3.571293E+3	-1.999400E-4	1.261860E+4	0.000000E+0	0.000000E+0
3.575285E+3	-1.999400E-4	1.261860E+4	0.000000E+0	0.000000E+0
3.579282E+3	-1.998900E-4	1.261850E+4	0.000000E+0	0.000000E+0
3.583285E+3	-1.999300E-4	1.261850E+4	0.000000E+0	0.000000E+0
3.587263E+3	-1.999200E-4	1.261830E+4	0.000000E+0	0.000000E+0
3.591299E+3	-1.999400E-4	1.261830E+4	0.000000E+0	0.000000E+0
3.595287E+3	-1.999200E-4	1.261820E+4	0.000000E+0	0.000000E+0
3.599259E+3	-1.999100E-4	1.261800E+4	0.000000E+0	0.000000E+0
3.603281E+3	-1.998900E-4	1.261790E+4	0.000000E+0	0.000000E+0
3.607289E+3	-1.999200E-4	1.261780E+4	0.000000E+0	0.000000E+0
3.611282E+3	-1.999200E-4	1.261760E+4	0.000000E+0	0.000000E+0
3.615284E+3	-1.998800E-4	1.261750E+4	0.000000E+0	0.000000E+0
3.619267E+3	-1.999000E-4	1.261740E+4	0.000000E+0	0.000000E+0
3.623297E+3	-1.998800E-4	1.261730E+4	0.000000E+0	0.000000E+0
3.627261E+3	-1.999200E-4	1.261730E+4	0.000000E+0	0.000000E+0
3.631310E+3	-1.999300E-4	1.261720E+4	0.000000E+0	0.000000E+0
3.635263E+3	-1.999200E-4	1.261720E+4	0.000000E+0	0.000000E+0
3.639297E+3	-1.999300E-4	1.261720E+4	0.000000E+0	0.000000E+0
3.643285E+3	-1.998800E-4	1.261710E+4	0.000000E+0	0.000000E+0
3.647263E+3	-1.998800E-4	1.261710E+4	0.000000E+0	0.000000E+0
3.651295E+3	-1.999000E-4	1.261690E+4	0.000000E+0	0.000000E+0
3.655288E+3	-1.998900E-4	1.261690E+4	0.000000E+0	0.000000E+0
3.659284E+3	-1.999200E-4	1.261680E+4	0.000000E+0	0.000000E+0
3.663289E+3	-1.998800E-4	1.261680E+4	0.000000E+0	0.000000E+0
3.667268E+3	-1.999000E-4	1.261670E+4	0.000000E+0	0.000000E+0
3.671303E+3	-1.998700E-4	1.261660E+4	0.000000E+0	0.000000E+0
3.675265E+3	-1.998600E-4	1.261660E+4	0.000000E+0	0.000000E+0
3.679318E+3	-1.998800E-4	1.261660E+4	0.000000E+0	0.000000E+0
3.683272E+3	-1.998800E-4	1.261650E+4	0.000000E+0	0.000000E+0
3.687301E+3	-1.998800E-4	1.261630E+4	0.000000E+0	0.000000E+0
3.691282E+3	-1.998700E-4	1.261630E+4	0.000000E+0	0.000000E+0
3.695308E+3	-1.998900E-4	1.261620E+4	0.000000E+0	0.000000E+0
3.699267E+3	-1.999200E-4	1.261610E+4	0.000000E+0	0.000000E+0
3.703305E+3	-1.998800E-4	1.261610E+4	0.000000E+0	0.000000E+0
3.707265E+3	-1.998900E-4	1.261600E+4	0.000000E+0	0.000000E+0
3.711307E+3	-1.999100E-4	1.261590E+4	0.000000E+0	0.000000E+0
3.715266E+3	-1.998900E-4	1.261580E+4	0.000000E+0	0.000000E+0
3.719304E+3	-1.998900E-4	1.261570E+4	0.000000E+0	0.000000E+0
3.723268E+3	-1.999100E-4	1.261570E+4	0.000000E+0	0.000000E+0
3.727310E+3	-1.998900E-4	1.261560E+4	0.000000E+0	0.000000E+0
3.731269E+3	-1.999500E-4	1.261540E+4	0.000000E+0	0.000000E+0
3.735285E+3	-1.999000E-4	1.261540E+4	0.000000E+0	0.000000E+0
3.739288E+3	-1.999200E-4	1.261530E+4	0.000000E+0	0.000000E+0
3.743258E+3	-1.998600E-4	1.261530E+4	0.000000E+0	0.000000E+0
3.747295E+3	-1.999000E-4	1.261530E+4	0.000000E+0	0.000000E+0
3.751286E+3	-1.998800E-4	1.261510E+4	0.000000E+0	0.000000E+0
3.755282E+3	-1.998600E-4	1.261490E+4	0.000000E+0	0.000000E+0
3.759280E+3	-1.998900E-4	1.261480E+4	0.000000E+0	0.000000E+0
3.763288E+3	-1.998800E-4	1.261470E+4	0.000000E+0	0.000000E+0
3.767286E+3	-1.999100E-4	1.261450E+4	0.000000E+0	0.000000E+0
3.771259E+3	-1.998300E-4	1.261450E+4	0.000000E+0	0.000000E+0
3.775302E+3	-1.998900E-4	1.261450E+4	0.000000E+0	0.000000E+0
3.779263E+3	-1.999000E-4	1.261460E+4	0.000000E+0	0.000000E+0
3.783303E+3	-1.999100E-4	1.261450E+4	0.000000E+0	0.000000E+0
3.787266E+3	-1.998800E-4	1.261450E+4	0.000000E+0	0.000000E+0
3.791297E+3	-1.998900E-4	1.261450E+4	0.000000E+0	0.000000E+0
3.795288E+3	-1.998900E-4	1.261430E+4	0.000000E+0	0.000000E+0
3.799277E+3	-1.998800E-4	1.261430E+4	0.000000E+0	0.000000E+0
3.803293E+3	-1.999000E-4	1.261420E+4	0.000000E+0	0.000000E+0
3.807285E+3	-1.999100E-4	1.261420E+4	0.000000E+0	0.000000E+0
3.811284E+3	-1.998900E-4	1.261400E+4	0.000000E+0	0.000000E+0
3.815292E+3	-1.999000E-4	1.261390E+4	0.000000E+0	0.000000E+0
3.819262E+3	-1.998700E-4	1.261390E+4	0.000000E+0	0.000000E+0
3.823308E+3	-1.998600E-4	1.261380E+4	0.000000E+0	0.000000E+0
3.827269E+3	-1.999000E-4	1.261380E+4	0.000000E+0	0.000000E+0
3.831300E+3	-1.998900E-4	1.261390E+4	0.000000E+0	0.000000E+0
3.835261E+3	-1.999000E-4	1.261380E+4	0.000000E+0	0.000000E+0
3.839308E+3	-1.998800E-4	1.261370E+4	0.000000E+0	0.000000E+0
3.843266E+3	-1.998900E-4	1.261360E+4	0.000000E+0	0.000000E+0
3.847306E+3	-1.999100E-4	1.261360E+4	0.000000E+0	0.000000E+0
3.851270E+3	-1.998900E-4	1.261350E+4	0.000000E+0	0.000000E+0
3.855287E+3	-1.999000E-4	1.261350E+4	0.000000E+0	0.000000E+0
3.859288E+3	-1.999100E-4	1.261340E+4	0.000000E+0	0.000000E+0
3.863264E+3	-1.998800E-4	1.261330E+4	0.000000E+0	0.000000E+0
3.867302E+3	-1.999000E-4	1.261320E+4	0.000000E+0	0.000000E+0
3.871288E+3	-1.998600E-4	1.261320E+4	0.000000E+0	0.000000E+0
3.875263E+3	-1.998900E-4	1.261310E+4	0.000000E+0	0.000000E+0
3.879302E+3	-1.999100E-4	1.261300E+4	0.000000E+0	0.000000E+0
3.883268E+3	-1.999100E-4	1.261280E+4	0.000000E+0	0.000000E+0
3.887312E+3	-1.998900E-4	1.261280E+4	0.000000E+0	0.000000E+0
3.891269E+3	-1.999300E-4	1.261270E+4	0.000000E+0	0.000000E+0
3.895299E+3	-1.998900E-4	1.261270E+4	0.000000E+0	0.000000E+0
3.899288E+3	-1.999400E-4	1.261260E+4	0.000000E+0	0.000000E+0
3.903261E+3	-1.999200E-4	1.261270E+4	0.000000E+0	0.000000E+0
3.907296E+3	-1.999500E-4	1.261270E+4	0.000000E+0	0.000000E+0
3.911288E+3	-1.999300E-4	1.261270E+4	0.000000E+0	0.000000E+0
3.915286E+3	-1.999200E-4	1.261260E+4	0.000000E+0	0.000000E+0
3.919287E+3	-1.999000E-4	1.261250E+4	0.000000E+0	0.000000E+0
3.923279E+3	-1.999200E-4	1.261250E+4	0.000000E+0	0.000000E+0
3.927286E+3	-1.999100E-4	1.261250E+4	0.000000E+0	0.000000E+0
3.931266E+3	-1.999200E-4	1.261230E+4	0.000000E+0	0.000000E+0
3.935283E+3	-1.999300E-4	1.261220E+4	0.000000E+0	0.000000E+0
3.939285E+3	-1.999500E-4	1.261210E+4	0.000000E+0	0.000000E+0
3.943285E+3	-1.999100E-4	1.261190E+4	0.000000E+0	0.000000E+0
3.947281E+3	-1.999000E-4	1.261170E+4	0.000000E+0	0.000000E+0
3.951285E+3	-1.999200E-4	1.261150E+4	0.000000E+0	0.000000E+0
3.955289E+3	-1.999400E-4	1.261130E+4	0.000000E+0	0.000000E+0
3.959263E+3	-1.999100E-4	1.261110E+4	0.000000E+0	0.000000E+0
3.963306E+3	-1.999000E-4	1.261110E+4	0.000000E+0	0.000000E+0
3.967262E+3	-1.999100E-4	1.261110E+4	0.000000E+0	0.000000E+0
3.971311E+3	-1.998700E-4	1.261110E+4	0.000000E+0	0.000000E+0
3.975262E+3	-1.999200E-4	1.261110E+4	0.000000E+0	0.000000E+0
3.979305E+3	-1.999400E-4	1.261100E+4	0.000000E+0	0.000000E+0
3.983291E+3	-1.999100E-4	1.261090E+4	0.000000E+0	0.000000E+0
3.987261E+3	-1.999300E-4	1.261080E+4	0.000000E+0	0.000000E+0
3.991301E+3	-1.999100E-4	1.261070E+4	0.000000E+0	0.000000E+0
3.995287E+3	-1.999300E-4	1.261060E+4	0.000000E+0	0.000000E+0
3.999263E+3	-1.999400E-4	1.261050E+4	0.000000E+0	0.000000E+0
4.003303E+3	-1.999300E-4	1.261030E+4	0.000000E+0	0.000000E+0
4.007267E+3	-1.999300E-4	1.261040E+4	0.000000E+0	0.000000E+0
4.011301E+3	-1.999000E-4	1.261030E+4	0.000000E+0	0.000000E+0
4.015266E+3	-1.999000E-4	1.261030E+4	0.000000E+0	0.000000E+0
4.019294E+3	-1.999200E-4	1.261020E+4	0.000000E+0	0.000000E+0
4.023285E+3	-1.999200E-4	1.261030E+4	0.000000E+0	0.000000E+0
4.027284E+3	-1.999000E-4	1.261020E+4	0.000000E+0	0.000000E+0
4.031286E+3	-1.999000E-4	1.261030E+4	0.000000E+0	0.000000E+0
4.035273E+3	-1.999000E-4	1.261010E+4	0.000000E+0	0.000000E+0
4.039281E+3	-1.999100E-4	1.261000E+4	0.000000E+0	0.000000E+0
4.043284E+3	-1.999100E-4	1.260990E+4	0.000000E+0	0.000000E+0
4.047284E+3	-1.999200E-4	1.260990E+4	0.000000E+0	0.000000E+0
4.051285E+3	-1.999200E-4	1.260990E+4	0.000000E+0	0.000000E+0
4.055286E+3	-1.999200E-4	1.260990E+4	0.000000E+0	0.000000E+0
4.059284E+3	-1.998900E-4	1.260980E+4	0.000000E+0	0.000000E+0
4.063282E+3	-1.999300E-4	1.260980E+4	0.000000E+0	0.000000E+0
4.067281E+3	-1.999300E-4	1.260970E+4	0.000000E+0	0.000000E+0
4.071283E+3	-1.999000E-4	1.260970E+4	0.000000E+0	0.000000E+0
4.075282E+3	-1.998600E-4	1.260960E+4	0.000000E+0	0.000000E+0
4.079286E+3	-1.999000E-4	1.260960E+4	0.000000E+0	0.000000E+0
4.083284E+3	-1.999000E-4	1.260940E+4	0.000000E+0	0.000000E+0
4.087265E+3	-1.999100E-4	1.260930E+4	0.000000E+0	0.000000E+0
4.091302E+3	-1.998600E-4	1.260930E+4	0.000000E+0	0.000000E+0
4.095266E+3	-1.998800E-4	1.260920E+4	0.000000E+0	0.000000E+0
4.099311E+3	-1.998700E-4	1.260910E+4	0.000000E+0	0.000000E+0
4.103268E+3	-1.998700E-4	1.260900E+4	0.000000E+0	0.000000E+0
4.107303E+3	-1.998900E-4	1.260880E+4	0.000000E+0	0.000000E+0
4.111264E+3	-1.998900E-4	1.260880E+4	0.000000E+0	0.000000E+0
4.115305E+3	-1.998800E-4	1.260870E+4	0.000000E+0	0.000000E+0
4.119265E+3	-1.998800E-4	1.260860E+4	0.000000E+0	0.000000E+0
4.123302E+3	-1.998900E-4	1.260860E+4	0.000000E+0	0.000000E+0
4.127269E+3	-1.999000E-4	1.260850E+4	0.000000E+0	0.000000E+0
4.131312E+3	-1.998900E-4	1.260840E+4	0.000000E+0	0.000000E+0
4.135268E+3	-1.999000E-4	1.260820E+4	0.000000E+0	0.000000E+0
4.139299E+3	-1.998700E-4	1.260810E+4	0.000000E+0	0.000000E+0
4.143262E+3	-1.998800E-4	1.260770E+4	0.000000E+0	0.000000E+0
4.147310E+3	-1.998900E-4	1.260730E+4	0.000000E+0	0.000000E+0
4.151268E+3	-1.999000E-4	1.260700E+4	0.000000E+0	0.000000E+0
4.155302E+3	-1.999300E-4	1.260630E+4	0.000000E+0	0.000000E+0
4.159259E+3	-1.999100E-4	1.260560E+4	0.000000E+0	0.000000E+0
4.163305E+3	-1.999000E-4	1.260520E+4	0.000000E+0	0.000000E+0
4.167266E+3	-1.998900E-4	1.260510E+4	0.000000E+0	0.000000E+0
4.171307E+3	-1.999100E-4	1.260510E+4	0.000000E+0	0.000000E+0
4.175265E+3	-1.998900E-4	1.260510E+4	0.000000E+0	0.000000E+0
4.179302E+3	-1.999200E-4	1.260520E+4	0.000000E+0	0.000000E+0
4.183267E+3	-1.999200E-4	1.260540E+4	0.000000E+0	0.000000E+0
4.187307E+3	-1.999100E-4	1.260560E+4	0.000000E+0	0.000000E+0
4.191264E+3	-1.999000E-4	1.260560E+4	0.000000E+0	0.000000E+0
4.195310E+3	-1.998900E-4	1.260570E+4	0.000000E+0	0.000000E+0
4.199266E+3	-1.999000E-4	1.260580E+4	0.000000E+0	0.000000E+0
4.203300E+3	-1.998700E-4	1.260580E+4	0.000000E+0	0.000000E+0
4.207291E+3	-1.998800E-4	1.260590E+4	0.000000E+0	0.000000E+0
4.211259E+3	-1.998600E-4	1.260590E+4	0.000000E+0	0.000000E+0
4.215300E+3	-1.998700E-4	1.260600E+4	0.000000E+0	0.000000E+0
4.219288E+3	-1.998600E-4	1.260610E+4	0.000000E+0	0.000000E+0
4.223288E+3	-1.998600E-4	1.260600E+4	0.000000E+0	0.000000E+0
4.227289E+3	-1.998700E-4	1.260610E+4	0.000000E+0	0.000000E+0
4.231265E+3	-1.998800E-4	1.260610E+4	0.000000E+0	0.000000E+0
4.235301E+3	-1.998600E-4	1.260600E+4	0.000000E+0	0.000000E+0
4.239264E+3	-1.998700E-4	1.260600E+4	0.000000E+0	0.000000E+0
4.243310E+3	-1.998600E-4	1.260600E+4	0.000000E+0	0.000000E+0
4.247267E+3	-1.998700E-4	1.260600E+4	0.000000E+0	0.000000E+0
4.251304E+3	-1.998700E-4	1.260580E+4	0.000000E+0	0.000000E+0
4.255266E+3	-1.998500E-4	1.260570E+4	0.000000E+0	0.000000E+0
4.259316E+3	-1.998600E-4	1.260590E+4	0.000000E+0	0.000000E+0
4.263268E+3	-1.998400E-4	1.260590E+4	0.000000E+0	0.000000E+0
4.267302E+3	-1.998500E-4	1.260570E+4	0.000000E+0	0.000000E+0
4.271261E+3	-1.998600E-4	1.260540E+4	0.000000E+0	0.000000E+0
4.275310E+3	-1.998400E-4	1.260510E+4	0.000000E+0	0.000000E+0
4.279279E+3	-1.998500E-4	1.260500E+4	0.000000E+0	0.000000E+0
4.283300E+3	-1.998400E-4	1.260490E+4	0.000000E+0	0.000000E+0
4.287264E+3	-1.998100E-4	1.260480E+4	0.000000E+0	0.000000E+0
4.291312E+3	-1.998600E-4	1.260480E+4	0.000000E+0	0.000000E+0
4.295268E+3	-1.998600E-4	1.260490E+4	0.000000E+0	0.000000E+0
4.299300E+3	-1.998600E-4	1.260500E+4	0.000000E+0	0.000000E+0
4.303261E+3	-1.998200E-4	1.260500E+4	0.000000E+0	0.000000E+0
4.307310E+3	-1.998500E-4	1.260510E+4	0.000000E+0	0.000000E+0
4.311263E+3	-1.998400E-4	1.260510E+4	0.000000E+0	0.000000E+0
4.315306E+3	-1.998400E-4	1.260490E+4	0.000000E+0	0.000000E+0
4.319265E+3	-1.998300E-4	1.260490E+4	0.000000E+0	0.000000E+0
4.323295E+3	-1.998100E-4	1.260490E+4	0.000000E+0	0.000000E+0
4.327286E+3	-1.998400E-4	1.260470E+4	0.000000E+0	0.000000E+0
4.331284E+3	-1.998600E-4	1.260450E+4	0.000000E+0	0.000000E+0
4.335284E+3	-1.997900E-4	1.260440E+4	0.000000E+0	0.000000E+0
4.339289E+3	-1.998200E-4	1.260420E+4	0.000000E+0	0.000000E+0
4.343263E+3	-1.998100E-4	1.260380E+4	0.000000E+0	0.000000E+0
4.347299E+3	-1.998100E-4	1.260350E+4	0.000000E+0	0.000000E+0
4.351287E+3	-1.998200E-4	1.260340E+4	0.000000E+0	0.000000E+0
4.355260E+3	-1.998200E-4	1.260330E+4	0.000000E+0	0.000000E+0
4.359293E+3	-1.998400E-4	1.260330E+4	0.000000E+0	0.000000E+0
4.363285E+3	-1.998400E-4	1.260330E+4	0.000000E+0	0.000000E+0
4.367283E+3	-1.998500E-4	1.260330E+4	0.000000E+0	0.000000E+0
4.371282E+3	-1.998500E-4	1.260340E+4	0.000000E+0	0.000000E+0
4.375279E+3	-1.998500E-4	1.260330E+4	0.000000E+0	0.000000E+0
4.379283E+3	-1.998300E-4	1.260330E+4	0.000000E+0	0.000000E+0
4.383282E+3	-1.998600E-4	1.260320E+4	0.000000E+0	0.000000E+0
4.387287E+3	-1.998600E-4	1.260310E+4	0.000000E+0	0.000000E+0
4.391280E+3	-1.998300E-4	1.260300E+4	0.000000E+0	0.000000E+0
4.395384E+3	-1.998700E-4	1.260310E+4	0.000000E+0	0.000000E+0
4.399288E+3	-1.998200E-4	1.260310E+4	0.000000E+0	0.000000E+0
4.403288E+3	-1.998300E-4	1.260290E+4	0.000000E+0	0.000000E+0
4.407260E+3	-1.998200E-4	1.260290E+4	0.000000E+0	0.000000E+0
4.411298E+3	-1.998400E-4	1.260280E+4	0.000000E+0	0.000000E+0
4.415281E+3	-1.998400E-4	1.260270E+4	0.000000E+0	0.000000E+0
4.419284E+3	-1.998500E-4	1.260250E+4	0.000000E+0	0.000000E+0
4.423288E+3	-1.998500E-4	1.260230E+4	0.000000E+0	0.000000E+0
4.427286E+3	-1.998300E-4	1.260220E+4	0.000000E+0	0.000000E+0
4.431262E+3	-1.998200E-4	1.260220E+4	0.000000E+0	0.000000E+0
4.435292E+3	-1.998600E-4	1.260210E+4	0.000000E+0	0.000000E+0
4.439283E+3	-1.998300E-4	1.260190E+4	0.000000E+0	0.000000E+0
4.443284E+3	-1.998300E-4	1.260190E+4	0.000000E+0	0.000000E+0
4.447518E+3	-1.998300E-4	1.260180E+4	0.000000E+0	0.000000E+0
4.451270E+3	-1.998000E-4	1.260160E+4	0.000000E+0	0.000000E+0
4.455305E+3	-1.998200E-4	1.260150E+4	0.000000E+0	0.000000E+0
4.459290E+3	-1.998400E-4	1.260130E+4	0.000000E+0	0.000000E+0
4.463259E+3	-1.998200E-4	1.260100E+4	0.000000E+0	0.000000E+0
4.467297E+3	-1.998200E-4	1.260060E+4	0.000000E+0	0.000000E+0
4.471285E+3	-1.998300E-4	1.260010E+4	0.000000E+0	0.000000E+0
4.475286E+3	-1.998100E-4	1.259980E+4	0.000000E+0	0.000000E+0
4.479282E+3	-1.998300E-4	1.259960E+4	0.000000E+0	0.000000E+0
4.483281E+3	-1.998700E-4	1.259950E+4	0.000000E+0	0.000000E+0
4.487282E+3	-1.998500E-4	1.259940E+4	0.000000E+0	0.000000E+0
4.491283E+3	-1.998300E-4	1.259900E+4	0.000000E+0	0.000000E+0
4.495280E+3	-1.998500E-4	1.259880E+4	0.000000E+0	0.000000E+0
4.499278E+3	-1.998000E-4	1.259840E+4	0.000000E+0	0.000000E+0
4.503281E+3	-1.998000E-4	1.259820E+4	0.000000E+0	0.000000E+0
4.507281E+3	-1.998300E-4	1.259810E+4	0.000000E+0	0.000000E+0
4.511285E+3	-1.998300E-4	1.259800E+4	0.000000E+0	0.000000E+0
4.515283E+3	-1.998300E-4	1.259810E+4	0.000000E+0	0.000000E+0
4.519307E+3	-1.998500E-4	1.259810E+4	0.000000E+0	0.000000E+0
4.523279E+3	-1.998400E-4	1.259810E+4	0.000000E+0	0.000000E+0
4.527278E+3	-1.998500E-4	1.259810E+4	0.000000E+0	0.000000E+0
4.531281E+3	-1.998400E-4	1.259820E+4	0.000000E+0	0.000000E+0
4.535282E+3	-1.998300E-4	1.259830E+4	0.000000E+0	0.000000E+0
4.539284E+3	-1.998100E-4	1.259820E+4	0.000000E+0	0.000000E+0
4.543282E+3	-1.998200E-4	1.259820E+4	0.000000E+0	0.000000E+0
4.547277E+3	-1.998300E-4	1.259810E+4	0.000000E+0	0.000000E+0
4.551284E+3	-1.998400E-4	1.259810E+4	0.000000E+0	0.000000E+0
4.555282E+3	-1.998300E-4	1.259810E+4	0.000000E+0	0.000000E+0
4.559282E+3	-1.998200E-4	1.259810E+4	0.000000E+0	0.000000E+0
4.563279E+3	-1.998300E-4	1.259800E+4	0.000000E+0	0.000000E+0
4.567289E+3	-1.998200E-4	1.259800E+4	0.000000E+0	0.000000E+0
4.571285E+3	-1.998200E-4	1.259800E+4	0.000000E+0	0.000000E+0
4.575286E+3	-1.997900E-4	1.259790E+4	0.000000E+0	0.000000E+0
4.579262E+3	-1.998100E-4	1.259780E+4	0.000000E+0	0.000000E+0
4.583298E+3	-1.998300E-4	1.259780E+4	0.000000E+0	0.000000E+0
4.587285E+3	-1.998600E-4	1.259770E+4	0.000000E+0	0.000000E+0
4.591264E+3	-1.998300E-4	1.259760E+4	0.000000E+0	0.000000E+0
4.595295E+3	-1.998700E-4	1.259760E+4	0.000000E+0	0.000000E+0
4.599284E+3	-1.998700E-4	1.259750E+4	0.000000E+0	0.000000E+0
4.603284E+3	-1.998300E-4	1.259720E+4	0.000000E+0	0.000000E+0
4.607289E+3	-1.998500E-4	1.259710E+4	0.000000E+0	0.000000E+0
4.611265E+3	-1.998500E-4	1.259700E+4	0.000000E+0	0.000000E+0
4.615299E+3	-1.998600E-4	1.259690E+4	0.000000E+0	0.000000E+0
4.619289E+3	-1.998300E-4	1.259690E+4	0.000000E+0	0.000000E+0
4.623259E+3	-1.998700E-4	1.259680E+4	0.000000E+0	0.000000E+0
4.627295E+3	-1.998600E-4	1.259670E+4	0.000000E+0	0.000000E+0
4.631284E+3	-1.998900E-4	1.259670E+4	0.000000E+0	0.000000E+0
4.635280E+3	-1.998900E-4	1.259670E+4	0.000000E+0	0.000000E+0
4.639284E+3	-1.998800E-4	1.259640E+4	0.000000E+0	0.000000E+0
4.643282E+3	-1.999000E-4	1.259610E+4	0.000000E+0	0.000000E+0
4.647285E+3	-1.999100E-4	1.259570E+4	0.000000E+0	0.000000E+0
4.651280E+3	-1.999000E-4	1.259520E+4	0.000000E+0	0.000000E+0
4.655286E+3	-1.999100E-4	1.259500E+4	0.000000E+0	0.000000E+0
4.659282E+3	-1.999000E-4	1.259500E+4	0.000000E+0	0.000000E+0
4.663282E+3	-1.999000E-4	1.259490E+4	0.000000E+0	0.000000E+0
4.667285E+3	-1.999200E-4	1.259480E+4	0.000000E+0	0.000000E+0
4.671285E+3	-1.999200E-4	1.259480E+4	0.000000E+0	0.000000E+0
4.675286E+3	-1.999200E-4	1.259460E+4	0.000000E+0	0.000000E+0
4.679285E+3	-1.999000E-4	1.259460E+4	0.000000E+0	0.000000E+0
4.683297E+3	-1.999100E-4	1.259470E+4	0.000000E+0	0.000000E+0
4.687262E+3	-1.999100E-4	1.259460E+4	0.000000E+0	0.000000E+0
4.691305E+3	-1.998900E-4	1.259460E+4	0.000000E+0	0.000000E+0
4.695264E+3	-1.999000E-4	1.259460E+4	0.000000E+0	0.000000E+0
4.699305E+3	-1.998900E-4	1.259460E+4	0.000000E+0	0.000000E+0
4.703286E+3	-1.998700E-4	1.259460E+4	0.000000E+0	0.000000E+0
4.707262E+3	-1.998400E-4	1.259450E+4	0.000000E+0	0.000000E+0
4.711301E+3	-1.998800E-4	1.259460E+4	0.000000E+0	0.000000E+0
4.715287E+3	-1.998900E-4	1.259450E+4	0.000000E+0	0.000000E+0
4.719268E+3	-1.998700E-4	1.259440E+4	0.000000E+0	0.000000E+0
4.723297E+3	-1.999000E-4	1.259440E+4	0.000000E+0	0.000000E+0
4.727288E+3	-1.998700E-4	1.259430E+4	0.000000E+0	0.000000E+0
4.731285E+3	-1.998500E-4	1.259440E+4	0.000000E+0	0.000000E+0
4.735284E+3	-1.998800E-4	1.259430E+4	0.000000E+0	0.000000E+0
4.739279E+3	-1.998600E-4	1.259420E+4	0.000000E+0	0.000000E+0
4.743280E+3	-1.998900E-4	1.259410E+4	0.000000E+0	0.000000E+0
4.747280E+3	-1.998800E-4	1.259400E+4	0.000000E+0	0.000000E+0
4.751282E+3	-1.998600E-4	1.259390E+4	0.000000E+0	0.000000E+0
4.755284E+3	-1.998700E-4	1.259370E+4	0.000000E+0	0.000000E+0
4.759282E+3	-1.998600E-4	1.259360E+4	0.000000E+0	0.000000E+0
4.763283E+3	-1.998800E-4	1.259310E+4	0.000000E+0	0.000000E+0
4.767283E+3	-1.998700E-4	1.259310E+4	0.000000E+0	0.000000E+0
4.771295E+3	-1.999400E-4	1.259300E+4	0.000000E+0	0.000000E+0
4.775281E+3	-1.999000E-4	1.259270E+4	0.000000E+0	0.000000E+0
4.779283E+3	-1.999000E-4	1.259250E+4	0.000000E+0	0.000000E+0
4.783284E+3	-1.998900E-4	1.259220E+4	0.000000E+0	0.000000E+0
4.787286E+3	-1.998700E-4	1.259200E+4	0.000000E+0	0.000000E+0
4.791286E+3	-1.998400E-4	1.259200E+4	0.000000E+0	0.000000E+0
4.795284E+3	-1.998900E-4	1.259200E+4	0.000000E+0	0.000000E+0
4.799283E+3	-1.997900E-4	1.259190E+4	0.000000E+0	0.000000E+0
4.803279E+3	-1.998200E-4	1.259190E+4	0.000000E+0	0.000000E+0
4.807297E+3	-1.998100E-4	1.259190E+4	0.000000E+0	0.000000E+0
4.811286E+3	-1.997900E-4	1.259180E+4	0.000000E+0	0.000000E+0
4.815286E+3	-1.998000E-4	1.259170E+4	0.000000E+0	0.000000E+0
4.819266E+3	-1.997800E-4	1.259160E+4	0.000000E+0	0.000000E+0
4.823297E+3	-1.997800E-4	1.259160E+4	0.000000E+0	0.000000E+0
4.827276E+3	-1.998200E-4	1.259140E+4	0.000000E+0	0.000000E+0
4.831282E+3	-1.998100E-4	1.259140E+4	0.000000E+0	0.000000E+0
4.835285E+3	-1.998300E-4	1.259130E+4	0.000000E+0	0.000000E+0
4.839287E+3	-1.998700E-4	1.259130E+4	0.000000E+0	0.000000E+0
4.843305E+3	-1.998300E-4	1.259120E+4	0.000000E+0	0.000000E+0
4.847282E+3	-1.998700E-4	1.259120E+4	0.000000E+0	0.000000E+0
4.851280E+3	-1.998400E-4	1.259110E+4	0.000000E+0	0.000000E+0
4.855286E+3	-1.998200E-4	1.259110E+4	0.000000E+0	0.000000E+0
4.859281E+3	-1.998400E-4	1.259100E+4	0.000000E+0	0.000000E+0
4.863284E+3	-1.998200E-4	1.259080E+4	0.000000E+0	0.000000E+0
4.867280E+3	-1.998200E-4	1.259090E+4	0.000000E+0	0.000000E+0
4.871285E+3	-1.998000E-4	1.259080E+4	0.000000E+0	0.000000E+0
4.875280E+3	-1.998100E-4	1.259070E+4	0.000000E+0	0.000000E+0
4.879284E+3	-1.998200E-4	1.259060E+4	0.000000E+0	0.000000E+0
4.883283E+3	-1.998100E-4	1.259060E+4	0.000000E+0	0.000000E+0
4.887283E+3	-1.998200E-4	1.259050E+4	0.000000E+0	0.000000E+0
4.891296E+3	-1.998200E-4	1.259040E+4	0.000000E+0	0.000000E+0
4.895286E+3	-1.998800E-4	1.259030E+4	0.000000E+0	0.000000E+0
4.899283E+3	-1.998900E-4	1.259020E+4	0.000000E+0	0.000000E+0
4.903282E+3	-1.999100E-4	1.259020E+4	0.000000E+0	0.000000E+0
4.907284E+3	-1.998400E-4	1.259010E+4	0.000000E+0	0.000000E+0
4.911285E+3	-1.998200E-4	1.259000E+4	0.000000E+0	0.000000E+0
4.915282E+3	-1.998400E-4	1.258980E+4	0.000000E+0	0.000000E+0
4.919285E+3	-1.998500E-4	1.258960E+4	0.000000E+0	0.000000E+0
4.923285E+3	-1.998400E-4	1.258950E+4	0.000000E+0	0.000000E+0
4.927284E+3	-1.998600E-4	1.258930E+4	0.000000E+0	0.000000E+0
4.931285E+3	-1.998500E-4	1.258920E+4	0.000000E+0	0.000000E+0
4.935283E+3	-1.998200E-4	1.258900E+4	0.000000E+0	0.000000E+0
4.939283E+3	-1.998300E-4	1.258880E+4	0.000000E+0	0.000000E+0
4.943286E+3	-1.998500E-4	1.258870E+4	0.000000E+0	0.000000E+0
4.947282E+3	-1.998500E-4	1.258870E+4	0.000000E+0	0.000000E+0
4.951300E+3	-1.998400E-4	1.258860E+4	0.000000E+0	0.000000E+0
4.955281E+3	-1.998300E-4	1.258840E+4	0.000000E+0	0.000000E+0
4.959281E+3	-1.998500E-4	1.258830E+4	0.000000E+0	0.000000E+0
4.963279E+3	-1.998600E-4	1.258820E+4	0.000000E+0	0.000000E+0
4.967283E+3	-1.998300E-4	1.258820E+4	0.000000E+0	0.000000E+0
4.971283E+3	-1.998200E-4	1.258800E+4	0.000000E+0	0.000000E+0
4.975284E+3	-1.998300E-4	1.258780E+4	0.000000E+0	0.000000E+0
4.979281E+3	-1.998200E-4	1.258760E+4	0.000000E+0	0.000000E+0
4.983284E+3	-1.998400E-4	1.258750E+4	0.000000E+0	0.000000E+0
4.987296E+3	-1.998400E-4	1.258740E+4	0.000000E+0	0.000000E+0
4.991283E+3	-1.998600E-4	1.258740E+4	0.000000E+0	0.000000E+0
4.995285E+3	-1.998500E-4	1.258730E+4	0.000000E+0	0.000000E+0
4.999284E+3	-1.998500E-4	1.258730E+4	0.000000E+0	0.000000E+0
5.003285E+3	-1.998700E-4	1.258720E+4	0.000000E+0	0.000000E+0
5.007286E+3	-1.998600E-4	1.258700E+4	0.000000E+0	0.000000E+0
5.011284E+3	-1.998900E-4	1.258670E+4	0.000000E+0	0.000000E+0
5.015284E+3	-1.998800E-4	1.258640E+4	0.000000E+0	0.000000E+0
5.019285E+3	-1.998700E-4	1.258600E+4	0.000000E+0	0.000000E+0
5.023296E+3	-1.998600E-4	1.258560E+4	0.000000E+0	0.000000E+0
5.027280E+3	-1.998700E-4	1.258520E+4	0.000000E+0	0.000000E+0
5.031280E+3	-1.998600E-4	1.258490E+4	0.000000E+0	0.000000E+0
5.035280E+3	-1.998700E-4	1.258470E+4	0.000000E+0	0.000000E+0
5.039281E+3	-1.999200E-4	1.258450E+4	0.000000E+0	0.000000E+0
5.043285E+3	-1.999000E-4	1.258450E+4	0.000000E+0	0.000000E+0
5.047283E+3	-1.998800E-4	1.258450E+4	0.000000E+0	0.000000E+0
5.051283E+3	-1.998400E-4	1.258460E+4	0.000000E+0	0.000000E+0
5.055286E+3	-1.998900E-4	1.258470E+4	0.000000E+0	0.000000E+0
5.059281E+3	-1.998800E-4	1.258460E+4	0.000000E+0	0.000000E+0
5.063299E+3	-1.998800E-4	1.258470E+4	0.000000E+0	0.000000E+0
5.067286E+3	-1.998800E-4	1.258460E+4	0.000000E+0	0.000000E+0
5.071263E+3	-1.998400E-4	1.258470E+4	0.000000E+0	0.000000E+0
5.075294E+3	-1.998300E-4	1.258460E+4	0.000000E+0	0.000000E+0
5.079287E+3	-1.998300E-4	1.258470E+4	0.000000E+0	0.000000E+0
5.083283E+3	-1.998200E-4	1.258470E+4	0.000000E+0	0.000000E+0
5.087289E+3	-1.998500E-4	1.258470E+4	0.000000E+0	0.000000E+0
5.091263E+3	-1.998400E-4	1.258470E+4	0.000000E+0	0.000000E+0
5.095320E+3	-1.998400E-4	1.258470E+4	0.000000E+0	0.000000E+0
5.099263E+3	-1.998300E-4	1.258470E+4	0.000000E+0	0.000000E+0
5.103307E+3	-1.998200E-4	1.258480E+4	0.000000E+0	0.000000E+0
5.107267E+3	-1.998400E-4	1.258470E+4	0.000000E+0	0.000000E+0
5.111299E+3	-1.998500E-4	1.258430E+4	0.000000E+0	0.000000E+0
5.115290E+3	-1.998400E-4	1.258420E+4	0.000000E+0	0.000000E+0
5.119261E+3	-1.998500E-4	1.258400E+4	0.000000E+0	0.000000E+0
5.123293E+3	-1.998700E-4	1.258370E+4	0.000000E+0	0.000000E+0
5.127282E+3	-1.998400E-4	1.258360E+4	0.000000E+0	0.000000E+0
5.131286E+3	-1.998600E-4	1.258350E+4	0.000000E+0	0.000000E+0
5.135283E+3	-1.998700E-4	1.258350E+4	0.000000E+0	0.000000E+0
5.139281E+3	-1.998600E-4	1.258340E+4	0.000000E+0	0.000000E+0
5.143283E+3	-1.998700E-4	1.258350E+4	0.000000E+0	0.000000E+0
5.147281E+3	-1.998900E-4	1.258350E+4	0.000000E+0	0.000000E+0
5.151286E+3	-1.999000E-4	1.258350E+4	0.000000E+0	0.000000E+0
5.155262E+3	-1.999400E-4	1.258340E+4	0.000000E+0	0.000000E+0
5.159301E+3	-1.998900E-4	1.258330E+4	0.000000E+0	0.000000E+0
5.163260E+3	-1.998700E-4	1.258330E+4	0.000000E+0	0.000000E+0
5.167309E+3	-1.998700E-4	1.258320E+4	0.000000E+0	0.000000E+0
5.171264E+3	-1.998500E-4	1.258290E+4	0.000000E+0	0.000000E+0
5.175304E+3	-1.998600E-4	1.258290E+4	0.000000E+0	0.000000E+0
5.179270E+3	-1.998600E-4	1.258280E+4	0.000000E+0	0.000000E+0
5.183314E+3	-1.998300E-4	1.258260E+4	0.000000E+0	0.000000E+0
5.187271E+3	-1.998900E-4	1.258250E+4	0.000000E+0	0.000000E+0
5.191305E+3	-1.998400E-4	1.258240E+4	0.000000E+0	0.000000E+0
5.195268E+3	-1.998600E-4	1.258240E+4	0.000000E+0	0.000000E+0
5.199305E+3	-1.998600E-4	1.258230E+4	0.000000E+0	0.000000E+0
5.203280E+3	-1.998800E-4	1.258220E+4	0.000000E+0	0.000000E+0
5.207300E+3	-1.998500E-4	1.258220E+4	0.000000E+0	0.000000E+0
5.211266E+3	-1.998800E-4	1.258200E+4	0.000000E+0	0.000000E+0
5.215306E+3	-1.998800E-4	1.258190E+4	0.000000E+0	0.000000E+0
5.219264E+3	-1.998600E-4	1.258180E+4	0.000000E+0	0.000000E+0
5.223316E+3	-1.998600E-4	1.258170E+4	0.000000E+0	0.000000E+0
5.227262E+3	-1.998400E-4	1.258150E+4	0.000000E+0	0.000000E+0
5.231295E+3	-1.998700E-4	1.258130E+4	0.000000E+0	0.000000E+0
5.235277E+3	-1.998500E-4	1.258120E+4	0.000000E+0	0.000000E+0
5.239285E+3	-1.998500E-4	1.258130E+4	0.000000E+0	0.000000E+0
5.243283E+3	-1.998800E-4	1.258120E+4	0.000000E+0	0.000000E+0
5.247286E+3	-1.998500E-4	1.258090E+4	0.000000E+0	0.000000E+0
5.251258E+3	-1.998300E-4	1.258080E+4	0.000000E+0	0.000000E+0
5.255291E+3	-1.998400E-4	1.258080E+4	0.000000E+0	0.000000E+0
5.259287E+3	-1.998600E-4	1.258080E+4	0.000000E+0	0.000000E+0
5.263255E+3	-1.998700E-4	1.258060E+4	0.000000E+0	0.000000E+0
5.267301E+3	-1.998500E-4	1.258050E+4	0.000000E+0	0.000000E+0
5.271263E+3	-1.998700E-4	1.258050E+4	0.000000E+0	0.000000E+0
5.275316E+3	-1.998300E-4	1.258020E+4	0.000000E+0	0.000000E+0
5.279261E+3	-1.998300E-4	1.257980E+4	0.000000E+0	0.000000E+0
5.283292E+3	-1.998300E-4	1.257960E+4	0.000000E+0	0.000000E+0
5.287281E+3	-1.998200E-4	1.257960E+4	0.000000E+0	0.000000E+0
5.291282E+3	-1.998400E-4	1.257960E+4	0.000000E+0	0.000000E+0
5.295288E+3	-1.998500E-4	1.257950E+4	0.000000E+0	0.000000E+0
5.299256E+3	-1.998100E-4	1.257940E+4	0.000000E+0	0.000000E+0
5.303292E+3	-1.998200E-4	1.257940E+4	0.000000E+0	0.000000E+0
5.307283E+3	-1.998300E-4	1.257930E+4	0.000000E+0	0.000000E+0
5.311290E+3	-1.998100E-4	1.257920E+4	0.000000E+0	0.000000E+0
5.315283E+3	-1.997900E-4	1.257920E+4	0.000000E+0	0.000000E+0
5.319280E+3	-1.998400E-4	1.257910E+4	0.000000E+0	0.000000E+0
5.323286E+3	-1.998200E-4	1.257900E+4	0.000000E+0	0.000000E+0
5.327283E+3	-1.998300E-4	1.257900E+4	0.000000E+0	0.000000E+0
5.331284E+3	-1.998600E-4	1.257880E+4	0.000000E+0	0.000000E+0
5.335261E+3	-1.998300E-4	1.257890E+4	0.000000E+0	0.000000E+0
5.339301E+3	-1.998300E-4	1.257890E+4	0.000000E+0	0.000000E+0
5.343258E+3	-1.998000E-4	1.257890E+4	0.000000E+0	0.000000E+0
5.347307E+3	-1.998300E-4	1.257890E+4	0.000000E+0	0.000000E+0
5.351291E+3	-1.998000E-4	1.257880E+4	0.000000E+0	0.000000E+0
5.355261E+3	-1.997900E-4	1.257870E+4	0.000000E+0	0.000000E+0
5.359302E+3	-1.997800E-4	1.257850E+4	0.000000E+0	0.000000E+0
5.363262E+3	-1.997800E-4	1.257840E+4	0.000000E+0	0.000000E+0
5.367299E+3	-1.997900E-4	1.257810E+4	0.000000E+0	0.000000E+0
5.371289E+3	-1.998000E-4	1.257800E+4	0.000000E+0	0.000000E+0
5.375284E+3	-1.997800E-4	1.257770E+4	0.000000E+0	0.000000E+0
5.379284E+3	-1.997800E-4	1.257720E+4	0.000000E+0	0.000000E+0
5.383282E+3	-1.998100E-4	1.257680E+4	0.000000E+0	0.000000E+0
5.387288E+3	-1.998000E-4	1.257640E+4	0.000000E+0	0.000000E+0
5.391287E+3	-1.997700E-4	1.257590E+4	0.000000E+0	0.000000E+0
5.395287E+3	-1.997700E-4	1.257560E+4	0.000000E+0	0.000000E+0
5.399285E+3	-1.997700E-4	1.257560E+4	0.000000E+0	0.000000E+0
5.403287E+3	-1.997900E-4	1.257550E+4	0.000000E+0	0.000000E+0
5.407283E+3	-1.997900E-4	1.257540E+4	0.000000E+0	0.000000E+0
5.411285E+3	-1.998400E-4	1.257550E+4	0.000000E+0	0.000000E+0
5.415280E+3	-1.998000E-4	1.257540E+4	0.000000E+0	0.000000E+0
5.419298E+3	-1.997800E-4	1.257530E+4	0.000000E+0	0.000000E+0
5.423283E+3	-1.997800E-4	1.257530E+4	0.000000E+0	0.000000E+0
5.427283E+3	-1.998100E-4	1.257520E+4	0.000000E+0	0.000000E+0
5.431281E+3	-1.998100E-4	1.257520E+4	0.000000E+0	0.000000E+0
5.435285E+3	-1.997900E-4	1.257520E+4	0.000000E+0	0.000000E+0
5.439287E+3	-1.998000E-4	1.257510E+4	0.000000E+0	0.000000E+0
5.443286E+3	-1.997900E-4	1.257520E+4	0.000000E+0	0.000000E+0
5.447262E+3	-1.997700E-4	1.257520E+4	0.000000E+0	0.000000E+0
5.451298E+3	-1.998100E-4	1.257520E+4	0.000000E+0	0.000000E+0
5.455294E+3	-1.997900E-4	1.257530E+4	0.000000E+0	0.000000E+0
5.459261E+3	-1.997900E-4	1.257520E+4	0.000000E+0	0.000000E+0
5.463293E+3	-1.998000E-4	1.257520E+4	0.000000E+0	0.000000E+0
5.467284E+3	-1.998200E-4	1.257510E+4	0.000000E+0	0.000000E+0
5.471284E+3	-1.997900E-4	1.257500E+4	0.000000E+0	0.000000E+0
5.475290E+3	-1.998000E-4	1.257490E+4	0.000000E+0	0.000000E+0
5.479266E+3	-1.997900E-4	1.257460E+4	0.000000E+0	0.000000E+0
5.483304E+3	-1.997900E-4	1.257420E+4	0.000000E+0	0.000000E+0
5.487267E+3	-1.997900E-4	1.257400E+4	0.000000E+0	0.000000E+0
5.491331E+3	-1.997900E-4	1.257390E+4	0.000000E+0	0.000000E+0
5.495268E+3	-1.997900E-4	1.257380E+4	0.000000E+0	0.000000E+0
5.499298E+3	-1.997900E-4	1.257360E+4	0.000000E+0	0.000000E+0
5.503290E+3	-1.998100E-4	1.257360E+4	0.000000E+0	0.000000E+0
5.507257E+3	-1.997900E-4	1.257350E+4	0.000000E+0	0.000000E+0
5.511295E+3	-1.998300E-4	1.257350E+4	0.000000E+0	0.000000E+0
5.515289E+3	-1.998500E-4	1.257350E+4	0.000000E+0	0.000000E+0
5.519284E+3	-1.998300E-4	1.257350E+4	0.000000E+0	0.000000E+0
5.523284E+3	-1.998300E-4	1.257330E+4	0.000000E+0	0.000000E+0
5.527282E+3	-1.998200E-4	1.257330E+4	0.000000E+0	0.000000E+0
5.531281E+3	-1.998500E-4	1.257320E+4	0.000000E+0	0.000000E+0
5.535281E+3	-1.998300E-4	1.257310E+4	0.000000E+0	0.000000E+0
5.539282E+3	-1.998100E-4	1.257290E+4	0.000000E+0	0.000000E+0
5.543282E+3	-1.998500E-4	1.257270E+4	0.000000E+0	0.000000E+0
5.547314E+3	-1.998600E-4	1.257270E+4	0.000000E+0	0.000000E+0
5.551261E+3	-1.998600E-4	1.257270E+4	0.000000E+0	0.000000E+0
5.555301E+3	-1.998200E-4	1.257260E+4	0.000000E+0	0.000000E+0
5.559287E+3	-1.998100E-4	1.257250E+4	0.000000E+0	0.000000E+0
5.563265E+3	-1.998400E-4	1.257240E+4	0.000000E+0	0.000000E+0
5.567299E+3	-1.998100E-4	1.257240E+4	0.000000E+0	0.000000E+0
5.571285E+3	-1.998100E-4	1.257240E+4	0.000000E+0	0.000000E+0
5.575281E+3	-1.998300E-4	1.257220E+4	0.000000E+0	0.000000E+0
5.579285E+3	-1.998100E-4	1.257220E+4	0.000000E+0	0.000000E+0
5.583285E+3	-1.998500E-4	1.257220E+4	0.000000E+0	0.000000E+0
5.587286E+3	-1.998800E-4	1.257210E+4	0.000000E+0	0.000000E+0
5.591264E+3	-1.998700E-4	1.257200E+4	0.000000E+0	0.000000E+0
5.595303E+3	-1.998400E-4	1.257180E+4	0.000000E+0	0.000000E+0
5.599266E+3	-1.998300E-4	1.257170E+4	0.000000E+0	0.000000E+0
5.603307E+3	-1.998200E-4	1.257160E+4	0.000000E+0	0.000000E+0
5.607265E+3	-1.998300E-4	1.257150E+4	0.000000E+0	0.000000E+0
5.611304E+3	-1.998400E-4	1.257140E+4	0.000000E+0	0.000000E+0
5.615262E+3	-1.998500E-4	1.257120E+4	0.000000E+0	0.000000E+0
5.619312E+3	-1.998500E-4	1.257110E+4	0.000000E+0	0.000000E+0
5.623265E+3	-1.998500E-4	1.257100E+4	0.000000E+0	0.000000E+0
5.627299E+3	-1.998700E-4	1.257080E+4	0.000000E+0	0.000000E+0
5.631287E+3	-1.998500E-4	1.257060E+4	0.000000E+0	0.000000E+0
5.635292E+3	-1.998100E-4	1.257060E+4	0.000000E+0	0.000000E+0
5.639295E+3	-1.998500E-4	1.257060E+4	0.000000E+0	0.000000E+0
5.643285E+3	-1.998800E-4	1.257050E+4	0.000000E+0	0.000000E+0
5.647285E+3	-1.998600E-4	1.257040E+4	0.000000E+0	0.000000E+0
5.651284E+3	-1.998500E-4	1.257020E+4	0.000000E+0	0.000000E+0
5.655295E+3	-1.998300E-4	1.257020E+4	0.000000E+0	0.000000E+0
5.659264E+3	-1.998600E-4	1.257020E+4	0.000000E+0	0.000000E+0
5.663305E+3	-1.998400E-4	1.257010E+4	0.000000E+0	0.000000E+0
5.667261E+3	-1.998500E-4	1.257000E+4	0.000000E+0	0.000000E+0
5.671304E+3	-1.998700E-4	1.256990E+4	0.000000E+0	0.000000E+0
5.675285E+3	-1.998900E-4	1.256980E+4	0.000000E+0	0.000000E+0
5.679284E+3	-1.998700E-4	1.256970E+4	0.000000E+0	0.000000E+0
5.683286E+3	-1.998600E-4	1.256960E+4	0.000000E+0	0.000000E+0
5.687281E+3	-1.998200E-4	1.256960E+4	0.000000E+0	0.000000E+0
5.691285E+3	-1.998400E-4	1.256940E+4	0.000000E+0	0.000000E+0
5.695285E+3	-1.998500E-4	1.256930E+4	0.000000E+0	0.000000E+0
5.699286E+3	-1.998200E-4	1.256910E+4	0.000000E+0	0.000000E+0
5.703283E+3	-1.998400E-4	1.256910E+4	0.000000E+0	0.000000E+0
5.707282E+3	-1.998200E-4	1.256900E+4	0.000000E+0	0.000000E+0
5.711283E+3	-1.998200E-4	1.256890E+4	0.000000E+0	0.000000E+0
5.715255E+3	-1.998100E-4	1.256880E+4	0.000000E+0	0.000000E+0
5.719291E+3	-1.998400E-4	1.256870E+4	0.000000E+0	0.000000E+0
5.723282E+3	-1.998500E-4	1.256870E+4	0.000000E+0	0.000000E+0
5.727314E+3	-1.998600E-4	1.256860E+4	0.000000E+0	0.000000E+0
5.731266E+3	-1.998300E-4	1.256840E+4	0.000000E+0	0.000000E+0
5.735300E+3	-1.998500E-4	1.256840E+4	0.000000E+0	0.000000E+0
5.739266E+3	-1.998500E-4	1.256840E+4	0.000000E+0	0.000000E+0
5.743310E+3	-1.998500E-4	1.256820E+4	0.000000E+0	0.000000E+0
5.747264E+3	-1.998400E-4	1.256820E+4	0.000000E+0	0.000000E+0
5.751297E+3	-1.998500E-4	1.256810E+4	0.000000E+0	0.000000E+0
5.755290E+3	-1.998700E-4	1.256800E+4	0.000000E+0	0.000000E+0
5.759287E+3	-1.998500E-4	1.256790E+4	0.000000E+0	0.000000E+0
5.763289E+3	-1.998700E-4	1.256780E+4	0.000000E+0	0.000000E+0
5.767282E+3	-1.998600E-4	1.256770E+4	0.000000E+0	0.000000E+0
5.771288E+3	-1.998700E-4	1.256770E+4	0.000000E+0	0.000000E+0
5.775285E+3	-1.998900E-4	1.256750E+4	0.000000E+0	0.000000E+0
5.779287E+3	-1.999000E-4	1.256740E+4	0.000000E+0	0.000000E+0
5.783288E+3	-1.998600E-4	1.256730E+4	0.000000E+0	0.000000E+0
5.787264E+3	-1.998300E-4	1.256720E+4	0.000000E+0	0.000000E+0
5.791296E+3	-1.998600E-4	1.256730E+4	0.000000E+0	0.000000E+0
5.795282E+3	-1.998600E-4	1.256710E+4	0.000000E+0	0.000000E+0
5.799285E+3	-1.998400E-4	1.256690E+4	0.000000E+0	0.000000E+0
5.803286E+3	-1.998600E-4	1.256680E+4	0.000000E+0	0.000000E+0
5.807283E+3	-1.998400E-4	1.256670E+4	0.000000E+0	0.000000E+0
5.811281E+3	-1.998400E-4	1.256670E+4	0.000000E+0	0.000000E+0
5.815284E+3	-1.998300E-4	1.256660E+4	0.000000E+0	0.000000E+0
5.819287E+3	-1.998600E-4	1.256640E+4	0.000000E+0	0.000000E+0
5.823284E+3	-1.998600E-4	1.256620E+4	0.000000E+0	0.000000E+0
5.827285E+3	-1.998700E-4	1.256610E+4	0.000000E+0	0.000000E+0
5.831284E+3	-1.998300E-4	1.256590E+4	0.000000E+0	0.000000E+0
5.835292E+3	-1.998500E-4	1.256580E+4	0.000000E+0	0.000000E+0
5.839259E+3	-1.998500E-4	1.256560E+4	0.000000E+0	0.000000E+0
5.843302E+3	-1.998700E-4	1.256540E+4	0.000000E+0	0.000000E+0
5.847264E+3	-1.998500E-4	1.256520E+4	0.000000E+0	0.000000E+0
5.851308E+3	-1.998500E-4	1.256490E+4	0.000000E+0	0.000000E+0
5.855259E+3	-1.998700E-4	1.256440E+4	0.000000E+0	0.000000E+0
5.859295E+3	-1.998800E-4	1.256430E+4	0.000000E+0	0.000000E+0
5.863282E+3	-1.998400E-4	1.256420E+4	0.000000E+0	0.000000E+0
5.867282E+3	-1.998300E-4	1.256390E+4	0.000000E+0	0.000000E+0
5.871282E+3	-1.998300E-4	1.256350E+4	0.000000E+0	0.000000E+0
5.875281E+3	-1.998400E-4	1.256340E+4	0.000000E+0	0.000000E+0
5.879283E+3	-1.998200E-4	1.256340E+4	0.000000E+0	0.000000E+0
5.883284E+3	-1.998400E-4	1.256340E+4	0.000000E+0	0.000000E+0
5.887283E+3	-1.998500E-4	1.256360E+4	0.000000E+0	0.000000E+0
5.891280E+3	-1.998600E-4	1.256350E+4	0.000000E+0	0.000000E+0
5.895281E+3	-1.998500E-4	1.256360E+4	0.000000E+0	0.000000E+0
5.899282E+3	-1.998300E-4	1.256360E+4	0.000000E+0	0.000000E+0
5.903286E+3	-1.998500E-4	1.256350E+4	0.000000E+0	0.000000E+0
5.907287E+3	-1.998500E-4	1.256350E+4	0.000000E+0	0.000000E+0
5.911265E+3	-1.998800E-4	1.256350E+4	0.000000E+0	0.000000E+0
5.915304E+3	-1.998600E-4	1.256330E+4	0.000000E+0	0.000000E+0
5.919258E+3	-1.998600E-4	1.256320E+4	0.000000E+0	0.000000E+0
5.923307E+3	-1.998600E-4	1.256310E+4	0.000000E+0	0.000000E+0
5.927285E+3	-1.998500E-4	1.256310E+4	0.000000E+0	0.000000E+0
5.931287E+3	-1.998400E-4	1.256290E+4	0.000000E+0	0.000000E+0
5.935258E+3	-1.998500E-4	1.256290E+4	0.000000E+0	0.000000E+0
5.939295E+3	-1.998600E-4	1.256290E+4	0.000000E+0	0.000000E+0
5.943287E+3	-1.998300E-4	1.256270E+4	0.000000E+0	0.000000E+0
5.947262E+3	-1.998500E-4	1.256260E+4	0.000000E+0	0.000000E+0
5.951279E+3	-1.998500E-4	1.256250E+4	0.000000E+0	0.000000E+0
5.955286E+3	-1.998700E-4	1.256250E+4	0.000000E+0	0.000000E+0
5.959284E+3	-1.998600E-4	1.256230E+4	0.000000E+0	0.000000E+0
5.963285E+3	-1.998800E-4	1.256230E+4	0.000000E+0	0.000000E+0
5.967259E+3	-1.998600E-4	1.256230E+4	0.000000E+0	0.000000E+0
5.971300E+3	-1.998700E-4	1.256230E+4	0.000000E+0	0.000000E+0
5.975281E+3	-1.998600E-4	1.256220E+4	0.000000E+0	0.000000E+0
5.979290E+3	-1.998600E-4	1.256200E+4	0.000000E+0	0.000000E+0
5.983259E+3	-1.998600E-4	1.256190E+4	0.000000E+0	0.000000E+0
5.987297E+3	-1.998500E-4	1.256180E+4	0.000000E+0	0.000000E+0
5.991283E+3	-1.998900E-4	1.256160E+4	0.000000E+0	0.000000E+0
5.995283E+3	-1.998500E-4	1.256150E+4	0.000000E+0	0.000000E+0
5.999281E+3	-1.998500E-4	1.256120E+4	0.000000E+0	0.000000E+0
6.003281E+3	-1.998500E-4	1.256120E+4	0.000000E+0	0.000000E+0
6.007279E+3	-1.998700E-4	1.256120E+4	0.000000E+0	0.000000E+0
6.011281E+3	-1.998700E-4	1.256110E+4	0.000000E+0	0.000000E+0
6.015284E+3	-1.998700E-4	1.256110E+4	0.000000E+0	0.000000E+0
6.019282E+3	-1.998600E-4	1.256110E+4	0.000000E+0	0.000000E+0
6.023284E+3	-1.998600E-4	1.256100E+4	0.000000E+0	0.000000E+0
6.027284E+3	-1.998500E-4	1.256090E+4	0.000000E+0	0.000000E+0
6.031304E+3	-1.998800E-4	1.256090E+4	0.000000E+0	0.000000E+0
6.035285E+3	-1.998900E-4	1.256080E+4	0.000000E+0	0.000000E+0
6.039285E+3	-1.998700E-4	1.256080E+4	0.000000E+0	0.000000E+0
6.043288E+3	-1.998700E-4	1.256070E+4	0.000000E+0	0.000000E+0
6.047260E+3	-1.998900E-4	1.256060E+4	0.000000E+0	0.000000E+0
6.051318E+3	-1.998900E-4	1.256030E+4	0.000000E+0	0.000000E+0
6.055262E+3	-1.998700E-4	1.256000E+4	0.000000E+0	0.000000E+0
6.059306E+3	-1.998600E-4	1.255990E+4	0.000000E+0	0.000000E+0
6.063259E+3	-1.999000E-4	1.255970E+4	0.000000E+0	0.000000E+0
6.067302E+3	-1.998800E-4	1.255970E+4	0.000000E+0	0.000000E+0
6.071285E+3	-1.998900E-4	1.255960E+4	0.000000E+0	0.000000E+0
6.075285E+3	-1.998800E-4	1.255950E+4	0.000000E+0	0.000000E+0
6.079290E+3	-1.998800E-4	1.255940E+4	0.000000E+0	0.000000E+0
6.083260E+3	-1.999000E-4	1.255930E+4	0.000000E+0	0.000000E+0
6.087328E+3	-1.999000E-4	1.255930E+4	0.000000E+0	0.000000E+0
6.091259E+3	-1.998700E-4	1.255920E+4	0.000000E+0	0.000000E+0
6.095301E+3	-1.998600E-4	1.255910E+4	0.000000E+0	0.000000E+0
6.099262E+3	-1.998700E-4	1.255900E+4	0.000000E+0	0.000000E+0
6.103317E+3	-1.998600E-4	1.255900E+4	0.000000E+0	0.000000E+0
6.107289E+3	-1.998400E-4	1.255890E+4	0.000000E+0	0.000000E+0
6.111261E+3	-1.998700E-4	1.255880E+4	0.000000E+0	0.000000E+0
6.115297E+3	-1.998600E-4	1.255860E+4	0.000000E+0	0.000000E+0
6.119285E+3	-1.998800E-4	1.255840E+4	0.000000E+0	0.000000E+0
6.123297E+3	-1.998600E-4	1.255830E+4	0.000000E+0	0.000000E+0
6.127267E+3	-1.998800E-4	1.255810E+4	0.000000E+0	0.000000E+0
6.131301E+3	-1.998600E-4	1.255800E+4	0.000000E+0	0.000000E+0
6.135266E+3	-1.998400E-4	1.255790E+4	0.000000E+0	0.000000E+0
6.139304E+3	-1.998500E-4	1.255790E+4	0.000000E+0	0.000000E+0
6.143285E+3	-1.998700E-4	1.255790E+4	0.000000E+0	0.000000E+0
6.147286E+3	-1.999000E-4	1.255780E+4	0.000000E+0	0.000000E+0
6.151285E+3	-1.998800E-4	1.255780E+4	0.000000E+0	0.000000E+0
6.155281E+3	-1.998900E-4	1.255780E+4	0.000000E+0	0.000000E+0
6.159290E+3	-1.998800E-4	1.255770E+4	0.000000E+0	0.000000E+0
6.163262E+3	-1.998900E-4	1.255760E+4	0.000000E+0	0.000000E+0
6.167298E+3	-1.998800E-4	1.255760E+4	0.000000E+0	0.000000E+0
6.171284E+3	-1.998800E-4	1.255760E+4	0.000000E+0	0.000000E+0
6.175294E+3	-1.998800E-4	1.255750E+4	0.000000E+0	0.000000E+0
6.179284E+3	-1.999000E-4	1.255760E+4	0.000000E+0	0.000000E+0
6.183281E+3	-1.999100E-4	1.255760E+4	0.000000E+0	0.000000E+0
6.187289E+3	-1.999000E-4	1.255750E+4	0.000000E+0	0.000000E+0
6.191286E+3	-1.999100E-4	1.255750E+4	0.000000E+0	0.000000E+0
6.195284E+3	-1.998800E-4	1.255740E+4	0.000000E+0	0.000000E+0
6.199284E+3	-1.998900E-4	1.255730E+4	0.000000E+0	0.000000E+0
6.203283E+3	-1.999100E-4	1.255720E+4	0.000000E+0	0.000000E+0
6.207281E+3	-1.998700E-4	1.255710E+4	0.000000E+0	0.000000E+0
6.211318E+3	-1.999000E-4	1.255700E+4	0.000000E+0	0.000000E+0
6.215287E+3	-1.998600E-4	1.255690E+4	0.000000E+0	0.000000E+0
6.219282E+3	-1.998500E-4	1.255680E+4	0.000000E+0	0.000000E+0
6.223283E+3	-1.998400E-4	1.255670E+4	0.000000E+0	0.000000E+0
6.227287E+3	-1.998300E-4	1.255650E+4	0.000000E+0	0.000000E+0
6.231264E+3	-1.998200E-4	1.255650E+4	0.000000E+0	0.000000E+0
6.235300E+3	-1.998400E-4	1.255630E+4	0.000000E+0	0.000000E+0
6.239285E+3	-1.998200E-4	1.255630E+4	0.000000E+0	0.000000E+0
6.243259E+3	-1.998400E-4	1.255610E+4	0.000000E+0	0.000000E+0
6.247294E+3	-1.998400E-4	1.255590E+4	0.000000E+0	0.000000E+0
6.251286E+3	-1.998700E-4	1.255580E+4	0.000000E+0	0.000000E+0
6.255284E+3	-1.998500E-4	1.255580E+4	0.000000E+0	0.000000E+0
6.259283E+3	-1.998400E-4	1.255570E+4	0.000000E+0	0.000000E+0
6.263283E+3	-1.998300E-4	1.255550E+4	0.000000E+0	0.000000E+0
6.267312E+3	-1.998300E-4	1.255540E+4	0.000000E+0	0.000000E+0
6.271260E+3	-1.998200E-4	1.255540E+4	0.000000E+0	0.000000E+0
6.275299E+3	-1.998200E-4	1.255540E+4	0.000000E+0	0.000000E+0
6.279257E+3	-1.998100E-4	1.255540E+4	0.000000E+0	0.000000E+0
6.283301E+3	-1.998300E-4	1.255530E+4	0.000000E+0	0.000000E+0
6.287285E+3	-1.998300E-4	1.255520E+4	0.000000E+0	0.000000E+0
6.291284E+3	-1.998100E-4	1.255530E+4	0.000000E+0	0.000000E+0
6.295286E+3	-1.998000E-4	1.255510E+4	0.000000E+0	0.000000E+0
6.299285E+3	-1.998100E-4	1.255500E+4	0.000000E+0	0.000000E+0
6.303263E+3	-1.998200E-4	1.255490E+4	0.000000E+0	0.000000E+0
6.307293E+3	-1.998100E-4	1.255460E+4	0.000000E+0	0.000000E+0
6.311284E+3	-1.998100E-4	1.255450E+4	0.000000E+0	0.000000E+0
6.315283E+3	-1.998600E-4	1.255450E+4	0.000000E+0	0.000000E+0
6.319284E+3	-1.998400E-4	1.255430E+4	0.000000E+0	0.000000E+0
6.323279E+3	-1.998400E-4	1.255420E+4	0.000000E+0	0.000000E+0
6.327283E+3	-1.998400E-4	1.255410E+4	0.000000E+0	0.000000E+0
6.331285E+3	-1.998500E-4	1.255410E+4	0.000000E+0	0.000000E+0
6.335282E+3	-1.998400E-4	1.255400E+4	0.000000E+0	0.000000E+0
6.339280E+3	-1.998700E-4	1.255390E+4	0.000000E+0	0.000000E+0
6.343281E+3	-1.998300E-4	1.255370E+4	0.000000E+0	0.000000E+0
6.347281E+3	-1.998500E-4	1.255330E+4	0.000000E+0	0.000000E+0
6.351283E+3	-1.998100E-4	1.255290E+4	0.000000E+0	0.000000E+0
6.355299E+3	-1.998100E-4	1.255260E+4	0.000000E+0	0.000000E+0
6.359267E+3	-1.998300E-4	1.255220E+4	0.000000E+0	0.000000E+0
6.363307E+3	-1.998100E-4	1.255180E+4	0.000000E+0	0.000000E+0
6.367258E+3	-1.998100E-4	1.255140E+4	0.000000E+0	0.000000E+0
6.371301E+3	-1.998100E-4	1.255110E+4	0.000000E+0	0.000000E+0
6.375274E+3	-1.998100E-4	1.255100E+4	0.000000E+0	0.000000E+0
6.379290E+3	-1.998300E-4	1.255100E+4	0.000000E+0	0.000000E+0
6.383284E+3	-1.998300E-4	1.255090E+4	0.000000E+0	0.000000E+0
6.387282E+3	-1.998100E-4	1.255090E+4	0.000000E+0	0.000000E+0
6.391290E+3	-1.998200E-4	1.255080E+4	0.000000E+0	0.000000E+0
6.395286E+3	-1.998500E-4	1.255080E+4	0.000000E+0	0.000000E+0
6.399285E+3	-1.998300E-4	1.255060E+4	0.000000E+0	0.000000E+0
6.403282E+3	-1.998300E-4	1.255050E+4	0.000000E+0	0.000000E+0
6.407280E+3	-1.998000E-4	1.255030E+4	0.000000E+0	0.000000E+0
6.411287E+3	-1.998300E-4	1.255000E+4	0.000000E+0	0.000000E+0
6.415253E+3	-1.998100E-4	1.254950E+4	0.000000E+0	0.000000E+0
6.419293E+3	-1.998400E-4	1.254920E+4	0.000000E+0	0.000000E+0
6.423283E+3	-1.998500E-4	1.254900E+4	0.000000E+0	0.000000E+0
6.427280E+3	-1.998700E-4	1.254900E+4	0.000000E+0	0.000000E+0
6.431282E+3	-1.998600E-4	1.254910E+4	0.000000E+0	0.000000E+0
6.435280E+3	-1.998700E-4	1.254920E+4	0.000000E+0	0.000000E+0
6.439282E+3	-1.998500E-4	1.254930E+4	0.000000E+0	0.000000E+0
6.443281E+3	-1.998400E-4	1.254940E+4	0.000000E+0	0.000000E+0
6.447286E+3	-1.998600E-4	1.254930E+4	0.000000E+0	0.000000E+0
6.451260E+3	-1.998300E-4	1.254930E+4	0.000000E+0	0.000000E+0
6.455298E+3	-1.998200E-4	1.254940E+4	0.000000E+0	0.000000E+0
6.459283E+3	-1.998200E-4	1.254940E+4	0.000000E+0	0.000000E+0
6.463284E+3	-1.998300E-4	1.254920E+4	0.000000E+0	0.000000E+0
6.467281E+3	-1.998500E-4	1.254890E+4	0.000000E+0	0.000000E+0
6.471286E+3	-1.998300E-4	1.254890E+4	0.000000E+0	0.000000E+0
6.475286E+3	-1.998000E-4	1.254900E+4	0.000000E+0	0.000000E+0
6.479254E+3	-1.998400E-4	1.254900E+4	0.000000E+0	0.000000E+0
6.483295E+3	-1.998600E-4	1.254920E+4	0.000000E+0	0.000000E+0
6.487285E+3	-1.998400E-4	1.254910E+4	0.000000E+0	0.000000E+0
6.491285E+3	-1.998400E-4	1.254910E+4	0.000000E+0	0.000000E+0
6.495284E+3	-1.998300E-4	1.254910E+4	0.000000E+0	0.000000E+0
6.499300E+3	-1.998300E-4	1.254900E+4	0.000000E+0	0.000000E+0
6.503282E+3	-1.998400E-4	1.254900E+4	0.000000E+0	0.000000E+0
6.507278E+3	-1.998400E-4	1.254890E+4	0.000000E+0	0.000000E+0
6.511282E+3	-1.998200E-4	1.254880E+4	0.000000E+0	0.000000E+0
6.515282E+3	-1.998500E-4	1.254880E+4	0.000000E+0	0.000000E+0
6.519290E+3	-1.998200E-4	1.254870E+4	0.000000E+0	0.000000E+0
6.523262E+3	-1.998200E-4	1.254870E+4	0.000000E+0	0.000000E+0
6.527295E+3	-1.998500E-4	1.254850E+4	0.000000E+0	0.000000E+0
6.531285E+3	-1.998800E-4	1.254830E+4	0.000000E+0	0.000000E+0
6.535286E+3	-1.998600E-4	1.254830E+4	0.000000E+0	0.000000E+0
6.539291E+3	-1.998700E-4	1.254830E+4	0.000000E+0	0.000000E+0
6.543260E+3	-1.998500E-4	1.254820E+4	0.000000E+0	0.000000E+0
6.547296E+3	-1.998700E-4	1.254800E+4	0.000000E+0	0.000000E+0
6.551284E+3	-1.998500E-4	1.254790E+4	0.000000E+0	0.000000E+0
6.555284E+3	-1.998400E-4	1.254790E+4	0.000000E+0	0.000000E+0
6.559286E+3	-1.998600E-4	1.254790E+4	0.000000E+0	0.000000E+0
6.563283E+3	-1.998400E-4	1.254770E+4	0.000000E+0	0.000000E+0
6.567286E+3	-1.998300E-4	1.254760E+4	0.000000E+0	0.000000E+0
6.571262E+3	-1.998200E-4	1.254740E+4	0.000000E+0	0.000000E+0
6.575309E+3	-1.998600E-4	1.254720E+4	0.000000E+0	0.000000E+0
6.579263E+3	-1.998000E-4	1.254710E+4	0.000000E+0	0.000000E+0
6.583304E+3	-1.998400E-4	1.254720E+4	0.000000E+0	0.000000E+0
6.587287E+3	-1.998400E-4	1.254710E+4	0.000000E+0	0.000000E+0
6.591266E+3	-1.998400E-4	1.254690E+4	0.000000E+0	0.000000E+0
6.595296E+3	-1.998200E-4	1.254680E+4	0.000000E+0	0.000000E+0
6.599286E+3	-1.998700E-4	1.254670E+4	0.000000E+0	0.000000E+0
6.603284E+3	-1.998600E-4	1.254670E+4	0.000000E+0	0.000000E+0
6.607289E+3	-1.998500E-4	1.254640E+4	0.000000E+0	0.000000E+0
6.611264E+3	-1.998400E-4	1.254630E+4	0.000000E+0	0.000000E+0
6.615303E+3	-1.998400E-4	1.254630E+4	0.000000E+0	0.000000E+0
6.619264E+3	-1.997800E-4	1.254610E+4	0.000000E+0	0.000000E+0
6.623306E+3	-1.997800E-4	1.254580E+4	0.000000E+0	0.000000E+0
6.627264E+3	-1.998200E-4	1.254540E+4	0.000000E+0	0.000000E+0
6.631303E+3	-1.998100E-4	1.254510E+4	0.000000E+0	0.000000E+0
6.635267E+3	-1.998100E-4	1.254510E+4	0.000000E+0	0.000000E+0
6.639312E+3	-1.998200E-4	1.254510E+4	0.000000E+0	0.000000E+0
6.643275E+3	-1.998100E-4	1.254520E+4	0.000000E+0	0.000000E+0
6.647295E+3	-1.997900E-4	1.254520E+4	0.000000E+0	0.000000E+0
6.651287E+3	-1.998200E-4	1.254510E+4	0.000000E+0	0.000000E+0
6.655260E+3	-1.998100E-4	1.254510E+4	0.000000E+0	0.000000E+0
6.659296E+3	-1.998000E-4	1.254520E+4	0.000000E+0	0.000000E+0
6.663287E+3	-1.997900E-4	1.254520E+4	0.000000E+0	0.000000E+0
6.667285E+3	-1.998000E-4	1.254530E+4	0.000000E+0	0.000000E+0
6.671285E+3	-1.997600E-4	1.254540E+4	0.000000E+0	0.000000E+0
6.675284E+3	-1.997800E-4	1.254550E+4	0.000000E+0	0.000000E+0
6.679286E+3	-1.997800E-4	1.254550E+4	0.000000E+0	0.000000E+0
6.683284E+3	-1.997600E-4	1.254540E+4	0.000000E+0	0.000000E+0
6.687285E+3	-1.997900E-4	1.254530E+4	0.000000E+0	0.000000E+0
6.691284E+3	-1.997900E-4	1.254530E+4	0.000000E+0	0.000000E+0
6.695299E+3	-1.997800E-4	1.254510E+4	0.000000E+0	0.000000E+0
6.699283E+3	-1.997500E-4	1.254500E+4	0.000000E+0	0.000000E+0
6.703285E+3	-1.997700E-4	1.254470E+4	0.000000E+0	0.000000E+0
6.707285E+3	-1.997800E-4	1.254440E+4	0.000000E+0	0.000000E+0
6.711267E+3	-1.997800E-4	1.254420E+4	0.000000E+0	0.000000E+0
6.715301E+3	-1.997700E-4	1.254410E+4	0.000000E+0	0.000000E+0
6.719286E+3	-1.998000E-4	1.254420E+4	0.000000E+0	0.000000E+0
6.723260E+3	-1.998100E-4	1.254420E+4	0.000000E+0	0.000000E+0
6.727295E+3	-1.998200E-4	1.254420E+4	0.000000E+0	0.000000E+0
6.731280E+3	-1.997800E-4	1.254420E+4	0.000000E+0	0.000000E+0
6.735279E+3	-1.997900E-4	1.254420E+4	0.000000E+0	0.000000E+0
6.739279E+3	-1.998100E-4	1.254420E+4	0.000000E+0	0.000000E+0
6.743278E+3	-1.998000E-4	1.254420E+4	0.000000E+0	0.000000E+0
6.747284E+3	-1.997800E-4	1.254410E+4	0.000000E+0	0.000000E+0
6.751282E+3	-1.997800E-4	1.254410E+4	0.000000E+0	0.000000E+0
6.755286E+3	-1.998100E-4	1.254400E+4	0.000000E+0	0.000000E+0
6.759266E+3	-1.997800E-4	1.254390E+4	0.000000E+0	0.000000E+0
6.763304E+3	-1.998100E-4	1.254380E+4	0.000000E+0	0.000000E+0
6.767263E+3	-1.998100E-4	1.254370E+4	0.000000E+0	0.000000E+0
6.771313E+3	-1.998000E-4	1.254360E+4	0.000000E+0	0.000000E+0
6.775264E+3	-1.998100E-4	1.254340E+4	0.000000E+0	0.000000E+0
6.779328E+3	-1.997900E-4	1.254340E+4	0.000000E+0	0.000000E+0
6.783267E+3	-1.997900E-4	1.254320E+4	0.000000E+0	0.000000E+0
6.787317E+3	-1.997700E-4	1.254310E+4	0.000000E+0	0.000000E+0
6.791281E+3	-1.997900E-4	1.254310E+4	0.000000E+0	0.000000E+0
6.795283E+3	-1.997900E-4	1.254290E+4	0.000000E+0	0.000000E+0
6.799280E+3	-1.998000E-4	1.254290E+4	0.000000E+0	0.000000E+0
6.803280E+3	-1.998200E-4	1.254280E+4	0.000000E+0	0.000000E+0
6.807282E+3	-1.998100E-4	1.254280E+4	0.000000E+0	0.000000E+0
6.811284E+3	-1.998300E-4	1.254270E+4	0.000000E+0	0.000000E+0
6.815285E+3	-1.998100E-4	1.254260E+4	0.000000E+0	0.000000E+0
6.819281E+3	-1.998200E-4	1.254260E+4	0.000000E+0	0.000000E+0
6.823296E+3	-1.998000E-4	1.254260E+4	0.000000E+0	0.000000E+0
6.827281E+3	-1.997900E-4	1.254250E+4	0.000000E+0	0.000000E+0
6.831283E+3	-1.998100E-4	1.254250E+4	0.000000E+0	0.000000E+0
6.835289E+3	-1.998300E-4	1.254240E+4	0.000000E+0	0.000000E+0
6.839257E+3	-1.998300E-4	1.254230E+4	0.000000E+0	0.000000E+0
6.843310E+3	-1.998200E-4	1.254220E+4	0.000000E+0	0.000000E+0
6.847263E+3	-1.998000E-4	1.254210E+4	0.000000E+0	0.000000E+0
6.851306E+3	-1.998200E-4	1.254190E+4	0.000000E+0	0.000000E+0
6.855263E+3	-1.998100E-4	1.254160E+4	0.000000E+0	0.000000E+0
6.859295E+3	-1.997900E-4	1.254160E+4	0.000000E+0	0.000000E+0
6.863284E+3	-1.998300E-4	1.254160E+4	0.000000E+0	0.000000E+0
6.867282E+3	-1.998100E-4	1.254150E+4	0.000000E+0	0.000000E+0
6.871284E+3	-1.997900E-4	1.254140E+4	0.000000E+0	0.000000E+0
6.875280E+3	-1.997900E-4	1.254130E+4	0.000000E+0	0.000000E+0
6.879290E+3	-1.998200E-4	1.254130E+4	0.000000E+0	0.000000E+0
6.883259E+3	-1.998200E-4	1.254120E+4	0.000000E+0	0.000000E+0
6.887295E+3	-1.998100E-4	1.254100E+4	0.000000E+0	0.000000E+0
6.891280E+3	-1.998000E-4	1.254090E+4	0.000000E+0	0.000000E+0
6.895290E+3	-1.998100E-4	1.254070E+4	0.000000E+0	0.000000E+0
6.899278E+3	-1.998200E-4	1.254020E+4	0.000000E+0	0.000000E+0
6.903279E+3	-1.998300E-4	1.253970E+4	0.000000E+0	0.000000E+0
6.907283E+3	-1.998100E-4	1.253920E+4	0.000000E+0	0.000000E+0
6.911283E+3	-1.997700E-4	1.253900E+4	0.000000E+0	0.000000E+0
6.915295E+3	-1.998000E-4	1.253890E+4	0.000000E+0	0.000000E+0
6.919262E+3	-1.998000E-4	1.253890E+4	0.000000E+0	0.000000E+0
6.923302E+3	-1.997800E-4	1.253880E+4	0.000000E+0	0.000000E+0
6.927287E+3	-1.998100E-4	1.253880E+4	0.000000E+0	0.000000E+0
6.931299E+3	-1.998200E-4	1.253880E+4	0.000000E+0	0.000000E+0
6.935283E+3	-1.997900E-4	1.253880E+4	0.000000E+0	0.000000E+0
6.939282E+3	-1.997700E-4	1.253880E+4	0.000000E+0	0.000000E+0
6.943285E+3	-1.997900E-4	1.253880E+4	0.000000E+0	0.000000E+0
6.947289E+3	-1.997900E-4	1.253870E+4	0.000000E+0	0.000000E+0
6.951292E+3	-1.997800E-4	1.253880E+4	0.000000E+0	0.000000E+0
6.955261E+3	-1.997800E-4	1.253870E+4	0.000000E+0	0.000000E+0
6.959301E+3	-1.997900E-4	1.253860E+4	0.000000E+0	0.000000E+0
6.963285E+3	-1.997900E-4	1.253860E+4	0.000000E+0	0.000000E+0
6.967288E+3	-1.997900E-4	1.253840E+4	0.000000E+0	0.000000E+0
6.971287E+3	-1.998000E-4	1.253850E+4	0.000000E+0	0.000000E+0
6.975283E+3	-1.998100E-4	1.253840E+4	0.000000E+0	0.000000E+0
6.979288E+3	-1.998100E-4	1.253830E+4	0.000000E+0	0.000000E+0
6.983259E+3	-1.997900E-4	1.253810E+4	0.000000E+0	0.000000E+0
6.987300E+3	-1.997800E-4	1.253790E+4	0.000000E+0	0.000000E+0
6.991293E+3	-1.997900E-4	1.253750E+4	0.000000E+0	0.000000E+0
6.995281E+3	-1.997900E-4	1.253710E+4	0.000000E+0	0.000000E+0
6.999281E+3	-1.998000E-4	1.253690E+4	0.000000E+0	0.000000E+0
7.003283E+3	-1.997900E-4	1.253680E+4	0.000000E+0	0.000000E+0
7.007281E+3	-1.997800E-4	1.253680E+4	0.000000E+0	0.000000E+0
7.011284E+3	-1.998100E-4	1.253680E+4	0.000000E+0	0.000000E+0
7.015284E+3	-1.998000E-4	1.253680E+4	0.000000E+0	0.000000E+0
7.019285E+3	-1.997900E-4	1.253680E+4	0.000000E+0	0.000000E+0
7.023283E+3	-1.998100E-4	1.253690E+4	0.000000E+0	0.000000E+0
7.027283E+3	-1.998100E-4	1.253700E+4	0.000000E+0	0.000000E+0
7.031284E+3	-1.998200E-4	1.253700E+4	0.000000E+0	0.000000E+0
7.035284E+3	-1.998000E-4	1.253690E+4	0.000000E+0	0.000000E+0
7.039305E+3	-1.998300E-4	1.253690E+4	0.000000E+0	0.000000E+0
7.043286E+3	-1.998200E-4	1.253680E+4	0.000000E+0	0.000000E+0
7.047287E+3	-1.998500E-4	1.253680E+4	0.000000E+0	0.000000E+0
7.051259E+3	-1.998300E-4	1.253690E+4	0.000000E+0	0.000000E+0
7.055292E+3	-1.998300E-4	1.253680E+4	0.000000E+0	0.000000E+0
7.059303E+3	-1.998400E-4	1.253670E+4	0.000000E+0	0.000000E+0
7.063263E+3	-1.998300E-4	1.253660E+4	0.000000E+0	0.000000E+0
7.067302E+3	-1.998500E-4	1.253640E+4	0.000000E+0	0.000000E+0
7.071258E+3	-1.998300E-4	1.253640E+4	0.000000E+0	0.000000E+0
7.075302E+3	-1.998200E-4	1.253610E+4	0.000000E+0	0.000000E+0
7.079262E+3	-1.998300E-4	1.253600E+4	0.000000E+0	0.000000E+0
7.083294E+3	-1.998000E-4	1.253600E+4	0.000000E+0	0.000000E+0
7.087285E+3	-1.998100E-4	1.253600E+4	0.000000E+0	0.000000E+0
7.091288E+3	-1.998200E-4	1.253580E+4	0.000000E+0	0.000000E+0
7.095288E+3	-1.998300E-4	1.253580E+4	0.000000E+0	0.000000E+0
7.099284E+3	-1.998200E-4	1.253570E+4	0.000000E+0	0.000000E+0
7.103284E+3	-1.998100E-4	1.253550E+4	0.000000E+0	0.000000E+0
7.107284E+3	-1.998000E-4	1.253540E+4	0.000000E+0	0.000000E+0
7.111286E+3	-1.998100E-4	1.253540E+4	0.000000E+0	0.000000E+0
7.115284E+3	-1.998100E-4	1.253520E+4	0.000000E+0	0.000000E+0
7.119282E+3	-1.998100E-4	1.253500E+4	0.000000E+0	0.000000E+0
7.123283E+3	-1.997800E-4	1.253480E+4	0.000000E+0	0.000000E+0
7.127282E+3	-1.997900E-4	1.253470E+4	0.000000E+0	0.000000E+0
7.131288E+3	-1.997800E-4	1.253450E+4	0.000000E+0	0.000000E+0
7.135284E+3	-1.998200E-4	1.253430E+4	0.000000E+0	0.000000E+0
7.139285E+3	-1.998200E-4	1.253400E+4	0.000000E+0	0.000000E+0
7.143288E+3	-1.998100E-4	1.253390E+4	0.000000E+0	0.000000E+0
7.147269E+3	-1.998300E-4	1.253350E+4	0.000000E+0	0.000000E+0
7.151337E+3	-1.998300E-4	1.253330E+4	0.000000E+0	0.000000E+0
7.155286E+3	-1.998500E-4	1.253310E+4	0.000000E+0	0.000000E+0
7.159260E+3	-1.998300E-4	1.253280E+4	0.000000E+0	0.000000E+0
7.163293E+3	-1.998400E-4	1.253270E+4	0.000000E+0	0.000000E+0
7.167285E+3	-1.998600E-4	1.253240E+4	0.000000E+0	0.000000E+0
7.171283E+3	-1.998500E-4	1.253230E+4	0.000000E+0	0.000000E+0
7.175288E+3	-1.998500E-4	1.253210E+4	0.000000E+0	0.000000E+0
7.179290E+3	-1.998700E-4	1.253200E+4	0.000000E+0	0.000000E+0
7.183263E+3	-1.998700E-4	1.253180E+4	0.000000E+0	0.000000E+0
7.187302E+3	-1.998800E-4	1.253170E+4	0.000000E+0	0.000000E+0
7.191289E+3	-1.998400E-4	1.253160E+4	0.000000E+0	0.000000E+0
7.195263E+3	-1.998300E-4	1.253150E+4	0.000000E+0	0.000000E+0
7.199298E+3	-1.998200E-4	1.253140E+4	0.000000E+0	0.000000E+0
7.203282E+3	-1.998600E-4	1.253120E+4	0.000000E+0	0.000000E+0
7.207279E+3	-1.998600E-4	1.253120E+4	0.000000E+0	0.000000E+0
7.211278E+3	-1.998100E-4	1.253100E+4	0.000000E+0	0.000000E+0
