
Medición hecha el 2026-07-21  06:24 p.m.

Medición de corriente y tensión en el tiempo con posibilidad de inyectar corriente.
Tiempo	Corriente	Tensión
5.875000E+0	-9.930500E-5	1.265150E+4	0.000000E+0	0.000000E+0
9.849000E+0	-9.930600E-5	1.265450E+4	0.000000E+0	0.000000E+0
1.385000E+1	-9.930600E-5	1.265670E+4	0.000000E+0	0.000000E+0
1.785300E+1	-9.930700E-5	1.265910E+4	0.000000E+0	0.000000E+0
2.185200E+1	-9.930800E-5	1.266190E+4	0.000000E+0	0.000000E+0
2.586300E+1	-9.930800E-5	1.266420E+4	0.000000E+0	0.000000E+0
2.985300E+1	-9.930900E-5	1.266630E+4	0.000000E+0	0.000000E+0
3.385500E+1	-9.930800E-5	1.266780E+4	0.000000E+0	0.000000E+0
3.785500E+1	-9.930700E-5	1.266940E+4	0.000000E+0	0.000000E+0
4.185900E+1	-9.930700E-5	1.267080E+4	0.000000E+0	0.000000E+0
4.585400E+1	-9.930700E-5	1.267200E+4	0.000000E+0	0.000000E+0
4.985400E+1	-9.931000E-5	1.267320E+4	0.000000E+0	0.000000E+0
5.386700E+1	-9.930900E-5	1.267430E+4	0.000000E+0	0.000000E+0
5.785300E+1	-9.931000E-5	1.267530E+4	0.000000E+0	0.000000E+0
6.185600E+1	-9.930800E-5	1.267660E+4	0.000000E+0	0.000000E+0
6.585900E+1	-9.930900E-5	1.267760E+4	0.000000E+0	0.000000E+0
6.985600E+1	-9.930800E-5	1.267840E+4	0.000000E+0	0.000000E+0
7.386200E+1	-9.930700E-5	1.267920E+4	0.000000E+0	0.000000E+0
7.785900E+1	-9.930800E-5	1.268010E+4	0.000000E+0	0.000000E+0
8.185900E+1	-9.930600E-5	1.268090E+4	0.000000E+0	0.000000E+0
8.585500E+1	-9.930700E-5	1.268180E+4	0.000000E+0	0.000000E+0
8.986000E+1	-9.930600E-5	1.268290E+4	0.000000E+0	0.000000E+0
9.385000E+1	-9.930800E-5	1.268380E+4	0.000000E+0	0.000000E+0
9.786000E+1	-9.930700E-5	1.268490E+4	0.000000E+0	0.000000E+0
1.018500E+2	-9.930800E-5	1.268660E+4	0.000000E+0	0.000000E+0
1.058610E+2	-9.930700E-5	1.268860E+4	0.000000E+0	0.000000E+0
1.098520E+2	-9.930600E-5	1.269060E+4	0.000000E+0	0.000000E+0
1.138550E+2	-9.930700E-5	1.269170E+4	0.000000E+0	0.000000E+0
1.178560E+2	-9.930600E-5	1.269330E+4	0.000000E+0	0.000000E+0
1.218560E+2	-9.930600E-5	1.269470E+4	0.000000E+0	0.000000E+0
1.258480E+2	-9.930600E-5	1.269530E+4	0.000000E+0	0.000000E+0
1.298520E+2	-9.930700E-5	1.269560E+4	0.000000E+0	0.000000E+0
1.338540E+2	-9.930800E-5	1.269580E+4	0.000000E+0	0.000000E+0
1.378530E+2	-9.930600E-5	1.269600E+4	0.000000E+0	0.000000E+0
1.418500E+2	-9.930700E-5	1.269620E+4	0.000000E+0	0.000000E+0
1.458550E+2	-9.930800E-5	1.269640E+4	0.000000E+0	0.000000E+0
1.498540E+2	-9.930700E-5	1.269660E+4	0.000000E+0	0.000000E+0
1.538560E+2	-9.930500E-5	1.269670E+4	0.000000E+0	0.000000E+0
1.578490E+2	-9.930500E-5	1.269690E+4	0.000000E+0	0.000000E+0
1.618550E+2	-9.930700E-5	1.269710E+4	0.000000E+0	0.000000E+0
1.658570E+2	-9.930500E-5	1.269840E+4	0.000000E+0	0.000000E+0
1.698540E+2	-9.930600E-5	1.270070E+4	0.000000E+0	0.000000E+0
1.738510E+2	-9.930600E-5	1.270160E+4	0.000000E+0	0.000000E+0
1.778550E+2	-9.930700E-5	1.270320E+4	0.000000E+0	0.000000E+0
1.818620E+2	-9.930600E-5	1.270440E+4	0.000000E+0	0.000000E+0
1.858520E+2	-9.930500E-5	1.270520E+4	0.000000E+0	0.000000E+0
1.898640E+2	-9.930500E-5	1.270590E+4	0.000000E+0	0.000000E+0
1.938570E+2	-9.930400E-5	1.270650E+4	0.000000E+0	0.000000E+0
1.978550E+2	-9.930500E-5	1.270630E+4	0.000000E+0	0.000000E+0
2.018570E+2	-9.930500E-5	1.270650E+4	0.000000E+0	0.000000E+0
2.058510E+2	-9.930600E-5	1.270660E+4	0.000000E+0	0.000000E+0
2.098530E+2	-9.930500E-5	1.270670E+4	0.000000E+0	0.000000E+0
2.138530E+2	-9.930300E-5	1.270650E+4	0.000000E+0	0.000000E+0
2.178530E+2	-9.930500E-5	1.270660E+4	0.000000E+0	0.000000E+0
2.218480E+2	-9.930500E-5	1.270670E+4	0.000000E+0	0.000000E+0
2.258530E+2	-9.930500E-5	1.270670E+4	0.000000E+0	0.000000E+0
2.298610E+2	-9.930300E-5	1.270690E+4	0.000000E+0	0.000000E+0
2.338570E+2	-9.930300E-5	1.270700E+4	0.000000E+0	0.000000E+0
2.378490E+2	-9.930200E-5	1.270730E+4	0.000000E+0	0.000000E+0
2.418570E+2	-9.930400E-5	1.270830E+4	0.000000E+0	0.000000E+0
2.458540E+2	-9.930400E-5	1.271000E+4	0.000000E+0	0.000000E+0
2.498590E+2	-9.930300E-5	1.271050E+4	0.000000E+0	0.000000E+0
2.538480E+2	-9.930100E-5	1.271050E+4	0.000000E+0	0.000000E+0
2.578540E+2	-9.930100E-5	1.271280E+4	0.000000E+0	0.000000E+0
2.618540E+2	-9.930300E-5	1.271430E+4	0.000000E+0	0.000000E+0
2.658540E+2	-9.930400E-5	1.271490E+4	0.000000E+0	0.000000E+0
2.698510E+2	-9.930200E-5	1.271480E+4	0.000000E+0	0.000000E+0
2.738550E+2	-9.930200E-5	1.271460E+4	0.000000E+0	0.000000E+0
2.778540E+2	-9.930300E-5	1.271430E+4	0.000000E+0	0.000000E+0
2.818580E+2	-9.930200E-5	1.271490E+4	0.000000E+0	0.000000E+0
2.858520E+2	-9.930100E-5	1.271740E+4	0.000000E+0	0.000000E+0
2.898570E+2	-9.930200E-5	1.271880E+4	0.000000E+0	0.000000E+0
2.938610E+2	-9.930300E-5	1.271920E+4	0.000000E+0	0.000000E+0
2.978500E+2	-9.930300E-5	1.271920E+4	0.000000E+0	0.000000E+0
3.018510E+2	-9.930300E-5	1.271900E+4	0.000000E+0	0.000000E+0
3.058560E+2	-9.930200E-5	1.271880E+4	0.000000E+0	0.000000E+0
3.098610E+2	-9.930200E-5	1.271880E+4	0.000000E+0	0.000000E+0
3.138580E+2	-9.930200E-5	1.271860E+4	0.000000E+0	0.000000E+0
3.178490E+2	-9.930200E-5	1.271840E+4	0.000000E+0	0.000000E+0
3.218540E+2	-9.930100E-5	1.271840E+4	0.000000E+0	0.000000E+0
3.258610E+2	-9.930100E-5	1.271860E+4	0.000000E+0	0.000000E+0
3.298590E+2	-9.930100E-5	1.271900E+4	0.000000E+0	0.000000E+0
3.338530E+2	-9.930100E-5	1.271900E+4	0.000000E+0	0.000000E+0
3.378560E+2	-9.930100E-5	1.271920E+4	0.000000E+0	0.000000E+0
3.418620E+2	-9.930100E-5	1.271970E+4	0.000000E+0	0.000000E+0
3.458480E+2	-9.930100E-5	1.272070E+4	0.000000E+0	0.000000E+0
3.498500E+2	-9.930200E-5	1.272240E+4	0.000000E+0	0.000000E+0
3.538570E+2	-9.930100E-5	1.272340E+4	0.000000E+0	0.000000E+0
3.578550E+2	-9.930100E-5	1.272370E+4	0.000000E+0	0.000000E+0
3.618570E+2	-9.930100E-5	1.272370E+4	0.000000E+0	0.000000E+0
3.658510E+2	-9.930000E-5	1.272380E+4	0.000000E+0	0.000000E+0
3.698580E+2	-9.930000E-5	1.272370E+4	0.000000E+0	0.000000E+0
3.738550E+2	-9.930100E-5	1.272380E+4	0.000000E+0	0.000000E+0
3.778580E+2	-9.930000E-5	1.272380E+4	0.000000E+0	0.000000E+0
3.818500E+2	-9.930000E-5	1.272340E+4	0.000000E+0	0.000000E+0
3.858570E+2	-9.930000E-5	1.272360E+4	0.000000E+0	0.000000E+0
3.898550E+2	-9.930000E-5	1.272380E+4	0.000000E+0	0.000000E+0
3.938580E+2	-9.930000E-5	1.272390E+4	0.000000E+0	0.000000E+0
3.978490E+2	-9.929900E-5	1.272400E+4	0.000000E+0	0.000000E+0
4.018560E+2	-9.930000E-5	1.272400E+4	0.000000E+0	0.000000E+0
4.058550E+2	-9.930000E-5	1.272410E+4	0.000000E+0	0.000000E+0
4.098580E+2	-9.930100E-5	1.272410E+4	0.000000E+0	0.000000E+0
4.138510E+2	-9.930100E-5	1.272410E+4	0.000000E+0	0.000000E+0
4.178560E+2	-9.930100E-5	1.272420E+4	0.000000E+0	0.000000E+0
4.218530E+2	-9.929900E-5	1.272450E+4	0.000000E+0	0.000000E+0
4.258590E+2	-9.930000E-5	1.272600E+4	0.000000E+0	0.000000E+0
4.298530E+2	-9.930100E-5	1.272870E+4	0.000000E+0	0.000000E+0
4.338540E+2	-9.929900E-5	1.273120E+4	0.000000E+0	0.000000E+0
4.378540E+2	-9.930100E-5	1.273200E+4	0.000000E+0	0.000000E+0
4.418540E+2	-9.929900E-5	1.273230E+4	0.000000E+0	0.000000E+0
4.458490E+2	-9.930100E-5	1.273360E+4	0.000000E+0	0.000000E+0
4.498530E+2	-9.930000E-5	1.273470E+4	0.000000E+0	0.000000E+0
4.538550E+2	-9.929900E-5	1.273540E+4	0.000000E+0	0.000000E+0
4.578550E+2	-9.929800E-5	1.273580E+4	0.000000E+0	0.000000E+0
4.618520E+2	-9.929900E-5	1.273560E+4	0.000000E+0	0.000000E+0
4.658520E+2	-9.930000E-5	1.273490E+4	0.000000E+0	0.000000E+0
4.698530E+2	-9.929700E-5	1.273450E+4	0.000000E+0	0.000000E+0
4.738530E+2	-9.929800E-5	1.273420E+4	0.000000E+0	0.000000E+0
4.778520E+2	-9.929900E-5	1.273380E+4	0.000000E+0	0.000000E+0
4.818560E+2	-9.929600E-5	1.273340E+4	0.000000E+0	0.000000E+0
4.858580E+2	-9.929700E-5	1.273300E+4	0.000000E+0	0.000000E+0
4.898560E+2	-9.929600E-5	1.273270E+4	0.000000E+0	0.000000E+0
4.938530E+2	-9.929800E-5	1.273240E+4	0.000000E+0	0.000000E+0
4.978540E+2	-9.929700E-5	1.273190E+4	0.000000E+0	0.000000E+0
5.018560E+2	-9.929700E-5	1.273160E+4	0.000000E+0	0.000000E+0
5.058540E+2	-9.929700E-5	1.273150E+4	0.000000E+0	0.000000E+0
5.098510E+2	-9.929900E-5	1.273130E+4	0.000000E+0	0.000000E+0
5.138560E+2	-9.929700E-5	1.273130E+4	0.000000E+0	0.000000E+0
5.178590E+2	-9.929700E-5	1.273120E+4	0.000000E+0	0.000000E+0
5.218570E+2	-9.929600E-5	1.273110E+4	0.000000E+0	0.000000E+0
5.258540E+2	-9.929700E-5	1.273130E+4	0.000000E+0	0.000000E+0
5.298570E+2	-9.929700E-5	1.273140E+4	0.000000E+0	0.000000E+0
5.338590E+2	-9.929600E-5	1.273120E+4	0.000000E+0	0.000000E+0
5.378570E+2	-9.929700E-5	1.273110E+4	0.000000E+0	0.000000E+0
5.418520E+2	-9.929500E-5	1.273110E+4	0.000000E+0	0.000000E+0
5.458550E+2	-9.929600E-5	1.273160E+4	0.000000E+0	0.000000E+0
5.498570E+2	-9.929700E-5	1.273170E+4	0.000000E+0	0.000000E+0
5.538550E+2	-9.929600E-5	1.273180E+4	0.000000E+0	0.000000E+0
5.578520E+2	-9.929800E-5	1.273150E+4	0.000000E+0	0.000000E+0
5.618570E+2	-9.929600E-5	1.273150E+4	0.000000E+0	0.000000E+0
5.658580E+2	-9.929600E-5	1.273120E+4	0.000000E+0	0.000000E+0
5.698560E+2	-9.929400E-5	1.273110E+4	0.000000E+0	0.000000E+0
5.738520E+2	-9.929400E-5	1.273120E+4	0.000000E+0	0.000000E+0
5.778550E+2	-9.929600E-5	1.273170E+4	0.000000E+0	0.000000E+0
5.818560E+2	-9.929600E-5	1.273180E+4	0.000000E+0	0.000000E+0
5.858550E+2	-9.929500E-5	1.273150E+4	0.000000E+0	0.000000E+0
5.898510E+2	-9.929600E-5	1.273150E+4	0.000000E+0	0.000000E+0
5.938550E+2	-9.929700E-5	1.273140E+4	0.000000E+0	0.000000E+0
5.978580E+2	-9.929400E-5	1.273130E+4	0.000000E+0	0.000000E+0
6.018560E+2	-9.929600E-5	1.273130E+4	0.000000E+0	0.000000E+0
6.058530E+2	-9.929600E-5	1.273130E+4	0.000000E+0	0.000000E+0
6.098560E+2	-9.929400E-5	1.273130E+4	0.000000E+0	0.000000E+0
6.138570E+2	-9.929500E-5	1.273130E+4	0.000000E+0	0.000000E+0
6.178560E+2	-9.929400E-5	1.273230E+4	0.000000E+0	0.000000E+0
6.218480E+2	-9.929300E-5	1.273450E+4	0.000000E+0	0.000000E+0
6.258530E+2	-9.929400E-5	1.273650E+4	0.000000E+0	0.000000E+0
6.298550E+2	-9.929600E-5	1.273760E+4	0.000000E+0	0.000000E+0
6.338550E+2	-9.929500E-5	1.273790E+4	0.000000E+0	0.000000E+0
6.378520E+2	-9.929500E-5	1.273790E+4	0.000000E+0	0.000000E+0
6.418560E+2	-9.929500E-5	1.273780E+4	0.000000E+0	0.000000E+0
6.458580E+2	-9.929600E-5	1.273740E+4	0.000000E+0	0.000000E+0
6.498450E+2	-9.929300E-5	1.273730E+4	0.000000E+0	0.000000E+0
6.538500E+2	-9.929400E-5	1.273780E+4	0.000000E+0	0.000000E+0
6.578610E+2	-9.929500E-5	1.273820E+4	0.000000E+0	0.000000E+0
6.618530E+2	-9.929400E-5	1.273800E+4	0.000000E+0	0.000000E+0
6.658550E+2	-9.929500E-5	1.273900E+4	0.000000E+0	0.000000E+0
6.698480E+2	-9.929700E-5	1.274040E+4	0.000000E+0	0.000000E+0
6.738560E+2	-9.929600E-5	1.274140E+4	0.000000E+0	0.000000E+0
6.778550E+2	-9.929400E-5	1.274160E+4	0.000000E+0	0.000000E+0
6.818560E+2	-9.929500E-5	1.274160E+4	0.000000E+0	0.000000E+0
6.858500E+2	-9.929300E-5	1.274150E+4	0.000000E+0	0.000000E+0
6.898500E+2	-9.929400E-5	1.274130E+4	0.000000E+0	0.000000E+0
6.938490E+2	-9.929300E-5	1.274110E+4	0.000000E+0	0.000000E+0
6.978540E+2	-9.929400E-5	1.274160E+4	0.000000E+0	0.000000E+0
7.018510E+2	-9.929300E-5	1.274300E+4	0.000000E+0	0.000000E+0
7.058570E+2	-9.929300E-5	1.274370E+4	0.000000E+0	0.000000E+0
7.098560E+2	-9.929400E-5	1.274500E+4	0.000000E+0	0.000000E+0
7.138570E+2	-9.929200E-5	1.274720E+4	0.000000E+0	0.000000E+0
7.178510E+2	-9.929200E-5	1.274910E+4	0.000000E+0	0.000000E+0
7.218550E+2	-9.929400E-5	1.275080E+4	0.000000E+0	0.000000E+0
7.258520E+2	-9.929500E-5	1.275510E+4	0.000000E+0	0.000000E+0
7.298550E+2	-9.929300E-5	1.275740E+4	0.000000E+0	0.000000E+0
7.338540E+2	-9.929300E-5	1.275880E+4	0.000000E+0	0.000000E+0
7.378530E+2	-9.929100E-5	1.275930E+4	0.000000E+0	0.000000E+0
7.418530E+2	-9.929300E-5	1.275920E+4	0.000000E+0	0.000000E+0
7.458570E+2	-9.929100E-5	1.275860E+4	0.000000E+0	0.000000E+0
7.498530E+2	-9.929200E-5	1.275820E+4	0.000000E+0	0.000000E+0
7.538530E+2	-9.929300E-5	1.275830E+4	0.000000E+0	0.000000E+0
7.578520E+2	-9.929300E-5	1.275860E+4	0.000000E+0	0.000000E+0
7.618530E+2	-9.929300E-5	1.275760E+4	0.000000E+0	0.000000E+0
7.658550E+2	-9.929300E-5	1.275720E+4	0.000000E+0	0.000000E+0
7.698530E+2	-9.929200E-5	1.275660E+4	0.000000E+0	0.000000E+0
7.738530E+2	-9.929200E-5	1.275570E+4	0.000000E+0	0.000000E+0
7.778540E+2	-9.929300E-5	1.275480E+4	0.000000E+0	0.000000E+0
7.818510E+2	-9.929400E-5	1.275560E+4	0.000000E+0	0.000000E+0
7.858530E+2	-9.929200E-5	1.275640E+4	0.000000E+0	0.000000E+0
7.898540E+2	-9.929100E-5	1.275740E+4	0.000000E+0	0.000000E+0
7.938590E+2	-9.929100E-5	1.275830E+4	0.000000E+0	0.000000E+0
7.978600E+2	-9.929100E-5	1.275800E+4	0.000000E+0	0.000000E+0
8.018590E+2	-9.929400E-5	1.275740E+4	0.000000E+0	0.000000E+0
8.058540E+2	-9.929100E-5	1.275650E+4	0.000000E+0	0.000000E+0
8.098590E+2	-9.929300E-5	1.275650E+4	0.000000E+0	0.000000E+0
8.138510E+2	-9.929100E-5	1.275760E+4	0.000000E+0	0.000000E+0
8.178570E+2	-9.929400E-5	1.275720E+4	0.000000E+0	0.000000E+0
8.218570E+2	-9.929100E-5	1.275670E+4	0.000000E+0	0.000000E+0
8.258570E+2	-9.929300E-5	1.275570E+4	0.000000E+0	0.000000E+0
8.298540E+2	-9.929300E-5	1.275490E+4	0.000000E+0	0.000000E+0
8.338580E+2	-9.929100E-5	1.275450E+4	0.000000E+0	0.000000E+0
8.378570E+2	-9.929300E-5	1.275470E+4	0.000000E+0	0.000000E+0
8.418610E+2	-9.929300E-5	1.275550E+4	0.000000E+0	0.000000E+0
8.458550E+2	-9.929300E-5	1.275870E+4	0.000000E+0	0.000000E+0
8.498560E+2	-9.929100E-5	1.276030E+4	0.000000E+0	0.000000E+0
8.538590E+2	-9.929000E-5	1.276160E+4	0.000000E+0	0.000000E+0
8.578590E+2	-9.929300E-5	1.276200E+4	0.000000E+0	0.000000E+0
8.618560E+2	-9.929100E-5	1.276140E+4	0.000000E+0	0.000000E+0
8.658590E+2	-9.929100E-5	1.276040E+4	0.000000E+0	0.000000E+0
8.698580E+2	-9.929300E-5	1.275970E+4	0.000000E+0	0.000000E+0
8.738560E+2	-9.929100E-5	1.276140E+4	0.000000E+0	0.000000E+0
8.778510E+2	-9.929300E-5	1.276250E+4	0.000000E+0	0.000000E+0
8.818540E+2	-9.929000E-5	1.276240E+4	0.000000E+0	0.000000E+0
8.858560E+2	-9.929000E-5	1.276190E+4	0.000000E+0	0.000000E+0
8.898540E+2	-9.929100E-5	1.276110E+4	0.000000E+0	0.000000E+0
8.938510E+2	-9.929000E-5	1.276030E+4	0.000000E+0	0.000000E+0
8.978550E+2	-9.929000E-5	1.275950E+4	0.000000E+0	0.000000E+0
9.018550E+2	-9.929100E-5	1.275870E+4	0.000000E+0	0.000000E+0
9.058540E+2	-9.929100E-5	1.275800E+4	0.000000E+0	0.000000E+0
9.098510E+2	-9.929100E-5	1.275710E+4	0.000000E+0	0.000000E+0
9.138550E+2	-9.929000E-5	1.275670E+4	0.000000E+0	0.000000E+0
9.178550E+2	-9.928800E-5	1.275640E+4	0.000000E+0	0.000000E+0
9.218550E+2	-9.928900E-5	1.275790E+4	0.000000E+0	0.000000E+0
9.258520E+2	-9.928900E-5	1.275930E+4	0.000000E+0	0.000000E+0
9.298560E+2	-9.929000E-5	1.275930E+4	0.000000E+0	0.000000E+0
9.338570E+2	-9.928900E-5	1.275950E+4	0.000000E+0	0.000000E+0
9.378530E+2	-9.929000E-5	1.275920E+4	0.000000E+0	0.000000E+0
9.418500E+2	-9.929100E-5	1.275910E+4	0.000000E+0	0.000000E+0
9.458530E+2	-9.929100E-5	1.275880E+4	0.000000E+0	0.000000E+0
9.498530E+2	-9.928900E-5	1.275820E+4	0.000000E+0	0.000000E+0
9.538600E+2	-9.928700E-5	1.275750E+4	0.000000E+0	0.000000E+0
9.578510E+2	-9.928900E-5	1.275710E+4	0.000000E+0	0.000000E+0
9.618510E+2	-9.928800E-5	1.275670E+4	0.000000E+0	0.000000E+0
9.658530E+2	-9.928800E-5	1.275760E+4	0.000000E+0	0.000000E+0
9.698540E+2	-9.928800E-5	1.275840E+4	0.000000E+0	0.000000E+0
9.738480E+2	-9.928900E-5	1.275880E+4	0.000000E+0	0.000000E+0
9.778540E+2	-9.928700E-5	1.275860E+4	0.000000E+0	0.000000E+0
9.818600E+2	-9.928900E-5	1.275830E+4	0.000000E+0	0.000000E+0
9.858570E+2	-9.928900E-5	1.275800E+4	0.000000E+0	0.000000E+0
9.898540E+2	-9.928700E-5	1.275820E+4	0.000000E+0	0.000000E+0
9.938540E+2	-9.928900E-5	1.275820E+4	0.000000E+0	0.000000E+0
9.978520E+2	-9.928800E-5	1.275900E+4	0.000000E+0	0.000000E+0
1.001856E+3	-9.928900E-5	1.275970E+4	0.000000E+0	0.000000E+0
1.005852E+3	-9.928500E-5	1.276040E+4	0.000000E+0	0.000000E+0
1.009852E+3	-9.928900E-5	1.276130E+4	0.000000E+0	0.000000E+0
1.013853E+3	-9.928500E-5	1.276160E+4	0.000000E+0	0.000000E+0
1.017862E+3	-9.928700E-5	1.276150E+4	0.000000E+0	0.000000E+0
1.021852E+3	-9.928800E-5	1.276130E+4	0.000000E+0	0.000000E+0
1.025853E+3	-9.928600E-5	1.276270E+4	0.000000E+0	0.000000E+0
1.029855E+3	-9.928800E-5	1.276530E+4	0.000000E+0	0.000000E+0
1.033856E+3	-9.928700E-5	1.276940E+4	0.000000E+0	0.000000E+0
1.037853E+3	-9.928700E-5	1.276990E+4	0.000000E+0	0.000000E+0
1.041853E+3	-9.928700E-5	1.277060E+4	0.000000E+0	0.000000E+0
1.045856E+3	-9.928700E-5	1.277070E+4	0.000000E+0	0.000000E+0
1.049859E+3	-9.928700E-5	1.277010E+4	0.000000E+0	0.000000E+0
1.053851E+3	-9.928800E-5	1.276930E+4	0.000000E+0	0.000000E+0
1.057853E+3	-9.928600E-5	1.276870E+4	0.000000E+0	0.000000E+0
1.061856E+3	-9.928500E-5	1.276820E+4	0.000000E+0	0.000000E+0
1.065857E+3	-9.928700E-5	1.276880E+4	0.000000E+0	0.000000E+0
1.069854E+3	-9.928400E-5	1.276860E+4	0.000000E+0	0.000000E+0
1.073854E+3	-9.928500E-5	1.276780E+4	0.000000E+0	0.000000E+0
1.077856E+3	-9.928700E-5	1.276720E+4	0.000000E+0	0.000000E+0
1.081857E+3	-9.928700E-5	1.276650E+4	0.000000E+0	0.000000E+0
1.085851E+3	-9.928400E-5	1.276600E+4	0.000000E+0	0.000000E+0
1.089855E+3	-9.928600E-5	1.276530E+4	0.000000E+0	0.000000E+0
1.093852E+3	-9.928500E-5	1.276490E+4	0.000000E+0	0.000000E+0
1.097860E+3	-9.928600E-5	1.276580E+4	0.000000E+0	0.000000E+0
1.101852E+3	-9.928800E-5	1.276520E+4	0.000000E+0	0.000000E+0
1.105855E+3	-9.928700E-5	1.276480E+4	0.000000E+0	0.000000E+0
1.109857E+3	-9.928500E-5	1.276450E+4	0.000000E+0	0.000000E+0
1.113861E+3	-9.928600E-5	1.276420E+4	0.000000E+0	0.000000E+0
1.117850E+3	-9.928500E-5	1.276480E+4	0.000000E+0	0.000000E+0
1.121852E+3	-9.928400E-5	1.276780E+4	0.000000E+0	0.000000E+0
1.125851E+3	-9.928400E-5	1.277060E+4	0.000000E+0	0.000000E+0
1.129859E+3	-9.928600E-5	1.277280E+4	0.000000E+0	0.000000E+0
1.133850E+3	-9.928400E-5	1.277380E+4	0.000000E+0	0.000000E+0
1.137854E+3	-9.928500E-5	1.277380E+4	0.000000E+0	0.000000E+0
1.141851E+3	-9.928700E-5	1.277330E+4	0.000000E+0	0.000000E+0
1.145854E+3	-9.928600E-5	1.277290E+4	0.000000E+0	0.000000E+0
1.149853E+3	-9.928500E-5	1.277310E+4	0.000000E+0	0.000000E+0
1.153853E+3	-9.928700E-5	1.277290E+4	0.000000E+0	0.000000E+0
1.157853E+3	-9.928600E-5	1.277260E+4	0.000000E+0	0.000000E+0
1.161856E+3	-9.928500E-5	1.277240E+4	0.000000E+0	0.000000E+0
1.165854E+3	-9.928600E-5	1.277290E+4	0.000000E+0	0.000000E+0
1.169854E+3	-9.928500E-5	1.277330E+4	0.000000E+0	0.000000E+0
1.173854E+3	-9.928400E-5	1.277440E+4	0.000000E+0	0.000000E+0
1.177855E+3	-9.928400E-5	1.277500E+4	0.000000E+0	0.000000E+0
1.181854E+3	-9.928400E-5	1.277500E+4	0.000000E+0	0.000000E+0
1.185852E+3	-9.928500E-5	1.277680E+4	0.000000E+0	0.000000E+0
1.189855E+3	-9.928400E-5	1.277930E+4	0.000000E+0	0.000000E+0
1.193857E+3	-9.928400E-5	1.278040E+4	0.000000E+0	0.000000E+0
1.197853E+3	-9.928600E-5	1.278050E+4	0.000000E+0	0.000000E+0
1.201852E+3	-9.928400E-5	1.278050E+4	0.000000E+0	0.000000E+0
1.205855E+3	-9.928400E-5	1.278070E+4	0.000000E+0	0.000000E+0
1.209858E+3	-9.928300E-5	1.278020E+4	0.000000E+0	0.000000E+0
1.213852E+3	-9.928400E-5	1.277950E+4	0.000000E+0	0.000000E+0
1.217851E+3	-9.928500E-5	1.277880E+4	0.000000E+0	0.000000E+0
1.221853E+3	-9.928400E-5	1.277850E+4	0.000000E+0	0.000000E+0
1.225854E+3	-9.928500E-5	1.277850E+4	0.000000E+0	0.000000E+0
1.229854E+3	-9.928400E-5	1.278160E+4	0.000000E+0	0.000000E+0
1.233854E+3	-9.928400E-5	1.278450E+4	0.000000E+0	0.000000E+0
1.237854E+3	-9.928400E-5	1.278540E+4	0.000000E+0	0.000000E+0
1.241857E+3	-9.928300E-5	1.278540E+4	0.000000E+0	0.000000E+0
1.245854E+3	-9.928500E-5	1.278550E+4	0.000000E+0	0.000000E+0
1.249853E+3	-9.928200E-5	1.278580E+4	0.000000E+0	0.000000E+0
1.253851E+3	-9.928200E-5	1.278590E+4	0.000000E+0	0.000000E+0
1.257859E+3	-9.928400E-5	1.278580E+4	0.000000E+0	0.000000E+0
1.261852E+3	-9.928200E-5	1.278540E+4	0.000000E+0	0.000000E+0
1.265854E+3	-9.928500E-5	1.278480E+4	0.000000E+0	0.000000E+0
1.269854E+3	-9.928200E-5	1.278400E+4	0.000000E+0	0.000000E+0
1.273857E+3	-9.928000E-5	1.278440E+4	0.000000E+0	0.000000E+0
1.277854E+3	-9.928200E-5	1.278410E+4	0.000000E+0	0.000000E+0
1.281852E+3	-9.928400E-5	1.278370E+4	0.000000E+0	0.000000E+0
1.285852E+3	-9.928100E-5	1.278370E+4	0.000000E+0	0.000000E+0
1.289855E+3	-9.928100E-5	1.278350E+4	0.000000E+0	0.000000E+0
1.293849E+3	-9.928400E-5	1.278340E+4	0.000000E+0	0.000000E+0
1.297855E+3	-9.928000E-5	1.278320E+4	0.000000E+0	0.000000E+0
1.301855E+3	-9.928200E-5	1.278270E+4	0.000000E+0	0.000000E+0
1.305860E+3	-9.928100E-5	1.278280E+4	0.000000E+0	0.000000E+0
1.309850E+3	-9.928300E-5	1.278310E+4	0.000000E+0	0.000000E+0
1.313856E+3	-9.928200E-5	1.278320E+4	0.000000E+0	0.000000E+0
1.317853E+3	-9.928300E-5	1.278310E+4	0.000000E+0	0.000000E+0
1.321861E+3	-9.928400E-5	1.278290E+4	0.000000E+0	0.000000E+0
1.325851E+3	-9.928300E-5	1.278280E+4	0.000000E+0	0.000000E+0
1.329854E+3	-9.928200E-5	1.278320E+4	0.000000E+0	0.000000E+0
1.333854E+3	-9.928300E-5	1.278370E+4	0.000000E+0	0.000000E+0
1.337857E+3	-9.928200E-5	1.278400E+4	0.000000E+0	0.000000E+0
1.341851E+3	-9.928300E-5	1.278420E+4	0.000000E+0	0.000000E+0
1.345857E+3	-9.928200E-5	1.278510E+4	0.000000E+0	0.000000E+0
1.349857E+3	-9.928300E-5	1.278630E+4	0.000000E+0	0.000000E+0
1.353859E+3	-9.928400E-5	1.278670E+4	0.000000E+0	0.000000E+0
1.357852E+3	-9.928300E-5	1.278690E+4	0.000000E+0	0.000000E+0
1.361852E+3	-9.928200E-5	1.278690E+4	0.000000E+0	0.000000E+0
1.365852E+3	-9.928200E-5	1.278730E+4	0.000000E+0	0.000000E+0
1.369863E+3	-9.928300E-5	1.278790E+4	0.000000E+0	0.000000E+0
1.373850E+3	-9.928200E-5	1.278810E+4	0.000000E+0	0.000000E+0
1.377852E+3	-9.928200E-5	1.278820E+4	0.000000E+0	0.000000E+0
1.381855E+3	-9.928200E-5	1.278830E+4	0.000000E+0	0.000000E+0
1.385861E+3	-9.928100E-5	1.278840E+4	0.000000E+0	0.000000E+0
1.389856E+3	-9.928500E-5	1.278840E+4	0.000000E+0	0.000000E+0
1.393855E+3	-9.928200E-5	1.278840E+4	0.000000E+0	0.000000E+0
1.397858E+3	-9.928300E-5	1.278830E+4	0.000000E+0	0.000000E+0
1.401857E+3	-9.928300E-5	1.278820E+4	0.000000E+0	0.000000E+0
1.405853E+3	-9.928100E-5	1.278780E+4	0.000000E+0	0.000000E+0
1.409853E+3	-9.928300E-5	1.278730E+4	0.000000E+0	0.000000E+0
1.413851E+3	-9.928200E-5	1.278730E+4	0.000000E+0	0.000000E+0
1.417855E+3	-9.928200E-5	1.278740E+4	0.000000E+0	0.000000E+0
1.421853E+3	-9.928400E-5	1.278840E+4	0.000000E+0	0.000000E+0
1.425853E+3	-9.928000E-5	1.278960E+4	0.000000E+0	0.000000E+0
1.429854E+3	-9.928300E-5	1.279160E+4	0.000000E+0	0.000000E+0
1.433857E+3	-9.928300E-5	1.279180E+4	0.000000E+0	0.000000E+0
1.437854E+3	-9.928300E-5	1.279180E+4	0.000000E+0	0.000000E+0
1.441854E+3	-9.928200E-5	1.279190E+4	0.000000E+0	0.000000E+0
1.445851E+3	-9.928300E-5	1.279210E+4	0.000000E+0	0.000000E+0
1.449860E+3	-9.928100E-5	1.279230E+4	0.000000E+0	0.000000E+0
1.453852E+3	-9.928300E-5	1.279260E+4	0.000000E+0	0.000000E+0
1.457857E+3	-9.928300E-5	1.279270E+4	0.000000E+0	0.000000E+0
1.461850E+3	-9.928000E-5	1.279420E+4	0.000000E+0	0.000000E+0
1.465854E+3	-9.928200E-5	1.279530E+4	0.000000E+0	0.000000E+0
1.469852E+3	-9.928300E-5	1.279660E+4	0.000000E+0	0.000000E+0
1.473852E+3	-9.928300E-5	1.279700E+4	0.000000E+0	0.000000E+0
1.477852E+3	-9.928300E-5	1.279800E+4	0.000000E+0	0.000000E+0
1.481861E+3	-9.928400E-5	1.279960E+4	0.000000E+0	0.000000E+0
1.485850E+3	-9.928000E-5	1.280010E+4	0.000000E+0	0.000000E+0
1.489855E+3	-9.928100E-5	1.280000E+4	0.000000E+0	0.000000E+0
1.493856E+3	-9.928200E-5	1.280040E+4	0.000000E+0	0.000000E+0
1.497857E+3	-9.927900E-5	1.280020E+4	0.000000E+0	0.000000E+0
1.501853E+3	-9.928200E-5	1.279970E+4	0.000000E+0	0.000000E+0
1.505853E+3	-9.928200E-5	1.279940E+4	0.000000E+0	0.000000E+0
1.509854E+3	-9.928100E-5	1.279910E+4	0.000000E+0	0.000000E+0
1.513856E+3	-9.928000E-5	1.279860E+4	0.000000E+0	0.000000E+0
1.517853E+3	-9.928000E-5	1.279810E+4	0.000000E+0	0.000000E+0
1.521853E+3	-9.928100E-5	1.279760E+4	0.000000E+0	0.000000E+0
1.525854E+3	-9.927900E-5	1.279730E+4	0.000000E+0	0.000000E+0
1.529857E+3	-9.928100E-5	1.279700E+4	0.000000E+0	0.000000E+0
1.533851E+3	-9.928100E-5	1.279740E+4	0.000000E+0	0.000000E+0
1.537854E+3	-9.927900E-5	1.279760E+4	0.000000E+0	0.000000E+0
1.541852E+3	-9.928000E-5	1.279800E+4	0.000000E+0	0.000000E+0
1.545853E+3	-9.928000E-5	1.279820E+4	0.000000E+0	0.000000E+0
1.549850E+3	-9.928200E-5	1.279820E+4	0.000000E+0	0.000000E+0
1.553855E+3	-9.928000E-5	1.279810E+4	0.000000E+0	0.000000E+0
1.557857E+3	-9.928100E-5	1.279900E+4	0.000000E+0	0.000000E+0
1.561858E+3	-9.928100E-5	1.280030E+4	0.000000E+0	0.000000E+0
1.565850E+3	-9.928000E-5	1.280240E+4	0.000000E+0	0.000000E+0
1.569852E+3	-9.927800E-5	1.280320E+4	0.000000E+0	0.000000E+0
1.573855E+3	-9.928000E-5	1.280340E+4	0.000000E+0	0.000000E+0
1.577860E+3	-9.927900E-5	1.280320E+4	0.000000E+0	0.000000E+0
1.581852E+3	-9.928000E-5	1.280280E+4	0.000000E+0	0.000000E+0
1.585855E+3	-9.928000E-5	1.280440E+4	0.000000E+0	0.000000E+0
1.589851E+3	-9.927900E-5	1.280610E+4	0.000000E+0	0.000000E+0
1.593855E+3	-9.927900E-5	1.280640E+4	0.000000E+0	0.000000E+0
1.597853E+3	-9.928000E-5	1.280620E+4	0.000000E+0	0.000000E+0
1.601854E+3	-9.928000E-5	1.280620E+4	0.000000E+0	0.000000E+0
1.605851E+3	-9.927900E-5	1.280750E+4	0.000000E+0	0.000000E+0
1.609854E+3	-9.928000E-5	1.280850E+4	0.000000E+0	0.000000E+0
1.613851E+3	-9.927900E-5	1.280880E+4	0.000000E+0	0.000000E+0
1.617854E+3	-9.928000E-5	1.280860E+4	0.000000E+0	0.000000E+0
1.621852E+3	-9.928100E-5	1.280840E+4	0.000000E+0	0.000000E+0
1.625859E+3	-9.927900E-5	1.280800E+4	0.000000E+0	0.000000E+0
1.629852E+3	-9.927900E-5	1.280790E+4	0.000000E+0	0.000000E+0
1.633852E+3	-9.927800E-5	1.280760E+4	0.000000E+0	0.000000E+0
1.637852E+3	-9.927800E-5	1.280710E+4	0.000000E+0	0.000000E+0
1.641855E+3	-9.927900E-5	1.280660E+4	0.000000E+0	0.000000E+0
1.645854E+3	-9.928000E-5	1.280640E+4	0.000000E+0	0.000000E+0
1.649854E+3	-9.927700E-5	1.280660E+4	0.000000E+0	0.000000E+0
1.653852E+3	-9.928000E-5	1.280670E+4	0.000000E+0	0.000000E+0
1.657856E+3	-9.927900E-5	1.280660E+4	0.000000E+0	0.000000E+0
1.661850E+3	-9.928000E-5	1.280710E+4	0.000000E+0	0.000000E+0
1.665853E+3	-9.927700E-5	1.280770E+4	0.000000E+0	0.000000E+0
1.669852E+3	-9.927700E-5	1.280770E+4	0.000000E+0	0.000000E+0
1.673856E+3	-9.928000E-5	1.280780E+4	0.000000E+0	0.000000E+0
1.677850E+3	-9.927700E-5	1.280830E+4	0.000000E+0	0.000000E+0
1.681853E+3	-9.927900E-5	1.280930E+4	0.000000E+0	0.000000E+0
1.685855E+3	-9.927600E-5	1.280970E+4	0.000000E+0	0.000000E+0
1.689858E+3	-9.927700E-5	1.280980E+4	0.000000E+0	0.000000E+0
1.693851E+3	-9.927700E-5	1.280990E+4	0.000000E+0	0.000000E+0
1.697858E+3	-9.927700E-5	1.280980E+4	0.000000E+0	0.000000E+0
1.701851E+3	-9.927600E-5	1.280960E+4	0.000000E+0	0.000000E+0
1.705859E+3	-9.927800E-5	1.281110E+4	0.000000E+0	0.000000E+0
1.709851E+3	-9.927800E-5	1.281270E+4	0.000000E+0	0.000000E+0
1.713851E+3	-9.927600E-5	1.281320E+4	0.000000E+0	0.000000E+0
1.717849E+3	-9.927600E-5	1.281360E+4	0.000000E+0	0.000000E+0
1.721854E+3	-9.927900E-5	1.281360E+4	0.000000E+0	0.000000E+0
1.725849E+3	-9.927900E-5	1.281330E+4	0.000000E+0	0.000000E+0
1.729852E+3	-9.927800E-5	1.281280E+4	0.000000E+0	0.000000E+0
1.733852E+3	-9.927800E-5	1.281580E+4	0.000000E+0	0.000000E+0
1.737854E+3	-9.927800E-5	1.281900E+4	0.000000E+0	0.000000E+0
1.741850E+3	-9.927800E-5	1.282070E+4	0.000000E+0	0.000000E+0
1.745857E+3	-9.927700E-5	1.282170E+4	0.000000E+0	0.000000E+0
1.749853E+3	-9.927700E-5	1.282180E+4	0.000000E+0	0.000000E+0
1.753856E+3	-9.927900E-5	1.282180E+4	0.000000E+0	0.000000E+0
1.757850E+3	-9.927700E-5	1.282130E+4	0.000000E+0	0.000000E+0
1.761855E+3	-9.927700E-5	1.282090E+4	0.000000E+0	0.000000E+0
1.765853E+3	-9.927600E-5	1.282060E+4	0.000000E+0	0.000000E+0
1.769856E+3	-9.927800E-5	1.282120E+4	0.000000E+0	0.000000E+0
1.773850E+3	-9.927700E-5	1.282170E+4	0.000000E+0	0.000000E+0
1.777854E+3	-9.927800E-5	1.282110E+4	0.000000E+0	0.000000E+0
1.781853E+3	-9.927700E-5	1.282080E+4	0.000000E+0	0.000000E+0
1.785860E+3	-9.927500E-5	1.282050E+4	0.000000E+0	0.000000E+0
1.789848E+3	-9.927400E-5	1.282010E+4	0.000000E+0	0.000000E+0
1.793853E+3	-9.927600E-5	1.281990E+4	0.000000E+0	0.000000E+0
1.797848E+3	-9.927600E-5	1.282040E+4	0.000000E+0	0.000000E+0
1.801854E+3	-9.927800E-5	1.282030E+4	0.000000E+0	0.000000E+0
1.805849E+3	-9.927700E-5	1.282010E+4	0.000000E+0	0.000000E+0
1.809852E+3	-9.927600E-5	1.282300E+4	0.000000E+0	0.000000E+0
1.813855E+3	-9.927600E-5	1.282560E+4	0.000000E+0	0.000000E+0
1.817857E+3	-9.927500E-5	1.282680E+4	0.000000E+0	0.000000E+0
1.821851E+3	-9.927700E-5	1.282650E+4	0.000000E+0	0.000000E+0
1.825855E+3	-9.927700E-5	1.282560E+4	0.000000E+0	0.000000E+0
1.829854E+3	-9.927600E-5	1.282470E+4	0.000000E+0	0.000000E+0
1.833855E+3	-9.927800E-5	1.282400E+4	0.000000E+0	0.000000E+0
1.837852E+3	-9.927700E-5	1.282340E+4	0.000000E+0	0.000000E+0
1.841850E+3	-9.927600E-5	1.282290E+4	0.000000E+0	0.000000E+0
1.845861E+3	-9.927800E-5	1.282240E+4	0.000000E+0	0.000000E+0
1.849846E+3	-9.927700E-5	1.282210E+4	0.000000E+0	0.000000E+0
1.853848E+3	-9.927500E-5	1.282180E+4	0.000000E+0	0.000000E+0
1.857853E+3	-9.927700E-5	1.282160E+4	0.000000E+0	0.000000E+0
1.861850E+3	-9.927600E-5	1.282200E+4	0.000000E+0	0.000000E+0
1.865850E+3	-9.927600E-5	1.282360E+4	0.000000E+0	0.000000E+0
1.869848E+3	-9.927600E-5	1.282390E+4	0.000000E+0	0.000000E+0
1.873853E+3	-9.927700E-5	1.282390E+4	0.000000E+0	0.000000E+0
1.877854E+3	-9.927600E-5	1.282360E+4	0.000000E+0	0.000000E+0
1.881856E+3	-9.927600E-5	1.282320E+4	0.000000E+0	0.000000E+0
1.885848E+3	-9.927700E-5	1.282330E+4	0.000000E+0	0.000000E+0
1.889854E+3	-9.927600E-5	1.282580E+4	0.000000E+0	0.000000E+0
1.893856E+3	-9.927600E-5	1.282850E+4	0.000000E+0	0.000000E+0
1.897861E+3	-9.927400E-5	1.282980E+4	0.000000E+0	0.000000E+0
1.901851E+3	-9.927500E-5	1.283040E+4	0.000000E+0	0.000000E+0
1.905854E+3	-9.927400E-5	1.283030E+4	0.000000E+0	0.000000E+0
1.909857E+3	-9.927500E-5	1.282990E+4	0.000000E+0	0.000000E+0
1.913857E+3	-9.927500E-5	1.282950E+4	0.000000E+0	0.000000E+0
1.917850E+3	-9.927600E-5	1.282910E+4	0.000000E+0	0.000000E+0
1.921854E+3	-9.927700E-5	1.282850E+4	0.000000E+0	0.000000E+0
1.925852E+3	-9.927600E-5	1.282860E+4	0.000000E+0	0.000000E+0
1.929855E+3	-9.927500E-5	1.282880E+4	0.000000E+0	0.000000E+0
1.933850E+3	-9.927400E-5	1.282880E+4	0.000000E+0	0.000000E+0
1.937855E+3	-9.927600E-5	1.282890E+4	0.000000E+0	0.000000E+0
1.941852E+3	-9.927500E-5	1.282920E+4	0.000000E+0	0.000000E+0
1.945855E+3	-9.927400E-5	1.282920E+4	0.000000E+0	0.000000E+0
1.949852E+3	-9.927500E-5	1.282930E+4	0.000000E+0	0.000000E+0
1.953853E+3	-9.927500E-5	1.282900E+4	0.000000E+0	0.000000E+0
1.957855E+3	-9.927500E-5	1.282880E+4	0.000000E+0	0.000000E+0
1.961858E+3	-9.927400E-5	1.282870E+4	0.000000E+0	0.000000E+0
1.965848E+3	-9.927400E-5	1.282880E+4	0.000000E+0	0.000000E+0
1.969854E+3	-9.927400E-5	1.282870E+4	0.000000E+0	0.000000E+0
1.973854E+3	-9.927400E-5	1.282870E+4	0.000000E+0	0.000000E+0
1.977860E+3	-9.927400E-5	1.282900E+4	0.000000E+0	0.000000E+0
1.981849E+3	-9.927500E-5	1.282930E+4	0.000000E+0	0.000000E+0
1.985851E+3	-9.927500E-5	1.282950E+4	0.000000E+0	0.000000E+0
1.989852E+3	-9.927200E-5	1.283030E+4	0.000000E+0	0.000000E+0
1.993852E+3	-9.927300E-5	1.283200E+4	0.000000E+0	0.000000E+0
1.997849E+3	-9.927200E-5	1.283250E+4	0.000000E+0	0.000000E+0
2.001852E+3	-9.927300E-5	1.283220E+4	0.000000E+0	0.000000E+0
2.005855E+3	-9.927400E-5	1.283190E+4	0.000000E+0	0.000000E+0
2.009857E+3	-9.927400E-5	1.283170E+4	0.000000E+0	0.000000E+0
2.013850E+3	-9.927400E-5	1.283160E+4	0.000000E+0	0.000000E+0
2.017853E+3	-9.927500E-5	1.283160E+4	0.000000E+0	0.000000E+0
2.021855E+3	-9.927400E-5	1.283160E+4	0.000000E+0	0.000000E+0
2.025858E+3	-9.927300E-5	1.283140E+4	0.000000E+0	0.000000E+0
2.029844E+3	-9.927600E-5	1.283200E+4	0.000000E+0	0.000000E+0
2.033852E+3	-9.927600E-5	1.283360E+4	0.000000E+0	0.000000E+0
2.037853E+3	-9.927300E-5	1.283390E+4	0.000000E+0	0.000000E+0
2.041855E+3	-9.927400E-5	1.283370E+4	0.000000E+0	0.000000E+0
2.045850E+3	-9.927300E-5	1.283350E+4	0.000000E+0	0.000000E+0
2.049850E+3	-9.927400E-5	1.283340E+4	0.000000E+0	0.000000E+0
2.053853E+3	-9.927200E-5	1.283340E+4	0.000000E+0	0.000000E+0
2.057853E+3	-9.927200E-5	1.283340E+4	0.000000E+0	0.000000E+0
2.061848E+3	-9.927400E-5	1.283340E+4	0.000000E+0	0.000000E+0
2.065851E+3	-9.927300E-5	1.283360E+4	0.000000E+0	0.000000E+0
2.069854E+3	-9.927200E-5	1.283370E+4	0.000000E+0	0.000000E+0
2.073854E+3	-9.927400E-5	1.283390E+4	0.000000E+0	0.000000E+0
2.077851E+3	-9.927200E-5	1.283420E+4	0.000000E+0	0.000000E+0
2.081852E+3	-9.927300E-5	1.283480E+4	0.000000E+0	0.000000E+0
2.085854E+3	-9.927300E-5	1.283530E+4	0.000000E+0	0.000000E+0
2.089855E+3	-9.927100E-5	1.283600E+4	0.000000E+0	0.000000E+0
2.093852E+3	-9.927300E-5	1.283660E+4	0.000000E+0	0.000000E+0
2.097850E+3	-9.927400E-5	1.283700E+4	0.000000E+0	0.000000E+0
2.101852E+3	-9.927400E-5	1.283720E+4	0.000000E+0	0.000000E+0
2.105853E+3	-9.927300E-5	1.283750E+4	0.000000E+0	0.000000E+0
2.109850E+3	-9.927400E-5	1.283770E+4	0.000000E+0	0.000000E+0
2.113850E+3	-9.927400E-5	1.283810E+4	0.000000E+0	0.000000E+0
2.117853E+3	-9.927200E-5	1.284130E+4	0.000000E+0	0.000000E+0
2.121855E+3	-9.927400E-5	1.284360E+4	0.000000E+0	0.000000E+0
2.125852E+3	-9.927400E-5	1.284400E+4	0.000000E+0	0.000000E+0
2.129850E+3	-9.927300E-5	1.284530E+4	0.000000E+0	0.000000E+0
2.133855E+3	-9.927300E-5	1.284730E+4	0.000000E+0	0.000000E+0
2.137856E+3	-9.927400E-5	1.284870E+4	0.000000E+0	0.000000E+0
2.141851E+3	-9.927300E-5	1.284890E+4	0.000000E+0	0.000000E+0
2.145853E+3	-9.927400E-5	1.284840E+4	0.000000E+0	0.000000E+0
2.149856E+3	-9.927200E-5	1.284770E+4	0.000000E+0	0.000000E+0
2.153857E+3	-9.927100E-5	1.284720E+4	0.000000E+0	0.000000E+0
2.157851E+3	-9.927300E-5	1.284670E+4	0.000000E+0	0.000000E+0
2.161851E+3	-9.927300E-5	1.284630E+4	0.000000E+0	0.000000E+0
2.165856E+3	-9.927200E-5	1.284710E+4	0.000000E+0	0.000000E+0
2.169859E+3	-9.927200E-5	1.284660E+4	0.000000E+0	0.000000E+0
2.173849E+3	-9.927300E-5	1.284640E+4	0.000000E+0	0.000000E+0
2.177854E+3	-9.927300E-5	1.284660E+4	0.000000E+0	0.000000E+0
2.181852E+3	-9.927200E-5	1.284790E+4	0.000000E+0	0.000000E+0
2.185854E+3	-9.927400E-5	1.284760E+4	0.000000E+0	0.000000E+0
2.189852E+3	-9.927100E-5	1.284740E+4	0.000000E+0	0.000000E+0
2.193852E+3	-9.927200E-5	1.284720E+4	0.000000E+0	0.000000E+0
2.197855E+3	-9.927300E-5	1.284680E+4	0.000000E+0	0.000000E+0
2.201854E+3	-9.927300E-5	1.284660E+4	0.000000E+0	0.000000E+0
2.205852E+3	-9.927200E-5	1.284670E+4	0.000000E+0	0.000000E+0
2.209850E+3	-9.927300E-5	1.284660E+4	0.000000E+0	0.000000E+0
2.213856E+3	-9.927200E-5	1.284630E+4	0.000000E+0	0.000000E+0
2.217858E+3	-9.927200E-5	1.284620E+4	0.000000E+0	0.000000E+0
2.221845E+3	-9.927300E-5	1.284780E+4	0.000000E+0	0.000000E+0
2.225855E+3	-9.927300E-5	1.284850E+4	0.000000E+0	0.000000E+0
2.229853E+3	-9.927100E-5	1.284870E+4	0.000000E+0	0.000000E+0
2.233854E+3	-9.927100E-5	1.284890E+4	0.000000E+0	0.000000E+0
2.237851E+3	-9.927200E-5	1.284910E+4	0.000000E+0	0.000000E+0
2.241853E+3	-9.927300E-5	1.284900E+4	0.000000E+0	0.000000E+0
2.245854E+3	-9.927200E-5	1.284940E+4	0.000000E+0	0.000000E+0
2.249854E+3	-9.927100E-5	1.285000E+4	0.000000E+0	0.000000E+0
2.253853E+3	-9.927400E-5	1.285050E+4	0.000000E+0	0.000000E+0
2.257852E+3	-9.927200E-5	1.285130E+4	0.000000E+0	0.000000E+0
2.261851E+3	-9.927300E-5	1.285210E+4	0.000000E+0	0.000000E+0
2.265851E+3	-9.927300E-5	1.285290E+4	0.000000E+0	0.000000E+0
2.269846E+3	-9.927400E-5	1.285310E+4	0.000000E+0	0.000000E+0
2.273854E+3	-9.927300E-5	1.285300E+4	0.000000E+0	0.000000E+0
2.277854E+3	-9.927300E-5	1.285280E+4	0.000000E+0	0.000000E+0
2.281851E+3	-9.927300E-5	1.285250E+4	0.000000E+0	0.000000E+0
2.285849E+3	-9.927400E-5	1.285220E+4	0.000000E+0	0.000000E+0
2.289849E+3	-9.927400E-5	1.285190E+4	0.000000E+0	0.000000E+0
2.293850E+3	-9.927300E-5	1.285140E+4	0.000000E+0	0.000000E+0
2.297861E+3	-9.927400E-5	1.285100E+4	0.000000E+0	0.000000E+0
2.301850E+3	-9.927300E-5	1.285050E+4	0.000000E+0	0.000000E+0
2.305855E+3	-9.927400E-5	1.285060E+4	0.000000E+0	0.000000E+0
2.309848E+3	-9.927400E-5	1.285210E+4	0.000000E+0	0.000000E+0
2.313851E+3	-9.927500E-5	1.285260E+4	0.000000E+0	0.000000E+0
2.317850E+3	-9.927100E-5	1.285320E+4	0.000000E+0	0.000000E+0
2.321853E+3	-9.927300E-5	1.285310E+4	0.000000E+0	0.000000E+0
2.325851E+3	-9.927400E-5	1.285290E+4	0.000000E+0	0.000000E+0
2.329854E+3	-9.927200E-5	1.285310E+4	0.000000E+0	0.000000E+0
2.333850E+3	-9.927300E-5	1.285310E+4	0.000000E+0	0.000000E+0
2.337851E+3	-9.927300E-5	1.285330E+4	0.000000E+0	0.000000E+0
2.341849E+3	-9.927500E-5	1.285410E+4	0.000000E+0	0.000000E+0
2.345853E+3	-9.927400E-5	1.285860E+4	0.000000E+0	0.000000E+0
2.349853E+3	-9.927300E-5	1.286290E+4	0.000000E+0	0.000000E+0
2.353853E+3	-9.927400E-5	1.286440E+4	0.000000E+0	0.000000E+0
2.357852E+3	-9.927300E-5	1.286480E+4	0.000000E+0	0.000000E+0
2.361857E+3	-9.927200E-5	1.286420E+4	0.000000E+0	0.000000E+0
2.365852E+3	-9.927200E-5	1.286380E+4	0.000000E+0	0.000000E+0
2.369852E+3	-9.927400E-5	1.286270E+4	0.000000E+0	0.000000E+0
2.373854E+3	-9.927200E-5	1.286190E+4	0.000000E+0	0.000000E+0
2.377854E+3	-9.927200E-5	1.286140E+4	0.000000E+0	0.000000E+0
2.381850E+3	-9.927300E-5	1.286260E+4	0.000000E+0	0.000000E+0
2.385852E+3	-9.927400E-5	1.286480E+4	0.000000E+0	0.000000E+0
2.389853E+3	-9.927300E-5	1.286470E+4	0.000000E+0	0.000000E+0
2.393861E+3	-9.927300E-5	1.286470E+4	0.000000E+0	0.000000E+0
2.397855E+3	-9.927400E-5	1.286480E+4	0.000000E+0	0.000000E+0
2.401853E+3	-9.927300E-5	1.286460E+4	0.000000E+0	0.000000E+0
2.405853E+3	-9.927400E-5	1.286420E+4	0.000000E+0	0.000000E+0
2.409856E+3	-9.927200E-5	1.286370E+4	0.000000E+0	0.000000E+0
2.413855E+3	-9.927200E-5	1.286340E+4	0.000000E+0	0.000000E+0
2.417853E+3	-9.927300E-5	1.286270E+4	0.000000E+0	0.000000E+0
2.421853E+3	-9.927200E-5	1.286290E+4	0.000000E+0	0.000000E+0
2.425854E+3	-9.927200E-5	1.286300E+4	0.000000E+0	0.000000E+0
2.429851E+3	-9.927100E-5	1.286260E+4	0.000000E+0	0.000000E+0
2.433853E+3	-9.927200E-5	1.286180E+4	0.000000E+0	0.000000E+0
2.437853E+3	-9.927200E-5	1.286160E+4	0.000000E+0	0.000000E+0
2.441853E+3	-9.927200E-5	1.286230E+4	0.000000E+0	0.000000E+0
2.445851E+3	-9.927300E-5	1.286340E+4	0.000000E+0	0.000000E+0
2.449856E+3	-9.927300E-5	1.286430E+4	0.000000E+0	0.000000E+0
2.453851E+3	-9.927200E-5	1.286430E+4	0.000000E+0	0.000000E+0
2.457854E+3	-9.927200E-5	1.286410E+4	0.000000E+0	0.000000E+0
2.461849E+3	-9.927100E-5	1.286400E+4	0.000000E+0	0.000000E+0
2.465855E+3	-9.927200E-5	1.286400E+4	0.000000E+0	0.000000E+0
2.469857E+3	-9.927400E-5	1.286410E+4	0.000000E+0	0.000000E+0
2.473855E+3	-9.927300E-5	1.286410E+4	0.000000E+0	0.000000E+0
2.477853E+3	-9.927200E-5	1.286450E+4	0.000000E+0	0.000000E+0
2.481853E+3	-9.927100E-5	1.286470E+4	0.000000E+0	0.000000E+0
2.485855E+3	-9.927300E-5	1.286470E+4	0.000000E+0	0.000000E+0
2.489856E+3	-9.927200E-5	1.286540E+4	0.000000E+0	0.000000E+0
2.493855E+3	-9.927100E-5	1.286540E+4	0.000000E+0	0.000000E+0
2.497855E+3	-9.927100E-5	1.286570E+4	0.000000E+0	0.000000E+0
2.501855E+3	-9.927200E-5	1.286550E+4	0.000000E+0	0.000000E+0
2.505856E+3	-9.927300E-5	1.286520E+4	0.000000E+0	0.000000E+0
2.509853E+3	-9.927100E-5	1.286500E+4	0.000000E+0	0.000000E+0
2.513853E+3	-9.927000E-5	1.286690E+4	0.000000E+0	0.000000E+0
2.517854E+3	-9.927100E-5	1.286730E+4	0.000000E+0	0.000000E+0
2.521857E+3	-9.927100E-5	1.286710E+4	0.000000E+0	0.000000E+0
2.525851E+3	-9.927100E-5	1.286720E+4	0.000000E+0	0.000000E+0
2.529851E+3	-9.927200E-5	1.286750E+4	0.000000E+0	0.000000E+0
2.533854E+3	-9.927100E-5	1.286770E+4	0.000000E+0	0.000000E+0
2.537856E+3	-9.927100E-5	1.286850E+4	0.000000E+0	0.000000E+0
2.541852E+3	-9.927100E-5	1.286860E+4	0.000000E+0	0.000000E+0
2.545852E+3	-9.927100E-5	1.286830E+4	0.000000E+0	0.000000E+0
2.549855E+3	-9.927100E-5	1.286800E+4	0.000000E+0	0.000000E+0
2.553853E+3	-9.927200E-5	1.287080E+4	0.000000E+0	0.000000E+0
2.557854E+3	-9.927300E-5	1.287410E+4	0.000000E+0	0.000000E+0
2.561855E+3	-9.927300E-5	1.287470E+4	0.000000E+0	0.000000E+0
2.565855E+3	-9.927100E-5	1.287430E+4	0.000000E+0	0.000000E+0
2.569858E+3	-9.927400E-5	1.287440E+4	0.000000E+0	0.000000E+0
2.573849E+3	-9.927200E-5	1.287590E+4	0.000000E+0	0.000000E+0
2.577850E+3	-9.927200E-5	1.287600E+4	0.000000E+0	0.000000E+0
2.581850E+3	-9.927100E-5	1.287730E+4	0.000000E+0	0.000000E+0
2.585855E+3	-9.927200E-5	1.287900E+4	0.000000E+0	0.000000E+0
2.589853E+3	-9.927100E-5	1.288010E+4	0.000000E+0	0.000000E+0
2.593853E+3	-9.926900E-5	1.288040E+4	0.000000E+0	0.000000E+0
2.597856E+3	-9.927100E-5	1.287930E+4	0.000000E+0	0.000000E+0
2.601858E+3	-9.927100E-5	1.287820E+4	0.000000E+0	0.000000E+0
2.605848E+3	-9.927100E-5	1.287730E+4	0.000000E+0	0.000000E+0
2.609854E+3	-9.927100E-5	1.287890E+4	0.000000E+0	0.000000E+0
2.613854E+3	-9.927100E-5	1.287840E+4	0.000000E+0	0.000000E+0
2.617857E+3	-9.927200E-5	1.287730E+4	0.000000E+0	0.000000E+0
2.621854E+3	-9.927100E-5	1.287670E+4	0.000000E+0	0.000000E+0
2.625853E+3	-9.927100E-5	1.287650E+4	0.000000E+0	0.000000E+0
2.629854E+3	-9.927100E-5	1.287640E+4	0.000000E+0	0.000000E+0
2.633856E+3	-9.927100E-5	1.287610E+4	0.000000E+0	0.000000E+0
2.637848E+3	-9.927200E-5	1.287600E+4	0.000000E+0	0.000000E+0
2.641854E+3	-9.927200E-5	1.287660E+4	0.000000E+0	0.000000E+0
2.645852E+3	-9.927100E-5	1.287710E+4	0.000000E+0	0.000000E+0
2.649859E+3	-9.927200E-5	1.287750E+4	0.000000E+0	0.000000E+0
2.653852E+3	-9.927300E-5	1.287780E+4	0.000000E+0	0.000000E+0
2.657857E+3	-9.927100E-5	1.287770E+4	0.000000E+0	0.000000E+0
2.661857E+3	-9.927000E-5	1.287780E+4	0.000000E+0	0.000000E+0
2.665858E+3	-9.927100E-5	1.287890E+4	0.000000E+0	0.000000E+0
2.669850E+3	-9.927200E-5	1.287950E+4	0.000000E+0	0.000000E+0
2.673855E+3	-9.927100E-5	1.287920E+4	0.000000E+0	0.000000E+0
2.677853E+3	-9.927300E-5	1.287890E+4	0.000000E+0	0.000000E+0
2.681853E+3	-9.927200E-5	1.287880E+4	0.000000E+0	0.000000E+0
2.685852E+3	-9.927100E-5	1.287860E+4	0.000000E+0	0.000000E+0
2.689855E+3	-9.927100E-5	1.287840E+4	0.000000E+0	0.000000E+0
2.693856E+3	-9.927100E-5	1.287810E+4	0.000000E+0	0.000000E+0
2.697858E+3	-9.927100E-5	1.287780E+4	0.000000E+0	0.000000E+0
2.701851E+3	-9.926900E-5	1.287890E+4	0.000000E+0	0.000000E+0
2.705851E+3	-9.927100E-5	1.288140E+4	0.000000E+0	0.000000E+0
2.709851E+3	-9.927100E-5	1.288160E+4	0.000000E+0	0.000000E+0
2.713854E+3	-9.927000E-5	1.288180E+4	0.000000E+0	0.000000E+0
2.717853E+3	-9.926900E-5	1.288250E+4	0.000000E+0	0.000000E+0
2.721852E+3	-9.927200E-5	1.288210E+4	0.000000E+0	0.000000E+0
2.725860E+3	-9.927100E-5	1.288410E+4	0.000000E+0	0.000000E+0
2.729860E+3	-9.927100E-5	1.288420E+4	0.000000E+0	0.000000E+0
2.733855E+3	-9.926900E-5	1.288510E+4	0.000000E+0	0.000000E+0
2.737854E+3	-9.927100E-5	1.288620E+4	0.000000E+0	0.000000E+0
2.741850E+3	-9.927100E-5	1.288550E+4	0.000000E+0	0.000000E+0
2.745855E+3	-9.926900E-5	1.288480E+4	0.000000E+0	0.000000E+0
2.749854E+3	-9.927100E-5	1.288420E+4	0.000000E+0	0.000000E+0
2.753854E+3	-9.927000E-5	1.288550E+4	0.000000E+0	0.000000E+0
2.757850E+3	-9.927100E-5	1.288630E+4	0.000000E+0	0.000000E+0
2.761856E+3	-9.927100E-5	1.288620E+4	0.000000E+0	0.000000E+0
2.765852E+3	-9.927100E-5	1.288630E+4	0.000000E+0	0.000000E+0
2.769853E+3	-9.926900E-5	1.288740E+4	0.000000E+0	0.000000E+0
2.773853E+3	-9.926900E-5	1.288880E+4	0.000000E+0	0.000000E+0
2.777855E+3	-9.927100E-5	1.288890E+4	0.000000E+0	0.000000E+0
2.781853E+3	-9.927000E-5	1.288800E+4	0.000000E+0	0.000000E+0
2.785853E+3	-9.926900E-5	1.288690E+4	0.000000E+0	0.000000E+0
2.789864E+3	-9.927100E-5	1.288550E+4	0.000000E+0	0.000000E+0
2.793858E+3	-9.926800E-5	1.288450E+4	0.000000E+0	0.000000E+0
2.797858E+3	-9.927000E-5	1.288360E+4	0.000000E+0	0.000000E+0
2.801854E+3	-9.926900E-5	1.288270E+4	0.000000E+0	0.000000E+0
2.805851E+3	-9.926900E-5	1.288230E+4	0.000000E+0	0.000000E+0
2.809859E+3	-9.926900E-5	1.288180E+4	0.000000E+0	0.000000E+0
2.813852E+3	-9.927100E-5	1.288130E+4	0.000000E+0	0.000000E+0
2.817852E+3	-9.926800E-5	1.288280E+4	0.000000E+0	0.000000E+0
2.821856E+3	-9.926900E-5	1.288490E+4	0.000000E+0	0.000000E+0
2.825857E+3	-9.927100E-5	1.288510E+4	0.000000E+0	0.000000E+0
2.829854E+3	-9.926900E-5	1.288500E+4	0.000000E+0	0.000000E+0
2.833852E+3	-9.926900E-5	1.288450E+4	0.000000E+0	0.000000E+0
2.837851E+3	-9.926900E-5	1.288380E+4	0.000000E+0	0.000000E+0
2.841860E+3	-9.926900E-5	1.288350E+4	0.000000E+0	0.000000E+0
2.845847E+3	-9.927000E-5	1.288330E+4	0.000000E+0	0.000000E+0
2.849855E+3	-9.927100E-5	1.288300E+4	0.000000E+0	0.000000E+0
2.853853E+3	-9.927000E-5	1.288260E+4	0.000000E+0	0.000000E+0
2.857855E+3	-9.926900E-5	1.288220E+4	0.000000E+0	0.000000E+0
2.861856E+3	-9.926900E-5	1.288300E+4	0.000000E+0	0.000000E+0
2.865855E+3	-9.926900E-5	1.288440E+4	0.000000E+0	0.000000E+0
2.869855E+3	-9.927100E-5	1.288420E+4	0.000000E+0	0.000000E+0
2.873856E+3	-9.926900E-5	1.288400E+4	0.000000E+0	0.000000E+0
2.877853E+3	-9.927000E-5	1.288320E+4	0.000000E+0	0.000000E+0
2.881853E+3	-9.926900E-5	1.288260E+4	0.000000E+0	0.000000E+0
2.885856E+3	-9.926800E-5	1.288270E+4	0.000000E+0	0.000000E+0
2.889866E+3	-9.926900E-5	1.288450E+4	0.000000E+0	0.000000E+0
2.893854E+3	-9.927100E-5	1.288510E+4	0.000000E+0	0.000000E+0
2.897853E+3	-9.927000E-5	1.288600E+4	0.000000E+0	0.000000E+0
2.901853E+3	-9.927100E-5	1.288740E+4	0.000000E+0	0.000000E+0
2.905857E+3	-9.926900E-5	1.288890E+4	0.000000E+0	0.000000E+0
2.909851E+3	-9.927100E-5	1.288960E+4	0.000000E+0	0.000000E+0
2.913851E+3	-9.926900E-5	1.288950E+4	0.000000E+0	0.000000E+0
2.917852E+3	-9.926900E-5	1.288980E+4	0.000000E+0	0.000000E+0
2.921855E+3	-9.926900E-5	1.289000E+4	0.000000E+0	0.000000E+0
2.925854E+3	-9.927100E-5	1.288980E+4	0.000000E+0	0.000000E+0
2.929854E+3	-9.927200E-5	1.288970E+4	0.000000E+0	0.000000E+0
2.933854E+3	-9.926900E-5	1.288920E+4	0.000000E+0	0.000000E+0
2.937854E+3	-9.927000E-5	1.288960E+4	0.000000E+0	0.000000E+0
2.941854E+3	-9.926900E-5	1.288920E+4	0.000000E+0	0.000000E+0
2.945855E+3	-9.927000E-5	1.288840E+4	0.000000E+0	0.000000E+0
2.949852E+3	-9.927100E-5	1.288790E+4	0.000000E+0	0.000000E+0
2.953862E+3	-9.927100E-5	1.288720E+4	0.000000E+0	0.000000E+0
2.957852E+3	-9.926900E-5	1.288710E+4	0.000000E+0	0.000000E+0
2.961852E+3	-9.927100E-5	1.288850E+4	0.000000E+0	0.000000E+0
2.965850E+3	-9.926900E-5	1.289060E+4	0.000000E+0	0.000000E+0
2.969862E+3	-9.927100E-5	1.289150E+4	0.000000E+0	0.000000E+0
2.973853E+3	-9.926900E-5	1.289140E+4	0.000000E+0	0.000000E+0
2.977851E+3	-9.927100E-5	1.289140E+4	0.000000E+0	0.000000E+0
2.981850E+3	-9.927000E-5	1.289110E+4	0.000000E+0	0.000000E+0
2.985857E+3	-9.926900E-5	1.289070E+4	0.000000E+0	0.000000E+0
2.989849E+3	-9.926900E-5	1.289100E+4	0.000000E+0	0.000000E+0
2.993851E+3	-9.927100E-5	1.289160E+4	0.000000E+0	0.000000E+0
2.997856E+3	-9.926900E-5	1.289180E+4	0.000000E+0	0.000000E+0
3.001860E+3	-9.926900E-5	1.289240E+4	0.000000E+0	0.000000E+0
3.005856E+3	-9.926900E-5	1.289280E+4	0.000000E+0	0.000000E+0
3.009851E+3	-9.927100E-5	1.289310E+4	0.000000E+0	0.000000E+0
3.013851E+3	-9.927100E-5	1.289440E+4	0.000000E+0	0.000000E+0
3.017860E+3	-9.926900E-5	1.289470E+4	0.000000E+0	0.000000E+0
3.021850E+3	-9.926900E-5	1.289460E+4	0.000000E+0	0.000000E+0
3.025852E+3	-9.926900E-5	1.289460E+4	0.000000E+0	0.000000E+0
3.029849E+3	-9.926900E-5	1.289430E+4	0.000000E+0	0.000000E+0
3.033855E+3	-9.927100E-5	1.289420E+4	0.000000E+0	0.000000E+0
3.037850E+3	-9.926900E-5	1.289430E+4	0.000000E+0	0.000000E+0
3.041850E+3	-9.927100E-5	1.289470E+4	0.000000E+0	0.000000E+0
3.045850E+3	-9.926900E-5	1.289450E+4	0.000000E+0	0.000000E+0
3.049862E+3	-9.927100E-5	1.289490E+4	0.000000E+0	0.000000E+0
3.053855E+3	-9.927100E-5	1.289510E+4	0.000000E+0	0.000000E+0
3.057855E+3	-9.926900E-5	1.289510E+4	0.000000E+0	0.000000E+0
3.061853E+3	-9.926900E-5	1.289490E+4	0.000000E+0	0.000000E+0
3.065861E+3	-9.927000E-5	1.289480E+4	0.000000E+0	0.000000E+0
3.069851E+3	-9.926900E-5	1.289460E+4	0.000000E+0	0.000000E+0
3.073853E+3	-9.927000E-5	1.289450E+4	0.000000E+0	0.000000E+0
3.077853E+3	-9.926900E-5	1.289430E+4	0.000000E+0	0.000000E+0
3.081857E+3	-9.926900E-5	1.289490E+4	0.000000E+0	0.000000E+0
3.085849E+3	-9.926900E-5	1.289530E+4	0.000000E+0	0.000000E+0
3.089854E+3	-9.927000E-5	1.289500E+4	0.000000E+0	0.000000E+0
3.093854E+3	-9.926900E-5	1.289510E+4	0.000000E+0	0.000000E+0
3.097857E+3	-9.927000E-5	1.289560E+4	0.000000E+0	0.000000E+0
3.101848E+3	-9.927000E-5	1.289670E+4	0.000000E+0	0.000000E+0
3.105854E+3	-9.926900E-5	1.289800E+4	0.000000E+0	0.000000E+0
3.109855E+3	-9.926900E-5	1.289830E+4	0.000000E+0	0.000000E+0
3.113861E+3	-9.926800E-5	1.289880E+4	0.000000E+0	0.000000E+0
3.117850E+3	-9.926900E-5	1.289880E+4	0.000000E+0	0.000000E+0
3.121850E+3	-9.926800E-5	1.289870E+4	0.000000E+0	0.000000E+0
3.125857E+3	-9.926900E-5	1.289970E+4	0.000000E+0	0.000000E+0
3.129862E+3	-9.927100E-5	1.290010E+4	0.000000E+0	0.000000E+0
3.133850E+3	-9.926900E-5	1.290180E+4	0.000000E+0	0.000000E+0
3.137856E+3	-9.926800E-5	1.290250E+4	0.000000E+0	0.000000E+0
3.141856E+3	-9.926800E-5	1.290220E+4	0.000000E+0	0.000000E+0
3.145861E+3	-9.927000E-5	1.290180E+4	0.000000E+0	0.000000E+0
3.149853E+3	-9.926900E-5	1.290140E+4	0.000000E+0	0.000000E+0
3.153851E+3	-9.926800E-5	1.290090E+4	0.000000E+0	0.000000E+0
3.157848E+3	-9.926900E-5	1.290070E+4	0.000000E+0	0.000000E+0
3.161858E+3	-9.926900E-5	1.290160E+4	0.000000E+0	0.000000E+0
3.165854E+3	-9.927000E-5	1.290340E+4	0.000000E+0	0.000000E+0
3.169853E+3	-9.926900E-5	1.290290E+4	0.000000E+0	0.000000E+0
3.173849E+3	-9.927000E-5	1.290290E+4	0.000000E+0	0.000000E+0
3.177859E+3	-9.927000E-5	1.290420E+4	0.000000E+0	0.000000E+0
3.181852E+3	-9.926800E-5	1.290520E+4	0.000000E+0	0.000000E+0
3.185852E+3	-9.927000E-5	1.290480E+4	0.000000E+0	0.000000E+0
3.189849E+3	-9.927000E-5	1.290470E+4	0.000000E+0	0.000000E+0
3.193857E+3	-9.926900E-5	1.290460E+4	0.000000E+0	0.000000E+0
3.197854E+3	-9.927100E-5	1.290430E+4	0.000000E+0	0.000000E+0
3.201854E+3	-9.927100E-5	1.290360E+4	0.000000E+0	0.000000E+0
3.205854E+3	-9.927100E-5	1.290330E+4	0.000000E+0	0.000000E+0
3.209856E+3	-9.927000E-5	1.290310E+4	0.000000E+0	0.000000E+0
3.213854E+3	-9.927000E-5	1.290280E+4	0.000000E+0	0.000000E+0
3.217852E+3	-9.927000E-5	1.290260E+4	0.000000E+0	0.000000E+0
3.221850E+3	-9.927100E-5	1.290390E+4	0.000000E+0	0.000000E+0
3.225858E+3	-9.926900E-5	1.290350E+4	0.000000E+0	0.000000E+0
3.229852E+3	-9.926900E-5	1.290290E+4	0.000000E+0	0.000000E+0
3.233850E+3	-9.927000E-5	1.290220E+4	0.000000E+0	0.000000E+0
3.237852E+3	-9.926900E-5	1.290130E+4	0.000000E+0	0.000000E+0
3.241859E+3	-9.926900E-5	1.290040E+4	0.000000E+0	0.000000E+0
3.245853E+3	-9.926800E-5	1.289970E+4	0.000000E+0	0.000000E+0
3.249851E+3	-9.927000E-5	1.289900E+4	0.000000E+0	0.000000E+0
3.253853E+3	-9.926900E-5	1.289850E+4	0.000000E+0	0.000000E+0
3.257858E+3	-9.926900E-5	1.289830E+4	0.000000E+0	0.000000E+0
3.261850E+3	-9.927100E-5	1.289830E+4	0.000000E+0	0.000000E+0
3.265851E+3	-9.926800E-5	1.289840E+4	0.000000E+0	0.000000E+0
3.269856E+3	-9.926900E-5	1.289860E+4	0.000000E+0	0.000000E+0
3.273863E+3	-9.926800E-5	1.289930E+4	0.000000E+0	0.000000E+0
3.277852E+3	-9.926900E-5	1.289990E+4	0.000000E+0	0.000000E+0
3.281852E+3	-9.927000E-5	1.290050E+4	0.000000E+0	0.000000E+0
3.285854E+3	-9.926700E-5	1.290420E+4	0.000000E+0	0.000000E+0
3.289857E+3	-9.926900E-5	1.290490E+4	0.000000E+0	0.000000E+0
3.293855E+3	-9.927000E-5	1.290460E+4	0.000000E+0	0.000000E+0
3.297854E+3	-9.926900E-5	1.290410E+4	0.000000E+0	0.000000E+0
3.301852E+3	-9.926900E-5	1.290420E+4	0.000000E+0	0.000000E+0
3.305856E+3	-9.926900E-5	1.290540E+4	0.000000E+0	0.000000E+0
3.309854E+3	-9.926900E-5	1.290580E+4	0.000000E+0	0.000000E+0
3.313852E+3	-9.926800E-5	1.290560E+4	0.000000E+0	0.000000E+0
3.317866E+3	-9.926800E-5	1.290620E+4	0.000000E+0	0.000000E+0
3.321848E+3	-9.926900E-5	1.290670E+4	0.000000E+0	0.000000E+0
3.325852E+3	-9.926900E-5	1.290650E+4	0.000000E+0	0.000000E+0
3.329855E+3	-9.927000E-5	1.290710E+4	0.000000E+0	0.000000E+0
3.333864E+3	-9.926900E-5	1.290750E+4	0.000000E+0	0.000000E+0
3.337847E+3	-9.927000E-5	1.290810E+4	0.000000E+0	0.000000E+0
3.341851E+3	-9.926700E-5	1.290840E+4	0.000000E+0	0.000000E+0
3.345854E+3	-9.926900E-5	1.290910E+4	0.000000E+0	0.000000E+0
3.349853E+3	-9.926800E-5	1.290910E+4	0.000000E+0	0.000000E+0
3.353857E+3	-9.926900E-5	1.290910E+4	0.000000E+0	0.000000E+0
3.357851E+3	-9.926800E-5	1.290900E+4	0.000000E+0	0.000000E+0
3.361851E+3	-9.926800E-5	1.290960E+4	0.000000E+0	0.000000E+0
3.365851E+3	-9.927000E-5	1.291070E+4	0.000000E+0	0.000000E+0
3.369861E+3	-9.926900E-5	1.291090E+4	0.000000E+0	0.000000E+0
3.373848E+3	-9.926900E-5	1.291080E+4	0.000000E+0	0.000000E+0
3.377849E+3	-9.926900E-5	1.291100E+4	0.000000E+0	0.000000E+0
3.381865E+3	-9.927000E-5	1.291190E+4	0.000000E+0	0.000000E+0
3.385848E+3	-9.926800E-5	1.291260E+4	0.000000E+0	0.000000E+0
3.389852E+3	-9.926900E-5	1.291250E+4	0.000000E+0	0.000000E+0
3.393852E+3	-9.926900E-5	1.291250E+4	0.000000E+0	0.000000E+0
3.397854E+3	-9.926900E-5	1.291260E+4	0.000000E+0	0.000000E+0
3.401857E+3	-9.926900E-5	1.291320E+4	0.000000E+0	0.000000E+0
3.405852E+3	-9.926700E-5	1.291320E+4	0.000000E+0	0.000000E+0
3.409852E+3	-9.926800E-5	1.291300E+4	0.000000E+0	0.000000E+0
3.413857E+3	-9.926700E-5	1.291300E+4	0.000000E+0	0.000000E+0
3.417858E+3	-9.926900E-5	1.291500E+4	0.000000E+0	0.000000E+0
3.421848E+3	-9.926800E-5	1.291580E+4	0.000000E+0	0.000000E+0
3.425852E+3	-9.927100E-5	1.291560E+4	0.000000E+0	0.000000E+0
3.429853E+3	-9.926900E-5	1.291500E+4	0.000000E+0	0.000000E+0
3.433856E+3	-9.926900E-5	1.291440E+4	0.000000E+0	0.000000E+0
3.437853E+3	-9.926800E-5	1.291440E+4	0.000000E+0	0.000000E+0
3.441851E+3	-9.926800E-5	1.291590E+4	0.000000E+0	0.000000E+0
3.445850E+3	-9.926900E-5	1.291580E+4	0.000000E+0	0.000000E+0
3.449862E+3	-9.926800E-5	1.291550E+4	0.000000E+0	0.000000E+0
3.453849E+3	-9.926800E-5	1.291520E+4	0.000000E+0	0.000000E+0
3.457851E+3	-9.927000E-5	1.291490E+4	0.000000E+0	0.000000E+0
3.461849E+3	-9.927100E-5	1.291430E+4	0.000000E+0	0.000000E+0
3.465861E+3	-9.926800E-5	1.291370E+4	0.000000E+0	0.000000E+0
3.469854E+3	-9.926900E-5	1.291350E+4	0.000000E+0	0.000000E+0
3.473852E+3	-9.926700E-5	1.291350E+4	0.000000E+0	0.000000E+0
3.477849E+3	-9.926900E-5	1.291350E+4	0.000000E+0	0.000000E+0
3.481857E+3	-9.926700E-5	1.291320E+4	0.000000E+0	0.000000E+0
3.485854E+3	-9.926700E-5	1.291330E+4	0.000000E+0	0.000000E+0
3.489854E+3	-9.926700E-5	1.291400E+4	0.000000E+0	0.000000E+0
3.493855E+3	-9.926900E-5	1.291530E+4	0.000000E+0	0.000000E+0
3.497858E+3	-9.926800E-5	1.291570E+4	0.000000E+0	0.000000E+0
3.501852E+3	-9.926800E-5	1.291590E+4	0.000000E+0	0.000000E+0
3.505852E+3	-9.926600E-5	1.291580E+4	0.000000E+0	0.000000E+0
3.509866E+3	-9.926900E-5	1.291560E+4	0.000000E+0	0.000000E+0
3.513850E+3	-9.926800E-5	1.291520E+4	0.000000E+0	0.000000E+0
3.517852E+3	-9.927000E-5	1.291500E+4	0.000000E+0	0.000000E+0
3.521851E+3	-9.926700E-5	1.291670E+4	0.000000E+0	0.000000E+0
3.525850E+3	-9.926900E-5	1.291720E+4	0.000000E+0	0.000000E+0
3.529859E+3	-9.926800E-5	1.291850E+4	0.000000E+0	0.000000E+0
3.533853E+3	-9.926800E-5	1.291810E+4	0.000000E+0	0.000000E+0
3.537851E+3	-9.926700E-5	1.291660E+4	0.000000E+0	0.000000E+0
3.541853E+3	-9.926700E-5	1.291580E+4	0.000000E+0	0.000000E+0
3.545857E+3	-9.926800E-5	1.291590E+4	0.000000E+0	0.000000E+0
3.549851E+3	-9.926900E-5	1.291560E+4	0.000000E+0	0.000000E+0
3.553851E+3	-9.926900E-5	1.291500E+4	0.000000E+0	0.000000E+0
3.557849E+3	-9.926700E-5	1.291450E+4	0.000000E+0	0.000000E+0
3.561860E+3	-9.926900E-5	1.291380E+4	0.000000E+0	0.000000E+0
3.565851E+3	-9.926900E-5	1.291310E+4	0.000000E+0	0.000000E+0
3.569852E+3	-9.926700E-5	1.291250E+4	0.000000E+0	0.000000E+0
3.573862E+3	-9.926900E-5	1.291220E+4	0.000000E+0	0.000000E+0
3.577858E+3	-9.926800E-5	1.291200E+4	0.000000E+0	0.000000E+0
3.581857E+3	-9.926900E-5	1.291240E+4	0.000000E+0	0.000000E+0
3.585854E+3	-9.926900E-5	1.291260E+4	0.000000E+0	0.000000E+0
3.589852E+3	-9.926700E-5	1.291250E+4	0.000000E+0	0.000000E+0
3.593856E+3	-9.926900E-5	1.291330E+4	0.000000E+0	0.000000E+0
3.597852E+3	-9.926500E-5	1.291470E+4	0.000000E+0	0.000000E+0
3.601852E+3	-9.926600E-5	1.291680E+4	0.000000E+0	0.000000E+0
3.605853E+3	-9.926800E-5	1.291730E+4	0.000000E+0	0.000000E+0
3.609856E+3	-9.926800E-5	1.292020E+4	0.000000E+0	0.000000E+0
3.613851E+3	-9.926900E-5	1.292090E+4	0.000000E+0	0.000000E+0
3.617851E+3	-9.926800E-5	1.292060E+4	0.000000E+0	0.000000E+0
3.621850E+3	-9.926900E-5	1.292050E+4	0.000000E+0	0.000000E+0
3.625859E+3	-9.926800E-5	1.292120E+4	0.000000E+0	0.000000E+0
3.629851E+3	-9.926900E-5	1.292150E+4	0.000000E+0	0.000000E+0
3.633851E+3	-9.926900E-5	1.292140E+4	0.000000E+0	0.000000E+0
3.637851E+3	-9.927000E-5	1.292100E+4	0.000000E+0	0.000000E+0
3.641865E+3	-9.926700E-5	1.292020E+4	0.000000E+0	0.000000E+0
3.645853E+3	-9.926800E-5	1.291960E+4	0.000000E+0	0.000000E+0
3.649851E+3	-9.926900E-5	1.291890E+4	0.000000E+0	0.000000E+0
3.653852E+3	-9.926700E-5	1.291830E+4	0.000000E+0	0.000000E+0
3.657857E+3	-9.926900E-5	1.291900E+4	0.000000E+0	0.000000E+0
3.661854E+3	-9.926800E-5	1.291900E+4	0.000000E+0	0.000000E+0
3.665854E+3	-9.926800E-5	1.291990E+4	0.000000E+0	0.000000E+0
3.669851E+3	-9.926800E-5	1.292070E+4	0.000000E+0	0.000000E+0
3.673858E+3	-9.926700E-5	1.292020E+4	0.000000E+0	0.000000E+0
3.677852E+3	-9.926900E-5	1.291970E+4	0.000000E+0	0.000000E+0
3.681850E+3	-9.926800E-5	1.291960E+4	0.000000E+0	0.000000E+0
3.685850E+3	-9.926900E-5	1.291960E+4	0.000000E+0	0.000000E+0
3.689858E+3	-9.926800E-5	1.291920E+4	0.000000E+0	0.000000E+0
3.693852E+3	-9.926900E-5	1.291880E+4	0.000000E+0	0.000000E+0
3.697852E+3	-9.926900E-5	1.291860E+4	0.000000E+0	0.000000E+0
3.701853E+3	-9.926800E-5	1.291830E+4	0.000000E+0	0.000000E+0
3.705858E+3	-9.926800E-5	1.291790E+4	0.000000E+0	0.000000E+0
3.709851E+3	-9.926800E-5	1.291740E+4	0.000000E+0	0.000000E+0
3.713853E+3	-9.926800E-5	1.291700E+4	0.000000E+0	0.000000E+0
3.717850E+3	-9.926900E-5	1.291730E+4	0.000000E+0	0.000000E+0
3.721862E+3	-9.926800E-5	1.291760E+4	0.000000E+0	0.000000E+0
3.725854E+3	-9.926700E-5	1.291770E+4	0.000000E+0	0.000000E+0
3.729853E+3	-9.926800E-5	1.291740E+4	0.000000E+0	0.000000E+0
3.733849E+3	-9.926800E-5	1.291740E+4	0.000000E+0	0.000000E+0
3.737853E+3	-9.926800E-5	1.291740E+4	0.000000E+0	0.000000E+0
3.741854E+3	-9.926800E-5	1.291730E+4	0.000000E+0	0.000000E+0
3.745852E+3	-9.926900E-5	1.291720E+4	0.000000E+0	0.000000E+0
3.749851E+3	-9.926700E-5	1.291700E+4	0.000000E+0	0.000000E+0
3.753859E+3	-9.926700E-5	1.291680E+4	0.000000E+0	0.000000E+0
3.757851E+3	-9.926900E-5	1.291630E+4	0.000000E+0	0.000000E+0
3.761851E+3	-9.927000E-5	1.291580E+4	0.000000E+0	0.000000E+0
3.765850E+3	-9.926700E-5	1.291500E+4	0.000000E+0	0.000000E+0
3.769862E+3	-9.926800E-5	1.291430E+4	0.000000E+0	0.000000E+0
3.773852E+3	-9.926600E-5	1.291380E+4	0.000000E+0	0.000000E+0
3.777852E+3	-9.926800E-5	1.291360E+4	0.000000E+0	0.000000E+0
3.781850E+3	-9.926700E-5	1.291390E+4	0.000000E+0	0.000000E+0
3.785855E+3	-9.926900E-5	1.291370E+4	0.000000E+0	0.000000E+0
3.789853E+3	-9.926800E-5	1.291360E+4	0.000000E+0	0.000000E+0
3.793853E+3	-9.926700E-5	1.291350E+4	0.000000E+0	0.000000E+0
3.797853E+3	-9.926800E-5	1.291350E+4	0.000000E+0	0.000000E+0
3.801856E+3	-9.926900E-5	1.291440E+4	0.000000E+0	0.000000E+0
3.805851E+3	-9.926800E-5	1.291520E+4	0.000000E+0	0.000000E+0
3.809853E+3	-9.926800E-5	1.291560E+4	0.000000E+0	0.000000E+0
3.813851E+3	-9.926800E-5	1.291630E+4	0.000000E+0	0.000000E+0
3.817854E+3	-9.926700E-5	1.291690E+4	0.000000E+0	0.000000E+0
3.821853E+3	-9.926800E-5	1.291720E+4	0.000000E+0	0.000000E+0
3.825851E+3	-9.926800E-5	1.291770E+4	0.000000E+0	0.000000E+0
3.829854E+3	-9.926800E-5	1.291720E+4	0.000000E+0	0.000000E+0
3.833861E+3	-9.927100E-5	1.291720E+4	0.000000E+0	0.000000E+0
3.837854E+3	-9.926800E-5	1.291690E+4	0.000000E+0	0.000000E+0
3.841852E+3	-9.926900E-5	1.291750E+4	0.000000E+0	0.000000E+0
3.845852E+3	-9.926700E-5	1.291780E+4	0.000000E+0	0.000000E+0
3.849859E+3	-9.926900E-5	1.291850E+4	0.000000E+0	0.000000E+0
3.853852E+3	-9.926900E-5	1.291850E+4	0.000000E+0	0.000000E+0
3.857852E+3	-9.926900E-5	1.291850E+4	0.000000E+0	0.000000E+0
3.861855E+3	-9.926900E-5	1.291890E+4	0.000000E+0	0.000000E+0
3.865858E+3	-9.926700E-5	1.291870E+4	0.000000E+0	0.000000E+0
3.869852E+3	-9.926800E-5	1.291870E+4	0.000000E+0	0.000000E+0
3.873852E+3	-9.926800E-5	1.291850E+4	0.000000E+0	0.000000E+0
3.877849E+3	-9.926800E-5	1.291850E+4	0.000000E+0	0.000000E+0
3.881860E+3	-9.926800E-5	1.291850E+4	0.000000E+0	0.000000E+0
3.885852E+3	-9.926900E-5	1.291830E+4	0.000000E+0	0.000000E+0
3.889850E+3	-9.926800E-5	1.291840E+4	0.000000E+0	0.000000E+0
3.893848E+3	-9.926700E-5	1.291830E+4	0.000000E+0	0.000000E+0
3.897860E+3	-9.926900E-5	1.291820E+4	0.000000E+0	0.000000E+0
3.901853E+3	-9.926800E-5	1.291810E+4	0.000000E+0	0.000000E+0
3.905853E+3	-9.926700E-5	1.291810E+4	0.000000E+0	0.000000E+0
3.909853E+3	-9.926900E-5	1.291810E+4	0.000000E+0	0.000000E+0
3.913862E+3	-9.926700E-5	1.291790E+4	0.000000E+0	0.000000E+0
3.917851E+3	-9.926700E-5	1.291750E+4	0.000000E+0	0.000000E+0
3.921853E+3	-9.926700E-5	1.291810E+4	0.000000E+0	0.000000E+0
3.925852E+3	-9.926800E-5	1.292000E+4	0.000000E+0	0.000000E+0
3.929855E+3	-9.926700E-5	1.292040E+4	0.000000E+0	0.000000E+0
3.933852E+3	-9.926900E-5	1.292060E+4	0.000000E+0	0.000000E+0
3.937852E+3	-9.926800E-5	1.292100E+4	0.000000E+0	0.000000E+0
3.941849E+3	-9.926900E-5	1.292120E+4	0.000000E+0	0.000000E+0
3.945860E+3	-9.926700E-5	1.292110E+4	0.000000E+0	0.000000E+0
3.949852E+3	-9.926800E-5	1.292130E+4	0.000000E+0	0.000000E+0
3.953852E+3	-9.926700E-5	1.292240E+4	0.000000E+0	0.000000E+0
3.957849E+3	-9.926800E-5	1.292280E+4	0.000000E+0	0.000000E+0
3.961861E+3	-9.926800E-5	1.292270E+4	0.000000E+0	0.000000E+0
3.965853E+3	-9.926600E-5	1.292270E+4	0.000000E+0	0.000000E+0
3.969852E+3	-9.926700E-5	1.292200E+4	0.000000E+0	0.000000E+0
3.973850E+3	-9.926800E-5	1.292140E+4	0.000000E+0	0.000000E+0
3.977860E+3	-9.926900E-5	1.292110E+4	0.000000E+0	0.000000E+0
3.981855E+3	-9.926900E-5	1.292090E+4	0.000000E+0	0.000000E+0
3.985855E+3	-9.926700E-5	1.292090E+4	0.000000E+0	0.000000E+0
3.989851E+3	-9.926700E-5	1.292070E+4	0.000000E+0	0.000000E+0
3.993865E+3	-9.926700E-5	1.292050E+4	0.000000E+0	0.000000E+0
3.997850E+3	-9.926800E-5	1.292040E+4	0.000000E+0	0.000000E+0
4.001851E+3	-9.926800E-5	1.292060E+4	0.000000E+0	0.000000E+0
4.005857E+3	-9.926800E-5	1.292140E+4	0.000000E+0	0.000000E+0
4.009862E+3	-9.926900E-5	1.292120E+4	0.000000E+0	0.000000E+0
4.013851E+3	-9.926800E-5	1.292140E+4	0.000000E+0	0.000000E+0
4.017849E+3	-9.926800E-5	1.292340E+4	0.000000E+0	0.000000E+0
4.021849E+3	-9.926700E-5	1.292490E+4	0.000000E+0	0.000000E+0
4.025858E+3	-9.926900E-5	1.292470E+4	0.000000E+0	0.000000E+0
4.029852E+3	-9.926900E-5	1.292410E+4	0.000000E+0	0.000000E+0
4.033852E+3	-9.926900E-5	1.292350E+4	0.000000E+0	0.000000E+0
4.037851E+3	-9.927100E-5	1.292310E+4	0.000000E+0	0.000000E+0
4.041860E+3	-9.926900E-5	1.292260E+4	0.000000E+0	0.000000E+0
4.045852E+3	-9.926900E-5	1.292320E+4	0.000000E+0	0.000000E+0
4.049852E+3	-9.926800E-5	1.292430E+4	0.000000E+0	0.000000E+0
4.053852E+3	-9.926800E-5	1.292430E+4	0.000000E+0	0.000000E+0
4.057862E+3	-9.926600E-5	1.292420E+4	0.000000E+0	0.000000E+0
4.061855E+3	-9.926800E-5	1.292410E+4	0.000000E+0	0.000000E+0
4.065853E+3	-9.926800E-5	1.292370E+4	0.000000E+0	0.000000E+0
4.069853E+3	-9.926900E-5	1.292420E+4	0.000000E+0	0.000000E+0
4.073857E+3	-9.926900E-5	1.292430E+4	0.000000E+0	0.000000E+0
4.077850E+3	-9.927000E-5	1.292420E+4	0.000000E+0	0.000000E+0
4.081851E+3	-9.926900E-5	1.292390E+4	0.000000E+0	0.000000E+0
4.085864E+3	-9.926800E-5	1.292370E+4	0.000000E+0	0.000000E+0
4.089850E+3	-9.926700E-5	1.292360E+4	0.000000E+0	0.000000E+0
4.093850E+3	-9.926900E-5	1.292350E+4	0.000000E+0	0.000000E+0
4.097856E+3	-9.926900E-5	1.292350E+4	0.000000E+0	0.000000E+0
4.101865E+3	-9.926800E-5	1.292360E+4	0.000000E+0	0.000000E+0
4.105850E+3	-9.926900E-5	1.292350E+4	0.000000E+0	0.000000E+0
4.109852E+3	-9.926800E-5	1.292370E+4	0.000000E+0	0.000000E+0
4.113851E+3	-9.926800E-5	1.292370E+4	0.000000E+0	0.000000E+0
4.117865E+3	-9.926900E-5	1.292380E+4	0.000000E+0	0.000000E+0
4.121849E+3	-9.926800E-5	1.292330E+4	0.000000E+0	0.000000E+0
4.125852E+3	-9.926900E-5	1.292310E+4	0.000000E+0	0.000000E+0
4.129851E+3	-9.926700E-5	1.292440E+4	0.000000E+0	0.000000E+0
4.133863E+3	-9.926700E-5	1.292580E+4	0.000000E+0	0.000000E+0
4.137862E+3	-9.926800E-5	1.292650E+4	0.000000E+0	0.000000E+0
4.141852E+3	-9.926800E-5	1.292640E+4	0.000000E+0	0.000000E+0
4.145850E+3	-9.926900E-5	1.292750E+4	0.000000E+0	0.000000E+0
4.149861E+3	-9.927100E-5	1.292860E+4	0.000000E+0	0.000000E+0
4.153860E+3	-9.926800E-5	1.292970E+4	0.000000E+0	0.000000E+0
4.157850E+3	-9.927100E-5	1.293020E+4	0.000000E+0	0.000000E+0
4.161850E+3	-9.926900E-5	1.292970E+4	0.000000E+0	0.000000E+0
4.165860E+3	-9.926800E-5	1.292990E+4	0.000000E+0	0.000000E+0
4.169865E+3	-9.926900E-5	1.293060E+4	0.000000E+0	0.000000E+0
4.173856E+3	-9.926900E-5	1.293050E+4	0.000000E+0	0.000000E+0
4.177853E+3	-9.926800E-5	1.293110E+4	0.000000E+0	0.000000E+0
4.181851E+3	-9.926900E-5	1.293110E+4	0.000000E+0	0.000000E+0
4.185856E+3	-9.926800E-5	1.293100E+4	0.000000E+0	0.000000E+0
4.189851E+3	-9.926900E-5	1.293100E+4	0.000000E+0	0.000000E+0
4.193854E+3	-9.926900E-5	1.293080E+4	0.000000E+0	0.000000E+0
4.197851E+3	-9.926900E-5	1.293150E+4	0.000000E+0	0.000000E+0
4.201856E+3	-9.927000E-5	1.293120E+4	0.000000E+0	0.000000E+0
4.205851E+3	-9.927100E-5	1.293110E+4	0.000000E+0	0.000000E+0
4.209851E+3	-9.926800E-5	1.293200E+4	0.000000E+0	0.000000E+0
4.213851E+3	-9.926800E-5	1.293240E+4	0.000000E+0	0.000000E+0
4.217854E+3	-9.926800E-5	1.293210E+4	0.000000E+0	0.000000E+0
4.221849E+3	-9.926900E-5	1.293180E+4	0.000000E+0	0.000000E+0
4.225852E+3	-9.926900E-5	1.293180E+4	0.000000E+0	0.000000E+0
4.229863E+3	-9.926800E-5	1.293260E+4	0.000000E+0	0.000000E+0
4.233860E+3	-9.926900E-5	1.293230E+4	0.000000E+0	0.000000E+0
4.237849E+3	-9.926800E-5	1.293190E+4	0.000000E+0	0.000000E+0
4.241853E+3	-9.926800E-5	1.293150E+4	0.000000E+0	0.000000E+0
4.245857E+3	-9.926700E-5	1.293130E+4	0.000000E+0	0.000000E+0
4.249860E+3	-9.926800E-5	1.293310E+4	0.000000E+0	0.000000E+0
4.253851E+3	-9.926800E-5	1.293390E+4	0.000000E+0	0.000000E+0
4.257856E+3	-9.926900E-5	1.293410E+4	0.000000E+0	0.000000E+0
4.261864E+3	-9.926800E-5	1.293360E+4	0.000000E+0	0.000000E+0
4.265851E+3	-9.927000E-5	1.293310E+4	0.000000E+0	0.000000E+0
4.269852E+3	-9.926900E-5	1.293280E+4	0.000000E+0	0.000000E+0
4.273853E+3	-9.927000E-5	1.293290E+4	0.000000E+0	0.000000E+0
4.277851E+3	-9.926900E-5	1.293430E+4	0.000000E+0	0.000000E+0
4.281857E+3	-9.926900E-5	1.293510E+4	0.000000E+0	0.000000E+0
4.285848E+3	-9.927000E-5	1.293580E+4	0.000000E+0	0.000000E+0
4.289851E+3	-9.926900E-5	1.293560E+4	0.000000E+0	0.000000E+0
4.293860E+3	-9.926900E-5	1.293530E+4	0.000000E+0	0.000000E+0
4.297857E+3	-9.926900E-5	1.293710E+4	0.000000E+0	0.000000E+0
4.301853E+3	-9.926900E-5	1.293820E+4	0.000000E+0	0.000000E+0
4.305856E+3	-9.926800E-5	1.293890E+4	0.000000E+0	0.000000E+0
4.309855E+3	-9.926800E-5	1.293910E+4	0.000000E+0	0.000000E+0
4.313855E+3	-9.927000E-5	1.293930E+4	0.000000E+0	0.000000E+0
4.317850E+3	-9.926900E-5	1.293940E+4	0.000000E+0	0.000000E+0
4.321854E+3	-9.927100E-5	1.293850E+4	0.000000E+0	0.000000E+0
4.325852E+3	-9.927100E-5	1.293800E+4	0.000000E+0	0.000000E+0
4.329855E+3	-9.927000E-5	1.293860E+4	0.000000E+0	0.000000E+0
4.333849E+3	-9.927100E-5	1.293900E+4	0.000000E+0	0.000000E+0
4.337857E+3	-9.927000E-5	1.293850E+4	0.000000E+0	0.000000E+0
4.341856E+3	-9.926900E-5	1.293780E+4	0.000000E+0	0.000000E+0
4.345855E+3	-9.926800E-5	1.293690E+4	0.000000E+0	0.000000E+0
4.349851E+3	-9.926900E-5	1.293610E+4	0.000000E+0	0.000000E+0
4.353856E+3	-9.926800E-5	1.293520E+4	0.000000E+0	0.000000E+0
4.357863E+3	-9.926800E-5	1.293420E+4	0.000000E+0	0.000000E+0
4.361851E+3	-9.926900E-5	1.293330E+4	0.000000E+0	0.000000E+0
4.365850E+3	-9.926800E-5	1.293260E+4	0.000000E+0	0.000000E+0
4.369851E+3	-9.926900E-5	1.293230E+4	0.000000E+0	0.000000E+0
4.373852E+3	-9.926900E-5	1.293250E+4	0.000000E+0	0.000000E+0
4.377859E+3	-9.927000E-5	1.293240E+4	0.000000E+0	0.000000E+0
4.381849E+3	-9.927000E-5	1.293240E+4	0.000000E+0	0.000000E+0
4.385854E+3	-9.927000E-5	1.293260E+4	0.000000E+0	0.000000E+0
4.389864E+3	-9.926900E-5	1.293310E+4	0.000000E+0	0.000000E+0
4.393848E+3	-9.927100E-5	1.293310E+4	0.000000E+0	0.000000E+0
4.397854E+3	-9.926800E-5	1.293270E+4	0.000000E+0	0.000000E+0
4.401851E+3	-9.927100E-5	1.293230E+4	0.000000E+0	0.000000E+0
4.405851E+3	-9.927000E-5	1.293210E+4	0.000000E+0	0.000000E+0
4.409858E+3	-9.926800E-5	1.293180E+4	0.000000E+0	0.000000E+0
4.413850E+3	-9.927100E-5	1.293170E+4	0.000000E+0	0.000000E+0
4.417850E+3	-9.927100E-5	1.293170E+4	0.000000E+0	0.000000E+0
4.421861E+3	-9.927100E-5	1.293400E+4	0.000000E+0	0.000000E+0
4.425862E+3	-9.926900E-5	1.293490E+4	0.000000E+0	0.000000E+0
4.429853E+3	-9.927000E-5	1.293560E+4	0.000000E+0	0.000000E+0
4.433853E+3	-9.927100E-5	1.293660E+4	0.000000E+0	0.000000E+0
4.437853E+3	-9.927000E-5	1.293670E+4	0.000000E+0	0.000000E+0
4.441857E+3	-9.927000E-5	1.293680E+4	0.000000E+0	0.000000E+0
4.445851E+3	-9.927000E-5	1.293650E+4	0.000000E+0	0.000000E+0
4.449851E+3	-9.927100E-5	1.293710E+4	0.000000E+0	0.000000E+0
4.453853E+3	-9.926900E-5	1.293700E+4	0.000000E+0	0.000000E+0
4.457859E+3	-9.927000E-5	1.293680E+4	0.000000E+0	0.000000E+0
4.461851E+3	-9.927000E-5	1.293650E+4	0.000000E+0	0.000000E+0
4.465851E+3	-9.926900E-5	1.293610E+4	0.000000E+0	0.000000E+0
4.469862E+3	-9.926800E-5	1.293560E+4	0.000000E+0	0.000000E+0
4.473858E+3	-9.927100E-5	1.293530E+4	0.000000E+0	0.000000E+0
4.477852E+3	-9.926800E-5	1.293560E+4	0.000000E+0	0.000000E+0
4.481851E+3	-9.927000E-5	1.293540E+4	0.000000E+0	0.000000E+0
4.485864E+3	-9.927100E-5	1.293520E+4	0.000000E+0	0.000000E+0
4.489857E+3	-9.926900E-5	1.293530E+4	0.000000E+0	0.000000E+0
4.493851E+3	-9.926700E-5	1.293530E+4	0.000000E+0	0.000000E+0
4.497854E+3	-9.927100E-5	1.293540E+4	0.000000E+0	0.000000E+0
4.501860E+3	-9.926900E-5	1.293540E+4	0.000000E+0	0.000000E+0
4.505860E+3	-9.926900E-5	1.293540E+4	0.000000E+0	0.000000E+0
4.509850E+3	-9.927000E-5	1.293520E+4	0.000000E+0	0.000000E+0
4.513852E+3	-9.927000E-5	1.293480E+4	0.000000E+0	0.000000E+0
4.517852E+3	-9.926800E-5	1.293430E+4	0.000000E+0	0.000000E+0
4.521861E+3	-9.927100E-5	1.293410E+4	0.000000E+0	0.000000E+0
4.525853E+3	-9.926900E-5	1.293550E+4	0.000000E+0	0.000000E+0
4.529853E+3	-9.927000E-5	1.293780E+4	0.000000E+0	0.000000E+0
4.533850E+3	-9.926900E-5	1.293870E+4	0.000000E+0	0.000000E+0
4.537859E+3	-9.926900E-5	1.293890E+4	0.000000E+0	0.000000E+0
4.541847E+3	-9.926900E-5	1.293940E+4	0.000000E+0	0.000000E+0
4.545851E+3	-9.927100E-5	1.294020E+4	0.000000E+0	0.000000E+0
4.549850E+3	-9.927000E-5	1.294070E+4	0.000000E+0	0.000000E+0
4.553860E+3	-9.926800E-5	1.294030E+4	0.000000E+0	0.000000E+0
4.557853E+3	-9.926900E-5	1.293980E+4	0.000000E+0	0.000000E+0
4.561853E+3	-9.926900E-5	1.293910E+4	0.000000E+0	0.000000E+0
4.565851E+3	-9.926900E-5	1.293840E+4	0.000000E+0	0.000000E+0
4.569859E+3	-9.926900E-5	1.293830E+4	0.000000E+0	0.000000E+0
4.573849E+3	-9.927000E-5	1.293930E+4	0.000000E+0	0.000000E+0
4.577849E+3	-9.926900E-5	1.293980E+4	0.000000E+0	0.000000E+0
4.581862E+3	-9.926900E-5	1.293930E+4	0.000000E+0	0.000000E+0
4.585858E+3	-9.927000E-5	1.293920E+4	0.000000E+0	0.000000E+0
4.589854E+3	-9.927000E-5	1.293930E+4	0.000000E+0	0.000000E+0
4.593852E+3	-9.927100E-5	1.293930E+4	0.000000E+0	0.000000E+0
4.597850E+3	-9.927100E-5	1.293910E+4	0.000000E+0	0.000000E+0
4.601858E+3	-9.927100E-5	1.293920E+4	0.000000E+0	0.000000E+0
4.605852E+3	-9.926900E-5	1.293890E+4	0.000000E+0	0.000000E+0
4.609850E+3	-9.927000E-5	1.293890E+4	0.000000E+0	0.000000E+0
4.613849E+3	-9.926900E-5	1.293880E+4	0.000000E+0	0.000000E+0
4.617859E+3	-9.926900E-5	1.293940E+4	0.000000E+0	0.000000E+0
4.621853E+3	-9.926900E-5	1.293930E+4	0.000000E+0	0.000000E+0
4.625851E+3	-9.926900E-5	1.293910E+4	0.000000E+0	0.000000E+0
4.629850E+3	-9.926900E-5	1.293910E+4	0.000000E+0	0.000000E+0
4.633859E+3	-9.926900E-5	1.293920E+4	0.000000E+0	0.000000E+0
4.637853E+3	-9.927000E-5	1.293910E+4	0.000000E+0	0.000000E+0
4.641853E+3	-9.927000E-5	1.293880E+4	0.000000E+0	0.000000E+0
4.645862E+3	-9.926900E-5	1.293820E+4	0.000000E+0	0.000000E+0
4.649859E+3	-9.927100E-5	1.293780E+4	0.000000E+0	0.000000E+0
4.653851E+3	-9.926900E-5	1.293720E+4	0.000000E+0	0.000000E+0
4.657853E+3	-9.926900E-5	1.293690E+4	0.000000E+0	0.000000E+0
4.661852E+3	-9.927000E-5	1.293690E+4	0.000000E+0	0.000000E+0
4.665857E+3	-9.927000E-5	1.293690E+4	0.000000E+0	0.000000E+0
4.669851E+3	-9.927100E-5	1.293710E+4	0.000000E+0	0.000000E+0
4.673851E+3	-9.927000E-5	1.293800E+4	0.000000E+0	0.000000E+0
4.677851E+3	-9.927000E-5	1.293920E+4	0.000000E+0	0.000000E+0
4.681854E+3	-9.926900E-5	1.293930E+4	0.000000E+0	0.000000E+0
4.685852E+3	-9.926900E-5	1.293900E+4	0.000000E+0	0.000000E+0
4.689852E+3	-9.926900E-5	1.293880E+4	0.000000E+0	0.000000E+0
4.693852E+3	-9.926900E-5	1.294150E+4	0.000000E+0	0.000000E+0
4.697853E+3	-9.927000E-5	1.294410E+4	0.000000E+0	0.000000E+0
4.701853E+3	-9.927100E-5	1.294590E+4	0.000000E+0	0.000000E+0
4.705853E+3	-9.926900E-5	1.294620E+4	0.000000E+0	0.000000E+0
4.709857E+3	-9.926900E-5	1.294590E+4	0.000000E+0	0.000000E+0
4.713860E+3	-9.927100E-5	1.294540E+4	0.000000E+0	0.000000E+0
4.717852E+3	-9.927000E-5	1.294480E+4	0.000000E+0	0.000000E+0
4.721851E+3	-9.926900E-5	1.294410E+4	0.000000E+0	0.000000E+0
4.725851E+3	-9.927000E-5	1.294430E+4	0.000000E+0	0.000000E+0
4.729856E+3	-9.926900E-5	1.294460E+4	0.000000E+0	0.000000E+0
4.733853E+3	-9.926900E-5	1.294580E+4	0.000000E+0	0.000000E+0
4.737853E+3	-9.927000E-5	1.294510E+4	0.000000E+0	0.000000E+0
4.741849E+3	-9.927000E-5	1.294450E+4	0.000000E+0	0.000000E+0
4.745859E+3	-9.927100E-5	1.294380E+4	0.000000E+0	0.000000E+0
4.749851E+3	-9.926900E-5	1.294310E+4	0.000000E+0	0.000000E+0
4.753853E+3	-9.926900E-5	1.294250E+4	0.000000E+0	0.000000E+0
4.757857E+3	-9.927000E-5	1.294160E+4	0.000000E+0	0.000000E+0
4.761863E+3	-9.927100E-5	1.294110E+4	0.000000E+0	0.000000E+0
4.765852E+3	-9.927000E-5	1.294070E+4	0.000000E+0	0.000000E+0
4.769851E+3	-9.927000E-5	1.294050E+4	0.000000E+0	0.000000E+0
4.773849E+3	-9.927200E-5	1.294160E+4	0.000000E+0	0.000000E+0
4.777854E+3	-9.927100E-5	1.294190E+4	0.000000E+0	0.000000E+0
4.781850E+3	-9.927200E-5	1.294190E+4	0.000000E+0	0.000000E+0
4.785854E+3	-9.927100E-5	1.294190E+4	0.000000E+0	0.000000E+0
4.789863E+3	-9.927100E-5	1.294190E+4	0.000000E+0	0.000000E+0
4.793861E+3	-9.927100E-5	1.294240E+4	0.000000E+0	0.000000E+0
4.797850E+3	-9.926900E-5	1.294400E+4	0.000000E+0	0.000000E+0
4.801852E+3	-9.927100E-5	1.294550E+4	0.000000E+0	0.000000E+0
4.805864E+3	-9.927100E-5	1.294540E+4	0.000000E+0	0.000000E+0
4.809846E+3	-9.926900E-5	1.294490E+4	0.000000E+0	0.000000E+0
4.813851E+3	-9.926900E-5	1.294430E+4	0.000000E+0	0.000000E+0
4.817851E+3	-9.927100E-5	1.294390E+4	0.000000E+0	0.000000E+0
4.821853E+3	-9.927100E-5	1.294320E+4	0.000000E+0	0.000000E+0
4.825860E+3	-9.926900E-5	1.294260E+4	0.000000E+0	0.000000E+0
4.829854E+3	-9.927100E-5	1.294210E+4	0.000000E+0	0.000000E+0
4.833853E+3	-9.927000E-5	1.294180E+4	0.000000E+0	0.000000E+0
4.837854E+3	-9.927200E-5	1.294140E+4	0.000000E+0	0.000000E+0
4.841857E+3	-9.927100E-5	1.294120E+4	0.000000E+0	0.000000E+0
4.845852E+3	-9.927100E-5	1.294080E+4	0.000000E+0	0.000000E+0
4.849852E+3	-9.927100E-5	1.294030E+4	0.000000E+0	0.000000E+0
4.853854E+3	-9.927100E-5	1.294010E+4	0.000000E+0	0.000000E+0
4.857859E+3	-9.927100E-5	1.294010E+4	0.000000E+0	0.000000E+0
4.861852E+3	-9.927100E-5	1.294100E+4	0.000000E+0	0.000000E+0
4.865851E+3	-9.927100E-5	1.294150E+4	0.000000E+0	0.000000E+0
4.869866E+3	-9.927100E-5	1.294150E+4	0.000000E+0	0.000000E+0
4.873847E+3	-9.927300E-5	1.294160E+4	0.000000E+0	0.000000E+0
4.877849E+3	-9.927100E-5	1.294260E+4	0.000000E+0	0.000000E+0
4.881852E+3	-9.927200E-5	1.294400E+4	0.000000E+0	0.000000E+0
4.885865E+3	-9.927100E-5	1.294400E+4	0.000000E+0	0.000000E+0
4.889862E+3	-9.927100E-5	1.294390E+4	0.000000E+0	0.000000E+0
4.893850E+3	-9.927100E-5	1.294460E+4	0.000000E+0	0.000000E+0
4.897852E+3	-9.927100E-5	1.294560E+4	0.000000E+0	0.000000E+0
4.901855E+3	-9.927300E-5	1.294560E+4	0.000000E+0	0.000000E+0
4.905858E+3	-9.927100E-5	1.294550E+4	0.000000E+0	0.000000E+0
4.909850E+3	-9.927200E-5	1.294590E+4	0.000000E+0	0.000000E+0
4.913853E+3	-9.927100E-5	1.294650E+4	0.000000E+0	0.000000E+0
4.917856E+3	-9.927100E-5	1.294740E+4	0.000000E+0	0.000000E+0
4.921854E+3	-9.927000E-5	1.294740E+4	0.000000E+0	0.000000E+0
4.925854E+3	-9.927100E-5	1.294870E+4	0.000000E+0	0.000000E+0
4.929853E+3	-9.927100E-5	1.294900E+4	0.000000E+0	0.000000E+0
4.933851E+3	-9.927200E-5	1.294850E+4	0.000000E+0	0.000000E+0
4.937853E+3	-9.927300E-5	1.294790E+4	0.000000E+0	0.000000E+0
4.941852E+3	-9.927100E-5	1.294730E+4	0.000000E+0	0.000000E+0
4.945852E+3	-9.927000E-5	1.294650E+4	0.000000E+0	0.000000E+0
4.949865E+3	-9.927200E-5	1.294580E+4	0.000000E+0	0.000000E+0
4.953848E+3	-9.927100E-5	1.294510E+4	0.000000E+0	0.000000E+0
4.957852E+3	-9.927100E-5	1.294470E+4	0.000000E+0	0.000000E+0
4.961852E+3	-9.927300E-5	1.294420E+4	0.000000E+0	0.000000E+0
4.965865E+3	-9.927200E-5	1.294410E+4	0.000000E+0	0.000000E+0
4.969849E+3	-9.927100E-5	1.294410E+4	0.000000E+0	0.000000E+0
4.973852E+3	-9.927200E-5	1.294400E+4	0.000000E+0	0.000000E+0
4.977852E+3	-9.927200E-5	1.294390E+4	0.000000E+0	0.000000E+0
4.981853E+3	-9.927100E-5	1.294360E+4	0.000000E+0	0.000000E+0
4.985855E+3	-9.927300E-5	1.294340E+4	0.000000E+0	0.000000E+0
4.989852E+3	-9.927100E-5	1.294350E+4	0.000000E+0	0.000000E+0
4.993853E+3	-9.927200E-5	1.294350E+4	0.000000E+0	0.000000E+0
4.997864E+3	-9.927200E-5	1.294350E+4	0.000000E+0	0.000000E+0
5.001848E+3	-9.927100E-5	1.294330E+4	0.000000E+0	0.000000E+0
5.005851E+3	-9.927100E-5	1.294340E+4	0.000000E+0	0.000000E+0
5.009851E+3	-9.927100E-5	1.294380E+4	0.000000E+0	0.000000E+0
5.013864E+3	-9.927100E-5	1.294410E+4	0.000000E+0	0.000000E+0
5.017847E+3	-9.927100E-5	1.294440E+4	0.000000E+0	0.000000E+0
5.021851E+3	-9.927200E-5	1.294520E+4	0.000000E+0	0.000000E+0
5.025849E+3	-9.927300E-5	1.294560E+4	0.000000E+0	0.000000E+0
5.029865E+3	-9.927100E-5	1.294570E+4	0.000000E+0	0.000000E+0
5.033848E+3	-9.927100E-5	1.294560E+4	0.000000E+0	0.000000E+0
5.037851E+3	-9.927200E-5	1.294550E+4	0.000000E+0	0.000000E+0
5.041852E+3	-9.927200E-5	1.294560E+4	0.000000E+0	0.000000E+0
5.045852E+3	-9.927100E-5	1.294630E+4	0.000000E+0	0.000000E+0
5.049855E+3	-9.927000E-5	1.294780E+4	0.000000E+0	0.000000E+0
5.053855E+3	-9.927100E-5	1.294820E+4	0.000000E+0	0.000000E+0
5.057854E+3	-9.927200E-5	1.294810E+4	0.000000E+0	0.000000E+0
5.061862E+3	-9.927200E-5	1.294830E+4	0.000000E+0	0.000000E+0
5.065855E+3	-9.927100E-5	1.294800E+4	0.000000E+0	0.000000E+0
5.069852E+3	-9.927300E-5	1.294770E+4	0.000000E+0	0.000000E+0
5.073855E+3	-9.927100E-5	1.294800E+4	0.000000E+0	0.000000E+0
5.077858E+3	-9.927000E-5	1.294780E+4	0.000000E+0	0.000000E+0
5.081856E+3	-9.927200E-5	1.294760E+4	0.000000E+0	0.000000E+0
5.085851E+3	-9.927100E-5	1.294740E+4	0.000000E+0	0.000000E+0
5.089855E+3	-9.927200E-5	1.294840E+4	0.000000E+0	0.000000E+0
5.093853E+3	-9.927100E-5	1.294880E+4	0.000000E+0	0.000000E+0
5.097856E+3	-9.927100E-5	1.294890E+4	0.000000E+0	0.000000E+0
5.101851E+3	-9.927100E-5	1.294870E+4	0.000000E+0	0.000000E+0
5.105854E+3	-9.927000E-5	1.294900E+4	0.000000E+0	0.000000E+0
5.109853E+3	-9.927100E-5	1.294960E+4	0.000000E+0	0.000000E+0
5.113857E+3	-9.927100E-5	1.295030E+4	0.000000E+0	0.000000E+0
5.117849E+3	-9.927300E-5	1.294990E+4	0.000000E+0	0.000000E+0
5.121853E+3	-9.927100E-5	1.294970E+4	0.000000E+0	0.000000E+0
5.125851E+3	-9.927100E-5	1.294940E+4	0.000000E+0	0.000000E+0
5.129852E+3	-9.927100E-5	1.294910E+4	0.000000E+0	0.000000E+0
5.133852E+3	-9.927000E-5	1.294870E+4	0.000000E+0	0.000000E+0
5.137854E+3	-9.927100E-5	1.294930E+4	0.000000E+0	0.000000E+0
5.141862E+3	-9.927100E-5	1.294940E+4	0.000000E+0	0.000000E+0
5.145851E+3	-9.927200E-5	1.295000E+4	0.000000E+0	0.000000E+0
5.149850E+3	-9.927100E-5	1.294970E+4	0.000000E+0	0.000000E+0
5.153854E+3	-9.927100E-5	1.294990E+4	0.000000E+0	0.000000E+0
5.157857E+3	-9.927100E-5	1.294990E+4	0.000000E+0	0.000000E+0
5.161858E+3	-9.927300E-5	1.295000E+4	0.000000E+0	0.000000E+0
5.165848E+3	-9.927100E-5	1.295080E+4	0.000000E+0	0.000000E+0
5.169848E+3	-9.927100E-5	1.295170E+4	0.000000E+0	0.000000E+0
5.173866E+3	-9.927100E-5	1.295210E+4	0.000000E+0	0.000000E+0
5.177848E+3	-9.927100E-5	1.295180E+4	0.000000E+0	0.000000E+0
5.181852E+3	-9.927200E-5	1.295160E+4	0.000000E+0	0.000000E+0
5.185851E+3	-9.927000E-5	1.295140E+4	0.000000E+0	0.000000E+0
5.189851E+3	-9.927100E-5	1.295150E+4	0.000000E+0	0.000000E+0
5.193853E+3	-9.927200E-5	1.295240E+4	0.000000E+0	0.000000E+0
5.197851E+3	-9.927300E-5	1.295290E+4	0.000000E+0	0.000000E+0
5.201851E+3	-9.927100E-5	1.295370E+4	0.000000E+0	0.000000E+0
5.205857E+3	-9.927100E-5	1.295390E+4	0.000000E+0	0.000000E+0
5.209855E+3	-9.927100E-5	1.295400E+4	0.000000E+0	0.000000E+0
5.213856E+3	-9.927100E-5	1.295410E+4	0.000000E+0	0.000000E+0
5.217853E+3	-9.927100E-5	1.295410E+4	0.000000E+0	0.000000E+0
5.221862E+3	-9.927200E-5	1.295390E+4	0.000000E+0	0.000000E+0
5.225856E+3	-9.927100E-5	1.295430E+4	0.000000E+0	0.000000E+0
5.229852E+3	-9.927000E-5	1.295380E+4	0.000000E+0	0.000000E+0
5.233852E+3	-9.927100E-5	1.295330E+4	0.000000E+0	0.000000E+0
5.237852E+3	-9.927200E-5	1.295310E+4	0.000000E+0	0.000000E+0
5.241855E+3	-9.927200E-5	1.295260E+4	0.000000E+0	0.000000E+0
5.245854E+3	-9.927200E-5	1.295270E+4	0.000000E+0	0.000000E+0
5.249852E+3	-9.927200E-5	1.295400E+4	0.000000E+0	0.000000E+0
5.253850E+3	-9.927200E-5	1.295390E+4	0.000000E+0	0.000000E+0
5.257854E+3	-9.927100E-5	1.295370E+4	0.000000E+0	0.000000E+0
5.261853E+3	-9.927200E-5	1.295330E+4	0.000000E+0	0.000000E+0
5.265852E+3	-9.927200E-5	1.295340E+4	0.000000E+0	0.000000E+0
5.269852E+3	-9.927100E-5	1.295360E+4	0.000000E+0	0.000000E+0
5.273861E+3	-9.927300E-5	1.295340E+4	0.000000E+0	0.000000E+0
5.277853E+3	-9.927300E-5	1.295340E+4	0.000000E+0	0.000000E+0
5.281851E+3	-9.927300E-5	1.295370E+4	0.000000E+0	0.000000E+0
5.285854E+3	-9.927100E-5	1.295410E+4	0.000000E+0	0.000000E+0
5.289859E+3	-9.927100E-5	1.295390E+4	0.000000E+0	0.000000E+0
5.293853E+3	-9.927200E-5	1.295320E+4	0.000000E+0	0.000000E+0
5.297851E+3	-9.927300E-5	1.295280E+4	0.000000E+0	0.000000E+0
5.301862E+3	-9.927100E-5	1.295270E+4	0.000000E+0	0.000000E+0
5.305863E+3	-9.927200E-5	1.295360E+4	0.000000E+0	0.000000E+0
5.309853E+3	-9.927300E-5	1.295370E+4	0.000000E+0	0.000000E+0
5.313852E+3	-9.927200E-5	1.295330E+4	0.000000E+0	0.000000E+0
5.317852E+3	-9.927100E-5	1.295290E+4	0.000000E+0	0.000000E+0
5.321855E+3	-9.927200E-5	1.295260E+4	0.000000E+0	0.000000E+0
5.325851E+3	-9.927100E-5	1.295260E+4	0.000000E+0	0.000000E+0
5.329851E+3	-9.927500E-5	1.295240E+4	0.000000E+0	0.000000E+0
5.333852E+3	-9.927100E-5	1.295280E+4	0.000000E+0	0.000000E+0
5.337857E+3	-9.927200E-5	1.295470E+4	0.000000E+0	0.000000E+0
5.341853E+3	-9.927200E-5	1.295450E+4	0.000000E+0	0.000000E+0
5.345852E+3	-9.927100E-5	1.295440E+4	0.000000E+0	0.000000E+0
5.349853E+3	-9.927500E-5	1.295430E+4	0.000000E+0	0.000000E+0
5.353857E+3	-9.927100E-5	1.295420E+4	0.000000E+0	0.000000E+0
5.357852E+3	-9.927400E-5	1.295420E+4	0.000000E+0	0.000000E+0
5.361853E+3	-9.927300E-5	1.295390E+4	0.000000E+0	0.000000E+0
5.365858E+3	-9.927200E-5	1.295360E+4	0.000000E+0	0.000000E+0
5.369856E+3	-9.927300E-5	1.295340E+4	0.000000E+0	0.000000E+0
5.373855E+3	-9.927300E-5	1.295330E+4	0.000000E+0	0.000000E+0
5.377854E+3	-9.927100E-5	1.295340E+4	0.000000E+0	0.000000E+0
5.381853E+3	-9.927300E-5	1.295340E+4	0.000000E+0	0.000000E+0
5.385855E+3	-9.927200E-5	1.295400E+4	0.000000E+0	0.000000E+0
5.389849E+3	-9.927200E-5	1.295390E+4	0.000000E+0	0.000000E+0
5.393849E+3	-9.927300E-5	1.295550E+4	0.000000E+0	0.000000E+0
5.397852E+3	-9.927200E-5	1.295640E+4	0.000000E+0	0.000000E+0
5.401856E+3	-9.927300E-5	1.295760E+4	0.000000E+0	0.000000E+0
5.405852E+3	-9.927200E-5	1.295760E+4	0.000000E+0	0.000000E+0
5.409852E+3	-9.927200E-5	1.295760E+4	0.000000E+0	0.000000E+0
5.413852E+3	-9.927300E-5	1.295780E+4	0.000000E+0	0.000000E+0
5.417855E+3	-9.927200E-5	1.295820E+4	0.000000E+0	0.000000E+0
5.421854E+3	-9.927200E-5	1.295990E+4	0.000000E+0	0.000000E+0
5.425854E+3	-9.927100E-5	1.295970E+4	0.000000E+0	0.000000E+0
5.429863E+3	-9.927200E-5	1.296000E+4	0.000000E+0	0.000000E+0
5.433848E+3	-9.927300E-5	1.296070E+4	0.000000E+0	0.000000E+0
5.437852E+3	-9.927400E-5	1.296100E+4	0.000000E+0	0.000000E+0
5.441852E+3	-9.927400E-5	1.296130E+4	0.000000E+0	0.000000E+0
5.445855E+3	-9.927300E-5	1.296120E+4	0.000000E+0	0.000000E+0
5.449856E+3	-9.927200E-5	1.296090E+4	0.000000E+0	0.000000E+0
5.453853E+3	-9.927300E-5	1.296120E+4	0.000000E+0	0.000000E+0
5.457852E+3	-9.927400E-5	1.296060E+4	0.000000E+0	0.000000E+0
5.461864E+3	-9.927400E-5	1.295980E+4	0.000000E+0	0.000000E+0
5.465849E+3	-9.927300E-5	1.295950E+4	0.000000E+0	0.000000E+0
5.469851E+3	-9.927300E-5	1.295950E+4	0.000000E+0	0.000000E+0
5.473851E+3	-9.927300E-5	1.295920E+4	0.000000E+0	0.000000E+0
5.477853E+3	-9.927300E-5	1.295910E+4	0.000000E+0	0.000000E+0
5.481856E+3	-9.927400E-5	1.295900E+4	0.000000E+0	0.000000E+0
5.485849E+3	-9.927400E-5	1.295900E+4	0.000000E+0	0.000000E+0
5.489849E+3	-9.927200E-5	1.296030E+4	0.000000E+0	0.000000E+0
5.493862E+3	-9.927400E-5	1.296250E+4	0.000000E+0	0.000000E+0
5.497848E+3	-9.927300E-5	1.296280E+4	0.000000E+0	0.000000E+0
5.501852E+3	-9.927300E-5	1.296220E+4	0.000000E+0	0.000000E+0
5.505851E+3	-9.927300E-5	1.296160E+4	0.000000E+0	0.000000E+0
5.509863E+3	-9.927400E-5	1.296120E+4	0.000000E+0	0.000000E+0
5.513847E+3	-9.927400E-5	1.296120E+4	0.000000E+0	0.000000E+0
5.517852E+3	-9.927500E-5	1.296090E+4	0.000000E+0	0.000000E+0
5.521852E+3	-9.927400E-5	1.296170E+4	0.000000E+0	0.000000E+0
5.525852E+3	-9.927400E-5	1.296360E+4	0.000000E+0	0.000000E+0
5.529856E+3	-9.927300E-5	1.296410E+4	0.000000E+0	0.000000E+0
5.533852E+3	-9.927600E-5	1.296390E+4	0.000000E+0	0.000000E+0
5.537852E+3	-9.927300E-5	1.296390E+4	0.000000E+0	0.000000E+0
5.541863E+3	-9.927200E-5	1.296330E+4	0.000000E+0	0.000000E+0
5.545849E+3	-9.927600E-5	1.296250E+4	0.000000E+0	0.000000E+0
5.549855E+3	-9.927300E-5	1.296170E+4	0.000000E+0	0.000000E+0
5.553853E+3	-9.927200E-5	1.296100E+4	0.000000E+0	0.000000E+0
5.557851E+3	-9.927500E-5	1.296100E+4	0.000000E+0	0.000000E+0
5.561865E+3	-9.927300E-5	1.296100E+4	0.000000E+0	0.000000E+0
5.565851E+3	-9.927300E-5	1.296070E+4	0.000000E+0	0.000000E+0
5.569851E+3	-9.927600E-5	1.296060E+4	0.000000E+0	0.000000E+0
5.573862E+3	-9.927200E-5	1.296080E+4	0.000000E+0	0.000000E+0
5.577846E+3	-9.927400E-5	1.296170E+4	0.000000E+0	0.000000E+0
5.581849E+3	-9.927400E-5	1.296170E+4	0.000000E+0	0.000000E+0
5.585854E+3	-9.927500E-5	1.296150E+4	0.000000E+0	0.000000E+0
5.589893E+3	-9.927400E-5	1.296110E+4	0.000000E+0	0.000000E+0
5.593857E+3	-9.927300E-5	1.296060E+4	0.000000E+0	0.000000E+0
5.597854E+3	-9.927500E-5	1.296090E+4	0.000000E+0	0.000000E+0
5.601852E+3	-9.927400E-5	1.296080E+4	0.000000E+0	0.000000E+0
5.605863E+3	-9.927400E-5	1.296140E+4	0.000000E+0	0.000000E+0
5.609847E+3	-9.927500E-5	1.296170E+4	0.000000E+0	0.000000E+0
5.613850E+3	-9.927300E-5	1.296140E+4	0.000000E+0	0.000000E+0
5.617855E+3	-9.927300E-5	1.296100E+4	0.000000E+0	0.000000E+0
5.621853E+3	-9.927500E-5	1.296110E+4	0.000000E+0	0.000000E+0
5.625859E+3	-9.927600E-5	1.296210E+4	0.000000E+0	0.000000E+0
5.629852E+3	-9.927400E-5	1.296160E+4	0.000000E+0	0.000000E+0
5.633850E+3	-9.927500E-5	1.296110E+4	0.000000E+0	0.000000E+0
5.637863E+3	-9.927500E-5	1.296070E+4	0.000000E+0	0.000000E+0
5.641846E+3	-9.927200E-5	1.296050E+4	0.000000E+0	0.000000E+0
5.645850E+3	-9.927500E-5	1.296040E+4	0.000000E+0	0.000000E+0
5.649856E+3	-9.927500E-5	1.296050E+4	0.000000E+0	0.000000E+0
5.653853E+3	-9.927300E-5	1.296090E+4	0.000000E+0	0.000000E+0
5.657856E+3	-9.927400E-5	1.296150E+4	0.000000E+0	0.000000E+0
5.661853E+3	-9.927200E-5	1.296230E+4	0.000000E+0	0.000000E+0
5.665851E+3	-9.927600E-5	1.296300E+4	0.000000E+0	0.000000E+0
5.669864E+3	-9.927400E-5	1.296300E+4	0.000000E+0	0.000000E+0
5.673845E+3	-9.927400E-5	1.296350E+4	0.000000E+0	0.000000E+0
5.677851E+3	-9.927400E-5	1.296400E+4	0.000000E+0	0.000000E+0
5.681851E+3	-9.927500E-5	1.296700E+4	0.000000E+0	0.000000E+0
5.685854E+3	-9.927200E-5	1.296730E+4	0.000000E+0	0.000000E+0
5.689859E+3	-9.927400E-5	1.296660E+4	0.000000E+0	0.000000E+0
5.693852E+3	-9.927300E-5	1.296580E+4	0.000000E+0	0.000000E+0
5.697851E+3	-9.927500E-5	1.296520E+4	0.000000E+0	0.000000E+0
5.701863E+3	-9.927500E-5	1.296490E+4	0.000000E+0	0.000000E+0
5.705845E+3	-9.927300E-5	1.296420E+4	0.000000E+0	0.000000E+0
5.709849E+3	-9.927500E-5	1.296350E+4	0.000000E+0	0.000000E+0
5.713852E+3	-9.927500E-5	1.296290E+4	0.000000E+0	0.000000E+0
5.717854E+3	-9.927500E-5	1.296240E+4	0.000000E+0	0.000000E+0
5.721857E+3	-9.927500E-5	1.296200E+4	0.000000E+0	0.000000E+0
5.725850E+3	-9.927500E-5	1.296150E+4	0.000000E+0	0.000000E+0
5.729850E+3	-9.927500E-5	1.296110E+4	0.000000E+0	0.000000E+0
5.733861E+3	-9.927500E-5	1.296080E+4	0.000000E+0	0.000000E+0
5.737861E+3	-9.927400E-5	1.296040E+4	0.000000E+0	0.000000E+0
5.741856E+3	-9.927400E-5	1.295990E+4	0.000000E+0	0.000000E+0
5.745855E+3	-9.927600E-5	1.295960E+4	0.000000E+0	0.000000E+0
5.749853E+3	-9.927500E-5	1.295960E+4	0.000000E+0	0.000000E+0
5.753854E+3	-9.927500E-5	1.295980E+4	0.000000E+0	0.000000E+0
5.757853E+3	-9.927400E-5	1.295990E+4	0.000000E+0	0.000000E+0
5.761853E+3	-9.927300E-5	1.296000E+4	0.000000E+0	0.000000E+0
5.765853E+3	-9.927400E-5	1.295990E+4	0.000000E+0	0.000000E+0
5.769859E+3	-9.927400E-5	1.296110E+4	0.000000E+0	0.000000E+0
5.773851E+3	-9.927500E-5	1.296190E+4	0.000000E+0	0.000000E+0
5.777851E+3	-9.927700E-5	1.296200E+4	0.000000E+0	0.000000E+0
5.781854E+3	-9.927700E-5	1.296180E+4	0.000000E+0	0.000000E+0
5.785855E+3	-9.927300E-5	1.296180E+4	0.000000E+0	0.000000E+0
5.789852E+3	-9.927400E-5	1.296170E+4	0.000000E+0	0.000000E+0
5.793852E+3	-9.927600E-5	1.296170E+4	0.000000E+0	0.000000E+0
5.797862E+3	-9.927500E-5	1.296170E+4	0.000000E+0	0.000000E+0
5.801858E+3	-9.927400E-5	1.296170E+4	0.000000E+0	0.000000E+0
5.805852E+3	-9.927500E-5	1.296190E+4	0.000000E+0	0.000000E+0
5.809852E+3	-9.927800E-5	1.296290E+4	0.000000E+0	0.000000E+0
5.813853E+3	-9.927700E-5	1.296420E+4	0.000000E+0	0.000000E+0
5.817857E+3	-9.927600E-5	1.296500E+4	0.000000E+0	0.000000E+0
5.821853E+3	-9.927500E-5	1.296510E+4	0.000000E+0	0.000000E+0
5.825852E+3	-9.927600E-5	1.296710E+4	0.000000E+0	0.000000E+0
5.829864E+3	-9.927500E-5	1.296720E+4	0.000000E+0	0.000000E+0
5.833848E+3	-9.927600E-5	1.296710E+4	0.000000E+0	0.000000E+0
5.837851E+3	-9.927500E-5	1.296810E+4	0.000000E+0	0.000000E+0
5.841848E+3	-9.927500E-5	1.296880E+4	0.000000E+0	0.000000E+0
5.845859E+3	-9.927600E-5	1.296880E+4	0.000000E+0	0.000000E+0
5.849847E+3	-9.927600E-5	1.297060E+4	0.000000E+0	0.000000E+0
5.853850E+3	-9.927300E-5	1.297080E+4	0.000000E+0	0.000000E+0
5.857849E+3	-9.927600E-5	1.297030E+4	0.000000E+0	0.000000E+0
5.861861E+3	-9.927600E-5	1.296980E+4	0.000000E+0	0.000000E+0
5.865855E+3	-9.927500E-5	1.296940E+4	0.000000E+0	0.000000E+0
5.869853E+3	-9.927600E-5	1.296890E+4	0.000000E+0	0.000000E+0
5.873852E+3	-9.927500E-5	1.296810E+4	0.000000E+0	0.000000E+0
5.877851E+3	-9.927600E-5	1.296730E+4	0.000000E+0	0.000000E+0
5.881855E+3	-9.927600E-5	1.296700E+4	0.000000E+0	0.000000E+0
5.885855E+3	-9.927500E-5	1.296820E+4	0.000000E+0	0.000000E+0
5.889852E+3	-9.927500E-5	1.296860E+4	0.000000E+0	0.000000E+0
5.893862E+3	-9.927500E-5	1.296970E+4	0.000000E+0	0.000000E+0
5.897847E+3	-9.927700E-5	1.296900E+4	0.000000E+0	0.000000E+0
5.901851E+3	-9.927700E-5	1.296850E+4	0.000000E+0	0.000000E+0
5.905853E+3	-9.927500E-5	1.296800E+4	0.000000E+0	0.000000E+0
5.909863E+3	-9.927800E-5	1.296780E+4	0.000000E+0	0.000000E+0
5.913845E+3	-9.927600E-5	1.296940E+4	0.000000E+0	0.000000E+0
5.917847E+3	-9.927600E-5	1.297000E+4	0.000000E+0	0.000000E+0
5.921850E+3	-9.927600E-5	1.296930E+4	0.000000E+0	0.000000E+0
5.925852E+3	-9.927700E-5	1.296860E+4	0.000000E+0	0.000000E+0
5.929853E+3	-9.927700E-5	1.296830E+4	0.000000E+0	0.000000E+0
5.933846E+3	-9.927800E-5	1.296920E+4	0.000000E+0	0.000000E+0
5.937856E+3	-9.927600E-5	1.297010E+4	0.000000E+0	0.000000E+0
5.941858E+3	-9.927400E-5	1.297010E+4	0.000000E+0	0.000000E+0
5.945847E+3	-9.927800E-5	1.297000E+4	0.000000E+0	0.000000E+0
5.949848E+3	-9.927600E-5	1.296960E+4	0.000000E+0	0.000000E+0
5.953849E+3	-9.927700E-5	1.296920E+4	0.000000E+0	0.000000E+0
5.957859E+3	-9.927600E-5	1.296940E+4	0.000000E+0	0.000000E+0
5.961846E+3	-9.927700E-5	1.296950E+4	0.000000E+0	0.000000E+0
5.965849E+3	-9.927700E-5	1.297010E+4	0.000000E+0	0.000000E+0
5.969849E+3	-9.927800E-5	1.297060E+4	0.000000E+0	0.000000E+0
5.973849E+3	-9.927700E-5	1.297130E+4	0.000000E+0	0.000000E+0
5.977853E+3	-9.927600E-5	1.297060E+4	0.000000E+0	0.000000E+0
5.981854E+3	-9.927500E-5	1.297000E+4	0.000000E+0	0.000000E+0
5.985850E+3	-9.927600E-5	1.296930E+4	0.000000E+0	0.000000E+0
5.989866E+3	-9.927500E-5	1.296860E+4	0.000000E+0	0.000000E+0
5.993846E+3	-9.927800E-5	1.296770E+4	0.000000E+0	0.000000E+0
5.997852E+3	-9.927600E-5	1.296720E+4	0.000000E+0	0.000000E+0
6.001852E+3	-9.927700E-5	1.296680E+4	0.000000E+0	0.000000E+0
6.005853E+3	-9.927700E-5	1.296650E+4	0.000000E+0	0.000000E+0
6.009856E+3	-9.927600E-5	1.296630E+4	0.000000E+0	0.000000E+0
6.013855E+3	-9.927700E-5	1.296680E+4	0.000000E+0	0.000000E+0
6.017855E+3	-9.927600E-5	1.296760E+4	0.000000E+0	0.000000E+0
6.021864E+3	-9.927700E-5	1.296750E+4	0.000000E+0	0.000000E+0
6.025850E+3	-9.927700E-5	1.296740E+4	0.000000E+0	0.000000E+0
6.029853E+3	-9.927500E-5	1.296720E+4	0.000000E+0	0.000000E+0
6.033851E+3	-9.927700E-5	1.296710E+4	0.000000E+0	0.000000E+0
6.037862E+3	-9.927700E-5	1.296690E+4	0.000000E+0	0.000000E+0
6.041849E+3	-9.927800E-5	1.296690E+4	0.000000E+0	0.000000E+0
6.045851E+3	-9.927900E-5	1.296670E+4	0.000000E+0	0.000000E+0
6.049851E+3	-9.927800E-5	1.296660E+4	0.000000E+0	0.000000E+0
6.053852E+3	-9.927700E-5	1.296670E+4	0.000000E+0	0.000000E+0
6.057855E+3	-9.927700E-5	1.296680E+4	0.000000E+0	0.000000E+0
6.061852E+3	-9.927800E-5	1.296670E+4	0.000000E+0	0.000000E+0
6.065852E+3	-9.927900E-5	1.296680E+4	0.000000E+0	0.000000E+0
6.069852E+3	-9.927700E-5	1.296750E+4	0.000000E+0	0.000000E+0
6.073855E+3	-9.927700E-5	1.296770E+4	0.000000E+0	0.000000E+0
6.077855E+3	-9.927700E-5	1.296830E+4	0.000000E+0	0.000000E+0
6.081854E+3	-9.927800E-5	1.296850E+4	0.000000E+0	0.000000E+0
6.085863E+3	-9.927800E-5	1.296850E+4	0.000000E+0	0.000000E+0
6.089847E+3	-9.927700E-5	1.296910E+4	0.000000E+0	0.000000E+0
6.093849E+3	-9.927700E-5	1.296960E+4	0.000000E+0	0.000000E+0
6.097847E+3	-9.927600E-5	1.296920E+4	0.000000E+0	0.000000E+0
6.101860E+3	-9.927600E-5	1.296880E+4	0.000000E+0	0.000000E+0
6.105848E+3	-9.927800E-5	1.296840E+4	0.000000E+0	0.000000E+0
6.109853E+3	-9.927800E-5	1.296810E+4	0.000000E+0	0.000000E+0
6.113851E+3	-9.927800E-5	1.296780E+4	0.000000E+0	0.000000E+0
6.117850E+3	-9.927800E-5	1.296760E+4	0.000000E+0	0.000000E+0
6.121858E+3	-9.927900E-5	1.296740E+4	0.000000E+0	0.000000E+0
6.125854E+3	-9.927700E-5	1.296730E+4	0.000000E+0	0.000000E+0
6.129853E+3	-9.927800E-5	1.296710E+4	0.000000E+0	0.000000E+0
6.133849E+3	-9.927900E-5	1.296720E+4	0.000000E+0	0.000000E+0
6.137857E+3	-9.927700E-5	1.296700E+4	0.000000E+0	0.000000E+0
6.141853E+3	-9.927700E-5	1.296680E+4	0.000000E+0	0.000000E+0
6.145851E+3	-9.927700E-5	1.296670E+4	0.000000E+0	0.000000E+0
6.149865E+3	-9.927600E-5	1.296730E+4	0.000000E+0	0.000000E+0
6.153845E+3	-9.927700E-5	1.296770E+4	0.000000E+0	0.000000E+0
6.157851E+3	-9.927700E-5	1.296850E+4	0.000000E+0	0.000000E+0
6.161852E+3	-9.927700E-5	1.297170E+4	0.000000E+0	0.000000E+0
6.165855E+3	-9.927700E-5	1.297340E+4	0.000000E+0	0.000000E+0
6.169858E+3	-9.927600E-5	1.297340E+4	0.000000E+0	0.000000E+0
6.173854E+3	-9.927700E-5	1.297300E+4	0.000000E+0	0.000000E+0
6.177852E+3	-9.927600E-5	1.297230E+4	0.000000E+0	0.000000E+0
6.181865E+3	-9.927500E-5	1.297160E+4	0.000000E+0	0.000000E+0
6.185856E+3	-9.927600E-5	1.297100E+4	0.000000E+0	0.000000E+0
6.189855E+3	-9.927700E-5	1.297050E+4	0.000000E+0	0.000000E+0
6.193855E+3	-9.927800E-5	1.297140E+4	0.000000E+0	0.000000E+0
6.197852E+3	-9.927900E-5	1.297230E+4	0.000000E+0	0.000000E+0
6.201858E+3	-9.927600E-5	1.297250E+4	0.000000E+0	0.000000E+0
6.205853E+3	-9.927800E-5	1.297310E+4	0.000000E+0	0.000000E+0
6.209853E+3	-9.927800E-5	1.297320E+4	0.000000E+0	0.000000E+0
6.213858E+3	-9.927900E-5	1.297320E+4	0.000000E+0	0.000000E+0
6.217854E+3	-9.927900E-5	1.297410E+4	0.000000E+0	0.000000E+0
6.221851E+3	-9.927600E-5	1.297430E+4	0.000000E+0	0.000000E+0
6.225850E+3	-9.927600E-5	1.297460E+4	0.000000E+0	0.000000E+0
6.229864E+3	-9.927800E-5	1.297430E+4	0.000000E+0	0.000000E+0
6.233856E+3	-9.928000E-5	1.297400E+4	0.000000E+0	0.000000E+0
6.237848E+3	-9.927600E-5	1.297380E+4	0.000000E+0	0.000000E+0
6.241849E+3	-9.927800E-5	1.297330E+4	0.000000E+0	0.000000E+0
6.245864E+3	-9.927800E-5	1.297280E+4	0.000000E+0	0.000000E+0
6.249847E+3	-9.927700E-5	1.297220E+4	0.000000E+0	0.000000E+0
6.253849E+3	-9.927600E-5	1.297150E+4	0.000000E+0	0.000000E+0
6.257851E+3	-9.927700E-5	1.297100E+4	0.000000E+0	0.000000E+0
6.261878E+3	-9.927800E-5	1.297050E+4	0.000000E+0	0.000000E+0
6.265849E+3	-9.927700E-5	1.297020E+4	0.000000E+0	0.000000E+0
6.269850E+3	-9.927900E-5	1.296940E+4	0.000000E+0	0.000000E+0
6.273849E+3	-9.928000E-5	1.296880E+4	0.000000E+0	0.000000E+0
6.277878E+3	-9.927700E-5	1.296850E+4	0.000000E+0	0.000000E+0
6.281845E+3	-9.927800E-5	1.296890E+4	0.000000E+0	0.000000E+0
6.285847E+3	-9.927700E-5	1.296940E+4	0.000000E+0	0.000000E+0
6.289856E+3	-9.927800E-5	1.296950E+4	0.000000E+0	0.000000E+0
6.293851E+3	-9.927800E-5	1.297030E+4	0.000000E+0	0.000000E+0
6.297862E+3	-9.927800E-5	1.297090E+4	0.000000E+0	0.000000E+0
6.301848E+3	-9.927800E-5	1.297060E+4	0.000000E+0	0.000000E+0
6.305853E+3	-9.927800E-5	1.297020E+4	0.000000E+0	0.000000E+0
6.309851E+3	-9.927700E-5	1.296960E+4	0.000000E+0	0.000000E+0
6.313855E+3	-9.927800E-5	1.296940E+4	0.000000E+0	0.000000E+0
6.317848E+3	-9.927900E-5	1.296950E+4	0.000000E+0	0.000000E+0
6.321853E+3	-9.927900E-5	1.296980E+4	0.000000E+0	0.000000E+0
6.325849E+3	-9.927700E-5	1.297000E+4	0.000000E+0	0.000000E+0
6.329857E+3	-9.927700E-5	1.297000E+4	0.000000E+0	0.000000E+0
6.333851E+3	-9.927900E-5	1.297000E+4	0.000000E+0	0.000000E+0
6.337849E+3	-9.927900E-5	1.297040E+4	0.000000E+0	0.000000E+0
6.341851E+3	-9.927700E-5	1.297060E+4	0.000000E+0	0.000000E+0
6.345861E+3	-9.927800E-5	1.297110E+4	0.000000E+0	0.000000E+0
6.349852E+3	-9.927700E-5	1.297170E+4	0.000000E+0	0.000000E+0
6.353852E+3	-9.928000E-5	1.297170E+4	0.000000E+0	0.000000E+0
6.357866E+3	-9.928000E-5	1.297170E+4	0.000000E+0	0.000000E+0
6.361845E+3	-9.927900E-5	1.297250E+4	0.000000E+0	0.000000E+0
6.365849E+3	-9.928100E-5	1.297350E+4	0.000000E+0	0.000000E+0
6.369850E+3	-9.927800E-5	1.297430E+4	0.000000E+0	0.000000E+0
6.373863E+3	-9.927700E-5	1.297440E+4	0.000000E+0	0.000000E+0
6.377841E+3	-9.927700E-5	1.297380E+4	0.000000E+0	0.000000E+0
6.381847E+3	-9.927800E-5	1.297430E+4	0.000000E+0	0.000000E+0
6.385852E+3	-9.927900E-5	1.297390E+4	0.000000E+0	0.000000E+0
6.389867E+3	-9.927900E-5	1.297350E+4	0.000000E+0	0.000000E+0
6.393846E+3	-9.927700E-5	1.297330E+4	0.000000E+0	0.000000E+0
6.397850E+3	-9.927800E-5	1.297310E+4	0.000000E+0	0.000000E+0
6.401854E+3	-9.927800E-5	1.297290E+4	0.000000E+0	0.000000E+0
6.405866E+3	-9.928000E-5	1.297260E+4	0.000000E+0	0.000000E+0
6.409846E+3	-9.927700E-5	1.297220E+4	0.000000E+0	0.000000E+0
6.413848E+3	-9.927900E-5	1.297240E+4	0.000000E+0	0.000000E+0
6.417854E+3	-9.927800E-5	1.297260E+4	0.000000E+0	0.000000E+0
6.421851E+3	-9.928000E-5	1.297250E+4	0.000000E+0	0.000000E+0
6.425861E+3	-9.927900E-5	1.297280E+4	0.000000E+0	0.000000E+0
6.429852E+3	-9.927900E-5	1.297240E+4	0.000000E+0	0.000000E+0
6.433854E+3	-9.927800E-5	1.297270E+4	0.000000E+0	0.000000E+0
6.437851E+3	-9.927800E-5	1.297280E+4	0.000000E+0	0.000000E+0
6.441859E+3	-9.927900E-5	1.297240E+4	0.000000E+0	0.000000E+0
6.445849E+3	-9.927700E-5	1.297240E+4	0.000000E+0	0.000000E+0
6.449849E+3	-9.927900E-5	1.297220E+4	0.000000E+0	0.000000E+0
6.453860E+3	-9.928000E-5	1.297190E+4	0.000000E+0	0.000000E+0
6.457858E+3	-9.927900E-5	1.297170E+4	0.000000E+0	0.000000E+0
6.461853E+3	-9.927800E-5	1.297150E+4	0.000000E+0	0.000000E+0
6.465852E+3	-9.927700E-5	1.297080E+4	0.000000E+0	0.000000E+0
6.469866E+3	-9.927800E-5	1.297010E+4	0.000000E+0	0.000000E+0
6.473846E+3	-9.928000E-5	1.296970E+4	0.000000E+0	0.000000E+0
6.477848E+3	-9.927800E-5	1.296920E+4	0.000000E+0	0.000000E+0
6.481853E+3	-9.927800E-5	1.296850E+4	0.000000E+0	0.000000E+0
6.485855E+3	-9.927900E-5	1.296800E+4	0.000000E+0	0.000000E+0
6.489859E+3	-9.927700E-5	1.296740E+4	0.000000E+0	0.000000E+0
6.493851E+3	-9.927700E-5	1.296710E+4	0.000000E+0	0.000000E+0
6.497851E+3	-9.927900E-5	1.296690E+4	0.000000E+0	0.000000E+0
6.501864E+3	-9.927900E-5	1.296690E+4	0.000000E+0	0.000000E+0
6.505846E+3	-9.927900E-5	1.296710E+4	0.000000E+0	0.000000E+0
6.509849E+3	-9.927800E-5	1.296720E+4	0.000000E+0	0.000000E+0
6.513851E+3	-9.927800E-5	1.296740E+4	0.000000E+0	0.000000E+0
6.517851E+3	-9.927900E-5	1.296740E+4	0.000000E+0	0.000000E+0
6.521854E+3	-9.927900E-5	1.296740E+4	0.000000E+0	0.000000E+0
6.525852E+3	-9.928100E-5	1.296750E+4	0.000000E+0	0.000000E+0
6.529853E+3	-9.928000E-5	1.296780E+4	0.000000E+0	0.000000E+0
6.533865E+3	-9.928100E-5	1.296800E+4	0.000000E+0	0.000000E+0
6.537847E+3	-9.928000E-5	1.296810E+4	0.000000E+0	0.000000E+0
6.541847E+3	-9.927900E-5	1.296890E+4	0.000000E+0	0.000000E+0
6.545852E+3	-9.928000E-5	1.296870E+4	0.000000E+0	0.000000E+0
6.549849E+3	-9.927800E-5	1.296820E+4	0.000000E+0	0.000000E+0
6.553857E+3	-9.927900E-5	1.296860E+4	0.000000E+0	0.000000E+0
6.557852E+3	-9.927900E-5	1.296880E+4	0.000000E+0	0.000000E+0
6.561852E+3	-9.928000E-5	1.296870E+4	0.000000E+0	0.000000E+0
6.565853E+3	-9.927900E-5	1.296850E+4	0.000000E+0	0.000000E+0
6.569856E+3	-9.927900E-5	1.296820E+4	0.000000E+0	0.000000E+0
6.573853E+3	-9.928000E-5	1.296820E+4	0.000000E+0	0.000000E+0
6.577853E+3	-9.928000E-5	1.296820E+4	0.000000E+0	0.000000E+0
6.581863E+3	-9.927900E-5	1.296790E+4	0.000000E+0	0.000000E+0
6.585849E+3	-9.928000E-5	1.296760E+4	0.000000E+0	0.000000E+0
6.589851E+3	-9.927900E-5	1.296780E+4	0.000000E+0	0.000000E+0
6.593851E+3	-9.927900E-5	1.296830E+4	0.000000E+0	0.000000E+0
6.597850E+3	-9.927900E-5	1.296840E+4	0.000000E+0	0.000000E+0
6.601860E+3	-9.928000E-5	1.296860E+4	0.000000E+0	0.000000E+0
6.605854E+3	-9.927900E-5	1.296860E+4	0.000000E+0	0.000000E+0
6.609853E+3	-9.928000E-5	1.296850E+4	0.000000E+0	0.000000E+0
6.613851E+3	-9.928100E-5	1.296940E+4	0.000000E+0	0.000000E+0
6.617854E+3	-9.927900E-5	1.296980E+4	0.000000E+0	0.000000E+0
6.621852E+3	-9.927900E-5	1.297030E+4	0.000000E+0	0.000000E+0
6.625851E+3	-9.928100E-5	1.297060E+4	0.000000E+0	0.000000E+0
6.629854E+3	-9.928100E-5	1.297060E+4	0.000000E+0	0.000000E+0
6.633858E+3	-9.928100E-5	1.297040E+4	0.000000E+0	0.000000E+0
6.637850E+3	-9.928000E-5	1.297040E+4	0.000000E+0	0.000000E+0
6.641849E+3	-9.928000E-5	1.297050E+4	0.000000E+0	0.000000E+0
6.645865E+3	-9.928000E-5	1.297050E+4	0.000000E+0	0.000000E+0
6.649864E+3	-9.927900E-5	1.297040E+4	0.000000E+0	0.000000E+0
6.653853E+3	-9.928100E-5	1.297050E+4	0.000000E+0	0.000000E+0
6.657852E+3	-9.928100E-5	1.297030E+4	0.000000E+0	0.000000E+0
6.661852E+3	-9.928200E-5	1.297000E+4	0.000000E+0	0.000000E+0
6.665853E+3	-9.928100E-5	1.297000E+4	0.000000E+0	0.000000E+0
6.669851E+3	-9.928100E-5	1.296970E+4	0.000000E+0	0.000000E+0
6.673851E+3	-9.928200E-5	1.296960E+4	0.000000E+0	0.000000E+0
6.677848E+3	-9.928200E-5	1.296940E+4	0.000000E+0	0.000000E+0
6.681858E+3	-9.928100E-5	1.296900E+4	0.000000E+0	0.000000E+0
6.685848E+3	-9.928200E-5	1.296910E+4	0.000000E+0	0.000000E+0
6.689848E+3	-9.928100E-5	1.296960E+4	0.000000E+0	0.000000E+0
6.693851E+3	-9.928100E-5	1.296990E+4	0.000000E+0	0.000000E+0
6.697860E+3	-9.928100E-5	1.296980E+4	0.000000E+0	0.000000E+0
6.701851E+3	-9.928100E-5	1.296950E+4	0.000000E+0	0.000000E+0
6.705851E+3	-9.928300E-5	1.296930E+4	0.000000E+0	0.000000E+0
6.709846E+3	-9.928200E-5	1.296910E+4	0.000000E+0	0.000000E+0
6.713854E+3	-9.928200E-5	1.296970E+4	0.000000E+0	0.000000E+0
6.717847E+3	-9.928000E-5	1.297230E+4	0.000000E+0	0.000000E+0
6.721852E+3	-9.928200E-5	1.297270E+4	0.000000E+0	0.000000E+0
6.725860E+3	-9.928100E-5	1.297250E+4	0.000000E+0	0.000000E+0
6.729858E+3	-9.928400E-5	1.297230E+4	0.000000E+0	0.000000E+0
6.733850E+3	-9.928100E-5	1.297170E+4	0.000000E+0	0.000000E+0
6.737850E+3	-9.928300E-5	1.297150E+4	0.000000E+0	0.000000E+0
6.741849E+3	-9.928200E-5	1.297140E+4	0.000000E+0	0.000000E+0
6.745853E+3	-9.928200E-5	1.297130E+4	0.000000E+0	0.000000E+0
6.749853E+3	-9.928300E-5	1.297110E+4	0.000000E+0	0.000000E+0
6.753852E+3	-9.928300E-5	1.297070E+4	0.000000E+0	0.000000E+0
6.757848E+3	-9.928300E-5	1.297060E+4	0.000000E+0	0.000000E+0
6.761852E+3	-9.928100E-5	1.297070E+4	0.000000E+0	0.000000E+0
6.765851E+3	-9.928400E-5	1.297090E+4	0.000000E+0	0.000000E+0
6.769850E+3	-9.928300E-5	1.297060E+4	0.000000E+0	0.000000E+0
6.773850E+3	-9.928300E-5	1.297050E+4	0.000000E+0	0.000000E+0
6.777859E+3	-9.928000E-5	1.297030E+4	0.000000E+0	0.000000E+0
6.781849E+3	-9.928400E-5	1.297040E+4	0.000000E+0	0.000000E+0
6.785848E+3	-9.928300E-5	1.297050E+4	0.000000E+0	0.000000E+0
6.789862E+3	-9.928200E-5	1.297130E+4	0.000000E+0	0.000000E+0
6.793846E+3	-9.928200E-5	1.297350E+4	0.000000E+0	0.000000E+0
6.797851E+3	-9.928200E-5	1.297390E+4	0.000000E+0	0.000000E+0
6.801849E+3	-9.928200E-5	1.297380E+4	0.000000E+0	0.000000E+0
6.805859E+3	-9.928300E-5	1.297380E+4	0.000000E+0	0.000000E+0
6.809855E+3	-9.928200E-5	1.297370E+4	0.000000E+0	0.000000E+0
6.813854E+3	-9.928500E-5	1.297350E+4	0.000000E+0	0.000000E+0
6.817851E+3	-9.928300E-5	1.297360E+4	0.000000E+0	0.000000E+0
6.821862E+3	-9.928200E-5	1.297350E+4	0.000000E+0	0.000000E+0
6.825856E+3	-9.928400E-5	1.297350E+4	0.000000E+0	0.000000E+0
6.829850E+3	-9.928400E-5	1.297340E+4	0.000000E+0	0.000000E+0
6.833850E+3	-9.928100E-5	1.297340E+4	0.000000E+0	0.000000E+0
6.837861E+3	-9.928300E-5	1.297300E+4	0.000000E+0	0.000000E+0
6.841853E+3	-9.928300E-5	1.297280E+4	0.000000E+0	0.000000E+0
6.845853E+3	-9.928300E-5	1.297330E+4	0.000000E+0	0.000000E+0
6.849850E+3	-9.928200E-5	1.297430E+4	0.000000E+0	0.000000E+0
6.853864E+3	-9.928300E-5	1.297480E+4	0.000000E+0	0.000000E+0
6.857855E+3	-9.928300E-5	1.297590E+4	0.000000E+0	0.000000E+0
6.861853E+3	-9.928200E-5	1.297730E+4	0.000000E+0	0.000000E+0
6.865851E+3	-9.928300E-5	1.297800E+4	0.000000E+0	0.000000E+0
6.869861E+3	-9.928300E-5	1.297810E+4	0.000000E+0	0.000000E+0
6.873859E+3	-9.928200E-5	1.298040E+4	0.000000E+0	0.000000E+0
6.877856E+3	-9.928400E-5	1.298190E+4	0.000000E+0	0.000000E+0
6.881854E+3	-9.928300E-5	1.298160E+4	0.000000E+0	0.000000E+0
6.885852E+3	-9.928400E-5	1.298120E+4	0.000000E+0	0.000000E+0
6.889856E+3	-9.928200E-5	1.298070E+4	0.000000E+0	0.000000E+0
6.893851E+3	-9.928200E-5	1.297990E+4	0.000000E+0	0.000000E+0
6.897851E+3	-9.928200E-5	1.297890E+4	0.000000E+0	0.000000E+0
6.901862E+3	-9.928200E-5	1.297820E+4	0.000000E+0	0.000000E+0
6.905857E+3	-9.928200E-5	1.297750E+4	0.000000E+0	0.000000E+0
6.909851E+3	-9.928300E-5	1.297700E+4	0.000000E+0	0.000000E+0
6.913849E+3	-9.928200E-5	1.297640E+4	0.000000E+0	0.000000E+0
6.917863E+3	-9.928300E-5	1.297630E+4	0.000000E+0	0.000000E+0
6.921856E+3	-9.928300E-5	1.297600E+4	0.000000E+0	0.000000E+0
6.925853E+3	-9.928400E-5	1.297560E+4	0.000000E+0	0.000000E+0
6.929853E+3	-9.928300E-5	1.297520E+4	0.000000E+0	0.000000E+0
6.933853E+3	-9.928200E-5	1.297490E+4	0.000000E+0	0.000000E+0
6.937864E+3	-9.928200E-5	1.297470E+4	0.000000E+0	0.000000E+0
6.941852E+3	-9.928100E-5	1.297450E+4	0.000000E+0	0.000000E+0
6.945851E+3	-9.928300E-5	1.297430E+4	0.000000E+0	0.000000E+0
6.949853E+3	-9.928400E-5	1.297390E+4	0.000000E+0	0.000000E+0
6.953854E+3	-9.928300E-5	1.297370E+4	0.000000E+0	0.000000E+0
6.957853E+3	-9.928300E-5	1.297420E+4	0.000000E+0	0.000000E+0
6.961853E+3	-9.928300E-5	1.297450E+4	0.000000E+0	0.000000E+0
6.965861E+3	-9.928400E-5	1.297460E+4	0.000000E+0	0.000000E+0
6.969856E+3	-9.928300E-5	1.297480E+4	0.000000E+0	0.000000E+0
6.973851E+3	-9.928400E-5	1.297490E+4	0.000000E+0	0.000000E+0
6.977849E+3	-9.928300E-5	1.297450E+4	0.000000E+0	0.000000E+0
6.981865E+3	-9.928300E-5	1.297440E+4	0.000000E+0	0.000000E+0
6.985860E+3	-9.928400E-5	1.297390E+4	0.000000E+0	0.000000E+0
6.989851E+3	-9.928400E-5	1.297360E+4	0.000000E+0	0.000000E+0
6.993851E+3	-9.928300E-5	1.297320E+4	0.000000E+0	0.000000E+0
6.997863E+3	-9.928300E-5	1.297280E+4	0.000000E+0	0.000000E+0
7.001863E+3	-9.928400E-5	1.297260E+4	0.000000E+0	0.000000E+0
7.005854E+3	-9.928300E-5	1.297220E+4	0.000000E+0	0.000000E+0
7.009854E+3	-9.928400E-5	1.297200E+4	0.000000E+0	0.000000E+0
7.013862E+3	-9.928400E-5	1.297190E+4	0.000000E+0	0.000000E+0
7.017850E+3	-9.928300E-5	1.297170E+4	0.000000E+0	0.000000E+0
7.021850E+3	-9.928400E-5	1.297280E+4	0.000000E+0	0.000000E+0
7.025852E+3	-9.928300E-5	1.297310E+4	0.000000E+0	0.000000E+0
7.029850E+3	-9.928400E-5	1.297310E+4	0.000000E+0	0.000000E+0
7.033852E+3	-9.928400E-5	1.297360E+4	0.000000E+0	0.000000E+0
7.037850E+3	-9.928500E-5	1.297370E+4	0.000000E+0	0.000000E+0
7.041848E+3	-9.928300E-5	1.297380E+4	0.000000E+0	0.000000E+0
7.045859E+3	-9.928400E-5	1.297390E+4	0.000000E+0	0.000000E+0
7.049863E+3	-9.928400E-5	1.297420E+4	0.000000E+0	0.000000E+0
7.053851E+3	-9.928500E-5	1.297460E+4	0.000000E+0	0.000000E+0
7.057851E+3	-9.928400E-5	1.297500E+4	0.000000E+0	0.000000E+0
7.061859E+3	-9.928300E-5	1.297510E+4	0.000000E+0	0.000000E+0
7.065859E+3	-9.928500E-5	1.297490E+4	0.000000E+0	0.000000E+0
7.069853E+3	-9.928400E-5	1.297480E+4	0.000000E+0	0.000000E+0
7.073852E+3	-9.928400E-5	1.297490E+4	0.000000E+0	0.000000E+0
7.077856E+3	-9.928400E-5	1.297500E+4	0.000000E+0	0.000000E+0
7.081859E+3	-9.928400E-5	1.297510E+4	0.000000E+0	0.000000E+0
7.085852E+3	-9.928400E-5	1.297550E+4	0.000000E+0	0.000000E+0
7.089852E+3	-9.928600E-5	1.297580E+4	0.000000E+0	0.000000E+0
7.093863E+3	-9.928400E-5	1.297620E+4	0.000000E+0	0.000000E+0
7.097847E+3	-9.928400E-5	1.297620E+4	0.000000E+0	0.000000E+0
7.101850E+3	-9.928100E-5	1.297600E+4	0.000000E+0	0.000000E+0
7.105849E+3	-9.928400E-5	1.297570E+4	0.000000E+0	0.000000E+0
7.109861E+3	-9.928500E-5	1.297540E+4	0.000000E+0	0.000000E+0
7.113858E+3	-9.928300E-5	1.297510E+4	0.000000E+0	0.000000E+0
7.117852E+3	-9.928500E-5	1.297510E+4	0.000000E+0	0.000000E+0
7.121850E+3	-9.928200E-5	1.297510E+4	0.000000E+0	0.000000E+0
7.125864E+3	-9.928400E-5	1.297540E+4	0.000000E+0	0.000000E+0
7.129862E+3	-9.928300E-5	1.297630E+4	0.000000E+0	0.000000E+0
7.133859E+3	-9.928400E-5	1.297650E+4	0.000000E+0	0.000000E+0
7.137853E+3	-9.928300E-5	1.297590E+4	0.000000E+0	0.000000E+0
7.141861E+3	-9.928400E-5	1.297540E+4	0.000000E+0	0.000000E+0
7.145858E+3	-9.928500E-5	1.297500E+4	0.000000E+0	0.000000E+0
7.149847E+3	-9.928400E-5	1.297500E+4	0.000000E+0	0.000000E+0
7.153853E+3	-9.928300E-5	1.297470E+4	0.000000E+0	0.000000E+0
7.157862E+3	-9.928300E-5	1.297570E+4	0.000000E+0	0.000000E+0
7.161857E+3	-9.928300E-5	1.297610E+4	0.000000E+0	0.000000E+0
7.165850E+3	-9.928400E-5	1.297640E+4	0.000000E+0	0.000000E+0
7.169853E+3	-9.928600E-5	1.297620E+4	0.000000E+0	0.000000E+0
7.173852E+3	-9.928500E-5	1.297590E+4	0.000000E+0	0.000000E+0
7.177852E+3	-9.928500E-5	1.297550E+4	0.000000E+0	0.000000E+0
7.181851E+3	-9.928400E-5	1.297490E+4	0.000000E+0	0.000000E+0
7.185856E+3	-9.928400E-5	1.297430E+4	0.000000E+0	0.000000E+0
7.189855E+3	-9.928300E-5	1.297410E+4	0.000000E+0	0.000000E+0
7.193855E+3	-9.928400E-5	1.297430E+4	0.000000E+0	0.000000E+0
7.197850E+3	-9.928500E-5	1.297460E+4	0.000000E+0	0.000000E+0
7.201853E+3	-9.928400E-5	1.297470E+4	0.000000E+0	0.000000E+0
7.205853E+3	-9.928500E-5	1.297460E+4	0.000000E+0	0.000000E+0
7.209855E+3	-9.928500E-5	1.297460E+4	0.000000E+0	0.000000E+0
7.213850E+3	-9.928500E-5	1.297430E+4	0.000000E+0	0.000000E+0
7.217852E+3	-9.928600E-5	1.297430E+4	0.000000E+0	0.000000E+0
7.221861E+3	-9.928600E-5	1.297420E+4	0.000000E+0	0.000000E+0
7.225851E+3	-9.928600E-5	1.297410E+4	0.000000E+0	0.000000E+0
7.229850E+3	-9.928500E-5	1.297400E+4	0.000000E+0	0.000000E+0
7.233853E+3	-9.928700E-5	1.297480E+4	0.000000E+0	0.000000E+0
7.237851E+3	-9.928600E-5	1.297670E+4	0.000000E+0	0.000000E+0
7.241856E+3	-9.928600E-5	1.297650E+4	0.000000E+0	0.000000E+0
7.245851E+3	-9.928600E-5	1.297600E+4	0.000000E+0	0.000000E+0
7.249856E+3	-9.928600E-5	1.297580E+4	0.000000E+0	0.000000E+0
7.253853E+3	-9.928600E-5	1.297560E+4	0.000000E+0	0.000000E+0
7.257857E+3	-9.928400E-5	1.297550E+4	0.000000E+0	0.000000E+0
7.261851E+3	-9.928600E-5	1.297540E+4	0.000000E+0	0.000000E+0
7.265854E+3	-9.928600E-5	1.297500E+4	0.000000E+0	0.000000E+0
7.269851E+3	-9.928500E-5	1.297470E+4	0.000000E+0	0.000000E+0
7.273852E+3	-9.928600E-5	1.297410E+4	0.000000E+0	0.000000E+0
7.277849E+3	-9.928400E-5	1.297330E+4	0.000000E+0	0.000000E+0
7.281851E+3	-9.928600E-5	1.297300E+4	0.000000E+0	0.000000E+0
7.285852E+3	-9.928600E-5	1.297310E+4	0.000000E+0	0.000000E+0
7.289852E+3	-9.928400E-5	1.297300E+4	0.000000E+0	0.000000E+0
7.293849E+3	-9.928400E-5	1.297290E+4	0.000000E+0	0.000000E+0
7.297853E+3	-9.928600E-5	1.297300E+4	0.000000E+0	0.000000E+0
7.301850E+3	-9.928200E-5	1.297300E+4	0.000000E+0	0.000000E+0
7.305852E+3	-9.928500E-5	1.297330E+4	0.000000E+0	0.000000E+0
7.309845E+3	-9.928500E-5	1.297360E+4	0.000000E+0	0.000000E+0
7.313856E+3	-9.928500E-5	1.297400E+4	0.000000E+0	0.000000E+0
7.317851E+3	-9.928600E-5	1.297490E+4	0.000000E+0	0.000000E+0
7.321856E+3	-9.928600E-5	1.297500E+4	0.000000E+0	0.000000E+0
7.325851E+3	-9.928700E-5	1.297520E+4	0.000000E+0	0.000000E+0
7.329855E+3	-9.928500E-5	1.297510E+4	0.000000E+0	0.000000E+0
7.333853E+3	-9.928600E-5	1.297490E+4	0.000000E+0	0.000000E+0
7.337854E+3	-9.928700E-5	1.297480E+4	0.000000E+0	0.000000E+0
7.341853E+3	-9.928800E-5	1.297450E+4	0.000000E+0	0.000000E+0
7.345856E+3	-9.928700E-5	1.297460E+4	0.000000E+0	0.000000E+0
