
Medición hecha el 2026-07-21  02:50 p.m.

Medición de corriente y tensión en el tiempo con posibilidad de inyectar corriente.
Tiempo	Corriente	Tensión
1.034350E+2	-1.401420E-3	1.378250E+4	0.000000E+0	0.000000E+0
1.074340E+2	-1.401420E-3	1.378230E+4	0.000000E+0	0.000000E+0
1.114270E+2	-1.401430E-3	1.378180E+4	0.000000E+0	0.000000E+0
1.154330E+2	-1.401450E-3	1.378150E+4	0.000000E+0	0.000000E+0
1.194340E+2	-1.401430E-3	1.378120E+4	0.000000E+0	0.000000E+0
1.234370E+2	-1.401440E-3	1.378090E+4	0.000000E+0	0.000000E+0
1.274160E+2	-1.401450E-3	1.378060E+4	0.000000E+0	0.000000E+0
1.314470E+2	-1.401450E-3	1.378030E+4	0.000000E+0	0.000000E+0
1.354370E+2	-1.401440E-3	1.378020E+4	0.000000E+0	0.000000E+0
1.394120E+2	-1.401430E-3	1.377990E+4	0.000000E+0	0.000000E+0
1.434490E+2	-1.401450E-3	1.377970E+4	0.000000E+0	0.000000E+0
1.474340E+2	-1.401450E-3	1.377940E+4	0.000000E+0	0.000000E+0
1.514100E+2	-1.401470E-3	1.377910E+4	0.000000E+0	0.000000E+0
1.554480E+2	-1.401440E-3	1.377880E+4	0.000000E+0	0.000000E+0
1.594380E+2	-1.401460E-3	1.377840E+4	0.000000E+0	0.000000E+0
1.634110E+2	-1.401490E-3	1.377810E+4	0.000000E+0	0.000000E+0
1.674470E+2	-1.401470E-3	1.377790E+4	0.000000E+0	0.000000E+0
1.714380E+2	-1.401480E-3	1.377730E+4	0.000000E+0	0.000000E+0
1.754340E+2	-1.401480E-3	1.377700E+4	0.000000E+0	0.000000E+0
1.794310E+2	-1.401480E-3	1.377670E+4	0.000000E+0	0.000000E+0
1.834380E+2	-1.401470E-3	1.377650E+4	0.000000E+0	0.000000E+0
1.874340E+2	-1.401490E-3	1.377620E+4	0.000000E+0	0.000000E+0
1.914310E+2	-1.401460E-3	1.377590E+4	0.000000E+0	0.000000E+0
1.954310E+2	-1.401460E-3	1.377560E+4	0.000000E+0	0.000000E+0
1.994370E+2	-1.401490E-3	1.377530E+4	0.000000E+0	0.000000E+0
2.034330E+2	-1.401530E-3	1.377500E+4	0.000000E+0	0.000000E+0
2.074380E+2	-1.401550E-3	1.377470E+4	0.000000E+0	0.000000E+0
2.114040E+2	-1.401490E-3	1.377450E+4	0.000000E+0	0.000000E+0
2.154490E+2	-1.401490E-3	1.377440E+4	0.000000E+0	0.000000E+0
2.194320E+2	-1.401490E-3	1.377410E+4	0.000000E+0	0.000000E+0
2.234320E+2	-1.401530E-3	1.377380E+4	0.000000E+0	0.000000E+0
2.274300E+2	-1.401510E-3	1.377340E+4	0.000000E+0	0.000000E+0
2.314340E+2	-1.401550E-3	1.377320E+4	0.000000E+0	0.000000E+0
2.354090E+2	-1.401550E-3	1.377290E+4	0.000000E+0	0.000000E+0
2.394530E+2	-1.401490E-3	1.377260E+4	0.000000E+0	0.000000E+0
2.434080E+2	-1.401540E-3	1.377210E+4	0.000000E+0	0.000000E+0
2.474510E+2	-1.401530E-3	1.377180E+4	0.000000E+0	0.000000E+0
2.514330E+2	-1.401540E-3	1.377150E+4	0.000000E+0	0.000000E+0
2.554300E+2	-1.401500E-3	1.377120E+4	0.000000E+0	0.000000E+0
2.594310E+2	-1.401550E-3	1.377120E+4	0.000000E+0	0.000000E+0
2.634360E+2	-1.401570E-3	1.377100E+4	0.000000E+0	0.000000E+0
2.674310E+2	-1.401580E-3	1.377050E+4	0.000000E+0	0.000000E+0
2.714310E+2	-1.401580E-3	1.377010E+4	0.000000E+0	0.000000E+0
2.754300E+2	-1.401570E-3	1.376990E+4	0.000000E+0	0.000000E+0
2.794320E+2	-1.401560E-3	1.376960E+4	0.000000E+0	0.000000E+0
2.834330E+2	-1.401560E-3	1.376930E+4	0.000000E+0	0.000000E+0
2.874330E+2	-1.401610E-3	1.376900E+4	0.000000E+0	0.000000E+0
2.914310E+2	-1.401560E-3	1.376860E+4	0.000000E+0	0.000000E+0
2.954330E+2	-1.401570E-3	1.376850E+4	0.000000E+0	0.000000E+0
2.994350E+2	-1.401560E-3	1.376810E+4	0.000000E+0	0.000000E+0
3.034340E+2	-1.401590E-3	1.376790E+4	0.000000E+0	0.000000E+0
3.074080E+2	-1.401570E-3	1.376780E+4	0.000000E+0	0.000000E+0
3.114490E+2	-1.401560E-3	1.376750E+4	0.000000E+0	0.000000E+0
3.154320E+2	-1.401580E-3	1.376730E+4	0.000000E+0	0.000000E+0
3.194300E+2	-1.401550E-3	1.376710E+4	0.000000E+0	0.000000E+0
3.234300E+2	-1.401580E-3	1.376670E+4	0.000000E+0	0.000000E+0
3.274400E+2	-1.401580E-3	1.376660E+4	0.000000E+0	0.000000E+0
3.314120E+2	-1.401580E-3	1.376650E+4	0.000000E+0	0.000000E+0
3.354500E+2	-1.401610E-3	1.376630E+4	0.000000E+0	0.000000E+0
3.394300E+2	-1.401600E-3	1.376590E+4	0.000000E+0	0.000000E+0
3.434380E+2	-1.401590E-3	1.376560E+4	0.000000E+0	0.000000E+0
3.474330E+2	-1.401580E-3	1.376520E+4	0.000000E+0	0.000000E+0
3.514360E+2	-1.401600E-3	1.376480E+4	0.000000E+0	0.000000E+0
3.554100E+2	-1.401590E-3	1.376450E+4	0.000000E+0	0.000000E+0
3.594510E+2	-1.401570E-3	1.376430E+4	0.000000E+0	0.000000E+0
3.634360E+2	-1.401570E-3	1.376390E+4	0.000000E+0	0.000000E+0
3.674290E+2	-1.401540E-3	1.376360E+4	0.000000E+0	0.000000E+0
3.714340E+2	-1.401590E-3	1.376320E+4	0.000000E+0	0.000000E+0
3.754320E+2	-1.401590E-3	1.376270E+4	0.000000E+0	0.000000E+0
3.794190E+2	-1.401570E-3	1.376240E+4	0.000000E+0	0.000000E+0
3.834540E+2	-1.401600E-3	1.376210E+4	0.000000E+0	0.000000E+0
3.874080E+2	-1.401600E-3	1.376180E+4	0.000000E+0	0.000000E+0
3.914490E+2	-1.401600E-3	1.376150E+4	0.000000E+0	0.000000E+0
3.954320E+2	-1.401560E-3	1.376110E+4	0.000000E+0	0.000000E+0
3.994320E+2	-1.401600E-3	1.376080E+4	0.000000E+0	0.000000E+0
4.034290E+2	-1.401580E-3	1.376050E+4	0.000000E+0	0.000000E+0
4.074320E+2	-1.401580E-3	1.376030E+4	0.000000E+0	0.000000E+0
4.114320E+2	-1.401590E-3	1.376020E+4	0.000000E+0	0.000000E+0
4.154300E+2	-1.401600E-3	1.376000E+4	0.000000E+0	0.000000E+0
4.194300E+2	-1.401570E-3	1.375970E+4	0.000000E+0	0.000000E+0
4.234340E+2	-1.401580E-3	1.375940E+4	0.000000E+0	0.000000E+0
4.274340E+2	-1.401570E-3	1.375920E+4	0.000000E+0	0.000000E+0
4.314330E+2	-1.401570E-3	1.375890E+4	0.000000E+0	0.000000E+0
4.354300E+2	-1.401590E-3	1.375860E+4	0.000000E+0	0.000000E+0
4.394390E+2	-1.401580E-3	1.375830E+4	0.000000E+0	0.000000E+0
4.434080E+2	-1.401580E-3	1.375800E+4	0.000000E+0	0.000000E+0
4.474520E+2	-1.401580E-3	1.375780E+4	0.000000E+0	0.000000E+0
4.514100E+2	-1.401600E-3	1.375760E+4	0.000000E+0	0.000000E+0
4.554470E+2	-1.401600E-3	1.375730E+4	0.000000E+0	0.000000E+0
4.594390E+2	-1.401600E-3	1.375690E+4	0.000000E+0	0.000000E+0
4.634340E+2	-1.401600E-3	1.375670E+4	0.000000E+0	0.000000E+0
4.674300E+2	-1.401620E-3	1.375650E+4	0.000000E+0	0.000000E+0
4.714380E+2	-1.401610E-3	1.375630E+4	0.000000E+0	0.000000E+0
4.754140E+2	-1.401630E-3	1.375600E+4	0.000000E+0	0.000000E+0
4.794490E+2	-1.401620E-3	1.375580E+4	0.000000E+0	0.000000E+0
4.834070E+2	-1.401620E-3	1.375570E+4	0.000000E+0	0.000000E+0
4.874440E+2	-1.401600E-3	1.375560E+4	0.000000E+0	0.000000E+0
4.914320E+2	-1.401620E-3	1.375530E+4	0.000000E+0	0.000000E+0
4.954290E+2	-1.401620E-3	1.375500E+4	0.000000E+0	0.000000E+0
4.994310E+2	-1.401610E-3	1.375470E+4	0.000000E+0	0.000000E+0
5.034360E+2	-1.401590E-3	1.375430E+4	0.000000E+0	0.000000E+0
5.074090E+2	-1.401590E-3	1.375390E+4	0.000000E+0	0.000000E+0
5.114500E+2	-1.401620E-3	1.375350E+4	0.000000E+0	0.000000E+0
5.154050E+2	-1.401620E-3	1.375320E+4	0.000000E+0	0.000000E+0
5.194430E+2	-1.401630E-3	1.375280E+4	0.000000E+0	0.000000E+0
5.234330E+2	-1.401600E-3	1.375240E+4	0.000000E+0	0.000000E+0
5.274320E+2	-1.401640E-3	1.375220E+4	0.000000E+0	0.000000E+0
5.314330E+2	-1.401620E-3	1.375190E+4	0.000000E+0	0.000000E+0
5.354310E+2	-1.401610E-3	1.375180E+4	0.000000E+0	0.000000E+0
5.394340E+2	-1.401630E-3	1.375150E+4	0.000000E+0	0.000000E+0
5.434320E+2	-1.401630E-3	1.375120E+4	0.000000E+0	0.000000E+0
5.474270E+2	-1.401640E-3	1.375100E+4	0.000000E+0	0.000000E+0
5.514350E+2	-1.401610E-3	1.375080E+4	0.000000E+0	0.000000E+0
5.554080E+2	-1.401610E-3	1.375060E+4	0.000000E+0	0.000000E+0
5.594450E+2	-1.401660E-3	1.375040E+4	0.000000E+0	0.000000E+0
5.634060E+2	-1.401660E-3	1.375020E+4	0.000000E+0	0.000000E+0
5.674450E+2	-1.401640E-3	1.374980E+4	0.000000E+0	0.000000E+0
5.714330E+2	-1.401640E-3	1.374960E+4	0.000000E+0	0.000000E+0
5.754310E+2	-1.401670E-3	1.374930E+4	0.000000E+0	0.000000E+0
5.794330E+2	-1.401640E-3	1.374910E+4	0.000000E+0	0.000000E+0
5.834420E+2	-1.401610E-3	1.374880E+4	0.000000E+0	0.000000E+0
5.874120E+2	-1.401650E-3	1.374860E+4	0.000000E+0	0.000000E+0
5.914520E+2	-1.401640E-3	1.374840E+4	0.000000E+0	0.000000E+0
5.954340E+2	-1.401650E-3	1.374790E+4	0.000000E+0	0.000000E+0
5.994410E+2	-1.401630E-3	1.374760E+4	0.000000E+0	0.000000E+0
6.034100E+2	-1.401590E-3	1.374730E+4	0.000000E+0	0.000000E+0
6.074520E+2	-1.401610E-3	1.374690E+4	0.000000E+0	0.000000E+0
6.114310E+2	-1.401600E-3	1.374670E+4	0.000000E+0	0.000000E+0
6.154390E+2	-1.401620E-3	1.374630E+4	0.000000E+0	0.000000E+0
6.194120E+2	-1.401620E-3	1.374610E+4	0.000000E+0	0.000000E+0
6.234450E+2	-1.401630E-3	1.374590E+4	0.000000E+0	0.000000E+0
6.274390E+2	-1.401610E-3	1.374580E+4	0.000000E+0	0.000000E+0
6.314390E+2	-1.401600E-3	1.374560E+4	0.000000E+0	0.000000E+0
6.354140E+2	-1.401600E-3	1.374540E+4	0.000000E+0	0.000000E+0
6.394460E+2	-1.401590E-3	1.374510E+4	0.000000E+0	0.000000E+0
6.434410E+2	-1.401600E-3	1.374470E+4	0.000000E+0	0.000000E+0
6.474120E+2	-1.401620E-3	1.374440E+4	0.000000E+0	0.000000E+0
6.514550E+2	-1.401620E-3	1.374410E+4	0.000000E+0	0.000000E+0
6.554120E+2	-1.401620E-3	1.374390E+4	0.000000E+0	0.000000E+0
6.594480E+2	-1.401630E-3	1.374360E+4	0.000000E+0	0.000000E+0
6.634380E+2	-1.401630E-3	1.374330E+4	0.000000E+0	0.000000E+0
6.674330E+2	-1.401610E-3	1.374310E+4	0.000000E+0	0.000000E+0
6.714380E+2	-1.401610E-3	1.374290E+4	0.000000E+0	0.000000E+0
6.754330E+2	-1.401560E-3	1.374250E+4	0.000000E+0	0.000000E+0
6.794310E+2	-1.401570E-3	1.374230E+4	0.000000E+0	0.000000E+0
6.834370E+2	-1.401580E-3	1.374210E+4	0.000000E+0	0.000000E+0
6.874090E+2	-1.401580E-3	1.374180E+4	0.000000E+0	0.000000E+0
6.914500E+2	-1.401580E-3	1.374150E+4	0.000000E+0	0.000000E+0
6.954340E+2	-1.401610E-3	1.374120E+4	0.000000E+0	0.000000E+0
6.994320E+2	-1.401570E-3	1.374110E+4	0.000000E+0	0.000000E+0
7.034310E+2	-1.401560E-3	1.374100E+4	0.000000E+0	0.000000E+0
7.074420E+2	-1.401560E-3	1.374090E+4	0.000000E+0	0.000000E+0
7.114120E+2	-1.401570E-3	1.374080E+4	0.000000E+0	0.000000E+0
7.154520E+2	-1.401570E-3	1.374060E+4	0.000000E+0	0.000000E+0
7.194130E+2	-1.401600E-3	1.374030E+4	0.000000E+0	0.000000E+0
7.234480E+2	-1.401590E-3	1.373980E+4	0.000000E+0	0.000000E+0
7.274360E+2	-1.401590E-3	1.373940E+4	0.000000E+0	0.000000E+0
7.314330E+2	-1.401610E-3	1.373910E+4	0.000000E+0	0.000000E+0
7.354320E+2	-1.401610E-3	1.373890E+4	0.000000E+0	0.000000E+0
7.394400E+2	-1.401580E-3	1.373870E+4	0.000000E+0	0.000000E+0
7.434140E+2	-1.401590E-3	1.373840E+4	0.000000E+0	0.000000E+0
7.474510E+2	-1.401600E-3	1.373810E+4	0.000000E+0	0.000000E+0
7.514100E+2	-1.401640E-3	1.373790E+4	0.000000E+0	0.000000E+0
7.554480E+2	-1.401620E-3	1.373770E+4	0.000000E+0	0.000000E+0
7.594330E+2	-1.401620E-3	1.373740E+4	0.000000E+0	0.000000E+0
7.634340E+2	-1.401630E-3	1.373700E+4	0.000000E+0	0.000000E+0
7.674340E+2	-1.401620E-3	1.373670E+4	0.000000E+0	0.000000E+0
7.714340E+2	-1.401610E-3	1.373630E+4	0.000000E+0	0.000000E+0
7.754320E+2	-1.401610E-3	1.373650E+4	0.000000E+0	0.000000E+0
7.794310E+2	-1.401630E-3	1.373620E+4	0.000000E+0	0.000000E+0
7.834310E+2	-1.401610E-3	1.373600E+4	0.000000E+0	0.000000E+0
7.874370E+2	-1.401610E-3	1.373570E+4	0.000000E+0	0.000000E+0
7.914110E+2	-1.401620E-3	1.373560E+4	0.000000E+0	0.000000E+0
7.954510E+2	-1.401600E-3	1.373540E+4	0.000000E+0	0.000000E+0
7.994110E+2	-1.401630E-3	1.373510E+4	0.000000E+0	0.000000E+0
8.034470E+2	-1.401620E-3	1.373480E+4	0.000000E+0	0.000000E+0
8.074350E+2	-1.401610E-3	1.373450E+4	0.000000E+0	0.000000E+0
8.114330E+2	-1.401640E-3	1.373410E+4	0.000000E+0	0.000000E+0
8.154330E+2	-1.401630E-3	1.373390E+4	0.000000E+0	0.000000E+0
8.194320E+2	-1.401610E-3	1.373350E+4	0.000000E+0	0.000000E+0
8.234330E+2	-1.401620E-3	1.373320E+4	0.000000E+0	0.000000E+0
8.274340E+2	-1.401650E-3	1.373300E+4	0.000000E+0	0.000000E+0
8.314330E+2	-1.401630E-3	1.373260E+4	0.000000E+0	0.000000E+0
8.354330E+2	-1.401620E-3	1.373220E+4	0.000000E+0	0.000000E+0
8.394350E+2	-1.401620E-3	1.373180E+4	0.000000E+0	0.000000E+0
8.434270E+2	-1.401610E-3	1.373140E+4	0.000000E+0	0.000000E+0
8.474330E+2	-1.401620E-3	1.373130E+4	0.000000E+0	0.000000E+0
8.514340E+2	-1.401630E-3	1.373120E+4	0.000000E+0	0.000000E+0
8.554370E+2	-1.401650E-3	1.373100E+4	0.000000E+0	0.000000E+0
8.594340E+2	-1.401600E-3	1.373090E+4	0.000000E+0	0.000000E+0
8.634320E+2	-1.401650E-3	1.373090E+4	0.000000E+0	0.000000E+0
8.674340E+2	-1.401650E-3	1.373090E+4	0.000000E+0	0.000000E+0
8.714370E+2	-1.401650E-3	1.373060E+4	0.000000E+0	0.000000E+0
8.754130E+2	-1.401610E-3	1.373030E+4	0.000000E+0	0.000000E+0
8.794450E+2	-1.401630E-3	1.373020E+4	0.000000E+0	0.000000E+0
8.834340E+2	-1.401660E-3	1.372990E+4	0.000000E+0	0.000000E+0
8.874360E+2	-1.401620E-3	1.372960E+4	0.000000E+0	0.000000E+0
8.914120E+2	-1.401620E-3	1.372940E+4	0.000000E+0	0.000000E+0
8.954490E+2	-1.401640E-3	1.372910E+4	0.000000E+0	0.000000E+0
8.994350E+2	-1.401640E-3	1.372880E+4	0.000000E+0	0.000000E+0
9.034370E+2	-1.401650E-3	1.372840E+4	0.000000E+0	0.000000E+0
9.074140E+2	-1.401610E-3	1.372800E+4	0.000000E+0	0.000000E+0
9.114430E+2	-1.401650E-3	1.372770E+4	0.000000E+0	0.000000E+0
9.154330E+2	-1.401610E-3	1.372740E+4	0.000000E+0	0.000000E+0
9.194410E+2	-1.401620E-3	1.372710E+4	0.000000E+0	0.000000E+0
9.234130E+2	-1.401630E-3	1.372690E+4	0.000000E+0	0.000000E+0
9.274490E+2	-1.401630E-3	1.372660E+4	0.000000E+0	0.000000E+0
9.314360E+2	-1.401630E-3	1.372630E+4	0.000000E+0	0.000000E+0
9.354380E+2	-1.401600E-3	1.372600E+4	0.000000E+0	0.000000E+0
9.394130E+2	-1.401630E-3	1.372570E+4	0.000000E+0	0.000000E+0
9.434460E+2	-1.401610E-3	1.372530E+4	0.000000E+0	0.000000E+0
9.474310E+2	-1.401590E-3	1.372530E+4	0.000000E+0	0.000000E+0
9.514390E+2	-1.401590E-3	1.372510E+4	0.000000E+0	0.000000E+0
9.554140E+2	-1.401600E-3	1.372480E+4	0.000000E+0	0.000000E+0
9.594470E+2	-1.401620E-3	1.372450E+4	0.000000E+0	0.000000E+0
9.634380E+2	-1.401610E-3	1.372440E+4	0.000000E+0	0.000000E+0
9.674380E+2	-1.401600E-3	1.372420E+4	0.000000E+0	0.000000E+0
9.714370E+2	-1.401610E-3	1.372400E+4	0.000000E+0	0.000000E+0
9.754370E+2	-1.401660E-3	1.372360E+4	0.000000E+0	0.000000E+0
9.794330E+2	-1.401610E-3	1.372290E+4	0.000000E+0	0.000000E+0
9.834350E+2	-1.401590E-3	1.372270E+4	0.000000E+0	0.000000E+0
9.874360E+2	-1.401610E-3	1.372240E+4	0.000000E+0	0.000000E+0
9.914290E+2	-1.401610E-3	1.372240E+4	0.000000E+0	0.000000E+0
9.954350E+2	-1.401620E-3	1.372210E+4	0.000000E+0	0.000000E+0
9.994330E+2	-1.401610E-3	1.372190E+4	0.000000E+0	0.000000E+0
1.003438E+3	-1.401620E-3	1.372160E+4	0.000000E+0	0.000000E+0
1.007410E+3	-1.401610E-3	1.372130E+4	0.000000E+0	0.000000E+0
1.011446E+3	-1.401620E-3	1.372110E+4	0.000000E+0	0.000000E+0
1.015437E+3	-1.401630E-3	1.372070E+4	0.000000E+0	0.000000E+0
1.019435E+3	-1.401610E-3	1.372040E+4	0.000000E+0	0.000000E+0
1.023413E+3	-1.401570E-3	1.372010E+4	0.000000E+0	0.000000E+0
1.027444E+3	-1.401600E-3	1.371980E+4	0.000000E+0	0.000000E+0
1.031431E+3	-1.401630E-3	1.371960E+4	0.000000E+0	0.000000E+0
1.035440E+3	-1.401620E-3	1.371920E+4	0.000000E+0	0.000000E+0
1.039414E+3	-1.401590E-3	1.371910E+4	0.000000E+0	0.000000E+0
1.043447E+3	-1.401610E-3	1.371890E+4	0.000000E+0	0.000000E+0
1.047438E+3	-1.401610E-3	1.371850E+4	0.000000E+0	0.000000E+0
1.051437E+3	-1.401580E-3	1.371810E+4	0.000000E+0	0.000000E+0
1.055414E+3	-1.401590E-3	1.371770E+4	0.000000E+0	0.000000E+0
1.059444E+3	-1.401600E-3	1.371730E+4	0.000000E+0	0.000000E+0
1.063430E+3	-1.401600E-3	1.371700E+4	0.000000E+0	0.000000E+0
1.067441E+3	-1.401600E-3	1.371670E+4	0.000000E+0	0.000000E+0
1.071412E+3	-1.401630E-3	1.371630E+4	0.000000E+0	0.000000E+0
1.075447E+3	-1.401610E-3	1.371570E+4	0.000000E+0	0.000000E+0
1.079436E+3	-1.401660E-3	1.371540E+4	0.000000E+0	0.000000E+0
1.083433E+3	-1.401640E-3	1.371510E+4	0.000000E+0	0.000000E+0
1.087429E+3	-1.401590E-3	1.371490E+4	0.000000E+0	0.000000E+0
1.091434E+3	-1.401610E-3	1.371480E+4	0.000000E+0	0.000000E+0
1.095434E+3	-1.401620E-3	1.371470E+4	0.000000E+0	0.000000E+0
1.099434E+3	-1.401600E-3	1.371460E+4	0.000000E+0	0.000000E+0
1.103432E+3	-1.401590E-3	1.371440E+4	0.000000E+0	0.000000E+0
1.107430E+3	-1.401590E-3	1.371410E+4	0.000000E+0	0.000000E+0
1.111430E+3	-1.401600E-3	1.371370E+4	0.000000E+0	0.000000E+0
1.115437E+3	-1.401620E-3	1.371330E+4	0.000000E+0	0.000000E+0
1.119411E+3	-1.401610E-3	1.371280E+4	0.000000E+0	0.000000E+0
1.123451E+3	-1.401590E-3	1.371260E+4	0.000000E+0	0.000000E+0
1.127434E+3	-1.401600E-3	1.371240E+4	0.000000E+0	0.000000E+0
1.131430E+3	-1.401570E-3	1.371220E+4	0.000000E+0	0.000000E+0
1.135433E+3	-1.401590E-3	1.371230E+4	0.000000E+0	0.000000E+0
1.139435E+3	-1.401610E-3	1.371210E+4	0.000000E+0	0.000000E+0
1.143436E+3	-1.401620E-3	1.371210E+4	0.000000E+0	0.000000E+0
1.147436E+3	-1.401600E-3	1.371190E+4	0.000000E+0	0.000000E+0
1.151433E+3	-1.401600E-3	1.371140E+4	0.000000E+0	0.000000E+0
1.155430E+3	-1.401620E-3	1.371100E+4	0.000000E+0	0.000000E+0
1.159430E+3	-1.401570E-3	1.371070E+4	0.000000E+0	0.000000E+0
1.163441E+3	-1.401620E-3	1.371050E+4	0.000000E+0	0.000000E+0
1.167410E+3	-1.401580E-3	1.371020E+4	0.000000E+0	0.000000E+0
1.171448E+3	-1.401590E-3	1.370990E+4	0.000000E+0	0.000000E+0
1.175434E+3	-1.401570E-3	1.370960E+4	0.000000E+0	0.000000E+0
1.179435E+3	-1.401550E-3	1.370940E+4	0.000000E+0	0.000000E+0
1.183415E+3	-1.401550E-3	1.370910E+4	0.000000E+0	0.000000E+0
1.187446E+3	-1.401570E-3	1.370890E+4	0.000000E+0	0.000000E+0
1.191436E+3	-1.401580E-3	1.370870E+4	0.000000E+0	0.000000E+0
1.195439E+3	-1.401580E-3	1.370830E+4	0.000000E+0	0.000000E+0
1.199412E+3	-1.401550E-3	1.370800E+4	0.000000E+0	0.000000E+0
1.203446E+3	-1.401590E-3	1.370770E+4	0.000000E+0	0.000000E+0
1.207437E+3	-1.401590E-3	1.370760E+4	0.000000E+0	0.000000E+0
1.211439E+3	-1.401580E-3	1.370740E+4	0.000000E+0	0.000000E+0
1.215414E+3	-1.401580E-3	1.370710E+4	0.000000E+0	0.000000E+0
1.219445E+3	-1.401550E-3	1.370670E+4	0.000000E+0	0.000000E+0
1.223432E+3	-1.401560E-3	1.370660E+4	0.000000E+0	0.000000E+0
1.227439E+3	-1.401520E-3	1.370620E+4	0.000000E+0	0.000000E+0
1.231412E+3	-1.401520E-3	1.370610E+4	0.000000E+0	0.000000E+0
1.235448E+3	-1.401560E-3	1.370580E+4	0.000000E+0	0.000000E+0
1.239436E+3	-1.401510E-3	1.370560E+4	0.000000E+0	0.000000E+0
1.243439E+3	-1.401490E-3	1.370520E+4	0.000000E+0	0.000000E+0
1.247413E+3	-1.401510E-3	1.370500E+4	0.000000E+0	0.000000E+0
1.251443E+3	-1.401500E-3	1.370470E+4	0.000000E+0	0.000000E+0
1.255433E+3	-1.401530E-3	1.370440E+4	0.000000E+0	0.000000E+0
1.259438E+3	-1.401570E-3	1.370430E+4	0.000000E+0	0.000000E+0
1.263434E+3	-1.401550E-3	1.370430E+4	0.000000E+0	0.000000E+0
1.267432E+3	-1.401550E-3	1.370400E+4	0.000000E+0	0.000000E+0
1.271431E+3	-1.401570E-3	1.370370E+4	0.000000E+0	0.000000E+0
1.275436E+3	-1.401560E-3	1.370350E+4	0.000000E+0	0.000000E+0
1.279437E+3	-1.401550E-3	1.370330E+4	0.000000E+0	0.000000E+0
1.283434E+3	-1.401550E-3	1.370310E+4	0.000000E+0	0.000000E+0
1.287430E+3	-1.401570E-3	1.370270E+4	0.000000E+0	0.000000E+0
1.291430E+3	-1.401530E-3	1.370250E+4	0.000000E+0	0.000000E+0
1.295437E+3	-1.401560E-3	1.370230E+4	0.000000E+0	0.000000E+0
1.299437E+3	-1.401570E-3	1.370220E+4	0.000000E+0	0.000000E+0
1.303432E+3	-1.401560E-3	1.370200E+4	0.000000E+0	0.000000E+0
1.307430E+3	-1.401580E-3	1.370190E+4	0.000000E+0	0.000000E+0
1.311430E+3	-1.401550E-3	1.370160E+4	0.000000E+0	0.000000E+0
1.315438E+3	-1.401560E-3	1.370140E+4	0.000000E+0	0.000000E+0
1.319414E+3	-1.401560E-3	1.370120E+4	0.000000E+0	0.000000E+0
1.323453E+3	-1.401580E-3	1.370080E+4	0.000000E+0	0.000000E+0
1.327415E+3	-1.401580E-3	1.370030E+4	0.000000E+0	0.000000E+0
1.331453E+3	-1.401590E-3	1.370000E+4	0.000000E+0	0.000000E+0
1.335441E+3	-1.401520E-3	1.369990E+4	0.000000E+0	0.000000E+0
1.339434E+3	-1.401560E-3	1.369970E+4	0.000000E+0	0.000000E+0
1.343434E+3	-1.401550E-3	1.369950E+4	0.000000E+0	0.000000E+0
1.347433E+3	-1.401570E-3	1.369950E+4	0.000000E+0	0.000000E+0
1.351433E+3	-1.401560E-3	1.369910E+4	0.000000E+0	0.000000E+0
1.355432E+3	-1.401550E-3	1.369890E+4	0.000000E+0	0.000000E+0
1.359434E+3	-1.401560E-3	1.369850E+4	0.000000E+0	0.000000E+0
1.363435E+3	-1.401590E-3	1.369810E+4	0.000000E+0	0.000000E+0
1.367435E+3	-1.401570E-3	1.369800E+4	0.000000E+0	0.000000E+0
1.371434E+3	-1.401530E-3	1.369780E+4	0.000000E+0	0.000000E+0
1.375432E+3	-1.401570E-3	1.369760E+4	0.000000E+0	0.000000E+0
1.379430E+3	-1.401540E-3	1.369730E+4	0.000000E+0	0.000000E+0
1.383434E+3	-1.401540E-3	1.369720E+4	0.000000E+0	0.000000E+0
1.387432E+3	-1.401540E-3	1.369690E+4	0.000000E+0	0.000000E+0
1.391432E+3	-1.401560E-3	1.369660E+4	0.000000E+0	0.000000E+0
1.395430E+3	-1.401570E-3	1.369640E+4	0.000000E+0	0.000000E+0
1.399435E+3	-1.401520E-3	1.369630E+4	0.000000E+0	0.000000E+0
1.403436E+3	-1.401530E-3	1.369600E+4	0.000000E+0	0.000000E+0
1.407431E+3	-1.401550E-3	1.369580E+4	0.000000E+0	0.000000E+0
1.411436E+3	-1.401590E-3	1.369530E+4	0.000000E+0	0.000000E+0
1.415407E+3	-1.401590E-3	1.369510E+4	0.000000E+0	0.000000E+0
1.419448E+3	-1.401560E-3	1.369490E+4	0.000000E+0	0.000000E+0
1.423431E+3	-1.401550E-3	1.369480E+4	0.000000E+0	0.000000E+0
1.427434E+3	-1.401590E-3	1.369470E+4	0.000000E+0	0.000000E+0
1.431433E+3	-1.401620E-3	1.369450E+4	0.000000E+0	0.000000E+0
1.435432E+3	-1.401590E-3	1.369430E+4	0.000000E+0	0.000000E+0
1.439431E+3	-1.401590E-3	1.369400E+4	0.000000E+0	0.000000E+0
1.443432E+3	-1.401620E-3	1.369370E+4	0.000000E+0	0.000000E+0
1.447431E+3	-1.401590E-3	1.369350E+4	0.000000E+0	0.000000E+0
1.451434E+3	-1.401590E-3	1.369320E+4	0.000000E+0	0.000000E+0
1.455433E+3	-1.401580E-3	1.369300E+4	0.000000E+0	0.000000E+0
1.459437E+3	-1.401600E-3	1.369280E+4	0.000000E+0	0.000000E+0
1.463433E+3	-1.401590E-3	1.369270E+4	0.000000E+0	0.000000E+0
1.467432E+3	-1.401580E-3	1.369250E+4	0.000000E+0	0.000000E+0
1.471429E+3	-1.401590E-3	1.369240E+4	0.000000E+0	0.000000E+0
1.475433E+3	-1.401610E-3	1.369220E+4	0.000000E+0	0.000000E+0
1.479432E+3	-1.401590E-3	1.369200E+4	0.000000E+0	0.000000E+0
1.483432E+3	-1.401570E-3	1.369170E+4	0.000000E+0	0.000000E+0
1.487429E+3	-1.401580E-3	1.369150E+4	0.000000E+0	0.000000E+0
1.491436E+3	-1.401610E-3	1.369120E+4	0.000000E+0	0.000000E+0
1.495434E+3	-1.401610E-3	1.369110E+4	0.000000E+0	0.000000E+0
1.499433E+3	-1.401620E-3	1.369100E+4	0.000000E+0	0.000000E+0
1.503432E+3	-1.401570E-3	1.369070E+4	0.000000E+0	0.000000E+0
1.507434E+3	-1.401590E-3	1.369050E+4	0.000000E+0	0.000000E+0
1.511433E+3	-1.401580E-3	1.369030E+4	0.000000E+0	0.000000E+0
1.515431E+3	-1.401570E-3	1.369010E+4	0.000000E+0	0.000000E+0
1.519431E+3	-1.401580E-3	1.368990E+4	0.000000E+0	0.000000E+0
1.523434E+3	-1.401610E-3	1.368980E+4	0.000000E+0	0.000000E+0
1.527432E+3	-1.401590E-3	1.368960E+4	0.000000E+0	0.000000E+0
1.531432E+3	-1.401570E-3	1.368940E+4	0.000000E+0	0.000000E+0
1.535430E+3	-1.401580E-3	1.368930E+4	0.000000E+0	0.000000E+0
1.539434E+3	-1.401600E-3	1.368920E+4	0.000000E+0	0.000000E+0
1.543432E+3	-1.401590E-3	1.368910E+4	0.000000E+0	0.000000E+0
1.547432E+3	-1.401580E-3	1.368900E+4	0.000000E+0	0.000000E+0
1.551430E+3	-1.401570E-3	1.368890E+4	0.000000E+0	0.000000E+0
1.555433E+3	-1.401600E-3	1.368870E+4	0.000000E+0	0.000000E+0
1.559435E+3	-1.401600E-3	1.368850E+4	0.000000E+0	0.000000E+0
1.563433E+3	-1.401580E-3	1.368810E+4	0.000000E+0	0.000000E+0
1.567430E+3	-1.401560E-3	1.368780E+4	0.000000E+0	0.000000E+0
1.571438E+3	-1.401600E-3	1.368750E+4	0.000000E+0	0.000000E+0
1.575433E+3	-1.401590E-3	1.368730E+4	0.000000E+0	0.000000E+0
1.579441E+3	-1.401570E-3	1.368720E+4	0.000000E+0	0.000000E+0
1.583412E+3	-1.401560E-3	1.368710E+4	0.000000E+0	0.000000E+0
1.587448E+3	-1.401580E-3	1.368680E+4	0.000000E+0	0.000000E+0
1.591433E+3	-1.401580E-3	1.368660E+4	0.000000E+0	0.000000E+0
1.595433E+3	-1.401580E-3	1.368650E+4	0.000000E+0	0.000000E+0
1.599432E+3	-1.401570E-3	1.368600E+4	0.000000E+0	0.000000E+0
1.603432E+3	-1.401600E-3	1.368560E+4	0.000000E+0	0.000000E+0
1.607434E+3	-1.401560E-3	1.368540E+4	0.000000E+0	0.000000E+0
1.611431E+3	-1.401560E-3	1.368520E+4	0.000000E+0	0.000000E+0
1.615434E+3	-1.401550E-3	1.368500E+4	0.000000E+0	0.000000E+0
1.619430E+3	-1.401560E-3	1.368490E+4	0.000000E+0	0.000000E+0
1.623432E+3	-1.401570E-3	1.368460E+4	0.000000E+0	0.000000E+0
1.627442E+3	-1.401570E-3	1.368420E+4	0.000000E+0	0.000000E+0
1.631414E+3	-1.401570E-3	1.368380E+4	0.000000E+0	0.000000E+0
1.635452E+3	-1.401600E-3	1.368350E+4	0.000000E+0	0.000000E+0
1.639414E+3	-1.401580E-3	1.368320E+4	0.000000E+0	0.000000E+0
1.643447E+3	-1.401540E-3	1.368310E+4	0.000000E+0	0.000000E+0
1.647436E+3	-1.401550E-3	1.368290E+4	0.000000E+0	0.000000E+0
1.651433E+3	-1.401580E-3	1.368260E+4	0.000000E+0	0.000000E+0
1.655433E+3	-1.401570E-3	1.368240E+4	0.000000E+0	0.000000E+0
1.659438E+3	-1.401540E-3	1.368230E+4	0.000000E+0	0.000000E+0
1.663434E+3	-1.401550E-3	1.368240E+4	0.000000E+0	0.000000E+0
1.667429E+3	-1.401600E-3	1.368250E+4	0.000000E+0	0.000000E+0
1.671434E+3	-1.401590E-3	1.368240E+4	0.000000E+0	0.000000E+0
1.675436E+3	-1.401620E-3	1.368220E+4	0.000000E+0	0.000000E+0
1.679407E+3	-1.401580E-3	1.368190E+4	0.000000E+0	0.000000E+0
1.683443E+3	-1.401590E-3	1.368160E+4	0.000000E+0	0.000000E+0
1.687436E+3	-1.401570E-3	1.368130E+4	0.000000E+0	0.000000E+0
1.691435E+3	-1.401570E-3	1.368110E+4	0.000000E+0	0.000000E+0
1.695437E+3	-1.401560E-3	1.368090E+4	0.000000E+0	0.000000E+0
1.699437E+3	-1.401570E-3	1.368080E+4	0.000000E+0	0.000000E+0
1.703434E+3	-1.401570E-3	1.368060E+4	0.000000E+0	0.000000E+0
1.707435E+3	-1.401570E-3	1.368030E+4	0.000000E+0	0.000000E+0
1.711436E+3	-1.401530E-3	1.368020E+4	0.000000E+0	0.000000E+0
1.715438E+3	-1.401600E-3	1.368010E+4	0.000000E+0	0.000000E+0
1.719660E+3	-1.401550E-3	1.367990E+4	0.000000E+0	0.000000E+0
1.724014E+3	-1.401550E-3	1.367960E+4	0.000000E+0	0.000000E+0
1.727443E+3	-1.401560E-3	1.367930E+4	0.000000E+0	0.000000E+0
1.731434E+3	-1.401580E-3	1.367920E+4	0.000000E+0	0.000000E+0
1.735431E+3	-1.401590E-3	1.367890E+4	0.000000E+0	0.000000E+0
1.739436E+3	-1.401590E-3	1.367860E+4	0.000000E+0	0.000000E+0
1.743433E+3	-1.401550E-3	1.367860E+4	0.000000E+0	0.000000E+0
1.747429E+3	-1.401590E-3	1.367850E+4	0.000000E+0	0.000000E+0
1.751433E+3	-1.401550E-3	1.367850E+4	0.000000E+0	0.000000E+0
1.755433E+3	-1.401580E-3	1.367830E+4	0.000000E+0	0.000000E+0
1.759431E+3	-1.401540E-3	1.367820E+4	0.000000E+0	0.000000E+0
1.763433E+3	-1.401590E-3	1.367820E+4	0.000000E+0	0.000000E+0
1.767431E+3	-1.401590E-3	1.367770E+4	0.000000E+0	0.000000E+0
1.771434E+3	-1.401570E-3	1.367750E+4	0.000000E+0	0.000000E+0
1.775432E+3	-1.401550E-3	1.367730E+4	0.000000E+0	0.000000E+0
1.779432E+3	-1.401590E-3	1.367720E+4	0.000000E+0	0.000000E+0
1.783431E+3	-1.401570E-3	1.367690E+4	0.000000E+0	0.000000E+0
1.787437E+3	-1.401550E-3	1.367660E+4	0.000000E+0	0.000000E+0
1.791435E+3	-1.401570E-3	1.367630E+4	0.000000E+0	0.000000E+0
1.795434E+3	-1.401570E-3	1.367590E+4	0.000000E+0	0.000000E+0
1.799432E+3	-1.401560E-3	1.367540E+4	0.000000E+0	0.000000E+0
1.803434E+3	-1.401550E-3	1.367510E+4	0.000000E+0	0.000000E+0
1.807436E+3	-1.401560E-3	1.367480E+4	0.000000E+0	0.000000E+0
1.811433E+3	-1.401590E-3	1.367460E+4	0.000000E+0	0.000000E+0
1.815432E+3	-1.401610E-3	1.367430E+4	0.000000E+0	0.000000E+0
1.819433E+3	-1.401580E-3	1.367410E+4	0.000000E+0	0.000000E+0
1.823435E+3	-1.401570E-3	1.367390E+4	0.000000E+0	0.000000E+0
1.827435E+3	-1.401600E-3	1.367380E+4	0.000000E+0	0.000000E+0
1.831433E+3	-1.401630E-3	1.367370E+4	0.000000E+0	0.000000E+0
1.835434E+3	-1.401620E-3	1.367340E+4	0.000000E+0	0.000000E+0
1.839436E+3	-1.401580E-3	1.367310E+4	0.000000E+0	0.000000E+0
1.843437E+3	-1.401580E-3	1.367290E+4	0.000000E+0	0.000000E+0
1.847408E+3	-1.401620E-3	1.367280E+4	0.000000E+0	0.000000E+0
1.851446E+3	-1.401610E-3	1.367280E+4	0.000000E+0	0.000000E+0
1.855434E+3	-1.401590E-3	1.367280E+4	0.000000E+0	0.000000E+0
1.859435E+3	-1.401620E-3	1.367260E+4	0.000000E+0	0.000000E+0
1.863432E+3	-1.401620E-3	1.367250E+4	0.000000E+0	0.000000E+0
1.867431E+3	-1.401610E-3	1.367220E+4	0.000000E+0	0.000000E+0
1.871432E+3	-1.401590E-3	1.367190E+4	0.000000E+0	0.000000E+0
1.875433E+3	-1.401620E-3	1.367160E+4	0.000000E+0	0.000000E+0
1.879434E+3	-1.401610E-3	1.367130E+4	0.000000E+0	0.000000E+0
1.883433E+3	-1.401630E-3	1.367120E+4	0.000000E+0	0.000000E+0
1.887433E+3	-1.401610E-3	1.367110E+4	0.000000E+0	0.000000E+0
1.891433E+3	-1.401630E-3	1.367110E+4	0.000000E+0	0.000000E+0
1.895432E+3	-1.401630E-3	1.367090E+4	0.000000E+0	0.000000E+0
1.899435E+3	-1.401630E-3	1.367080E+4	0.000000E+0	0.000000E+0
1.903438E+3	-1.401600E-3	1.367060E+4	0.000000E+0	0.000000E+0
1.907411E+3	-1.401610E-3	1.367030E+4	0.000000E+0	0.000000E+0
1.911443E+3	-1.401600E-3	1.367010E+4	0.000000E+0	0.000000E+0
1.915433E+3	-1.401620E-3	1.366980E+4	0.000000E+0	0.000000E+0
1.919432E+3	-1.401580E-3	1.366950E+4	0.000000E+0	0.000000E+0
1.923437E+3	-1.401600E-3	1.366940E+4	0.000000E+0	0.000000E+0
1.927412E+3	-1.401600E-3	1.366920E+4	0.000000E+0	0.000000E+0
1.931446E+3	-1.401570E-3	1.366880E+4	0.000000E+0	0.000000E+0
1.935436E+3	-1.401590E-3	1.366850E+4	0.000000E+0	0.000000E+0
1.939436E+3	-1.401640E-3	1.366840E+4	0.000000E+0	0.000000E+0
1.943432E+3	-1.401590E-3	1.366830E+4	0.000000E+0	0.000000E+0
1.947437E+3	-1.401590E-3	1.366820E+4	0.000000E+0	0.000000E+0
1.951435E+3	-1.401620E-3	1.366810E+4	0.000000E+0	0.000000E+0
1.955429E+3	-1.401600E-3	1.366770E+4	0.000000E+0	0.000000E+0
1.959435E+3	-1.401590E-3	1.366730E+4	0.000000E+0	0.000000E+0
1.963435E+3	-1.401620E-3	1.366690E+4	0.000000E+0	0.000000E+0
1.967406E+3	-1.401580E-3	1.366680E+4	0.000000E+0	0.000000E+0
1.971445E+3	-1.401570E-3	1.366650E+4	0.000000E+0	0.000000E+0
1.975433E+3	-1.401610E-3	1.366610E+4	0.000000E+0	0.000000E+0
1.979436E+3	-1.401600E-3	1.366600E+4	0.000000E+0	0.000000E+0
1.983435E+3	-1.401570E-3	1.366560E+4	0.000000E+0	0.000000E+0
1.987436E+3	-1.401590E-3	1.366550E+4	0.000000E+0	0.000000E+0
1.991409E+3	-1.401590E-3	1.366510E+4	0.000000E+0	0.000000E+0
1.995445E+3	-1.401560E-3	1.366490E+4	0.000000E+0	0.000000E+0
1.999436E+3	-1.401560E-3	1.366460E+4	0.000000E+0	0.000000E+0
2.003436E+3	-1.401580E-3	1.366430E+4	0.000000E+0	0.000000E+0
2.007433E+3	-1.401560E-3	1.366400E+4	0.000000E+0	0.000000E+0
2.011436E+3	-1.401550E-3	1.366380E+4	0.000000E+0	0.000000E+0
2.015434E+3	-1.401580E-3	1.366360E+4	0.000000E+0	0.000000E+0
2.019435E+3	-1.401570E-3	1.366340E+4	0.000000E+0	0.000000E+0
2.023436E+3	-1.401580E-3	1.366320E+4	0.000000E+0	0.000000E+0
2.027432E+3	-1.401590E-3	1.366320E+4	0.000000E+0	0.000000E+0
2.031432E+3	-1.401590E-3	1.366310E+4	0.000000E+0	0.000000E+0
2.035431E+3	-1.401600E-3	1.366310E+4	0.000000E+0	0.000000E+0
2.039432E+3	-1.401550E-3	1.366310E+4	0.000000E+0	0.000000E+0
2.043432E+3	-1.401580E-3	1.366310E+4	0.000000E+0	0.000000E+0
2.047432E+3	-1.401530E-3	1.366320E+4	0.000000E+0	0.000000E+0
2.051430E+3	-1.401550E-3	1.366320E+4	0.000000E+0	0.000000E+0
2.055432E+3	-1.401570E-3	1.366290E+4	0.000000E+0	0.000000E+0
2.059436E+3	-1.401520E-3	1.366240E+4	0.000000E+0	0.000000E+0
2.063432E+3	-1.401530E-3	1.366210E+4	0.000000E+0	0.000000E+0
2.067433E+3	-1.401540E-3	1.366180E+4	0.000000E+0	0.000000E+0
2.071430E+3	-1.401530E-3	1.366150E+4	0.000000E+0	0.000000E+0
2.075438E+3	-1.401550E-3	1.366140E+4	0.000000E+0	0.000000E+0
2.079433E+3	-1.401550E-3	1.366120E+4	0.000000E+0	0.000000E+0
2.083431E+3	-1.401540E-3	1.366090E+4	0.000000E+0	0.000000E+0
2.087433E+3	-1.401540E-3	1.366050E+4	0.000000E+0	0.000000E+0
2.091433E+3	-1.401520E-3	1.366020E+4	0.000000E+0	0.000000E+0
2.095433E+3	-1.401530E-3	1.366000E+4	0.000000E+0	0.000000E+0
2.099431E+3	-1.401510E-3	1.365980E+4	0.000000E+0	0.000000E+0
2.103431E+3	-1.401560E-3	1.365960E+4	0.000000E+0	0.000000E+0
2.107436E+3	-1.401560E-3	1.365940E+4	0.000000E+0	0.000000E+0
2.111432E+3	-1.401560E-3	1.365920E+4	0.000000E+0	0.000000E+0
2.115432E+3	-1.401570E-3	1.365890E+4	0.000000E+0	0.000000E+0
2.119432E+3	-1.401560E-3	1.365860E+4	0.000000E+0	0.000000E+0
2.123440E+3	-1.401550E-3	1.365840E+4	0.000000E+0	0.000000E+0
2.127414E+3	-1.401560E-3	1.365810E+4	0.000000E+0	0.000000E+0
2.131449E+3	-1.401570E-3	1.365780E+4	0.000000E+0	0.000000E+0
2.135433E+3	-1.401580E-3	1.365750E+4	0.000000E+0	0.000000E+0
2.139437E+3	-1.401540E-3	1.365730E+4	0.000000E+0	0.000000E+0
2.143414E+3	-1.401560E-3	1.365720E+4	0.000000E+0	0.000000E+0
2.147443E+3	-1.401550E-3	1.365690E+4	0.000000E+0	0.000000E+0
2.151433E+3	-1.401580E-3	1.365680E+4	0.000000E+0	0.000000E+0
2.155431E+3	-1.401550E-3	1.365650E+4	0.000000E+0	0.000000E+0
2.159441E+3	-1.401540E-3	1.365640E+4	0.000000E+0	0.000000E+0
2.163409E+3	-1.401560E-3	1.365620E+4	0.000000E+0	0.000000E+0
2.167446E+3	-1.401490E-3	1.365600E+4	0.000000E+0	0.000000E+0
2.171441E+3	-1.401520E-3	1.365570E+4	0.000000E+0	0.000000E+0
2.175433E+3	-1.401560E-3	1.365530E+4	0.000000E+0	0.000000E+0
2.179433E+3	-1.401520E-3	1.365530E+4	0.000000E+0	0.000000E+0
2.183436E+3	-1.401540E-3	1.365530E+4	0.000000E+0	0.000000E+0
2.187437E+3	-1.401550E-3	1.365530E+4	0.000000E+0	0.000000E+0
2.191412E+3	-1.401500E-3	1.365530E+4	0.000000E+0	0.000000E+0
2.195444E+3	-1.401490E-3	1.365510E+4	0.000000E+0	0.000000E+0
2.199434E+3	-1.401520E-3	1.365490E+4	0.000000E+0	0.000000E+0
2.203433E+3	-1.401510E-3	1.365470E+4	0.000000E+0	0.000000E+0
2.207438E+3	-1.401520E-3	1.365440E+4	0.000000E+0	0.000000E+0
2.211408E+3	-1.401510E-3	1.365420E+4	0.000000E+0	0.000000E+0
2.215447E+3	-1.401520E-3	1.365400E+4	0.000000E+0	0.000000E+0
2.219435E+3	-1.401500E-3	1.365390E+4	0.000000E+0	0.000000E+0
2.223432E+3	-1.401530E-3	1.365360E+4	0.000000E+0	0.000000E+0
2.227430E+3	-1.401540E-3	1.365340E+4	0.000000E+0	0.000000E+0
2.231440E+3	-1.401530E-3	1.365340E+4	0.000000E+0	0.000000E+0
2.235415E+3	-1.401520E-3	1.365320E+4	0.000000E+0	0.000000E+0
2.239448E+3	-1.401540E-3	1.365290E+4	0.000000E+0	0.000000E+0
2.243438E+3	-1.401480E-3	1.365260E+4	0.000000E+0	0.000000E+0
2.247437E+3	-1.401490E-3	1.365250E+4	0.000000E+0	0.000000E+0
2.251415E+3	-1.401490E-3	1.365230E+4	0.000000E+0	0.000000E+0
2.255445E+3	-1.401470E-3	1.365170E+4	0.000000E+0	0.000000E+0
2.259434E+3	-1.401460E-3	1.365140E+4	0.000000E+0	0.000000E+0
2.263433E+3	-1.401480E-3	1.365140E+4	0.000000E+0	0.000000E+0
2.267437E+3	-1.401490E-3	1.365100E+4	0.000000E+0	0.000000E+0
2.271410E+3	-1.401460E-3	1.365100E+4	0.000000E+0	0.000000E+0
2.275451E+3	-1.401470E-3	1.365110E+4	0.000000E+0	0.000000E+0
2.279434E+3	-1.401460E-3	1.365090E+4	0.000000E+0	0.000000E+0
2.283432E+3	-1.401500E-3	1.365080E+4	0.000000E+0	0.000000E+0
2.287431E+3	-1.401450E-3	1.365060E+4	0.000000E+0	0.000000E+0
2.291439E+3	-1.401450E-3	1.365010E+4	0.000000E+0	0.000000E+0
2.295432E+3	-1.401450E-3	1.364980E+4	0.000000E+0	0.000000E+0
2.299434E+3	-1.401470E-3	1.364960E+4	0.000000E+0	0.000000E+0
2.303432E+3	-1.401430E-3	1.364930E+4	0.000000E+0	0.000000E+0
2.307437E+3	-1.401440E-3	1.364910E+4	0.000000E+0	0.000000E+0
2.311433E+3	-1.401450E-3	1.364890E+4	0.000000E+0	0.000000E+0
2.315433E+3	-1.401450E-3	1.364860E+4	0.000000E+0	0.000000E+0
2.319435E+3	-1.401430E-3	1.364840E+4	0.000000E+0	0.000000E+0
2.323435E+3	-1.401450E-3	1.364820E+4	0.000000E+0	0.000000E+0
2.327435E+3	-1.401450E-3	1.364830E+4	0.000000E+0	0.000000E+0
2.331428E+3	-1.401440E-3	1.364840E+4	0.000000E+0	0.000000E+0
2.335433E+3	-1.401450E-3	1.364830E+4	0.000000E+0	0.000000E+0
2.339431E+3	-1.401460E-3	1.364810E+4	0.000000E+0	0.000000E+0
2.343439E+3	-1.401430E-3	1.364790E+4	0.000000E+0	0.000000E+0
2.347415E+3	-1.401450E-3	1.364770E+4	0.000000E+0	0.000000E+0
2.351444E+3	-1.401430E-3	1.364750E+4	0.000000E+0	0.000000E+0
2.355434E+3	-1.401470E-3	1.364730E+4	0.000000E+0	0.000000E+0
2.359434E+3	-1.401450E-3	1.364720E+4	0.000000E+0	0.000000E+0
2.363440E+3	-1.401450E-3	1.364700E+4	0.000000E+0	0.000000E+0
2.367410E+3	-1.401470E-3	1.364680E+4	0.000000E+0	0.000000E+0
2.371451E+3	-1.401460E-3	1.364660E+4	0.000000E+0	0.000000E+0
2.375435E+3	-1.401460E-3	1.364650E+4	0.000000E+0	0.000000E+0
2.379434E+3	-1.401480E-3	1.364610E+4	0.000000E+0	0.000000E+0
2.383430E+3	-1.401450E-3	1.364600E+4	0.000000E+0	0.000000E+0
2.387440E+3	-1.401460E-3	1.364580E+4	0.000000E+0	0.000000E+0
2.391413E+3	-1.401450E-3	1.364560E+4	0.000000E+0	0.000000E+0
2.395450E+3	-1.401490E-3	1.364540E+4	0.000000E+0	0.000000E+0
2.399436E+3	-1.401470E-3	1.364520E+4	0.000000E+0	0.000000E+0
2.403439E+3	-1.401470E-3	1.364500E+4	0.000000E+0	0.000000E+0
2.407415E+3	-1.401460E-3	1.364480E+4	0.000000E+0	0.000000E+0
2.411445E+3	-1.401440E-3	1.364460E+4	0.000000E+0	0.000000E+0
2.415433E+3	-1.401480E-3	1.364430E+4	0.000000E+0	0.000000E+0
2.419432E+3	-1.401460E-3	1.364430E+4	0.000000E+0	0.000000E+0
2.423441E+3	-1.401440E-3	1.364420E+4	0.000000E+0	0.000000E+0
2.427412E+3	-1.401470E-3	1.364410E+4	0.000000E+0	0.000000E+0
2.431449E+3	-1.401410E-3	1.364400E+4	0.000000E+0	0.000000E+0
2.435436E+3	-1.401390E-3	1.364380E+4	0.000000E+0	0.000000E+0
2.439434E+3	-1.401440E-3	1.364360E+4	0.000000E+0	0.000000E+0
2.443432E+3	-1.401400E-3	1.364350E+4	0.000000E+0	0.000000E+0
2.447431E+3	-1.401430E-3	1.364350E+4	0.000000E+0	0.000000E+0
2.451432E+3	-1.401430E-3	1.364330E+4	0.000000E+0	0.000000E+0
2.455433E+3	-1.401430E-3	1.364310E+4	0.000000E+0	0.000000E+0
2.459430E+3	-1.401430E-3	1.364290E+4	0.000000E+0	0.000000E+0
2.463437E+3	-1.401430E-3	1.364260E+4	0.000000E+0	0.000000E+0
2.467410E+3	-1.401410E-3	1.364240E+4	0.000000E+0	0.000000E+0
2.471449E+3	-1.401420E-3	1.364220E+4	0.000000E+0	0.000000E+0
2.475432E+3	-1.401450E-3	1.364220E+4	0.000000E+0	0.000000E+0
2.479442E+3	-1.401430E-3	1.364210E+4	0.000000E+0	0.000000E+0
2.483414E+3	-1.401420E-3	1.364170E+4	0.000000E+0	0.000000E+0
2.487445E+3	-1.401440E-3	1.364140E+4	0.000000E+0	0.000000E+0
2.491432E+3	-1.401410E-3	1.364110E+4	0.000000E+0	0.000000E+0
2.495432E+3	-1.401400E-3	1.364100E+4	0.000000E+0	0.000000E+0
2.499442E+3	-1.401400E-3	1.364080E+4	0.000000E+0	0.000000E+0
2.503412E+3	-1.401410E-3	1.364080E+4	0.000000E+0	0.000000E+0
2.507445E+3	-1.401390E-3	1.364070E+4	0.000000E+0	0.000000E+0
2.511436E+3	-1.401420E-3	1.364050E+4	0.000000E+0	0.000000E+0
2.515433E+3	-1.401430E-3	1.364020E+4	0.000000E+0	0.000000E+0
2.519429E+3	-1.401470E-3	1.364000E+4	0.000000E+0	0.000000E+0
2.523441E+3	-1.401430E-3	1.363990E+4	0.000000E+0	0.000000E+0
2.527410E+3	-1.401410E-3	1.363950E+4	0.000000E+0	0.000000E+0
2.531446E+3	-1.401440E-3	1.363910E+4	0.000000E+0	0.000000E+0
2.535436E+3	-1.401410E-3	1.363890E+4	0.000000E+0	0.000000E+0
2.539434E+3	-1.401400E-3	1.363890E+4	0.000000E+0	0.000000E+0
2.543434E+3	-1.401400E-3	1.363880E+4	0.000000E+0	0.000000E+0
2.547435E+3	-1.401410E-3	1.363870E+4	0.000000E+0	0.000000E+0
2.551432E+3	-1.401430E-3	1.363850E+4	0.000000E+0	0.000000E+0
2.555435E+3	-1.401430E-3	1.363830E+4	0.000000E+0	0.000000E+0
2.559432E+3	-1.401410E-3	1.363810E+4	0.000000E+0	0.000000E+0
2.563432E+3	-1.401420E-3	1.363790E+4	0.000000E+0	0.000000E+0
2.567433E+3	-1.401420E-3	1.363770E+4	0.000000E+0	0.000000E+0
2.571432E+3	-1.401400E-3	1.363770E+4	0.000000E+0	0.000000E+0
2.575430E+3	-1.401420E-3	1.363770E+4	0.000000E+0	0.000000E+0
2.579431E+3	-1.401430E-3	1.363770E+4	0.000000E+0	0.000000E+0
2.583430E+3	-1.401400E-3	1.363760E+4	0.000000E+0	0.000000E+0
2.587438E+3	-1.401400E-3	1.363730E+4	0.000000E+0	0.000000E+0
2.591412E+3	-1.401400E-3	1.363730E+4	0.000000E+0	0.000000E+0
2.595453E+3	-1.401400E-3	1.363720E+4	0.000000E+0	0.000000E+0
2.599436E+3	-1.401420E-3	1.363700E+4	0.000000E+0	0.000000E+0
2.603436E+3	-1.401410E-3	1.363670E+4	0.000000E+0	0.000000E+0
2.607436E+3	-1.401400E-3	1.363630E+4	0.000000E+0	0.000000E+0
2.611436E+3	-1.401420E-3	1.363600E+4	0.000000E+0	0.000000E+0
2.615431E+3	-1.401450E-3	1.363560E+4	0.000000E+0	0.000000E+0
2.619431E+3	-1.401420E-3	1.363510E+4	0.000000E+0	0.000000E+0
2.623432E+3	-1.401430E-3	1.363490E+4	0.000000E+0	0.000000E+0
2.627431E+3	-1.401410E-3	1.363450E+4	0.000000E+0	0.000000E+0
2.631434E+3	-1.401430E-3	1.363420E+4	0.000000E+0	0.000000E+0
2.635430E+3	-1.401390E-3	1.363400E+4	0.000000E+0	0.000000E+0
2.639433E+3	-1.401400E-3	1.363390E+4	0.000000E+0	0.000000E+0
2.643432E+3	-1.401400E-3	1.363360E+4	0.000000E+0	0.000000E+0
2.647431E+3	-1.401420E-3	1.363360E+4	0.000000E+0	0.000000E+0
2.651432E+3	-1.401390E-3	1.363350E+4	0.000000E+0	0.000000E+0
2.655433E+3	-1.401380E-3	1.363330E+4	0.000000E+0	0.000000E+0
2.659430E+3	-1.401420E-3	1.363310E+4	0.000000E+0	0.000000E+0
2.663431E+3	-1.401370E-3	1.363310E+4	0.000000E+0	0.000000E+0
2.667430E+3	-1.401420E-3	1.363320E+4	0.000000E+0	0.000000E+0
2.671430E+3	-1.401430E-3	1.363320E+4	0.000000E+0	0.000000E+0
2.675431E+3	-1.401420E-3	1.363300E+4	0.000000E+0	0.000000E+0
2.679431E+3	-1.401400E-3	1.363280E+4	0.000000E+0	0.000000E+0
2.683431E+3	-1.401400E-3	1.363250E+4	0.000000E+0	0.000000E+0
2.687434E+3	-1.401370E-3	1.363210E+4	0.000000E+0	0.000000E+0
2.691433E+3	-1.401400E-3	1.363170E+4	0.000000E+0	0.000000E+0
2.695433E+3	-1.401420E-3	1.363130E+4	0.000000E+0	0.000000E+0
2.699432E+3	-1.401360E-3	1.363090E+4	0.000000E+0	0.000000E+0
2.703431E+3	-1.401370E-3	1.363060E+4	0.000000E+0	0.000000E+0
2.707432E+3	-1.401360E-3	1.363030E+4	0.000000E+0	0.000000E+0
2.711432E+3	-1.401330E-3	1.363000E+4	0.000000E+0	0.000000E+0
2.715432E+3	-1.401370E-3	1.362970E+4	0.000000E+0	0.000000E+0
2.719432E+3	-1.401350E-3	1.362960E+4	0.000000E+0	0.000000E+0
2.723432E+3	-1.401360E-3	1.362940E+4	0.000000E+0	0.000000E+0
2.727430E+3	-1.401350E-3	1.362920E+4	0.000000E+0	0.000000E+0
2.731438E+3	-1.401360E-3	1.362910E+4	0.000000E+0	0.000000E+0
2.735411E+3	-1.401370E-3	1.362890E+4	0.000000E+0	0.000000E+0
2.739450E+3	-1.401370E-3	1.362880E+4	0.000000E+0	0.000000E+0
2.743412E+3	-1.401390E-3	1.362870E+4	0.000000E+0	0.000000E+0
2.747448E+3	-1.401350E-3	1.362840E+4	0.000000E+0	0.000000E+0
2.751435E+3	-1.401370E-3	1.362820E+4	0.000000E+0	0.000000E+0
2.755428E+3	-1.401370E-3	1.362800E+4	0.000000E+0	0.000000E+0
2.759431E+3	-1.401350E-3	1.362780E+4	0.000000E+0	0.000000E+0
2.763438E+3	-1.401360E-3	1.362750E+4	0.000000E+0	0.000000E+0
2.767417E+3	-1.401370E-3	1.362710E+4	0.000000E+0	0.000000E+0
2.771450E+3	-1.401400E-3	1.362700E+4	0.000000E+0	0.000000E+0
2.775434E+3	-1.401370E-3	1.362690E+4	0.000000E+0	0.000000E+0
2.779439E+3	-1.401350E-3	1.362670E+4	0.000000E+0	0.000000E+0
2.783413E+3	-1.401360E-3	1.362660E+4	0.000000E+0	0.000000E+0
2.787444E+3	-1.401350E-3	1.362630E+4	0.000000E+0	0.000000E+0
2.791429E+3	-1.401370E-3	1.362600E+4	0.000000E+0	0.000000E+0
2.795429E+3	-1.401370E-3	1.362570E+4	0.000000E+0	0.000000E+0
2.799441E+3	-1.401390E-3	1.362560E+4	0.000000E+0	0.000000E+0
2.803408E+3	-1.401390E-3	1.362560E+4	0.000000E+0	0.000000E+0
2.807445E+3	-1.401380E-3	1.362570E+4	0.000000E+0	0.000000E+0
2.811435E+3	-1.401430E-3	1.362580E+4	0.000000E+0	0.000000E+0
2.815433E+3	-1.401430E-3	1.362570E+4	0.000000E+0	0.000000E+0
2.819432E+3	-1.401410E-3	1.362550E+4	0.000000E+0	0.000000E+0
2.823432E+3	-1.401410E-3	1.362530E+4	0.000000E+0	0.000000E+0
2.827430E+3	-1.401400E-3	1.362510E+4	0.000000E+0	0.000000E+0
2.831432E+3	-1.401460E-3	1.362470E+4	0.000000E+0	0.000000E+0
2.835431E+3	-1.401440E-3	1.362460E+4	0.000000E+0	0.000000E+0
2.839435E+3	-1.401410E-3	1.362460E+4	0.000000E+0	0.000000E+0
2.843433E+3	-1.401420E-3	1.362440E+4	0.000000E+0	0.000000E+0
2.847434E+3	-1.401440E-3	1.362420E+4	0.000000E+0	0.000000E+0
2.851434E+3	-1.401420E-3	1.362400E+4	0.000000E+0	0.000000E+0
2.855434E+3	-1.401420E-3	1.362390E+4	0.000000E+0	0.000000E+0
2.859433E+3	-1.401410E-3	1.362350E+4	0.000000E+0	0.000000E+0
2.863431E+3	-1.401440E-3	1.362340E+4	0.000000E+0	0.000000E+0
2.867435E+3	-1.401430E-3	1.362330E+4	0.000000E+0	0.000000E+0
2.871431E+3	-1.401390E-3	1.362300E+4	0.000000E+0	0.000000E+0
2.875436E+3	-1.401410E-3	1.362280E+4	0.000000E+0	0.000000E+0
2.879434E+3	-1.401410E-3	1.362250E+4	0.000000E+0	0.000000E+0
2.883434E+3	-1.401410E-3	1.362220E+4	0.000000E+0	0.000000E+0
2.887431E+3	-1.401400E-3	1.362200E+4	0.000000E+0	0.000000E+0
2.891432E+3	-1.401410E-3	1.362190E+4	0.000000E+0	0.000000E+0
2.895431E+3	-1.401420E-3	1.362180E+4	0.000000E+0	0.000000E+0
2.899434E+3	-1.401440E-3	1.362160E+4	0.000000E+0	0.000000E+0
2.903432E+3	-1.401420E-3	1.362150E+4	0.000000E+0	0.000000E+0
2.907432E+3	-1.401410E-3	1.362140E+4	0.000000E+0	0.000000E+0
2.911432E+3	-1.401400E-3	1.362140E+4	0.000000E+0	0.000000E+0
2.915435E+3	-1.401420E-3	1.362110E+4	0.000000E+0	0.000000E+0
2.919433E+3	-1.401400E-3	1.362090E+4	0.000000E+0	0.000000E+0
2.923431E+3	-1.401400E-3	1.362050E+4	0.000000E+0	0.000000E+0
2.927431E+3	-1.401390E-3	1.362030E+4	0.000000E+0	0.000000E+0
2.931431E+3	-1.401380E-3	1.362000E+4	0.000000E+0	0.000000E+0
2.935434E+3	-1.401370E-3	1.361970E+4	0.000000E+0	0.000000E+0
2.939433E+3	-1.401400E-3	1.361920E+4	0.000000E+0	0.000000E+0
2.943431E+3	-1.401380E-3	1.361880E+4	0.000000E+0	0.000000E+0
2.947431E+3	-1.401420E-3	1.361850E+4	0.000000E+0	0.000000E+0
2.951436E+3	-1.401370E-3	1.361820E+4	0.000000E+0	0.000000E+0
2.955436E+3	-1.401360E-3	1.361800E+4	0.000000E+0	0.000000E+0
2.959410E+3	-1.401360E-3	1.361780E+4	0.000000E+0	0.000000E+0
2.963443E+3	-1.401370E-3	1.361770E+4	0.000000E+0	0.000000E+0
2.967432E+3	-1.401370E-3	1.361750E+4	0.000000E+0	0.000000E+0
2.971431E+3	-1.401360E-3	1.361750E+4	0.000000E+0	0.000000E+0
2.975442E+3	-1.401380E-3	1.361740E+4	0.000000E+0	0.000000E+0
2.979411E+3	-1.401370E-3	1.361740E+4	0.000000E+0	0.000000E+0
2.983444E+3	-1.401380E-3	1.361730E+4	0.000000E+0	0.000000E+0
2.987435E+3	-1.401370E-3	1.361710E+4	0.000000E+0	0.000000E+0
2.991434E+3	-1.401410E-3	1.361690E+4	0.000000E+0	0.000000E+0
2.995430E+3	-1.401400E-3	1.361670E+4	0.000000E+0	0.000000E+0
2.999435E+3	-1.401340E-3	1.361640E+4	0.000000E+0	0.000000E+0
3.003432E+3	-1.401390E-3	1.361620E+4	0.000000E+0	0.000000E+0
3.007431E+3	-1.401380E-3	1.361620E+4	0.000000E+0	0.000000E+0
3.011431E+3	-1.401370E-3	1.361600E+4	0.000000E+0	0.000000E+0
3.015431E+3	-1.401360E-3	1.361600E+4	0.000000E+0	0.000000E+0
3.019433E+3	-1.401380E-3	1.361600E+4	0.000000E+0	0.000000E+0
3.023433E+3	-1.401400E-3	1.361600E+4	0.000000E+0	0.000000E+0
3.027433E+3	-1.401420E-3	1.361570E+4	0.000000E+0	0.000000E+0
3.031431E+3	-1.401370E-3	1.361540E+4	0.000000E+0	0.000000E+0
3.035433E+3	-1.401400E-3	1.361530E+4	0.000000E+0	0.000000E+0
3.039432E+3	-1.401410E-3	1.361520E+4	0.000000E+0	0.000000E+0
3.043431E+3	-1.401410E-3	1.361480E+4	0.000000E+0	0.000000E+0
3.047431E+3	-1.401400E-3	1.361440E+4	0.000000E+0	0.000000E+0
3.051432E+3	-1.401400E-3	1.361420E+4	0.000000E+0	0.000000E+0
3.055431E+3	-1.401390E-3	1.361410E+4	0.000000E+0	0.000000E+0
3.059431E+3	-1.401390E-3	1.361390E+4	0.000000E+0	0.000000E+0
3.063430E+3	-1.401360E-3	1.361360E+4	0.000000E+0	0.000000E+0
3.067433E+3	-1.401360E-3	1.361340E+4	0.000000E+0	0.000000E+0
3.071431E+3	-1.401380E-3	1.361330E+4	0.000000E+0	0.000000E+0
3.075437E+3	-1.401390E-3	1.361300E+4	0.000000E+0	0.000000E+0
3.079435E+3	-1.401340E-3	1.361290E+4	0.000000E+0	0.000000E+0
3.083433E+3	-1.401340E-3	1.361270E+4	0.000000E+0	0.000000E+0
3.087432E+3	-1.401380E-3	1.361250E+4	0.000000E+0	0.000000E+0
3.091430E+3	-1.401350E-3	1.361250E+4	0.000000E+0	0.000000E+0
3.095428E+3	-1.401340E-3	1.361220E+4	0.000000E+0	0.000000E+0
3.099431E+3	-1.401340E-3	1.361200E+4	0.000000E+0	0.000000E+0
3.103433E+3	-1.401380E-3	1.361180E+4	0.000000E+0	0.000000E+0
3.107433E+3	-1.401380E-3	1.361180E+4	0.000000E+0	0.000000E+0
3.111433E+3	-1.401390E-3	1.361170E+4	0.000000E+0	0.000000E+0
3.115434E+3	-1.401370E-3	1.361150E+4	0.000000E+0	0.000000E+0
3.119432E+3	-1.401370E-3	1.361140E+4	0.000000E+0	0.000000E+0
3.123433E+3	-1.401350E-3	1.361150E+4	0.000000E+0	0.000000E+0
3.127429E+3	-1.401380E-3	1.361150E+4	0.000000E+0	0.000000E+0
3.131434E+3	-1.401380E-3	1.361130E+4	0.000000E+0	0.000000E+0
3.135434E+3	-1.401390E-3	1.361090E+4	0.000000E+0	0.000000E+0
3.139434E+3	-1.401380E-3	1.361060E+4	0.000000E+0	0.000000E+0
3.143432E+3	-1.401380E-3	1.361040E+4	0.000000E+0	0.000000E+0
3.147432E+3	-1.401390E-3	1.361020E+4	0.000000E+0	0.000000E+0
3.151431E+3	-1.401400E-3	1.360980E+4	0.000000E+0	0.000000E+0
3.155434E+3	-1.401380E-3	1.360960E+4	0.000000E+0	0.000000E+0
3.159430E+3	-1.401360E-3	1.360940E+4	0.000000E+0	0.000000E+0
3.163430E+3	-1.401350E-3	1.360940E+4	0.000000E+0	0.000000E+0
3.167432E+3	-1.401370E-3	1.360930E+4	0.000000E+0	0.000000E+0
3.171432E+3	-1.401390E-3	1.360910E+4	0.000000E+0	0.000000E+0
3.175433E+3	-1.401370E-3	1.360880E+4	0.000000E+0	0.000000E+0
3.179432E+3	-1.401380E-3	1.360840E+4	0.000000E+0	0.000000E+0
3.183431E+3	-1.401360E-3	1.360810E+4	0.000000E+0	0.000000E+0
3.187432E+3	-1.401370E-3	1.360790E+4	0.000000E+0	0.000000E+0
3.191430E+3	-1.401350E-3	1.360780E+4	0.000000E+0	0.000000E+0
3.195430E+3	-1.401370E-3	1.360780E+4	0.000000E+0	0.000000E+0
3.199431E+3	-1.401360E-3	1.360770E+4	0.000000E+0	0.000000E+0
3.203433E+3	-1.401360E-3	1.360760E+4	0.000000E+0	0.000000E+0
3.207431E+3	-1.401320E-3	1.360750E+4	0.000000E+0	0.000000E+0
3.211431E+3	-1.401340E-3	1.360730E+4	0.000000E+0	0.000000E+0
3.215431E+3	-1.401380E-3	1.360720E+4	0.000000E+0	0.000000E+0
3.219432E+3	-1.401330E-3	1.360690E+4	0.000000E+0	0.000000E+0
3.223434E+3	-1.401330E-3	1.360670E+4	0.000000E+0	0.000000E+0
3.227432E+3	-1.401330E-3	1.360640E+4	0.000000E+0	0.000000E+0
3.231431E+3	-1.401330E-3	1.360610E+4	0.000000E+0	0.000000E+0
3.235429E+3	-1.401370E-3	1.360570E+4	0.000000E+0	0.000000E+0
3.239430E+3	-1.401330E-3	1.360530E+4	0.000000E+0	0.000000E+0
3.243434E+3	-1.401330E-3	1.360500E+4	0.000000E+0	0.000000E+0
3.247429E+3	-1.401340E-3	1.360480E+4	0.000000E+0	0.000000E+0
3.251430E+3	-1.401310E-3	1.360440E+4	0.000000E+0	0.000000E+0
3.255431E+3	-1.401340E-3	1.360410E+4	0.000000E+0	0.000000E+0
3.259435E+3	-1.401330E-3	1.360390E+4	0.000000E+0	0.000000E+0
3.263433E+3	-1.401350E-3	1.360380E+4	0.000000E+0	0.000000E+0
3.267431E+3	-1.401350E-3	1.360370E+4	0.000000E+0	0.000000E+0
3.271431E+3	-1.401350E-3	1.360360E+4	0.000000E+0	0.000000E+0
3.275434E+3	-1.401350E-3	1.360340E+4	0.000000E+0	0.000000E+0
3.279434E+3	-1.401360E-3	1.360320E+4	0.000000E+0	0.000000E+0
3.283433E+3	-1.401370E-3	1.360310E+4	0.000000E+0	0.000000E+0
3.287431E+3	-1.401380E-3	1.360280E+4	0.000000E+0	0.000000E+0
3.291433E+3	-1.401340E-3	1.360230E+4	0.000000E+0	0.000000E+0
3.295434E+3	-1.401390E-3	1.360200E+4	0.000000E+0	0.000000E+0
3.299431E+3	-1.401370E-3	1.360170E+4	0.000000E+0	0.000000E+0
3.303432E+3	-1.401370E-3	1.360150E+4	0.000000E+0	0.000000E+0
3.307433E+3	-1.401370E-3	1.360110E+4	0.000000E+0	0.000000E+0
3.311430E+3	-1.401380E-3	1.360090E+4	0.000000E+0	0.000000E+0
3.315434E+3	-1.401370E-3	1.360090E+4	0.000000E+0	0.000000E+0
3.319431E+3	-1.401350E-3	1.360110E+4	0.000000E+0	0.000000E+0
3.323434E+3	-1.401360E-3	1.360090E+4	0.000000E+0	0.000000E+0
3.327430E+3	-1.401370E-3	1.360060E+4	0.000000E+0	0.000000E+0
3.331432E+3	-1.401340E-3	1.360030E+4	0.000000E+0	0.000000E+0
3.335430E+3	-1.401360E-3	1.360000E+4	0.000000E+0	0.000000E+0
3.339433E+3	-1.401360E-3	1.359970E+4	0.000000E+0	0.000000E+0
3.343432E+3	-1.401360E-3	1.359950E+4	0.000000E+0	0.000000E+0
3.347431E+3	-1.401360E-3	1.359940E+4	0.000000E+0	0.000000E+0
3.351432E+3	-1.401340E-3	1.359920E+4	0.000000E+0	0.000000E+0
3.355430E+3	-1.401350E-3	1.359920E+4	0.000000E+0	0.000000E+0
3.359430E+3	-1.401380E-3	1.359910E+4	0.000000E+0	0.000000E+0
3.363427E+3	-1.401360E-3	1.359900E+4	0.000000E+0	0.000000E+0
3.367438E+3	-1.401350E-3	1.359880E+4	0.000000E+0	0.000000E+0
3.371422E+3	-1.401350E-3	1.359850E+4	0.000000E+0	0.000000E+0
3.375439E+3	-1.401380E-3	1.359840E+4	0.000000E+0	0.000000E+0
3.379411E+3	-1.401350E-3	1.359830E+4	0.000000E+0	0.000000E+0
3.383454E+3	-1.401370E-3	1.359820E+4	0.000000E+0	0.000000E+0
3.387417E+3	-1.401360E-3	1.359810E+4	0.000000E+0	0.000000E+0
3.391449E+3	-1.401360E-3	1.359780E+4	0.000000E+0	0.000000E+0
3.395439E+3	-1.401350E-3	1.359770E+4	0.000000E+0	0.000000E+0
3.399437E+3	-1.401340E-3	1.359750E+4	0.000000E+0	0.000000E+0
3.403415E+3	-1.401360E-3	1.359750E+4	0.000000E+0	0.000000E+0
3.407447E+3	-1.401320E-3	1.359730E+4	0.000000E+0	0.000000E+0
3.411441E+3	-1.401350E-3	1.359720E+4	0.000000E+0	0.000000E+0
3.415411E+3	-1.401360E-3	1.359710E+4	0.000000E+0	0.000000E+0
3.419447E+3	-1.401340E-3	1.359690E+4	0.000000E+0	0.000000E+0
3.423433E+3	-1.401350E-3	1.359670E+4	0.000000E+0	0.000000E+0
3.427428E+3	-1.401350E-3	1.359650E+4	0.000000E+0	0.000000E+0
3.431433E+3	-1.401340E-3	1.359650E+4	0.000000E+0	0.000000E+0
3.435430E+3	-1.401350E-3	1.359630E+4	0.000000E+0	0.000000E+0
3.439429E+3	-1.401300E-3	1.359610E+4	0.000000E+0	0.000000E+0
3.443430E+3	-1.401300E-3	1.359590E+4	0.000000E+0	0.000000E+0
3.447430E+3	-1.401340E-3	1.359570E+4	0.000000E+0	0.000000E+0
3.451431E+3	-1.401330E-3	1.359550E+4	0.000000E+0	0.000000E+0
3.455431E+3	-1.401320E-3	1.359540E+4	0.000000E+0	0.000000E+0
3.459433E+3	-1.401340E-3	1.359550E+4	0.000000E+0	0.000000E+0
3.463433E+3	-1.401300E-3	1.359540E+4	0.000000E+0	0.000000E+0
3.467431E+3	-1.401340E-3	1.359530E+4	0.000000E+0	0.000000E+0
3.471431E+3	-1.401340E-3	1.359520E+4	0.000000E+0	0.000000E+0
3.475428E+3	-1.401330E-3	1.359520E+4	0.000000E+0	0.000000E+0
3.479434E+3	-1.401300E-3	1.359500E+4	0.000000E+0	0.000000E+0
3.483431E+3	-1.401340E-3	1.359470E+4	0.000000E+0	0.000000E+0
3.487428E+3	-1.401330E-3	1.359440E+4	0.000000E+0	0.000000E+0
3.491429E+3	-1.401330E-3	1.359430E+4	0.000000E+0	0.000000E+0
3.495434E+3	-1.401310E-3	1.359400E+4	0.000000E+0	0.000000E+0
3.499430E+3	-1.401350E-3	1.359360E+4	0.000000E+0	0.000000E+0
3.503430E+3	-1.401320E-3	1.359350E+4	0.000000E+0	0.000000E+0
3.507432E+3	-1.401320E-3	1.359360E+4	0.000000E+0	0.000000E+0
3.511429E+3	-1.401300E-3	1.359380E+4	0.000000E+0	0.000000E+0
3.515432E+3	-1.401320E-3	1.359330E+4	0.000000E+0	0.000000E+0
3.519433E+3	-1.401340E-3	1.359290E+4	0.000000E+0	0.000000E+0
3.523433E+3	-1.401320E-3	1.359250E+4	0.000000E+0	0.000000E+0
3.527431E+3	-1.401330E-3	1.359240E+4	0.000000E+0	0.000000E+0
3.531431E+3	-1.401350E-3	1.359260E+4	0.000000E+0	0.000000E+0
3.535432E+3	-1.401320E-3	1.359260E+4	0.000000E+0	0.000000E+0
3.539431E+3	-1.401310E-3	1.359250E+4	0.000000E+0	0.000000E+0
3.543431E+3	-1.401320E-3	1.359220E+4	0.000000E+0	0.000000E+0
3.547433E+3	-1.401330E-3	1.359180E+4	0.000000E+0	0.000000E+0
3.551429E+3	-1.401270E-3	1.359160E+4	0.000000E+0	0.000000E+0
3.555436E+3	-1.401270E-3	1.359140E+4	0.000000E+0	0.000000E+0
3.559436E+3	-1.401270E-3	1.359080E+4	0.000000E+0	0.000000E+0
3.563410E+3	-1.401280E-3	1.359030E+4	0.000000E+0	0.000000E+0
3.567442E+3	-1.401230E-3	1.358990E+4	0.000000E+0	0.000000E+0
3.571432E+3	-1.401280E-3	1.358930E+4	0.000000E+0	0.000000E+0
3.575435E+3	-1.401250E-3	1.358890E+4	0.000000E+0	0.000000E+0
3.579431E+3	-1.401230E-3	1.358850E+4	0.000000E+0	0.000000E+0
3.583490E+3	-1.401230E-3	1.358810E+4	0.000000E+0	0.000000E+0
3.587432E+3	-1.401250E-3	1.358770E+4	0.000000E+0	0.000000E+0
3.591514E+3	-1.401220E-3	1.358730E+4	0.000000E+0	0.000000E+0
3.595530E+3	-1.401240E-3	1.358720E+4	0.000000E+0	0.000000E+0
3.599448E+3	-1.401280E-3	1.358710E+4	0.000000E+0	0.000000E+0
3.603560E+3	-1.401240E-3	1.358720E+4	0.000000E+0	0.000000E+0
3.607494E+3	-1.401250E-3	1.358700E+4	0.000000E+0	0.000000E+0
3.611419E+3	-1.401250E-3	1.358710E+4	0.000000E+0	0.000000E+0
3.615451E+3	-1.401250E-3	1.358710E+4	0.000000E+0	0.000000E+0
3.619414E+3	-1.401230E-3	1.358690E+4	0.000000E+0	0.000000E+0
3.623448E+3	-1.401190E-3	1.358660E+4	0.000000E+0	0.000000E+0
3.627433E+3	-1.401210E-3	1.358650E+4	0.000000E+0	0.000000E+0
3.631431E+3	-1.401240E-3	1.358630E+4	0.000000E+0	0.000000E+0
3.635429E+3	-1.401230E-3	1.358610E+4	0.000000E+0	0.000000E+0
3.639433E+3	-1.401230E-3	1.358590E+4	0.000000E+0	0.000000E+0
3.643434E+3	-1.401200E-3	1.358570E+4	0.000000E+0	0.000000E+0
3.647434E+3	-1.401230E-3	1.358540E+4	0.000000E+0	0.000000E+0
3.651429E+3	-1.401230E-3	1.358500E+4	0.000000E+0	0.000000E+0
3.655429E+3	-1.401210E-3	1.358490E+4	0.000000E+0	0.000000E+0
3.659429E+3	-1.401230E-3	1.358460E+4	0.000000E+0	0.000000E+0
3.663438E+3	-1.401240E-3	1.358460E+4	0.000000E+0	0.000000E+0
3.667441E+3	-1.401270E-3	1.358430E+4	0.000000E+0	0.000000E+0
3.671410E+3	-1.401260E-3	1.358410E+4	0.000000E+0	0.000000E+0
3.675448E+3	-1.401290E-3	1.358400E+4	0.000000E+0	0.000000E+0
3.679433E+3	-1.401300E-3	1.358400E+4	0.000000E+0	0.000000E+0
3.683433E+3	-1.401280E-3	1.358400E+4	0.000000E+0	0.000000E+0
3.687430E+3	-1.401270E-3	1.358400E+4	0.000000E+0	0.000000E+0
3.691432E+3	-1.401260E-3	1.358390E+4	0.000000E+0	0.000000E+0
3.695428E+3	-1.401250E-3	1.358390E+4	0.000000E+0	0.000000E+0
3.699436E+3	-1.401240E-3	1.358350E+4	0.000000E+0	0.000000E+0
3.703411E+3	-1.401260E-3	1.358310E+4	0.000000E+0	0.000000E+0
3.707447E+3	-1.401240E-3	1.358290E+4	0.000000E+0	0.000000E+0
3.711431E+3	-1.401220E-3	1.358280E+4	0.000000E+0	0.000000E+0
3.715431E+3	-1.401230E-3	1.358250E+4	0.000000E+0	0.000000E+0
3.719433E+3	-1.401190E-3	1.358210E+4	0.000000E+0	0.000000E+0
3.723437E+3	-1.401240E-3	1.358190E+4	0.000000E+0	0.000000E+0
3.727412E+3	-1.401210E-3	1.358190E+4	0.000000E+0	0.000000E+0
3.731449E+3	-1.401210E-3	1.358190E+4	0.000000E+0	0.000000E+0
3.735436E+3	-1.401190E-3	1.358190E+4	0.000000E+0	0.000000E+0
3.739433E+3	-1.401210E-3	1.358170E+4	0.000000E+0	0.000000E+0
3.743436E+3	-1.401200E-3	1.358140E+4	0.000000E+0	0.000000E+0
3.747434E+3	-1.401200E-3	1.358120E+4	0.000000E+0	0.000000E+0
3.751432E+3	-1.401180E-3	1.358100E+4	0.000000E+0	0.000000E+0
3.755430E+3	-1.401210E-3	1.358090E+4	0.000000E+0	0.000000E+0
3.759430E+3	-1.401190E-3	1.358080E+4	0.000000E+0	0.000000E+0
3.763435E+3	-1.401190E-3	1.358070E+4	0.000000E+0	0.000000E+0
3.767433E+3	-1.401210E-3	1.358050E+4	0.000000E+0	0.000000E+0
3.771433E+3	-1.401220E-3	1.358020E+4	0.000000E+0	0.000000E+0
3.775433E+3	-1.401190E-3	1.357990E+4	0.000000E+0	0.000000E+0
3.779432E+3	-1.401180E-3	1.357960E+4	0.000000E+0	0.000000E+0
3.783433E+3	-1.401180E-3	1.357930E+4	0.000000E+0	0.000000E+0
3.787432E+3	-1.401200E-3	1.357940E+4	0.000000E+0	0.000000E+0
3.791427E+3	-1.401200E-3	1.357940E+4	0.000000E+0	0.000000E+0
3.795427E+3	-1.401200E-3	1.357940E+4	0.000000E+0	0.000000E+0
3.799434E+3	-1.401220E-3	1.357930E+4	0.000000E+0	0.000000E+0
3.803434E+3	-1.401230E-3	1.357920E+4	0.000000E+0	0.000000E+0
3.807434E+3	-1.401210E-3	1.357890E+4	0.000000E+0	0.000000E+0
3.811434E+3	-1.401130E-3	1.357860E+4	0.000000E+0	0.000000E+0
3.815437E+3	-1.401180E-3	1.357810E+4	0.000000E+0	0.000000E+0
3.819412E+3	-1.401200E-3	1.357770E+4	0.000000E+0	0.000000E+0
3.823444E+3	-1.401150E-3	1.357760E+4	0.000000E+0	0.000000E+0
3.827434E+3	-1.401200E-3	1.357770E+4	0.000000E+0	0.000000E+0
3.831431E+3	-1.401170E-3	1.357750E+4	0.000000E+0	0.000000E+0
3.835435E+3	-1.401210E-3	1.357710E+4	0.000000E+0	0.000000E+0
3.839434E+3	-1.401190E-3	1.357690E+4	0.000000E+0	0.000000E+0
3.843434E+3	-1.401190E-3	1.357650E+4	0.000000E+0	0.000000E+0
3.847434E+3	-1.401180E-3	1.357630E+4	0.000000E+0	0.000000E+0
3.851432E+3	-1.401180E-3	1.357620E+4	0.000000E+0	0.000000E+0
3.855432E+3	-1.401190E-3	1.357620E+4	0.000000E+0	0.000000E+0
3.859435E+3	-1.401200E-3	1.357600E+4	0.000000E+0	0.000000E+0
3.863435E+3	-1.401170E-3	1.357590E+4	0.000000E+0	0.000000E+0
3.867435E+3	-1.401190E-3	1.357570E+4	0.000000E+0	0.000000E+0
3.871433E+3	-1.401190E-3	1.357580E+4	0.000000E+0	0.000000E+0
3.875434E+3	-1.401180E-3	1.357580E+4	0.000000E+0	0.000000E+0
3.879431E+3	-1.401170E-3	1.357590E+4	0.000000E+0	0.000000E+0
3.883438E+3	-1.401180E-3	1.357580E+4	0.000000E+0	0.000000E+0
3.887409E+3	-1.401190E-3	1.357560E+4	0.000000E+0	0.000000E+0
3.891448E+3	-1.401160E-3	1.357540E+4	0.000000E+0	0.000000E+0
3.895432E+3	-1.401190E-3	1.357520E+4	0.000000E+0	0.000000E+0
3.899433E+3	-1.401170E-3	1.357510E+4	0.000000E+0	0.000000E+0
3.903429E+3	-1.401180E-3	1.357520E+4	0.000000E+0	0.000000E+0
3.907431E+3	-1.401140E-3	1.357510E+4	0.000000E+0	0.000000E+0
3.911434E+3	-1.401150E-3	1.357490E+4	0.000000E+0	0.000000E+0
3.915434E+3	-1.401170E-3	1.357450E+4	0.000000E+0	0.000000E+0
3.919427E+3	-1.401150E-3	1.357430E+4	0.000000E+0	0.000000E+0
3.923429E+3	-1.401120E-3	1.357410E+4	0.000000E+0	0.000000E+0
3.927432E+3	-1.401130E-3	1.357410E+4	0.000000E+0	0.000000E+0
3.931431E+3	-1.401160E-3	1.357410E+4	0.000000E+0	0.000000E+0
3.935432E+3	-1.401130E-3	1.357410E+4	0.000000E+0	0.000000E+0
3.939429E+3	-1.401140E-3	1.357370E+4	0.000000E+0	0.000000E+0
3.943433E+3	-1.401140E-3	1.357320E+4	0.000000E+0	0.000000E+0
3.947428E+3	-1.401140E-3	1.357270E+4	0.000000E+0	0.000000E+0
3.951428E+3	-1.401130E-3	1.357250E+4	0.000000E+0	0.000000E+0
3.955440E+3	-1.401140E-3	1.357220E+4	0.000000E+0	0.000000E+0
3.959435E+3	-1.401120E-3	1.357210E+4	0.000000E+0	0.000000E+0
3.963433E+3	-1.401150E-3	1.357190E+4	0.000000E+0	0.000000E+0
3.967430E+3	-1.401120E-3	1.357180E+4	0.000000E+0	0.000000E+0
3.971433E+3	-1.401140E-3	1.357170E+4	0.000000E+0	0.000000E+0
3.975434E+3	-1.401150E-3	1.357150E+4	0.000000E+0	0.000000E+0
3.979434E+3	-1.401150E-3	1.357140E+4	0.000000E+0	0.000000E+0
3.983433E+3	-1.401160E-3	1.357140E+4	0.000000E+0	0.000000E+0
3.987431E+3	-1.401150E-3	1.357160E+4	0.000000E+0	0.000000E+0
3.991431E+3	-1.401150E-3	1.357170E+4	0.000000E+0	0.000000E+0
3.995432E+3	-1.401140E-3	1.357150E+4	0.000000E+0	0.000000E+0
3.999434E+3	-1.401150E-3	1.357140E+4	0.000000E+0	0.000000E+0
4.003434E+3	-1.401140E-3	1.357130E+4	0.000000E+0	0.000000E+0
4.007431E+3	-1.401090E-3	1.357120E+4	0.000000E+0	0.000000E+0
4.011431E+3	-1.401140E-3	1.357110E+4	0.000000E+0	0.000000E+0
4.015429E+3	-1.401100E-3	1.357100E+4	0.000000E+0	0.000000E+0
4.019431E+3	-1.401140E-3	1.357080E+4	0.000000E+0	0.000000E+0
4.023435E+3	-1.401140E-3	1.357060E+4	0.000000E+0	0.000000E+0
4.027432E+3	-1.401140E-3	1.357040E+4	0.000000E+0	0.000000E+0
4.031430E+3	-1.401140E-3	1.357020E+4	0.000000E+0	0.000000E+0
4.035430E+3	-1.401130E-3	1.357000E+4	0.000000E+0	0.000000E+0
4.039437E+3	-1.401130E-3	1.356980E+4	0.000000E+0	0.000000E+0
4.043433E+3	-1.401120E-3	1.356960E+4	0.000000E+0	0.000000E+0
4.047433E+3	-1.401130E-3	1.356930E+4	0.000000E+0	0.000000E+0
4.051434E+3	-1.401090E-3	1.356900E+4	0.000000E+0	0.000000E+0
4.055435E+3	-1.401110E-3	1.356880E+4	0.000000E+0	0.000000E+0
4.059431E+3	-1.401120E-3	1.356880E+4	0.000000E+0	0.000000E+0
4.063430E+3	-1.401120E-3	1.356880E+4	0.000000E+0	0.000000E+0
4.067430E+3	-1.401100E-3	1.356870E+4	0.000000E+0	0.000000E+0
4.071431E+3	-1.401130E-3	1.356850E+4	0.000000E+0	0.000000E+0
4.075432E+3	-1.401140E-3	1.356830E+4	0.000000E+0	0.000000E+0
4.079433E+3	-1.401140E-3	1.356800E+4	0.000000E+0	0.000000E+0
4.083431E+3	-1.401150E-3	1.356760E+4	0.000000E+0	0.000000E+0
4.087432E+3	-1.401130E-3	1.356710E+4	0.000000E+0	0.000000E+0
4.091432E+3	-1.401160E-3	1.356660E+4	0.000000E+0	0.000000E+0
4.095434E+3	-1.401130E-3	1.356630E+4	0.000000E+0	0.000000E+0
4.099432E+3	-1.401100E-3	1.356620E+4	0.000000E+0	0.000000E+0
4.103432E+3	-1.401100E-3	1.356610E+4	0.000000E+0	0.000000E+0
4.107430E+3	-1.401130E-3	1.356590E+4	0.000000E+0	0.000000E+0
4.111430E+3	-1.401110E-3	1.356580E+4	0.000000E+0	0.000000E+0
4.115428E+3	-1.401100E-3	1.356570E+4	0.000000E+0	0.000000E+0
4.119433E+3	-1.401140E-3	1.356570E+4	0.000000E+0	0.000000E+0
4.123430E+3	-1.401150E-3	1.356560E+4	0.000000E+0	0.000000E+0
4.127430E+3	-1.401180E-3	1.356530E+4	0.000000E+0	0.000000E+0
4.131430E+3	-1.401140E-3	1.356480E+4	0.000000E+0	0.000000E+0
4.135430E+3	-1.401130E-3	1.356450E+4	0.000000E+0	0.000000E+0
4.139431E+3	-1.401130E-3	1.356420E+4	0.000000E+0	0.000000E+0
4.143431E+3	-1.401110E-3	1.356390E+4	0.000000E+0	0.000000E+0
4.147431E+3	-1.401060E-3	1.356360E+4	0.000000E+0	0.000000E+0
4.151433E+3	-1.401070E-3	1.356350E+4	0.000000E+0	0.000000E+0
4.155428E+3	-1.401060E-3	1.356320E+4	0.000000E+0	0.000000E+0
4.159430E+3	-1.401070E-3	1.356290E+4	0.000000E+0	0.000000E+0
4.163431E+3	-1.401070E-3	1.356270E+4	0.000000E+0	0.000000E+0
4.167431E+3	-1.401080E-3	1.356260E+4	0.000000E+0	0.000000E+0
4.171431E+3	-1.401060E-3	1.356240E+4	0.000000E+0	0.000000E+0
4.175430E+3	-1.401060E-3	1.356220E+4	0.000000E+0	0.000000E+0
4.179432E+3	-1.401090E-3	1.356190E+4	0.000000E+0	0.000000E+0
4.183431E+3	-1.401070E-3	1.356170E+4	0.000000E+0	0.000000E+0
4.187431E+3	-1.401100E-3	1.356140E+4	0.000000E+0	0.000000E+0
4.191431E+3	-1.401060E-3	1.356130E+4	0.000000E+0	0.000000E+0
4.195434E+3	-1.401070E-3	1.356130E+4	0.000000E+0	0.000000E+0
4.199434E+3	-1.401050E-3	1.356120E+4	0.000000E+0	0.000000E+0
4.203430E+3	-1.401100E-3	1.356110E+4	0.000000E+0	0.000000E+0
4.207430E+3	-1.401060E-3	1.356090E+4	0.000000E+0	0.000000E+0
4.211433E+3	-1.401080E-3	1.356080E+4	0.000000E+0	0.000000E+0
4.215433E+3	-1.401070E-3	1.356070E+4	0.000000E+0	0.000000E+0
4.219432E+3	-1.401070E-3	1.356060E+4	0.000000E+0	0.000000E+0
4.223430E+3	-1.401050E-3	1.356050E+4	0.000000E+0	0.000000E+0
4.227430E+3	-1.401030E-3	1.356030E+4	0.000000E+0	0.000000E+0
4.231431E+3	-1.401040E-3	1.356010E+4	0.000000E+0	0.000000E+0
4.235433E+3	-1.401060E-3	1.355980E+4	0.000000E+0	0.000000E+0
4.239433E+3	-1.401020E-3	1.355950E+4	0.000000E+0	0.000000E+0
4.243430E+3	-1.401030E-3	1.355920E+4	0.000000E+0	0.000000E+0
4.247433E+3	-1.401050E-3	1.355880E+4	0.000000E+0	0.000000E+0
4.251433E+3	-1.401060E-3	1.355850E+4	0.000000E+0	0.000000E+0
4.255429E+3	-1.401070E-3	1.355830E+4	0.000000E+0	0.000000E+0
4.259431E+3	-1.401090E-3	1.355810E+4	0.000000E+0	0.000000E+0
4.263434E+3	-1.401090E-3	1.355780E+4	0.000000E+0	0.000000E+0
4.267434E+3	-1.401060E-3	1.355750E+4	0.000000E+0	0.000000E+0
4.271441E+3	-1.401050E-3	1.355730E+4	0.000000E+0	0.000000E+0
4.275437E+3	-1.401050E-3	1.355690E+4	0.000000E+0	0.000000E+0
4.279434E+3	-1.401080E-3	1.355660E+4	0.000000E+0	0.000000E+0
4.283430E+3	-1.401060E-3	1.355630E+4	0.000000E+0	0.000000E+0
4.287430E+3	-1.401060E-3	1.355610E+4	0.000000E+0	0.000000E+0
4.291429E+3	-1.401080E-3	1.355600E+4	0.000000E+0	0.000000E+0
4.295432E+3	-1.401060E-3	1.355590E+4	0.000000E+0	0.000000E+0
4.299432E+3	-1.401080E-3	1.355580E+4	0.000000E+0	0.000000E+0
4.303430E+3	-1.401100E-3	1.355560E+4	0.000000E+0	0.000000E+0
4.307432E+3	-1.401090E-3	1.355540E+4	0.000000E+0	0.000000E+0
4.311433E+3	-1.401060E-3	1.355510E+4	0.000000E+0	0.000000E+0
4.315430E+3	-1.401070E-3	1.355480E+4	0.000000E+0	0.000000E+0
4.319428E+3	-1.401070E-3	1.355460E+4	0.000000E+0	0.000000E+0
4.323430E+3	-1.401080E-3	1.355430E+4	0.000000E+0	0.000000E+0
4.327433E+3	-1.401070E-3	1.355400E+4	0.000000E+0	0.000000E+0
4.331433E+3	-1.401100E-3	1.355380E+4	0.000000E+0	0.000000E+0
4.335433E+3	-1.401090E-3	1.355370E+4	0.000000E+0	0.000000E+0
4.339439E+3	-1.401060E-3	1.355370E+4	0.000000E+0	0.000000E+0
4.343413E+3	-1.401070E-3	1.355360E+4	0.000000E+0	0.000000E+0
4.347450E+3	-1.401090E-3	1.355340E+4	0.000000E+0	0.000000E+0
4.351436E+3	-1.401120E-3	1.355320E+4	0.000000E+0	0.000000E+0
4.355434E+3	-1.401050E-3	1.355300E+4	0.000000E+0	0.000000E+0
4.359431E+3	-1.401060E-3	1.355290E+4	0.000000E+0	0.000000E+0
4.363435E+3	-1.401070E-3	1.355290E+4	0.000000E+0	0.000000E+0
4.367435E+3	-1.401050E-3	1.355280E+4	0.000000E+0	0.000000E+0
4.371435E+3	-1.401060E-3	1.355260E+4	0.000000E+0	0.000000E+0
4.375432E+3	-1.401030E-3	1.355240E+4	0.000000E+0	0.000000E+0
4.379441E+3	-1.401060E-3	1.355220E+4	0.000000E+0	0.000000E+0
4.383412E+3	-1.401050E-3	1.355200E+4	0.000000E+0	0.000000E+0
4.387447E+3	-1.401010E-3	1.355180E+4	0.000000E+0	0.000000E+0
4.391433E+3	-1.401030E-3	1.355180E+4	0.000000E+0	0.000000E+0
4.395434E+3	-1.401030E-3	1.355170E+4	0.000000E+0	0.000000E+0
4.399432E+3	-1.401050E-3	1.355170E+4	0.000000E+0	0.000000E+0
4.403438E+3	-1.401030E-3	1.355160E+4	0.000000E+0	0.000000E+0
4.407436E+3	-1.401050E-3	1.355120E+4	0.000000E+0	0.000000E+0
4.411414E+3	-1.401010E-3	1.355100E+4	0.000000E+0	0.000000E+0
4.415445E+3	-1.401020E-3	1.355090E+4	0.000000E+0	0.000000E+0
4.419436E+3	-1.401020E-3	1.355080E+4	0.000000E+0	0.000000E+0
4.423418E+3	-1.401020E-3	1.355050E+4	0.000000E+0	0.000000E+0
4.427452E+3	-1.401020E-3	1.355030E+4	0.000000E+0	0.000000E+0
4.431409E+3	-1.401030E-3	1.355020E+4	0.000000E+0	0.000000E+0
4.435450E+3	-1.401050E-3	1.355030E+4	0.000000E+0	0.000000E+0
4.439432E+3	-1.401010E-3	1.355020E+4	0.000000E+0	0.000000E+0
4.443434E+3	-1.401020E-3	1.355020E+4	0.000000E+0	0.000000E+0
4.447432E+3	-1.401010E-3	1.355000E+4	0.000000E+0	0.000000E+0
4.451435E+3	-1.401000E-3	1.354980E+4	0.000000E+0	0.000000E+0
4.455411E+3	-1.401010E-3	1.354950E+4	0.000000E+0	0.000000E+0
4.459450E+3	-1.401040E-3	1.354920E+4	0.000000E+0	0.000000E+0
4.463440E+3	-1.401040E-3	1.354900E+4	0.000000E+0	0.000000E+0
4.467416E+3	-1.401030E-3	1.354880E+4	0.000000E+0	0.000000E+0
4.471445E+3	-1.401030E-3	1.354880E+4	0.000000E+0	0.000000E+0
4.475438E+3	-1.401060E-3	1.354880E+4	0.000000E+0	0.000000E+0
4.479437E+3	-1.401030E-3	1.354880E+4	0.000000E+0	0.000000E+0
4.483436E+3	-1.401060E-3	1.354870E+4	0.000000E+0	0.000000E+0
4.487414E+3	-1.401090E-3	1.354850E+4	0.000000E+0	0.000000E+0
4.491453E+3	-1.401050E-3	1.354840E+4	0.000000E+0	0.000000E+0
4.495409E+3	-1.401040E-3	1.354820E+4	0.000000E+0	0.000000E+0
4.499451E+3	-1.401040E-3	1.354800E+4	0.000000E+0	0.000000E+0
4.503434E+3	-1.401010E-3	1.354770E+4	0.000000E+0	0.000000E+0
4.507431E+3	-1.401090E-3	1.354740E+4	0.000000E+0	0.000000E+0
4.511429E+3	-1.401080E-3	1.354720E+4	0.000000E+0	0.000000E+0
4.515442E+3	-1.401040E-3	1.354700E+4	0.000000E+0	0.000000E+0
4.519412E+3	-1.401100E-3	1.354700E+4	0.000000E+0	0.000000E+0
4.523454E+3	-1.401020E-3	1.354670E+4	0.000000E+0	0.000000E+0
4.527412E+3	-1.401020E-3	1.354660E+4	0.000000E+0	0.000000E+0
4.531451E+3	-1.401010E-3	1.354630E+4	0.000000E+0	0.000000E+0
4.535432E+3	-1.401000E-3	1.354610E+4	0.000000E+0	0.000000E+0
4.539431E+3	-1.401020E-3	1.354590E+4	0.000000E+0	0.000000E+0
4.543431E+3	-1.401000E-3	1.354550E+4	0.000000E+0	0.000000E+0
4.547445E+3	-1.400980E-3	1.354530E+4	0.000000E+0	0.000000E+0
4.551412E+3	-1.401060E-3	1.354500E+4	0.000000E+0	0.000000E+0
4.555453E+3	-1.401000E-3	1.354460E+4	0.000000E+0	0.000000E+0
4.559437E+3	-1.401050E-3	1.354450E+4	0.000000E+0	0.000000E+0
4.563414E+3	-1.401050E-3	1.354450E+4	0.000000E+0	0.000000E+0
4.567450E+3	-1.401000E-3	1.354430E+4	0.000000E+0	0.000000E+0
4.571436E+3	-1.401000E-3	1.354430E+4	0.000000E+0	0.000000E+0
4.575411E+3	-1.401050E-3	1.354410E+4	0.000000E+0	0.000000E+0
4.579442E+3	-1.401010E-3	1.354380E+4	0.000000E+0	0.000000E+0
4.583431E+3	-1.401060E-3	1.354380E+4	0.000000E+0	0.000000E+0
4.587431E+3	-1.401080E-3	1.354390E+4	0.000000E+0	0.000000E+0
4.591431E+3	-1.401040E-3	1.354390E+4	0.000000E+0	0.000000E+0
4.595430E+3	-1.401040E-3	1.354380E+4	0.000000E+0	0.000000E+0
4.599433E+3	-1.401030E-3	1.354350E+4	0.000000E+0	0.000000E+0
4.603432E+3	-1.401060E-3	1.354310E+4	0.000000E+0	0.000000E+0
4.607431E+3	-1.401040E-3	1.354280E+4	0.000000E+0	0.000000E+0
4.611431E+3	-1.401030E-3	1.354200E+4	0.000000E+0	0.000000E+0
4.615434E+3	-1.401030E-3	1.354160E+4	0.000000E+0	0.000000E+0
4.619435E+3	-1.401070E-3	1.354140E+4	0.000000E+0	0.000000E+0
4.623434E+3	-1.401050E-3	1.354130E+4	0.000000E+0	0.000000E+0
4.627434E+3	-1.401020E-3	1.354120E+4	0.000000E+0	0.000000E+0
4.631432E+3	-1.401070E-3	1.354110E+4	0.000000E+0	0.000000E+0
4.635432E+3	-1.401090E-3	1.354100E+4	0.000000E+0	0.000000E+0
4.639434E+3	-1.401080E-3	1.354070E+4	0.000000E+0	0.000000E+0
4.643430E+3	-1.401040E-3	1.354040E+4	0.000000E+0	0.000000E+0
4.647432E+3	-1.401040E-3	1.354010E+4	0.000000E+0	0.000000E+0
4.651433E+3	-1.401060E-3	1.353980E+4	0.000000E+0	0.000000E+0
4.655433E+3	-1.401020E-3	1.353960E+4	0.000000E+0	0.000000E+0
4.659433E+3	-1.401030E-3	1.353940E+4	0.000000E+0	0.000000E+0
4.663431E+3	-1.401020E-3	1.353920E+4	0.000000E+0	0.000000E+0
4.667433E+3	-1.401040E-3	1.353900E+4	0.000000E+0	0.000000E+0
4.671433E+3	-1.401040E-3	1.353900E+4	0.000000E+0	0.000000E+0
4.675431E+3	-1.401010E-3	1.353910E+4	0.000000E+0	0.000000E+0
4.679433E+3	-1.401020E-3	1.353900E+4	0.000000E+0	0.000000E+0
4.683434E+3	-1.401030E-3	1.353890E+4	0.000000E+0	0.000000E+0
4.687434E+3	-1.401070E-3	1.353860E+4	0.000000E+0	0.000000E+0
4.691431E+3	-1.401060E-3	1.353830E+4	0.000000E+0	0.000000E+0
4.695432E+3	-1.401010E-3	1.353830E+4	0.000000E+0	0.000000E+0
4.699434E+3	-1.401010E-3	1.353820E+4	0.000000E+0	0.000000E+0
4.703432E+3	-1.401040E-3	1.353790E+4	0.000000E+0	0.000000E+0
4.707429E+3	-1.401020E-3	1.353760E+4	0.000000E+0	0.000000E+0
4.711431E+3	-1.401020E-3	1.353730E+4	0.000000E+0	0.000000E+0
4.715432E+3	-1.401040E-3	1.353720E+4	0.000000E+0	0.000000E+0
4.719432E+3	-1.401020E-3	1.353720E+4	0.000000E+0	0.000000E+0
4.723438E+3	-1.401080E-3	1.353700E+4	0.000000E+0	0.000000E+0
4.727418E+3	-1.401030E-3	1.353670E+4	0.000000E+0	0.000000E+0
4.731448E+3	-1.401030E-3	1.353650E+4	0.000000E+0	0.000000E+0
4.735437E+3	-1.401040E-3	1.353620E+4	0.000000E+0	0.000000E+0
4.739409E+3	-1.401040E-3	1.353620E+4	0.000000E+0	0.000000E+0
4.743448E+3	-1.401050E-3	1.353600E+4	0.000000E+0	0.000000E+0
4.747435E+3	-1.401060E-3	1.353570E+4	0.000000E+0	0.000000E+0
4.751441E+3	-1.401050E-3	1.353550E+4	0.000000E+0	0.000000E+0
4.755413E+3	-1.401060E-3	1.353540E+4	0.000000E+0	0.000000E+0
4.759451E+3	-1.401050E-3	1.353510E+4	0.000000E+0	0.000000E+0
4.763433E+3	-1.401020E-3	1.353500E+4	0.000000E+0	0.000000E+0
4.767434E+3	-1.401020E-3	1.353490E+4	0.000000E+0	0.000000E+0
4.771436E+3	-1.401040E-3	1.353490E+4	0.000000E+0	0.000000E+0
4.775428E+3	-1.401010E-3	1.353460E+4	0.000000E+0	0.000000E+0
4.779436E+3	-1.401020E-3	1.353450E+4	0.000000E+0	0.000000E+0
4.783432E+3	-1.401030E-3	1.353460E+4	0.000000E+0	0.000000E+0
4.787445E+3	-1.401020E-3	1.353450E+4	0.000000E+0	0.000000E+0
4.791411E+3	-1.401050E-3	1.353430E+4	0.000000E+0	0.000000E+0
4.795454E+3	-1.401040E-3	1.353430E+4	0.000000E+0	0.000000E+0
4.799439E+3	-1.401010E-3	1.353420E+4	0.000000E+0	0.000000E+0
4.803417E+3	-1.401050E-3	1.353390E+4	0.000000E+0	0.000000E+0
4.807435E+3	-1.400990E-3	1.353380E+4	0.000000E+0	0.000000E+0
4.811435E+3	-1.401010E-3	1.353370E+4	0.000000E+0	0.000000E+0
4.815438E+3	-1.400970E-3	1.353360E+4	0.000000E+0	0.000000E+0
4.819442E+3	-1.400990E-3	1.353340E+4	0.000000E+0	0.000000E+0
4.823411E+3	-1.401000E-3	1.353290E+4	0.000000E+0	0.000000E+0
4.827450E+3	-1.401000E-3	1.353260E+4	0.000000E+0	0.000000E+0
4.831436E+3	-1.400990E-3	1.353220E+4	0.000000E+0	0.000000E+0
4.835436E+3	-1.401010E-3	1.353200E+4	0.000000E+0	0.000000E+0
4.839409E+3	-1.401000E-3	1.353170E+4	0.000000E+0	0.000000E+0
4.843450E+3	-1.400990E-3	1.353150E+4	0.000000E+0	0.000000E+0
4.847410E+3	-1.401000E-3	1.353130E+4	0.000000E+0	0.000000E+0
4.851443E+3	-1.401000E-3	1.353110E+4	0.000000E+0	0.000000E+0
4.855433E+3	-1.401000E-3	1.353120E+4	0.000000E+0	0.000000E+0
4.859432E+3	-1.401020E-3	1.353120E+4	0.000000E+0	0.000000E+0
4.863431E+3	-1.400980E-3	1.353100E+4	0.000000E+0	0.000000E+0
4.867439E+3	-1.400990E-3	1.353070E+4	0.000000E+0	0.000000E+0
4.871412E+3	-1.401000E-3	1.353050E+4	0.000000E+0	0.000000E+0
4.875448E+3	-1.401010E-3	1.353030E+4	0.000000E+0	0.000000E+0
4.879432E+3	-1.400980E-3	1.353020E+4	0.000000E+0	0.000000E+0
4.883441E+3	-1.400980E-3	1.353020E+4	0.000000E+0	0.000000E+0
4.887410E+3	-1.400990E-3	1.353020E+4	0.000000E+0	0.000000E+0
4.891447E+3	-1.401000E-3	1.353010E+4	0.000000E+0	0.000000E+0
4.895429E+3	-1.400990E-3	1.353010E+4	0.000000E+0	0.000000E+0
4.899429E+3	-1.400970E-3	1.353010E+4	0.000000E+0	0.000000E+0
4.903432E+3	-1.401010E-3	1.352990E+4	0.000000E+0	0.000000E+0
4.907433E+3	-1.401020E-3	1.352960E+4	0.000000E+0	0.000000E+0
4.911430E+3	-1.401000E-3	1.352920E+4	0.000000E+0	0.000000E+0
4.915430E+3	-1.401000E-3	1.352880E+4	0.000000E+0	0.000000E+0
4.919432E+3	-1.400970E-3	1.352850E+4	0.000000E+0	0.000000E+0
4.923431E+3	-1.401000E-3	1.352820E+4	0.000000E+0	0.000000E+0
4.927428E+3	-1.400990E-3	1.352800E+4	0.000000E+0	0.000000E+0
4.931428E+3	-1.401000E-3	1.352770E+4	0.000000E+0	0.000000E+0
4.935431E+3	-1.401010E-3	1.352730E+4	0.000000E+0	0.000000E+0
4.939433E+3	-1.401020E-3	1.352690E+4	0.000000E+0	0.000000E+0
4.943433E+3	-1.401000E-3	1.352650E+4	0.000000E+0	0.000000E+0
4.947431E+3	-1.401010E-3	1.352610E+4	0.000000E+0	0.000000E+0
4.951433E+3	-1.400990E-3	1.352590E+4	0.000000E+0	0.000000E+0
4.955430E+3	-1.401000E-3	1.352580E+4	0.000000E+0	0.000000E+0
4.959431E+3	-1.401020E-3	1.352570E+4	0.000000E+0	0.000000E+0
4.963429E+3	-1.401000E-3	1.352550E+4	0.000000E+0	0.000000E+0
4.967432E+3	-1.401000E-3	1.352530E+4	0.000000E+0	0.000000E+0
4.971432E+3	-1.401030E-3	1.352500E+4	0.000000E+0	0.000000E+0
4.975429E+3	-1.401000E-3	1.352460E+4	0.000000E+0	0.000000E+0
4.979427E+3	-1.401020E-3	1.352440E+4	0.000000E+0	0.000000E+0
4.983430E+3	-1.401050E-3	1.352430E+4	0.000000E+0	0.000000E+0
4.987432E+3	-1.401040E-3	1.352440E+4	0.000000E+0	0.000000E+0
4.991430E+3	-1.401030E-3	1.352440E+4	0.000000E+0	0.000000E+0
4.995437E+3	-1.401050E-3	1.352420E+4	0.000000E+0	0.000000E+0
4.999416E+3	-1.401050E-3	1.352410E+4	0.000000E+0	0.000000E+0
5.003448E+3	-1.401050E-3	1.352390E+4	0.000000E+0	0.000000E+0
5.007438E+3	-1.401020E-3	1.352360E+4	0.000000E+0	0.000000E+0
5.011409E+3	-1.401020E-3	1.352340E+4	0.000000E+0	0.000000E+0
5.015451E+3	-1.400990E-3	1.352320E+4	0.000000E+0	0.000000E+0
5.019433E+3	-1.401030E-3	1.352310E+4	0.000000E+0	0.000000E+0
5.023436E+3	-1.400990E-3	1.352290E+4	0.000000E+0	0.000000E+0
5.027412E+3	-1.401000E-3	1.352270E+4	0.000000E+0	0.000000E+0
5.031449E+3	-1.401000E-3	1.352250E+4	0.000000E+0	0.000000E+0
5.035436E+3	-1.401010E-3	1.352250E+4	0.000000E+0	0.000000E+0
5.039437E+3	-1.401000E-3	1.352240E+4	0.000000E+0	0.000000E+0
5.043433E+3	-1.400990E-3	1.352230E+4	0.000000E+0	0.000000E+0
5.047431E+3	-1.401010E-3	1.352230E+4	0.000000E+0	0.000000E+0
5.051431E+3	-1.401000E-3	1.352250E+4	0.000000E+0	0.000000E+0
5.055429E+3	-1.400990E-3	1.352220E+4	0.000000E+0	0.000000E+0
5.059432E+3	-1.401020E-3	1.352200E+4	0.000000E+0	0.000000E+0
5.063431E+3	-1.401010E-3	1.352180E+4	0.000000E+0	0.000000E+0
5.067431E+3	-1.401020E-3	1.352160E+4	0.000000E+0	0.000000E+0
5.071440E+3	-1.401030E-3	1.352120E+4	0.000000E+0	0.000000E+0
5.075408E+3	-1.401010E-3	1.352100E+4	0.000000E+0	0.000000E+0
5.079445E+3	-1.401030E-3	1.352060E+4	0.000000E+0	0.000000E+0
5.083408E+3	-1.401040E-3	1.352040E+4	0.000000E+0	0.000000E+0
5.087447E+3	-1.401020E-3	1.352020E+4	0.000000E+0	0.000000E+0
5.091435E+3	-1.401010E-3	1.351990E+4	0.000000E+0	0.000000E+0
5.095432E+3	-1.401000E-3	1.351960E+4	0.000000E+0	0.000000E+0
5.099428E+3	-1.400990E-3	1.351940E+4	0.000000E+0	0.000000E+0
5.103431E+3	-1.400970E-3	1.351920E+4	0.000000E+0	0.000000E+0
5.107435E+3	-1.400990E-3	1.351910E+4	0.000000E+0	0.000000E+0
5.111435E+3	-1.401040E-3	1.351880E+4	0.000000E+0	0.000000E+0
5.115430E+3	-1.401010E-3	1.351850E+4	0.000000E+0	0.000000E+0
5.119428E+3	-1.400990E-3	1.351840E+4	0.000000E+0	0.000000E+0
5.123431E+3	-1.400990E-3	1.351820E+4	0.000000E+0	0.000000E+0
5.127436E+3	-1.401020E-3	1.351810E+4	0.000000E+0	0.000000E+0
5.131429E+3	-1.401000E-3	1.351800E+4	0.000000E+0	0.000000E+0
5.135428E+3	-1.400970E-3	1.351780E+4	0.000000E+0	0.000000E+0
5.139431E+3	-1.400980E-3	1.351780E+4	0.000000E+0	0.000000E+0
5.143434E+3	-1.401000E-3	1.351790E+4	0.000000E+0	0.000000E+0
5.147429E+3	-1.400970E-3	1.351790E+4	0.000000E+0	0.000000E+0
5.151432E+3	-1.401010E-3	1.351800E+4	0.000000E+0	0.000000E+0
5.155434E+3	-1.400980E-3	1.351790E+4	0.000000E+0	0.000000E+0
5.159433E+3	-1.400980E-3	1.351770E+4	0.000000E+0	0.000000E+0
5.163430E+3	-1.400970E-3	1.351740E+4	0.000000E+0	0.000000E+0
5.167429E+3	-1.400950E-3	1.351700E+4	0.000000E+0	0.000000E+0
5.171432E+3	-1.400930E-3	1.351670E+4	0.000000E+0	0.000000E+0
5.175433E+3	-1.400950E-3	1.351630E+4	0.000000E+0	0.000000E+0
5.179428E+3	-1.400940E-3	1.351590E+4	0.000000E+0	0.000000E+0
5.183435E+3	-1.400940E-3	1.351570E+4	0.000000E+0	0.000000E+0
5.187416E+3	-1.400890E-3	1.351540E+4	0.000000E+0	0.000000E+0
5.191448E+3	-1.400940E-3	1.351530E+4	0.000000E+0	0.000000E+0
5.195431E+3	-1.400940E-3	1.351530E+4	0.000000E+0	0.000000E+0
5.199439E+3	-1.400940E-3	1.351500E+4	0.000000E+0	0.000000E+0
5.203418E+3	-1.400930E-3	1.351470E+4	0.000000E+0	0.000000E+0
5.207451E+3	-1.400930E-3	1.351440E+4	0.000000E+0	0.000000E+0
5.211436E+3	-1.400930E-3	1.351410E+4	0.000000E+0	0.000000E+0
5.215434E+3	-1.400920E-3	1.351400E+4	0.000000E+0	0.000000E+0
5.219441E+3	-1.400930E-3	1.351410E+4	0.000000E+0	0.000000E+0
5.223409E+3	-1.400980E-3	1.351410E+4	0.000000E+0	0.000000E+0
5.227448E+3	-1.400960E-3	1.351420E+4	0.000000E+0	0.000000E+0
5.231437E+3	-1.400950E-3	1.351430E+4	0.000000E+0	0.000000E+0
5.235435E+3	-1.400970E-3	1.351430E+4	0.000000E+0	0.000000E+0
5.239431E+3	-1.400950E-3	1.351420E+4	0.000000E+0	0.000000E+0
5.243429E+3	-1.400950E-3	1.351400E+4	0.000000E+0	0.000000E+0
5.247434E+3	-1.400940E-3	1.351400E+4	0.000000E+0	0.000000E+0
5.251431E+3	-1.400960E-3	1.351400E+4	0.000000E+0	0.000000E+0
5.255434E+3	-1.400960E-3	1.351390E+4	0.000000E+0	0.000000E+0
5.259433E+3	-1.400950E-3	1.351360E+4	0.000000E+0	0.000000E+0
5.263432E+3	-1.400940E-3	1.351330E+4	0.000000E+0	0.000000E+0
5.267430E+3	-1.400970E-3	1.351290E+4	0.000000E+0	0.000000E+0
5.271432E+3	-1.400960E-3	1.351260E+4	0.000000E+0	0.000000E+0
5.275433E+3	-1.400930E-3	1.351250E+4	0.000000E+0	0.000000E+0
5.279432E+3	-1.400940E-3	1.351250E+4	0.000000E+0	0.000000E+0
5.283430E+3	-1.400920E-3	1.351240E+4	0.000000E+0	0.000000E+0
5.287433E+3	-1.400950E-3	1.351210E+4	0.000000E+0	0.000000E+0
5.291435E+3	-1.400920E-3	1.351180E+4	0.000000E+0	0.000000E+0
5.295434E+3	-1.400920E-3	1.351170E+4	0.000000E+0	0.000000E+0
5.299433E+3	-1.400950E-3	1.351160E+4	0.000000E+0	0.000000E+0
5.303433E+3	-1.400920E-3	1.351160E+4	0.000000E+0	0.000000E+0
5.307433E+3	-1.400900E-3	1.351180E+4	0.000000E+0	0.000000E+0
5.311433E+3	-1.400920E-3	1.351180E+4	0.000000E+0	0.000000E+0
5.315431E+3	-1.400960E-3	1.351160E+4	0.000000E+0	0.000000E+0
5.319432E+3	-1.400940E-3	1.351160E+4	0.000000E+0	0.000000E+0
5.323436E+3	-1.400930E-3	1.351150E+4	0.000000E+0	0.000000E+0
5.327434E+3	-1.400950E-3	1.351130E+4	0.000000E+0	0.000000E+0
5.331432E+3	-1.401000E-3	1.351090E+4	0.000000E+0	0.000000E+0
5.335431E+3	-1.400960E-3	1.351050E+4	0.000000E+0	0.000000E+0
5.339438E+3	-1.400980E-3	1.351040E+4	0.000000E+0	0.000000E+0
5.343435E+3	-1.400970E-3	1.351050E+4	0.000000E+0	0.000000E+0
5.347432E+3	-1.401010E-3	1.351070E+4	0.000000E+0	0.000000E+0
5.351430E+3	-1.400990E-3	1.351090E+4	0.000000E+0	0.000000E+0
5.355444E+3	-1.400970E-3	1.351100E+4	0.000000E+0	0.000000E+0
5.359413E+3	-1.400990E-3	1.351090E+4	0.000000E+0	0.000000E+0
5.363445E+3	-1.400960E-3	1.351070E+4	0.000000E+0	0.000000E+0
5.367435E+3	-1.400970E-3	1.351040E+4	0.000000E+0	0.000000E+0
5.371438E+3	-1.400980E-3	1.351020E+4	0.000000E+0	0.000000E+0
5.375415E+3	-1.400970E-3	1.350980E+4	0.000000E+0	0.000000E+0
5.379446E+3	-1.400960E-3	1.350950E+4	0.000000E+0	0.000000E+0
5.383436E+3	-1.400950E-3	1.350910E+4	0.000000E+0	0.000000E+0
5.387410E+3	-1.400940E-3	1.350870E+4	0.000000E+0	0.000000E+0
5.391451E+3	-1.400920E-3	1.350850E+4	0.000000E+0	0.000000E+0
5.395409E+3	-1.400970E-3	1.350820E+4	0.000000E+0	0.000000E+0
5.399448E+3	-1.400930E-3	1.350790E+4	0.000000E+0	0.000000E+0
5.403431E+3	-1.400900E-3	1.350780E+4	0.000000E+0	0.000000E+0
5.407436E+3	-1.400940E-3	1.350780E+4	0.000000E+0	0.000000E+0
5.411432E+3	-1.400910E-3	1.350750E+4	0.000000E+0	0.000000E+0
5.415435E+3	-1.400900E-3	1.350720E+4	0.000000E+0	0.000000E+0
5.419437E+3	-1.400910E-3	1.350690E+4	0.000000E+0	0.000000E+0
5.423432E+3	-1.400910E-3	1.350670E+4	0.000000E+0	0.000000E+0
5.427429E+3	-1.400900E-3	1.350650E+4	0.000000E+0	0.000000E+0
5.431437E+3	-1.400910E-3	1.350660E+4	0.000000E+0	0.000000E+0
5.435432E+3	-1.400880E-3	1.350660E+4	0.000000E+0	0.000000E+0
5.439433E+3	-1.400910E-3	1.350660E+4	0.000000E+0	0.000000E+0
5.443433E+3	-1.400910E-3	1.350650E+4	0.000000E+0	0.000000E+0
5.447436E+3	-1.400880E-3	1.350620E+4	0.000000E+0	0.000000E+0
5.451416E+3	-1.400890E-3	1.350580E+4	0.000000E+0	0.000000E+0
5.455450E+3	-1.400910E-3	1.350550E+4	0.000000E+0	0.000000E+0
5.459436E+3	-1.400900E-3	1.350510E+4	0.000000E+0	0.000000E+0
5.463436E+3	-1.400900E-3	1.350500E+4	0.000000E+0	0.000000E+0
5.467409E+3	-1.400880E-3	1.350480E+4	0.000000E+0	0.000000E+0
5.471456E+3	-1.400890E-3	1.350460E+4	0.000000E+0	0.000000E+0
5.475432E+3	-1.400870E-3	1.350430E+4	0.000000E+0	0.000000E+0
5.479439E+3	-1.400870E-3	1.350400E+4	0.000000E+0	0.000000E+0
5.483412E+3	-1.400880E-3	1.350340E+4	0.000000E+0	0.000000E+0
5.487452E+3	-1.400890E-3	1.350290E+4	0.000000E+0	0.000000E+0
5.491434E+3	-1.400890E-3	1.350280E+4	0.000000E+0	0.000000E+0
5.495439E+3	-1.400910E-3	1.350290E+4	0.000000E+0	0.000000E+0
5.499412E+3	-1.400850E-3	1.350280E+4	0.000000E+0	0.000000E+0
5.503449E+3	-1.400890E-3	1.350280E+4	0.000000E+0	0.000000E+0
5.507434E+3	-1.400860E-3	1.350250E+4	0.000000E+0	0.000000E+0
5.511439E+3	-1.400870E-3	1.350250E+4	0.000000E+0	0.000000E+0
5.515413E+3	-1.400850E-3	1.350240E+4	0.000000E+0	0.000000E+0
5.519447E+3	-1.400830E-3	1.350230E+4	0.000000E+0	0.000000E+0
5.523433E+3	-1.400870E-3	1.350250E+4	0.000000E+0	0.000000E+0
5.527438E+3	-1.400820E-3	1.350260E+4	0.000000E+0	0.000000E+0
5.531432E+3	-1.400840E-3	1.350250E+4	0.000000E+0	0.000000E+0
5.535430E+3	-1.400820E-3	1.350230E+4	0.000000E+0	0.000000E+0
5.539430E+3	-1.400830E-3	1.350200E+4	0.000000E+0	0.000000E+0
5.543440E+3	-1.400800E-3	1.350180E+4	0.000000E+0	0.000000E+0
5.547436E+3	-1.400800E-3	1.350140E+4	0.000000E+0	0.000000E+0
5.551435E+3	-1.400810E-3	1.350080E+4	0.000000E+0	0.000000E+0
5.555433E+3	-1.400820E-3	1.350040E+4	0.000000E+0	0.000000E+0
5.559434E+3	-1.400860E-3	1.350040E+4	0.000000E+0	0.000000E+0
5.563436E+3	-1.400860E-3	1.350030E+4	0.000000E+0	0.000000E+0
5.567432E+3	-1.400860E-3	1.350020E+4	0.000000E+0	0.000000E+0
5.571434E+3	-1.400820E-3	1.350010E+4	0.000000E+0	0.000000E+0
5.575433E+3	-1.400800E-3	1.350010E+4	0.000000E+0	0.000000E+0
5.579432E+3	-1.400810E-3	1.350020E+4	0.000000E+0	0.000000E+0
5.583431E+3	-1.400830E-3	1.350020E+4	0.000000E+0	0.000000E+0
5.587432E+3	-1.400860E-3	1.350010E+4	0.000000E+0	0.000000E+0
5.591434E+3	-1.400860E-3	1.349980E+4	0.000000E+0	0.000000E+0
5.595432E+3	-1.400850E-3	1.349950E+4	0.000000E+0	0.000000E+0
5.599431E+3	-1.400870E-3	1.349930E+4	0.000000E+0	0.000000E+0
5.603430E+3	-1.400840E-3	1.349920E+4	0.000000E+0	0.000000E+0
5.607435E+3	-1.400890E-3	1.349910E+4	0.000000E+0	0.000000E+0
5.611434E+3	-1.400900E-3	1.349890E+4	0.000000E+0	0.000000E+0
5.615437E+3	-1.400920E-3	1.349900E+4	0.000000E+0	0.000000E+0
5.619435E+3	-1.400890E-3	1.349890E+4	0.000000E+0	0.000000E+0
5.623440E+3	-1.400890E-3	1.349890E+4	0.000000E+0	0.000000E+0
5.627409E+3	-1.400880E-3	1.349890E+4	0.000000E+0	0.000000E+0
5.631450E+3	-1.400880E-3	1.349870E+4	0.000000E+0	0.000000E+0
5.635431E+3	-1.400890E-3	1.349840E+4	0.000000E+0	0.000000E+0
5.639443E+3	-1.400890E-3	1.349810E+4	0.000000E+0	0.000000E+0
5.643411E+3	-1.400870E-3	1.349790E+4	0.000000E+0	0.000000E+0
5.647447E+3	-1.400900E-3	1.349770E+4	0.000000E+0	0.000000E+0
5.651436E+3	-1.400880E-3	1.349740E+4	0.000000E+0	0.000000E+0
5.655434E+3	-1.400870E-3	1.349740E+4	0.000000E+0	0.000000E+0
5.659433E+3	-1.400870E-3	1.349730E+4	0.000000E+0	0.000000E+0
5.663431E+3	-1.400920E-3	1.349720E+4	0.000000E+0	0.000000E+0
5.667433E+3	-1.400890E-3	1.349700E+4	0.000000E+0	0.000000E+0
5.671436E+3	-1.400890E-3	1.349680E+4	0.000000E+0	0.000000E+0
5.675434E+3	-1.400890E-3	1.349660E+4	0.000000E+0	0.000000E+0
5.679432E+3	-1.400900E-3	1.349660E+4	0.000000E+0	0.000000E+0
5.683432E+3	-1.400870E-3	1.349640E+4	0.000000E+0	0.000000E+0
5.687435E+3	-1.400900E-3	1.349630E+4	0.000000E+0	0.000000E+0
5.691432E+3	-1.400860E-3	1.349620E+4	0.000000E+0	0.000000E+0
5.695429E+3	-1.400860E-3	1.349620E+4	0.000000E+0	0.000000E+0
5.699427E+3	-1.400840E-3	1.349620E+4	0.000000E+0	0.000000E+0
5.703437E+3	-1.400860E-3	1.349600E+4	0.000000E+0	0.000000E+0
5.707435E+3	-1.400890E-3	1.349580E+4	0.000000E+0	0.000000E+0
5.711435E+3	-1.400910E-3	1.349580E+4	0.000000E+0	0.000000E+0
5.715432E+3	-1.400890E-3	1.349610E+4	0.000000E+0	0.000000E+0
5.719435E+3	-1.400890E-3	1.349610E+4	0.000000E+0	0.000000E+0
5.723436E+3	-1.400890E-3	1.349570E+4	0.000000E+0	0.000000E+0
5.727435E+3	-1.400890E-3	1.349550E+4	0.000000E+0	0.000000E+0
5.731431E+3	-1.400870E-3	1.349550E+4	0.000000E+0	0.000000E+0
5.735436E+3	-1.400870E-3	1.349550E+4	0.000000E+0	0.000000E+0
5.739436E+3	-1.400890E-3	1.349550E+4	0.000000E+0	0.000000E+0
5.743432E+3	-1.400880E-3	1.349520E+4	0.000000E+0	0.000000E+0
5.747434E+3	-1.400900E-3	1.349490E+4	0.000000E+0	0.000000E+0
5.751433E+3	-1.400890E-3	1.349440E+4	0.000000E+0	0.000000E+0
5.755432E+3	-1.400860E-3	1.349390E+4	0.000000E+0	0.000000E+0
5.759432E+3	-1.400880E-3	1.349360E+4	0.000000E+0	0.000000E+0
5.763434E+3	-1.400870E-3	1.349320E+4	0.000000E+0	0.000000E+0
5.767432E+3	-1.400890E-3	1.349270E+4	0.000000E+0	0.000000E+0
5.771432E+3	-1.400860E-3	1.349230E+4	0.000000E+0	0.000000E+0
5.775431E+3	-1.400850E-3	1.349210E+4	0.000000E+0	0.000000E+0
5.779434E+3	-1.400850E-3	1.349210E+4	0.000000E+0	0.000000E+0
5.783432E+3	-1.400860E-3	1.349220E+4	0.000000E+0	0.000000E+0
5.787432E+3	-1.400860E-3	1.349210E+4	0.000000E+0	0.000000E+0
5.791431E+3	-1.400870E-3	1.349200E+4	0.000000E+0	0.000000E+0
5.795433E+3	-1.400850E-3	1.349180E+4	0.000000E+0	0.000000E+0
5.799433E+3	-1.400850E-3	1.349160E+4	0.000000E+0	0.000000E+0
5.803436E+3	-1.400850E-3	1.349150E+4	0.000000E+0	0.000000E+0
5.807432E+3	-1.400850E-3	1.349130E+4	0.000000E+0	0.000000E+0
5.811433E+3	-1.400850E-3	1.349090E+4	0.000000E+0	0.000000E+0
5.815431E+3	-1.400820E-3	1.349060E+4	0.000000E+0	0.000000E+0
5.819435E+3	-1.400820E-3	1.349040E+4	0.000000E+0	0.000000E+0
5.823436E+3	-1.400830E-3	1.349030E+4	0.000000E+0	0.000000E+0
5.827431E+3	-1.400820E-3	1.349030E+4	0.000000E+0	0.000000E+0
5.831438E+3	-1.400790E-3	1.349020E+4	0.000000E+0	0.000000E+0
5.835434E+3	-1.400800E-3	1.349020E+4	0.000000E+0	0.000000E+0
5.839433E+3	-1.400850E-3	1.349020E+4	0.000000E+0	0.000000E+0
5.843431E+3	-1.400800E-3	1.349030E+4	0.000000E+0	0.000000E+0
5.847431E+3	-1.400830E-3	1.349030E+4	0.000000E+0	0.000000E+0
5.851434E+3	-1.400780E-3	1.349010E+4	0.000000E+0	0.000000E+0
5.855430E+3	-1.400810E-3	1.348990E+4	0.000000E+0	0.000000E+0
5.859431E+3	-1.400800E-3	1.348970E+4	0.000000E+0	0.000000E+0
5.863434E+3	-1.400850E-3	1.348950E+4	0.000000E+0	0.000000E+0
5.867435E+3	-1.400820E-3	1.348940E+4	0.000000E+0	0.000000E+0
5.871432E+3	-1.400810E-3	1.348910E+4	0.000000E+0	0.000000E+0
5.875430E+3	-1.400790E-3	1.348880E+4	0.000000E+0	0.000000E+0
5.879432E+3	-1.400800E-3	1.348840E+4	0.000000E+0	0.000000E+0
5.883432E+3	-1.400750E-3	1.348800E+4	0.000000E+0	0.000000E+0
5.887431E+3	-1.400760E-3	1.348780E+4	0.000000E+0	0.000000E+0
5.891435E+3	-1.400760E-3	1.348770E+4	0.000000E+0	0.000000E+0
5.895433E+3	-1.400770E-3	1.348780E+4	0.000000E+0	0.000000E+0
5.899433E+3	-1.400760E-3	1.348770E+4	0.000000E+0	0.000000E+0
5.903432E+3	-1.400790E-3	1.348770E+4	0.000000E+0	0.000000E+0
5.907435E+3	-1.400730E-3	1.348750E+4	0.000000E+0	0.000000E+0
5.911433E+3	-1.400750E-3	1.348710E+4	0.000000E+0	0.000000E+0
5.915431E+3	-1.400760E-3	1.348690E+4	0.000000E+0	0.000000E+0
5.919433E+3	-1.400750E-3	1.348670E+4	0.000000E+0	0.000000E+0
5.923430E+3	-1.400730E-3	1.348650E+4	0.000000E+0	0.000000E+0
5.927433E+3	-1.400750E-3	1.348620E+4	0.000000E+0	0.000000E+0
5.931431E+3	-1.400730E-3	1.348610E+4	0.000000E+0	0.000000E+0
5.935431E+3	-1.400750E-3	1.348610E+4	0.000000E+0	0.000000E+0
5.939431E+3	-1.400710E-3	1.348610E+4	0.000000E+0	0.000000E+0
5.943436E+3	-1.400740E-3	1.348610E+4	0.000000E+0	0.000000E+0
5.947435E+3	-1.400690E-3	1.348580E+4	0.000000E+0	0.000000E+0
5.951434E+3	-1.400720E-3	1.348550E+4	0.000000E+0	0.000000E+0
5.955435E+3	-1.400680E-3	1.348520E+4	0.000000E+0	0.000000E+0
5.959438E+3	-1.400690E-3	1.348500E+4	0.000000E+0	0.000000E+0
5.963434E+3	-1.400690E-3	1.348500E+4	0.000000E+0	0.000000E+0
5.967430E+3	-1.400740E-3	1.348520E+4	0.000000E+0	0.000000E+0
5.971429E+3	-1.400720E-3	1.348520E+4	0.000000E+0	0.000000E+0
5.975433E+3	-1.400730E-3	1.348490E+4	0.000000E+0	0.000000E+0
5.979437E+3	-1.400720E-3	1.348490E+4	0.000000E+0	0.000000E+0
5.983435E+3	-1.400720E-3	1.348490E+4	0.000000E+0	0.000000E+0
5.987430E+3	-1.400730E-3	1.348470E+4	0.000000E+0	0.000000E+0
5.991433E+3	-1.400760E-3	1.348450E+4	0.000000E+0	0.000000E+0
5.995435E+3	-1.400760E-3	1.348420E+4	0.000000E+0	0.000000E+0
5.999436E+3	-1.400780E-3	1.348390E+4	0.000000E+0	0.000000E+0
6.003431E+3	-1.400730E-3	1.348350E+4	0.000000E+0	0.000000E+0
6.007436E+3	-1.400740E-3	1.348340E+4	0.000000E+0	0.000000E+0
6.011434E+3	-1.400750E-3	1.348320E+4	0.000000E+0	0.000000E+0
6.015434E+3	-1.400730E-3	1.348300E+4	0.000000E+0	0.000000E+0
6.019431E+3	-1.400720E-3	1.348260E+4	0.000000E+0	0.000000E+0
6.023436E+3	-1.400740E-3	1.348220E+4	0.000000E+0	0.000000E+0
6.027436E+3	-1.400710E-3	1.348210E+4	0.000000E+0	0.000000E+0
6.031434E+3	-1.400740E-3	1.348200E+4	0.000000E+0	0.000000E+0
6.035432E+3	-1.400730E-3	1.348170E+4	0.000000E+0	0.000000E+0
6.039429E+3	-1.400720E-3	1.348150E+4	0.000000E+0	0.000000E+0
6.043435E+3	-1.400710E-3	1.348130E+4	0.000000E+0	0.000000E+0
6.047432E+3	-1.400740E-3	1.348120E+4	0.000000E+0	0.000000E+0
6.051434E+3	-1.400680E-3	1.348100E+4	0.000000E+0	0.000000E+0
6.055435E+3	-1.400700E-3	1.348080E+4	0.000000E+0	0.000000E+0
6.059432E+3	-1.400690E-3	1.348080E+4	0.000000E+0	0.000000E+0
6.063430E+3	-1.400720E-3	1.348090E+4	0.000000E+0	0.000000E+0
6.067430E+3	-1.400710E-3	1.348100E+4	0.000000E+0	0.000000E+0
6.071436E+3	-1.400730E-3	1.348070E+4	0.000000E+0	0.000000E+0
6.075438E+3	-1.400720E-3	1.348040E+4	0.000000E+0	0.000000E+0
6.079435E+3	-1.400730E-3	1.348030E+4	0.000000E+0	0.000000E+0
6.083431E+3	-1.400730E-3	1.348010E+4	0.000000E+0	0.000000E+0
6.087435E+3	-1.400710E-3	1.347980E+4	0.000000E+0	0.000000E+0
6.091436E+3	-1.400730E-3	1.347970E+4	0.000000E+0	0.000000E+0
6.095433E+3	-1.400710E-3	1.347950E+4	0.000000E+0	0.000000E+0
6.099430E+3	-1.400710E-3	1.347910E+4	0.000000E+0	0.000000E+0
6.103433E+3	-1.400720E-3	1.347880E+4	0.000000E+0	0.000000E+0
6.107434E+3	-1.400700E-3	1.347870E+4	0.000000E+0	0.000000E+0
6.111433E+3	-1.400710E-3	1.347880E+4	0.000000E+0	0.000000E+0
6.115429E+3	-1.400720E-3	1.347860E+4	0.000000E+0	0.000000E+0
6.119432E+3	-1.400750E-3	1.347860E+4	0.000000E+0	0.000000E+0
6.123435E+3	-1.400710E-3	1.347850E+4	0.000000E+0	0.000000E+0
6.127434E+3	-1.400700E-3	1.347840E+4	0.000000E+0	0.000000E+0
6.131427E+3	-1.400720E-3	1.347830E+4	0.000000E+0	0.000000E+0
6.135435E+3	-1.400720E-3	1.347810E+4	0.000000E+0	0.000000E+0
6.139441E+3	-1.400730E-3	1.347780E+4	0.000000E+0	0.000000E+0
6.143418E+3	-1.400720E-3	1.347770E+4	0.000000E+0	0.000000E+0
6.147433E+3	-1.400710E-3	1.347750E+4	0.000000E+0	0.000000E+0
6.151437E+3	-1.400720E-3	1.347730E+4	0.000000E+0	0.000000E+0
6.155410E+3	-1.400720E-3	1.347720E+4	0.000000E+0	0.000000E+0
6.159450E+3	-1.400730E-3	1.347690E+4	0.000000E+0	0.000000E+0
6.163404E+3	-1.400720E-3	1.347690E+4	0.000000E+0	0.000000E+0
6.167447E+3	-1.400690E-3	1.347690E+4	0.000000E+0	0.000000E+0
6.171431E+3	-1.400720E-3	1.347690E+4	0.000000E+0	0.000000E+0
6.175431E+3	-1.400750E-3	1.347690E+4	0.000000E+0	0.000000E+0
6.179430E+3	-1.400770E-3	1.347680E+4	0.000000E+0	0.000000E+0
6.183435E+3	-1.400750E-3	1.347680E+4	0.000000E+0	0.000000E+0
6.187433E+3	-1.400730E-3	1.347670E+4	0.000000E+0	0.000000E+0
6.191433E+3	-1.400730E-3	1.347640E+4	0.000000E+0	0.000000E+0
6.195433E+3	-1.400730E-3	1.347640E+4	0.000000E+0	0.000000E+0
6.199437E+3	-1.400730E-3	1.347630E+4	0.000000E+0	0.000000E+0
6.203437E+3	-1.400760E-3	1.347610E+4	0.000000E+0	0.000000E+0
6.207437E+3	-1.400790E-3	1.347590E+4	0.000000E+0	0.000000E+0
6.211410E+3	-1.400750E-3	1.347600E+4	0.000000E+0	0.000000E+0
6.215449E+3	-1.400740E-3	1.347590E+4	0.000000E+0	0.000000E+0
6.219437E+3	-1.400740E-3	1.347570E+4	0.000000E+0	0.000000E+0
6.223435E+3	-1.400760E-3	1.347530E+4	0.000000E+0	0.000000E+0
6.227432E+3	-1.400710E-3	1.347490E+4	0.000000E+0	0.000000E+0
6.231432E+3	-1.400710E-3	1.347470E+4	0.000000E+0	0.000000E+0
6.235435E+3	-1.400690E-3	1.347470E+4	0.000000E+0	0.000000E+0
6.239437E+3	-1.400730E-3	1.347430E+4	0.000000E+0	0.000000E+0
6.243432E+3	-1.400730E-3	1.347410E+4	0.000000E+0	0.000000E+0
6.247433E+3	-1.400750E-3	1.347430E+4	0.000000E+0	0.000000E+0
6.251433E+3	-1.400690E-3	1.347470E+4	0.000000E+0	0.000000E+0
6.255432E+3	-1.400730E-3	1.347480E+4	0.000000E+0	0.000000E+0
6.259430E+3	-1.400700E-3	1.347470E+4	0.000000E+0	0.000000E+0
6.263428E+3	-1.400750E-3	1.347430E+4	0.000000E+0	0.000000E+0
6.267433E+3	-1.400720E-3	1.347400E+4	0.000000E+0	0.000000E+0
6.271429E+3	-1.400740E-3	1.347390E+4	0.000000E+0	0.000000E+0
6.275431E+3	-1.400720E-3	1.347360E+4	0.000000E+0	0.000000E+0
6.279431E+3	-1.400730E-3	1.347340E+4	0.000000E+0	0.000000E+0
6.283434E+3	-1.400710E-3	1.347310E+4	0.000000E+0	0.000000E+0
6.287436E+3	-1.400720E-3	1.347300E+4	0.000000E+0	0.000000E+0
6.291432E+3	-1.400710E-3	1.347290E+4	0.000000E+0	0.000000E+0
6.295431E+3	-1.400740E-3	1.347290E+4	0.000000E+0	0.000000E+0
6.299434E+3	-1.400700E-3	1.347280E+4	0.000000E+0	0.000000E+0
6.303435E+3	-1.400740E-3	1.347260E+4	0.000000E+0	0.000000E+0
6.307429E+3	-1.400720E-3	1.347260E+4	0.000000E+0	0.000000E+0
6.311429E+3	-1.400740E-3	1.347240E+4	0.000000E+0	0.000000E+0
6.315432E+3	-1.400720E-3	1.347220E+4	0.000000E+0	0.000000E+0
6.319433E+3	-1.400770E-3	1.347200E+4	0.000000E+0	0.000000E+0
6.323429E+3	-1.400730E-3	1.347190E+4	0.000000E+0	0.000000E+0
6.327429E+3	-1.400690E-3	1.347180E+4	0.000000E+0	0.000000E+0
6.331432E+3	-1.400690E-3	1.347190E+4	0.000000E+0	0.000000E+0
6.335435E+3	-1.400700E-3	1.347180E+4	0.000000E+0	0.000000E+0
6.339432E+3	-1.400710E-3	1.347140E+4	0.000000E+0	0.000000E+0
6.343432E+3	-1.400690E-3	1.347100E+4	0.000000E+0	0.000000E+0
6.347431E+3	-1.400690E-3	1.347080E+4	0.000000E+0	0.000000E+0
6.351432E+3	-1.400710E-3	1.347050E+4	0.000000E+0	0.000000E+0
6.355433E+3	-1.400670E-3	1.347020E+4	0.000000E+0	0.000000E+0
6.359431E+3	-1.400670E-3	1.347020E+4	0.000000E+0	0.000000E+0
6.363434E+3	-1.400670E-3	1.347010E+4	0.000000E+0	0.000000E+0
6.367430E+3	-1.400660E-3	1.347000E+4	0.000000E+0	0.000000E+0
6.371433E+3	-1.400650E-3	1.347000E+4	0.000000E+0	0.000000E+0
6.375431E+3	-1.400630E-3	1.347000E+4	0.000000E+0	0.000000E+0
6.379434E+3	-1.400640E-3	1.347000E+4	0.000000E+0	0.000000E+0
6.383432E+3	-1.400690E-3	1.346980E+4	0.000000E+0	0.000000E+0
6.387432E+3	-1.400650E-3	1.346960E+4	0.000000E+0	0.000000E+0
6.391431E+3	-1.400680E-3	1.346970E+4	0.000000E+0	0.000000E+0
6.395434E+3	-1.400630E-3	1.346970E+4	0.000000E+0	0.000000E+0
6.399433E+3	-1.400650E-3	1.346980E+4	0.000000E+0	0.000000E+0
6.403430E+3	-1.400630E-3	1.347000E+4	0.000000E+0	0.000000E+0
6.407430E+3	-1.400670E-3	1.347010E+4	0.000000E+0	0.000000E+0
6.411434E+3	-1.400670E-3	1.346990E+4	0.000000E+0	0.000000E+0
6.415437E+3	-1.400670E-3	1.346990E+4	0.000000E+0	0.000000E+0
6.419433E+3	-1.400670E-3	1.346980E+4	0.000000E+0	0.000000E+0
6.423432E+3	-1.400660E-3	1.346950E+4	0.000000E+0	0.000000E+0
6.427432E+3	-1.400650E-3	1.346940E+4	0.000000E+0	0.000000E+0
6.431436E+3	-1.400640E-3	1.346940E+4	0.000000E+0	0.000000E+0
6.435433E+3	-1.400670E-3	1.346940E+4	0.000000E+0	0.000000E+0
6.439431E+3	-1.400670E-3	1.346950E+4	0.000000E+0	0.000000E+0
6.443435E+3	-1.400670E-3	1.346930E+4	0.000000E+0	0.000000E+0
6.447436E+3	-1.400680E-3	1.346870E+4	0.000000E+0	0.000000E+0
6.451431E+3	-1.400670E-3	1.346810E+4	0.000000E+0	0.000000E+0
6.455433E+3	-1.400680E-3	1.346740E+4	0.000000E+0	0.000000E+0
6.459434E+3	-1.400660E-3	1.346690E+4	0.000000E+0	0.000000E+0
6.463431E+3	-1.400680E-3	1.346690E+4	0.000000E+0	0.000000E+0
6.467431E+3	-1.400650E-3	1.346680E+4	0.000000E+0	0.000000E+0
6.471434E+3	-1.400640E-3	1.346670E+4	0.000000E+0	0.000000E+0
6.475437E+3	-1.400660E-3	1.346670E+4	0.000000E+0	0.000000E+0
6.479410E+3	-1.400630E-3	1.346670E+4	0.000000E+0	0.000000E+0
6.483441E+3	-1.400670E-3	1.346670E+4	0.000000E+0	0.000000E+0
6.487432E+3	-1.400690E-3	1.346680E+4	0.000000E+0	0.000000E+0
6.491435E+3	-1.400640E-3	1.346660E+4	0.000000E+0	0.000000E+0
6.495440E+3	-1.400640E-3	1.346640E+4	0.000000E+0	0.000000E+0
6.499414E+3	-1.400640E-3	1.346610E+4	0.000000E+0	0.000000E+0
6.503452E+3	-1.400670E-3	1.346590E+4	0.000000E+0	0.000000E+0
6.507414E+3	-1.400640E-3	1.346570E+4	0.000000E+0	0.000000E+0
6.511448E+3	-1.400640E-3	1.346560E+4	0.000000E+0	0.000000E+0
6.515438E+3	-1.400660E-3	1.346560E+4	0.000000E+0	0.000000E+0
6.519436E+3	-1.400630E-3	1.346540E+4	0.000000E+0	0.000000E+0
6.523432E+3	-1.400630E-3	1.346520E+4	0.000000E+0	0.000000E+0
6.527431E+3	-1.400660E-3	1.346500E+4	0.000000E+0	0.000000E+0
6.531433E+3	-1.400640E-3	1.346470E+4	0.000000E+0	0.000000E+0
6.535442E+3	-1.400640E-3	1.346450E+4	0.000000E+0	0.000000E+0
6.539413E+3	-1.400680E-3	1.346430E+4	0.000000E+0	0.000000E+0
6.543453E+3	-1.400660E-3	1.346400E+4	0.000000E+0	0.000000E+0
6.547412E+3	-1.400670E-3	1.346380E+4	0.000000E+0	0.000000E+0
6.551449E+3	-1.400620E-3	1.346370E+4	0.000000E+0	0.000000E+0
6.555437E+3	-1.400640E-3	1.346360E+4	0.000000E+0	0.000000E+0
6.559436E+3	-1.400640E-3	1.346340E+4	0.000000E+0	0.000000E+0
6.563407E+3	-1.400640E-3	1.346330E+4	0.000000E+0	0.000000E+0
6.567443E+3	-1.400650E-3	1.346320E+4	0.000000E+0	0.000000E+0
6.571434E+3	-1.400610E-3	1.346330E+4	0.000000E+0	0.000000E+0
6.575431E+3	-1.400640E-3	1.346320E+4	0.000000E+0	0.000000E+0
6.579429E+3	-1.400620E-3	1.346300E+4	0.000000E+0	0.000000E+0
6.583434E+3	-1.400620E-3	1.346280E+4	0.000000E+0	0.000000E+0
6.587431E+3	-1.400630E-3	1.346260E+4	0.000000E+0	0.000000E+0
6.591432E+3	-1.400640E-3	1.346230E+4	0.000000E+0	0.000000E+0
6.595430E+3	-1.400600E-3	1.346190E+4	0.000000E+0	0.000000E+0
6.599432E+3	-1.400650E-3	1.346150E+4	0.000000E+0	0.000000E+0
6.603433E+3	-1.400570E-3	1.346100E+4	0.000000E+0	0.000000E+0
6.607435E+3	-1.400610E-3	1.346080E+4	0.000000E+0	0.000000E+0
6.611432E+3	-1.400600E-3	1.346070E+4	0.000000E+0	0.000000E+0
6.615430E+3	-1.400630E-3	1.346060E+4	0.000000E+0	0.000000E+0
6.619433E+3	-1.400600E-3	1.346060E+4	0.000000E+0	0.000000E+0
6.623436E+3	-1.400590E-3	1.346040E+4	0.000000E+0	0.000000E+0
6.627431E+3	-1.400610E-3	1.346020E+4	0.000000E+0	0.000000E+0
6.631430E+3	-1.400620E-3	1.346000E+4	0.000000E+0	0.000000E+0
6.635433E+3	-1.400580E-3	1.345990E+4	0.000000E+0	0.000000E+0
6.639434E+3	-1.400600E-3	1.345990E+4	0.000000E+0	0.000000E+0
6.643434E+3	-1.400590E-3	1.345980E+4	0.000000E+0	0.000000E+0
6.647433E+3	-1.400600E-3	1.345980E+4	0.000000E+0	0.000000E+0
6.651434E+3	-1.400610E-3	1.345970E+4	0.000000E+0	0.000000E+0
6.655432E+3	-1.400620E-3	1.345940E+4	0.000000E+0	0.000000E+0
6.659432E+3	-1.400600E-3	1.345920E+4	0.000000E+0	0.000000E+0
6.663431E+3	-1.400630E-3	1.345890E+4	0.000000E+0	0.000000E+0
6.667434E+3	-1.400610E-3	1.345890E+4	0.000000E+0	0.000000E+0
6.671435E+3	-1.400600E-3	1.345860E+4	0.000000E+0	0.000000E+0
6.675432E+3	-1.400640E-3	1.345840E+4	0.000000E+0	0.000000E+0
6.679430E+3	-1.400580E-3	1.345830E+4	0.000000E+0	0.000000E+0
6.683435E+3	-1.400600E-3	1.345820E+4	0.000000E+0	0.000000E+0
6.687431E+3	-1.400600E-3	1.345810E+4	0.000000E+0	0.000000E+0
6.691430E+3	-1.400580E-3	1.345800E+4	0.000000E+0	0.000000E+0
6.695432E+3	-1.400590E-3	1.345790E+4	0.000000E+0	0.000000E+0
6.699430E+3	-1.400590E-3	1.345770E+4	0.000000E+0	0.000000E+0
6.703431E+3	-1.400620E-3	1.345740E+4	0.000000E+0	0.000000E+0
6.707428E+3	-1.400590E-3	1.345710E+4	0.000000E+0	0.000000E+0
6.711435E+3	-1.400560E-3	1.345680E+4	0.000000E+0	0.000000E+0
6.715436E+3	-1.400560E-3	1.345660E+4	0.000000E+0	0.000000E+0
6.719434E+3	-1.400560E-3	1.345640E+4	0.000000E+0	0.000000E+0
6.723433E+3	-1.400590E-3	1.345630E+4	0.000000E+0	0.000000E+0
6.727433E+3	-1.400590E-3	1.345620E+4	0.000000E+0	0.000000E+0
6.731433E+3	-1.400580E-3	1.345620E+4	0.000000E+0	0.000000E+0
6.735431E+3	-1.400550E-3	1.345620E+4	0.000000E+0	0.000000E+0
6.739433E+3	-1.400500E-3	1.345610E+4	0.000000E+0	0.000000E+0
6.743431E+3	-1.400520E-3	1.345600E+4	0.000000E+0	0.000000E+0
6.747434E+3	-1.400530E-3	1.345600E+4	0.000000E+0	0.000000E+0
6.751435E+3	-1.400530E-3	1.345590E+4	0.000000E+0	0.000000E+0
6.755434E+3	-1.400550E-3	1.345580E+4	0.000000E+0	0.000000E+0
6.759430E+3	-1.400560E-3	1.345570E+4	0.000000E+0	0.000000E+0
6.763434E+3	-1.400570E-3	1.345540E+4	0.000000E+0	0.000000E+0
6.767435E+3	-1.400550E-3	1.345500E+4	0.000000E+0	0.000000E+0
6.771432E+3	-1.400570E-3	1.345440E+4	0.000000E+0	0.000000E+0
6.775432E+3	-1.400590E-3	1.345380E+4	0.000000E+0	0.000000E+0
6.779433E+3	-1.400560E-3	1.345360E+4	0.000000E+0	0.000000E+0
6.783432E+3	-1.400540E-3	1.345350E+4	0.000000E+0	0.000000E+0
6.787432E+3	-1.400530E-3	1.345330E+4	0.000000E+0	0.000000E+0
6.791432E+3	-1.400570E-3	1.345320E+4	0.000000E+0	0.000000E+0
6.795431E+3	-1.400550E-3	1.345350E+4	0.000000E+0	0.000000E+0
6.799431E+3	-1.400560E-3	1.345370E+4	0.000000E+0	0.000000E+0
6.803431E+3	-1.400560E-3	1.345390E+4	0.000000E+0	0.000000E+0
6.807434E+3	-1.400540E-3	1.345390E+4	0.000000E+0	0.000000E+0
6.811436E+3	-1.400520E-3	1.345400E+4	0.000000E+0	0.000000E+0
6.815433E+3	-1.400550E-3	1.345410E+4	0.000000E+0	0.000000E+0
6.819433E+3	-1.400550E-3	1.345400E+4	0.000000E+0	0.000000E+0
6.823429E+3	-1.400550E-3	1.345390E+4	0.000000E+0	0.000000E+0
6.827437E+3	-1.400570E-3	1.345370E+4	0.000000E+0	0.000000E+0
6.831437E+3	-1.400540E-3	1.345340E+4	0.000000E+0	0.000000E+0
6.835431E+3	-1.400510E-3	1.345320E+4	0.000000E+0	0.000000E+0
6.839435E+3	-1.400560E-3	1.345300E+4	0.000000E+0	0.000000E+0
6.843431E+3	-1.400540E-3	1.345280E+4	0.000000E+0	0.000000E+0
6.847435E+3	-1.400530E-3	1.345250E+4	0.000000E+0	0.000000E+0
6.851416E+3	-1.400550E-3	1.345230E+4	0.000000E+0	0.000000E+0
6.855448E+3	-1.400550E-3	1.345250E+4	0.000000E+0	0.000000E+0
6.859435E+3	-1.400520E-3	1.345270E+4	0.000000E+0	0.000000E+0
6.863433E+3	-1.400550E-3	1.345250E+4	0.000000E+0	0.000000E+0
6.867432E+3	-1.400530E-3	1.345230E+4	0.000000E+0	0.000000E+0
6.871435E+3	-1.400530E-3	1.345230E+4	0.000000E+0	0.000000E+0
6.875435E+3	-1.400530E-3	1.345200E+4	0.000000E+0	0.000000E+0
6.879441E+3	-1.400530E-3	1.345190E+4	0.000000E+0	0.000000E+0
6.883409E+3	-1.400520E-3	1.345200E+4	0.000000E+0	0.000000E+0
6.887451E+3	-1.400540E-3	1.345230E+4	0.000000E+0	0.000000E+0
6.891431E+3	-1.400520E-3	1.345220E+4	0.000000E+0	0.000000E+0
6.895433E+3	-1.400540E-3	1.345210E+4	0.000000E+0	0.000000E+0
6.899434E+3	-1.400540E-3	1.345180E+4	0.000000E+0	0.000000E+0
6.903434E+3	-1.400560E-3	1.345160E+4	0.000000E+0	0.000000E+0
6.907433E+3	-1.400530E-3	1.345140E+4	0.000000E+0	0.000000E+0
6.911431E+3	-1.400560E-3	1.345120E+4	0.000000E+0	0.000000E+0
6.915431E+3	-1.400530E-3	1.345090E+4	0.000000E+0	0.000000E+0
6.919436E+3	-1.400500E-3	1.345040E+4	0.000000E+0	0.000000E+0
6.923434E+3	-1.400510E-3	1.345030E+4	0.000000E+0	0.000000E+0
6.927432E+3	-1.400530E-3	1.345030E+4	0.000000E+0	0.000000E+0
6.931431E+3	-1.400510E-3	1.345040E+4	0.000000E+0	0.000000E+0
6.935434E+3	-1.400520E-3	1.345050E+4	0.000000E+0	0.000000E+0
6.939430E+3	-1.400510E-3	1.345070E+4	0.000000E+0	0.000000E+0
6.943435E+3	-1.400520E-3	1.345080E+4	0.000000E+0	0.000000E+0
6.947434E+3	-1.400530E-3	1.345070E+4	0.000000E+0	0.000000E+0
6.951433E+3	-1.400550E-3	1.345040E+4	0.000000E+0	0.000000E+0
6.955432E+3	-1.400570E-3	1.345010E+4	0.000000E+0	0.000000E+0
6.959430E+3	-1.400580E-3	1.344970E+4	0.000000E+0	0.000000E+0
6.963430E+3	-1.400580E-3	1.344940E+4	0.000000E+0	0.000000E+0
6.967432E+3	-1.400560E-3	1.344910E+4	0.000000E+0	0.000000E+0
6.971435E+3	-1.400540E-3	1.344880E+4	0.000000E+0	0.000000E+0
6.975435E+3	-1.400550E-3	1.344840E+4	0.000000E+0	0.000000E+0
6.979433E+3	-1.400550E-3	1.344800E+4	0.000000E+0	0.000000E+0
6.983430E+3	-1.400540E-3	1.344790E+4	0.000000E+0	0.000000E+0
6.987434E+3	-1.400520E-3	1.344780E+4	0.000000E+0	0.000000E+0
6.991433E+3	-1.400540E-3	1.344790E+4	0.000000E+0	0.000000E+0
6.995431E+3	-1.400530E-3	1.344790E+4	0.000000E+0	0.000000E+0
6.999426E+3	-1.400540E-3	1.344800E+4	0.000000E+0	0.000000E+0
7.003431E+3	-1.400510E-3	1.344790E+4	0.000000E+0	0.000000E+0
7.007436E+3	-1.400540E-3	1.344790E+4	0.000000E+0	0.000000E+0
7.011410E+3	-1.400520E-3	1.344800E+4	0.000000E+0	0.000000E+0
7.015450E+3	-1.400540E-3	1.344800E+4	0.000000E+0	0.000000E+0
7.019413E+3	-1.400540E-3	1.344770E+4	0.000000E+0	0.000000E+0
7.023444E+3	-1.400530E-3	1.344740E+4	0.000000E+0	0.000000E+0
7.027434E+3	-1.400500E-3	1.344720E+4	0.000000E+0	0.000000E+0
7.031433E+3	-1.400540E-3	1.344700E+4	0.000000E+0	0.000000E+0
7.035432E+3	-1.400510E-3	1.344710E+4	0.000000E+0	0.000000E+0
7.039430E+3	-1.400530E-3	1.344720E+4	0.000000E+0	0.000000E+0
7.043430E+3	-1.400520E-3	1.344750E+4	0.000000E+0	0.000000E+0
7.047435E+3	-1.400540E-3	1.344750E+4	0.000000E+0	0.000000E+0
7.051432E+3	-1.400530E-3	1.344730E+4	0.000000E+0	0.000000E+0
7.055432E+3	-1.400530E-3	1.344710E+4	0.000000E+0	0.000000E+0
7.059433E+3	-1.400490E-3	1.344690E+4	0.000000E+0	0.000000E+0
7.063432E+3	-1.400510E-3	1.344690E+4	0.000000E+0	0.000000E+0
7.067430E+3	-1.400500E-3	1.344670E+4	0.000000E+0	0.000000E+0
7.071431E+3	-1.400510E-3	1.344630E+4	0.000000E+0	0.000000E+0
7.075433E+3	-1.400500E-3	1.344600E+4	0.000000E+0	0.000000E+0
7.079436E+3	-1.400530E-3	1.344570E+4	0.000000E+0	0.000000E+0
7.083431E+3	-1.400460E-3	1.344540E+4	0.000000E+0	0.000000E+0
7.087431E+3	-1.400520E-3	1.344510E+4	0.000000E+0	0.000000E+0
7.091433E+3	-1.400510E-3	1.344510E+4	0.000000E+0	0.000000E+0
7.095434E+3	-1.400550E-3	1.344510E+4	0.000000E+0	0.000000E+0
7.099432E+3	-1.400520E-3	1.344520E+4	0.000000E+0	0.000000E+0
7.103429E+3	-1.400490E-3	1.344520E+4	0.000000E+0	0.000000E+0
7.107434E+3	-1.400490E-3	1.344510E+4	0.000000E+0	0.000000E+0
7.111433E+3	-1.400470E-3	1.344500E+4	0.000000E+0	0.000000E+0
7.115431E+3	-1.400460E-3	1.344500E+4	0.000000E+0	0.000000E+0
7.119432E+3	-1.400460E-3	1.344480E+4	0.000000E+0	0.000000E+0
7.123434E+3	-1.400450E-3	1.344460E+4	0.000000E+0	0.000000E+0
7.127435E+3	-1.400480E-3	1.344430E+4	0.000000E+0	0.000000E+0
7.131430E+3	-1.400440E-3	1.344390E+4	0.000000E+0	0.000000E+0
7.135438E+3	-1.400420E-3	1.344360E+4	0.000000E+0	0.000000E+0
7.139411E+3	-1.400440E-3	1.344350E+4	0.000000E+0	0.000000E+0
7.143451E+3	-1.400460E-3	1.344330E+4	0.000000E+0	0.000000E+0
7.147410E+3	-1.400470E-3	1.344310E+4	0.000000E+0	0.000000E+0
7.151432E+3	-1.400450E-3	1.344280E+4	0.000000E+0	0.000000E+0
7.155430E+3	-1.400420E-3	1.344260E+4	0.000000E+0	0.000000E+0
7.159433E+3	-1.400440E-3	1.344220E+4	0.000000E+0	0.000000E+0
7.163430E+3	-1.400420E-3	1.344190E+4	0.000000E+0	0.000000E+0
7.167438E+3	-1.400460E-3	1.344160E+4	0.000000E+0	0.000000E+0
7.171433E+3	-1.400460E-3	1.344120E+4	0.000000E+0	0.000000E+0
7.175432E+3	-1.400450E-3	1.344100E+4	0.000000E+0	0.000000E+0
7.179429E+3	-1.400450E-3	1.344080E+4	0.000000E+0	0.000000E+0
7.183431E+3	-1.400450E-3	1.344050E+4	0.000000E+0	0.000000E+0
7.187432E+3	-1.400470E-3	1.344030E+4	0.000000E+0	0.000000E+0
7.191430E+3	-1.400460E-3	1.344010E+4	0.000000E+0	0.000000E+0
7.195428E+3	-1.400470E-3	1.344000E+4	0.000000E+0	0.000000E+0
7.199429E+3	-1.400460E-3	1.344000E+4	0.000000E+0	0.000000E+0
7.203427E+3	-1.400450E-3	1.344010E+4	0.000000E+0	0.000000E+0
7.207428E+3	-1.400480E-3	1.344000E+4	0.000000E+0	0.000000E+0
7.211427E+3	-1.400490E-3	1.344000E+4	0.000000E+0	0.000000E+0
7.215432E+3	-1.400480E-3	1.344000E+4	0.000000E+0	0.000000E+0
7.219434E+3	-1.400450E-3	1.344000E+4	0.000000E+0	0.000000E+0
7.223432E+3	-1.400440E-3	1.343990E+4	0.000000E+0	0.000000E+0
7.227429E+3	-1.400470E-3	1.343980E+4	0.000000E+0	0.000000E+0
7.231433E+3	-1.400420E-3	1.343940E+4	0.000000E+0	0.000000E+0
7.235432E+3	-1.400420E-3	1.343900E+4	0.000000E+0	0.000000E+0
7.239430E+3	-1.400440E-3	1.343890E+4	0.000000E+0	0.000000E+0
7.243425E+3	-1.400410E-3	1.343880E+4	0.000000E+0	0.000000E+0
7.247431E+3	-1.400450E-3	1.343870E+4	0.000000E+0	0.000000E+0
7.251430E+3	-1.400420E-3	1.343850E+4	0.000000E+0	0.000000E+0
7.255435E+3	-1.400440E-3	1.343850E+4	0.000000E+0	0.000000E+0
7.259426E+3	-1.400440E-3	1.343870E+4	0.000000E+0	0.000000E+0
7.263433E+3	-1.400300E-3	1.343850E+4	0.000000E+0	0.000000E+0
7.267433E+3	-1.400300E-3	1.343850E+4	0.000000E+0	0.000000E+0
7.271431E+3	-1.400380E-3	1.343860E+4	0.000000E+0	0.000000E+0
