
Medición hecha el 2026-09-16  09:04 p.m.

Medición de corriente y tensión en el tiempo con posibilidad de inyectar corriente.
Tiempo	Corriente	Tensión
2.472000E+0	1.034220E-5	1.259890E+4	0.000000E+0	0.000000E+0
5.515000E+0	1.034160E-5	1.259880E+4	0.000000E+0	0.000000E+0
8.516000E+0	1.034070E-5	1.259860E+4	0.000000E+0	0.000000E+0
1.152100E+1	1.034040E-5	1.259850E+4	0.000000E+0	0.000000E+0
1.452800E+1	1.034010E-5	1.259830E+4	0.000000E+0	0.000000E+0
1.753000E+1	1.033980E-5	1.259830E+4	0.000000E+0	0.000000E+0
2.053100E+1	1.033900E-5	1.259820E+4	0.000000E+0	0.000000E+0
2.353200E+1	1.033920E-5	1.259790E+4	0.000000E+0	0.000000E+0
2.653300E+1	1.033800E-5	1.259790E+4	0.000000E+0	0.000000E+0
2.953100E+1	1.033810E-5	1.259790E+4	0.000000E+0	0.000000E+0
3.252900E+1	1.033730E-5	1.259770E+4	0.000000E+0	0.000000E+0
3.553200E+1	1.033670E-5	1.259760E+4	0.000000E+0	0.000000E+0
3.853200E+1	1.033610E-5	1.259750E+4	0.000000E+0	0.000000E+0
4.153200E+1	1.033590E-5	1.259740E+4	0.000000E+0	0.000000E+0
4.453000E+1	1.033530E-5	1.259730E+4	0.000000E+0	0.000000E+0
4.753300E+1	1.033490E-5	1.259720E+4	0.000000E+0	0.000000E+0
5.053900E+1	1.033530E-5	1.259710E+4	0.000000E+0	0.000000E+0
5.353400E+1	1.033440E-5	1.259700E+4	0.000000E+0	0.000000E+0
5.653400E+1	1.033380E-5	1.259690E+4	0.000000E+0	0.000000E+0
5.953600E+1	1.033350E-5	1.259680E+4	0.000000E+0	0.000000E+0
6.253900E+1	1.033290E-5	1.259670E+4	0.000000E+0	0.000000E+0
6.553100E+1	1.033280E-5	1.259660E+4	0.000000E+0	0.000000E+0
6.853100E+1	1.033240E-5	1.259660E+4	0.000000E+0	0.000000E+0
7.153600E+1	1.033170E-5	1.259640E+4	0.000000E+0	0.000000E+0
7.453500E+1	1.033160E-5	1.259630E+4	0.000000E+0	0.000000E+0
7.753700E+1	1.033150E-5	1.259620E+4	0.000000E+0	0.000000E+0
8.053100E+1	1.033140E-5	1.259610E+4	0.000000E+0	0.000000E+0
8.353200E+1	1.033110E-5	1.259600E+4	0.000000E+0	0.000000E+0
8.653400E+1	1.033100E-5	1.259580E+4	0.000000E+0	0.000000E+0
8.953000E+1	1.033060E-5	1.259570E+4	0.000000E+0	0.000000E+0
9.253500E+1	1.032950E-5	1.259560E+4	0.000000E+0	0.000000E+0
9.553500E+1	1.032900E-5	1.259550E+4	0.000000E+0	0.000000E+0
9.853000E+1	1.032860E-5	1.259540E+4	0.000000E+0	0.000000E+0
1.015300E+2	1.032840E-5	1.259530E+4	0.000000E+0	0.000000E+0
1.045380E+2	1.032730E-5	1.259510E+4	0.000000E+0	0.000000E+0
1.075300E+2	1.032750E-5	1.259500E+4	0.000000E+0	0.000000E+0
1.105360E+2	1.032770E-5	1.259500E+4	0.000000E+0	0.000000E+0
1.135290E+2	1.032630E-5	1.259490E+4	0.000000E+0	0.000000E+0
1.165300E+2	1.032610E-5	1.259470E+4	0.000000E+0	0.000000E+0
1.195300E+2	1.032580E-5	1.259460E+4	0.000000E+0	0.000000E+0
1.225370E+2	1.032580E-5	1.259450E+4	0.000000E+0	0.000000E+0
1.255300E+2	1.032420E-5	1.259440E+4	0.000000E+0	0.000000E+0
1.285310E+2	1.032400E-5	1.259430E+4	0.000000E+0	0.000000E+0
1.315310E+2	1.032410E-5	1.259420E+4	0.000000E+0	0.000000E+0
1.345260E+2	1.032380E-5	1.259400E+4	0.000000E+0	0.000000E+0
1.375310E+2	1.032340E-5	1.259390E+4	0.000000E+0	0.000000E+0
1.405300E+2	1.032350E-5	1.259390E+4	0.000000E+0	0.000000E+0
1.435290E+2	1.032360E-5	1.259380E+4	0.000000E+0	0.000000E+0
1.465310E+2	1.032220E-5	1.259360E+4	0.000000E+0	0.000000E+0
1.495300E+2	1.032220E-5	1.259350E+4	0.000000E+0	0.000000E+0
1.525240E+2	1.032150E-5	1.259340E+4	0.000000E+0	0.000000E+0
1.555240E+2	1.032180E-5	1.259330E+4	0.000000E+0	0.000000E+0
1.585270E+2	1.032130E-5	1.259330E+4	0.000000E+0	0.000000E+0
1.615250E+2	1.032070E-5	1.259320E+4	0.000000E+0	0.000000E+0
1.645240E+2	1.032070E-5	1.259330E+4	0.000000E+0	0.000000E+0
1.675200E+2	1.032030E-5	1.259300E+4	0.000000E+0	0.000000E+0
1.705140E+2	1.032010E-5	1.259300E+4	0.000000E+0	0.000000E+0
1.735190E+2	1.031950E-5	1.259300E+4	0.000000E+0	0.000000E+0
1.765120E+2	1.031930E-5	1.259300E+4	0.000000E+0	0.000000E+0
1.795200E+2	1.031970E-5	1.259280E+4	0.000000E+0	0.000000E+0
1.825140E+2	1.031920E-5	1.259270E+4	0.000000E+0	0.000000E+0
1.855200E+2	1.031910E-5	1.259270E+4	0.000000E+0	0.000000E+0
1.885140E+2	1.031810E-5	1.259260E+4	0.000000E+0	0.000000E+0
1.915220E+2	1.031820E-5	1.259250E+4	0.000000E+0	0.000000E+0
1.945170E+2	1.031710E-5	1.259250E+4	0.000000E+0	0.000000E+0
1.975220E+2	1.031710E-5	1.259240E+4	0.000000E+0	0.000000E+0
2.005100E+2	1.031670E-5	1.259240E+4	0.000000E+0	0.000000E+0
2.035210E+2	1.031660E-5	1.259220E+4	0.000000E+0	0.000000E+0
2.065160E+2	1.031590E-5	1.259220E+4	0.000000E+0	0.000000E+0
2.095300E+2	1.031550E-5	1.259210E+4	0.000000E+0	0.000000E+0
2.125350E+2	1.031450E-5	1.259210E+4	0.000000E+0	0.000000E+0
2.155300E+2	1.031500E-5	1.259200E+4	0.000000E+0	0.000000E+0
2.185210E+2	1.031390E-5	1.259180E+4	0.000000E+0	0.000000E+0
2.215210E+2	1.031450E-5	1.259170E+4	0.000000E+0	0.000000E+0
2.245270E+2	1.031350E-5	1.259140E+4	0.000000E+0	0.000000E+0
2.275290E+2	1.031320E-5	1.259130E+4	0.000000E+0	0.000000E+0
2.305240E+2	1.031310E-5	1.259110E+4	0.000000E+0	0.000000E+0
2.335300E+2	1.031200E-5	1.259100E+4	0.000000E+0	0.000000E+0
2.365330E+2	1.031120E-5	1.259090E+4	0.000000E+0	0.000000E+0
2.395370E+2	1.031110E-5	1.259080E+4	0.000000E+0	0.000000E+0
2.425330E+2	1.031100E-5	1.259060E+4	0.000000E+0	0.000000E+0
2.455310E+2	1.031060E-5	1.259050E+4	0.000000E+0	0.000000E+0
2.485310E+2	1.031020E-5	1.259040E+4	0.000000E+0	0.000000E+0
2.515310E+2	1.030940E-5	1.259030E+4	0.000000E+0	0.000000E+0
2.545320E+2	1.030980E-5	1.259010E+4	0.000000E+0	0.000000E+0
2.575310E+2	1.030960E-5	1.259000E+4	0.000000E+0	0.000000E+0
2.605380E+2	1.030910E-5	1.258980E+4	0.000000E+0	0.000000E+0
2.635350E+2	1.030890E-5	1.258970E+4	0.000000E+0	0.000000E+0
2.665350E+2	1.030800E-5	1.258960E+4	0.000000E+0	0.000000E+0
2.695320E+2	1.030780E-5	1.258950E+4	0.000000E+0	0.000000E+0
2.725300E+2	1.030840E-5	1.258930E+4	0.000000E+0	0.000000E+0
2.755320E+2	1.030720E-5	1.258920E+4	0.000000E+0	0.000000E+0
2.785300E+2	1.030690E-5	1.258910E+4	0.000000E+0	0.000000E+0
2.815380E+2	1.030750E-5	1.258900E+4	0.000000E+0	0.000000E+0
2.845410E+2	1.030650E-5	1.258890E+4	0.000000E+0	0.000000E+0
2.875390E+2	1.030570E-5	1.258870E+4	0.000000E+0	0.000000E+0
2.905350E+2	1.030530E-5	1.258850E+4	0.000000E+0	0.000000E+0
2.935350E+2	1.030450E-5	1.258840E+4	0.000000E+0	0.000000E+0
2.965300E+2	1.030450E-5	1.258840E+4	0.000000E+0	0.000000E+0
2.995350E+2	1.030450E-5	1.258820E+4	0.000000E+0	0.000000E+0
3.025300E+2	1.030430E-5	1.258810E+4	0.000000E+0	0.000000E+0
3.055330E+2	1.030360E-5	1.258800E+4	0.000000E+0	0.000000E+0
3.085310E+2	1.030350E-5	1.258790E+4	0.000000E+0	0.000000E+0
3.115330E+2	1.030340E-5	1.258780E+4	0.000000E+0	0.000000E+0
3.145340E+2	1.030270E-5	1.258770E+4	0.000000E+0	0.000000E+0
3.175310E+2	1.030270E-5	1.258770E+4	0.000000E+0	0.000000E+0
3.205400E+2	1.030290E-5	1.258760E+4	0.000000E+0	0.000000E+0
3.235330E+2	1.030230E-5	1.258740E+4	0.000000E+0	0.000000E+0
3.265340E+2	1.030200E-5	1.258740E+4	0.000000E+0	0.000000E+0
3.295340E+2	1.030160E-5	1.258740E+4	0.000000E+0	0.000000E+0
3.325310E+2	1.030130E-5	1.258730E+4	0.000000E+0	0.000000E+0
3.355330E+2	1.030180E-5	1.258720E+4	0.000000E+0	0.000000E+0
3.385300E+2	1.030110E-5	1.258700E+4	0.000000E+0	0.000000E+0
3.415300E+2	1.030000E-5	1.258700E+4	0.000000E+0	0.000000E+0
3.445320E+2	1.029940E-5	1.258700E+4	0.000000E+0	0.000000E+0
3.475310E+2	1.029900E-5	1.258690E+4	0.000000E+0	0.000000E+0
3.505320E+2	1.029930E-5	1.258680E+4	0.000000E+0	0.000000E+0
3.535360E+2	1.029860E-5	1.258680E+4	0.000000E+0	0.000000E+0
3.565340E+2	1.029810E-5	1.258670E+4	0.000000E+0	0.000000E+0
3.595320E+2	1.029840E-5	1.258650E+4	0.000000E+0	0.000000E+0
3.625300E+2	1.029780E-5	1.258660E+4	0.000000E+0	0.000000E+0
3.655300E+2	1.029840E-5	1.258640E+4	0.000000E+0	0.000000E+0
3.685320E+2	1.029690E-5	1.258630E+4	0.000000E+0	0.000000E+0
3.715280E+2	1.029690E-5	1.258620E+4	0.000000E+0	0.000000E+0
3.745230E+2	1.029660E-5	1.258620E+4	0.000000E+0	0.000000E+0
3.775220E+2	1.029610E-5	1.258610E+4	0.000000E+0	0.000000E+0
3.805200E+2	1.029600E-5	1.258600E+4	0.000000E+0	0.000000E+0
3.835210E+2	1.029520E-5	1.258590E+4	0.000000E+0	0.000000E+0
3.865120E+2	1.029510E-5	1.258580E+4	0.000000E+0	0.000000E+0
3.895200E+2	1.029440E-5	1.258570E+4	0.000000E+0	0.000000E+0
3.925180E+2	1.029480E-5	1.258560E+4	0.000000E+0	0.000000E+0
3.955160E+2	1.029440E-5	1.258550E+4	0.000000E+0	0.000000E+0
3.985260E+2	1.029450E-5	1.258540E+4	0.000000E+0	0.000000E+0
4.015160E+2	1.029360E-5	1.258540E+4	0.000000E+0	0.000000E+0
4.045180E+2	1.029360E-5	1.258530E+4	0.000000E+0	0.000000E+0
4.075210E+2	1.029330E-5	1.258520E+4	0.000000E+0	0.000000E+0
4.105180E+2	1.029280E-5	1.258510E+4	0.000000E+0	0.000000E+0
4.135230E+2	1.029180E-5	1.258510E+4	0.000000E+0	0.000000E+0
4.165130E+2	1.029210E-5	1.258490E+4	0.000000E+0	0.000000E+0
4.195160E+2	1.029150E-5	1.258490E+4	0.000000E+0	0.000000E+0
4.225170E+2	1.029180E-5	1.258480E+4	0.000000E+0	0.000000E+0
4.255190E+2	1.029120E-5	1.258470E+4	0.000000E+0	0.000000E+0
4.285170E+2	1.029140E-5	1.258460E+4	0.000000E+0	0.000000E+0
4.315170E+2	1.029060E-5	1.258460E+4	0.000000E+0	0.000000E+0
4.345140E+2	1.029060E-5	1.258440E+4	0.000000E+0	0.000000E+0
4.375200E+2	1.029040E-5	1.258440E+4	0.000000E+0	0.000000E+0
4.405160E+2	1.028960E-5	1.258450E+4	0.000000E+0	0.000000E+0
4.435190E+2	1.028950E-5	1.258430E+4	0.000000E+0	0.000000E+0
4.465150E+2	1.028970E-5	1.258430E+4	0.000000E+0	0.000000E+0
4.495150E+2	1.028950E-5	1.258430E+4	0.000000E+0	0.000000E+0
4.525200E+2	1.028870E-5	1.258420E+4	0.000000E+0	0.000000E+0
4.555200E+2	1.028860E-5	1.258410E+4	0.000000E+0	0.000000E+0
4.585180E+2	1.028840E-5	1.258400E+4	0.000000E+0	0.000000E+0
4.615220E+2	1.028780E-5	1.258390E+4	0.000000E+0	0.000000E+0
4.645170E+2	1.028740E-5	1.258390E+4	0.000000E+0	0.000000E+0
4.675220E+2	1.028720E-5	1.258390E+4	0.000000E+0	0.000000E+0
4.705180E+2	1.028710E-5	1.258380E+4	0.000000E+0	0.000000E+0
4.735230E+2	1.028660E-5	1.258370E+4	0.000000E+0	0.000000E+0
4.765180E+2	1.028610E-5	1.258360E+4	0.000000E+0	0.000000E+0
4.795250E+2	1.028640E-5	1.258360E+4	0.000000E+0	0.000000E+0
4.825160E+2	1.028590E-5	1.258350E+4	0.000000E+0	0.000000E+0
4.855240E+2	1.028530E-5	1.258350E+4	0.000000E+0	0.000000E+0
4.885190E+2	1.028470E-5	1.258340E+4	0.000000E+0	0.000000E+0
4.915210E+2	1.028530E-5	1.258340E+4	0.000000E+0	0.000000E+0
4.945180E+2	1.028470E-5	1.258330E+4	0.000000E+0	0.000000E+0
4.975320E+2	1.028400E-5	1.258320E+4	0.000000E+0	0.000000E+0
5.005380E+2	1.028410E-5	1.258320E+4	0.000000E+0	0.000000E+0
5.035400E+2	1.028360E-5	1.258300E+4	0.000000E+0	0.000000E+0
5.065270E+2	1.028330E-5	1.258290E+4	0.000000E+0	0.000000E+0
5.095260E+2	1.028200E-5	1.258280E+4	0.000000E+0	0.000000E+0
5.125310E+2	1.028200E-5	1.258280E+4	0.000000E+0	0.000000E+0
5.155330E+2	1.028210E-5	1.258270E+4	0.000000E+0	0.000000E+0
5.185290E+2	1.028230E-5	1.258260E+4	0.000000E+0	0.000000E+0
5.215300E+2	1.028120E-5	1.258250E+4	0.000000E+0	0.000000E+0
5.245350E+2	1.028090E-5	1.258240E+4	0.000000E+0	0.000000E+0
5.275340E+2	1.028130E-5	1.258240E+4	0.000000E+0	0.000000E+0
5.305320E+2	1.028090E-5	1.258230E+4	0.000000E+0	0.000000E+0
5.335310E+2	1.028100E-5	1.258220E+4	0.000000E+0	0.000000E+0
5.365300E+2	1.028030E-5	1.258210E+4	0.000000E+0	0.000000E+0
5.395300E+2	1.028010E-5	1.258210E+4	0.000000E+0	0.000000E+0
5.425270E+2	1.028020E-5	1.258200E+4	0.000000E+0	0.000000E+0
5.455280E+2	1.027920E-5	1.258180E+4	0.000000E+0	0.000000E+0
5.485250E+2	1.027870E-5	1.258190E+4	0.000000E+0	0.000000E+0
5.515220E+2	1.027940E-5	1.258180E+4	0.000000E+0	0.000000E+0
5.545250E+2	1.027830E-5	1.258170E+4	0.000000E+0	0.000000E+0
5.575150E+2	1.027850E-5	1.258160E+4	0.000000E+0	0.000000E+0
5.605170E+2	1.027870E-5	1.258150E+4	0.000000E+0	0.000000E+0
5.635210E+2	1.027790E-5	1.258140E+4	0.000000E+0	0.000000E+0
5.665150E+2	1.027730E-5	1.258130E+4	0.000000E+0	0.000000E+0
5.695230E+2	1.027710E-5	1.258130E+4	0.000000E+0	0.000000E+0
5.725150E+2	1.027660E-5	1.258120E+4	0.000000E+0	0.000000E+0
5.755200E+2	1.027620E-5	1.258120E+4	0.000000E+0	0.000000E+0
5.785200E+2	1.027640E-5	1.258100E+4	0.000000E+0	0.000000E+0
5.815160E+2	1.027650E-5	1.258090E+4	0.000000E+0	0.000000E+0
5.845190E+2	1.027630E-5	1.258090E+4	0.000000E+0	0.000000E+0
5.875150E+2	1.027630E-5	1.258090E+4	0.000000E+0	0.000000E+0
5.905180E+2	1.027470E-5	1.258090E+4	0.000000E+0	0.000000E+0
5.935150E+2	1.027450E-5	1.258090E+4	0.000000E+0	0.000000E+0
5.965160E+2	1.027400E-5	1.258080E+4	0.000000E+0	0.000000E+0
5.995130E+2	1.027350E-5	1.258080E+4	0.000000E+0	0.000000E+0
6.025160E+2	1.027350E-5	1.258080E+4	0.000000E+0	0.000000E+0
6.055160E+2	1.027310E-5	1.258090E+4	0.000000E+0	0.000000E+0
6.085170E+2	1.027330E-5	1.258090E+4	0.000000E+0	0.000000E+0
6.115180E+2	1.027250E-5	1.258090E+4	0.000000E+0	0.000000E+0
6.145170E+2	1.027240E-5	1.258090E+4	0.000000E+0	0.000000E+0
6.175160E+2	1.027230E-5	1.258080E+4	0.000000E+0	0.000000E+0
6.205160E+2	1.027190E-5	1.258080E+4	0.000000E+0	0.000000E+0
6.235160E+2	1.027100E-5	1.258070E+4	0.000000E+0	0.000000E+0
6.265140E+2	1.027130E-5	1.258060E+4	0.000000E+0	0.000000E+0
6.295140E+2	1.027110E-5	1.258060E+4	0.000000E+0	0.000000E+0
6.325150E+2	1.027050E-5	1.258050E+4	0.000000E+0	0.000000E+0
6.355190E+2	1.027040E-5	1.258040E+4	0.000000E+0	0.000000E+0
6.385100E+2	1.027050E-5	1.258020E+4	0.000000E+0	0.000000E+0
6.415150E+2	1.026950E-5	1.258020E+4	0.000000E+0	0.000000E+0
6.445240E+2	1.026970E-5	1.258010E+4	0.000000E+0	0.000000E+0
6.475180E+2	1.026960E-5	1.258000E+4	0.000000E+0	0.000000E+0
6.505170E+2	1.026930E-5	1.258000E+4	0.000000E+0	0.000000E+0
6.535170E+2	1.026870E-5	1.257990E+4	0.000000E+0	0.000000E+0
6.565180E+2	1.026880E-5	1.257980E+4	0.000000E+0	0.000000E+0
6.595200E+2	1.026830E-5	1.257970E+4	0.000000E+0	0.000000E+0
6.625130E+2	1.026760E-5	1.257970E+4	0.000000E+0	0.000000E+0
6.655210E+2	1.026760E-5	1.257960E+4	0.000000E+0	0.000000E+0
6.685150E+2	1.026790E-5	1.257960E+4	0.000000E+0	0.000000E+0
6.715180E+2	1.026650E-5	1.257960E+4	0.000000E+0	0.000000E+0
6.745160E+2	1.026700E-5	1.257950E+4	0.000000E+0	0.000000E+0
6.775160E+2	1.026670E-5	1.257950E+4	0.000000E+0	0.000000E+0
6.805140E+2	1.026610E-5	1.257940E+4	0.000000E+0	0.000000E+0
6.835150E+2	1.026570E-5	1.257940E+4	0.000000E+0	0.000000E+0
6.865160E+2	1.026570E-5	1.257940E+4	0.000000E+0	0.000000E+0
6.895140E+2	1.026580E-5	1.257930E+4	0.000000E+0	0.000000E+0
6.925140E+2	1.026500E-5	1.257920E+4	0.000000E+0	0.000000E+0
6.955160E+2	1.026450E-5	1.257920E+4	0.000000E+0	0.000000E+0
6.985290E+2	1.026490E-5	1.257910E+4	0.000000E+0	0.000000E+0
7.015350E+2	1.026420E-5	1.257910E+4	0.000000E+0	0.000000E+0
7.045310E+2	1.026450E-5	1.257900E+4	0.000000E+0	0.000000E+0
7.075270E+2	1.026400E-5	1.257900E+4	0.000000E+0	0.000000E+0
7.105170E+2	1.026340E-5	1.257900E+4	0.000000E+0	0.000000E+0
7.135220E+2	1.026310E-5	1.257890E+4	0.000000E+0	0.000000E+0
7.165220E+2	1.026240E-5	1.257880E+4	0.000000E+0	0.000000E+0
7.195320E+2	1.026260E-5	1.257880E+4	0.000000E+0	0.000000E+0
7.225320E+2	1.026280E-5	1.257870E+4	0.000000E+0	0.000000E+0
7.255350E+2	1.026240E-5	1.257860E+4	0.000000E+0	0.000000E+0
7.285260E+2	1.026210E-5	1.257860E+4	0.000000E+0	0.000000E+0
7.315350E+2	1.026120E-5	1.257850E+4	0.000000E+0	0.000000E+0
7.345350E+2	1.026200E-5	1.257840E+4	0.000000E+0	0.000000E+0
7.375260E+2	1.026170E-5	1.257830E+4	0.000000E+0	0.000000E+0
7.405380E+2	1.026110E-5	1.257830E+4	0.000000E+0	0.000000E+0
7.435360E+2	1.026060E-5	1.257820E+4	0.000000E+0	0.000000E+0
7.465280E+2	1.026010E-5	1.257820E+4	0.000000E+0	0.000000E+0
7.495280E+2	1.025950E-5	1.257810E+4	0.000000E+0	0.000000E+0
7.525280E+2	1.025960E-5	1.257810E+4	0.000000E+0	0.000000E+0
7.555340E+2	1.025980E-5	1.257810E+4	0.000000E+0	0.000000E+0
7.585330E+2	1.025880E-5	1.257790E+4	0.000000E+0	0.000000E+0
7.615300E+2	1.025840E-5	1.257790E+4	0.000000E+0	0.000000E+0
7.645290E+2	1.025870E-5	1.257790E+4	0.000000E+0	0.000000E+0
7.675270E+2	1.025830E-5	1.257780E+4	0.000000E+0	0.000000E+0
7.705260E+2	1.025760E-5	1.257770E+4	0.000000E+0	0.000000E+0
7.735270E+2	1.025760E-5	1.257760E+4	0.000000E+0	0.000000E+0
7.765260E+2	1.025770E-5	1.257760E+4	0.000000E+0	0.000000E+0
7.795270E+2	1.025730E-5	1.257750E+4	0.000000E+0	0.000000E+0
7.825270E+2	1.025690E-5	1.257740E+4	0.000000E+0	0.000000E+0
7.855290E+2	1.025630E-5	1.257730E+4	0.000000E+0	0.000000E+0
7.885260E+2	1.025640E-5	1.257730E+4	0.000000E+0	0.000000E+0
7.915270E+2	1.025620E-5	1.257720E+4	0.000000E+0	0.000000E+0
7.945250E+2	1.025640E-5	1.257720E+4	0.000000E+0	0.000000E+0
7.975270E+2	1.025630E-5	1.257710E+4	0.000000E+0	0.000000E+0
8.005270E+2	1.025570E-5	1.257710E+4	0.000000E+0	0.000000E+0
8.035250E+2	1.025500E-5	1.257710E+4	0.000000E+0	0.000000E+0
8.065250E+2	1.025440E-5	1.257700E+4	0.000000E+0	0.000000E+0
8.095250E+2	1.025420E-5	1.257690E+4	0.000000E+0	0.000000E+0
8.125230E+2	1.025400E-5	1.257690E+4	0.000000E+0	0.000000E+0
8.155280E+2	1.025370E-5	1.257690E+4	0.000000E+0	0.000000E+0
8.185280E+2	1.025370E-5	1.257680E+4	0.000000E+0	0.000000E+0
8.215310E+2	1.025340E-5	1.257670E+4	0.000000E+0	0.000000E+0
8.245350E+2	1.025300E-5	1.257660E+4	0.000000E+0	0.000000E+0
8.275330E+2	1.025310E-5	1.257660E+4	0.000000E+0	0.000000E+0
8.305370E+2	1.025350E-5	1.257650E+4	0.000000E+0	0.000000E+0
8.335290E+2	1.025280E-5	1.257650E+4	0.000000E+0	0.000000E+0
8.365260E+2	1.025250E-5	1.257650E+4	0.000000E+0	0.000000E+0
8.395300E+2	1.025190E-5	1.257640E+4	0.000000E+0	0.000000E+0
8.425280E+2	1.025160E-5	1.257640E+4	0.000000E+0	0.000000E+0
8.455290E+2	1.025130E-5	1.257630E+4	0.000000E+0	0.000000E+0
8.485260E+2	1.025100E-5	1.257630E+4	0.000000E+0	0.000000E+0
8.515280E+2	1.025090E-5	1.257630E+4	0.000000E+0	0.000000E+0
8.545240E+2	1.025040E-5	1.257630E+4	0.000000E+0	0.000000E+0
8.575280E+2	1.025040E-5	1.257620E+4	0.000000E+0	0.000000E+0
8.605260E+2	1.025060E-5	1.257610E+4	0.000000E+0	0.000000E+0
8.635270E+2	1.024950E-5	1.257610E+4	0.000000E+0	0.000000E+0
8.665240E+2	1.024890E-5	1.257600E+4	0.000000E+0	0.000000E+0
8.695260E+2	1.024900E-5	1.257610E+4	0.000000E+0	0.000000E+0
8.725240E+2	1.024870E-5	1.257600E+4	0.000000E+0	0.000000E+0
8.755270E+2	1.024860E-5	1.257600E+4	0.000000E+0	0.000000E+0
8.785240E+2	1.024830E-5	1.257590E+4	0.000000E+0	0.000000E+0
8.815250E+2	1.024830E-5	1.257590E+4	0.000000E+0	0.000000E+0
8.845220E+2	1.024770E-5	1.257590E+4	0.000000E+0	0.000000E+0
8.875270E+2	1.024720E-5	1.257590E+4	0.000000E+0	0.000000E+0
8.905240E+2	1.024770E-5	1.257580E+4	0.000000E+0	0.000000E+0
8.935240E+2	1.024670E-5	1.257570E+4	0.000000E+0	0.000000E+0
8.965200E+2	1.024690E-5	1.257570E+4	0.000000E+0	0.000000E+0
8.995250E+2	1.024620E-5	1.257570E+4	0.000000E+0	0.000000E+0
9.025200E+2	1.024610E-5	1.257570E+4	0.000000E+0	0.000000E+0
9.055250E+2	1.024570E-5	1.257570E+4	0.000000E+0	0.000000E+0
9.085200E+2	1.024580E-5	1.257570E+4	0.000000E+0	0.000000E+0
9.115230E+2	1.024560E-5	1.257570E+4	0.000000E+0	0.000000E+0
9.145200E+2	1.024500E-5	1.257570E+4	0.000000E+0	0.000000E+0
9.175220E+2	1.024470E-5	1.257560E+4	0.000000E+0	0.000000E+0
9.205290E+2	1.024440E-5	1.257560E+4	0.000000E+0	0.000000E+0
9.235230E+2	1.024450E-5	1.257550E+4	0.000000E+0	0.000000E+0
9.265180E+2	1.024410E-5	1.257540E+4	0.000000E+0	0.000000E+0
9.295230E+2	1.024350E-5	1.257540E+4	0.000000E+0	0.000000E+0
9.325230E+2	1.024350E-5	1.257530E+4	0.000000E+0	0.000000E+0
9.355240E+2	1.024330E-5	1.257530E+4	0.000000E+0	0.000000E+0
9.385210E+2	1.024270E-5	1.257530E+4	0.000000E+0	0.000000E+0
9.415160E+2	1.024300E-5	1.257530E+4	0.000000E+0	0.000000E+0
9.445180E+2	1.024220E-5	1.257510E+4	0.000000E+0	0.000000E+0
9.475230E+2	1.024220E-5	1.257510E+4	0.000000E+0	0.000000E+0
9.505180E+2	1.024140E-5	1.257500E+4	0.000000E+0	0.000000E+0
9.535190E+2	1.024140E-5	1.257470E+4	0.000000E+0	0.000000E+0
9.565180E+2	1.024130E-5	1.257480E+4	0.000000E+0	0.000000E+0
9.595140E+2	1.024100E-5	1.257470E+4	0.000000E+0	0.000000E+0
9.625190E+2	1.024090E-5	1.257450E+4	0.000000E+0	0.000000E+0
9.655210E+2	1.024050E-5	1.257440E+4	0.000000E+0	0.000000E+0
9.685140E+2	1.024080E-5	1.257430E+4	0.000000E+0	0.000000E+0
9.715180E+2	1.024040E-5	1.257430E+4	0.000000E+0	0.000000E+0
9.745160E+2	1.023980E-5	1.257440E+4	0.000000E+0	0.000000E+0
9.775170E+2	1.023900E-5	1.257440E+4	0.000000E+0	0.000000E+0
9.805160E+2	1.023950E-5	1.257430E+4	0.000000E+0	0.000000E+0
9.835200E+2	1.023880E-5	1.257430E+4	0.000000E+0	0.000000E+0
9.865140E+2	1.023950E-5	1.257420E+4	0.000000E+0	0.000000E+0
9.895240E+2	1.023850E-5	1.257430E+4	0.000000E+0	0.000000E+0
9.925390E+2	1.023870E-5	1.257430E+4	0.000000E+0	0.000000E+0
9.955350E+2	1.023720E-5	1.257430E+4	0.000000E+0	0.000000E+0
9.985370E+2	1.023800E-5	1.257420E+4	0.000000E+0	0.000000E+0
1.001530E+3	1.023770E-5	1.257420E+4	0.000000E+0	0.000000E+0
1.004530E+3	1.023680E-5	1.257410E+4	0.000000E+0	0.000000E+0
1.007530E+3	1.023730E-5	1.257400E+4	0.000000E+0	0.000000E+0
1.010530E+3	1.023590E-5	1.257400E+4	0.000000E+0	0.000000E+0
1.013528E+3	1.023620E-5	1.257400E+4	0.000000E+0	0.000000E+0
1.016532E+3	1.023610E-5	1.257400E+4	0.000000E+0	0.000000E+0
1.019528E+3	1.023590E-5	1.257390E+4	0.000000E+0	0.000000E+0
1.022528E+3	1.023590E-5	1.257390E+4	0.000000E+0	0.000000E+0
1.025529E+3	1.023490E-5	1.257390E+4	0.000000E+0	0.000000E+0
1.028530E+3	1.023490E-5	1.257390E+4	0.000000E+0	0.000000E+0
1.031529E+3	1.023500E-5	1.257390E+4	0.000000E+0	0.000000E+0
1.034530E+3	1.023420E-5	1.257400E+4	0.000000E+0	0.000000E+0
1.037530E+3	1.023430E-5	1.257390E+4	0.000000E+0	0.000000E+0
1.040534E+3	1.023360E-5	1.257400E+4	0.000000E+0	0.000000E+0
1.043531E+3	1.023310E-5	1.257390E+4	0.000000E+0	0.000000E+0
1.046534E+3	1.023320E-5	1.257390E+4	0.000000E+0	0.000000E+0
1.049531E+3	1.023330E-5	1.257390E+4	0.000000E+0	0.000000E+0
1.052530E+3	1.023240E-5	1.257380E+4	0.000000E+0	0.000000E+0
1.055530E+3	1.023220E-5	1.257370E+4	0.000000E+0	0.000000E+0
1.058534E+3	1.023270E-5	1.257360E+4	0.000000E+0	0.000000E+0
1.061531E+3	1.023180E-5	1.257360E+4	0.000000E+0	0.000000E+0
1.064530E+3	1.023170E-5	1.257360E+4	0.000000E+0	0.000000E+0
1.067534E+3	1.023140E-5	1.257350E+4	0.000000E+0	0.000000E+0
1.070532E+3	1.023120E-5	1.257350E+4	0.000000E+0	0.000000E+0
1.073532E+3	1.023110E-5	1.257340E+4	0.000000E+0	0.000000E+0
1.076531E+3	1.023070E-5	1.257320E+4	0.000000E+0	0.000000E+0
1.079525E+3	1.023080E-5	1.257330E+4	0.000000E+0	0.000000E+0
1.082527E+3	1.023010E-5	1.257320E+4	0.000000E+0	0.000000E+0
1.085527E+3	1.022960E-5	1.257320E+4	0.000000E+0	0.000000E+0
1.088522E+3	1.022960E-5	1.257310E+4	0.000000E+0	0.000000E+0
1.091527E+3	1.022940E-5	1.257300E+4	0.000000E+0	0.000000E+0
1.094526E+3	1.022910E-5	1.257300E+4	0.000000E+0	0.000000E+0
1.097525E+3	1.022940E-5	1.257300E+4	0.000000E+0	0.000000E+0
1.100526E+3	1.022900E-5	1.257290E+4	0.000000E+0	0.000000E+0
1.103525E+3	1.022930E-5	1.257290E+4	0.000000E+0	0.000000E+0
1.106525E+3	1.022870E-5	1.257280E+4	0.000000E+0	0.000000E+0
1.109521E+3	1.022810E-5	1.257280E+4	0.000000E+0	0.000000E+0
1.112520E+3	1.022860E-5	1.257270E+4	0.000000E+0	0.000000E+0
1.115518E+3	1.022800E-5	1.257270E+4	0.000000E+0	0.000000E+0
1.118515E+3	1.022790E-5	1.257260E+4	0.000000E+0	0.000000E+0
1.121523E+3	1.022780E-5	1.257260E+4	0.000000E+0	0.000000E+0
1.124518E+3	1.022780E-5	1.257260E+4	0.000000E+0	0.000000E+0
1.127521E+3	1.022700E-5	1.257250E+4	0.000000E+0	0.000000E+0
1.130521E+3	1.022680E-5	1.257240E+4	0.000000E+0	0.000000E+0
1.133519E+3	1.022700E-5	1.257250E+4	0.000000E+0	0.000000E+0
1.136516E+3	1.022640E-5	1.257240E+4	0.000000E+0	0.000000E+0
1.139521E+3	1.022590E-5	1.257230E+4	0.000000E+0	0.000000E+0
1.142526E+3	1.022580E-5	1.257230E+4	0.000000E+0	0.000000E+0
1.145522E+3	1.022560E-5	1.257220E+4	0.000000E+0	0.000000E+0
1.148516E+3	1.022570E-5	1.257220E+4	0.000000E+0	0.000000E+0
1.151522E+3	1.022490E-5	1.257220E+4	0.000000E+0	0.000000E+0
1.154517E+3	1.022530E-5	1.257220E+4	0.000000E+0	0.000000E+0
1.157524E+3	1.022440E-5	1.257210E+4	0.000000E+0	0.000000E+0
1.160522E+3	1.022450E-5	1.257210E+4	0.000000E+0	0.000000E+0
1.163524E+3	1.022450E-5	1.257200E+4	0.000000E+0	0.000000E+0
1.166523E+3	1.022380E-5	1.257210E+4	0.000000E+0	0.000000E+0
1.169522E+3	1.022350E-5	1.257190E+4	0.000000E+0	0.000000E+0
1.172523E+3	1.022320E-5	1.257190E+4	0.000000E+0	0.000000E+0
1.175524E+3	1.022270E-5	1.257190E+4	0.000000E+0	0.000000E+0
1.178517E+3	1.022270E-5	1.257190E+4	0.000000E+0	0.000000E+0
1.181523E+3	1.022250E-5	1.257180E+4	0.000000E+0	0.000000E+0
1.184517E+3	1.022250E-5	1.257180E+4	0.000000E+0	0.000000E+0
1.187520E+3	1.022220E-5	1.257180E+4	0.000000E+0	0.000000E+0
1.190517E+3	1.022230E-5	1.257170E+4	0.000000E+0	0.000000E+0
1.193517E+3	1.022160E-5	1.257170E+4	0.000000E+0	0.000000E+0
1.196517E+3	1.022130E-5	1.257170E+4	0.000000E+0	0.000000E+0
1.199521E+3	1.022100E-5	1.257160E+4	0.000000E+0	0.000000E+0
1.202523E+3	1.022080E-5	1.257160E+4	0.000000E+0	0.000000E+0
1.205529E+3	1.022090E-5	1.257160E+4	0.000000E+0	0.000000E+0
1.208532E+3	1.022020E-5	1.257160E+4	0.000000E+0	0.000000E+0
1.211531E+3	1.021980E-5	1.257160E+4	0.000000E+0	0.000000E+0
1.214535E+3	1.022020E-5	1.257160E+4	0.000000E+0	0.000000E+0
1.217533E+3	1.022000E-5	1.257160E+4	0.000000E+0	0.000000E+0
1.220536E+3	1.021960E-5	1.257140E+4	0.000000E+0	0.000000E+0
1.223527E+3	1.021900E-5	1.257150E+4	0.000000E+0	0.000000E+0
1.226526E+3	1.021980E-5	1.257140E+4	0.000000E+0	0.000000E+0
1.229524E+3	1.021900E-5	1.257140E+4	0.000000E+0	0.000000E+0
1.232524E+3	1.021890E-5	1.257140E+4	0.000000E+0	0.000000E+0
1.235524E+3	1.021870E-5	1.257130E+4	0.000000E+0	0.000000E+0
1.238522E+3	1.021850E-5	1.257130E+4	0.000000E+0	0.000000E+0
1.241521E+3	1.021830E-5	1.257140E+4	0.000000E+0	0.000000E+0
1.244519E+3	1.021730E-5	1.257130E+4	0.000000E+0	0.000000E+0
1.247519E+3	1.021750E-5	1.257130E+4	0.000000E+0	0.000000E+0
1.250516E+3	1.021720E-5	1.257130E+4	0.000000E+0	0.000000E+0
1.253522E+3	1.021670E-5	1.257130E+4	0.000000E+0	0.000000E+0
1.256519E+3	1.021650E-5	1.257120E+4	0.000000E+0	0.000000E+0
1.259519E+3	1.021670E-5	1.257130E+4	0.000000E+0	0.000000E+0
1.262519E+3	1.021640E-5	1.257130E+4	0.000000E+0	0.000000E+0
1.265517E+3	1.021630E-5	1.257120E+4	0.000000E+0	0.000000E+0
1.268512E+3	1.021590E-5	1.257130E+4	0.000000E+0	0.000000E+0
1.271517E+3	1.021470E-5	1.257120E+4	0.000000E+0	0.000000E+0
1.274510E+3	1.021510E-5	1.257130E+4	0.000000E+0	0.000000E+0
1.277518E+3	1.021520E-5	1.257130E+4	0.000000E+0	0.000000E+0
1.280514E+3	1.021490E-5	1.257120E+4	0.000000E+0	0.000000E+0
1.283518E+3	1.021420E-5	1.257130E+4	0.000000E+0	0.000000E+0
1.286513E+3	1.021410E-5	1.257120E+4	0.000000E+0	0.000000E+0
1.289520E+3	1.021400E-5	1.257120E+4	0.000000E+0	0.000000E+0
1.292525E+3	1.021280E-5	1.257120E+4	0.000000E+0	0.000000E+0
1.295530E+3	1.021340E-5	1.257120E+4	0.000000E+0	0.000000E+0
1.298533E+3	1.021320E-5	1.257120E+4	0.000000E+0	0.000000E+0
1.301530E+3	1.021340E-5	1.257120E+4	0.000000E+0	0.000000E+0
1.304530E+3	1.021340E-5	1.257120E+4	0.000000E+0	0.000000E+0
1.307528E+3	1.021260E-5	1.257110E+4	0.000000E+0	0.000000E+0
1.310539E+3	1.021200E-5	1.257100E+4	0.000000E+0	0.000000E+0
1.313533E+3	1.021200E-5	1.257100E+4	0.000000E+0	0.000000E+0
1.316526E+3	1.021240E-5	1.257090E+4	0.000000E+0	0.000000E+0
1.319527E+3	1.021200E-5	1.257100E+4	0.000000E+0	0.000000E+0
1.322526E+3	1.021160E-5	1.257090E+4	0.000000E+0	0.000000E+0
1.325524E+3	1.021120E-5	1.257100E+4	0.000000E+0	0.000000E+0
1.328524E+3	1.021080E-5	1.257100E+4	0.000000E+0	0.000000E+0
1.331524E+3	1.021050E-5	1.257100E+4	0.000000E+0	0.000000E+0
1.334522E+3	1.021050E-5	1.257100E+4	0.000000E+0	0.000000E+0
1.337522E+3	1.021040E-5	1.257100E+4	0.000000E+0	0.000000E+0
1.340512E+3	1.021010E-5	1.257090E+4	0.000000E+0	0.000000E+0
1.343521E+3	1.020940E-5	1.257100E+4	0.000000E+0	0.000000E+0
1.346514E+3	1.020900E-5	1.257090E+4	0.000000E+0	0.000000E+0
1.349525E+3	1.020930E-5	1.257100E+4	0.000000E+0	0.000000E+0
1.352517E+3	1.020910E-5	1.257090E+4	0.000000E+0	0.000000E+0
1.355524E+3	1.020880E-5	1.257100E+4	0.000000E+0	0.000000E+0
1.358522E+3	1.020940E-5	1.257090E+4	0.000000E+0	0.000000E+0
1.361525E+3	1.020820E-5	1.257090E+4	0.000000E+0	0.000000E+0
1.364522E+3	1.020750E-5	1.257080E+4	0.000000E+0	0.000000E+0
1.367522E+3	1.020790E-5	1.257080E+4	0.000000E+0	0.000000E+0
1.370515E+3	1.020730E-5	1.257090E+4	0.000000E+0	0.000000E+0
1.373522E+3	1.020710E-5	1.257080E+4	0.000000E+0	0.000000E+0
1.376513E+3	1.020720E-5	1.257080E+4	0.000000E+0	0.000000E+0
1.379521E+3	1.020670E-5	1.257080E+4	0.000000E+0	0.000000E+0
1.382517E+3	1.020650E-5	1.257080E+4	0.000000E+0	0.000000E+0
1.385515E+3	1.020600E-5	1.257080E+4	0.000000E+0	0.000000E+0
1.388521E+3	1.020630E-5	1.257080E+4	0.000000E+0	0.000000E+0
1.391510E+3	1.020610E-5	1.257070E+4	0.000000E+0	0.000000E+0
1.394524E+3	1.020500E-5	1.257080E+4	0.000000E+0	0.000000E+0
1.397528E+3	1.020540E-5	1.257080E+4	0.000000E+0	0.000000E+0
1.400539E+3	1.020440E-5	1.257080E+4	0.000000E+0	0.000000E+0
1.403526E+3	1.020520E-5	1.257080E+4	0.000000E+0	0.000000E+0
1.406519E+3	1.020480E-5	1.257080E+4	0.000000E+0	0.000000E+0
1.409523E+3	1.020470E-5	1.257080E+4	0.000000E+0	0.000000E+0
1.412530E+3	1.020430E-5	1.257080E+4	0.000000E+0	0.000000E+0
1.415526E+3	1.020400E-5	1.257080E+4	0.000000E+0	0.000000E+0
1.418525E+3	1.020350E-5	1.257080E+4	0.000000E+0	0.000000E+0
1.421530E+3	1.020280E-5	1.257080E+4	0.000000E+0	0.000000E+0
1.424525E+3	1.020340E-5	1.257080E+4	0.000000E+0	0.000000E+0
1.427530E+3	1.020310E-5	1.257090E+4	0.000000E+0	0.000000E+0
1.430531E+3	1.020270E-5	1.257090E+4	0.000000E+0	0.000000E+0
1.433532E+3	1.020300E-5	1.257090E+4	0.000000E+0	0.000000E+0
1.436536E+3	1.020330E-5	1.257080E+4	0.000000E+0	0.000000E+0
1.439527E+3	1.020290E-5	1.257080E+4	0.000000E+0	0.000000E+0
1.442537E+3	1.020200E-5	1.257090E+4	0.000000E+0	0.000000E+0
1.445531E+3	1.020250E-5	1.257090E+4	0.000000E+0	0.000000E+0
1.448528E+3	1.020200E-5	1.257090E+4	0.000000E+0	0.000000E+0
1.451530E+3	1.020250E-5	1.257090E+4	0.000000E+0	0.000000E+0
1.454528E+3	1.020220E-5	1.257100E+4	0.000000E+0	0.000000E+0
1.457528E+3	1.020180E-5	1.257090E+4	0.000000E+0	0.000000E+0
1.460528E+3	1.020150E-5	1.257100E+4	0.000000E+0	0.000000E+0
1.463528E+3	1.020030E-5	1.257110E+4	0.000000E+0	0.000000E+0
1.466534E+3	1.020090E-5	1.257100E+4	0.000000E+0	0.000000E+0
1.469534E+3	1.020080E-5	1.257100E+4	0.000000E+0	0.000000E+0
1.472538E+3	1.020020E-5	1.257100E+4	0.000000E+0	0.000000E+0
1.475538E+3	1.020010E-5	1.257110E+4	0.000000E+0	0.000000E+0
1.478538E+3	1.019930E-5	1.257110E+4	0.000000E+0	0.000000E+0
1.481530E+3	1.019910E-5	1.257110E+4	0.000000E+0	0.000000E+0
1.484523E+3	1.019920E-5	1.257100E+4	0.000000E+0	0.000000E+0
1.487516E+3	1.019900E-5	1.257100E+4	0.000000E+0	0.000000E+0
1.490521E+3	1.019870E-5	1.257090E+4	0.000000E+0	0.000000E+0
1.493518E+3	1.019840E-5	1.257090E+4	0.000000E+0	0.000000E+0
1.496515E+3	1.019860E-5	1.257090E+4	0.000000E+0	0.000000E+0
1.499515E+3	1.019780E-5	1.257080E+4	0.000000E+0	0.000000E+0
1.502518E+3	1.019790E-5	1.257080E+4	0.000000E+0	0.000000E+0
1.505513E+3	1.019740E-5	1.257070E+4	0.000000E+0	0.000000E+0
1.508521E+3	1.019750E-5	1.257070E+4	0.000000E+0	0.000000E+0
1.511527E+3	1.019770E-5	1.257070E+4	0.000000E+0	0.000000E+0
1.514527E+3	1.019690E-5	1.257070E+4	0.000000E+0	0.000000E+0
1.517518E+3	1.019670E-5	1.257080E+4	0.000000E+0	0.000000E+0
1.520514E+3	1.019590E-5	1.257060E+4	0.000000E+0	0.000000E+0
1.523519E+3	1.019630E-5	1.257070E+4	0.000000E+0	0.000000E+0
1.526514E+3	1.019590E-5	1.257060E+4	0.000000E+0	0.000000E+0
1.529517E+3	1.019570E-5	1.257070E+4	0.000000E+0	0.000000E+0
1.532516E+3	1.019580E-5	1.257080E+4	0.000000E+0	0.000000E+0
1.535517E+3	1.019540E-5	1.257080E+4	0.000000E+0	0.000000E+0
1.538515E+3	1.019550E-5	1.257070E+4	0.000000E+0	0.000000E+0
1.541517E+3	1.019510E-5	1.257070E+4	0.000000E+0	0.000000E+0
1.544520E+3	1.019550E-5	1.257070E+4	0.000000E+0	0.000000E+0
1.547519E+3	1.019420E-5	1.257080E+4	0.000000E+0	0.000000E+0
1.550518E+3	1.019450E-5	1.257060E+4	0.000000E+0	0.000000E+0
1.553524E+3	1.019420E-5	1.257060E+4	0.000000E+0	0.000000E+0
1.556514E+3	1.019380E-5	1.257060E+4	0.000000E+0	0.000000E+0
1.559520E+3	1.019370E-5	1.257050E+4	0.000000E+0	0.000000E+0
1.562521E+3	1.019380E-5	1.257040E+4	0.000000E+0	0.000000E+0
1.565517E+3	1.019320E-5	1.257040E+4	0.000000E+0	0.000000E+0
1.568520E+3	1.019290E-5	1.257030E+4	0.000000E+0	0.000000E+0
1.571515E+3	1.019280E-5	1.257030E+4	0.000000E+0	0.000000E+0
1.574518E+3	1.019210E-5	1.257020E+4	0.000000E+0	0.000000E+0
1.577518E+3	1.019240E-5	1.257020E+4	0.000000E+0	0.000000E+0
1.580515E+3	1.019250E-5	1.257030E+4	0.000000E+0	0.000000E+0
1.583520E+3	1.019200E-5	1.257020E+4	0.000000E+0	0.000000E+0
1.586515E+3	1.019180E-5	1.257020E+4	0.000000E+0	0.000000E+0
1.589519E+3	1.019140E-5	1.257020E+4	0.000000E+0	0.000000E+0
1.592513E+3	1.019110E-5	1.257010E+4	0.000000E+0	0.000000E+0
1.595518E+3	1.019110E-5	1.257020E+4	0.000000E+0	0.000000E+0
1.598521E+3	1.019120E-5	1.257020E+4	0.000000E+0	0.000000E+0
1.601516E+3	1.019100E-5	1.257020E+4	0.000000E+0	0.000000E+0
1.604517E+3	1.019030E-5	1.257030E+4	0.000000E+0	0.000000E+0
1.607516E+3	1.019000E-5	1.257030E+4	0.000000E+0	0.000000E+0
1.610517E+3	1.018940E-5	1.257020E+4	0.000000E+0	0.000000E+0
1.613519E+3	1.018990E-5	1.257020E+4	0.000000E+0	0.000000E+0
1.616516E+3	1.018920E-5	1.257010E+4	0.000000E+0	0.000000E+0
1.619517E+3	1.018930E-5	1.257010E+4	0.000000E+0	0.000000E+0
1.622520E+3	1.018900E-5	1.257030E+4	0.000000E+0	0.000000E+0
1.625520E+3	1.018850E-5	1.257030E+4	0.000000E+0	0.000000E+0
1.628514E+3	1.018810E-5	1.257030E+4	0.000000E+0	0.000000E+0
1.631519E+3	1.018780E-5	1.257030E+4	0.000000E+0	0.000000E+0
1.634520E+3	1.018760E-5	1.257040E+4	0.000000E+0	0.000000E+0
1.637517E+3	1.018840E-5	1.257020E+4	0.000000E+0	0.000000E+0
1.640518E+3	1.018740E-5	1.257040E+4	0.000000E+0	0.000000E+0
1.643518E+3	1.018690E-5	1.257050E+4	0.000000E+0	0.000000E+0
1.646518E+3	1.018700E-5	1.257040E+4	0.000000E+0	0.000000E+0
1.649517E+3	1.018720E-5	1.257040E+4	0.000000E+0	0.000000E+0
1.652530E+3	1.018680E-5	1.257050E+4	0.000000E+0	0.000000E+0
1.655517E+3	1.018580E-5	1.257060E+4	0.000000E+0	0.000000E+0
1.658517E+3	1.018640E-5	1.257040E+4	0.000000E+0	0.000000E+0
1.661517E+3	1.018600E-5	1.257040E+4	0.000000E+0	0.000000E+0
1.664516E+3	1.018580E-5	1.257060E+4	0.000000E+0	0.000000E+0
1.667520E+3	1.018550E-5	1.257050E+4	0.000000E+0	0.000000E+0
1.670515E+3	1.018530E-5	1.257060E+4	0.000000E+0	0.000000E+0
1.673518E+3	1.018490E-5	1.257050E+4	0.000000E+0	0.000000E+0
1.676527E+3	1.018480E-5	1.257050E+4	0.000000E+0	0.000000E+0
1.679521E+3	1.018460E-5	1.257050E+4	0.000000E+0	0.000000E+0
1.682515E+3	1.018400E-5	1.257060E+4	0.000000E+0	0.000000E+0
1.685518E+3	1.018400E-5	1.257030E+4	0.000000E+0	0.000000E+0
1.688514E+3	1.018380E-5	1.257050E+4	0.000000E+0	0.000000E+0
1.691522E+3	1.018400E-5	1.257030E+4	0.000000E+0	0.000000E+0
1.694519E+3	1.018390E-5	1.257040E+4	0.000000E+0	0.000000E+0
1.697518E+3	1.018340E-5	1.257040E+4	0.000000E+0	0.000000E+0
1.700521E+3	1.018330E-5	1.257040E+4	0.000000E+0	0.000000E+0
1.703517E+3	1.018300E-5	1.257050E+4	0.000000E+0	0.000000E+0
1.706532E+3	1.018310E-5	1.257050E+4	0.000000E+0	0.000000E+0
1.709536E+3	1.018280E-5	1.257040E+4	0.000000E+0	0.000000E+0
1.712536E+3	1.018220E-5	1.257050E+4	0.000000E+0	0.000000E+0
1.715535E+3	1.018230E-5	1.257050E+4	0.000000E+0	0.000000E+0
1.718528E+3	1.018240E-5	1.257050E+4	0.000000E+0	0.000000E+0
1.721527E+3	1.018200E-5	1.257050E+4	0.000000E+0	0.000000E+0
1.724527E+3	1.018230E-5	1.257040E+4	0.000000E+0	0.000000E+0
1.727537E+3	1.018150E-5	1.257040E+4	0.000000E+0	0.000000E+0
1.730533E+3	1.018110E-5	1.257050E+4	0.000000E+0	0.000000E+0
1.733530E+3	1.018080E-5	1.257030E+4	0.000000E+0	0.000000E+0
1.736542E+3	1.018060E-5	1.257040E+4	0.000000E+0	0.000000E+0
1.739530E+3	1.018070E-5	1.257040E+4	0.000000E+0	0.000000E+0
1.742530E+3	1.018120E-5	1.257040E+4	0.000000E+0	0.000000E+0
1.745530E+3	1.018060E-5	1.257040E+4	0.000000E+0	0.000000E+0
1.748530E+3	1.018000E-5	1.257050E+4	0.000000E+0	0.000000E+0
1.751530E+3	1.017980E-5	1.257040E+4	0.000000E+0	0.000000E+0
1.754529E+3	1.017930E-5	1.257040E+4	0.000000E+0	0.000000E+0
1.757529E+3	1.017870E-5	1.257050E+4	0.000000E+0	0.000000E+0
1.760528E+3	1.017940E-5	1.257040E+4	0.000000E+0	0.000000E+0
1.763528E+3	1.017890E-5	1.257040E+4	0.000000E+0	0.000000E+0
1.766529E+3	1.017840E-5	1.257040E+4	0.000000E+0	0.000000E+0
1.769532E+3	1.017820E-5	1.257040E+4	0.000000E+0	0.000000E+0
1.772531E+3	1.017760E-5	1.257040E+4	0.000000E+0	0.000000E+0
1.775533E+3	1.017730E-5	1.257040E+4	0.000000E+0	0.000000E+0
1.778536E+3	1.017690E-5	1.257050E+4	0.000000E+0	0.000000E+0
1.781532E+3	1.017610E-5	1.257050E+4	0.000000E+0	0.000000E+0
1.784526E+3	1.017710E-5	1.257050E+4	0.000000E+0	0.000000E+0
1.787531E+3	1.017760E-5	1.257040E+4	0.000000E+0	0.000000E+0
1.790534E+3	1.017710E-5	1.257050E+4	0.000000E+0	0.000000E+0
1.793536E+3	1.017660E-5	1.257040E+4	0.000000E+0	0.000000E+0
1.796530E+3	1.017680E-5	1.257040E+4	0.000000E+0	0.000000E+0
1.799529E+3	1.017600E-5	1.257030E+4	0.000000E+0	0.000000E+0
1.802536E+3	1.017630E-5	1.257030E+4	0.000000E+0	0.000000E+0
1.805536E+3	1.017550E-5	1.257030E+4	0.000000E+0	0.000000E+0
1.808535E+3	1.017580E-5	1.257030E+4	0.000000E+0	0.000000E+0
1.811535E+3	1.017520E-5	1.257030E+4	0.000000E+0	0.000000E+0
1.814537E+3	1.017500E-5	1.257040E+4	0.000000E+0	0.000000E+0
1.817534E+3	1.017470E-5	1.257020E+4	0.000000E+0	0.000000E+0
1.820526E+3	1.017450E-5	1.257020E+4	0.000000E+0	0.000000E+0
1.823528E+3	1.017420E-5	1.257020E+4	0.000000E+0	0.000000E+0
1.826523E+3	1.017420E-5	1.257020E+4	0.000000E+0	0.000000E+0
1.829522E+3	1.017410E-5	1.257020E+4	0.000000E+0	0.000000E+0
1.832520E+3	1.017400E-5	1.257030E+4	0.000000E+0	0.000000E+0
1.835517E+3	1.017320E-5	1.257020E+4	0.000000E+0	0.000000E+0
1.838523E+3	1.017350E-5	1.257030E+4	0.000000E+0	0.000000E+0
1.841515E+3	1.017260E-5	1.257030E+4	0.000000E+0	0.000000E+0
1.844516E+3	1.017290E-5	1.257040E+4	0.000000E+0	0.000000E+0
1.847521E+3	1.017320E-5	1.257050E+4	0.000000E+0	0.000000E+0
1.850512E+3	1.017320E-5	1.257050E+4	0.000000E+0	0.000000E+0
1.853520E+3	1.017290E-5	1.257060E+4	0.000000E+0	0.000000E+0
1.856536E+3	1.017230E-5	1.257060E+4	0.000000E+0	0.000000E+0
1.859538E+3	1.017160E-5	1.257060E+4	0.000000E+0	0.000000E+0
1.862538E+3	1.017220E-5	1.257060E+4	0.000000E+0	0.000000E+0
1.865524E+3	1.017150E-5	1.257060E+4	0.000000E+0	0.000000E+0
1.868526E+3	1.017120E-5	1.257060E+4	0.000000E+0	0.000000E+0
1.871530E+3	1.017070E-5	1.257070E+4	0.000000E+0	0.000000E+0
1.874526E+3	1.017000E-5	1.257070E+4	0.000000E+0	0.000000E+0
1.877531E+3	1.017070E-5	1.257070E+4	0.000000E+0	0.000000E+0
1.880529E+3	1.017100E-5	1.257070E+4	0.000000E+0	0.000000E+0
1.883527E+3	1.016980E-5	1.257070E+4	0.000000E+0	0.000000E+0
1.886522E+3	1.017030E-5	1.257070E+4	0.000000E+0	0.000000E+0
1.889525E+3	1.016980E-5	1.257070E+4	0.000000E+0	0.000000E+0
1.892527E+3	1.016960E-5	1.257070E+4	0.000000E+0	0.000000E+0
1.895527E+3	1.016960E-5	1.257070E+4	0.000000E+0	0.000000E+0
1.898527E+3	1.016890E-5	1.257070E+4	0.000000E+0	0.000000E+0
1.901528E+3	1.016940E-5	1.257070E+4	0.000000E+0	0.000000E+0
1.904525E+3	1.016890E-5	1.257070E+4	0.000000E+0	0.000000E+0
1.907530E+3	1.016890E-5	1.257080E+4	0.000000E+0	0.000000E+0
1.910522E+3	1.016880E-5	1.257080E+4	0.000000E+0	0.000000E+0
1.913528E+3	1.016850E-5	1.257090E+4	0.000000E+0	0.000000E+0
1.916528E+3	1.016730E-5	1.257090E+4	0.000000E+0	0.000000E+0
1.919526E+3	1.016740E-5	1.257090E+4	0.000000E+0	0.000000E+0
1.922525E+3	1.016750E-5	1.257090E+4	0.000000E+0	0.000000E+0
1.925520E+3	1.016750E-5	1.257090E+4	0.000000E+0	0.000000E+0
1.928518E+3	1.016730E-5	1.257080E+4	0.000000E+0	0.000000E+0
1.931523E+3	1.016730E-5	1.257080E+4	0.000000E+0	0.000000E+0
1.934525E+3	1.016720E-5	1.257080E+4	0.000000E+0	0.000000E+0
1.937523E+3	1.016630E-5	1.257080E+4	0.000000E+0	0.000000E+0
1.940526E+3	1.016580E-5	1.257080E+4	0.000000E+0	0.000000E+0
1.943523E+3	1.016650E-5	1.257090E+4	0.000000E+0	0.000000E+0
1.946530E+3	1.016550E-5	1.257100E+4	0.000000E+0	0.000000E+0
1.949533E+3	1.016580E-5	1.257110E+4	0.000000E+0	0.000000E+0
1.952527E+3	1.016530E-5	1.257130E+4	0.000000E+0	0.000000E+0
1.955526E+3	1.016580E-5	1.257130E+4	0.000000E+0	0.000000E+0
1.958519E+3	1.016540E-5	1.257140E+4	0.000000E+0	0.000000E+0
1.961519E+3	1.016480E-5	1.257140E+4	0.000000E+0	0.000000E+0
1.964516E+3	1.016490E-5	1.257140E+4	0.000000E+0	0.000000E+0
1.967519E+3	1.016480E-5	1.257150E+4	0.000000E+0	0.000000E+0
1.970516E+3	1.016420E-5	1.257140E+4	0.000000E+0	0.000000E+0
1.973518E+3	1.016390E-5	1.257140E+4	0.000000E+0	0.000000E+0
1.976524E+3	1.016320E-5	1.257130E+4	0.000000E+0	0.000000E+0
1.979518E+3	1.016330E-5	1.257140E+4	0.000000E+0	0.000000E+0
1.982519E+3	1.016300E-5	1.257140E+4	0.000000E+0	0.000000E+0
1.985517E+3	1.016330E-5	1.257140E+4	0.000000E+0	0.000000E+0
1.988520E+3	1.016280E-5	1.257140E+4	0.000000E+0	0.000000E+0
1.991517E+3	1.016290E-5	1.257150E+4	0.000000E+0	0.000000E+0
1.994517E+3	1.016280E-5	1.257160E+4	0.000000E+0	0.000000E+0
1.997522E+3	1.016220E-5	1.257160E+4	0.000000E+0	0.000000E+0
2.000515E+3	1.016230E-5	1.257180E+4	0.000000E+0	0.000000E+0
2.003523E+3	1.016160E-5	1.257190E+4	0.000000E+0	0.000000E+0
2.006523E+3	1.016180E-5	1.257200E+4	0.000000E+0	0.000000E+0
2.009522E+3	1.016160E-5	1.257200E+4	0.000000E+0	0.000000E+0
2.012518E+3	1.016100E-5	1.257200E+4	0.000000E+0	0.000000E+0
2.015525E+3	1.016110E-5	1.257190E+4	0.000000E+0	0.000000E+0
2.018515E+3	1.016030E-5	1.257200E+4	0.000000E+0	0.000000E+0
2.021523E+3	1.016120E-5	1.257200E+4	0.000000E+0	0.000000E+0
2.024525E+3	1.015980E-5	1.257200E+4	0.000000E+0	0.000000E+0
2.027525E+3	1.015970E-5	1.257200E+4	0.000000E+0	0.000000E+0
2.030520E+3	1.016010E-5	1.257200E+4	0.000000E+0	0.000000E+0
2.033520E+3	1.015890E-5	1.257200E+4	0.000000E+0	0.000000E+0
2.036521E+3	1.015920E-5	1.257210E+4	0.000000E+0	0.000000E+0
2.039520E+3	1.015900E-5	1.257220E+4	0.000000E+0	0.000000E+0
2.042523E+3	1.015910E-5	1.257220E+4	0.000000E+0	0.000000E+0
2.045520E+3	1.015800E-5	1.257230E+4	0.000000E+0	0.000000E+0
2.048521E+3	1.015880E-5	1.257220E+4	0.000000E+0	0.000000E+0
2.051516E+3	1.015800E-5	1.257230E+4	0.000000E+0	0.000000E+0
2.054521E+3	1.015770E-5	1.257240E+4	0.000000E+0	0.000000E+0
2.057518E+3	1.015820E-5	1.257240E+4	0.000000E+0	0.000000E+0
2.060522E+3	1.015790E-5	1.257250E+4	0.000000E+0	0.000000E+0
2.063516E+3	1.015780E-5	1.257260E+4	0.000000E+0	0.000000E+0
2.066522E+3	1.015770E-5	1.257270E+4	0.000000E+0	0.000000E+0
2.069521E+3	1.015750E-5	1.257270E+4	0.000000E+0	0.000000E+0
2.072517E+3	1.015700E-5	1.257290E+4	0.000000E+0	0.000000E+0
2.075531E+3	1.015640E-5	1.257290E+4	0.000000E+0	0.000000E+0
2.078536E+3	1.015620E-5	1.257300E+4	0.000000E+0	0.000000E+0
2.081539E+3	1.015600E-5	1.257300E+4	0.000000E+0	0.000000E+0
2.084542E+3	1.015570E-5	1.257300E+4	0.000000E+0	0.000000E+0
2.087537E+3	1.015530E-5	1.257300E+4	0.000000E+0	0.000000E+0
2.090528E+3	1.015540E-5	1.257300E+4	0.000000E+0	0.000000E+0
2.093532E+3	1.015470E-5	1.257300E+4	0.000000E+0	0.000000E+0
2.096532E+3	1.015500E-5	1.257300E+4	0.000000E+0	0.000000E+0
2.099534E+3	1.015470E-5	1.257310E+4	0.000000E+0	0.000000E+0
2.102535E+3	1.015470E-5	1.257310E+4	0.000000E+0	0.000000E+0
2.105533E+3	1.015400E-5	1.257310E+4	0.000000E+0	0.000000E+0
2.108533E+3	1.015430E-5	1.257310E+4	0.000000E+0	0.000000E+0
2.111530E+3	1.015420E-5	1.257320E+4	0.000000E+0	0.000000E+0
2.114536E+3	1.015440E-5	1.257320E+4	0.000000E+0	0.000000E+0
2.117533E+3	1.015360E-5	1.257320E+4	0.000000E+0	0.000000E+0
2.120530E+3	1.015310E-5	1.257320E+4	0.000000E+0	0.000000E+0
2.123530E+3	1.015300E-5	1.257320E+4	0.000000E+0	0.000000E+0
2.126538E+3	1.015300E-5	1.257300E+4	0.000000E+0	0.000000E+0
2.129534E+3	1.015270E-5	1.257290E+4	0.000000E+0	0.000000E+0
2.132531E+3	1.015260E-5	1.257280E+4	0.000000E+0	0.000000E+0
2.135536E+3	1.015270E-5	1.257280E+4	0.000000E+0	0.000000E+0
2.138536E+3	1.015280E-5	1.257280E+4	0.000000E+0	0.000000E+0
2.141531E+3	1.015210E-5	1.257270E+4	0.000000E+0	0.000000E+0
2.144531E+3	1.015230E-5	1.257260E+4	0.000000E+0	0.000000E+0
2.147530E+3	1.015100E-5	1.257260E+4	0.000000E+0	0.000000E+0
2.150537E+3	1.015130E-5	1.257250E+4	0.000000E+0	0.000000E+0
2.153533E+3	1.015120E-5	1.257260E+4	0.000000E+0	0.000000E+0
2.156534E+3	1.015060E-5	1.257250E+4	0.000000E+0	0.000000E+0
2.159529E+3	1.015080E-5	1.257250E+4	0.000000E+0	0.000000E+0
2.162531E+3	1.015100E-5	1.257250E+4	0.000000E+0	0.000000E+0
2.165536E+3	1.015060E-5	1.257250E+4	0.000000E+0	0.000000E+0
2.168536E+3	1.015050E-5	1.257250E+4	0.000000E+0	0.000000E+0
2.171532E+3	1.015030E-5	1.257250E+4	0.000000E+0	0.000000E+0
2.174531E+3	1.015010E-5	1.257260E+4	0.000000E+0	0.000000E+0
2.177535E+3	1.015040E-5	1.257250E+4	0.000000E+0	0.000000E+0
2.180532E+3	1.014970E-5	1.257260E+4	0.000000E+0	0.000000E+0
2.183532E+3	1.014960E-5	1.257260E+4	0.000000E+0	0.000000E+0
2.186530E+3	1.014890E-5	1.257260E+4	0.000000E+0	0.000000E+0
2.189530E+3	1.014940E-5	1.257260E+4	0.000000E+0	0.000000E+0
2.192535E+3	1.014790E-5	1.257260E+4	0.000000E+0	0.000000E+0
2.195532E+3	1.014890E-5	1.257260E+4	0.000000E+0	0.000000E+0
2.198535E+3	1.014860E-5	1.257270E+4	0.000000E+0	0.000000E+0
2.201533E+3	1.014850E-5	1.257260E+4	0.000000E+0	0.000000E+0
2.204532E+3	1.014830E-5	1.257270E+4	0.000000E+0	0.000000E+0
2.207532E+3	1.014780E-5	1.257270E+4	0.000000E+0	0.000000E+0
2.210530E+3	1.014820E-5	1.257260E+4	0.000000E+0	0.000000E+0
2.213533E+3	1.014720E-5	1.257260E+4	0.000000E+0	0.000000E+0
2.216529E+3	1.014670E-5	1.257260E+4	0.000000E+0	0.000000E+0
2.219533E+3	1.014710E-5	1.257250E+4	0.000000E+0	0.000000E+0
2.222530E+3	1.014700E-5	1.257260E+4	0.000000E+0	0.000000E+0
2.225530E+3	1.014760E-5	1.257260E+4	0.000000E+0	0.000000E+0
2.228537E+3	1.014640E-5	1.257260E+4	0.000000E+0	0.000000E+0
2.231535E+3	1.014660E-5	1.257270E+4	0.000000E+0	0.000000E+0
2.234534E+3	1.014610E-5	1.257270E+4	0.000000E+0	0.000000E+0
2.237534E+3	1.014610E-5	1.257270E+4	0.000000E+0	0.000000E+0
2.240533E+3	1.014600E-5	1.257270E+4	0.000000E+0	0.000000E+0
2.243531E+3	1.014520E-5	1.257280E+4	0.000000E+0	0.000000E+0
2.246534E+3	1.014590E-5	1.257280E+4	0.000000E+0	0.000000E+0
2.249533E+3	1.014560E-5	1.257280E+4	0.000000E+0	0.000000E+0
2.252532E+3	1.014560E-5	1.257280E+4	0.000000E+0	0.000000E+0
2.255530E+3	1.014470E-5	1.257290E+4	0.000000E+0	0.000000E+0
2.258538E+3	1.014490E-5	1.257300E+4	0.000000E+0	0.000000E+0
2.261537E+3	1.014460E-5	1.257300E+4	0.000000E+0	0.000000E+0
2.264531E+3	1.014450E-5	1.257300E+4	0.000000E+0	0.000000E+0
2.267534E+3	1.014400E-5	1.257310E+4	0.000000E+0	0.000000E+0
2.270530E+3	1.014360E-5	1.257300E+4	0.000000E+0	0.000000E+0
2.273534E+3	1.014370E-5	1.257310E+4	0.000000E+0	0.000000E+0
2.276530E+3	1.014330E-5	1.257320E+4	0.000000E+0	0.000000E+0
2.279534E+3	1.014360E-5	1.257330E+4	0.000000E+0	0.000000E+0
2.282530E+3	1.014340E-5	1.257340E+4	0.000000E+0	0.000000E+0
2.285534E+3	1.014280E-5	1.257340E+4	0.000000E+0	0.000000E+0
2.288530E+3	1.014340E-5	1.257340E+4	0.000000E+0	0.000000E+0
2.291530E+3	1.014260E-5	1.257340E+4	0.000000E+0	0.000000E+0
2.294532E+3	1.014290E-5	1.257340E+4	0.000000E+0	0.000000E+0
2.297532E+3	1.014210E-5	1.257350E+4	0.000000E+0	0.000000E+0
2.300528E+3	1.014210E-5	1.257360E+4	0.000000E+0	0.000000E+0
2.303535E+3	1.014160E-5	1.257350E+4	0.000000E+0	0.000000E+0
2.306531E+3	1.014210E-5	1.257350E+4	0.000000E+0	0.000000E+0
2.309533E+3	1.014170E-5	1.257330E+4	0.000000E+0	0.000000E+0
2.312535E+3	1.014140E-5	1.257340E+4	0.000000E+0	0.000000E+0
2.315533E+3	1.014120E-5	1.257330E+4	0.000000E+0	0.000000E+0
2.318530E+3	1.014080E-5	1.257320E+4	0.000000E+0	0.000000E+0
2.321535E+3	1.014060E-5	1.257300E+4	0.000000E+0	0.000000E+0
2.324530E+3	1.014070E-5	1.257320E+4	0.000000E+0	0.000000E+0
2.327531E+3	1.014060E-5	1.257310E+4	0.000000E+0	0.000000E+0
2.330536E+3	1.014030E-5	1.257320E+4	0.000000E+0	0.000000E+0
2.333530E+3	1.013990E-5	1.257320E+4	0.000000E+0	0.000000E+0
2.336530E+3	1.013980E-5	1.257310E+4	0.000000E+0	0.000000E+0
2.339534E+3	1.013990E-5	1.257310E+4	0.000000E+0	0.000000E+0
2.342533E+3	1.013980E-5	1.257300E+4	0.000000E+0	0.000000E+0
2.345531E+3	1.013920E-5	1.257290E+4	0.000000E+0	0.000000E+0
2.348531E+3	1.013940E-5	1.257290E+4	0.000000E+0	0.000000E+0
2.351534E+3	1.013950E-5	1.257290E+4	0.000000E+0	0.000000E+0
2.354531E+3	1.013870E-5	1.257290E+4	0.000000E+0	0.000000E+0
2.357531E+3	1.013830E-5	1.257290E+4	0.000000E+0	0.000000E+0
2.360530E+3	1.013810E-5	1.257290E+4	0.000000E+0	0.000000E+0
2.363532E+3	1.013810E-5	1.257280E+4	0.000000E+0	0.000000E+0
2.366532E+3	1.013820E-5	1.257280E+4	0.000000E+0	0.000000E+0
2.369528E+3	1.013780E-5	1.257280E+4	0.000000E+0	0.000000E+0
2.372530E+3	1.013800E-5	1.257280E+4	0.000000E+0	0.000000E+0
2.375530E+3	1.013810E-5	1.257290E+4	0.000000E+0	0.000000E+0
2.378530E+3	1.013760E-5	1.257290E+4	0.000000E+0	0.000000E+0
2.381532E+3	1.013770E-5	1.257290E+4	0.000000E+0	0.000000E+0
2.384530E+3	1.013670E-5	1.257290E+4	0.000000E+0	0.000000E+0
2.387530E+3	1.013710E-5	1.257290E+4	0.000000E+0	0.000000E+0
2.390532E+3	1.013650E-5	1.257300E+4	0.000000E+0	0.000000E+0
2.393535E+3	1.013670E-5	1.257300E+4	0.000000E+0	0.000000E+0
2.396533E+3	1.013640E-5	1.257310E+4	0.000000E+0	0.000000E+0
2.399535E+3	1.013650E-5	1.257310E+4	0.000000E+0	0.000000E+0
2.402533E+3	1.013560E-5	1.257320E+4	0.000000E+0	0.000000E+0
2.405536E+3	1.013580E-5	1.257320E+4	0.000000E+0	0.000000E+0
2.408535E+3	1.013560E-5	1.257320E+4	0.000000E+0	0.000000E+0
2.411529E+3	1.013550E-5	1.257330E+4	0.000000E+0	0.000000E+0
2.414533E+3	1.013560E-5	1.257330E+4	0.000000E+0	0.000000E+0
2.417531E+3	1.013470E-5	1.257340E+4	0.000000E+0	0.000000E+0
2.420530E+3	1.013510E-5	1.257330E+4	0.000000E+0	0.000000E+0
2.423529E+3	1.013440E-5	1.257330E+4	0.000000E+0	0.000000E+0
2.426529E+3	1.013430E-5	1.257340E+4	0.000000E+0	0.000000E+0
2.429531E+3	1.013440E-5	1.257330E+4	0.000000E+0	0.000000E+0
2.432533E+3	1.013380E-5	1.257320E+4	0.000000E+0	0.000000E+0
2.435531E+3	1.013360E-5	1.257320E+4	0.000000E+0	0.000000E+0
2.438532E+3	1.013320E-5	1.257300E+4	0.000000E+0	0.000000E+0
2.441536E+3	1.013370E-5	1.257300E+4	0.000000E+0	0.000000E+0
2.444531E+3	1.013380E-5	1.257280E+4	0.000000E+0	0.000000E+0
2.447536E+3	1.013360E-5	1.257280E+4	0.000000E+0	0.000000E+0
2.450531E+3	1.013270E-5	1.257280E+4	0.000000E+0	0.000000E+0
2.453537E+3	1.013290E-5	1.257270E+4	0.000000E+0	0.000000E+0
2.456531E+3	1.013210E-5	1.257260E+4	0.000000E+0	0.000000E+0
2.459535E+3	1.013250E-5	1.257270E+4	0.000000E+0	0.000000E+0
2.462532E+3	1.013240E-5	1.257250E+4	0.000000E+0	0.000000E+0
2.465534E+3	1.013180E-5	1.257250E+4	0.000000E+0	0.000000E+0
2.468532E+3	1.013190E-5	1.257250E+4	0.000000E+0	0.000000E+0
2.471534E+3	1.013160E-5	1.257250E+4	0.000000E+0	0.000000E+0
2.474532E+3	1.013140E-5	1.257240E+4	0.000000E+0	0.000000E+0
2.477530E+3	1.013120E-5	1.257240E+4	0.000000E+0	0.000000E+0
2.480533E+3	1.013090E-5	1.257240E+4	0.000000E+0	0.000000E+0
2.483530E+3	1.013090E-5	1.257250E+4	0.000000E+0	0.000000E+0
2.486530E+3	1.013110E-5	1.257260E+4	0.000000E+0	0.000000E+0
2.489528E+3	1.013050E-5	1.257260E+4	0.000000E+0	0.000000E+0
2.492529E+3	1.013020E-5	1.257250E+4	0.000000E+0	0.000000E+0
2.495529E+3	1.012990E-5	1.257250E+4	0.000000E+0	0.000000E+0
2.498531E+3	1.013000E-5	1.257250E+4	0.000000E+0	0.000000E+0
2.501533E+3	1.012970E-5	1.257250E+4	0.000000E+0	0.000000E+0
2.504534E+3	1.012930E-5	1.257250E+4	0.000000E+0	0.000000E+0
2.507533E+3	1.012990E-5	1.257250E+4	0.000000E+0	0.000000E+0
2.510536E+3	1.012900E-5	1.257250E+4	0.000000E+0	0.000000E+0
2.513529E+3	1.012860E-5	1.257250E+4	0.000000E+0	0.000000E+0
2.516533E+3	1.012850E-5	1.257260E+4	0.000000E+0	0.000000E+0
2.519533E+3	1.012900E-5	1.257250E+4	0.000000E+0	0.000000E+0
2.522534E+3	1.012840E-5	1.257250E+4	0.000000E+0	0.000000E+0
2.525531E+3	1.012810E-5	1.257260E+4	0.000000E+0	0.000000E+0
2.528530E+3	1.012800E-5	1.257260E+4	0.000000E+0	0.000000E+0
2.531536E+3	1.012850E-5	1.257260E+4	0.000000E+0	0.000000E+0
2.534531E+3	1.012760E-5	1.257250E+4	0.000000E+0	0.000000E+0
2.537531E+3	1.012780E-5	1.257250E+4	0.000000E+0	0.000000E+0
2.540534E+3	1.012710E-5	1.257250E+4	0.000000E+0	0.000000E+0
2.543531E+3	1.012730E-5	1.257250E+4	0.000000E+0	0.000000E+0
2.546535E+3	1.012680E-5	1.257250E+4	0.000000E+0	0.000000E+0
2.549534E+3	1.012690E-5	1.257260E+4	0.000000E+0	0.000000E+0
2.552532E+3	1.012590E-5	1.257250E+4	0.000000E+0	0.000000E+0
2.555534E+3	1.012540E-5	1.257250E+4	0.000000E+0	0.000000E+0
2.558530E+3	1.012540E-5	1.257250E+4	0.000000E+0	0.000000E+0
2.561530E+3	1.012500E-5	1.257250E+4	0.000000E+0	0.000000E+0
2.564530E+3	1.012500E-5	1.257260E+4	0.000000E+0	0.000000E+0
2.567535E+3	1.012510E-5	1.257250E+4	0.000000E+0	0.000000E+0
2.570532E+3	1.012470E-5	1.257250E+4	0.000000E+0	0.000000E+0
2.573533E+3	1.012470E-5	1.257250E+4	0.000000E+0	0.000000E+0
2.576532E+3	1.012400E-5	1.257250E+4	0.000000E+0	0.000000E+0
2.579535E+3	1.012450E-5	1.257250E+4	0.000000E+0	0.000000E+0
2.582529E+3	1.012420E-5	1.257250E+4	0.000000E+0	0.000000E+0
2.585533E+3	1.012400E-5	1.257250E+4	0.000000E+0	0.000000E+0
2.588530E+3	1.012380E-5	1.257240E+4	0.000000E+0	0.000000E+0
2.591536E+3	1.012360E-5	1.257240E+4	0.000000E+0	0.000000E+0
2.594530E+3	1.012310E-5	1.257240E+4	0.000000E+0	0.000000E+0
2.597535E+3	1.012330E-5	1.257240E+4	0.000000E+0	0.000000E+0
2.600531E+3	1.012310E-5	1.257230E+4	0.000000E+0	0.000000E+0
2.603530E+3	1.012280E-5	1.257240E+4	0.000000E+0	0.000000E+0
2.606531E+3	1.012260E-5	1.257240E+4	0.000000E+0	0.000000E+0
2.609527E+3	1.012280E-5	1.257240E+4	0.000000E+0	0.000000E+0
2.612530E+3	1.012220E-5	1.257250E+4	0.000000E+0	0.000000E+0
2.615529E+3	1.012180E-5	1.257250E+4	0.000000E+0	0.000000E+0
2.618530E+3	1.012230E-5	1.257250E+4	0.000000E+0	0.000000E+0
2.621533E+3	1.012190E-5	1.257240E+4	0.000000E+0	0.000000E+0
2.624529E+3	1.012190E-5	1.257250E+4	0.000000E+0	0.000000E+0
2.627527E+3	1.012160E-5	1.257240E+4	0.000000E+0	0.000000E+0
2.630539E+3	1.012060E-5	1.257250E+4	0.000000E+0	0.000000E+0
2.633536E+3	1.012100E-5	1.257240E+4	0.000000E+0	0.000000E+0
2.636531E+3	1.012030E-5	1.257230E+4	0.000000E+0	0.000000E+0
2.639531E+3	1.012090E-5	1.257240E+4	0.000000E+0	0.000000E+0
2.642530E+3	1.012060E-5	1.257240E+4	0.000000E+0	0.000000E+0
2.645528E+3	1.012090E-5	1.257240E+4	0.000000E+0	0.000000E+0
2.648534E+3	1.012040E-5	1.257230E+4	0.000000E+0	0.000000E+0
2.651537E+3	1.012040E-5	1.257230E+4	0.000000E+0	0.000000E+0
2.654538E+3	1.012040E-5	1.257230E+4	0.000000E+0	0.000000E+0
2.657538E+3	1.011910E-5	1.257240E+4	0.000000E+0	0.000000E+0
2.660536E+3	1.011920E-5	1.257240E+4	0.000000E+0	0.000000E+0
2.663541E+3	1.011930E-5	1.257250E+4	0.000000E+0	0.000000E+0
2.666532E+3	1.011910E-5	1.257260E+4	0.000000E+0	0.000000E+0
2.669532E+3	1.011870E-5	1.257270E+4	0.000000E+0	0.000000E+0
2.672528E+3	1.011900E-5	1.257270E+4	0.000000E+0	0.000000E+0
2.675532E+3	1.011890E-5	1.257280E+4	0.000000E+0	0.000000E+0
2.678530E+3	1.011860E-5	1.257280E+4	0.000000E+0	0.000000E+0
2.681532E+3	1.011880E-5	1.257290E+4	0.000000E+0	0.000000E+0
2.684528E+3	1.011820E-5	1.257280E+4	0.000000E+0	0.000000E+0
2.687531E+3	1.011810E-5	1.257280E+4	0.000000E+0	0.000000E+0
2.690529E+3	1.011830E-5	1.257290E+4	0.000000E+0	0.000000E+0
2.693530E+3	1.011760E-5	1.257300E+4	0.000000E+0	0.000000E+0
2.696530E+3	1.011770E-5	1.257300E+4	0.000000E+0	0.000000E+0
2.699529E+3	1.011760E-5	1.257310E+4	0.000000E+0	0.000000E+0
2.702531E+3	1.011630E-5	1.257320E+4	0.000000E+0	0.000000E+0
2.705534E+3	1.011660E-5	1.257330E+4	0.000000E+0	0.000000E+0
2.708529E+3	1.011680E-5	1.257330E+4	0.000000E+0	0.000000E+0
2.711531E+3	1.011640E-5	1.257340E+4	0.000000E+0	0.000000E+0
2.714530E+3	1.011660E-5	1.257340E+4	0.000000E+0	0.000000E+0
2.717536E+3	1.011620E-5	1.257350E+4	0.000000E+0	0.000000E+0
2.720531E+3	1.011660E-5	1.257350E+4	0.000000E+0	0.000000E+0
2.723534E+3	1.011560E-5	1.257350E+4	0.000000E+0	0.000000E+0
2.726528E+3	1.011570E-5	1.257360E+4	0.000000E+0	0.000000E+0
2.729542E+3	1.011540E-5	1.257360E+4	0.000000E+0	0.000000E+0
2.732534E+3	1.011520E-5	1.257360E+4	0.000000E+0	0.000000E+0
2.735530E+3	1.011480E-5	1.257360E+4	0.000000E+0	0.000000E+0
2.738530E+3	1.011430E-5	1.257370E+4	0.000000E+0	0.000000E+0
2.741532E+3	1.011460E-5	1.257370E+4	0.000000E+0	0.000000E+0
2.744530E+3	1.011430E-5	1.257370E+4	0.000000E+0	0.000000E+0
2.747532E+3	1.011330E-5	1.257370E+4	0.000000E+0	0.000000E+0
2.750528E+3	1.011380E-5	1.257370E+4	0.000000E+0	0.000000E+0
2.753535E+3	1.011380E-5	1.257380E+4	0.000000E+0	0.000000E+0
2.756532E+3	1.011390E-5	1.257400E+4	0.000000E+0	0.000000E+0
2.759532E+3	1.011320E-5	1.257390E+4	0.000000E+0	0.000000E+0
2.762529E+3	1.011320E-5	1.257390E+4	0.000000E+0	0.000000E+0
2.765530E+3	1.011260E-5	1.257400E+4	0.000000E+0	0.000000E+0
2.768530E+3	1.011260E-5	1.257400E+4	0.000000E+0	0.000000E+0
2.771530E+3	1.011260E-5	1.257400E+4	0.000000E+0	0.000000E+0
2.774526E+3	1.011200E-5	1.257420E+4	0.000000E+0	0.000000E+0
2.777528E+3	1.011240E-5	1.257420E+4	0.000000E+0	0.000000E+0
2.780524E+3	1.011200E-5	1.257420E+4	0.000000E+0	0.000000E+0
2.783524E+3	1.011200E-5	1.257430E+4	0.000000E+0	0.000000E+0
2.786529E+3	1.011140E-5	1.257440E+4	0.000000E+0	0.000000E+0
2.789530E+3	1.011130E-5	1.257450E+4	0.000000E+0	0.000000E+0
2.792533E+3	1.011140E-5	1.257450E+4	0.000000E+0	0.000000E+0
2.795531E+3	1.011110E-5	1.257460E+4	0.000000E+0	0.000000E+0
2.798533E+3	1.011150E-5	1.257470E+4	0.000000E+0	0.000000E+0
2.801537E+3	1.011090E-5	1.257460E+4	0.000000E+0	0.000000E+0
2.804531E+3	1.011090E-5	1.257470E+4	0.000000E+0	0.000000E+0
2.807530E+3	1.011030E-5	1.257470E+4	0.000000E+0	0.000000E+0
2.810531E+3	1.011010E-5	1.257490E+4	0.000000E+0	0.000000E+0
2.813531E+3	1.010990E-5	1.257490E+4	0.000000E+0	0.000000E+0
2.816530E+3	1.011020E-5	1.257490E+4	0.000000E+0	0.000000E+0
2.819530E+3	1.011010E-5	1.257500E+4	0.000000E+0	0.000000E+0
2.822530E+3	1.010980E-5	1.257490E+4	0.000000E+0	0.000000E+0
2.825534E+3	1.010950E-5	1.257490E+4	0.000000E+0	0.000000E+0
2.828530E+3	1.010920E-5	1.257500E+4	0.000000E+0	0.000000E+0
2.831528E+3	1.010910E-5	1.257500E+4	0.000000E+0	0.000000E+0
2.834530E+3	1.010920E-5	1.257500E+4	0.000000E+0	0.000000E+0
2.837532E+3	1.010880E-5	1.257490E+4	0.000000E+0	0.000000E+0
2.840530E+3	1.010870E-5	1.257500E+4	0.000000E+0	0.000000E+0
2.843530E+3	1.010840E-5	1.257510E+4	0.000000E+0	0.000000E+0
2.846533E+3	1.010780E-5	1.257520E+4	0.000000E+0	0.000000E+0
2.849530E+3	1.010840E-5	1.257530E+4	0.000000E+0	0.000000E+0
2.852533E+3	1.010810E-5	1.257530E+4	0.000000E+0	0.000000E+0
2.855530E+3	1.010800E-5	1.257540E+4	0.000000E+0	0.000000E+0
2.858529E+3	1.010730E-5	1.257550E+4	0.000000E+0	0.000000E+0
2.861538E+3	1.010730E-5	1.257550E+4	0.000000E+0	0.000000E+0
2.864531E+3	1.010750E-5	1.257550E+4	0.000000E+0	0.000000E+0
2.867531E+3	1.010660E-5	1.257560E+4	0.000000E+0	0.000000E+0
2.870539E+3	1.010700E-5	1.257560E+4	0.000000E+0	0.000000E+0
2.873533E+3	1.010680E-5	1.257560E+4	0.000000E+0	0.000000E+0
2.876530E+3	1.010680E-5	1.257560E+4	0.000000E+0	0.000000E+0
2.879530E+3	1.010640E-5	1.257570E+4	0.000000E+0	0.000000E+0
2.882529E+3	1.010590E-5	1.257570E+4	0.000000E+0	0.000000E+0
2.885530E+3	1.010580E-5	1.257570E+4	0.000000E+0	0.000000E+0
2.888531E+3	1.010590E-5	1.257570E+4	0.000000E+0	0.000000E+0
2.891530E+3	1.010560E-5	1.257580E+4	0.000000E+0	0.000000E+0
2.894530E+3	1.010560E-5	1.257570E+4	0.000000E+0	0.000000E+0
2.897530E+3	1.010470E-5	1.257570E+4	0.000000E+0	0.000000E+0
2.900530E+3	1.010450E-5	1.257560E+4	0.000000E+0	0.000000E+0
2.903530E+3	1.010490E-5	1.257570E+4	0.000000E+0	0.000000E+0
2.906530E+3	1.010520E-5	1.257570E+4	0.000000E+0	0.000000E+0
2.909530E+3	1.010480E-5	1.257570E+4	0.000000E+0	0.000000E+0
2.912530E+3	1.010430E-5	1.257570E+4	0.000000E+0	0.000000E+0
2.915530E+3	1.010410E-5	1.257570E+4	0.000000E+0	0.000000E+0
2.918530E+3	1.010390E-5	1.257560E+4	0.000000E+0	0.000000E+0
2.921530E+3	1.010400E-5	1.257580E+4	0.000000E+0	0.000000E+0
2.924528E+3	1.010430E-5	1.257570E+4	0.000000E+0	0.000000E+0
2.927530E+3	1.010420E-5	1.257580E+4	0.000000E+0	0.000000E+0
2.930528E+3	1.010350E-5	1.257580E+4	0.000000E+0	0.000000E+0
2.933530E+3	1.010260E-5	1.257580E+4	0.000000E+0	0.000000E+0
2.936530E+3	1.010300E-5	1.257580E+4	0.000000E+0	0.000000E+0
2.939537E+3	1.010310E-5	1.257590E+4	0.000000E+0	0.000000E+0
2.942529E+3	1.010320E-5	1.257580E+4	0.000000E+0	0.000000E+0
2.945532E+3	1.010290E-5	1.257590E+4	0.000000E+0	0.000000E+0
2.948530E+3	1.010250E-5	1.257590E+4	0.000000E+0	0.000000E+0
2.951535E+3	1.010230E-5	1.257590E+4	0.000000E+0	0.000000E+0
2.954530E+3	1.010210E-5	1.257600E+4	0.000000E+0	0.000000E+0
2.957530E+3	1.010190E-5	1.257600E+4	0.000000E+0	0.000000E+0
2.960531E+3	1.010090E-5	1.257600E+4	0.000000E+0	0.000000E+0
2.963536E+3	1.010140E-5	1.257600E+4	0.000000E+0	0.000000E+0
2.966533E+3	1.010140E-5	1.257600E+4	0.000000E+0	0.000000E+0
2.969531E+3	1.010080E-5	1.257600E+4	0.000000E+0	0.000000E+0
2.972530E+3	1.010070E-5	1.257610E+4	0.000000E+0	0.000000E+0
2.975530E+3	1.010010E-5	1.257610E+4	0.000000E+0	0.000000E+0
2.978530E+3	1.010020E-5	1.257610E+4	0.000000E+0	0.000000E+0
2.981529E+3	1.010040E-5	1.257620E+4	0.000000E+0	0.000000E+0
2.984531E+3	1.009980E-5	1.257610E+4	0.000000E+0	0.000000E+0
2.987531E+3	1.010000E-5	1.257620E+4	0.000000E+0	0.000000E+0
2.990531E+3	1.009960E-5	1.257630E+4	0.000000E+0	0.000000E+0
2.993536E+3	1.009990E-5	1.257620E+4	0.000000E+0	0.000000E+0
2.996532E+3	1.009970E-5	1.257620E+4	0.000000E+0	0.000000E+0
2.999527E+3	1.009900E-5	1.257630E+4	0.000000E+0	0.000000E+0
3.002525E+3	1.009910E-5	1.257630E+4	0.000000E+0	0.000000E+0
3.005527E+3	1.009870E-5	1.257640E+4	0.000000E+0	0.000000E+0
3.008528E+3	1.009920E-5	1.257640E+4	0.000000E+0	0.000000E+0
3.011530E+3	1.009850E-5	1.257650E+4	0.000000E+0	0.000000E+0
3.014534E+3	1.009900E-5	1.257660E+4	0.000000E+0	0.000000E+0
3.017527E+3	1.009810E-5	1.257670E+4	0.000000E+0	0.000000E+0
3.020526E+3	1.009840E-5	1.257680E+4	0.000000E+0	0.000000E+0
3.023527E+3	1.009780E-5	1.257690E+4	0.000000E+0	0.000000E+0
3.026525E+3	1.009720E-5	1.257690E+4	0.000000E+0	0.000000E+0
3.029530E+3	1.009760E-5	1.257700E+4	0.000000E+0	0.000000E+0
3.032535E+3	1.009650E-5	1.257710E+4	0.000000E+0	0.000000E+0
3.035537E+3	1.009730E-5	1.257720E+4	0.000000E+0	0.000000E+0
3.038533E+3	1.009640E-5	1.257730E+4	0.000000E+0	0.000000E+0
3.041532E+3	1.009670E-5	1.257730E+4	0.000000E+0	0.000000E+0
3.044531E+3	1.009640E-5	1.257730E+4	0.000000E+0	0.000000E+0
3.047532E+3	1.009610E-5	1.257740E+4	0.000000E+0	0.000000E+0
3.050529E+3	1.009620E-5	1.257740E+4	0.000000E+0	0.000000E+0
3.053529E+3	1.009600E-5	1.257740E+4	0.000000E+0	0.000000E+0
3.056531E+3	1.009600E-5	1.257750E+4	0.000000E+0	0.000000E+0
3.059531E+3	1.009550E-5	1.257750E+4	0.000000E+0	0.000000E+0
3.062529E+3	1.009570E-5	1.257750E+4	0.000000E+0	0.000000E+0
3.065529E+3	1.009540E-5	1.257760E+4	0.000000E+0	0.000000E+0
3.068526E+3	1.009500E-5	1.257760E+4	0.000000E+0	0.000000E+0
3.071527E+3	1.009510E-5	1.257770E+4	0.000000E+0	0.000000E+0
3.074524E+3	1.009500E-5	1.257770E+4	0.000000E+0	0.000000E+0
3.077526E+3	1.009410E-5	1.257770E+4	0.000000E+0	0.000000E+0
3.080527E+3	1.009500E-5	1.257770E+4	0.000000E+0	0.000000E+0
3.083534E+3	1.009400E-5	1.257780E+4	0.000000E+0	0.000000E+0
3.086531E+3	1.009390E-5	1.257780E+4	0.000000E+0	0.000000E+0
3.089531E+3	1.009390E-5	1.257770E+4	0.000000E+0	0.000000E+0
3.092531E+3	1.009330E-5	1.257780E+4	0.000000E+0	0.000000E+0
3.095531E+3	1.009280E-5	1.257780E+4	0.000000E+0	0.000000E+0
3.098532E+3	1.009340E-5	1.257790E+4	0.000000E+0	0.000000E+0
3.101534E+3	1.009320E-5	1.257780E+4	0.000000E+0	0.000000E+0
3.104532E+3	1.009270E-5	1.257780E+4	0.000000E+0	0.000000E+0
3.107534E+3	1.009200E-5	1.257780E+4	0.000000E+0	0.000000E+0
3.110527E+3	1.009240E-5	1.257790E+4	0.000000E+0	0.000000E+0
3.113527E+3	1.009210E-5	1.257800E+4	0.000000E+0	0.000000E+0
3.116525E+3	1.009230E-5	1.257800E+4	0.000000E+0	0.000000E+0
3.119523E+3	1.009210E-5	1.257810E+4	0.000000E+0	0.000000E+0
3.122521E+3	1.009150E-5	1.257810E+4	0.000000E+0	0.000000E+0
3.125517E+3	1.009110E-5	1.257820E+4	0.000000E+0	0.000000E+0
3.128520E+3	1.009140E-5	1.257830E+4	0.000000E+0	0.000000E+0
3.131518E+3	1.009170E-5	1.257840E+4	0.000000E+0	0.000000E+0
3.134515E+3	1.009110E-5	1.257850E+4	0.000000E+0	0.000000E+0
3.137520E+3	1.009090E-5	1.257850E+4	0.000000E+0	0.000000E+0
3.140513E+3	1.009070E-5	1.257860E+4	0.000000E+0	0.000000E+0
3.143520E+3	1.009040E-5	1.257870E+4	0.000000E+0	0.000000E+0
3.146513E+3	1.009010E-5	1.257880E+4	0.000000E+0	0.000000E+0
3.149518E+3	1.008980E-5	1.257870E+4	0.000000E+0	0.000000E+0
3.152513E+3	1.008980E-5	1.257870E+4	0.000000E+0	0.000000E+0
3.155519E+3	1.008960E-5	1.257870E+4	0.000000E+0	0.000000E+0
3.158511E+3	1.008890E-5	1.257870E+4	0.000000E+0	0.000000E+0
3.161519E+3	1.008960E-5	1.257880E+4	0.000000E+0	0.000000E+0
3.164511E+3	1.008870E-5	1.257880E+4	0.000000E+0	0.000000E+0
3.167518E+3	1.008900E-5	1.257890E+4	0.000000E+0	0.000000E+0
3.170514E+3	1.008950E-5	1.257890E+4	0.000000E+0	0.000000E+0
3.173521E+3	1.008930E-5	1.257910E+4	0.000000E+0	0.000000E+0
3.176513E+3	1.008850E-5	1.257910E+4	0.000000E+0	0.000000E+0
3.179519E+3	1.008870E-5	1.257920E+4	0.000000E+0	0.000000E+0
3.182514E+3	1.008810E-5	1.257920E+4	0.000000E+0	0.000000E+0
3.185525E+3	1.008770E-5	1.257920E+4	0.000000E+0	0.000000E+0
3.188520E+3	1.008780E-5	1.257930E+4	0.000000E+0	0.000000E+0
3.191517E+3	1.008760E-5	1.257940E+4	0.000000E+0	0.000000E+0
3.194522E+3	1.008720E-5	1.257940E+4	0.000000E+0	0.000000E+0
3.197523E+3	1.008750E-5	1.257950E+4	0.000000E+0	0.000000E+0
3.200515E+3	1.008700E-5	1.257950E+4	0.000000E+0	0.000000E+0
3.203522E+3	1.008730E-5	1.257960E+4	0.000000E+0	0.000000E+0
3.206515E+3	1.008670E-5	1.257960E+4	0.000000E+0	0.000000E+0
3.209520E+3	1.008690E-5	1.257960E+4	0.000000E+0	0.000000E+0
3.212510E+3	1.008640E-5	1.257970E+4	0.000000E+0	0.000000E+0
3.215518E+3	1.008580E-5	1.257970E+4	0.000000E+0	0.000000E+0
3.218515E+3	1.008580E-5	1.257980E+4	0.000000E+0	0.000000E+0
3.221518E+3	1.008560E-5	1.257980E+4	0.000000E+0	0.000000E+0
3.224515E+3	1.008530E-5	1.257980E+4	0.000000E+0	0.000000E+0
3.227521E+3	1.008500E-5	1.257990E+4	0.000000E+0	0.000000E+0
3.230516E+3	1.008500E-5	1.257990E+4	0.000000E+0	0.000000E+0
3.233516E+3	1.008520E-5	1.258000E+4	0.000000E+0	0.000000E+0
3.236515E+3	1.008490E-5	1.257990E+4	0.000000E+0	0.000000E+0
3.239515E+3	1.008400E-5	1.258000E+4	0.000000E+0	0.000000E+0
3.242516E+3	1.008490E-5	1.258010E+4	0.000000E+0	0.000000E+0
3.245521E+3	1.008450E-5	1.258000E+4	0.000000E+0	0.000000E+0
3.248514E+3	1.008490E-5	1.258010E+4	0.000000E+0	0.000000E+0
3.251519E+3	1.008380E-5	1.258010E+4	0.000000E+0	0.000000E+0
3.254519E+3	1.008390E-5	1.258020E+4	0.000000E+0	0.000000E+0
3.257518E+3	1.008310E-5	1.258020E+4	0.000000E+0	0.000000E+0
3.260519E+3	1.008350E-5	1.258020E+4	0.000000E+0	0.000000E+0
3.263514E+3	1.008340E-5	1.258030E+4	0.000000E+0	0.000000E+0
3.266518E+3	1.008270E-5	1.258030E+4	0.000000E+0	0.000000E+0
3.269519E+3	1.008290E-5	1.258040E+4	0.000000E+0	0.000000E+0
3.272516E+3	1.008280E-5	1.258040E+4	0.000000E+0	0.000000E+0
3.275531E+3	1.008190E-5	1.258040E+4	0.000000E+0	0.000000E+0
3.278537E+3	1.008240E-5	1.258050E+4	0.000000E+0	0.000000E+0
3.281530E+3	1.008200E-5	1.258050E+4	0.000000E+0	0.000000E+0
3.284525E+3	1.008220E-5	1.258060E+4	0.000000E+0	0.000000E+0
3.287525E+3	1.008170E-5	1.258060E+4	0.000000E+0	0.000000E+0
3.290530E+3	1.008190E-5	1.258080E+4	0.000000E+0	0.000000E+0
3.293530E+3	1.008130E-5	1.258090E+4	0.000000E+0	0.000000E+0
3.296526E+3	1.008130E-5	1.258090E+4	0.000000E+0	0.000000E+0
3.299528E+3	1.008110E-5	1.258100E+4	0.000000E+0	0.000000E+0
3.302528E+3	1.008090E-5	1.258100E+4	0.000000E+0	0.000000E+0
3.305535E+3	1.008040E-5	1.258110E+4	0.000000E+0	0.000000E+0
3.308533E+3	1.008010E-5	1.258110E+4	0.000000E+0	0.000000E+0
3.311533E+3	1.008010E-5	1.258110E+4	0.000000E+0	0.000000E+0
3.314530E+3	1.007980E-5	1.258110E+4	0.000000E+0	0.000000E+0
3.317529E+3	1.008000E-5	1.258130E+4	0.000000E+0	0.000000E+0
3.320533E+3	1.008000E-5	1.258120E+4	0.000000E+0	0.000000E+0
3.323529E+3	1.007960E-5	1.258130E+4	0.000000E+0	0.000000E+0
3.326531E+3	1.007930E-5	1.258140E+4	0.000000E+0	0.000000E+0
3.329530E+3	1.007910E-5	1.258150E+4	0.000000E+0	0.000000E+0
3.332529E+3	1.007880E-5	1.258140E+4	0.000000E+0	0.000000E+0
3.335529E+3	1.007870E-5	1.258140E+4	0.000000E+0	0.000000E+0
3.338530E+3	1.007850E-5	1.258150E+4	0.000000E+0	0.000000E+0
3.341534E+3	1.007860E-5	1.258150E+4	0.000000E+0	0.000000E+0
3.344531E+3	1.007810E-5	1.258150E+4	0.000000E+0	0.000000E+0
3.347531E+3	1.007770E-5	1.258160E+4	0.000000E+0	0.000000E+0
3.350527E+3	1.007830E-5	1.258160E+4	0.000000E+0	0.000000E+0
3.353534E+3	1.007750E-5	1.258160E+4	0.000000E+0	0.000000E+0
3.356534E+3	1.007730E-5	1.258160E+4	0.000000E+0	0.000000E+0
3.359530E+3	1.007780E-5	1.258160E+4	0.000000E+0	0.000000E+0
3.362534E+3	1.007700E-5	1.258160E+4	0.000000E+0	0.000000E+0
3.365534E+3	1.007640E-5	1.258160E+4	0.000000E+0	0.000000E+0
3.368534E+3	1.007630E-5	1.258170E+4	0.000000E+0	0.000000E+0
3.371531E+3	1.007710E-5	1.258170E+4	0.000000E+0	0.000000E+0
3.374530E+3	1.007650E-5	1.258180E+4	0.000000E+0	0.000000E+0
3.377531E+3	1.007620E-5	1.258180E+4	0.000000E+0	0.000000E+0
3.380534E+3	1.007590E-5	1.258190E+4	0.000000E+0	0.000000E+0
3.383530E+3	1.007570E-5	1.258190E+4	0.000000E+0	0.000000E+0
3.386532E+3	1.007540E-5	1.258180E+4	0.000000E+0	0.000000E+0
3.389532E+3	1.007500E-5	1.258180E+4	0.000000E+0	0.000000E+0
3.392532E+3	1.007490E-5	1.258190E+4	0.000000E+0	0.000000E+0
3.395530E+3	1.007570E-5	1.258210E+4	0.000000E+0	0.000000E+0
3.398533E+3	1.007510E-5	1.258210E+4	0.000000E+0	0.000000E+0
3.401532E+3	1.007490E-5	1.258210E+4	0.000000E+0	0.000000E+0
3.404528E+3	1.007430E-5	1.258210E+4	0.000000E+0	0.000000E+0
3.407535E+3	1.007480E-5	1.258220E+4	0.000000E+0	0.000000E+0
3.410532E+3	1.007430E-5	1.258230E+4	0.000000E+0	0.000000E+0
3.413535E+3	1.007440E-5	1.258230E+4	0.000000E+0	0.000000E+0
3.416531E+3	1.007390E-5	1.258230E+4	0.000000E+0	0.000000E+0
3.419533E+3	1.007370E-5	1.258220E+4	0.000000E+0	0.000000E+0
3.422530E+3	1.007410E-5	1.258230E+4	0.000000E+0	0.000000E+0
3.425536E+3	1.007350E-5	1.258230E+4	0.000000E+0	0.000000E+0
3.428530E+3	1.007380E-5	1.258230E+4	0.000000E+0	0.000000E+0
3.431534E+3	1.007340E-5	1.258240E+4	0.000000E+0	0.000000E+0
3.434529E+3	1.007320E-5	1.258240E+4	0.000000E+0	0.000000E+0
3.437530E+3	1.007320E-5	1.258240E+4	0.000000E+0	0.000000E+0
3.440530E+3	1.007260E-5	1.258240E+4	0.000000E+0	0.000000E+0
3.443530E+3	1.007260E-5	1.258240E+4	0.000000E+0	0.000000E+0
3.446532E+3	1.007260E-5	1.258250E+4	0.000000E+0	0.000000E+0
3.449533E+3	1.007250E-5	1.258250E+4	0.000000E+0	0.000000E+0
3.452532E+3	1.007220E-5	1.258250E+4	0.000000E+0	0.000000E+0
3.455532E+3	1.007200E-5	1.258250E+4	0.000000E+0	0.000000E+0
3.458530E+3	1.007220E-5	1.258250E+4	0.000000E+0	0.000000E+0
3.461535E+3	1.007250E-5	1.258250E+4	0.000000E+0	0.000000E+0
3.464532E+3	1.007180E-5	1.258250E+4	0.000000E+0	0.000000E+0
3.467531E+3	1.007160E-5	1.258250E+4	0.000000E+0	0.000000E+0
3.470530E+3	1.007170E-5	1.258250E+4	0.000000E+0	0.000000E+0
3.473528E+3	1.007090E-5	1.258260E+4	0.000000E+0	0.000000E+0
3.476530E+3	1.007110E-5	1.258260E+4	0.000000E+0	0.000000E+0
3.479525E+3	1.007100E-5	1.258270E+4	0.000000E+0	0.000000E+0
3.482523E+3	1.007090E-5	1.258230E+4	0.000000E+0	0.000000E+0
3.485518E+3	1.007030E-5	1.258270E+4	0.000000E+0	0.000000E+0
3.488522E+3	1.007040E-5	1.258270E+4	0.000000E+0	0.000000E+0
3.491522E+3	1.007070E-5	1.258280E+4	0.000000E+0	0.000000E+0
3.494515E+3	1.007010E-5	1.258280E+4	0.000000E+0	0.000000E+0
3.497518E+3	1.007000E-5	1.258280E+4	0.000000E+0	0.000000E+0
3.500513E+3	1.007060E-5	1.258270E+4	0.000000E+0	0.000000E+0
3.503520E+3	1.006960E-5	1.258280E+4	0.000000E+0	0.000000E+0
3.506518E+3	1.006970E-5	1.258280E+4	0.000000E+0	0.000000E+0
3.509518E+3	1.006960E-5	1.258290E+4	0.000000E+0	0.000000E+0
3.512518E+3	1.006960E-5	1.258290E+4	0.000000E+0	0.000000E+0
3.515516E+3	1.006870E-5	1.258310E+4	0.000000E+0	0.000000E+0
3.518515E+3	1.006890E-5	1.258300E+4	0.000000E+0	0.000000E+0
3.521515E+3	1.006900E-5	1.258310E+4	0.000000E+0	0.000000E+0
3.524514E+3	1.006860E-5	1.258310E+4	0.000000E+0	0.000000E+0
3.527518E+3	1.006790E-5	1.258300E+4	0.000000E+0	0.000000E+0
3.530522E+3	1.006790E-5	1.258310E+4	0.000000E+0	0.000000E+0
3.533537E+3	1.006740E-5	1.258310E+4	0.000000E+0	0.000000E+0
3.536529E+3	1.006740E-5	1.258310E+4	0.000000E+0	0.000000E+0
3.539522E+3	1.006710E-5	1.258300E+4	0.000000E+0	0.000000E+0
3.542525E+3	1.006690E-5	1.258310E+4	0.000000E+0	0.000000E+0
3.545524E+3	1.006710E-5	1.258320E+4	0.000000E+0	0.000000E+0
3.548524E+3	1.006690E-5	1.258310E+4	0.000000E+0	0.000000E+0
3.551530E+3	1.006680E-5	1.258300E+4	0.000000E+0	0.000000E+0
3.554527E+3	1.006740E-5	1.258300E+4	0.000000E+0	0.000000E+0
3.557532E+3	1.006690E-5	1.258280E+4	0.000000E+0	0.000000E+0
3.560534E+3	1.006700E-5	1.258270E+4	0.000000E+0	0.000000E+0
3.563535E+3	1.006650E-5	1.258260E+4	0.000000E+0	0.000000E+0
3.566530E+3	1.006640E-5	1.258250E+4	0.000000E+0	0.000000E+0
3.569530E+3	1.006690E-5	1.258250E+4	0.000000E+0	0.000000E+0
3.572532E+3	1.006620E-5	1.258240E+4	0.000000E+0	0.000000E+0
3.575530E+3	1.006640E-5	1.258250E+4	0.000000E+0	0.000000E+0
3.578530E+3	1.006660E-5	1.258250E+4	0.000000E+0	0.000000E+0
3.581530E+3	1.006620E-5	1.258250E+4	0.000000E+0	0.000000E+0
3.584532E+3	1.006590E-5	1.258240E+4	0.000000E+0	0.000000E+0
3.587530E+3	1.006580E-5	1.258250E+4	0.000000E+0	0.000000E+0
3.590529E+3	1.006500E-5	1.258250E+4	0.000000E+0	0.000000E+0
3.593532E+3	1.006540E-5	1.258250E+4	0.000000E+0	0.000000E+0
3.596531E+3	1.006510E-5	1.258260E+4	0.000000E+0	0.000000E+0
3.599528E+3	1.006540E-5	1.258260E+4	0.000000E+0	0.000000E+0
3.602531E+3	1.006470E-5	1.258270E+4	0.000000E+0	0.000000E+0
3.605533E+3	1.006410E-5	1.258270E+4	0.000000E+0	0.000000E+0
3.608531E+3	1.006430E-5	1.258260E+4	0.000000E+0	0.000000E+0
3.611530E+3	1.006500E-5	1.258260E+4	0.000000E+0	0.000000E+0
3.614531E+3	1.006380E-5	1.258270E+4	0.000000E+0	0.000000E+0
3.617529E+3	1.006370E-5	1.258260E+4	0.000000E+0	0.000000E+0
3.620531E+3	1.006360E-5	1.258260E+4	0.000000E+0	0.000000E+0
3.623531E+3	1.006390E-5	1.258250E+4	0.000000E+0	0.000000E+0
3.626530E+3	1.006360E-5	1.258250E+4	0.000000E+0	0.000000E+0
3.629533E+3	1.006310E-5	1.258250E+4	0.000000E+0	0.000000E+0
3.632783E+3	1.006290E-5	1.258240E+4	0.000000E+0	0.000000E+0
3.635524E+3	1.006320E-5	1.258230E+4	0.000000E+0	0.000000E+0
3.638527E+3	1.006250E-5	1.258210E+4	0.000000E+0	0.000000E+0
3.641534E+3	1.006260E-5	1.258210E+4	0.000000E+0	0.000000E+0
3.644531E+3	1.006240E-5	1.258190E+4	0.000000E+0	0.000000E+0
3.647531E+3	1.006200E-5	1.258190E+4	0.000000E+0	0.000000E+0
3.650534E+3	1.006190E-5	1.258180E+4	0.000000E+0	0.000000E+0
3.653531E+3	1.006170E-5	1.258190E+4	0.000000E+0	0.000000E+0
3.656530E+3	1.006150E-5	1.258180E+4	0.000000E+0	0.000000E+0
3.659535E+3	1.006140E-5	1.258170E+4	0.000000E+0	0.000000E+0
3.662535E+3	1.006170E-5	1.258170E+4	0.000000E+0	0.000000E+0
3.665535E+3	1.006130E-5	1.258180E+4	0.000000E+0	0.000000E+0
3.668535E+3	1.006130E-5	1.258160E+4	0.000000E+0	0.000000E+0
3.671535E+3	1.006150E-5	1.258170E+4	0.000000E+0	0.000000E+0
3.674533E+3	1.006110E-5	1.258150E+4	0.000000E+0	0.000000E+0
3.677533E+3	1.006090E-5	1.258130E+4	0.000000E+0	0.000000E+0
3.680529E+3	1.006050E-5	1.258120E+4	0.000000E+0	0.000000E+0
3.683540E+3	1.006060E-5	1.258120E+4	0.000000E+0	0.000000E+0
3.686531E+3	1.006040E-5	1.258110E+4	0.000000E+0	0.000000E+0
3.689529E+3	1.006010E-5	1.258090E+4	0.000000E+0	0.000000E+0
3.692541E+3	1.005960E-5	1.258090E+4	0.000000E+0	0.000000E+0
3.695531E+3	1.005960E-5	1.258090E+4	0.000000E+0	0.000000E+0
3.698534E+3	1.005890E-5	1.258090E+4	0.000000E+0	0.000000E+0
3.701533E+3	1.005930E-5	1.258100E+4	0.000000E+0	0.000000E+0
3.704531E+3	1.005910E-5	1.258100E+4	0.000000E+0	0.000000E+0
3.707533E+3	1.005920E-5	1.258110E+4	0.000000E+0	0.000000E+0
3.710536E+3	1.005930E-5	1.258120E+4	0.000000E+0	0.000000E+0
3.713538E+3	1.005870E-5	1.258100E+4	0.000000E+0	0.000000E+0
3.716531E+3	1.005920E-5	1.258110E+4	0.000000E+0	0.000000E+0
3.719534E+3	1.005860E-5	1.258120E+4	0.000000E+0	0.000000E+0
3.722541E+3	1.005820E-5	1.258110E+4	0.000000E+0	0.000000E+0
3.725536E+3	1.005820E-5	1.258110E+4	0.000000E+0	0.000000E+0
3.728537E+3	1.005800E-5	1.258100E+4	0.000000E+0	0.000000E+0
3.731532E+3	1.005780E-5	1.258100E+4	0.000000E+0	0.000000E+0
3.734534E+3	1.005770E-5	1.258100E+4	0.000000E+0	0.000000E+0
3.737535E+3	1.005760E-5	1.258090E+4	0.000000E+0	0.000000E+0
3.740535E+3	1.005750E-5	1.258090E+4	0.000000E+0	0.000000E+0
3.743531E+3	1.005770E-5	1.258090E+4	0.000000E+0	0.000000E+0
3.746532E+3	1.005780E-5	1.258070E+4	0.000000E+0	0.000000E+0
3.749531E+3	1.005690E-5	1.258060E+4	0.000000E+0	0.000000E+0
3.752534E+3	1.005770E-5	1.258060E+4	0.000000E+0	0.000000E+0
3.755532E+3	1.005700E-5	1.258060E+4	0.000000E+0	0.000000E+0
3.758538E+3	1.005720E-5	1.258060E+4	0.000000E+0	0.000000E+0
3.761530E+3	1.005620E-5	1.258050E+4	0.000000E+0	0.000000E+0
3.764532E+3	1.005650E-5	1.258050E+4	0.000000E+0	0.000000E+0
3.767530E+3	1.005640E-5	1.258060E+4	0.000000E+0	0.000000E+0
3.770532E+3	1.005590E-5	1.258050E+4	0.000000E+0	0.000000E+0
3.773528E+3	1.005580E-5	1.258050E+4	0.000000E+0	0.000000E+0
3.776526E+3	1.005600E-5	1.258050E+4	0.000000E+0	0.000000E+0
3.779525E+3	1.005650E-5	1.258050E+4	0.000000E+0	0.000000E+0
3.782521E+3	1.005620E-5	1.258050E+4	0.000000E+0	0.000000E+0
3.785529E+3	1.005550E-5	1.258050E+4	0.000000E+0	0.000000E+0
3.788533E+3	1.005510E-5	1.258030E+4	0.000000E+0	0.000000E+0
3.791533E+3	1.005460E-5	1.258040E+4	0.000000E+0	0.000000E+0
3.794530E+3	1.005450E-5	1.258030E+4	0.000000E+0	0.000000E+0
3.797530E+3	1.005410E-5	1.258020E+4	0.000000E+0	0.000000E+0
3.800527E+3	1.005460E-5	1.258010E+4	0.000000E+0	0.000000E+0
3.803533E+3	1.005400E-5	1.258020E+4	0.000000E+0	0.000000E+0
3.806529E+3	1.005460E-5	1.258030E+4	0.000000E+0	0.000000E+0
3.809527E+3	1.005450E-5	1.258030E+4	0.000000E+0	0.000000E+0
3.812529E+3	1.005370E-5	1.258030E+4	0.000000E+0	0.000000E+0
3.815531E+3	1.005370E-5	1.258030E+4	0.000000E+0	0.000000E+0
3.818531E+3	1.005370E-5	1.258030E+4	0.000000E+0	0.000000E+0
3.821533E+3	1.005370E-5	1.258020E+4	0.000000E+0	0.000000E+0
3.824534E+3	1.005360E-5	1.258020E+4	0.000000E+0	0.000000E+0
3.827534E+3	1.005350E-5	1.258010E+4	0.000000E+0	0.000000E+0
3.830532E+3	1.005350E-5	1.257990E+4	0.000000E+0	0.000000E+0
3.833532E+3	1.005300E-5	1.257990E+4	0.000000E+0	0.000000E+0
3.836532E+3	1.005380E-5	1.257990E+4	0.000000E+0	0.000000E+0
3.839531E+3	1.005290E-5	1.257980E+4	0.000000E+0	0.000000E+0
3.842534E+3	1.005310E-5	1.257960E+4	0.000000E+0	0.000000E+0
3.845530E+3	1.005250E-5	1.257950E+4	0.000000E+0	0.000000E+0
3.848530E+3	1.005230E-5	1.257940E+4	0.000000E+0	0.000000E+0
3.851530E+3	1.005200E-5	1.257930E+4	0.000000E+0	0.000000E+0
3.854530E+3	1.005230E-5	1.257920E+4	0.000000E+0	0.000000E+0
3.857532E+3	1.005180E-5	1.257910E+4	0.000000E+0	0.000000E+0
3.860530E+3	1.005160E-5	1.257900E+4	0.000000E+0	0.000000E+0
3.863532E+3	1.005150E-5	1.257890E+4	0.000000E+0	0.000000E+0
3.866528E+3	1.005130E-5	1.257870E+4	0.000000E+0	0.000000E+0
3.869532E+3	1.005060E-5	1.257860E+4	0.000000E+0	0.000000E+0
3.872529E+3	1.005080E-5	1.257840E+4	0.000000E+0	0.000000E+0
3.875530E+3	1.005060E-5	1.257830E+4	0.000000E+0	0.000000E+0
3.878529E+3	1.005090E-5	1.257810E+4	0.000000E+0	0.000000E+0
3.881530E+3	1.005010E-5	1.257810E+4	0.000000E+0	0.000000E+0
3.884530E+3	1.005050E-5	1.257810E+4	0.000000E+0	0.000000E+0
3.887533E+3	1.004970E-5	1.257790E+4	0.000000E+0	0.000000E+0
3.890531E+3	1.004980E-5	1.257790E+4	0.000000E+0	0.000000E+0
3.893531E+3	1.004980E-5	1.257800E+4	0.000000E+0	0.000000E+0
3.896533E+3	1.004950E-5	1.257800E+4	0.000000E+0	0.000000E+0
3.899533E+3	1.004920E-5	1.257810E+4	0.000000E+0	0.000000E+0
3.902531E+3	1.004960E-5	1.257810E+4	0.000000E+0	0.000000E+0
3.905534E+3	1.004880E-5	1.257810E+4	0.000000E+0	0.000000E+0
3.908532E+3	1.004900E-5	1.257810E+4	0.000000E+0	0.000000E+0
3.911534E+3	1.004830E-5	1.257810E+4	0.000000E+0	0.000000E+0
3.914529E+3	1.004850E-5	1.257800E+4	0.000000E+0	0.000000E+0
3.917521E+3	1.004890E-5	1.257800E+4	0.000000E+0	0.000000E+0
3.920520E+3	1.004810E-5	1.257800E+4	0.000000E+0	0.000000E+0
3.923531E+3	1.004810E-5	1.257790E+4	0.000000E+0	0.000000E+0
3.926535E+3	1.004860E-5	1.257780E+4	0.000000E+0	0.000000E+0
3.929534E+3	1.004830E-5	1.257780E+4	0.000000E+0	0.000000E+0
3.932532E+3	1.004790E-5	1.257770E+4	0.000000E+0	0.000000E+0
3.935530E+3	1.004780E-5	1.257770E+4	0.000000E+0	0.000000E+0
3.938532E+3	1.004690E-5	1.257760E+4	0.000000E+0	0.000000E+0
3.941534E+3	1.004760E-5	1.257760E+4	0.000000E+0	0.000000E+0
3.944533E+3	1.004670E-5	1.257750E+4	0.000000E+0	0.000000E+0
3.947537E+3	1.004670E-5	1.257750E+4	0.000000E+0	0.000000E+0
3.950535E+3	1.004670E-5	1.257740E+4	0.000000E+0	0.000000E+0
3.953537E+3	1.004710E-5	1.257730E+4	0.000000E+0	0.000000E+0
3.956535E+3	1.004610E-5	1.257720E+4	0.000000E+0	0.000000E+0
3.959533E+3	1.004610E-5	1.257730E+4	0.000000E+0	0.000000E+0
3.962533E+3	1.004610E-5	1.257740E+4	0.000000E+0	0.000000E+0
3.965536E+3	1.004640E-5	1.257730E+4	0.000000E+0	0.000000E+0
3.968535E+3	1.004630E-5	1.257740E+4	0.000000E+0	0.000000E+0
3.971538E+3	1.004600E-5	1.257740E+4	0.000000E+0	0.000000E+0
3.974533E+3	1.004570E-5	1.257740E+4	0.000000E+0	0.000000E+0
3.977535E+3	1.004530E-5	1.257730E+4	0.000000E+0	0.000000E+0
3.980533E+3	1.004550E-5	1.257730E+4	0.000000E+0	0.000000E+0
3.983530E+3	1.004530E-5	1.257720E+4	0.000000E+0	0.000000E+0
3.986533E+3	1.004520E-5	1.257730E+4	0.000000E+0	0.000000E+0
3.989534E+3	1.004480E-5	1.257730E+4	0.000000E+0	0.000000E+0
3.992531E+3	1.004460E-5	1.257720E+4	0.000000E+0	0.000000E+0
3.995537E+3	1.004470E-5	1.257720E+4	0.000000E+0	0.000000E+0
3.998531E+3	1.004430E-5	1.257710E+4	0.000000E+0	0.000000E+0
4.001531E+3	1.004420E-5	1.257710E+4	0.000000E+0	0.000000E+0
4.004527E+3	1.004440E-5	1.257710E+4	0.000000E+0	0.000000E+0
4.007524E+3	1.004410E-5	1.257710E+4	0.000000E+0	0.000000E+0
4.010517E+3	1.004420E-5	1.257720E+4	0.000000E+0	0.000000E+0
4.013531E+3	1.004370E-5	1.257710E+4	0.000000E+0	0.000000E+0
4.016537E+3	1.004350E-5	1.257700E+4	0.000000E+0	0.000000E+0
4.019531E+3	1.004350E-5	1.257700E+4	0.000000E+0	0.000000E+0
4.022532E+3	1.004330E-5	1.257690E+4	0.000000E+0	0.000000E+0
4.025531E+3	1.004280E-5	1.257680E+4	0.000000E+0	0.000000E+0
4.028528E+3	1.004260E-5	1.257670E+4	0.000000E+0	0.000000E+0
4.031534E+3	1.004240E-5	1.257670E+4	0.000000E+0	0.000000E+0
4.034532E+3	1.004240E-5	1.257690E+4	0.000000E+0	0.000000E+0
4.037530E+3	1.004240E-5	1.257680E+4	0.000000E+0	0.000000E+0
4.040532E+3	1.004210E-5	1.257680E+4	0.000000E+0	0.000000E+0
4.043532E+3	1.004200E-5	1.257680E+4	0.000000E+0	0.000000E+0
4.046532E+3	1.004180E-5	1.257670E+4	0.000000E+0	0.000000E+0
4.049533E+3	1.004190E-5	1.257680E+4	0.000000E+0	0.000000E+0
4.052533E+3	1.004190E-5	1.257680E+4	0.000000E+0	0.000000E+0
4.055533E+3	1.004190E-5	1.257680E+4	0.000000E+0	0.000000E+0
4.058531E+3	1.004160E-5	1.257680E+4	0.000000E+0	0.000000E+0
4.061530E+3	1.004150E-5	1.257670E+4	0.000000E+0	0.000000E+0
4.064533E+3	1.004120E-5	1.257680E+4	0.000000E+0	0.000000E+0
4.067533E+3	1.004130E-5	1.257670E+4	0.000000E+0	0.000000E+0
4.070531E+3	1.004130E-5	1.257670E+4	0.000000E+0	0.000000E+0
4.073538E+3	1.004040E-5	1.257670E+4	0.000000E+0	0.000000E+0
4.076533E+3	1.004090E-5	1.257660E+4	0.000000E+0	0.000000E+0
4.079536E+3	1.004050E-5	1.257660E+4	0.000000E+0	0.000000E+0
4.082534E+3	1.004020E-5	1.257670E+4	0.000000E+0	0.000000E+0
4.085529E+3	1.004020E-5	1.257670E+4	0.000000E+0	0.000000E+0
4.088529E+3	1.003960E-5	1.257660E+4	0.000000E+0	0.000000E+0
4.091534E+3	1.004020E-5	1.257660E+4	0.000000E+0	0.000000E+0
4.094530E+3	1.003940E-5	1.257670E+4	0.000000E+0	0.000000E+0
4.097540E+3	1.004030E-5	1.257670E+4	0.000000E+0	0.000000E+0
4.100539E+3	1.003900E-5	1.257660E+4	0.000000E+0	0.000000E+0
4.103539E+3	1.003940E-5	1.257660E+4	0.000000E+0	0.000000E+0
4.106531E+3	1.003890E-5	1.257670E+4	0.000000E+0	0.000000E+0
4.109542E+3	1.003880E-5	1.257670E+4	0.000000E+0	0.000000E+0
4.112532E+3	1.003880E-5	1.257670E+4	0.000000E+0	0.000000E+0
4.115542E+3	1.003880E-5	1.257670E+4	0.000000E+0	0.000000E+0
4.118530E+3	1.003760E-5	1.257670E+4	0.000000E+0	0.000000E+0
4.121540E+3	1.003840E-5	1.257670E+4	0.000000E+0	0.000000E+0
4.124532E+3	1.003780E-5	1.257680E+4	0.000000E+0	0.000000E+0
4.127532E+3	1.003750E-5	1.257670E+4	0.000000E+0	0.000000E+0
4.130533E+3	1.003760E-5	1.257670E+4	0.000000E+0	0.000000E+0
4.133537E+3	1.003760E-5	1.257670E+4	0.000000E+0	0.000000E+0
4.136530E+3	1.003650E-5	1.257670E+4	0.000000E+0	0.000000E+0
4.139530E+3	1.003710E-5	1.257680E+4	0.000000E+0	0.000000E+0
4.142529E+3	1.003690E-5	1.257690E+4	0.000000E+0	0.000000E+0
4.145535E+3	1.003630E-5	1.257690E+4	0.000000E+0	0.000000E+0
4.148536E+3	1.003630E-5	1.257690E+4	0.000000E+0	0.000000E+0
4.151535E+3	1.003610E-5	1.257690E+4	0.000000E+0	0.000000E+0
4.154535E+3	1.003610E-5	1.257690E+4	0.000000E+0	0.000000E+0
4.157533E+3	1.003570E-5	1.257690E+4	0.000000E+0	0.000000E+0
4.160531E+3	1.003550E-5	1.257700E+4	0.000000E+0	0.000000E+0
4.163538E+3	1.003580E-5	1.257690E+4	0.000000E+0	0.000000E+0
4.166542E+3	1.003560E-5	1.257690E+4	0.000000E+0	0.000000E+0
4.169534E+3	1.003520E-5	1.257700E+4	0.000000E+0	0.000000E+0
4.172534E+3	1.003520E-5	1.257700E+4	0.000000E+0	0.000000E+0
4.175534E+3	1.003500E-5	1.257710E+4	0.000000E+0	0.000000E+0
4.178533E+3	1.003450E-5	1.257710E+4	0.000000E+0	0.000000E+0
4.181533E+3	1.003470E-5	1.257710E+4	0.000000E+0	0.000000E+0
4.184532E+3	1.003450E-5	1.257700E+4	0.000000E+0	0.000000E+0
4.187531E+3	1.003450E-5	1.257680E+4	0.000000E+0	0.000000E+0
4.190536E+3	1.003460E-5	1.257670E+4	0.000000E+0	0.000000E+0
4.193542E+3	1.003400E-5	1.257670E+4	0.000000E+0	0.000000E+0
4.196534E+3	1.003460E-5	1.257650E+4	0.000000E+0	0.000000E+0
4.199534E+3	1.003430E-5	1.257640E+4	0.000000E+0	0.000000E+0
4.202534E+3	1.003440E-5	1.257620E+4	0.000000E+0	0.000000E+0
4.205534E+3	1.003410E-5	1.257600E+4	0.000000E+0	0.000000E+0
4.208534E+3	1.003300E-5	1.257590E+4	0.000000E+0	0.000000E+0
4.211534E+3	1.003350E-5	1.257590E+4	0.000000E+0	0.000000E+0
4.214534E+3	1.003380E-5	1.257580E+4	0.000000E+0	0.000000E+0
4.217534E+3	1.003330E-5	1.257570E+4	0.000000E+0	0.000000E+0
4.220532E+3	1.003290E-5	1.257570E+4	0.000000E+0	0.000000E+0
4.223532E+3	1.003270E-5	1.257560E+4	0.000000E+0	0.000000E+0
4.226530E+3	1.003270E-5	1.257560E+4	0.000000E+0	0.000000E+0
4.229530E+3	1.003230E-5	1.257550E+4	0.000000E+0	0.000000E+0
4.232532E+3	1.003300E-5	1.257550E+4	0.000000E+0	0.000000E+0
4.235532E+3	1.003230E-5	1.257550E+4	0.000000E+0	0.000000E+0
4.238530E+3	1.003190E-5	1.257540E+4	0.000000E+0	0.000000E+0
4.241530E+3	1.003190E-5	1.257530E+4	0.000000E+0	0.000000E+0
4.244533E+3	1.003140E-5	1.257530E+4	0.000000E+0	0.000000E+0
4.247531E+3	1.003140E-5	1.257530E+4	0.000000E+0	0.000000E+0
4.250526E+3	1.003130E-5	1.257530E+4	0.000000E+0	0.000000E+0
4.253524E+3	1.003130E-5	1.257520E+4	0.000000E+0	0.000000E+0
4.256523E+3	1.003080E-5	1.257520E+4	0.000000E+0	0.000000E+0
4.259531E+3	1.003080E-5	1.257510E+4	0.000000E+0	0.000000E+0
4.262534E+3	1.003050E-5	1.257520E+4	0.000000E+0	0.000000E+0
4.265534E+3	1.003090E-5	1.257520E+4	0.000000E+0	0.000000E+0
4.268533E+3	1.003070E-5	1.257510E+4	0.000000E+0	0.000000E+0
4.271534E+3	1.003040E-5	1.257530E+4	0.000000E+0	0.000000E+0
4.274531E+3	1.003020E-5	1.257530E+4	0.000000E+0	0.000000E+0
4.277534E+3	1.003010E-5	1.257540E+4	0.000000E+0	0.000000E+0
4.280532E+3	1.003010E-5	1.257540E+4	0.000000E+0	0.000000E+0
4.283532E+3	1.002950E-5	1.257540E+4	0.000000E+0	0.000000E+0
4.286532E+3	1.003030E-5	1.257530E+4	0.000000E+0	0.000000E+0
4.289536E+3	1.003000E-5	1.257540E+4	0.000000E+0	0.000000E+0
4.292535E+3	1.002980E-5	1.257550E+4	0.000000E+0	0.000000E+0
4.295532E+3	1.002900E-5	1.257540E+4	0.000000E+0	0.000000E+0
4.298535E+3	1.002900E-5	1.257550E+4	0.000000E+0	0.000000E+0
4.301535E+3	1.002900E-5	1.257550E+4	0.000000E+0	0.000000E+0
4.304537E+3	1.002870E-5	1.257550E+4	0.000000E+0	0.000000E+0
4.307534E+3	1.002860E-5	1.257560E+4	0.000000E+0	0.000000E+0
4.310530E+3	1.002860E-5	1.257570E+4	0.000000E+0	0.000000E+0
4.313532E+3	1.002840E-5	1.257570E+4	0.000000E+0	0.000000E+0
4.316535E+3	1.002810E-5	1.257570E+4	0.000000E+0	0.000000E+0
4.319537E+3	1.002800E-5	1.257580E+4	0.000000E+0	0.000000E+0
4.322530E+3	1.002800E-5	1.257580E+4	0.000000E+0	0.000000E+0
4.325532E+3	1.002750E-5	1.257590E+4	0.000000E+0	0.000000E+0
4.328532E+3	1.002760E-5	1.257590E+4	0.000000E+0	0.000000E+0
4.331533E+3	1.002760E-5	1.257570E+4	0.000000E+0	0.000000E+0
4.334529E+3	1.002750E-5	1.257570E+4	0.000000E+0	0.000000E+0
4.337532E+3	1.002710E-5	1.257570E+4	0.000000E+0	0.000000E+0
4.340530E+3	1.002700E-5	1.257570E+4	0.000000E+0	0.000000E+0
4.343531E+3	1.002640E-5	1.257560E+4	0.000000E+0	0.000000E+0
4.346526E+3	1.002630E-5	1.257560E+4	0.000000E+0	0.000000E+0
4.349526E+3	1.002600E-5	1.257560E+4	0.000000E+0	0.000000E+0
4.352519E+3	1.002550E-5	1.257540E+4	0.000000E+0	0.000000E+0
4.355530E+3	1.002560E-5	1.257540E+4	0.000000E+0	0.000000E+0
4.358533E+3	1.002540E-5	1.257530E+4	0.000000E+0	0.000000E+0
4.361533E+3	1.002520E-5	1.257530E+4	0.000000E+0	0.000000E+0
4.364530E+3	1.002570E-5	1.257530E+4	0.000000E+0	0.000000E+0
4.367531E+3	1.002630E-5	1.257530E+4	0.000000E+0	0.000000E+0
4.370531E+3	1.002590E-5	1.257520E+4	0.000000E+0	0.000000E+0
4.373534E+3	1.002550E-5	1.257520E+4	0.000000E+0	0.000000E+0
4.376536E+3	1.002610E-5	1.257520E+4	0.000000E+0	0.000000E+0
4.379530E+3	1.002520E-5	1.257530E+4	0.000000E+0	0.000000E+0
4.382532E+3	1.002470E-5	1.257530E+4	0.000000E+0	0.000000E+0
4.385534E+3	1.002480E-5	1.257540E+4	0.000000E+0	0.000000E+0
4.388530E+3	1.002450E-5	1.257540E+4	0.000000E+0	0.000000E+0
4.391535E+3	1.002430E-5	1.257540E+4	0.000000E+0	0.000000E+0
4.394534E+3	1.002500E-5	1.257550E+4	0.000000E+0	0.000000E+0
4.397534E+3	1.002380E-5	1.257550E+4	0.000000E+0	0.000000E+0
4.400530E+3	1.002370E-5	1.257550E+4	0.000000E+0	0.000000E+0
4.403537E+3	1.002390E-5	1.257560E+4	0.000000E+0	0.000000E+0
4.406533E+3	1.002350E-5	1.257560E+4	0.000000E+0	0.000000E+0
4.409535E+3	1.002300E-5	1.257560E+4	0.000000E+0	0.000000E+0
4.412535E+3	1.002360E-5	1.257570E+4	0.000000E+0	0.000000E+0
4.415537E+3	1.002290E-5	1.257580E+4	0.000000E+0	0.000000E+0
4.418533E+3	1.002260E-5	1.257580E+4	0.000000E+0	0.000000E+0
4.421535E+3	1.002310E-5	1.257590E+4	0.000000E+0	0.000000E+0
4.424531E+3	1.002280E-5	1.257600E+4	0.000000E+0	0.000000E+0
4.427536E+3	1.002210E-5	1.257600E+4	0.000000E+0	0.000000E+0
4.430535E+3	1.002260E-5	1.257610E+4	0.000000E+0	0.000000E+0
4.433539E+3	1.002230E-5	1.257610E+4	0.000000E+0	0.000000E+0
4.436531E+3	1.002210E-5	1.257610E+4	0.000000E+0	0.000000E+0
4.439536E+3	1.002210E-5	1.257610E+4	0.000000E+0	0.000000E+0
4.442533E+3	1.002230E-5	1.257610E+4	0.000000E+0	0.000000E+0
4.445533E+3	1.002190E-5	1.257610E+4	0.000000E+0	0.000000E+0
4.448533E+3	1.002230E-5	1.257610E+4	0.000000E+0	0.000000E+0
4.451538E+3	1.002170E-5	1.257600E+4	0.000000E+0	0.000000E+0
4.454533E+3	1.002160E-5	1.257600E+4	0.000000E+0	0.000000E+0
4.457533E+3	1.002100E-5	1.257590E+4	0.000000E+0	0.000000E+0
4.460534E+3	1.002080E-5	1.257590E+4	0.000000E+0	0.000000E+0
4.463532E+3	1.002080E-5	1.257590E+4	0.000000E+0	0.000000E+0
4.466531E+3	1.002050E-5	1.257590E+4	0.000000E+0	0.000000E+0
4.469536E+3	1.002060E-5	1.257590E+4	0.000000E+0	0.000000E+0
4.472530E+3	1.002010E-5	1.257580E+4	0.000000E+0	0.000000E+0
4.475531E+3	1.002070E-5	1.257580E+4	0.000000E+0	0.000000E+0
4.478531E+3	1.002020E-5	1.257560E+4	0.000000E+0	0.000000E+0
4.481531E+3	1.002080E-5	1.257550E+4	0.000000E+0	0.000000E+0
4.484528E+3	1.001990E-5	1.257540E+4	0.000000E+0	0.000000E+0
4.487530E+3	1.002000E-5	1.257540E+4	0.000000E+0	0.000000E+0
4.490530E+3	1.001990E-5	1.257540E+4	0.000000E+0	0.000000E+0
4.493530E+3	1.001970E-5	1.257530E+4	0.000000E+0	0.000000E+0
4.496533E+3	1.001940E-5	1.257520E+4	0.000000E+0	0.000000E+0
4.499528E+3	1.001920E-5	1.257510E+4	0.000000E+0	0.000000E+0
4.502526E+3	1.001880E-5	1.257520E+4	0.000000E+0	0.000000E+0
4.505533E+3	1.001910E-5	1.257510E+4	0.000000E+0	0.000000E+0
4.508528E+3	1.001860E-5	1.257500E+4	0.000000E+0	0.000000E+0
4.511532E+3	1.001850E-5	1.257510E+4	0.000000E+0	0.000000E+0
4.514528E+3	1.001830E-5	1.257500E+4	0.000000E+0	0.000000E+0
4.517532E+3	1.001800E-5	1.257500E+4	0.000000E+0	0.000000E+0
4.520531E+3	1.001810E-5	1.257480E+4	0.000000E+0	0.000000E+0
4.523528E+3	1.001820E-5	1.257470E+4	0.000000E+0	0.000000E+0
4.526527E+3	1.001800E-5	1.257470E+4	0.000000E+0	0.000000E+0
4.529526E+3	1.001780E-5	1.257470E+4	0.000000E+0	0.000000E+0
4.532529E+3	1.001790E-5	1.257460E+4	0.000000E+0	0.000000E+0
4.535527E+3	1.001740E-5	1.257460E+4	0.000000E+0	0.000000E+0
4.538527E+3	1.001740E-5	1.257450E+4	0.000000E+0	0.000000E+0
4.541537E+3	1.001700E-5	1.257450E+4	0.000000E+0	0.000000E+0
4.544529E+3	1.001780E-5	1.257450E+4	0.000000E+0	0.000000E+0
4.547533E+3	1.001630E-5	1.257450E+4	0.000000E+0	0.000000E+0
4.550533E+3	1.001680E-5	1.257450E+4	0.000000E+0	0.000000E+0
4.553527E+3	1.001640E-5	1.257450E+4	0.000000E+0	0.000000E+0
4.556529E+3	1.001680E-5	1.257450E+4	0.000000E+0	0.000000E+0
4.559525E+3	1.001630E-5	1.257440E+4	0.000000E+0	0.000000E+0
4.562522E+3	1.001620E-5	1.257440E+4	0.000000E+0	0.000000E+0
4.565516E+3	1.001620E-5	1.257440E+4	0.000000E+0	0.000000E+0
4.568528E+3	1.001640E-5	1.257440E+4	0.000000E+0	0.000000E+0
4.571532E+3	1.001640E-5	1.257450E+4	0.000000E+0	0.000000E+0
4.574537E+3	1.001640E-5	1.257450E+4	0.000000E+0	0.000000E+0
4.577537E+3	1.001570E-5	1.257440E+4	0.000000E+0	0.000000E+0
4.580534E+3	1.001600E-5	1.257450E+4	0.000000E+0	0.000000E+0
4.583535E+3	1.001570E-5	1.257450E+4	0.000000E+0	0.000000E+0
4.586538E+3	1.001520E-5	1.257450E+4	0.000000E+0	0.000000E+0
4.589535E+3	1.001500E-5	1.257450E+4	0.000000E+0	0.000000E+0
4.592533E+3	1.001510E-5	1.257460E+4	0.000000E+0	0.000000E+0
4.595533E+3	1.001480E-5	1.257460E+4	0.000000E+0	0.000000E+0
4.598533E+3	1.001440E-5	1.257470E+4	0.000000E+0	0.000000E+0
4.601535E+3	1.001500E-5	1.257480E+4	0.000000E+0	0.000000E+0
4.604535E+3	1.001430E-5	1.257480E+4	0.000000E+0	0.000000E+0
4.607535E+3	1.001390E-5	1.257490E+4	0.000000E+0	0.000000E+0
4.610535E+3	1.001450E-5	1.257480E+4	0.000000E+0	0.000000E+0
4.613536E+3	1.001400E-5	1.257480E+4	0.000000E+0	0.000000E+0
4.616538E+3	1.001360E-5	1.257480E+4	0.000000E+0	0.000000E+0
4.619538E+3	1.001300E-5	1.257480E+4	0.000000E+0	0.000000E+0
4.622534E+3	1.001310E-5	1.257480E+4	0.000000E+0	0.000000E+0
4.625536E+3	1.001330E-5	1.257480E+4	0.000000E+0	0.000000E+0
4.628530E+3	1.001340E-5	1.257480E+4	0.000000E+0	0.000000E+0
4.631533E+3	1.001240E-5	1.257480E+4	0.000000E+0	0.000000E+0
4.634536E+3	1.001270E-5	1.257480E+4	0.000000E+0	0.000000E+0
4.637533E+3	1.001270E-5	1.257490E+4	0.000000E+0	0.000000E+0
4.640536E+3	1.001250E-5	1.257490E+4	0.000000E+0	0.000000E+0
4.643537E+3	1.001280E-5	1.257490E+4	0.000000E+0	0.000000E+0
4.646534E+3	1.001250E-5	1.257480E+4	0.000000E+0	0.000000E+0
4.649531E+3	1.001250E-5	1.257490E+4	0.000000E+0	0.000000E+0
4.652527E+3	1.001200E-5	1.257490E+4	0.000000E+0	0.000000E+0
4.655524E+3	1.001190E-5	1.257480E+4	0.000000E+0	0.000000E+0
4.658520E+3	1.001210E-5	1.257500E+4	0.000000E+0	0.000000E+0
4.661522E+3	1.001190E-5	1.257490E+4	0.000000E+0	0.000000E+0
4.664517E+3	1.001100E-5	1.257490E+4	0.000000E+0	0.000000E+0
4.667525E+3	1.001120E-5	1.257490E+4	0.000000E+0	0.000000E+0
4.670525E+3	1.001150E-5	1.257480E+4	0.000000E+0	0.000000E+0
4.673530E+3	1.001130E-5	1.257480E+4	0.000000E+0	0.000000E+0
4.676530E+3	1.001130E-5	1.257480E+4	0.000000E+0	0.000000E+0
4.679532E+3	1.001170E-5	1.257470E+4	0.000000E+0	0.000000E+0
4.682530E+3	1.001110E-5	1.257470E+4	0.000000E+0	0.000000E+0
4.685530E+3	1.001110E-5	1.257480E+4	0.000000E+0	0.000000E+0
4.688533E+3	1.001050E-5	1.257480E+4	0.000000E+0	0.000000E+0
4.691533E+3	1.001000E-5	1.257480E+4	0.000000E+0	0.000000E+0
4.694533E+3	1.001030E-5	1.257480E+4	0.000000E+0	0.000000E+0
4.697536E+3	1.001050E-5	1.257470E+4	0.000000E+0	0.000000E+0
4.700536E+3	1.001000E-5	1.257480E+4	0.000000E+0	0.000000E+0
4.703536E+3	1.000950E-5	1.257470E+4	0.000000E+0	0.000000E+0
4.706535E+3	1.000960E-5	1.257470E+4	0.000000E+0	0.000000E+0
4.709535E+3	1.000900E-5	1.257470E+4	0.000000E+0	0.000000E+0
4.712534E+3	1.000920E-5	1.257470E+4	0.000000E+0	0.000000E+0
4.715531E+3	1.000910E-5	1.257470E+4	0.000000E+0	0.000000E+0
4.718534E+3	1.000930E-5	1.257470E+4	0.000000E+0	0.000000E+0
4.721534E+3	1.000870E-5	1.257470E+4	0.000000E+0	0.000000E+0
4.724534E+3	1.000870E-5	1.257470E+4	0.000000E+0	0.000000E+0
4.727536E+3	1.000860E-5	1.257470E+4	0.000000E+0	0.000000E+0
4.730533E+3	1.000880E-5	1.257470E+4	0.000000E+0	0.000000E+0
4.733533E+3	1.000790E-5	1.257470E+4	0.000000E+0	0.000000E+0
4.736531E+3	1.000750E-5	1.257470E+4	0.000000E+0	0.000000E+0
4.739529E+3	1.000770E-5	1.257470E+4	0.000000E+0	0.000000E+0
4.742527E+3	1.000730E-5	1.257460E+4	0.000000E+0	0.000000E+0
4.745522E+3	1.000780E-5	1.257470E+4	0.000000E+0	0.000000E+0
4.748519E+3	1.000710E-5	1.257470E+4	0.000000E+0	0.000000E+0
4.751531E+3	1.000710E-5	1.257480E+4	0.000000E+0	0.000000E+0
4.754537E+3	1.000720E-5	1.257480E+4	0.000000E+0	0.000000E+0
4.757531E+3	1.000650E-5	1.257480E+4	0.000000E+0	0.000000E+0
4.760530E+3	1.000650E-5	1.257480E+4	0.000000E+0	0.000000E+0
4.763535E+3	1.000600E-5	1.257490E+4	0.000000E+0	0.000000E+0
4.766530E+3	1.000620E-5	1.257490E+4	0.000000E+0	0.000000E+0
4.769530E+3	1.000600E-5	1.257490E+4	0.000000E+0	0.000000E+0
4.772535E+3	1.000580E-5	1.257490E+4	0.000000E+0	0.000000E+0
4.775533E+3	1.000590E-5	1.257490E+4	0.000000E+0	0.000000E+0
4.778532E+3	1.000530E-5	1.257490E+4	0.000000E+0	0.000000E+0
4.781532E+3	1.000530E-5	1.257490E+4	0.000000E+0	0.000000E+0
4.784533E+3	1.000590E-5	1.257490E+4	0.000000E+0	0.000000E+0
4.787535E+3	1.000550E-5	1.257490E+4	0.000000E+0	0.000000E+0
4.790533E+3	1.000540E-5	1.257480E+4	0.000000E+0	0.000000E+0
4.793538E+3	1.000520E-5	1.257490E+4	0.000000E+0	0.000000E+0
4.796533E+3	1.000510E-5	1.257480E+4	0.000000E+0	0.000000E+0
4.799530E+3	1.000510E-5	1.257480E+4	0.000000E+0	0.000000E+0
4.802529E+3	1.000460E-5	1.257480E+4	0.000000E+0	0.000000E+0
4.805533E+3	1.000490E-5	1.257480E+4	0.000000E+0	0.000000E+0
4.808533E+3	1.000450E-5	1.257490E+4	0.000000E+0	0.000000E+0
4.811534E+3	1.000440E-5	1.257490E+4	0.000000E+0	0.000000E+0
4.814533E+3	1.000380E-5	1.257480E+4	0.000000E+0	0.000000E+0
4.817533E+3	1.000390E-5	1.257490E+4	0.000000E+0	0.000000E+0
4.820534E+3	1.000350E-5	1.257490E+4	0.000000E+0	0.000000E+0
4.823534E+3	1.000360E-5	1.257490E+4	0.000000E+0	0.000000E+0
4.826532E+3	1.000340E-5	1.257490E+4	0.000000E+0	0.000000E+0
4.829534E+3	1.000350E-5	1.257490E+4	0.000000E+0	0.000000E+0
4.832534E+3	1.000360E-5	1.257500E+4	0.000000E+0	0.000000E+0
4.835537E+3	1.000320E-5	1.257500E+4	0.000000E+0	0.000000E+0
4.838534E+3	1.000250E-5	1.257500E+4	0.000000E+0	0.000000E+0
4.841534E+3	1.000300E-5	1.257500E+4	0.000000E+0	0.000000E+0
4.844534E+3	1.000260E-5	1.257490E+4	0.000000E+0	0.000000E+0
4.847530E+3	1.000210E-5	1.257490E+4	0.000000E+0	0.000000E+0
4.850532E+3	1.000230E-5	1.257480E+4	0.000000E+0	0.000000E+0
4.853538E+3	1.000230E-5	1.257480E+4	0.000000E+0	0.000000E+0
4.856532E+3	1.000200E-5	1.257480E+4	0.000000E+0	0.000000E+0
4.859532E+3	1.000180E-5	1.257490E+4	0.000000E+0	0.000000E+0
4.862530E+3	1.000150E-5	1.257490E+4	0.000000E+0	0.000000E+0
4.865530E+3	1.000100E-5	1.257500E+4	0.000000E+0	0.000000E+0
4.868533E+3	1.000140E-5	1.257490E+4	0.000000E+0	0.000000E+0
4.871535E+3	1.000130E-5	1.257500E+4	0.000000E+0	0.000000E+0
4.874535E+3	1.000100E-5	1.257500E+4	0.000000E+0	0.000000E+0
4.877533E+3	1.000100E-5	1.257510E+4	0.000000E+0	0.000000E+0
4.880530E+3	1.000030E-5	1.257510E+4	0.000000E+0	0.000000E+0
4.883530E+3	1.000090E-5	1.257510E+4	0.000000E+0	0.000000E+0
4.886526E+3	1.000040E-5	1.257510E+4	0.000000E+0	0.000000E+0
4.889525E+3	1.000110E-5	1.257510E+4	0.000000E+0	0.000000E+0
4.892518E+3	1.000040E-5	1.257510E+4	0.000000E+0	0.000000E+0
4.895528E+3	9.999800E-6	1.257510E+4	0.000000E+0	0.000000E+0
4.898544E+3	1.000010E-5	1.257510E+4	0.000000E+0	0.000000E+0
4.901536E+3	1.000000E-5	1.257500E+4	0.000000E+0	0.000000E+0
4.904534E+3	9.999800E-6	1.257490E+4	0.000000E+0	0.000000E+0
4.907536E+3	9.999600E-6	1.257500E+4	0.000000E+0	0.000000E+0
4.910530E+3	9.999200E-6	1.257500E+4	0.000000E+0	0.000000E+0
4.913533E+3	9.999400E-6	1.257490E+4	0.000000E+0	0.000000E+0
4.916537E+3	9.999500E-6	1.257500E+4	0.000000E+0	0.000000E+0
4.919534E+3	9.999200E-6	1.257500E+4	0.000000E+0	0.000000E+0
4.922537E+3	9.998400E-6	1.257500E+4	0.000000E+0	0.000000E+0
4.925534E+3	9.998900E-6	1.257500E+4	0.000000E+0	0.000000E+0
4.928534E+3	9.998400E-6	1.257510E+4	0.000000E+0	0.000000E+0
4.931539E+3	9.998400E-6	1.257510E+4	0.000000E+0	0.000000E+0
4.934535E+3	9.998600E-6	1.257510E+4	0.000000E+0	0.000000E+0
4.937535E+3	9.998600E-6	1.257520E+4	0.000000E+0	0.000000E+0
4.940535E+3	9.997700E-6	1.257510E+4	0.000000E+0	0.000000E+0
4.943534E+3	9.997600E-6	1.257520E+4	0.000000E+0	0.000000E+0
4.946532E+3	9.997500E-6	1.257510E+4	0.000000E+0	0.000000E+0
4.949534E+3	9.998300E-6	1.257530E+4	0.000000E+0	0.000000E+0
4.952535E+3	9.997200E-6	1.257520E+4	0.000000E+0	0.000000E+0
4.955538E+3	9.997100E-6	1.257520E+4	0.000000E+0	0.000000E+0
4.958537E+3	9.997500E-6	1.257530E+4	0.000000E+0	0.000000E+0
4.961532E+3	9.997100E-6	1.257540E+4	0.000000E+0	0.000000E+0
4.964533E+3	9.997300E-6	1.257540E+4	0.000000E+0	0.000000E+0
4.967535E+3	9.996700E-6	1.257530E+4	0.000000E+0	0.000000E+0
4.970533E+3	9.996800E-6	1.257530E+4	0.000000E+0	0.000000E+0
4.973536E+3	9.996600E-6	1.257530E+4	0.000000E+0	0.000000E+0
4.976530E+3	9.996400E-6	1.257530E+4	0.000000E+0	0.000000E+0
4.979530E+3	9.996000E-6	1.257540E+4	0.000000E+0	0.000000E+0
4.982533E+3	9.996100E-6	1.257530E+4	0.000000E+0	0.000000E+0
4.985533E+3	9.995800E-6	1.257530E+4	0.000000E+0	0.000000E+0
4.988531E+3	9.995600E-6	1.257530E+4	0.000000E+0	0.000000E+0
4.991539E+3	9.995700E-6	1.257520E+4	0.000000E+0	0.000000E+0
4.994546E+3	9.995500E-6	1.257520E+4	0.000000E+0	0.000000E+0
4.997531E+3	9.994800E-6	1.257540E+4	0.000000E+0	0.000000E+0
5.000539E+3	9.994600E-6	1.257540E+4	0.000000E+0	0.000000E+0
5.003534E+3	9.995100E-6	1.257530E+4	0.000000E+0	0.000000E+0
5.006541E+3	9.995000E-6	1.257530E+4	0.000000E+0	0.000000E+0
5.009536E+3	9.994600E-6	1.257540E+4	0.000000E+0	0.000000E+0
5.012543E+3	9.994300E-6	1.257540E+4	0.000000E+0	0.000000E+0
5.015531E+3	9.994700E-6	1.257550E+4	0.000000E+0	0.000000E+0
5.018537E+3	9.994300E-6	1.257540E+4	0.000000E+0	0.000000E+0
5.021532E+3	9.994100E-6	1.257540E+4	0.000000E+0	0.000000E+0
5.024532E+3	9.993100E-6	1.257540E+4	0.000000E+0	0.000000E+0
5.027539E+3	9.993900E-6	1.257540E+4	0.000000E+0	0.000000E+0
5.030537E+3	9.993600E-6	1.257540E+4	0.000000E+0	0.000000E+0
5.033539E+3	9.993800E-6	1.257530E+4	0.000000E+0	0.000000E+0
5.036532E+3	9.993000E-6	1.257550E+4	0.000000E+0	0.000000E+0
5.039534E+3	9.993900E-6	1.257540E+4	0.000000E+0	0.000000E+0
5.042532E+3	9.993400E-6	1.257530E+4	0.000000E+0	0.000000E+0
5.045530E+3	9.993400E-6	1.257540E+4	0.000000E+0	0.000000E+0
5.048528E+3	9.993000E-6	1.257530E+4	0.000000E+0	0.000000E+0
5.051523E+3	9.992600E-6	1.257530E+4	0.000000E+0	0.000000E+0
5.054520E+3	9.992300E-6	1.257530E+4	0.000000E+0	0.000000E+0
5.057530E+3	9.992400E-6	1.257550E+4	0.000000E+0	0.000000E+0
5.060533E+3	9.992000E-6	1.257550E+4	0.000000E+0	0.000000E+0
5.063538E+3	9.992300E-6	1.257560E+4	0.000000E+0	0.000000E+0
5.066538E+3	9.992300E-6	1.257570E+4	0.000000E+0	0.000000E+0
5.069536E+3	9.991700E-6	1.257570E+4	0.000000E+0	0.000000E+0
5.072535E+3	9.991700E-6	1.257570E+4	0.000000E+0	0.000000E+0
5.075536E+3	9.992000E-6	1.257570E+4	0.000000E+0	0.000000E+0
5.078536E+3	9.991900E-6	1.257570E+4	0.000000E+0	0.000000E+0
5.081541E+3	9.991700E-6	1.257580E+4	0.000000E+0	0.000000E+0
5.084534E+3	9.991800E-6	1.257580E+4	0.000000E+0	0.000000E+0
5.087539E+3	9.991300E-6	1.257580E+4	0.000000E+0	0.000000E+0
5.090539E+3	9.990800E-6	1.257570E+4	0.000000E+0	0.000000E+0
5.093534E+3	9.990900E-6	1.257580E+4	0.000000E+0	0.000000E+0
5.096541E+3	9.991000E-6	1.257580E+4	0.000000E+0	0.000000E+0
5.099530E+3	9.990300E-6	1.257570E+4	0.000000E+0	0.000000E+0
5.102529E+3	9.990700E-6	1.257570E+4	0.000000E+0	0.000000E+0
5.105533E+3	9.990600E-6	1.257570E+4	0.000000E+0	0.000000E+0
5.108536E+3	9.989800E-6	1.257580E+4	0.000000E+0	0.000000E+0
5.111547E+3	9.989800E-6	1.257590E+4	0.000000E+0	0.000000E+0
5.114536E+3	9.989900E-6	1.257590E+4	0.000000E+0	0.000000E+0
5.117536E+3	9.988900E-6	1.257600E+4	0.000000E+0	0.000000E+0
5.120542E+3	9.989700E-6	1.257590E+4	0.000000E+0	0.000000E+0
5.123534E+3	9.989000E-6	1.257590E+4	0.000000E+0	0.000000E+0
5.126543E+3	9.988700E-6	1.257590E+4	0.000000E+0	0.000000E+0
5.129544E+3	9.988600E-6	1.257590E+4	0.000000E+0	0.000000E+0
5.132534E+3	9.988600E-6	1.257590E+4	0.000000E+0	0.000000E+0
5.135534E+3	9.988800E-6	1.257580E+4	0.000000E+0	0.000000E+0
5.138540E+3	9.988100E-6	1.257580E+4	0.000000E+0	0.000000E+0
5.141533E+3	9.988700E-6	1.257590E+4	0.000000E+0	0.000000E+0
5.144537E+3	9.988500E-6	1.257590E+4	0.000000E+0	0.000000E+0
5.147533E+3	9.988700E-6	1.257580E+4	0.000000E+0	0.000000E+0
5.150533E+3	9.988300E-6	1.257590E+4	0.000000E+0	0.000000E+0
5.153541E+3	9.987900E-6	1.257590E+4	0.000000E+0	0.000000E+0
5.156536E+3	9.988100E-6	1.257590E+4	0.000000E+0	0.000000E+0
5.159544E+3	9.987500E-6	1.257590E+4	0.000000E+0	0.000000E+0
5.162533E+3	9.987800E-6	1.257610E+4	0.000000E+0	0.000000E+0
5.165535E+3	9.987500E-6	1.257600E+4	0.000000E+0	0.000000E+0
5.168541E+3	9.987100E-6	1.257610E+4	0.000000E+0	0.000000E+0
5.171535E+3	9.987100E-6	1.257620E+4	0.000000E+0	0.000000E+0
5.174531E+3	9.986500E-6	1.257600E+4	0.000000E+0	0.000000E+0
5.177539E+3	9.987200E-6	1.257600E+4	0.000000E+0	0.000000E+0
5.180530E+3	9.986700E-6	1.257610E+4	0.000000E+0	0.000000E+0
5.183531E+3	9.986800E-6	1.257610E+4	0.000000E+0	0.000000E+0
5.186538E+3	9.986800E-6	1.257610E+4	0.000000E+0	0.000000E+0
5.189531E+3	9.986600E-6	1.257620E+4	0.000000E+0	0.000000E+0
5.192530E+3	9.986200E-6	1.257630E+4	0.000000E+0	0.000000E+0
5.195534E+3	9.985300E-6	1.257630E+4	0.000000E+0	0.000000E+0
5.198539E+3	9.985200E-6	1.257630E+4	0.000000E+0	0.000000E+0
5.201541E+3	9.985200E-6	1.257630E+4	0.000000E+0	0.000000E+0
5.204532E+3	9.985900E-6	1.257640E+4	0.000000E+0	0.000000E+0
5.207540E+3	9.985300E-6	1.257630E+4	0.000000E+0	0.000000E+0
5.210532E+3	9.984800E-6	1.257630E+4	0.000000E+0	0.000000E+0
5.213532E+3	9.984600E-6	1.257620E+4	0.000000E+0	0.000000E+0
5.216530E+3	9.985400E-6	1.257630E+4	0.000000E+0	0.000000E+0
5.219532E+3	9.985000E-6	1.257640E+4	0.000000E+0	0.000000E+0
5.222535E+3	9.984400E-6	1.257650E+4	0.000000E+0	0.000000E+0
5.225535E+3	9.984600E-6	1.257640E+4	0.000000E+0	0.000000E+0
5.228540E+3	9.984300E-6	1.257650E+4	0.000000E+0	0.000000E+0
5.231530E+3	9.984400E-6	1.257650E+4	0.000000E+0	0.000000E+0
5.234533E+3	9.984400E-6	1.257660E+4	0.000000E+0	0.000000E+0
5.237540E+3	9.983700E-6	1.257670E+4	0.000000E+0	0.000000E+0
5.240535E+3	9.983600E-6	1.257670E+4	0.000000E+0	0.000000E+0
5.243537E+3	9.983500E-6	1.257670E+4	0.000000E+0	0.000000E+0
5.246535E+3	9.983500E-6	1.257680E+4	0.000000E+0	0.000000E+0
5.249533E+3	9.983500E-6	1.257680E+4	0.000000E+0	0.000000E+0
5.252532E+3	9.983600E-6	1.257690E+4	0.000000E+0	0.000000E+0
5.255541E+3	9.983400E-6	1.257680E+4	0.000000E+0	0.000000E+0
5.258533E+3	9.983300E-6	1.257670E+4	0.000000E+0	0.000000E+0
5.261530E+3	9.982700E-6	1.257650E+4	0.000000E+0	0.000000E+0
5.264529E+3	9.982500E-6	1.257640E+4	0.000000E+0	0.000000E+0
5.267529E+3	9.982200E-6	1.257640E+4	0.000000E+0	0.000000E+0
5.270524E+3	9.982400E-6	1.257620E+4	0.000000E+0	0.000000E+0
5.273523E+3	9.982200E-6	1.257610E+4	0.000000E+0	0.000000E+0
5.276522E+3	9.981700E-6	1.257590E+4	0.000000E+0	0.000000E+0
5.279524E+3	9.981700E-6	1.257590E+4	0.000000E+0	0.000000E+0
5.282522E+3	9.982000E-6	1.257580E+4	0.000000E+0	0.000000E+0
5.285522E+3	9.981800E-6	1.257580E+4	0.000000E+0	0.000000E+0
5.288519E+3	9.981700E-6	1.257590E+4	0.000000E+0	0.000000E+0
5.291527E+3	9.981300E-6	1.257600E+4	0.000000E+0	0.000000E+0
5.294532E+3	9.981100E-6	1.257600E+4	0.000000E+0	0.000000E+0
5.297533E+3	9.981400E-6	1.257610E+4	0.000000E+0	0.000000E+0
5.300532E+3	9.980600E-6	1.257620E+4	0.000000E+0	0.000000E+0
5.303534E+3	9.980500E-6	1.257620E+4	0.000000E+0	0.000000E+0
5.306535E+3	9.980500E-6	1.257630E+4	0.000000E+0	0.000000E+0
5.309531E+3	9.980500E-6	1.257640E+4	0.000000E+0	0.000000E+0
5.312534E+3	9.980700E-6	1.257640E+4	0.000000E+0	0.000000E+0
5.315532E+3	9.980800E-6	1.257640E+4	0.000000E+0	0.000000E+0
5.318532E+3	9.980700E-6	1.257630E+4	0.000000E+0	0.000000E+0
5.321528E+3	9.980800E-6	1.257630E+4	0.000000E+0	0.000000E+0
5.324525E+3	9.980200E-6	1.257640E+4	0.000000E+0	0.000000E+0
5.327527E+3	9.980300E-6	1.257630E+4	0.000000E+0	0.000000E+0
5.330522E+3	9.979700E-6	1.257620E+4	0.000000E+0	0.000000E+0
5.333527E+3	9.979700E-6	1.257630E+4	0.000000E+0	0.000000E+0
5.336532E+3	9.979400E-6	1.257630E+4	0.000000E+0	0.000000E+0
5.339538E+3	9.979100E-6	1.257630E+4	0.000000E+0	0.000000E+0
5.342532E+3	9.979200E-6	1.257630E+4	0.000000E+0	0.000000E+0
5.345533E+3	9.979000E-6	1.257640E+4	0.000000E+0	0.000000E+0
5.348539E+3	9.979000E-6	1.257650E+4	0.000000E+0	0.000000E+0
5.351533E+3	9.979100E-6	1.257660E+4	0.000000E+0	0.000000E+0
5.354538E+3	9.979000E-6	1.257660E+4	0.000000E+0	0.000000E+0
5.357535E+3	9.978800E-6	1.257670E+4	0.000000E+0	0.000000E+0
5.360546E+3	9.979000E-6	1.257670E+4	0.000000E+0	0.000000E+0
5.363536E+3	9.979000E-6	1.257670E+4	0.000000E+0	0.000000E+0
5.366536E+3	9.978100E-6	1.257680E+4	0.000000E+0	0.000000E+0
5.369538E+3	9.978400E-6	1.257680E+4	0.000000E+0	0.000000E+0
5.372538E+3	9.978000E-6	1.257670E+4	0.000000E+0	0.000000E+0
5.375536E+3	9.977100E-6	1.257680E+4	0.000000E+0	0.000000E+0
5.378533E+3	9.977000E-6	1.257690E+4	0.000000E+0	0.000000E+0
5.381537E+3	9.977100E-6	1.257690E+4	0.000000E+0	0.000000E+0
5.384534E+3	9.977000E-6	1.257690E+4	0.000000E+0	0.000000E+0
5.387541E+3	9.976900E-6	1.257700E+4	0.000000E+0	0.000000E+0
5.390532E+3	9.976900E-6	1.257720E+4	0.000000E+0	0.000000E+0
5.393532E+3	9.976800E-6	1.257710E+4	0.000000E+0	0.000000E+0
5.396534E+3	9.976400E-6	1.257740E+4	0.000000E+0	0.000000E+0
5.399535E+3	9.976500E-6	1.257720E+4	0.000000E+0	0.000000E+0
5.402534E+3	9.977000E-6	1.257710E+4	0.000000E+0	0.000000E+0
5.405532E+3	9.976400E-6	1.257710E+4	0.000000E+0	0.000000E+0
5.408528E+3	9.975700E-6	1.257690E+4	0.000000E+0	0.000000E+0
5.411532E+3	9.975800E-6	1.257680E+4	0.000000E+0	0.000000E+0
5.414537E+3	9.976100E-6	1.257680E+4	0.000000E+0	0.000000E+0
5.417535E+3	9.976000E-6	1.257690E+4	0.000000E+0	0.000000E+0
5.420534E+3	9.975200E-6	1.257700E+4	0.000000E+0	0.000000E+0
5.423535E+3	9.975300E-6	1.257720E+4	0.000000E+0	0.000000E+0
5.426533E+3	9.975300E-6	1.257750E+4	0.000000E+0	0.000000E+0
5.429533E+3	9.975400E-6	1.257770E+4	0.000000E+0	0.000000E+0
5.432535E+3	9.975400E-6	1.257780E+4	0.000000E+0	0.000000E+0
5.435538E+3	9.975500E-6	1.257790E+4	0.000000E+0	0.000000E+0
5.438532E+3	9.974600E-6	1.257800E+4	0.000000E+0	0.000000E+0
5.441532E+3	9.974300E-6	1.257790E+4	0.000000E+0	0.000000E+0
5.444533E+3	9.974100E-6	1.257800E+4	0.000000E+0	0.000000E+0
5.447532E+3	9.974700E-6	1.257810E+4	0.000000E+0	0.000000E+0
5.450531E+3	9.974200E-6	1.257800E+4	0.000000E+0	0.000000E+0
5.453533E+3	9.974100E-6	1.257810E+4	0.000000E+0	0.000000E+0
5.456538E+3	9.973900E-6	1.257810E+4	0.000000E+0	0.000000E+0
5.459533E+3	9.973800E-6	1.257800E+4	0.000000E+0	0.000000E+0
5.462534E+3	9.973300E-6	1.257820E+4	0.000000E+0	0.000000E+0
5.465533E+3	9.973600E-6	1.257810E+4	0.000000E+0	0.000000E+0
5.468530E+3	9.973400E-6	1.257820E+4	0.000000E+0	0.000000E+0
5.471529E+3	9.973000E-6	1.257810E+4	0.000000E+0	0.000000E+0
5.474526E+3	9.973100E-6	1.257820E+4	0.000000E+0	0.000000E+0
5.477522E+3	9.972600E-6	1.257810E+4	0.000000E+0	0.000000E+0
5.480519E+3	9.972600E-6	1.257820E+4	0.000000E+0	0.000000E+0
5.483531E+3	9.972800E-6	1.257810E+4	0.000000E+0	0.000000E+0
5.486532E+3	9.972900E-6	1.257820E+4	0.000000E+0	0.000000E+0
5.489530E+3	9.972700E-6	1.257820E+4	0.000000E+0	0.000000E+0
5.492532E+3	9.972600E-6	1.257810E+4	0.000000E+0	0.000000E+0
5.495532E+3	9.972600E-6	1.257810E+4	0.000000E+0	0.000000E+0
5.498535E+3	9.971800E-6	1.257820E+4	0.000000E+0	0.000000E+0
5.501534E+3	9.971600E-6	1.257810E+4	0.000000E+0	0.000000E+0
5.504538E+3	9.971600E-6	1.257800E+4	0.000000E+0	0.000000E+0
5.507534E+3	9.971500E-6	1.257800E+4	0.000000E+0	0.000000E+0
5.510532E+3	9.971400E-6	1.257810E+4	0.000000E+0	0.000000E+0
5.513530E+3	9.970800E-6	1.257810E+4	0.000000E+0	0.000000E+0
5.516533E+3	9.971000E-6	1.257810E+4	0.000000E+0	0.000000E+0
5.519534E+3	9.971300E-6	1.257820E+4	0.000000E+0	0.000000E+0
5.522530E+3	9.970900E-6	1.257820E+4	0.000000E+0	0.000000E+0
5.525530E+3	9.970900E-6	1.257830E+4	0.000000E+0	0.000000E+0
5.528530E+3	9.970700E-6	1.257830E+4	0.000000E+0	0.000000E+0
5.531530E+3	9.970600E-6	1.257830E+4	0.000000E+0	0.000000E+0
5.534532E+3	9.970200E-6	1.257830E+4	0.000000E+0	0.000000E+0
5.537532E+3	9.970900E-6	1.257840E+4	0.000000E+0	0.000000E+0
5.540529E+3	9.970300E-6	1.257840E+4	0.000000E+0	0.000000E+0
5.543530E+3	9.970100E-6	1.257830E+4	0.000000E+0	0.000000E+0
5.546529E+3	9.970300E-6	1.257820E+4	0.000000E+0	0.000000E+0
5.549530E+3	9.970000E-6	1.257810E+4	0.000000E+0	0.000000E+0
5.552534E+3	9.969600E-6	1.257800E+4	0.000000E+0	0.000000E+0
5.555531E+3	9.969400E-6	1.257800E+4	0.000000E+0	0.000000E+0
5.558530E+3	9.969000E-6	1.257800E+4	0.000000E+0	0.000000E+0
5.561530E+3	9.969200E-6	1.257780E+4	0.000000E+0	0.000000E+0
5.564531E+3	9.969700E-6	1.257800E+4	0.000000E+0	0.000000E+0
5.567534E+3	9.969300E-6	1.257800E+4	0.000000E+0	0.000000E+0
5.570531E+3	9.968900E-6	1.257790E+4	0.000000E+0	0.000000E+0
5.573531E+3	9.969500E-6	1.257800E+4	0.000000E+0	0.000000E+0
5.576531E+3	9.968700E-6	1.257800E+4	0.000000E+0	0.000000E+0
5.579530E+3	9.968700E-6	1.257800E+4	0.000000E+0	0.000000E+0
5.582540E+3	9.969000E-6	1.257800E+4	0.000000E+0	0.000000E+0
5.585544E+3	9.968700E-6	1.257790E+4	0.000000E+0	0.000000E+0
5.588544E+3	9.968200E-6	1.257780E+4	0.000000E+0	0.000000E+0
5.591544E+3	9.968000E-6	1.257770E+4	0.000000E+0	0.000000E+0
5.594534E+3	9.968200E-6	1.257760E+4	0.000000E+0	0.000000E+0
5.597535E+3	9.967700E-6	1.257750E+4	0.000000E+0	0.000000E+0
5.600535E+3	9.967600E-6	1.257740E+4	0.000000E+0	0.000000E+0
5.603534E+3	9.967900E-6	1.257750E+4	0.000000E+0	0.000000E+0
5.606535E+3	9.967600E-6	1.257760E+4	0.000000E+0	0.000000E+0
5.609536E+3	9.967200E-6	1.257750E+4	0.000000E+0	0.000000E+0
5.612548E+3	9.967200E-6	1.257760E+4	0.000000E+0	0.000000E+0
5.615532E+3	9.967200E-6	1.257770E+4	0.000000E+0	0.000000E+0
5.618532E+3	9.967300E-6	1.257760E+4	0.000000E+0	0.000000E+0
5.621533E+3	9.967600E-6	1.257780E+4	0.000000E+0	0.000000E+0
5.624535E+3	9.967100E-6	1.257780E+4	0.000000E+0	0.000000E+0
5.627545E+3	9.966600E-6	1.257800E+4	0.000000E+0	0.000000E+0
5.630533E+3	9.966700E-6	1.257800E+4	0.000000E+0	0.000000E+0
5.633533E+3	9.966200E-6	1.257810E+4	0.000000E+0	0.000000E+0
5.636530E+3	9.966200E-6	1.257820E+4	0.000000E+0	0.000000E+0
5.639531E+3	9.966000E-6	1.257830E+4	0.000000E+0	0.000000E+0
5.642530E+3	9.965000E-6	1.257830E+4	0.000000E+0	0.000000E+0
5.645531E+3	9.966400E-6	1.257830E+4	0.000000E+0	0.000000E+0
5.648530E+3	9.965800E-6	1.257830E+4	0.000000E+0	0.000000E+0
5.651530E+3	9.965100E-6	1.257840E+4	0.000000E+0	0.000000E+0
5.654533E+3	9.965300E-6	1.257830E+4	0.000000E+0	0.000000E+0
5.657533E+3	9.964300E-6	1.257830E+4	0.000000E+0	0.000000E+0
5.660539E+3	9.965000E-6	1.257820E+4	0.000000E+0	0.000000E+0
5.663533E+3	9.964700E-6	1.257810E+4	0.000000E+0	0.000000E+0
5.666541E+3	9.964600E-6	1.257810E+4	0.000000E+0	0.000000E+0
5.669531E+3	9.964100E-6	1.257810E+4	0.000000E+0	0.000000E+0
5.672531E+3	9.964000E-6	1.257820E+4	0.000000E+0	0.000000E+0
5.675531E+3	9.964200E-6	1.257820E+4	0.000000E+0	0.000000E+0
5.678531E+3	9.963700E-6	1.257840E+4	0.000000E+0	0.000000E+0
5.681531E+3	9.963800E-6	1.257850E+4	0.000000E+0	0.000000E+0
5.684531E+3	9.963500E-6	1.257850E+4	0.000000E+0	0.000000E+0
5.687531E+3	9.963700E-6	1.257870E+4	0.000000E+0	0.000000E+0
5.690530E+3	9.964300E-6	1.257860E+4	0.000000E+0	0.000000E+0
5.693532E+3	9.964200E-6	1.257860E+4	0.000000E+0	0.000000E+0
5.696532E+3	9.962700E-6	1.257870E+4	0.000000E+0	0.000000E+0
5.699530E+3	9.962700E-6	1.257860E+4	0.000000E+0	0.000000E+0
5.702541E+3	9.962500E-6	1.257870E+4	0.000000E+0	0.000000E+0
5.705531E+3	9.962500E-6	1.257870E+4	0.000000E+0	0.000000E+0
5.708536E+3	9.962500E-6	1.257880E+4	0.000000E+0	0.000000E+0
5.711548E+3	9.962700E-6	1.257880E+4	0.000000E+0	0.000000E+0
5.714533E+3	9.962700E-6	1.257880E+4	0.000000E+0	0.000000E+0
5.717528E+3	9.961900E-6	1.257880E+4	0.000000E+0	0.000000E+0
5.720526E+3	9.962400E-6	1.257890E+4	0.000000E+0	0.000000E+0
5.723526E+3	9.962400E-6	1.257890E+4	0.000000E+0	0.000000E+0
5.726526E+3	9.961800E-6	1.257890E+4	0.000000E+0	0.000000E+0
5.729541E+3	9.961600E-6	1.257910E+4	0.000000E+0	0.000000E+0
5.732533E+3	9.961800E-6	1.257910E+4	0.000000E+0	0.000000E+0
5.735533E+3	9.961800E-6	1.257920E+4	0.000000E+0	0.000000E+0
5.738531E+3	9.961800E-6	1.257920E+4	0.000000E+0	0.000000E+0
5.741543E+3	9.962300E-6	1.257930E+4	0.000000E+0	0.000000E+0
5.744537E+3	9.961500E-6	1.257930E+4	0.000000E+0	0.000000E+0
5.747543E+3	9.960700E-6	1.257910E+4	0.000000E+0	0.000000E+0
5.750541E+3	9.960900E-6	1.257910E+4	0.000000E+0	0.000000E+0
5.753531E+3	9.960300E-6	1.257900E+4	0.000000E+0	0.000000E+0
5.756534E+3	9.960700E-6	1.257890E+4	0.000000E+0	0.000000E+0
5.759537E+3	9.960400E-6	1.257880E+4	0.000000E+0	0.000000E+0
5.762542E+3	9.961000E-6	1.257860E+4	0.000000E+0	0.000000E+0
5.765537E+3	9.961000E-6	1.257850E+4	0.000000E+0	0.000000E+0
5.768542E+3	9.961000E-6	1.257850E+4	0.000000E+0	0.000000E+0
5.771532E+3	9.960000E-6	1.257850E+4	0.000000E+0	0.000000E+0
5.774532E+3	9.960200E-6	1.257860E+4	0.000000E+0	0.000000E+0
5.777531E+3	9.960100E-6	1.257860E+4	0.000000E+0	0.000000E+0
5.780530E+3	9.960300E-6	1.257860E+4	0.000000E+0	0.000000E+0
5.783531E+3	9.959600E-6	1.257870E+4	0.000000E+0	0.000000E+0
5.786535E+3	9.959500E-6	1.257890E+4	0.000000E+0	0.000000E+0
5.789537E+3	9.959300E-6	1.257890E+4	0.000000E+0	0.000000E+0
5.792533E+3	9.959400E-6	1.257900E+4	0.000000E+0	0.000000E+0
5.795534E+3	9.958700E-6	1.257890E+4	0.000000E+0	0.000000E+0
5.798535E+3	9.958800E-6	1.257900E+4	0.000000E+0	0.000000E+0
5.801535E+3	9.959100E-6	1.257910E+4	0.000000E+0	0.000000E+0
5.804536E+3	9.958500E-6	1.257920E+4	0.000000E+0	0.000000E+0
5.807541E+3	9.958600E-6	1.257920E+4	0.000000E+0	0.000000E+0
5.810543E+3	9.958200E-6	1.257930E+4	0.000000E+0	0.000000E+0
5.813530E+3	9.958500E-6	1.257940E+4	0.000000E+0	0.000000E+0
5.816544E+3	9.958500E-6	1.257940E+4	0.000000E+0	0.000000E+0
5.819538E+3	9.958600E-6	1.257950E+4	0.000000E+0	0.000000E+0
5.822533E+3	9.957600E-6	1.257960E+4	0.000000E+0	0.000000E+0
5.825533E+3	9.958100E-6	1.257950E+4	0.000000E+0	0.000000E+0
5.828530E+3	9.957800E-6	1.257950E+4	0.000000E+0	0.000000E+0
5.831533E+3	9.957400E-6	1.257960E+4	0.000000E+0	0.000000E+0
5.834530E+3	9.957500E-6	1.257970E+4	0.000000E+0	0.000000E+0
5.837531E+3	9.957300E-6	1.257960E+4	0.000000E+0	0.000000E+0
5.840529E+3	9.956500E-6	1.257950E+4	0.000000E+0	0.000000E+0
5.843531E+3	9.957600E-6	1.257960E+4	0.000000E+0	0.000000E+0
5.846529E+3	9.957200E-6	1.257940E+4	0.000000E+0	0.000000E+0
5.849533E+3	9.957100E-6	1.257930E+4	0.000000E+0	0.000000E+0
5.852531E+3	9.957300E-6	1.257940E+4	0.000000E+0	0.000000E+0
5.855534E+3	9.956900E-6	1.257920E+4	0.000000E+0	0.000000E+0
5.858531E+3	9.956100E-6	1.257920E+4	0.000000E+0	0.000000E+0
5.861532E+3	9.956400E-6	1.257930E+4	0.000000E+0	0.000000E+0
5.864531E+3	9.955800E-6	1.257920E+4	0.000000E+0	0.000000E+0
5.867532E+3	9.955800E-6	1.257920E+4	0.000000E+0	0.000000E+0
5.870532E+3	9.955700E-6	1.257940E+4	0.000000E+0	0.000000E+0
5.873530E+3	9.955700E-6	1.257940E+4	0.000000E+0	0.000000E+0
5.876530E+3	9.955500E-6	1.257940E+4	0.000000E+0	0.000000E+0
5.879530E+3	9.955500E-6	1.257940E+4	0.000000E+0	0.000000E+0
5.882534E+3	9.955500E-6	1.257930E+4	0.000000E+0	0.000000E+0
5.885532E+3	9.955200E-6	1.257930E+4	0.000000E+0	0.000000E+0
5.888530E+3	9.954700E-6	1.257920E+4	0.000000E+0	0.000000E+0
5.891530E+3	9.955100E-6	1.257910E+4	0.000000E+0	0.000000E+0
5.894528E+3	9.954800E-6	1.257910E+4	0.000000E+0	0.000000E+0
5.897541E+3	9.955100E-6	1.257910E+4	0.000000E+0	0.000000E+0
5.900532E+3	9.954800E-6	1.257910E+4	0.000000E+0	0.000000E+0
5.903532E+3	9.954100E-6	1.257900E+4	0.000000E+0	0.000000E+0
5.906530E+3	9.954500E-6	1.257910E+4	0.000000E+0	0.000000E+0
5.909539E+3	9.954000E-6	1.257910E+4	0.000000E+0	0.000000E+0
5.912530E+3	9.953600E-6	1.257910E+4	0.000000E+0	0.000000E+0
5.915535E+3	9.953300E-6	1.257930E+4	0.000000E+0	0.000000E+0
5.918530E+3	9.953400E-6	1.257930E+4	0.000000E+0	0.000000E+0
5.921531E+3	9.953600E-6	1.257940E+4	0.000000E+0	0.000000E+0
5.924530E+3	9.953700E-6	1.257940E+4	0.000000E+0	0.000000E+0
5.927531E+3	9.952500E-6	1.257950E+4	0.000000E+0	0.000000E+0
5.930542E+3	9.952700E-6	1.257950E+4	0.000000E+0	0.000000E+0
5.933531E+3	9.952000E-6	1.257960E+4	0.000000E+0	0.000000E+0
5.936530E+3	9.952900E-6	1.257970E+4	0.000000E+0	0.000000E+0
5.939531E+3	9.952400E-6	1.257960E+4	0.000000E+0	0.000000E+0
5.942536E+3	9.952000E-6	1.257970E+4	0.000000E+0	0.000000E+0
5.945534E+3	9.951800E-6	1.257970E+4	0.000000E+0	0.000000E+0
5.948531E+3	9.951900E-6	1.257960E+4	0.000000E+0	0.000000E+0
5.951531E+3	9.951800E-6	1.257950E+4	0.000000E+0	0.000000E+0
5.954531E+3	9.951600E-6	1.257960E+4	0.000000E+0	0.000000E+0
5.957534E+3	9.951200E-6	1.257950E+4	0.000000E+0	0.000000E+0
5.960531E+3	9.951700E-6	1.257970E+4	0.000000E+0	0.000000E+0
5.963531E+3	9.951800E-6	1.257980E+4	0.000000E+0	0.000000E+0
5.966535E+3	9.951600E-6	1.257980E+4	0.000000E+0	0.000000E+0
5.969532E+3	9.951200E-6	1.257980E+4	0.000000E+0	0.000000E+0
5.972532E+3	9.950800E-6	1.257960E+4	0.000000E+0	0.000000E+0
5.975532E+3	9.950700E-6	1.257950E+4	0.000000E+0	0.000000E+0
5.978530E+3	9.950400E-6	1.257960E+4	0.000000E+0	0.000000E+0
5.981530E+3	9.950400E-6	1.257960E+4	0.000000E+0	0.000000E+0
5.984532E+3	9.950800E-6	1.257960E+4	0.000000E+0	0.000000E+0
5.987533E+3	9.950300E-6	1.257980E+4	0.000000E+0	0.000000E+0
5.990533E+3	9.950500E-6	1.257970E+4	0.000000E+0	0.000000E+0
5.993532E+3	9.950100E-6	1.257980E+4	0.000000E+0	0.000000E+0
5.996529E+3	9.949600E-6	1.257980E+4	0.000000E+0	0.000000E+0
5.999529E+3	9.949700E-6	1.257970E+4	0.000000E+0	0.000000E+0
6.002528E+3	9.949400E-6	1.257960E+4	0.000000E+0	0.000000E+0
6.005526E+3	9.949200E-6	1.257960E+4	0.000000E+0	0.000000E+0
6.008528E+3	9.949200E-6	1.257970E+4	0.000000E+0	0.000000E+0
6.011526E+3	9.948900E-6	1.257960E+4	0.000000E+0	0.000000E+0
6.014523E+3	9.948400E-6	1.257980E+4	0.000000E+0	0.000000E+0
6.017526E+3	9.948600E-6	1.257980E+4	0.000000E+0	0.000000E+0
6.020541E+3	9.949000E-6	1.257980E+4	0.000000E+0	0.000000E+0
6.023538E+3	9.948100E-6	1.257990E+4	0.000000E+0	0.000000E+0
6.026534E+3	9.948200E-6	1.257990E+4	0.000000E+0	0.000000E+0
6.029531E+3	9.947800E-6	1.257990E+4	0.000000E+0	0.000000E+0
6.032541E+3	9.948300E-6	1.258000E+4	0.000000E+0	0.000000E+0
6.035533E+3	9.947700E-6	1.257990E+4	0.000000E+0	0.000000E+0
6.038531E+3	9.947300E-6	1.258000E+4	0.000000E+0	0.000000E+0
6.041532E+3	9.947700E-6	1.258000E+4	0.000000E+0	0.000000E+0
6.044530E+3	9.947500E-6	1.258010E+4	0.000000E+0	0.000000E+0
6.047532E+3	9.947000E-6	1.258000E+4	0.000000E+0	0.000000E+0
6.050530E+3	9.946900E-6	1.258020E+4	0.000000E+0	0.000000E+0
6.053531E+3	9.947100E-6	1.258030E+4	0.000000E+0	0.000000E+0
6.056539E+3	9.946900E-6	1.258030E+4	0.000000E+0	0.000000E+0
6.059534E+3	9.946800E-6	1.258030E+4	0.000000E+0	0.000000E+0
6.062532E+3	9.947000E-6	1.258020E+4	0.000000E+0	0.000000E+0
6.065534E+3	9.946700E-6	1.258030E+4	0.000000E+0	0.000000E+0
6.068530E+3	9.946800E-6	1.258040E+4	0.000000E+0	0.000000E+0
6.071534E+3	9.947300E-6	1.258030E+4	0.000000E+0	0.000000E+0
6.074530E+3	9.946800E-6	1.258030E+4	0.000000E+0	0.000000E+0
6.077535E+3	9.946400E-6	1.258030E+4	0.000000E+0	0.000000E+0
6.080541E+3	9.946300E-6	1.258030E+4	0.000000E+0	0.000000E+0
6.083532E+3	9.946500E-6	1.258030E+4	0.000000E+0	0.000000E+0
6.086530E+3	9.946000E-6	1.258020E+4	0.000000E+0	0.000000E+0
6.089532E+3	9.946200E-6	1.258020E+4	0.000000E+0	0.000000E+0
6.092528E+3	9.945800E-6	1.258030E+4	0.000000E+0	0.000000E+0
6.095526E+3	9.945800E-6	1.258030E+4	0.000000E+0	0.000000E+0
6.098528E+3	9.945000E-6	1.258040E+4	0.000000E+0	0.000000E+0
6.101524E+3	9.945000E-6	1.258040E+4	0.000000E+0	0.000000E+0
6.104521E+3	9.945000E-6	1.258050E+4	0.000000E+0	0.000000E+0
6.107531E+3	9.944700E-6	1.258060E+4	0.000000E+0	0.000000E+0
6.110531E+3	9.944500E-6	1.258070E+4	0.000000E+0	0.000000E+0
6.113531E+3	9.944900E-6	1.258060E+4	0.000000E+0	0.000000E+0
6.116537E+3	9.944500E-6	1.258060E+4	0.000000E+0	0.000000E+0
6.119539E+3	9.944500E-6	1.258060E+4	0.000000E+0	0.000000E+0
6.122534E+3	9.944400E-6	1.258050E+4	0.000000E+0	0.000000E+0
6.125536E+3	9.944000E-6	1.258060E+4	0.000000E+0	0.000000E+0
6.128534E+3	9.944000E-6	1.258060E+4	0.000000E+0	0.000000E+0
6.131533E+3	9.943700E-6	1.258060E+4	0.000000E+0	0.000000E+0
6.134534E+3	9.943600E-6	1.258050E+4	0.000000E+0	0.000000E+0
6.137539E+3	9.943800E-6	1.258050E+4	0.000000E+0	0.000000E+0
6.140535E+3	9.943000E-6	1.258050E+4	0.000000E+0	0.000000E+0
6.143534E+3	9.943200E-6	1.258060E+4	0.000000E+0	0.000000E+0
6.146532E+3	9.943600E-6	1.258050E+4	0.000000E+0	0.000000E+0
6.149532E+3	9.943400E-6	1.258050E+4	0.000000E+0	0.000000E+0
6.152538E+3	9.943700E-6	1.258050E+4	0.000000E+0	0.000000E+0
6.155535E+3	9.943100E-6	1.258050E+4	0.000000E+0	0.000000E+0
6.158538E+3	9.942900E-6	1.258030E+4	0.000000E+0	0.000000E+0
6.161540E+3	9.942900E-6	1.258020E+4	0.000000E+0	0.000000E+0
6.164540E+3	9.943200E-6	1.258020E+4	0.000000E+0	0.000000E+0
6.167538E+3	9.943000E-6	1.258020E+4	0.000000E+0	0.000000E+0
6.170537E+3	9.942900E-6	1.258010E+4	0.000000E+0	0.000000E+0
6.173537E+3	9.943100E-6	1.258010E+4	0.000000E+0	0.000000E+0
6.176530E+3	9.942500E-6	1.258010E+4	0.000000E+0	0.000000E+0
6.179537E+3	9.942300E-6	1.258000E+4	0.000000E+0	0.000000E+0
6.182531E+3	9.942300E-6	1.258020E+4	0.000000E+0	0.000000E+0
6.185536E+3	9.941800E-6	1.258020E+4	0.000000E+0	0.000000E+0
6.188535E+3	9.941600E-6	1.258020E+4	0.000000E+0	0.000000E+0
6.191535E+3	9.941600E-6	1.258020E+4	0.000000E+0	0.000000E+0
6.194538E+3	9.941200E-6	1.258030E+4	0.000000E+0	0.000000E+0
6.197538E+3	9.940900E-6	1.258040E+4	0.000000E+0	0.000000E+0
6.200542E+3	9.941200E-6	1.258040E+4	0.000000E+0	0.000000E+0
6.203533E+3	9.940600E-6	1.258060E+4	0.000000E+0	0.000000E+0
6.206533E+3	9.940500E-6	1.258070E+4	0.000000E+0	0.000000E+0
6.209533E+3	9.940500E-6	1.258070E+4	0.000000E+0	0.000000E+0
6.212534E+3	9.939800E-6	1.258080E+4	0.000000E+0	0.000000E+0
6.215531E+3	9.939800E-6	1.258090E+4	0.000000E+0	0.000000E+0
6.218531E+3	9.939600E-6	1.258090E+4	0.000000E+0	0.000000E+0
6.221534E+3	9.940100E-6	1.258090E+4	0.000000E+0	0.000000E+0
6.224532E+3	9.939900E-6	1.258100E+4	0.000000E+0	0.000000E+0
6.227534E+3	9.939500E-6	1.258100E+4	0.000000E+0	0.000000E+0
6.230529E+3	9.939600E-6	1.258100E+4	0.000000E+0	0.000000E+0
6.233534E+3	9.938900E-6	1.258090E+4	0.000000E+0	0.000000E+0
6.236530E+3	9.939400E-6	1.258080E+4	0.000000E+0	0.000000E+0
6.239532E+3	9.939100E-6	1.258060E+4	0.000000E+0	0.000000E+0
6.242531E+3	9.939000E-6	1.258060E+4	0.000000E+0	0.000000E+0
6.245532E+3	9.938900E-6	1.258050E+4	0.000000E+0	0.000000E+0
6.248537E+3	9.939200E-6	1.258060E+4	0.000000E+0	0.000000E+0
6.251535E+3	9.939000E-6	1.258070E+4	0.000000E+0	0.000000E+0
6.254537E+3	9.938400E-6	1.258080E+4	0.000000E+0	0.000000E+0
6.257537E+3	9.938200E-6	1.258100E+4	0.000000E+0	0.000000E+0
6.260533E+3	9.938200E-6	1.258110E+4	0.000000E+0	0.000000E+0
6.263530E+3	9.937500E-6	1.258120E+4	0.000000E+0	0.000000E+0
6.266523E+3	9.937900E-6	1.258130E+4	0.000000E+0	0.000000E+0
6.269520E+3	9.938100E-6	1.258140E+4	0.000000E+0	0.000000E+0
6.272535E+3	9.937900E-6	1.258140E+4	0.000000E+0	0.000000E+0
6.275536E+3	9.937500E-6	1.258140E+4	0.000000E+0	0.000000E+0
6.278535E+3	9.937200E-6	1.258130E+4	0.000000E+0	0.000000E+0
6.281536E+3	9.937900E-6	1.258130E+4	0.000000E+0	0.000000E+0
6.284536E+3	9.937500E-6	1.258120E+4	0.000000E+0	0.000000E+0
6.287533E+3	9.937800E-6	1.258110E+4	0.000000E+0	0.000000E+0
6.290533E+3	9.937400E-6	1.258120E+4	0.000000E+0	0.000000E+0
6.293533E+3	9.937400E-6	1.258110E+4	0.000000E+0	0.000000E+0
6.296533E+3	9.937200E-6	1.258110E+4	0.000000E+0	0.000000E+0
6.299530E+3	9.936300E-6	1.258110E+4	0.000000E+0	0.000000E+0
6.302531E+3	9.936700E-6	1.258110E+4	0.000000E+0	0.000000E+0
6.305531E+3	9.936500E-6	1.258100E+4	0.000000E+0	0.000000E+0
6.308534E+3	9.936500E-6	1.258100E+4	0.000000E+0	0.000000E+0
6.311536E+3	9.935800E-6	1.258110E+4	0.000000E+0	0.000000E+0
6.314537E+3	9.936700E-6	1.258100E+4	0.000000E+0	0.000000E+0
6.317533E+3	9.935700E-6	1.258100E+4	0.000000E+0	0.000000E+0
6.320531E+3	9.936100E-6	1.258100E+4	0.000000E+0	0.000000E+0
6.323534E+3	9.936300E-6	1.258110E+4	0.000000E+0	0.000000E+0
6.326532E+3	9.935600E-6	1.258110E+4	0.000000E+0	0.000000E+0
6.329530E+3	9.935700E-6	1.258100E+4	0.000000E+0	0.000000E+0
6.332537E+3	9.935400E-6	1.258120E+4	0.000000E+0	0.000000E+0
6.335539E+3	9.934900E-6	1.258110E+4	0.000000E+0	0.000000E+0
6.338532E+3	9.935200E-6	1.258120E+4	0.000000E+0	0.000000E+0
6.341532E+3	9.934800E-6	1.258110E+4	0.000000E+0	0.000000E+0
6.344532E+3	9.934700E-6	1.258110E+4	0.000000E+0	0.000000E+0
6.347532E+3	9.934800E-6	1.258130E+4	0.000000E+0	0.000000E+0
6.350533E+3	9.934700E-6	1.258120E+4	0.000000E+0	0.000000E+0
6.353532E+3	9.934700E-6	1.258120E+4	0.000000E+0	0.000000E+0
6.356537E+3	9.934300E-6	1.258130E+4	0.000000E+0	0.000000E+0
6.359532E+3	9.934500E-6	1.258130E+4	0.000000E+0	0.000000E+0
6.362536E+3	9.934400E-6	1.258120E+4	0.000000E+0	0.000000E+0
6.365533E+3	9.934600E-6	1.258110E+4	0.000000E+0	0.000000E+0
6.368533E+3	9.934300E-6	1.258110E+4	0.000000E+0	0.000000E+0
6.371541E+3	9.934400E-6	1.258100E+4	0.000000E+0	0.000000E+0
6.374533E+3	9.933900E-6	1.258100E+4	0.000000E+0	0.000000E+0
6.377532E+3	9.933600E-6	1.258110E+4	0.000000E+0	0.000000E+0
6.380533E+3	9.933200E-6	1.258110E+4	0.000000E+0	0.000000E+0
6.383533E+3	9.933200E-6	1.258120E+4	0.000000E+0	0.000000E+0
6.386530E+3	9.933400E-6	1.258110E+4	0.000000E+0	0.000000E+0
6.389529E+3	9.933500E-6	1.258110E+4	0.000000E+0	0.000000E+0
6.392527E+3	9.933400E-6	1.258120E+4	0.000000E+0	0.000000E+0
6.395521E+3	9.933800E-6	1.258110E+4	0.000000E+0	0.000000E+0
6.398521E+3	9.933400E-6	1.258120E+4	0.000000E+0	0.000000E+0
6.401534E+3	9.932900E-6	1.258120E+4	0.000000E+0	0.000000E+0
6.404537E+3	9.932500E-6	1.258120E+4	0.000000E+0	0.000000E+0
6.407536E+3	9.932600E-6	1.258120E+4	0.000000E+0	0.000000E+0
6.410536E+3	9.932500E-6	1.258130E+4	0.000000E+0	0.000000E+0
6.413536E+3	9.932300E-6	1.258130E+4	0.000000E+0	0.000000E+0
6.416536E+3	9.932300E-6	1.258130E+4	0.000000E+0	0.000000E+0
6.419536E+3	9.932300E-6	1.258140E+4	0.000000E+0	0.000000E+0
6.422534E+3	9.931400E-6	1.258140E+4	0.000000E+0	0.000000E+0
6.425539E+3	9.931500E-6	1.258140E+4	0.000000E+0	0.000000E+0
6.428537E+3	9.931100E-6	1.258150E+4	0.000000E+0	0.000000E+0
6.431537E+3	9.931300E-6	1.258160E+4	0.000000E+0	0.000000E+0
6.434532E+3	9.931100E-6	1.258170E+4	0.000000E+0	0.000000E+0
6.437538E+3	9.931800E-6	1.258170E+4	0.000000E+0	0.000000E+0
6.440538E+3	9.931500E-6	1.258170E+4	0.000000E+0	0.000000E+0
6.443537E+3	9.931100E-6	1.258170E+4	0.000000E+0	0.000000E+0
6.446535E+3	9.931100E-6	1.258180E+4	0.000000E+0	0.000000E+0
6.449537E+3	9.931100E-6	1.258170E+4	0.000000E+0	0.000000E+0
6.452540E+3	9.930800E-6	1.258170E+4	0.000000E+0	0.000000E+0
6.455537E+3	9.930800E-6	1.258150E+4	0.000000E+0	0.000000E+0
6.458540E+3	9.930300E-6	1.258150E+4	0.000000E+0	0.000000E+0
6.461533E+3	9.930300E-6	1.258130E+4	0.000000E+0	0.000000E+0
6.464531E+3	9.929500E-6	1.258130E+4	0.000000E+0	0.000000E+0
6.467535E+3	9.929900E-6	1.258120E+4	0.000000E+0	0.000000E+0
6.470533E+3	9.929500E-6	1.258140E+4	0.000000E+0	0.000000E+0
6.473535E+3	9.929500E-6	1.258120E+4	0.000000E+0	0.000000E+0
6.476534E+3	9.929000E-6	1.258150E+4	0.000000E+0	0.000000E+0
6.479530E+3	9.929400E-6	1.258150E+4	0.000000E+0	0.000000E+0
6.482536E+3	9.928800E-6	1.258160E+4	0.000000E+0	0.000000E+0
6.485536E+3	9.929000E-6	1.258160E+4	0.000000E+0	0.000000E+0
6.488533E+3	9.929400E-6	1.258160E+4	0.000000E+0	0.000000E+0
6.491536E+3	9.929200E-6	1.258160E+4	0.000000E+0	0.000000E+0
6.494533E+3	9.928600E-6	1.258140E+4	0.000000E+0	0.000000E+0
6.497531E+3	9.928000E-6	1.258160E+4	0.000000E+0	0.000000E+0
6.500529E+3	9.927800E-6	1.258150E+4	0.000000E+0	0.000000E+0
6.503530E+3	9.928200E-6	1.258150E+4	0.000000E+0	0.000000E+0
6.506530E+3	9.928700E-6	1.258160E+4	0.000000E+0	0.000000E+0
6.509531E+3	9.927900E-6	1.258170E+4	0.000000E+0	0.000000E+0
6.512545E+3	9.927800E-6	1.258180E+4	0.000000E+0	0.000000E+0
6.515532E+3	9.927900E-6	1.258190E+4	0.000000E+0	0.000000E+0
6.518532E+3	9.927800E-6	1.258180E+4	0.000000E+0	0.000000E+0
6.521530E+3	9.927600E-6	1.258180E+4	0.000000E+0	0.000000E+0
6.524530E+3	9.927300E-6	1.258180E+4	0.000000E+0	0.000000E+0
6.527532E+3	9.926900E-6	1.258180E+4	0.000000E+0	0.000000E+0
6.530530E+3	9.926600E-6	1.258180E+4	0.000000E+0	0.000000E+0
6.533525E+3	9.926200E-6	1.258170E+4	0.000000E+0	0.000000E+0
6.536525E+3	9.926900E-6	1.258160E+4	0.000000E+0	0.000000E+0
6.539522E+3	9.926200E-6	1.258170E+4	0.000000E+0	0.000000E+0
6.542520E+3	9.926400E-6	1.258170E+4	0.000000E+0	0.000000E+0
6.545531E+3	9.926500E-6	1.258170E+4	0.000000E+0	0.000000E+0
6.548543E+3	9.925900E-6	1.258170E+4	0.000000E+0	0.000000E+0
6.551533E+3	9.925700E-6	1.258160E+4	0.000000E+0	0.000000E+0
6.554530E+3	9.925200E-6	1.258170E+4	0.000000E+0	0.000000E+0
6.557532E+3	9.925900E-6	1.258170E+4	0.000000E+0	0.000000E+0
6.560533E+3	9.925300E-6	1.258160E+4	0.000000E+0	0.000000E+0
6.563535E+3	9.925200E-6	1.258170E+4	0.000000E+0	0.000000E+0
6.566536E+3	9.925000E-6	1.258180E+4	0.000000E+0	0.000000E+0
6.569535E+3	9.925200E-6	1.258190E+4	0.000000E+0	0.000000E+0
6.572533E+3	9.924900E-6	1.258190E+4	0.000000E+0	0.000000E+0
6.575535E+3	9.925100E-6	1.258200E+4	0.000000E+0	0.000000E+0
6.578536E+3	9.925700E-6	1.258210E+4	0.000000E+0	0.000000E+0
6.581539E+3	9.924400E-6	1.258200E+4	0.000000E+0	0.000000E+0
6.584539E+3	9.924700E-6	1.258210E+4	0.000000E+0	0.000000E+0
6.587534E+3	9.924900E-6	1.258230E+4	0.000000E+0	0.000000E+0
6.590531E+3	9.924800E-6	1.258230E+4	0.000000E+0	0.000000E+0
6.593537E+3	9.924500E-6	1.258220E+4	0.000000E+0	0.000000E+0
6.596536E+3	9.924400E-6	1.258220E+4	0.000000E+0	0.000000E+0
6.599536E+3	9.924400E-6	1.258220E+4	0.000000E+0	0.000000E+0
6.602530E+3	9.924100E-6	1.258220E+4	0.000000E+0	0.000000E+0
6.605532E+3	9.923700E-6	1.258210E+4	0.000000E+0	0.000000E+0
6.608531E+3	9.922900E-6	1.258190E+4	0.000000E+0	0.000000E+0
6.611531E+3	9.923300E-6	1.258190E+4	0.000000E+0	0.000000E+0
6.614531E+3	9.922500E-6	1.258170E+4	0.000000E+0	0.000000E+0
6.617532E+3	9.922900E-6	1.258170E+4	0.000000E+0	0.000000E+0
6.620530E+3	9.922700E-6	1.258170E+4	0.000000E+0	0.000000E+0
6.623540E+3	9.923100E-6	1.258180E+4	0.000000E+0	0.000000E+0
6.626534E+3	9.922500E-6	1.258170E+4	0.000000E+0	0.000000E+0
6.629535E+3	9.922500E-6	1.258180E+4	0.000000E+0	0.000000E+0
6.632532E+3	9.922700E-6	1.258180E+4	0.000000E+0	0.000000E+0
6.635530E+3	9.921900E-6	1.258180E+4	0.000000E+0	0.000000E+0
6.638530E+3	9.921700E-6	1.258190E+4	0.000000E+0	0.000000E+0
6.641525E+3	9.921800E-6	1.258180E+4	0.000000E+0	0.000000E+0
6.644523E+3	9.921400E-6	1.258180E+4	0.000000E+0	0.000000E+0
6.647523E+3	9.921600E-6	1.258170E+4	0.000000E+0	0.000000E+0
6.650541E+3	9.921600E-6	1.258160E+4	0.000000E+0	0.000000E+0
6.653536E+3	9.922100E-6	1.258170E+4	0.000000E+0	0.000000E+0
6.656539E+3	9.921100E-6	1.258180E+4	0.000000E+0	0.000000E+0
6.659529E+3	9.921200E-6	1.258180E+4	0.000000E+0	0.000000E+0
6.662531E+3	9.921700E-6	1.258190E+4	0.000000E+0	0.000000E+0
6.665533E+3	9.921100E-6	1.258190E+4	0.000000E+0	0.000000E+0
6.668533E+3	9.921000E-6	1.258190E+4	0.000000E+0	0.000000E+0
6.671527E+3	9.920800E-6	1.258190E+4	0.000000E+0	0.000000E+0
6.674530E+3	9.920500E-6	1.258190E+4	0.000000E+0	0.000000E+0
6.677534E+3	9.920600E-6	1.258180E+4	0.000000E+0	0.000000E+0
6.680534E+3	9.920300E-6	1.258180E+4	0.000000E+0	0.000000E+0
6.683531E+3	9.920900E-6	1.258170E+4	0.000000E+0	0.000000E+0
6.686532E+3	9.920600E-6	1.258170E+4	0.000000E+0	0.000000E+0
6.689536E+3	9.920200E-6	1.258160E+4	0.000000E+0	0.000000E+0
6.692536E+3	9.920700E-6	1.258160E+4	0.000000E+0	0.000000E+0
6.695532E+3	9.920100E-6	1.258170E+4	0.000000E+0	0.000000E+0
6.698539E+3	9.919700E-6	1.258170E+4	0.000000E+0	0.000000E+0
6.701537E+3	9.919800E-6	1.258170E+4	0.000000E+0	0.000000E+0
6.704539E+3	9.920100E-6	1.258180E+4	0.000000E+0	0.000000E+0
6.707535E+3	9.919800E-6	1.258180E+4	0.000000E+0	0.000000E+0
6.710534E+3	9.919600E-6	1.258190E+4	0.000000E+0	0.000000E+0
6.713534E+3	9.919100E-6	1.258190E+4	0.000000E+0	0.000000E+0
6.716535E+3	9.919600E-6	1.258190E+4	0.000000E+0	0.000000E+0
6.719535E+3	9.918300E-6	1.258190E+4	0.000000E+0	0.000000E+0
6.722537E+3	9.918600E-6	1.258180E+4	0.000000E+0	0.000000E+0
6.725537E+3	9.919000E-6	1.258170E+4	0.000000E+0	0.000000E+0
6.728535E+3	9.919000E-6	1.258150E+4	0.000000E+0	0.000000E+0
6.731537E+3	9.919000E-6	1.258140E+4	0.000000E+0	0.000000E+0
6.734536E+3	9.918600E-6	1.258120E+4	0.000000E+0	0.000000E+0
6.737533E+3	9.918700E-6	1.258110E+4	0.000000E+0	0.000000E+0
6.740536E+3	9.918600E-6	1.258090E+4	0.000000E+0	0.000000E+0
6.743536E+3	9.918700E-6	1.258100E+4	0.000000E+0	0.000000E+0
6.746539E+3	9.918100E-6	1.258090E+4	0.000000E+0	0.000000E+0
6.749538E+3	9.917600E-6	1.258070E+4	0.000000E+0	0.000000E+0
6.752538E+3	9.917600E-6	1.258080E+4	0.000000E+0	0.000000E+0
6.755536E+3	9.918000E-6	1.258070E+4	0.000000E+0	0.000000E+0
6.758534E+3	9.917600E-6	1.258060E+4	0.000000E+0	0.000000E+0
6.761536E+3	9.917500E-6	1.258050E+4	0.000000E+0	0.000000E+0
6.764538E+3	9.917600E-6	1.258050E+4	0.000000E+0	0.000000E+0
6.767539E+3	9.917300E-6	1.258040E+4	0.000000E+0	0.000000E+0
6.770539E+3	9.917000E-6	1.258050E+4	0.000000E+0	0.000000E+0
6.773536E+3	9.916900E-6	1.258050E+4	0.000000E+0	0.000000E+0
6.776536E+3	9.916800E-6	1.258060E+4	0.000000E+0	0.000000E+0
6.779534E+3	9.917000E-6	1.258050E+4	0.000000E+0	0.000000E+0
6.782532E+3	9.916400E-6	1.258060E+4	0.000000E+0	0.000000E+0
6.785532E+3	9.916800E-6	1.258050E+4	0.000000E+0	0.000000E+0
6.788527E+3	9.916300E-6	1.258060E+4	0.000000E+0	0.000000E+0
6.791534E+3	9.916400E-6	1.258050E+4	0.000000E+0	0.000000E+0
6.794532E+3	9.916000E-6	1.258060E+4	0.000000E+0	0.000000E+0
6.797534E+3	9.916100E-6	1.258060E+4	0.000000E+0	0.000000E+0
6.800534E+3	9.915500E-6	1.258070E+4	0.000000E+0	0.000000E+0
6.803534E+3	9.915900E-6	1.258060E+4	0.000000E+0	0.000000E+0
6.806537E+3	9.916100E-6	1.258070E+4	0.000000E+0	0.000000E+0
6.809535E+3	9.916300E-6	1.258060E+4	0.000000E+0	0.000000E+0
6.812534E+3	9.916100E-6	1.258050E+4	0.000000E+0	0.000000E+0
6.815534E+3	9.915300E-6	1.258050E+4	0.000000E+0	0.000000E+0
6.818533E+3	9.914900E-6	1.258050E+4	0.000000E+0	0.000000E+0
6.821532E+3	9.915900E-6	1.258060E+4	0.000000E+0	0.000000E+0
6.824532E+3	9.915300E-6	1.258060E+4	0.000000E+0	0.000000E+0
6.827533E+3	9.915400E-6	1.258050E+4	0.000000E+0	0.000000E+0
6.830530E+3	9.915400E-6	1.258060E+4	0.000000E+0	0.000000E+0
6.833533E+3	9.915300E-6	1.258070E+4	0.000000E+0	0.000000E+0
6.836533E+3	9.915600E-6	1.258080E+4	0.000000E+0	0.000000E+0
6.839533E+3	9.915200E-6	1.258080E+4	0.000000E+0	0.000000E+0
6.842533E+3	9.914600E-6	1.258080E+4	0.000000E+0	0.000000E+0
6.845533E+3	9.915200E-6	1.258080E+4	0.000000E+0	0.000000E+0
6.848531E+3	9.914600E-6	1.258090E+4	0.000000E+0	0.000000E+0
6.851535E+3	9.913900E-6	1.258110E+4	0.000000E+0	0.000000E+0
6.854533E+3	9.913900E-6	1.258110E+4	0.000000E+0	0.000000E+0
6.857531E+3	9.914100E-6	1.258120E+4	0.000000E+0	0.000000E+0
6.860530E+3	9.913600E-6	1.258130E+4	0.000000E+0	0.000000E+0
6.863522E+3	9.913800E-6	1.258130E+4	0.000000E+0	0.000000E+0
6.866521E+3	9.913500E-6	1.258140E+4	0.000000E+0	0.000000E+0
6.869522E+3	9.913900E-6	1.258150E+4	0.000000E+0	0.000000E+0
6.872540E+3	9.913400E-6	1.258160E+4	0.000000E+0	0.000000E+0
6.875539E+3	9.913100E-6	1.258170E+4	0.000000E+0	0.000000E+0
6.878534E+3	9.913000E-6	1.258180E+4	0.000000E+0	0.000000E+0
6.881530E+3	9.912700E-6	1.258180E+4	0.000000E+0	0.000000E+0
6.884531E+3	9.913000E-6	1.258190E+4	0.000000E+0	0.000000E+0
6.887532E+3	9.912900E-6	1.258180E+4	0.000000E+0	0.000000E+0
6.890531E+3	9.912800E-6	1.258180E+4	0.000000E+0	0.000000E+0
6.893531E+3	9.912500E-6	1.258180E+4	0.000000E+0	0.000000E+0
6.896543E+3	9.911800E-6	1.258190E+4	0.000000E+0	0.000000E+0
6.899532E+3	9.911900E-6	1.258190E+4	0.000000E+0	0.000000E+0
6.902530E+3	9.911800E-6	1.258180E+4	0.000000E+0	0.000000E+0
6.905531E+3	9.912100E-6	1.258200E+4	0.000000E+0	0.000000E+0
6.908542E+3	9.911400E-6	1.258180E+4	0.000000E+0	0.000000E+0
6.911540E+3	9.911400E-6	1.258200E+4	0.000000E+0	0.000000E+0
6.914530E+3	9.911500E-6	1.258200E+4	0.000000E+0	0.000000E+0
6.917544E+3	9.911300E-6	1.258200E+4	0.000000E+0	0.000000E+0
6.920540E+3	9.911300E-6	1.258200E+4	0.000000E+0	0.000000E+0
6.923540E+3	9.910600E-6	1.258190E+4	0.000000E+0	0.000000E+0
6.926541E+3	9.910500E-6	1.258190E+4	0.000000E+0	0.000000E+0
6.929545E+3	9.910800E-6	1.258180E+4	0.000000E+0	0.000000E+0
6.932544E+3	9.910800E-6	1.258190E+4	0.000000E+0	0.000000E+0
6.935539E+3	9.910700E-6	1.258180E+4	0.000000E+0	0.000000E+0
6.938533E+3	9.910200E-6	1.258170E+4	0.000000E+0	0.000000E+0
6.941531E+3	9.910200E-6	1.258160E+4	0.000000E+0	0.000000E+0
6.944531E+3	9.910500E-6	1.258150E+4	0.000000E+0	0.000000E+0
6.947531E+3	9.910000E-6	1.258160E+4	0.000000E+0	0.000000E+0
6.950531E+3	9.909700E-6	1.258150E+4	0.000000E+0	0.000000E+0
6.953536E+3	9.909700E-6	1.258150E+4	0.000000E+0	0.000000E+0
6.956534E+3	9.909800E-6	1.258150E+4	0.000000E+0	0.000000E+0
6.959529E+3	9.909800E-6	1.258150E+4	0.000000E+0	0.000000E+0
6.962534E+3	9.909300E-6	1.258150E+4	0.000000E+0	0.000000E+0
6.965531E+3	9.909200E-6	1.258150E+4	0.000000E+0	0.000000E+0
6.968530E+3	9.909100E-6	1.258130E+4	0.000000E+0	0.000000E+0
6.971536E+3	9.909000E-6	1.258130E+4	0.000000E+0	0.000000E+0
6.974532E+3	9.908700E-6	1.258120E+4	0.000000E+0	0.000000E+0
6.977531E+3	9.908300E-6	1.258110E+4	0.000000E+0	0.000000E+0
6.980532E+3	9.908800E-6	1.258100E+4	0.000000E+0	0.000000E+0
6.983536E+3	9.908300E-6	1.258100E+4	0.000000E+0	0.000000E+0
6.986530E+3	9.908800E-6	1.258110E+4	0.000000E+0	0.000000E+0
6.989540E+3	9.908500E-6	1.258110E+4	0.000000E+0	0.000000E+0
6.992542E+3	9.908200E-6	1.258110E+4	0.000000E+0	0.000000E+0
6.995538E+3	9.908300E-6	1.258100E+4	0.000000E+0	0.000000E+0
6.998530E+3	9.907800E-6	1.258090E+4	0.000000E+0	0.000000E+0
7.001530E+3	9.908300E-6	1.258090E+4	0.000000E+0	0.000000E+0
7.004532E+3	9.907200E-6	1.258090E+4	0.000000E+0	0.000000E+0
7.007528E+3	9.908300E-6	1.258080E+4	0.000000E+0	0.000000E+0
7.010530E+3	9.907500E-6	1.258070E+4	0.000000E+0	0.000000E+0
7.013532E+3	9.907100E-6	1.258050E+4	0.000000E+0	0.000000E+0
7.016535E+3	9.907500E-6	1.258040E+4	0.000000E+0	0.000000E+0
7.019541E+3	9.907600E-6	1.258030E+4	0.000000E+0	0.000000E+0
7.022540E+3	9.906500E-6	1.258030E+4	0.000000E+0	0.000000E+0
7.025545E+3	9.907100E-6	1.258030E+4	0.000000E+0	0.000000E+0
7.028536E+3	9.906800E-6	1.258010E+4	0.000000E+0	0.000000E+0
7.031535E+3	9.907100E-6	1.258020E+4	0.000000E+0	0.000000E+0
7.034534E+3	9.907100E-6	1.258020E+4	0.000000E+0	0.000000E+0
7.037530E+3	9.906800E-6	1.258010E+4	0.000000E+0	0.000000E+0
7.040533E+3	9.906700E-6	1.258000E+4	0.000000E+0	0.000000E+0
7.043530E+3	9.906100E-6	1.258000E+4	0.000000E+0	0.000000E+0
7.046534E+3	9.906000E-6	1.258000E+4	0.000000E+0	0.000000E+0
7.049533E+3	9.906100E-6	1.258020E+4	0.000000E+0	0.000000E+0
7.052536E+3	9.905700E-6	1.258020E+4	0.000000E+0	0.000000E+0
7.055534E+3	9.906300E-6	1.258030E+4	0.000000E+0	0.000000E+0
7.058534E+3	9.906300E-6	1.258040E+4	0.000000E+0	0.000000E+0
7.061531E+3	9.906000E-6	1.258030E+4	0.000000E+0	0.000000E+0
7.064534E+3	9.905500E-6	1.258030E+4	0.000000E+0	0.000000E+0
7.067531E+3	9.906000E-6	1.258030E+4	0.000000E+0	0.000000E+0
7.070535E+3	9.905500E-6	1.258030E+4	0.000000E+0	0.000000E+0
7.073530E+3	9.905500E-6	1.258030E+4	0.000000E+0	0.000000E+0
7.076537E+3	9.905500E-6	1.258030E+4	0.000000E+0	0.000000E+0
7.079531E+3	9.905600E-6	1.258030E+4	0.000000E+0	0.000000E+0
7.082535E+3	9.905500E-6	1.258030E+4	0.000000E+0	0.000000E+0
7.085532E+3	9.905200E-6	1.258040E+4	0.000000E+0	0.000000E+0
7.088543E+3	9.904700E-6	1.258040E+4	0.000000E+0	0.000000E+0
7.091534E+3	9.904500E-6	1.258040E+4	0.000000E+0	0.000000E+0
7.094530E+3	9.905000E-6	1.258040E+4	0.000000E+0	0.000000E+0
7.097533E+3	9.904400E-6	1.258050E+4	0.000000E+0	0.000000E+0
7.100530E+3	9.903900E-6	1.258070E+4	0.000000E+0	0.000000E+0
7.103532E+3	9.904100E-6	1.258080E+4	0.000000E+0	0.000000E+0
7.106532E+3	9.904400E-6	1.258090E+4	0.000000E+0	0.000000E+0
7.109535E+3	9.904100E-6	1.258110E+4	0.000000E+0	0.000000E+0
7.112530E+3	9.903100E-6	1.258110E+4	0.000000E+0	0.000000E+0
7.115533E+3	9.903200E-6	1.258120E+4	0.000000E+0	0.000000E+0
7.118530E+3	9.903100E-6	1.258130E+4	0.000000E+0	0.000000E+0
7.121531E+3	9.904000E-6	1.258120E+4	0.000000E+0	0.000000E+0
7.124531E+3	9.903400E-6	1.258120E+4	0.000000E+0	0.000000E+0
7.127531E+3	9.903600E-6	1.258130E+4	0.000000E+0	0.000000E+0
7.130530E+3	9.903100E-6	1.258120E+4	0.000000E+0	0.000000E+0
7.133530E+3	9.902900E-6	1.258120E+4	0.000000E+0	0.000000E+0
7.136527E+3	9.902900E-6	1.258120E+4	0.000000E+0	0.000000E+0
7.139529E+3	9.903300E-6	1.258120E+4	0.000000E+0	0.000000E+0
7.142539E+3	9.902100E-6	1.258110E+4	0.000000E+0	0.000000E+0
7.145539E+3	9.902300E-6	1.258120E+4	0.000000E+0	0.000000E+0
7.148530E+3	9.901700E-6	1.258110E+4	0.000000E+0	0.000000E+0
7.151530E+3	9.902100E-6	1.258110E+4	0.000000E+0	0.000000E+0
7.154530E+3	9.901400E-6	1.258100E+4	0.000000E+0	0.000000E+0
7.157534E+3	9.902300E-6	1.258100E+4	0.000000E+0	0.000000E+0
7.160530E+3	9.902100E-6	1.258090E+4	0.000000E+0	0.000000E+0
7.163529E+3	9.901700E-6	1.258080E+4	0.000000E+0	0.000000E+0
7.166528E+3	9.901300E-6	1.258080E+4	0.000000E+0	0.000000E+0
7.169525E+3	9.901700E-6	1.258070E+4	0.000000E+0	0.000000E+0
7.172522E+3	9.901300E-6	1.258070E+4	0.000000E+0	0.000000E+0
7.175520E+3	9.901200E-6	1.258070E+4	0.000000E+0	0.000000E+0
7.178519E+3	9.901500E-6	1.258070E+4	0.000000E+0	0.000000E+0
7.181527E+3	9.901100E-6	1.258070E+4	0.000000E+0	0.000000E+0
7.184520E+3	9.900700E-6	1.258070E+4	0.000000E+0	0.000000E+0
7.187522E+3	9.901300E-6	1.258070E+4	0.000000E+0	0.000000E+0
7.190515E+3	9.901100E-6	1.258070E+4	0.000000E+0	0.000000E+0
7.193526E+3	9.900900E-6	1.258080E+4	0.000000E+0	0.000000E+0
7.196529E+3	9.901200E-6	1.258070E+4	0.000000E+0	0.000000E+0
7.199534E+3	9.900700E-6	1.258060E+4	0.000000E+0	0.000000E+0
7.202526E+3	9.900400E-6	1.258050E+4	0.000000E+0	0.000000E+0
7.205525E+3	9.900000E-6	1.258040E+4	0.000000E+0	0.000000E+0
7.208520E+3	9.900100E-6	1.258030E+4	0.000000E+0	0.000000E+0
7.211528E+3	9.900400E-6	1.258030E+4	0.000000E+0	0.000000E+0
