
Medición hecha el 2026-10-01  07:10 p.m.

Medición de corriente y tensión en el tiempo con posibilidad de inyectar corriente.
Tiempo	Corriente	Tensión
3.353000E+0	1.011230E-4	1.214880E+4	0.000000E+0	0.000000E+0
7.267000E+0	1.011190E-4	1.214900E+4	0.000000E+0	0.000000E+0
1.127200E+1	1.011080E-4	1.214910E+4	0.000000E+0	0.000000E+0
1.527200E+1	1.011040E-4	1.214910E+4	0.000000E+0	0.000000E+0
1.927000E+1	1.010940E-4	1.214930E+4	0.000000E+0	0.000000E+0
2.326900E+1	1.010920E-4	1.214930E+4	0.000000E+0	0.000000E+0
2.726500E+1	1.010800E-4	1.214920E+4	0.000000E+0	0.000000E+0
3.127000E+1	1.010760E-4	1.214890E+4	0.000000E+0	0.000000E+0
3.526800E+1	1.010660E-4	1.214890E+4	0.000000E+0	0.000000E+0
3.926800E+1	1.010640E-4	1.214890E+4	0.000000E+0	0.000000E+0
4.326500E+1	1.010540E-4	1.214880E+4	0.000000E+0	0.000000E+0
4.726800E+1	1.010540E-4	1.214870E+4	0.000000E+0	0.000000E+0
5.126500E+1	1.010430E-4	1.214860E+4	0.000000E+0	0.000000E+0
5.526600E+1	1.010440E-4	1.214850E+4	0.000000E+0	0.000000E+0
5.926500E+1	1.010320E-4	1.214850E+4	0.000000E+0	0.000000E+0
6.326700E+1	1.010320E-4	1.214850E+4	0.000000E+0	0.000000E+0
6.726600E+1	1.010200E-4	1.214820E+4	0.000000E+0	0.000000E+0
7.126600E+1	1.010230E-4	1.214810E+4	0.000000E+0	0.000000E+0
7.526600E+1	1.010130E-4	1.214790E+4	0.000000E+0	0.000000E+0
7.926900E+1	1.010090E-4	1.214780E+4	0.000000E+0	0.000000E+0
8.326800E+1	1.010020E-4	1.214770E+4	0.000000E+0	0.000000E+0
8.726900E+1	1.009990E-4	1.214760E+4	0.000000E+0	0.000000E+0
9.126600E+1	1.009920E-4	1.214750E+4	0.000000E+0	0.000000E+0
9.526500E+1	1.009910E-4	1.214740E+4	0.000000E+0	0.000000E+0
9.926700E+1	1.009820E-4	1.214710E+4	0.000000E+0	0.000000E+0
1.032670E+2	1.009890E-4	1.214690E+4	0.000000E+0	0.000000E+0
1.072650E+2	1.009760E-4	1.214660E+4	0.000000E+0	0.000000E+0
1.112680E+2	1.009740E-4	1.214620E+4	0.000000E+0	0.000000E+0
1.152690E+2	1.009620E-4	1.214610E+4	0.000000E+0	0.000000E+0
1.192680E+2	1.009660E-4	1.214580E+4	0.000000E+0	0.000000E+0
1.232670E+2	1.009570E-4	1.214570E+4	0.000000E+0	0.000000E+0
1.272640E+2	1.009540E-4	1.214550E+4	0.000000E+0	0.000000E+0
1.312680E+2	1.009510E-4	1.214510E+4	0.000000E+0	0.000000E+0
1.352670E+2	1.009480E-4	1.214470E+4	0.000000E+0	0.000000E+0
1.392650E+2	1.009450E-4	1.214430E+4	0.000000E+0	0.000000E+0
1.432680E+2	1.009410E-4	1.214380E+4	0.000000E+0	0.000000E+0
1.472690E+2	1.009310E-4	1.214350E+4	0.000000E+0	0.000000E+0
1.512680E+2	1.009320E-4	1.214280E+4	0.000000E+0	0.000000E+0
1.552660E+2	1.009280E-4	1.214220E+4	0.000000E+0	0.000000E+0
1.592680E+2	1.009280E-4	1.214180E+4	0.000000E+0	0.000000E+0
1.632680E+2	1.009190E-4	1.214160E+4	0.000000E+0	0.000000E+0
1.672660E+2	1.009200E-4	1.214160E+4	0.000000E+0	0.000000E+0
1.712640E+2	1.009120E-4	1.214160E+4	0.000000E+0	0.000000E+0
1.752670E+2	1.009110E-4	1.214130E+4	0.000000E+0	0.000000E+0
1.792660E+2	1.009020E-4	1.214100E+4	0.000000E+0	0.000000E+0
1.832640E+2	1.009060E-4	1.214090E+4	0.000000E+0	0.000000E+0
1.872640E+2	1.009010E-4	1.214050E+4	0.000000E+0	0.000000E+0
1.912700E+2	1.009000E-4	1.214030E+4	0.000000E+0	0.000000E+0
1.952670E+2	1.008910E-4	1.214010E+4	0.000000E+0	0.000000E+0
1.992650E+2	1.008910E-4	1.213980E+4	0.000000E+0	0.000000E+0
2.032670E+2	1.008810E-4	1.213950E+4	0.000000E+0	0.000000E+0
2.072700E+2	1.008860E-4	1.213940E+4	0.000000E+0	0.000000E+0
2.112670E+2	1.008760E-4	1.213910E+4	0.000000E+0	0.000000E+0
2.152650E+2	1.008780E-4	1.213870E+4	0.000000E+0	0.000000E+0
2.192670E+2	1.008720E-4	1.213850E+4	0.000000E+0	0.000000E+0
2.232700E+2	1.008730E-4	1.213810E+4	0.000000E+0	0.000000E+0
2.272710E+2	1.008640E-4	1.213790E+4	0.000000E+0	0.000000E+0
2.312680E+2	1.008650E-4	1.213780E+4	0.000000E+0	0.000000E+0
2.352650E+2	1.008590E-4	1.213760E+4	0.000000E+0	0.000000E+0
2.392650E+2	1.008610E-4	1.213740E+4	0.000000E+0	0.000000E+0
2.432660E+2	1.008490E-4	1.213690E+4	0.000000E+0	0.000000E+0
2.472710E+2	1.008550E-4	1.213650E+4	0.000000E+0	0.000000E+0
2.512660E+2	1.008440E-4	1.213620E+4	0.000000E+0	0.000000E+0
2.552660E+2	1.008430E-4	1.213590E+4	0.000000E+0	0.000000E+0
2.592670E+2	1.008400E-4	1.213570E+4	0.000000E+0	0.000000E+0
2.632700E+2	1.008420E-4	1.213570E+4	0.000000E+0	0.000000E+0
2.672730E+2	1.008350E-4	1.213560E+4	0.000000E+0	0.000000E+0
2.712720E+2	1.008340E-4	1.213550E+4	0.000000E+0	0.000000E+0
2.752690E+2	1.008260E-4	1.213530E+4	0.000000E+0	0.000000E+0
2.792680E+2	1.008290E-4	1.213520E+4	0.000000E+0	0.000000E+0
2.832650E+2	1.008210E-4	1.213490E+4	0.000000E+0	0.000000E+0
2.872690E+2	1.008210E-4	1.213460E+4	0.000000E+0	0.000000E+0
2.912680E+2	1.008160E-4	1.213420E+4	0.000000E+0	0.000000E+0
2.952680E+2	1.008180E-4	1.213350E+4	0.000000E+0	0.000000E+0
2.992660E+2	1.008120E-4	1.213280E+4	0.000000E+0	0.000000E+0
3.032700E+2	1.008140E-4	1.213230E+4	0.000000E+0	0.000000E+0
3.072710E+2	1.008040E-4	1.213160E+4	0.000000E+0	0.000000E+0
3.112690E+2	1.008090E-4	1.213100E+4	0.000000E+0	0.000000E+0
3.152660E+2	1.008020E-4	1.213060E+4	0.000000E+0	0.000000E+0
3.192700E+2	1.008050E-4	1.213030E+4	0.000000E+0	0.000000E+0
3.232690E+2	1.007950E-4	1.212990E+4	0.000000E+0	0.000000E+0
3.272660E+2	1.007990E-4	1.212970E+4	0.000000E+0	0.000000E+0
3.312640E+2	1.007910E-4	1.212950E+4	0.000000E+0	0.000000E+0
3.352680E+2	1.007940E-4	1.212910E+4	0.000000E+0	0.000000E+0
3.392690E+2	1.007900E-4	1.212840E+4	0.000000E+0	0.000000E+0
3.432690E+2	1.007880E-4	1.212790E+4	0.000000E+0	0.000000E+0
3.472670E+2	1.007820E-4	1.212760E+4	0.000000E+0	0.000000E+0
3.512700E+2	1.007850E-4	1.212730E+4	0.000000E+0	0.000000E+0
3.552730E+2	1.007790E-4	1.212730E+4	0.000000E+0	0.000000E+0
3.592730E+2	1.007790E-4	1.212720E+4	0.000000E+0	0.000000E+0
3.632730E+2	1.007720E-4	1.212670E+4	0.000000E+0	0.000000E+0
3.672720E+2	1.007740E-4	1.212620E+4	0.000000E+0	0.000000E+0
3.712680E+2	1.007690E-4	1.212560E+4	0.000000E+0	0.000000E+0
3.752700E+2	1.007740E-4	1.212510E+4	0.000000E+0	0.000000E+0
3.792730E+2	1.007650E-4	1.212450E+4	0.000000E+0	0.000000E+0
3.832700E+2	1.007670E-4	1.212390E+4	0.000000E+0	0.000000E+0
3.872680E+2	1.007610E-4	1.212340E+4	0.000000E+0	0.000000E+0
3.912710E+2	1.007650E-4	1.212290E+4	0.000000E+0	0.000000E+0
3.952710E+2	1.007550E-4	1.212220E+4	0.000000E+0	0.000000E+0
3.992710E+2	1.007580E-4	1.212190E+4	0.000000E+0	0.000000E+0
4.032660E+2	1.007520E-4	1.212130E+4	0.000000E+0	0.000000E+0
4.072700E+2	1.007550E-4	1.212100E+4	0.000000E+0	0.000000E+0
4.112740E+2	1.007480E-4	1.212070E+4	0.000000E+0	0.000000E+0
4.152720E+2	1.007480E-4	1.212060E+4	0.000000E+0	0.000000E+0
4.192690E+2	1.007450E-4	1.212050E+4	0.000000E+0	0.000000E+0
4.232720E+2	1.007440E-4	1.212020E+4	0.000000E+0	0.000000E+0
4.272690E+2	1.007370E-4	1.211980E+4	0.000000E+0	0.000000E+0
4.312690E+2	1.007430E-4	1.211940E+4	0.000000E+0	0.000000E+0
4.352670E+2	1.007350E-4	1.211910E+4	0.000000E+0	0.000000E+0
4.392720E+2	1.007350E-4	1.211870E+4	0.000000E+0	0.000000E+0
4.432680E+2	1.007290E-4	1.211850E+4	0.000000E+0	0.000000E+0
4.472700E+2	1.007290E-4	1.211810E+4	0.000000E+0	0.000000E+0
4.512680E+2	1.007230E-4	1.211770E+4	0.000000E+0	0.000000E+0
4.552710E+2	1.007280E-4	1.211720E+4	0.000000E+0	0.000000E+0
4.592680E+2	1.007170E-4	1.211670E+4	0.000000E+0	0.000000E+0
4.632680E+2	1.007210E-4	1.211630E+4	0.000000E+0	0.000000E+0
4.672660E+2	1.007150E-4	1.211590E+4	0.000000E+0	0.000000E+0
4.712670E+2	1.007180E-4	1.211560E+4	0.000000E+0	0.000000E+0
4.752700E+2	1.007090E-4	1.211530E+4	0.000000E+0	0.000000E+0
4.792690E+2	1.007140E-4	1.211510E+4	0.000000E+0	0.000000E+0
4.832660E+2	1.007060E-4	1.211480E+4	0.000000E+0	0.000000E+0
4.872690E+2	1.007120E-4	1.211470E+4	0.000000E+0	0.000000E+0
4.912710E+2	1.006980E-4	1.211460E+4	0.000000E+0	0.000000E+0
4.952690E+2	1.007090E-4	1.211420E+4	0.000000E+0	0.000000E+0
4.992690E+2	1.006990E-4	1.211400E+4	0.000000E+0	0.000000E+0
5.032700E+2	1.007030E-4	1.211360E+4	0.000000E+0	0.000000E+0
5.072720E+2	1.006980E-4	1.211290E+4	0.000000E+0	0.000000E+0
5.112710E+2	1.007020E-4	1.211270E+4	0.000000E+0	0.000000E+0
5.152670E+2	1.006940E-4	1.211250E+4	0.000000E+0	0.000000E+0
5.192700E+2	1.006990E-4	1.211210E+4	0.000000E+0	0.000000E+0
5.232670E+2	1.006900E-4	1.211190E+4	0.000000E+0	0.000000E+0
5.272660E+2	1.006930E-4	1.211180E+4	0.000000E+0	0.000000E+0
5.312630E+2	1.006880E-4	1.211150E+4	0.000000E+0	0.000000E+0
5.352750E+2	1.006870E-4	1.211140E+4	0.000000E+0	0.000000E+0
5.392710E+2	1.006800E-4	1.211110E+4	0.000000E+0	0.000000E+0
5.432700E+2	1.006840E-4	1.211090E+4	0.000000E+0	0.000000E+0
5.472660E+2	1.006790E-4	1.211080E+4	0.000000E+0	0.000000E+0
5.512680E+2	1.006800E-4	1.211060E+4	0.000000E+0	0.000000E+0
5.552710E+2	1.006740E-4	1.211040E+4	0.000000E+0	0.000000E+0
5.592710E+2	1.006790E-4	1.211020E+4	0.000000E+0	0.000000E+0
5.632640E+2	1.006710E-4	1.211010E+4	0.000000E+0	0.000000E+0
5.672650E+2	1.006720E-4	1.210980E+4	0.000000E+0	0.000000E+0
5.712690E+2	1.006700E-4	1.210970E+4	0.000000E+0	0.000000E+0
5.752710E+2	1.006720E-4	1.210930E+4	0.000000E+0	0.000000E+0
5.792670E+2	1.006640E-4	1.210910E+4	0.000000E+0	0.000000E+0
5.832710E+2	1.006690E-4	1.210880E+4	0.000000E+0	0.000000E+0
5.872720E+2	1.006610E-4	1.210860E+4	0.000000E+0	0.000000E+0
5.912700E+2	1.006650E-4	1.210820E+4	0.000000E+0	0.000000E+0
5.952670E+2	1.006560E-4	1.210800E+4	0.000000E+0	0.000000E+0
5.992690E+2	1.006610E-4	1.210770E+4	0.000000E+0	0.000000E+0
6.032680E+2	1.006520E-4	1.210750E+4	0.000000E+0	0.000000E+0
6.072680E+2	1.006570E-4	1.210740E+4	0.000000E+0	0.000000E+0
6.112680E+2	1.006520E-4	1.210740E+4	0.000000E+0	0.000000E+0
6.152680E+2	1.006550E-4	1.210710E+4	0.000000E+0	0.000000E+0
6.192710E+2	1.006490E-4	1.210680E+4	0.000000E+0	0.000000E+0
6.232710E+2	1.006520E-4	1.210640E+4	0.000000E+0	0.000000E+0
6.272680E+2	1.006450E-4	1.210600E+4	0.000000E+0	0.000000E+0
6.312710E+2	1.006480E-4	1.210550E+4	0.000000E+0	0.000000E+0
6.352680E+2	1.006400E-4	1.210510E+4	0.000000E+0	0.000000E+0
6.392680E+2	1.006440E-4	1.210470E+4	0.000000E+0	0.000000E+0
6.432680E+2	1.006370E-4	1.210440E+4	0.000000E+0	0.000000E+0
6.472720E+2	1.006400E-4	1.210410E+4	0.000000E+0	0.000000E+0
6.512660E+2	1.006350E-4	1.210370E+4	0.000000E+0	0.000000E+0
6.552660E+2	1.006380E-4	1.210310E+4	0.000000E+0	0.000000E+0
6.592660E+2	1.006290E-4	1.210240E+4	0.000000E+0	0.000000E+0
6.632740E+2	1.006340E-4	1.210180E+4	0.000000E+0	0.000000E+0
6.672700E+2	1.006260E-4	1.210100E+4	0.000000E+0	0.000000E+0
6.712690E+2	1.006310E-4	1.210030E+4	0.000000E+0	0.000000E+0
6.752650E+2	1.006260E-4	1.209970E+4	0.000000E+0	0.000000E+0
6.792700E+2	1.006330E-4	1.209920E+4	0.000000E+0	0.000000E+0
6.832670E+2	1.006260E-4	1.209860E+4	0.000000E+0	0.000000E+0
6.872670E+2	1.006270E-4	1.209820E+4	0.000000E+0	0.000000E+0
6.912670E+2	1.006210E-4	1.209810E+4	0.000000E+0	0.000000E+0
6.952710E+2	1.006220E-4	1.209780E+4	0.000000E+0	0.000000E+0
6.992700E+2	1.006180E-4	1.209790E+4	0.000000E+0	0.000000E+0
7.032680E+2	1.006180E-4	1.209770E+4	0.000000E+0	0.000000E+0
7.072680E+2	1.006170E-4	1.209740E+4	0.000000E+0	0.000000E+0
7.112730E+2	1.006150E-4	1.209680E+4	0.000000E+0	0.000000E+0
7.152690E+2	1.006110E-4	1.209630E+4	0.000000E+0	0.000000E+0
7.192690E+2	1.006150E-4	1.209570E+4	0.000000E+0	0.000000E+0
7.232640E+2	1.006090E-4	1.209540E+4	0.000000E+0	0.000000E+0
7.272690E+2	1.006120E-4	1.209500E+4	0.000000E+0	0.000000E+0
7.312690E+2	1.006050E-4	1.209470E+4	0.000000E+0	0.000000E+0
7.352670E+2	1.006100E-4	1.209440E+4	0.000000E+0	0.000000E+0
7.392710E+2	1.006080E-4	1.209420E+4	0.000000E+0	0.000000E+0
7.432740E+2	1.006070E-4	1.209390E+4	0.000000E+0	0.000000E+0
7.472690E+2	1.006000E-4	1.209360E+4	0.000000E+0	0.000000E+0
7.512690E+2	1.006030E-4	1.209310E+4	0.000000E+0	0.000000E+0
7.552690E+2	1.005970E-4	1.209270E+4	0.000000E+0	0.000000E+0
7.592680E+2	1.005970E-4	1.209220E+4	0.000000E+0	0.000000E+0
7.632700E+2	1.005890E-4	1.209170E+4	0.000000E+0	0.000000E+0
7.672680E+2	1.005930E-4	1.209140E+4	0.000000E+0	0.000000E+0
7.712670E+2	1.005910E-4	1.209120E+4	0.000000E+0	0.000000E+0
7.752680E+2	1.005920E-4	1.209110E+4	0.000000E+0	0.000000E+0
7.792680E+2	1.005830E-4	1.209100E+4	0.000000E+0	0.000000E+0
7.832680E+2	1.005900E-4	1.209070E+4	0.000000E+0	0.000000E+0
7.872650E+2	1.005840E-4	1.209070E+4	0.000000E+0	0.000000E+0
7.912690E+2	1.005840E-4	1.209020E+4	0.000000E+0	0.000000E+0
7.952710E+2	1.005830E-4	1.208960E+4	0.000000E+0	0.000000E+0
7.992690E+2	1.005850E-4	1.208900E+4	0.000000E+0	0.000000E+0
8.032690E+2	1.005760E-4	1.208860E+4	0.000000E+0	0.000000E+0
8.072700E+2	1.005810E-4	1.208780E+4	0.000000E+0	0.000000E+0
8.112710E+2	1.005750E-4	1.208730E+4	0.000000E+0	0.000000E+0
8.152710E+2	1.005770E-4	1.208720E+4	0.000000E+0	0.000000E+0
8.192710E+2	1.005690E-4	1.208710E+4	0.000000E+0	0.000000E+0
8.232700E+2	1.005750E-4	1.208710E+4	0.000000E+0	0.000000E+0
8.272670E+2	1.005690E-4	1.208670E+4	0.000000E+0	0.000000E+0
8.312700E+2	1.005720E-4	1.208640E+4	0.000000E+0	0.000000E+0
8.352650E+2	1.005640E-4	1.208600E+4	0.000000E+0	0.000000E+0
8.392690E+2	1.005720E-4	1.208550E+4	0.000000E+0	0.000000E+0
8.432700E+2	1.005650E-4	1.208490E+4	0.000000E+0	0.000000E+0
8.472700E+2	1.005700E-4	1.208430E+4	0.000000E+0	0.000000E+0
8.512670E+2	1.005650E-4	1.208370E+4	0.000000E+0	0.000000E+0
8.552710E+2	1.005660E-4	1.208320E+4	0.000000E+0	0.000000E+0
8.592650E+2	1.005570E-4	1.208280E+4	0.000000E+0	0.000000E+0
8.632680E+2	1.005660E-4	1.208250E+4	0.000000E+0	0.000000E+0
8.672650E+2	1.005540E-4	1.208240E+4	0.000000E+0	0.000000E+0
8.712750E+2	1.005630E-4	1.208250E+4	0.000000E+0	0.000000E+0
8.752700E+2	1.005540E-4	1.208230E+4	0.000000E+0	0.000000E+0
8.792680E+2	1.005570E-4	1.208190E+4	0.000000E+0	0.000000E+0
8.832680E+2	1.005540E-4	1.208140E+4	0.000000E+0	0.000000E+0
8.872690E+2	1.005520E-4	1.208090E+4	0.000000E+0	0.000000E+0
8.912740E+2	1.005490E-4	1.208030E+4	0.000000E+0	0.000000E+0
8.952760E+2	1.005490E-4	1.207980E+4	0.000000E+0	0.000000E+0
8.992660E+2	1.005460E-4	1.207930E+4	0.000000E+0	0.000000E+0
9.032690E+2	1.005490E-4	1.207880E+4	0.000000E+0	0.000000E+0
9.072670E+2	1.005430E-4	1.207810E+4	0.000000E+0	0.000000E+0
9.112720E+2	1.005470E-4	1.207760E+4	0.000000E+0	0.000000E+0
9.152640E+2	1.005440E-4	1.207690E+4	0.000000E+0	0.000000E+0
9.192690E+2	1.005470E-4	1.207670E+4	0.000000E+0	0.000000E+0
9.232650E+2	1.005380E-4	1.207620E+4	0.000000E+0	0.000000E+0
9.272720E+2	1.005450E-4	1.207580E+4	0.000000E+0	0.000000E+0
9.312670E+2	1.005360E-4	1.207540E+4	0.000000E+0	0.000000E+0
9.352670E+2	1.005410E-4	1.207490E+4	0.000000E+0	0.000000E+0
9.392680E+2	1.005310E-4	1.207450E+4	0.000000E+0	0.000000E+0
9.432710E+2	1.005380E-4	1.207370E+4	0.000000E+0	0.000000E+0
9.472680E+2	1.005320E-4	1.207320E+4	0.000000E+0	0.000000E+0
9.512700E+2	1.005340E-4	1.207260E+4	0.000000E+0	0.000000E+0
9.552660E+2	1.005280E-4	1.207210E+4	0.000000E+0	0.000000E+0
9.592680E+2	1.005320E-4	1.207160E+4	0.000000E+0	0.000000E+0
9.633040E+2	1.005260E-4	1.207130E+4	0.000000E+0	0.000000E+0
9.672680E+2	1.005290E-4	1.207120E+4	0.000000E+0	0.000000E+0
9.712640E+2	1.005260E-4	1.207120E+4	0.000000E+0	0.000000E+0
9.752670E+2	1.005290E-4	1.207110E+4	0.000000E+0	0.000000E+0
9.792640E+2	1.005230E-4	1.207100E+4	0.000000E+0	0.000000E+0
9.832690E+2	1.005270E-4	1.207100E+4	0.000000E+0	0.000000E+0
9.872660E+2	1.005220E-4	1.207070E+4	0.000000E+0	0.000000E+0
9.912670E+2	1.005220E-4	1.207040E+4	0.000000E+0	0.000000E+0
9.952690E+2	1.005170E-4	1.206990E+4	0.000000E+0	0.000000E+0
9.992690E+2	1.005240E-4	1.206950E+4	0.000000E+0	0.000000E+0
1.003265E+3	1.005150E-4	1.206890E+4	0.000000E+0	0.000000E+0
1.007269E+3	1.005180E-4	1.206840E+4	0.000000E+0	0.000000E+0
1.011267E+3	1.005100E-4	1.206800E+4	0.000000E+0	0.000000E+0
1.015265E+3	1.005130E-4	1.206760E+4	0.000000E+0	0.000000E+0
1.019265E+3	1.005060E-4	1.206720E+4	0.000000E+0	0.000000E+0
1.023270E+3	1.005100E-4	1.206680E+4	0.000000E+0	0.000000E+0
1.027268E+3	1.005060E-4	1.206640E+4	0.000000E+0	0.000000E+0
1.031266E+3	1.005090E-4	1.206580E+4	0.000000E+0	0.000000E+0
1.035266E+3	1.005020E-4	1.206540E+4	0.000000E+0	0.000000E+0
1.039271E+3	1.005090E-4	1.206500E+4	0.000000E+0	0.000000E+0
1.043269E+3	1.005010E-4	1.206470E+4	0.000000E+0	0.000000E+0
1.047269E+3	1.005070E-4	1.206440E+4	0.000000E+0	0.000000E+0
1.051269E+3	1.004980E-4	1.206430E+4	0.000000E+0	0.000000E+0
1.055268E+3	1.005050E-4	1.206420E+4	0.000000E+0	0.000000E+0
1.059268E+3	1.004940E-4	1.206410E+4	0.000000E+0	0.000000E+0
1.063267E+3	1.004990E-4	1.206400E+4	0.000000E+0	0.000000E+0
1.067266E+3	1.004920E-4	1.206370E+4	0.000000E+0	0.000000E+0
1.071272E+3	1.004980E-4	1.206320E+4	0.000000E+0	0.000000E+0
1.075269E+3	1.004930E-4	1.206280E+4	0.000000E+0	0.000000E+0
1.079267E+3	1.004920E-4	1.206230E+4	0.000000E+0	0.000000E+0
1.083265E+3	1.004850E-4	1.206190E+4	0.000000E+0	0.000000E+0
1.087269E+3	1.004870E-4	1.206130E+4	0.000000E+0	0.000000E+0
1.091270E+3	1.004820E-4	1.206090E+4	0.000000E+0	0.000000E+0
1.095270E+3	1.004880E-4	1.206040E+4	0.000000E+0	0.000000E+0
1.099265E+3	1.004800E-4	1.206000E+4	0.000000E+0	0.000000E+0
1.103268E+3	1.004880E-4	1.205960E+4	0.000000E+0	0.000000E+0
1.107273E+3	1.004770E-4	1.205930E+4	0.000000E+0	0.000000E+0
1.111270E+3	1.004820E-4	1.205890E+4	0.000000E+0	0.000000E+0
1.115268E+3	1.004820E-4	1.205850E+4	0.000000E+0	0.000000E+0
1.119271E+3	1.004800E-4	1.205820E+4	0.000000E+0	0.000000E+0
1.123269E+3	1.004730E-4	1.205810E+4	0.000000E+0	0.000000E+0
1.127277E+3	1.004780E-4	1.205800E+4	0.000000E+0	0.000000E+0
1.131264E+3	1.004710E-4	1.205770E+4	0.000000E+0	0.000000E+0
1.135269E+3	1.004760E-4	1.205750E+4	0.000000E+0	0.000000E+0
1.139269E+3	1.004720E-4	1.205730E+4	0.000000E+0	0.000000E+0
1.143267E+3	1.004740E-4	1.205700E+4	0.000000E+0	0.000000E+0
1.147264E+3	1.004710E-4	1.205690E+4	0.000000E+0	0.000000E+0
1.151268E+3	1.004710E-4	1.205690E+4	0.000000E+0	0.000000E+0
1.155268E+3	1.004700E-4	1.205680E+4	0.000000E+0	0.000000E+0
1.159269E+3	1.004680E-4	1.205650E+4	0.000000E+0	0.000000E+0
1.163270E+3	1.004630E-4	1.205630E+4	0.000000E+0	0.000000E+0
1.167272E+3	1.004670E-4	1.205590E+4	0.000000E+0	0.000000E+0
1.171267E+3	1.004640E-4	1.205540E+4	0.000000E+0	0.000000E+0
1.175267E+3	1.004670E-4	1.205490E+4	0.000000E+0	0.000000E+0
1.179270E+3	1.004610E-4	1.205430E+4	0.000000E+0	0.000000E+0
1.183273E+3	1.004640E-4	1.205390E+4	0.000000E+0	0.000000E+0
1.187267E+3	1.004560E-4	1.205340E+4	0.000000E+0	0.000000E+0
1.191268E+3	1.004630E-4	1.205290E+4	0.000000E+0	0.000000E+0
1.195268E+3	1.004580E-4	1.205250E+4	0.000000E+0	0.000000E+0
1.199273E+3	1.004580E-4	1.205220E+4	0.000000E+0	0.000000E+0
1.203268E+3	1.004550E-4	1.205190E+4	0.000000E+0	0.000000E+0
1.207268E+3	1.004570E-4	1.205160E+4	0.000000E+0	0.000000E+0
1.211268E+3	1.004540E-4	1.205130E+4	0.000000E+0	0.000000E+0
1.215271E+3	1.004560E-4	1.205110E+4	0.000000E+0	0.000000E+0
1.219266E+3	1.004480E-4	1.205060E+4	0.000000E+0	0.000000E+0
1.223272E+3	1.004520E-4	1.205020E+4	0.000000E+0	0.000000E+0
1.227269E+3	1.004480E-4	1.204970E+4	0.000000E+0	0.000000E+0
1.231270E+3	1.004540E-4	1.204930E+4	0.000000E+0	0.000000E+0
1.235267E+3	1.004450E-4	1.204900E+4	0.000000E+0	0.000000E+0
1.239267E+3	1.004490E-4	1.204870E+4	0.000000E+0	0.000000E+0
1.243266E+3	1.004430E-4	1.204860E+4	0.000000E+0	0.000000E+0
1.247272E+3	1.004490E-4	1.204830E+4	0.000000E+0	0.000000E+0
1.251270E+3	1.004400E-4	1.204830E+4	0.000000E+0	0.000000E+0
1.255270E+3	1.004470E-4	1.204810E+4	0.000000E+0	0.000000E+0
1.259265E+3	1.004410E-4	1.204800E+4	0.000000E+0	0.000000E+0
1.263268E+3	1.004440E-4	1.204830E+4	0.000000E+0	0.000000E+0
1.267273E+3	1.004380E-4	1.204830E+4	0.000000E+0	0.000000E+0
1.271273E+3	1.004400E-4	1.204810E+4	0.000000E+0	0.000000E+0
1.275267E+3	1.004340E-4	1.204770E+4	0.000000E+0	0.000000E+0
1.279266E+3	1.004380E-4	1.204720E+4	0.000000E+0	0.000000E+0
1.283268E+3	1.004340E-4	1.204640E+4	0.000000E+0	0.000000E+0
1.287271E+3	1.004360E-4	1.204570E+4	0.000000E+0	0.000000E+0
1.291266E+3	1.004310E-4	1.204520E+4	0.000000E+0	0.000000E+0
1.295268E+3	1.004330E-4	1.204460E+4	0.000000E+0	0.000000E+0
1.299269E+3	1.004290E-4	1.204400E+4	0.000000E+0	0.000000E+0
1.303273E+3	1.004340E-4	1.204320E+4	0.000000E+0	0.000000E+0
1.307267E+3	1.004280E-4	1.204280E+4	0.000000E+0	0.000000E+0
1.311266E+3	1.004320E-4	1.204230E+4	0.000000E+0	0.000000E+0
1.315262E+3	1.004250E-4	1.204180E+4	0.000000E+0	0.000000E+0
1.319267E+3	1.004270E-4	1.204150E+4	0.000000E+0	0.000000E+0
1.323264E+3	1.004220E-4	1.204100E+4	0.000000E+0	0.000000E+0
1.327265E+3	1.004280E-4	1.204030E+4	0.000000E+0	0.000000E+0
1.331264E+3	1.004250E-4	1.203990E+4	0.000000E+0	0.000000E+0
1.335268E+3	1.004270E-4	1.203960E+4	0.000000E+0	0.000000E+0
1.339267E+3	1.004190E-4	1.203940E+4	0.000000E+0	0.000000E+0
1.343272E+3	1.004260E-4	1.203930E+4	0.000000E+0	0.000000E+0
1.347265E+3	1.004200E-4	1.203920E+4	0.000000E+0	0.000000E+0
1.351268E+3	1.004200E-4	1.203910E+4	0.000000E+0	0.000000E+0
1.355267E+3	1.004160E-4	1.203880E+4	0.000000E+0	0.000000E+0
1.359265E+3	1.004200E-4	1.203880E+4	0.000000E+0	0.000000E+0
1.363265E+3	1.004130E-4	1.203830E+4	0.000000E+0	0.000000E+0
1.367270E+3	1.004200E-4	1.203800E+4	0.000000E+0	0.000000E+0
1.371268E+3	1.004140E-4	1.203760E+4	0.000000E+0	0.000000E+0
1.375266E+3	1.004170E-4	1.203710E+4	0.000000E+0	0.000000E+0
1.379268E+3	1.004100E-4	1.203660E+4	0.000000E+0	0.000000E+0
1.383269E+3	1.004130E-4	1.203610E+4	0.000000E+0	0.000000E+0
1.387266E+3	1.004080E-4	1.203560E+4	0.000000E+0	0.000000E+0
1.391266E+3	1.004140E-4	1.203520E+4	0.000000E+0	0.000000E+0
1.395264E+3	1.004050E-4	1.203480E+4	0.000000E+0	0.000000E+0
1.399269E+3	1.004080E-4	1.203460E+4	0.000000E+0	0.000000E+0
1.403266E+3	1.004030E-4	1.203450E+4	0.000000E+0	0.000000E+0
1.407266E+3	1.004100E-4	1.203440E+4	0.000000E+0	0.000000E+0
1.411265E+3	1.003980E-4	1.203460E+4	0.000000E+0	0.000000E+0
1.415272E+3	1.004050E-4	1.203470E+4	0.000000E+0	0.000000E+0
1.419265E+3	1.004000E-4	1.203460E+4	0.000000E+0	0.000000E+0
1.423267E+3	1.004040E-4	1.203480E+4	0.000000E+0	0.000000E+0
1.427265E+3	1.004020E-4	1.203480E+4	0.000000E+0	0.000000E+0
1.431273E+3	1.004050E-4	1.203470E+4	0.000000E+0	0.000000E+0
1.435267E+3	1.004000E-4	1.203410E+4	0.000000E+0	0.000000E+0
1.439267E+3	1.004030E-4	1.203380E+4	0.000000E+0	0.000000E+0
1.443265E+3	1.003960E-4	1.203330E+4	0.000000E+0	0.000000E+0
1.447268E+3	1.003990E-4	1.203290E+4	0.000000E+0	0.000000E+0
1.451265E+3	1.003950E-4	1.203260E+4	0.000000E+0	0.000000E+0
1.455266E+3	1.003980E-4	1.203230E+4	0.000000E+0	0.000000E+0
1.459260E+3	1.003910E-4	1.203200E+4	0.000000E+0	0.000000E+0
1.463269E+3	1.003980E-4	1.203160E+4	0.000000E+0	0.000000E+0
1.467268E+3	1.003930E-4	1.203120E+4	0.000000E+0	0.000000E+0
1.471269E+3	1.003920E-4	1.203100E+4	0.000000E+0	0.000000E+0
1.475267E+3	1.003910E-4	1.203080E+4	0.000000E+0	0.000000E+0
1.479268E+3	1.003950E-4	1.203040E+4	0.000000E+0	0.000000E+0
1.483274E+3	1.003910E-4	1.203000E+4	0.000000E+0	0.000000E+0
1.487274E+3	1.003930E-4	1.202990E+4	0.000000E+0	0.000000E+0
1.491270E+3	1.003870E-4	1.202950E+4	0.000000E+0	0.000000E+0
1.495269E+3	1.003900E-4	1.202920E+4	0.000000E+0	0.000000E+0
1.499265E+3	1.003860E-4	1.202890E+4	0.000000E+0	0.000000E+0
1.503269E+3	1.003920E-4	1.202850E+4	0.000000E+0	0.000000E+0
1.507272E+3	1.003840E-4	1.202820E+4	0.000000E+0	0.000000E+0
1.511272E+3	1.003810E-4	1.202760E+4	0.000000E+0	0.000000E+0
1.515267E+3	1.003800E-4	1.202730E+4	0.000000E+0	0.000000E+0
1.519267E+3	1.003810E-4	1.202710E+4	0.000000E+0	0.000000E+0
1.523266E+3	1.003760E-4	1.202700E+4	0.000000E+0	0.000000E+0
1.527273E+3	1.003790E-4	1.202680E+4	0.000000E+0	0.000000E+0
1.531271E+3	1.003740E-4	1.202660E+4	0.000000E+0	0.000000E+0
1.535269E+3	1.003760E-4	1.202640E+4	0.000000E+0	0.000000E+0
1.539269E+3	1.003710E-4	1.202600E+4	0.000000E+0	0.000000E+0
1.543269E+3	1.003750E-4	1.202570E+4	0.000000E+0	0.000000E+0
1.547268E+3	1.003670E-4	1.202540E+4	0.000000E+0	0.000000E+0
1.551266E+3	1.003750E-4	1.202500E+4	0.000000E+0	0.000000E+0
1.555267E+3	1.003710E-4	1.202460E+4	0.000000E+0	0.000000E+0
1.559271E+3	1.003710E-4	1.202430E+4	0.000000E+0	0.000000E+0
1.563267E+3	1.003680E-4	1.202370E+4	0.000000E+0	0.000000E+0
1.567267E+3	1.003720E-4	1.202310E+4	0.000000E+0	0.000000E+0
1.571267E+3	1.003670E-4	1.202220E+4	0.000000E+0	0.000000E+0
1.575272E+3	1.008010E-4	1.202140E+4	0.000000E+0	0.000000E+0
1.579255E+3	1.011190E-4	1.202120E+4	0.000000E+0	0.000000E+0
1.583270E+3	1.010770E-4	1.202050E+4	0.000000E+0	0.000000E+0
1.587273E+3	1.010700E-4	1.201980E+4	0.000000E+0	0.000000E+0
1.591263E+3	1.010500E-4	1.201920E+4	0.000000E+0	0.000000E+0
1.595273E+3	1.010450E-4	1.201860E+4	0.000000E+0	0.000000E+0
1.599267E+3	1.010290E-4	1.201790E+4	0.000000E+0	0.000000E+0
1.603270E+3	1.010260E-4	1.201720E+4	0.000000E+0	0.000000E+0
1.607265E+3	1.010150E-4	1.201680E+4	0.000000E+0	0.000000E+0
1.611269E+3	1.010180E-4	1.201650E+4	0.000000E+0	0.000000E+0
1.615266E+3	1.010050E-4	1.201630E+4	0.000000E+0	0.000000E+0
1.619266E+3	1.010100E-4	1.201600E+4	0.000000E+0	0.000000E+0
1.623265E+3	1.009960E-4	1.201560E+4	0.000000E+0	0.000000E+0
1.627256E+3	1.010710E-4	1.201490E+4	0.000000E+0	0.000000E+0
1.631269E+3	1.010090E-4	1.201480E+4	0.000000E+0	0.000000E+0
1.635268E+3	1.009730E-4	1.201460E+4	0.000000E+0	0.000000E+0
1.639273E+3	1.009600E-4	1.201420E+4	0.000000E+0	0.000000E+0
1.643266E+3	1.009400E-4	1.201400E+4	0.000000E+0	0.000000E+0
1.647272E+3	1.009340E-4	1.201370E+4	0.000000E+0	0.000000E+0
1.651267E+3	1.009220E-4	1.201390E+4	0.000000E+0	0.000000E+0
1.655270E+3	1.009230E-4	1.201420E+4	0.000000E+0	0.000000E+0
1.659270E+3	1.009090E-4	1.201410E+4	0.000000E+0	0.000000E+0
1.663269E+3	1.009090E-4	1.201360E+4	0.000000E+0	0.000000E+0
1.667265E+3	1.008990E-4	1.201310E+4	0.000000E+0	0.000000E+0
1.671269E+3	1.008990E-4	1.201240E+4	0.000000E+0	0.000000E+0
1.675268E+3	1.008870E-4	1.201170E+4	0.000000E+0	0.000000E+0
1.679268E+3	1.008880E-4	1.201100E+4	0.000000E+0	0.000000E+0
1.683270E+3	1.008780E-4	1.201040E+4	0.000000E+0	0.000000E+0
1.687267E+3	1.008860E-4	1.201020E+4	0.000000E+0	0.000000E+0
1.691268E+3	1.008750E-4	1.201010E+4	0.000000E+0	0.000000E+0
1.695266E+3	1.008810E-4	1.200990E+4	0.000000E+0	0.000000E+0
1.699268E+3	1.008640E-4	1.200980E+4	0.000000E+0	0.000000E+0
1.703271E+3	1.008710E-4	1.200960E+4	0.000000E+0	0.000000E+0
1.707269E+3	1.008610E-4	1.200880E+4	0.000000E+0	0.000000E+0
1.711268E+3	1.008640E-4	1.200820E+4	0.000000E+0	0.000000E+0
1.715268E+3	1.008530E-4	1.200750E+4	0.000000E+0	0.000000E+0
1.719272E+3	1.008590E-4	1.200690E+4	0.000000E+0	0.000000E+0
1.723269E+3	1.008480E-4	1.200640E+4	0.000000E+0	0.000000E+0
1.727270E+3	1.008560E-4	1.200610E+4	0.000000E+0	0.000000E+0
1.731266E+3	1.008400E-4	1.200590E+4	0.000000E+0	0.000000E+0
1.735268E+3	1.008500E-4	1.200560E+4	0.000000E+0	0.000000E+0
1.739272E+3	1.008420E-4	1.200530E+4	0.000000E+0	0.000000E+0
1.743269E+3	1.008450E-4	1.200520E+4	0.000000E+0	0.000000E+0
1.747265E+3	1.008350E-4	1.200510E+4	0.000000E+0	0.000000E+0
1.751269E+3	1.008430E-4	1.200460E+4	0.000000E+0	0.000000E+0
1.755269E+3	1.008390E-4	1.200420E+4	0.000000E+0	0.000000E+0
1.759267E+3	1.008390E-4	1.200390E+4	0.000000E+0	0.000000E+0
1.763264E+3	1.008270E-4	1.200370E+4	0.000000E+0	0.000000E+0
1.767275E+3	1.008330E-4	1.200350E+4	0.000000E+0	0.000000E+0
1.771270E+3	1.008310E-4	1.200330E+4	0.000000E+0	0.000000E+0
1.775268E+3	1.008290E-4	1.200290E+4	0.000000E+0	0.000000E+0
1.779266E+3	1.008190E-4	1.200280E+4	0.000000E+0	0.000000E+0
1.783270E+3	1.008270E-4	1.200240E+4	0.000000E+0	0.000000E+0
1.787268E+3	1.008240E-4	1.200170E+4	0.000000E+0	0.000000E+0
1.791268E+3	1.008230E-4	1.200090E+4	0.000000E+0	0.000000E+0
1.795268E+3	1.008160E-4	1.200010E+4	0.000000E+0	0.000000E+0
1.799271E+3	1.008160E-4	1.199950E+4	0.000000E+0	0.000000E+0
1.803272E+3	1.008090E-4	1.199870E+4	0.000000E+0	0.000000E+0
1.807271E+3	1.008170E-4	1.199820E+4	0.000000E+0	0.000000E+0
1.811267E+3	1.008090E-4	1.199760E+4	0.000000E+0	0.000000E+0
1.815270E+3	1.008100E-4	1.199700E+4	0.000000E+0	0.000000E+0
1.819264E+3	1.008040E-4	1.199650E+4	0.000000E+0	0.000000E+0
1.823269E+3	1.008080E-4	1.199620E+4	0.000000E+0	0.000000E+0
1.827267E+3	1.008010E-4	1.199600E+4	0.000000E+0	0.000000E+0
1.831272E+3	1.008050E-4	1.199600E+4	0.000000E+0	0.000000E+0
1.835267E+3	1.008000E-4	1.199600E+4	0.000000E+0	0.000000E+0
1.839268E+3	1.008050E-4	1.199570E+4	0.000000E+0	0.000000E+0
1.843270E+3	1.007940E-4	1.199520E+4	0.000000E+0	0.000000E+0
1.847273E+3	1.008020E-4	1.199470E+4	0.000000E+0	0.000000E+0
1.851268E+3	1.007950E-4	1.199440E+4	0.000000E+0	0.000000E+0
1.855268E+3	1.008040E-4	1.199390E+4	0.000000E+0	0.000000E+0
1.859265E+3	1.007940E-4	1.199360E+4	0.000000E+0	0.000000E+0
1.863269E+3	1.007950E-4	1.199320E+4	0.000000E+0	0.000000E+0
1.867266E+3	1.007890E-4	1.199310E+4	0.000000E+0	0.000000E+0
1.871266E+3	1.007940E-4	1.199320E+4	0.000000E+0	0.000000E+0
1.875261E+3	1.007880E-4	1.199310E+4	0.000000E+0	0.000000E+0
1.879266E+3	1.007920E-4	1.199300E+4	0.000000E+0	0.000000E+0
1.883266E+3	1.007820E-4	1.199290E+4	0.000000E+0	0.000000E+0
1.887268E+3	1.007860E-4	1.199270E+4	0.000000E+0	0.000000E+0
1.891267E+3	1.007800E-4	1.199250E+4	0.000000E+0	0.000000E+0
1.895267E+3	1.007850E-4	1.199230E+4	0.000000E+0	0.000000E+0
1.899274E+3	1.007790E-4	1.199220E+4	0.000000E+0	0.000000E+0
1.903272E+3	1.007810E-4	1.199180E+4	0.000000E+0	0.000000E+0
1.907269E+3	1.007800E-4	1.199120E+4	0.000000E+0	0.000000E+0
1.911272E+3	1.007810E-4	1.199060E+4	0.000000E+0	0.000000E+0
1.915267E+3	1.007740E-4	1.198990E+4	0.000000E+0	0.000000E+0
1.919270E+3	1.007770E-4	1.198900E+4	0.000000E+0	0.000000E+0
1.923267E+3	1.007730E-4	1.198840E+4	0.000000E+0	0.000000E+0
1.927270E+3	1.007760E-4	1.198760E+4	0.000000E+0	0.000000E+0
1.931267E+3	1.007660E-4	1.198680E+4	0.000000E+0	0.000000E+0
1.935271E+3	1.007710E-4	1.198620E+4	0.000000E+0	0.000000E+0
1.939271E+3	1.007650E-4	1.198550E+4	0.000000E+0	0.000000E+0
1.943271E+3	1.007700E-4	1.198500E+4	0.000000E+0	0.000000E+0
1.947266E+3	1.007650E-4	1.198460E+4	0.000000E+0	0.000000E+0
1.951276E+3	1.007670E-4	1.198430E+4	0.000000E+0	0.000000E+0
1.955268E+3	1.007630E-4	1.198420E+4	0.000000E+0	0.000000E+0
1.959273E+3	1.007650E-4	1.198390E+4	0.000000E+0	0.000000E+0
1.963268E+3	1.007610E-4	1.198380E+4	0.000000E+0	0.000000E+0
1.967269E+3	1.007660E-4	1.198370E+4	0.000000E+0	0.000000E+0
1.971274E+3	1.007570E-4	1.198360E+4	0.000000E+0	0.000000E+0
1.975271E+3	1.007600E-4	1.198360E+4	0.000000E+0	0.000000E+0
1.979267E+3	1.007540E-4	1.198340E+4	0.000000E+0	0.000000E+0
1.983271E+3	1.007590E-4	1.198320E+4	0.000000E+0	0.000000E+0
1.987270E+3	1.007520E-4	1.198290E+4	0.000000E+0	0.000000E+0
1.991270E+3	1.007550E-4	1.198260E+4	0.000000E+0	0.000000E+0
1.995267E+3	1.007500E-4	1.198220E+4	0.000000E+0	0.000000E+0
1.999271E+3	1.007530E-4	1.198180E+4	0.000000E+0	0.000000E+0
2.003267E+3	1.007530E-4	1.198150E+4	0.000000E+0	0.000000E+0
2.007267E+3	1.007530E-4	1.198120E+4	0.000000E+0	0.000000E+0
2.011265E+3	1.007490E-4	1.198100E+4	0.000000E+0	0.000000E+0
2.015271E+3	1.007500E-4	1.198060E+4	0.000000E+0	0.000000E+0
2.019270E+3	1.007430E-4	1.198030E+4	0.000000E+0	0.000000E+0
2.023270E+3	1.007470E-4	1.197990E+4	0.000000E+0	0.000000E+0
2.027284E+3	1.007460E-4	1.197950E+4	0.000000E+0	0.000000E+0
2.031271E+3	1.007470E-4	1.197920E+4	0.000000E+0	0.000000E+0
2.035269E+3	1.007430E-4	1.197890E+4	0.000000E+0	0.000000E+0
2.039269E+3	1.007440E-4	1.197870E+4	0.000000E+0	0.000000E+0
2.043269E+3	1.007380E-4	1.197850E+4	0.000000E+0	0.000000E+0
2.047269E+3	1.007420E-4	1.197820E+4	0.000000E+0	0.000000E+0
2.051273E+3	1.007380E-4	1.197810E+4	0.000000E+0	0.000000E+0
2.055269E+3	1.007420E-4	1.197780E+4	0.000000E+0	0.000000E+0
2.059269E+3	1.007380E-4	1.197740E+4	0.000000E+0	0.000000E+0
2.063268E+3	1.007390E-4	1.197690E+4	0.000000E+0	0.000000E+0
2.067266E+3	1.007360E-4	1.197650E+4	0.000000E+0	0.000000E+0
2.071270E+3	1.007400E-4	1.197630E+4	0.000000E+0	0.000000E+0
2.075270E+3	1.007340E-4	1.197600E+4	0.000000E+0	0.000000E+0
2.079270E+3	1.007330E-4	1.197560E+4	0.000000E+0	0.000000E+0
2.083275E+3	1.007320E-4	1.197540E+4	0.000000E+0	0.000000E+0
2.087270E+3	1.007360E-4	1.197540E+4	0.000000E+0	0.000000E+0
2.091268E+3	1.007320E-4	1.197520E+4	0.000000E+0	0.000000E+0
2.095267E+3	1.007330E-4	1.197460E+4	0.000000E+0	0.000000E+0
2.099271E+3	1.007300E-4	1.197400E+4	0.000000E+0	0.000000E+0
2.103268E+3	1.007320E-4	1.197330E+4	0.000000E+0	0.000000E+0
2.107268E+3	1.007240E-4	1.197270E+4	0.000000E+0	0.000000E+0
2.111268E+3	1.007280E-4	1.197210E+4	0.000000E+0	0.000000E+0
2.115270E+3	1.007220E-4	1.197140E+4	0.000000E+0	0.000000E+0
2.119273E+3	1.007280E-4	1.197100E+4	0.000000E+0	0.000000E+0
2.123271E+3	1.007240E-4	1.197050E+4	0.000000E+0	0.000000E+0
2.127269E+3	1.007280E-4	1.197000E+4	0.000000E+0	0.000000E+0
2.131268E+3	1.007200E-4	1.196940E+4	0.000000E+0	0.000000E+0
2.135268E+3	1.007270E-4	1.196890E+4	0.000000E+0	0.000000E+0
2.139274E+3	1.007200E-4	1.196850E+4	0.000000E+0	0.000000E+0
2.143272E+3	1.007250E-4	1.196820E+4	0.000000E+0	0.000000E+0
2.147269E+3	1.007170E-4	1.196770E+4	0.000000E+0	0.000000E+0
2.151270E+3	1.007220E-4	1.196730E+4	0.000000E+0	0.000000E+0
2.155270E+3	1.007120E-4	1.196690E+4	0.000000E+0	0.000000E+0
2.159269E+3	1.007220E-4	1.196650E+4	0.000000E+0	0.000000E+0
2.163272E+3	1.007130E-4	1.196610E+4	0.000000E+0	0.000000E+0
2.167273E+3	1.007190E-4	1.196590E+4	0.000000E+0	0.000000E+0
2.171262E+3	1.007120E-4	1.196540E+4	0.000000E+0	0.000000E+0
2.175268E+3	1.007170E-4	1.196510E+4	0.000000E+0	0.000000E+0
2.179265E+3	1.007100E-4	1.196470E+4	0.000000E+0	0.000000E+0
2.183268E+3	1.007170E-4	1.196410E+4	0.000000E+0	0.000000E+0
2.187267E+3	1.007110E-4	1.196380E+4	0.000000E+0	0.000000E+0
2.191266E+3	1.007120E-4	1.196330E+4	0.000000E+0	0.000000E+0
2.195265E+3	1.007060E-4	1.196280E+4	0.000000E+0	0.000000E+0
2.199269E+3	1.007110E-4	1.196250E+4	0.000000E+0	0.000000E+0
2.203271E+3	1.007090E-4	1.196220E+4	0.000000E+0	0.000000E+0
2.207269E+3	1.007090E-4	1.196190E+4	0.000000E+0	0.000000E+0
2.211268E+3	1.007040E-4	1.196150E+4	0.000000E+0	0.000000E+0
2.215271E+3	1.007080E-4	1.196140E+4	0.000000E+0	0.000000E+0
2.219274E+3	1.007040E-4	1.196130E+4	0.000000E+0	0.000000E+0
2.223272E+3	1.007060E-4	1.196120E+4	0.000000E+0	0.000000E+0
2.227269E+3	1.007020E-4	1.196100E+4	0.000000E+0	0.000000E+0
2.231267E+3	1.007080E-4	1.196080E+4	0.000000E+0	0.000000E+0
2.235270E+3	1.006980E-4	1.196090E+4	0.000000E+0	0.000000E+0
2.239272E+3	1.007040E-4	1.196070E+4	0.000000E+0	0.000000E+0
2.243267E+3	1.007010E-4	1.196040E+4	0.000000E+0	0.000000E+0
2.247265E+3	1.007050E-4	1.196000E+4	0.000000E+0	0.000000E+0
2.251264E+3	1.006970E-4	1.195960E+4	0.000000E+0	0.000000E+0
2.255274E+3	1.006990E-4	1.195930E+4	0.000000E+0	0.000000E+0
2.259273E+3	1.006980E-4	1.195900E+4	0.000000E+0	0.000000E+0
2.263273E+3	1.006970E-4	1.195850E+4	0.000000E+0	0.000000E+0
2.267268E+3	1.006920E-4	1.195800E+4	0.000000E+0	0.000000E+0
2.271267E+3	1.006980E-4	1.195770E+4	0.000000E+0	0.000000E+0
2.275266E+3	1.006910E-4	1.195760E+4	0.000000E+0	0.000000E+0
2.279273E+3	1.006930E-4	1.195750E+4	0.000000E+0	0.000000E+0
2.283268E+3	1.006890E-4	1.195690E+4	0.000000E+0	0.000000E+0
2.287268E+3	1.006940E-4	1.195650E+4	0.000000E+0	0.000000E+0
2.291266E+3	1.006870E-4	1.195620E+4	0.000000E+0	0.000000E+0
2.295271E+3	1.006900E-4	1.195590E+4	0.000000E+0	0.000000E+0
2.299271E+3	1.006850E-4	1.195570E+4	0.000000E+0	0.000000E+0
2.303271E+3	1.006920E-4	1.195520E+4	0.000000E+0	0.000000E+0
2.307267E+3	1.006880E-4	1.195490E+4	0.000000E+0	0.000000E+0
2.311269E+3	1.006880E-4	1.195490E+4	0.000000E+0	0.000000E+0
2.315272E+3	1.006820E-4	1.195470E+4	0.000000E+0	0.000000E+0
2.319270E+3	1.006880E-4	1.195400E+4	0.000000E+0	0.000000E+0
2.323267E+3	1.006830E-4	1.195350E+4	0.000000E+0	0.000000E+0
2.327273E+3	1.006890E-4	1.195300E+4	0.000000E+0	0.000000E+0
2.331273E+3	1.006840E-4	1.195260E+4	0.000000E+0	0.000000E+0
2.335273E+3	1.006880E-4	1.195240E+4	0.000000E+0	0.000000E+0
2.339273E+3	1.006800E-4	1.195190E+4	0.000000E+0	0.000000E+0
2.343270E+3	1.006840E-4	1.195190E+4	0.000000E+0	0.000000E+0
2.347273E+3	1.006810E-4	1.195140E+4	0.000000E+0	0.000000E+0
2.351270E+3	1.006850E-4	1.195100E+4	0.000000E+0	0.000000E+0
2.355268E+3	1.006760E-4	1.195070E+4	0.000000E+0	0.000000E+0
2.359268E+3	1.006820E-4	1.195050E+4	0.000000E+0	0.000000E+0
2.363267E+3	1.006790E-4	1.195020E+4	0.000000E+0	0.000000E+0
2.367273E+3	1.006830E-4	1.194980E+4	0.000000E+0	0.000000E+0
2.371271E+3	1.006770E-4	1.194960E+4	0.000000E+0	0.000000E+0
2.375268E+3	1.006770E-4	1.194930E+4	0.000000E+0	0.000000E+0
2.379267E+3	1.006740E-4	1.194900E+4	0.000000E+0	0.000000E+0
2.383272E+3	1.006780E-4	1.194880E+4	0.000000E+0	0.000000E+0
2.387268E+3	1.006720E-4	1.194860E+4	0.000000E+0	0.000000E+0
2.391267E+3	1.006790E-4	1.194830E+4	0.000000E+0	0.000000E+0
2.395266E+3	1.006690E-4	1.194810E+4	0.000000E+0	0.000000E+0
2.399268E+3	1.006750E-4	1.194770E+4	0.000000E+0	0.000000E+0
2.403272E+3	1.006740E-4	1.194750E+4	0.000000E+0	0.000000E+0
2.407270E+3	1.006760E-4	1.194720E+4	0.000000E+0	0.000000E+0
2.411266E+3	1.006690E-4	1.194690E+4	0.000000E+0	0.000000E+0
2.415268E+3	1.006700E-4	1.194650E+4	0.000000E+0	0.000000E+0
2.419269E+3	1.006640E-4	1.194630E+4	0.000000E+0	0.000000E+0
2.423267E+3	1.006710E-4	1.194610E+4	0.000000E+0	0.000000E+0
2.427268E+3	1.006660E-4	1.194630E+4	0.000000E+0	0.000000E+0
2.431271E+3	1.006700E-4	1.194660E+4	0.000000E+0	0.000000E+0
2.435268E+3	1.006610E-4	1.194680E+4	0.000000E+0	0.000000E+0
2.439267E+3	1.006650E-4	1.194660E+4	0.000000E+0	0.000000E+0
2.443267E+3	1.006590E-4	1.194610E+4	0.000000E+0	0.000000E+0
2.447269E+3	1.006650E-4	1.194560E+4	0.000000E+0	0.000000E+0
2.451271E+3	1.006590E-4	1.194510E+4	0.000000E+0	0.000000E+0
2.455270E+3	1.006640E-4	1.194470E+4	0.000000E+0	0.000000E+0
2.459266E+3	1.006580E-4	1.194440E+4	0.000000E+0	0.000000E+0
2.463269E+3	1.006640E-4	1.194400E+4	0.000000E+0	0.000000E+0
2.467271E+3	1.006550E-4	1.194360E+4	0.000000E+0	0.000000E+0
2.471272E+3	1.006590E-4	1.194320E+4	0.000000E+0	0.000000E+0
2.475271E+3	1.006520E-4	1.194280E+4	0.000000E+0	0.000000E+0
2.479269E+3	1.006600E-4	1.194220E+4	0.000000E+0	0.000000E+0
2.483267E+3	1.006540E-4	1.194190E+4	0.000000E+0	0.000000E+0
2.487267E+3	1.006560E-4	1.194150E+4	0.000000E+0	0.000000E+0
2.491272E+3	1.006520E-4	1.194090E+4	0.000000E+0	0.000000E+0
2.495270E+3	1.006570E-4	1.194060E+4	0.000000E+0	0.000000E+0
2.499267E+3	1.006540E-4	1.194010E+4	0.000000E+0	0.000000E+0
2.503268E+3	1.006550E-4	1.193970E+4	0.000000E+0	0.000000E+0
2.507270E+3	1.006500E-4	1.193940E+4	0.000000E+0	0.000000E+0
2.511268E+3	1.006560E-4	1.193920E+4	0.000000E+0	0.000000E+0
2.515270E+3	1.006490E-4	1.193900E+4	0.000000E+0	0.000000E+0
2.519273E+3	1.006520E-4	1.193900E+4	0.000000E+0	0.000000E+0
2.523275E+3	1.006460E-4	1.193900E+4	0.000000E+0	0.000000E+0
2.527268E+3	1.006460E-4	1.193910E+4	0.000000E+0	0.000000E+0
2.531266E+3	1.006420E-4	1.193900E+4	0.000000E+0	0.000000E+0
2.535270E+3	1.006470E-4	1.193870E+4	0.000000E+0	0.000000E+0
2.539271E+3	1.006440E-4	1.193850E+4	0.000000E+0	0.000000E+0
2.543273E+3	1.006480E-4	1.193830E+4	0.000000E+0	0.000000E+0
2.547268E+3	1.006410E-4	1.193800E+4	0.000000E+0	0.000000E+0
2.551268E+3	1.006470E-4	1.193770E+4	0.000000E+0	0.000000E+0
2.555266E+3	1.006410E-4	1.193750E+4	0.000000E+0	0.000000E+0
2.559268E+3	1.006470E-4	1.193710E+4	0.000000E+0	0.000000E+0
2.563269E+3	1.006380E-4	1.193690E+4	0.000000E+0	0.000000E+0
2.567267E+3	1.006450E-4	1.193650E+4	0.000000E+0	0.000000E+0
2.571269E+3	1.006410E-4	1.193630E+4	0.000000E+0	0.000000E+0
2.575270E+3	1.006410E-4	1.193620E+4	0.000000E+0	0.000000E+0
2.579272E+3	1.006390E-4	1.193600E+4	0.000000E+0	0.000000E+0
2.583270E+3	1.006430E-4	1.193570E+4	0.000000E+0	0.000000E+0
2.587270E+3	1.006350E-4	1.193530E+4	0.000000E+0	0.000000E+0
2.591273E+3	1.006410E-4	1.193480E+4	0.000000E+0	0.000000E+0
2.595265E+3	1.006360E-4	1.193450E+4	0.000000E+0	0.000000E+0
2.599265E+3	1.006410E-4	1.193420E+4	0.000000E+0	0.000000E+0
2.603267E+3	1.006350E-4	1.193390E+4	0.000000E+0	0.000000E+0
2.607271E+3	1.006390E-4	1.193360E+4	0.000000E+0	0.000000E+0
2.611273E+3	1.006350E-4	1.193330E+4	0.000000E+0	0.000000E+0
2.615271E+3	1.006390E-4	1.193310E+4	0.000000E+0	0.000000E+0
2.619266E+3	1.006320E-4	1.193300E+4	0.000000E+0	0.000000E+0
2.623270E+3	1.006330E-4	1.193260E+4	0.000000E+0	0.000000E+0
2.627272E+3	1.006310E-4	1.193190E+4	0.000000E+0	0.000000E+0
2.631269E+3	1.006330E-4	1.193130E+4	0.000000E+0	0.000000E+0
2.635266E+3	1.006290E-4	1.193080E+4	0.000000E+0	0.000000E+0
2.639269E+3	1.006360E-4	1.193010E+4	0.000000E+0	0.000000E+0
2.643272E+3	1.006310E-4	1.192950E+4	0.000000E+0	0.000000E+0
2.647272E+3	1.006290E-4	1.192880E+4	0.000000E+0	0.000000E+0
2.651267E+3	1.006270E-4	1.192830E+4	0.000000E+0	0.000000E+0
2.655268E+3	1.006290E-4	1.192780E+4	0.000000E+0	0.000000E+0
2.659270E+3	1.006240E-4	1.192720E+4	0.000000E+0	0.000000E+0
2.663269E+3	1.006290E-4	1.192680E+4	0.000000E+0	0.000000E+0
2.667267E+3	1.006230E-4	1.192660E+4	0.000000E+0	0.000000E+0
2.671269E+3	1.006260E-4	1.192630E+4	0.000000E+0	0.000000E+0
2.675269E+3	1.006240E-4	1.192580E+4	0.000000E+0	0.000000E+0
2.679268E+3	1.006260E-4	1.192550E+4	0.000000E+0	0.000000E+0
2.683267E+3	1.006200E-4	1.192520E+4	0.000000E+0	0.000000E+0
2.687268E+3	1.006260E-4	1.192520E+4	0.000000E+0	0.000000E+0
2.691270E+3	1.006230E-4	1.192500E+4	0.000000E+0	0.000000E+0
2.695268E+3	1.006280E-4	1.192460E+4	0.000000E+0	0.000000E+0
2.699265E+3	1.006230E-4	1.192460E+4	0.000000E+0	0.000000E+0
2.703266E+3	1.006250E-4	1.192440E+4	0.000000E+0	0.000000E+0
2.707268E+3	1.006200E-4	1.192410E+4	0.000000E+0	0.000000E+0
2.711269E+3	1.006240E-4	1.192360E+4	0.000000E+0	0.000000E+0
2.715266E+3	1.006140E-4	1.192330E+4	0.000000E+0	0.000000E+0
2.719268E+3	1.006240E-4	1.192290E+4	0.000000E+0	0.000000E+0
2.723272E+3	1.006190E-4	1.192270E+4	0.000000E+0	0.000000E+0
2.727271E+3	1.006230E-4	1.192230E+4	0.000000E+0	0.000000E+0
2.731267E+3	1.006150E-4	1.192180E+4	0.000000E+0	0.000000E+0
2.735266E+3	1.006180E-4	1.192150E+4	0.000000E+0	0.000000E+0
2.739267E+3	1.006180E-4	1.192120E+4	0.000000E+0	0.000000E+0
2.743269E+3	1.006200E-4	1.192090E+4	0.000000E+0	0.000000E+0
2.747267E+3	1.006100E-4	1.192060E+4	0.000000E+0	0.000000E+0
2.751267E+3	1.006150E-4	1.192020E+4	0.000000E+0	0.000000E+0
2.755270E+3	1.006080E-4	1.192000E+4	0.000000E+0	0.000000E+0
2.759272E+3	1.006150E-4	1.191970E+4	0.000000E+0	0.000000E+0
2.763267E+3	1.006110E-4	1.191970E+4	0.000000E+0	0.000000E+0
2.767267E+3	1.006180E-4	1.191940E+4	0.000000E+0	0.000000E+0
2.771270E+3	1.006090E-4	1.191910E+4	0.000000E+0	0.000000E+0
2.775271E+3	1.006150E-4	1.191860E+4	0.000000E+0	0.000000E+0
2.779273E+3	1.006100E-4	1.191850E+4	0.000000E+0	0.000000E+0
2.783270E+3	1.006110E-4	1.191800E+4	0.000000E+0	0.000000E+0
2.787270E+3	1.006070E-4	1.191770E+4	0.000000E+0	0.000000E+0
2.791271E+3	1.006110E-4	1.191780E+4	0.000000E+0	0.000000E+0
2.795269E+3	1.006060E-4	1.191750E+4	0.000000E+0	0.000000E+0
2.799268E+3	1.006120E-4	1.191740E+4	0.000000E+0	0.000000E+0
2.803266E+3	1.006050E-4	1.191720E+4	0.000000E+0	0.000000E+0
2.807266E+3	1.006080E-4	1.191680E+4	0.000000E+0	0.000000E+0
2.811272E+3	1.006030E-4	1.191640E+4	0.000000E+0	0.000000E+0
2.815269E+3	1.006080E-4	1.191620E+4	0.000000E+0	0.000000E+0
2.819266E+3	1.006050E-4	1.191590E+4	0.000000E+0	0.000000E+0
2.823268E+3	1.006080E-4	1.191570E+4	0.000000E+0	0.000000E+0
2.827269E+3	1.006040E-4	1.191550E+4	0.000000E+0	0.000000E+0
2.831266E+3	1.006020E-4	1.191530E+4	0.000000E+0	0.000000E+0
2.835267E+3	1.006000E-4	1.191510E+4	0.000000E+0	0.000000E+0
2.839266E+3	1.006060E-4	1.191470E+4	0.000000E+0	0.000000E+0
2.843267E+3	1.006000E-4	1.191430E+4	0.000000E+0	0.000000E+0
2.847269E+3	1.006050E-4	1.191390E+4	0.000000E+0	0.000000E+0
2.851267E+3	1.005990E-4	1.191340E+4	0.000000E+0	0.000000E+0
2.855270E+3	1.006030E-4	1.191310E+4	0.000000E+0	0.000000E+0
2.859271E+3	1.005980E-4	1.191270E+4	0.000000E+0	0.000000E+0
2.863270E+3	1.006020E-4	1.191220E+4	0.000000E+0	0.000000E+0
2.867267E+3	1.005970E-4	1.191180E+4	0.000000E+0	0.000000E+0
2.871267E+3	1.005990E-4	1.191160E+4	0.000000E+0	0.000000E+0
2.875265E+3	1.005940E-4	1.191140E+4	0.000000E+0	0.000000E+0
2.879268E+3	1.005990E-4	1.191100E+4	0.000000E+0	0.000000E+0
2.883265E+3	1.005950E-4	1.191050E+4	0.000000E+0	0.000000E+0
2.887266E+3	1.005970E-4	1.191020E+4	0.000000E+0	0.000000E+0
2.891269E+3	1.005930E-4	1.190980E+4	0.000000E+0	0.000000E+0
2.895265E+3	1.006000E-4	1.190960E+4	0.000000E+0	0.000000E+0
2.899271E+3	1.005910E-4	1.190920E+4	0.000000E+0	0.000000E+0
2.903271E+3	1.005950E-4	1.190930E+4	0.000000E+0	0.000000E+0
2.907267E+3	1.005930E-4	1.190920E+4	0.000000E+0	0.000000E+0
2.911266E+3	1.005940E-4	1.190930E+4	0.000000E+0	0.000000E+0
2.915266E+3	1.005940E-4	1.190900E+4	0.000000E+0	0.000000E+0
2.919269E+3	1.005940E-4	1.190890E+4	0.000000E+0	0.000000E+0
2.923270E+3	1.005860E-4	1.190860E+4	0.000000E+0	0.000000E+0
2.927291E+3	1.005910E-4	1.190800E+4	0.000000E+0	0.000000E+0
2.931269E+3	1.005880E-4	1.190770E+4	0.000000E+0	0.000000E+0
2.935268E+3	1.005910E-4	1.190740E+4	0.000000E+0	0.000000E+0
2.939272E+3	1.005850E-4	1.190720E+4	0.000000E+0	0.000000E+0
2.943268E+3	1.005900E-4	1.190690E+4	0.000000E+0	0.000000E+0
2.947265E+3	1.005870E-4	1.190650E+4	0.000000E+0	0.000000E+0
2.951268E+3	1.005900E-4	1.190600E+4	0.000000E+0	0.000000E+0
2.955270E+3	1.005860E-4	1.190570E+4	0.000000E+0	0.000000E+0
2.959270E+3	1.005910E-4	1.190540E+4	0.000000E+0	0.000000E+0
2.963268E+3	1.005880E-4	1.190520E+4	0.000000E+0	0.000000E+0
2.967266E+3	1.005880E-4	1.190490E+4	0.000000E+0	0.000000E+0
2.971263E+3	1.005820E-4	1.190440E+4	0.000000E+0	0.000000E+0
2.975268E+3	1.005900E-4	1.190400E+4	0.000000E+0	0.000000E+0
2.979279E+3	1.005840E-4	1.190390E+4	0.000000E+0	0.000000E+0
2.983267E+3	1.005860E-4	1.190370E+4	0.000000E+0	0.000000E+0
2.987268E+3	1.005780E-4	1.190330E+4	0.000000E+0	0.000000E+0
2.991267E+3	1.005840E-4	1.190300E+4	0.000000E+0	0.000000E+0
2.995267E+3	1.005780E-4	1.190270E+4	0.000000E+0	0.000000E+0
2.999272E+3	1.005830E-4	1.190230E+4	0.000000E+0	0.000000E+0
3.003258E+3	1.005800E-4	1.190190E+4	0.000000E+0	0.000000E+0
3.007272E+3	1.005830E-4	1.190160E+4	0.000000E+0	0.000000E+0
3.011264E+3	1.005780E-4	1.190120E+4	0.000000E+0	0.000000E+0
3.015270E+3	1.005810E-4	1.190100E+4	0.000000E+0	0.000000E+0
3.019267E+3	1.005780E-4	1.190060E+4	0.000000E+0	0.000000E+0
3.023267E+3	1.005800E-4	1.190000E+4	0.000000E+0	0.000000E+0
3.027265E+3	1.005760E-4	1.189970E+4	0.000000E+0	0.000000E+0
3.031268E+3	1.005830E-4	1.189950E+4	0.000000E+0	0.000000E+0
3.035268E+3	1.005760E-4	1.189920E+4	0.000000E+0	0.000000E+0
3.039267E+3	1.005760E-4	1.189900E+4	0.000000E+0	0.000000E+0
3.043265E+3	1.005740E-4	1.189880E+4	0.000000E+0	0.000000E+0
3.047270E+3	1.005800E-4	1.189860E+4	0.000000E+0	0.000000E+0
3.051265E+3	1.005720E-4	1.189830E+4	0.000000E+0	0.000000E+0
3.055266E+3	1.005790E-4	1.189810E+4	0.000000E+0	0.000000E+0
3.059263E+3	1.005740E-4	1.189780E+4	0.000000E+0	0.000000E+0
3.063271E+3	1.005740E-4	1.189770E+4	0.000000E+0	0.000000E+0
3.067266E+3	1.005740E-4	1.189760E+4	0.000000E+0	0.000000E+0
3.071268E+3	1.005780E-4	1.189760E+4	0.000000E+0	0.000000E+0
3.075269E+3	1.005730E-4	1.189770E+4	0.000000E+0	0.000000E+0
3.079268E+3	1.005790E-4	1.189780E+4	0.000000E+0	0.000000E+0
3.083266E+3	1.005730E-4	1.189770E+4	0.000000E+0	0.000000E+0
3.087270E+3	1.005770E-4	1.189750E+4	0.000000E+0	0.000000E+0
3.091270E+3	1.005720E-4	1.189710E+4	0.000000E+0	0.000000E+0
3.095270E+3	1.005760E-4	1.189670E+4	0.000000E+0	0.000000E+0
3.099267E+3	1.005700E-4	1.189640E+4	0.000000E+0	0.000000E+0
3.103265E+3	1.005730E-4	1.189620E+4	0.000000E+0	0.000000E+0
3.107264E+3	1.005680E-4	1.189610E+4	0.000000E+0	0.000000E+0
3.111266E+3	1.005730E-4	1.189580E+4	0.000000E+0	0.000000E+0
3.115267E+3	1.005680E-4	1.189540E+4	0.000000E+0	0.000000E+0
3.119268E+3	1.005680E-4	1.189510E+4	0.000000E+0	0.000000E+0
3.123263E+3	1.005680E-4	1.189460E+4	0.000000E+0	0.000000E+0
3.127271E+3	1.005700E-4	1.189410E+4	0.000000E+0	0.000000E+0
3.131268E+3	1.005630E-4	1.189370E+4	0.000000E+0	0.000000E+0
3.135268E+3	1.005700E-4	1.189350E+4	0.000000E+0	0.000000E+0
3.139270E+3	1.005630E-4	1.189320E+4	0.000000E+0	0.000000E+0
3.143271E+3	1.005670E-4	1.189290E+4	0.000000E+0	0.000000E+0
3.147271E+3	1.005610E-4	1.189270E+4	0.000000E+0	0.000000E+0
3.151268E+3	1.005670E-4	1.189240E+4	0.000000E+0	0.000000E+0
3.155264E+3	1.005630E-4	1.189200E+4	0.000000E+0	0.000000E+0
3.159268E+3	1.005680E-4	1.189170E+4	0.000000E+0	0.000000E+0
3.163269E+3	1.005580E-4	1.189140E+4	0.000000E+0	0.000000E+0
3.167266E+3	1.005670E-4	1.189110E+4	0.000000E+0	0.000000E+0
3.171271E+3	1.005610E-4	1.189060E+4	0.000000E+0	0.000000E+0
3.175270E+3	1.005650E-4	1.189020E+4	0.000000E+0	0.000000E+0
3.179269E+3	1.005610E-4	1.188990E+4	0.000000E+0	0.000000E+0
3.183269E+3	1.005640E-4	1.188950E+4	0.000000E+0	0.000000E+0
3.187267E+3	1.005540E-4	1.188930E+4	0.000000E+0	0.000000E+0
3.191269E+3	1.005590E-4	1.188900E+4	0.000000E+0	0.000000E+0
3.195265E+3	1.005540E-4	1.188880E+4	0.000000E+0	0.000000E+0
3.199268E+3	1.005650E-4	1.188860E+4	0.000000E+0	0.000000E+0
3.203270E+3	1.005540E-4	1.188830E+4	0.000000E+0	0.000000E+0
3.207271E+3	1.005590E-4	1.188810E+4	0.000000E+0	0.000000E+0
3.211267E+3	1.005540E-4	1.188800E+4	0.000000E+0	0.000000E+0
3.215267E+3	1.005580E-4	1.188780E+4	0.000000E+0	0.000000E+0
3.219263E+3	1.005500E-4	1.188750E+4	0.000000E+0	0.000000E+0
3.223269E+3	1.005570E-4	1.188720E+4	0.000000E+0	0.000000E+0
3.227271E+3	1.005500E-4	1.188670E+4	0.000000E+0	0.000000E+0
3.231268E+3	1.005570E-4	1.188650E+4	0.000000E+0	0.000000E+0
3.235268E+3	1.005480E-4	1.188610E+4	0.000000E+0	0.000000E+0
3.239265E+3	1.005560E-4	1.188570E+4	0.000000E+0	0.000000E+0
3.243271E+3	1.005480E-4	1.188540E+4	0.000000E+0	0.000000E+0
3.247266E+3	1.005520E-4	1.188510E+4	0.000000E+0	0.000000E+0
3.251263E+3	1.005500E-4	1.188500E+4	0.000000E+0	0.000000E+0
3.255267E+3	1.005520E-4	1.188470E+4	0.000000E+0	0.000000E+0
3.259267E+3	1.005490E-4	1.188440E+4	0.000000E+0	0.000000E+0
3.263267E+3	1.005520E-4	1.188400E+4	0.000000E+0	0.000000E+0
3.267269E+3	1.005430E-4	1.188380E+4	0.000000E+0	0.000000E+0
3.271268E+3	1.005530E-4	1.188370E+4	0.000000E+0	0.000000E+0
3.275272E+3	1.005450E-4	1.188340E+4	0.000000E+0	0.000000E+0
3.279270E+3	1.005480E-4	1.188280E+4	0.000000E+0	0.000000E+0
3.283267E+3	1.005430E-4	1.188260E+4	0.000000E+0	0.000000E+0
3.287271E+3	1.005450E-4	1.188210E+4	0.000000E+0	0.000000E+0
3.291265E+3	1.005430E-4	1.188170E+4	0.000000E+0	0.000000E+0
3.295263E+3	1.005470E-4	1.188120E+4	0.000000E+0	0.000000E+0
3.299265E+3	1.005430E-4	1.188100E+4	0.000000E+0	0.000000E+0
3.303267E+3	1.005470E-4	1.188070E+4	0.000000E+0	0.000000E+0
3.307263E+3	1.005430E-4	1.188030E+4	0.000000E+0	0.000000E+0
3.311268E+3	1.005460E-4	1.188010E+4	0.000000E+0	0.000000E+0
3.315261E+3	1.005380E-4	1.187990E+4	0.000000E+0	0.000000E+0
3.319272E+3	1.005450E-4	1.187970E+4	0.000000E+0	0.000000E+0
3.323266E+3	1.005400E-4	1.187950E+4	0.000000E+0	0.000000E+0
3.327269E+3	1.005430E-4	1.187910E+4	0.000000E+0	0.000000E+0
3.331264E+3	1.005370E-4	1.187900E+4	0.000000E+0	0.000000E+0
3.335269E+3	1.005450E-4	1.187850E+4	0.000000E+0	0.000000E+0
3.339264E+3	1.005400E-4	1.187820E+4	0.000000E+0	0.000000E+0
3.343264E+3	1.005420E-4	1.187800E+4	0.000000E+0	0.000000E+0
3.347267E+3	1.005390E-4	1.187780E+4	0.000000E+0	0.000000E+0
3.351270E+3	1.005390E-4	1.187750E+4	0.000000E+0	0.000000E+0
3.355269E+3	1.005350E-4	1.187740E+4	0.000000E+0	0.000000E+0
3.359265E+3	1.005420E-4	1.187720E+4	0.000000E+0	0.000000E+0
3.363264E+3	1.005340E-4	1.187690E+4	0.000000E+0	0.000000E+0
3.367263E+3	1.005380E-4	1.187670E+4	0.000000E+0	0.000000E+0
3.371267E+3	1.005350E-4	1.187620E+4	0.000000E+0	0.000000E+0
3.375265E+3	1.005420E-4	1.187600E+4	0.000000E+0	0.000000E+0
3.379263E+3	1.005330E-4	1.187570E+4	0.000000E+0	0.000000E+0
3.383263E+3	1.005380E-4	1.187540E+4	0.000000E+0	0.000000E+0
3.387263E+3	1.005300E-4	1.187510E+4	0.000000E+0	0.000000E+0
3.391268E+3	1.005330E-4	1.187480E+4	0.000000E+0	0.000000E+0
3.395263E+3	1.005300E-4	1.187450E+4	0.000000E+0	0.000000E+0
3.399271E+3	1.005330E-4	1.187430E+4	0.000000E+0	0.000000E+0
3.403271E+3	1.005300E-4	1.187410E+4	0.000000E+0	0.000000E+0
3.407271E+3	1.005360E-4	1.187380E+4	0.000000E+0	0.000000E+0
3.411268E+3	1.005310E-4	1.187360E+4	0.000000E+0	0.000000E+0
3.415270E+3	1.005320E-4	1.187330E+4	0.000000E+0	0.000000E+0
3.419264E+3	1.005260E-4	1.187300E+4	0.000000E+0	0.000000E+0
3.423267E+3	1.005330E-4	1.187280E+4	0.000000E+0	0.000000E+0
3.427264E+3	1.005290E-4	1.187260E+4	0.000000E+0	0.000000E+0
3.431269E+3	1.005310E-4	1.187230E+4	0.000000E+0	0.000000E+0
3.435269E+3	1.005260E-4	1.187190E+4	0.000000E+0	0.000000E+0
3.439269E+3	1.005330E-4	1.187160E+4	0.000000E+0	0.000000E+0
3.443269E+3	1.005300E-4	1.187130E+4	0.000000E+0	0.000000E+0
3.447267E+3	1.005290E-4	1.187090E+4	0.000000E+0	0.000000E+0
3.451266E+3	1.005260E-4	1.187070E+4	0.000000E+0	0.000000E+0
3.455272E+3	1.005280E-4	1.187040E+4	0.000000E+0	0.000000E+0
3.459268E+3	1.005210E-4	1.187000E+4	0.000000E+0	0.000000E+0
3.463271E+3	1.005250E-4	1.186970E+4	0.000000E+0	0.000000E+0
3.467271E+3	1.005230E-4	1.186960E+4	0.000000E+0	0.000000E+0
3.471268E+3	1.005290E-4	1.186930E+4	0.000000E+0	0.000000E+0
3.475266E+3	1.005220E-4	1.186920E+4	0.000000E+0	0.000000E+0
3.479271E+3	1.005260E-4	1.186900E+4	0.000000E+0	0.000000E+0
3.483265E+3	1.005240E-4	1.186890E+4	0.000000E+0	0.000000E+0
3.487268E+3	1.005260E-4	1.186890E+4	0.000000E+0	0.000000E+0
3.491268E+3	1.005190E-4	1.186880E+4	0.000000E+0	0.000000E+0
3.495269E+3	1.005280E-4	1.186890E+4	0.000000E+0	0.000000E+0
3.499266E+3	1.005180E-4	1.186860E+4	0.000000E+0	0.000000E+0
3.503269E+3	1.005220E-4	1.186830E+4	0.000000E+0	0.000000E+0
3.507267E+3	1.005160E-4	1.186810E+4	0.000000E+0	0.000000E+0
3.511270E+3	1.005220E-4	1.186770E+4	0.000000E+0	0.000000E+0
3.515267E+3	1.005190E-4	1.186750E+4	0.000000E+0	0.000000E+0
3.519269E+3	1.005200E-4	1.186720E+4	0.000000E+0	0.000000E+0
3.523264E+3	1.005170E-4	1.186700E+4	0.000000E+0	0.000000E+0
3.527273E+3	1.005210E-4	1.186710E+4	0.000000E+0	0.000000E+0
3.531269E+3	1.005180E-4	1.186700E+4	0.000000E+0	0.000000E+0
3.535269E+3	1.005200E-4	1.186670E+4	0.000000E+0	0.000000E+0
3.539265E+3	1.005180E-4	1.186630E+4	0.000000E+0	0.000000E+0
3.543269E+3	1.005210E-4	1.186600E+4	0.000000E+0	0.000000E+0
3.547270E+3	1.005150E-4	1.186560E+4	0.000000E+0	0.000000E+0
3.551268E+3	1.005180E-4	1.186530E+4	0.000000E+0	0.000000E+0
3.555263E+3	1.005160E-4	1.186510E+4	0.000000E+0	0.000000E+0
3.559267E+3	1.005170E-4	1.186490E+4	0.000000E+0	0.000000E+0
3.563268E+3	1.005080E-4	1.186470E+4	0.000000E+0	0.000000E+0
3.567271E+3	1.005190E-4	1.186440E+4	0.000000E+0	0.000000E+0
3.571266E+3	1.005130E-4	1.186410E+4	0.000000E+0	0.000000E+0
3.575269E+3	1.005180E-4	1.186370E+4	0.000000E+0	0.000000E+0
3.579266E+3	1.005120E-4	1.186350E+4	0.000000E+0	0.000000E+0
3.583269E+3	1.005140E-4	1.186320E+4	0.000000E+0	0.000000E+0
3.587269E+3	1.005120E-4	1.186300E+4	0.000000E+0	0.000000E+0
3.591271E+3	1.005110E-4	1.186260E+4	0.000000E+0	0.000000E+0
3.595266E+3	1.005110E-4	1.186260E+4	0.000000E+0	0.000000E+0
3.599271E+3	1.005130E-4	1.186240E+4	0.000000E+0	0.000000E+0
3.603269E+3	1.005090E-4	1.186200E+4	0.000000E+0	0.000000E+0
3.607267E+3	1.005140E-4	1.186160E+4	0.000000E+0	0.000000E+0
3.611265E+3	1.005070E-4	1.186120E+4	0.000000E+0	0.000000E+0
3.615270E+3	1.005130E-4	1.186100E+4	0.000000E+0	0.000000E+0
3.619269E+3	1.005110E-4	1.186050E+4	0.000000E+0	0.000000E+0
3.623269E+3	1.005110E-4	1.186020E+4	0.000000E+0	0.000000E+0
3.627265E+3	1.005080E-4	1.185990E+4	0.000000E+0	0.000000E+0
3.631269E+3	1.005100E-4	1.185950E+4	0.000000E+0	0.000000E+0
3.635268E+3	1.005030E-4	1.185920E+4	0.000000E+0	0.000000E+0
3.639270E+3	1.005110E-4	1.185920E+4	0.000000E+0	0.000000E+0
3.643268E+3	1.005020E-4	1.185880E+4	0.000000E+0	0.000000E+0
3.647270E+3	1.005060E-4	1.185850E+4	0.000000E+0	0.000000E+0
3.651260E+3	1.005050E-4	1.185820E+4	0.000000E+0	0.000000E+0
3.655269E+3	1.005080E-4	1.185790E+4	0.000000E+0	0.000000E+0
3.659266E+3	1.005030E-4	1.185750E+4	0.000000E+0	0.000000E+0
3.663268E+3	1.005070E-4	1.185700E+4	0.000000E+0	0.000000E+0
3.667269E+3	1.005070E-4	1.185690E+4	0.000000E+0	0.000000E+0
3.671268E+3	1.005070E-4	1.185660E+4	0.000000E+0	0.000000E+0
3.675268E+3	1.005020E-4	1.185640E+4	0.000000E+0	0.000000E+0
3.679268E+3	1.005030E-4	1.185630E+4	0.000000E+0	0.000000E+0
3.683266E+3	1.005020E-4	1.185610E+4	0.000000E+0	0.000000E+0
3.687266E+3	1.005050E-4	1.185600E+4	0.000000E+0	0.000000E+0
3.691262E+3	1.004990E-4	1.185580E+4	0.000000E+0	0.000000E+0
3.695273E+3	1.005020E-4	1.185560E+4	0.000000E+0	0.000000E+0
3.699270E+3	1.004980E-4	1.185570E+4	0.000000E+0	0.000000E+0
3.703269E+3	1.005020E-4	1.185590E+4	0.000000E+0	0.000000E+0
3.707264E+3	1.004980E-4	1.185600E+4	0.000000E+0	0.000000E+0
3.711271E+3	1.005020E-4	1.185580E+4	0.000000E+0	0.000000E+0
3.715268E+3	1.004970E-4	1.185540E+4	0.000000E+0	0.000000E+0
3.719268E+3	1.005020E-4	1.185480E+4	0.000000E+0	0.000000E+0
3.723267E+3	1.004970E-4	1.185440E+4	0.000000E+0	0.000000E+0
3.727268E+3	1.004980E-4	1.185370E+4	0.000000E+0	0.000000E+0
3.731267E+3	1.004950E-4	1.185340E+4	0.000000E+0	0.000000E+0
3.735270E+3	1.005020E-4	1.185300E+4	0.000000E+0	0.000000E+0
3.739266E+3	1.004940E-4	1.185260E+4	0.000000E+0	0.000000E+0
3.743271E+3	1.005020E-4	1.185230E+4	0.000000E+0	0.000000E+0
3.747269E+3	1.004940E-4	1.185190E+4	0.000000E+0	0.000000E+0
3.751268E+3	1.004970E-4	1.185150E+4	0.000000E+0	0.000000E+0
3.755266E+3	1.004940E-4	1.185100E+4	0.000000E+0	0.000000E+0
3.759274E+3	1.004960E-4	1.185060E+4	0.000000E+0	0.000000E+0
3.763268E+3	1.004910E-4	1.185030E+4	0.000000E+0	0.000000E+0
3.767267E+3	1.004940E-4	1.184990E+4	0.000000E+0	0.000000E+0
3.771264E+3	1.004920E-4	1.184970E+4	0.000000E+0	0.000000E+0
3.775268E+3	1.004950E-4	1.184960E+4	0.000000E+0	0.000000E+0
3.779269E+3	1.004900E-4	1.184950E+4	0.000000E+0	0.000000E+0
3.783267E+3	1.004960E-4	1.184910E+4	0.000000E+0	0.000000E+0
3.787264E+3	1.004910E-4	1.184880E+4	0.000000E+0	0.000000E+0
3.791269E+3	1.004960E-4	1.184860E+4	0.000000E+0	0.000000E+0
3.795272E+3	1.004860E-4	1.184830E+4	0.000000E+0	0.000000E+0
3.799270E+3	1.004940E-4	1.184800E+4	0.000000E+0	0.000000E+0
3.803262E+3	1.004950E-4	1.184750E+4	0.000000E+0	0.000000E+0
3.807270E+3	1.004940E-4	1.184720E+4	0.000000E+0	0.000000E+0
3.811267E+3	1.004890E-4	1.184680E+4	0.000000E+0	0.000000E+0
3.815265E+3	1.004930E-4	1.184640E+4	0.000000E+0	0.000000E+0
3.819262E+3	1.004890E-4	1.184630E+4	0.000000E+0	0.000000E+0
3.823266E+3	1.004900E-4	1.184630E+4	0.000000E+0	0.000000E+0
3.827271E+3	1.004870E-4	1.184610E+4	0.000000E+0	0.000000E+0
3.831271E+3	1.004910E-4	1.184590E+4	0.000000E+0	0.000000E+0
3.835268E+3	1.004850E-4	1.184570E+4	0.000000E+0	0.000000E+0
3.839271E+3	1.004920E-4	1.184550E+4	0.000000E+0	0.000000E+0
3.843271E+3	1.004830E-4	1.184550E+4	0.000000E+0	0.000000E+0
3.847269E+3	1.004890E-4	1.184560E+4	0.000000E+0	0.000000E+0
3.851267E+3	1.004820E-4	1.184560E+4	0.000000E+0	0.000000E+0
3.855269E+3	1.004880E-4	1.184530E+4	0.000000E+0	0.000000E+0
3.859267E+3	1.004790E-4	1.184490E+4	0.000000E+0	0.000000E+0
3.863266E+3	1.004890E-4	1.184450E+4	0.000000E+0	0.000000E+0
3.867269E+3	1.004860E-4	1.184400E+4	0.000000E+0	0.000000E+0
3.871270E+3	1.004840E-4	1.184360E+4	0.000000E+0	0.000000E+0
3.875269E+3	1.004800E-4	1.184330E+4	0.000000E+0	0.000000E+0
3.879267E+3	1.004830E-4	1.184290E+4	0.000000E+0	0.000000E+0
3.883265E+3	1.004780E-4	1.184260E+4	0.000000E+0	0.000000E+0
3.887272E+3	1.004860E-4	1.184230E+4	0.000000E+0	0.000000E+0
3.891267E+3	1.004780E-4	1.184180E+4	0.000000E+0	0.000000E+0
3.895268E+3	1.004830E-4	1.184150E+4	0.000000E+0	0.000000E+0
3.899265E+3	1.004780E-4	1.184110E+4	0.000000E+0	0.000000E+0
3.903268E+3	1.004840E-4	1.184090E+4	0.000000E+0	0.000000E+0
3.907268E+3	1.004770E-4	1.184080E+4	0.000000E+0	0.000000E+0
3.911268E+3	1.004850E-4	1.184070E+4	0.000000E+0	0.000000E+0
3.915266E+3	1.004770E-4	1.184040E+4	0.000000E+0	0.000000E+0
3.919270E+3	1.004820E-4	1.184010E+4	0.000000E+0	0.000000E+0
3.923271E+3	1.004780E-4	1.183980E+4	0.000000E+0	0.000000E+0
3.927269E+3	1.004810E-4	1.183950E+4	0.000000E+0	0.000000E+0
3.931266E+3	1.004770E-4	1.183920E+4	0.000000E+0	0.000000E+0
3.935269E+3	1.004820E-4	1.183880E+4	0.000000E+0	0.000000E+0
3.939269E+3	1.004790E-4	1.183850E+4	0.000000E+0	0.000000E+0
3.943267E+3	1.004780E-4	1.183800E+4	0.000000E+0	0.000000E+0
3.947266E+3	1.004750E-4	1.183780E+4	0.000000E+0	0.000000E+0
3.951272E+3	1.004770E-4	1.183740E+4	0.000000E+0	0.000000E+0
3.955270E+3	1.004750E-4	1.183710E+4	0.000000E+0	0.000000E+0
3.959270E+3	1.004770E-4	1.183690E+4	0.000000E+0	0.000000E+0
3.963267E+3	1.004710E-4	1.183660E+4	0.000000E+0	0.000000E+0
3.967270E+3	1.004750E-4	1.183610E+4	0.000000E+0	0.000000E+0
3.971267E+3	1.004690E-4	1.183600E+4	0.000000E+0	0.000000E+0
3.975268E+3	1.004780E-4	1.183620E+4	0.000000E+0	0.000000E+0
3.979267E+3	1.004710E-4	1.183620E+4	0.000000E+0	0.000000E+0
3.983270E+3	1.004700E-4	1.183630E+4	0.000000E+0	0.000000E+0
3.987273E+3	1.004670E-4	1.183620E+4	0.000000E+0	0.000000E+0
3.991265E+3	1.004730E-4	1.183600E+4	0.000000E+0	0.000000E+0
3.995266E+3	1.004670E-4	1.183570E+4	0.000000E+0	0.000000E+0
3.999270E+3	1.004720E-4	1.183540E+4	0.000000E+0	0.000000E+0
4.003266E+3	1.004690E-4	1.183500E+4	0.000000E+0	0.000000E+0
4.007271E+3	1.004740E-4	1.183470E+4	0.000000E+0	0.000000E+0
4.011273E+3	1.004670E-4	1.183430E+4	0.000000E+0	0.000000E+0
4.015271E+3	1.004680E-4	1.183400E+4	0.000000E+0	0.000000E+0
4.019266E+3	1.004670E-4	1.183350E+4	0.000000E+0	0.000000E+0
4.023266E+3	1.004720E-4	1.183320E+4	0.000000E+0	0.000000E+0
4.027272E+3	1.004670E-4	1.183290E+4	0.000000E+0	0.000000E+0
4.031272E+3	1.004690E-4	1.183260E+4	0.000000E+0	0.000000E+0
4.035267E+3	1.004650E-4	1.183220E+4	0.000000E+0	0.000000E+0
4.039269E+3	1.004700E-4	1.183190E+4	0.000000E+0	0.000000E+0
4.043267E+3	1.004670E-4	1.183160E+4	0.000000E+0	0.000000E+0
4.047270E+3	1.004680E-4	1.183140E+4	0.000000E+0	0.000000E+0
4.051264E+3	1.004650E-4	1.183100E+4	0.000000E+0	0.000000E+0
4.055268E+3	1.004680E-4	1.183070E+4	0.000000E+0	0.000000E+0
4.059267E+3	1.004670E-4	1.183030E+4	0.000000E+0	0.000000E+0
4.063270E+3	1.004690E-4	1.183010E+4	0.000000E+0	0.000000E+0
4.067267E+3	1.004650E-4	1.182970E+4	0.000000E+0	0.000000E+0
4.071270E+3	1.004690E-4	1.182950E+4	0.000000E+0	0.000000E+0
4.075267E+3	1.004590E-4	1.182920E+4	0.000000E+0	0.000000E+0
4.079270E+3	1.004660E-4	1.182890E+4	0.000000E+0	0.000000E+0
4.083271E+3	1.004630E-4	1.182870E+4	0.000000E+0	0.000000E+0
4.087270E+3	1.004670E-4	1.182840E+4	0.000000E+0	0.000000E+0
4.091265E+3	1.004620E-4	1.182840E+4	0.000000E+0	0.000000E+0
4.095269E+3	1.004670E-4	1.182820E+4	0.000000E+0	0.000000E+0
4.099271E+3	1.004600E-4	1.182810E+4	0.000000E+0	0.000000E+0
4.103271E+3	1.004630E-4	1.182780E+4	0.000000E+0	0.000000E+0
4.107269E+3	1.004600E-4	1.182760E+4	0.000000E+0	0.000000E+0
4.111271E+3	1.004600E-4	1.182730E+4	0.000000E+0	0.000000E+0
4.115267E+3	1.004590E-4	1.182700E+4	0.000000E+0	0.000000E+0
4.119267E+3	1.004600E-4	1.182670E+4	0.000000E+0	0.000000E+0
4.123264E+3	1.004550E-4	1.182660E+4	0.000000E+0	0.000000E+0
4.127271E+3	1.004630E-4	1.182640E+4	0.000000E+0	0.000000E+0
4.131261E+3	1.004560E-4	1.182610E+4	0.000000E+0	0.000000E+0
4.135269E+3	1.004580E-4	1.182600E+4	0.000000E+0	0.000000E+0
4.139270E+3	1.004550E-4	1.182570E+4	0.000000E+0	0.000000E+0
4.143270E+3	1.004600E-4	1.182540E+4	0.000000E+0	0.000000E+0
4.147269E+3	1.004550E-4	1.182520E+4	0.000000E+0	0.000000E+0
4.151267E+3	1.004570E-4	1.182480E+4	0.000000E+0	0.000000E+0
4.155267E+3	1.004530E-4	1.182450E+4	0.000000E+0	0.000000E+0
4.159269E+3	1.004580E-4	1.182430E+4	0.000000E+0	0.000000E+0
4.163270E+3	1.004540E-4	1.182410E+4	0.000000E+0	0.000000E+0
4.167270E+3	1.004550E-4	1.182390E+4	0.000000E+0	0.000000E+0
4.171270E+3	1.004520E-4	1.182370E+4	0.000000E+0	0.000000E+0
4.175270E+3	1.004550E-4	1.182360E+4	0.000000E+0	0.000000E+0
4.179269E+3	1.004500E-4	1.182390E+4	0.000000E+0	0.000000E+0
4.183271E+3	1.004580E-4	1.182360E+4	0.000000E+0	0.000000E+0
4.187269E+3	1.004480E-4	1.182340E+4	0.000000E+0	0.000000E+0
4.191267E+3	1.004580E-4	1.182310E+4	0.000000E+0	0.000000E+0
4.195266E+3	1.004490E-4	1.182280E+4	0.000000E+0	0.000000E+0
4.199266E+3	1.004560E-4	1.182250E+4	0.000000E+0	0.000000E+0
4.203261E+3	1.004510E-4	1.182210E+4	0.000000E+0	0.000000E+0
4.207271E+3	1.004560E-4	1.182180E+4	0.000000E+0	0.000000E+0
4.211267E+3	1.004470E-4	1.182140E+4	0.000000E+0	0.000000E+0
4.215269E+3	1.004510E-4	1.182110E+4	0.000000E+0	0.000000E+0
4.219269E+3	1.004490E-4	1.182080E+4	0.000000E+0	0.000000E+0
4.223270E+3	1.004540E-4	1.182030E+4	0.000000E+0	0.000000E+0
4.227269E+3	1.004460E-4	1.181990E+4	0.000000E+0	0.000000E+0
4.231270E+3	1.004520E-4	1.181950E+4	0.000000E+0	0.000000E+0
4.235264E+3	1.004430E-4	1.181920E+4	0.000000E+0	0.000000E+0
4.239265E+3	1.004500E-4	1.181890E+4	0.000000E+0	0.000000E+0
4.243265E+3	1.004390E-4	1.181880E+4	0.000000E+0	0.000000E+0
4.247268E+3	1.004470E-4	1.181850E+4	0.000000E+0	0.000000E+0
4.251267E+3	1.004420E-4	1.181820E+4	0.000000E+0	0.000000E+0
4.255268E+3	1.004440E-4	1.181800E+4	0.000000E+0	0.000000E+0
4.259266E+3	1.004410E-4	1.181770E+4	0.000000E+0	0.000000E+0
4.263270E+3	1.004440E-4	1.181740E+4	0.000000E+0	0.000000E+0
4.267269E+3	1.004390E-4	1.181710E+4	0.000000E+0	0.000000E+0
4.271269E+3	1.004440E-4	1.181690E+4	0.000000E+0	0.000000E+0
4.275271E+3	1.004380E-4	1.181680E+4	0.000000E+0	0.000000E+0
4.279271E+3	1.004440E-4	1.181650E+4	0.000000E+0	0.000000E+0
4.283271E+3	1.004390E-4	1.181620E+4	0.000000E+0	0.000000E+0
4.287272E+3	1.004430E-4	1.181600E+4	0.000000E+0	0.000000E+0
4.291266E+3	1.004390E-4	1.181590E+4	0.000000E+0	0.000000E+0
4.295271E+3	1.004440E-4	1.181550E+4	0.000000E+0	0.000000E+0
4.299270E+3	1.004380E-4	1.181520E+4	0.000000E+0	0.000000E+0
4.303269E+3	1.004410E-4	1.181490E+4	0.000000E+0	0.000000E+0
4.307267E+3	1.004370E-4	1.181460E+4	0.000000E+0	0.000000E+0
4.311270E+3	1.004420E-4	1.181430E+4	0.000000E+0	0.000000E+0
4.315272E+3	1.004390E-4	1.181400E+4	0.000000E+0	0.000000E+0
4.319269E+3	1.004430E-4	1.181360E+4	0.000000E+0	0.000000E+0
4.323267E+3	1.004370E-4	1.181340E+4	0.000000E+0	0.000000E+0
4.327270E+3	1.004360E-4	1.181310E+4	0.000000E+0	0.000000E+0
4.331270E+3	1.004380E-4	1.181290E+4	0.000000E+0	0.000000E+0
4.335272E+3	1.004400E-4	1.181270E+4	0.000000E+0	0.000000E+0
4.339268E+3	1.004360E-4	1.181260E+4	0.000000E+0	0.000000E+0
4.343268E+3	1.004400E-4	1.181230E+4	0.000000E+0	0.000000E+0
4.347265E+3	1.004310E-4	1.181220E+4	0.000000E+0	0.000000E+0
4.351269E+3	1.004380E-4	1.181190E+4	0.000000E+0	0.000000E+0
4.355268E+3	1.004320E-4	1.181160E+4	0.000000E+0	0.000000E+0
4.359268E+3	1.004350E-4	1.181120E+4	0.000000E+0	0.000000E+0
4.363264E+3	1.004330E-4	1.181100E+4	0.000000E+0	0.000000E+0
4.367271E+3	1.004350E-4	1.181090E+4	0.000000E+0	0.000000E+0
4.371269E+3	1.004320E-4	1.181070E+4	0.000000E+0	0.000000E+0
4.375266E+3	1.004340E-4	1.181070E+4	0.000000E+0	0.000000E+0
4.379264E+3	1.004320E-4	1.181060E+4	0.000000E+0	0.000000E+0
4.383267E+3	1.004330E-4	1.181020E+4	0.000000E+0	0.000000E+0
4.387270E+3	1.004280E-4	1.181000E+4	0.000000E+0	0.000000E+0
4.391272E+3	1.004370E-4	1.180990E+4	0.000000E+0	0.000000E+0
4.395269E+3	1.004320E-4	1.180960E+4	0.000000E+0	0.000000E+0
4.399269E+3	1.004330E-4	1.180940E+4	0.000000E+0	0.000000E+0
4.403269E+3	1.004270E-4	1.180930E+4	0.000000E+0	0.000000E+0
4.407269E+3	1.004320E-4	1.180920E+4	0.000000E+0	0.000000E+0
4.411267E+3	1.004280E-4	1.180900E+4	0.000000E+0	0.000000E+0
4.415268E+3	1.004330E-4	1.180880E+4	0.000000E+0	0.000000E+0
4.419268E+3	1.004240E-4	1.180860E+4	0.000000E+0	0.000000E+0
4.423269E+3	1.004310E-4	1.180840E+4	0.000000E+0	0.000000E+0
4.427270E+3	1.004240E-4	1.180820E+4	0.000000E+0	0.000000E+0
4.431270E+3	1.004280E-4	1.180800E+4	0.000000E+0	0.000000E+0
4.435266E+3	1.004260E-4	1.180780E+4	0.000000E+0	0.000000E+0
4.439270E+3	1.004300E-4	1.180750E+4	0.000000E+0	0.000000E+0
4.443271E+3	1.004250E-4	1.180720E+4	0.000000E+0	0.000000E+0
4.447269E+3	1.004280E-4	1.180690E+4	0.000000E+0	0.000000E+0
4.451266E+3	1.004240E-4	1.180660E+4	0.000000E+0	0.000000E+0
4.455271E+3	1.004270E-4	1.180650E+4	0.000000E+0	0.000000E+0
4.459269E+3	1.004230E-4	1.180640E+4	0.000000E+0	0.000000E+0
4.463269E+3	1.004270E-4	1.180610E+4	0.000000E+0	0.000000E+0
4.467267E+3	1.004240E-4	1.180590E+4	0.000000E+0	0.000000E+0
4.471271E+3	1.004250E-4	1.180570E+4	0.000000E+0	0.000000E+0
4.475272E+3	1.004220E-4	1.180540E+4	0.000000E+0	0.000000E+0
4.479270E+3	1.004230E-4	1.180530E+4	0.000000E+0	0.000000E+0
4.483267E+3	1.004220E-4	1.180490E+4	0.000000E+0	0.000000E+0
4.487272E+3	1.004240E-4	1.180470E+4	0.000000E+0	0.000000E+0
4.491269E+3	1.004220E-4	1.180450E+4	0.000000E+0	0.000000E+0
4.495267E+3	1.004240E-4	1.180420E+4	0.000000E+0	0.000000E+0
4.499265E+3	1.004170E-4	1.180390E+4	0.000000E+0	0.000000E+0
4.503268E+3	1.004240E-4	1.180360E+4	0.000000E+0	0.000000E+0
4.507268E+3	1.004180E-4	1.180340E+4	0.000000E+0	0.000000E+0
4.511267E+3	1.004220E-4	1.180320E+4	0.000000E+0	0.000000E+0
4.515263E+3	1.004190E-4	1.180300E+4	0.000000E+0	0.000000E+0
4.519266E+3	1.004200E-4	1.180280E+4	0.000000E+0	0.000000E+0
4.523273E+3	1.004140E-4	1.180260E+4	0.000000E+0	0.000000E+0
4.527271E+3	1.004190E-4	1.180240E+4	0.000000E+0	0.000000E+0
4.531271E+3	1.004150E-4	1.180220E+4	0.000000E+0	0.000000E+0
4.535267E+3	1.004200E-4	1.180210E+4	0.000000E+0	0.000000E+0
4.539264E+3	1.004150E-4	1.180210E+4	0.000000E+0	0.000000E+0
4.543264E+3	1.004210E-4	1.180180E+4	0.000000E+0	0.000000E+0
4.547269E+3	1.004170E-4	1.180160E+4	0.000000E+0	0.000000E+0
4.551271E+3	1.004190E-4	1.180120E+4	0.000000E+0	0.000000E+0
4.555272E+3	1.004140E-4	1.180100E+4	0.000000E+0	0.000000E+0
4.559267E+3	1.004200E-4	1.180080E+4	0.000000E+0	0.000000E+0
4.563266E+3	1.004140E-4	1.180050E+4	0.000000E+0	0.000000E+0
4.567266E+3	1.004210E-4	1.180030E+4	0.000000E+0	0.000000E+0
4.571269E+3	1.004150E-4	1.180020E+4	0.000000E+0	0.000000E+0
4.575269E+3	1.004170E-4	1.179990E+4	0.000000E+0	0.000000E+0
4.579272E+3	1.004140E-4	1.180000E+4	0.000000E+0	0.000000E+0
4.583272E+3	1.004200E-4	1.179990E+4	0.000000E+0	0.000000E+0
4.587267E+3	1.004120E-4	1.179980E+4	0.000000E+0	0.000000E+0
4.591267E+3	1.004140E-4	1.179960E+4	0.000000E+0	0.000000E+0
4.595265E+3	1.004150E-4	1.179940E+4	0.000000E+0	0.000000E+0
4.599268E+3	1.004150E-4	1.179910E+4	0.000000E+0	0.000000E+0
4.603265E+3	1.004110E-4	1.179880E+4	0.000000E+0	0.000000E+0
4.607266E+3	1.004140E-4	1.179850E+4	0.000000E+0	0.000000E+0
4.611263E+3	1.004110E-4	1.179810E+4	0.000000E+0	0.000000E+0
4.615271E+3	1.004160E-4	1.179780E+4	0.000000E+0	0.000000E+0
4.619269E+3	1.004130E-4	1.179750E+4	0.000000E+0	0.000000E+0
4.623266E+3	1.004160E-4	1.179740E+4	0.000000E+0	0.000000E+0
4.627269E+3	1.004100E-4	1.179700E+4	0.000000E+0	0.000000E+0
4.631272E+3	1.004170E-4	1.179670E+4	0.000000E+0	0.000000E+0
4.635268E+3	1.004090E-4	1.179640E+4	0.000000E+0	0.000000E+0
4.639267E+3	1.004130E-4	1.179610E+4	0.000000E+0	0.000000E+0
4.643266E+3	1.004100E-4	1.179590E+4	0.000000E+0	0.000000E+0
4.647268E+3	1.004130E-4	1.179560E+4	0.000000E+0	0.000000E+0
4.651269E+3	1.004080E-4	1.179540E+4	0.000000E+0	0.000000E+0
4.655270E+3	1.004110E-4	1.179500E+4	0.000000E+0	0.000000E+0
4.659267E+3	1.004060E-4	1.179480E+4	0.000000E+0	0.000000E+0
4.663270E+3	1.004110E-4	1.179470E+4	0.000000E+0	0.000000E+0
4.667269E+3	1.004050E-4	1.179460E+4	0.000000E+0	0.000000E+0
4.671268E+3	1.004110E-4	1.179430E+4	0.000000E+0	0.000000E+0
4.675268E+3	1.004050E-4	1.179410E+4	0.000000E+0	0.000000E+0
4.679272E+3	1.004110E-4	1.179400E+4	0.000000E+0	0.000000E+0
4.683268E+3	1.004060E-4	1.179350E+4	0.000000E+0	0.000000E+0
4.687270E+3	1.004090E-4	1.179310E+4	0.000000E+0	0.000000E+0
4.691266E+3	1.004070E-4	1.179270E+4	0.000000E+0	0.000000E+0
4.695271E+3	1.004070E-4	1.179230E+4	0.000000E+0	0.000000E+0
4.699262E+3	1.004020E-4	1.179220E+4	0.000000E+0	0.000000E+0
4.703269E+3	1.004080E-4	1.179190E+4	0.000000E+0	0.000000E+0
4.707268E+3	1.004030E-4	1.179160E+4	0.000000E+0	0.000000E+0
4.711267E+3	1.004060E-4	1.179140E+4	0.000000E+0	0.000000E+0
4.715271E+3	1.004050E-4	1.179100E+4	0.000000E+0	0.000000E+0
4.719268E+3	1.004070E-4	1.179060E+4	0.000000E+0	0.000000E+0
4.723266E+3	1.004010E-4	1.179010E+4	0.000000E+0	0.000000E+0
4.727271E+3	1.004100E-4	1.178990E+4	0.000000E+0	0.000000E+0
4.731269E+3	1.004050E-4	1.178950E+4	0.000000E+0	0.000000E+0
4.735270E+3	1.004080E-4	1.178930E+4	0.000000E+0	0.000000E+0
4.739269E+3	1.003980E-4	1.178900E+4	0.000000E+0	0.000000E+0
4.743272E+3	1.004050E-4	1.178880E+4	0.000000E+0	0.000000E+0
4.747272E+3	1.004010E-4	1.178850E+4	0.000000E+0	0.000000E+0
4.751270E+3	1.004020E-4	1.178830E+4	0.000000E+0	0.000000E+0
4.755267E+3	1.003960E-4	1.178800E+4	0.000000E+0	0.000000E+0
4.759270E+3	1.004030E-4	1.178760E+4	0.000000E+0	0.000000E+0
4.763272E+3	1.004000E-4	1.178740E+4	0.000000E+0	0.000000E+0
4.767270E+3	1.004040E-4	1.178720E+4	0.000000E+0	0.000000E+0
4.771268E+3	1.003970E-4	1.178700E+4	0.000000E+0	0.000000E+0
4.775271E+3	1.004030E-4	1.178690E+4	0.000000E+0	0.000000E+0
4.779270E+3	1.003960E-4	1.178650E+4	0.000000E+0	0.000000E+0
4.783268E+3	1.004030E-4	1.178650E+4	0.000000E+0	0.000000E+0
4.787265E+3	1.003960E-4	1.178650E+4	0.000000E+0	0.000000E+0
4.791269E+3	1.004040E-4	1.178640E+4	0.000000E+0	0.000000E+0
4.795269E+3	1.003980E-4	1.178620E+4	0.000000E+0	0.000000E+0
4.799268E+3	1.004030E-4	1.178600E+4	0.000000E+0	0.000000E+0
4.803266E+3	1.003950E-4	1.178570E+4	0.000000E+0	0.000000E+0
4.807271E+3	1.004010E-4	1.178540E+4	0.000000E+0	0.000000E+0
4.811267E+3	1.003950E-4	1.178510E+4	0.000000E+0	0.000000E+0
4.815267E+3	1.003980E-4	1.178500E+4	0.000000E+0	0.000000E+0
4.819266E+3	1.003950E-4	1.178490E+4	0.000000E+0	0.000000E+0
4.823270E+3	1.003980E-4	1.178460E+4	0.000000E+0	0.000000E+0
4.827269E+3	1.003950E-4	1.178430E+4	0.000000E+0	0.000000E+0
4.831267E+3	1.003980E-4	1.178410E+4	0.000000E+0	0.000000E+0
4.835264E+3	1.003930E-4	1.178380E+4	0.000000E+0	0.000000E+0
4.839272E+3	1.003940E-4	1.178350E+4	0.000000E+0	0.000000E+0
4.843270E+3	1.003910E-4	1.178330E+4	0.000000E+0	0.000000E+0
4.847268E+3	1.003940E-4	1.178310E+4	0.000000E+0	0.000000E+0
4.851268E+3	1.003930E-4	1.178260E+4	0.000000E+0	0.000000E+0
4.855269E+3	1.003980E-4	1.178240E+4	0.000000E+0	0.000000E+0
4.859267E+3	1.003900E-4	1.178230E+4	0.000000E+0	0.000000E+0
4.863270E+3	1.003940E-4	1.178210E+4	0.000000E+0	0.000000E+0
4.867270E+3	1.003900E-4	1.178190E+4	0.000000E+0	0.000000E+0
4.871270E+3	1.003920E-4	1.178170E+4	0.000000E+0	0.000000E+0
4.875268E+3	1.003840E-4	1.178130E+4	0.000000E+0	0.000000E+0
4.879269E+3	1.003910E-4	1.178090E+4	0.000000E+0	0.000000E+0
4.883268E+3	1.003860E-4	1.178060E+4	0.000000E+0	0.000000E+0
4.887268E+3	1.003940E-4	1.178040E+4	0.000000E+0	0.000000E+0
4.891266E+3	1.003870E-4	1.178020E+4	0.000000E+0	0.000000E+0
4.895270E+3	1.003920E-4	1.177990E+4	0.000000E+0	0.000000E+0
4.899271E+3	1.003870E-4	1.177970E+4	0.000000E+0	0.000000E+0
4.903272E+3	1.003910E-4	1.177950E+4	0.000000E+0	0.000000E+0
4.907269E+3	1.003870E-4	1.177940E+4	0.000000E+0	0.000000E+0
4.911273E+3	1.003900E-4	1.177920E+4	0.000000E+0	0.000000E+0
4.915267E+3	1.003840E-4	1.177920E+4	0.000000E+0	0.000000E+0
4.919272E+3	1.003930E-4	1.177900E+4	0.000000E+0	0.000000E+0
4.923269E+3	1.003830E-4	1.177870E+4	0.000000E+0	0.000000E+0
4.927267E+3	1.003890E-4	1.177850E+4	0.000000E+0	0.000000E+0
4.931265E+3	1.003830E-4	1.177820E+4	0.000000E+0	0.000000E+0
4.935269E+3	1.003900E-4	1.177800E+4	0.000000E+0	0.000000E+0
4.939272E+3	1.003820E-4	1.177780E+4	0.000000E+0	0.000000E+0
4.943270E+3	1.003870E-4	1.177770E+4	0.000000E+0	0.000000E+0
4.947265E+3	1.003820E-4	1.177740E+4	0.000000E+0	0.000000E+0
4.951271E+3	1.003860E-4	1.177730E+4	0.000000E+0	0.000000E+0
4.955265E+3	1.003820E-4	1.177710E+4	0.000000E+0	0.000000E+0
4.959268E+3	1.003860E-4	1.177700E+4	0.000000E+0	0.000000E+0
4.963268E+3	1.003820E-4	1.177700E+4	0.000000E+0	0.000000E+0
4.967269E+3	1.003890E-4	1.177690E+4	0.000000E+0	0.000000E+0
4.971269E+3	1.003830E-4	1.177670E+4	0.000000E+0	0.000000E+0
4.975272E+3	1.003870E-4	1.177630E+4	0.000000E+0	0.000000E+0
4.979271E+3	1.003830E-4	1.177590E+4	0.000000E+0	0.000000E+0
4.983269E+3	1.003860E-4	1.177570E+4	0.000000E+0	0.000000E+0
4.987266E+3	1.003800E-4	1.177560E+4	0.000000E+0	0.000000E+0
4.991269E+3	1.003840E-4	1.177530E+4	0.000000E+0	0.000000E+0
4.995271E+3	1.003780E-4	1.177530E+4	0.000000E+0	0.000000E+0
4.999270E+3	1.003830E-4	1.177530E+4	0.000000E+0	0.000000E+0
5.003269E+3	1.003780E-4	1.177520E+4	0.000000E+0	0.000000E+0
5.007270E+3	1.003830E-4	1.177500E+4	0.000000E+0	0.000000E+0
5.011269E+3	1.003760E-4	1.177490E+4	0.000000E+0	0.000000E+0
5.015269E+3	1.003820E-4	1.177470E+4	0.000000E+0	0.000000E+0
5.019265E+3	1.003730E-4	1.177460E+4	0.000000E+0	0.000000E+0
5.023268E+3	1.003780E-4	1.177440E+4	0.000000E+0	0.000000E+0
5.027271E+3	1.003750E-4	1.177410E+4	0.000000E+0	0.000000E+0
5.031268E+3	1.003790E-4	1.177380E+4	0.000000E+0	0.000000E+0
5.035271E+3	1.003740E-4	1.177350E+4	0.000000E+0	0.000000E+0
5.039271E+3	1.003820E-4	1.177330E+4	0.000000E+0	0.000000E+0
5.043267E+3	1.003710E-4	1.177290E+4	0.000000E+0	0.000000E+0
5.047268E+3	1.003780E-4	1.177260E+4	0.000000E+0	0.000000E+0
5.051266E+3	1.003740E-4	1.177240E+4	0.000000E+0	0.000000E+0
5.055269E+3	1.003770E-4	1.177210E+4	0.000000E+0	0.000000E+0
5.059273E+3	1.003740E-4	1.177200E+4	0.000000E+0	0.000000E+0
5.063269E+3	1.003770E-4	1.177180E+4	0.000000E+0	0.000000E+0
5.067266E+3	1.003700E-4	1.177150E+4	0.000000E+0	0.000000E+0
5.071266E+3	1.003760E-4	1.177140E+4	0.000000E+0	0.000000E+0
5.075271E+3	1.003740E-4	1.177100E+4	0.000000E+0	0.000000E+0
5.079271E+3	1.003790E-4	1.177080E+4	0.000000E+0	0.000000E+0
5.083271E+3	1.003690E-4	1.177060E+4	0.000000E+0	0.000000E+0
5.087269E+3	1.003760E-4	1.177030E+4	0.000000E+0	0.000000E+0
5.091267E+3	1.003700E-4	1.177010E+4	0.000000E+0	0.000000E+0
5.095270E+3	1.003750E-4	1.176980E+4	0.000000E+0	0.000000E+0
5.099265E+3	1.003660E-4	1.176960E+4	0.000000E+0	0.000000E+0
5.103269E+3	1.003780E-4	1.176930E+4	0.000000E+0	0.000000E+0
5.107268E+3	1.003670E-4	1.176920E+4	0.000000E+0	0.000000E+0
5.111272E+3	1.003730E-4	1.176910E+4	0.000000E+0	0.000000E+0
5.115268E+3	1.003680E-4	1.176890E+4	0.000000E+0	0.000000E+0
5.119267E+3	1.003730E-4	1.176880E+4	0.000000E+0	0.000000E+0
5.123265E+3	1.003630E-4	1.176860E+4	0.000000E+0	0.000000E+0
5.127268E+3	1.003740E-4	1.176830E+4	0.000000E+0	0.000000E+0
5.131270E+3	1.003650E-4	1.176810E+4	0.000000E+0	0.000000E+0
5.135268E+3	1.003720E-4	1.176790E+4	0.000000E+0	0.000000E+0
5.139266E+3	1.003670E-4	1.176760E+4	0.000000E+0	0.000000E+0
5.143269E+3	1.003730E-4	1.176740E+4	0.000000E+0	0.000000E+0
5.147268E+3	1.003680E-4	1.176740E+4	0.000000E+0	0.000000E+0
5.151268E+3	1.003720E-4	1.176700E+4	0.000000E+0	0.000000E+0
5.155266E+3	1.003680E-4	1.176680E+4	0.000000E+0	0.000000E+0
5.159271E+3	1.003690E-4	1.176670E+4	0.000000E+0	0.000000E+0
5.163269E+3	1.003690E-4	1.176620E+4	0.000000E+0	0.000000E+0
5.167269E+3	1.003690E-4	1.176580E+4	0.000000E+0	0.000000E+0
5.171267E+3	1.003650E-4	1.176560E+4	0.000000E+0	0.000000E+0
5.175271E+3	1.003670E-4	1.176570E+4	0.000000E+0	0.000000E+0
5.179270E+3	1.003630E-4	1.176530E+4	0.000000E+0	0.000000E+0
5.183269E+3	1.003700E-4	1.176520E+4	0.000000E+0	0.000000E+0
5.187265E+3	1.003600E-4	1.176490E+4	0.000000E+0	0.000000E+0
5.191269E+3	1.003660E-4	1.176470E+4	0.000000E+0	0.000000E+0
5.195267E+3	1.003620E-4	1.176440E+4	0.000000E+0	0.000000E+0
5.199267E+3	1.003690E-4	1.176420E+4	0.000000E+0	0.000000E+0
5.203265E+3	1.003630E-4	1.176380E+4	0.000000E+0	0.000000E+0
5.207269E+3	1.003670E-4	1.176350E+4	0.000000E+0	0.000000E+0
5.211270E+3	1.003620E-4	1.176310E+4	0.000000E+0	0.000000E+0
5.215268E+3	1.003670E-4	1.176300E+4	0.000000E+0	0.000000E+0
5.219270E+3	1.003580E-4	1.176270E+4	0.000000E+0	0.000000E+0
5.223269E+3	1.003630E-4	1.176230E+4	0.000000E+0	0.000000E+0
5.227271E+3	1.003600E-4	1.176230E+4	0.000000E+0	0.000000E+0
5.231269E+3	1.003660E-4	1.176210E+4	0.000000E+0	0.000000E+0
5.235269E+3	1.003610E-4	1.176180E+4	0.000000E+0	0.000000E+0
5.239269E+3	1.003650E-4	1.176170E+4	0.000000E+0	0.000000E+0
5.243268E+3	1.003610E-4	1.176140E+4	0.000000E+0	0.000000E+0
5.247270E+3	1.003640E-4	1.176120E+4	0.000000E+0	0.000000E+0
5.251263E+3	1.003610E-4	1.176100E+4	0.000000E+0	0.000000E+0
5.255269E+3	1.003650E-4	1.176090E+4	0.000000E+0	0.000000E+0
5.259269E+3	1.003580E-4	1.176060E+4	0.000000E+0	0.000000E+0
5.263270E+3	1.003620E-4	1.176020E+4	0.000000E+0	0.000000E+0
5.267267E+3	1.003550E-4	1.175980E+4	0.000000E+0	0.000000E+0
5.271267E+3	1.003620E-4	1.175960E+4	0.000000E+0	0.000000E+0
5.275266E+3	1.003600E-4	1.175940E+4	0.000000E+0	0.000000E+0
5.279269E+3	1.003610E-4	1.175920E+4	0.000000E+0	0.000000E+0
5.283268E+3	1.003560E-4	1.175890E+4	0.000000E+0	0.000000E+0
5.287267E+3	1.003570E-4	1.175870E+4	0.000000E+0	0.000000E+0
5.291267E+3	1.003570E-4	1.175850E+4	0.000000E+0	0.000000E+0
5.295268E+3	1.003600E-4	1.175800E+4	0.000000E+0	0.000000E+0
5.299267E+3	1.003570E-4	1.175760E+4	0.000000E+0	0.000000E+0
5.303271E+3	1.003600E-4	1.175720E+4	0.000000E+0	0.000000E+0
5.307266E+3	1.003560E-4	1.175680E+4	0.000000E+0	0.000000E+0
5.311268E+3	1.003600E-4	1.175650E+4	0.000000E+0	0.000000E+0
5.315271E+3	1.003520E-4	1.175640E+4	0.000000E+0	0.000000E+0
5.319273E+3	1.003590E-4	1.175610E+4	0.000000E+0	0.000000E+0
5.323268E+3	1.003570E-4	1.175590E+4	0.000000E+0	0.000000E+0
5.327270E+3	1.003580E-4	1.175550E+4	0.000000E+0	0.000000E+0
5.331266E+3	1.003520E-4	1.175540E+4	0.000000E+0	0.000000E+0
5.335269E+3	1.003550E-4	1.175510E+4	0.000000E+0	0.000000E+0
5.339269E+3	1.003510E-4	1.175500E+4	0.000000E+0	0.000000E+0
5.343269E+3	1.003560E-4	1.175490E+4	0.000000E+0	0.000000E+0
5.347267E+3	1.003490E-4	1.175470E+4	0.000000E+0	0.000000E+0
5.351271E+3	1.003550E-4	1.175460E+4	0.000000E+0	0.000000E+0
5.355269E+3	1.003510E-4	1.175430E+4	0.000000E+0	0.000000E+0
5.359269E+3	1.003540E-4	1.175420E+4	0.000000E+0	0.000000E+0
5.363265E+3	1.003510E-4	1.175400E+4	0.000000E+0	0.000000E+0
5.367268E+3	1.003550E-4	1.175390E+4	0.000000E+0	0.000000E+0
5.371267E+3	1.003500E-4	1.175370E+4	0.000000E+0	0.000000E+0
5.375267E+3	1.003550E-4	1.175340E+4	0.000000E+0	0.000000E+0
5.379265E+3	1.003500E-4	1.175330E+4	0.000000E+0	0.000000E+0
5.383269E+3	1.003540E-4	1.175310E+4	0.000000E+0	0.000000E+0
5.387267E+3	1.003550E-4	1.175310E+4	0.000000E+0	0.000000E+0
5.391267E+3	1.003520E-4	1.175290E+4	0.000000E+0	0.000000E+0
5.395265E+3	1.003490E-4	1.175270E+4	0.000000E+0	0.000000E+0
5.399268E+3	1.003550E-4	1.175240E+4	0.000000E+0	0.000000E+0
5.403271E+3	1.003470E-4	1.175220E+4	0.000000E+0	0.000000E+0
5.407270E+3	1.003520E-4	1.175190E+4	0.000000E+0	0.000000E+0
5.411268E+3	1.003470E-4	1.175180E+4	0.000000E+0	0.000000E+0
5.415273E+3	1.003530E-4	1.175170E+4	0.000000E+0	0.000000E+0
5.419272E+3	1.003450E-4	1.175150E+4	0.000000E+0	0.000000E+0
5.423271E+3	1.003550E-4	1.175130E+4	0.000000E+0	0.000000E+0
5.427267E+3	1.003480E-4	1.175120E+4	0.000000E+0	0.000000E+0
5.431272E+3	1.003510E-4	1.175110E+4	0.000000E+0	0.000000E+0
5.435267E+3	1.003470E-4	1.175100E+4	0.000000E+0	0.000000E+0
5.439266E+3	1.003480E-4	1.175080E+4	0.000000E+0	0.000000E+0
5.443267E+3	1.003440E-4	1.175040E+4	0.000000E+0	0.000000E+0
5.447272E+3	1.003490E-4	1.175010E+4	0.000000E+0	0.000000E+0
5.451270E+3	1.003430E-4	1.174980E+4	0.000000E+0	0.000000E+0
5.455269E+3	1.003500E-4	1.174960E+4	0.000000E+0	0.000000E+0
5.459265E+3	1.003460E-4	1.174910E+4	0.000000E+0	0.000000E+0
5.463269E+3	1.003510E-4	1.174890E+4	0.000000E+0	0.000000E+0
5.467267E+3	1.003420E-4	1.174870E+4	0.000000E+0	0.000000E+0
5.471267E+3	1.003480E-4	1.174850E+4	0.000000E+0	0.000000E+0
5.475270E+3	1.003380E-4	1.174840E+4	0.000000E+0	0.000000E+0
5.479271E+3	1.003420E-4	1.174820E+4	0.000000E+0	0.000000E+0
5.483266E+3	1.003370E-4	1.174800E+4	0.000000E+0	0.000000E+0
5.487266E+3	1.003420E-4	1.174800E+4	0.000000E+0	0.000000E+0
5.491268E+3	1.003380E-4	1.174810E+4	0.000000E+0	0.000000E+0
5.495269E+3	1.003400E-4	1.174810E+4	0.000000E+0	0.000000E+0
5.499266E+3	1.003370E-4	1.174810E+4	0.000000E+0	0.000000E+0
5.503266E+3	1.003420E-4	1.174770E+4	0.000000E+0	0.000000E+0
5.507263E+3	1.003370E-4	1.174720E+4	0.000000E+0	0.000000E+0
5.511268E+3	1.003400E-4	1.174690E+4	0.000000E+0	0.000000E+0
5.515267E+3	1.003390E-4	1.174660E+4	0.000000E+0	0.000000E+0
5.519267E+3	1.003410E-4	1.174660E+4	0.000000E+0	0.000000E+0
5.523264E+3	1.003390E-4	1.174630E+4	0.000000E+0	0.000000E+0
5.527269E+3	1.003410E-4	1.174590E+4	0.000000E+0	0.000000E+0
5.531267E+3	1.003330E-4	1.174570E+4	0.000000E+0	0.000000E+0
5.535269E+3	1.003410E-4	1.174540E+4	0.000000E+0	0.000000E+0
5.539265E+3	1.003330E-4	1.174500E+4	0.000000E+0	0.000000E+0
5.543271E+3	1.003400E-4	1.174470E+4	0.000000E+0	0.000000E+0
5.547269E+3	1.003350E-4	1.174450E+4	0.000000E+0	0.000000E+0
5.551268E+3	1.003390E-4	1.174430E+4	0.000000E+0	0.000000E+0
5.555265E+3	1.003340E-4	1.174410E+4	0.000000E+0	0.000000E+0
5.559269E+3	1.003370E-4	1.174400E+4	0.000000E+0	0.000000E+0
5.563273E+3	1.003350E-4	1.174370E+4	0.000000E+0	0.000000E+0
5.567270E+3	1.003380E-4	1.174320E+4	0.000000E+0	0.000000E+0
5.571265E+3	1.003350E-4	1.174300E+4	0.000000E+0	0.000000E+0
5.575270E+3	1.003400E-4	1.174250E+4	0.000000E+0	0.000000E+0
5.579270E+3	1.003340E-4	1.174230E+4	0.000000E+0	0.000000E+0
5.583269E+3	1.003360E-4	1.174190E+4	0.000000E+0	0.000000E+0
5.587269E+3	1.003330E-4	1.174170E+4	0.000000E+0	0.000000E+0
5.591272E+3	1.003370E-4	1.174130E+4	0.000000E+0	0.000000E+0
5.595268E+3	1.003290E-4	1.174100E+4	0.000000E+0	0.000000E+0
5.599269E+3	1.003380E-4	1.174080E+4	0.000000E+0	0.000000E+0
5.603268E+3	1.003360E-4	1.174070E+4	0.000000E+0	0.000000E+0
5.607272E+3	1.003390E-4	1.174050E+4	0.000000E+0	0.000000E+0
5.611274E+3	1.003340E-4	1.174030E+4	0.000000E+0	0.000000E+0
5.615270E+3	1.003340E-4	1.174010E+4	0.000000E+0	0.000000E+0
5.619266E+3	1.003300E-4	1.173970E+4	0.000000E+0	0.000000E+0
5.623267E+3	1.003340E-4	1.173950E+4	0.000000E+0	0.000000E+0
5.627275E+3	1.003320E-4	1.173920E+4	0.000000E+0	0.000000E+0
5.631270E+3	1.003360E-4	1.173890E+4	0.000000E+0	0.000000E+0
5.635267E+3	1.003330E-4	1.173880E+4	0.000000E+0	0.000000E+0
5.639282E+3	1.003350E-4	1.173890E+4	0.000000E+0	0.000000E+0
5.643272E+3	1.003310E-4	1.173890E+4	0.000000E+0	0.000000E+0
5.647268E+3	1.003340E-4	1.173850E+4	0.000000E+0	0.000000E+0
5.651268E+3	1.003290E-4	1.173830E+4	0.000000E+0	0.000000E+0
5.655269E+3	1.003340E-4	1.173810E+4	0.000000E+0	0.000000E+0
5.659273E+3	1.003310E-4	1.173760E+4	0.000000E+0	0.000000E+0
5.663270E+3	1.003310E-4	1.173710E+4	0.000000E+0	0.000000E+0
5.667270E+3	1.003290E-4	1.173700E+4	0.000000E+0	0.000000E+0
5.671271E+3	1.003320E-4	1.173660E+4	0.000000E+0	0.000000E+0
5.675271E+3	1.003270E-4	1.173630E+4	0.000000E+0	0.000000E+0
5.679269E+3	1.003320E-4	1.173610E+4	0.000000E+0	0.000000E+0
5.683264E+3	1.003270E-4	1.173570E+4	0.000000E+0	0.000000E+0
5.687269E+3	1.003330E-4	1.173560E+4	0.000000E+0	0.000000E+0
5.691272E+3	1.003310E-4	1.173540E+4	0.000000E+0	0.000000E+0
5.695271E+3	1.003330E-4	1.173510E+4	0.000000E+0	0.000000E+0
5.699269E+3	1.003260E-4	1.173480E+4	0.000000E+0	0.000000E+0
5.703269E+3	1.003290E-4	1.173440E+4	0.000000E+0	0.000000E+0
5.707270E+3	1.003270E-4	1.173420E+4	0.000000E+0	0.000000E+0
5.711272E+3	1.003320E-4	1.173390E+4	0.000000E+0	0.000000E+0
5.715269E+3	1.003250E-4	1.173370E+4	0.000000E+0	0.000000E+0
5.719265E+3	1.003300E-4	1.173350E+4	0.000000E+0	0.000000E+0
5.723268E+3	1.003250E-4	1.173330E+4	0.000000E+0	0.000000E+0
5.727272E+3	1.003320E-4	1.173320E+4	0.000000E+0	0.000000E+0
5.731272E+3	1.003220E-4	1.173310E+4	0.000000E+0	0.000000E+0
5.735270E+3	1.003290E-4	1.173300E+4	0.000000E+0	0.000000E+0
5.739268E+3	1.003250E-4	1.173280E+4	0.000000E+0	0.000000E+0
5.743271E+3	1.003300E-4	1.173250E+4	0.000000E+0	0.000000E+0
5.747271E+3	1.003250E-4	1.173220E+4	0.000000E+0	0.000000E+0
5.751270E+3	1.003280E-4	1.173210E+4	0.000000E+0	0.000000E+0
5.755270E+3	1.003230E-4	1.173190E+4	0.000000E+0	0.000000E+0
5.759273E+3	1.003260E-4	1.173170E+4	0.000000E+0	0.000000E+0
5.763271E+3	1.003250E-4	1.173160E+4	0.000000E+0	0.000000E+0
5.767269E+3	1.003230E-4	1.173160E+4	0.000000E+0	0.000000E+0
5.771269E+3	1.003250E-4	1.173140E+4	0.000000E+0	0.000000E+0
5.775272E+3	1.003290E-4	1.173130E+4	0.000000E+0	0.000000E+0
5.779268E+3	1.003210E-4	1.173110E+4	0.000000E+0	0.000000E+0
5.783269E+3	1.003280E-4	1.173100E+4	0.000000E+0	0.000000E+0
5.787266E+3	1.003190E-4	1.173070E+4	0.000000E+0	0.000000E+0
5.791270E+3	1.003250E-4	1.173040E+4	0.000000E+0	0.000000E+0
5.795272E+3	1.003210E-4	1.173020E+4	0.000000E+0	0.000000E+0
5.799269E+3	1.003260E-4	1.172990E+4	0.000000E+0	0.000000E+0
5.803269E+3	1.003190E-4	1.172950E+4	0.000000E+0	0.000000E+0
5.807270E+3	1.003230E-4	1.172920E+4	0.000000E+0	0.000000E+0
5.811270E+3	1.003200E-4	1.172900E+4	0.000000E+0	0.000000E+0
5.815269E+3	1.003230E-4	1.172860E+4	0.000000E+0	0.000000E+0
5.819270E+3	1.003180E-4	1.172850E+4	0.000000E+0	0.000000E+0
5.823272E+3	1.003250E-4	1.172820E+4	0.000000E+0	0.000000E+0
5.827273E+3	1.003190E-4	1.172800E+4	0.000000E+0	0.000000E+0
5.831271E+3	1.003230E-4	1.172770E+4	0.000000E+0	0.000000E+0
5.835270E+3	1.003180E-4	1.172750E+4	0.000000E+0	0.000000E+0
5.839269E+3	1.003200E-4	1.172710E+4	0.000000E+0	0.000000E+0
5.843271E+3	1.003120E-4	1.172690E+4	0.000000E+0	0.000000E+0
5.847271E+3	1.003230E-4	1.172680E+4	0.000000E+0	0.000000E+0
5.851265E+3	1.003170E-4	1.172660E+4	0.000000E+0	0.000000E+0
5.855272E+3	1.003230E-4	1.172640E+4	0.000000E+0	0.000000E+0
5.859268E+3	1.003120E-4	1.172620E+4	0.000000E+0	0.000000E+0
5.863269E+3	1.003200E-4	1.172580E+4	0.000000E+0	0.000000E+0
5.867266E+3	1.003140E-4	1.172520E+4	0.000000E+0	0.000000E+0
5.871267E+3	1.003180E-4	1.172460E+4	0.000000E+0	0.000000E+0
5.875272E+3	1.003120E-4	1.172430E+4	0.000000E+0	0.000000E+0
5.879267E+3	1.003180E-4	1.172470E+4	0.000000E+0	0.000000E+0
5.883267E+3	1.003120E-4	1.172440E+4	0.000000E+0	0.000000E+0
5.887264E+3	1.003190E-4	1.172370E+4	0.000000E+0	0.000000E+0
5.891270E+3	1.003160E-4	1.172340E+4	0.000000E+0	0.000000E+0
5.895272E+3	1.003180E-4	1.172340E+4	0.000000E+0	0.000000E+0
5.899269E+3	1.003090E-4	1.172310E+4	0.000000E+0	0.000000E+0
5.903267E+3	1.003180E-4	1.172300E+4	0.000000E+0	0.000000E+0
5.907265E+3	1.003120E-4	1.172280E+4	0.000000E+0	0.000000E+0
5.911268E+3	1.003200E-4	1.172240E+4	0.000000E+0	0.000000E+0
5.915270E+3	1.003120E-4	1.172220E+4	0.000000E+0	0.000000E+0
5.919268E+3	1.003170E-4	1.172200E+4	0.000000E+0	0.000000E+0
5.923270E+3	1.003130E-4	1.172140E+4	0.000000E+0	0.000000E+0
5.927275E+3	1.003140E-4	1.172150E+4	0.000000E+0	0.000000E+0
5.931266E+3	1.003120E-4	1.172160E+4	0.000000E+0	0.000000E+0
5.935268E+3	1.003200E-4	1.172160E+4	0.000000E+0	0.000000E+0
5.939268E+3	1.003100E-4	1.172150E+4	0.000000E+0	0.000000E+0
5.943267E+3	1.003190E-4	1.172150E+4	0.000000E+0	0.000000E+0
5.947268E+3	1.003060E-4	1.172150E+4	0.000000E+0	0.000000E+0
5.951268E+3	1.003140E-4	1.172130E+4	0.000000E+0	0.000000E+0
5.955271E+3	1.003030E-4	1.172090E+4	0.000000E+0	0.000000E+0
5.959272E+3	1.003060E-4	1.172060E+4	0.000000E+0	0.000000E+0
5.963264E+3	1.002980E-4	1.172030E+4	0.000000E+0	0.000000E+0
5.967266E+3	1.003060E-4	1.172000E+4	0.000000E+0	0.000000E+0
5.971264E+3	1.003030E-4	1.171980E+4	0.000000E+0	0.000000E+0
5.975268E+3	1.003040E-4	1.171960E+4	0.000000E+0	0.000000E+0
5.979269E+3	1.003010E-4	1.171930E+4	0.000000E+0	0.000000E+0
5.983265E+3	1.003050E-4	1.171910E+4	0.000000E+0	0.000000E+0
5.987264E+3	1.003010E-4	1.171900E+4	0.000000E+0	0.000000E+0
5.991269E+3	1.003050E-4	1.171870E+4	0.000000E+0	0.000000E+0
5.995272E+3	1.003030E-4	1.171850E+4	0.000000E+0	0.000000E+0
5.999272E+3	1.003080E-4	1.171820E+4	0.000000E+0	0.000000E+0
6.003268E+3	1.002970E-4	1.171770E+4	0.000000E+0	0.000000E+0
6.007268E+3	1.003030E-4	1.171750E+4	0.000000E+0	0.000000E+0
6.011268E+3	1.002960E-4	1.171730E+4	0.000000E+0	0.000000E+0
6.015269E+3	1.003010E-4	1.171700E+4	0.000000E+0	0.000000E+0
6.019270E+3	1.002940E-4	1.171680E+4	0.000000E+0	0.000000E+0
6.023273E+3	1.003030E-4	1.171650E+4	0.000000E+0	0.000000E+0
6.027270E+3	1.002940E-4	1.171630E+4	0.000000E+0	0.000000E+0
6.031273E+3	1.003020E-4	1.171580E+4	0.000000E+0	0.000000E+0
6.035274E+3	1.002930E-4	1.171550E+4	0.000000E+0	0.000000E+0
6.039269E+3	1.003010E-4	1.171510E+4	0.000000E+0	0.000000E+0
6.043268E+3	1.002950E-4	1.171490E+4	0.000000E+0	0.000000E+0
6.047268E+3	1.003000E-4	1.171460E+4	0.000000E+0	0.000000E+0
6.051271E+3	1.002910E-4	1.171440E+4	0.000000E+0	0.000000E+0
6.055271E+3	1.002980E-4	1.171430E+4	0.000000E+0	0.000000E+0
6.059271E+3	1.002920E-4	1.171420E+4	0.000000E+0	0.000000E+0
6.063269E+3	1.002990E-4	1.171400E+4	0.000000E+0	0.000000E+0
6.067267E+3	1.002920E-4	1.171360E+4	0.000000E+0	0.000000E+0
6.071273E+3	1.002990E-4	1.171310E+4	0.000000E+0	0.000000E+0
6.075269E+3	1.002930E-4	1.171290E+4	0.000000E+0	0.000000E+0
6.079270E+3	1.002990E-4	1.171250E+4	0.000000E+0	0.000000E+0
6.083270E+3	1.002960E-4	1.171240E+4	0.000000E+0	0.000000E+0
6.087272E+3	1.002970E-4	1.171210E+4	0.000000E+0	0.000000E+0
6.091272E+3	1.002870E-4	1.171190E+4	0.000000E+0	0.000000E+0
6.095273E+3	1.002960E-4	1.171160E+4	0.000000E+0	0.000000E+0
6.099271E+3	1.002900E-4	1.171120E+4	0.000000E+0	0.000000E+0
6.103271E+3	1.002950E-4	1.171110E+4	0.000000E+0	0.000000E+0
6.107268E+3	1.002910E-4	1.171090E+4	0.000000E+0	0.000000E+0
6.111270E+3	1.002940E-4	1.171070E+4	0.000000E+0	0.000000E+0
6.115274E+3	1.002880E-4	1.171050E+4	0.000000E+0	0.000000E+0
6.119273E+3	1.002920E-4	1.171030E+4	0.000000E+0	0.000000E+0
6.123269E+3	1.002830E-4	1.171010E+4	0.000000E+0	0.000000E+0
6.127269E+3	1.002910E-4	1.170990E+4	0.000000E+0	0.000000E+0
6.131271E+3	1.002820E-4	1.170980E+4	0.000000E+0	0.000000E+0
6.135272E+3	1.002940E-4	1.170970E+4	0.000000E+0	0.000000E+0
6.139271E+3	1.002840E-4	1.170940E+4	0.000000E+0	0.000000E+0
6.143269E+3	1.002930E-4	1.170910E+4	0.000000E+0	0.000000E+0
6.147272E+3	1.002830E-4	1.170890E+4	0.000000E+0	0.000000E+0
6.151272E+3	1.002880E-4	1.170860E+4	0.000000E+0	0.000000E+0
6.155267E+3	1.002850E-4	1.170830E+4	0.000000E+0	0.000000E+0
6.159267E+3	1.002880E-4	1.170820E+4	0.000000E+0	0.000000E+0
6.163267E+3	1.002850E-4	1.170800E+4	0.000000E+0	0.000000E+0
6.167272E+3	1.002920E-4	1.170780E+4	0.000000E+0	0.000000E+0
6.171272E+3	1.002880E-4	1.170760E+4	0.000000E+0	0.000000E+0
6.175270E+3	1.002890E-4	1.170740E+4	0.000000E+0	0.000000E+0
6.179268E+3	1.002830E-4	1.170730E+4	0.000000E+0	0.000000E+0
6.183272E+3	1.002910E-4	1.170700E+4	0.000000E+0	0.000000E+0
6.187273E+3	1.002830E-4	1.170680E+4	0.000000E+0	0.000000E+0
6.191273E+3	1.002900E-4	1.170660E+4	0.000000E+0	0.000000E+0
6.195271E+3	1.002820E-4	1.170640E+4	0.000000E+0	0.000000E+0
6.199271E+3	1.002870E-4	1.170620E+4	0.000000E+0	0.000000E+0
6.203271E+3	1.002840E-4	1.170590E+4	0.000000E+0	0.000000E+0
6.207270E+3	1.002850E-4	1.170590E+4	0.000000E+0	0.000000E+0
6.211268E+3	1.002820E-4	1.170580E+4	0.000000E+0	0.000000E+0
6.215269E+3	1.002850E-4	1.170570E+4	0.000000E+0	0.000000E+0
6.219271E+3	1.002800E-4	1.170550E+4	0.000000E+0	0.000000E+0
6.223276E+3	1.002850E-4	1.170540E+4	0.000000E+0	0.000000E+0
6.227275E+3	1.002820E-4	1.170520E+4	0.000000E+0	0.000000E+0
6.231269E+3	1.002820E-4	1.170510E+4	0.000000E+0	0.000000E+0
6.235272E+3	1.002820E-4	1.170480E+4	0.000000E+0	0.000000E+0
6.239277E+3	1.002840E-4	1.170460E+4	0.000000E+0	0.000000E+0
6.243271E+3	1.002820E-4	1.170440E+4	0.000000E+0	0.000000E+0
6.247272E+3	1.002830E-4	1.170410E+4	0.000000E+0	0.000000E+0
6.251272E+3	1.002820E-4	1.170390E+4	0.000000E+0	0.000000E+0
6.255272E+3	1.002840E-4	1.170360E+4	0.000000E+0	0.000000E+0
6.259270E+3	1.002790E-4	1.170340E+4	0.000000E+0	0.000000E+0
6.263273E+3	1.002860E-4	1.170310E+4	0.000000E+0	0.000000E+0
6.267270E+3	1.002790E-4	1.170290E+4	0.000000E+0	0.000000E+0
6.271270E+3	1.002860E-4	1.170260E+4	0.000000E+0	0.000000E+0
6.275270E+3	1.002810E-4	1.170220E+4	0.000000E+0	0.000000E+0
6.279270E+3	1.002850E-4	1.170190E+4	0.000000E+0	0.000000E+0
6.283275E+3	1.002800E-4	1.170160E+4	0.000000E+0	0.000000E+0
6.287247E+3	1.002770E-4	1.170150E+4	0.000000E+0	0.000000E+0
6.291282E+3	1.002850E-4	1.170130E+4	0.000000E+0	0.000000E+0
6.295270E+3	1.002770E-4	1.170110E+4	0.000000E+0	0.000000E+0
6.299271E+3	1.002830E-4	1.170080E+4	0.000000E+0	0.000000E+0
6.303268E+3	1.002790E-4	1.170070E+4	0.000000E+0	0.000000E+0
6.307266E+3	1.002820E-4	1.170050E+4	0.000000E+0	0.000000E+0
6.311269E+3	1.002760E-4	1.170040E+4	0.000000E+0	0.000000E+0
6.315270E+3	1.002820E-4	1.170040E+4	0.000000E+0	0.000000E+0
6.319269E+3	1.002770E-4	1.170020E+4	0.000000E+0	0.000000E+0
6.323269E+3	1.002820E-4	1.170020E+4	0.000000E+0	0.000000E+0
6.327267E+3	1.002760E-4	1.169990E+4	0.000000E+0	0.000000E+0
6.331271E+3	1.002790E-4	1.169980E+4	0.000000E+0	0.000000E+0
6.335269E+3	1.002750E-4	1.169960E+4	0.000000E+0	0.000000E+0
6.339269E+3	1.002810E-4	1.169950E+4	0.000000E+0	0.000000E+0
6.343264E+3	1.002770E-4	1.169920E+4	0.000000E+0	0.000000E+0
6.347269E+3	1.002820E-4	1.169910E+4	0.000000E+0	0.000000E+0
6.351273E+3	1.002730E-4	1.169890E+4	0.000000E+0	0.000000E+0
6.355272E+3	1.002760E-4	1.169870E+4	0.000000E+0	0.000000E+0
6.359270E+3	1.002740E-4	1.169840E+4	0.000000E+0	0.000000E+0
6.363268E+3	1.002790E-4	1.169790E+4	0.000000E+0	0.000000E+0
6.367270E+3	1.002780E-4	1.169780E+4	0.000000E+0	0.000000E+0
6.371273E+3	1.002820E-4	1.169750E+4	0.000000E+0	0.000000E+0
6.375270E+3	1.002720E-4	1.169720E+4	0.000000E+0	0.000000E+0
6.379270E+3	1.002750E-4	1.169700E+4	0.000000E+0	0.000000E+0
6.383271E+3	1.002720E-4	1.169680E+4	0.000000E+0	0.000000E+0
6.387269E+3	1.002780E-4	1.169660E+4	0.000000E+0	0.000000E+0
6.391273E+3	1.002700E-4	1.169640E+4	0.000000E+0	0.000000E+0
6.395273E+3	1.002750E-4	1.169620E+4	0.000000E+0	0.000000E+0
6.399271E+3	1.002720E-4	1.169600E+4	0.000000E+0	0.000000E+0
6.403269E+3	1.002780E-4	1.169580E+4	0.000000E+0	0.000000E+0
6.407268E+3	1.002710E-4	1.169560E+4	0.000000E+0	0.000000E+0
6.411271E+3	1.002760E-4	1.169560E+4	0.000000E+0	0.000000E+0
6.415274E+3	1.002690E-4	1.169570E+4	0.000000E+0	0.000000E+0
6.419269E+3	1.002760E-4	1.169550E+4	0.000000E+0	0.000000E+0
6.423267E+3	1.002680E-4	1.169530E+4	0.000000E+0	0.000000E+0
6.427269E+3	1.002710E-4	1.169490E+4	0.000000E+0	0.000000E+0
6.431266E+3	1.002670E-4	1.169470E+4	0.000000E+0	0.000000E+0
6.435270E+3	1.002730E-4	1.169450E+4	0.000000E+0	0.000000E+0
6.439267E+3	1.002670E-4	1.169440E+4	0.000000E+0	0.000000E+0
6.443270E+3	1.002700E-4	1.169420E+4	0.000000E+0	0.000000E+0
6.447267E+3	1.002630E-4	1.169420E+4	0.000000E+0	0.000000E+0
6.451270E+3	1.002720E-4	1.169390E+4	0.000000E+0	0.000000E+0
6.455275E+3	1.002650E-4	1.169380E+4	0.000000E+0	0.000000E+0
6.459270E+3	1.002700E-4	1.169350E+4	0.000000E+0	0.000000E+0
6.463268E+3	1.002650E-4	1.169330E+4	0.000000E+0	0.000000E+0
6.467268E+3	1.002680E-4	1.169300E+4	0.000000E+0	0.000000E+0
6.471273E+3	1.002640E-4	1.169270E+4	0.000000E+0	0.000000E+0
6.475271E+3	1.002680E-4	1.169250E+4	0.000000E+0	0.000000E+0
6.479268E+3	1.002620E-4	1.169220E+4	0.000000E+0	0.000000E+0
6.483268E+3	1.002690E-4	1.169200E+4	0.000000E+0	0.000000E+0
6.487267E+3	1.002640E-4	1.169170E+4	0.000000E+0	0.000000E+0
6.491271E+3	1.002690E-4	1.169150E+4	0.000000E+0	0.000000E+0
6.495269E+3	1.002640E-4	1.169130E+4	0.000000E+0	0.000000E+0
6.499269E+3	1.002670E-4	1.169120E+4	0.000000E+0	0.000000E+0
6.503269E+3	1.002640E-4	1.169110E+4	0.000000E+0	0.000000E+0
6.507272E+3	1.002650E-4	1.169100E+4	0.000000E+0	0.000000E+0
6.511272E+3	1.002610E-4	1.169100E+4	0.000000E+0	0.000000E+0
6.515270E+3	1.002670E-4	1.169080E+4	0.000000E+0	0.000000E+0
6.519267E+3	1.002650E-4	1.169050E+4	0.000000E+0	0.000000E+0
6.523269E+3	1.002650E-4	1.169030E+4	0.000000E+0	0.000000E+0
6.527268E+3	1.002580E-4	1.169020E+4	0.000000E+0	0.000000E+0
6.531266E+3	1.002680E-4	1.169010E+4	0.000000E+0	0.000000E+0
6.535270E+3	1.002610E-4	1.168980E+4	0.000000E+0	0.000000E+0
6.539267E+3	1.002620E-4	1.168970E+4	0.000000E+0	0.000000E+0
6.543265E+3	1.002620E-4	1.168970E+4	0.000000E+0	0.000000E+0
6.547267E+3	1.002640E-4	1.168940E+4	0.000000E+0	0.000000E+0
6.551268E+3	1.002610E-4	1.168940E+4	0.000000E+0	0.000000E+0
6.555268E+3	1.002670E-4	1.168930E+4	0.000000E+0	0.000000E+0
6.559265E+3	1.002590E-4	1.168930E+4	0.000000E+0	0.000000E+0
6.563269E+3	1.002650E-4	1.168920E+4	0.000000E+0	0.000000E+0
6.567270E+3	1.002600E-4	1.168910E+4	0.000000E+0	0.000000E+0
6.571268E+3	1.002640E-4	1.168890E+4	0.000000E+0	0.000000E+0
6.575269E+3	1.002580E-4	1.168870E+4	0.000000E+0	0.000000E+0
6.579269E+3	1.002610E-4	1.168850E+4	0.000000E+0	0.000000E+0
6.583271E+3	1.002580E-4	1.168830E+4	0.000000E+0	0.000000E+0
6.587272E+3	1.002610E-4	1.168800E+4	0.000000E+0	0.000000E+0
6.591271E+3	1.002540E-4	1.168780E+4	0.000000E+0	0.000000E+0
6.595269E+3	1.002620E-4	1.168750E+4	0.000000E+0	0.000000E+0
6.599267E+3	1.002570E-4	1.168730E+4	0.000000E+0	0.000000E+0
6.603270E+3	1.002580E-4	1.168720E+4	0.000000E+0	0.000000E+0
6.607270E+3	1.002550E-4	1.168720E+4	0.000000E+0	0.000000E+0
6.611269E+3	1.002630E-4	1.168720E+4	0.000000E+0	0.000000E+0
6.615267E+3	1.002550E-4	1.168700E+4	0.000000E+0	0.000000E+0
6.619265E+3	1.002600E-4	1.168670E+4	0.000000E+0	0.000000E+0
6.623278E+3	1.002560E-4	1.168660E+4	0.000000E+0	0.000000E+0
6.627272E+3	1.002590E-4	1.168640E+4	0.000000E+0	0.000000E+0
6.631270E+3	1.002520E-4	1.168620E+4	0.000000E+0	0.000000E+0
6.635268E+3	1.002570E-4	1.168610E+4	0.000000E+0	0.000000E+0
6.639266E+3	1.002530E-4	1.168600E+4	0.000000E+0	0.000000E+0
6.643270E+3	1.002570E-4	1.168590E+4	0.000000E+0	0.000000E+0
6.647270E+3	1.002540E-4	1.168570E+4	0.000000E+0	0.000000E+0
6.651270E+3	1.002580E-4	1.168570E+4	0.000000E+0	0.000000E+0
6.655271E+3	1.002540E-4	1.168550E+4	0.000000E+0	0.000000E+0
6.659274E+3	1.002570E-4	1.168520E+4	0.000000E+0	0.000000E+0
6.663273E+3	1.002500E-4	1.168500E+4	0.000000E+0	0.000000E+0
6.667269E+3	1.002560E-4	1.168470E+4	0.000000E+0	0.000000E+0
6.671273E+3	1.002480E-4	1.168440E+4	0.000000E+0	0.000000E+0
6.675271E+3	1.002560E-4	1.168430E+4	0.000000E+0	0.000000E+0
6.679268E+3	1.002490E-4	1.168420E+4	0.000000E+0	0.000000E+0
6.683267E+3	1.002550E-4	1.168420E+4	0.000000E+0	0.000000E+0
6.687264E+3	1.002520E-4	1.168410E+4	0.000000E+0	0.000000E+0
6.691268E+3	1.002560E-4	1.168400E+4	0.000000E+0	0.000000E+0
6.695270E+3	1.002520E-4	1.168390E+4	0.000000E+0	0.000000E+0
6.699270E+3	1.002550E-4	1.168380E+4	0.000000E+0	0.000000E+0
6.703267E+3	1.002490E-4	1.168360E+4	0.000000E+0	0.000000E+0
6.707272E+3	1.002530E-4	1.168360E+4	0.000000E+0	0.000000E+0
6.711273E+3	1.002500E-4	1.168370E+4	0.000000E+0	0.000000E+0
6.715272E+3	1.002510E-4	1.168400E+4	0.000000E+0	0.000000E+0
6.719267E+3	1.002480E-4	1.168410E+4	0.000000E+0	0.000000E+0
6.723267E+3	1.002500E-4	1.168420E+4	0.000000E+0	0.000000E+0
6.727268E+3	1.002460E-4	1.168430E+4	0.000000E+0	0.000000E+0
6.731271E+3	1.002530E-4	1.168400E+4	0.000000E+0	0.000000E+0
6.735273E+3	1.002460E-4	1.168370E+4	0.000000E+0	0.000000E+0
6.739268E+3	1.002520E-4	1.168330E+4	0.000000E+0	0.000000E+0
6.743268E+3	1.002470E-4	1.168300E+4	0.000000E+0	0.000000E+0
6.747268E+3	1.002480E-4	1.168270E+4	0.000000E+0	0.000000E+0
6.751267E+3	1.002430E-4	1.168240E+4	0.000000E+0	0.000000E+0
6.755269E+3	1.002490E-4	1.168220E+4	0.000000E+0	0.000000E+0
6.759269E+3	1.002440E-4	1.168200E+4	0.000000E+0	0.000000E+0
6.763269E+3	1.002510E-4	1.168190E+4	0.000000E+0	0.000000E+0
6.767266E+3	1.002420E-4	1.168170E+4	0.000000E+0	0.000000E+0
6.771267E+3	1.002500E-4	1.168160E+4	0.000000E+0	0.000000E+0
6.775272E+3	1.002420E-4	1.168140E+4	0.000000E+0	0.000000E+0
6.779271E+3	1.002460E-4	1.168140E+4	0.000000E+0	0.000000E+0
6.783271E+3	1.002420E-4	1.168130E+4	0.000000E+0	0.000000E+0
6.787271E+3	1.002480E-4	1.168120E+4	0.000000E+0	0.000000E+0
6.791270E+3	1.002390E-4	1.168120E+4	0.000000E+0	0.000000E+0
6.795267E+3	1.002470E-4	1.168100E+4	0.000000E+0	0.000000E+0
6.799269E+3	1.002370E-4	1.168090E+4	0.000000E+0	0.000000E+0
6.803272E+3	1.002430E-4	1.168090E+4	0.000000E+0	0.000000E+0
6.807267E+3	1.002340E-4	1.168090E+4	0.000000E+0	0.000000E+0
6.811265E+3	1.002430E-4	1.168090E+4	0.000000E+0	0.000000E+0
6.815268E+3	1.002390E-4	1.168080E+4	0.000000E+0	0.000000E+0
6.819271E+3	1.002440E-4	1.168050E+4	0.000000E+0	0.000000E+0
6.823271E+3	1.002390E-4	1.168020E+4	0.000000E+0	0.000000E+0
6.827276E+3	1.002400E-4	1.167990E+4	0.000000E+0	0.000000E+0
6.831267E+3	1.002380E-4	1.167970E+4	0.000000E+0	0.000000E+0
6.835270E+3	1.002410E-4	1.167950E+4	0.000000E+0	0.000000E+0
6.839270E+3	1.002390E-4	1.167930E+4	0.000000E+0	0.000000E+0
6.843269E+3	1.002410E-4	1.167920E+4	0.000000E+0	0.000000E+0
6.847273E+3	1.002350E-4	1.167920E+4	0.000000E+0	0.000000E+0
6.851269E+3	1.002400E-4	1.167900E+4	0.000000E+0	0.000000E+0
6.855271E+3	1.002340E-4	1.167910E+4	0.000000E+0	0.000000E+0
6.859271E+3	1.002400E-4	1.167910E+4	0.000000E+0	0.000000E+0
6.863271E+3	1.002360E-4	1.167900E+4	0.000000E+0	0.000000E+0
6.867272E+3	1.002370E-4	1.167900E+4	0.000000E+0	0.000000E+0
6.871269E+3	1.002330E-4	1.167870E+4	0.000000E+0	0.000000E+0
6.875267E+3	1.002370E-4	1.167860E+4	0.000000E+0	0.000000E+0
6.879266E+3	1.002340E-4	1.167860E+4	0.000000E+0	0.000000E+0
6.883269E+3	1.002390E-4	1.167850E+4	0.000000E+0	0.000000E+0
6.887274E+3	1.002330E-4	1.167840E+4	0.000000E+0	0.000000E+0
6.891270E+3	1.002370E-4	1.167830E+4	0.000000E+0	0.000000E+0
6.895272E+3	1.002330E-4	1.167810E+4	0.000000E+0	0.000000E+0
6.899268E+3	1.002350E-4	1.167790E+4	0.000000E+0	0.000000E+0
6.903268E+3	1.002360E-4	1.167770E+4	0.000000E+0	0.000000E+0
6.907273E+3	1.002340E-4	1.167750E+4	0.000000E+0	0.000000E+0
6.911272E+3	1.002310E-4	1.167730E+4	0.000000E+0	0.000000E+0
6.915270E+3	1.002360E-4	1.167720E+4	0.000000E+0	0.000000E+0
6.919268E+3	1.002270E-4	1.167720E+4	0.000000E+0	0.000000E+0
6.923271E+3	1.002370E-4	1.167710E+4	0.000000E+0	0.000000E+0
6.927273E+3	1.002300E-4	1.167730E+4	0.000000E+0	0.000000E+0
6.931270E+3	1.002350E-4	1.167750E+4	0.000000E+0	0.000000E+0
6.935269E+3	1.002290E-4	1.167770E+4	0.000000E+0	0.000000E+0
6.939268E+3	1.002310E-4	1.167740E+4	0.000000E+0	0.000000E+0
6.943269E+3	1.002320E-4	1.167720E+4	0.000000E+0	0.000000E+0
6.947271E+3	1.002350E-4	1.167710E+4	0.000000E+0	0.000000E+0
6.951269E+3	1.002300E-4	1.167690E+4	0.000000E+0	0.000000E+0
6.955268E+3	1.002300E-4	1.167680E+4	0.000000E+0	0.000000E+0
6.959269E+3	1.002280E-4	1.167670E+4	0.000000E+0	0.000000E+0
6.963274E+3	1.002360E-4	1.167670E+4	0.000000E+0	0.000000E+0
6.967267E+3	1.002260E-4	1.167670E+4	0.000000E+0	0.000000E+0
6.971269E+3	1.002320E-4	1.167670E+4	0.000000E+0	0.000000E+0
6.975269E+3	1.002290E-4	1.167660E+4	0.000000E+0	0.000000E+0
6.979270E+3	1.002300E-4	1.167640E+4	0.000000E+0	0.000000E+0
6.983270E+3	1.002260E-4	1.167630E+4	0.000000E+0	0.000000E+0
6.987270E+3	1.002310E-4	1.167610E+4	0.000000E+0	0.000000E+0
6.991268E+3	1.002260E-4	1.167600E+4	0.000000E+0	0.000000E+0
6.995267E+3	1.002300E-4	1.167600E+4	0.000000E+0	0.000000E+0
6.999275E+3	1.002240E-4	1.167610E+4	0.000000E+0	0.000000E+0
7.003245E+3	1.002250E-4	1.167620E+4	0.000000E+0	0.000000E+0
7.007276E+3	1.002290E-4	1.167620E+4	0.000000E+0	0.000000E+0
7.011267E+3	1.002260E-4	1.167610E+4	0.000000E+0	0.000000E+0
7.015270E+3	1.002280E-4	1.167600E+4	0.000000E+0	0.000000E+0
7.019273E+3	1.002220E-4	1.167580E+4	0.000000E+0	0.000000E+0
7.023271E+3	1.002280E-4	1.167550E+4	0.000000E+0	0.000000E+0
7.027268E+3	1.002220E-4	1.167530E+4	0.000000E+0	0.000000E+0
7.031269E+3	1.002260E-4	1.167510E+4	0.000000E+0	0.000000E+0
7.035268E+3	1.002210E-4	1.167490E+4	0.000000E+0	0.000000E+0
7.039269E+3	1.002230E-4	1.167460E+4	0.000000E+0	0.000000E+0
7.043271E+3	1.002210E-4	1.167430E+4	0.000000E+0	0.000000E+0
7.047270E+3	1.002260E-4	1.167400E+4	0.000000E+0	0.000000E+0
7.051269E+3	1.002200E-4	1.167390E+4	0.000000E+0	0.000000E+0
7.055267E+3	1.002250E-4	1.167380E+4	0.000000E+0	0.000000E+0
7.059267E+3	1.002190E-4	1.167380E+4	0.000000E+0	0.000000E+0
7.063268E+3	1.002250E-4	1.167390E+4	0.000000E+0	0.000000E+0
7.067270E+3	1.002170E-4	1.167400E+4	0.000000E+0	0.000000E+0
7.071270E+3	1.002260E-4	1.167430E+4	0.000000E+0	0.000000E+0
7.075269E+3	1.002170E-4	1.167460E+4	0.000000E+0	0.000000E+0
7.079265E+3	1.002220E-4	1.167480E+4	0.000000E+0	0.000000E+0
7.083270E+3	1.002130E-4	1.167480E+4	0.000000E+0	0.000000E+0
7.087273E+3	1.002230E-4	1.167470E+4	0.000000E+0	0.000000E+0
7.091270E+3	1.002160E-4	1.167460E+4	0.000000E+0	0.000000E+0
7.095268E+3	1.002180E-4	1.167460E+4	0.000000E+0	0.000000E+0
7.099268E+3	1.002160E-4	1.167440E+4	0.000000E+0	0.000000E+0
7.103269E+3	1.002180E-4	1.167430E+4	0.000000E+0	0.000000E+0
7.107273E+3	1.002140E-4	1.167410E+4	0.000000E+0	0.000000E+0
7.111271E+3	1.002180E-4	1.167380E+4	0.000000E+0	0.000000E+0
7.115270E+3	1.002120E-4	1.167360E+4	0.000000E+0	0.000000E+0
7.119271E+3	1.002200E-4	1.167340E+4	0.000000E+0	0.000000E+0
7.123271E+3	1.002150E-4	1.167310E+4	0.000000E+0	0.000000E+0
7.127278E+3	1.002170E-4	1.167260E+4	0.000000E+0	0.000000E+0
7.131268E+3	1.002150E-4	1.167220E+4	0.000000E+0	0.000000E+0
7.135267E+3	1.002150E-4	1.167220E+4	0.000000E+0	0.000000E+0
7.139274E+3	1.002100E-4	1.167220E+4	0.000000E+0	0.000000E+0
7.143272E+3	1.002180E-4	1.167230E+4	0.000000E+0	0.000000E+0
7.147269E+3	1.002100E-4	1.167210E+4	0.000000E+0	0.000000E+0
7.151271E+3	1.002150E-4	1.167190E+4	0.000000E+0	0.000000E+0
7.155272E+3	1.002080E-4	1.167170E+4	0.000000E+0	0.000000E+0
7.159270E+3	1.002150E-4	1.167170E+4	0.000000E+0	0.000000E+0
7.163270E+3	1.002110E-4	1.167170E+4	0.000000E+0	0.000000E+0
7.167271E+3	1.002140E-4	1.167190E+4	0.000000E+0	0.000000E+0
7.171273E+3	1.002090E-4	1.167200E+4	0.000000E+0	0.000000E+0
7.175272E+3	1.002140E-4	1.167220E+4	0.000000E+0	0.000000E+0
7.179267E+3	1.002080E-4	1.167230E+4	0.000000E+0	0.000000E+0
7.183268E+3	1.002100E-4	1.167220E+4	0.000000E+0	0.000000E+0
7.187268E+3	1.002100E-4	1.167230E+4	0.000000E+0	0.000000E+0
7.191271E+3	1.002120E-4	1.167210E+4	0.000000E+0	0.000000E+0
7.195263E+3	1.002080E-4	1.167190E+4	0.000000E+0	0.000000E+0
7.199270E+3	1.002140E-4	1.167190E+4	0.000000E+0	0.000000E+0
7.203265E+3	1.002080E-4	1.167190E+4	0.000000E+0	0.000000E+0
7.207269E+3	1.002100E-4	1.167180E+4	0.000000E+0	0.000000E+0
7.211266E+3	1.002030E-4	1.167180E+4	0.000000E+0	0.000000E+0
7.215269E+3	1.002130E-4	1.167170E+4	0.000000E+0	0.000000E+0
7.219266E+3	1.002060E-4	1.167160E+4	0.000000E+0	0.000000E+0
7.223268E+3	1.002100E-4	1.167150E+4	0.000000E+0	0.000000E+0
7.227269E+3	1.002050E-4	1.167140E+4	0.000000E+0	0.000000E+0
7.231269E+3	1.002110E-4	1.167130E+4	0.000000E+0	0.000000E+0
7.235266E+3	1.002040E-4	1.167110E+4	0.000000E+0	0.000000E+0
7.239268E+3	1.002070E-4	1.167100E+4	0.000000E+0	0.000000E+0
7.243267E+3	1.002000E-4	1.167080E+4	0.000000E+0	0.000000E+0
7.247267E+3	1.002080E-4	1.167070E+4	0.000000E+0	0.000000E+0
7.251266E+3	1.002010E-4	1.167070E+4	0.000000E+0	0.000000E+0
7.255270E+3	1.002090E-4	1.167070E+4	0.000000E+0	0.000000E+0
7.259267E+3	1.002030E-4	1.167080E+4	0.000000E+0	0.000000E+0
7.263267E+3	1.002070E-4	1.167080E+4	0.000000E+0	0.000000E+0
7.267265E+3	1.002030E-4	1.167080E+4	0.000000E+0	0.000000E+0
7.271268E+3	1.002060E-4	1.167090E+4	0.000000E+0	0.000000E+0
7.275265E+3	1.002030E-4	1.167080E+4	0.000000E+0	0.000000E+0
7.279268E+3	1.002060E-4	1.167070E+4	0.000000E+0	0.000000E+0
7.283271E+3	1.002000E-4	1.167050E+4	0.000000E+0	0.000000E+0
7.287275E+3	1.002060E-4	1.167020E+4	0.000000E+0	0.000000E+0
7.291270E+3	1.002000E-4	1.167030E+4	0.000000E+0	0.000000E+0
7.295268E+3	1.002070E-4	1.167030E+4	0.000000E+0	0.000000E+0
7.299266E+3	1.002010E-4	1.167030E+4	0.000000E+0	0.000000E+0
7.303269E+3	1.002030E-4	1.167040E+4	0.000000E+0	0.000000E+0
7.307271E+3	1.002020E-4	1.167040E+4	0.000000E+0	0.000000E+0
7.311269E+3	1.002030E-4	1.167040E+4	0.000000E+0	0.000000E+0
7.315266E+3	1.001990E-4	1.167030E+4	0.000000E+0	0.000000E+0
7.319269E+3	1.002030E-4	1.167030E+4	0.000000E+0	0.000000E+0
7.323269E+3	1.002010E-4	1.167030E+4	0.000000E+0	0.000000E+0
7.327269E+3	1.002040E-4	1.167030E+4	0.000000E+0	0.000000E+0
7.331266E+3	1.001980E-4	1.167020E+4	0.000000E+0	0.000000E+0
7.335270E+3	1.002030E-4	1.167010E+4	0.000000E+0	0.000000E+0
7.339267E+3	1.001990E-4	1.166980E+4	0.000000E+0	0.000000E+0
7.343269E+3	1.002010E-4	1.166960E+4	0.000000E+0	0.000000E+0
7.347267E+3	1.001980E-4	1.166930E+4	0.000000E+0	0.000000E+0
7.351271E+3	1.002040E-4	1.166910E+4	0.000000E+0	0.000000E+0
7.355265E+3	1.001980E-4	1.166890E+4	0.000000E+0	0.000000E+0
7.359268E+3	1.002030E-4	1.166860E+4	0.000000E+0	0.000000E+0
7.363267E+3	1.001960E-4	1.166820E+4	0.000000E+0	0.000000E+0
7.367272E+3	1.002000E-4	1.166780E+4	0.000000E+0	0.000000E+0
7.371267E+3	1.001960E-4	1.166750E+4	0.000000E+0	0.000000E+0
7.375267E+3	1.002000E-4	1.166720E+4	0.000000E+0	0.000000E+0
7.379265E+3	1.001980E-4	1.166700E+4	0.000000E+0	0.000000E+0
7.383273E+3	1.001970E-4	1.166680E+4	0.000000E+0	0.000000E+0
7.387270E+3	1.001980E-4	1.166680E+4	0.000000E+0	0.000000E+0
7.391268E+3	1.002010E-4	1.166670E+4	0.000000E+0	0.000000E+0
7.395268E+3	1.001940E-4	1.166660E+4	0.000000E+0	0.000000E+0
7.399271E+3	1.002030E-4	1.166640E+4	0.000000E+0	0.000000E+0
7.403268E+3	1.001960E-4	1.166630E+4	0.000000E+0	0.000000E+0
7.407268E+3	1.002000E-4	1.166610E+4	0.000000E+0	0.000000E+0
7.411264E+3	1.001980E-4	1.166600E+4	0.000000E+0	0.000000E+0
7.415272E+3	1.001950E-4	1.166580E+4	0.000000E+0	0.000000E+0
7.419269E+3	1.001940E-4	1.166600E+4	0.000000E+0	0.000000E+0
7.423269E+3	1.001970E-4	1.166600E+4	0.000000E+0	0.000000E+0
7.427269E+3	1.001920E-4	1.166600E+4	0.000000E+0	0.000000E+0
7.431270E+3	1.001970E-4	1.166600E+4	0.000000E+0	0.000000E+0
7.435271E+3	1.001890E-4	1.166590E+4	0.000000E+0	0.000000E+0
7.439269E+3	1.001970E-4	1.166590E+4	0.000000E+0	0.000000E+0
7.443264E+3	1.001870E-4	1.166570E+4	0.000000E+0	0.000000E+0
7.447272E+3	1.001940E-4	1.166550E+4	0.000000E+0	0.000000E+0
7.451272E+3	1.001880E-4	1.166550E+4	0.000000E+0	0.000000E+0
7.455268E+3	1.001970E-4	1.166560E+4	0.000000E+0	0.000000E+0
7.459267E+3	1.001890E-4	1.166550E+4	0.000000E+0	0.000000E+0
7.463267E+3	1.001920E-4	1.166550E+4	0.000000E+0	0.000000E+0
7.467268E+3	1.001860E-4	1.166540E+4	0.000000E+0	0.000000E+0
7.471268E+3	1.001940E-4	1.166540E+4	0.000000E+0	0.000000E+0
7.475266E+3	1.001880E-4	1.166520E+4	0.000000E+0	0.000000E+0
7.479271E+3	1.001940E-4	1.166500E+4	0.000000E+0	0.000000E+0
7.483268E+3	1.001890E-4	1.166480E+4	0.000000E+0	0.000000E+0
7.487269E+3	1.001900E-4	1.166440E+4	0.000000E+0	0.000000E+0
7.491266E+3	1.001840E-4	1.166430E+4	0.000000E+0	0.000000E+0
7.495266E+3	1.001920E-4	1.166420E+4	0.000000E+0	0.000000E+0
7.499268E+3	1.001850E-4	1.166410E+4	0.000000E+0	0.000000E+0
7.503271E+3	1.001880E-4	1.166420E+4	0.000000E+0	0.000000E+0
7.507269E+3	1.001860E-4	1.166430E+4	0.000000E+0	0.000000E+0
7.511267E+3	1.001920E-4	1.166430E+4	0.000000E+0	0.000000E+0
7.515266E+3	1.001850E-4	1.166420E+4	0.000000E+0	0.000000E+0
7.519268E+3	1.001900E-4	1.166420E+4	0.000000E+0	0.000000E+0
7.523270E+3	1.001830E-4	1.166400E+4	0.000000E+0	0.000000E+0
7.527269E+3	1.001890E-4	1.166390E+4	0.000000E+0	0.000000E+0
7.531266E+3	1.001830E-4	1.166380E+4	0.000000E+0	0.000000E+0
7.535268E+3	1.001880E-4	1.166370E+4	0.000000E+0	0.000000E+0
7.539269E+3	1.001830E-4	1.166370E+4	0.000000E+0	0.000000E+0
7.543267E+3	1.001850E-4	1.166370E+4	0.000000E+0	0.000000E+0
7.547265E+3	1.001820E-4	1.166370E+4	0.000000E+0	0.000000E+0
7.551276E+3	1.001880E-4	1.166390E+4	0.000000E+0	0.000000E+0
7.555271E+3	1.001890E-4	1.166390E+4	0.000000E+0	0.000000E+0
7.559270E+3	1.001880E-4	1.166390E+4	0.000000E+0	0.000000E+0
7.563268E+3	1.001820E-4	1.166410E+4	0.000000E+0	0.000000E+0
7.567271E+3	1.001880E-4	1.166410E+4	0.000000E+0	0.000000E+0
7.571273E+3	1.001820E-4	1.166430E+4	0.000000E+0	0.000000E+0
7.575270E+3	1.001830E-4	1.166460E+4	0.000000E+0	0.000000E+0
7.579266E+3	1.001820E-4	1.166470E+4	0.000000E+0	0.000000E+0
7.583269E+3	1.001880E-4	1.166460E+4	0.000000E+0	0.000000E+0
7.587268E+3	1.001820E-4	1.166450E+4	0.000000E+0	0.000000E+0
7.591268E+3	1.001860E-4	1.166450E+4	0.000000E+0	0.000000E+0
7.595269E+3	1.001820E-4	1.166430E+4	0.000000E+0	0.000000E+0
7.599272E+3	1.001850E-4	1.166410E+4	0.000000E+0	0.000000E+0
7.603272E+3	1.001820E-4	1.166390E+4	0.000000E+0	0.000000E+0
7.607272E+3	1.001840E-4	1.166370E+4	0.000000E+0	0.000000E+0
7.611270E+3	1.001810E-4	1.166350E+4	0.000000E+0	0.000000E+0
7.615269E+3	1.001810E-4	1.166310E+4	0.000000E+0	0.000000E+0
7.619270E+3	1.001790E-4	1.166300E+4	0.000000E+0	0.000000E+0
7.623269E+3	1.001830E-4	1.166280E+4	0.000000E+0	0.000000E+0
7.627269E+3	1.001800E-4	1.166280E+4	0.000000E+0	0.000000E+0
7.631269E+3	1.001830E-4	1.166280E+4	0.000000E+0	0.000000E+0
7.635269E+3	1.001770E-4	1.166270E+4	0.000000E+0	0.000000E+0
7.639273E+3	1.001810E-4	1.166270E+4	0.000000E+0	0.000000E+0
7.643265E+3	1.001800E-4	1.166260E+4	0.000000E+0	0.000000E+0
7.647268E+3	1.001820E-4	1.166260E+4	0.000000E+0	0.000000E+0
7.651268E+3	1.001760E-4	1.166250E+4	0.000000E+0	0.000000E+0
7.655274E+3	1.001810E-4	1.166250E+4	0.000000E+0	0.000000E+0
7.659265E+3	1.001790E-4	1.166240E+4	0.000000E+0	0.000000E+0
7.663265E+3	1.001810E-4	1.166230E+4	0.000000E+0	0.000000E+0
7.667266E+3	1.001760E-4	1.166230E+4	0.000000E+0	0.000000E+0
7.671269E+3	1.001810E-4	1.166240E+4	0.000000E+0	0.000000E+0
7.675269E+3	1.001770E-4	1.166250E+4	0.000000E+0	0.000000E+0
7.679268E+3	1.001810E-4	1.166270E+4	0.000000E+0	0.000000E+0
7.683264E+3	1.001750E-4	1.166260E+4	0.000000E+0	0.000000E+0
7.687270E+3	1.001830E-4	1.166250E+4	0.000000E+0	0.000000E+0
7.691268E+3	1.001760E-4	1.166210E+4	0.000000E+0	0.000000E+0
7.695267E+3	1.001840E-4	1.166190E+4	0.000000E+0	0.000000E+0
7.699269E+3	1.001740E-4	1.166180E+4	0.000000E+0	0.000000E+0
7.703270E+3	1.001810E-4	1.166150E+4	0.000000E+0	0.000000E+0
7.707266E+3	1.001720E-4	1.166150E+4	0.000000E+0	0.000000E+0
7.711266E+3	1.001790E-4	1.166140E+4	0.000000E+0	0.000000E+0
7.715265E+3	1.001740E-4	1.166130E+4	0.000000E+0	0.000000E+0
7.719272E+3	1.001800E-4	1.166130E+4	0.000000E+0	0.000000E+0
7.723267E+3	1.001720E-4	1.166150E+4	0.000000E+0	0.000000E+0
7.727267E+3	1.001790E-4	1.166140E+4	0.000000E+0	0.000000E+0
7.731267E+3	1.001730E-4	1.166130E+4	0.000000E+0	0.000000E+0
7.735268E+3	1.001770E-4	1.166130E+4	0.000000E+0	0.000000E+0
7.739272E+3	1.001710E-4	1.166120E+4	0.000000E+0	0.000000E+0
7.743270E+3	1.001770E-4	1.166130E+4	0.000000E+0	0.000000E+0
7.747270E+3	1.001730E-4	1.166110E+4	0.000000E+0	0.000000E+0
7.751271E+3	1.001750E-4	1.166100E+4	0.000000E+0	0.000000E+0
7.755268E+3	1.001690E-4	1.166090E+4	0.000000E+0	0.000000E+0
7.759266E+3	1.001760E-4	1.166080E+4	0.000000E+0	0.000000E+0
7.763269E+3	1.001700E-4	1.166070E+4	0.000000E+0	0.000000E+0
7.767273E+3	1.001740E-4	1.166080E+4	0.000000E+0	0.000000E+0
7.771266E+3	1.001700E-4	1.166070E+4	0.000000E+0	0.000000E+0
7.775266E+3	1.001730E-4	1.166080E+4	0.000000E+0	0.000000E+0
7.779266E+3	1.001700E-4	1.166090E+4	0.000000E+0	0.000000E+0
7.783269E+3	1.001730E-4	1.166080E+4	0.000000E+0	0.000000E+0
7.787267E+3	1.001660E-4	1.166080E+4	0.000000E+0	0.000000E+0
7.791269E+3	1.001710E-4	1.166080E+4	0.000000E+0	0.000000E+0
7.795266E+3	1.001660E-4	1.166070E+4	0.000000E+0	0.000000E+0
7.799269E+3	1.001710E-4	1.166050E+4	0.000000E+0	0.000000E+0
7.803262E+3	1.001640E-4	1.166030E+4	0.000000E+0	0.000000E+0
7.807270E+3	1.001700E-4	1.166010E+4	0.000000E+0	0.000000E+0
7.811269E+3	1.001630E-4	1.166010E+4	0.000000E+0	0.000000E+0
7.815272E+3	1.001710E-4	1.166000E+4	0.000000E+0	0.000000E+0
7.819273E+3	1.001640E-4	1.165990E+4	0.000000E+0	0.000000E+0
7.823273E+3	1.001700E-4	1.166000E+4	0.000000E+0	0.000000E+0
7.827272E+3	1.001630E-4	1.166000E+4	0.000000E+0	0.000000E+0
7.831268E+3	1.001670E-4	1.166000E+4	0.000000E+0	0.000000E+0
7.835267E+3	1.001610E-4	1.166010E+4	0.000000E+0	0.000000E+0
7.839265E+3	1.001650E-4	1.166020E+4	0.000000E+0	0.000000E+0
7.843265E+3	1.001620E-4	1.166030E+4	0.000000E+0	0.000000E+0
7.847269E+3	1.001700E-4	1.166050E+4	0.000000E+0	0.000000E+0
7.851269E+3	1.001610E-4	1.166050E+4	0.000000E+0	0.000000E+0
7.855265E+3	1.001640E-4	1.166030E+4	0.000000E+0	0.000000E+0
7.859269E+3	1.001620E-4	1.166010E+4	0.000000E+0	0.000000E+0
7.863272E+3	1.001680E-4	1.165990E+4	0.000000E+0	0.000000E+0
7.867274E+3	1.001600E-4	1.165980E+4	0.000000E+0	0.000000E+0
7.871272E+3	1.001670E-4	1.165980E+4	0.000000E+0	0.000000E+0
7.875267E+3	1.001600E-4	1.165980E+4	0.000000E+0	0.000000E+0
7.879271E+3	1.001630E-4	1.165970E+4	0.000000E+0	0.000000E+0
7.883274E+3	1.001580E-4	1.165960E+4	0.000000E+0	0.000000E+0
7.887277E+3	1.001660E-4	1.165950E+4	0.000000E+0	0.000000E+0
7.891270E+3	1.001610E-4	1.165940E+4	0.000000E+0	0.000000E+0
7.895270E+3	1.001640E-4	1.165940E+4	0.000000E+0	0.000000E+0
7.899272E+3	1.001620E-4	1.165940E+4	0.000000E+0	0.000000E+0
7.903272E+3	1.001630E-4	1.165920E+4	0.000000E+0	0.000000E+0
7.907272E+3	1.001590E-4	1.165920E+4	0.000000E+0	0.000000E+0
7.911272E+3	1.001630E-4	1.165910E+4	0.000000E+0	0.000000E+0
7.915268E+3	1.001590E-4	1.165900E+4	0.000000E+0	0.000000E+0
7.919270E+3	1.001610E-4	1.165900E+4	0.000000E+0	0.000000E+0
7.923271E+3	1.001610E-4	1.165900E+4	0.000000E+0	0.000000E+0
7.927268E+3	1.001640E-4	1.165900E+4	0.000000E+0	0.000000E+0
7.931271E+3	1.001600E-4	1.165880E+4	0.000000E+0	0.000000E+0
7.935268E+3	1.001620E-4	1.165880E+4	0.000000E+0	0.000000E+0
7.939270E+3	1.001560E-4	1.165880E+4	0.000000E+0	0.000000E+0
7.943271E+3	1.001620E-4	1.165860E+4	0.000000E+0	0.000000E+0
7.947273E+3	1.001570E-4	1.165840E+4	0.000000E+0	0.000000E+0
7.951271E+3	1.001640E-4	1.165820E+4	0.000000E+0	0.000000E+0
7.955272E+3	1.001560E-4	1.165820E+4	0.000000E+0	0.000000E+0
7.959269E+3	1.001610E-4	1.165810E+4	0.000000E+0	0.000000E+0
7.963268E+3	1.001560E-4	1.165800E+4	0.000000E+0	0.000000E+0
7.967269E+3	1.001610E-4	1.165780E+4	0.000000E+0	0.000000E+0
7.971272E+3	1.001580E-4	1.165770E+4	0.000000E+0	0.000000E+0
7.975271E+3	1.001610E-4	1.165760E+4	0.000000E+0	0.000000E+0
7.979267E+3	1.001560E-4	1.165750E+4	0.000000E+0	0.000000E+0
7.983267E+3	1.001590E-4	1.165760E+4	0.000000E+0	0.000000E+0
7.987267E+3	1.001560E-4	1.165750E+4	0.000000E+0	0.000000E+0
7.991269E+3	1.001600E-4	1.165740E+4	0.000000E+0	0.000000E+0
7.995270E+3	1.001540E-4	1.165730E+4	0.000000E+0	0.000000E+0
7.999267E+3	1.001610E-4	1.165730E+4	0.000000E+0	0.000000E+0
8.003268E+3	1.001550E-4	1.165720E+4	0.000000E+0	0.000000E+0
8.007270E+3	1.001620E-4	1.165720E+4	0.000000E+0	0.000000E+0
8.011273E+3	1.001520E-4	1.165710E+4	0.000000E+0	0.000000E+0
8.015271E+3	1.001570E-4	1.165700E+4	0.000000E+0	0.000000E+0
8.019267E+3	1.001540E-4	1.165700E+4	0.000000E+0	0.000000E+0
8.023267E+3	1.001570E-4	1.165690E+4	0.000000E+0	0.000000E+0
8.027271E+3	1.001550E-4	1.165680E+4	0.000000E+0	0.000000E+0
8.031271E+3	1.001560E-4	1.165660E+4	0.000000E+0	0.000000E+0
8.035271E+3	1.001540E-4	1.165640E+4	0.000000E+0	0.000000E+0
8.039269E+3	1.001560E-4	1.165610E+4	0.000000E+0	0.000000E+0
8.043266E+3	1.001500E-4	1.165600E+4	0.000000E+0	0.000000E+0
8.047268E+3	1.001570E-4	1.165590E+4	0.000000E+0	0.000000E+0
8.051268E+3	1.001520E-4	1.165590E+4	0.000000E+0	0.000000E+0
8.055266E+3	1.001560E-4	1.165580E+4	0.000000E+0	0.000000E+0
8.059264E+3	1.001500E-4	1.165580E+4	0.000000E+0	0.000000E+0
8.063274E+3	1.001550E-4	1.165570E+4	0.000000E+0	0.000000E+0
8.067264E+3	1.001490E-4	1.165560E+4	0.000000E+0	0.000000E+0
8.071266E+3	1.001540E-4	1.165570E+4	0.000000E+0	0.000000E+0
8.075269E+3	1.001520E-4	1.165560E+4	0.000000E+0	0.000000E+0
8.079272E+3	1.001530E-4	1.165550E+4	0.000000E+0	0.000000E+0
8.083270E+3	1.001470E-4	1.165550E+4	0.000000E+0	0.000000E+0
8.087270E+3	1.001560E-4	1.165550E+4	0.000000E+0	0.000000E+0
8.091265E+3	1.001500E-4	1.165530E+4	0.000000E+0	0.000000E+0
8.095271E+3	1.001530E-4	1.165530E+4	0.000000E+0	0.000000E+0
8.099272E+3	1.001480E-4	1.165530E+4	0.000000E+0	0.000000E+0
8.103270E+3	1.001530E-4	1.165520E+4	0.000000E+0	0.000000E+0
8.107267E+3	1.001490E-4	1.165520E+4	0.000000E+0	0.000000E+0
8.111268E+3	1.001510E-4	1.165520E+4	0.000000E+0	0.000000E+0
8.115273E+3	1.001470E-4	1.165500E+4	0.000000E+0	0.000000E+0
8.119271E+3	1.001520E-4	1.165480E+4	0.000000E+0	0.000000E+0
8.123265E+3	1.001450E-4	1.165480E+4	0.000000E+0	0.000000E+0
8.127265E+3	1.001490E-4	1.165460E+4	0.000000E+0	0.000000E+0
8.131268E+3	1.001440E-4	1.165450E+4	0.000000E+0	0.000000E+0
8.135272E+3	1.001500E-4	1.165440E+4	0.000000E+0	0.000000E+0
8.139269E+3	1.001440E-4	1.165430E+4	0.000000E+0	0.000000E+0
8.143268E+3	1.001490E-4	1.165410E+4	0.000000E+0	0.000000E+0
8.147268E+3	1.001430E-4	1.165410E+4	0.000000E+0	0.000000E+0
8.151272E+3	1.001510E-4	1.165400E+4	0.000000E+0	0.000000E+0
8.155267E+3	1.001450E-4	1.165400E+4	0.000000E+0	0.000000E+0
8.159267E+3	1.001480E-4	1.165390E+4	0.000000E+0	0.000000E+0
8.163270E+3	1.001440E-4	1.165390E+4	0.000000E+0	0.000000E+0
8.167274E+3	1.001500E-4	1.165390E+4	0.000000E+0	0.000000E+0
8.171269E+3	1.001450E-4	1.165380E+4	0.000000E+0	0.000000E+0
8.175269E+3	1.001500E-4	1.165380E+4	0.000000E+0	0.000000E+0
8.179267E+3	1.001450E-4	1.165360E+4	0.000000E+0	0.000000E+0
8.183268E+3	1.001500E-4	1.165340E+4	0.000000E+0	0.000000E+0
8.187270E+3	1.001420E-4	1.165330E+4	0.000000E+0	0.000000E+0
8.191268E+3	1.001500E-4	1.165300E+4	0.000000E+0	0.000000E+0
8.195267E+3	1.001440E-4	1.165290E+4	0.000000E+0	0.000000E+0
8.199270E+3	1.001460E-4	1.165280E+4	0.000000E+0	0.000000E+0
8.203267E+3	1.001420E-4	1.165280E+4	0.000000E+0	0.000000E+0
8.207265E+3	1.001490E-4	1.165270E+4	0.000000E+0	0.000000E+0
8.211268E+3	1.001420E-4	1.165260E+4	0.000000E+0	0.000000E+0
8.215274E+3	1.001460E-4	1.165250E+4	0.000000E+0	0.000000E+0
8.219269E+3	1.001410E-4	1.165250E+4	0.000000E+0	0.000000E+0
8.223268E+3	1.001480E-4	1.165250E+4	0.000000E+0	0.000000E+0
8.227269E+3	1.001380E-4	1.165240E+4	0.000000E+0	0.000000E+0
8.231271E+3	1.001450E-4	1.165240E+4	0.000000E+0	0.000000E+0
8.235271E+3	1.001400E-4	1.165220E+4	0.000000E+0	0.000000E+0
8.239271E+3	1.001460E-4	1.165200E+4	0.000000E+0	0.000000E+0
8.243266E+3	1.001390E-4	1.165170E+4	0.000000E+0	0.000000E+0
8.247265E+3	1.001440E-4	1.165160E+4	0.000000E+0	0.000000E+0
8.251267E+3	1.001420E-4	1.165140E+4	0.000000E+0	0.000000E+0
8.255266E+3	1.001470E-4	1.165130E+4	0.000000E+0	0.000000E+0
8.259267E+3	1.001410E-4	1.165110E+4	0.000000E+0	0.000000E+0
8.263272E+3	1.001400E-4	1.165100E+4	0.000000E+0	0.000000E+0
8.267264E+3	1.001390E-4	1.165100E+4	0.000000E+0	0.000000E+0
8.271269E+3	1.001410E-4	1.165090E+4	0.000000E+0	0.000000E+0
8.275265E+3	1.001400E-4	1.165100E+4	0.000000E+0	0.000000E+0
8.279268E+3	1.001430E-4	1.165100E+4	0.000000E+0	0.000000E+0
8.283265E+3	1.001360E-4	1.165090E+4	0.000000E+0	0.000000E+0
8.287268E+3	1.001440E-4	1.165090E+4	0.000000E+0	0.000000E+0
8.291270E+3	1.001400E-4	1.165100E+4	0.000000E+0	0.000000E+0
8.295273E+3	1.001400E-4	1.165080E+4	0.000000E+0	0.000000E+0
8.299265E+3	1.001330E-4	1.165090E+4	0.000000E+0	0.000000E+0
8.303266E+3	1.001420E-4	1.165090E+4	0.000000E+0	0.000000E+0
8.307266E+3	1.001350E-4	1.165070E+4	0.000000E+0	0.000000E+0
8.311267E+3	1.001380E-4	1.165070E+4	0.000000E+0	0.000000E+0
8.315266E+3	1.001380E-4	1.165070E+4	0.000000E+0	0.000000E+0
8.319266E+3	1.001410E-4	1.165060E+4	0.000000E+0	0.000000E+0
8.323266E+3	1.001330E-4	1.165040E+4	0.000000E+0	0.000000E+0
8.327270E+3	1.001380E-4	1.165040E+4	0.000000E+0	0.000000E+0
8.331268E+3	1.001370E-4	1.165040E+4	0.000000E+0	0.000000E+0
8.335269E+3	1.001370E-4	1.165030E+4	0.000000E+0	0.000000E+0
8.339264E+3	1.001330E-4	1.165040E+4	0.000000E+0	0.000000E+0
8.343268E+3	1.001360E-4	1.165030E+4	0.000000E+0	0.000000E+0
8.347271E+3	1.001350E-4	1.165020E+4	0.000000E+0	0.000000E+0
8.351269E+3	1.001380E-4	1.165010E+4	0.000000E+0	0.000000E+0
8.355269E+3	1.001310E-4	1.165000E+4	0.000000E+0	0.000000E+0
8.359270E+3	1.001360E-4	1.165000E+4	0.000000E+0	0.000000E+0
8.363267E+3	1.001320E-4	1.165000E+4	0.000000E+0	0.000000E+0
8.367265E+3	1.001360E-4	1.164990E+4	0.000000E+0	0.000000E+0
8.371267E+3	1.001290E-4	1.164980E+4	0.000000E+0	0.000000E+0
8.375270E+3	1.001370E-4	1.164980E+4	0.000000E+0	0.000000E+0
8.379265E+3	1.001270E-4	1.164970E+4	0.000000E+0	0.000000E+0
8.383267E+3	1.001340E-4	1.164980E+4	0.000000E+0	0.000000E+0
8.387268E+3	1.001330E-4	1.164990E+4	0.000000E+0	0.000000E+0
8.391271E+3	1.001340E-4	1.164980E+4	0.000000E+0	0.000000E+0
8.395265E+3	1.001270E-4	1.164990E+4	0.000000E+0	0.000000E+0
8.399265E+3	1.001330E-4	1.164990E+4	0.000000E+0	0.000000E+0
8.403268E+3	1.001310E-4	1.164980E+4	0.000000E+0	0.000000E+0
8.407271E+3	1.001350E-4	1.164970E+4	0.000000E+0	0.000000E+0
8.411269E+3	1.001330E-4	1.164960E+4	0.000000E+0	0.000000E+0
8.415268E+3	1.001350E-4	1.164950E+4	0.000000E+0	0.000000E+0
8.419268E+3	1.001290E-4	1.164940E+4	0.000000E+0	0.000000E+0
8.423268E+3	1.001340E-4	1.164930E+4	0.000000E+0	0.000000E+0
8.427269E+3	1.001300E-4	1.164920E+4	0.000000E+0	0.000000E+0
8.431267E+3	1.001280E-4	1.164920E+4	0.000000E+0	0.000000E+0
8.435264E+3	1.001230E-4	1.164910E+4	0.000000E+0	0.000000E+0
8.439268E+3	1.001320E-4	1.164900E+4	0.000000E+0	0.000000E+0
8.443270E+3	1.001270E-4	1.164890E+4	0.000000E+0	0.000000E+0
8.447269E+3	1.001260E-4	1.164870E+4	0.000000E+0	0.000000E+0
8.451262E+3	1.001240E-4	1.164870E+4	0.000000E+0	0.000000E+0
8.455271E+3	1.001280E-4	1.164860E+4	0.000000E+0	0.000000E+0
8.459267E+3	1.001210E-4	1.164850E+4	0.000000E+0	0.000000E+0
8.463265E+3	1.001260E-4	1.164860E+4	0.000000E+0	0.000000E+0
8.467265E+3	1.001230E-4	1.164840E+4	0.000000E+0	0.000000E+0
8.471268E+3	1.001310E-4	1.164840E+4	0.000000E+0	0.000000E+0
8.475270E+3	1.001240E-4	1.164830E+4	0.000000E+0	0.000000E+0
8.479268E+3	1.001260E-4	1.164830E+4	0.000000E+0	0.000000E+0
8.483265E+3	1.001250E-4	1.164850E+4	0.000000E+0	0.000000E+0
8.487269E+3	1.001260E-4	1.164830E+4	0.000000E+0	0.000000E+0
8.491268E+3	1.001180E-4	1.164820E+4	0.000000E+0	0.000000E+0
8.495268E+3	1.001260E-4	1.164820E+4	0.000000E+0	0.000000E+0
8.499265E+3	1.001210E-4	1.164830E+4	0.000000E+0	0.000000E+0
8.503269E+3	1.001240E-4	1.164820E+4	0.000000E+0	0.000000E+0
8.507268E+3	1.001220E-4	1.164830E+4	0.000000E+0	0.000000E+0
8.511266E+3	1.001240E-4	1.164820E+4	0.000000E+0	0.000000E+0
8.515264E+3	1.001210E-4	1.164820E+4	0.000000E+0	0.000000E+0
8.519268E+3	1.001250E-4	1.164810E+4	0.000000E+0	0.000000E+0
8.523266E+3	1.001210E-4	1.164800E+4	0.000000E+0	0.000000E+0
8.527266E+3	1.001240E-4	1.164790E+4	0.000000E+0	0.000000E+0
8.531264E+3	1.001190E-4	1.164780E+4	0.000000E+0	0.000000E+0
8.535268E+3	1.001220E-4	1.164760E+4	0.000000E+0	0.000000E+0
8.539267E+3	1.001190E-4	1.164750E+4	0.000000E+0	0.000000E+0
8.543267E+3	1.001250E-4	1.164750E+4	0.000000E+0	0.000000E+0
8.547265E+3	1.001210E-4	1.164730E+4	0.000000E+0	0.000000E+0
8.551272E+3	1.001230E-4	1.164720E+4	0.000000E+0	0.000000E+0
8.555267E+3	1.001160E-4	1.164700E+4	0.000000E+0	0.000000E+0
8.559267E+3	1.001220E-4	1.164680E+4	0.000000E+0	0.000000E+0
8.563267E+3	1.001140E-4	1.164650E+4	0.000000E+0	0.000000E+0
8.567268E+3	1.001210E-4	1.164640E+4	0.000000E+0	0.000000E+0
8.571265E+3	1.001140E-4	1.164630E+4	0.000000E+0	0.000000E+0
8.575270E+3	1.001200E-4	1.164620E+4	0.000000E+0	0.000000E+0
8.579265E+3	1.001120E-4	1.164610E+4	0.000000E+0	0.000000E+0
8.583267E+3	1.001180E-4	1.164600E+4	0.000000E+0	0.000000E+0
8.587263E+3	1.001140E-4	1.164600E+4	0.000000E+0	0.000000E+0
8.591268E+3	1.001210E-4	1.164600E+4	0.000000E+0	0.000000E+0
8.595265E+3	1.001120E-4	1.164580E+4	0.000000E+0	0.000000E+0
8.599267E+3	1.001200E-4	1.164580E+4	0.000000E+0	0.000000E+0
8.603266E+3	1.001150E-4	1.164590E+4	0.000000E+0	0.000000E+0
8.607266E+3	1.001180E-4	1.164590E+4	0.000000E+0	0.000000E+0
8.611264E+3	1.001150E-4	1.164580E+4	0.000000E+0	0.000000E+0
8.615270E+3	1.001180E-4	1.164580E+4	0.000000E+0	0.000000E+0
8.619267E+3	1.001130E-4	1.164580E+4	0.000000E+0	0.000000E+0
8.623266E+3	1.001170E-4	1.164580E+4	0.000000E+0	0.000000E+0
8.627265E+3	1.001100E-4	1.164580E+4	0.000000E+0	0.000000E+0
8.631266E+3	1.001150E-4	1.164580E+4	0.000000E+0	0.000000E+0
8.635265E+3	1.001130E-4	1.164570E+4	0.000000E+0	0.000000E+0
8.639264E+3	1.001160E-4	1.164560E+4	0.000000E+0	0.000000E+0
8.643262E+3	1.001130E-4	1.164570E+4	0.000000E+0	0.000000E+0
8.647268E+3	1.001170E-4	1.164570E+4	0.000000E+0	0.000000E+0
8.651262E+3	1.001090E-4	1.164570E+4	0.000000E+0	0.000000E+0
8.655265E+3	1.001140E-4	1.164580E+4	0.000000E+0	0.000000E+0
8.659265E+3	1.001130E-4	1.164570E+4	0.000000E+0	0.000000E+0
8.663268E+3	1.001150E-4	1.164540E+4	0.000000E+0	0.000000E+0
8.667267E+3	1.001110E-4	1.164540E+4	0.000000E+0	0.000000E+0
8.671268E+3	1.001170E-4	1.164530E+4	0.000000E+0	0.000000E+0
8.675263E+3	1.001090E-4	1.164530E+4	0.000000E+0	0.000000E+0
8.679273E+3	1.001120E-4	1.164520E+4	0.000000E+0	0.000000E+0
8.683269E+3	1.001080E-4	1.164520E+4	0.000000E+0	0.000000E+0
8.687268E+3	1.001130E-4	1.164510E+4	0.000000E+0	0.000000E+0
8.691268E+3	1.001090E-4	1.164510E+4	0.000000E+0	0.000000E+0
8.695268E+3	1.001140E-4	1.164510E+4	0.000000E+0	0.000000E+0
8.699268E+3	1.001120E-4	1.164500E+4	0.000000E+0	0.000000E+0
8.703267E+3	1.001150E-4	1.164500E+4	0.000000E+0	0.000000E+0
8.707266E+3	1.001100E-4	1.164500E+4	0.000000E+0	0.000000E+0
8.711270E+3	1.001100E-4	1.164480E+4	0.000000E+0	0.000000E+0
8.715264E+3	1.001110E-4	1.164490E+4	0.000000E+0	0.000000E+0
8.719267E+3	1.001120E-4	1.164490E+4	0.000000E+0	0.000000E+0
8.723262E+3	1.001090E-4	1.164480E+4	0.000000E+0	0.000000E+0
8.727272E+3	1.001110E-4	1.164480E+4	0.000000E+0	0.000000E+0
8.731269E+3	1.001040E-4	1.164460E+4	0.000000E+0	0.000000E+0
8.735269E+3	1.001090E-4	1.164460E+4	0.000000E+0	0.000000E+0
8.739267E+3	1.001030E-4	1.164440E+4	0.000000E+0	0.000000E+0
8.743271E+3	1.001090E-4	1.164430E+4	0.000000E+0	0.000000E+0
8.747265E+3	1.001060E-4	1.164420E+4	0.000000E+0	0.000000E+0
8.751267E+3	1.001090E-4	1.164420E+4	0.000000E+0	0.000000E+0
8.755265E+3	1.001040E-4	1.164390E+4	0.000000E+0	0.000000E+0
8.759271E+3	1.001100E-4	1.164380E+4	0.000000E+0	0.000000E+0
8.763265E+3	1.001070E-4	1.164350E+4	0.000000E+0	0.000000E+0
8.767266E+3	1.001100E-4	1.164340E+4	0.000000E+0	0.000000E+0
8.771265E+3	1.001070E-4	1.164320E+4	0.000000E+0	0.000000E+0
8.775264E+3	1.001110E-4	1.164310E+4	0.000000E+0	0.000000E+0
8.779266E+3	1.001040E-4	1.164290E+4	0.000000E+0	0.000000E+0
8.783266E+3	1.001100E-4	1.164270E+4	0.000000E+0	0.000000E+0
8.787263E+3	1.001020E-4	1.164270E+4	0.000000E+0	0.000000E+0
8.791271E+3	1.001040E-4	1.164260E+4	0.000000E+0	0.000000E+0
8.795269E+3	1.001040E-4	1.164260E+4	0.000000E+0	0.000000E+0
8.799267E+3	1.001070E-4	1.164250E+4	0.000000E+0	0.000000E+0
8.803264E+3	1.000970E-4	1.164240E+4	0.000000E+0	0.000000E+0
8.807269E+3	1.001050E-4	1.164250E+4	0.000000E+0	0.000000E+0
8.811266E+3	1.001000E-4	1.164260E+4	0.000000E+0	0.000000E+0
8.815267E+3	1.001070E-4	1.164260E+4	0.000000E+0	0.000000E+0
8.819261E+3	1.001000E-4	1.164250E+4	0.000000E+0	0.000000E+0
8.823266E+3	1.001040E-4	1.164260E+4	0.000000E+0	0.000000E+0
8.827265E+3	1.001000E-4	1.164250E+4	0.000000E+0	0.000000E+0
8.831267E+3	1.001020E-4	1.164230E+4	0.000000E+0	0.000000E+0
8.835264E+3	1.000980E-4	1.164210E+4	0.000000E+0	0.000000E+0
8.839264E+3	1.001060E-4	1.164200E+4	0.000000E+0	0.000000E+0
8.843267E+3	1.000970E-4	1.164180E+4	0.000000E+0	0.000000E+0
8.847263E+3	1.001010E-4	1.164160E+4	0.000000E+0	0.000000E+0
8.851265E+3	1.000990E-4	1.164140E+4	0.000000E+0	0.000000E+0
8.855271E+3	1.001020E-4	1.164120E+4	0.000000E+0	0.000000E+0
8.859263E+3	1.000970E-4	1.164130E+4	0.000000E+0	0.000000E+0
8.863263E+3	1.000990E-4	1.164130E+4	0.000000E+0	0.000000E+0
8.867266E+3	1.000950E-4	1.164110E+4	0.000000E+0	0.000000E+0
8.871264E+3	1.001020E-4	1.164100E+4	0.000000E+0	0.000000E+0
8.875266E+3	1.000960E-4	1.164090E+4	0.000000E+0	0.000000E+0
8.879264E+3	1.000980E-4	1.164080E+4	0.000000E+0	0.000000E+0
8.883263E+3	1.000940E-4	1.164080E+4	0.000000E+0	0.000000E+0
8.887267E+3	1.000980E-4	1.164070E+4	0.000000E+0	0.000000E+0
8.891267E+3	1.000950E-4	1.164060E+4	0.000000E+0	0.000000E+0
8.895269E+3	1.001000E-4	1.164050E+4	0.000000E+0	0.000000E+0
8.899264E+3	1.000950E-4	1.164060E+4	0.000000E+0	0.000000E+0
8.903268E+3	1.001000E-4	1.164050E+4	0.000000E+0	0.000000E+0
8.907270E+3	1.000890E-4	1.164040E+4	0.000000E+0	0.000000E+0
8.911270E+3	1.000980E-4	1.164040E+4	0.000000E+0	0.000000E+0
8.915270E+3	1.000960E-4	1.164040E+4	0.000000E+0	0.000000E+0
8.919269E+3	1.000970E-4	1.164040E+4	0.000000E+0	0.000000E+0
8.923268E+3	1.000940E-4	1.164040E+4	0.000000E+0	0.000000E+0
8.927272E+3	1.000990E-4	1.164040E+4	0.000000E+0	0.000000E+0
8.931265E+3	1.000920E-4	1.164050E+4	0.000000E+0	0.000000E+0
8.935267E+3	1.000980E-4	1.164060E+4	0.000000E+0	0.000000E+0
8.939268E+3	1.000960E-4	1.164060E+4	0.000000E+0	0.000000E+0
8.943269E+3	1.000980E-4	1.164070E+4	0.000000E+0	0.000000E+0
8.947265E+3	1.000910E-4	1.164070E+4	0.000000E+0	0.000000E+0
8.951265E+3	1.000960E-4	1.164090E+4	0.000000E+0	0.000000E+0
8.955265E+3	1.000880E-4	1.164070E+4	0.000000E+0	0.000000E+0
8.959267E+3	1.000960E-4	1.164070E+4	0.000000E+0	0.000000E+0
8.963269E+3	1.000880E-4	1.164060E+4	0.000000E+0	0.000000E+0
8.967269E+3	1.000940E-4	1.164050E+4	0.000000E+0	0.000000E+0
8.971268E+3	1.000890E-4	1.164040E+4	0.000000E+0	0.000000E+0
8.975270E+3	1.000940E-4	1.164020E+4	0.000000E+0	0.000000E+0
8.979269E+3	1.000880E-4	1.164020E+4	0.000000E+0	0.000000E+0
8.983271E+3	1.000950E-4	1.164000E+4	0.000000E+0	0.000000E+0
8.987267E+3	1.000880E-4	1.163960E+4	0.000000E+0	0.000000E+0
8.991269E+3	1.000940E-4	1.163940E+4	0.000000E+0	0.000000E+0
8.995267E+3	1.000880E-4	1.163910E+4	0.000000E+0	0.000000E+0
8.999271E+3	1.000930E-4	1.163900E+4	0.000000E+0	0.000000E+0
9.003264E+3	1.000870E-4	1.163870E+4	0.000000E+0	0.000000E+0
9.007269E+3	1.000950E-4	1.163850E+4	0.000000E+0	0.000000E+0
9.011267E+3	1.000870E-4	1.163850E+4	0.000000E+0	0.000000E+0
9.015269E+3	1.000900E-4	1.163830E+4	0.000000E+0	0.000000E+0
9.019270E+3	1.000850E-4	1.163810E+4	0.000000E+0	0.000000E+0
9.023270E+3	1.000880E-4	1.163820E+4	0.000000E+0	0.000000E+0
9.027268E+3	1.000860E-4	1.163810E+4	0.000000E+0	0.000000E+0
9.031268E+3	1.000870E-4	1.163800E+4	0.000000E+0	0.000000E+0
9.035268E+3	1.000840E-4	1.163790E+4	0.000000E+0	0.000000E+0
9.039270E+3	1.000880E-4	1.163790E+4	0.000000E+0	0.000000E+0
9.043270E+3	1.000840E-4	1.163780E+4	0.000000E+0	0.000000E+0
9.047270E+3	1.000860E-4	1.163770E+4	0.000000E+0	0.000000E+0
9.051269E+3	1.000830E-4	1.163770E+4	0.000000E+0	0.000000E+0
9.055271E+3	1.000860E-4	1.163760E+4	0.000000E+0	0.000000E+0
9.059268E+3	1.000810E-4	1.163770E+4	0.000000E+0	0.000000E+0
9.063272E+3	1.000870E-4	1.163770E+4	0.000000E+0	0.000000E+0
9.067269E+3	1.000840E-4	1.163750E+4	0.000000E+0	0.000000E+0
9.071272E+3	1.000860E-4	1.163750E+4	0.000000E+0	0.000000E+0
9.075269E+3	1.000810E-4	1.163770E+4	0.000000E+0	0.000000E+0
9.079271E+3	1.000890E-4	1.163760E+4	0.000000E+0	0.000000E+0
9.083270E+3	1.000790E-4	1.163770E+4	0.000000E+0	0.000000E+0
9.087272E+3	1.000830E-4	1.163760E+4	0.000000E+0	0.000000E+0
9.091269E+3	1.000810E-4	1.163760E+4	0.000000E+0	0.000000E+0
9.095269E+3	1.000850E-4	1.163760E+4	0.000000E+0	0.000000E+0
9.099269E+3	1.000810E-4	1.163760E+4	0.000000E+0	0.000000E+0
9.103269E+3	1.000840E-4	1.163760E+4	0.000000E+0	0.000000E+0
9.107268E+3	1.000780E-4	1.163760E+4	0.000000E+0	0.000000E+0
9.111271E+3	1.000860E-4	1.163770E+4	0.000000E+0	0.000000E+0
9.115267E+3	1.000810E-4	1.163780E+4	0.000000E+0	0.000000E+0
9.119268E+3	1.000840E-4	1.163770E+4	0.000000E+0	0.000000E+0
9.123268E+3	1.000750E-4	1.163760E+4	0.000000E+0	0.000000E+0
9.127270E+3	1.000820E-4	1.163760E+4	0.000000E+0	0.000000E+0
9.131266E+3	1.000780E-4	1.163750E+4	0.000000E+0	0.000000E+0
9.135270E+3	1.000850E-4	1.163740E+4	0.000000E+0	0.000000E+0
9.139273E+3	1.000780E-4	1.163740E+4	0.000000E+0	0.000000E+0
9.143269E+3	1.000850E-4	1.163730E+4	0.000000E+0	0.000000E+0
9.147271E+3	1.000800E-4	1.163730E+4	0.000000E+0	0.000000E+0
9.151271E+3	1.000830E-4	1.163710E+4	0.000000E+0	0.000000E+0
9.155268E+3	1.000780E-4	1.163700E+4	0.000000E+0	0.000000E+0
9.159269E+3	1.000820E-4	1.163710E+4	0.000000E+0	0.000000E+0
9.163268E+3	1.000740E-4	1.163690E+4	0.000000E+0	0.000000E+0
9.167272E+3	1.000820E-4	1.163690E+4	0.000000E+0	0.000000E+0
9.171267E+3	1.000780E-4	1.163690E+4	0.000000E+0	0.000000E+0
9.175270E+3	1.000830E-4	1.163680E+4	0.000000E+0	0.000000E+0
9.179270E+3	1.000770E-4	1.163660E+4	0.000000E+0	0.000000E+0
9.183269E+3	1.000810E-4	1.163650E+4	0.000000E+0	0.000000E+0
9.187269E+3	1.000750E-4	1.163640E+4	0.000000E+0	0.000000E+0
9.191270E+3	1.000800E-4	1.163630E+4	0.000000E+0	0.000000E+0
9.195272E+3	1.000740E-4	1.163630E+4	0.000000E+0	0.000000E+0
9.199268E+3	1.000800E-4	1.163610E+4	0.000000E+0	0.000000E+0
9.203268E+3	1.000730E-4	1.163590E+4	0.000000E+0	0.000000E+0
9.207267E+3	1.000780E-4	1.163590E+4	0.000000E+0	0.000000E+0
9.211270E+3	1.000740E-4	1.163580E+4	0.000000E+0	0.000000E+0
9.215270E+3	1.000790E-4	1.163580E+4	0.000000E+0	0.000000E+0
9.219268E+3	1.000730E-4	1.163580E+4	0.000000E+0	0.000000E+0
9.223268E+3	1.000790E-4	1.163570E+4	0.000000E+0	0.000000E+0
9.227271E+3	1.000740E-4	1.163570E+4	0.000000E+0	0.000000E+0
9.231270E+3	1.000760E-4	1.163560E+4	0.000000E+0	0.000000E+0
9.235265E+3	1.000730E-4	1.163560E+4	0.000000E+0	0.000000E+0
9.239277E+3	1.000760E-4	1.163570E+4	0.000000E+0	0.000000E+0
9.243273E+3	1.000720E-4	1.163560E+4	0.000000E+0	0.000000E+0
9.247269E+3	1.000770E-4	1.163550E+4	0.000000E+0	0.000000E+0
9.251271E+3	1.000730E-4	1.163540E+4	0.000000E+0	0.000000E+0
9.255269E+3	1.000770E-4	1.163530E+4	0.000000E+0	0.000000E+0
9.259269E+3	1.000710E-4	1.163540E+4	0.000000E+0	0.000000E+0
9.263269E+3	1.000780E-4	1.163530E+4	0.000000E+0	0.000000E+0
9.267265E+3	1.000710E-4	1.163530E+4	0.000000E+0	0.000000E+0
9.271269E+3	1.000740E-4	1.163510E+4	0.000000E+0	0.000000E+0
9.275269E+3	1.000690E-4	1.163510E+4	0.000000E+0	0.000000E+0
9.279272E+3	1.000780E-4	1.163490E+4	0.000000E+0	0.000000E+0
9.283273E+3	1.000690E-4	1.163480E+4	0.000000E+0	0.000000E+0
9.287272E+3	1.000740E-4	1.163470E+4	0.000000E+0	0.000000E+0
9.291265E+3	1.000680E-4	1.163470E+4	0.000000E+0	0.000000E+0
9.295268E+3	1.000720E-4	1.163450E+4	0.000000E+0	0.000000E+0
9.299267E+3	1.000660E-4	1.163420E+4	0.000000E+0	0.000000E+0
9.303273E+3	1.000760E-4	1.163410E+4	0.000000E+0	0.000000E+0
9.307267E+3	1.000690E-4	1.163410E+4	0.000000E+0	0.000000E+0
9.311268E+3	1.000760E-4	1.163390E+4	0.000000E+0	0.000000E+0
9.315268E+3	1.000680E-4	1.163380E+4	0.000000E+0	0.000000E+0
9.319271E+3	1.000700E-4	1.163370E+4	0.000000E+0	0.000000E+0
9.323268E+3	1.000700E-4	1.163360E+4	0.000000E+0	0.000000E+0
9.327269E+3	1.000710E-4	1.163330E+4	0.000000E+0	0.000000E+0
9.331273E+3	1.000670E-4	1.163320E+4	0.000000E+0	0.000000E+0
9.335272E+3	1.000710E-4	1.163300E+4	0.000000E+0	0.000000E+0
9.339272E+3	1.000690E-4	1.163300E+4	0.000000E+0	0.000000E+0
9.343272E+3	1.000730E-4	1.163290E+4	0.000000E+0	0.000000E+0
9.347269E+3	1.000660E-4	1.163280E+4	0.000000E+0	0.000000E+0
9.351269E+3	1.000710E-4	1.163270E+4	0.000000E+0	0.000000E+0
9.355267E+3	1.000640E-4	1.163280E+4	0.000000E+0	0.000000E+0
9.359270E+3	1.000700E-4	1.163270E+4	0.000000E+0	0.000000E+0
9.363267E+3	1.000660E-4	1.163270E+4	0.000000E+0	0.000000E+0
9.367266E+3	1.000710E-4	1.163280E+4	0.000000E+0	0.000000E+0
9.371269E+3	1.000640E-4	1.163280E+4	0.000000E+0	0.000000E+0
9.375270E+3	1.000700E-4	1.163270E+4	0.000000E+0	0.000000E+0
9.379273E+3	1.000640E-4	1.163280E+4	0.000000E+0	0.000000E+0
9.383272E+3	1.000670E-4	1.163290E+4	0.000000E+0	0.000000E+0
9.387272E+3	1.000660E-4	1.163290E+4	0.000000E+0	0.000000E+0
9.391268E+3	1.000680E-4	1.163280E+4	0.000000E+0	0.000000E+0
9.395272E+3	1.000670E-4	1.163290E+4	0.000000E+0	0.000000E+0
9.399271E+3	1.000690E-4	1.163280E+4	0.000000E+0	0.000000E+0
9.403271E+3	1.000610E-4	1.163280E+4	0.000000E+0	0.000000E+0
9.407268E+3	1.000670E-4	1.163260E+4	0.000000E+0	0.000000E+0
9.411268E+3	1.000610E-4	1.163240E+4	0.000000E+0	0.000000E+0
9.415268E+3	1.000650E-4	1.163220E+4	0.000000E+0	0.000000E+0
9.419265E+3	1.000600E-4	1.163220E+4	0.000000E+0	0.000000E+0
9.423268E+3	1.000670E-4	1.163200E+4	0.000000E+0	0.000000E+0
9.427268E+3	1.000580E-4	1.163190E+4	0.000000E+0	0.000000E+0
9.431268E+3	1.000680E-4	1.163180E+4	0.000000E+0	0.000000E+0
9.435269E+3	1.000570E-4	1.163180E+4	0.000000E+0	0.000000E+0
9.439271E+3	1.000650E-4	1.163180E+4	0.000000E+0	0.000000E+0
9.443267E+3	1.000580E-4	1.163170E+4	0.000000E+0	0.000000E+0
9.447267E+3	1.000670E-4	1.163160E+4	0.000000E+0	0.000000E+0
9.451270E+3	1.000610E-4	1.163170E+4	0.000000E+0	0.000000E+0
9.455271E+3	1.000650E-4	1.163160E+4	0.000000E+0	0.000000E+0
9.459270E+3	1.000570E-4	1.163160E+4	0.000000E+0	0.000000E+0
9.463269E+3	1.000650E-4	1.163160E+4	0.000000E+0	0.000000E+0
9.467270E+3	1.000590E-4	1.163160E+4	0.000000E+0	0.000000E+0
9.471272E+3	1.000610E-4	1.163150E+4	0.000000E+0	0.000000E+0
9.475270E+3	1.000580E-4	1.163120E+4	0.000000E+0	0.000000E+0
9.479268E+3	1.000640E-4	1.163120E+4	0.000000E+0	0.000000E+0
9.483264E+3	1.000570E-4	1.163090E+4	0.000000E+0	0.000000E+0
9.487268E+3	1.000620E-4	1.163090E+4	0.000000E+0	0.000000E+0
9.491263E+3	1.000570E-4	1.163070E+4	0.000000E+0	0.000000E+0
9.495265E+3	1.000610E-4	1.163050E+4	0.000000E+0	0.000000E+0
9.499262E+3	1.000530E-4	1.163030E+4	0.000000E+0	0.000000E+0
9.503270E+3	1.000610E-4	1.163020E+4	0.000000E+0	0.000000E+0
9.507270E+3	1.000550E-4	1.163010E+4	0.000000E+0	0.000000E+0
9.511268E+3	1.000610E-4	1.162990E+4	0.000000E+0	0.000000E+0
9.515266E+3	1.000560E-4	1.162990E+4	0.000000E+0	0.000000E+0
9.519269E+3	1.000610E-4	1.163000E+4	0.000000E+0	0.000000E+0
9.523272E+3	1.000610E-4	1.163000E+4	0.000000E+0	0.000000E+0
9.527273E+3	1.000610E-4	1.162990E+4	0.000000E+0	0.000000E+0
9.531269E+3	1.000570E-4	1.163000E+4	0.000000E+0	0.000000E+0
9.535271E+3	1.000610E-4	1.163000E+4	0.000000E+0	0.000000E+0
9.539272E+3	1.000560E-4	1.163000E+4	0.000000E+0	0.000000E+0
9.543269E+3	1.000630E-4	1.162990E+4	0.000000E+0	0.000000E+0
9.547267E+3	1.000550E-4	1.162980E+4	0.000000E+0	0.000000E+0
9.551269E+3	1.000580E-4	1.162980E+4	0.000000E+0	0.000000E+0
9.555266E+3	1.000510E-4	1.162970E+4	0.000000E+0	0.000000E+0
9.559272E+3	1.000580E-4	1.162960E+4	0.000000E+0	0.000000E+0
9.563270E+3	1.000590E-4	1.162970E+4	0.000000E+0	0.000000E+0
9.567273E+3	1.000610E-4	1.162940E+4	0.000000E+0	0.000000E+0
9.571272E+3	1.000540E-4	1.162940E+4	0.000000E+0	0.000000E+0
9.575267E+3	1.000590E-4	1.162930E+4	0.000000E+0	0.000000E+0
9.579267E+3	1.000530E-4	1.162930E+4	0.000000E+0	0.000000E+0
9.583267E+3	1.000580E-4	1.162910E+4	0.000000E+0	0.000000E+0
9.587267E+3	1.000540E-4	1.162900E+4	0.000000E+0	0.000000E+0
9.591271E+3	1.000560E-4	1.162890E+4	0.000000E+0	0.000000E+0
9.595270E+3	1.000520E-4	1.162880E+4	0.000000E+0	0.000000E+0
9.599270E+3	1.000570E-4	1.162860E+4	0.000000E+0	0.000000E+0
9.603271E+3	1.000520E-4	1.162840E+4	0.000000E+0	0.000000E+0
9.607273E+3	1.000570E-4	1.162830E+4	0.000000E+0	0.000000E+0
9.611266E+3	1.000530E-4	1.162810E+4	0.000000E+0	0.000000E+0
9.615266E+3	1.000580E-4	1.162790E+4	0.000000E+0	0.000000E+0
9.619268E+3	1.000490E-4	1.162790E+4	0.000000E+0	0.000000E+0
9.623271E+3	1.000560E-4	1.162760E+4	0.000000E+0	0.000000E+0
9.627267E+3	1.000520E-4	1.162750E+4	0.000000E+0	0.000000E+0
9.631266E+3	1.000540E-4	1.162750E+4	0.000000E+0	0.000000E+0
9.635266E+3	1.000560E-4	1.162740E+4	0.000000E+0	0.000000E+0
9.639267E+3	1.000560E-4	1.162740E+4	0.000000E+0	0.000000E+0
9.643269E+3	1.000490E-4	1.162730E+4	0.000000E+0	0.000000E+0
9.647267E+3	1.000550E-4	1.162710E+4	0.000000E+0	0.000000E+0
9.651270E+3	1.000500E-4	1.162680E+4	0.000000E+0	0.000000E+0
9.655266E+3	1.000520E-4	1.162650E+4	0.000000E+0	0.000000E+0
9.659267E+3	1.000500E-4	1.162610E+4	0.000000E+0	0.000000E+0
9.663267E+3	1.000560E-4	1.162560E+4	0.000000E+0	0.000000E+0
9.667270E+3	1.000510E-4	1.162520E+4	0.000000E+0	0.000000E+0
9.671275E+3	1.000550E-4	1.162510E+4	0.000000E+0	0.000000E+0
9.675267E+3	1.000470E-4	1.162490E+4	0.000000E+0	0.000000E+0
9.679267E+3	1.000500E-4	1.162490E+4	0.000000E+0	0.000000E+0
9.683268E+3	1.000490E-4	1.162500E+4	0.000000E+0	0.000000E+0
9.687271E+3	1.000540E-4	1.162500E+4	0.000000E+0	0.000000E+0
9.691271E+3	1.000470E-4	1.162510E+4	0.000000E+0	0.000000E+0
9.695268E+3	1.000540E-4	1.162510E+4	0.000000E+0	0.000000E+0
9.699266E+3	1.000490E-4	1.162520E+4	0.000000E+0	0.000000E+0
9.703266E+3	1.000530E-4	1.162500E+4	0.000000E+0	0.000000E+0
9.707267E+3	1.000450E-4	1.162480E+4	0.000000E+0	0.000000E+0
9.711268E+3	1.000490E-4	1.162470E+4	0.000000E+0	0.000000E+0
9.715268E+3	1.000460E-4	1.162460E+4	0.000000E+0	0.000000E+0
9.719268E+3	1.000500E-4	1.162440E+4	0.000000E+0	0.000000E+0
9.723268E+3	1.000430E-4	1.162440E+4	0.000000E+0	0.000000E+0
9.727272E+3	1.000500E-4	1.162440E+4	0.000000E+0	0.000000E+0
9.731269E+3	1.000430E-4	1.162440E+4	0.000000E+0	0.000000E+0
9.735269E+3	1.000520E-4	1.162440E+4	0.000000E+0	0.000000E+0
9.739265E+3	1.000430E-4	1.162440E+4	0.000000E+0	0.000000E+0
9.743269E+3	1.000460E-4	1.162430E+4	0.000000E+0	0.000000E+0
9.747269E+3	1.000430E-4	1.162420E+4	0.000000E+0	0.000000E+0
9.751268E+3	1.000470E-4	1.162420E+4	0.000000E+0	0.000000E+0
9.755265E+3	1.000440E-4	1.162420E+4	0.000000E+0	0.000000E+0
9.759268E+3	1.000480E-4	1.162420E+4	0.000000E+0	0.000000E+0
9.763268E+3	1.000430E-4	1.162410E+4	0.000000E+0	0.000000E+0
9.767267E+3	1.000510E-4	1.162400E+4	0.000000E+0	0.000000E+0
9.771262E+3	1.000420E-4	1.162380E+4	0.000000E+0	0.000000E+0
9.775266E+3	1.000470E-4	1.162370E+4	0.000000E+0	0.000000E+0
9.779266E+3	1.000390E-4	1.162360E+4	0.000000E+0	0.000000E+0
9.783268E+3	1.000440E-4	1.162330E+4	0.000000E+0	0.000000E+0
9.787265E+3	1.000390E-4	1.162310E+4	0.000000E+0	0.000000E+0
9.791267E+3	1.000440E-4	1.162290E+4	0.000000E+0	0.000000E+0
9.795269E+3	1.000410E-4	1.162260E+4	0.000000E+0	0.000000E+0
9.799269E+3	1.000470E-4	1.162250E+4	0.000000E+0	0.000000E+0
9.803266E+3	1.000400E-4	1.162250E+4	0.000000E+0	0.000000E+0
9.807266E+3	1.000450E-4	1.162240E+4	0.000000E+0	0.000000E+0
9.811269E+3	1.000390E-4	1.162220E+4	0.000000E+0	0.000000E+0
9.815266E+3	1.000420E-4	1.162240E+4	0.000000E+0	0.000000E+0
9.819266E+3	1.000350E-4	1.162220E+4	0.000000E+0	0.000000E+0
9.823272E+3	1.000420E-4	1.162190E+4	0.000000E+0	0.000000E+0
9.827270E+3	1.000350E-4	1.162160E+4	0.000000E+0	0.000000E+0
9.831267E+3	1.000420E-4	1.162140E+4	0.000000E+0	0.000000E+0
9.835267E+3	1.000350E-4	1.162150E+4	0.000000E+0	0.000000E+0
9.839266E+3	1.000410E-4	1.162160E+4	0.000000E+0	0.000000E+0
9.843270E+3	1.000370E-4	1.162150E+4	0.000000E+0	0.000000E+0
9.847267E+3	1.000420E-4	1.162170E+4	0.000000E+0	0.000000E+0
