
Medición hecha el 2026-10-01  09:19 p.m.

Medición de corriente y tensión en el tiempo con posibilidad de inyectar corriente.
Tiempo	Corriente	Tensión
3.325000E+0	9.928700E-6	1.161950E+4	0.000000E+0	0.000000E+0
6.484000E+0	9.924900E-6	1.161930E+4	0.000000E+0	0.000000E+0
9.489000E+0	9.921000E-6	1.161900E+4	0.000000E+0	0.000000E+0
1.248700E+1	9.919600E-6	1.161880E+4	0.000000E+0	0.000000E+0
1.547900E+1	9.919100E-6	1.161870E+4	0.000000E+0	0.000000E+0
1.847900E+1	9.919000E-6	1.161870E+4	0.000000E+0	0.000000E+0
2.148500E+1	9.919300E-6	1.161870E+4	0.000000E+0	0.000000E+0
2.448000E+1	9.919700E-6	1.161890E+4	0.000000E+0	0.000000E+0
2.748000E+1	9.919100E-6	1.161900E+4	0.000000E+0	0.000000E+0
3.047700E+1	9.919500E-6	1.161890E+4	0.000000E+0	0.000000E+0
3.348200E+1	9.919500E-6	1.161900E+4	0.000000E+0	0.000000E+0
3.648600E+1	9.919700E-6	1.161890E+4	0.000000E+0	0.000000E+0
3.948300E+1	9.920600E-6	1.161880E+4	0.000000E+0	0.000000E+0
4.248000E+1	9.920500E-6	1.161880E+4	0.000000E+0	0.000000E+0
4.548500E+1	9.920700E-6	1.161870E+4	0.000000E+0	0.000000E+0
4.848100E+1	9.921600E-6	1.161860E+4	0.000000E+0	0.000000E+0
5.147800E+1	9.921200E-6	1.161870E+4	0.000000E+0	0.000000E+0
5.448000E+1	9.921900E-6	1.161870E+4	0.000000E+0	0.000000E+0
5.748100E+1	9.921900E-6	1.161860E+4	0.000000E+0	0.000000E+0
6.048300E+1	9.922800E-6	1.161870E+4	0.000000E+0	0.000000E+0
6.348600E+1	9.923100E-6	1.161860E+4	0.000000E+0	0.000000E+0
6.648100E+1	9.923700E-6	1.161880E+4	0.000000E+0	0.000000E+0
6.947900E+1	9.923800E-6	1.161850E+4	0.000000E+0	0.000000E+0
7.248400E+1	9.924000E-6	1.161860E+4	0.000000E+0	0.000000E+0
7.548700E+1	9.924700E-6	1.161860E+4	0.000000E+0	0.000000E+0
7.848400E+1	9.924500E-6	1.161860E+4	0.000000E+0	0.000000E+0
8.148200E+1	9.925300E-6	1.161840E+4	0.000000E+0	0.000000E+0
8.448100E+1	9.925300E-6	1.161850E+4	0.000000E+0	0.000000E+0
8.747700E+1	9.925200E-6	1.161830E+4	0.000000E+0	0.000000E+0
9.048500E+1	9.924900E-6	1.161830E+4	0.000000E+0	0.000000E+0
9.348700E+1	9.926000E-6	1.161820E+4	0.000000E+0	0.000000E+0
9.647900E+1	9.925800E-6	1.161810E+4	0.000000E+0	0.000000E+0
9.948700E+1	9.926200E-6	1.161810E+4	0.000000E+0	0.000000E+0
1.024800E+2	9.927000E-6	1.161810E+4	0.000000E+0	0.000000E+0
1.054870E+2	9.926700E-6	1.161800E+4	0.000000E+0	0.000000E+0
1.084790E+2	9.926500E-6	1.161800E+4	0.000000E+0	0.000000E+0
1.114800E+2	9.927100E-6	1.161800E+4	0.000000E+0	0.000000E+0
1.144850E+2	9.927200E-6	1.161790E+4	0.000000E+0	0.000000E+0
1.174850E+2	9.927700E-6	1.161780E+4	0.000000E+0	0.000000E+0
1.204850E+2	9.927500E-6	1.161760E+4	0.000000E+0	0.000000E+0
1.234860E+2	9.927300E-6	1.161760E+4	0.000000E+0	0.000000E+0
1.264800E+2	9.927900E-6	1.161750E+4	0.000000E+0	0.000000E+0
1.294850E+2	9.927600E-6	1.161730E+4	0.000000E+0	0.000000E+0
1.324850E+2	9.928300E-6	1.161720E+4	0.000000E+0	0.000000E+0
1.354880E+2	9.928900E-6	1.161700E+4	0.000000E+0	0.000000E+0
1.384810E+2	9.928400E-6	1.161680E+4	0.000000E+0	0.000000E+0
1.414780E+2	9.928400E-6	1.161660E+4	0.000000E+0	0.000000E+0
1.444840E+2	9.928600E-6	1.161650E+4	0.000000E+0	0.000000E+0
1.474800E+2	9.929000E-6	1.161630E+4	0.000000E+0	0.000000E+0
1.504840E+2	9.929300E-6	1.161610E+4	0.000000E+0	0.000000E+0
1.534840E+2	9.929100E-6	1.161610E+4	0.000000E+0	0.000000E+0
1.564840E+2	9.929200E-6	1.161590E+4	0.000000E+0	0.000000E+0
1.594860E+2	9.929700E-6	1.161580E+4	0.000000E+0	0.000000E+0
1.624870E+2	9.929900E-6	1.161570E+4	0.000000E+0	0.000000E+0
1.654840E+2	9.929900E-6	1.161550E+4	0.000000E+0	0.000000E+0
1.684840E+2	9.930200E-6	1.161520E+4	0.000000E+0	0.000000E+0
1.714840E+2	9.930600E-6	1.161530E+4	0.000000E+0	0.000000E+0
1.744840E+2	9.930400E-6	1.161520E+4	0.000000E+0	0.000000E+0
1.774860E+2	9.930900E-6	1.161490E+4	0.000000E+0	0.000000E+0
1.804850E+2	9.931100E-6	1.161470E+4	0.000000E+0	0.000000E+0
1.834850E+2	9.930400E-6	1.161450E+4	0.000000E+0	0.000000E+0
1.864850E+2	9.930800E-6	1.161440E+4	0.000000E+0	0.000000E+0
1.894840E+2	9.931300E-6	1.161430E+4	0.000000E+0	0.000000E+0
1.924840E+2	9.931000E-6	1.161420E+4	0.000000E+0	0.000000E+0
1.954850E+2	9.930800E-6	1.161400E+4	0.000000E+0	0.000000E+0
1.984830E+2	9.930900E-6	1.161390E+4	0.000000E+0	0.000000E+0
2.014820E+2	9.931200E-6	1.161370E+4	0.000000E+0	0.000000E+0
2.044800E+2	9.931700E-6	1.161370E+4	0.000000E+0	0.000000E+0
2.074820E+2	9.931700E-6	1.161360E+4	0.000000E+0	0.000000E+0
2.104820E+2	9.931800E-6	1.161340E+4	0.000000E+0	0.000000E+0
2.134820E+2	9.931800E-6	1.161340E+4	0.000000E+0	0.000000E+0
2.164830E+2	9.931900E-6	1.161340E+4	0.000000E+0	0.000000E+0
2.194780E+2	9.932300E-6	1.161340E+4	0.000000E+0	0.000000E+0
2.224830E+2	9.932500E-6	1.161340E+4	0.000000E+0	0.000000E+0
2.254830E+2	9.932700E-6	1.161330E+4	0.000000E+0	0.000000E+0
2.284850E+2	9.932400E-6	1.161340E+4	0.000000E+0	0.000000E+0
2.314810E+2	9.933200E-6	1.161330E+4	0.000000E+0	0.000000E+0
2.344800E+2	9.932800E-6	1.161330E+4	0.000000E+0	0.000000E+0
2.374810E+2	9.932500E-6	1.161330E+4	0.000000E+0	0.000000E+0
2.404840E+2	9.932400E-6	1.161330E+4	0.000000E+0	0.000000E+0
2.434830E+2	9.932800E-6	1.161320E+4	0.000000E+0	0.000000E+0
2.464840E+2	9.932600E-6	1.161320E+4	0.000000E+0	0.000000E+0
2.494840E+2	9.932900E-6	1.161320E+4	0.000000E+0	0.000000E+0
2.524830E+2	9.932500E-6	1.161330E+4	0.000000E+0	0.000000E+0
2.554850E+2	9.932700E-6	1.161330E+4	0.000000E+0	0.000000E+0
2.584820E+2	9.932800E-6	1.161330E+4	0.000000E+0	0.000000E+0
2.614790E+2	9.933300E-6	1.161330E+4	0.000000E+0	0.000000E+0
2.644840E+2	9.933600E-6	1.161320E+4	0.000000E+0	0.000000E+0
2.674810E+2	9.933700E-6	1.161300E+4	0.000000E+0	0.000000E+0
2.704840E+2	9.933600E-6	1.161290E+4	0.000000E+0	0.000000E+0
2.734820E+2	9.933300E-6	1.161270E+4	0.000000E+0	0.000000E+0
2.764840E+2	9.934000E-6	1.161260E+4	0.000000E+0	0.000000E+0
2.794810E+2	9.933600E-6	1.161250E+4	0.000000E+0	0.000000E+0
2.824820E+2	9.933500E-6	1.161250E+4	0.000000E+0	0.000000E+0
2.854820E+2	9.934400E-6	1.161240E+4	0.000000E+0	0.000000E+0
2.884840E+2	9.934000E-6	1.161230E+4	0.000000E+0	0.000000E+0
2.914820E+2	9.934600E-6	1.161210E+4	0.000000E+0	0.000000E+0
2.944800E+2	9.934600E-6	1.161230E+4	0.000000E+0	0.000000E+0
2.974830E+2	9.934300E-6	1.161230E+4	0.000000E+0	0.000000E+0
3.004830E+2	9.934700E-6	1.161220E+4	0.000000E+0	0.000000E+0
3.034850E+2	9.934900E-6	1.161200E+4	0.000000E+0	0.000000E+0
3.064830E+2	9.934900E-6	1.161200E+4	0.000000E+0	0.000000E+0
3.094850E+2	9.934600E-6	1.161190E+4	0.000000E+0	0.000000E+0
3.124830E+2	9.934700E-6	1.161170E+4	0.000000E+0	0.000000E+0
3.154800E+2	9.934800E-6	1.161160E+4	0.000000E+0	0.000000E+0
3.184830E+2	9.934600E-6	1.161150E+4	0.000000E+0	0.000000E+0
3.214850E+2	9.934900E-6	1.161140E+4	0.000000E+0	0.000000E+0
3.244840E+2	9.935100E-6	1.161140E+4	0.000000E+0	0.000000E+0
3.274860E+2	9.935200E-6	1.161120E+4	0.000000E+0	0.000000E+0
3.304830E+2	9.935000E-6	1.161130E+4	0.000000E+0	0.000000E+0
3.334840E+2	9.935400E-6	1.161110E+4	0.000000E+0	0.000000E+0
3.364840E+2	9.935700E-6	1.161120E+4	0.000000E+0	0.000000E+0
3.394840E+2	9.935500E-6	1.161100E+4	0.000000E+0	0.000000E+0
3.424840E+2	9.935400E-6	1.161100E+4	0.000000E+0	0.000000E+0
3.454840E+2	9.935600E-6	1.161080E+4	0.000000E+0	0.000000E+0
3.484840E+2	9.936000E-6	1.161080E+4	0.000000E+0	0.000000E+0
3.514810E+2	9.936200E-6	1.161070E+4	0.000000E+0	0.000000E+0
3.544860E+2	9.936100E-6	1.161070E+4	0.000000E+0	0.000000E+0
3.574810E+2	9.935500E-6	1.161050E+4	0.000000E+0	0.000000E+0
3.604850E+2	9.935700E-6	1.161040E+4	0.000000E+0	0.000000E+0
3.634840E+2	9.936400E-6	1.161010E+4	0.000000E+0	0.000000E+0
3.664850E+2	9.936300E-6	1.161000E+4	0.000000E+0	0.000000E+0
3.694850E+2	9.937000E-6	1.160990E+4	0.000000E+0	0.000000E+0
3.724870E+2	9.936300E-6	1.160980E+4	0.000000E+0	0.000000E+0
3.754840E+2	9.936200E-6	1.160980E+4	0.000000E+0	0.000000E+0
3.784850E+2	9.936400E-6	1.160960E+4	0.000000E+0	0.000000E+0
3.814820E+2	9.936500E-6	1.160960E+4	0.000000E+0	0.000000E+0
3.844830E+2	9.936300E-6	1.160960E+4	0.000000E+0	0.000000E+0
3.874850E+2	9.936600E-6	1.160950E+4	0.000000E+0	0.000000E+0
3.904820E+2	9.937400E-6	1.160950E+4	0.000000E+0	0.000000E+0
3.934820E+2	9.937400E-6	1.160940E+4	0.000000E+0	0.000000E+0
3.964780E+2	9.937200E-6	1.160920E+4	0.000000E+0	0.000000E+0
3.994860E+2	9.936900E-6	1.160920E+4	0.000000E+0	0.000000E+0
4.024830E+2	9.936900E-6	1.160910E+4	0.000000E+0	0.000000E+0
4.054820E+2	9.937400E-6	1.160890E+4	0.000000E+0	0.000000E+0
4.084830E+2	9.937200E-6	1.160890E+4	0.000000E+0	0.000000E+0
4.114800E+2	9.937100E-6	1.160880E+4	0.000000E+0	0.000000E+0
4.144880E+2	9.936900E-6	1.160870E+4	0.000000E+0	0.000000E+0
4.174810E+2	9.937400E-6	1.160860E+4	0.000000E+0	0.000000E+0
4.204810E+2	9.937000E-6	1.160850E+4	0.000000E+0	0.000000E+0
4.234810E+2	9.937200E-6	1.160840E+4	0.000000E+0	0.000000E+0
4.264840E+2	9.937000E-6	1.160820E+4	0.000000E+0	0.000000E+0
4.294810E+2	9.936900E-6	1.160810E+4	0.000000E+0	0.000000E+0
4.324830E+2	9.937400E-6	1.160790E+4	0.000000E+0	0.000000E+0
4.354810E+2	9.937200E-6	1.160790E+4	0.000000E+0	0.000000E+0
4.384820E+2	9.937400E-6	1.160790E+4	0.000000E+0	0.000000E+0
4.414810E+2	9.937500E-6	1.160790E+4	0.000000E+0	0.000000E+0
4.444840E+2	9.937300E-6	1.160770E+4	0.000000E+0	0.000000E+0
4.474820E+2	9.937900E-6	1.160760E+4	0.000000E+0	0.000000E+0
4.504820E+2	9.937600E-6	1.160780E+4	0.000000E+0	0.000000E+0
4.534840E+2	9.937300E-6	1.160780E+4	0.000000E+0	0.000000E+0
4.564840E+2	9.937400E-6	1.160780E+4	0.000000E+0	0.000000E+0
4.594840E+2	9.937600E-6	1.160810E+4	0.000000E+0	0.000000E+0
4.624840E+2	9.937400E-6	1.160830E+4	0.000000E+0	0.000000E+0
4.654800E+2	9.937300E-6	1.160820E+4	0.000000E+0	0.000000E+0
4.684800E+2	9.937900E-6	1.160800E+4	0.000000E+0	0.000000E+0
4.714820E+2	9.937900E-6	1.160790E+4	0.000000E+0	0.000000E+0
4.744820E+2	9.937400E-6	1.160750E+4	0.000000E+0	0.000000E+0
4.774790E+2	9.937800E-6	1.160730E+4	0.000000E+0	0.000000E+0
4.804850E+2	9.937800E-6	1.160710E+4	0.000000E+0	0.000000E+0
4.834790E+2	9.937700E-6	1.160690E+4	0.000000E+0	0.000000E+0
4.864860E+2	9.937600E-6	1.160690E+4	0.000000E+0	0.000000E+0
4.894770E+2	9.938000E-6	1.160670E+4	0.000000E+0	0.000000E+0
4.924850E+2	9.937700E-6	1.160680E+4	0.000000E+0	0.000000E+0
4.954830E+2	9.938300E-6	1.160690E+4	0.000000E+0	0.000000E+0
4.984800E+2	9.938200E-6	1.160690E+4	0.000000E+0	0.000000E+0
5.014800E+2	9.938100E-6	1.160700E+4	0.000000E+0	0.000000E+0
5.044810E+2	9.938900E-6	1.160710E+4	0.000000E+0	0.000000E+0
5.074800E+2	9.938500E-6	1.160700E+4	0.000000E+0	0.000000E+0
5.104910E+2	9.938500E-6	1.160690E+4	0.000000E+0	0.000000E+0
5.134810E+2	9.938700E-6	1.160690E+4	0.000000E+0	0.000000E+0
5.164810E+2	9.938500E-6	1.160690E+4	0.000000E+0	0.000000E+0
5.194800E+2	9.938300E-6	1.160670E+4	0.000000E+0	0.000000E+0
5.224790E+2	9.938800E-6	1.160680E+4	0.000000E+0	0.000000E+0
5.254840E+2	9.938800E-6	1.160670E+4	0.000000E+0	0.000000E+0
5.284820E+2	9.939000E-6	1.160670E+4	0.000000E+0	0.000000E+0
5.314810E+2	9.938200E-6	1.160670E+4	0.000000E+0	0.000000E+0
5.344790E+2	9.939000E-6	1.160670E+4	0.000000E+0	0.000000E+0
5.374820E+2	9.938500E-6	1.160670E+4	0.000000E+0	0.000000E+0
5.404810E+2	9.939000E-6	1.160670E+4	0.000000E+0	0.000000E+0
5.434790E+2	9.939400E-6	1.160670E+4	0.000000E+0	0.000000E+0
5.464900E+2	9.939000E-6	1.160660E+4	0.000000E+0	0.000000E+0
5.494790E+2	9.939100E-6	1.160660E+4	0.000000E+0	0.000000E+0
5.524800E+2	9.939200E-6	1.160670E+4	0.000000E+0	0.000000E+0
5.554800E+2	9.938800E-6	1.160660E+4	0.000000E+0	0.000000E+0
5.584800E+2	9.939000E-6	1.160650E+4	0.000000E+0	0.000000E+0
5.614800E+2	9.939700E-6	1.160640E+4	0.000000E+0	0.000000E+0
5.644790E+2	9.939500E-6	1.160650E+4	0.000000E+0	0.000000E+0
5.674790E+2	9.939400E-6	1.160650E+4	0.000000E+0	0.000000E+0
5.704820E+2	9.939500E-6	1.160640E+4	0.000000E+0	0.000000E+0
5.734770E+2	9.939300E-6	1.160650E+4	0.000000E+0	0.000000E+0
5.764830E+2	9.940200E-6	1.160630E+4	0.000000E+0	0.000000E+0
5.794820E+2	9.940300E-6	1.160630E+4	0.000000E+0	0.000000E+0
5.824820E+2	9.939400E-6	1.160620E+4	0.000000E+0	0.000000E+0
5.854820E+2	9.939700E-6	1.160610E+4	0.000000E+0	0.000000E+0
5.884810E+2	9.939300E-6	1.160600E+4	0.000000E+0	0.000000E+0
5.914780E+2	9.939300E-6	1.160590E+4	0.000000E+0	0.000000E+0
5.944830E+2	9.940000E-6	1.160590E+4	0.000000E+0	0.000000E+0
5.974800E+2	9.940000E-6	1.160570E+4	0.000000E+0	0.000000E+0
6.004840E+2	9.939800E-6	1.160560E+4	0.000000E+0	0.000000E+0
6.034840E+2	9.940000E-6	1.160550E+4	0.000000E+0	0.000000E+0
6.064800E+2	9.939700E-6	1.160540E+4	0.000000E+0	0.000000E+0
6.094830E+2	9.940400E-6	1.160540E+4	0.000000E+0	0.000000E+0
6.124790E+2	9.940400E-6	1.160530E+4	0.000000E+0	0.000000E+0
6.154830E+2	9.939800E-6	1.160520E+4	0.000000E+0	0.000000E+0
6.184810E+2	9.939700E-6	1.160520E+4	0.000000E+0	0.000000E+0
6.214810E+2	9.940200E-6	1.160520E+4	0.000000E+0	0.000000E+0
6.244780E+2	9.940300E-6	1.160510E+4	0.000000E+0	0.000000E+0
6.274810E+2	9.940400E-6	1.160510E+4	0.000000E+0	0.000000E+0
6.304810E+2	9.940500E-6	1.160510E+4	0.000000E+0	0.000000E+0
6.334810E+2	9.940300E-6	1.160520E+4	0.000000E+0	0.000000E+0
6.364810E+2	9.940200E-6	1.160500E+4	0.000000E+0	0.000000E+0
6.394790E+2	9.940300E-6	1.160490E+4	0.000000E+0	0.000000E+0
6.424800E+2	9.940900E-6	1.160480E+4	0.000000E+0	0.000000E+0
6.454820E+2	9.941000E-6	1.160450E+4	0.000000E+0	0.000000E+0
6.484770E+2	9.940400E-6	1.160420E+4	0.000000E+0	0.000000E+0
6.514840E+2	9.940400E-6	1.160420E+4	0.000000E+0	0.000000E+0
6.544790E+2	9.940500E-6	1.160410E+4	0.000000E+0	0.000000E+0
6.574840E+2	9.940500E-6	1.160400E+4	0.000000E+0	0.000000E+0
6.604770E+2	9.941200E-6	1.160400E+4	0.000000E+0	0.000000E+0
6.634820E+2	9.940300E-6	1.160400E+4	0.000000E+0	0.000000E+0
6.664770E+2	9.941200E-6	1.160380E+4	0.000000E+0	0.000000E+0
6.694820E+2	9.940700E-6	1.160370E+4	0.000000E+0	0.000000E+0
6.724800E+2	9.940700E-6	1.160360E+4	0.000000E+0	0.000000E+0
6.754820E+2	9.940600E-6	1.160350E+4	0.000000E+0	0.000000E+0
6.784810E+2	9.940800E-6	1.160330E+4	0.000000E+0	0.000000E+0
6.814800E+2	9.941200E-6	1.160320E+4	0.000000E+0	0.000000E+0
6.844800E+2	9.941400E-6	1.160310E+4	0.000000E+0	0.000000E+0
6.874780E+2	9.942200E-6	1.160280E+4	0.000000E+0	0.000000E+0
6.904860E+2	9.941300E-6	1.160290E+4	0.000000E+0	0.000000E+0
6.934730E+2	9.941100E-6	1.160280E+4	0.000000E+0	0.000000E+0
6.964870E+2	9.941800E-6	1.160270E+4	0.000000E+0	0.000000E+0
6.994810E+2	9.942200E-6	1.160270E+4	0.000000E+0	0.000000E+0
7.024790E+2	9.942400E-6	1.160260E+4	0.000000E+0	0.000000E+0
7.054780E+2	9.941400E-6	1.160250E+4	0.000000E+0	0.000000E+0
7.084810E+2	9.941500E-6	1.160250E+4	0.000000E+0	0.000000E+0
7.114760E+2	9.941200E-6	1.160250E+4	0.000000E+0	0.000000E+0
7.144790E+2	9.941700E-6	1.160230E+4	0.000000E+0	0.000000E+0
7.174780E+2	9.942100E-6	1.160230E+4	0.000000E+0	0.000000E+0
7.204820E+2	9.941900E-6	1.160220E+4	0.000000E+0	0.000000E+0
7.234760E+2	9.941900E-6	1.160220E+4	0.000000E+0	0.000000E+0
7.264820E+2	9.942100E-6	1.160200E+4	0.000000E+0	0.000000E+0
7.294790E+2	9.941800E-6	1.160210E+4	0.000000E+0	0.000000E+0
7.324820E+2	9.942300E-6	1.160220E+4	0.000000E+0	0.000000E+0
7.354810E+2	9.942400E-6	1.160200E+4	0.000000E+0	0.000000E+0
7.384800E+2	9.942300E-6	1.160210E+4	0.000000E+0	0.000000E+0
7.414840E+2	9.942600E-6	1.160200E+4	0.000000E+0	0.000000E+0
7.444800E+2	9.942100E-6	1.160190E+4	0.000000E+0	0.000000E+0
7.474790E+2	9.942100E-6	1.160190E+4	0.000000E+0	0.000000E+0
7.504800E+2	9.942200E-6	1.160180E+4	0.000000E+0	0.000000E+0
7.534820E+2	9.942700E-6	1.160170E+4	0.000000E+0	0.000000E+0
7.564820E+2	9.942600E-6	1.160170E+4	0.000000E+0	0.000000E+0
7.594850E+2	9.942900E-6	1.160150E+4	0.000000E+0	0.000000E+0
7.624820E+2	9.942400E-6	1.160140E+4	0.000000E+0	0.000000E+0
7.654830E+2	9.942300E-6	1.160140E+4	0.000000E+0	0.000000E+0
7.684830E+2	9.942400E-6	1.160130E+4	0.000000E+0	0.000000E+0
7.714860E+2	9.942700E-6	1.160140E+4	0.000000E+0	0.000000E+0
7.744830E+2	9.942800E-6	1.160140E+4	0.000000E+0	0.000000E+0
7.774830E+2	9.942700E-6	1.160130E+4	0.000000E+0	0.000000E+0
7.804840E+2	9.942400E-6	1.160130E+4	0.000000E+0	0.000000E+0
7.834840E+2	9.942700E-6	1.160120E+4	0.000000E+0	0.000000E+0
7.864830E+2	9.942700E-6	1.160130E+4	0.000000E+0	0.000000E+0
7.894830E+2	9.942400E-6	1.160130E+4	0.000000E+0	0.000000E+0
7.924790E+2	9.942500E-6	1.160130E+4	0.000000E+0	0.000000E+0
7.954830E+2	9.942300E-6	1.160130E+4	0.000000E+0	0.000000E+0
7.984840E+2	9.942700E-6	1.160120E+4	0.000000E+0	0.000000E+0
8.014780E+2	9.942900E-6	1.160120E+4	0.000000E+0	0.000000E+0
8.044840E+2	9.942900E-6	1.160120E+4	0.000000E+0	0.000000E+0
8.074760E+2	9.943100E-6	1.160110E+4	0.000000E+0	0.000000E+0
8.104860E+2	9.943700E-6	1.160110E+4	0.000000E+0	0.000000E+0
8.134790E+2	9.942900E-6	1.160110E+4	0.000000E+0	0.000000E+0
8.164820E+2	9.943000E-6	1.160110E+4	0.000000E+0	0.000000E+0
8.194810E+2	9.943000E-6	1.160110E+4	0.000000E+0	0.000000E+0
8.224840E+2	9.943000E-6	1.160110E+4	0.000000E+0	0.000000E+0
8.254820E+2	9.942300E-6	1.160120E+4	0.000000E+0	0.000000E+0
8.284820E+2	9.942700E-6	1.160110E+4	0.000000E+0	0.000000E+0
8.314800E+2	9.942500E-6	1.160110E+4	0.000000E+0	0.000000E+0
8.344800E+2	9.942500E-6	1.160100E+4	0.000000E+0	0.000000E+0
8.374800E+2	9.942000E-6	1.160090E+4	0.000000E+0	0.000000E+0
8.404800E+2	9.942400E-6	1.160090E+4	0.000000E+0	0.000000E+0
8.434820E+2	9.942800E-6	1.160080E+4	0.000000E+0	0.000000E+0
8.464820E+2	9.942800E-6	1.160060E+4	0.000000E+0	0.000000E+0
8.494800E+2	9.943100E-6	1.160060E+4	0.000000E+0	0.000000E+0
8.524800E+2	9.943000E-6	1.160050E+4	0.000000E+0	0.000000E+0
8.554800E+2	9.942700E-6	1.160040E+4	0.000000E+0	0.000000E+0
8.584800E+2	9.942800E-6	1.160020E+4	0.000000E+0	0.000000E+0
8.614820E+2	9.942700E-6	1.160020E+4	0.000000E+0	0.000000E+0
8.644810E+2	9.942800E-6	1.160010E+4	0.000000E+0	0.000000E+0
8.674800E+2	9.942400E-6	1.160000E+4	0.000000E+0	0.000000E+0
8.704830E+2	9.943200E-6	1.159990E+4	0.000000E+0	0.000000E+0
8.734810E+2	9.943100E-6	1.159990E+4	0.000000E+0	0.000000E+0
8.764810E+2	9.943400E-6	1.159980E+4	0.000000E+0	0.000000E+0
8.794810E+2	9.943200E-6	1.159980E+4	0.000000E+0	0.000000E+0
8.824810E+2	9.943300E-6	1.159970E+4	0.000000E+0	0.000000E+0
8.854810E+2	9.943200E-6	1.159960E+4	0.000000E+0	0.000000E+0
8.884810E+2	9.943200E-6	1.159940E+4	0.000000E+0	0.000000E+0
8.914830E+2	9.943800E-6	1.159930E+4	0.000000E+0	0.000000E+0
8.944810E+2	9.943100E-6	1.159920E+4	0.000000E+0	0.000000E+0
8.974810E+2	9.942500E-6	1.159910E+4	0.000000E+0	0.000000E+0
9.004790E+2	9.943000E-6	1.159920E+4	0.000000E+0	0.000000E+0
9.034830E+2	9.943100E-6	1.159910E+4	0.000000E+0	0.000000E+0
9.064820E+2	9.943400E-6	1.159920E+4	0.000000E+0	0.000000E+0
9.094820E+2	9.942900E-6	1.159920E+4	0.000000E+0	0.000000E+0
9.124810E+2	9.942800E-6	1.159910E+4	0.000000E+0	0.000000E+0
9.154810E+2	9.942700E-6	1.159910E+4	0.000000E+0	0.000000E+0
9.184800E+2	9.942700E-6	1.159900E+4	0.000000E+0	0.000000E+0
9.214820E+2	9.942900E-6	1.159890E+4	0.000000E+0	0.000000E+0
9.244840E+2	9.943500E-6	1.159880E+4	0.000000E+0	0.000000E+0
9.274840E+2	9.943000E-6	1.159880E+4	0.000000E+0	0.000000E+0
9.304850E+2	9.942900E-6	1.159880E+4	0.000000E+0	0.000000E+0
9.334830E+2	9.943300E-6	1.159880E+4	0.000000E+0	0.000000E+0
9.364830E+2	9.942900E-6	1.159880E+4	0.000000E+0	0.000000E+0
9.394830E+2	9.943400E-6	1.159870E+4	0.000000E+0	0.000000E+0
9.424820E+2	9.943200E-6	1.159860E+4	0.000000E+0	0.000000E+0
9.454800E+2	9.943500E-6	1.159860E+4	0.000000E+0	0.000000E+0
9.484820E+2	9.943200E-6	1.159860E+4	0.000000E+0	0.000000E+0
9.514820E+2	9.944000E-6	1.159850E+4	0.000000E+0	0.000000E+0
9.544810E+2	9.943600E-6	1.159840E+4	0.000000E+0	0.000000E+0
9.574850E+2	9.944200E-6	1.159830E+4	0.000000E+0	0.000000E+0
9.604850E+2	9.943700E-6	1.159820E+4	0.000000E+0	0.000000E+0
9.634830E+2	9.943200E-6	1.159810E+4	0.000000E+0	0.000000E+0
9.664800E+2	9.943600E-6	1.159810E+4	0.000000E+0	0.000000E+0
9.694840E+2	9.943300E-6	1.159800E+4	0.000000E+0	0.000000E+0
9.724840E+2	9.943600E-6	1.159790E+4	0.000000E+0	0.000000E+0
9.754830E+2	9.943600E-6	1.159770E+4	0.000000E+0	0.000000E+0
9.784840E+2	9.943100E-6	1.159770E+4	0.000000E+0	0.000000E+0
9.814830E+2	9.943600E-6	1.159760E+4	0.000000E+0	0.000000E+0
9.844840E+2	9.943500E-6	1.159750E+4	0.000000E+0	0.000000E+0
9.874840E+2	9.943400E-6	1.159740E+4	0.000000E+0	0.000000E+0
9.904820E+2	9.943500E-6	1.159720E+4	0.000000E+0	0.000000E+0
9.934810E+2	9.943400E-6	1.159720E+4	0.000000E+0	0.000000E+0
9.964810E+2	9.943500E-6	1.159720E+4	0.000000E+0	0.000000E+0
9.994840E+2	9.943700E-6	1.159710E+4	0.000000E+0	0.000000E+0
1.002482E+3	9.944200E-6	1.159700E+4	0.000000E+0	0.000000E+0
1.005481E+3	9.944000E-6	1.159700E+4	0.000000E+0	0.000000E+0
1.008484E+3	9.943400E-6	1.159690E+4	0.000000E+0	0.000000E+0
1.011481E+3	9.943500E-6	1.159690E+4	0.000000E+0	0.000000E+0
1.014482E+3	9.944000E-6	1.159700E+4	0.000000E+0	0.000000E+0
1.017484E+3	9.943700E-6	1.159690E+4	0.000000E+0	0.000000E+0
1.020483E+3	9.943900E-6	1.159690E+4	0.000000E+0	0.000000E+0
1.023477E+3	9.944000E-6	1.159680E+4	0.000000E+0	0.000000E+0
1.026482E+3	9.944400E-6	1.159690E+4	0.000000E+0	0.000000E+0
1.029483E+3	9.944200E-6	1.159690E+4	0.000000E+0	0.000000E+0
1.032477E+3	9.944100E-6	1.159690E+4	0.000000E+0	0.000000E+0
1.035480E+3	9.944600E-6	1.159690E+4	0.000000E+0	0.000000E+0
1.038482E+3	9.944300E-6	1.159680E+4	0.000000E+0	0.000000E+0
1.041482E+3	9.944300E-6	1.159680E+4	0.000000E+0	0.000000E+0
1.044478E+3	9.944200E-6	1.159670E+4	0.000000E+0	0.000000E+0
1.047483E+3	9.944400E-6	1.159670E+4	0.000000E+0	0.000000E+0
1.050485E+3	9.944300E-6	1.159660E+4	0.000000E+0	0.000000E+0
1.053478E+3	9.944200E-6	1.159640E+4	0.000000E+0	0.000000E+0
1.056480E+3	9.944500E-6	1.159640E+4	0.000000E+0	0.000000E+0
1.059483E+3	9.944100E-6	1.159640E+4	0.000000E+0	0.000000E+0
1.062483E+3	9.944200E-6	1.159620E+4	0.000000E+0	0.000000E+0
1.065480E+3	9.944100E-6	1.159610E+4	0.000000E+0	0.000000E+0
1.068484E+3	9.944300E-6	1.159600E+4	0.000000E+0	0.000000E+0
1.071484E+3	9.944600E-6	1.159600E+4	0.000000E+0	0.000000E+0
1.074479E+3	9.944200E-6	1.159580E+4	0.000000E+0	0.000000E+0
1.077479E+3	9.944300E-6	1.159580E+4	0.000000E+0	0.000000E+0
1.080484E+3	9.944700E-6	1.159570E+4	0.000000E+0	0.000000E+0
1.083486E+3	9.944500E-6	1.159560E+4	0.000000E+0	0.000000E+0
1.086479E+3	9.944600E-6	1.159550E+4	0.000000E+0	0.000000E+0
1.089484E+3	9.944700E-6	1.159550E+4	0.000000E+0	0.000000E+0
1.092484E+3	9.944900E-6	1.159540E+4	0.000000E+0	0.000000E+0
1.095484E+3	9.944500E-6	1.159530E+4	0.000000E+0	0.000000E+0
1.098479E+3	9.944600E-6	1.159520E+4	0.000000E+0	0.000000E+0
1.101487E+3	9.945100E-6	1.159520E+4	0.000000E+0	0.000000E+0
1.104485E+3	9.945000E-6	1.159510E+4	0.000000E+0	0.000000E+0
1.107477E+3	9.944600E-6	1.159520E+4	0.000000E+0	0.000000E+0
1.110488E+3	9.944800E-6	1.159510E+4	0.000000E+0	0.000000E+0
1.113482E+3	9.944700E-6	1.159510E+4	0.000000E+0	0.000000E+0
1.116480E+3	9.945300E-6	1.159500E+4	0.000000E+0	0.000000E+0
1.119487E+3	9.945300E-6	1.159500E+4	0.000000E+0	0.000000E+0
1.122480E+3	9.945000E-6	1.159500E+4	0.000000E+0	0.000000E+0
1.125485E+3	9.945300E-6	1.159490E+4	0.000000E+0	0.000000E+0
1.128483E+3	9.944600E-6	1.159490E+4	0.000000E+0	0.000000E+0
1.131485E+3	9.945300E-6	1.159480E+4	0.000000E+0	0.000000E+0
1.134483E+3	9.945100E-6	1.159470E+4	0.000000E+0	0.000000E+0
1.137482E+3	9.945200E-6	1.159470E+4	0.000000E+0	0.000000E+0
1.140480E+3	9.945400E-6	1.159450E+4	0.000000E+0	0.000000E+0
1.143483E+3	9.945200E-6	1.159450E+4	0.000000E+0	0.000000E+0
1.146481E+3	9.944800E-6	1.159430E+4	0.000000E+0	0.000000E+0
1.149481E+3	9.945100E-6	1.159430E+4	0.000000E+0	0.000000E+0
1.152481E+3	9.944900E-6	1.159420E+4	0.000000E+0	0.000000E+0
1.155481E+3	9.945800E-6	1.159410E+4	0.000000E+0	0.000000E+0
1.158484E+3	9.945000E-6	1.159410E+4	0.000000E+0	0.000000E+0
1.161479E+3	9.945200E-6	1.159400E+4	0.000000E+0	0.000000E+0
1.164479E+3	9.945200E-6	1.159400E+4	0.000000E+0	0.000000E+0
1.167483E+3	9.945300E-6	1.159410E+4	0.000000E+0	0.000000E+0
1.170482E+3	9.944800E-6	1.159400E+4	0.000000E+0	0.000000E+0
1.173479E+3	9.945100E-6	1.159400E+4	0.000000E+0	0.000000E+0
1.176486E+3	9.945300E-6	1.159390E+4	0.000000E+0	0.000000E+0
1.179478E+3	9.945500E-6	1.159390E+4	0.000000E+0	0.000000E+0
1.182484E+3	9.945700E-6	1.159380E+4	0.000000E+0	0.000000E+0
1.185479E+3	9.945100E-6	1.159370E+4	0.000000E+0	0.000000E+0
1.188484E+3	9.945000E-6	1.159360E+4	0.000000E+0	0.000000E+0
1.191481E+3	9.945600E-6	1.159360E+4	0.000000E+0	0.000000E+0
1.194480E+3	9.945300E-6	1.159350E+4	0.000000E+0	0.000000E+0
1.197480E+3	9.945000E-6	1.159350E+4	0.000000E+0	0.000000E+0
1.200482E+3	9.945400E-6	1.159340E+4	0.000000E+0	0.000000E+0
1.203485E+3	9.944900E-6	1.159340E+4	0.000000E+0	0.000000E+0
1.206485E+3	9.945000E-6	1.159320E+4	0.000000E+0	0.000000E+0
1.209483E+3	9.945200E-6	1.159320E+4	0.000000E+0	0.000000E+0
1.212483E+3	9.944900E-6	1.159300E+4	0.000000E+0	0.000000E+0
1.215479E+3	9.945400E-6	1.159300E+4	0.000000E+0	0.000000E+0
1.218482E+3	9.945400E-6	1.159280E+4	0.000000E+0	0.000000E+0
1.221480E+3	9.945400E-6	1.159270E+4	0.000000E+0	0.000000E+0
1.224477E+3	9.945400E-6	1.159270E+4	0.000000E+0	0.000000E+0
1.227480E+3	9.945200E-6	1.159260E+4	0.000000E+0	0.000000E+0
1.230478E+3	9.945300E-6	1.159260E+4	0.000000E+0	0.000000E+0
1.233486E+3	9.945400E-6	1.159260E+4	0.000000E+0	0.000000E+0
1.236481E+3	9.945400E-6	1.159250E+4	0.000000E+0	0.000000E+0
1.239478E+3	9.945900E-6	1.159240E+4	0.000000E+0	0.000000E+0
1.242483E+3	9.945500E-6	1.159210E+4	0.000000E+0	0.000000E+0
1.245480E+3	9.945600E-6	1.159200E+4	0.000000E+0	0.000000E+0
1.248476E+3	9.945600E-6	1.159200E+4	0.000000E+0	0.000000E+0
1.251479E+3	9.945800E-6	1.159190E+4	0.000000E+0	0.000000E+0
1.254478E+3	9.945600E-6	1.159180E+4	0.000000E+0	0.000000E+0
1.257476E+3	9.946100E-6	1.159180E+4	0.000000E+0	0.000000E+0
1.260476E+3	9.945800E-6	1.159170E+4	0.000000E+0	0.000000E+0
1.263482E+3	9.946000E-6	1.159160E+4	0.000000E+0	0.000000E+0
1.266479E+3	9.945700E-6	1.159160E+4	0.000000E+0	0.000000E+0
1.269481E+3	9.946500E-6	1.159150E+4	0.000000E+0	0.000000E+0
1.272481E+3	9.946000E-6	1.159150E+4	0.000000E+0	0.000000E+0
1.275481E+3	9.946200E-6	1.159150E+4	0.000000E+0	0.000000E+0
1.278481E+3	9.946100E-6	1.159160E+4	0.000000E+0	0.000000E+0
1.281476E+3	9.946000E-6	1.159170E+4	0.000000E+0	0.000000E+0
1.284480E+3	9.945900E-6	1.159170E+4	0.000000E+0	0.000000E+0
1.287477E+3	9.945900E-6	1.159170E+4	0.000000E+0	0.000000E+0
1.290482E+3	9.945600E-6	1.159160E+4	0.000000E+0	0.000000E+0
1.293479E+3	9.946200E-6	1.159150E+4	0.000000E+0	0.000000E+0
1.296480E+3	9.946300E-6	1.159150E+4	0.000000E+0	0.000000E+0
1.299480E+3	9.946200E-6	1.159130E+4	0.000000E+0	0.000000E+0
1.302480E+3	9.946600E-6	1.159140E+4	0.000000E+0	0.000000E+0
1.305480E+3	9.946700E-6	1.159120E+4	0.000000E+0	0.000000E+0
1.308480E+3	9.945900E-6	1.159130E+4	0.000000E+0	0.000000E+0
1.311482E+3	9.946200E-6	1.159130E+4	0.000000E+0	0.000000E+0
1.314477E+3	9.946100E-6	1.159130E+4	0.000000E+0	0.000000E+0
1.317482E+3	9.946100E-6	1.159120E+4	0.000000E+0	0.000000E+0
1.320475E+3	9.946400E-6	1.159110E+4	0.000000E+0	0.000000E+0
1.323477E+3	9.946200E-6	1.159100E+4	0.000000E+0	0.000000E+0
1.326481E+3	9.945600E-6	1.159100E+4	0.000000E+0	0.000000E+0
1.329478E+3	9.946300E-6	1.159070E+4	0.000000E+0	0.000000E+0
1.332480E+3	9.945700E-6	1.159070E+4	0.000000E+0	0.000000E+0
1.335481E+3	9.946200E-6	1.159060E+4	0.000000E+0	0.000000E+0
1.338481E+3	9.946000E-6	1.159050E+4	0.000000E+0	0.000000E+0
1.341479E+3	9.945700E-6	1.159040E+4	0.000000E+0	0.000000E+0
1.344478E+3	9.945900E-6	1.159030E+4	0.000000E+0	0.000000E+0
1.347485E+3	9.945700E-6	1.159020E+4	0.000000E+0	0.000000E+0
1.350489E+3	9.946300E-6	1.159020E+4	0.000000E+0	0.000000E+0
1.353478E+3	9.946200E-6	1.159000E+4	0.000000E+0	0.000000E+0
1.356479E+3	9.946100E-6	1.159000E+4	0.000000E+0	0.000000E+0
1.359482E+3	9.945900E-6	1.158980E+4	0.000000E+0	0.000000E+0
1.362479E+3	9.945800E-6	1.158970E+4	0.000000E+0	0.000000E+0
1.365481E+3	9.945900E-6	1.158970E+4	0.000000E+0	0.000000E+0
1.368477E+3	9.946400E-6	1.158970E+4	0.000000E+0	0.000000E+0
1.371487E+3	9.946100E-6	1.158960E+4	0.000000E+0	0.000000E+0
1.374477E+3	9.946500E-6	1.158960E+4	0.000000E+0	0.000000E+0
1.377479E+3	9.946300E-6	1.158950E+4	0.000000E+0	0.000000E+0
1.380479E+3	9.946200E-6	1.158950E+4	0.000000E+0	0.000000E+0
1.383483E+3	9.946500E-6	1.158950E+4	0.000000E+0	0.000000E+0
1.386487E+3	9.946100E-6	1.158940E+4	0.000000E+0	0.000000E+0
1.389477E+3	9.946500E-6	1.158940E+4	0.000000E+0	0.000000E+0
1.392487E+3	9.945700E-6	1.158940E+4	0.000000E+0	0.000000E+0
1.395483E+3	9.946000E-6	1.158930E+4	0.000000E+0	0.000000E+0
1.398477E+3	9.946200E-6	1.158930E+4	0.000000E+0	0.000000E+0
1.401487E+3	9.946200E-6	1.158920E+4	0.000000E+0	0.000000E+0
1.404485E+3	9.946700E-6	1.158910E+4	0.000000E+0	0.000000E+0
1.407485E+3	9.946700E-6	1.158910E+4	0.000000E+0	0.000000E+0
1.410485E+3	9.946100E-6	1.158900E+4	0.000000E+0	0.000000E+0
1.413485E+3	9.946300E-6	1.158900E+4	0.000000E+0	0.000000E+0
1.416485E+3	9.946900E-6	1.158890E+4	0.000000E+0	0.000000E+0
1.419481E+3	9.946600E-6	1.158870E+4	0.000000E+0	0.000000E+0
1.422485E+3	9.946900E-6	1.158880E+4	0.000000E+0	0.000000E+0
1.425487E+3	9.946800E-6	1.158860E+4	0.000000E+0	0.000000E+0
1.428484E+3	9.947100E-6	1.158850E+4	0.000000E+0	0.000000E+0
1.431484E+3	9.946400E-6	1.158850E+4	0.000000E+0	0.000000E+0
1.434484E+3	9.946500E-6	1.158850E+4	0.000000E+0	0.000000E+0
1.437483E+3	9.946400E-6	1.158850E+4	0.000000E+0	0.000000E+0
1.440476E+3	9.946400E-6	1.158840E+4	0.000000E+0	0.000000E+0
1.443471E+3	9.946200E-6	1.158820E+4	0.000000E+0	0.000000E+0
1.446505E+3	9.946800E-6	1.158820E+4	0.000000E+0	0.000000E+0
1.449466E+3	9.946700E-6	1.158800E+4	0.000000E+0	0.000000E+0
1.452473E+3	9.947100E-6	1.158800E+4	0.000000E+0	0.000000E+0
1.455474E+3	9.946800E-6	1.158790E+4	0.000000E+0	0.000000E+0
1.458477E+3	9.946900E-6	1.158780E+4	0.000000E+0	0.000000E+0
1.461478E+3	9.947000E-6	1.158780E+4	0.000000E+0	0.000000E+0
1.464477E+3	9.946500E-6	1.158780E+4	0.000000E+0	0.000000E+0
1.467479E+3	9.946900E-6	1.158770E+4	0.000000E+0	0.000000E+0
1.470477E+3	9.947100E-6	1.158770E+4	0.000000E+0	0.000000E+0
1.473480E+3	9.947000E-6	1.158760E+4	0.000000E+0	0.000000E+0
1.476479E+3	9.946600E-6	1.158750E+4	0.000000E+0	0.000000E+0
1.479474E+3	9.947100E-6	1.158740E+4	0.000000E+0	0.000000E+0
1.482472E+3	9.946800E-6	1.158740E+4	0.000000E+0	0.000000E+0
1.485475E+3	9.947100E-6	1.158740E+4	0.000000E+0	0.000000E+0
1.488472E+3	9.947200E-6	1.158740E+4	0.000000E+0	0.000000E+0
1.491475E+3	9.946900E-6	1.158730E+4	0.000000E+0	0.000000E+0
1.494477E+3	9.946800E-6	1.158730E+4	0.000000E+0	0.000000E+0
1.497478E+3	9.947000E-6	1.158720E+4	0.000000E+0	0.000000E+0
1.500478E+3	9.947100E-6	1.158720E+4	0.000000E+0	0.000000E+0
1.503477E+3	9.946700E-6	1.158710E+4	0.000000E+0	0.000000E+0
1.506475E+3	9.947400E-6	1.158690E+4	0.000000E+0	0.000000E+0
1.509477E+3	9.946800E-6	1.158710E+4	0.000000E+0	0.000000E+0
1.512475E+3	9.946500E-6	1.158710E+4	0.000000E+0	0.000000E+0
1.515469E+3	9.947000E-6	1.158700E+4	0.000000E+0	0.000000E+0
1.518470E+3	9.946500E-6	1.158690E+4	0.000000E+0	0.000000E+0
1.521467E+3	9.947400E-6	1.158690E+4	0.000000E+0	0.000000E+0
1.524465E+3	9.946800E-6	1.158680E+4	0.000000E+0	0.000000E+0
1.527465E+3	9.947000E-6	1.158670E+4	0.000000E+0	0.000000E+0
1.530468E+3	9.947600E-6	1.158670E+4	0.000000E+0	0.000000E+0
1.533468E+3	9.947500E-6	1.158660E+4	0.000000E+0	0.000000E+0
1.536468E+3	9.947200E-6	1.158650E+4	0.000000E+0	0.000000E+0
1.539466E+3	9.947500E-6	1.158640E+4	0.000000E+0	0.000000E+0
1.542468E+3	9.947700E-6	1.158630E+4	0.000000E+0	0.000000E+0
1.545466E+3	9.947900E-6	1.158620E+4	0.000000E+0	0.000000E+0
1.548466E+3	9.947500E-6	1.158620E+4	0.000000E+0	0.000000E+0
1.551466E+3	9.947200E-6	1.158620E+4	0.000000E+0	0.000000E+0
1.554469E+3	9.947400E-6	1.158600E+4	0.000000E+0	0.000000E+0
1.557474E+3	9.947400E-6	1.158600E+4	0.000000E+0	0.000000E+0
1.560479E+3	9.946900E-6	1.158600E+4	0.000000E+0	0.000000E+0
1.563482E+3	9.947200E-6	1.158610E+4	0.000000E+0	0.000000E+0
1.566485E+3	9.947400E-6	1.158590E+4	0.000000E+0	0.000000E+0
1.569480E+3	9.947100E-6	1.158590E+4	0.000000E+0	0.000000E+0
1.572484E+3	9.947600E-6	1.158590E+4	0.000000E+0	0.000000E+0
1.575486E+3	9.947800E-6	1.158580E+4	0.000000E+0	0.000000E+0
1.578486E+3	9.947900E-6	1.158580E+4	0.000000E+0	0.000000E+0
1.581474E+3	9.947500E-6	1.158580E+4	0.000000E+0	0.000000E+0
1.584477E+3	9.947700E-6	1.158580E+4	0.000000E+0	0.000000E+0
1.587472E+3	9.947700E-6	1.158570E+4	0.000000E+0	0.000000E+0
1.590469E+3	9.947700E-6	1.158570E+4	0.000000E+0	0.000000E+0
1.593467E+3	9.947300E-6	1.158560E+4	0.000000E+0	0.000000E+0
1.596465E+3	9.947800E-6	1.158550E+4	0.000000E+0	0.000000E+0
1.599464E+3	9.947400E-6	1.158550E+4	0.000000E+0	0.000000E+0
1.602467E+3	9.947800E-6	1.158530E+4	0.000000E+0	0.000000E+0
1.605464E+3	9.947200E-6	1.158540E+4	0.000000E+0	0.000000E+0
1.608468E+3	9.947500E-6	1.158530E+4	0.000000E+0	0.000000E+0
1.611465E+3	9.947800E-6	1.158520E+4	0.000000E+0	0.000000E+0
1.614465E+3	9.947400E-6	1.158520E+4	0.000000E+0	0.000000E+0
1.617473E+3	9.948100E-6	1.158490E+4	0.000000E+0	0.000000E+0
1.620475E+3	9.948000E-6	1.158480E+4	0.000000E+0	0.000000E+0
1.623476E+3	9.948000E-6	1.158470E+4	0.000000E+0	0.000000E+0
1.626479E+3	9.947400E-6	1.158470E+4	0.000000E+0	0.000000E+0
1.629479E+3	9.947100E-6	1.158460E+4	0.000000E+0	0.000000E+0
1.632478E+3	9.947200E-6	1.158460E+4	0.000000E+0	0.000000E+0
1.635482E+3	9.947800E-6	1.158450E+4	0.000000E+0	0.000000E+0
1.638479E+3	9.948300E-6	1.158450E+4	0.000000E+0	0.000000E+0
1.641492E+3	9.947000E-6	1.158440E+4	0.000000E+0	0.000000E+0
1.644482E+3	9.947700E-6	1.158430E+4	0.000000E+0	0.000000E+0
1.647484E+3	9.947800E-6	1.158430E+4	0.000000E+0	0.000000E+0
1.650482E+3	9.948100E-6	1.158430E+4	0.000000E+0	0.000000E+0
1.653484E+3	9.947500E-6	1.158420E+4	0.000000E+0	0.000000E+0
1.656482E+3	9.947500E-6	1.158410E+4	0.000000E+0	0.000000E+0
1.659484E+3	9.948000E-6	1.158400E+4	0.000000E+0	0.000000E+0
1.662482E+3	9.947500E-6	1.158400E+4	0.000000E+0	0.000000E+0
1.665477E+3	9.947600E-6	1.158400E+4	0.000000E+0	0.000000E+0
1.668480E+3	9.947500E-6	1.158410E+4	0.000000E+0	0.000000E+0
1.671480E+3	9.947900E-6	1.158410E+4	0.000000E+0	0.000000E+0
1.674483E+3	9.948100E-6	1.158410E+4	0.000000E+0	0.000000E+0
1.677484E+3	9.947700E-6	1.158400E+4	0.000000E+0	0.000000E+0
1.680482E+3	9.947400E-6	1.158400E+4	0.000000E+0	0.000000E+0
1.683484E+3	9.947400E-6	1.158380E+4	0.000000E+0	0.000000E+0
1.686482E+3	9.947600E-6	1.158370E+4	0.000000E+0	0.000000E+0
1.689483E+3	9.947900E-6	1.158360E+4	0.000000E+0	0.000000E+0
1.692483E+3	9.947900E-6	1.158360E+4	0.000000E+0	0.000000E+0
1.695487E+3	9.948200E-6	1.158340E+4	0.000000E+0	0.000000E+0
1.698481E+3	9.947300E-6	1.158340E+4	0.000000E+0	0.000000E+0
1.701479E+3	9.947700E-6	1.158330E+4	0.000000E+0	0.000000E+0
1.704483E+3	9.948400E-6	1.158330E+4	0.000000E+0	0.000000E+0
1.707487E+3	9.948000E-6	1.158320E+4	0.000000E+0	0.000000E+0
1.710486E+3	9.948100E-6	1.158310E+4	0.000000E+0	0.000000E+0
1.713481E+3	9.947900E-6	1.158310E+4	0.000000E+0	0.000000E+0
1.716484E+3	9.947900E-6	1.158310E+4	0.000000E+0	0.000000E+0
1.719481E+3	9.947800E-6	1.158310E+4	0.000000E+0	0.000000E+0
1.722483E+3	9.948100E-6	1.158290E+4	0.000000E+0	0.000000E+0
1.725484E+3	9.948100E-6	1.158290E+4	0.000000E+0	0.000000E+0
1.728482E+3	9.947800E-6	1.158290E+4	0.000000E+0	0.000000E+0
1.731479E+3	9.947900E-6	1.158290E+4	0.000000E+0	0.000000E+0
1.734482E+3	9.948100E-6	1.158280E+4	0.000000E+0	0.000000E+0
1.737479E+3	9.948100E-6	1.158280E+4	0.000000E+0	0.000000E+0
1.740484E+3	9.948100E-6	1.158280E+4	0.000000E+0	0.000000E+0
1.743474E+3	9.948000E-6	1.158260E+4	0.000000E+0	0.000000E+0
1.746482E+3	9.948400E-6	1.158260E+4	0.000000E+0	0.000000E+0
1.749484E+3	9.948300E-6	1.158250E+4	0.000000E+0	0.000000E+0
1.752482E+3	9.948200E-6	1.158250E+4	0.000000E+0	0.000000E+0
1.755480E+3	9.948000E-6	1.158250E+4	0.000000E+0	0.000000E+0
1.758484E+3	9.947900E-6	1.158260E+4	0.000000E+0	0.000000E+0
1.761480E+3	9.948200E-6	1.158250E+4	0.000000E+0	0.000000E+0
1.764483E+3	9.948200E-6	1.158260E+4	0.000000E+0	0.000000E+0
1.767483E+3	9.948100E-6	1.158240E+4	0.000000E+0	0.000000E+0
1.770483E+3	9.948500E-6	1.158230E+4	0.000000E+0	0.000000E+0
1.773485E+3	9.948100E-6	1.158230E+4	0.000000E+0	0.000000E+0
1.776478E+3	9.948000E-6	1.158210E+4	0.000000E+0	0.000000E+0
1.779483E+3	9.947700E-6	1.158200E+4	0.000000E+0	0.000000E+0
1.782483E+3	9.948100E-6	1.158190E+4	0.000000E+0	0.000000E+0
1.785485E+3	9.947600E-6	1.158190E+4	0.000000E+0	0.000000E+0
1.788483E+3	9.947900E-6	1.158180E+4	0.000000E+0	0.000000E+0
1.791485E+3	9.948200E-6	1.158170E+4	0.000000E+0	0.000000E+0
1.794483E+3	9.948100E-6	1.158170E+4	0.000000E+0	0.000000E+0
1.797485E+3	9.948000E-6	1.158160E+4	0.000000E+0	0.000000E+0
1.800483E+3	9.947600E-6	1.158160E+4	0.000000E+0	0.000000E+0
1.803485E+3	9.947900E-6	1.158150E+4	0.000000E+0	0.000000E+0
1.806484E+3	9.948200E-6	1.158150E+4	0.000000E+0	0.000000E+0
1.809483E+3	9.948200E-6	1.158140E+4	0.000000E+0	0.000000E+0
1.812483E+3	9.947700E-6	1.158140E+4	0.000000E+0	0.000000E+0
1.815483E+3	9.947800E-6	1.158130E+4	0.000000E+0	0.000000E+0
1.818483E+3	9.947900E-6	1.158130E+4	0.000000E+0	0.000000E+0
1.821482E+3	9.947900E-6	1.158130E+4	0.000000E+0	0.000000E+0
1.824482E+3	9.948200E-6	1.158120E+4	0.000000E+0	0.000000E+0
1.827473E+3	9.948300E-6	1.158110E+4	0.000000E+0	0.000000E+0
1.830473E+3	9.948000E-6	1.158120E+4	0.000000E+0	0.000000E+0
1.833480E+3	9.948300E-6	1.158100E+4	0.000000E+0	0.000000E+0
1.836484E+3	9.948100E-6	1.158090E+4	0.000000E+0	0.000000E+0
1.839484E+3	9.948000E-6	1.158090E+4	0.000000E+0	0.000000E+0
1.842484E+3	9.948200E-6	1.158090E+4	0.000000E+0	0.000000E+0
1.845476E+3	9.948000E-6	1.158080E+4	0.000000E+0	0.000000E+0
1.848484E+3	9.948100E-6	1.158070E+4	0.000000E+0	0.000000E+0
1.851474E+3	9.948100E-6	1.158060E+4	0.000000E+0	0.000000E+0
1.854485E+3	9.948300E-6	1.158050E+4	0.000000E+0	0.000000E+0
1.857487E+3	9.948100E-6	1.158040E+4	0.000000E+0	0.000000E+0
1.860485E+3	9.948100E-6	1.158040E+4	0.000000E+0	0.000000E+0
1.863485E+3	9.948200E-6	1.158030E+4	0.000000E+0	0.000000E+0
1.866478E+3	9.947800E-6	1.158010E+4	0.000000E+0	0.000000E+0
1.869480E+3	9.948300E-6	1.158000E+4	0.000000E+0	0.000000E+0
1.872480E+3	9.948200E-6	1.157990E+4	0.000000E+0	0.000000E+0
1.875477E+3	9.948100E-6	1.157980E+4	0.000000E+0	0.000000E+0
1.878472E+3	9.947600E-6	1.157960E+4	0.000000E+0	0.000000E+0
1.881473E+3	9.947700E-6	1.157960E+4	0.000000E+0	0.000000E+0
1.884473E+3	9.948600E-6	1.157940E+4	0.000000E+0	0.000000E+0
1.887473E+3	9.948100E-6	1.157950E+4	0.000000E+0	0.000000E+0
1.890468E+3	9.948300E-6	1.157940E+4	0.000000E+0	0.000000E+0
1.893467E+3	9.948200E-6	1.157930E+4	0.000000E+0	0.000000E+0
1.896471E+3	9.948300E-6	1.157930E+4	0.000000E+0	0.000000E+0
1.899468E+3	9.948200E-6	1.157920E+4	0.000000E+0	0.000000E+0
1.902467E+3	9.948600E-6	1.157920E+4	0.000000E+0	0.000000E+0
1.905470E+3	9.948400E-6	1.157920E+4	0.000000E+0	0.000000E+0
1.908470E+3	9.948000E-6	1.157910E+4	0.000000E+0	0.000000E+0
1.911468E+3	9.947800E-6	1.157910E+4	0.000000E+0	0.000000E+0
1.914481E+3	9.947900E-6	1.157910E+4	0.000000E+0	0.000000E+0
1.917485E+3	9.948200E-6	1.157910E+4	0.000000E+0	0.000000E+0
1.920482E+3	9.948300E-6	1.157900E+4	0.000000E+0	0.000000E+0
1.923484E+3	9.948400E-6	1.157900E+4	0.000000E+0	0.000000E+0
1.926485E+3	9.948200E-6	1.157900E+4	0.000000E+0	0.000000E+0
1.929478E+3	9.948700E-6	1.157900E+4	0.000000E+0	0.000000E+0
1.932482E+3	9.948800E-6	1.157900E+4	0.000000E+0	0.000000E+0
1.935478E+3	9.948300E-6	1.157900E+4	0.000000E+0	0.000000E+0
1.938480E+3	9.948100E-6	1.157900E+4	0.000000E+0	0.000000E+0
1.941482E+3	9.948300E-6	1.157900E+4	0.000000E+0	0.000000E+0
1.944484E+3	9.948400E-6	1.157890E+4	0.000000E+0	0.000000E+0
1.947480E+3	9.948100E-6	1.157900E+4	0.000000E+0	0.000000E+0
1.950483E+3	9.948400E-6	1.157890E+4	0.000000E+0	0.000000E+0
1.953486E+3	9.948700E-6	1.157890E+4	0.000000E+0	0.000000E+0
1.956483E+3	9.948700E-6	1.157890E+4	0.000000E+0	0.000000E+0
1.959477E+3	9.948200E-6	1.157890E+4	0.000000E+0	0.000000E+0
1.962486E+3	9.948500E-6	1.157880E+4	0.000000E+0	0.000000E+0
1.965479E+3	9.948300E-6	1.157890E+4	0.000000E+0	0.000000E+0
1.968485E+3	9.948500E-6	1.157880E+4	0.000000E+0	0.000000E+0
1.971481E+3	9.948600E-6	1.157870E+4	0.000000E+0	0.000000E+0
1.974485E+3	9.948500E-6	1.157870E+4	0.000000E+0	0.000000E+0
1.977485E+3	9.947800E-6	1.157860E+4	0.000000E+0	0.000000E+0
1.980483E+3	9.948200E-6	1.157870E+4	0.000000E+0	0.000000E+0
1.983485E+3	9.948400E-6	1.157860E+4	0.000000E+0	0.000000E+0
1.986476E+3	9.948200E-6	1.157860E+4	0.000000E+0	0.000000E+0
1.989482E+3	9.948800E-6	1.157850E+4	0.000000E+0	0.000000E+0
1.992475E+3	9.948700E-6	1.157860E+4	0.000000E+0	0.000000E+0
1.995482E+3	9.948800E-6	1.157860E+4	0.000000E+0	0.000000E+0
1.998484E+3	9.948900E-6	1.157860E+4	0.000000E+0	0.000000E+0
2.001475E+3	9.948700E-6	1.157850E+4	0.000000E+0	0.000000E+0
2.004478E+3	9.948500E-6	1.157860E+4	0.000000E+0	0.000000E+0
2.007488E+3	9.948500E-6	1.157850E+4	0.000000E+0	0.000000E+0
2.010473E+3	9.948300E-6	1.157850E+4	0.000000E+0	0.000000E+0
2.013471E+3	9.947800E-6	1.157840E+4	0.000000E+0	0.000000E+0
2.016469E+3	9.948200E-6	1.157840E+4	0.000000E+0	0.000000E+0
2.019469E+3	9.948700E-6	1.157830E+4	0.000000E+0	0.000000E+0
2.022471E+3	9.948900E-6	1.157830E+4	0.000000E+0	0.000000E+0
2.025466E+3	9.948700E-6	1.157820E+4	0.000000E+0	0.000000E+0
2.028464E+3	9.947800E-6	1.157820E+4	0.000000E+0	0.000000E+0
2.031466E+3	9.948300E-6	1.157820E+4	0.000000E+0	0.000000E+0
2.034467E+3	9.948300E-6	1.157810E+4	0.000000E+0	0.000000E+0
2.037464E+3	9.948700E-6	1.157820E+4	0.000000E+0	0.000000E+0
2.040481E+3	9.948400E-6	1.157810E+4	0.000000E+0	0.000000E+0
2.043487E+3	9.948700E-6	1.157810E+4	0.000000E+0	0.000000E+0
2.046486E+3	9.948800E-6	1.157800E+4	0.000000E+0	0.000000E+0
2.049482E+3	9.948900E-6	1.157790E+4	0.000000E+0	0.000000E+0
2.052480E+3	9.948600E-6	1.157780E+4	0.000000E+0	0.000000E+0
2.055484E+3	9.948700E-6	1.157770E+4	0.000000E+0	0.000000E+0
2.058483E+3	9.949100E-6	1.157760E+4	0.000000E+0	0.000000E+0
2.061483E+3	9.949200E-6	1.157760E+4	0.000000E+0	0.000000E+0
2.064482E+3	9.948700E-6	1.157750E+4	0.000000E+0	0.000000E+0
2.067483E+3	9.949000E-6	1.157740E+4	0.000000E+0	0.000000E+0
2.070485E+3	9.948400E-6	1.157740E+4	0.000000E+0	0.000000E+0
2.073481E+3	9.949000E-6	1.157730E+4	0.000000E+0	0.000000E+0
2.076485E+3	9.949000E-6	1.157720E+4	0.000000E+0	0.000000E+0
2.079480E+3	9.949500E-6	1.157720E+4	0.000000E+0	0.000000E+0
2.082488E+3	9.948900E-6	1.157720E+4	0.000000E+0	0.000000E+0
2.085486E+3	9.949100E-6	1.157720E+4	0.000000E+0	0.000000E+0
2.088488E+3	9.948700E-6	1.157710E+4	0.000000E+0	0.000000E+0
2.091487E+3	9.949000E-6	1.157700E+4	0.000000E+0	0.000000E+0
2.094482E+3	9.949300E-6	1.157700E+4	0.000000E+0	0.000000E+0
2.097478E+3	9.949200E-6	1.157700E+4	0.000000E+0	0.000000E+0
2.100482E+3	9.949200E-6	1.157690E+4	0.000000E+0	0.000000E+0
2.103478E+3	9.949000E-6	1.157680E+4	0.000000E+0	0.000000E+0
2.106482E+3	9.948500E-6	1.157680E+4	0.000000E+0	0.000000E+0
2.109482E+3	9.949100E-6	1.157680E+4	0.000000E+0	0.000000E+0
2.112485E+3	9.948900E-6	1.157670E+4	0.000000E+0	0.000000E+0
2.115484E+3	9.949100E-6	1.157670E+4	0.000000E+0	0.000000E+0
2.118482E+3	9.949000E-6	1.157660E+4	0.000000E+0	0.000000E+0
2.121479E+3	9.948800E-6	1.157650E+4	0.000000E+0	0.000000E+0
2.124482E+3	9.949000E-6	1.157650E+4	0.000000E+0	0.000000E+0
2.127482E+3	9.948800E-6	1.157640E+4	0.000000E+0	0.000000E+0
2.130483E+3	9.949300E-6	1.157630E+4	0.000000E+0	0.000000E+0
2.133482E+3	9.949400E-6	1.157640E+4	0.000000E+0	0.000000E+0
2.136480E+3	9.949500E-6	1.157640E+4	0.000000E+0	0.000000E+0
2.139482E+3	9.949200E-6	1.157640E+4	0.000000E+0	0.000000E+0
2.142483E+3	9.949100E-6	1.157630E+4	0.000000E+0	0.000000E+0
2.145485E+3	9.948700E-6	1.157630E+4	0.000000E+0	0.000000E+0
2.148486E+3	9.949000E-6	1.157620E+4	0.000000E+0	0.000000E+0
2.151482E+3	9.948600E-6	1.157620E+4	0.000000E+0	0.000000E+0
2.154483E+3	9.949200E-6	1.157620E+4	0.000000E+0	0.000000E+0
2.157489E+3	9.949200E-6	1.157610E+4	0.000000E+0	0.000000E+0
2.160485E+3	9.949400E-6	1.157600E+4	0.000000E+0	0.000000E+0
2.163483E+3	9.949100E-6	1.157600E+4	0.000000E+0	0.000000E+0
2.166483E+3	9.949100E-6	1.157600E+4	0.000000E+0	0.000000E+0
2.169480E+3	9.948800E-6	1.157590E+4	0.000000E+0	0.000000E+0
2.172484E+3	9.949600E-6	1.157580E+4	0.000000E+0	0.000000E+0
2.175483E+3	9.949000E-6	1.157570E+4	0.000000E+0	0.000000E+0
2.178487E+3	9.949200E-6	1.157560E+4	0.000000E+0	0.000000E+0
2.181484E+3	9.949600E-6	1.157570E+4	0.000000E+0	0.000000E+0
2.184483E+3	9.948900E-6	1.157560E+4	0.000000E+0	0.000000E+0
2.187483E+3	9.948700E-6	1.157550E+4	0.000000E+0	0.000000E+0
2.190479E+3	9.949500E-6	1.157540E+4	0.000000E+0	0.000000E+0
2.193479E+3	9.949300E-6	1.157530E+4	0.000000E+0	0.000000E+0
2.196484E+3	9.949000E-6	1.157530E+4	0.000000E+0	0.000000E+0
2.199479E+3	9.949200E-6	1.157520E+4	0.000000E+0	0.000000E+0
2.202482E+3	9.949700E-6	1.157520E+4	0.000000E+0	0.000000E+0
2.205481E+3	9.949500E-6	1.157510E+4	0.000000E+0	0.000000E+0
2.208484E+3	9.949200E-6	1.157510E+4	0.000000E+0	0.000000E+0
2.211479E+3	9.949500E-6	1.157500E+4	0.000000E+0	0.000000E+0
2.214487E+3	9.949300E-6	1.157490E+4	0.000000E+0	0.000000E+0
2.217482E+3	9.949300E-6	1.157490E+4	0.000000E+0	0.000000E+0
2.220480E+3	9.949100E-6	1.157490E+4	0.000000E+0	0.000000E+0
2.223485E+3	9.949200E-6	1.157470E+4	0.000000E+0	0.000000E+0
2.226479E+3	9.949200E-6	1.157470E+4	0.000000E+0	0.000000E+0
2.229480E+3	9.949300E-6	1.157480E+4	0.000000E+0	0.000000E+0
2.232485E+3	9.949300E-6	1.157470E+4	0.000000E+0	0.000000E+0
2.235475E+3	9.949500E-6	1.157470E+4	0.000000E+0	0.000000E+0
2.238483E+3	9.949100E-6	1.157460E+4	0.000000E+0	0.000000E+0
2.241482E+3	9.949300E-6	1.157460E+4	0.000000E+0	0.000000E+0
2.244480E+3	9.948800E-6	1.157470E+4	0.000000E+0	0.000000E+0
2.247485E+3	9.949100E-6	1.157460E+4	0.000000E+0	0.000000E+0
2.250480E+3	9.948600E-6	1.157460E+4	0.000000E+0	0.000000E+0
2.253481E+3	9.949300E-6	1.157450E+4	0.000000E+0	0.000000E+0
2.256481E+3	9.948800E-6	1.157450E+4	0.000000E+0	0.000000E+0
2.259485E+3	9.948900E-6	1.157450E+4	0.000000E+0	0.000000E+0
2.262483E+3	9.949300E-6	1.157440E+4	0.000000E+0	0.000000E+0
2.265481E+3	9.948700E-6	1.157440E+4	0.000000E+0	0.000000E+0
2.268480E+3	9.948600E-6	1.157440E+4	0.000000E+0	0.000000E+0
2.271480E+3	9.948900E-6	1.157440E+4	0.000000E+0	0.000000E+0
2.274479E+3	9.949400E-6	1.157430E+4	0.000000E+0	0.000000E+0
2.277483E+3	9.948700E-6	1.157440E+4	0.000000E+0	0.000000E+0
2.280478E+3	9.949300E-6	1.157440E+4	0.000000E+0	0.000000E+0
2.283483E+3	9.949200E-6	1.157430E+4	0.000000E+0	0.000000E+0
2.286481E+3	9.948400E-6	1.157420E+4	0.000000E+0	0.000000E+0
2.289479E+3	9.949100E-6	1.157420E+4	0.000000E+0	0.000000E+0
2.292484E+3	9.949000E-6	1.157410E+4	0.000000E+0	0.000000E+0
2.295485E+3	9.948700E-6	1.157400E+4	0.000000E+0	0.000000E+0
2.298485E+3	9.949500E-6	1.157400E+4	0.000000E+0	0.000000E+0
2.301484E+3	9.948900E-6	1.157390E+4	0.000000E+0	0.000000E+0
2.304484E+3	9.949200E-6	1.157390E+4	0.000000E+0	0.000000E+0
2.307482E+3	9.949400E-6	1.157370E+4	0.000000E+0	0.000000E+0
2.310482E+3	9.949200E-6	1.157380E+4	0.000000E+0	0.000000E+0
2.313480E+3	9.949300E-6	1.157380E+4	0.000000E+0	0.000000E+0
2.316482E+3	9.949000E-6	1.157370E+4	0.000000E+0	0.000000E+0
2.319482E+3	9.949400E-6	1.157360E+4	0.000000E+0	0.000000E+0
2.322477E+3	9.949400E-6	1.157360E+4	0.000000E+0	0.000000E+0
2.325475E+3	9.949400E-6	1.157350E+4	0.000000E+0	0.000000E+0
2.328477E+3	9.949100E-6	1.157350E+4	0.000000E+0	0.000000E+0
2.331480E+3	9.949500E-6	1.157340E+4	0.000000E+0	0.000000E+0
2.334478E+3	9.948900E-6	1.157330E+4	0.000000E+0	0.000000E+0
2.337480E+3	9.949400E-6	1.157320E+4	0.000000E+0	0.000000E+0
2.340480E+3	9.949300E-6	1.157320E+4	0.000000E+0	0.000000E+0
2.343481E+3	9.949600E-6	1.157320E+4	0.000000E+0	0.000000E+0
2.346483E+3	9.949600E-6	1.157310E+4	0.000000E+0	0.000000E+0
2.349478E+3	9.949100E-6	1.157310E+4	0.000000E+0	0.000000E+0
2.352478E+3	9.949400E-6	1.157300E+4	0.000000E+0	0.000000E+0
2.355481E+3	9.949500E-6	1.157290E+4	0.000000E+0	0.000000E+0
2.358475E+3	9.949300E-6	1.157280E+4	0.000000E+0	0.000000E+0
2.361481E+3	9.948800E-6	1.157290E+4	0.000000E+0	0.000000E+0
2.364478E+3	9.949100E-6	1.157290E+4	0.000000E+0	0.000000E+0
2.367484E+3	9.949200E-6	1.157290E+4	0.000000E+0	0.000000E+0
2.370476E+3	9.949300E-6	1.157300E+4	0.000000E+0	0.000000E+0
2.373479E+3	9.949300E-6	1.157290E+4	0.000000E+0	0.000000E+0
2.376479E+3	9.948900E-6	1.157290E+4	0.000000E+0	0.000000E+0
2.379487E+3	9.949200E-6	1.157280E+4	0.000000E+0	0.000000E+0
2.382478E+3	9.949200E-6	1.157280E+4	0.000000E+0	0.000000E+0
2.385481E+3	9.949200E-6	1.157270E+4	0.000000E+0	0.000000E+0
2.388476E+3	9.949400E-6	1.157260E+4	0.000000E+0	0.000000E+0
2.391476E+3	9.948900E-6	1.157260E+4	0.000000E+0	0.000000E+0
2.394479E+3	9.949700E-6	1.157260E+4	0.000000E+0	0.000000E+0
2.397479E+3	9.949500E-6	1.157260E+4	0.000000E+0	0.000000E+0
2.400472E+3	9.949100E-6	1.157260E+4	0.000000E+0	0.000000E+0
2.403480E+3	9.949200E-6	1.157260E+4	0.000000E+0	0.000000E+0
2.406479E+3	9.949700E-6	1.157250E+4	0.000000E+0	0.000000E+0
2.409476E+3	9.949200E-6	1.157260E+4	0.000000E+0	0.000000E+0
2.412475E+3	9.949700E-6	1.157260E+4	0.000000E+0	0.000000E+0
2.415480E+3	9.949700E-6	1.157250E+4	0.000000E+0	0.000000E+0
2.418477E+3	9.949800E-6	1.157250E+4	0.000000E+0	0.000000E+0
2.421474E+3	9.949700E-6	1.157250E+4	0.000000E+0	0.000000E+0
2.424475E+3	9.949300E-6	1.157250E+4	0.000000E+0	0.000000E+0
2.427475E+3	9.949300E-6	1.157240E+4	0.000000E+0	0.000000E+0
2.430474E+3	9.949500E-6	1.157260E+4	0.000000E+0	0.000000E+0
2.433469E+3	9.949900E-6	1.157250E+4	0.000000E+0	0.000000E+0
2.436472E+3	9.949900E-6	1.157250E+4	0.000000E+0	0.000000E+0
2.439470E+3	9.949400E-6	1.157250E+4	0.000000E+0	0.000000E+0
2.442470E+3	9.949900E-6	1.157250E+4	0.000000E+0	0.000000E+0
2.445469E+3	9.949600E-6	1.157250E+4	0.000000E+0	0.000000E+0
2.448470E+3	9.949200E-6	1.157240E+4	0.000000E+0	0.000000E+0
2.451467E+3	9.949300E-6	1.157240E+4	0.000000E+0	0.000000E+0
2.454465E+3	9.949400E-6	1.157230E+4	0.000000E+0	0.000000E+0
2.457464E+3	9.949300E-6	1.157240E+4	0.000000E+0	0.000000E+0
2.460467E+3	9.949100E-6	1.157230E+4	0.000000E+0	0.000000E+0
2.463470E+3	9.949000E-6	1.157220E+4	0.000000E+0	0.000000E+0
2.466466E+3	9.949100E-6	1.157210E+4	0.000000E+0	0.000000E+0
2.469471E+3	9.949200E-6	1.157200E+4	0.000000E+0	0.000000E+0
2.472474E+3	9.949900E-6	1.157180E+4	0.000000E+0	0.000000E+0
2.475476E+3	9.949500E-6	1.157170E+4	0.000000E+0	0.000000E+0
2.478484E+3	9.949500E-6	1.157140E+4	0.000000E+0	0.000000E+0
2.481487E+3	9.949900E-6	1.157140E+4	0.000000E+0	0.000000E+0
2.484476E+3	9.949200E-6	1.157140E+4	0.000000E+0	0.000000E+0
2.487479E+3	9.949400E-6	1.157130E+4	0.000000E+0	0.000000E+0
2.490485E+3	9.950000E-6	1.157130E+4	0.000000E+0	0.000000E+0
2.493477E+3	9.950200E-6	1.157130E+4	0.000000E+0	0.000000E+0
2.496482E+3	9.949700E-6	1.157130E+4	0.000000E+0	0.000000E+0
2.499474E+3	9.950100E-6	1.157140E+4	0.000000E+0	0.000000E+0
2.502475E+3	9.949800E-6	1.157150E+4	0.000000E+0	0.000000E+0
2.505475E+3	9.949600E-6	1.157150E+4	0.000000E+0	0.000000E+0
2.508475E+3	9.949700E-6	1.157160E+4	0.000000E+0	0.000000E+0
2.511474E+3	9.949900E-6	1.157150E+4	0.000000E+0	0.000000E+0
2.514474E+3	9.949800E-6	1.157150E+4	0.000000E+0	0.000000E+0
2.517469E+3	9.950200E-6	1.157150E+4	0.000000E+0	0.000000E+0
2.520467E+3	9.950200E-6	1.157150E+4	0.000000E+0	0.000000E+0
2.523467E+3	9.950000E-6	1.157160E+4	0.000000E+0	0.000000E+0
2.526472E+3	9.949600E-6	1.157150E+4	0.000000E+0	0.000000E+0
2.529469E+3	9.949400E-6	1.157160E+4	0.000000E+0	0.000000E+0
2.532469E+3	9.950100E-6	1.157170E+4	0.000000E+0	0.000000E+0
2.535470E+3	9.949900E-6	1.157170E+4	0.000000E+0	0.000000E+0
2.538470E+3	9.950000E-6	1.157170E+4	0.000000E+0	0.000000E+0
2.541467E+3	9.949400E-6	1.157170E+4	0.000000E+0	0.000000E+0
2.544467E+3	9.950100E-6	1.157150E+4	0.000000E+0	0.000000E+0
2.547468E+3	9.949300E-6	1.157140E+4	0.000000E+0	0.000000E+0
2.550467E+3	9.950000E-6	1.157130E+4	0.000000E+0	0.000000E+0
2.553471E+3	9.950100E-6	1.157120E+4	0.000000E+0	0.000000E+0
2.556475E+3	9.949700E-6	1.157080E+4	0.000000E+0	0.000000E+0
2.559473E+3	9.949500E-6	1.157040E+4	0.000000E+0	0.000000E+0
2.562473E+3	9.949900E-6	1.157030E+4	0.000000E+0	0.000000E+0
2.565479E+3	9.949300E-6	1.157030E+4	0.000000E+0	0.000000E+0
2.568482E+3	9.949500E-6	1.157030E+4	0.000000E+0	0.000000E+0
2.571481E+3	9.949400E-6	1.157010E+4	0.000000E+0	0.000000E+0
2.574479E+3	9.948800E-6	1.157000E+4	0.000000E+0	0.000000E+0
2.577479E+3	9.949700E-6	1.156980E+4	0.000000E+0	0.000000E+0
2.580481E+3	9.949300E-6	1.156980E+4	0.000000E+0	0.000000E+0
2.583481E+3	9.949800E-6	1.156980E+4	0.000000E+0	0.000000E+0
2.586476E+3	9.949700E-6	1.156980E+4	0.000000E+0	0.000000E+0
2.589477E+3	9.949400E-6	1.156980E+4	0.000000E+0	0.000000E+0
2.592472E+3	9.949500E-6	1.156980E+4	0.000000E+0	0.000000E+0
2.595477E+3	9.949800E-6	1.156970E+4	0.000000E+0	0.000000E+0
2.598475E+3	9.949500E-6	1.156980E+4	0.000000E+0	0.000000E+0
2.601479E+3	9.949500E-6	1.156980E+4	0.000000E+0	0.000000E+0
2.604486E+3	9.949100E-6	1.156980E+4	0.000000E+0	0.000000E+0
2.607477E+3	9.949400E-6	1.156980E+4	0.000000E+0	0.000000E+0
2.610485E+3	9.949400E-6	1.156980E+4	0.000000E+0	0.000000E+0
2.613488E+3	9.949200E-6	1.156970E+4	0.000000E+0	0.000000E+0
2.616488E+3	9.949000E-6	1.156960E+4	0.000000E+0	0.000000E+0
2.619477E+3	9.949600E-6	1.156940E+4	0.000000E+0	0.000000E+0
2.622488E+3	9.949500E-6	1.156940E+4	0.000000E+0	0.000000E+0
2.625475E+3	9.949800E-6	1.156940E+4	0.000000E+0	0.000000E+0
2.628475E+3	9.949800E-6	1.156930E+4	0.000000E+0	0.000000E+0
2.631473E+3	9.949800E-6	1.156930E+4	0.000000E+0	0.000000E+0
2.634475E+3	9.949100E-6	1.156920E+4	0.000000E+0	0.000000E+0
2.637465E+3	9.949500E-6	1.156920E+4	0.000000E+0	0.000000E+0
2.640467E+3	9.949500E-6	1.156910E+4	0.000000E+0	0.000000E+0
2.643467E+3	9.949100E-6	1.156910E+4	0.000000E+0	0.000000E+0
2.646465E+3	9.949200E-6	1.156910E+4	0.000000E+0	0.000000E+0
2.649462E+3	9.949300E-6	1.156900E+4	0.000000E+0	0.000000E+0
2.652465E+3	9.949100E-6	1.156900E+4	0.000000E+0	0.000000E+0
2.655469E+3	9.949400E-6	1.156900E+4	0.000000E+0	0.000000E+0
2.658465E+3	9.949100E-6	1.156890E+4	0.000000E+0	0.000000E+0
2.661468E+3	9.949000E-6	1.156900E+4	0.000000E+0	0.000000E+0
2.664465E+3	9.949700E-6	1.156890E+4	0.000000E+0	0.000000E+0
2.667465E+3	9.949300E-6	1.156890E+4	0.000000E+0	0.000000E+0
2.670463E+3	9.949600E-6	1.156880E+4	0.000000E+0	0.000000E+0
2.673479E+3	9.949500E-6	1.156870E+4	0.000000E+0	0.000000E+0
2.676488E+3	9.949700E-6	1.156880E+4	0.000000E+0	0.000000E+0
2.679473E+3	9.949100E-6	1.156880E+4	0.000000E+0	0.000000E+0
2.682477E+3	9.949600E-6	1.156880E+4	0.000000E+0	0.000000E+0
2.685474E+3	9.949200E-6	1.156880E+4	0.000000E+0	0.000000E+0
2.688476E+3	9.949300E-6	1.156880E+4	0.000000E+0	0.000000E+0
2.691474E+3	9.949900E-6	1.156880E+4	0.000000E+0	0.000000E+0
2.694482E+3	9.949200E-6	1.156890E+4	0.000000E+0	0.000000E+0
2.697479E+3	9.949200E-6	1.156880E+4	0.000000E+0	0.000000E+0
2.700487E+3	9.949500E-6	1.156890E+4	0.000000E+0	0.000000E+0
2.703483E+3	9.948900E-6	1.156890E+4	0.000000E+0	0.000000E+0
2.706480E+3	9.949400E-6	1.156890E+4	0.000000E+0	0.000000E+0
2.709478E+3	9.949400E-6	1.156890E+4	0.000000E+0	0.000000E+0
2.712483E+3	9.949400E-6	1.156890E+4	0.000000E+0	0.000000E+0
2.715480E+3	9.949300E-6	1.156890E+4	0.000000E+0	0.000000E+0
2.718478E+3	9.949500E-6	1.156870E+4	0.000000E+0	0.000000E+0
2.721480E+3	9.949400E-6	1.156880E+4	0.000000E+0	0.000000E+0
2.724480E+3	9.949700E-6	1.156880E+4	0.000000E+0	0.000000E+0
2.727478E+3	9.949500E-6	1.156870E+4	0.000000E+0	0.000000E+0
2.730483E+3	9.949700E-6	1.156860E+4	0.000000E+0	0.000000E+0
2.733481E+3	9.949500E-6	1.156840E+4	0.000000E+0	0.000000E+0
2.736481E+3	9.949400E-6	1.156840E+4	0.000000E+0	0.000000E+0
2.739483E+3	9.949400E-6	1.156820E+4	0.000000E+0	0.000000E+0
2.742483E+3	9.949600E-6	1.156840E+4	0.000000E+0	0.000000E+0
2.745481E+3	9.949200E-6	1.156830E+4	0.000000E+0	0.000000E+0
2.748478E+3	9.949300E-6	1.156820E+4	0.000000E+0	0.000000E+0
2.751483E+3	9.949000E-6	1.156820E+4	0.000000E+0	0.000000E+0
2.754487E+3	9.949000E-6	1.156820E+4	0.000000E+0	0.000000E+0
2.757483E+3	9.948700E-6	1.156810E+4	0.000000E+0	0.000000E+0
2.760483E+3	9.948800E-6	1.156810E+4	0.000000E+0	0.000000E+0
2.763485E+3	9.949500E-6	1.156810E+4	0.000000E+0	0.000000E+0
2.766477E+3	9.949500E-6	1.156810E+4	0.000000E+0	0.000000E+0
2.769474E+3	9.949400E-6	1.156800E+4	0.000000E+0	0.000000E+0
2.772476E+3	9.949800E-6	1.156800E+4	0.000000E+0	0.000000E+0
2.775479E+3	9.949200E-6	1.156790E+4	0.000000E+0	0.000000E+0
2.778477E+3	9.949300E-6	1.156800E+4	0.000000E+0	0.000000E+0
2.781476E+3	9.949500E-6	1.156790E+4	0.000000E+0	0.000000E+0
2.784475E+3	9.949300E-6	1.156790E+4	0.000000E+0	0.000000E+0
2.787475E+3	9.949800E-6	1.156800E+4	0.000000E+0	0.000000E+0
2.790477E+3	9.949200E-6	1.156800E+4	0.000000E+0	0.000000E+0
2.793475E+3	9.949400E-6	1.156800E+4	0.000000E+0	0.000000E+0
2.796475E+3	9.949300E-6	1.156810E+4	0.000000E+0	0.000000E+0
2.799477E+3	9.949300E-6	1.156810E+4	0.000000E+0	0.000000E+0
2.802480E+3	9.949600E-6	1.156790E+4	0.000000E+0	0.000000E+0
2.805478E+3	9.948900E-6	1.156800E+4	0.000000E+0	0.000000E+0
2.808477E+3	9.949300E-6	1.156790E+4	0.000000E+0	0.000000E+0
2.811480E+3	9.948800E-6	1.156790E+4	0.000000E+0	0.000000E+0
2.814481E+3	9.949400E-6	1.156800E+4	0.000000E+0	0.000000E+0
2.817477E+3	9.948700E-6	1.156790E+4	0.000000E+0	0.000000E+0
2.820480E+3	9.949100E-6	1.156790E+4	0.000000E+0	0.000000E+0
2.823484E+3	9.949500E-6	1.156800E+4	0.000000E+0	0.000000E+0
2.826482E+3	9.948800E-6	1.156790E+4	0.000000E+0	0.000000E+0
2.829475E+3	9.949400E-6	1.156780E+4	0.000000E+0	0.000000E+0
2.832482E+3	9.949000E-6	1.156780E+4	0.000000E+0	0.000000E+0
2.835471E+3	9.949400E-6	1.156780E+4	0.000000E+0	0.000000E+0
2.838473E+3	9.948800E-6	1.156780E+4	0.000000E+0	0.000000E+0
2.841471E+3	9.949100E-6	1.156780E+4	0.000000E+0	0.000000E+0
2.844470E+3	9.949700E-6	1.156760E+4	0.000000E+0	0.000000E+0
2.847470E+3	9.949800E-6	1.156760E+4	0.000000E+0	0.000000E+0
2.850466E+3	9.949500E-6	1.156750E+4	0.000000E+0	0.000000E+0
2.853484E+3	9.949400E-6	1.156750E+4	0.000000E+0	0.000000E+0
2.856490E+3	9.949000E-6	1.156740E+4	0.000000E+0	0.000000E+0
2.859484E+3	9.949300E-6	1.156740E+4	0.000000E+0	0.000000E+0
2.862476E+3	9.949100E-6	1.156740E+4	0.000000E+0	0.000000E+0
2.865476E+3	9.948600E-6	1.156740E+4	0.000000E+0	0.000000E+0
2.868480E+3	9.949200E-6	1.156730E+4	0.000000E+0	0.000000E+0
2.871484E+3	9.949700E-6	1.156730E+4	0.000000E+0	0.000000E+0
2.874479E+3	9.949300E-6	1.156730E+4	0.000000E+0	0.000000E+0
2.877480E+3	9.949700E-6	1.156720E+4	0.000000E+0	0.000000E+0
2.880480E+3	9.949600E-6	1.156720E+4	0.000000E+0	0.000000E+0
2.883480E+3	9.949300E-6	1.156710E+4	0.000000E+0	0.000000E+0
2.886480E+3	9.949300E-6	1.156710E+4	0.000000E+0	0.000000E+0
2.889480E+3	9.949100E-6	1.156700E+4	0.000000E+0	0.000000E+0
2.892480E+3	9.949600E-6	1.156700E+4	0.000000E+0	0.000000E+0
2.895482E+3	9.949500E-6	1.156700E+4	0.000000E+0	0.000000E+0
2.898482E+3	9.949500E-6	1.156700E+4	0.000000E+0	0.000000E+0
2.901480E+3	9.949600E-6	1.156700E+4	0.000000E+0	0.000000E+0
2.904480E+3	9.949700E-6	1.156700E+4	0.000000E+0	0.000000E+0
2.907481E+3	9.949500E-6	1.156700E+4	0.000000E+0	0.000000E+0
2.910481E+3	9.949500E-6	1.156700E+4	0.000000E+0	0.000000E+0
2.913478E+3	9.949300E-6	1.156690E+4	0.000000E+0	0.000000E+0
2.916484E+3	9.948700E-6	1.156690E+4	0.000000E+0	0.000000E+0
2.919481E+3	9.948700E-6	1.156680E+4	0.000000E+0	0.000000E+0
2.922479E+3	9.949300E-6	1.156690E+4	0.000000E+0	0.000000E+0
2.925481E+3	9.948900E-6	1.156680E+4	0.000000E+0	0.000000E+0
2.928483E+3	9.949500E-6	1.156680E+4	0.000000E+0	0.000000E+0
2.931481E+3	9.949200E-6	1.156680E+4	0.000000E+0	0.000000E+0
2.934479E+3	9.949000E-6	1.156670E+4	0.000000E+0	0.000000E+0
2.937484E+3	9.949200E-6	1.156670E+4	0.000000E+0	0.000000E+0
2.940482E+3	9.949800E-6	1.156670E+4	0.000000E+0	0.000000E+0
2.943481E+3	9.949000E-6	1.156670E+4	0.000000E+0	0.000000E+0
2.946487E+3	9.949600E-6	1.156650E+4	0.000000E+0	0.000000E+0
2.949484E+3	9.949500E-6	1.156660E+4	0.000000E+0	0.000000E+0
2.952482E+3	9.949300E-6	1.156650E+4	0.000000E+0	0.000000E+0
2.955484E+3	9.949200E-6	1.156650E+4	0.000000E+0	0.000000E+0
2.958480E+3	9.949500E-6	1.156660E+4	0.000000E+0	0.000000E+0
2.961480E+3	9.949700E-6	1.156640E+4	0.000000E+0	0.000000E+0
2.964487E+3	9.949200E-6	1.156640E+4	0.000000E+0	0.000000E+0
2.967479E+3	9.949500E-6	1.156650E+4	0.000000E+0	0.000000E+0
2.970487E+3	9.949700E-6	1.156640E+4	0.000000E+0	0.000000E+0
2.973482E+3	9.949000E-6	1.156640E+4	0.000000E+0	0.000000E+0
2.976479E+3	9.949400E-6	1.156630E+4	0.000000E+0	0.000000E+0
2.979482E+3	9.949100E-6	1.156630E+4	0.000000E+0	0.000000E+0
2.982475E+3	9.949500E-6	1.156620E+4	0.000000E+0	0.000000E+0
2.985480E+3	9.949000E-6	1.156620E+4	0.000000E+0	0.000000E+0
2.988480E+3	9.949500E-6	1.156610E+4	0.000000E+0	0.000000E+0
2.991482E+3	9.949400E-6	1.156620E+4	0.000000E+0	0.000000E+0
2.994483E+3	9.950200E-6	1.156610E+4	0.000000E+0	0.000000E+0
2.997481E+3	9.949500E-6	1.156610E+4	0.000000E+0	0.000000E+0
3.000481E+3	9.949200E-6	1.156610E+4	0.000000E+0	0.000000E+0
3.003481E+3	9.949100E-6	1.156610E+4	0.000000E+0	0.000000E+0
3.006483E+3	9.949900E-6	1.156610E+4	0.000000E+0	0.000000E+0
3.009483E+3	9.949700E-6	1.156600E+4	0.000000E+0	0.000000E+0
3.012483E+3	9.949900E-6	1.156600E+4	0.000000E+0	0.000000E+0
3.015484E+3	9.950100E-6	1.156590E+4	0.000000E+0	0.000000E+0
3.018486E+3	9.949600E-6	1.156580E+4	0.000000E+0	0.000000E+0
3.021481E+3	9.949800E-6	1.156580E+4	0.000000E+0	0.000000E+0
3.024481E+3	9.949800E-6	1.156580E+4	0.000000E+0	0.000000E+0
3.027481E+3	9.949800E-6	1.156580E+4	0.000000E+0	0.000000E+0
3.030482E+3	9.949700E-6	1.156590E+4	0.000000E+0	0.000000E+0
3.033481E+3	9.949800E-6	1.156580E+4	0.000000E+0	0.000000E+0
3.036484E+3	9.950300E-6	1.156560E+4	0.000000E+0	0.000000E+0
3.039474E+3	9.949200E-6	1.156560E+4	0.000000E+0	0.000000E+0
3.042484E+3	9.949600E-6	1.156550E+4	0.000000E+0	0.000000E+0
3.045481E+3	9.949400E-6	1.156530E+4	0.000000E+0	0.000000E+0
3.048481E+3	9.949200E-6	1.156530E+4	0.000000E+0	0.000000E+0
3.051477E+3	9.949600E-6	1.156510E+4	0.000000E+0	0.000000E+0
3.054482E+3	9.949400E-6	1.156510E+4	0.000000E+0	0.000000E+0
3.057477E+3	9.949500E-6	1.156510E+4	0.000000E+0	0.000000E+0
3.060482E+3	9.949500E-6	1.156510E+4	0.000000E+0	0.000000E+0
3.063480E+3	9.950000E-6	1.156510E+4	0.000000E+0	0.000000E+0
3.066482E+3	9.949600E-6	1.156520E+4	0.000000E+0	0.000000E+0
3.069480E+3	9.949600E-6	1.156510E+4	0.000000E+0	0.000000E+0
3.072477E+3	9.949600E-6	1.156510E+4	0.000000E+0	0.000000E+0
3.075479E+3	9.949900E-6	1.156510E+4	0.000000E+0	0.000000E+0
3.078480E+3	9.949300E-6	1.156500E+4	0.000000E+0	0.000000E+0
3.081478E+3	9.949500E-6	1.156490E+4	0.000000E+0	0.000000E+0
3.084483E+3	9.949400E-6	1.156490E+4	0.000000E+0	0.000000E+0
3.087485E+3	9.949400E-6	1.156480E+4	0.000000E+0	0.000000E+0
3.090481E+3	9.949100E-6	1.156490E+4	0.000000E+0	0.000000E+0
3.093478E+3	9.949600E-6	1.156480E+4	0.000000E+0	0.000000E+0
3.096480E+3	9.949300E-6	1.156490E+4	0.000000E+0	0.000000E+0
3.099483E+3	9.949200E-6	1.156500E+4	0.000000E+0	0.000000E+0
3.102483E+3	9.949700E-6	1.156490E+4	0.000000E+0	0.000000E+0
3.105480E+3	9.949500E-6	1.156490E+4	0.000000E+0	0.000000E+0
3.108479E+3	9.949400E-6	1.156490E+4	0.000000E+0	0.000000E+0
3.111475E+3	9.949600E-6	1.156480E+4	0.000000E+0	0.000000E+0
3.114479E+3	9.949700E-6	1.156470E+4	0.000000E+0	0.000000E+0
3.117478E+3	9.949900E-6	1.156460E+4	0.000000E+0	0.000000E+0
3.120479E+3	9.950000E-6	1.156440E+4	0.000000E+0	0.000000E+0
3.123481E+3	9.950100E-6	1.156430E+4	0.000000E+0	0.000000E+0
3.126478E+3	9.949800E-6	1.156430E+4	0.000000E+0	0.000000E+0
3.129479E+3	9.950000E-6	1.156430E+4	0.000000E+0	0.000000E+0
3.132477E+3	9.949700E-6	1.156420E+4	0.000000E+0	0.000000E+0
3.135481E+3	9.949800E-6	1.156420E+4	0.000000E+0	0.000000E+0
3.138477E+3	9.949800E-6	1.156420E+4	0.000000E+0	0.000000E+0
3.141481E+3	9.949800E-6	1.156410E+4	0.000000E+0	0.000000E+0
3.144477E+3	9.949700E-6	1.156410E+4	0.000000E+0	0.000000E+0
3.147476E+3	9.949500E-6	1.156400E+4	0.000000E+0	0.000000E+0
3.150479E+3	9.950100E-6	1.156400E+4	0.000000E+0	0.000000E+0
3.153482E+3	9.949900E-6	1.156400E+4	0.000000E+0	0.000000E+0
3.156477E+3	9.950000E-6	1.156390E+4	0.000000E+0	0.000000E+0
3.159483E+3	9.950100E-6	1.156400E+4	0.000000E+0	0.000000E+0
3.162480E+3	9.949800E-6	1.156410E+4	0.000000E+0	0.000000E+0
3.165483E+3	9.950000E-6	1.156400E+4	0.000000E+0	0.000000E+0
3.168477E+3	9.949500E-6	1.156410E+4	0.000000E+0	0.000000E+0
3.171477E+3	9.949900E-6	1.156390E+4	0.000000E+0	0.000000E+0
3.174477E+3	9.949900E-6	1.156390E+4	0.000000E+0	0.000000E+0
3.177480E+3	9.949000E-6	1.156370E+4	0.000000E+0	0.000000E+0
3.180478E+3	9.949800E-6	1.156350E+4	0.000000E+0	0.000000E+0
3.183482E+3	9.949400E-6	1.156330E+4	0.000000E+0	0.000000E+0
3.186480E+3	9.950000E-6	1.156330E+4	0.000000E+0	0.000000E+0
3.189477E+3	9.949900E-6	1.156330E+4	0.000000E+0	0.000000E+0
3.192483E+3	9.949700E-6	1.156340E+4	0.000000E+0	0.000000E+0
3.195480E+3	9.949300E-6	1.156340E+4	0.000000E+0	0.000000E+0
3.198480E+3	9.949200E-6	1.156330E+4	0.000000E+0	0.000000E+0
3.201480E+3	9.949700E-6	1.156310E+4	0.000000E+0	0.000000E+0
3.204476E+3	9.949600E-6	1.156300E+4	0.000000E+0	0.000000E+0
3.207478E+3	9.949400E-6	1.156270E+4	0.000000E+0	0.000000E+0
3.210478E+3	9.949300E-6	1.156260E+4	0.000000E+0	0.000000E+0
3.213481E+3	9.949600E-6	1.156250E+4	0.000000E+0	0.000000E+0
3.216481E+3	9.949800E-6	1.156230E+4	0.000000E+0	0.000000E+0
3.219481E+3	9.949600E-6	1.156230E+4	0.000000E+0	0.000000E+0
3.222479E+3	9.949600E-6	1.156210E+4	0.000000E+0	0.000000E+0
3.225481E+3	9.949600E-6	1.156190E+4	0.000000E+0	0.000000E+0
3.228481E+3	9.949200E-6	1.156180E+4	0.000000E+0	0.000000E+0
3.231481E+3	9.949200E-6	1.156180E+4	0.000000E+0	0.000000E+0
3.234479E+3	9.950100E-6	1.156180E+4	0.000000E+0	0.000000E+0
3.237482E+3	9.949200E-6	1.156200E+4	0.000000E+0	0.000000E+0
3.240479E+3	9.949300E-6	1.156200E+4	0.000000E+0	0.000000E+0
3.243479E+3	9.949300E-6	1.156210E+4	0.000000E+0	0.000000E+0
3.246480E+3	9.949400E-6	1.156200E+4	0.000000E+0	0.000000E+0
3.249485E+3	9.949600E-6	1.156200E+4	0.000000E+0	0.000000E+0
3.252480E+3	9.949500E-6	1.156200E+4	0.000000E+0	0.000000E+0
3.255483E+3	9.949700E-6	1.156200E+4	0.000000E+0	0.000000E+0
3.258480E+3	9.949800E-6	1.156200E+4	0.000000E+0	0.000000E+0
3.261482E+3	9.949800E-6	1.156200E+4	0.000000E+0	0.000000E+0
3.264482E+3	9.949600E-6	1.156180E+4	0.000000E+0	0.000000E+0
3.267477E+3	9.949400E-6	1.156190E+4	0.000000E+0	0.000000E+0
3.270481E+3	9.949200E-6	1.156200E+4	0.000000E+0	0.000000E+0
3.273478E+3	9.949300E-6	1.156190E+4	0.000000E+0	0.000000E+0
3.276483E+3	9.949100E-6	1.156180E+4	0.000000E+0	0.000000E+0
3.279481E+3	9.949700E-6	1.156180E+4	0.000000E+0	0.000000E+0
3.282481E+3	9.950300E-6	1.156170E+4	0.000000E+0	0.000000E+0
3.285484E+3	9.949600E-6	1.156160E+4	0.000000E+0	0.000000E+0
3.288481E+3	9.949700E-6	1.156160E+4	0.000000E+0	0.000000E+0
3.291484E+3	9.950200E-6	1.156150E+4	0.000000E+0	0.000000E+0
3.294484E+3	9.949900E-6	1.156140E+4	0.000000E+0	0.000000E+0
3.297476E+3	9.949200E-6	1.156130E+4	0.000000E+0	0.000000E+0
3.300476E+3	9.949500E-6	1.156120E+4	0.000000E+0	0.000000E+0
3.303481E+3	9.949200E-6	1.156120E+4	0.000000E+0	0.000000E+0
3.306479E+3	9.949900E-6	1.156120E+4	0.000000E+0	0.000000E+0
3.309479E+3	9.949000E-6	1.156110E+4	0.000000E+0	0.000000E+0
3.312482E+3	9.949300E-6	1.156110E+4	0.000000E+0	0.000000E+0
3.315481E+3	9.949300E-6	1.156100E+4	0.000000E+0	0.000000E+0
3.318477E+3	9.949200E-6	1.156080E+4	0.000000E+0	0.000000E+0
3.321481E+3	9.949300E-6	1.156080E+4	0.000000E+0	0.000000E+0
3.324479E+3	9.949500E-6	1.156060E+4	0.000000E+0	0.000000E+0
3.327482E+3	9.949400E-6	1.156060E+4	0.000000E+0	0.000000E+0
3.330479E+3	9.949100E-6	1.156050E+4	0.000000E+0	0.000000E+0
3.333484E+3	9.949300E-6	1.156040E+4	0.000000E+0	0.000000E+0
3.336477E+3	9.948700E-6	1.156040E+4	0.000000E+0	0.000000E+0
3.339484E+3	9.948800E-6	1.156020E+4	0.000000E+0	0.000000E+0
3.342479E+3	9.949300E-6	1.156010E+4	0.000000E+0	0.000000E+0
3.345480E+3	9.949500E-6	1.156000E+4	0.000000E+0	0.000000E+0
3.348480E+3	9.949500E-6	1.156000E+4	0.000000E+0	0.000000E+0
3.351477E+3	9.949100E-6	1.156010E+4	0.000000E+0	0.000000E+0
3.354483E+3	9.949500E-6	1.156010E+4	0.000000E+0	0.000000E+0
3.357482E+3	9.948900E-6	1.156010E+4	0.000000E+0	0.000000E+0
3.360478E+3	9.949000E-6	1.156020E+4	0.000000E+0	0.000000E+0
3.363480E+3	9.949300E-6	1.156010E+4	0.000000E+0	0.000000E+0
3.366481E+3	9.949500E-6	1.156010E+4	0.000000E+0	0.000000E+0
3.369480E+3	9.949100E-6	1.156020E+4	0.000000E+0	0.000000E+0
3.372480E+3	9.948800E-6	1.156030E+4	0.000000E+0	0.000000E+0
3.375481E+3	9.949800E-6	1.156030E+4	0.000000E+0	0.000000E+0
3.378481E+3	9.949300E-6	1.156030E+4	0.000000E+0	0.000000E+0
3.381480E+3	9.949600E-6	1.156020E+4	0.000000E+0	0.000000E+0
3.384478E+3	9.948600E-6	1.156010E+4	0.000000E+0	0.000000E+0
3.387480E+3	9.949300E-6	1.156000E+4	0.000000E+0	0.000000E+0
3.390481E+3	9.949100E-6	1.155990E+4	0.000000E+0	0.000000E+0
3.393479E+3	9.949000E-6	1.155970E+4	0.000000E+0	0.000000E+0
3.396481E+3	9.948900E-6	1.155960E+4	0.000000E+0	0.000000E+0
3.399481E+3	9.949400E-6	1.155950E+4	0.000000E+0	0.000000E+0
3.402481E+3	9.949500E-6	1.155940E+4	0.000000E+0	0.000000E+0
3.405481E+3	9.949600E-6	1.155930E+4	0.000000E+0	0.000000E+0
3.408482E+3	9.949400E-6	1.155920E+4	0.000000E+0	0.000000E+0
3.411479E+3	9.949500E-6	1.155870E+4	0.000000E+0	0.000000E+0
3.414482E+3	9.949300E-6	1.155860E+4	0.000000E+0	0.000000E+0
3.417477E+3	9.949200E-6	1.155850E+4	0.000000E+0	0.000000E+0
3.420477E+3	9.949200E-6	1.155850E+4	0.000000E+0	0.000000E+0
3.423479E+3	9.949200E-6	1.155840E+4	0.000000E+0	0.000000E+0
3.426479E+3	9.949700E-6	1.155840E+4	0.000000E+0	0.000000E+0
3.429482E+3	9.949700E-6	1.155840E+4	0.000000E+0	0.000000E+0
3.432480E+3	9.949900E-6	1.155820E+4	0.000000E+0	0.000000E+0
3.435477E+3	9.948800E-6	1.155830E+4	0.000000E+0	0.000000E+0
3.438479E+3	9.949000E-6	1.155820E+4	0.000000E+0	0.000000E+0
3.441485E+3	9.948800E-6	1.155820E+4	0.000000E+0	0.000000E+0
3.444478E+3	9.949100E-6	1.155830E+4	0.000000E+0	0.000000E+0
3.447483E+3	9.949500E-6	1.155820E+4	0.000000E+0	0.000000E+0
3.450480E+3	9.949000E-6	1.155820E+4	0.000000E+0	0.000000E+0
3.453485E+3	9.949500E-6	1.155830E+4	0.000000E+0	0.000000E+0
3.456478E+3	9.948500E-6	1.155820E+4	0.000000E+0	0.000000E+0
3.459483E+3	9.948900E-6	1.155830E+4	0.000000E+0	0.000000E+0
3.462478E+3	9.949000E-6	1.155820E+4	0.000000E+0	0.000000E+0
3.465483E+3	9.949400E-6	1.155820E+4	0.000000E+0	0.000000E+0
3.468476E+3	9.949200E-6	1.155810E+4	0.000000E+0	0.000000E+0
3.471473E+3	9.949000E-6	1.155800E+4	0.000000E+0	0.000000E+0
3.474473E+3	9.949400E-6	1.155780E+4	0.000000E+0	0.000000E+0
3.477473E+3	9.949800E-6	1.155770E+4	0.000000E+0	0.000000E+0
3.480472E+3	9.949800E-6	1.155750E+4	0.000000E+0	0.000000E+0
3.483472E+3	9.949500E-6	1.155730E+4	0.000000E+0	0.000000E+0
3.486470E+3	9.949500E-6	1.155710E+4	0.000000E+0	0.000000E+0
3.489468E+3	9.949600E-6	1.155700E+4	0.000000E+0	0.000000E+0
3.492467E+3	9.949000E-6	1.155700E+4	0.000000E+0	0.000000E+0
3.495471E+3	9.949300E-6	1.155690E+4	0.000000E+0	0.000000E+0
3.498471E+3	9.949700E-6	1.155680E+4	0.000000E+0	0.000000E+0
3.501470E+3	9.949700E-6	1.155660E+4	0.000000E+0	0.000000E+0
3.504470E+3	9.949800E-6	1.155660E+4	0.000000E+0	0.000000E+0
3.507474E+3	9.949400E-6	1.155660E+4	0.000000E+0	0.000000E+0
3.510479E+3	9.950200E-6	1.155660E+4	0.000000E+0	0.000000E+0
3.513484E+3	9.949800E-6	1.155660E+4	0.000000E+0	0.000000E+0
3.516484E+3	9.950000E-6	1.155650E+4	0.000000E+0	0.000000E+0
3.519474E+3	9.950000E-6	1.155650E+4	0.000000E+0	0.000000E+0
3.522474E+3	9.949800E-6	1.155650E+4	0.000000E+0	0.000000E+0
3.525480E+3	9.949600E-6	1.155640E+4	0.000000E+0	0.000000E+0
3.528483E+3	9.949500E-6	1.155630E+4	0.000000E+0	0.000000E+0
3.531477E+3	9.950300E-6	1.155630E+4	0.000000E+0	0.000000E+0
3.534475E+3	9.950000E-6	1.155620E+4	0.000000E+0	0.000000E+0
3.537475E+3	9.950200E-6	1.155610E+4	0.000000E+0	0.000000E+0
3.540480E+3	9.950200E-6	1.155610E+4	0.000000E+0	0.000000E+0
3.543482E+3	9.949800E-6	1.155610E+4	0.000000E+0	0.000000E+0
3.546483E+3	9.950500E-6	1.155600E+4	0.000000E+0	0.000000E+0
3.549480E+3	9.949600E-6	1.155580E+4	0.000000E+0	0.000000E+0
3.552483E+3	9.950000E-6	1.155580E+4	0.000000E+0	0.000000E+0
3.555482E+3	9.949500E-6	1.155580E+4	0.000000E+0	0.000000E+0
3.558480E+3	9.950000E-6	1.155570E+4	0.000000E+0	0.000000E+0
3.561477E+3	9.949400E-6	1.155560E+4	0.000000E+0	0.000000E+0
3.564478E+3	9.950400E-6	1.155550E+4	0.000000E+0	0.000000E+0
3.567481E+3	9.949500E-6	1.155540E+4	0.000000E+0	0.000000E+0
3.570480E+3	9.949500E-6	1.155550E+4	0.000000E+0	0.000000E+0
3.573476E+3	9.950000E-6	1.155540E+4	0.000000E+0	0.000000E+0
3.576479E+3	9.949800E-6	1.155530E+4	0.000000E+0	0.000000E+0
3.579476E+3	9.950100E-6	1.155540E+4	0.000000E+0	0.000000E+0
3.582473E+3	9.949700E-6	1.155520E+4	0.000000E+0	0.000000E+0
3.585471E+3	9.949800E-6	1.155510E+4	0.000000E+0	0.000000E+0
3.588470E+3	9.950000E-6	1.155510E+4	0.000000E+0	0.000000E+0
3.591470E+3	9.949600E-6	1.155500E+4	0.000000E+0	0.000000E+0
3.594465E+3	9.949300E-6	1.155500E+4	0.000000E+0	0.000000E+0
3.597468E+3	9.949700E-6	1.155490E+4	0.000000E+0	0.000000E+0
3.600466E+3	9.949600E-6	1.155470E+4	0.000000E+0	0.000000E+0
3.603473E+3	9.950100E-6	1.155470E+4	0.000000E+0	0.000000E+0
3.606474E+3	9.949700E-6	1.155470E+4	0.000000E+0	0.000000E+0
3.609471E+3	9.950100E-6	1.155460E+4	0.000000E+0	0.000000E+0
3.612468E+3	9.950500E-6	1.155450E+4	0.000000E+0	0.000000E+0
3.615466E+3	9.950200E-6	1.155430E+4	0.000000E+0	0.000000E+0
3.618472E+3	9.950300E-6	1.155430E+4	0.000000E+0	0.000000E+0
3.621466E+3	9.949800E-6	1.155430E+4	0.000000E+0	0.000000E+0
3.624471E+3	9.950000E-6	1.155420E+4	0.000000E+0	0.000000E+0
3.627469E+3	9.950200E-6	1.155410E+4	0.000000E+0	0.000000E+0
3.630469E+3	9.950000E-6	1.155420E+4	0.000000E+0	0.000000E+0
3.633464E+3	9.950100E-6	1.155420E+4	0.000000E+0	0.000000E+0
3.636477E+3	9.949900E-6	1.155410E+4	0.000000E+0	0.000000E+0
3.639474E+3	9.950700E-6	1.155410E+4	0.000000E+0	0.000000E+0
3.642480E+3	9.950100E-6	1.155410E+4	0.000000E+0	0.000000E+0
3.645480E+3	9.950600E-6	1.155390E+4	0.000000E+0	0.000000E+0
3.648480E+3	9.950100E-6	1.155390E+4	0.000000E+0	0.000000E+0
3.651480E+3	9.950500E-6	1.155380E+4	0.000000E+0	0.000000E+0
3.654483E+3	9.950300E-6	1.155390E+4	0.000000E+0	0.000000E+0
3.657478E+3	9.950300E-6	1.155380E+4	0.000000E+0	0.000000E+0
3.660483E+3	9.950000E-6	1.155370E+4	0.000000E+0	0.000000E+0
3.663478E+3	9.950400E-6	1.155370E+4	0.000000E+0	0.000000E+0
3.666478E+3	9.950500E-6	1.155360E+4	0.000000E+0	0.000000E+0
3.669480E+3	9.950000E-6	1.155370E+4	0.000000E+0	0.000000E+0
3.672484E+3	9.950100E-6	1.155350E+4	0.000000E+0	0.000000E+0
3.675483E+3	9.950400E-6	1.155340E+4	0.000000E+0	0.000000E+0
3.678484E+3	9.950300E-6	1.155330E+4	0.000000E+0	0.000000E+0
3.681482E+3	9.950300E-6	1.155330E+4	0.000000E+0	0.000000E+0
3.684481E+3	9.950300E-6	1.155330E+4	0.000000E+0	0.000000E+0
3.687474E+3	9.950000E-6	1.155320E+4	0.000000E+0	0.000000E+0
3.690474E+3	9.950300E-6	1.155330E+4	0.000000E+0	0.000000E+0
3.693481E+3	9.950000E-6	1.155330E+4	0.000000E+0	0.000000E+0
3.696479E+3	9.949500E-6	1.155320E+4	0.000000E+0	0.000000E+0
3.699482E+3	9.949700E-6	1.155320E+4	0.000000E+0	0.000000E+0
3.702479E+3	9.950000E-6	1.155320E+4	0.000000E+0	0.000000E+0
3.705476E+3	9.950200E-6	1.155320E+4	0.000000E+0	0.000000E+0
3.708474E+3	9.950100E-6	1.155310E+4	0.000000E+0	0.000000E+0
3.711479E+3	9.949800E-6	1.155310E+4	0.000000E+0	0.000000E+0
3.714482E+3	9.950100E-6	1.155300E+4	0.000000E+0	0.000000E+0
3.717477E+3	9.950000E-6	1.155300E+4	0.000000E+0	0.000000E+0
3.720480E+3	9.949800E-6	1.155300E+4	0.000000E+0	0.000000E+0
3.723482E+3	9.949500E-6	1.155300E+4	0.000000E+0	0.000000E+0
3.726475E+3	9.949800E-6	1.155300E+4	0.000000E+0	0.000000E+0
3.729475E+3	9.950000E-6	1.155290E+4	0.000000E+0	0.000000E+0
3.732478E+3	9.949900E-6	1.155300E+4	0.000000E+0	0.000000E+0
3.735470E+3	9.949800E-6	1.155290E+4	0.000000E+0	0.000000E+0
3.738469E+3	9.949800E-6	1.155280E+4	0.000000E+0	0.000000E+0
3.741467E+3	9.949700E-6	1.155280E+4	0.000000E+0	0.000000E+0
3.744477E+3	9.949900E-6	1.155280E+4	0.000000E+0	0.000000E+0
3.747483E+3	9.950200E-6	1.155290E+4	0.000000E+0	0.000000E+0
3.750478E+3	9.950200E-6	1.155290E+4	0.000000E+0	0.000000E+0
3.753480E+3	9.950100E-6	1.155280E+4	0.000000E+0	0.000000E+0
3.756478E+3	9.950300E-6	1.155270E+4	0.000000E+0	0.000000E+0
3.759481E+3	9.949800E-6	1.155280E+4	0.000000E+0	0.000000E+0
3.762479E+3	9.949400E-6	1.155270E+4	0.000000E+0	0.000000E+0
3.765481E+3	9.950100E-6	1.155260E+4	0.000000E+0	0.000000E+0
3.768479E+3	9.950400E-6	1.155260E+4	0.000000E+0	0.000000E+0
3.771487E+3	9.950100E-6	1.155260E+4	0.000000E+0	0.000000E+0
3.774481E+3	9.950000E-6	1.155260E+4	0.000000E+0	0.000000E+0
3.777481E+3	9.949600E-6	1.155250E+4	0.000000E+0	0.000000E+0
3.780479E+3	9.949600E-6	1.155240E+4	0.000000E+0	0.000000E+0
3.783479E+3	9.950100E-6	1.155230E+4	0.000000E+0	0.000000E+0
3.786479E+3	9.949600E-6	1.155230E+4	0.000000E+0	0.000000E+0
3.789481E+3	9.949900E-6	1.155220E+4	0.000000E+0	0.000000E+0
3.792482E+3	9.949600E-6	1.155220E+4	0.000000E+0	0.000000E+0
3.795476E+3	9.949700E-6	1.155210E+4	0.000000E+0	0.000000E+0
3.798482E+3	9.949900E-6	1.155210E+4	0.000000E+0	0.000000E+0
3.801476E+3	9.949700E-6	1.155200E+4	0.000000E+0	0.000000E+0
3.804479E+3	9.949500E-6	1.155190E+4	0.000000E+0	0.000000E+0
3.807480E+3	9.950100E-6	1.155190E+4	0.000000E+0	0.000000E+0
3.810480E+3	9.949700E-6	1.155170E+4	0.000000E+0	0.000000E+0
3.813477E+3	9.949700E-6	1.155170E+4	0.000000E+0	0.000000E+0
3.816475E+3	9.949900E-6	1.155170E+4	0.000000E+0	0.000000E+0
3.819477E+3	9.949800E-6	1.155170E+4	0.000000E+0	0.000000E+0
3.822477E+3	9.950000E-6	1.155170E+4	0.000000E+0	0.000000E+0
3.825478E+3	9.950100E-6	1.155160E+4	0.000000E+0	0.000000E+0
3.828477E+3	9.950100E-6	1.155170E+4	0.000000E+0	0.000000E+0
3.831478E+3	9.949800E-6	1.155150E+4	0.000000E+0	0.000000E+0
3.834478E+3	9.949900E-6	1.155150E+4	0.000000E+0	0.000000E+0
3.837478E+3	9.949500E-6	1.155150E+4	0.000000E+0	0.000000E+0
3.840476E+3	9.949800E-6	1.155120E+4	0.000000E+0	0.000000E+0
3.843480E+3	9.949800E-6	1.155100E+4	0.000000E+0	0.000000E+0
3.846481E+3	9.949600E-6	1.155090E+4	0.000000E+0	0.000000E+0
3.849473E+3	9.949600E-6	1.155080E+4	0.000000E+0	0.000000E+0
3.852471E+3	9.950000E-6	1.155060E+4	0.000000E+0	0.000000E+0
3.855467E+3	9.950300E-6	1.155060E+4	0.000000E+0	0.000000E+0
3.858471E+3	9.949700E-6	1.155050E+4	0.000000E+0	0.000000E+0
3.861463E+3	9.949700E-6	1.155050E+4	0.000000E+0	0.000000E+0
3.864474E+3	9.950000E-6	1.155050E+4	0.000000E+0	0.000000E+0
3.867465E+3	9.950300E-6	1.155050E+4	0.000000E+0	0.000000E+0
3.870470E+3	9.950300E-6	1.155050E+4	0.000000E+0	0.000000E+0
3.873462E+3	9.950100E-6	1.155060E+4	0.000000E+0	0.000000E+0
3.876473E+3	9.949800E-6	1.155060E+4	0.000000E+0	0.000000E+0
3.879478E+3	9.950100E-6	1.155070E+4	0.000000E+0	0.000000E+0
3.882476E+3	9.950400E-6	1.155070E+4	0.000000E+0	0.000000E+0
3.885478E+3	9.950500E-6	1.155080E+4	0.000000E+0	0.000000E+0
3.888474E+3	9.950400E-6	1.155070E+4	0.000000E+0	0.000000E+0
3.891479E+3	9.949700E-6	1.155080E+4	0.000000E+0	0.000000E+0
3.894477E+3	9.949900E-6	1.155060E+4	0.000000E+0	0.000000E+0
3.897479E+3	9.949900E-6	1.155060E+4	0.000000E+0	0.000000E+0
3.900479E+3	9.949800E-6	1.155060E+4	0.000000E+0	0.000000E+0
3.903476E+3	9.949500E-6	1.155050E+4	0.000000E+0	0.000000E+0
3.906479E+3	9.949900E-6	1.155040E+4	0.000000E+0	0.000000E+0
3.909479E+3	9.949800E-6	1.155030E+4	0.000000E+0	0.000000E+0
3.912477E+3	9.949700E-6	1.155020E+4	0.000000E+0	0.000000E+0
3.915479E+3	9.949500E-6	1.155010E+4	0.000000E+0	0.000000E+0
3.918475E+3	9.949700E-6	1.155000E+4	0.000000E+0	0.000000E+0
3.921483E+3	9.949600E-6	1.155000E+4	0.000000E+0	0.000000E+0
3.924477E+3	9.950000E-6	1.155010E+4	0.000000E+0	0.000000E+0
3.927484E+3	9.950200E-6	1.155000E+4	0.000000E+0	0.000000E+0
3.930473E+3	9.950000E-6	1.155000E+4	0.000000E+0	0.000000E+0
3.933477E+3	9.950500E-6	1.154980E+4	0.000000E+0	0.000000E+0
3.936488E+3	9.949900E-6	1.154990E+4	0.000000E+0	0.000000E+0
3.939481E+3	9.950200E-6	1.154980E+4	0.000000E+0	0.000000E+0
3.942478E+3	9.949400E-6	1.154980E+4	0.000000E+0	0.000000E+0
3.945480E+3	9.949800E-6	1.154970E+4	0.000000E+0	0.000000E+0
3.948481E+3	9.950200E-6	1.154970E+4	0.000000E+0	0.000000E+0
3.951479E+3	9.949600E-6	1.154970E+4	0.000000E+0	0.000000E+0
3.954483E+3	9.949900E-6	1.154970E+4	0.000000E+0	0.000000E+0
3.957479E+3	9.949600E-6	1.154970E+4	0.000000E+0	0.000000E+0
3.960481E+3	9.950000E-6	1.154970E+4	0.000000E+0	0.000000E+0
3.963478E+3	9.949400E-6	1.154940E+4	0.000000E+0	0.000000E+0
3.966474E+3	9.949900E-6	1.154950E+4	0.000000E+0	0.000000E+0
3.969478E+3	9.949900E-6	1.154940E+4	0.000000E+0	0.000000E+0
3.972482E+3	9.949700E-6	1.154950E+4	0.000000E+0	0.000000E+0
3.975476E+3	9.949500E-6	1.154940E+4	0.000000E+0	0.000000E+0
3.978476E+3	9.949400E-6	1.154930E+4	0.000000E+0	0.000000E+0
3.981476E+3	9.949500E-6	1.154930E+4	0.000000E+0	0.000000E+0
3.984476E+3	9.949700E-6	1.154930E+4	0.000000E+0	0.000000E+0
3.987477E+3	9.949500E-6	1.154920E+4	0.000000E+0	0.000000E+0
3.990474E+3	9.949700E-6	1.154920E+4	0.000000E+0	0.000000E+0
3.993482E+3	9.950000E-6	1.154920E+4	0.000000E+0	0.000000E+0
3.996484E+3	9.949800E-6	1.154920E+4	0.000000E+0	0.000000E+0
3.999486E+3	9.949700E-6	1.154910E+4	0.000000E+0	0.000000E+0
4.002485E+3	9.949800E-6	1.154900E+4	0.000000E+0	0.000000E+0
4.005487E+3	9.949900E-6	1.154900E+4	0.000000E+0	0.000000E+0
4.008477E+3	9.949900E-6	1.154890E+4	0.000000E+0	0.000000E+0
4.011483E+3	9.949700E-6	1.154890E+4	0.000000E+0	0.000000E+0
4.014484E+3	9.949400E-6	1.154880E+4	0.000000E+0	0.000000E+0
4.017480E+3	9.949500E-6	1.154870E+4	0.000000E+0	0.000000E+0
4.020473E+3	9.950000E-6	1.154870E+4	0.000000E+0	0.000000E+0
4.023469E+3	9.949200E-6	1.154870E+4	0.000000E+0	0.000000E+0
4.026467E+3	9.950100E-6	1.154860E+4	0.000000E+0	0.000000E+0
4.029469E+3	9.949500E-6	1.154850E+4	0.000000E+0	0.000000E+0
4.032467E+3	9.949300E-6	1.154840E+4	0.000000E+0	0.000000E+0
4.035465E+3	9.949200E-6	1.154840E+4	0.000000E+0	0.000000E+0
4.038467E+3	9.949700E-6	1.154830E+4	0.000000E+0	0.000000E+0
4.041480E+3	9.949200E-6	1.154820E+4	0.000000E+0	0.000000E+0
4.044480E+3	9.949100E-6	1.154810E+4	0.000000E+0	0.000000E+0
4.047482E+3	9.949400E-6	1.154820E+4	0.000000E+0	0.000000E+0
4.050484E+3	9.949900E-6	1.154810E+4	0.000000E+0	0.000000E+0
4.053482E+3	9.949400E-6	1.154810E+4	0.000000E+0	0.000000E+0
4.056479E+3	9.949700E-6	1.154800E+4	0.000000E+0	0.000000E+0
4.059482E+3	9.949600E-6	1.154790E+4	0.000000E+0	0.000000E+0
4.062477E+3	9.949800E-6	1.154790E+4	0.000000E+0	0.000000E+0
4.065479E+3	9.949900E-6	1.154780E+4	0.000000E+0	0.000000E+0
4.068485E+3	9.949700E-6	1.154790E+4	0.000000E+0	0.000000E+0
4.071483E+3	9.949500E-6	1.154790E+4	0.000000E+0	0.000000E+0
4.074485E+3	9.949600E-6	1.154780E+4	0.000000E+0	0.000000E+0
4.077483E+3	9.949200E-6	1.154790E+4	0.000000E+0	0.000000E+0
4.080481E+3	9.949500E-6	1.154790E+4	0.000000E+0	0.000000E+0
4.083483E+3	9.949300E-6	1.154800E+4	0.000000E+0	0.000000E+0
4.086480E+3	9.949300E-6	1.154800E+4	0.000000E+0	0.000000E+0
4.089483E+3	9.949200E-6	1.154800E+4	0.000000E+0	0.000000E+0
4.092480E+3	9.949000E-6	1.154790E+4	0.000000E+0	0.000000E+0
4.095482E+3	9.949500E-6	1.154770E+4	0.000000E+0	0.000000E+0
4.098483E+3	9.949300E-6	1.154770E+4	0.000000E+0	0.000000E+0
4.101482E+3	9.949000E-6	1.154760E+4	0.000000E+0	0.000000E+0
4.104484E+3	9.949600E-6	1.154750E+4	0.000000E+0	0.000000E+0
4.107483E+3	9.949200E-6	1.154750E+4	0.000000E+0	0.000000E+0
4.110483E+3	9.949600E-6	1.154760E+4	0.000000E+0	0.000000E+0
4.113485E+3	9.949100E-6	1.154750E+4	0.000000E+0	0.000000E+0
4.116473E+3	9.949500E-6	1.154750E+4	0.000000E+0	0.000000E+0
4.119484E+3	9.949200E-6	1.154750E+4	0.000000E+0	0.000000E+0
4.122481E+3	9.949300E-6	1.154750E+4	0.000000E+0	0.000000E+0
4.125481E+3	9.948900E-6	1.154750E+4	0.000000E+0	0.000000E+0
4.128480E+3	9.948700E-6	1.154750E+4	0.000000E+0	0.000000E+0
4.131482E+3	9.949000E-6	1.154750E+4	0.000000E+0	0.000000E+0
4.134484E+3	9.949500E-6	1.154740E+4	0.000000E+0	0.000000E+0
4.137483E+3	9.949000E-6	1.154740E+4	0.000000E+0	0.000000E+0
4.140483E+3	9.949400E-6	1.154740E+4	0.000000E+0	0.000000E+0
4.143482E+3	9.949400E-6	1.154740E+4	0.000000E+0	0.000000E+0
4.146478E+3	9.949200E-6	1.154750E+4	0.000000E+0	0.000000E+0
4.149478E+3	9.949000E-6	1.154740E+4	0.000000E+0	0.000000E+0
4.152485E+3	9.949300E-6	1.154740E+4	0.000000E+0	0.000000E+0
4.155481E+3	9.949200E-6	1.154730E+4	0.000000E+0	0.000000E+0
4.158477E+3	9.949400E-6	1.154730E+4	0.000000E+0	0.000000E+0
4.161485E+3	9.949200E-6	1.154720E+4	0.000000E+0	0.000000E+0
4.164477E+3	9.950000E-6	1.154720E+4	0.000000E+0	0.000000E+0
4.167479E+3	9.948900E-6	1.154720E+4	0.000000E+0	0.000000E+0
4.170482E+3	9.949300E-6	1.154710E+4	0.000000E+0	0.000000E+0
4.173479E+3	9.949200E-6	1.154730E+4	0.000000E+0	0.000000E+0
4.176476E+3	9.948900E-6	1.154720E+4	0.000000E+0	0.000000E+0
4.179477E+3	9.948900E-6	1.154710E+4	0.000000E+0	0.000000E+0
4.182477E+3	9.948900E-6	1.154700E+4	0.000000E+0	0.000000E+0
4.185477E+3	9.949200E-6	1.154700E+4	0.000000E+0	0.000000E+0
4.188474E+3	9.949400E-6	1.154710E+4	0.000000E+0	0.000000E+0
4.191477E+3	9.949600E-6	1.154700E+4	0.000000E+0	0.000000E+0
4.194474E+3	9.949400E-6	1.154690E+4	0.000000E+0	0.000000E+0
4.197481E+3	9.949100E-6	1.154690E+4	0.000000E+0	0.000000E+0
4.200477E+3	9.949400E-6	1.154700E+4	0.000000E+0	0.000000E+0
4.203480E+3	9.949500E-6	1.154690E+4	0.000000E+0	0.000000E+0
4.206478E+3	9.949800E-6	1.154710E+4	0.000000E+0	0.000000E+0
4.209482E+3	9.949600E-6	1.154680E+4	0.000000E+0	0.000000E+0
4.212477E+3	9.949200E-6	1.154680E+4	0.000000E+0	0.000000E+0
4.215478E+3	9.949300E-6	1.154680E+4	0.000000E+0	0.000000E+0
4.218483E+3	9.949200E-6	1.154660E+4	0.000000E+0	0.000000E+0
4.221480E+3	9.949100E-6	1.154660E+4	0.000000E+0	0.000000E+0
4.224481E+3	9.949700E-6	1.154640E+4	0.000000E+0	0.000000E+0
4.227475E+3	9.949200E-6	1.154640E+4	0.000000E+0	0.000000E+0
4.230479E+3	9.948700E-6	1.154640E+4	0.000000E+0	0.000000E+0
4.233478E+3	9.949400E-6	1.154630E+4	0.000000E+0	0.000000E+0
4.236479E+3	9.949600E-6	1.154610E+4	0.000000E+0	0.000000E+0
4.239478E+3	9.949400E-6	1.154620E+4	0.000000E+0	0.000000E+0
4.242482E+3	9.949200E-6	1.154610E+4	0.000000E+0	0.000000E+0
4.245479E+3	9.949400E-6	1.154610E+4	0.000000E+0	0.000000E+0
4.248478E+3	9.949500E-6	1.154620E+4	0.000000E+0	0.000000E+0
4.251481E+3	9.949200E-6	1.154610E+4	0.000000E+0	0.000000E+0
4.254481E+3	9.948900E-6	1.154590E+4	0.000000E+0	0.000000E+0
4.257479E+3	9.949300E-6	1.154590E+4	0.000000E+0	0.000000E+0
4.260477E+3	9.949300E-6	1.154580E+4	0.000000E+0	0.000000E+0
4.263481E+3	9.949800E-6	1.154590E+4	0.000000E+0	0.000000E+0
4.266477E+3	9.949700E-6	1.154580E+4	0.000000E+0	0.000000E+0
4.269480E+3	9.949900E-6	1.154590E+4	0.000000E+0	0.000000E+0
4.272474E+3	9.949600E-6	1.154580E+4	0.000000E+0	0.000000E+0
4.275472E+3	9.949500E-6	1.154580E+4	0.000000E+0	0.000000E+0
4.278472E+3	9.949400E-6	1.154570E+4	0.000000E+0	0.000000E+0
4.281471E+3	9.949600E-6	1.154570E+4	0.000000E+0	0.000000E+0
4.284467E+3	9.949200E-6	1.154570E+4	0.000000E+0	0.000000E+0
4.287466E+3	9.949300E-6	1.154570E+4	0.000000E+0	0.000000E+0
4.290475E+3	9.949700E-6	1.154580E+4	0.000000E+0	0.000000E+0
4.293477E+3	9.949200E-6	1.154570E+4	0.000000E+0	0.000000E+0
4.296477E+3	9.948600E-6	1.154570E+4	0.000000E+0	0.000000E+0
4.299474E+3	9.948600E-6	1.154570E+4	0.000000E+0	0.000000E+0
4.302475E+3	9.948900E-6	1.154560E+4	0.000000E+0	0.000000E+0
4.305473E+3	9.949300E-6	1.154570E+4	0.000000E+0	0.000000E+0
4.308475E+3	9.949500E-6	1.154560E+4	0.000000E+0	0.000000E+0
4.311477E+3	9.949700E-6	1.154550E+4	0.000000E+0	0.000000E+0
4.314473E+3	9.949300E-6	1.154540E+4	0.000000E+0	0.000000E+0
4.317478E+3	9.949100E-6	1.154540E+4	0.000000E+0	0.000000E+0
4.320481E+3	9.949500E-6	1.154540E+4	0.000000E+0	0.000000E+0
4.323481E+3	9.949300E-6	1.154540E+4	0.000000E+0	0.000000E+0
4.326484E+3	9.949600E-6	1.154540E+4	0.000000E+0	0.000000E+0
4.329479E+3	9.949200E-6	1.154550E+4	0.000000E+0	0.000000E+0
4.332481E+3	9.949400E-6	1.154540E+4	0.000000E+0	0.000000E+0
4.335485E+3	9.949100E-6	1.154550E+4	0.000000E+0	0.000000E+0
4.338483E+3	9.949200E-6	1.154540E+4	0.000000E+0	0.000000E+0
4.341476E+3	9.948900E-6	1.154540E+4	0.000000E+0	0.000000E+0
4.344485E+3	9.949200E-6	1.154530E+4	0.000000E+0	0.000000E+0
4.347478E+3	9.949800E-6	1.154530E+4	0.000000E+0	0.000000E+0
4.350481E+3	9.949600E-6	1.154530E+4	0.000000E+0	0.000000E+0
4.353477E+3	9.949900E-6	1.154530E+4	0.000000E+0	0.000000E+0
4.356477E+3	9.949400E-6	1.154520E+4	0.000000E+0	0.000000E+0
4.359477E+3	9.950200E-6	1.154510E+4	0.000000E+0	0.000000E+0
4.362477E+3	9.950000E-6	1.154500E+4	0.000000E+0	0.000000E+0
4.365477E+3	9.950100E-6	1.154490E+4	0.000000E+0	0.000000E+0
4.368477E+3	9.950200E-6	1.154470E+4	0.000000E+0	0.000000E+0
4.371477E+3	9.949900E-6	1.154460E+4	0.000000E+0	0.000000E+0
4.374475E+3	9.949400E-6	1.154450E+4	0.000000E+0	0.000000E+0
4.377479E+3	9.949600E-6	1.154440E+4	0.000000E+0	0.000000E+0
4.380477E+3	9.949500E-6	1.154440E+4	0.000000E+0	0.000000E+0
4.383484E+3	9.949700E-6	1.154440E+4	0.000000E+0	0.000000E+0
4.386474E+3	9.949800E-6	1.154430E+4	0.000000E+0	0.000000E+0
4.389472E+3	9.949200E-6	1.154420E+4	0.000000E+0	0.000000E+0
4.392472E+3	9.949600E-6	1.154430E+4	0.000000E+0	0.000000E+0
4.395469E+3	9.949400E-6	1.154410E+4	0.000000E+0	0.000000E+0
4.398467E+3	9.949700E-6	1.154410E+4	0.000000E+0	0.000000E+0
4.401465E+3	9.949500E-6	1.154410E+4	0.000000E+0	0.000000E+0
4.404468E+3	9.949300E-6	1.154420E+4	0.000000E+0	0.000000E+0
4.407469E+3	9.949500E-6	1.154420E+4	0.000000E+0	0.000000E+0
4.410467E+3	9.949700E-6	1.154410E+4	0.000000E+0	0.000000E+0
4.413465E+3	9.949800E-6	1.154410E+4	0.000000E+0	0.000000E+0
4.416476E+3	9.949500E-6	1.154420E+4	0.000000E+0	0.000000E+0
4.419480E+3	9.949500E-6	1.154430E+4	0.000000E+0	0.000000E+0
4.422480E+3	9.949400E-6	1.154420E+4	0.000000E+0	0.000000E+0
4.425476E+3	9.949200E-6	1.154420E+4	0.000000E+0	0.000000E+0
4.428479E+3	9.949200E-6	1.154430E+4	0.000000E+0	0.000000E+0
4.431482E+3	9.949400E-6	1.154420E+4	0.000000E+0	0.000000E+0
4.434481E+3	9.948900E-6	1.154420E+4	0.000000E+0	0.000000E+0
4.437481E+3	9.949400E-6	1.154420E+4	0.000000E+0	0.000000E+0
4.440473E+3	9.949500E-6	1.154420E+4	0.000000E+0	0.000000E+0
4.443483E+3	9.949300E-6	1.154420E+4	0.000000E+0	0.000000E+0
4.446481E+3	9.949400E-6	1.154420E+4	0.000000E+0	0.000000E+0
4.449483E+3	9.948700E-6	1.154430E+4	0.000000E+0	0.000000E+0
4.452483E+3	9.949500E-6	1.154430E+4	0.000000E+0	0.000000E+0
4.455482E+3	9.949000E-6	1.154430E+4	0.000000E+0	0.000000E+0
4.458482E+3	9.949100E-6	1.154430E+4	0.000000E+0	0.000000E+0
4.461482E+3	9.948900E-6	1.154430E+4	0.000000E+0	0.000000E+0
4.464485E+3	9.949100E-6	1.154420E+4	0.000000E+0	0.000000E+0
4.467477E+3	9.949500E-6	1.154410E+4	0.000000E+0	0.000000E+0
4.470477E+3	9.949500E-6	1.154400E+4	0.000000E+0	0.000000E+0
4.473475E+3	9.949400E-6	1.154380E+4	0.000000E+0	0.000000E+0
4.476474E+3	9.949900E-6	1.154350E+4	0.000000E+0	0.000000E+0
4.479477E+3	9.949200E-6	1.154350E+4	0.000000E+0	0.000000E+0
4.482480E+3	9.949100E-6	1.154330E+4	0.000000E+0	0.000000E+0
4.485475E+3	9.949300E-6	1.154330E+4	0.000000E+0	0.000000E+0
4.488478E+3	9.949300E-6	1.154320E+4	0.000000E+0	0.000000E+0
4.491484E+3	9.949000E-6	1.154320E+4	0.000000E+0	0.000000E+0
4.494477E+3	9.949400E-6	1.154320E+4	0.000000E+0	0.000000E+0
4.497478E+3	9.949200E-6	1.154320E+4	0.000000E+0	0.000000E+0
4.500473E+3	9.949000E-6	1.154310E+4	0.000000E+0	0.000000E+0
4.503478E+3	9.949000E-6	1.154310E+4	0.000000E+0	0.000000E+0
4.506478E+3	9.949200E-6	1.154320E+4	0.000000E+0	0.000000E+0
4.509476E+3	9.948800E-6	1.154310E+4	0.000000E+0	0.000000E+0
4.512473E+3	9.949000E-6	1.154320E+4	0.000000E+0	0.000000E+0
4.515475E+3	9.949600E-6	1.154310E+4	0.000000E+0	0.000000E+0
4.518484E+3	9.949200E-6	1.154310E+4	0.000000E+0	0.000000E+0
4.521479E+3	9.948800E-6	1.154310E+4	0.000000E+0	0.000000E+0
4.524478E+3	9.948900E-6	1.154300E+4	0.000000E+0	0.000000E+0
4.527481E+3	9.949200E-6	1.154290E+4	0.000000E+0	0.000000E+0
4.530478E+3	9.949000E-6	1.154280E+4	0.000000E+0	0.000000E+0
4.533484E+3	9.949500E-6	1.154280E+4	0.000000E+0	0.000000E+0
4.536473E+3	9.948800E-6	1.154270E+4	0.000000E+0	0.000000E+0
4.539482E+3	9.948500E-6	1.154270E+4	0.000000E+0	0.000000E+0
4.542477E+3	9.949300E-6	1.154260E+4	0.000000E+0	0.000000E+0
4.545485E+3	9.949300E-6	1.154260E+4	0.000000E+0	0.000000E+0
4.548472E+3	9.949300E-6	1.154270E+4	0.000000E+0	0.000000E+0
4.551473E+3	9.949300E-6	1.154250E+4	0.000000E+0	0.000000E+0
4.554469E+3	9.949200E-6	1.154250E+4	0.000000E+0	0.000000E+0
4.557466E+3	9.949200E-6	1.154250E+4	0.000000E+0	0.000000E+0
4.560464E+3	9.949200E-6	1.154250E+4	0.000000E+0	0.000000E+0
4.563467E+3	9.949000E-6	1.154260E+4	0.000000E+0	0.000000E+0
4.566464E+3	9.949500E-6	1.154260E+4	0.000000E+0	0.000000E+0
4.569466E+3	9.948700E-6	1.154260E+4	0.000000E+0	0.000000E+0
4.572466E+3	9.949300E-6	1.154260E+4	0.000000E+0	0.000000E+0
4.575466E+3	9.949400E-6	1.154270E+4	0.000000E+0	0.000000E+0
4.578472E+3	9.949200E-6	1.154250E+4	0.000000E+0	0.000000E+0
4.581472E+3	9.949300E-6	1.154260E+4	0.000000E+0	0.000000E+0
4.584474E+3	9.949300E-6	1.154270E+4	0.000000E+0	0.000000E+0
4.587474E+3	9.949200E-6	1.154280E+4	0.000000E+0	0.000000E+0
4.590464E+3	9.949600E-6	1.154290E+4	0.000000E+0	0.000000E+0
4.593472E+3	9.949700E-6	1.154290E+4	0.000000E+0	0.000000E+0
4.596470E+3	9.949700E-6	1.154280E+4	0.000000E+0	0.000000E+0
4.599477E+3	9.949100E-6	1.154280E+4	0.000000E+0	0.000000E+0
4.602477E+3	9.949100E-6	1.154270E+4	0.000000E+0	0.000000E+0
4.605475E+3	9.949100E-6	1.154270E+4	0.000000E+0	0.000000E+0
4.608477E+3	9.949200E-6	1.154260E+4	0.000000E+0	0.000000E+0
4.611477E+3	9.948800E-6	1.154260E+4	0.000000E+0	0.000000E+0
4.614475E+3	9.948900E-6	1.154250E+4	0.000000E+0	0.000000E+0
4.617479E+3	9.948100E-6	1.154260E+4	0.000000E+0	0.000000E+0
4.620481E+3	9.949000E-6	1.154260E+4	0.000000E+0	0.000000E+0
4.623480E+3	9.949200E-6	1.154260E+4	0.000000E+0	0.000000E+0
4.626482E+3	9.948900E-6	1.154250E+4	0.000000E+0	0.000000E+0
4.629480E+3	9.948900E-6	1.154250E+4	0.000000E+0	0.000000E+0
4.632479E+3	9.949500E-6	1.154240E+4	0.000000E+0	0.000000E+0
4.635479E+3	9.948900E-6	1.154230E+4	0.000000E+0	0.000000E+0
4.638479E+3	9.949000E-6	1.154230E+4	0.000000E+0	0.000000E+0
4.641481E+3	9.949000E-6	1.154230E+4	0.000000E+0	0.000000E+0
4.644481E+3	9.949300E-6	1.154230E+4	0.000000E+0	0.000000E+0
4.647483E+3	9.948600E-6	1.154220E+4	0.000000E+0	0.000000E+0
4.650480E+3	9.949100E-6	1.154220E+4	0.000000E+0	0.000000E+0
4.653483E+3	9.948600E-6	1.154210E+4	0.000000E+0	0.000000E+0
4.656484E+3	9.949000E-6	1.154210E+4	0.000000E+0	0.000000E+0
4.659483E+3	9.948800E-6	1.154200E+4	0.000000E+0	0.000000E+0
4.662483E+3	9.949400E-6	1.154200E+4	0.000000E+0	0.000000E+0
4.665486E+3	9.948400E-6	1.154200E+4	0.000000E+0	0.000000E+0
4.668483E+3	9.948700E-6	1.154200E+4	0.000000E+0	0.000000E+0
4.671486E+3	9.949200E-6	1.154200E+4	0.000000E+0	0.000000E+0
4.674483E+3	9.949200E-6	1.154200E+4	0.000000E+0	0.000000E+0
4.677483E+3	9.949000E-6	1.154200E+4	0.000000E+0	0.000000E+0
4.680483E+3	9.949000E-6	1.154190E+4	0.000000E+0	0.000000E+0
4.683485E+3	9.949100E-6	1.154200E+4	0.000000E+0	0.000000E+0
4.686481E+3	9.949300E-6	1.154210E+4	0.000000E+0	0.000000E+0
4.689484E+3	9.948900E-6	1.154220E+4	0.000000E+0	0.000000E+0
4.692483E+3	9.949700E-6	1.154220E+4	0.000000E+0	0.000000E+0
4.695485E+3	9.949000E-6	1.154220E+4	0.000000E+0	0.000000E+0
4.698485E+3	9.948900E-6	1.154220E+4	0.000000E+0	0.000000E+0
4.701487E+3	9.948800E-6	1.154220E+4	0.000000E+0	0.000000E+0
4.704483E+3	9.949100E-6	1.154210E+4	0.000000E+0	0.000000E+0
4.707485E+3	9.949400E-6	1.154200E+4	0.000000E+0	0.000000E+0
4.710483E+3	9.949100E-6	1.154200E+4	0.000000E+0	0.000000E+0
4.713487E+3	9.949300E-6	1.154190E+4	0.000000E+0	0.000000E+0
4.716483E+3	9.949300E-6	1.154180E+4	0.000000E+0	0.000000E+0
4.719487E+3	9.948800E-6	1.154170E+4	0.000000E+0	0.000000E+0
4.722482E+3	9.948700E-6	1.154150E+4	0.000000E+0	0.000000E+0
4.725482E+3	9.948900E-6	1.154140E+4	0.000000E+0	0.000000E+0
4.728482E+3	9.949000E-6	1.154140E+4	0.000000E+0	0.000000E+0
4.731485E+3	9.948800E-6	1.154130E+4	0.000000E+0	0.000000E+0
4.734485E+3	9.948800E-6	1.154130E+4	0.000000E+0	0.000000E+0
4.737485E+3	9.948700E-6	1.154110E+4	0.000000E+0	0.000000E+0
4.740474E+3	9.948500E-6	1.154110E+4	0.000000E+0	0.000000E+0
4.743472E+3	9.948900E-6	1.154100E+4	0.000000E+0	0.000000E+0
4.746470E+3	9.948800E-6	1.154100E+4	0.000000E+0	0.000000E+0
4.749467E+3	9.949100E-6	1.154090E+4	0.000000E+0	0.000000E+0
4.752464E+3	9.949000E-6	1.154090E+4	0.000000E+0	0.000000E+0
4.755466E+3	9.948500E-6	1.154080E+4	0.000000E+0	0.000000E+0
4.758464E+3	9.948900E-6	1.154070E+4	0.000000E+0	0.000000E+0
4.761464E+3	9.948800E-6	1.154060E+4	0.000000E+0	0.000000E+0
4.764477E+3	9.949000E-6	1.154060E+4	0.000000E+0	0.000000E+0
4.767482E+3	9.949000E-6	1.154070E+4	0.000000E+0	0.000000E+0
4.770480E+3	9.948400E-6	1.154050E+4	0.000000E+0	0.000000E+0
4.773482E+3	9.948700E-6	1.154060E+4	0.000000E+0	0.000000E+0
4.776480E+3	9.948600E-6	1.154050E+4	0.000000E+0	0.000000E+0
4.779482E+3	9.948600E-6	1.154050E+4	0.000000E+0	0.000000E+0
4.782481E+3	9.948700E-6	1.154050E+4	0.000000E+0	0.000000E+0
4.785484E+3	9.948700E-6	1.154040E+4	0.000000E+0	0.000000E+0
4.788487E+3	9.948500E-6	1.154040E+4	0.000000E+0	0.000000E+0
4.791483E+3	9.948700E-6	1.154040E+4	0.000000E+0	0.000000E+0
4.794483E+3	9.948600E-6	1.154040E+4	0.000000E+0	0.000000E+0
4.797485E+3	9.948400E-6	1.154040E+4	0.000000E+0	0.000000E+0
4.800481E+3	9.948200E-6	1.154040E+4	0.000000E+0	0.000000E+0
4.803483E+3	9.948700E-6	1.154040E+4	0.000000E+0	0.000000E+0
4.806483E+3	9.949000E-6	1.154040E+4	0.000000E+0	0.000000E+0
4.809479E+3	9.948500E-6	1.154040E+4	0.000000E+0	0.000000E+0
4.812482E+3	9.948900E-6	1.154040E+4	0.000000E+0	0.000000E+0
4.815479E+3	9.948400E-6	1.154050E+4	0.000000E+0	0.000000E+0
4.818482E+3	9.948500E-6	1.154060E+4	0.000000E+0	0.000000E+0
4.821485E+3	9.948700E-6	1.154060E+4	0.000000E+0	0.000000E+0
4.824482E+3	9.948400E-6	1.154060E+4	0.000000E+0	0.000000E+0
4.827482E+3	9.948800E-6	1.154050E+4	0.000000E+0	0.000000E+0
4.830482E+3	9.948400E-6	1.154050E+4	0.000000E+0	0.000000E+0
4.833484E+3	9.948500E-6	1.154040E+4	0.000000E+0	0.000000E+0
4.836482E+3	9.948100E-6	1.154050E+4	0.000000E+0	0.000000E+0
4.839484E+3	9.948400E-6	1.154050E+4	0.000000E+0	0.000000E+0
4.842484E+3	9.949000E-6	1.154070E+4	0.000000E+0	0.000000E+0
4.845486E+3	9.948200E-6	1.154060E+4	0.000000E+0	0.000000E+0
4.848483E+3	9.948200E-6	1.154070E+4	0.000000E+0	0.000000E+0
4.851486E+3	9.949100E-6	1.154050E+4	0.000000E+0	0.000000E+0
4.854485E+3	9.949000E-6	1.154040E+4	0.000000E+0	0.000000E+0
4.857481E+3	9.948300E-6	1.154030E+4	0.000000E+0	0.000000E+0
4.860485E+3	9.948800E-6	1.154020E+4	0.000000E+0	0.000000E+0
4.863483E+3	9.948700E-6	1.154030E+4	0.000000E+0	0.000000E+0
4.866481E+3	9.948700E-6	1.154030E+4	0.000000E+0	0.000000E+0
4.869485E+3	9.948700E-6	1.154040E+4	0.000000E+0	0.000000E+0
4.872485E+3	9.948300E-6	1.154050E+4	0.000000E+0	0.000000E+0
4.875484E+3	9.948500E-6	1.154050E+4	0.000000E+0	0.000000E+0
4.878476E+3	9.948100E-6	1.154070E+4	0.000000E+0	0.000000E+0
4.881484E+3	9.948100E-6	1.154080E+4	0.000000E+0	0.000000E+0
4.884476E+3	9.948300E-6	1.154090E+4	0.000000E+0	0.000000E+0
4.887480E+3	9.948300E-6	1.154090E+4	0.000000E+0	0.000000E+0
4.890476E+3	9.948100E-6	1.154080E+4	0.000000E+0	0.000000E+0
4.893478E+3	9.948300E-6	1.154090E+4	0.000000E+0	0.000000E+0
4.896481E+3	9.948300E-6	1.154090E+4	0.000000E+0	0.000000E+0
4.899478E+3	9.948100E-6	1.154080E+4	0.000000E+0	0.000000E+0
4.902485E+3	9.948100E-6	1.154080E+4	0.000000E+0	0.000000E+0
4.905484E+3	9.948100E-6	1.154090E+4	0.000000E+0	0.000000E+0
4.908484E+3	9.948000E-6	1.154070E+4	0.000000E+0	0.000000E+0
4.911487E+3	9.948300E-6	1.154070E+4	0.000000E+0	0.000000E+0
4.914474E+3	9.948400E-6	1.154070E+4	0.000000E+0	0.000000E+0
4.917474E+3	9.948300E-6	1.154060E+4	0.000000E+0	0.000000E+0
4.920472E+3	9.948300E-6	1.154050E+4	0.000000E+0	0.000000E+0
4.923469E+3	9.948800E-6	1.154040E+4	0.000000E+0	0.000000E+0
4.926468E+3	9.948300E-6	1.154040E+4	0.000000E+0	0.000000E+0
4.929468E+3	9.948300E-6	1.154020E+4	0.000000E+0	0.000000E+0
4.932468E+3	9.948300E-6	1.154020E+4	0.000000E+0	0.000000E+0
4.935464E+3	9.948300E-6	1.154010E+4	0.000000E+0	0.000000E+0
4.938467E+3	9.948600E-6	1.154020E+4	0.000000E+0	0.000000E+0
4.941467E+3	9.948600E-6	1.154030E+4	0.000000E+0	0.000000E+0
4.944466E+3	9.948900E-6	1.154030E+4	0.000000E+0	0.000000E+0
4.947487E+3	9.948900E-6	1.154040E+4	0.000000E+0	0.000000E+0
4.950495E+3	9.948600E-6	1.154030E+4	0.000000E+0	0.000000E+0
4.953485E+3	9.948000E-6	1.154040E+4	0.000000E+0	0.000000E+0
4.956481E+3	9.948400E-6	1.154040E+4	0.000000E+0	0.000000E+0
4.959475E+3	9.948500E-6	1.154030E+4	0.000000E+0	0.000000E+0
4.962486E+3	9.948400E-6	1.154030E+4	0.000000E+0	0.000000E+0
4.965481E+3	9.948000E-6	1.154030E+4	0.000000E+0	0.000000E+0
4.968485E+3	9.948900E-6	1.154020E+4	0.000000E+0	0.000000E+0
4.971485E+3	9.948200E-6	1.154020E+4	0.000000E+0	0.000000E+0
4.974478E+3	9.948700E-6	1.154050E+4	0.000000E+0	0.000000E+0
4.977481E+3	9.948600E-6	1.154050E+4	0.000000E+0	0.000000E+0
4.980476E+3	9.948400E-6	1.154060E+4	0.000000E+0	0.000000E+0
4.983476E+3	9.948100E-6	1.154060E+4	0.000000E+0	0.000000E+0
4.986483E+3	9.948400E-6	1.154060E+4	0.000000E+0	0.000000E+0
4.989479E+3	9.948000E-6	1.154070E+4	0.000000E+0	0.000000E+0
4.992487E+3	9.948000E-6	1.154070E+4	0.000000E+0	0.000000E+0
4.995481E+3	9.948100E-6	1.154080E+4	0.000000E+0	0.000000E+0
4.998481E+3	9.947800E-6	1.154080E+4	0.000000E+0	0.000000E+0
5.001482E+3	9.947700E-6	1.154080E+4	0.000000E+0	0.000000E+0
5.004481E+3	9.947600E-6	1.154080E+4	0.000000E+0	0.000000E+0
5.007479E+3	9.944900E-6	1.154090E+4	0.000000E+0	0.000000E+0
5.010477E+3	9.945200E-6	1.154090E+4	0.000000E+0	0.000000E+0
5.013482E+3	9.946100E-6	1.154090E+4	0.000000E+0	0.000000E+0
5.016476E+3	9.946300E-6	1.154090E+4	0.000000E+0	0.000000E+0
5.019480E+3	9.945400E-6	1.154080E+4	0.000000E+0	0.000000E+0
5.022482E+3	9.944900E-6	1.154060E+4	0.000000E+0	0.000000E+0
5.025477E+3	9.945200E-6	1.154050E+4	0.000000E+0	0.000000E+0
5.028477E+3	9.944900E-6	1.154050E+4	0.000000E+0	0.000000E+0
5.031477E+3	9.945400E-6	1.154040E+4	0.000000E+0	0.000000E+0
5.034475E+3	9.944900E-6	1.154040E+4	0.000000E+0	0.000000E+0
5.037477E+3	9.944900E-6	1.154040E+4	0.000000E+0	0.000000E+0
5.040475E+3	9.944800E-6	1.154060E+4	0.000000E+0	0.000000E+0
5.043477E+3	9.944400E-6	1.154060E+4	0.000000E+0	0.000000E+0
5.046477E+3	9.944700E-6	1.154060E+4	0.000000E+0	0.000000E+0
5.049477E+3	9.945100E-6	1.154060E+4	0.000000E+0	0.000000E+0
5.052475E+3	9.948200E-6	1.154070E+4	0.000000E+0	0.000000E+0
5.055477E+3	9.948100E-6	1.154060E+4	0.000000E+0	0.000000E+0
5.058473E+3	9.947800E-6	1.154070E+4	0.000000E+0	0.000000E+0
5.061477E+3	9.948000E-6	1.154070E+4	0.000000E+0	0.000000E+0
5.064475E+3	9.948000E-6	1.154070E+4	0.000000E+0	0.000000E+0
5.067476E+3	9.948500E-6	1.154060E+4	0.000000E+0	0.000000E+0
5.070476E+3	9.947400E-6	1.154050E+4	0.000000E+0	0.000000E+0
5.073476E+3	9.947600E-6	1.154050E+4	0.000000E+0	0.000000E+0
5.076476E+3	9.947200E-6	1.154050E+4	0.000000E+0	0.000000E+0
5.079476E+3	9.947100E-6	1.154040E+4	0.000000E+0	0.000000E+0
5.082475E+3	9.947000E-6	1.154040E+4	0.000000E+0	0.000000E+0
5.085482E+3	9.947100E-6	1.154040E+4	0.000000E+0	0.000000E+0
5.088481E+3	9.947200E-6	1.154030E+4	0.000000E+0	0.000000E+0
5.091479E+3	9.947600E-6	1.154040E+4	0.000000E+0	0.000000E+0
5.094478E+3	9.947300E-6	1.154030E+4	0.000000E+0	0.000000E+0
5.097478E+3	9.946900E-6	1.154030E+4	0.000000E+0	0.000000E+0
5.100477E+3	9.947200E-6	1.154030E+4	0.000000E+0	0.000000E+0
5.103481E+3	9.947400E-6	1.154020E+4	0.000000E+0	0.000000E+0
5.106476E+3	9.947300E-6	1.154020E+4	0.000000E+0	0.000000E+0
5.109477E+3	9.947700E-6	1.154010E+4	0.000000E+0	0.000000E+0
5.112477E+3	9.948000E-6	1.154020E+4	0.000000E+0	0.000000E+0
5.115482E+3	9.947400E-6	1.154020E+4	0.000000E+0	0.000000E+0
5.118476E+3	9.946700E-6	1.154020E+4	0.000000E+0	0.000000E+0
5.121474E+3	9.947200E-6	1.154020E+4	0.000000E+0	0.000000E+0
5.124469E+3	9.947300E-6	1.154020E+4	0.000000E+0	0.000000E+0
5.127467E+3	9.947300E-6	1.154020E+4	0.000000E+0	0.000000E+0
5.130480E+3	9.947500E-6	1.154010E+4	0.000000E+0	0.000000E+0
5.133488E+3	9.947400E-6	1.154030E+4	0.000000E+0	0.000000E+0
5.136478E+3	9.947600E-6	1.154020E+4	0.000000E+0	0.000000E+0
5.139477E+3	9.947300E-6	1.154020E+4	0.000000E+0	0.000000E+0
5.142480E+3	9.947500E-6	1.154020E+4	0.000000E+0	0.000000E+0
5.145482E+3	9.947700E-6	1.154010E+4	0.000000E+0	0.000000E+0
5.148480E+3	9.947100E-6	1.154000E+4	0.000000E+0	0.000000E+0
5.151486E+3	9.946900E-6	1.154010E+4	0.000000E+0	0.000000E+0
5.154481E+3	9.946800E-6	1.154000E+4	0.000000E+0	0.000000E+0
5.157483E+3	9.947100E-6	1.153990E+4	0.000000E+0	0.000000E+0
5.160480E+3	9.947200E-6	1.153970E+4	0.000000E+0	0.000000E+0
5.163481E+3	9.947900E-6	1.153960E+4	0.000000E+0	0.000000E+0
5.166483E+3	9.948200E-6	1.153950E+4	0.000000E+0	0.000000E+0
5.169481E+3	9.947500E-6	1.153940E+4	0.000000E+0	0.000000E+0
5.172479E+3	9.947900E-6	1.153940E+4	0.000000E+0	0.000000E+0
5.175483E+3	9.947100E-6	1.153940E+4	0.000000E+0	0.000000E+0
5.178483E+3	9.947200E-6	1.153930E+4	0.000000E+0	0.000000E+0
5.181479E+3	9.947700E-6	1.153930E+4	0.000000E+0	0.000000E+0
5.184478E+3	9.947200E-6	1.153940E+4	0.000000E+0	0.000000E+0
5.187482E+3	9.947000E-6	1.153940E+4	0.000000E+0	0.000000E+0
5.190479E+3	9.947200E-6	1.153950E+4	0.000000E+0	0.000000E+0
5.193481E+3	9.946800E-6	1.153960E+4	0.000000E+0	0.000000E+0
5.196479E+3	9.947200E-6	1.153960E+4	0.000000E+0	0.000000E+0
5.199482E+3	9.947000E-6	1.153970E+4	0.000000E+0	0.000000E+0
5.202481E+3	9.947000E-6	1.153970E+4	0.000000E+0	0.000000E+0
5.205481E+3	9.947100E-6	1.153960E+4	0.000000E+0	0.000000E+0
5.208480E+3	9.946900E-6	1.153960E+4	0.000000E+0	0.000000E+0
5.211484E+3	9.946900E-6	1.153960E+4	0.000000E+0	0.000000E+0
5.214480E+3	9.946800E-6	1.153960E+4	0.000000E+0	0.000000E+0
5.217482E+3	9.946600E-6	1.153970E+4	0.000000E+0	0.000000E+0
5.220480E+3	9.947000E-6	1.153980E+4	0.000000E+0	0.000000E+0
5.223482E+3	9.947100E-6	1.153960E+4	0.000000E+0	0.000000E+0
5.226482E+3	9.946900E-6	1.153970E+4	0.000000E+0	0.000000E+0
5.229482E+3	9.947000E-6	1.153970E+4	0.000000E+0	0.000000E+0
5.232483E+3	9.947400E-6	1.153970E+4	0.000000E+0	0.000000E+0
5.235483E+3	9.947000E-6	1.153940E+4	0.000000E+0	0.000000E+0
5.238480E+3	9.946900E-6	1.153950E+4	0.000000E+0	0.000000E+0
5.241483E+3	9.947000E-6	1.153950E+4	0.000000E+0	0.000000E+0
5.244480E+3	9.947000E-6	1.153950E+4	0.000000E+0	0.000000E+0
5.247481E+3	9.946700E-6	1.153950E+4	0.000000E+0	0.000000E+0
5.250476E+3	9.946500E-6	1.153940E+4	0.000000E+0	0.000000E+0
5.253485E+3	9.947100E-6	1.153940E+4	0.000000E+0	0.000000E+0
5.256476E+3	9.946600E-6	1.153930E+4	0.000000E+0	0.000000E+0
5.259475E+3	9.946600E-6	1.153940E+4	0.000000E+0	0.000000E+0
5.262473E+3	9.946300E-6	1.153940E+4	0.000000E+0	0.000000E+0
5.265472E+3	9.946600E-6	1.153950E+4	0.000000E+0	0.000000E+0
5.268470E+3	9.946900E-6	1.153950E+4	0.000000E+0	0.000000E+0
5.271467E+3	9.946800E-6	1.153970E+4	0.000000E+0	0.000000E+0
5.274470E+3	9.946300E-6	1.153960E+4	0.000000E+0	0.000000E+0
5.277470E+3	9.946500E-6	1.153960E+4	0.000000E+0	0.000000E+0
5.280466E+3	9.946800E-6	1.153980E+4	0.000000E+0	0.000000E+0
5.283465E+3	9.947500E-6	1.153990E+4	0.000000E+0	0.000000E+0
5.286468E+3	9.946900E-6	1.154000E+4	0.000000E+0	0.000000E+0
5.289466E+3	9.947300E-6	1.153990E+4	0.000000E+0	0.000000E+0
5.292469E+3	9.946800E-6	1.154000E+4	0.000000E+0	0.000000E+0
5.295463E+3	9.946600E-6	1.154010E+4	0.000000E+0	0.000000E+0
5.298469E+3	9.946100E-6	1.154000E+4	0.000000E+0	0.000000E+0
5.301466E+3	9.946200E-6	1.154000E+4	0.000000E+0	0.000000E+0
5.304474E+3	9.946900E-6	1.154010E+4	0.000000E+0	0.000000E+0
5.307476E+3	9.946300E-6	1.154030E+4	0.000000E+0	0.000000E+0
5.310475E+3	9.946500E-6	1.154020E+4	0.000000E+0	0.000000E+0
5.313482E+3	9.946400E-6	1.154050E+4	0.000000E+0	0.000000E+0
5.316479E+3	9.946500E-6	1.154040E+4	0.000000E+0	0.000000E+0
5.319482E+3	9.946500E-6	1.154060E+4	0.000000E+0	0.000000E+0
5.322480E+3	9.946500E-6	1.154050E+4	0.000000E+0	0.000000E+0
5.325483E+3	9.946400E-6	1.154050E+4	0.000000E+0	0.000000E+0
5.328480E+3	9.947100E-6	1.154050E+4	0.000000E+0	0.000000E+0
5.331482E+3	9.946800E-6	1.154050E+4	0.000000E+0	0.000000E+0
5.334477E+3	9.946500E-6	1.154040E+4	0.000000E+0	0.000000E+0
5.337481E+3	9.946800E-6	1.154030E+4	0.000000E+0	0.000000E+0
5.340477E+3	9.946700E-6	1.154020E+4	0.000000E+0	0.000000E+0
5.343480E+3	9.946200E-6	1.154000E+4	0.000000E+0	0.000000E+0
5.346481E+3	9.946400E-6	1.154000E+4	0.000000E+0	0.000000E+0
5.349477E+3	9.946500E-6	1.153980E+4	0.000000E+0	0.000000E+0
5.352475E+3	9.946400E-6	1.153970E+4	0.000000E+0	0.000000E+0
5.355480E+3	9.946600E-6	1.153980E+4	0.000000E+0	0.000000E+0
5.358481E+3	9.947000E-6	1.153980E+4	0.000000E+0	0.000000E+0
5.361479E+3	9.947000E-6	1.153980E+4	0.000000E+0	0.000000E+0
5.364481E+3	9.946700E-6	1.153970E+4	0.000000E+0	0.000000E+0
5.367478E+3	9.946400E-6	1.153970E+4	0.000000E+0	0.000000E+0
5.370478E+3	9.946700E-6	1.153970E+4	0.000000E+0	0.000000E+0
5.373479E+3	9.946800E-6	1.153980E+4	0.000000E+0	0.000000E+0
5.376478E+3	9.946800E-6	1.153990E+4	0.000000E+0	0.000000E+0
5.379481E+3	9.946500E-6	1.153990E+4	0.000000E+0	0.000000E+0
5.382481E+3	9.946600E-6	1.154000E+4	0.000000E+0	0.000000E+0
5.385476E+3	9.946500E-6	1.154020E+4	0.000000E+0	0.000000E+0
5.388479E+3	9.946500E-6	1.154010E+4	0.000000E+0	0.000000E+0
5.391482E+3	9.946700E-6	1.154020E+4	0.000000E+0	0.000000E+0
5.394480E+3	9.946800E-6	1.154040E+4	0.000000E+0	0.000000E+0
5.397479E+3	9.946900E-6	1.154050E+4	0.000000E+0	0.000000E+0
5.400477E+3	9.946700E-6	1.154050E+4	0.000000E+0	0.000000E+0
5.403480E+3	9.947200E-6	1.154050E+4	0.000000E+0	0.000000E+0
5.406482E+3	9.946900E-6	1.154040E+4	0.000000E+0	0.000000E+0
5.409477E+3	9.947100E-6	1.154040E+4	0.000000E+0	0.000000E+0
5.412474E+3	9.947100E-6	1.154030E+4	0.000000E+0	0.000000E+0
5.415483E+3	9.947200E-6	1.154030E+4	0.000000E+0	0.000000E+0
5.418482E+3	9.946500E-6	1.154020E+4	0.000000E+0	0.000000E+0
5.421480E+3	9.946800E-6	1.154010E+4	0.000000E+0	0.000000E+0
5.424477E+3	9.946500E-6	1.154000E+4	0.000000E+0	0.000000E+0
5.427478E+3	9.946300E-6	1.153980E+4	0.000000E+0	0.000000E+0
5.430478E+3	9.946900E-6	1.153970E+4	0.000000E+0	0.000000E+0
5.433477E+3	9.946500E-6	1.153950E+4	0.000000E+0	0.000000E+0
5.436481E+3	9.946500E-6	1.153950E+4	0.000000E+0	0.000000E+0
5.439475E+3	9.946400E-6	1.153940E+4	0.000000E+0	0.000000E+0
5.442480E+3	9.946800E-6	1.153930E+4	0.000000E+0	0.000000E+0
5.445481E+3	9.946900E-6	1.153920E+4	0.000000E+0	0.000000E+0
5.448484E+3	9.946000E-6	1.153910E+4	0.000000E+0	0.000000E+0
5.451476E+3	9.946500E-6	1.153910E+4	0.000000E+0	0.000000E+0
5.454476E+3	9.946500E-6	1.153910E+4	0.000000E+0	0.000000E+0
5.457473E+3	9.946700E-6	1.153920E+4	0.000000E+0	0.000000E+0
5.460479E+3	9.946400E-6	1.153920E+4	0.000000E+0	0.000000E+0
5.463481E+3	9.946000E-6	1.153920E+4	0.000000E+0	0.000000E+0
5.466482E+3	9.946700E-6	1.153920E+4	0.000000E+0	0.000000E+0
5.469474E+3	9.947000E-6	1.153920E+4	0.000000E+0	0.000000E+0
5.472474E+3	9.946600E-6	1.153920E+4	0.000000E+0	0.000000E+0
5.475474E+3	9.946700E-6	1.153910E+4	0.000000E+0	0.000000E+0
5.478479E+3	9.946700E-6	1.153900E+4	0.000000E+0	0.000000E+0
5.481482E+3	9.946800E-6	1.153880E+4	0.000000E+0	0.000000E+0
5.484482E+3	9.946500E-6	1.153870E+4	0.000000E+0	0.000000E+0
5.487477E+3	9.946000E-6	1.153850E+4	0.000000E+0	0.000000E+0
5.490477E+3	9.945900E-6	1.153840E+4	0.000000E+0	0.000000E+0
5.493480E+3	9.946000E-6	1.153850E+4	0.000000E+0	0.000000E+0
5.496482E+3	9.946100E-6	1.153870E+4	0.000000E+0	0.000000E+0
5.499474E+3	9.946200E-6	1.153870E+4	0.000000E+0	0.000000E+0
5.502477E+3	9.945700E-6	1.153880E+4	0.000000E+0	0.000000E+0
5.505477E+3	9.945600E-6	1.153880E+4	0.000000E+0	0.000000E+0
5.508480E+3	9.946300E-6	1.153900E+4	0.000000E+0	0.000000E+0
5.511482E+3	9.946400E-6	1.153910E+4	0.000000E+0	0.000000E+0
5.514482E+3	9.947000E-6	1.153930E+4	0.000000E+0	0.000000E+0
5.517483E+3	9.946300E-6	1.153940E+4	0.000000E+0	0.000000E+0
5.520480E+3	9.946200E-6	1.153970E+4	0.000000E+0	0.000000E+0
5.523482E+3	9.946000E-6	1.153970E+4	0.000000E+0	0.000000E+0
5.526478E+3	9.946000E-6	1.154000E+4	0.000000E+0	0.000000E+0
5.529481E+3	9.945600E-6	1.153990E+4	0.000000E+0	0.000000E+0
5.532480E+3	9.946100E-6	1.153990E+4	0.000000E+0	0.000000E+0
5.535483E+3	9.945900E-6	1.153990E+4	0.000000E+0	0.000000E+0
5.538480E+3	9.945500E-6	1.153980E+4	0.000000E+0	0.000000E+0
5.541481E+3	9.945900E-6	1.153970E+4	0.000000E+0	0.000000E+0
5.544483E+3	9.946000E-6	1.153970E+4	0.000000E+0	0.000000E+0
5.547475E+3	9.946400E-6	1.153960E+4	0.000000E+0	0.000000E+0
5.550467E+3	9.945800E-6	1.153950E+4	0.000000E+0	0.000000E+0
5.553467E+3	9.946000E-6	1.153950E+4	0.000000E+0	0.000000E+0
5.556470E+3	9.946500E-6	1.153930E+4	0.000000E+0	0.000000E+0
5.559463E+3	9.946100E-6	1.153930E+4	0.000000E+0	0.000000E+0
5.562466E+3	9.946200E-6	1.153920E+4	0.000000E+0	0.000000E+0
5.565468E+3	9.946300E-6	1.153920E+4	0.000000E+0	0.000000E+0
5.568471E+3	9.945900E-6	1.153920E+4	0.000000E+0	0.000000E+0
5.571476E+3	9.945600E-6	1.153910E+4	0.000000E+0	0.000000E+0
5.574479E+3	9.945700E-6	1.153920E+4	0.000000E+0	0.000000E+0
5.577477E+3	9.945800E-6	1.153920E+4	0.000000E+0	0.000000E+0
5.580477E+3	9.945500E-6	1.153920E+4	0.000000E+0	0.000000E+0
5.583479E+3	9.945800E-6	1.153910E+4	0.000000E+0	0.000000E+0
5.586482E+3	9.945900E-6	1.153920E+4	0.000000E+0	0.000000E+0
5.589477E+3	9.945600E-6	1.153910E+4	0.000000E+0	0.000000E+0
5.592474E+3	9.945900E-6	1.153910E+4	0.000000E+0	0.000000E+0
5.595476E+3	9.945900E-6	1.153910E+4	0.000000E+0	0.000000E+0
5.598477E+3	9.945800E-6	1.153920E+4	0.000000E+0	0.000000E+0
5.601482E+3	9.945600E-6	1.153920E+4	0.000000E+0	0.000000E+0
5.604478E+3	9.945900E-6	1.153920E+4	0.000000E+0	0.000000E+0
5.607484E+3	9.946000E-6	1.153940E+4	0.000000E+0	0.000000E+0
5.610483E+3	9.945700E-6	1.153940E+4	0.000000E+0	0.000000E+0
5.613478E+3	9.946000E-6	1.153950E+4	0.000000E+0	0.000000E+0
5.616475E+3	9.945700E-6	1.153950E+4	0.000000E+0	0.000000E+0
5.619480E+3	9.946300E-6	1.153950E+4	0.000000E+0	0.000000E+0
5.622490E+3	9.945800E-6	1.153970E+4	0.000000E+0	0.000000E+0
5.625484E+3	9.945600E-6	1.153990E+4	0.000000E+0	0.000000E+0
5.628478E+3	9.945400E-6	1.154000E+4	0.000000E+0	0.000000E+0
5.631478E+3	9.945900E-6	1.154010E+4	0.000000E+0	0.000000E+0
5.634486E+3	9.945600E-6	1.154010E+4	0.000000E+0	0.000000E+0
5.637480E+3	9.945800E-6	1.154000E+4	0.000000E+0	0.000000E+0
5.640483E+3	9.946000E-6	1.153990E+4	0.000000E+0	0.000000E+0
5.643478E+3	9.945700E-6	1.153990E+4	0.000000E+0	0.000000E+0
5.646481E+3	9.945700E-6	1.153980E+4	0.000000E+0	0.000000E+0
5.649478E+3	9.945600E-6	1.153960E+4	0.000000E+0	0.000000E+0
5.652479E+3	9.945900E-6	1.153950E+4	0.000000E+0	0.000000E+0
5.655478E+3	9.945200E-6	1.153940E+4	0.000000E+0	0.000000E+0
5.658482E+3	9.945500E-6	1.153940E+4	0.000000E+0	0.000000E+0
5.661478E+3	9.944600E-6	1.153950E+4	0.000000E+0	0.000000E+0
5.664476E+3	9.945700E-6	1.153950E+4	0.000000E+0	0.000000E+0
5.667473E+3	9.945200E-6	1.153960E+4	0.000000E+0	0.000000E+0
5.670477E+3	9.945000E-6	1.153960E+4	0.000000E+0	0.000000E+0
5.673479E+3	9.945100E-6	1.153960E+4	0.000000E+0	0.000000E+0
5.676479E+3	9.945500E-6	1.153960E+4	0.000000E+0	0.000000E+0
5.679476E+3	9.945700E-6	1.153970E+4	0.000000E+0	0.000000E+0
5.682480E+3	9.945500E-6	1.153980E+4	0.000000E+0	0.000000E+0
5.685477E+3	9.944900E-6	1.154010E+4	0.000000E+0	0.000000E+0
5.688475E+3	9.945400E-6	1.154020E+4	0.000000E+0	0.000000E+0
5.691477E+3	9.945000E-6	1.154020E+4	0.000000E+0	0.000000E+0
5.694474E+3	9.945200E-6	1.154020E+4	0.000000E+0	0.000000E+0
5.697474E+3	9.945100E-6	1.154030E+4	0.000000E+0	0.000000E+0
5.700467E+3	9.944300E-6	1.154030E+4	0.000000E+0	0.000000E+0
5.703467E+3	9.944400E-6	1.154030E+4	0.000000E+0	0.000000E+0
5.706466E+3	9.944700E-6	1.154010E+4	0.000000E+0	0.000000E+0
5.709478E+3	9.944300E-6	1.154010E+4	0.000000E+0	0.000000E+0
5.712483E+3	9.944500E-6	1.154020E+4	0.000000E+0	0.000000E+0
5.715480E+3	9.944600E-6	1.154010E+4	0.000000E+0	0.000000E+0
5.718480E+3	9.944800E-6	1.154020E+4	0.000000E+0	0.000000E+0
5.721480E+3	9.944300E-6	1.154020E+4	0.000000E+0	0.000000E+0
5.724480E+3	9.944400E-6	1.154000E+4	0.000000E+0	0.000000E+0
5.727478E+3	9.944900E-6	1.153990E+4	0.000000E+0	0.000000E+0
5.730486E+3	9.945000E-6	1.153990E+4	0.000000E+0	0.000000E+0
5.733480E+3	9.944900E-6	1.154000E+4	0.000000E+0	0.000000E+0
5.736476E+3	9.945000E-6	1.153990E+4	0.000000E+0	0.000000E+0
5.739479E+3	9.944800E-6	1.153970E+4	0.000000E+0	0.000000E+0
5.742479E+3	9.945000E-6	1.153950E+4	0.000000E+0	0.000000E+0
5.745481E+3	9.945000E-6	1.153940E+4	0.000000E+0	0.000000E+0
5.748476E+3	9.944700E-6	1.153940E+4	0.000000E+0	0.000000E+0
5.751482E+3	9.944600E-6	1.153950E+4	0.000000E+0	0.000000E+0
5.754479E+3	9.944500E-6	1.153960E+4	0.000000E+0	0.000000E+0
5.757482E+3	9.944700E-6	1.153960E+4	0.000000E+0	0.000000E+0
5.760479E+3	9.945200E-6	1.153950E+4	0.000000E+0	0.000000E+0
5.763482E+3	9.944900E-6	1.153950E+4	0.000000E+0	0.000000E+0
5.766479E+3	9.945100E-6	1.153930E+4	0.000000E+0	0.000000E+0
5.769484E+3	9.945400E-6	1.153940E+4	0.000000E+0	0.000000E+0
5.772479E+3	9.945400E-6	1.153930E+4	0.000000E+0	0.000000E+0
5.775482E+3	9.945600E-6	1.153910E+4	0.000000E+0	0.000000E+0
5.778480E+3	9.944800E-6	1.153910E+4	0.000000E+0	0.000000E+0
5.781484E+3	9.944300E-6	1.153900E+4	0.000000E+0	0.000000E+0
5.784479E+3	9.944400E-6	1.153890E+4	0.000000E+0	0.000000E+0
5.787482E+3	9.944400E-6	1.153890E+4	0.000000E+0	0.000000E+0
5.790480E+3	9.944300E-6	1.153900E+4	0.000000E+0	0.000000E+0
5.793482E+3	9.944500E-6	1.153900E+4	0.000000E+0	0.000000E+0
5.796480E+3	9.944200E-6	1.153910E+4	0.000000E+0	0.000000E+0
5.799482E+3	9.944000E-6	1.153910E+4	0.000000E+0	0.000000E+0
5.802480E+3	9.944200E-6	1.153920E+4	0.000000E+0	0.000000E+0
5.805482E+3	9.944000E-6	1.153930E+4	0.000000E+0	0.000000E+0
5.808480E+3	9.944400E-6	1.153930E+4	0.000000E+0	0.000000E+0
5.811481E+3	9.943900E-6	1.153950E+4	0.000000E+0	0.000000E+0
5.814481E+3	9.944100E-6	1.153950E+4	0.000000E+0	0.000000E+0
5.817477E+3	9.944200E-6	1.153970E+4	0.000000E+0	0.000000E+0
5.820480E+3	9.944100E-6	1.153980E+4	0.000000E+0	0.000000E+0
5.823483E+3	9.944100E-6	1.153980E+4	0.000000E+0	0.000000E+0
5.826484E+3	9.944200E-6	1.153980E+4	0.000000E+0	0.000000E+0
5.829486E+3	9.944400E-6	1.153990E+4	0.000000E+0	0.000000E+0
5.832484E+3	9.944400E-6	1.153990E+4	0.000000E+0	0.000000E+0
5.835484E+3	9.944300E-6	1.153980E+4	0.000000E+0	0.000000E+0
5.838484E+3	9.944100E-6	1.154000E+4	0.000000E+0	0.000000E+0
5.841483E+3	9.944500E-6	1.154020E+4	0.000000E+0	0.000000E+0
5.844484E+3	9.944000E-6	1.154030E+4	0.000000E+0	0.000000E+0
5.847479E+3	9.943700E-6	1.154050E+4	0.000000E+0	0.000000E+0
5.850485E+3	9.944200E-6	1.154050E+4	0.000000E+0	0.000000E+0
5.853479E+3	9.944100E-6	1.154040E+4	0.000000E+0	0.000000E+0
5.856481E+3	9.943800E-6	1.154010E+4	0.000000E+0	0.000000E+0
5.859479E+3	9.943300E-6	1.154020E+4	0.000000E+0	0.000000E+0
5.862481E+3	9.943700E-6	1.154020E+4	0.000000E+0	0.000000E+0
5.865479E+3	9.943600E-6	1.154020E+4	0.000000E+0	0.000000E+0
5.868479E+3	9.943600E-6	1.154020E+4	0.000000E+0	0.000000E+0
5.871477E+3	9.943300E-6	1.154020E+4	0.000000E+0	0.000000E+0
5.874474E+3	9.943700E-6	1.154020E+4	0.000000E+0	0.000000E+0
5.877482E+3	9.943700E-6	1.154020E+4	0.000000E+0	0.000000E+0
5.880479E+3	9.943700E-6	1.154020E+4	0.000000E+0	0.000000E+0
5.883479E+3	9.943600E-6	1.154010E+4	0.000000E+0	0.000000E+0
5.886478E+3	9.943700E-6	1.154020E+4	0.000000E+0	0.000000E+0
5.889479E+3	9.943800E-6	1.154030E+4	0.000000E+0	0.000000E+0
5.892475E+3	9.944100E-6	1.154050E+4	0.000000E+0	0.000000E+0
5.895480E+3	9.943300E-6	1.154030E+4	0.000000E+0	0.000000E+0
5.898477E+3	9.943500E-6	1.154010E+4	0.000000E+0	0.000000E+0
5.901478E+3	9.943900E-6	1.154000E+4	0.000000E+0	0.000000E+0
5.904480E+3	9.943500E-6	1.153990E+4	0.000000E+0	0.000000E+0
5.907478E+3	9.944100E-6	1.153960E+4	0.000000E+0	0.000000E+0
5.910478E+3	9.943400E-6	1.153940E+4	0.000000E+0	0.000000E+0
5.913478E+3	9.944100E-6	1.153920E+4	0.000000E+0	0.000000E+0
5.916478E+3	9.943400E-6	1.153900E+4	0.000000E+0	0.000000E+0
5.919478E+3	9.943800E-6	1.153900E+4	0.000000E+0	0.000000E+0
5.922476E+3	9.943600E-6	1.153900E+4	0.000000E+0	0.000000E+0
5.925482E+3	9.943400E-6	1.153880E+4	0.000000E+0	0.000000E+0
5.928478E+3	9.943300E-6	1.153880E+4	0.000000E+0	0.000000E+0
5.931484E+3	9.943100E-6	1.153890E+4	0.000000E+0	0.000000E+0
5.934473E+3	9.942900E-6	1.153910E+4	0.000000E+0	0.000000E+0
5.937473E+3	9.943500E-6	1.153910E+4	0.000000E+0	0.000000E+0
5.940473E+3	9.943500E-6	1.153920E+4	0.000000E+0	0.000000E+0
5.943471E+3	9.943600E-6	1.153920E+4	0.000000E+0	0.000000E+0
5.946482E+3	9.943200E-6	1.153930E+4	0.000000E+0	0.000000E+0
5.949473E+3	9.943300E-6	1.153950E+4	0.000000E+0	0.000000E+0
5.952469E+3	9.943100E-6	1.153980E+4	0.000000E+0	0.000000E+0
5.955468E+3	9.943200E-6	1.153990E+4	0.000000E+0	0.000000E+0
5.958466E+3	9.943200E-6	1.154010E+4	0.000000E+0	0.000000E+0
5.961464E+3	9.942800E-6	1.154040E+4	0.000000E+0	0.000000E+0
5.964472E+3	9.943100E-6	1.154050E+4	0.000000E+0	0.000000E+0
5.967472E+3	9.943100E-6	1.154070E+4	0.000000E+0	0.000000E+0
5.970476E+3	9.943000E-6	1.154080E+4	0.000000E+0	0.000000E+0
5.973478E+3	9.943200E-6	1.154100E+4	0.000000E+0	0.000000E+0
5.976474E+3	9.943200E-6	1.154110E+4	0.000000E+0	0.000000E+0
5.979474E+3	9.943100E-6	1.154140E+4	0.000000E+0	0.000000E+0
5.982478E+3	9.943500E-6	1.154150E+4	0.000000E+0	0.000000E+0
5.985476E+3	9.943300E-6	1.154150E+4	0.000000E+0	0.000000E+0
5.988479E+3	9.943500E-6	1.154130E+4	0.000000E+0	0.000000E+0
5.991483E+3	9.942800E-6	1.154120E+4	0.000000E+0	0.000000E+0
5.994483E+3	9.943500E-6	1.154110E+4	0.000000E+0	0.000000E+0
5.997484E+3	9.943500E-6	1.154110E+4	0.000000E+0	0.000000E+0
6.000484E+3	9.943300E-6	1.154090E+4	0.000000E+0	0.000000E+0
6.003488E+3	9.943100E-6	1.154080E+4	0.000000E+0	0.000000E+0
6.006478E+3	9.943000E-6	1.154080E+4	0.000000E+0	0.000000E+0
6.009475E+3	9.943000E-6	1.154080E+4	0.000000E+0	0.000000E+0
6.012481E+3	9.943500E-6	1.154100E+4	0.000000E+0	0.000000E+0
6.015478E+3	9.942600E-6	1.154130E+4	0.000000E+0	0.000000E+0
6.018477E+3	9.942800E-6	1.154140E+4	0.000000E+0	0.000000E+0
6.021478E+3	9.942600E-6	1.154140E+4	0.000000E+0	0.000000E+0
6.024476E+3	9.943000E-6	1.154160E+4	0.000000E+0	0.000000E+0
6.027482E+3	9.943200E-6	1.154170E+4	0.000000E+0	0.000000E+0
6.030484E+3	9.942700E-6	1.154160E+4	0.000000E+0	0.000000E+0
6.033484E+3	9.942900E-6	1.154170E+4	0.000000E+0	0.000000E+0
6.036484E+3	9.943200E-6	1.154190E+4	0.000000E+0	0.000000E+0
6.039482E+3	9.943200E-6	1.154190E+4	0.000000E+0	0.000000E+0
6.042479E+3	9.943300E-6	1.154210E+4	0.000000E+0	0.000000E+0
6.045469E+3	9.943200E-6	1.154210E+4	0.000000E+0	0.000000E+0
6.048468E+3	9.943300E-6	1.154220E+4	0.000000E+0	0.000000E+0
6.051466E+3	9.942800E-6	1.154220E+4	0.000000E+0	0.000000E+0
6.054468E+3	9.942900E-6	1.154220E+4	0.000000E+0	0.000000E+0
6.057469E+3	9.943000E-6	1.154220E+4	0.000000E+0	0.000000E+0
6.060468E+3	9.942700E-6	1.154220E+4	0.000000E+0	0.000000E+0
6.063463E+3	9.943000E-6	1.154220E+4	0.000000E+0	0.000000E+0
6.066479E+3	9.943300E-6	1.154210E+4	0.000000E+0	0.000000E+0
6.069479E+3	9.943500E-6	1.154240E+4	0.000000E+0	0.000000E+0
6.072479E+3	9.942900E-6	1.154240E+4	0.000000E+0	0.000000E+0
6.075484E+3	9.942600E-6	1.154240E+4	0.000000E+0	0.000000E+0
6.078483E+3	9.942700E-6	1.154260E+4	0.000000E+0	0.000000E+0
6.081484E+3	9.942500E-6	1.154250E+4	0.000000E+0	0.000000E+0
6.084482E+3	9.942900E-6	1.154250E+4	0.000000E+0	0.000000E+0
6.087484E+3	9.942200E-6	1.154250E+4	0.000000E+0	0.000000E+0
6.090486E+3	9.943100E-6	1.154260E+4	0.000000E+0	0.000000E+0
6.093485E+3	9.942600E-6	1.154250E+4	0.000000E+0	0.000000E+0
6.096485E+3	9.942700E-6	1.154250E+4	0.000000E+0	0.000000E+0
6.099479E+3	9.942300E-6	1.154240E+4	0.000000E+0	0.000000E+0
6.102483E+3	9.942300E-6	1.154220E+4	0.000000E+0	0.000000E+0
6.105485E+3	9.942200E-6	1.154210E+4	0.000000E+0	0.000000E+0
6.108483E+3	9.942500E-6	1.154220E+4	0.000000E+0	0.000000E+0
6.111485E+3	9.942200E-6	1.154220E+4	0.000000E+0	0.000000E+0
6.114485E+3	9.942400E-6	1.154230E+4	0.000000E+0	0.000000E+0
6.117481E+3	9.942500E-6	1.154240E+4	0.000000E+0	0.000000E+0
6.120484E+3	9.942700E-6	1.154250E+4	0.000000E+0	0.000000E+0
6.123484E+3	9.942700E-6	1.154240E+4	0.000000E+0	0.000000E+0
6.126485E+3	9.942200E-6	1.154250E+4	0.000000E+0	0.000000E+0
6.129479E+3	9.942000E-6	1.154240E+4	0.000000E+0	0.000000E+0
6.132471E+3	9.942400E-6	1.154230E+4	0.000000E+0	0.000000E+0
6.135466E+3	9.941700E-6	1.154220E+4	0.000000E+0	0.000000E+0
6.138468E+3	9.942500E-6	1.154210E+4	0.000000E+0	0.000000E+0
6.141468E+3	9.942500E-6	1.154220E+4	0.000000E+0	0.000000E+0
6.144478E+3	9.942500E-6	1.154230E+4	0.000000E+0	0.000000E+0
6.147480E+3	9.942000E-6	1.154240E+4	0.000000E+0	0.000000E+0
6.150481E+3	9.942400E-6	1.154250E+4	0.000000E+0	0.000000E+0
6.153477E+3	9.942300E-6	1.154230E+4	0.000000E+0	0.000000E+0
6.156480E+3	9.942300E-6	1.154230E+4	0.000000E+0	0.000000E+0
6.159483E+3	9.942100E-6	1.154240E+4	0.000000E+0	0.000000E+0
6.162481E+3	9.942400E-6	1.154250E+4	0.000000E+0	0.000000E+0
6.165477E+3	9.942100E-6	1.154270E+4	0.000000E+0	0.000000E+0
6.168477E+3	9.942000E-6	1.154270E+4	0.000000E+0	0.000000E+0
6.171467E+3	9.941700E-6	1.154270E+4	0.000000E+0	0.000000E+0
6.174464E+3	9.941800E-6	1.154290E+4	0.000000E+0	0.000000E+0
6.177466E+3	9.942600E-6	1.154280E+4	0.000000E+0	0.000000E+0
6.180473E+3	9.942100E-6	1.154290E+4	0.000000E+0	0.000000E+0
6.183464E+3	9.942300E-6	1.154300E+4	0.000000E+0	0.000000E+0
6.186465E+3	9.942400E-6	1.154310E+4	0.000000E+0	0.000000E+0
6.189464E+3	9.942100E-6	1.154310E+4	0.000000E+0	0.000000E+0
6.192468E+3	9.941900E-6	1.154300E+4	0.000000E+0	0.000000E+0
6.195467E+3	9.942400E-6	1.154290E+4	0.000000E+0	0.000000E+0
6.198464E+3	9.941700E-6	1.154300E+4	0.000000E+0	0.000000E+0
6.201471E+3	9.941700E-6	1.154300E+4	0.000000E+0	0.000000E+0
6.204479E+3	9.942200E-6	1.154290E+4	0.000000E+0	0.000000E+0
6.207480E+3	9.942500E-6	1.154280E+4	0.000000E+0	0.000000E+0
6.210478E+3	9.941300E-6	1.154290E+4	0.000000E+0	0.000000E+0
6.213480E+3	9.942100E-6	1.154290E+4	0.000000E+0	0.000000E+0
6.216478E+3	9.942300E-6	1.154280E+4	0.000000E+0	0.000000E+0
6.219482E+3	9.941700E-6	1.154280E+4	0.000000E+0	0.000000E+0
6.222480E+3	9.942100E-6	1.154290E+4	0.000000E+0	0.000000E+0
6.225480E+3	9.942000E-6	1.154300E+4	0.000000E+0	0.000000E+0
6.228483E+3	9.941900E-6	1.154320E+4	0.000000E+0	0.000000E+0
6.231482E+3	9.942200E-6	1.154320E+4	0.000000E+0	0.000000E+0
6.234479E+3	9.941800E-6	1.154350E+4	0.000000E+0	0.000000E+0
6.237482E+3	9.941400E-6	1.154380E+4	0.000000E+0	0.000000E+0
6.240481E+3	9.942000E-6	1.154390E+4	0.000000E+0	0.000000E+0
6.243482E+3	9.941600E-6	1.154380E+4	0.000000E+0	0.000000E+0
6.246482E+3	9.941900E-6	1.154370E+4	0.000000E+0	0.000000E+0
6.249484E+3	9.941700E-6	1.154350E+4	0.000000E+0	0.000000E+0
6.252482E+3	9.941100E-6	1.154340E+4	0.000000E+0	0.000000E+0
6.255484E+3	9.941700E-6	1.154360E+4	0.000000E+0	0.000000E+0
6.258495E+3	9.941600E-6	1.154340E+4	0.000000E+0	0.000000E+0
6.261480E+3	9.941500E-6	1.154340E+4	0.000000E+0	0.000000E+0
6.264482E+3	9.942000E-6	1.154340E+4	0.000000E+0	0.000000E+0
6.267484E+3	9.941300E-6	1.154350E+4	0.000000E+0	0.000000E+0
6.270482E+3	9.941400E-6	1.154350E+4	0.000000E+0	0.000000E+0
6.273484E+3	9.941500E-6	1.154360E+4	0.000000E+0	0.000000E+0
6.276482E+3	9.941800E-6	1.154370E+4	0.000000E+0	0.000000E+0
6.279473E+3	9.942000E-6	1.154380E+4	0.000000E+0	0.000000E+0
6.282479E+3	9.941500E-6	1.154380E+4	0.000000E+0	0.000000E+0
6.285483E+3	9.941700E-6	1.154370E+4	0.000000E+0	0.000000E+0
6.288486E+3	9.941600E-6	1.154370E+4	0.000000E+0	0.000000E+0
6.291476E+3	9.941700E-6	1.154370E+4	0.000000E+0	0.000000E+0
6.294488E+3	9.941200E-6	1.154380E+4	0.000000E+0	0.000000E+0
6.297475E+3	9.941500E-6	1.154390E+4	0.000000E+0	0.000000E+0
6.300472E+3	9.941700E-6	1.154400E+4	0.000000E+0	0.000000E+0
6.303470E+3	9.941700E-6	1.154390E+4	0.000000E+0	0.000000E+0
6.306467E+3	9.941500E-6	1.154370E+4	0.000000E+0	0.000000E+0
6.309465E+3	9.941100E-6	1.154350E+4	0.000000E+0	0.000000E+0
6.312473E+3	9.941500E-6	1.154340E+4	0.000000E+0	0.000000E+0
6.315471E+3	9.941400E-6	1.154340E+4	0.000000E+0	0.000000E+0
6.318479E+3	9.941700E-6	1.154340E+4	0.000000E+0	0.000000E+0
6.321477E+3	9.941400E-6	1.154320E+4	0.000000E+0	0.000000E+0
6.324481E+3	9.941300E-6	1.154330E+4	0.000000E+0	0.000000E+0
6.327483E+3	9.941500E-6	1.154350E+4	0.000000E+0	0.000000E+0
6.330481E+3	9.940900E-6	1.154390E+4	0.000000E+0	0.000000E+0
6.333483E+3	9.941300E-6	1.154400E+4	0.000000E+0	0.000000E+0
6.336482E+3	9.941100E-6	1.154390E+4	0.000000E+0	0.000000E+0
6.339484E+3	9.941100E-6	1.154390E+4	0.000000E+0	0.000000E+0
6.342482E+3	9.940700E-6	1.154410E+4	0.000000E+0	0.000000E+0
6.345484E+3	9.940800E-6	1.154400E+4	0.000000E+0	0.000000E+0
6.348484E+3	9.940700E-6	1.154400E+4	0.000000E+0	0.000000E+0
6.351484E+3	9.940800E-6	1.154390E+4	0.000000E+0	0.000000E+0
6.354488E+3	9.940900E-6	1.154360E+4	0.000000E+0	0.000000E+0
6.357478E+3	9.940600E-6	1.154350E+4	0.000000E+0	0.000000E+0
6.360469E+3	9.940700E-6	1.154350E+4	0.000000E+0	0.000000E+0
6.363469E+3	9.940400E-6	1.154370E+4	0.000000E+0	0.000000E+0
6.366467E+3	9.940500E-6	1.154390E+4	0.000000E+0	0.000000E+0
6.369466E+3	9.940700E-6	1.154400E+4	0.000000E+0	0.000000E+0
6.372477E+3	9.940800E-6	1.154410E+4	0.000000E+0	0.000000E+0
6.375479E+3	9.940700E-6	1.154470E+4	0.000000E+0	0.000000E+0
6.378481E+3	9.940800E-6	1.154480E+4	0.000000E+0	0.000000E+0
6.381483E+3	9.940400E-6	1.154470E+4	0.000000E+0	0.000000E+0
6.384482E+3	9.940400E-6	1.154480E+4	0.000000E+0	0.000000E+0
6.387482E+3	9.940500E-6	1.154470E+4	0.000000E+0	0.000000E+0
6.390482E+3	9.940500E-6	1.154460E+4	0.000000E+0	0.000000E+0
6.393480E+3	9.940500E-6	1.154470E+4	0.000000E+0	0.000000E+0
6.396484E+3	9.940700E-6	1.154480E+4	0.000000E+0	0.000000E+0
6.399482E+3	9.940900E-6	1.154480E+4	0.000000E+0	0.000000E+0
6.402480E+3	9.940500E-6	1.154490E+4	0.000000E+0	0.000000E+0
6.405482E+3	9.940900E-6	1.154480E+4	0.000000E+0	0.000000E+0
6.408479E+3	9.940200E-6	1.154480E+4	0.000000E+0	0.000000E+0
6.411482E+3	9.940900E-6	1.154470E+4	0.000000E+0	0.000000E+0
6.414482E+3	9.941000E-6	1.154470E+4	0.000000E+0	0.000000E+0
6.417483E+3	9.941300E-6	1.154470E+4	0.000000E+0	0.000000E+0
6.420481E+3	9.940000E-6	1.154510E+4	0.000000E+0	0.000000E+0
6.423483E+3	9.940800E-6	1.154510E+4	0.000000E+0	0.000000E+0
6.426481E+3	9.940700E-6	1.154530E+4	0.000000E+0	0.000000E+0
6.429483E+3	9.940500E-6	1.154550E+4	0.000000E+0	0.000000E+0
6.432485E+3	9.940700E-6	1.154560E+4	0.000000E+0	0.000000E+0
6.435477E+3	9.939800E-6	1.154580E+4	0.000000E+0	0.000000E+0
6.438481E+3	9.940800E-6	1.154600E+4	0.000000E+0	0.000000E+0
6.441483E+3	9.940300E-6	1.154620E+4	0.000000E+0	0.000000E+0
6.444483E+3	9.940500E-6	1.154620E+4	0.000000E+0	0.000000E+0
6.447484E+3	9.940800E-6	1.154630E+4	0.000000E+0	0.000000E+0
6.450482E+3	9.940900E-6	1.154630E+4	0.000000E+0	0.000000E+0
6.453478E+3	9.940500E-6	1.154640E+4	0.000000E+0	0.000000E+0
6.456482E+3	9.940400E-6	1.154630E+4	0.000000E+0	0.000000E+0
6.459482E+3	9.940500E-6	1.154610E+4	0.000000E+0	0.000000E+0
6.462482E+3	9.940500E-6	1.154600E+4	0.000000E+0	0.000000E+0
6.465482E+3	9.940500E-6	1.154600E+4	0.000000E+0	0.000000E+0
6.468482E+3	9.940500E-6	1.154620E+4	0.000000E+0	0.000000E+0
6.471484E+3	9.940700E-6	1.154630E+4	0.000000E+0	0.000000E+0
6.474481E+3	9.940700E-6	1.154640E+4	0.000000E+0	0.000000E+0
6.477484E+3	9.940500E-6	1.154670E+4	0.000000E+0	0.000000E+0
6.480484E+3	9.940300E-6	1.154670E+4	0.000000E+0	0.000000E+0
6.483483E+3	9.940300E-6	1.154650E+4	0.000000E+0	0.000000E+0
6.486483E+3	9.940500E-6	1.154630E+4	0.000000E+0	0.000000E+0
6.489483E+3	9.940100E-6	1.154610E+4	0.000000E+0	0.000000E+0
6.492481E+3	9.940200E-6	1.154580E+4	0.000000E+0	0.000000E+0
6.495476E+3	9.940100E-6	1.154580E+4	0.000000E+0	0.000000E+0
6.498470E+3	9.940500E-6	1.154590E+4	0.000000E+0	0.000000E+0
6.501465E+3	9.940700E-6	1.154580E+4	0.000000E+0	0.000000E+0
6.504476E+3	9.940500E-6	1.154600E+4	0.000000E+0	0.000000E+0
6.507472E+3	9.940400E-6	1.154610E+4	0.000000E+0	0.000000E+0
6.510473E+3	9.940200E-6	1.154610E+4	0.000000E+0	0.000000E+0
6.513462E+3	9.940200E-6	1.154610E+4	0.000000E+0	0.000000E+0
6.516471E+3	9.940400E-6	1.154610E+4	0.000000E+0	0.000000E+0
6.519476E+3	9.940100E-6	1.154610E+4	0.000000E+0	0.000000E+0
6.522484E+3	9.940200E-6	1.154610E+4	0.000000E+0	0.000000E+0
6.525481E+3	9.940300E-6	1.154620E+4	0.000000E+0	0.000000E+0
6.528483E+3	9.939900E-6	1.154630E+4	0.000000E+0	0.000000E+0
6.531483E+3	9.940400E-6	1.154640E+4	0.000000E+0	0.000000E+0
6.534483E+3	9.940400E-6	1.154660E+4	0.000000E+0	0.000000E+0
6.537481E+3	9.940300E-6	1.154670E+4	0.000000E+0	0.000000E+0
6.540483E+3	9.939500E-6	1.154690E+4	0.000000E+0	0.000000E+0
6.543481E+3	9.939900E-6	1.154700E+4	0.000000E+0	0.000000E+0
6.546483E+3	9.939800E-6	1.154710E+4	0.000000E+0	0.000000E+0
6.549483E+3	9.939600E-6	1.154720E+4	0.000000E+0	0.000000E+0
6.552483E+3	9.940000E-6	1.154720E+4	0.000000E+0	0.000000E+0
6.555481E+3	9.939600E-6	1.154730E+4	0.000000E+0	0.000000E+0
6.558484E+3	9.940500E-6	1.154740E+4	0.000000E+0	0.000000E+0
6.561482E+3	9.940000E-6	1.154740E+4	0.000000E+0	0.000000E+0
6.564481E+3	9.939900E-6	1.154740E+4	0.000000E+0	0.000000E+0
6.567484E+3	9.939600E-6	1.154740E+4	0.000000E+0	0.000000E+0
6.570484E+3	9.939200E-6	1.154750E+4	0.000000E+0	0.000000E+0
6.573482E+3	9.939000E-6	1.154760E+4	0.000000E+0	0.000000E+0
6.576482E+3	9.939500E-6	1.154750E+4	0.000000E+0	0.000000E+0
6.579481E+3	9.939500E-6	1.154770E+4	0.000000E+0	0.000000E+0
6.582481E+3	9.939200E-6	1.154780E+4	0.000000E+0	0.000000E+0
6.585481E+3	9.938600E-6	1.154770E+4	0.000000E+0	0.000000E+0
6.588481E+3	9.939400E-6	1.154790E+4	0.000000E+0	0.000000E+0
6.591485E+3	9.938900E-6	1.154780E+4	0.000000E+0	0.000000E+0
6.594482E+3	9.939000E-6	1.154800E+4	0.000000E+0	0.000000E+0
6.597483E+3	9.939100E-6	1.154800E+4	0.000000E+0	0.000000E+0
6.600482E+3	9.939300E-6	1.154770E+4	0.000000E+0	0.000000E+0
6.603483E+3	9.939600E-6	1.154760E+4	0.000000E+0	0.000000E+0
6.606481E+3	9.939100E-6	1.154740E+4	0.000000E+0	0.000000E+0
6.609481E+3	9.939500E-6	1.154720E+4	0.000000E+0	0.000000E+0
6.612484E+3	9.938800E-6	1.154700E+4	0.000000E+0	0.000000E+0
6.615479E+3	9.939000E-6	1.154670E+4	0.000000E+0	0.000000E+0
6.618481E+3	9.939200E-6	1.154650E+4	0.000000E+0	0.000000E+0
6.621474E+3	9.938600E-6	1.154650E+4	0.000000E+0	0.000000E+0
6.624472E+3	9.939200E-6	1.154630E+4	0.000000E+0	0.000000E+0
6.627480E+3	9.938900E-6	1.154610E+4	0.000000E+0	0.000000E+0
6.630484E+3	9.939000E-6	1.154590E+4	0.000000E+0	0.000000E+0
6.633475E+3	9.939200E-6	1.154600E+4	0.000000E+0	0.000000E+0
6.636487E+3	9.939400E-6	1.154600E+4	0.000000E+0	0.000000E+0
6.639477E+3	9.939000E-6	1.154610E+4	0.000000E+0	0.000000E+0
6.642488E+3	9.939200E-6	1.154630E+4	0.000000E+0	0.000000E+0
6.645472E+3	9.938700E-6	1.154610E+4	0.000000E+0	0.000000E+0
6.648477E+3	9.939000E-6	1.154620E+4	0.000000E+0	0.000000E+0
6.651485E+3	9.939300E-6	1.154630E+4	0.000000E+0	0.000000E+0
6.654478E+3	9.939200E-6	1.154610E+4	0.000000E+0	0.000000E+0
6.657475E+3	9.939100E-6	1.154630E+4	0.000000E+0	0.000000E+0
6.660486E+3	9.939500E-6	1.154640E+4	0.000000E+0	0.000000E+0
6.663477E+3	9.939200E-6	1.154640E+4	0.000000E+0	0.000000E+0
6.666480E+3	9.939400E-6	1.154630E+4	0.000000E+0	0.000000E+0
6.669482E+3	9.939800E-6	1.154610E+4	0.000000E+0	0.000000E+0
6.672486E+3	9.939000E-6	1.154590E+4	0.000000E+0	0.000000E+0
6.675484E+3	9.938700E-6	1.154590E+4	0.000000E+0	0.000000E+0
6.678484E+3	9.939200E-6	1.154590E+4	0.000000E+0	0.000000E+0
6.681481E+3	9.938700E-6	1.154600E+4	0.000000E+0	0.000000E+0
6.684484E+3	9.938900E-6	1.154610E+4	0.000000E+0	0.000000E+0
6.687475E+3	9.939400E-6	1.154600E+4	0.000000E+0	0.000000E+0
6.690478E+3	9.938700E-6	1.154600E+4	0.000000E+0	0.000000E+0
6.693475E+3	9.939100E-6	1.154610E+4	0.000000E+0	0.000000E+0
6.696484E+3	9.939100E-6	1.154580E+4	0.000000E+0	0.000000E+0
6.699480E+3	9.938400E-6	1.154580E+4	0.000000E+0	0.000000E+0
6.702482E+3	9.938900E-6	1.154560E+4	0.000000E+0	0.000000E+0
6.705477E+3	9.938900E-6	1.154580E+4	0.000000E+0	0.000000E+0
6.708484E+3	9.938900E-6	1.154580E+4	0.000000E+0	0.000000E+0
6.711478E+3	9.938900E-6	1.154590E+4	0.000000E+0	0.000000E+0
6.714482E+3	9.939100E-6	1.154610E+4	0.000000E+0	0.000000E+0
6.717484E+3	9.938700E-6	1.154610E+4	0.000000E+0	0.000000E+0
6.720482E+3	9.939100E-6	1.154600E+4	0.000000E+0	0.000000E+0
6.723477E+3	9.938800E-6	1.154600E+4	0.000000E+0	0.000000E+0
6.726482E+3	9.938400E-6	1.154620E+4	0.000000E+0	0.000000E+0
6.729484E+3	9.939300E-6	1.154640E+4	0.000000E+0	0.000000E+0
6.732482E+3	9.938800E-6	1.154650E+4	0.000000E+0	0.000000E+0
6.735484E+3	9.939100E-6	1.154620E+4	0.000000E+0	0.000000E+0
6.738482E+3	9.938900E-6	1.154630E+4	0.000000E+0	0.000000E+0
6.741482E+3	9.938900E-6	1.154640E+4	0.000000E+0	0.000000E+0
6.744482E+3	9.938500E-6	1.154640E+4	0.000000E+0	0.000000E+0
6.747484E+3	9.939100E-6	1.154660E+4	0.000000E+0	0.000000E+0
6.750482E+3	9.939300E-6	1.154670E+4	0.000000E+0	0.000000E+0
6.753484E+3	9.938900E-6	1.154680E+4	0.000000E+0	0.000000E+0
6.756480E+3	9.938900E-6	1.154680E+4	0.000000E+0	0.000000E+0
6.759482E+3	9.938700E-6	1.154680E+4	0.000000E+0	0.000000E+0
6.762480E+3	9.938600E-6	1.154670E+4	0.000000E+0	0.000000E+0
6.765480E+3	9.938500E-6	1.154680E+4	0.000000E+0	0.000000E+0
6.768482E+3	9.938700E-6	1.154690E+4	0.000000E+0	0.000000E+0
6.771471E+3	9.938500E-6	1.154690E+4	0.000000E+0	0.000000E+0
6.774463E+3	9.938900E-6	1.154700E+4	0.000000E+0	0.000000E+0
6.777468E+3	9.938700E-6	1.154720E+4	0.000000E+0	0.000000E+0
6.780467E+3	9.938400E-6	1.154720E+4	0.000000E+0	0.000000E+0
6.783467E+3	9.938600E-6	1.154710E+4	0.000000E+0	0.000000E+0
6.786468E+3	9.939000E-6	1.154720E+4	0.000000E+0	0.000000E+0
6.789465E+3	9.938400E-6	1.154700E+4	0.000000E+0	0.000000E+0
6.792468E+3	9.938600E-6	1.154700E+4	0.000000E+0	0.000000E+0
6.795465E+3	9.938600E-6	1.154700E+4	0.000000E+0	0.000000E+0
6.798471E+3	9.938900E-6	1.154680E+4	0.000000E+0	0.000000E+0
6.801468E+3	9.938800E-6	1.154710E+4	0.000000E+0	0.000000E+0
6.804471E+3	9.938700E-6	1.154710E+4	0.000000E+0	0.000000E+0
6.807465E+3	9.939000E-6	1.154720E+4	0.000000E+0	0.000000E+0
6.810468E+3	9.938700E-6	1.154720E+4	0.000000E+0	0.000000E+0
6.813466E+3	9.938600E-6	1.154710E+4	0.000000E+0	0.000000E+0
6.816464E+3	9.938800E-6	1.154730E+4	0.000000E+0	0.000000E+0
6.819464E+3	9.939100E-6	1.154720E+4	0.000000E+0	0.000000E+0
6.822474E+3	9.938800E-6	1.154730E+4	0.000000E+0	0.000000E+0
6.825476E+3	9.939300E-6	1.154740E+4	0.000000E+0	0.000000E+0
6.828475E+3	9.938800E-6	1.154740E+4	0.000000E+0	0.000000E+0
6.831474E+3	9.938200E-6	1.154760E+4	0.000000E+0	0.000000E+0
6.834474E+3	9.938500E-6	1.154740E+4	0.000000E+0	0.000000E+0
6.837476E+3	9.939000E-6	1.154740E+4	0.000000E+0	0.000000E+0
6.840478E+3	9.938500E-6	1.154750E+4	0.000000E+0	0.000000E+0
6.843482E+3	9.938800E-6	1.154730E+4	0.000000E+0	0.000000E+0
6.846481E+3	9.938900E-6	1.154730E+4	0.000000E+0	0.000000E+0
6.849485E+3	9.938500E-6	1.154730E+4	0.000000E+0	0.000000E+0
6.852480E+3	9.938700E-6	1.154740E+4	0.000000E+0	0.000000E+0
6.855482E+3	9.938500E-6	1.154750E+4	0.000000E+0	0.000000E+0
6.858480E+3	9.938200E-6	1.154750E+4	0.000000E+0	0.000000E+0
6.861482E+3	9.939100E-6	1.154750E+4	0.000000E+0	0.000000E+0
6.864481E+3	9.938700E-6	1.154740E+4	0.000000E+0	0.000000E+0
6.867483E+3	9.938900E-6	1.154750E+4	0.000000E+0	0.000000E+0
6.870482E+3	9.938200E-6	1.154770E+4	0.000000E+0	0.000000E+0
6.873471E+3	9.938500E-6	1.154770E+4	0.000000E+0	0.000000E+0
6.876470E+3	9.938700E-6	1.154760E+4	0.000000E+0	0.000000E+0
6.879468E+3	9.939000E-6	1.154740E+4	0.000000E+0	0.000000E+0
6.882465E+3	9.938400E-6	1.154720E+4	0.000000E+0	0.000000E+0
6.885468E+3	9.938800E-6	1.154700E+4	0.000000E+0	0.000000E+0
6.888461E+3	9.938300E-6	1.154710E+4	0.000000E+0	0.000000E+0
6.891465E+3	9.938600E-6	1.154700E+4	0.000000E+0	0.000000E+0
6.894463E+3	9.938300E-6	1.154710E+4	0.000000E+0	0.000000E+0
6.897466E+3	9.938600E-6	1.154730E+4	0.000000E+0	0.000000E+0
6.900463E+3	9.938500E-6	1.154740E+4	0.000000E+0	0.000000E+0
6.903463E+3	9.938000E-6	1.154730E+4	0.000000E+0	0.000000E+0
6.906463E+3	9.938500E-6	1.154740E+4	0.000000E+0	0.000000E+0
6.909470E+3	9.938200E-6	1.154740E+4	0.000000E+0	0.000000E+0
6.912466E+3	9.938400E-6	1.154710E+4	0.000000E+0	0.000000E+0
6.915466E+3	9.938300E-6	1.154710E+4	0.000000E+0	0.000000E+0
6.918469E+3	9.938200E-6	1.154720E+4	0.000000E+0	0.000000E+0
6.921467E+3	9.938300E-6	1.154730E+4	0.000000E+0	0.000000E+0
6.924464E+3	9.938300E-6	1.154740E+4	0.000000E+0	0.000000E+0
6.927467E+3	9.938900E-6	1.154750E+4	0.000000E+0	0.000000E+0
6.930477E+3	9.938300E-6	1.154760E+4	0.000000E+0	0.000000E+0
6.933479E+3	9.938200E-6	1.154770E+4	0.000000E+0	0.000000E+0
6.936478E+3	9.937900E-6	1.154780E+4	0.000000E+0	0.000000E+0
6.939485E+3	9.938200E-6	1.154780E+4	0.000000E+0	0.000000E+0
6.942485E+3	9.938000E-6	1.154790E+4	0.000000E+0	0.000000E+0
6.945479E+3	9.938200E-6	1.154780E+4	0.000000E+0	0.000000E+0
6.948478E+3	9.938300E-6	1.154780E+4	0.000000E+0	0.000000E+0
6.951478E+3	9.937200E-6	1.154790E+4	0.000000E+0	0.000000E+0
6.954481E+3	9.937400E-6	1.154800E+4	0.000000E+0	0.000000E+0
6.957475E+3	9.937700E-6	1.154780E+4	0.000000E+0	0.000000E+0
6.960478E+3	9.937900E-6	1.154770E+4	0.000000E+0	0.000000E+0
6.963476E+3	9.937800E-6	1.154770E+4	0.000000E+0	0.000000E+0
6.966478E+3	9.937700E-6	1.154770E+4	0.000000E+0	0.000000E+0
6.969476E+3	9.937500E-6	1.154780E+4	0.000000E+0	0.000000E+0
6.972481E+3	9.937500E-6	1.154780E+4	0.000000E+0	0.000000E+0
6.975478E+3	9.937500E-6	1.154790E+4	0.000000E+0	0.000000E+0
6.978481E+3	9.938000E-6	1.154790E+4	0.000000E+0	0.000000E+0
6.981479E+3	9.937700E-6	1.154790E+4	0.000000E+0	0.000000E+0
6.984479E+3	9.938300E-6	1.154810E+4	0.000000E+0	0.000000E+0
6.987479E+3	9.936900E-6	1.154810E+4	0.000000E+0	0.000000E+0
6.990479E+3	9.937200E-6	1.154810E+4	0.000000E+0	0.000000E+0
6.993479E+3	9.937700E-6	1.154810E+4	0.000000E+0	0.000000E+0
6.996482E+3	9.936800E-6	1.154830E+4	0.000000E+0	0.000000E+0
6.999479E+3	9.938000E-6	1.154830E+4	0.000000E+0	0.000000E+0
7.002480E+3	9.937900E-6	1.154820E+4	0.000000E+0	0.000000E+0
7.005477E+3	9.937200E-6	1.154820E+4	0.000000E+0	0.000000E+0
7.008479E+3	9.937700E-6	1.154820E+4	0.000000E+0	0.000000E+0
7.011475E+3	9.937900E-6	1.154830E+4	0.000000E+0	0.000000E+0
7.014480E+3	9.937400E-6	1.154830E+4	0.000000E+0	0.000000E+0
7.017480E+3	9.937500E-6	1.154830E+4	0.000000E+0	0.000000E+0
7.020483E+3	9.937400E-6	1.154820E+4	0.000000E+0	0.000000E+0
7.023478E+3	9.937700E-6	1.154810E+4	0.000000E+0	0.000000E+0
7.026480E+3	9.937600E-6	1.154790E+4	0.000000E+0	0.000000E+0
7.029480E+3	9.937100E-6	1.154800E+4	0.000000E+0	0.000000E+0
7.032480E+3	9.937300E-6	1.154800E+4	0.000000E+0	0.000000E+0
7.035478E+3	9.936900E-6	1.154800E+4	0.000000E+0	0.000000E+0
7.038478E+3	9.937100E-6	1.154800E+4	0.000000E+0	0.000000E+0
7.041477E+3	9.937700E-6	1.154810E+4	0.000000E+0	0.000000E+0
7.044478E+3	9.937000E-6	1.154820E+4	0.000000E+0	0.000000E+0
7.047478E+3	9.937500E-6	1.154830E+4	0.000000E+0	0.000000E+0
7.050478E+3	9.937500E-6	1.154840E+4	0.000000E+0	0.000000E+0
7.053475E+3	9.937100E-6	1.154840E+4	0.000000E+0	0.000000E+0
7.056479E+3	9.936700E-6	1.154830E+4	0.000000E+0	0.000000E+0
7.059478E+3	9.936800E-6	1.154830E+4	0.000000E+0	0.000000E+0
7.062479E+3	9.936400E-6	1.154830E+4	0.000000E+0	0.000000E+0
7.065478E+3	9.937100E-6	1.154830E+4	0.000000E+0	0.000000E+0
7.068481E+3	9.937600E-6	1.154840E+4	0.000000E+0	0.000000E+0
7.071478E+3	9.936600E-6	1.154800E+4	0.000000E+0	0.000000E+0
7.074474E+3	9.936700E-6	1.154780E+4	0.000000E+0	0.000000E+0
7.077474E+3	9.936900E-6	1.154790E+4	0.000000E+0	0.000000E+0
7.080481E+3	9.937000E-6	1.154810E+4	0.000000E+0	0.000000E+0
7.083477E+3	9.936900E-6	1.154830E+4	0.000000E+0	0.000000E+0
7.086476E+3	9.936700E-6	1.154840E+4	0.000000E+0	0.000000E+0
7.089473E+3	9.936900E-6	1.154860E+4	0.000000E+0	0.000000E+0
7.092472E+3	9.936800E-6	1.154860E+4	0.000000E+0	0.000000E+0
7.095474E+3	9.936900E-6	1.154860E+4	0.000000E+0	0.000000E+0
7.098476E+3	9.936700E-6	1.154840E+4	0.000000E+0	0.000000E+0
7.101483E+3	9.936600E-6	1.154830E+4	0.000000E+0	0.000000E+0
7.104487E+3	9.937000E-6	1.154830E+4	0.000000E+0	0.000000E+0
7.107483E+3	9.936400E-6	1.154840E+4	0.000000E+0	0.000000E+0
7.110485E+3	9.936600E-6	1.154830E+4	0.000000E+0	0.000000E+0
7.113472E+3	9.936700E-6	1.154850E+4	0.000000E+0	0.000000E+0
7.116483E+3	9.936900E-6	1.154850E+4	0.000000E+0	0.000000E+0
7.119486E+3	9.936900E-6	1.154850E+4	0.000000E+0	0.000000E+0
7.122482E+3	9.936200E-6	1.154830E+4	0.000000E+0	0.000000E+0
7.125484E+3	9.936400E-6	1.154850E+4	0.000000E+0	0.000000E+0
7.128482E+3	9.936500E-6	1.154860E+4	0.000000E+0	0.000000E+0
7.131481E+3	9.936400E-6	1.154860E+4	0.000000E+0	0.000000E+0
7.134485E+3	9.937000E-6	1.154860E+4	0.000000E+0	0.000000E+0
7.137485E+3	9.936900E-6	1.154850E+4	0.000000E+0	0.000000E+0
7.140485E+3	9.936600E-6	1.154850E+4	0.000000E+0	0.000000E+0
7.143484E+3	9.937300E-6	1.154840E+4	0.000000E+0	0.000000E+0
7.146489E+3	9.937200E-6	1.154840E+4	0.000000E+0	0.000000E+0
7.149476E+3	9.936500E-6	1.154810E+4	0.000000E+0	0.000000E+0
7.152476E+3	9.936200E-6	1.154820E+4	0.000000E+0	0.000000E+0
7.155487E+3	9.936600E-6	1.154820E+4	0.000000E+0	0.000000E+0
7.158487E+3	9.936600E-6	1.154810E+4	0.000000E+0	0.000000E+0
7.161481E+3	9.936400E-6	1.154790E+4	0.000000E+0	0.000000E+0
7.164478E+3	9.936300E-6	1.154770E+4	0.000000E+0	0.000000E+0
7.167476E+3	9.936300E-6	1.154750E+4	0.000000E+0	0.000000E+0
7.170478E+3	9.936000E-6	1.154730E+4	0.000000E+0	0.000000E+0
7.173476E+3	9.936000E-6	1.154720E+4	0.000000E+0	0.000000E+0
7.176476E+3	9.935700E-6	1.154720E+4	0.000000E+0	0.000000E+0
7.179483E+3	9.936600E-6	1.154710E+4	0.000000E+0	0.000000E+0
7.182476E+3	9.936200E-6	1.154720E+4	0.000000E+0	0.000000E+0
7.185482E+3	9.936000E-6	1.154740E+4	0.000000E+0	0.000000E+0
7.188480E+3	9.936000E-6	1.154740E+4	0.000000E+0	0.000000E+0
7.191476E+3	9.935900E-6	1.154720E+4	0.000000E+0	0.000000E+0
7.194485E+3	9.936200E-6	1.154690E+4	0.000000E+0	0.000000E+0
7.197479E+3	9.936600E-6	1.154660E+4	0.000000E+0	0.000000E+0
7.200475E+3	9.936400E-6	1.154650E+4	0.000000E+0	0.000000E+0
7.203472E+3	9.936000E-6	1.154680E+4	0.000000E+0	0.000000E+0
7.206475E+3	9.936200E-6	1.154680E+4	0.000000E+0	0.000000E+0
7.209481E+3	9.936400E-6	1.154640E+4	0.000000E+0	0.000000E+0
7.212485E+3	9.936200E-6	1.154630E+4	0.000000E+0	0.000000E+0
7.215477E+3	9.936100E-6	1.154620E+4	0.000000E+0	0.000000E+0
7.218477E+3	9.936000E-6	1.154600E+4	0.000000E+0	0.000000E+0
7.221484E+3	9.935700E-6	1.154570E+4	0.000000E+0	0.000000E+0
7.224477E+3	9.935500E-6	1.154540E+4	0.000000E+0	0.000000E+0
7.227483E+3	9.935700E-6	1.154520E+4	0.000000E+0	0.000000E+0
7.230478E+3	9.936000E-6	1.154510E+4	0.000000E+0	0.000000E+0
7.233476E+3	9.935900E-6	1.154500E+4	0.000000E+0	0.000000E+0
7.236475E+3	9.935900E-6	1.154510E+4	0.000000E+0	0.000000E+0
7.239475E+3	9.936100E-6	1.154490E+4	0.000000E+0	0.000000E+0
7.242478E+3	9.936400E-6	1.154500E+4	0.000000E+0	0.000000E+0
7.245476E+3	9.935700E-6	1.154500E+4	0.000000E+0	0.000000E+0
7.248475E+3	9.935400E-6	1.154540E+4	0.000000E+0	0.000000E+0
7.251482E+3	9.935000E-6	1.154560E+4	0.000000E+0	0.000000E+0
7.254476E+3	9.935000E-6	1.154580E+4	0.000000E+0	0.000000E+0
7.257484E+3	9.934300E-6	1.154600E+4	0.000000E+0	0.000000E+0
7.260473E+3	9.934400E-6	1.154610E+4	0.000000E+0	0.000000E+0
7.263470E+3	9.935100E-6	1.154610E+4	0.000000E+0	0.000000E+0
7.266465E+3	9.934900E-6	1.154610E+4	0.000000E+0	0.000000E+0
7.269468E+3	9.934300E-6	1.154630E+4	0.000000E+0	0.000000E+0
7.272465E+3	9.934900E-6	1.154630E+4	0.000000E+0	0.000000E+0
7.275465E+3	9.934800E-6	1.154640E+4	0.000000E+0	0.000000E+0
7.278468E+3	9.934700E-6	1.154650E+4	0.000000E+0	0.000000E+0
7.281468E+3	9.934900E-6	1.154660E+4	0.000000E+0	0.000000E+0
7.284464E+3	9.934500E-6	1.154650E+4	0.000000E+0	0.000000E+0
7.287469E+3	9.935000E-6	1.154650E+4	0.000000E+0	0.000000E+0
7.290466E+3	9.934800E-6	1.154660E+4	0.000000E+0	0.000000E+0
7.293469E+3	9.934400E-6	1.154670E+4	0.000000E+0	0.000000E+0
7.296466E+3	9.934600E-6	1.154680E+4	0.000000E+0	0.000000E+0
7.299466E+3	9.934700E-6	1.154650E+4	0.000000E+0	0.000000E+0
7.302475E+3	9.935100E-6	1.154640E+4	0.000000E+0	0.000000E+0
7.305489E+3	9.935000E-6	1.154630E+4	0.000000E+0	0.000000E+0
7.308487E+3	9.934700E-6	1.154640E+4	0.000000E+0	0.000000E+0
7.311474E+3	9.934600E-6	1.154630E+4	0.000000E+0	0.000000E+0
7.314485E+3	9.934400E-6	1.154600E+4	0.000000E+0	0.000000E+0
7.317485E+3	9.934800E-6	1.154600E+4	0.000000E+0	0.000000E+0
7.320480E+3	9.934500E-6	1.154590E+4	0.000000E+0	0.000000E+0
7.323484E+3	9.934200E-6	1.154560E+4	0.000000E+0	0.000000E+0
7.326480E+3	9.934100E-6	1.154550E+4	0.000000E+0	0.000000E+0
7.329478E+3	9.934100E-6	1.154550E+4	0.000000E+0	0.000000E+0
7.332486E+3	9.933900E-6	1.154540E+4	0.000000E+0	0.000000E+0
7.335486E+3	9.934300E-6	1.154540E+4	0.000000E+0	0.000000E+0
7.338486E+3	9.934100E-6	1.154530E+4	0.000000E+0	0.000000E+0
7.341482E+3	9.934300E-6	1.154530E+4	0.000000E+0	0.000000E+0
7.344484E+3	9.934100E-6	1.154500E+4	0.000000E+0	0.000000E+0
7.347483E+3	9.934200E-6	1.154480E+4	0.000000E+0	0.000000E+0
7.350483E+3	9.934100E-6	1.154470E+4	0.000000E+0	0.000000E+0
7.353485E+3	9.934800E-6	1.154450E+4	0.000000E+0	0.000000E+0
7.356482E+3	9.933500E-6	1.154440E+4	0.000000E+0	0.000000E+0
7.359471E+3	9.933600E-6	1.154450E+4	0.000000E+0	0.000000E+0
7.362465E+3	9.933500E-6	1.154450E+4	0.000000E+0	0.000000E+0
7.365465E+3	9.933400E-6	1.154460E+4	0.000000E+0	0.000000E+0
7.368465E+3	9.933300E-6	1.154460E+4	0.000000E+0	0.000000E+0
7.371468E+3	9.933700E-6	1.154440E+4	0.000000E+0	0.000000E+0
7.374469E+3	9.933700E-6	1.154420E+4	0.000000E+0	0.000000E+0
7.377469E+3	9.933400E-6	1.154410E+4	0.000000E+0	0.000000E+0
7.380467E+3	9.933600E-6	1.154420E+4	0.000000E+0	0.000000E+0
7.383466E+3	9.933600E-6	1.154420E+4	0.000000E+0	0.000000E+0
7.386467E+3	9.933300E-6	1.154420E+4	0.000000E+0	0.000000E+0
7.389469E+3	9.933400E-6	1.154420E+4	0.000000E+0	0.000000E+0
7.392466E+3	9.933300E-6	1.154400E+4	0.000000E+0	0.000000E+0
7.395469E+3	9.933700E-6	1.154400E+4	0.000000E+0	0.000000E+0
7.398469E+3	9.932800E-6	1.154400E+4	0.000000E+0	0.000000E+0
7.401467E+3	9.933600E-6	1.154400E+4	0.000000E+0	0.000000E+0
7.404464E+3	9.933300E-6	1.154390E+4	0.000000E+0	0.000000E+0
7.407469E+3	9.933200E-6	1.154400E+4	0.000000E+0	0.000000E+0
7.410465E+3	9.933000E-6	1.154400E+4	0.000000E+0	0.000000E+0
7.413469E+3	9.932800E-6	1.154410E+4	0.000000E+0	0.000000E+0
7.416467E+3	9.932700E-6	1.154400E+4	0.000000E+0	0.000000E+0
7.419467E+3	9.932600E-6	1.154410E+4	0.000000E+0	0.000000E+0
7.422467E+3	9.932800E-6	1.154420E+4	0.000000E+0	0.000000E+0
7.425465E+3	9.932800E-6	1.154430E+4	0.000000E+0	0.000000E+0
7.428468E+3	9.932700E-6	1.154430E+4	0.000000E+0	0.000000E+0
7.431465E+3	9.932800E-6	1.154410E+4	0.000000E+0	0.000000E+0
7.434465E+3	9.932600E-6	1.154390E+4	0.000000E+0	0.000000E+0
7.437465E+3	9.932600E-6	1.154330E+4	0.000000E+0	0.000000E+0
7.440468E+3	9.932400E-6	1.154320E+4	0.000000E+0	0.000000E+0
7.443464E+3	9.932100E-6	1.154290E+4	0.000000E+0	0.000000E+0
7.446479E+3	9.932700E-6	1.154280E+4	0.000000E+0	0.000000E+0
7.449470E+3	9.932100E-6	1.154270E+4	0.000000E+0	0.000000E+0
7.452466E+3	9.932400E-6	1.154250E+4	0.000000E+0	0.000000E+0
7.455468E+3	9.932700E-6	1.154240E+4	0.000000E+0	0.000000E+0
7.458463E+3	9.932500E-6	1.154250E+4	0.000000E+0	0.000000E+0
7.461466E+3	9.933500E-6	1.154250E+4	0.000000E+0	0.000000E+0
7.464466E+3	9.932400E-6	1.154270E+4	0.000000E+0	0.000000E+0
7.467466E+3	9.932300E-6	1.154270E+4	0.000000E+0	0.000000E+0
7.470468E+3	9.933200E-6	1.154300E+4	0.000000E+0	0.000000E+0
7.473463E+3	9.932600E-6	1.154300E+4	0.000000E+0	0.000000E+0
7.476476E+3	9.932900E-6	1.154290E+4	0.000000E+0	0.000000E+0
7.479484E+3	9.932500E-6	1.154280E+4	0.000000E+0	0.000000E+0
7.482476E+3	9.932700E-6	1.154250E+4	0.000000E+0	0.000000E+0
7.485475E+3	9.933000E-6	1.154240E+4	0.000000E+0	0.000000E+0
7.488479E+3	9.932500E-6	1.154220E+4	0.000000E+0	0.000000E+0
7.491482E+3	9.932500E-6	1.154220E+4	0.000000E+0	0.000000E+0
7.494479E+3	9.932700E-6	1.154220E+4	0.000000E+0	0.000000E+0
7.497481E+3	9.932800E-6	1.154230E+4	0.000000E+0	0.000000E+0
7.500481E+3	9.932800E-6	1.154210E+4	0.000000E+0	0.000000E+0
7.503482E+3	9.932600E-6	1.154200E+4	0.000000E+0	0.000000E+0
7.506484E+3	9.932800E-6	1.154200E+4	0.000000E+0	0.000000E+0
7.509482E+3	9.932700E-6	1.154200E+4	0.000000E+0	0.000000E+0
7.512480E+3	9.932600E-6	1.154190E+4	0.000000E+0	0.000000E+0
7.515486E+3	9.932500E-6	1.154170E+4	0.000000E+0	0.000000E+0
7.518480E+3	9.932500E-6	1.154150E+4	0.000000E+0	0.000000E+0
7.521485E+3	9.932100E-6	1.154170E+4	0.000000E+0	0.000000E+0
7.524481E+3	9.932500E-6	1.154170E+4	0.000000E+0	0.000000E+0
7.527485E+3	9.932600E-6	1.154190E+4	0.000000E+0	0.000000E+0
7.530486E+3	9.932200E-6	1.154210E+4	0.000000E+0	0.000000E+0
7.533488E+3	9.932300E-6	1.154200E+4	0.000000E+0	0.000000E+0
7.536484E+3	9.932200E-6	1.154180E+4	0.000000E+0	0.000000E+0
7.539484E+3	9.932100E-6	1.154180E+4	0.000000E+0	0.000000E+0
7.542487E+3	9.932400E-6	1.154170E+4	0.000000E+0	0.000000E+0
7.545484E+3	9.932300E-6	1.154160E+4	0.000000E+0	0.000000E+0
7.548487E+3	9.931700E-6	1.154160E+4	0.000000E+0	0.000000E+0
7.551477E+3	9.931800E-6	1.154180E+4	0.000000E+0	0.000000E+0
7.554481E+3	9.932400E-6	1.154190E+4	0.000000E+0	0.000000E+0
7.557477E+3	9.932300E-6	1.154180E+4	0.000000E+0	0.000000E+0
7.560477E+3	9.931900E-6	1.154190E+4	0.000000E+0	0.000000E+0
7.563479E+3	9.931600E-6	1.154200E+4	0.000000E+0	0.000000E+0
7.566488E+3	9.931800E-6	1.154200E+4	0.000000E+0	0.000000E+0
7.569480E+3	9.931300E-6	1.154180E+4	0.000000E+0	0.000000E+0
7.572479E+3	9.931300E-6	1.154180E+4	0.000000E+0	0.000000E+0
7.575475E+3	9.931600E-6	1.154160E+4	0.000000E+0	0.000000E+0
7.578472E+3	9.931100E-6	1.154160E+4	0.000000E+0	0.000000E+0
7.581475E+3	9.931200E-6	1.154140E+4	0.000000E+0	0.000000E+0
7.584470E+3	9.931000E-6	1.154150E+4	0.000000E+0	0.000000E+0
7.587475E+3	9.931500E-6	1.154160E+4	0.000000E+0	0.000000E+0
7.590469E+3	9.931900E-6	1.154190E+4	0.000000E+0	0.000000E+0
7.593464E+3	9.931200E-6	1.154200E+4	0.000000E+0	0.000000E+0
7.596469E+3	9.931100E-6	1.154210E+4	0.000000E+0	0.000000E+0
7.599465E+3	9.931000E-6	1.154230E+4	0.000000E+0	0.000000E+0
7.602469E+3	9.931700E-6	1.154240E+4	0.000000E+0	0.000000E+0
7.605461E+3	9.931500E-6	1.154260E+4	0.000000E+0	0.000000E+0
7.608468E+3	9.932000E-6	1.154270E+4	0.000000E+0	0.000000E+0
7.611462E+3	9.931700E-6	1.154260E+4	0.000000E+0	0.000000E+0
7.614471E+3	9.931400E-6	1.154260E+4	0.000000E+0	0.000000E+0
7.617464E+3	9.931400E-6	1.154270E+4	0.000000E+0	0.000000E+0
7.620463E+3	9.931500E-6	1.154250E+4	0.000000E+0	0.000000E+0
7.623470E+3	9.931400E-6	1.154250E+4	0.000000E+0	0.000000E+0
7.626467E+3	9.931200E-6	1.154240E+4	0.000000E+0	0.000000E+0
7.629465E+3	9.931700E-6	1.154240E+4	0.000000E+0	0.000000E+0
7.632470E+3	9.931500E-6	1.154220E+4	0.000000E+0	0.000000E+0
7.635473E+3	9.931800E-6	1.154210E+4	0.000000E+0	0.000000E+0
7.638461E+3	9.931400E-6	1.154210E+4	0.000000E+0	0.000000E+0
7.641463E+3	9.931000E-6	1.154240E+4	0.000000E+0	0.000000E+0
7.644469E+3	9.931000E-6	1.154240E+4	0.000000E+0	0.000000E+0
7.647469E+3	9.931700E-6	1.154250E+4	0.000000E+0	0.000000E+0
7.650468E+3	9.931400E-6	1.154270E+4	0.000000E+0	0.000000E+0
7.653464E+3	9.931200E-6	1.154270E+4	0.000000E+0	0.000000E+0
7.656466E+3	9.931200E-6	1.154280E+4	0.000000E+0	0.000000E+0
7.659468E+3	9.932000E-6	1.154310E+4	0.000000E+0	0.000000E+0
7.662466E+3	9.931300E-6	1.154310E+4	0.000000E+0	0.000000E+0
7.665466E+3	9.931200E-6	1.154330E+4	0.000000E+0	0.000000E+0
7.668469E+3	9.931900E-6	1.154340E+4	0.000000E+0	0.000000E+0
7.671467E+3	9.931100E-6	1.154330E+4	0.000000E+0	0.000000E+0
7.674467E+3	9.930900E-6	1.154330E+4	0.000000E+0	0.000000E+0
7.677462E+3	9.930800E-6	1.154340E+4	0.000000E+0	0.000000E+0
7.680470E+3	9.931200E-6	1.154350E+4	0.000000E+0	0.000000E+0
7.683464E+3	9.930600E-6	1.154360E+4	0.000000E+0	0.000000E+0
7.686475E+3	9.931100E-6	1.154420E+4	0.000000E+0	0.000000E+0
7.689462E+3	9.931200E-6	1.154420E+4	0.000000E+0	0.000000E+0
7.692475E+3	9.931400E-6	1.154410E+4	0.000000E+0	0.000000E+0
7.695471E+3	9.885200E-6	1.154410E+4	0.000000E+0	0.000000E+0
7.698462E+3	9.905300E-6	1.154410E+4	0.000000E+0	0.000000E+0
