
Medición hecha el 2026-08-31  06:26 p.m.

Medición de corriente y tensión en el tiempo con posibilidad de inyectar corriente.
Tiempo	Corriente	Tensión
3.352000E+0	9.845300E-8	1.250740E+4	0.000000E+0	0.000000E+0
6.871000E+0	9.847500E-8	1.250740E+4	0.000000E+0	0.000000E+0
1.090600E+1	9.846000E-8	1.250740E+4	0.000000E+0	0.000000E+0
1.488900E+1	9.847200E-8	1.250720E+4	0.000000E+0	0.000000E+0
1.889200E+1	9.848500E-8	1.250740E+4	0.000000E+0	0.000000E+0
2.288900E+1	9.849100E-8	1.250740E+4	0.000000E+0	0.000000E+0
2.688900E+1	9.848200E-8	1.250740E+4	0.000000E+0	0.000000E+0
3.088600E+1	9.848000E-8	1.250740E+4	0.000000E+0	0.000000E+0
3.489200E+1	9.849200E-8	1.250740E+4	0.000000E+0	0.000000E+0
3.888700E+1	9.849100E-8	1.250740E+4	0.000000E+0	0.000000E+0
4.289100E+1	9.849700E-8	1.250740E+4	0.000000E+0	0.000000E+0
4.688900E+1	9.849700E-8	1.250730E+4	0.000000E+0	0.000000E+0
5.089500E+1	9.848100E-8	1.250710E+4	0.000000E+0	0.000000E+0
5.488900E+1	9.848700E-8	1.250690E+4	0.000000E+0	0.000000E+0
5.888900E+1	9.847900E-8	1.250680E+4	0.000000E+0	0.000000E+0
6.288500E+1	9.848500E-8	1.250670E+4	0.000000E+0	0.000000E+0
6.689000E+1	9.849500E-8	1.250650E+4	0.000000E+0	0.000000E+0
7.088800E+1	9.849300E-8	1.250650E+4	0.000000E+0	0.000000E+0
7.489200E+1	9.848600E-8	1.250630E+4	0.000000E+0	0.000000E+0
7.888200E+1	9.849200E-8	1.250620E+4	0.000000E+0	0.000000E+0
8.288800E+1	9.849100E-8	1.250620E+4	0.000000E+0	0.000000E+0
8.688700E+1	9.849200E-8	1.250600E+4	0.000000E+0	0.000000E+0
9.088700E+1	9.848400E-8	1.250590E+4	0.000000E+0	0.000000E+0
9.488600E+1	9.850000E-8	1.250580E+4	0.000000E+0	0.000000E+0
9.888900E+1	9.849300E-8	1.250560E+4	0.000000E+0	0.000000E+0
1.028880E+2	9.849000E-8	1.250550E+4	0.000000E+0	0.000000E+0
1.068910E+2	9.849000E-8	1.250530E+4	0.000000E+0	0.000000E+0
1.108830E+2	9.848700E-8	1.250510E+4	0.000000E+0	0.000000E+0
1.148920E+2	9.849100E-8	1.250510E+4	0.000000E+0	0.000000E+0
1.188910E+2	9.849500E-8	1.250500E+4	0.000000E+0	0.000000E+0
1.228910E+2	9.849600E-8	1.250490E+4	0.000000E+0	0.000000E+0
1.268840E+2	9.849400E-8	1.250490E+4	0.000000E+0	0.000000E+0
1.308930E+2	9.849600E-8	1.250480E+4	0.000000E+0	0.000000E+0
1.348890E+2	9.851300E-8	1.250480E+4	0.000000E+0	0.000000E+0
1.388900E+2	9.850100E-8	1.250480E+4	0.000000E+0	0.000000E+0
1.428890E+2	9.849500E-8	1.250460E+4	0.000000E+0	0.000000E+0
1.468890E+2	9.850300E-8	1.250450E+4	0.000000E+0	0.000000E+0
1.508920E+2	9.848800E-8	1.250430E+4	0.000000E+0	0.000000E+0
1.548870E+2	9.849600E-8	1.250420E+4	0.000000E+0	0.000000E+0
1.588840E+2	9.850100E-8	1.250400E+4	0.000000E+0	0.000000E+0
1.628870E+2	9.849900E-8	1.250390E+4	0.000000E+0	0.000000E+0
1.668880E+2	9.849000E-8	1.250370E+4	0.000000E+0	0.000000E+0
1.708910E+2	9.850100E-8	1.250350E+4	0.000000E+0	0.000000E+0
1.748900E+2	9.849300E-8	1.250330E+4	0.000000E+0	0.000000E+0
1.788900E+2	9.849500E-8	1.250300E+4	0.000000E+0	0.000000E+0
1.828880E+2	9.848500E-8	1.250270E+4	0.000000E+0	0.000000E+0
1.868930E+2	9.850100E-8	1.250200E+4	0.000000E+0	0.000000E+0
1.908900E+2	9.849500E-8	1.250160E+4	0.000000E+0	0.000000E+0
1.948930E+2	9.848600E-8	1.250130E+4	0.000000E+0	0.000000E+0
1.988850E+2	9.849400E-8	1.250100E+4	0.000000E+0	0.000000E+0
2.028920E+2	9.849200E-8	1.250100E+4	0.000000E+0	0.000000E+0
2.068890E+2	9.849900E-8	1.250090E+4	0.000000E+0	0.000000E+0
2.108890E+2	9.850100E-8	1.250090E+4	0.000000E+0	0.000000E+0
2.148890E+2	9.849800E-8	1.250080E+4	0.000000E+0	0.000000E+0
2.188880E+2	9.849300E-8	1.250070E+4	0.000000E+0	0.000000E+0
2.228860E+2	9.848600E-8	1.250050E+4	0.000000E+0	0.000000E+0
2.268900E+2	9.849200E-8	1.250020E+4	0.000000E+0	0.000000E+0
2.308870E+2	9.849400E-8	1.250000E+4	0.000000E+0	0.000000E+0
2.348890E+2	9.849600E-8	1.249970E+4	0.000000E+0	0.000000E+0
2.388870E+2	9.849700E-8	1.249940E+4	0.000000E+0	0.000000E+0
2.428920E+2	9.848800E-8	1.249920E+4	0.000000E+0	0.000000E+0
2.468900E+2	9.850200E-8	1.249900E+4	0.000000E+0	0.000000E+0
2.508950E+2	9.849600E-8	1.249880E+4	0.000000E+0	0.000000E+0
2.548920E+2	9.850400E-8	1.249860E+4	0.000000E+0	0.000000E+0
2.588930E+2	9.851200E-8	1.249850E+4	0.000000E+0	0.000000E+0
2.628900E+2	9.849600E-8	1.249840E+4	0.000000E+0	0.000000E+0
2.668930E+2	9.850500E-8	1.249830E+4	0.000000E+0	0.000000E+0
2.708900E+2	9.849900E-8	1.249830E+4	0.000000E+0	0.000000E+0
2.748930E+2	9.850700E-8	1.249830E+4	0.000000E+0	0.000000E+0
2.788900E+2	9.850400E-8	1.249830E+4	0.000000E+0	0.000000E+0
2.828980E+2	9.849900E-8	1.249810E+4	0.000000E+0	0.000000E+0
2.868930E+2	9.849100E-8	1.249770E+4	0.000000E+0	0.000000E+0
2.909010E+2	9.851800E-8	1.249740E+4	0.000000E+0	0.000000E+0
2.948910E+2	9.849600E-8	1.249710E+4	0.000000E+0	0.000000E+0
2.988930E+2	9.849400E-8	1.249680E+4	0.000000E+0	0.000000E+0
3.028940E+2	9.849700E-8	1.249670E+4	0.000000E+0	0.000000E+0
3.068950E+2	9.849800E-8	1.249660E+4	0.000000E+0	0.000000E+0
3.108910E+2	9.849000E-8	1.249640E+4	0.000000E+0	0.000000E+0
3.148980E+2	9.850600E-8	1.249610E+4	0.000000E+0	0.000000E+0
3.188890E+2	9.849500E-8	1.249580E+4	0.000000E+0	0.000000E+0
3.228980E+2	9.850000E-8	1.249550E+4	0.000000E+0	0.000000E+0
3.268870E+2	9.849400E-8	1.249510E+4	0.000000E+0	0.000000E+0
3.308910E+2	9.849400E-8	1.249480E+4	0.000000E+0	0.000000E+0
3.348900E+2	9.850100E-8	1.249460E+4	0.000000E+0	0.000000E+0
3.388930E+2	9.851200E-8	1.249430E+4	0.000000E+0	0.000000E+0
3.428870E+2	9.849700E-8	1.249400E+4	0.000000E+0	0.000000E+0
3.468910E+2	9.850600E-8	1.249370E+4	0.000000E+0	0.000000E+0
3.508910E+2	9.850100E-8	1.249350E+4	0.000000E+0	0.000000E+0
3.548910E+2	9.851400E-8	1.249310E+4	0.000000E+0	0.000000E+0
3.588900E+2	9.850600E-8	1.249290E+4	0.000000E+0	0.000000E+0
3.628920E+2	9.850700E-8	1.249250E+4	0.000000E+0	0.000000E+0
3.668910E+2	9.850300E-8	1.249240E+4	0.000000E+0	0.000000E+0
3.708910E+2	9.851900E-8	1.249220E+4	0.000000E+0	0.000000E+0
3.748930E+2	9.850800E-8	1.249200E+4	0.000000E+0	0.000000E+0
3.788970E+2	9.851300E-8	1.249170E+4	0.000000E+0	0.000000E+0
3.828860E+2	9.851700E-8	1.249170E+4	0.000000E+0	0.000000E+0
3.868960E+2	9.851000E-8	1.249130E+4	0.000000E+0	0.000000E+0
3.908890E+2	9.851200E-8	1.249100E+4	0.000000E+0	0.000000E+0
3.948960E+2	9.851500E-8	1.249070E+4	0.000000E+0	0.000000E+0
3.988860E+2	9.850600E-8	1.249050E+4	0.000000E+0	0.000000E+0
4.028950E+2	9.850500E-8	1.249010E+4	0.000000E+0	0.000000E+0
4.068860E+2	9.850200E-8	1.248990E+4	0.000000E+0	0.000000E+0
4.108940E+2	9.849900E-8	1.248960E+4	0.000000E+0	0.000000E+0
4.148930E+2	9.850200E-8	1.248940E+4	0.000000E+0	0.000000E+0
4.188920E+2	9.850900E-8	1.248920E+4	0.000000E+0	0.000000E+0
4.228870E+2	9.851100E-8	1.248900E+4	0.000000E+0	0.000000E+0
4.268960E+2	9.849900E-8	1.248880E+4	0.000000E+0	0.000000E+0
4.308880E+2	9.850600E-8	1.248850E+4	0.000000E+0	0.000000E+0
4.349000E+2	9.850800E-8	1.248870E+4	0.000000E+0	0.000000E+0
4.388930E+2	9.850300E-8	1.248880E+4	0.000000E+0	0.000000E+0
4.428920E+2	9.850900E-8	1.248860E+4	0.000000E+0	0.000000E+0
4.468950E+2	9.851100E-8	1.248840E+4	0.000000E+0	0.000000E+0
4.508930E+2	9.850700E-8	1.248820E+4	0.000000E+0	0.000000E+0
4.548930E+2	9.849700E-8	1.248840E+4	0.000000E+0	0.000000E+0
4.588940E+2	9.850300E-8	1.248820E+4	0.000000E+0	0.000000E+0
4.628890E+2	9.850600E-8	1.248800E+4	0.000000E+0	0.000000E+0
4.668940E+2	9.850900E-8	1.248760E+4	0.000000E+0	0.000000E+0
4.708910E+2	9.851600E-8	1.248730E+4	0.000000E+0	0.000000E+0
4.748940E+2	9.850700E-8	1.248700E+4	0.000000E+0	0.000000E+0
4.788920E+2	9.851000E-8	1.248700E+4	0.000000E+0	0.000000E+0
4.828920E+2	9.851600E-8	1.248680E+4	0.000000E+0	0.000000E+0
4.868910E+2	9.851100E-8	1.248650E+4	0.000000E+0	0.000000E+0
4.908940E+2	9.850400E-8	1.248620E+4	0.000000E+0	0.000000E+0
4.948910E+2	9.851400E-8	1.248600E+4	0.000000E+0	0.000000E+0
4.988910E+2	9.851400E-8	1.248570E+4	0.000000E+0	0.000000E+0
5.028940E+2	9.851500E-8	1.248550E+4	0.000000E+0	0.000000E+0
5.068950E+2	9.850900E-8	1.248530E+4	0.000000E+0	0.000000E+0
5.108890E+2	9.851700E-8	1.248500E+4	0.000000E+0	0.000000E+0
5.148950E+2	9.851800E-8	1.248490E+4	0.000000E+0	0.000000E+0
5.188930E+2	9.851700E-8	1.248480E+4	0.000000E+0	0.000000E+0
5.228920E+2	9.851300E-8	1.248480E+4	0.000000E+0	0.000000E+0
5.268880E+2	9.850900E-8	1.248490E+4	0.000000E+0	0.000000E+0
5.308960E+2	9.853500E-8	1.248470E+4	0.000000E+0	0.000000E+0
5.348900E+2	9.851300E-8	1.248440E+4	0.000000E+0	0.000000E+0
5.388910E+2	9.850700E-8	1.248420E+4	0.000000E+0	0.000000E+0
5.428860E+2	9.851300E-8	1.248380E+4	0.000000E+0	0.000000E+0
5.468890E+2	9.851500E-8	1.248350E+4	0.000000E+0	0.000000E+0
5.508930E+2	9.851800E-8	1.248320E+4	0.000000E+0	0.000000E+0
5.548910E+2	9.852000E-8	1.248290E+4	0.000000E+0	0.000000E+0
5.588930E+2	9.851500E-8	1.248280E+4	0.000000E+0	0.000000E+0
5.628970E+2	9.851800E-8	1.248260E+4	0.000000E+0	0.000000E+0
5.668920E+2	9.850800E-8	1.248250E+4	0.000000E+0	0.000000E+0
5.708990E+2	9.851600E-8	1.248230E+4	0.000000E+0	0.000000E+0
5.748860E+2	9.851800E-8	1.248210E+4	0.000000E+0	0.000000E+0
5.788970E+2	9.852000E-8	1.248210E+4	0.000000E+0	0.000000E+0
5.828910E+2	9.851700E-8	1.248230E+4	0.000000E+0	0.000000E+0
5.868970E+2	9.852800E-8	1.248240E+4	0.000000E+0	0.000000E+0
5.908920E+2	9.851500E-8	1.248240E+4	0.000000E+0	0.000000E+0
5.948920E+2	9.851700E-8	1.248230E+4	0.000000E+0	0.000000E+0
5.988930E+2	9.851800E-8	1.248200E+4	0.000000E+0	0.000000E+0
6.028980E+2	9.852600E-8	1.248160E+4	0.000000E+0	0.000000E+0
6.068880E+2	9.852400E-8	1.248160E+4	0.000000E+0	0.000000E+0
6.108960E+2	9.851700E-8	1.248190E+4	0.000000E+0	0.000000E+0
6.148930E+2	9.852100E-8	1.248190E+4	0.000000E+0	0.000000E+0
6.188910E+2	9.851500E-8	1.248190E+4	0.000000E+0	0.000000E+0
6.228930E+2	9.852100E-8	1.248170E+4	0.000000E+0	0.000000E+0
6.268990E+2	9.852000E-8	1.248140E+4	0.000000E+0	0.000000E+0
6.308930E+2	9.852400E-8	1.248100E+4	0.000000E+0	0.000000E+0
6.348930E+2	9.853000E-8	1.248060E+4	0.000000E+0	0.000000E+0
6.388910E+2	9.851200E-8	1.248030E+4	0.000000E+0	0.000000E+0
6.428980E+2	9.851800E-8	1.248000E+4	0.000000E+0	0.000000E+0
6.468930E+2	9.851400E-8	1.247970E+4	0.000000E+0	0.000000E+0
6.508940E+2	9.852000E-8	1.247940E+4	0.000000E+0	0.000000E+0
6.548880E+2	9.850400E-8	1.247920E+4	0.000000E+0	0.000000E+0
6.588920E+2	9.851000E-8	1.247900E+4	0.000000E+0	0.000000E+0
6.628910E+2	9.851700E-8	1.247880E+4	0.000000E+0	0.000000E+0
6.668940E+2	9.851700E-8	1.247860E+4	0.000000E+0	0.000000E+0
6.708910E+2	9.852500E-8	1.247860E+4	0.000000E+0	0.000000E+0
6.748970E+2	9.852200E-8	1.247850E+4	0.000000E+0	0.000000E+0
6.788920E+2	9.851100E-8	1.247830E+4	0.000000E+0	0.000000E+0
6.828970E+2	9.851300E-8	1.247800E+4	0.000000E+0	0.000000E+0
6.868890E+2	9.853400E-8	1.247770E+4	0.000000E+0	0.000000E+0
6.908950E+2	9.852600E-8	1.247750E+4	0.000000E+0	0.000000E+0
6.948920E+2	9.852600E-8	1.247720E+4	0.000000E+0	0.000000E+0
6.988950E+2	9.852400E-8	1.247710E+4	0.000000E+0	0.000000E+0
7.028900E+2	9.852300E-8	1.247720E+4	0.000000E+0	0.000000E+0
7.068930E+2	9.852800E-8	1.247710E+4	0.000000E+0	0.000000E+0
7.108950E+2	9.853100E-8	1.247700E+4	0.000000E+0	0.000000E+0
7.148930E+2	9.853000E-8	1.247680E+4	0.000000E+0	0.000000E+0
7.188880E+2	9.852800E-8	1.247670E+4	0.000000E+0	0.000000E+0
7.228980E+2	9.852700E-8	1.247670E+4	0.000000E+0	0.000000E+0
7.268910E+2	9.853600E-8	1.247670E+4	0.000000E+0	0.000000E+0
7.308980E+2	9.854000E-8	1.247660E+4	0.000000E+0	0.000000E+0
7.348850E+2	9.854000E-8	1.247640E+4	0.000000E+0	0.000000E+0
7.388940E+2	9.854500E-8	1.247620E+4	0.000000E+0	0.000000E+0
7.428910E+2	9.852900E-8	1.247610E+4	0.000000E+0	0.000000E+0
7.468890E+2	9.853000E-8	1.247590E+4	0.000000E+0	0.000000E+0
7.508910E+2	9.852800E-8	1.247550E+4	0.000000E+0	0.000000E+0
7.548960E+2	9.853000E-8	1.247520E+4	0.000000E+0	0.000000E+0
7.588920E+2	9.853100E-8	1.247470E+4	0.000000E+0	0.000000E+0
7.628920E+2	9.853300E-8	1.247450E+4	0.000000E+0	0.000000E+0
7.668890E+2	9.852700E-8	1.247430E+4	0.000000E+0	0.000000E+0
7.708980E+2	9.853200E-8	1.247420E+4	0.000000E+0	0.000000E+0
7.748920E+2	9.852800E-8	1.247400E+4	0.000000E+0	0.000000E+0
7.788930E+2	9.852800E-8	1.247390E+4	0.000000E+0	0.000000E+0
7.828900E+2	9.853300E-8	1.247390E+4	0.000000E+0	0.000000E+0
7.868940E+2	9.853900E-8	1.247390E+4	0.000000E+0	0.000000E+0
7.908920E+2	9.853100E-8	1.247390E+4	0.000000E+0	0.000000E+0
7.948900E+2	9.853200E-8	1.247390E+4	0.000000E+0	0.000000E+0
7.988880E+2	9.853100E-8	1.247380E+4	0.000000E+0	0.000000E+0
8.028910E+2	9.854300E-8	1.247360E+4	0.000000E+0	0.000000E+0
8.068950E+2	9.852600E-8	1.247320E+4	0.000000E+0	0.000000E+0
8.108940E+2	9.852800E-8	1.247290E+4	0.000000E+0	0.000000E+0
8.148900E+2	9.854100E-8	1.247270E+4	0.000000E+0	0.000000E+0
8.188960E+2	9.853000E-8	1.247240E+4	0.000000E+0	0.000000E+0
8.228930E+2	9.853600E-8	1.247210E+4	0.000000E+0	0.000000E+0
8.268910E+2	9.853300E-8	1.247180E+4	0.000000E+0	0.000000E+0
8.308890E+2	9.854500E-8	1.247150E+4	0.000000E+0	0.000000E+0
8.348920E+2	9.854100E-8	1.247130E+4	0.000000E+0	0.000000E+0
8.388920E+2	9.853500E-8	1.247100E+4	0.000000E+0	0.000000E+0
8.428920E+2	9.853300E-8	1.247090E+4	0.000000E+0	0.000000E+0
8.468890E+2	9.853600E-8	1.247060E+4	0.000000E+0	0.000000E+0
8.508970E+2	9.853400E-8	1.247030E+4	0.000000E+0	0.000000E+0
8.548920E+2	9.853400E-8	1.247020E+4	0.000000E+0	0.000000E+0
8.589000E+2	9.853100E-8	1.247000E+4	0.000000E+0	0.000000E+0
8.628870E+2	9.853800E-8	1.247010E+4	0.000000E+0	0.000000E+0
8.668920E+2	9.853800E-8	1.247010E+4	0.000000E+0	0.000000E+0
8.708890E+2	9.853800E-8	1.247010E+4	0.000000E+0	0.000000E+0
8.748920E+2	9.854100E-8	1.247010E+4	0.000000E+0	0.000000E+0
8.788900E+2	9.853800E-8	1.246990E+4	0.000000E+0	0.000000E+0
8.828910E+2	9.854500E-8	1.246980E+4	0.000000E+0	0.000000E+0
8.868920E+2	9.853800E-8	1.246970E+4	0.000000E+0	0.000000E+0
8.909240E+2	9.855200E-8	1.246990E+4	0.000000E+0	0.000000E+0
8.948750E+2	9.855700E-8	1.246980E+4	0.000000E+0	0.000000E+0
8.988880E+2	9.854500E-8	1.246950E+4	0.000000E+0	0.000000E+0
9.028930E+2	9.854900E-8	1.246920E+4	0.000000E+0	0.000000E+0
9.068910E+2	9.855500E-8	1.246920E+4	0.000000E+0	0.000000E+0
9.108930E+2	9.855600E-8	1.246910E+4	0.000000E+0	0.000000E+0
9.148910E+2	9.856100E-8	1.246900E+4	0.000000E+0	0.000000E+0
9.188930E+2	9.855100E-8	1.246900E+4	0.000000E+0	0.000000E+0
9.228730E+2	9.855400E-8	1.246910E+4	0.000000E+0	0.000000E+0
9.268880E+2	9.855700E-8	1.246910E+4	0.000000E+0	0.000000E+0
9.308940E+2	9.855900E-8	1.246900E+4	0.000000E+0	0.000000E+0
9.348860E+2	9.855500E-8	1.246900E+4	0.000000E+0	0.000000E+0
9.388920E+2	9.855800E-8	1.246890E+4	0.000000E+0	0.000000E+0
9.428910E+2	9.856500E-8	1.246870E+4	0.000000E+0	0.000000E+0
9.468950E+2	9.856100E-8	1.246850E+4	0.000000E+0	0.000000E+0
9.508900E+2	9.855500E-8	1.246820E+4	0.000000E+0	0.000000E+0
9.548900E+2	9.856100E-8	1.246810E+4	0.000000E+0	0.000000E+0
9.588920E+2	9.856300E-8	1.246800E+4	0.000000E+0	0.000000E+0
9.628930E+2	9.856500E-8	1.246790E+4	0.000000E+0	0.000000E+0
9.668890E+2	9.855800E-8	1.246760E+4	0.000000E+0	0.000000E+0
9.708920E+2	9.857100E-8	1.246750E+4	0.000000E+0	0.000000E+0
9.748900E+2	9.855800E-8	1.246720E+4	0.000000E+0	0.000000E+0
9.788930E+2	9.856100E-8	1.246700E+4	0.000000E+0	0.000000E+0
9.828710E+2	9.856500E-8	1.246660E+4	0.000000E+0	0.000000E+0
9.868880E+2	9.856200E-8	1.246640E+4	0.000000E+0	0.000000E+0
9.908950E+2	9.857300E-8	1.246620E+4	0.000000E+0	0.000000E+0
9.948770E+2	9.856900E-8	1.246650E+4	0.000000E+0	0.000000E+0
9.989060E+2	9.856300E-8	1.246650E+4	0.000000E+0	0.000000E+0
1.002893E+3	9.856500E-8	1.246660E+4	0.000000E+0	0.000000E+0
1.006894E+3	9.857700E-8	1.246670E+4	0.000000E+0	0.000000E+0
1.010896E+3	9.857000E-8	1.246700E+4	0.000000E+0	0.000000E+0
1.014891E+3	9.857400E-8	1.246730E+4	0.000000E+0	0.000000E+0
1.018892E+3	9.856200E-8	1.246720E+4	0.000000E+0	0.000000E+0
1.022889E+3	9.856900E-8	1.246700E+4	0.000000E+0	0.000000E+0
1.026892E+3	9.857100E-8	1.246680E+4	0.000000E+0	0.000000E+0
1.030894E+3	9.856200E-8	1.246660E+4	0.000000E+0	0.000000E+0
1.034892E+3	9.856900E-8	1.246660E+4	0.000000E+0	0.000000E+0
1.038892E+3	9.856700E-8	1.246680E+4	0.000000E+0	0.000000E+0
1.042894E+3	9.857200E-8	1.246670E+4	0.000000E+0	0.000000E+0
1.046890E+3	9.858600E-8	1.246700E+4	0.000000E+0	0.000000E+0
1.050890E+3	9.856600E-8	1.246710E+4	0.000000E+0	0.000000E+0
1.054889E+3	9.857700E-8	1.246700E+4	0.000000E+0	0.000000E+0
1.058891E+3	9.857000E-8	1.246700E+4	0.000000E+0	0.000000E+0
1.062890E+3	9.857300E-8	1.246690E+4	0.000000E+0	0.000000E+0
1.066888E+3	9.858700E-8	1.246690E+4	0.000000E+0	0.000000E+0
1.070890E+3	9.858200E-8	1.246680E+4	0.000000E+0	0.000000E+0
1.074895E+3	9.857800E-8	1.246660E+4	0.000000E+0	0.000000E+0
1.078893E+3	9.858200E-8	1.246640E+4	0.000000E+0	0.000000E+0
1.082893E+3	9.858800E-8	1.246660E+4	0.000000E+0	0.000000E+0
1.086893E+3	9.858100E-8	1.246640E+4	0.000000E+0	0.000000E+0
1.090893E+3	9.856800E-8	1.246660E+4	0.000000E+0	0.000000E+0
1.094886E+3	9.857800E-8	1.246650E+4	0.000000E+0	0.000000E+0
1.098891E+3	9.857600E-8	1.246600E+4	0.000000E+0	0.000000E+0
1.102889E+3	9.858000E-8	1.246560E+4	0.000000E+0	0.000000E+0
1.106890E+3	9.857000E-8	1.246520E+4	0.000000E+0	0.000000E+0
1.110889E+3	9.858500E-8	1.246490E+4	0.000000E+0	0.000000E+0
1.114892E+3	9.857500E-8	1.246480E+4	0.000000E+0	0.000000E+0
1.118891E+3	9.857400E-8	1.246480E+4	0.000000E+0	0.000000E+0
1.122892E+3	9.857200E-8	1.246470E+4	0.000000E+0	0.000000E+0
1.126891E+3	9.857400E-8	1.246450E+4	0.000000E+0	0.000000E+0
1.130889E+3	9.858500E-8	1.246420E+4	0.000000E+0	0.000000E+0
1.134887E+3	9.856400E-8	1.246390E+4	0.000000E+0	0.000000E+0
1.138889E+3	9.858000E-8	1.246370E+4	0.000000E+0	0.000000E+0
1.142893E+3	9.857300E-8	1.246350E+4	0.000000E+0	0.000000E+0
1.146895E+3	9.857400E-8	1.246330E+4	0.000000E+0	0.000000E+0
1.150892E+3	9.858000E-8	1.246310E+4	0.000000E+0	0.000000E+0
1.154893E+3	9.858200E-8	1.246280E+4	0.000000E+0	0.000000E+0
1.158887E+3	9.857600E-8	1.246260E+4	0.000000E+0	0.000000E+0
1.162891E+3	9.856900E-8	1.246230E+4	0.000000E+0	0.000000E+0
1.166890E+3	9.857900E-8	1.246220E+4	0.000000E+0	0.000000E+0
1.170891E+3	9.858900E-8	1.246210E+4	0.000000E+0	0.000000E+0
1.174887E+3	9.858400E-8	1.246190E+4	0.000000E+0	0.000000E+0
1.178894E+3	9.858000E-8	1.246180E+4	0.000000E+0	0.000000E+0
1.182891E+3	9.858100E-8	1.246170E+4	0.000000E+0	0.000000E+0
1.186888E+3	9.857900E-8	1.246160E+4	0.000000E+0	0.000000E+0
1.190886E+3	9.857600E-8	1.246160E+4	0.000000E+0	0.000000E+0
1.194890E+3	9.857200E-8	1.246140E+4	0.000000E+0	0.000000E+0
1.198891E+3	9.857700E-8	1.246110E+4	0.000000E+0	0.000000E+0
1.202889E+3	9.859400E-8	1.246090E+4	0.000000E+0	0.000000E+0
1.206888E+3	9.858800E-8	1.246080E+4	0.000000E+0	0.000000E+0
1.210890E+3	9.858900E-8	1.246050E+4	0.000000E+0	0.000000E+0
1.214891E+3	9.857500E-8	1.246030E+4	0.000000E+0	0.000000E+0
1.218894E+3	9.858900E-8	1.246020E+4	0.000000E+0	0.000000E+0
1.222890E+3	9.858500E-8	1.246000E+4	0.000000E+0	0.000000E+0
1.226892E+3	9.858100E-8	1.245990E+4	0.000000E+0	0.000000E+0
1.230894E+3	9.858500E-8	1.245980E+4	0.000000E+0	0.000000E+0
1.234892E+3	9.858300E-8	1.245960E+4	0.000000E+0	0.000000E+0
1.238895E+3	9.857100E-8	1.245950E+4	0.000000E+0	0.000000E+0
1.242869E+3	9.857900E-8	1.245930E+4	0.000000E+0	0.000000E+0
1.246906E+3	9.858100E-8	1.245920E+4	0.000000E+0	0.000000E+0
1.250892E+3	9.857900E-8	1.245900E+4	0.000000E+0	0.000000E+0
1.254892E+3	9.858900E-8	1.245900E+4	0.000000E+0	0.000000E+0
1.258896E+3	9.856700E-8	1.245880E+4	0.000000E+0	0.000000E+0
1.262895E+3	9.858400E-8	1.245860E+4	0.000000E+0	0.000000E+0
1.266893E+3	9.858900E-8	1.245850E+4	0.000000E+0	0.000000E+0
1.270893E+3	9.858000E-8	1.245860E+4	0.000000E+0	0.000000E+0
1.274890E+3	9.858300E-8	1.245880E+4	0.000000E+0	0.000000E+0
1.278897E+3	9.859600E-8	1.245870E+4	0.000000E+0	0.000000E+0
1.282891E+3	9.858400E-8	1.245850E+4	0.000000E+0	0.000000E+0
1.286896E+3	9.858400E-8	1.245840E+4	0.000000E+0	0.000000E+0
1.290891E+3	9.857300E-8	1.245830E+4	0.000000E+0	0.000000E+0
1.294895E+3	9.858200E-8	1.245900E+4	0.000000E+0	0.000000E+0
1.298892E+3	9.858900E-8	1.245950E+4	0.000000E+0	0.000000E+0
1.302891E+3	9.858400E-8	1.245970E+4	0.000000E+0	0.000000E+0
1.306887E+3	9.858600E-8	1.245970E+4	0.000000E+0	0.000000E+0
1.310897E+3	9.859200E-8	1.245970E+4	0.000000E+0	0.000000E+0
1.314891E+3	9.859100E-8	1.245940E+4	0.000000E+0	0.000000E+0
1.318894E+3	9.858900E-8	1.245950E+4	0.000000E+0	0.000000E+0
1.322890E+3	9.859900E-8	1.245960E+4	0.000000E+0	0.000000E+0
1.326897E+3	9.858300E-8	1.245950E+4	0.000000E+0	0.000000E+0
1.330890E+3	9.858500E-8	1.245990E+4	0.000000E+0	0.000000E+0
1.334895E+3	9.858600E-8	1.246040E+4	0.000000E+0	0.000000E+0
1.338887E+3	9.858400E-8	1.246080E+4	0.000000E+0	0.000000E+0
1.342890E+3	9.861600E-8	1.246080E+4	0.000000E+0	0.000000E+0
1.346888E+3	9.859400E-8	1.246090E+4	0.000000E+0	0.000000E+0
1.350896E+3	9.859900E-8	1.246160E+4	0.000000E+0	0.000000E+0
1.354891E+3	9.858500E-8	1.246210E+4	0.000000E+0	0.000000E+0
1.358894E+3	9.859400E-8	1.246200E+4	0.000000E+0	0.000000E+0
1.362894E+3	9.859000E-8	1.246170E+4	0.000000E+0	0.000000E+0
1.366893E+3	9.859900E-8	1.246130E+4	0.000000E+0	0.000000E+0
1.370893E+3	9.859800E-8	1.246100E+4	0.000000E+0	0.000000E+0
1.374893E+3	9.859500E-8	1.246060E+4	0.000000E+0	0.000000E+0
1.378893E+3	9.859500E-8	1.246040E+4	0.000000E+0	0.000000E+0
1.382897E+3	9.858600E-8	1.246000E+4	0.000000E+0	0.000000E+0
1.386892E+3	9.858700E-8	1.245980E+4	0.000000E+0	0.000000E+0
1.390892E+3	9.858600E-8	1.245960E+4	0.000000E+0	0.000000E+0
1.394896E+3	9.859700E-8	1.245970E+4	0.000000E+0	0.000000E+0
1.398894E+3	9.858200E-8	1.246000E+4	0.000000E+0	0.000000E+0
1.402889E+3	9.859000E-8	1.246000E+4	0.000000E+0	0.000000E+0
1.406892E+3	9.860200E-8	1.245990E+4	0.000000E+0	0.000000E+0
1.410894E+3	9.859200E-8	1.245970E+4	0.000000E+0	0.000000E+0
1.414900E+3	9.861300E-8	1.245920E+4	0.000000E+0	0.000000E+0
1.418893E+3	9.860400E-8	1.245890E+4	0.000000E+0	0.000000E+0
1.422890E+3	9.860300E-8	1.245880E+4	0.000000E+0	0.000000E+0
1.426893E+3	9.860600E-8	1.245890E+4	0.000000E+0	0.000000E+0
1.430892E+3	9.860200E-8	1.245890E+4	0.000000E+0	0.000000E+0
1.434890E+3	9.859500E-8	1.245880E+4	0.000000E+0	0.000000E+0
1.438893E+3	9.860000E-8	1.245860E+4	0.000000E+0	0.000000E+0
1.442890E+3	9.859800E-8	1.245830E+4	0.000000E+0	0.000000E+0
1.446898E+3	9.859700E-8	1.245800E+4	0.000000E+0	0.000000E+0
1.450891E+3	9.859800E-8	1.245760E+4	0.000000E+0	0.000000E+0
1.454890E+3	9.860900E-8	1.245730E+4	0.000000E+0	0.000000E+0
1.458890E+3	9.860800E-8	1.245710E+4	0.000000E+0	0.000000E+0
1.462894E+3	9.861800E-8	1.245680E+4	0.000000E+0	0.000000E+0
1.466896E+3	9.860800E-8	1.245670E+4	0.000000E+0	0.000000E+0
1.470894E+3	9.860700E-8	1.245680E+4	0.000000E+0	0.000000E+0
1.474894E+3	9.861900E-8	1.245680E+4	0.000000E+0	0.000000E+0
1.478894E+3	9.861300E-8	1.245700E+4	0.000000E+0	0.000000E+0
1.482892E+3	9.862100E-8	1.245750E+4	0.000000E+0	0.000000E+0
1.486897E+3	9.863300E-8	1.245770E+4	0.000000E+0	0.000000E+0
1.490895E+3	9.862600E-8	1.245770E+4	0.000000E+0	0.000000E+0
1.494894E+3	9.861800E-8	1.245730E+4	0.000000E+0	0.000000E+0
1.498893E+3	9.861300E-8	1.245710E+4	0.000000E+0	0.000000E+0
1.502898E+3	9.861100E-8	1.245690E+4	0.000000E+0	0.000000E+0
1.506895E+3	9.861900E-8	1.245660E+4	0.000000E+0	0.000000E+0
1.510897E+3	9.861900E-8	1.245650E+4	0.000000E+0	0.000000E+0
1.514892E+3	9.862000E-8	1.245630E+4	0.000000E+0	0.000000E+0
1.518895E+3	9.861800E-8	1.245630E+4	0.000000E+0	0.000000E+0
1.522892E+3	9.861500E-8	1.245660E+4	0.000000E+0	0.000000E+0
1.526892E+3	9.862500E-8	1.245680E+4	0.000000E+0	0.000000E+0
1.530890E+3	9.862900E-8	1.245730E+4	0.000000E+0	0.000000E+0
1.534899E+3	9.861200E-8	1.245800E+4	0.000000E+0	0.000000E+0
1.538895E+3	9.861700E-8	1.245860E+4	0.000000E+0	0.000000E+0
1.542898E+3	9.862800E-8	1.245870E+4	0.000000E+0	0.000000E+0
1.546890E+3	9.861600E-8	1.245870E+4	0.000000E+0	0.000000E+0
1.550894E+3	9.862900E-8	1.245840E+4	0.000000E+0	0.000000E+0
1.554891E+3	9.861200E-8	1.245810E+4	0.000000E+0	0.000000E+0
1.558899E+3	9.862100E-8	1.245790E+4	0.000000E+0	0.000000E+0
1.562889E+3	9.861500E-8	1.245780E+4	0.000000E+0	0.000000E+0
1.566897E+3	9.863100E-8	1.245770E+4	0.000000E+0	0.000000E+0
1.570894E+3	9.862800E-8	1.245780E+4	0.000000E+0	0.000000E+0
1.574892E+3	9.861800E-8	1.245820E+4	0.000000E+0	0.000000E+0
1.578889E+3	9.862800E-8	1.245850E+4	0.000000E+0	0.000000E+0
1.582899E+3	9.862300E-8	1.245870E+4	0.000000E+0	0.000000E+0
1.586894E+3	9.863400E-8	1.245850E+4	0.000000E+0	0.000000E+0
1.590895E+3	9.862900E-8	1.245830E+4	0.000000E+0	0.000000E+0
1.594892E+3	9.862800E-8	1.245840E+4	0.000000E+0	0.000000E+0
1.598894E+3	9.863500E-8	1.245840E+4	0.000000E+0	0.000000E+0
1.602893E+3	9.863500E-8	1.245830E+4	0.000000E+0	0.000000E+0
1.606895E+3	9.863500E-8	1.245810E+4	0.000000E+0	0.000000E+0
1.610890E+3	9.864400E-8	1.245800E+4	0.000000E+0	0.000000E+0
1.614898E+3	9.864000E-8	1.245810E+4	0.000000E+0	0.000000E+0
1.618896E+3	9.865300E-8	1.245790E+4	0.000000E+0	0.000000E+0
1.622896E+3	9.863100E-8	1.245770E+4	0.000000E+0	0.000000E+0
1.626891E+3	9.864700E-8	1.245740E+4	0.000000E+0	0.000000E+0
1.630896E+3	9.862400E-8	1.245700E+4	0.000000E+0	0.000000E+0
1.634885E+3	9.864500E-8	1.245730E+4	0.000000E+0	0.000000E+0
1.638899E+3	9.862900E-8	1.245770E+4	0.000000E+0	0.000000E+0
1.642890E+3	9.863500E-8	1.245810E+4	0.000000E+0	0.000000E+0
1.646891E+3	9.863400E-8	1.245810E+4	0.000000E+0	0.000000E+0
1.650889E+3	9.863600E-8	1.245800E+4	0.000000E+0	0.000000E+0
1.654893E+3	9.864200E-8	1.245820E+4	0.000000E+0	0.000000E+0
1.658892E+3	9.861900E-8	1.245830E+4	0.000000E+0	0.000000E+0
1.662892E+3	9.863300E-8	1.245840E+4	0.000000E+0	0.000000E+0
1.666894E+3	9.862500E-8	1.245840E+4	0.000000E+0	0.000000E+0
1.670895E+3	9.863700E-8	1.245820E+4	0.000000E+0	0.000000E+0
1.674892E+3	9.864700E-8	1.245820E+4	0.000000E+0	0.000000E+0
1.678894E+3	9.863400E-8	1.245810E+4	0.000000E+0	0.000000E+0
1.682895E+3	9.865000E-8	1.245780E+4	0.000000E+0	0.000000E+0
1.686895E+3	9.863800E-8	1.245750E+4	0.000000E+0	0.000000E+0
1.690889E+3	9.863100E-8	1.245720E+4	0.000000E+0	0.000000E+0
1.694894E+3	9.863600E-8	1.245690E+4	0.000000E+0	0.000000E+0
1.698892E+3	9.864200E-8	1.245670E+4	0.000000E+0	0.000000E+0
1.702898E+3	9.864100E-8	1.245640E+4	0.000000E+0	0.000000E+0
1.706890E+3	9.864000E-8	1.245640E+4	0.000000E+0	0.000000E+0
1.710896E+3	9.864400E-8	1.245680E+4	0.000000E+0	0.000000E+0
1.714891E+3	9.863900E-8	1.245710E+4	0.000000E+0	0.000000E+0
1.718898E+3	9.864400E-8	1.245720E+4	0.000000E+0	0.000000E+0
1.722888E+3	9.865300E-8	1.245790E+4	0.000000E+0	0.000000E+0
1.726899E+3	9.864500E-8	1.245870E+4	0.000000E+0	0.000000E+0
1.730893E+3	9.865200E-8	1.245860E+4	0.000000E+0	0.000000E+0
1.734896E+3	9.866600E-8	1.245830E+4	0.000000E+0	0.000000E+0
1.738894E+3	9.864700E-8	1.245800E+4	0.000000E+0	0.000000E+0
1.742896E+3	9.865800E-8	1.245790E+4	0.000000E+0	0.000000E+0
1.746894E+3	9.865700E-8	1.245820E+4	0.000000E+0	0.000000E+0
1.750899E+3	9.864000E-8	1.245830E+4	0.000000E+0	0.000000E+0
1.754894E+3	9.864200E-8	1.245830E+4	0.000000E+0	0.000000E+0
1.758897E+3	9.864700E-8	1.245820E+4	0.000000E+0	0.000000E+0
1.762888E+3	9.866600E-8	1.245790E+4	0.000000E+0	0.000000E+0
1.766897E+3	9.865200E-8	1.245760E+4	0.000000E+0	0.000000E+0
1.770890E+3	9.863600E-8	1.245730E+4	0.000000E+0	0.000000E+0
1.774891E+3	9.864300E-8	1.245700E+4	0.000000E+0	0.000000E+0
1.778892E+3	9.863900E-8	1.245670E+4	0.000000E+0	0.000000E+0
1.782890E+3	9.866800E-8	1.245630E+4	0.000000E+0	0.000000E+0
1.786890E+3	9.865600E-8	1.245610E+4	0.000000E+0	0.000000E+0
1.790897E+3	9.865100E-8	1.245590E+4	0.000000E+0	0.000000E+0
1.794888E+3	9.865000E-8	1.245580E+4	0.000000E+0	0.000000E+0
1.798892E+3	9.866200E-8	1.245550E+4	0.000000E+0	0.000000E+0
1.802898E+3	9.865400E-8	1.245540E+4	0.000000E+0	0.000000E+0
1.806896E+3	9.866400E-8	1.245530E+4	0.000000E+0	0.000000E+0
1.810896E+3	9.865200E-8	1.245520E+4	0.000000E+0	0.000000E+0
1.814896E+3	9.864900E-8	1.245500E+4	0.000000E+0	0.000000E+0
1.818890E+3	9.865300E-8	1.245490E+4	0.000000E+0	0.000000E+0
1.822896E+3	9.867000E-8	1.245480E+4	0.000000E+0	0.000000E+0
1.826897E+3	9.867000E-8	1.245470E+4	0.000000E+0	0.000000E+0
1.830896E+3	9.866100E-8	1.245470E+4	0.000000E+0	0.000000E+0
1.834891E+3	9.866200E-8	1.245460E+4	0.000000E+0	0.000000E+0
1.838896E+3	9.865600E-8	1.245490E+4	0.000000E+0	0.000000E+0
1.842896E+3	9.866900E-8	1.245520E+4	0.000000E+0	0.000000E+0
1.846897E+3	9.868400E-8	1.245550E+4	0.000000E+0	0.000000E+0
1.850889E+3	9.866800E-8	1.245570E+4	0.000000E+0	0.000000E+0
1.854894E+3	9.866900E-8	1.245620E+4	0.000000E+0	0.000000E+0
1.858895E+3	9.866500E-8	1.245660E+4	0.000000E+0	0.000000E+0
1.862897E+3	9.867600E-8	1.245670E+4	0.000000E+0	0.000000E+0
1.866892E+3	9.865800E-8	1.245710E+4	0.000000E+0	0.000000E+0
1.870895E+3	9.868300E-8	1.245720E+4	0.000000E+0	0.000000E+0
1.874894E+3	9.867500E-8	1.245780E+4	0.000000E+0	0.000000E+0
1.878900E+3	9.866000E-8	1.245770E+4	0.000000E+0	0.000000E+0
1.882892E+3	9.865300E-8	1.245740E+4	0.000000E+0	0.000000E+0
1.886893E+3	9.865700E-8	1.245710E+4	0.000000E+0	0.000000E+0
1.890895E+3	9.867200E-8	1.245670E+4	0.000000E+0	0.000000E+0
1.894896E+3	9.866900E-8	1.245660E+4	0.000000E+0	0.000000E+0
1.898890E+3	9.866000E-8	1.245650E+4	0.000000E+0	0.000000E+0
1.902894E+3	9.868200E-8	1.245640E+4	0.000000E+0	0.000000E+0
1.906894E+3	9.867500E-8	1.245660E+4	0.000000E+0	0.000000E+0
1.910893E+3	9.867100E-8	1.245680E+4	0.000000E+0	0.000000E+0
1.914890E+3	9.867000E-8	1.245690E+4	0.000000E+0	0.000000E+0
1.918891E+3	9.868200E-8	1.245670E+4	0.000000E+0	0.000000E+0
1.922894E+3	9.866200E-8	1.245650E+4	0.000000E+0	0.000000E+0
1.926894E+3	9.867700E-8	1.245630E+4	0.000000E+0	0.000000E+0
1.930892E+3	9.866900E-8	1.245610E+4	0.000000E+0	0.000000E+0
1.934896E+3	9.868000E-8	1.245620E+4	0.000000E+0	0.000000E+0
1.938894E+3	9.868900E-8	1.245610E+4	0.000000E+0	0.000000E+0
1.942892E+3	9.869600E-8	1.245610E+4	0.000000E+0	0.000000E+0
1.946891E+3	9.868500E-8	1.245590E+4	0.000000E+0	0.000000E+0
1.950897E+3	9.868200E-8	1.245560E+4	0.000000E+0	0.000000E+0
1.954889E+3	9.869200E-8	1.245540E+4	0.000000E+0	0.000000E+0
1.958895E+3	9.868000E-8	1.245520E+4	0.000000E+0	0.000000E+0
1.962897E+3	9.868200E-8	1.245510E+4	0.000000E+0	0.000000E+0
1.966893E+3	9.869400E-8	1.245530E+4	0.000000E+0	0.000000E+0
1.970893E+3	9.869100E-8	1.245570E+4	0.000000E+0	0.000000E+0
1.974895E+3	9.868700E-8	1.245600E+4	0.000000E+0	0.000000E+0
1.978893E+3	9.869200E-8	1.245610E+4	0.000000E+0	0.000000E+0
1.982896E+3	9.868100E-8	1.245630E+4	0.000000E+0	0.000000E+0
1.986895E+3	9.868500E-8	1.245630E+4	0.000000E+0	0.000000E+0
1.990893E+3	9.869200E-8	1.245640E+4	0.000000E+0	0.000000E+0
1.994891E+3	9.869400E-8	1.245650E+4	0.000000E+0	0.000000E+0
1.998894E+3	9.868600E-8	1.245620E+4	0.000000E+0	0.000000E+0
2.002893E+3	9.870100E-8	1.245600E+4	0.000000E+0	0.000000E+0
2.006894E+3	9.871100E-8	1.245580E+4	0.000000E+0	0.000000E+0
2.010896E+3	9.870100E-8	1.245560E+4	0.000000E+0	0.000000E+0
2.014894E+3	9.869000E-8	1.245550E+4	0.000000E+0	0.000000E+0
2.018894E+3	9.868700E-8	1.245570E+4	0.000000E+0	0.000000E+0
2.022894E+3	9.869400E-8	1.245590E+4	0.000000E+0	0.000000E+0
2.026896E+3	9.869200E-8	1.245620E+4	0.000000E+0	0.000000E+0
2.030899E+3	9.868500E-8	1.245650E+4	0.000000E+0	0.000000E+0
2.034892E+3	9.869800E-8	1.245670E+4	0.000000E+0	0.000000E+0
2.038891E+3	9.869700E-8	1.245690E+4	0.000000E+0	0.000000E+0
2.042895E+3	9.869900E-8	1.245720E+4	0.000000E+0	0.000000E+0
2.046897E+3	9.871100E-8	1.245770E+4	0.000000E+0	0.000000E+0
2.050895E+3	9.870200E-8	1.245800E+4	0.000000E+0	0.000000E+0
2.054894E+3	9.870600E-8	1.245810E+4	0.000000E+0	0.000000E+0
2.058892E+3	9.870200E-8	1.245810E+4	0.000000E+0	0.000000E+0
2.062895E+3	9.869700E-8	1.245780E+4	0.000000E+0	0.000000E+0
2.066895E+3	9.870100E-8	1.245750E+4	0.000000E+0	0.000000E+0
2.070894E+3	9.870900E-8	1.245710E+4	0.000000E+0	0.000000E+0
2.074892E+3	9.869600E-8	1.245690E+4	0.000000E+0	0.000000E+0
2.078898E+3	9.871500E-8	1.245710E+4	0.000000E+0	0.000000E+0
2.082891E+3	9.868800E-8	1.245720E+4	0.000000E+0	0.000000E+0
2.086896E+3	9.868700E-8	1.245720E+4	0.000000E+0	0.000000E+0
2.090898E+3	9.869400E-8	1.245770E+4	0.000000E+0	0.000000E+0
2.094898E+3	9.869800E-8	1.245780E+4	0.000000E+0	0.000000E+0
2.098893E+3	9.870700E-8	1.245770E+4	0.000000E+0	0.000000E+0
2.102898E+3	9.870100E-8	1.245760E+4	0.000000E+0	0.000000E+0
2.106896E+3	9.869600E-8	1.245740E+4	0.000000E+0	0.000000E+0
2.110896E+3	9.869800E-8	1.245730E+4	0.000000E+0	0.000000E+0
2.114896E+3	9.870700E-8	1.245690E+4	0.000000E+0	0.000000E+0
2.118892E+3	9.869500E-8	1.245660E+4	0.000000E+0	0.000000E+0
2.122896E+3	9.870500E-8	1.245640E+4	0.000000E+0	0.000000E+0
2.126894E+3	9.870100E-8	1.245660E+4	0.000000E+0	0.000000E+0
2.130895E+3	9.870400E-8	1.245690E+4	0.000000E+0	0.000000E+0
2.134895E+3	9.871000E-8	1.245700E+4	0.000000E+0	0.000000E+0
2.138895E+3	9.870900E-8	1.245690E+4	0.000000E+0	0.000000E+0
2.142894E+3	9.870400E-8	1.245660E+4	0.000000E+0	0.000000E+0
2.146892E+3	9.870400E-8	1.245650E+4	0.000000E+0	0.000000E+0
2.150892E+3	9.871200E-8	1.245670E+4	0.000000E+0	0.000000E+0
2.154893E+3	9.870500E-8	1.245690E+4	0.000000E+0	0.000000E+0
2.158898E+3	9.871300E-8	1.245670E+4	0.000000E+0	0.000000E+0
2.162895E+3	9.871300E-8	1.245650E+4	0.000000E+0	0.000000E+0
2.166893E+3	9.872400E-8	1.245630E+4	0.000000E+0	0.000000E+0
2.170888E+3	9.873000E-8	1.245610E+4	0.000000E+0	0.000000E+0
2.174897E+3	9.872400E-8	1.245580E+4	0.000000E+0	0.000000E+0
2.178896E+3	9.871400E-8	1.245560E+4	0.000000E+0	0.000000E+0
2.182894E+3	9.870900E-8	1.245540E+4	0.000000E+0	0.000000E+0
2.186893E+3	9.870700E-8	1.245550E+4	0.000000E+0	0.000000E+0
2.190901E+3	9.871600E-8	1.245550E+4	0.000000E+0	0.000000E+0
2.194896E+3	9.872200E-8	1.245550E+4	0.000000E+0	0.000000E+0
2.198899E+3	9.871400E-8	1.245570E+4	0.000000E+0	0.000000E+0
2.202891E+3	9.870300E-8	1.245550E+4	0.000000E+0	0.000000E+0
2.206897E+3	9.871500E-8	1.245510E+4	0.000000E+0	0.000000E+0
2.210896E+3	9.870600E-8	1.245490E+4	0.000000E+0	0.000000E+0
2.214894E+3	9.871400E-8	1.245470E+4	0.000000E+0	0.000000E+0
2.218892E+3	9.870100E-8	1.245450E+4	0.000000E+0	0.000000E+0
2.222894E+3	9.871700E-8	1.245450E+4	0.000000E+0	0.000000E+0
2.226895E+3	9.871700E-8	1.245460E+4	0.000000E+0	0.000000E+0
2.230894E+3	9.871100E-8	1.245460E+4	0.000000E+0	0.000000E+0
2.234894E+3	9.872000E-8	1.245450E+4	0.000000E+0	0.000000E+0
2.238895E+3	9.871700E-8	1.245460E+4	0.000000E+0	0.000000E+0
2.242888E+3	9.871200E-8	1.245460E+4	0.000000E+0	0.000000E+0
2.246897E+3	9.872300E-8	1.245450E+4	0.000000E+0	0.000000E+0
2.250895E+3	9.872000E-8	1.245430E+4	0.000000E+0	0.000000E+0
2.254895E+3	9.872400E-8	1.245440E+4	0.000000E+0	0.000000E+0
2.258888E+3	9.872600E-8	1.245470E+4	0.000000E+0	0.000000E+0
2.262891E+3	9.871800E-8	1.245500E+4	0.000000E+0	0.000000E+0
2.266890E+3	9.872400E-8	1.245590E+4	0.000000E+0	0.000000E+0
2.270893E+3	9.873000E-8	1.245630E+4	0.000000E+0	0.000000E+0
2.274891E+3	9.873100E-8	1.245630E+4	0.000000E+0	0.000000E+0
2.278899E+3	9.872500E-8	1.245620E+4	0.000000E+0	0.000000E+0
2.282893E+3	9.873100E-8	1.245600E+4	0.000000E+0	0.000000E+0
2.286896E+3	9.873700E-8	1.245570E+4	0.000000E+0	0.000000E+0
2.290894E+3	9.872700E-8	1.245540E+4	0.000000E+0	0.000000E+0
2.294893E+3	9.872700E-8	1.245540E+4	0.000000E+0	0.000000E+0
2.298894E+3	9.872500E-8	1.245550E+4	0.000000E+0	0.000000E+0
2.302892E+3	9.872600E-8	1.245530E+4	0.000000E+0	0.000000E+0
2.306892E+3	9.873100E-8	1.245510E+4	0.000000E+0	0.000000E+0
2.310894E+3	9.873300E-8	1.245490E+4	0.000000E+0	0.000000E+0
2.314895E+3	9.874600E-8	1.245500E+4	0.000000E+0	0.000000E+0
2.318895E+3	9.872800E-8	1.245500E+4	0.000000E+0	0.000000E+0
2.322892E+3	9.873000E-8	1.245490E+4	0.000000E+0	0.000000E+0
2.326898E+3	9.873700E-8	1.245490E+4	0.000000E+0	0.000000E+0
2.330897E+3	9.873500E-8	1.245550E+4	0.000000E+0	0.000000E+0
2.334897E+3	9.872800E-8	1.245600E+4	0.000000E+0	0.000000E+0
2.338893E+3	9.873800E-8	1.245610E+4	0.000000E+0	0.000000E+0
2.342895E+3	9.873400E-8	1.245590E+4	0.000000E+0	0.000000E+0
2.346898E+3	9.872800E-8	1.245570E+4	0.000000E+0	0.000000E+0
2.350895E+3	9.873300E-8	1.245550E+4	0.000000E+0	0.000000E+0
2.354893E+3	9.872300E-8	1.245520E+4	0.000000E+0	0.000000E+0
2.358896E+3	9.872700E-8	1.245500E+4	0.000000E+0	0.000000E+0
2.362893E+3	9.873200E-8	1.245490E+4	0.000000E+0	0.000000E+0
2.366894E+3	9.872800E-8	1.245500E+4	0.000000E+0	0.000000E+0
2.370894E+3	9.873400E-8	1.245530E+4	0.000000E+0	0.000000E+0
2.374894E+3	9.873500E-8	1.245550E+4	0.000000E+0	0.000000E+0
2.378891E+3	9.874000E-8	1.245590E+4	0.000000E+0	0.000000E+0
2.382899E+3	9.872600E-8	1.245610E+4	0.000000E+0	0.000000E+0
2.386897E+3	9.873100E-8	1.245610E+4	0.000000E+0	0.000000E+0
2.390894E+3	9.872900E-8	1.245680E+4	0.000000E+0	0.000000E+0
2.394892E+3	9.874400E-8	1.245700E+4	0.000000E+0	0.000000E+0
2.398897E+3	9.874800E-8	1.245720E+4	0.000000E+0	0.000000E+0
2.402896E+3	9.873800E-8	1.245720E+4	0.000000E+0	0.000000E+0
2.406897E+3	9.874800E-8	1.245710E+4	0.000000E+0	0.000000E+0
2.410895E+3	9.874300E-8	1.245670E+4	0.000000E+0	0.000000E+0
2.414892E+3	9.874000E-8	1.245700E+4	0.000000E+0	0.000000E+0
2.418892E+3	9.875100E-8	1.245720E+4	0.000000E+0	0.000000E+0
2.422892E+3	9.874200E-8	1.245730E+4	0.000000E+0	0.000000E+0
2.426894E+3	9.873500E-8	1.245720E+4	0.000000E+0	0.000000E+0
2.430896E+3	9.874600E-8	1.245770E+4	0.000000E+0	0.000000E+0
2.434893E+3	9.874000E-8	1.245770E+4	0.000000E+0	0.000000E+0
2.438896E+3	9.874300E-8	1.245760E+4	0.000000E+0	0.000000E+0
2.442893E+3	9.874800E-8	1.245750E+4	0.000000E+0	0.000000E+0
2.446893E+3	9.873500E-8	1.245740E+4	0.000000E+0	0.000000E+0
2.450896E+3	9.874300E-8	1.245720E+4	0.000000E+0	0.000000E+0
2.454895E+3	9.873800E-8	1.245700E+4	0.000000E+0	0.000000E+0
2.458894E+3	9.875100E-8	1.245690E+4	0.000000E+0	0.000000E+0
2.462894E+3	9.875600E-8	1.245670E+4	0.000000E+0	0.000000E+0
2.466888E+3	9.874000E-8	1.245660E+4	0.000000E+0	0.000000E+0
2.470898E+3	9.873800E-8	1.245680E+4	0.000000E+0	0.000000E+0
2.474894E+3	9.874100E-8	1.245740E+4	0.000000E+0	0.000000E+0
2.478897E+3	9.874700E-8	1.245780E+4	0.000000E+0	0.000000E+0
2.482888E+3	9.875400E-8	1.245800E+4	0.000000E+0	0.000000E+0
2.486894E+3	9.875000E-8	1.245810E+4	0.000000E+0	0.000000E+0
2.490895E+3	9.874900E-8	1.245810E+4	0.000000E+0	0.000000E+0
2.494895E+3	9.875000E-8	1.245840E+4	0.000000E+0	0.000000E+0
2.498892E+3	9.876200E-8	1.245850E+4	0.000000E+0	0.000000E+0
2.502898E+3	9.876000E-8	1.245820E+4	0.000000E+0	0.000000E+0
2.506895E+3	9.875100E-8	1.245800E+4	0.000000E+0	0.000000E+0
2.510895E+3	9.875500E-8	1.245770E+4	0.000000E+0	0.000000E+0
2.514895E+3	9.875700E-8	1.245780E+4	0.000000E+0	0.000000E+0
2.518893E+3	9.875800E-8	1.245770E+4	0.000000E+0	0.000000E+0
2.522895E+3	9.875500E-8	1.245780E+4	0.000000E+0	0.000000E+0
2.526893E+3	9.875600E-8	1.245780E+4	0.000000E+0	0.000000E+0
2.530895E+3	9.877000E-8	1.245800E+4	0.000000E+0	0.000000E+0
2.534895E+3	9.876400E-8	1.245800E+4	0.000000E+0	0.000000E+0
2.538890E+3	9.875400E-8	1.245790E+4	0.000000E+0	0.000000E+0
2.542903E+3	9.875000E-8	1.245810E+4	0.000000E+0	0.000000E+0
2.546898E+3	9.875800E-8	1.245840E+4	0.000000E+0	0.000000E+0
2.550896E+3	9.874600E-8	1.245830E+4	0.000000E+0	0.000000E+0
2.554890E+3	9.875700E-8	1.245820E+4	0.000000E+0	0.000000E+0
2.558896E+3	9.875400E-8	1.245820E+4	0.000000E+0	0.000000E+0
2.562891E+3	9.875400E-8	1.245840E+4	0.000000E+0	0.000000E+0
2.566897E+3	9.876600E-8	1.245830E+4	0.000000E+0	0.000000E+0
2.570896E+3	9.877500E-8	1.245810E+4	0.000000E+0	0.000000E+0
2.574894E+3	9.876800E-8	1.245800E+4	0.000000E+0	0.000000E+0
2.578896E+3	9.876300E-8	1.245790E+4	0.000000E+0	0.000000E+0
2.582894E+3	9.876400E-8	1.245790E+4	0.000000E+0	0.000000E+0
2.586895E+3	9.877100E-8	1.245800E+4	0.000000E+0	0.000000E+0
2.590899E+3	9.877100E-8	1.245800E+4	0.000000E+0	0.000000E+0
2.594895E+3	9.877600E-8	1.245800E+4	0.000000E+0	0.000000E+0
2.598894E+3	9.877400E-8	1.245770E+4	0.000000E+0	0.000000E+0
2.602892E+3	9.877300E-8	1.245750E+4	0.000000E+0	0.000000E+0
2.606894E+3	9.878900E-8	1.245730E+4	0.000000E+0	0.000000E+0
2.610895E+3	9.877800E-8	1.245690E+4	0.000000E+0	0.000000E+0
2.614893E+3	9.877500E-8	1.245650E+4	0.000000E+0	0.000000E+0
2.618893E+3	9.877600E-8	1.245620E+4	0.000000E+0	0.000000E+0
2.622896E+3	9.877500E-8	1.245600E+4	0.000000E+0	0.000000E+0
2.626896E+3	9.876800E-8	1.245610E+4	0.000000E+0	0.000000E+0
2.630895E+3	9.876300E-8	1.245630E+4	0.000000E+0	0.000000E+0
2.634895E+3	9.877800E-8	1.245640E+4	0.000000E+0	0.000000E+0
2.638895E+3	9.877600E-8	1.245630E+4	0.000000E+0	0.000000E+0
2.642898E+3	9.878700E-8	1.245600E+4	0.000000E+0	0.000000E+0
2.646896E+3	9.879000E-8	1.245630E+4	0.000000E+0	0.000000E+0
2.650893E+3	9.878300E-8	1.245700E+4	0.000000E+0	0.000000E+0
2.654895E+3	9.878600E-8	1.245700E+4	0.000000E+0	0.000000E+0
2.658896E+3	9.879100E-8	1.245690E+4	0.000000E+0	0.000000E+0
2.662894E+3	9.877500E-8	1.245710E+4	0.000000E+0	0.000000E+0
2.666896E+3	9.876500E-8	1.245730E+4	0.000000E+0	0.000000E+0
2.670894E+3	9.878300E-8	1.245730E+4	0.000000E+0	0.000000E+0
2.674892E+3	9.877500E-8	1.245750E+4	0.000000E+0	0.000000E+0
2.678897E+3	9.878000E-8	1.245770E+4	0.000000E+0	0.000000E+0
2.682895E+3	9.878400E-8	1.245770E+4	0.000000E+0	0.000000E+0
2.686895E+3	9.877900E-8	1.245760E+4	0.000000E+0	0.000000E+0
2.690897E+3	9.879300E-8	1.245730E+4	0.000000E+0	0.000000E+0
2.694900E+3	9.879600E-8	1.245690E+4	0.000000E+0	0.000000E+0
2.698897E+3	9.880200E-8	1.245690E+4	0.000000E+0	0.000000E+0
2.702893E+3	9.879700E-8	1.245700E+4	0.000000E+0	0.000000E+0
2.706893E+3	9.879300E-8	1.245700E+4	0.000000E+0	0.000000E+0
2.710896E+3	9.879900E-8	1.245690E+4	0.000000E+0	0.000000E+0
2.714893E+3	9.879800E-8	1.245670E+4	0.000000E+0	0.000000E+0
2.718895E+3	9.879900E-8	1.245640E+4	0.000000E+0	0.000000E+0
2.722898E+3	9.879800E-8	1.245640E+4	0.000000E+0	0.000000E+0
2.726895E+3	9.879800E-8	1.245670E+4	0.000000E+0	0.000000E+0
2.730898E+3	9.880000E-8	1.245700E+4	0.000000E+0	0.000000E+0
2.734898E+3	9.879200E-8	1.245710E+4	0.000000E+0	0.000000E+0
2.738894E+3	9.880300E-8	1.245720E+4	0.000000E+0	0.000000E+0
2.742896E+3	9.880300E-8	1.245740E+4	0.000000E+0	0.000000E+0
2.746894E+3	9.878000E-8	1.245740E+4	0.000000E+0	0.000000E+0
2.750895E+3	9.878400E-8	1.245750E+4	0.000000E+0	0.000000E+0
2.754899E+3	9.880100E-8	1.245730E+4	0.000000E+0	0.000000E+0
2.758897E+3	9.879600E-8	1.245680E+4	0.000000E+0	0.000000E+0
2.762895E+3	9.879400E-8	1.245650E+4	0.000000E+0	0.000000E+0
2.766895E+3	9.879700E-8	1.245660E+4	0.000000E+0	0.000000E+0
2.770896E+3	9.879600E-8	1.245660E+4	0.000000E+0	0.000000E+0
2.774900E+3	9.878900E-8	1.245640E+4	0.000000E+0	0.000000E+0
2.778897E+3	9.879200E-8	1.245620E+4	0.000000E+0	0.000000E+0
2.782897E+3	9.880100E-8	1.245620E+4	0.000000E+0	0.000000E+0
2.786894E+3	9.879800E-8	1.245740E+4	0.000000E+0	0.000000E+0
2.790894E+3	9.880700E-8	1.245780E+4	0.000000E+0	0.000000E+0
2.794895E+3	9.881000E-8	1.245800E+4	0.000000E+0	0.000000E+0
2.798897E+3	9.881100E-8	1.245780E+4	0.000000E+0	0.000000E+0
2.802896E+3	9.881300E-8	1.245750E+4	0.000000E+0	0.000000E+0
2.806896E+3	9.881400E-8	1.245730E+4	0.000000E+0	0.000000E+0
2.810895E+3	9.878500E-8	1.245700E+4	0.000000E+0	0.000000E+0
2.814895E+3	9.880800E-8	1.245660E+4	0.000000E+0	0.000000E+0
2.818893E+3	9.882300E-8	1.245620E+4	0.000000E+0	0.000000E+0
2.822894E+3	9.881300E-8	1.245590E+4	0.000000E+0	0.000000E+0
2.826893E+3	9.880100E-8	1.245560E+4	0.000000E+0	0.000000E+0
2.830893E+3	9.879800E-8	1.245530E+4	0.000000E+0	0.000000E+0
2.834890E+3	9.880800E-8	1.245500E+4	0.000000E+0	0.000000E+0
2.838897E+3	9.881400E-8	1.245480E+4	0.000000E+0	0.000000E+0
2.842897E+3	9.881200E-8	1.245470E+4	0.000000E+0	0.000000E+0
2.846896E+3	9.880600E-8	1.245450E+4	0.000000E+0	0.000000E+0
2.850892E+3	9.881100E-8	1.245450E+4	0.000000E+0	0.000000E+0
2.854896E+3	9.881600E-8	1.245480E+4	0.000000E+0	0.000000E+0
2.858894E+3	9.881600E-8	1.245490E+4	0.000000E+0	0.000000E+0
2.862894E+3	9.881600E-8	1.245480E+4	0.000000E+0	0.000000E+0
2.866892E+3	9.880300E-8	1.245500E+4	0.000000E+0	0.000000E+0
2.870898E+3	9.880500E-8	1.245520E+4	0.000000E+0	0.000000E+0
2.874894E+3	9.880800E-8	1.245530E+4	0.000000E+0	0.000000E+0
2.878892E+3	9.881500E-8	1.245540E+4	0.000000E+0	0.000000E+0
2.882895E+3	9.879600E-8	1.245530E+4	0.000000E+0	0.000000E+0
2.886894E+3	9.881100E-8	1.245510E+4	0.000000E+0	0.000000E+0
2.890897E+3	9.882600E-8	1.245490E+4	0.000000E+0	0.000000E+0
2.894893E+3	9.881900E-8	1.245470E+4	0.000000E+0	0.000000E+0
2.898896E+3	9.882300E-8	1.245440E+4	0.000000E+0	0.000000E+0
2.902895E+3	9.881400E-8	1.245410E+4	0.000000E+0	0.000000E+0
2.906893E+3	9.881200E-8	1.245390E+4	0.000000E+0	0.000000E+0
2.910896E+3	9.883700E-8	1.245380E+4	0.000000E+0	0.000000E+0
2.914894E+3	9.881300E-8	1.245370E+4	0.000000E+0	0.000000E+0
2.918894E+3	9.880800E-8	1.245360E+4	0.000000E+0	0.000000E+0
2.922894E+3	9.882900E-8	1.245400E+4	0.000000E+0	0.000000E+0
2.926897E+3	9.882500E-8	1.245420E+4	0.000000E+0	0.000000E+0
2.930896E+3	9.880600E-8	1.245410E+4	0.000000E+0	0.000000E+0
2.934896E+3	9.881800E-8	1.245410E+4	0.000000E+0	0.000000E+0
2.938889E+3	9.881600E-8	1.245410E+4	0.000000E+0	0.000000E+0
2.942897E+3	9.881400E-8	1.245420E+4	0.000000E+0	0.000000E+0
2.946894E+3	9.882400E-8	1.245420E+4	0.000000E+0	0.000000E+0
2.950892E+3	9.882600E-8	1.245400E+4	0.000000E+0	0.000000E+0
2.954894E+3	9.881200E-8	1.245390E+4	0.000000E+0	0.000000E+0
2.958895E+3	9.882400E-8	1.245390E+4	0.000000E+0	0.000000E+0
2.962894E+3	9.882500E-8	1.245360E+4	0.000000E+0	0.000000E+0
2.966897E+3	9.883100E-8	1.245340E+4	0.000000E+0	0.000000E+0
2.970894E+3	9.881800E-8	1.245330E+4	0.000000E+0	0.000000E+0
2.974895E+3	9.883100E-8	1.245310E+4	0.000000E+0	0.000000E+0
2.978893E+3	9.881800E-8	1.245310E+4	0.000000E+0	0.000000E+0
2.982893E+3	9.882400E-8	1.245350E+4	0.000000E+0	0.000000E+0
2.986900E+3	9.881900E-8	1.245390E+4	0.000000E+0	0.000000E+0
2.990898E+3	9.881600E-8	1.245430E+4	0.000000E+0	0.000000E+0
2.994896E+3	9.885400E-8	1.245460E+4	0.000000E+0	0.000000E+0
2.998893E+3	9.882900E-8	1.245480E+4	0.000000E+0	0.000000E+0
3.002890E+3	9.882600E-8	1.245500E+4	0.000000E+0	0.000000E+0
3.006890E+3	9.882900E-8	1.245500E+4	0.000000E+0	0.000000E+0
3.010888E+3	9.883700E-8	1.245530E+4	0.000000E+0	0.000000E+0
3.014891E+3	9.883200E-8	1.245530E+4	0.000000E+0	0.000000E+0
3.018894E+3	9.885000E-8	1.245550E+4	0.000000E+0	0.000000E+0
3.022893E+3	9.883900E-8	1.245550E+4	0.000000E+0	0.000000E+0
3.026893E+3	9.883400E-8	1.245530E+4	0.000000E+0	0.000000E+0
3.030894E+3	9.883900E-8	1.245510E+4	0.000000E+0	0.000000E+0
3.034896E+3	9.883800E-8	1.245500E+4	0.000000E+0	0.000000E+0
3.038896E+3	9.884600E-8	1.245490E+4	0.000000E+0	0.000000E+0
3.042891E+3	9.885700E-8	1.245490E+4	0.000000E+0	0.000000E+0
3.046902E+3	9.883900E-8	1.245470E+4	0.000000E+0	0.000000E+0
3.050891E+3	9.883800E-8	1.245450E+4	0.000000E+0	0.000000E+0
3.054894E+3	9.884100E-8	1.245420E+4	0.000000E+0	0.000000E+0
3.058892E+3	9.885200E-8	1.245390E+4	0.000000E+0	0.000000E+0
3.062898E+3	9.885100E-8	1.245370E+4	0.000000E+0	0.000000E+0
3.066898E+3	9.886300E-8	1.245360E+4	0.000000E+0	0.000000E+0
3.070895E+3	9.885900E-8	1.245360E+4	0.000000E+0	0.000000E+0
3.074893E+3	9.885900E-8	1.245460E+4	0.000000E+0	0.000000E+0
3.078891E+3	9.885800E-8	1.245550E+4	0.000000E+0	0.000000E+0
3.082895E+3	9.885300E-8	1.245590E+4	0.000000E+0	0.000000E+0
3.086893E+3	9.885100E-8	1.245600E+4	0.000000E+0	0.000000E+0
3.090891E+3	9.885700E-8	1.245560E+4	0.000000E+0	0.000000E+0
3.094892E+3	9.884900E-8	1.245520E+4	0.000000E+0	0.000000E+0
3.098896E+3	9.884600E-8	1.245460E+4	0.000000E+0	0.000000E+0
3.102893E+3	9.885600E-8	1.245420E+4	0.000000E+0	0.000000E+0
3.106890E+3	9.885900E-8	1.245370E+4	0.000000E+0	0.000000E+0
3.110889E+3	9.883700E-8	1.245360E+4	0.000000E+0	0.000000E+0
3.114889E+3	9.884800E-8	1.245360E+4	0.000000E+0	0.000000E+0
3.118889E+3	9.885300E-8	1.245360E+4	0.000000E+0	0.000000E+0
3.122891E+3	9.884900E-8	1.245360E+4	0.000000E+0	0.000000E+0
3.126892E+3	9.885600E-8	1.245330E+4	0.000000E+0	0.000000E+0
3.130891E+3	9.886600E-8	1.245320E+4	0.000000E+0	0.000000E+0
3.134892E+3	9.885300E-8	1.245300E+4	0.000000E+0	0.000000E+0
3.138892E+3	9.885700E-8	1.245300E+4	0.000000E+0	0.000000E+0
3.142895E+3	9.885100E-8	1.245260E+4	0.000000E+0	0.000000E+0
3.146892E+3	9.885700E-8	1.245280E+4	0.000000E+0	0.000000E+0
3.150892E+3	9.886300E-8	1.245270E+4	0.000000E+0	0.000000E+0
3.154892E+3	9.886600E-8	1.245270E+4	0.000000E+0	0.000000E+0
3.158890E+3	9.886100E-8	1.245220E+4	0.000000E+0	0.000000E+0
3.162889E+3	9.884500E-8	1.245220E+4	0.000000E+0	0.000000E+0
3.166891E+3	9.885400E-8	1.245230E+4	0.000000E+0	0.000000E+0
3.170895E+3	9.886200E-8	1.245220E+4	0.000000E+0	0.000000E+0
3.174893E+3	9.884800E-8	1.245200E+4	0.000000E+0	0.000000E+0
3.178892E+3	9.885700E-8	1.245180E+4	0.000000E+0	0.000000E+0
3.182893E+3	9.886700E-8	1.245170E+4	0.000000E+0	0.000000E+0
3.186896E+3	9.886400E-8	1.245160E+4	0.000000E+0	0.000000E+0
3.190893E+3	9.886800E-8	1.245140E+4	0.000000E+0	0.000000E+0
3.194888E+3	9.887600E-8	1.245130E+4	0.000000E+0	0.000000E+0
3.198891E+3	9.884900E-8	1.245120E+4	0.000000E+0	0.000000E+0
3.202893E+3	9.885900E-8	1.245090E+4	0.000000E+0	0.000000E+0
3.206893E+3	9.885700E-8	1.245080E+4	0.000000E+0	0.000000E+0
3.210891E+3	9.886300E-8	1.245070E+4	0.000000E+0	0.000000E+0
3.214900E+3	9.886300E-8	1.245070E+4	0.000000E+0	0.000000E+0
3.218899E+3	9.886500E-8	1.245070E+4	0.000000E+0	0.000000E+0
3.222894E+3	9.886800E-8	1.245050E+4	0.000000E+0	0.000000E+0
3.226892E+3	9.886200E-8	1.245050E+4	0.000000E+0	0.000000E+0
3.230892E+3	9.887700E-8	1.245030E+4	0.000000E+0	0.000000E+0
3.234892E+3	9.887200E-8	1.245040E+4	0.000000E+0	0.000000E+0
3.238895E+3	9.886600E-8	1.245030E+4	0.000000E+0	0.000000E+0
3.242895E+3	9.888100E-8	1.245030E+4	0.000000E+0	0.000000E+0
3.246894E+3	9.888700E-8	1.245020E+4	0.000000E+0	0.000000E+0
3.250892E+3	9.887300E-8	1.245010E+4	0.000000E+0	0.000000E+0
3.254892E+3	9.888600E-8	1.245000E+4	0.000000E+0	0.000000E+0
3.258893E+3	9.887600E-8	1.244990E+4	0.000000E+0	0.000000E+0
3.262895E+3	9.886900E-8	1.244990E+4	0.000000E+0	0.000000E+0
3.266888E+3	9.888200E-8	1.244980E+4	0.000000E+0	0.000000E+0
3.270894E+3	9.887900E-8	1.244970E+4	0.000000E+0	0.000000E+0
3.274895E+3	9.888200E-8	1.244970E+4	0.000000E+0	0.000000E+0
3.278898E+3	9.889200E-8	1.244970E+4	0.000000E+0	0.000000E+0
3.282891E+3	9.888500E-8	1.244960E+4	0.000000E+0	0.000000E+0
3.286895E+3	9.888600E-8	1.244950E+4	0.000000E+0	0.000000E+0
3.290898E+3	9.889000E-8	1.244940E+4	0.000000E+0	0.000000E+0
3.294894E+3	9.888300E-8	1.244950E+4	0.000000E+0	0.000000E+0
3.298894E+3	9.889200E-8	1.244960E+4	0.000000E+0	0.000000E+0
3.302896E+3	9.887400E-8	1.244950E+4	0.000000E+0	0.000000E+0
3.306887E+3	9.888000E-8	1.244940E+4	0.000000E+0	0.000000E+0
3.310896E+3	9.889300E-8	1.244940E+4	0.000000E+0	0.000000E+0
3.314892E+3	9.888100E-8	1.244940E+4	0.000000E+0	0.000000E+0
3.318894E+3	9.889100E-8	1.244950E+4	0.000000E+0	0.000000E+0
3.322887E+3	9.888500E-8	1.244940E+4	0.000000E+0	0.000000E+0
3.326891E+3	9.888800E-8	1.244930E+4	0.000000E+0	0.000000E+0
3.330894E+3	9.887800E-8	1.244920E+4	0.000000E+0	0.000000E+0
3.334895E+3	9.890400E-8	1.244910E+4	0.000000E+0	0.000000E+0
3.338894E+3	9.888500E-8	1.244910E+4	0.000000E+0	0.000000E+0
3.342895E+3	9.888900E-8	1.244900E+4	0.000000E+0	0.000000E+0
3.346892E+3	9.888600E-8	1.244870E+4	0.000000E+0	0.000000E+0
3.350892E+3	9.889500E-8	1.244850E+4	0.000000E+0	0.000000E+0
3.354892E+3	9.888500E-8	1.244840E+4	0.000000E+0	0.000000E+0
3.358892E+3	9.889400E-8	1.244840E+4	0.000000E+0	0.000000E+0
3.362896E+3	9.889000E-8	1.244830E+4	0.000000E+0	0.000000E+0
3.366895E+3	9.889600E-8	1.244820E+4	0.000000E+0	0.000000E+0
3.370896E+3	9.890000E-8	1.244830E+4	0.000000E+0	0.000000E+0
3.374896E+3	9.889900E-8	1.244810E+4	0.000000E+0	0.000000E+0
3.378889E+3	9.890000E-8	1.244820E+4	0.000000E+0	0.000000E+0
3.382894E+3	9.889700E-8	1.244850E+4	0.000000E+0	0.000000E+0
3.386893E+3	9.889300E-8	1.244870E+4	0.000000E+0	0.000000E+0
3.390896E+3	9.888500E-8	1.244890E+4	0.000000E+0	0.000000E+0
3.394894E+3	9.888700E-8	1.244890E+4	0.000000E+0	0.000000E+0
3.398896E+3	9.889600E-8	1.244900E+4	0.000000E+0	0.000000E+0
3.402896E+3	9.889100E-8	1.244890E+4	0.000000E+0	0.000000E+0
3.406891E+3	9.889400E-8	1.244880E+4	0.000000E+0	0.000000E+0
3.410890E+3	9.890200E-8	1.244870E+4	0.000000E+0	0.000000E+0
3.414894E+3	9.889700E-8	1.244860E+4	0.000000E+0	0.000000E+0
3.418894E+3	9.889300E-8	1.244850E+4	0.000000E+0	0.000000E+0
3.422891E+3	9.890400E-8	1.244830E+4	0.000000E+0	0.000000E+0
3.426892E+3	9.891700E-8	1.244830E+4	0.000000E+0	0.000000E+0
3.430895E+3	9.890400E-8	1.244830E+4	0.000000E+0	0.000000E+0
3.434890E+3	9.890600E-8	1.244840E+4	0.000000E+0	0.000000E+0
3.438890E+3	9.889700E-8	1.244830E+4	0.000000E+0	0.000000E+0
3.442890E+3	9.891100E-8	1.244830E+4	0.000000E+0	0.000000E+0
3.446891E+3	9.890600E-8	1.244810E+4	0.000000E+0	0.000000E+0
3.450893E+3	9.890800E-8	1.244790E+4	0.000000E+0	0.000000E+0
3.454890E+3	9.891400E-8	1.244770E+4	0.000000E+0	0.000000E+0
3.458890E+3	9.890600E-8	1.244760E+4	0.000000E+0	0.000000E+0
3.462896E+3	9.890900E-8	1.244740E+4	0.000000E+0	0.000000E+0
3.466896E+3	9.890500E-8	1.244730E+4	0.000000E+0	0.000000E+0
3.470893E+3	9.890400E-8	1.244710E+4	0.000000E+0	0.000000E+0
3.474890E+3	9.891300E-8	1.244700E+4	0.000000E+0	0.000000E+0
3.478896E+3	9.890800E-8	1.244670E+4	0.000000E+0	0.000000E+0
3.482891E+3	9.891600E-8	1.244640E+4	0.000000E+0	0.000000E+0
3.486890E+3	9.890600E-8	1.244630E+4	0.000000E+0	0.000000E+0
3.490893E+3	9.891700E-8	1.244610E+4	0.000000E+0	0.000000E+0
3.494892E+3	9.890800E-8	1.244600E+4	0.000000E+0	0.000000E+0
3.498894E+3	9.892300E-8	1.244600E+4	0.000000E+0	0.000000E+0
3.502899E+3	9.890200E-8	1.244560E+4	0.000000E+0	0.000000E+0
3.506894E+3	9.890900E-8	1.244560E+4	0.000000E+0	0.000000E+0
3.510894E+3	9.891800E-8	1.244570E+4	0.000000E+0	0.000000E+0
3.514892E+3	9.891700E-8	1.244570E+4	0.000000E+0	0.000000E+0
3.518893E+3	9.891300E-8	1.244590E+4	0.000000E+0	0.000000E+0
3.522894E+3	9.891600E-8	1.244580E+4	0.000000E+0	0.000000E+0
3.526898E+3	9.891400E-8	1.244580E+4	0.000000E+0	0.000000E+0
3.530892E+3	9.891000E-8	1.244570E+4	0.000000E+0	0.000000E+0
3.534891E+3	9.891300E-8	1.244570E+4	0.000000E+0	0.000000E+0
3.538895E+3	9.891800E-8	1.244590E+4	0.000000E+0	0.000000E+0
3.542893E+3	9.891600E-8	1.244640E+4	0.000000E+0	0.000000E+0
3.546890E+3	9.890900E-8	1.244680E+4	0.000000E+0	0.000000E+0
3.550892E+3	9.893100E-8	1.244700E+4	0.000000E+0	0.000000E+0
3.554892E+3	9.892600E-8	1.244700E+4	0.000000E+0	0.000000E+0
3.558890E+3	9.892800E-8	1.244710E+4	0.000000E+0	0.000000E+0
3.562890E+3	9.892300E-8	1.244710E+4	0.000000E+0	0.000000E+0
3.566891E+3	9.891900E-8	1.244710E+4	0.000000E+0	0.000000E+0
3.570894E+3	9.892300E-8	1.244680E+4	0.000000E+0	0.000000E+0
3.574894E+3	9.892300E-8	1.244690E+4	0.000000E+0	0.000000E+0
3.578893E+3	9.892400E-8	1.244680E+4	0.000000E+0	0.000000E+0
3.582893E+3	9.892400E-8	1.244680E+4	0.000000E+0	0.000000E+0
3.586896E+3	9.892000E-8	1.244700E+4	0.000000E+0	0.000000E+0
3.590896E+3	9.892800E-8	1.244720E+4	0.000000E+0	0.000000E+0
3.594892E+3	9.893200E-8	1.244730E+4	0.000000E+0	0.000000E+0
3.598895E+3	9.895300E-8	1.244680E+4	0.000000E+0	0.000000E+0
3.602899E+3	9.892800E-8	1.244650E+4	0.000000E+0	0.000000E+0
3.606894E+3	9.894600E-8	1.244630E+4	0.000000E+0	0.000000E+0
3.610890E+3	9.893600E-8	1.244630E+4	0.000000E+0	0.000000E+0
3.614898E+3	9.892800E-8	1.244610E+4	0.000000E+0	0.000000E+0
3.618894E+3	9.892800E-8	1.244590E+4	0.000000E+0	0.000000E+0
3.622890E+3	9.893300E-8	1.244570E+4	0.000000E+0	0.000000E+0
3.626893E+3	9.894500E-8	1.244550E+4	0.000000E+0	0.000000E+0
3.630893E+3	9.892700E-8	1.244530E+4	0.000000E+0	0.000000E+0
3.634893E+3	9.893400E-8	1.244510E+4	0.000000E+0	0.000000E+0
3.638893E+3	9.893300E-8	1.244500E+4	0.000000E+0	0.000000E+0
3.642896E+3	9.894100E-8	1.244490E+4	0.000000E+0	0.000000E+0
3.646896E+3	9.893900E-8	1.244470E+4	0.000000E+0	0.000000E+0
3.650893E+3	9.893200E-8	1.244470E+4	0.000000E+0	0.000000E+0
3.654893E+3	9.893700E-8	1.244440E+4	0.000000E+0	0.000000E+0
3.658893E+3	9.895800E-8	1.244440E+4	0.000000E+0	0.000000E+0
3.662899E+3	9.895500E-8	1.244460E+4	0.000000E+0	0.000000E+0
3.666886E+3	9.894900E-8	1.244440E+4	0.000000E+0	0.000000E+0
3.670897E+3	9.893600E-8	1.244420E+4	0.000000E+0	0.000000E+0
3.674894E+3	9.893000E-8	1.244410E+4	0.000000E+0	0.000000E+0
3.678893E+3	9.894000E-8	1.244400E+4	0.000000E+0	0.000000E+0
3.682889E+3	9.896400E-8	1.244390E+4	0.000000E+0	0.000000E+0
3.686894E+3	9.895900E-8	1.244370E+4	0.000000E+0	0.000000E+0
3.690894E+3	9.894700E-8	1.244360E+4	0.000000E+0	0.000000E+0
3.694895E+3	9.895800E-8	1.244340E+4	0.000000E+0	0.000000E+0
3.698894E+3	9.895400E-8	1.244320E+4	0.000000E+0	0.000000E+0
3.702892E+3	9.895500E-8	1.244320E+4	0.000000E+0	0.000000E+0
3.706892E+3	9.896000E-8	1.244300E+4	0.000000E+0	0.000000E+0
3.710891E+3	9.895300E-8	1.244290E+4	0.000000E+0	0.000000E+0
3.714893E+3	9.895400E-8	1.244290E+4	0.000000E+0	0.000000E+0
3.718895E+3	9.896100E-8	1.244280E+4	0.000000E+0	0.000000E+0
3.722890E+3	9.895300E-8	1.244290E+4	0.000000E+0	0.000000E+0
3.726894E+3	9.896300E-8	1.244300E+4	0.000000E+0	0.000000E+0
3.730895E+3	9.895800E-8	1.244300E+4	0.000000E+0	0.000000E+0
3.734892E+3	9.896200E-8	1.244280E+4	0.000000E+0	0.000000E+0
3.738891E+3	9.895400E-8	1.244280E+4	0.000000E+0	0.000000E+0
3.742891E+3	9.896000E-8	1.244270E+4	0.000000E+0	0.000000E+0
3.746892E+3	9.897100E-8	1.244270E+4	0.000000E+0	0.000000E+0
3.750893E+3	9.897100E-8	1.244290E+4	0.000000E+0	0.000000E+0
3.754893E+3	9.895900E-8	1.244280E+4	0.000000E+0	0.000000E+0
3.758894E+3	9.897000E-8	1.244290E+4	0.000000E+0	0.000000E+0
3.762891E+3	9.896100E-8	1.244270E+4	0.000000E+0	0.000000E+0
3.766896E+3	9.896600E-8	1.244270E+4	0.000000E+0	0.000000E+0
3.770892E+3	9.896500E-8	1.244270E+4	0.000000E+0	0.000000E+0
3.774896E+3	9.897600E-8	1.244280E+4	0.000000E+0	0.000000E+0
3.778894E+3	9.895500E-8	1.244270E+4	0.000000E+0	0.000000E+0
3.782892E+3	9.897800E-8	1.244250E+4	0.000000E+0	0.000000E+0
3.786895E+3	9.896200E-8	1.244250E+4	0.000000E+0	0.000000E+0
3.790895E+3	9.894800E-8	1.244230E+4	0.000000E+0	0.000000E+0
3.794892E+3	9.895800E-8	1.244210E+4	0.000000E+0	0.000000E+0
3.798895E+3	9.897100E-8	1.244210E+4	0.000000E+0	0.000000E+0
3.802898E+3	9.896400E-8	1.244190E+4	0.000000E+0	0.000000E+0
3.806892E+3	9.896100E-8	1.244210E+4	0.000000E+0	0.000000E+0
3.810895E+3	9.897000E-8	1.244230E+4	0.000000E+0	0.000000E+0
3.814893E+3	9.896700E-8	1.244220E+4	0.000000E+0	0.000000E+0
3.818892E+3	9.896900E-8	1.244220E+4	0.000000E+0	0.000000E+0
3.822893E+3	9.896900E-8	1.244200E+4	0.000000E+0	0.000000E+0
3.826893E+3	9.896300E-8	1.244180E+4	0.000000E+0	0.000000E+0
3.830893E+3	9.895200E-8	1.244160E+4	0.000000E+0	0.000000E+0
3.834892E+3	9.896700E-8	1.244140E+4	0.000000E+0	0.000000E+0
3.838899E+3	9.895900E-8	1.244120E+4	0.000000E+0	0.000000E+0
3.842893E+3	9.897400E-8	1.244100E+4	0.000000E+0	0.000000E+0
3.846894E+3	9.897100E-8	1.244100E+4	0.000000E+0	0.000000E+0
3.850894E+3	9.897100E-8	1.244110E+4	0.000000E+0	0.000000E+0
3.854895E+3	9.896600E-8	1.244130E+4	0.000000E+0	0.000000E+0
3.858891E+3	9.897800E-8	1.244150E+4	0.000000E+0	0.000000E+0
3.862896E+3	9.896400E-8	1.244150E+4	0.000000E+0	0.000000E+0
3.866891E+3	9.897000E-8	1.244150E+4	0.000000E+0	0.000000E+0
3.870900E+3	9.895500E-8	1.244140E+4	0.000000E+0	0.000000E+0
3.874897E+3	9.897200E-8	1.244130E+4	0.000000E+0	0.000000E+0
3.878891E+3	9.897100E-8	1.244120E+4	0.000000E+0	0.000000E+0
3.882889E+3	9.898000E-8	1.244090E+4	0.000000E+0	0.000000E+0
3.886894E+3	9.896900E-8	1.244070E+4	0.000000E+0	0.000000E+0
3.890893E+3	9.897300E-8	1.244050E+4	0.000000E+0	0.000000E+0
3.894897E+3	9.896700E-8	1.244040E+4	0.000000E+0	0.000000E+0
3.898892E+3	9.898100E-8	1.244020E+4	0.000000E+0	0.000000E+0
3.902890E+3	9.897600E-8	1.244030E+4	0.000000E+0	0.000000E+0
3.906893E+3	9.897500E-8	1.244030E+4	0.000000E+0	0.000000E+0
3.910890E+3	9.898100E-8	1.244020E+4	0.000000E+0	0.000000E+0
3.914892E+3	9.898300E-8	1.244020E+4	0.000000E+0	0.000000E+0
3.918896E+3	9.898300E-8	1.244010E+4	0.000000E+0	0.000000E+0
3.922893E+3	9.896600E-8	1.244040E+4	0.000000E+0	0.000000E+0
3.926893E+3	9.899000E-8	1.244070E+4	0.000000E+0	0.000000E+0
3.930893E+3	9.899100E-8	1.244090E+4	0.000000E+0	0.000000E+0
3.934896E+3	9.898100E-8	1.244110E+4	0.000000E+0	0.000000E+0
3.938891E+3	9.900000E-8	1.244130E+4	0.000000E+0	0.000000E+0
3.942891E+3	9.899200E-8	1.244130E+4	0.000000E+0	0.000000E+0
3.946894E+3	9.899600E-8	1.244130E+4	0.000000E+0	0.000000E+0
3.950894E+3	9.899500E-8	1.244110E+4	0.000000E+0	0.000000E+0
3.954892E+3	9.898000E-8	1.244070E+4	0.000000E+0	0.000000E+0
3.958897E+3	9.899100E-8	1.244050E+4	0.000000E+0	0.000000E+0
3.962894E+3	9.898600E-8	1.244050E+4	0.000000E+0	0.000000E+0
3.966897E+3	9.898500E-8	1.244050E+4	0.000000E+0	0.000000E+0
3.970892E+3	9.899000E-8	1.244030E+4	0.000000E+0	0.000000E+0
3.974899E+3	9.898900E-8	1.244010E+4	0.000000E+0	0.000000E+0
3.978895E+3	9.899900E-8	1.244000E+4	0.000000E+0	0.000000E+0
3.982894E+3	9.898900E-8	1.244000E+4	0.000000E+0	0.000000E+0
3.986892E+3	9.900300E-8	1.244000E+4	0.000000E+0	0.000000E+0
3.990894E+3	9.900600E-8	1.244000E+4	0.000000E+0	0.000000E+0
3.994893E+3	9.900500E-8	1.243990E+4	0.000000E+0	0.000000E+0
3.998893E+3	9.900200E-8	1.244000E+4	0.000000E+0	0.000000E+0
4.002890E+3	9.899900E-8	1.244010E+4	0.000000E+0	0.000000E+0
4.006898E+3	9.899400E-8	1.244040E+4	0.000000E+0	0.000000E+0
4.010896E+3	9.899800E-8	1.244030E+4	0.000000E+0	0.000000E+0
4.014893E+3	9.898500E-8	1.244030E+4	0.000000E+0	0.000000E+0
4.018891E+3	9.899900E-8	1.244020E+4	0.000000E+0	0.000000E+0
4.022896E+3	9.898800E-8	1.244000E+4	0.000000E+0	0.000000E+0
4.026896E+3	9.898700E-8	1.243970E+4	0.000000E+0	0.000000E+0
4.030896E+3	9.898900E-8	1.243970E+4	0.000000E+0	0.000000E+0
4.034894E+3	9.900300E-8	1.243960E+4	0.000000E+0	0.000000E+0
4.038894E+3	9.898900E-8	1.243920E+4	0.000000E+0	0.000000E+0
4.042891E+3	9.899900E-8	1.243910E+4	0.000000E+0	0.000000E+0
4.046897E+3	9.901000E-8	1.243890E+4	0.000000E+0	0.000000E+0
4.050894E+3	9.900200E-8	1.243880E+4	0.000000E+0	0.000000E+0
4.054897E+3	9.900600E-8	1.243880E+4	0.000000E+0	0.000000E+0
4.058892E+3	9.901400E-8	1.243870E+4	0.000000E+0	0.000000E+0
4.062893E+3	9.899500E-8	1.243850E+4	0.000000E+0	0.000000E+0
4.066892E+3	9.900600E-8	1.243820E+4	0.000000E+0	0.000000E+0
4.070890E+3	9.900400E-8	1.243810E+4	0.000000E+0	0.000000E+0
4.074890E+3	9.902100E-8	1.243790E+4	0.000000E+0	0.000000E+0
4.078891E+3	9.901100E-8	1.243790E+4	0.000000E+0	0.000000E+0
4.082893E+3	9.902000E-8	1.243780E+4	0.000000E+0	0.000000E+0
4.086893E+3	9.901200E-8	1.243790E+4	0.000000E+0	0.000000E+0
4.090898E+3	9.901000E-8	1.243790E+4	0.000000E+0	0.000000E+0
4.094893E+3	9.900800E-8	1.243790E+4	0.000000E+0	0.000000E+0
4.098895E+3	9.900600E-8	1.243810E+4	0.000000E+0	0.000000E+0
4.102893E+3	9.900800E-8	1.243820E+4	0.000000E+0	0.000000E+0
4.106891E+3	9.902000E-8	1.243810E+4	0.000000E+0	0.000000E+0
4.110895E+3	9.902600E-8	1.243830E+4	0.000000E+0	0.000000E+0
4.114893E+3	9.902800E-8	1.243850E+4	0.000000E+0	0.000000E+0
4.118896E+3	9.901300E-8	1.243880E+4	0.000000E+0	0.000000E+0
4.122894E+3	9.901900E-8	1.243850E+4	0.000000E+0	0.000000E+0
4.126896E+3	9.902100E-8	1.243850E+4	0.000000E+0	0.000000E+0
4.130889E+3	9.901800E-8	1.243850E+4	0.000000E+0	0.000000E+0
4.134896E+3	9.902700E-8	1.243830E+4	0.000000E+0	0.000000E+0
4.138893E+3	9.901400E-8	1.243820E+4	0.000000E+0	0.000000E+0
4.142896E+3	9.900500E-8	1.243790E+4	0.000000E+0	0.000000E+0
4.146894E+3	9.901500E-8	1.243790E+4	0.000000E+0	0.000000E+0
4.150893E+3	9.900800E-8	1.243770E+4	0.000000E+0	0.000000E+0
4.154895E+3	9.902500E-8	1.243750E+4	0.000000E+0	0.000000E+0
4.158894E+3	9.901500E-8	1.243730E+4	0.000000E+0	0.000000E+0
4.162892E+3	9.902300E-8	1.243730E+4	0.000000E+0	0.000000E+0
4.166898E+3	9.900800E-8	1.243730E+4	0.000000E+0	0.000000E+0
4.170889E+3	9.900800E-8	1.243720E+4	0.000000E+0	0.000000E+0
4.174898E+3	9.901000E-8	1.243710E+4	0.000000E+0	0.000000E+0
4.178895E+3	9.901600E-8	1.243690E+4	0.000000E+0	0.000000E+0
4.182890E+3	9.902200E-8	1.243660E+4	0.000000E+0	0.000000E+0
4.186890E+3	9.903100E-8	1.243650E+4	0.000000E+0	0.000000E+0
4.190896E+3	9.902300E-8	1.243630E+4	0.000000E+0	0.000000E+0
4.194890E+3	9.903200E-8	1.243620E+4	0.000000E+0	0.000000E+0
4.198895E+3	9.903000E-8	1.243610E+4	0.000000E+0	0.000000E+0
4.202893E+3	9.904000E-8	1.243590E+4	0.000000E+0	0.000000E+0
4.206893E+3	9.903800E-8	1.243580E+4	0.000000E+0	0.000000E+0
4.210893E+3	9.902100E-8	1.243570E+4	0.000000E+0	0.000000E+0
4.214891E+3	9.904100E-8	1.243580E+4	0.000000E+0	0.000000E+0
4.218891E+3	9.901900E-8	1.243620E+4	0.000000E+0	0.000000E+0
4.222897E+3	9.903300E-8	1.243640E+4	0.000000E+0	0.000000E+0
4.226891E+3	9.903600E-8	1.243660E+4	0.000000E+0	0.000000E+0
4.230896E+3	9.903100E-8	1.243670E+4	0.000000E+0	0.000000E+0
4.234896E+3	9.903200E-8	1.243710E+4	0.000000E+0	0.000000E+0
4.238894E+3	9.901500E-8	1.243760E+4	0.000000E+0	0.000000E+0
4.242892E+3	9.902200E-8	1.243770E+4	0.000000E+0	0.000000E+0
4.246895E+3	9.902300E-8	1.243760E+4	0.000000E+0	0.000000E+0
4.250892E+3	9.903000E-8	1.243740E+4	0.000000E+0	0.000000E+0
4.254895E+3	9.902700E-8	1.243740E+4	0.000000E+0	0.000000E+0
4.258890E+3	9.903700E-8	1.243730E+4	0.000000E+0	0.000000E+0
4.262893E+3	9.902000E-8	1.243720E+4	0.000000E+0	0.000000E+0
4.266895E+3	9.903900E-8	1.243690E+4	0.000000E+0	0.000000E+0
4.270900E+3	9.903600E-8	1.243660E+4	0.000000E+0	0.000000E+0
4.274892E+3	9.903800E-8	1.243660E+4	0.000000E+0	0.000000E+0
4.278895E+3	9.903500E-8	1.243630E+4	0.000000E+0	0.000000E+0
4.282893E+3	9.903600E-8	1.243610E+4	0.000000E+0	0.000000E+0
4.286899E+3	9.903000E-8	1.243590E+4	0.000000E+0	0.000000E+0
4.290893E+3	9.904100E-8	1.243590E+4	0.000000E+0	0.000000E+0
4.294892E+3	9.904300E-8	1.243590E+4	0.000000E+0	0.000000E+0
4.298893E+3	9.904100E-8	1.243620E+4	0.000000E+0	0.000000E+0
4.302893E+3	9.904600E-8	1.243660E+4	0.000000E+0	0.000000E+0
4.306896E+3	9.904000E-8	1.243690E+4	0.000000E+0	0.000000E+0
4.310894E+3	9.904000E-8	1.243690E+4	0.000000E+0	0.000000E+0
4.314894E+3	9.904500E-8	1.243690E+4	0.000000E+0	0.000000E+0
4.318893E+3	9.904600E-8	1.243670E+4	0.000000E+0	0.000000E+0
4.322891E+3	9.905000E-8	1.243650E+4	0.000000E+0	0.000000E+0
4.326894E+3	9.905700E-8	1.243660E+4	0.000000E+0	0.000000E+0
4.330892E+3	9.904600E-8	1.243650E+4	0.000000E+0	0.000000E+0
4.334895E+3	9.904900E-8	1.243630E+4	0.000000E+0	0.000000E+0
4.338891E+3	9.905600E-8	1.243630E+4	0.000000E+0	0.000000E+0
4.342894E+3	9.905700E-8	1.243620E+4	0.000000E+0	0.000000E+0
4.346895E+3	9.903600E-8	1.243610E+4	0.000000E+0	0.000000E+0
4.350892E+3	9.904000E-8	1.243590E+4	0.000000E+0	0.000000E+0
4.354889E+3	9.904800E-8	1.243560E+4	0.000000E+0	0.000000E+0
4.358898E+3	9.904000E-8	1.243550E+4	0.000000E+0	0.000000E+0
4.362895E+3	9.904000E-8	1.243530E+4	0.000000E+0	0.000000E+0
4.366895E+3	9.905500E-8	1.243540E+4	0.000000E+0	0.000000E+0
4.370893E+3	9.904100E-8	1.243550E+4	0.000000E+0	0.000000E+0
4.374894E+3	9.905500E-8	1.243560E+4	0.000000E+0	0.000000E+0
4.378893E+3	9.905600E-8	1.243580E+4	0.000000E+0	0.000000E+0
4.382893E+3	9.903300E-8	1.243590E+4	0.000000E+0	0.000000E+0
4.386893E+3	9.906100E-8	1.243590E+4	0.000000E+0	0.000000E+0
4.390894E+3	9.903300E-8	1.243560E+4	0.000000E+0	0.000000E+0
4.394894E+3	9.904000E-8	1.243550E+4	0.000000E+0	0.000000E+0
4.398894E+3	9.905700E-8	1.243540E+4	0.000000E+0	0.000000E+0
4.402889E+3	9.904400E-8	1.243540E+4	0.000000E+0	0.000000E+0
4.406894E+3	9.905700E-8	1.243550E+4	0.000000E+0	0.000000E+0
4.410897E+3	9.905100E-8	1.243550E+4	0.000000E+0	0.000000E+0
4.414896E+3	9.905500E-8	1.243560E+4	0.000000E+0	0.000000E+0
4.418892E+3	9.905800E-8	1.243560E+4	0.000000E+0	0.000000E+0
4.422896E+3	9.904800E-8	1.243560E+4	0.000000E+0	0.000000E+0
4.426891E+3	9.904400E-8	1.243550E+4	0.000000E+0	0.000000E+0
4.430897E+3	9.905800E-8	1.243540E+4	0.000000E+0	0.000000E+0
4.434890E+3	9.904700E-8	1.243520E+4	0.000000E+0	0.000000E+0
4.438897E+3	9.906500E-8	1.243500E+4	0.000000E+0	0.000000E+0
4.442897E+3	9.904600E-8	1.243480E+4	0.000000E+0	0.000000E+0
4.446895E+3	9.906000E-8	1.243480E+4	0.000000E+0	0.000000E+0
4.450893E+3	9.907200E-8	1.243420E+4	0.000000E+0	0.000000E+0
4.454893E+3	9.906000E-8	1.243400E+4	0.000000E+0	0.000000E+0
4.458895E+3	9.906400E-8	1.243390E+4	0.000000E+0	0.000000E+0
4.462894E+3	9.906200E-8	1.243410E+4	0.000000E+0	0.000000E+0
4.466895E+3	9.906200E-8	1.243410E+4	0.000000E+0	0.000000E+0
4.470895E+3	9.907200E-8	1.243400E+4	0.000000E+0	0.000000E+0
4.474891E+3	9.906600E-8	1.243380E+4	0.000000E+0	0.000000E+0
4.478899E+3	9.906200E-8	1.243380E+4	0.000000E+0	0.000000E+0
4.482894E+3	9.906100E-8	1.243410E+4	0.000000E+0	0.000000E+0
4.486894E+3	9.906200E-8	1.243410E+4	0.000000E+0	0.000000E+0
4.490893E+3	9.906600E-8	1.243400E+4	0.000000E+0	0.000000E+0
4.494894E+3	9.907500E-8	1.243390E+4	0.000000E+0	0.000000E+0
4.498894E+3	9.907400E-8	1.243390E+4	0.000000E+0	0.000000E+0
4.502897E+3	9.907700E-8	1.243400E+4	0.000000E+0	0.000000E+0
4.506891E+3	9.908600E-8	1.243380E+4	0.000000E+0	0.000000E+0
4.510894E+3	9.907700E-8	1.243370E+4	0.000000E+0	0.000000E+0
4.514894E+3	9.906800E-8	1.243380E+4	0.000000E+0	0.000000E+0
4.518892E+3	9.908000E-8	1.243390E+4	0.000000E+0	0.000000E+0
4.522892E+3	9.908100E-8	1.243390E+4	0.000000E+0	0.000000E+0
4.526895E+3	9.909100E-8	1.243390E+4	0.000000E+0	0.000000E+0
4.530895E+3	9.907200E-8	1.243400E+4	0.000000E+0	0.000000E+0
4.534894E+3	9.908300E-8	1.243390E+4	0.000000E+0	0.000000E+0
4.538895E+3	9.908200E-8	1.243370E+4	0.000000E+0	0.000000E+0
4.542892E+3	9.907100E-8	1.243350E+4	0.000000E+0	0.000000E+0
4.546893E+3	9.907700E-8	1.243360E+4	0.000000E+0	0.000000E+0
4.550893E+3	9.908400E-8	1.243360E+4	0.000000E+0	0.000000E+0
4.554890E+3	9.908100E-8	1.243350E+4	0.000000E+0	0.000000E+0
4.558900E+3	9.907500E-8	1.243340E+4	0.000000E+0	0.000000E+0
4.562895E+3	9.908200E-8	1.243340E+4	0.000000E+0	0.000000E+0
4.566895E+3	9.908300E-8	1.243320E+4	0.000000E+0	0.000000E+0
4.570890E+3	9.908700E-8	1.243310E+4	0.000000E+0	0.000000E+0
4.574897E+3	9.908200E-8	1.243310E+4	0.000000E+0	0.000000E+0
4.578893E+3	9.907200E-8	1.243290E+4	0.000000E+0	0.000000E+0
4.582893E+3	9.908100E-8	1.243280E+4	0.000000E+0	0.000000E+0
4.586891E+3	9.909300E-8	1.243280E+4	0.000000E+0	0.000000E+0
4.590894E+3	9.908800E-8	1.243290E+4	0.000000E+0	0.000000E+0
4.594891E+3	9.908400E-8	1.243310E+4	0.000000E+0	0.000000E+0
4.598894E+3	9.909600E-8	1.243320E+4	0.000000E+0	0.000000E+0
4.602891E+3	9.908600E-8	1.243320E+4	0.000000E+0	0.000000E+0
4.606891E+3	9.909000E-8	1.243320E+4	0.000000E+0	0.000000E+0
4.610892E+3	9.909200E-8	1.243320E+4	0.000000E+0	0.000000E+0
4.614895E+3	9.909700E-8	1.243330E+4	0.000000E+0	0.000000E+0
4.618892E+3	9.909800E-8	1.243370E+4	0.000000E+0	0.000000E+0
4.622894E+3	9.909200E-8	1.243390E+4	0.000000E+0	0.000000E+0
4.626895E+3	9.910300E-8	1.243400E+4	0.000000E+0	0.000000E+0
4.630892E+3	9.909500E-8	1.243390E+4	0.000000E+0	0.000000E+0
4.634890E+3	9.909500E-8	1.243390E+4	0.000000E+0	0.000000E+0
4.638898E+3	9.910300E-8	1.243390E+4	0.000000E+0	0.000000E+0
4.642888E+3	9.910500E-8	1.243360E+4	0.000000E+0	0.000000E+0
4.646898E+3	9.910300E-8	1.243330E+4	0.000000E+0	0.000000E+0
4.650893E+3	9.909900E-8	1.243300E+4	0.000000E+0	0.000000E+0
4.654893E+3	9.909700E-8	1.243280E+4	0.000000E+0	0.000000E+0
4.658891E+3	9.909900E-8	1.243270E+4	0.000000E+0	0.000000E+0
4.662895E+3	9.910000E-8	1.243280E+4	0.000000E+0	0.000000E+0
4.666893E+3	9.909700E-8	1.243320E+4	0.000000E+0	0.000000E+0
4.670899E+3	9.910100E-8	1.243380E+4	0.000000E+0	0.000000E+0
4.674894E+3	9.910900E-8	1.243440E+4	0.000000E+0	0.000000E+0
4.678891E+3	9.909100E-8	1.243440E+4	0.000000E+0	0.000000E+0
4.682891E+3	9.910500E-8	1.243450E+4	0.000000E+0	0.000000E+0
4.686896E+3	9.909200E-8	1.243430E+4	0.000000E+0	0.000000E+0
4.690896E+3	9.911200E-8	1.243420E+4	0.000000E+0	0.000000E+0
4.694895E+3	9.910100E-8	1.243400E+4	0.000000E+0	0.000000E+0
4.698894E+3	9.909800E-8	1.243400E+4	0.000000E+0	0.000000E+0
4.702894E+3	9.910400E-8	1.243410E+4	0.000000E+0	0.000000E+0
4.706894E+3	9.910800E-8	1.243410E+4	0.000000E+0	0.000000E+0
4.710894E+3	9.910900E-8	1.243410E+4	0.000000E+0	0.000000E+0
4.714894E+3	9.910300E-8	1.243380E+4	0.000000E+0	0.000000E+0
4.718892E+3	9.911700E-8	1.243360E+4	0.000000E+0	0.000000E+0
4.722892E+3	9.910900E-8	1.243370E+4	0.000000E+0	0.000000E+0
4.726893E+3	9.910600E-8	1.243370E+4	0.000000E+0	0.000000E+0
4.730892E+3	9.910900E-8	1.243400E+4	0.000000E+0	0.000000E+0
4.734893E+3	9.911800E-8	1.243410E+4	0.000000E+0	0.000000E+0
4.738892E+3	9.910600E-8	1.243420E+4	0.000000E+0	0.000000E+0
4.742898E+3	9.911800E-8	1.243450E+4	0.000000E+0	0.000000E+0
4.746891E+3	9.910700E-8	1.243450E+4	0.000000E+0	0.000000E+0
4.750888E+3	9.911200E-8	1.243420E+4	0.000000E+0	0.000000E+0
4.754893E+3	9.910700E-8	1.243370E+4	0.000000E+0	0.000000E+0
4.758893E+3	9.911300E-8	1.243340E+4	0.000000E+0	0.000000E+0
4.762889E+3	9.911400E-8	1.243350E+4	0.000000E+0	0.000000E+0
4.766898E+3	9.910500E-8	1.243350E+4	0.000000E+0	0.000000E+0
4.770889E+3	9.910100E-8	1.243360E+4	0.000000E+0	0.000000E+0
4.774893E+3	9.910900E-8	1.243390E+4	0.000000E+0	0.000000E+0
4.778889E+3	9.911200E-8	1.243430E+4	0.000000E+0	0.000000E+0
4.782894E+3	9.909700E-8	1.243430E+4	0.000000E+0	0.000000E+0
4.786896E+3	9.910800E-8	1.243420E+4	0.000000E+0	0.000000E+0
4.790894E+3	9.910400E-8	1.243400E+4	0.000000E+0	0.000000E+0
4.794892E+3	9.910100E-8	1.243370E+4	0.000000E+0	0.000000E+0
4.798892E+3	9.910800E-8	1.243350E+4	0.000000E+0	0.000000E+0
4.802887E+3	9.910800E-8	1.243340E+4	0.000000E+0	0.000000E+0
4.806897E+3	9.911800E-8	1.243350E+4	0.000000E+0	0.000000E+0
4.810894E+3	9.911400E-8	1.243340E+4	0.000000E+0	0.000000E+0
4.814897E+3	9.912300E-8	1.243300E+4	0.000000E+0	0.000000E+0
4.818890E+3	9.911900E-8	1.243300E+4	0.000000E+0	0.000000E+0
4.822900E+3	9.912400E-8	1.243290E+4	0.000000E+0	0.000000E+0
4.826895E+3	9.910000E-8	1.243300E+4	0.000000E+0	0.000000E+0
4.830895E+3	9.909800E-8	1.243280E+4	0.000000E+0	0.000000E+0
4.834893E+3	9.911300E-8	1.243250E+4	0.000000E+0	0.000000E+0
4.838889E+3	9.912100E-8	1.243220E+4	0.000000E+0	0.000000E+0
4.842888E+3	9.911400E-8	1.243270E+4	0.000000E+0	0.000000E+0
4.846895E+3	9.912500E-8	1.243290E+4	0.000000E+0	0.000000E+0
4.850890E+3	9.913300E-8	1.243310E+4	0.000000E+0	0.000000E+0
4.854894E+3	9.912700E-8	1.243310E+4	0.000000E+0	0.000000E+0
4.858893E+3	9.912300E-8	1.243280E+4	0.000000E+0	0.000000E+0
4.862888E+3	9.912300E-8	1.243230E+4	0.000000E+0	0.000000E+0
4.866896E+3	9.911900E-8	1.243220E+4	0.000000E+0	0.000000E+0
4.870899E+3	9.911500E-8	1.243230E+4	0.000000E+0	0.000000E+0
4.874895E+3	9.911800E-8	1.243210E+4	0.000000E+0	0.000000E+0
4.878899E+3	9.913300E-8	1.243200E+4	0.000000E+0	0.000000E+0
4.882892E+3	9.911700E-8	1.243190E+4	0.000000E+0	0.000000E+0
4.886892E+3	9.912700E-8	1.243180E+4	0.000000E+0	0.000000E+0
4.890889E+3	9.912500E-8	1.243160E+4	0.000000E+0	0.000000E+0
4.894892E+3	9.912400E-8	1.243130E+4	0.000000E+0	0.000000E+0
4.898895E+3	9.911800E-8	1.243110E+4	0.000000E+0	0.000000E+0
4.902894E+3	9.912900E-8	1.243120E+4	0.000000E+0	0.000000E+0
4.906895E+3	9.912700E-8	1.243130E+4	0.000000E+0	0.000000E+0
4.910893E+3	9.912400E-8	1.243130E+4	0.000000E+0	0.000000E+0
4.914893E+3	9.914400E-8	1.243130E+4	0.000000E+0	0.000000E+0
4.918895E+3	9.913900E-8	1.243130E+4	0.000000E+0	0.000000E+0
4.922893E+3	9.913000E-8	1.243120E+4	0.000000E+0	0.000000E+0
4.926892E+3	9.913200E-8	1.243140E+4	0.000000E+0	0.000000E+0
4.930890E+3	9.913300E-8	1.243140E+4	0.000000E+0	0.000000E+0
4.934890E+3	9.914500E-8	1.243160E+4	0.000000E+0	0.000000E+0
4.938888E+3	9.914300E-8	1.243170E+4	0.000000E+0	0.000000E+0
4.942896E+3	9.914100E-8	1.243170E+4	0.000000E+0	0.000000E+0
4.946893E+3	9.912900E-8	1.243150E+4	0.000000E+0	0.000000E+0
4.950891E+3	9.913500E-8	1.243130E+4	0.000000E+0	0.000000E+0
4.954888E+3	9.914500E-8	1.243110E+4	0.000000E+0	0.000000E+0
4.958891E+3	9.913900E-8	1.243100E+4	0.000000E+0	0.000000E+0
4.962894E+3	9.913700E-8	1.243080E+4	0.000000E+0	0.000000E+0
4.966894E+3	9.914300E-8	1.243070E+4	0.000000E+0	0.000000E+0
4.970889E+3	9.917900E-8	1.243090E+4	0.000000E+0	0.000000E+0
4.974901E+3	9.915100E-8	1.243100E+4	0.000000E+0	0.000000E+0
4.978886E+3	9.915000E-8	1.243090E+4	0.000000E+0	0.000000E+0
4.982897E+3	9.915200E-8	1.243080E+4	0.000000E+0	0.000000E+0
4.986889E+3	9.914700E-8	1.243080E+4	0.000000E+0	0.000000E+0
4.990895E+3	9.915000E-8	1.243060E+4	0.000000E+0	0.000000E+0
4.994894E+3	9.914000E-8	1.243050E+4	0.000000E+0	0.000000E+0
4.998892E+3	9.915100E-8	1.243030E+4	0.000000E+0	0.000000E+0
5.002889E+3	9.913900E-8	1.243020E+4	0.000000E+0	0.000000E+0
5.006898E+3	9.914400E-8	1.243020E+4	0.000000E+0	0.000000E+0
5.010893E+3	9.915900E-8	1.243010E+4	0.000000E+0	0.000000E+0
5.014895E+3	9.914600E-8	1.243010E+4	0.000000E+0	0.000000E+0
5.018893E+3	9.915000E-8	1.242990E+4	0.000000E+0	0.000000E+0
5.022896E+3	9.915000E-8	1.242980E+4	0.000000E+0	0.000000E+0
5.026891E+3	9.915300E-8	1.242980E+4	0.000000E+0	0.000000E+0
5.030899E+3	9.914600E-8	1.242960E+4	0.000000E+0	0.000000E+0
5.034890E+3	9.915200E-8	1.242960E+4	0.000000E+0	0.000000E+0
5.038891E+3	9.914800E-8	1.242930E+4	0.000000E+0	0.000000E+0
5.042893E+3	9.915700E-8	1.242920E+4	0.000000E+0	0.000000E+0
5.046894E+3	9.914000E-8	1.242910E+4	0.000000E+0	0.000000E+0
5.050891E+3	9.916000E-8	1.242920E+4	0.000000E+0	0.000000E+0
5.054894E+3	9.915600E-8	1.242910E+4	0.000000E+0	0.000000E+0
5.058891E+3	9.915700E-8	1.242910E+4	0.000000E+0	0.000000E+0
5.062900E+3	9.915400E-8	1.242930E+4	0.000000E+0	0.000000E+0
5.066892E+3	9.915100E-8	1.242910E+4	0.000000E+0	0.000000E+0
5.070893E+3	9.915600E-8	1.242910E+4	0.000000E+0	0.000000E+0
5.074894E+3	9.915300E-8	1.242920E+4	0.000000E+0	0.000000E+0
5.078897E+3	9.915700E-8	1.242930E+4	0.000000E+0	0.000000E+0
5.082892E+3	9.915100E-8	1.242930E+4	0.000000E+0	0.000000E+0
5.086895E+3	9.916300E-8	1.242940E+4	0.000000E+0	0.000000E+0
5.090897E+3	9.915100E-8	1.242930E+4	0.000000E+0	0.000000E+0
5.094895E+3	9.915500E-8	1.242930E+4	0.000000E+0	0.000000E+0
5.098892E+3	9.916000E-8	1.242920E+4	0.000000E+0	0.000000E+0
5.102897E+3	9.917500E-8	1.242930E+4	0.000000E+0	0.000000E+0
5.106893E+3	9.916100E-8	1.242950E+4	0.000000E+0	0.000000E+0
5.110892E+3	9.916800E-8	1.242970E+4	0.000000E+0	0.000000E+0
5.114891E+3	9.915300E-8	1.242970E+4	0.000000E+0	0.000000E+0
5.118899E+3	9.915700E-8	1.242980E+4	0.000000E+0	0.000000E+0
5.122893E+3	9.915500E-8	1.242980E+4	0.000000E+0	0.000000E+0
5.126895E+3	9.916400E-8	1.242990E+4	0.000000E+0	0.000000E+0
5.130894E+3	9.916100E-8	1.242990E+4	0.000000E+0	0.000000E+0
5.134899E+3	9.916300E-8	1.243000E+4	0.000000E+0	0.000000E+0
5.138894E+3	9.917000E-8	1.243010E+4	0.000000E+0	0.000000E+0
5.142894E+3	9.915600E-8	1.243020E+4	0.000000E+0	0.000000E+0
5.146891E+3	9.917200E-8	1.243000E+4	0.000000E+0	0.000000E+0
5.150895E+3	9.915500E-8	1.242970E+4	0.000000E+0	0.000000E+0
5.154892E+3	9.916400E-8	1.242960E+4	0.000000E+0	0.000000E+0
5.158896E+3	9.915800E-8	1.242930E+4	0.000000E+0	0.000000E+0
5.162888E+3	9.916600E-8	1.242910E+4	0.000000E+0	0.000000E+0
5.166896E+3	9.916800E-8	1.242900E+4	0.000000E+0	0.000000E+0
5.170895E+3	9.916000E-8	1.242890E+4	0.000000E+0	0.000000E+0
5.174895E+3	9.916000E-8	1.242900E+4	0.000000E+0	0.000000E+0
5.178889E+3	9.917400E-8	1.242910E+4	0.000000E+0	0.000000E+0
5.182894E+3	9.917000E-8	1.242890E+4	0.000000E+0	0.000000E+0
5.186892E+3	9.917800E-8	1.242880E+4	0.000000E+0	0.000000E+0
5.190900E+3	9.917800E-8	1.242860E+4	0.000000E+0	0.000000E+0
5.194893E+3	9.918300E-8	1.242850E+4	0.000000E+0	0.000000E+0
5.198898E+3	9.918400E-8	1.242840E+4	0.000000E+0	0.000000E+0
5.202896E+3	9.919500E-8	1.242830E+4	0.000000E+0	0.000000E+0
5.206895E+3	9.916600E-8	1.242820E+4	0.000000E+0	0.000000E+0
5.210890E+3	9.918300E-8	1.242820E+4	0.000000E+0	0.000000E+0
5.214897E+3	9.918000E-8	1.242810E+4	0.000000E+0	0.000000E+0
5.218895E+3	9.918500E-8	1.242790E+4	0.000000E+0	0.000000E+0
5.222894E+3	9.917600E-8	1.242780E+4	0.000000E+0	0.000000E+0
5.226893E+3	9.918000E-8	1.242770E+4	0.000000E+0	0.000000E+0
5.230890E+3	9.917500E-8	1.242760E+4	0.000000E+0	0.000000E+0
5.234894E+3	9.918700E-8	1.242740E+4	0.000000E+0	0.000000E+0
5.238896E+3	9.917400E-8	1.242770E+4	0.000000E+0	0.000000E+0
5.242893E+3	9.918300E-8	1.242810E+4	0.000000E+0	0.000000E+0
5.246894E+3	9.919100E-8	1.242830E+4	0.000000E+0	0.000000E+0
5.250894E+3	9.917100E-8	1.242830E+4	0.000000E+0	0.000000E+0
5.254892E+3	9.919000E-8	1.242810E+4	0.000000E+0	0.000000E+0
5.258891E+3	9.918300E-8	1.242820E+4	0.000000E+0	0.000000E+0
5.262896E+3	9.917400E-8	1.242830E+4	0.000000E+0	0.000000E+0
5.266894E+3	9.917100E-8	1.242820E+4	0.000000E+0	0.000000E+0
5.270900E+3	9.918500E-8	1.242820E+4	0.000000E+0	0.000000E+0
5.274892E+3	9.918400E-8	1.242810E+4	0.000000E+0	0.000000E+0
5.278894E+3	9.918400E-8	1.242820E+4	0.000000E+0	0.000000E+0
5.282895E+3	9.919200E-8	1.242800E+4	0.000000E+0	0.000000E+0
5.286895E+3	9.918100E-8	1.242810E+4	0.000000E+0	0.000000E+0
5.290892E+3	9.917900E-8	1.242810E+4	0.000000E+0	0.000000E+0
5.294895E+3	9.918500E-8	1.242800E+4	0.000000E+0	0.000000E+0
5.298893E+3	9.919500E-8	1.242790E+4	0.000000E+0	0.000000E+0
5.302893E+3	9.918700E-8	1.242790E+4	0.000000E+0	0.000000E+0
5.306891E+3	9.918000E-8	1.242770E+4	0.000000E+0	0.000000E+0
5.310897E+3	9.919000E-8	1.242760E+4	0.000000E+0	0.000000E+0
5.314888E+3	9.918000E-8	1.242750E+4	0.000000E+0	0.000000E+0
5.318896E+3	9.918900E-8	1.242740E+4	0.000000E+0	0.000000E+0
5.322893E+3	9.918700E-8	1.242740E+4	0.000000E+0	0.000000E+0
5.326894E+3	9.920600E-8	1.242740E+4	0.000000E+0	0.000000E+0
5.330894E+3	9.918600E-8	1.242740E+4	0.000000E+0	0.000000E+0
5.334894E+3	9.920100E-8	1.242720E+4	0.000000E+0	0.000000E+0
5.338891E+3	9.919400E-8	1.242690E+4	0.000000E+0	0.000000E+0
5.342893E+3	9.918600E-8	1.242680E+4	0.000000E+0	0.000000E+0
5.346894E+3	9.921200E-8	1.242690E+4	0.000000E+0	0.000000E+0
5.350894E+3	9.919600E-8	1.242680E+4	0.000000E+0	0.000000E+0
5.354891E+3	9.918700E-8	1.242680E+4	0.000000E+0	0.000000E+0
5.358900E+3	9.920400E-8	1.242670E+4	0.000000E+0	0.000000E+0
5.362892E+3	9.920700E-8	1.242680E+4	0.000000E+0	0.000000E+0
5.366892E+3	9.920500E-8	1.242690E+4	0.000000E+0	0.000000E+0
5.370894E+3	9.919600E-8	1.242700E+4	0.000000E+0	0.000000E+0
5.374893E+3	9.920400E-8	1.242750E+4	0.000000E+0	0.000000E+0
5.378897E+3	9.919900E-8	1.242770E+4	0.000000E+0	0.000000E+0
5.382895E+3	9.919000E-8	1.242770E+4	0.000000E+0	0.000000E+0
5.386890E+3	9.920300E-8	1.242760E+4	0.000000E+0	0.000000E+0
5.390901E+3	9.920700E-8	1.242750E+4	0.000000E+0	0.000000E+0
5.394892E+3	9.920900E-8	1.242730E+4	0.000000E+0	0.000000E+0
5.398893E+3	9.920700E-8	1.242720E+4	0.000000E+0	0.000000E+0
5.402893E+3	9.920400E-8	1.242700E+4	0.000000E+0	0.000000E+0
5.406898E+3	9.921600E-8	1.242680E+4	0.000000E+0	0.000000E+0
5.410893E+3	9.919300E-8	1.242670E+4	0.000000E+0	0.000000E+0
5.414893E+3	9.920900E-8	1.242650E+4	0.000000E+0	0.000000E+0
5.418894E+3	9.921900E-8	1.242640E+4	0.000000E+0	0.000000E+0
5.422893E+3	9.920900E-8	1.242630E+4	0.000000E+0	0.000000E+0
5.426896E+3	9.921200E-8	1.242600E+4	0.000000E+0	0.000000E+0
5.430894E+3	9.921200E-8	1.242590E+4	0.000000E+0	0.000000E+0
5.434891E+3	9.922000E-8	1.242580E+4	0.000000E+0	0.000000E+0
5.438893E+3	9.921100E-8	1.242570E+4	0.000000E+0	0.000000E+0
5.442894E+3	9.921500E-8	1.242560E+4	0.000000E+0	0.000000E+0
5.446894E+3	9.921600E-8	1.242580E+4	0.000000E+0	0.000000E+0
5.450895E+3	9.921400E-8	1.242580E+4	0.000000E+0	0.000000E+0
5.454894E+3	9.921700E-8	1.242570E+4	0.000000E+0	0.000000E+0
5.458895E+3	9.921600E-8	1.242560E+4	0.000000E+0	0.000000E+0
5.462900E+3	9.920900E-8	1.242540E+4	0.000000E+0	0.000000E+0
5.466892E+3	9.919900E-8	1.242530E+4	0.000000E+0	0.000000E+0
5.470897E+3	9.921700E-8	1.242510E+4	0.000000E+0	0.000000E+0
5.474893E+3	9.921600E-8	1.242530E+4	0.000000E+0	0.000000E+0
5.478900E+3	9.921500E-8	1.242520E+4	0.000000E+0	0.000000E+0
5.482890E+3	9.921800E-8	1.242510E+4	0.000000E+0	0.000000E+0
5.486895E+3	9.922000E-8	1.242500E+4	0.000000E+0	0.000000E+0
5.490890E+3	9.922100E-8	1.242490E+4	0.000000E+0	0.000000E+0
5.494895E+3	9.921500E-8	1.242510E+4	0.000000E+0	0.000000E+0
5.498893E+3	9.922000E-8	1.242570E+4	0.000000E+0	0.000000E+0
5.502891E+3	9.922600E-8	1.242590E+4	0.000000E+0	0.000000E+0
5.506893E+3	9.922900E-8	1.242620E+4	0.000000E+0	0.000000E+0
5.510894E+3	9.920400E-8	1.242620E+4	0.000000E+0	0.000000E+0
5.514893E+3	9.922500E-8	1.242620E+4	0.000000E+0	0.000000E+0
5.518896E+3	9.921300E-8	1.242640E+4	0.000000E+0	0.000000E+0
5.522888E+3	9.922800E-8	1.242650E+4	0.000000E+0	0.000000E+0
5.526889E+3	9.921500E-8	1.242670E+4	0.000000E+0	0.000000E+0
5.530891E+3	9.920700E-8	1.242670E+4	0.000000E+0	0.000000E+0
5.534895E+3	9.921900E-8	1.242680E+4	0.000000E+0	0.000000E+0
5.538892E+3	9.922700E-8	1.242700E+4	0.000000E+0	0.000000E+0
5.542894E+3	9.923600E-8	1.242700E+4	0.000000E+0	0.000000E+0
5.546887E+3	9.922500E-8	1.242700E+4	0.000000E+0	0.000000E+0
5.550898E+3	9.921900E-8	1.242700E+4	0.000000E+0	0.000000E+0
5.554895E+3	9.922200E-8	1.242700E+4	0.000000E+0	0.000000E+0
5.558892E+3	9.923600E-8	1.242680E+4	0.000000E+0	0.000000E+0
5.562890E+3	9.923300E-8	1.242670E+4	0.000000E+0	0.000000E+0
5.566892E+3	9.922700E-8	1.242680E+4	0.000000E+0	0.000000E+0
5.570890E+3	9.922900E-8	1.242700E+4	0.000000E+0	0.000000E+0
5.574896E+3	9.923300E-8	1.242710E+4	0.000000E+0	0.000000E+0
5.578890E+3	9.922600E-8	1.242700E+4	0.000000E+0	0.000000E+0
5.582896E+3	9.923200E-8	1.242710E+4	0.000000E+0	0.000000E+0
5.586893E+3	9.924600E-8	1.242710E+4	0.000000E+0	0.000000E+0
5.590894E+3	9.923700E-8	1.242720E+4	0.000000E+0	0.000000E+0
5.594893E+3	9.923400E-8	1.242720E+4	0.000000E+0	0.000000E+0
5.598899E+3	9.922800E-8	1.242710E+4	0.000000E+0	0.000000E+0
5.602886E+3	9.924000E-8	1.242710E+4	0.000000E+0	0.000000E+0
5.606893E+3	9.924300E-8	1.242720E+4	0.000000E+0	0.000000E+0
5.610893E+3	9.922400E-8	1.242730E+4	0.000000E+0	0.000000E+0
5.614897E+3	9.923800E-8	1.242690E+4	0.000000E+0	0.000000E+0
5.618892E+3	9.922500E-8	1.242690E+4	0.000000E+0	0.000000E+0
5.622892E+3	9.922700E-8	1.242710E+4	0.000000E+0	0.000000E+0
5.626891E+3	9.924200E-8	1.242700E+4	0.000000E+0	0.000000E+0
5.630891E+3	9.924000E-8	1.242700E+4	0.000000E+0	0.000000E+0
5.634887E+3	9.922700E-8	1.242690E+4	0.000000E+0	0.000000E+0
5.638894E+3	9.924300E-8	1.242690E+4	0.000000E+0	0.000000E+0
5.642890E+3	9.922900E-8	1.242700E+4	0.000000E+0	0.000000E+0
5.646898E+3	9.923000E-8	1.242720E+4	0.000000E+0	0.000000E+0
5.650889E+3	9.924900E-8	1.242740E+4	0.000000E+0	0.000000E+0
5.654897E+3	9.924000E-8	1.242750E+4	0.000000E+0	0.000000E+0
5.658892E+3	9.924300E-8	1.242720E+4	0.000000E+0	0.000000E+0
5.662896E+3	9.925000E-8	1.242720E+4	0.000000E+0	0.000000E+0
5.666892E+3	9.924000E-8	1.242700E+4	0.000000E+0	0.000000E+0
5.670893E+3	9.925600E-8	1.242710E+4	0.000000E+0	0.000000E+0
5.674893E+3	9.925300E-8	1.242720E+4	0.000000E+0	0.000000E+0
5.678892E+3	9.923700E-8	1.242720E+4	0.000000E+0	0.000000E+0
5.682891E+3	9.924200E-8	1.242730E+4	0.000000E+0	0.000000E+0
5.686894E+3	9.924000E-8	1.242700E+4	0.000000E+0	0.000000E+0
5.690888E+3	9.925100E-8	1.242690E+4	0.000000E+0	0.000000E+0
5.694895E+3	9.924500E-8	1.242690E+4	0.000000E+0	0.000000E+0
5.698889E+3	9.925600E-8	1.242670E+4	0.000000E+0	0.000000E+0
5.702897E+3	9.926600E-8	1.242650E+4	0.000000E+0	0.000000E+0
5.706891E+3	9.924900E-8	1.242630E+4	0.000000E+0	0.000000E+0
5.710890E+3	9.925300E-8	1.242610E+4	0.000000E+0	0.000000E+0
5.714891E+3	9.925000E-8	1.242580E+4	0.000000E+0	0.000000E+0
5.718891E+3	9.924600E-8	1.242570E+4	0.000000E+0	0.000000E+0
5.722892E+3	9.925400E-8	1.242570E+4	0.000000E+0	0.000000E+0
5.726892E+3	9.924500E-8	1.242550E+4	0.000000E+0	0.000000E+0
5.730894E+3	9.923800E-8	1.242540E+4	0.000000E+0	0.000000E+0
5.734892E+3	9.924000E-8	1.242540E+4	0.000000E+0	0.000000E+0
5.738895E+3	9.924800E-8	1.242550E+4	0.000000E+0	0.000000E+0
5.742894E+3	9.924500E-8	1.242540E+4	0.000000E+0	0.000000E+0
5.746893E+3	9.924100E-8	1.242540E+4	0.000000E+0	0.000000E+0
5.750898E+3	9.924100E-8	1.242520E+4	0.000000E+0	0.000000E+0
5.754892E+3	9.924900E-8	1.242510E+4	0.000000E+0	0.000000E+0
5.758895E+3	9.926000E-8	1.242500E+4	0.000000E+0	0.000000E+0
5.762890E+3	9.925700E-8	1.242500E+4	0.000000E+0	0.000000E+0
5.766893E+3	9.925900E-8	1.242510E+4	0.000000E+0	0.000000E+0
5.770893E+3	9.925600E-8	1.242480E+4	0.000000E+0	0.000000E+0
5.774894E+3	9.924500E-8	1.242460E+4	0.000000E+0	0.000000E+0
5.778888E+3	9.924400E-8	1.242450E+4	0.000000E+0	0.000000E+0
5.782890E+3	9.924500E-8	1.242490E+4	0.000000E+0	0.000000E+0
5.786896E+3	9.926100E-8	1.242510E+4	0.000000E+0	0.000000E+0
5.790893E+3	9.926100E-8	1.242550E+4	0.000000E+0	0.000000E+0
5.794893E+3	9.926400E-8	1.242540E+4	0.000000E+0	0.000000E+0
5.798891E+3	9.925100E-8	1.242530E+4	0.000000E+0	0.000000E+0
5.802889E+3	9.924400E-8	1.242510E+4	0.000000E+0	0.000000E+0
5.806899E+3	9.925500E-8	1.242480E+4	0.000000E+0	0.000000E+0
5.810894E+3	9.925200E-8	1.242480E+4	0.000000E+0	0.000000E+0
5.814897E+3	9.926600E-8	1.242490E+4	0.000000E+0	0.000000E+0
5.818891E+3	9.925000E-8	1.242500E+4	0.000000E+0	0.000000E+0
5.822895E+3	9.925400E-8	1.242490E+4	0.000000E+0	0.000000E+0
5.826889E+3	9.927000E-8	1.242530E+4	0.000000E+0	0.000000E+0
5.830890E+3	9.926400E-8	1.242540E+4	0.000000E+0	0.000000E+0
5.834893E+3	9.926400E-8	1.242540E+4	0.000000E+0	0.000000E+0
5.838893E+3	9.926000E-8	1.242540E+4	0.000000E+0	0.000000E+0
5.842892E+3	9.927100E-8	1.242540E+4	0.000000E+0	0.000000E+0
5.846895E+3	9.926500E-8	1.242580E+4	0.000000E+0	0.000000E+0
5.850893E+3	9.926300E-8	1.242590E+4	0.000000E+0	0.000000E+0
5.854898E+3	9.925500E-8	1.242630E+4	0.000000E+0	0.000000E+0
5.858896E+3	9.925900E-8	1.242600E+4	0.000000E+0	0.000000E+0
5.862893E+3	9.925200E-8	1.242570E+4	0.000000E+0	0.000000E+0
5.866890E+3	9.925800E-8	1.242520E+4	0.000000E+0	0.000000E+0
5.870893E+3	9.926800E-8	1.242510E+4	0.000000E+0	0.000000E+0
5.874891E+3	9.927600E-8	1.242500E+4	0.000000E+0	0.000000E+0
5.878899E+3	9.925600E-8	1.242480E+4	0.000000E+0	0.000000E+0
5.882893E+3	9.927500E-8	1.242470E+4	0.000000E+0	0.000000E+0
5.886896E+3	9.928300E-8	1.242430E+4	0.000000E+0	0.000000E+0
5.890891E+3	9.926600E-8	1.242410E+4	0.000000E+0	0.000000E+0
5.894894E+3	9.926300E-8	1.242430E+4	0.000000E+0	0.000000E+0
5.898894E+3	9.925500E-8	1.242410E+4	0.000000E+0	0.000000E+0
5.902894E+3	9.926600E-8	1.242370E+4	0.000000E+0	0.000000E+0
5.906891E+3	9.927100E-8	1.242360E+4	0.000000E+0	0.000000E+0
5.910893E+3	9.926900E-8	1.242330E+4	0.000000E+0	0.000000E+0
5.914892E+3	9.927100E-8	1.242310E+4	0.000000E+0	0.000000E+0
5.918894E+3	9.927900E-8	1.242270E+4	0.000000E+0	0.000000E+0
5.922892E+3	9.927400E-8	1.242280E+4	0.000000E+0	0.000000E+0
5.926893E+3	9.926900E-8	1.242270E+4	0.000000E+0	0.000000E+0
5.930897E+3	9.928900E-8	1.242250E+4	0.000000E+0	0.000000E+0
5.934893E+3	9.926500E-8	1.242230E+4	0.000000E+0	0.000000E+0
5.938895E+3	9.927800E-8	1.242230E+4	0.000000E+0	0.000000E+0
5.942892E+3	9.926800E-8	1.242230E+4	0.000000E+0	0.000000E+0
5.946892E+3	9.928200E-8	1.242210E+4	0.000000E+0	0.000000E+0
5.950891E+3	9.927500E-8	1.242210E+4	0.000000E+0	0.000000E+0
5.954891E+3	9.926700E-8	1.242200E+4	0.000000E+0	0.000000E+0
5.958890E+3	9.927900E-8	1.242200E+4	0.000000E+0	0.000000E+0
5.962893E+3	9.928200E-8	1.242180E+4	0.000000E+0	0.000000E+0
5.966893E+3	9.928600E-8	1.242180E+4	0.000000E+0	0.000000E+0
5.970891E+3	9.928500E-8	1.242170E+4	0.000000E+0	0.000000E+0
5.974894E+3	9.927800E-8	1.242150E+4	0.000000E+0	0.000000E+0
5.978897E+3	9.927600E-8	1.242140E+4	0.000000E+0	0.000000E+0
5.982896E+3	9.928900E-8	1.242130E+4	0.000000E+0	0.000000E+0
5.986892E+3	9.927800E-8	1.242120E+4	0.000000E+0	0.000000E+0
5.990900E+3	9.928800E-8	1.242110E+4	0.000000E+0	0.000000E+0
5.994889E+3	9.927800E-8	1.242100E+4	0.000000E+0	0.000000E+0
5.998899E+3	9.928300E-8	1.242090E+4	0.000000E+0	0.000000E+0
6.002892E+3	9.928800E-8	1.242090E+4	0.000000E+0	0.000000E+0
6.006900E+3	9.928400E-8	1.242080E+4	0.000000E+0	0.000000E+0
6.010887E+3	9.928200E-8	1.242060E+4	0.000000E+0	0.000000E+0
6.014892E+3	9.928200E-8	1.242050E+4	0.000000E+0	0.000000E+0
6.018894E+3	9.928900E-8	1.242040E+4	0.000000E+0	0.000000E+0
6.022892E+3	9.928600E-8	1.242020E+4	0.000000E+0	0.000000E+0
6.026890E+3	9.928200E-8	1.242020E+4	0.000000E+0	0.000000E+0
6.030893E+3	9.929200E-8	1.242000E+4	0.000000E+0	0.000000E+0
6.034895E+3	9.928700E-8	1.241980E+4	0.000000E+0	0.000000E+0
6.038893E+3	9.928300E-8	1.241950E+4	0.000000E+0	0.000000E+0
6.042895E+3	9.926900E-8	1.241960E+4	0.000000E+0	0.000000E+0
6.046895E+3	9.927500E-8	1.241950E+4	0.000000E+0	0.000000E+0
6.050896E+3	9.929800E-8	1.241950E+4	0.000000E+0	0.000000E+0
6.054894E+3	9.928200E-8	1.241940E+4	0.000000E+0	0.000000E+0
6.058890E+3	9.928800E-8	1.241960E+4	0.000000E+0	0.000000E+0
6.062894E+3	9.927800E-8	1.242010E+4	0.000000E+0	0.000000E+0
6.066893E+3	9.927700E-8	1.242010E+4	0.000000E+0	0.000000E+0
6.070893E+3	9.928900E-8	1.242000E+4	0.000000E+0	0.000000E+0
6.074892E+3	9.929400E-8	1.241960E+4	0.000000E+0	0.000000E+0
6.078894E+3	9.929200E-8	1.241940E+4	0.000000E+0	0.000000E+0
6.082892E+3	9.929100E-8	1.241920E+4	0.000000E+0	0.000000E+0
6.086892E+3	9.930500E-8	1.241920E+4	0.000000E+0	0.000000E+0
6.090894E+3	9.929300E-8	1.241910E+4	0.000000E+0	0.000000E+0
6.094892E+3	9.929900E-8	1.241910E+4	0.000000E+0	0.000000E+0
6.098892E+3	9.930300E-8	1.241900E+4	0.000000E+0	0.000000E+0
6.102892E+3	9.929100E-8	1.241860E+4	0.000000E+0	0.000000E+0
6.106893E+3	9.928200E-8	1.241840E+4	0.000000E+0	0.000000E+0
6.110893E+3	9.928500E-8	1.241820E+4	0.000000E+0	0.000000E+0
6.114895E+3	9.928700E-8	1.241790E+4	0.000000E+0	0.000000E+0
6.118893E+3	9.929600E-8	1.241780E+4	0.000000E+0	0.000000E+0
6.122893E+3	9.929700E-8	1.241780E+4	0.000000E+0	0.000000E+0
6.126895E+3	9.928100E-8	1.241770E+4	0.000000E+0	0.000000E+0
6.130892E+3	9.929200E-8	1.241760E+4	0.000000E+0	0.000000E+0
6.134898E+3	9.929300E-8	1.241770E+4	0.000000E+0	0.000000E+0
6.138893E+3	9.930700E-8	1.241770E+4	0.000000E+0	0.000000E+0
6.142893E+3	9.930800E-8	1.241760E+4	0.000000E+0	0.000000E+0
6.146890E+3	9.930800E-8	1.241750E+4	0.000000E+0	0.000000E+0
6.150899E+3	9.930900E-8	1.241750E+4	0.000000E+0	0.000000E+0
6.154894E+3	9.930200E-8	1.241730E+4	0.000000E+0	0.000000E+0
6.158897E+3	9.930400E-8	1.241720E+4	0.000000E+0	0.000000E+0
6.162891E+3	9.929700E-8	1.241720E+4	0.000000E+0	0.000000E+0
6.166897E+3	9.930400E-8	1.241710E+4	0.000000E+0	0.000000E+0
6.170896E+3	9.930400E-8	1.241700E+4	0.000000E+0	0.000000E+0
6.174894E+3	9.930900E-8	1.241690E+4	0.000000E+0	0.000000E+0
6.178894E+3	9.929700E-8	1.241680E+4	0.000000E+0	0.000000E+0
6.182894E+3	9.929300E-8	1.241670E+4	0.000000E+0	0.000000E+0
6.186894E+3	9.929800E-8	1.241660E+4	0.000000E+0	0.000000E+0
6.190895E+3	9.929000E-8	1.241640E+4	0.000000E+0	0.000000E+0
6.194894E+3	9.930400E-8	1.241630E+4	0.000000E+0	0.000000E+0
6.198894E+3	9.930500E-8	1.241620E+4	0.000000E+0	0.000000E+0
6.202895E+3	9.931000E-8	1.241610E+4	0.000000E+0	0.000000E+0
6.206898E+3	9.931500E-8	1.241590E+4	0.000000E+0	0.000000E+0
6.210890E+3	9.931500E-8	1.241560E+4	0.000000E+0	0.000000E+0
6.214901E+3	9.929800E-8	1.241530E+4	0.000000E+0	0.000000E+0
6.218895E+3	9.931000E-8	1.241500E+4	0.000000E+0	0.000000E+0
6.222896E+3	9.932000E-8	1.241470E+4	0.000000E+0	0.000000E+0
6.226888E+3	9.931000E-8	1.241450E+4	0.000000E+0	0.000000E+0
6.230895E+3	9.930400E-8	1.241460E+4	0.000000E+0	0.000000E+0
6.234895E+3	9.930200E-8	1.241460E+4	0.000000E+0	0.000000E+0
6.238894E+3	9.930800E-8	1.241470E+4	0.000000E+0	0.000000E+0
6.242891E+3	9.931700E-8	1.241490E+4	0.000000E+0	0.000000E+0
6.246895E+3	9.931700E-8	1.241480E+4	0.000000E+0	0.000000E+0
6.250896E+3	9.931100E-8	1.241470E+4	0.000000E+0	0.000000E+0
6.254894E+3	9.931500E-8	1.241440E+4	0.000000E+0	0.000000E+0
6.258892E+3	9.931100E-8	1.241440E+4	0.000000E+0	0.000000E+0
6.262891E+3	9.931900E-8	1.241450E+4	0.000000E+0	0.000000E+0
6.266894E+3	9.932900E-8	1.241470E+4	0.000000E+0	0.000000E+0
6.270897E+3	9.931700E-8	1.241470E+4	0.000000E+0	0.000000E+0
6.274895E+3	9.931300E-8	1.241470E+4	0.000000E+0	0.000000E+0
6.278895E+3	9.931600E-8	1.241440E+4	0.000000E+0	0.000000E+0
6.282895E+3	9.930800E-8	1.241410E+4	0.000000E+0	0.000000E+0
6.286895E+3	9.931900E-8	1.241400E+4	0.000000E+0	0.000000E+0
6.290903E+3	9.933300E-8	1.241370E+4	0.000000E+0	0.000000E+0
6.294877E+3	9.932200E-8	1.241370E+4	0.000000E+0	0.000000E+0
6.298909E+3	9.932300E-8	1.241350E+4	0.000000E+0	0.000000E+0
6.302893E+3	9.933300E-8	1.241350E+4	0.000000E+0	0.000000E+0
6.306898E+3	9.931100E-8	1.241340E+4	0.000000E+0	0.000000E+0
6.310898E+3	9.931100E-8	1.241350E+4	0.000000E+0	0.000000E+0
6.314898E+3	9.932300E-8	1.241350E+4	0.000000E+0	0.000000E+0
6.318891E+3	9.932600E-8	1.241340E+4	0.000000E+0	0.000000E+0
6.322896E+3	9.931600E-8	1.241330E+4	0.000000E+0	0.000000E+0
6.326896E+3	9.932600E-8	1.241320E+4	0.000000E+0	0.000000E+0
6.330894E+3	9.932000E-8	1.241300E+4	0.000000E+0	0.000000E+0
6.334893E+3	9.932800E-8	1.241270E+4	0.000000E+0	0.000000E+0
6.338896E+3	9.933700E-8	1.241260E+4	0.000000E+0	0.000000E+0
6.342897E+3	9.934300E-8	1.241250E+4	0.000000E+0	0.000000E+0
6.346896E+3	9.934300E-8	1.241250E+4	0.000000E+0	0.000000E+0
6.350894E+3	9.931700E-8	1.241240E+4	0.000000E+0	0.000000E+0
6.354892E+3	9.933400E-8	1.241230E+4	0.000000E+0	0.000000E+0
6.358892E+3	9.932900E-8	1.241230E+4	0.000000E+0	0.000000E+0
6.362892E+3	9.934200E-8	1.241230E+4	0.000000E+0	0.000000E+0
6.366892E+3	9.933300E-8	1.241220E+4	0.000000E+0	0.000000E+0
6.370894E+3	9.934300E-8	1.241180E+4	0.000000E+0	0.000000E+0
6.374892E+3	9.934700E-8	1.241170E+4	0.000000E+0	0.000000E+0
6.378895E+3	9.933800E-8	1.241170E+4	0.000000E+0	0.000000E+0
6.382897E+3	9.933700E-8	1.241170E+4	0.000000E+0	0.000000E+0
6.386898E+3	9.934400E-8	1.241150E+4	0.000000E+0	0.000000E+0
6.390897E+3	9.935400E-8	1.241130E+4	0.000000E+0	0.000000E+0
6.394897E+3	9.935000E-8	1.241110E+4	0.000000E+0	0.000000E+0
6.398895E+3	9.934200E-8	1.241090E+4	0.000000E+0	0.000000E+0
6.402893E+3	9.933800E-8	1.241060E+4	0.000000E+0	0.000000E+0
6.406895E+3	9.933800E-8	1.241030E+4	0.000000E+0	0.000000E+0
6.410892E+3	9.934300E-8	1.241010E+4	0.000000E+0	0.000000E+0
6.414893E+3	9.933300E-8	1.240990E+4	0.000000E+0	0.000000E+0
6.418894E+3	9.933800E-8	1.241000E+4	0.000000E+0	0.000000E+0
6.422891E+3	9.934500E-8	1.241000E+4	0.000000E+0	0.000000E+0
6.426898E+3	9.933500E-8	1.241010E+4	0.000000E+0	0.000000E+0
6.430898E+3	9.934600E-8	1.241000E+4	0.000000E+0	0.000000E+0
6.434891E+3	9.934900E-8	1.241000E+4	0.000000E+0	0.000000E+0
6.438889E+3	9.934700E-8	1.240990E+4	0.000000E+0	0.000000E+0
6.442897E+3	9.934300E-8	1.240980E+4	0.000000E+0	0.000000E+0
6.446889E+3	9.933300E-8	1.240970E+4	0.000000E+0	0.000000E+0
6.450897E+3	9.934800E-8	1.240910E+4	0.000000E+0	0.000000E+0
6.454892E+3	9.934000E-8	1.240870E+4	0.000000E+0	0.000000E+0
6.458900E+3	9.934800E-8	1.240830E+4	0.000000E+0	0.000000E+0
6.462897E+3	9.934800E-8	1.240780E+4	0.000000E+0	0.000000E+0
6.466894E+3	9.935100E-8	1.240740E+4	0.000000E+0	0.000000E+0
6.470892E+3	9.935400E-8	1.240710E+4	0.000000E+0	0.000000E+0
6.474892E+3	9.933700E-8	1.240700E+4	0.000000E+0	0.000000E+0
6.478892E+3	9.933300E-8	1.240700E+4	0.000000E+0	0.000000E+0
6.482897E+3	9.933500E-8	1.240690E+4	0.000000E+0	0.000000E+0
6.486892E+3	9.933800E-8	1.240670E+4	0.000000E+0	0.000000E+0
6.490895E+3	9.935000E-8	1.240680E+4	0.000000E+0	0.000000E+0
6.494890E+3	9.933900E-8	1.240690E+4	0.000000E+0	0.000000E+0
6.498893E+3	9.935600E-8	1.240680E+4	0.000000E+0	0.000000E+0
6.502895E+3	9.936100E-8	1.240680E+4	0.000000E+0	0.000000E+0
6.506893E+3	9.935700E-8	1.240670E+4	0.000000E+0	0.000000E+0
6.510893E+3	9.935900E-8	1.240670E+4	0.000000E+0	0.000000E+0
6.514894E+3	9.933900E-8	1.240670E+4	0.000000E+0	0.000000E+0
6.518891E+3	9.935100E-8	1.240650E+4	0.000000E+0	0.000000E+0
6.522899E+3	9.934500E-8	1.240650E+4	0.000000E+0	0.000000E+0
6.526891E+3	9.935100E-8	1.240640E+4	0.000000E+0	0.000000E+0
6.530896E+3	9.935200E-8	1.240610E+4	0.000000E+0	0.000000E+0
6.534894E+3	9.936100E-8	1.240580E+4	0.000000E+0	0.000000E+0
6.538893E+3	9.935200E-8	1.240570E+4	0.000000E+0	0.000000E+0
6.542894E+3	9.934900E-8	1.240540E+4	0.000000E+0	0.000000E+0
6.546894E+3	9.935300E-8	1.240520E+4	0.000000E+0	0.000000E+0
6.550892E+3	9.936500E-8	1.240500E+4	0.000000E+0	0.000000E+0
6.554891E+3	9.935100E-8	1.240480E+4	0.000000E+0	0.000000E+0
6.558894E+3	9.935700E-8	1.240470E+4	0.000000E+0	0.000000E+0
6.562894E+3	9.936600E-8	1.240470E+4	0.000000E+0	0.000000E+0
6.566892E+3	9.937400E-8	1.240480E+4	0.000000E+0	0.000000E+0
6.570898E+3	9.936100E-8	1.240470E+4	0.000000E+0	0.000000E+0
6.574895E+3	9.936200E-8	1.240450E+4	0.000000E+0	0.000000E+0
6.578895E+3	9.935500E-8	1.240450E+4	0.000000E+0	0.000000E+0
6.582895E+3	9.935100E-8	1.240440E+4	0.000000E+0	0.000000E+0
6.586896E+3	9.936400E-8	1.240430E+4	0.000000E+0	0.000000E+0
6.590892E+3	9.936500E-8	1.240410E+4	0.000000E+0	0.000000E+0
6.594893E+3	9.936800E-8	1.240400E+4	0.000000E+0	0.000000E+0
6.598896E+3	9.939200E-8	1.240410E+4	0.000000E+0	0.000000E+0
6.602896E+3	9.936900E-8	1.240400E+4	0.000000E+0	0.000000E+0
6.606893E+3	9.936200E-8	1.240390E+4	0.000000E+0	0.000000E+0
6.610896E+3	9.936900E-8	1.240380E+4	0.000000E+0	0.000000E+0
6.614889E+3	9.938100E-8	1.240360E+4	0.000000E+0	0.000000E+0
6.618895E+3	9.937600E-8	1.240330E+4	0.000000E+0	0.000000E+0
6.622894E+3	9.937800E-8	1.240310E+4	0.000000E+0	0.000000E+0
6.626892E+3	9.937400E-8	1.240290E+4	0.000000E+0	0.000000E+0
6.630892E+3	9.936300E-8	1.240270E+4	0.000000E+0	0.000000E+0
6.634893E+3	9.936900E-8	1.240260E+4	0.000000E+0	0.000000E+0
6.638895E+3	9.937800E-8	1.240260E+4	0.000000E+0	0.000000E+0
6.642895E+3	9.936500E-8	1.240250E+4	0.000000E+0	0.000000E+0
6.646891E+3	9.936000E-8	1.240240E+4	0.000000E+0	0.000000E+0
6.650892E+3	9.938500E-8	1.240230E+4	0.000000E+0	0.000000E+0
6.654895E+3	9.937500E-8	1.240220E+4	0.000000E+0	0.000000E+0
6.658893E+3	9.937200E-8	1.240200E+4	0.000000E+0	0.000000E+0
6.662890E+3	9.937900E-8	1.240180E+4	0.000000E+0	0.000000E+0
6.666894E+3	9.937700E-8	1.240170E+4	0.000000E+0	0.000000E+0
6.670893E+3	9.937500E-8	1.240150E+4	0.000000E+0	0.000000E+0
6.674893E+3	9.938800E-8	1.240140E+4	0.000000E+0	0.000000E+0
6.678895E+3	9.939100E-8	1.240130E+4	0.000000E+0	0.000000E+0
6.682896E+3	9.938300E-8	1.240120E+4	0.000000E+0	0.000000E+0
6.686893E+3	9.937800E-8	1.240120E+4	0.000000E+0	0.000000E+0
6.690895E+3	9.937900E-8	1.240110E+4	0.000000E+0	0.000000E+0
6.694893E+3	9.939100E-8	1.240090E+4	0.000000E+0	0.000000E+0
6.698895E+3	9.939000E-8	1.240060E+4	0.000000E+0	0.000000E+0
6.702896E+3	9.939400E-8	1.240040E+4	0.000000E+0	0.000000E+0
6.706894E+3	9.937600E-8	1.240020E+4	0.000000E+0	0.000000E+0
6.710889E+3	9.938300E-8	1.240020E+4	0.000000E+0	0.000000E+0
6.714901E+3	9.938700E-8	1.240000E+4	0.000000E+0	0.000000E+0
6.718889E+3	9.937500E-8	1.239980E+4	0.000000E+0	0.000000E+0
6.722892E+3	9.938900E-8	1.239980E+4	0.000000E+0	0.000000E+0
6.726891E+3	9.939100E-8	1.239960E+4	0.000000E+0	0.000000E+0
6.730897E+3	9.938100E-8	1.239950E+4	0.000000E+0	0.000000E+0
6.734894E+3	9.938800E-8	1.239940E+4	0.000000E+0	0.000000E+0
6.738892E+3	9.938600E-8	1.239930E+4	0.000000E+0	0.000000E+0
6.742892E+3	9.937900E-8	1.239910E+4	0.000000E+0	0.000000E+0
6.746895E+3	9.939600E-8	1.239900E+4	0.000000E+0	0.000000E+0
6.750892E+3	9.939700E-8	1.239880E+4	0.000000E+0	0.000000E+0
6.754895E+3	9.938800E-8	1.239860E+4	0.000000E+0	0.000000E+0
6.758893E+3	9.940200E-8	1.239850E+4	0.000000E+0	0.000000E+0
6.762893E+3	9.940300E-8	1.239820E+4	0.000000E+0	0.000000E+0
6.766895E+3	9.939400E-8	1.239790E+4	0.000000E+0	0.000000E+0
6.770893E+3	9.939400E-8	1.239770E+4	0.000000E+0	0.000000E+0
6.774893E+3	9.939500E-8	1.239760E+4	0.000000E+0	0.000000E+0
6.778895E+3	9.940900E-8	1.239740E+4	0.000000E+0	0.000000E+0
6.782891E+3	9.940000E-8	1.239720E+4	0.000000E+0	0.000000E+0
6.786893E+3	9.939100E-8	1.239700E+4	0.000000E+0	0.000000E+0
6.790893E+3	9.940800E-8	1.239680E+4	0.000000E+0	0.000000E+0
6.794892E+3	9.940000E-8	1.239670E+4	0.000000E+0	0.000000E+0
6.798893E+3	9.940300E-8	1.239640E+4	0.000000E+0	0.000000E+0
6.802896E+3	9.939900E-8	1.239620E+4	0.000000E+0	0.000000E+0
6.806889E+3	9.940800E-8	1.239600E+4	0.000000E+0	0.000000E+0
6.810897E+3	9.941300E-8	1.239590E+4	0.000000E+0	0.000000E+0
6.814886E+3	9.941400E-8	1.239580E+4	0.000000E+0	0.000000E+0
6.818897E+3	9.940100E-8	1.239560E+4	0.000000E+0	0.000000E+0
6.822889E+3	9.940400E-8	1.239540E+4	0.000000E+0	0.000000E+0
6.826900E+3	9.939600E-8	1.239530E+4	0.000000E+0	0.000000E+0
6.830895E+3	9.939700E-8	1.239520E+4	0.000000E+0	0.000000E+0
6.834898E+3	9.943000E-8	1.239500E+4	0.000000E+0	0.000000E+0
6.838892E+3	9.942300E-8	1.239490E+4	0.000000E+0	0.000000E+0
6.842893E+3	9.939200E-8	1.239470E+4	0.000000E+0	0.000000E+0
6.846892E+3	9.940800E-8	1.239440E+4	0.000000E+0	0.000000E+0
6.850897E+3	9.940700E-8	1.239430E+4	0.000000E+0	0.000000E+0
6.854890E+3	9.939100E-8	1.239420E+4	0.000000E+0	0.000000E+0
6.858894E+3	9.939800E-8	1.239430E+4	0.000000E+0	0.000000E+0
6.862896E+3	9.940400E-8	1.239410E+4	0.000000E+0	0.000000E+0
6.866895E+3	9.942500E-8	1.239410E+4	0.000000E+0	0.000000E+0
6.870890E+3	9.940100E-8	1.239400E+4	0.000000E+0	0.000000E+0
6.874898E+3	9.940900E-8	1.239400E+4	0.000000E+0	0.000000E+0
6.878888E+3	9.940200E-8	1.239400E+4	0.000000E+0	0.000000E+0
6.882895E+3	9.941800E-8	1.239390E+4	0.000000E+0	0.000000E+0
6.886896E+3	9.940600E-8	1.239380E+4	0.000000E+0	0.000000E+0
6.890894E+3	9.940500E-8	1.239350E+4	0.000000E+0	0.000000E+0
6.894894E+3	9.941100E-8	1.239330E+4	0.000000E+0	0.000000E+0
6.898894E+3	9.941800E-8	1.239310E+4	0.000000E+0	0.000000E+0
6.902892E+3	9.940800E-8	1.239290E+4	0.000000E+0	0.000000E+0
6.906896E+3	9.941400E-8	1.239270E+4	0.000000E+0	0.000000E+0
6.910892E+3	9.942300E-8	1.239260E+4	0.000000E+0	0.000000E+0
6.914893E+3	9.942400E-8	1.239230E+4	0.000000E+0	0.000000E+0
6.918894E+3	9.941000E-8	1.239210E+4	0.000000E+0	0.000000E+0
6.922900E+3	9.942000E-8	1.239190E+4	0.000000E+0	0.000000E+0
6.926892E+3	9.942200E-8	1.239160E+4	0.000000E+0	0.000000E+0
6.930893E+3	9.942500E-8	1.239130E+4	0.000000E+0	0.000000E+0
6.934894E+3	9.942000E-8	1.239090E+4	0.000000E+0	0.000000E+0
6.938893E+3	9.942700E-8	1.239080E+4	0.000000E+0	0.000000E+0
6.942893E+3	9.943100E-8	1.239050E+4	0.000000E+0	0.000000E+0
6.946896E+3	9.941800E-8	1.239030E+4	0.000000E+0	0.000000E+0
6.950893E+3	9.942400E-8	1.239010E+4	0.000000E+0	0.000000E+0
6.954895E+3	9.943300E-8	1.239000E+4	0.000000E+0	0.000000E+0
6.958893E+3	9.943600E-8	1.238980E+4	0.000000E+0	0.000000E+0
6.962896E+3	9.942900E-8	1.238970E+4	0.000000E+0	0.000000E+0
6.966893E+3	9.941300E-8	1.238940E+4	0.000000E+0	0.000000E+0
6.970901E+3	9.942600E-8	1.238910E+4	0.000000E+0	0.000000E+0
6.974891E+3	9.943400E-8	1.238880E+4	0.000000E+0	0.000000E+0
6.978894E+3	9.942300E-8	1.238850E+4	0.000000E+0	0.000000E+0
6.982893E+3	9.943600E-8	1.238810E+4	0.000000E+0	0.000000E+0
6.986893E+3	9.942900E-8	1.238790E+4	0.000000E+0	0.000000E+0
6.990888E+3	9.942900E-8	1.238760E+4	0.000000E+0	0.000000E+0
6.994900E+3	9.943400E-8	1.238730E+4	0.000000E+0	0.000000E+0
6.998896E+3	9.942600E-8	1.238750E+4	0.000000E+0	0.000000E+0
7.002892E+3	9.942900E-8	1.238770E+4	0.000000E+0	0.000000E+0
7.006889E+3	9.943700E-8	1.238790E+4	0.000000E+0	0.000000E+0
7.010892E+3	9.942500E-8	1.238800E+4	0.000000E+0	0.000000E+0
7.014892E+3	9.943700E-8	1.238800E+4	0.000000E+0	0.000000E+0
7.018897E+3	9.943700E-8	1.238800E+4	0.000000E+0	0.000000E+0
7.022892E+3	9.943400E-8	1.238800E+4	0.000000E+0	0.000000E+0
7.026891E+3	9.944300E-8	1.238800E+4	0.000000E+0	0.000000E+0
7.030893E+3	9.944000E-8	1.238770E+4	0.000000E+0	0.000000E+0
7.034895E+3	9.943000E-8	1.238730E+4	0.000000E+0	0.000000E+0
7.038895E+3	9.943900E-8	1.238710E+4	0.000000E+0	0.000000E+0
7.042893E+3	9.942500E-8	1.238690E+4	0.000000E+0	0.000000E+0
7.046892E+3	9.942700E-8	1.238690E+4	0.000000E+0	0.000000E+0
7.050896E+3	9.943700E-8	1.238680E+4	0.000000E+0	0.000000E+0
7.054890E+3	9.943900E-8	1.238660E+4	0.000000E+0	0.000000E+0
7.058898E+3	9.943800E-8	1.238640E+4	0.000000E+0	0.000000E+0
7.062894E+3	9.941800E-8	1.238630E+4	0.000000E+0	0.000000E+0
7.066894E+3	9.943400E-8	1.238600E+4	0.000000E+0	0.000000E+0
7.070888E+3	9.942900E-8	1.238580E+4	0.000000E+0	0.000000E+0
7.074894E+3	9.943600E-8	1.238540E+4	0.000000E+0	0.000000E+0
7.078894E+3	9.943300E-8	1.238510E+4	0.000000E+0	0.000000E+0
7.082894E+3	9.943800E-8	1.238470E+4	0.000000E+0	0.000000E+0
7.086891E+3	9.942900E-8	1.238450E+4	0.000000E+0	0.000000E+0
7.090896E+3	9.943600E-8	1.238440E+4	0.000000E+0	0.000000E+0
7.094891E+3	9.942600E-8	1.238430E+4	0.000000E+0	0.000000E+0
7.098897E+3	9.943600E-8	1.238430E+4	0.000000E+0	0.000000E+0
7.102889E+3	9.942900E-8	1.238420E+4	0.000000E+0	0.000000E+0
7.106894E+3	9.943600E-8	1.238420E+4	0.000000E+0	0.000000E+0
7.110890E+3	9.943700E-8	1.238420E+4	0.000000E+0	0.000000E+0
7.114897E+3	9.943600E-8	1.238430E+4	0.000000E+0	0.000000E+0
7.118887E+3	9.944200E-8	1.238430E+4	0.000000E+0	0.000000E+0
7.122895E+3	9.944000E-8	1.238400E+4	0.000000E+0	0.000000E+0
7.126890E+3	9.944600E-8	1.238380E+4	0.000000E+0	0.000000E+0
7.130895E+3	9.944500E-8	1.238360E+4	0.000000E+0	0.000000E+0
7.134888E+3	9.944700E-8	1.238350E+4	0.000000E+0	0.000000E+0
7.138896E+3	9.944900E-8	1.238370E+4	0.000000E+0	0.000000E+0
7.142893E+3	9.944800E-8	1.238220E+4	0.000000E+0	0.000000E+0
7.146893E+3	9.944300E-8	1.238200E+4	0.000000E+0	0.000000E+0
7.150888E+3	9.944200E-8	1.238190E+4	0.000000E+0	0.000000E+0
7.154900E+3	9.944300E-8	1.238180E+4	0.000000E+0	0.000000E+0
7.158896E+3	9.945800E-8	1.238170E+4	0.000000E+0	0.000000E+0
7.162896E+3	9.945400E-8	1.238180E+4	0.000000E+0	0.000000E+0
7.166889E+3	9.946400E-8	1.238190E+4	0.000000E+0	0.000000E+0
7.170894E+3	9.945100E-8	1.238190E+4	0.000000E+0	0.000000E+0
7.174896E+3	9.945400E-8	1.238190E+4	0.000000E+0	0.000000E+0
7.178894E+3	9.945000E-8	1.238190E+4	0.000000E+0	0.000000E+0
7.182891E+3	9.946300E-8	1.238180E+4	0.000000E+0	0.000000E+0
7.186899E+3	9.946900E-8	1.238160E+4	0.000000E+0	0.000000E+0
7.190894E+3	9.946900E-8	1.238140E+4	0.000000E+0	0.000000E+0
7.194897E+3	9.945500E-8	1.238130E+4	0.000000E+0	0.000000E+0
7.198889E+3	9.944600E-8	1.238100E+4	0.000000E+0	0.000000E+0
7.202900E+3	9.945000E-8	1.238090E+4	0.000000E+0	0.000000E+0
7.206895E+3	9.946900E-8	1.238090E+4	0.000000E+0	0.000000E+0
7.210890E+3	9.945900E-8	1.238070E+4	0.000000E+0	0.000000E+0
7.214890E+3	9.946500E-8	1.238070E+4	0.000000E+0	0.000000E+0
7.218892E+3	9.947700E-8	1.238060E+4	0.000000E+0	0.000000E+0
7.222890E+3	9.947600E-8	1.238050E+4	0.000000E+0	0.000000E+0
7.226893E+3	9.946300E-8	1.238040E+4	0.000000E+0	0.000000E+0
7.230892E+3	9.947600E-8	1.238030E+4	0.000000E+0	0.000000E+0
7.234895E+3	9.946500E-8	1.238010E+4	0.000000E+0	0.000000E+0
7.238891E+3	9.945800E-8	1.238000E+4	0.000000E+0	0.000000E+0
7.242896E+3	9.946800E-8	1.237990E+4	0.000000E+0	0.000000E+0
7.246893E+3	9.947800E-8	1.237960E+4	0.000000E+0	0.000000E+0
7.250893E+3	9.948300E-8	1.237960E+4	0.000000E+0	0.000000E+0
7.254891E+3	9.946700E-8	1.237950E+4	0.000000E+0	0.000000E+0
