
Medición hecha el 2026-09-18  07:43 p.m.

Medición de corriente y tensión en el tiempo con posibilidad de inyectar corriente.
Tiempo	Corriente	Tensión
3.352000E+0	1.013820E-4	1.289330E+4	0.000000E+0	0.000000E+0
8.147000E+0	1.014810E-4	1.289290E+4	0.000000E+0	0.000000E+0
1.192100E+1	1.015610E-4	1.289260E+4	0.000000E+0	0.000000E+0
1.593200E+1	1.018980E-4	1.289230E+4	0.000000E+0	0.000000E+0
1.993200E+1	1.019750E-4	1.289190E+4	0.000000E+0	0.000000E+0
2.393100E+1	1.017980E-4	1.289160E+4	0.000000E+0	0.000000E+0
2.793200E+1	1.019270E-4	1.289120E+4	0.000000E+0	0.000000E+0
3.193500E+1	1.016950E-4	1.289080E+4	0.000000E+0	0.000000E+0
3.593500E+1	1.017770E-4	1.289040E+4	0.000000E+0	0.000000E+0
3.993400E+1	1.017860E-4	1.289010E+4	0.000000E+0	0.000000E+0
4.393200E+1	1.018100E-4	1.288960E+4	0.000000E+0	0.000000E+0
4.793400E+1	1.018240E-4	1.288930E+4	0.000000E+0	0.000000E+0
5.193300E+1	1.018140E-4	1.288880E+4	0.000000E+0	0.000000E+0
5.593600E+1	1.018580E-4	1.288860E+4	0.000000E+0	0.000000E+0
5.993000E+1	1.017510E-4	1.288830E+4	0.000000E+0	0.000000E+0
6.393500E+1	1.017150E-4	1.288790E+4	0.000000E+0	0.000000E+0
6.793300E+1	1.017410E-4	1.288760E+4	0.000000E+0	0.000000E+0
7.193300E+1	1.017220E-4	1.288730E+4	0.000000E+0	0.000000E+0
7.593100E+1	1.016850E-4	1.288700E+4	0.000000E+0	0.000000E+0
7.993400E+1	1.018630E-4	1.288640E+4	0.000000E+0	0.000000E+0
8.393100E+1	1.019230E-4	1.288610E+4	0.000000E+0	0.000000E+0
8.793300E+1	1.016160E-4	1.288570E+4	0.000000E+0	0.000000E+0
9.193100E+1	1.015860E-4	1.288540E+4	0.000000E+0	0.000000E+0
9.594000E+1	1.018430E-4	1.288500E+4	0.000000E+0	0.000000E+0
9.993400E+1	1.020030E-4	1.288470E+4	0.000000E+0	0.000000E+0
1.039340E+2	1.020680E-4	1.288430E+4	0.000000E+0	0.000000E+0
1.079320E+2	1.018010E-4	1.288390E+4	0.000000E+0	0.000000E+0
1.119340E+2	1.020950E-4	1.288350E+4	0.000000E+0	0.000000E+0
1.159350E+2	1.018650E-4	1.288320E+4	0.000000E+0	0.000000E+0
1.199340E+2	1.018110E-4	1.288270E+4	0.000000E+0	0.000000E+0
1.239330E+2	1.017940E-4	1.288240E+4	0.000000E+0	0.000000E+0
1.279340E+2	1.019230E-4	1.288210E+4	0.000000E+0	0.000000E+0
1.319330E+2	1.018750E-4	1.288170E+4	0.000000E+0	0.000000E+0
1.359330E+2	1.018220E-4	1.288130E+4	0.000000E+0	0.000000E+0
1.399330E+2	1.018920E-4	1.288100E+4	0.000000E+0	0.000000E+0
1.439380E+2	1.021380E-4	1.288040E+4	0.000000E+0	0.000000E+0
1.479330E+2	1.021510E-4	1.288020E+4	0.000000E+0	0.000000E+0
1.519340E+2	1.021860E-4	1.287980E+4	0.000000E+0	0.000000E+0
1.559310E+2	1.021970E-4	1.287960E+4	0.000000E+0	0.000000E+0
1.599340E+2	1.022500E-4	1.287910E+4	0.000000E+0	0.000000E+0
1.639360E+2	1.021550E-4	1.287870E+4	0.000000E+0	0.000000E+0
1.679330E+2	1.021670E-4	1.287850E+4	0.000000E+0	0.000000E+0
1.719290E+2	1.022660E-4	1.287810E+4	0.000000E+0	0.000000E+0
1.759370E+2	1.023050E-4	1.287760E+4	0.000000E+0	0.000000E+0
1.799360E+2	1.022610E-4	1.287740E+4	0.000000E+0	0.000000E+0
1.839350E+2	1.022480E-4	1.287700E+4	0.000000E+0	0.000000E+0
1.879320E+2	1.022270E-4	1.287670E+4	0.000000E+0	0.000000E+0
1.919370E+2	1.023380E-4	1.287640E+4	0.000000E+0	0.000000E+0
1.959350E+2	1.022610E-4	1.287600E+4	0.000000E+0	0.000000E+0
1.999380E+2	1.023000E-4	1.287560E+4	0.000000E+0	0.000000E+0
2.039350E+2	1.023570E-4	1.287520E+4	0.000000E+0	0.000000E+0
2.079380E+2	1.023620E-4	1.287490E+4	0.000000E+0	0.000000E+0
2.119320E+2	1.021570E-4	1.287460E+4	0.000000E+0	0.000000E+0
2.159360E+2	1.023620E-4	1.287420E+4	0.000000E+0	0.000000E+0
2.199330E+2	1.023640E-4	1.287390E+4	0.000000E+0	0.000000E+0
2.239330E+2	1.023920E-4	1.287350E+4	0.000000E+0	0.000000E+0
2.279300E+2	1.023210E-4	1.287320E+4	0.000000E+0	0.000000E+0
2.319360E+2	1.023070E-4	1.287290E+4	0.000000E+0	0.000000E+0
2.359360E+2	1.022850E-4	1.287260E+4	0.000000E+0	0.000000E+0
2.399330E+2	1.024680E-4	1.287210E+4	0.000000E+0	0.000000E+0
2.439310E+2	1.024260E-4	1.287190E+4	0.000000E+0	0.000000E+0
2.479340E+2	1.023430E-4	1.287150E+4	0.000000E+0	0.000000E+0
2.519320E+2	1.023180E-4	1.287110E+4	0.000000E+0	0.000000E+0
2.559310E+2	1.023740E-4	1.287090E+4	0.000000E+0	0.000000E+0
2.599310E+2	1.022900E-4	1.287060E+4	0.000000E+0	0.000000E+0
2.639320E+2	1.021560E-4	1.287040E+4	0.000000E+0	0.000000E+0
2.679310E+2	1.024210E-4	1.287000E+4	0.000000E+0	0.000000E+0
2.719350E+2	1.026590E-4	1.286950E+4	0.000000E+0	0.000000E+0
2.759320E+2	1.023710E-4	1.286910E+4	0.000000E+0	0.000000E+0
2.799330E+2	1.023170E-4	1.286890E+4	0.000000E+0	0.000000E+0
2.839330E+2	1.023010E-4	1.286850E+4	0.000000E+0	0.000000E+0
2.879330E+2	1.022590E-4	1.286820E+4	0.000000E+0	0.000000E+0
2.919320E+2	1.024110E-4	1.286800E+4	0.000000E+0	0.000000E+0
2.959330E+2	1.022530E-4	1.286770E+4	0.000000E+0	0.000000E+0
2.999310E+2	1.024640E-4	1.286740E+4	0.000000E+0	0.000000E+0
3.039290E+2	1.024980E-4	1.286710E+4	0.000000E+0	0.000000E+0
3.079310E+2	1.024860E-4	1.286670E+4	0.000000E+0	0.000000E+0
3.119260E+2	1.023010E-4	1.286650E+4	0.000000E+0	0.000000E+0
3.159310E+2	1.023280E-4	1.286620E+4	0.000000E+0	0.000000E+0
3.199320E+2	1.023700E-4	1.286580E+4	0.000000E+0	0.000000E+0
3.239330E+2	1.023280E-4	1.286550E+4	0.000000E+0	0.000000E+0
3.279280E+2	1.023920E-4	1.286520E+4	0.000000E+0	0.000000E+0
3.319340E+2	1.025180E-4	1.286480E+4	0.000000E+0	0.000000E+0
3.359340E+2	1.024700E-4	1.286460E+4	0.000000E+0	0.000000E+0
3.399320E+2	1.025130E-4	1.286430E+4	0.000000E+0	0.000000E+0
3.439270E+2	1.023450E-4	1.286390E+4	0.000000E+0	0.000000E+0
3.479290E+2	1.022870E-4	1.286360E+4	0.000000E+0	0.000000E+0
3.519300E+2	1.023520E-4	1.286340E+4	0.000000E+0	0.000000E+0
3.559350E+2	1.023160E-4	1.286300E+4	0.000000E+0	0.000000E+0
3.599330E+2	1.022090E-4	1.286270E+4	0.000000E+0	0.000000E+0
3.639330E+2	1.022010E-4	1.286250E+4	0.000000E+0	0.000000E+0
3.679280E+2	1.022270E-4	1.286210E+4	0.000000E+0	0.000000E+0
3.719330E+2	1.022500E-4	1.286180E+4	0.000000E+0	0.000000E+0
3.759310E+2	1.022870E-4	1.286140E+4	0.000000E+0	0.000000E+0
3.799350E+2	1.022690E-4	1.286110E+4	0.000000E+0	0.000000E+0
3.839330E+2	1.022500E-4	1.286060E+4	0.000000E+0	0.000000E+0
3.879330E+2	1.023320E-4	1.286050E+4	0.000000E+0	0.000000E+0
3.919330E+2	1.022880E-4	1.286020E+4	0.000000E+0	0.000000E+0
3.959330E+2	1.022760E-4	1.285980E+4	0.000000E+0	0.000000E+0
3.999280E+2	1.023090E-4	1.285960E+4	0.000000E+0	0.000000E+0
4.039310E+2	1.023850E-4	1.285930E+4	0.000000E+0	0.000000E+0
4.079290E+2	1.022590E-4	1.285890E+4	0.000000E+0	0.000000E+0
4.119310E+2	1.020250E-4	1.285880E+4	0.000000E+0	0.000000E+0
4.159310E+2	1.020360E-4	1.285840E+4	0.000000E+0	0.000000E+0
4.199310E+2	1.020650E-4	1.285810E+4	0.000000E+0	0.000000E+0
4.239340E+2	1.020510E-4	1.285770E+4	0.000000E+0	0.000000E+0
4.279300E+2	1.021140E-4	1.285730E+4	0.000000E+0	0.000000E+0
4.319320E+2	1.020370E-4	1.285690E+4	0.000000E+0	0.000000E+0
4.359300E+2	1.021180E-4	1.285660E+4	0.000000E+0	0.000000E+0
4.399300E+2	1.020890E-4	1.285630E+4	0.000000E+0	0.000000E+0
4.439300E+2	1.021200E-4	1.285590E+4	0.000000E+0	0.000000E+0
4.479320E+2	1.021600E-4	1.285530E+4	0.000000E+0	0.000000E+0
4.519310E+2	1.020840E-4	1.285480E+4	0.000000E+0	0.000000E+0
4.559300E+2	1.020350E-4	1.285460E+4	0.000000E+0	0.000000E+0
4.599300E+2	1.021690E-4	1.285420E+4	0.000000E+0	0.000000E+0
4.639310E+2	1.020790E-4	1.285390E+4	0.000000E+0	0.000000E+0
4.679340E+2	1.020540E-4	1.285350E+4	0.000000E+0	0.000000E+0
4.719250E+2	1.022880E-4	1.285330E+4	0.000000E+0	0.000000E+0
4.759330E+2	1.020810E-4	1.285300E+4	0.000000E+0	0.000000E+0
4.799290E+2	1.019820E-4	1.285260E+4	0.000000E+0	0.000000E+0
4.839270E+2	1.019610E-4	1.285230E+4	0.000000E+0	0.000000E+0
4.879260E+2	1.020070E-4	1.285190E+4	0.000000E+0	0.000000E+0
4.919310E+2	1.020210E-4	1.285160E+4	0.000000E+0	0.000000E+0
4.959320E+2	1.019190E-4	1.285120E+4	0.000000E+0	0.000000E+0
4.999320E+2	1.018900E-4	1.285090E+4	0.000000E+0	0.000000E+0
5.039300E+2	1.019940E-4	1.285060E+4	0.000000E+0	0.000000E+0
5.079320E+2	1.020030E-4	1.285030E+4	0.000000E+0	0.000000E+0
5.119290E+2	1.019710E-4	1.285000E+4	0.000000E+0	0.000000E+0
5.159320E+2	1.020800E-4	1.284980E+4	0.000000E+0	0.000000E+0
5.199290E+2	1.020270E-4	1.284940E+4	0.000000E+0	0.000000E+0
5.239280E+2	1.018670E-4	1.284910E+4	0.000000E+0	0.000000E+0
5.279390E+2	1.019670E-4	1.284890E+4	0.000000E+0	0.000000E+0
5.319310E+2	1.019260E-4	1.284860E+4	0.000000E+0	0.000000E+0
5.359360E+2	1.019180E-4	1.284840E+4	0.000000E+0	0.000000E+0
5.399340E+2	1.018870E-4	1.284810E+4	0.000000E+0	0.000000E+0
5.439300E+2	1.018580E-4	1.284780E+4	0.000000E+0	0.000000E+0
5.479320E+2	1.018800E-4	1.284750E+4	0.000000E+0	0.000000E+0
5.519360E+2	1.018360E-4	1.284710E+4	0.000000E+0	0.000000E+0
5.559290E+2	1.018660E-4	1.284690E+4	0.000000E+0	0.000000E+0
5.599310E+2	1.018310E-4	1.284650E+4	0.000000E+0	0.000000E+0
5.639290E+2	1.019280E-4	1.284630E+4	0.000000E+0	0.000000E+0
5.679300E+2	1.018710E-4	1.284600E+4	0.000000E+0	0.000000E+0
5.719340E+2	1.018190E-4	1.284560E+4	0.000000E+0	0.000000E+0
5.759340E+2	1.019110E-4	1.284540E+4	0.000000E+0	0.000000E+0
5.799320E+2	1.018500E-4	1.284510E+4	0.000000E+0	0.000000E+0
5.839270E+2	1.018710E-4	1.284480E+4	0.000000E+0	0.000000E+0
5.879300E+2	1.019280E-4	1.284450E+4	0.000000E+0	0.000000E+0
5.919300E+2	1.020500E-4	1.284430E+4	0.000000E+0	0.000000E+0
5.959320E+2	1.020470E-4	1.284400E+4	0.000000E+0	0.000000E+0
5.999310E+2	1.018850E-4	1.284370E+4	0.000000E+0	0.000000E+0
6.039320E+2	1.018880E-4	1.284350E+4	0.000000E+0	0.000000E+0
6.079300E+2	1.020140E-4	1.284310E+4	0.000000E+0	0.000000E+0
6.119330E+2	1.018870E-4	1.284290E+4	0.000000E+0	0.000000E+0
6.159310E+2	1.019010E-4	1.284250E+4	0.000000E+0	0.000000E+0
6.199310E+2	1.020610E-4	1.284230E+4	0.000000E+0	0.000000E+0
6.239300E+2	1.018850E-4	1.284210E+4	0.000000E+0	0.000000E+0
6.279280E+2	1.017820E-4	1.284180E+4	0.000000E+0	0.000000E+0
6.319300E+2	1.018930E-4	1.284150E+4	0.000000E+0	0.000000E+0
6.359360E+2	1.018540E-4	1.284120E+4	0.000000E+0	0.000000E+0
6.399290E+2	1.017880E-4	1.284100E+4	0.000000E+0	0.000000E+0
6.439290E+2	1.018190E-4	1.284080E+4	0.000000E+0	0.000000E+0
6.479320E+2	1.017880E-4	1.284060E+4	0.000000E+0	0.000000E+0
6.519320E+2	1.017840E-4	1.284030E+4	0.000000E+0	0.000000E+0
6.559340E+2	1.018530E-4	1.284000E+4	0.000000E+0	0.000000E+0
6.599320E+2	1.017890E-4	1.283970E+4	0.000000E+0	0.000000E+0
6.639320E+2	1.016860E-4	1.283950E+4	0.000000E+0	0.000000E+0
6.679350E+2	1.019170E-4	1.283920E+4	0.000000E+0	0.000000E+0
6.719350E+2	1.018220E-4	1.283890E+4	0.000000E+0	0.000000E+0
6.759300E+2	1.017860E-4	1.283860E+4	0.000000E+0	0.000000E+0
6.799350E+2	1.018360E-4	1.283850E+4	0.000000E+0	0.000000E+0
6.839280E+2	1.018830E-4	1.283810E+4	0.000000E+0	0.000000E+0
6.879330E+2	1.017080E-4	1.283790E+4	0.000000E+0	0.000000E+0
6.919350E+2	1.017680E-4	1.283730E+4	0.000000E+0	0.000000E+0
6.959310E+2	1.017020E-4	1.283710E+4	0.000000E+0	0.000000E+0
6.999300E+2	1.017700E-4	1.283670E+4	0.000000E+0	0.000000E+0
7.039390E+2	1.018170E-4	1.283650E+4	0.000000E+0	0.000000E+0
7.079360E+2	1.017930E-4	1.283620E+4	0.000000E+0	0.000000E+0
7.119330E+2	1.018440E-4	1.283590E+4	0.000000E+0	0.000000E+0
7.159310E+2	1.018030E-4	1.283550E+4	0.000000E+0	0.000000E+0
7.199320E+2	1.017520E-4	1.283550E+4	0.000000E+0	0.000000E+0
7.239320E+2	1.018510E-4	1.283500E+4	0.000000E+0	0.000000E+0
7.279350E+2	1.018210E-4	1.283470E+4	0.000000E+0	0.000000E+0
7.319290E+2	1.017810E-4	1.283450E+4	0.000000E+0	0.000000E+0
7.359310E+2	1.018640E-4	1.283410E+4	0.000000E+0	0.000000E+0
7.399390E+2	1.016530E-4	1.283380E+4	0.000000E+0	0.000000E+0
7.439300E+2	1.016440E-4	1.283350E+4	0.000000E+0	0.000000E+0
7.479300E+2	1.017860E-4	1.283320E+4	0.000000E+0	0.000000E+0
7.519320E+2	1.019190E-4	1.283300E+4	0.000000E+0	0.000000E+0
7.559330E+2	1.019460E-4	1.283280E+4	0.000000E+0	0.000000E+0
7.599340E+2	1.017260E-4	1.283240E+4	0.000000E+0	0.000000E+0
7.639330E+2	1.017470E-4	1.283220E+4	0.000000E+0	0.000000E+0
7.679360E+2	1.018770E-4	1.283190E+4	0.000000E+0	0.000000E+0
7.719350E+2	1.017240E-4	1.283160E+4	0.000000E+0	0.000000E+0
7.759330E+2	1.017970E-4	1.283140E+4	0.000000E+0	0.000000E+0
7.799330E+2	1.015500E-4	1.283120E+4	0.000000E+0	0.000000E+0
7.839310E+2	1.010160E-4	1.283080E+4	0.000000E+0	0.000000E+0
7.879280E+2	1.010520E-4	1.283060E+4	0.000000E+0	0.000000E+0
7.919320E+2	1.009660E-4	1.283030E+4	0.000000E+0	0.000000E+0
7.959310E+2	1.011250E-4	1.283000E+4	0.000000E+0	0.000000E+0
7.999290E+2	1.011510E-4	1.282970E+4	0.000000E+0	0.000000E+0
8.039320E+2	1.012280E-4	1.282940E+4	0.000000E+0	0.000000E+0
8.079320E+2	1.010420E-4	1.282920E+4	0.000000E+0	0.000000E+0
8.119340E+2	1.011140E-4	1.282890E+4	0.000000E+0	0.000000E+0
8.159320E+2	1.012830E-4	1.282860E+4	0.000000E+0	0.000000E+0
8.199340E+2	1.012170E-4	1.282830E+4	0.000000E+0	0.000000E+0
8.239320E+2	1.010430E-4	1.282800E+4	0.000000E+0	0.000000E+0
8.279300E+2	1.011040E-4	1.282760E+4	0.000000E+0	0.000000E+0
8.319400E+2	1.011560E-4	1.282740E+4	0.000000E+0	0.000000E+0
8.359270E+2	1.011480E-4	1.282710E+4	0.000000E+0	0.000000E+0
8.399330E+2	1.011510E-4	1.282690E+4	0.000000E+0	0.000000E+0
8.439330E+2	1.011660E-4	1.282660E+4	0.000000E+0	0.000000E+0
8.479300E+2	1.010950E-4	1.282630E+4	0.000000E+0	0.000000E+0
8.519300E+2	1.010460E-4	1.282600E+4	0.000000E+0	0.000000E+0
8.559310E+2	1.010870E-4	1.282580E+4	0.000000E+0	0.000000E+0
8.599280E+2	1.011440E-4	1.282550E+4	0.000000E+0	0.000000E+0
8.639280E+2	1.011510E-4	1.282520E+4	0.000000E+0	0.000000E+0
8.679290E+2	1.011420E-4	1.282490E+4	0.000000E+0	0.000000E+0
8.719340E+2	1.010540E-4	1.282470E+4	0.000000E+0	0.000000E+0
8.759340E+2	1.013920E-4	1.282430E+4	0.000000E+0	0.000000E+0
8.799310E+2	1.011460E-4	1.282400E+4	0.000000E+0	0.000000E+0
8.839290E+2	1.011300E-4	1.282370E+4	0.000000E+0	0.000000E+0
8.879270E+2	1.010990E-4	1.282340E+4	0.000000E+0	0.000000E+0
8.919330E+2	1.011560E-4	1.282300E+4	0.000000E+0	0.000000E+0
8.959320E+2	1.011230E-4	1.282270E+4	0.000000E+0	0.000000E+0
8.999320E+2	1.011730E-4	1.282220E+4	0.000000E+0	0.000000E+0
9.039300E+2	1.012060E-4	1.282180E+4	0.000000E+0	0.000000E+0
9.079290E+2	1.012540E-4	1.282150E+4	0.000000E+0	0.000000E+0
9.119330E+2	1.012140E-4	1.282100E+4	0.000000E+0	0.000000E+0
9.159280E+2	1.012240E-4	1.282050E+4	0.000000E+0	0.000000E+0
9.199320E+2	1.013080E-4	1.282020E+4	0.000000E+0	0.000000E+0
9.239280E+2	1.013190E-4	1.281990E+4	0.000000E+0	0.000000E+0
9.279300E+2	1.013100E-4	1.281960E+4	0.000000E+0	0.000000E+0
9.319330E+2	1.012290E-4	1.281920E+4	0.000000E+0	0.000000E+0
9.359330E+2	1.011460E-4	1.281890E+4	0.000000E+0	0.000000E+0
9.399310E+2	1.010880E-4	1.281850E+4	0.000000E+0	0.000000E+0
9.439290E+2	1.012490E-4	1.281820E+4	0.000000E+0	0.000000E+0
9.479290E+2	1.013430E-4	1.281780E+4	0.000000E+0	0.000000E+0
9.519260E+2	1.013210E-4	1.281750E+4	0.000000E+0	0.000000E+0
9.559340E+2	1.011310E-4	1.281720E+4	0.000000E+0	0.000000E+0
9.599320E+2	1.012150E-4	1.281690E+4	0.000000E+0	0.000000E+0
9.639310E+2	1.012800E-4	1.281650E+4	0.000000E+0	0.000000E+0
9.679320E+2	1.012550E-4	1.281630E+4	0.000000E+0	0.000000E+0
9.719270E+2	1.012410E-4	1.281590E+4	0.000000E+0	0.000000E+0
9.759300E+2	1.012360E-4	1.281560E+4	0.000000E+0	0.000000E+0
9.799270E+2	1.011890E-4	1.281540E+4	0.000000E+0	0.000000E+0
9.839330E+2	1.011480E-4	1.281510E+4	0.000000E+0	0.000000E+0
9.879330E+2	1.012040E-4	1.281490E+4	0.000000E+0	0.000000E+0
9.919290E+2	1.012230E-4	1.281450E+4	0.000000E+0	0.000000E+0
9.959280E+2	1.012630E-4	1.281420E+4	0.000000E+0	0.000000E+0
9.999280E+2	1.011860E-4	1.281390E+4	0.000000E+0	0.000000E+0
1.003928E+3	1.011460E-4	1.281370E+4	0.000000E+0	0.000000E+0
1.007932E+3	1.012090E-4	1.281340E+4	0.000000E+0	0.000000E+0
1.011931E+3	1.012270E-4	1.281310E+4	0.000000E+0	0.000000E+0
1.015928E+3	1.010910E-4	1.281290E+4	0.000000E+0	0.000000E+0
1.019928E+3	1.012290E-4	1.281260E+4	0.000000E+0	0.000000E+0
1.023928E+3	1.013190E-4	1.281220E+4	0.000000E+0	0.000000E+0
1.027931E+3	1.012700E-4	1.281200E+4	0.000000E+0	0.000000E+0
1.031931E+3	1.012030E-4	1.281180E+4	0.000000E+0	0.000000E+0
1.035931E+3	1.012450E-4	1.281160E+4	0.000000E+0	0.000000E+0
1.039930E+3	1.012310E-4	1.281140E+4	0.000000E+0	0.000000E+0
1.043934E+3	1.011100E-4	1.281100E+4	0.000000E+0	0.000000E+0
1.047934E+3	1.011340E-4	1.281090E+4	0.000000E+0	0.000000E+0
1.051934E+3	1.011550E-4	1.281070E+4	0.000000E+0	0.000000E+0
1.055931E+3	1.011970E-4	1.281040E+4	0.000000E+0	0.000000E+0
1.059934E+3	1.012920E-4	1.281020E+4	0.000000E+0	0.000000E+0
1.063934E+3	1.012570E-4	1.280990E+4	0.000000E+0	0.000000E+0
1.067930E+3	1.011470E-4	1.280960E+4	0.000000E+0	0.000000E+0
1.071933E+3	1.012380E-4	1.280940E+4	0.000000E+0	0.000000E+0
1.075935E+3	1.013230E-4	1.280920E+4	0.000000E+0	0.000000E+0
1.079932E+3	1.012580E-4	1.280880E+4	0.000000E+0	0.000000E+0
1.083931E+3	1.011780E-4	1.280870E+4	0.000000E+0	0.000000E+0
1.087933E+3	1.012130E-4	1.280840E+4	0.000000E+0	0.000000E+0
1.091931E+3	1.012290E-4	1.280820E+4	0.000000E+0	0.000000E+0
1.095933E+3	1.013310E-4	1.280800E+4	0.000000E+0	0.000000E+0
1.099930E+3	1.013610E-4	1.280760E+4	0.000000E+0	0.000000E+0
1.103934E+3	1.013310E-4	1.280720E+4	0.000000E+0	0.000000E+0
1.107931E+3	1.011650E-4	1.280710E+4	0.000000E+0	0.000000E+0
1.111933E+3	1.012420E-4	1.280660E+4	0.000000E+0	0.000000E+0
1.115931E+3	1.014270E-4	1.280640E+4	0.000000E+0	0.000000E+0
1.119932E+3	1.014450E-4	1.280610E+4	0.000000E+0	0.000000E+0
1.123932E+3	1.014850E-4	1.280580E+4	0.000000E+0	0.000000E+0
1.127934E+3	1.012850E-4	1.280560E+4	0.000000E+0	0.000000E+0
1.131934E+3	1.013610E-4	1.280530E+4	0.000000E+0	0.000000E+0
1.135930E+3	1.012560E-4	1.280490E+4	0.000000E+0	0.000000E+0
1.139934E+3	1.013420E-4	1.280480E+4	0.000000E+0	0.000000E+0
1.143933E+3	1.012540E-4	1.280450E+4	0.000000E+0	0.000000E+0
1.147930E+3	1.013970E-4	1.280420E+4	0.000000E+0	0.000000E+0
1.151933E+3	1.013840E-4	1.280390E+4	0.000000E+0	0.000000E+0
1.155932E+3	1.014010E-4	1.280370E+4	0.000000E+0	0.000000E+0
1.159932E+3	1.012600E-4	1.280340E+4	0.000000E+0	0.000000E+0
1.163935E+3	1.012620E-4	1.280320E+4	0.000000E+0	0.000000E+0
1.167930E+3	1.011360E-4	1.280300E+4	0.000000E+0	0.000000E+0
1.171931E+3	1.012320E-4	1.280260E+4	0.000000E+0	0.000000E+0
1.175934E+3	1.010860E-4	1.280240E+4	0.000000E+0	0.000000E+0
1.179930E+3	1.012180E-4	1.280210E+4	0.000000E+0	0.000000E+0
1.183939E+3	1.011320E-4	1.280190E+4	0.000000E+0	0.000000E+0
1.187936E+3	1.011220E-4	1.280160E+4	0.000000E+0	0.000000E+0
1.191934E+3	1.011830E-4	1.280130E+4	0.000000E+0	0.000000E+0
1.195931E+3	1.014050E-4	1.280100E+4	0.000000E+0	0.000000E+0
1.199932E+3	1.011400E-4	1.280070E+4	0.000000E+0	0.000000E+0
1.203931E+3	1.011960E-4	1.280050E+4	0.000000E+0	0.000000E+0
1.207939E+3	1.011040E-4	1.280000E+4	0.000000E+0	0.000000E+0
1.211931E+3	1.011480E-4	1.279970E+4	0.000000E+0	0.000000E+0
1.215935E+3	1.011380E-4	1.279930E+4	0.000000E+0	0.000000E+0
1.219929E+3	1.010600E-4	1.279900E+4	0.000000E+0	0.000000E+0
1.223930E+3	1.009810E-4	1.279880E+4	0.000000E+0	0.000000E+0
1.227932E+3	1.009400E-4	1.279840E+4	0.000000E+0	0.000000E+0
1.231930E+3	1.009660E-4	1.279810E+4	0.000000E+0	0.000000E+0
1.235928E+3	1.010410E-4	1.279780E+4	0.000000E+0	0.000000E+0
1.239932E+3	1.010180E-4	1.279750E+4	0.000000E+0	0.000000E+0
1.243933E+3	1.009430E-4	1.279720E+4	0.000000E+0	0.000000E+0
1.247931E+3	1.010040E-4	1.279680E+4	0.000000E+0	0.000000E+0
1.251931E+3	1.010130E-4	1.279650E+4	0.000000E+0	0.000000E+0
1.255931E+3	1.009630E-4	1.279630E+4	0.000000E+0	0.000000E+0
1.259933E+3	1.010400E-4	1.279600E+4	0.000000E+0	0.000000E+0
1.263931E+3	1.009490E-4	1.279580E+4	0.000000E+0	0.000000E+0
1.267928E+3	1.010400E-4	1.279540E+4	0.000000E+0	0.000000E+0
1.271939E+3	1.010590E-4	1.279520E+4	0.000000E+0	0.000000E+0
1.275936E+3	1.009770E-4	1.279480E+4	0.000000E+0	0.000000E+0
1.279932E+3	1.010990E-4	1.279460E+4	0.000000E+0	0.000000E+0
1.283931E+3	1.010340E-4	1.279430E+4	0.000000E+0	0.000000E+0
1.287934E+3	1.009460E-4	1.279410E+4	0.000000E+0	0.000000E+0
1.291933E+3	1.011260E-4	1.279390E+4	0.000000E+0	0.000000E+0
1.295934E+3	1.010080E-4	1.279360E+4	0.000000E+0	0.000000E+0
1.299930E+3	1.009890E-4	1.279330E+4	0.000000E+0	0.000000E+0
1.303932E+3	1.009460E-4	1.279310E+4	0.000000E+0	0.000000E+0
1.307932E+3	1.012890E-4	1.279290E+4	0.000000E+0	0.000000E+0
1.311931E+3	1.006920E-4	1.279250E+4	0.000000E+0	0.000000E+0
1.315933E+3	1.008040E-4	1.279220E+4	0.000000E+0	0.000000E+0
1.319932E+3	1.007190E-4	1.279200E+4	0.000000E+0	0.000000E+0
1.323930E+3	1.008540E-4	1.279170E+4	0.000000E+0	0.000000E+0
1.327933E+3	1.009470E-4	1.279130E+4	0.000000E+0	0.000000E+0
1.331930E+3	1.008180E-4	1.279100E+4	0.000000E+0	0.000000E+0
1.335931E+3	1.008230E-4	1.279090E+4	0.000000E+0	0.000000E+0
1.339933E+3	1.008000E-4	1.279060E+4	0.000000E+0	0.000000E+0
1.343931E+3	1.008280E-4	1.279020E+4	0.000000E+0	0.000000E+0
1.347933E+3	1.009510E-4	1.279000E+4	0.000000E+0	0.000000E+0
1.351932E+3	1.008690E-4	1.278980E+4	0.000000E+0	0.000000E+0
1.355934E+3	1.009000E-4	1.278960E+4	0.000000E+0	0.000000E+0
1.359934E+3	1.009680E-4	1.278920E+4	0.000000E+0	0.000000E+0
1.363934E+3	1.008080E-4	1.278900E+4	0.000000E+0	0.000000E+0
1.367932E+3	1.009040E-4	1.278870E+4	0.000000E+0	0.000000E+0
1.371930E+3	1.008760E-4	1.278840E+4	0.000000E+0	0.000000E+0
1.375932E+3	1.008420E-4	1.278820E+4	0.000000E+0	0.000000E+0
1.379927E+3	1.008600E-4	1.278790E+4	0.000000E+0	0.000000E+0
1.383930E+3	1.009230E-4	1.278760E+4	0.000000E+0	0.000000E+0
1.387933E+3	1.008620E-4	1.278740E+4	0.000000E+0	0.000000E+0
1.391933E+3	1.008780E-4	1.278710E+4	0.000000E+0	0.000000E+0
1.395928E+3	1.007900E-4	1.278680E+4	0.000000E+0	0.000000E+0
1.399930E+3	1.011020E-4	1.278660E+4	0.000000E+0	0.000000E+0
1.403930E+3	1.012090E-4	1.278630E+4	0.000000E+0	0.000000E+0
1.407935E+3	1.011650E-4	1.278610E+4	0.000000E+0	0.000000E+0
1.411931E+3	1.011570E-4	1.278570E+4	0.000000E+0	0.000000E+0
1.415933E+3	1.011530E-4	1.278540E+4	0.000000E+0	0.000000E+0
1.419936E+3	1.012080E-4	1.278510E+4	0.000000E+0	0.000000E+0
1.423934E+3	1.012290E-4	1.278490E+4	0.000000E+0	0.000000E+0
1.427929E+3	1.011460E-4	1.278460E+4	0.000000E+0	0.000000E+0
1.431930E+3	1.011360E-4	1.278430E+4	0.000000E+0	0.000000E+0
1.435931E+3	1.012170E-4	1.278400E+4	0.000000E+0	0.000000E+0
1.439928E+3	1.010630E-4	1.278370E+4	0.000000E+0	0.000000E+0
1.443931E+3	1.012400E-4	1.278340E+4	0.000000E+0	0.000000E+0
1.447927E+3	1.010710E-4	1.278330E+4	0.000000E+0	0.000000E+0
1.451934E+3	1.012460E-4	1.278290E+4	0.000000E+0	0.000000E+0
1.455932E+3	1.012250E-4	1.278260E+4	0.000000E+0	0.000000E+0
1.459930E+3	1.012240E-4	1.278240E+4	0.000000E+0	0.000000E+0
1.463932E+3	1.016800E-4	1.278200E+4	0.000000E+0	0.000000E+0
1.467937E+3	1.016010E-4	1.278180E+4	0.000000E+0	0.000000E+0
1.471930E+3	1.015040E-4	1.278140E+4	0.000000E+0	0.000000E+0
1.475930E+3	1.016440E-4	1.278120E+4	0.000000E+0	0.000000E+0
1.479928E+3	1.014180E-4	1.278100E+4	0.000000E+0	0.000000E+0
1.483936E+3	1.013720E-4	1.278050E+4	0.000000E+0	0.000000E+0
1.487931E+3	1.014990E-4	1.278040E+4	0.000000E+0	0.000000E+0
1.491930E+3	1.014650E-4	1.278000E+4	0.000000E+0	0.000000E+0
1.495935E+3	1.011780E-4	1.277970E+4	0.000000E+0	0.000000E+0
1.499934E+3	1.012000E-4	1.277940E+4	0.000000E+0	0.000000E+0
1.503933E+3	1.012470E-4	1.277910E+4	0.000000E+0	0.000000E+0
1.507933E+3	1.012380E-4	1.277890E+4	0.000000E+0	0.000000E+0
1.511929E+3	1.011110E-4	1.277860E+4	0.000000E+0	0.000000E+0
1.515929E+3	1.010140E-4	1.277830E+4	0.000000E+0	0.000000E+0
1.519931E+3	1.011280E-4	1.277810E+4	0.000000E+0	0.000000E+0
1.523936E+3	1.011750E-4	1.277770E+4	0.000000E+0	0.000000E+0
1.527937E+3	1.010860E-4	1.277740E+4	0.000000E+0	0.000000E+0
1.531932E+3	1.010870E-4	1.277710E+4	0.000000E+0	0.000000E+0
1.535934E+3	1.013010E-4	1.277690E+4	0.000000E+0	0.000000E+0
1.539929E+3	1.012980E-4	1.277650E+4	0.000000E+0	0.000000E+0
1.543926E+3	1.011810E-4	1.277630E+4	0.000000E+0	0.000000E+0
1.547930E+3	1.012030E-4	1.277600E+4	0.000000E+0	0.000000E+0
1.551937E+3	1.012800E-4	1.277580E+4	0.000000E+0	0.000000E+0
1.555932E+3	1.011260E-4	1.277560E+4	0.000000E+0	0.000000E+0
1.559933E+3	1.012260E-4	1.277530E+4	0.000000E+0	0.000000E+0
1.563933E+3	1.012670E-4	1.277510E+4	0.000000E+0	0.000000E+0
1.567932E+3	1.013080E-4	1.277480E+4	0.000000E+0	0.000000E+0
1.571932E+3	1.013050E-4	1.277450E+4	0.000000E+0	0.000000E+0
1.575933E+3	1.013060E-4	1.277430E+4	0.000000E+0	0.000000E+0
1.579931E+3	1.013020E-4	1.277410E+4	0.000000E+0	0.000000E+0
1.583930E+3	1.010360E-4	1.277370E+4	0.000000E+0	0.000000E+0
1.587931E+3	1.012790E-4	1.277330E+4	0.000000E+0	0.000000E+0
1.591934E+3	1.012460E-4	1.277310E+4	0.000000E+0	0.000000E+0
1.595933E+3	1.012740E-4	1.277280E+4	0.000000E+0	0.000000E+0
1.599934E+3	1.012970E-4	1.277260E+4	0.000000E+0	0.000000E+0
1.603932E+3	1.011900E-4	1.277230E+4	0.000000E+0	0.000000E+0
1.607932E+3	1.010930E-4	1.277210E+4	0.000000E+0	0.000000E+0
1.611932E+3	1.013600E-4	1.277190E+4	0.000000E+0	0.000000E+0
1.615927E+3	1.012770E-4	1.277160E+4	0.000000E+0	0.000000E+0
1.619928E+3	1.012430E-4	1.277130E+4	0.000000E+0	0.000000E+0
1.623938E+3	1.012960E-4	1.277110E+4	0.000000E+0	0.000000E+0
1.627932E+3	1.012240E-4	1.277090E+4	0.000000E+0	0.000000E+0
1.631930E+3	1.012530E-4	1.277060E+4	0.000000E+0	0.000000E+0
1.635933E+3	1.013100E-4	1.277040E+4	0.000000E+0	0.000000E+0
1.639932E+3	1.012050E-4	1.277010E+4	0.000000E+0	0.000000E+0
1.643932E+3	1.012700E-4	1.276980E+4	0.000000E+0	0.000000E+0
1.647930E+3	1.012630E-4	1.276970E+4	0.000000E+0	0.000000E+0
1.651932E+3	1.012280E-4	1.276930E+4	0.000000E+0	0.000000E+0
1.655931E+3	1.013240E-4	1.276920E+4	0.000000E+0	0.000000E+0
1.659933E+3	1.011990E-4	1.276900E+4	0.000000E+0	0.000000E+0
1.663931E+3	1.012270E-4	1.276870E+4	0.000000E+0	0.000000E+0
1.667931E+3	1.013440E-4	1.276840E+4	0.000000E+0	0.000000E+0
1.671939E+3	1.013420E-4	1.276810E+4	0.000000E+0	0.000000E+0
1.675913E+3	1.012760E-4	1.276790E+4	0.000000E+0	0.000000E+0
1.679945E+3	1.012270E-4	1.276770E+4	0.000000E+0	0.000000E+0
1.683934E+3	1.013400E-4	1.276750E+4	0.000000E+0	0.000000E+0
1.687932E+3	1.012700E-4	1.276720E+4	0.000000E+0	0.000000E+0
1.691932E+3	1.012650E-4	1.276690E+4	0.000000E+0	0.000000E+0
1.695931E+3	1.013210E-4	1.276670E+4	0.000000E+0	0.000000E+0
1.699934E+3	1.013890E-4	1.276640E+4	0.000000E+0	0.000000E+0
1.703933E+3	1.013610E-4	1.276610E+4	0.000000E+0	0.000000E+0
1.707937E+3	1.013080E-4	1.276590E+4	0.000000E+0	0.000000E+0
1.711933E+3	1.010420E-4	1.276560E+4	0.000000E+0	0.000000E+0
1.715933E+3	1.012500E-4	1.276540E+4	0.000000E+0	0.000000E+0
1.719933E+3	1.012980E-4	1.276520E+4	0.000000E+0	0.000000E+0
1.723933E+3	1.012640E-4	1.276490E+4	0.000000E+0	0.000000E+0
1.727930E+3	1.012220E-4	1.276460E+4	0.000000E+0	0.000000E+0
1.731935E+3	1.011350E-4	1.276430E+4	0.000000E+0	0.000000E+0
1.735928E+3	1.012010E-4	1.276420E+4	0.000000E+0	0.000000E+0
1.739931E+3	1.012660E-4	1.276390E+4	0.000000E+0	0.000000E+0
1.743933E+3	1.013210E-4	1.276370E+4	0.000000E+0	0.000000E+0
1.747934E+3	1.011780E-4	1.276340E+4	0.000000E+0	0.000000E+0
1.751933E+3	1.012620E-4	1.276340E+4	0.000000E+0	0.000000E+0
1.755933E+3	1.012740E-4	1.276300E+4	0.000000E+0	0.000000E+0
1.759931E+3	1.012240E-4	1.276280E+4	0.000000E+0	0.000000E+0
1.763932E+3	1.013600E-4	1.276250E+4	0.000000E+0	0.000000E+0
1.767934E+3	1.013480E-4	1.276230E+4	0.000000E+0	0.000000E+0
1.771939E+3	1.012290E-4	1.276200E+4	0.000000E+0	0.000000E+0
1.775927E+3	1.013750E-4	1.276170E+4	0.000000E+0	0.000000E+0
1.779932E+3	1.013970E-4	1.276150E+4	0.000000E+0	0.000000E+0
1.783930E+3	1.012070E-4	1.276130E+4	0.000000E+0	0.000000E+0
1.787937E+3	1.013700E-4	1.276100E+4	0.000000E+0	0.000000E+0
1.791932E+3	1.013210E-4	1.276070E+4	0.000000E+0	0.000000E+0
1.795933E+3	1.012320E-4	1.276050E+4	0.000000E+0	0.000000E+0
1.799930E+3	1.013000E-4	1.276020E+4	0.000000E+0	0.000000E+0
1.803938E+3	1.012280E-4	1.275980E+4	0.000000E+0	0.000000E+0
1.807932E+3	1.012690E-4	1.275950E+4	0.000000E+0	0.000000E+0
1.811936E+3	1.012510E-4	1.275930E+4	0.000000E+0	0.000000E+0
1.815933E+3	1.013380E-4	1.275900E+4	0.000000E+0	0.000000E+0
1.819933E+3	1.013830E-4	1.275860E+4	0.000000E+0	0.000000E+0
1.823933E+3	1.012510E-4	1.275840E+4	0.000000E+0	0.000000E+0
1.827936E+3	1.012430E-4	1.275810E+4	0.000000E+0	0.000000E+0
1.831930E+3	1.013880E-4	1.275790E+4	0.000000E+0	0.000000E+0
1.835936E+3	1.013000E-4	1.275760E+4	0.000000E+0	0.000000E+0
1.839933E+3	1.014280E-4	1.275730E+4	0.000000E+0	0.000000E+0
1.843939E+3	1.014850E-4	1.275700E+4	0.000000E+0	0.000000E+0
1.847932E+3	1.014190E-4	1.275660E+4	0.000000E+0	0.000000E+0
1.851929E+3	1.013520E-4	1.275640E+4	0.000000E+0	0.000000E+0
1.855931E+3	1.013810E-4	1.275590E+4	0.000000E+0	0.000000E+0
1.859934E+3	1.012360E-4	1.275570E+4	0.000000E+0	0.000000E+0
1.863930E+3	1.013370E-4	1.275550E+4	0.000000E+0	0.000000E+0
1.867932E+3	1.012100E-4	1.275530E+4	0.000000E+0	0.000000E+0
1.871932E+3	1.011990E-4	1.275500E+4	0.000000E+0	0.000000E+0
1.875933E+3	1.012100E-4	1.275470E+4	0.000000E+0	0.000000E+0
1.879930E+3	1.013100E-4	1.275450E+4	0.000000E+0	0.000000E+0
1.883932E+3	1.013090E-4	1.275430E+4	0.000000E+0	0.000000E+0
1.887930E+3	1.013110E-4	1.275400E+4	0.000000E+0	0.000000E+0
1.891935E+3	1.012850E-4	1.275380E+4	0.000000E+0	0.000000E+0
1.895931E+3	1.013350E-4	1.275360E+4	0.000000E+0	0.000000E+0
1.899931E+3	1.012010E-4	1.275330E+4	0.000000E+0	0.000000E+0
1.903933E+3	1.013010E-4	1.275310E+4	0.000000E+0	0.000000E+0
1.907933E+3	1.013500E-4	1.275280E+4	0.000000E+0	0.000000E+0
1.911929E+3	1.012690E-4	1.275260E+4	0.000000E+0	0.000000E+0
1.915932E+3	1.012760E-4	1.275230E+4	0.000000E+0	0.000000E+0
1.919933E+3	1.013660E-4	1.275210E+4	0.000000E+0	0.000000E+0
1.923939E+3	1.013630E-4	1.275190E+4	0.000000E+0	0.000000E+0
1.927934E+3	1.013670E-4	1.275170E+4	0.000000E+0	0.000000E+0
1.931932E+3	1.013130E-4	1.275140E+4	0.000000E+0	0.000000E+0
1.935931E+3	1.011590E-4	1.275120E+4	0.000000E+0	0.000000E+0
1.939932E+3	1.014590E-4	1.275090E+4	0.000000E+0	0.000000E+0
1.943932E+3	1.009640E-4	1.275070E+4	0.000000E+0	0.000000E+0
1.947937E+3	1.009750E-4	1.275040E+4	0.000000E+0	0.000000E+0
1.951932E+3	1.008680E-4	1.275030E+4	0.000000E+0	0.000000E+0
1.955930E+3	1.008890E-4	1.275000E+4	0.000000E+0	0.000000E+0
1.959929E+3	1.009030E-4	1.274980E+4	0.000000E+0	0.000000E+0
1.963932E+3	1.010630E-4	1.274960E+4	0.000000E+0	0.000000E+0
1.967937E+3	1.009940E-4	1.274930E+4	0.000000E+0	0.000000E+0
1.971932E+3	1.010140E-4	1.274910E+4	0.000000E+0	0.000000E+0
1.975933E+3	1.010150E-4	1.274880E+4	0.000000E+0	0.000000E+0
1.979936E+3	1.010310E-4	1.274870E+4	0.000000E+0	0.000000E+0
1.983933E+3	1.010400E-4	1.274840E+4	0.000000E+0	0.000000E+0
1.987933E+3	1.011110E-4	1.274820E+4	0.000000E+0	0.000000E+0
1.991930E+3	1.008270E-4	1.274790E+4	0.000000E+0	0.000000E+0
1.995931E+3	1.010940E-4	1.274770E+4	0.000000E+0	0.000000E+0
1.999930E+3	1.012030E-4	1.274740E+4	0.000000E+0	0.000000E+0
2.003933E+3	1.011110E-4	1.274710E+4	0.000000E+0	0.000000E+0
2.007929E+3	1.011730E-4	1.274700E+4	0.000000E+0	0.000000E+0
2.011932E+3	1.009840E-4	1.274670E+4	0.000000E+0	0.000000E+0
2.015929E+3	1.011550E-4	1.274640E+4	0.000000E+0	0.000000E+0
2.019933E+3	1.011920E-4	1.274630E+4	0.000000E+0	0.000000E+0
2.023934E+3	1.010460E-4	1.274610E+4	0.000000E+0	0.000000E+0
2.027934E+3	1.012760E-4	1.274580E+4	0.000000E+0	0.000000E+0
2.031927E+3	1.011300E-4	1.274550E+4	0.000000E+0	0.000000E+0
2.035935E+3	1.011810E-4	1.274530E+4	0.000000E+0	0.000000E+0
2.039935E+3	1.011340E-4	1.274510E+4	0.000000E+0	0.000000E+0
2.043930E+3	1.009140E-4	1.274490E+4	0.000000E+0	0.000000E+0
2.047928E+3	1.014290E-4	1.274470E+4	0.000000E+0	0.000000E+0
2.051936E+3	1.013780E-4	1.274440E+4	0.000000E+0	0.000000E+0
2.055928E+3	1.008060E-4	1.274420E+4	0.000000E+0	0.000000E+0
2.059933E+3	1.007330E-4	1.274410E+4	0.000000E+0	0.000000E+0
2.063930E+3	1.007680E-4	1.274370E+4	0.000000E+0	0.000000E+0
2.067936E+3	1.002740E-4	1.274350E+4	0.000000E+0	0.000000E+0
2.071914E+3	1.002520E-4	1.274330E+4	0.000000E+0	0.000000E+0
2.075947E+3	1.004420E-4	1.274300E+4	0.000000E+0	0.000000E+0
2.079934E+3	1.003950E-4	1.274280E+4	0.000000E+0	0.000000E+0
2.083932E+3	1.000780E-4	1.274250E+4	0.000000E+0	0.000000E+0
2.087934E+3	1.000950E-4	1.274230E+4	0.000000E+0	0.000000E+0
2.091931E+3	1.001570E-4	1.274200E+4	0.000000E+0	0.000000E+0
2.095937E+3	1.002920E-4	1.274180E+4	0.000000E+0	0.000000E+0
2.099931E+3	1.004790E-4	1.274150E+4	0.000000E+0	0.000000E+0
2.103930E+3	1.005030E-4	1.274130E+4	0.000000E+0	0.000000E+0
2.107932E+3	1.008030E-4	1.274100E+4	0.000000E+0	0.000000E+0
2.111938E+3	1.008700E-4	1.274080E+4	0.000000E+0	0.000000E+0
2.115911E+3	1.009070E-4	1.274060E+4	0.000000E+0	0.000000E+0
2.119943E+3	1.009860E-4	1.274020E+4	0.000000E+0	0.000000E+0
2.123933E+3	1.010200E-4	1.273980E+4	0.000000E+0	0.000000E+0
2.127929E+3	1.007890E-4	1.273970E+4	0.000000E+0	0.000000E+0
2.131935E+3	1.008140E-4	1.273920E+4	0.000000E+0	0.000000E+0
2.135918E+3	1.008410E-4	1.273900E+4	0.000000E+0	0.000000E+0
2.139931E+3	1.008210E-4	1.273880E+4	0.000000E+0	0.000000E+0
2.143939E+3	1.007290E-4	1.273850E+4	0.000000E+0	0.000000E+0
2.147915E+3	1.005810E-4	1.273820E+4	0.000000E+0	0.000000E+0
2.151942E+3	1.005880E-4	1.273810E+4	0.000000E+0	0.000000E+0
2.155934E+3	1.006130E-4	1.273770E+4	0.000000E+0	0.000000E+0
2.159932E+3	1.004350E-4	1.273750E+4	0.000000E+0	0.000000E+0
2.163933E+3	1.004790E-4	1.273720E+4	0.000000E+0	0.000000E+0
2.167931E+3	1.003870E-4	1.273700E+4	0.000000E+0	0.000000E+0
2.171933E+3	1.004010E-4	1.273680E+4	0.000000E+0	0.000000E+0
2.175931E+3	1.003410E-4	1.273650E+4	0.000000E+0	0.000000E+0
2.179931E+3	1.009560E-4	1.273640E+4	0.000000E+0	0.000000E+0
2.183931E+3	1.012610E-4	1.273610E+4	0.000000E+0	0.000000E+0
2.187931E+3	1.009840E-4	1.273580E+4	0.000000E+0	0.000000E+0
2.191928E+3	1.010770E-4	1.273550E+4	0.000000E+0	0.000000E+0
2.195932E+3	1.014430E-4	1.273530E+4	0.000000E+0	0.000000E+0
2.199911E+3	1.016360E-4	1.273510E+4	0.000000E+0	0.000000E+0
2.203945E+3	1.015450E-4	1.273490E+4	0.000000E+0	0.000000E+0
2.207933E+3	1.016180E-4	1.273470E+4	0.000000E+0	0.000000E+0
2.211930E+3	1.015680E-4	1.273440E+4	0.000000E+0	0.000000E+0
2.215936E+3	1.016260E-4	1.273420E+4	0.000000E+0	0.000000E+0
2.219932E+3	1.016390E-4	1.273390E+4	0.000000E+0	0.000000E+0
2.223936E+3	1.015080E-4	1.273380E+4	0.000000E+0	0.000000E+0
2.227933E+3	1.015840E-4	1.273360E+4	0.000000E+0	0.000000E+0
2.231933E+3	1.015100E-4	1.273340E+4	0.000000E+0	0.000000E+0
2.235931E+3	1.015890E-4	1.273310E+4	0.000000E+0	0.000000E+0
2.239934E+3	1.015750E-4	1.273290E+4	0.000000E+0	0.000000E+0
2.243931E+3	1.018120E-4	1.273270E+4	0.000000E+0	0.000000E+0
2.247934E+3	1.015750E-4	1.273250E+4	0.000000E+0	0.000000E+0
2.251928E+3	1.016270E-4	1.273220E+4	0.000000E+0	0.000000E+0
2.255936E+3	1.019010E-4	1.273210E+4	0.000000E+0	0.000000E+0
2.259931E+3	1.018880E-4	1.273180E+4	0.000000E+0	0.000000E+0
2.263931E+3	1.019000E-4	1.273160E+4	0.000000E+0	0.000000E+0
2.267932E+3	1.018320E-4	1.273140E+4	0.000000E+0	0.000000E+0
2.271931E+3	1.018840E-4	1.273130E+4	0.000000E+0	0.000000E+0
2.275932E+3	1.018950E-4	1.273090E+4	0.000000E+0	0.000000E+0
2.279934E+3	1.018260E-4	1.273070E+4	0.000000E+0	0.000000E+0
2.283932E+3	1.017590E-4	1.273050E+4	0.000000E+0	0.000000E+0
2.287933E+3	1.018350E-4	1.273030E+4	0.000000E+0	0.000000E+0
2.291930E+3	1.017760E-4	1.273010E+4	0.000000E+0	0.000000E+0
2.295933E+3	1.017030E-4	1.272980E+4	0.000000E+0	0.000000E+0
2.299932E+3	1.017720E-4	1.272960E+4	0.000000E+0	0.000000E+0
2.303931E+3	1.016610E-4	1.272940E+4	0.000000E+0	0.000000E+0
2.307933E+3	1.017610E-4	1.272920E+4	0.000000E+0	0.000000E+0
2.311935E+3	1.018310E-4	1.272900E+4	0.000000E+0	0.000000E+0
2.315918E+3	1.017480E-4	1.272880E+4	0.000000E+0	0.000000E+0
2.319950E+3	1.015850E-4	1.272860E+4	0.000000E+0	0.000000E+0
2.323933E+3	1.018260E-4	1.272830E+4	0.000000E+0	0.000000E+0
2.327931E+3	1.017910E-4	1.272810E+4	0.000000E+0	0.000000E+0
2.331933E+3	1.016300E-4	1.272790E+4	0.000000E+0	0.000000E+0
2.335929E+3	1.019370E-4	1.272770E+4	0.000000E+0	0.000000E+0
2.339936E+3	1.017140E-4	1.272730E+4	0.000000E+0	0.000000E+0
2.343932E+3	1.016290E-4	1.272720E+4	0.000000E+0	0.000000E+0
2.347931E+3	1.016040E-4	1.272690E+4	0.000000E+0	0.000000E+0
2.351931E+3	1.016010E-4	1.272660E+4	0.000000E+0	0.000000E+0
2.355932E+3	1.015140E-4	1.272650E+4	0.000000E+0	0.000000E+0
2.359939E+3	1.015530E-4	1.272630E+4	0.000000E+0	0.000000E+0
2.363934E+3	1.015290E-4	1.272610E+4	0.000000E+0	0.000000E+0
2.367932E+3	1.015580E-4	1.272590E+4	0.000000E+0	0.000000E+0
2.371932E+3	1.016190E-4	1.272570E+4	0.000000E+0	0.000000E+0
2.375912E+3	1.016310E-4	1.272550E+4	0.000000E+0	0.000000E+0
2.379946E+3	1.016990E-4	1.272530E+4	0.000000E+0	0.000000E+0
2.383932E+3	1.016490E-4	1.272510E+4	0.000000E+0	0.000000E+0
2.387929E+3	1.016770E-4	1.272490E+4	0.000000E+0	0.000000E+0
2.391933E+3	1.016360E-4	1.272460E+4	0.000000E+0	0.000000E+0
2.395933E+3	1.017070E-4	1.272430E+4	0.000000E+0	0.000000E+0
2.399933E+3	1.016620E-4	1.272410E+4	0.000000E+0	0.000000E+0
2.403913E+3	1.016310E-4	1.272390E+4	0.000000E+0	0.000000E+0
2.407931E+3	1.015920E-4	1.272370E+4	0.000000E+0	0.000000E+0
2.411933E+3	1.016110E-4	1.272340E+4	0.000000E+0	0.000000E+0
2.415931E+3	1.015520E-4	1.272310E+4	0.000000E+0	0.000000E+0
2.419933E+3	1.016130E-4	1.272290E+4	0.000000E+0	0.000000E+0
2.423914E+3	1.016270E-4	1.272260E+4	0.000000E+0	0.000000E+0
2.427944E+3	1.014340E-4	1.272230E+4	0.000000E+0	0.000000E+0
2.431931E+3	1.015790E-4	1.272210E+4	0.000000E+0	0.000000E+0
2.435932E+3	1.015580E-4	1.272190E+4	0.000000E+0	0.000000E+0
2.439935E+3	1.016310E-4	1.272170E+4	0.000000E+0	0.000000E+0
2.443930E+3	1.016270E-4	1.272140E+4	0.000000E+0	0.000000E+0
2.447932E+3	1.016570E-4	1.272120E+4	0.000000E+0	0.000000E+0
2.451932E+3	1.017050E-4	1.272100E+4	0.000000E+0	0.000000E+0
2.455935E+3	1.016180E-4	1.272080E+4	0.000000E+0	0.000000E+0
2.459932E+3	1.016450E-4	1.272050E+4	0.000000E+0	0.000000E+0
2.463932E+3	1.015820E-4	1.272030E+4	0.000000E+0	0.000000E+0
2.467930E+3	1.016550E-4	1.272000E+4	0.000000E+0	0.000000E+0
2.471932E+3	1.015960E-4	1.271960E+4	0.000000E+0	0.000000E+0
2.475916E+3	1.016000E-4	1.271940E+4	0.000000E+0	0.000000E+0
2.479946E+3	1.016520E-4	1.271920E+4	0.000000E+0	0.000000E+0
2.483935E+3	1.016600E-4	1.271900E+4	0.000000E+0	0.000000E+0
2.487932E+3	1.016920E-4	1.271880E+4	0.000000E+0	0.000000E+0
2.491931E+3	1.016510E-4	1.271850E+4	0.000000E+0	0.000000E+0
2.495928E+3	1.016190E-4	1.271840E+4	0.000000E+0	0.000000E+0
2.499934E+3	1.017300E-4	1.271810E+4	0.000000E+0	0.000000E+0
2.503932E+3	1.017160E-4	1.271790E+4	0.000000E+0	0.000000E+0
2.507934E+3	1.017220E-4	1.271770E+4	0.000000E+0	0.000000E+0
2.511921E+3	1.013780E-4	1.271740E+4	0.000000E+0	0.000000E+0
2.515931E+3	1.015470E-4	1.271730E+4	0.000000E+0	0.000000E+0
2.519937E+3	1.015140E-4	1.271690E+4	0.000000E+0	0.000000E+0
2.523930E+3	1.015540E-4	1.271660E+4	0.000000E+0	0.000000E+0
2.527930E+3	1.013890E-4	1.271640E+4	0.000000E+0	0.000000E+0
2.531930E+3	1.014880E-4	1.271610E+4	0.000000E+0	0.000000E+0
2.535932E+3	1.014420E-4	1.271580E+4	0.000000E+0	0.000000E+0
2.539932E+3	1.013820E-4	1.271560E+4	0.000000E+0	0.000000E+0
2.543935E+3	1.015340E-4	1.271530E+4	0.000000E+0	0.000000E+0
2.547930E+3	1.017390E-4	1.271500E+4	0.000000E+0	0.000000E+0
2.551933E+3	1.015610E-4	1.271470E+4	0.000000E+0	0.000000E+0
2.555918E+3	1.017480E-4	1.271440E+4	0.000000E+0	0.000000E+0
2.559932E+3	1.015930E-4	1.271410E+4	0.000000E+0	0.000000E+0
2.563933E+3	1.018110E-4	1.271380E+4	0.000000E+0	0.000000E+0
2.577772E+3	6.987000E-5	1.271300E+4	0.000000E+0	0.000000E+0
2.583156E+3	7.063200E-5	1.271280E+4	0.000000E+0	0.000000E+0
2.595536E+3	7.143400E-5	1.271230E+4	0.000000E+0	0.000000E+0
2.603843E+3	7.233100E-5	1.271200E+4	0.000000E+0	0.000000E+0
2.610385E+3	7.209100E-5	1.271160E+4	0.000000E+0	0.000000E+0
2.613915E+3	7.150200E-5	1.271140E+4	0.000000E+0	0.000000E+0
2.617947E+3	7.089800E-5	1.271100E+4	0.000000E+0	0.000000E+0
2.626856E+3	7.238900E-5	1.271080E+4	0.000000E+0	0.000000E+0
2.639543E+3	7.202500E-5	1.271010E+4	0.000000E+0	0.000000E+0
2.646629E+3	7.205600E-5	1.270960E+4	0.000000E+0	0.000000E+0
2.653419E+3	7.108800E-5	1.270880E+4	0.000000E+0	0.000000E+0
2.665539E+3	7.799000E-5	1.270790E+4	0.000000E+0	0.000000E+0
2.672643E+3	7.264000E-5	1.270730E+4	0.000000E+0	0.000000E+0
2.679369E+3	7.432200E-5	1.270680E+4	0.000000E+0	0.000000E+0
2.682948E+3	7.694600E-5	1.270660E+4	0.000000E+0	0.000000E+0
2.702927E+3	7.548300E-5	1.270590E+4	0.000000E+0	0.000000E+0
2.706931E+3	1.019930E-4	1.270590E+4	0.000000E+0	0.000000E+0
2.710932E+3	1.019470E-4	1.270570E+4	0.000000E+0	0.000000E+0
2.714930E+3	1.020090E-4	1.270550E+4	0.000000E+0	0.000000E+0
2.718927E+3	1.019200E-4	1.270520E+4	0.000000E+0	0.000000E+0
2.722933E+3	1.018380E-4	1.270480E+4	0.000000E+0	0.000000E+0
2.726932E+3	1.017800E-4	1.270460E+4	0.000000E+0	0.000000E+0
2.730930E+3	1.020150E-4	1.270420E+4	0.000000E+0	0.000000E+0
2.734933E+3	1.017860E-4	1.270390E+4	0.000000E+0	0.000000E+0
2.738934E+3	1.017350E-4	1.270360E+4	0.000000E+0	0.000000E+0
2.742931E+3	1.015700E-4	1.270330E+4	0.000000E+0	0.000000E+0
2.746931E+3	1.015140E-4	1.270300E+4	0.000000E+0	0.000000E+0
2.750929E+3	1.016500E-4	1.270270E+4	0.000000E+0	0.000000E+0
2.754933E+3	1.016350E-4	1.270230E+4	0.000000E+0	0.000000E+0
2.758931E+3	1.014960E-4	1.270200E+4	0.000000E+0	0.000000E+0
2.762929E+3	1.016040E-4	1.270180E+4	0.000000E+0	0.000000E+0
2.766929E+3	1.015430E-4	1.270150E+4	0.000000E+0	0.000000E+0
2.770928E+3	1.016830E-4	1.270140E+4	0.000000E+0	0.000000E+0
2.774937E+3	1.018460E-4	1.270120E+4	0.000000E+0	0.000000E+0
2.778931E+3	1.015290E-4	1.270090E+4	0.000000E+0	0.000000E+0
2.782929E+3	1.017680E-4	1.270060E+4	0.000000E+0	0.000000E+0
2.786930E+3	1.018410E-4	1.270040E+4	0.000000E+0	0.000000E+0
2.790930E+3	1.014410E-4	1.270000E+4	0.000000E+0	0.000000E+0
2.794932E+3	1.018220E-4	1.269950E+4	0.000000E+0	0.000000E+0
2.798933E+3	1.016200E-4	1.269920E+4	0.000000E+0	0.000000E+0
2.802932E+3	1.016270E-4	1.269890E+4	0.000000E+0	0.000000E+0
2.806930E+3	1.018830E-4	1.269840E+4	0.000000E+0	0.000000E+0
2.810933E+3	1.015900E-4	1.269800E+4	0.000000E+0	0.000000E+0
2.814933E+3	1.016390E-4	1.269770E+4	0.000000E+0	0.000000E+0
2.818933E+3	1.017200E-4	1.269740E+4	0.000000E+0	0.000000E+0
2.822933E+3	1.017590E-4	1.269710E+4	0.000000E+0	0.000000E+0
2.826931E+3	1.013580E-4	1.269690E+4	0.000000E+0	0.000000E+0
2.830931E+3	1.012170E-4	1.269650E+4	0.000000E+0	0.000000E+0
2.834929E+3	1.012240E-4	1.269630E+4	0.000000E+0	0.000000E+0
2.838931E+3	1.011320E-4	1.269600E+4	0.000000E+0	0.000000E+0
2.842929E+3	1.011350E-4	1.269570E+4	0.000000E+0	0.000000E+0
2.846936E+3	1.011990E-4	1.269520E+4	0.000000E+0	0.000000E+0
2.850931E+3	1.013870E-4	1.269480E+4	0.000000E+0	0.000000E+0
2.854929E+3	1.016430E-4	1.269440E+4	0.000000E+0	0.000000E+0
2.858926E+3	1.016490E-4	1.269420E+4	0.000000E+0	0.000000E+0
2.862930E+3	1.015230E-4	1.269400E+4	0.000000E+0	0.000000E+0
2.866937E+3	1.013340E-4	1.269370E+4	0.000000E+0	0.000000E+0
2.870935E+3	1.012620E-4	1.269340E+4	0.000000E+0	0.000000E+0
2.874933E+3	1.015380E-4	1.269320E+4	0.000000E+0	0.000000E+0
2.878933E+3	1.013610E-4	1.269290E+4	0.000000E+0	0.000000E+0
2.882932E+3	1.016170E-4	1.269250E+4	0.000000E+0	0.000000E+0
2.886932E+3	1.014960E-4	1.269230E+4	0.000000E+0	0.000000E+0
2.890936E+3	1.013620E-4	1.269190E+4	0.000000E+0	0.000000E+0
2.894930E+3	1.016710E-4	1.269170E+4	0.000000E+0	0.000000E+0
2.898930E+3	1.016560E-4	1.269130E+4	0.000000E+0	0.000000E+0
2.902930E+3	1.015500E-4	1.269110E+4	0.000000E+0	0.000000E+0
2.906931E+3	1.015900E-4	1.269070E+4	0.000000E+0	0.000000E+0
2.910931E+3	1.012920E-4	1.269060E+4	0.000000E+0	0.000000E+0
2.914929E+3	1.014830E-4	1.269050E+4	0.000000E+0	0.000000E+0
2.918931E+3	1.016670E-4	1.269020E+4	0.000000E+0	0.000000E+0
2.922931E+3	1.016220E-4	1.269000E+4	0.000000E+0	0.000000E+0
2.926933E+3	1.014650E-4	1.268970E+4	0.000000E+0	0.000000E+0
2.930932E+3	1.016440E-4	1.268950E+4	0.000000E+0	0.000000E+0
2.934931E+3	1.016640E-4	1.268930E+4	0.000000E+0	0.000000E+0
2.938935E+3	1.014940E-4	1.268900E+4	0.000000E+0	0.000000E+0
2.942931E+3	1.014070E-4	1.268890E+4	0.000000E+0	0.000000E+0
2.946932E+3	1.016860E-4	1.268850E+4	0.000000E+0	0.000000E+0
2.950930E+3	1.012850E-4	1.268810E+4	0.000000E+0	0.000000E+0
2.954930E+3	1.013300E-4	1.268780E+4	0.000000E+0	0.000000E+0
2.958930E+3	1.012560E-4	1.268750E+4	0.000000E+0	0.000000E+0
2.962935E+3	1.015190E-4	1.268730E+4	0.000000E+0	0.000000E+0
2.966932E+3	1.016100E-4	1.268720E+4	0.000000E+0	0.000000E+0
2.970930E+3	1.013490E-4	1.268690E+4	0.000000E+0	0.000000E+0
2.974924E+3	1.016170E-4	1.268650E+4	0.000000E+0	0.000000E+0
2.978933E+3	1.013570E-4	1.268630E+4	0.000000E+0	0.000000E+0
2.982927E+3	1.017330E-4	1.268620E+4	0.000000E+0	0.000000E+0
2.986926E+3	1.012930E-4	1.268570E+4	0.000000E+0	0.000000E+0
2.990928E+3	1.014810E-4	1.268540E+4	0.000000E+0	0.000000E+0
2.994931E+3	1.013100E-4	1.268520E+4	0.000000E+0	0.000000E+0
2.998934E+3	1.013400E-4	1.268490E+4	0.000000E+0	0.000000E+0
3.002931E+3	1.012210E-4	1.268470E+4	0.000000E+0	0.000000E+0
3.006929E+3	1.012640E-4	1.268440E+4	0.000000E+0	0.000000E+0
3.010931E+3	1.014300E-4	1.268410E+4	0.000000E+0	0.000000E+0
3.014928E+3	1.016500E-4	1.268360E+4	0.000000E+0	0.000000E+0
3.018932E+3	1.014230E-4	1.268330E+4	0.000000E+0	0.000000E+0
3.022934E+3	1.013040E-4	1.268290E+4	0.000000E+0	0.000000E+0
3.026931E+3	1.013050E-4	1.268260E+4	0.000000E+0	0.000000E+0
3.030930E+3	1.015400E-4	1.268240E+4	0.000000E+0	0.000000E+0
3.034929E+3	1.013790E-4	1.268210E+4	0.000000E+0	0.000000E+0
3.038932E+3	1.014210E-4	1.268170E+4	0.000000E+0	0.000000E+0
3.042930E+3	1.012950E-4	1.268150E+4	0.000000E+0	0.000000E+0
3.046929E+3	1.016930E-4	1.268130E+4	0.000000E+0	0.000000E+0
3.050929E+3	1.013740E-4	1.268120E+4	0.000000E+0	0.000000E+0
3.054933E+3	1.013930E-4	1.268080E+4	0.000000E+0	0.000000E+0
3.058932E+3	1.017130E-4	1.268060E+4	0.000000E+0	0.000000E+0
3.062930E+3	1.013920E-4	1.268030E+4	0.000000E+0	0.000000E+0
3.066931E+3	1.016520E-4	1.268010E+4	0.000000E+0	0.000000E+0
3.070934E+3	1.012600E-4	1.267960E+4	0.000000E+0	0.000000E+0
3.074931E+3	1.018650E-4	1.267950E+4	0.000000E+0	0.000000E+0
3.078931E+3	1.015230E-4	1.267920E+4	0.000000E+0	0.000000E+0
3.082931E+3	1.015940E-4	1.267900E+4	0.000000E+0	0.000000E+0
3.086932E+3	1.015950E-4	1.267880E+4	0.000000E+0	0.000000E+0
3.090931E+3	1.016460E-4	1.267860E+4	0.000000E+0	0.000000E+0
3.094928E+3	1.017530E-4	1.267830E+4	0.000000E+0	0.000000E+0
3.098932E+3	1.016530E-4	1.267800E+4	0.000000E+0	0.000000E+0
3.102935E+3	1.016700E-4	1.267770E+4	0.000000E+0	0.000000E+0
3.106935E+3	1.017480E-4	1.267740E+4	0.000000E+0	0.000000E+0
3.110931E+3	1.016170E-4	1.267710E+4	0.000000E+0	0.000000E+0
3.114931E+3	1.016900E-4	1.267690E+4	0.000000E+0	0.000000E+0
3.118930E+3	1.018720E-4	1.267660E+4	0.000000E+0	0.000000E+0
3.122931E+3	1.015970E-4	1.267630E+4	0.000000E+0	0.000000E+0
3.126929E+3	1.018630E-4	1.267600E+4	0.000000E+0	0.000000E+0
3.130937E+3	1.015380E-4	1.267560E+4	0.000000E+0	0.000000E+0
3.134933E+3	1.018150E-4	1.267530E+4	0.000000E+0	0.000000E+0
3.138928E+3	1.015900E-4	1.267500E+4	0.000000E+0	0.000000E+0
3.142938E+3	1.015490E-4	1.267470E+4	0.000000E+0	0.000000E+0
3.146913E+3	1.015050E-4	1.267440E+4	0.000000E+0	0.000000E+0
3.150948E+3	1.018690E-4	1.267420E+4	0.000000E+0	0.000000E+0
3.154911E+3	1.015460E-4	1.267390E+4	0.000000E+0	0.000000E+0
3.158929E+3	1.014200E-4	1.267370E+4	0.000000E+0	0.000000E+0
3.162931E+3	1.014040E-4	1.267340E+4	0.000000E+0	0.000000E+0
3.166931E+3	1.012480E-4	1.267310E+4	0.000000E+0	0.000000E+0
3.170934E+3	1.012780E-4	1.267290E+4	0.000000E+0	0.000000E+0
3.174914E+3	1.012420E-4	1.267260E+4	0.000000E+0	0.000000E+0
3.178926E+3	1.014830E-4	1.267250E+4	0.000000E+0	0.000000E+0
3.182936E+3	1.015820E-4	1.267230E+4	0.000000E+0	0.000000E+0
3.186911E+3	1.015570E-4	1.267210E+4	0.000000E+0	0.000000E+0
3.190926E+3	1.011570E-4	1.267180E+4	0.000000E+0	0.000000E+0
3.194932E+3	1.011580E-4	1.267150E+4	0.000000E+0	0.000000E+0
3.198909E+3	1.012510E-4	1.267140E+4	0.000000E+0	0.000000E+0
3.202924E+3	1.012100E-4	1.267110E+4	0.000000E+0	0.000000E+0
3.206932E+3	1.012310E-4	1.267090E+4	0.000000E+0	0.000000E+0
3.210928E+3	1.013670E-4	1.267070E+4	0.000000E+0	0.000000E+0
3.214932E+3	1.011310E-4	1.267040E+4	0.000000E+0	0.000000E+0
3.218929E+3	1.011290E-4	1.267020E+4	0.000000E+0	0.000000E+0
3.222930E+3	1.012150E-4	1.266990E+4	0.000000E+0	0.000000E+0
3.226927E+3	1.010590E-4	1.266970E+4	0.000000E+0	0.000000E+0
3.230933E+3	1.014790E-4	1.266940E+4	0.000000E+0	0.000000E+0
3.234910E+3	1.013320E-4	1.266910E+4	0.000000E+0	0.000000E+0
3.238941E+3	1.013410E-4	1.266870E+4	0.000000E+0	0.000000E+0
3.242931E+3	1.015390E-4	1.266850E+4	0.000000E+0	0.000000E+0
3.246910E+3	1.012170E-4	1.266820E+4	0.000000E+0	0.000000E+0
3.250924E+3	1.011380E-4	1.266810E+4	0.000000E+0	0.000000E+0
3.254936E+3	1.011230E-4	1.266790E+4	0.000000E+0	0.000000E+0
3.258913E+3	1.012260E-4	1.266760E+4	0.000000E+0	0.000000E+0
3.262924E+3	1.013570E-4	1.266730E+4	0.000000E+0	0.000000E+0
3.266934E+3	1.011250E-4	1.266720E+4	0.000000E+0	0.000000E+0
3.270911E+3	1.011740E-4	1.266690E+4	0.000000E+0	0.000000E+0
3.274937E+3	1.010700E-4	1.266670E+4	0.000000E+0	0.000000E+0
3.278931E+3	1.010690E-4	1.266630E+4	0.000000E+0	0.000000E+0
3.282906E+3	1.011330E-4	1.266620E+4	0.000000E+0	0.000000E+0
3.286927E+3	1.011150E-4	1.266590E+4	0.000000E+0	0.000000E+0
3.290932E+3	1.014220E-4	1.266550E+4	0.000000E+0	0.000000E+0
3.294915E+3	1.012580E-4	1.266500E+4	0.000000E+0	0.000000E+0
3.298929E+3	1.011040E-4	1.266470E+4	0.000000E+0	0.000000E+0
3.302930E+3	1.014020E-4	1.266450E+4	0.000000E+0	0.000000E+0
3.306930E+3	1.012580E-4	1.266410E+4	0.000000E+0	0.000000E+0
3.310928E+3	1.011770E-4	1.266390E+4	0.000000E+0	0.000000E+0
3.314930E+3	1.012500E-4	1.266360E+4	0.000000E+0	0.000000E+0
3.318935E+3	1.012260E-4	1.266330E+4	0.000000E+0	0.000000E+0
3.322931E+3	1.012060E-4	1.266320E+4	0.000000E+0	0.000000E+0
3.326928E+3	1.011960E-4	1.266290E+4	0.000000E+0	0.000000E+0
3.330928E+3	1.011520E-4	1.266260E+4	0.000000E+0	0.000000E+0
3.334929E+3	1.010810E-4	1.266250E+4	0.000000E+0	0.000000E+0
3.338908E+3	1.012000E-4	1.266230E+4	0.000000E+0	0.000000E+0
3.342924E+3	1.011940E-4	1.266210E+4	0.000000E+0	0.000000E+0
3.346932E+3	1.012440E-4	1.266190E+4	0.000000E+0	0.000000E+0
3.350930E+3	1.012380E-4	1.266170E+4	0.000000E+0	0.000000E+0
3.354929E+3	1.012610E-4	1.266160E+4	0.000000E+0	0.000000E+0
3.358926E+3	1.013880E-4	1.266130E+4	0.000000E+0	0.000000E+0
3.362931E+3	1.012560E-4	1.266120E+4	0.000000E+0	0.000000E+0
3.366930E+3	1.013110E-4	1.266080E+4	0.000000E+0	0.000000E+0
3.370930E+3	1.013060E-4	1.266060E+4	0.000000E+0	0.000000E+0
3.374930E+3	1.012090E-4	1.266020E+4	0.000000E+0	0.000000E+0
3.378927E+3	1.011450E-4	1.266010E+4	0.000000E+0	0.000000E+0
3.382930E+3	1.012560E-4	1.265980E+4	0.000000E+0	0.000000E+0
3.386930E+3	1.011770E-4	1.265950E+4	0.000000E+0	0.000000E+0
3.390907E+3	1.012280E-4	1.265920E+4	0.000000E+0	0.000000E+0
3.394938E+3	1.011830E-4	1.265890E+4	0.000000E+0	0.000000E+0
3.398932E+3	1.011680E-4	1.265860E+4	0.000000E+0	0.000000E+0
3.402926E+3	1.011660E-4	1.265820E+4	0.000000E+0	0.000000E+0
3.406928E+3	1.013370E-4	1.265800E+4	0.000000E+0	0.000000E+0
3.410926E+3	1.013340E-4	1.265760E+4	0.000000E+0	0.000000E+0
3.414931E+3	1.011850E-4	1.265750E+4	0.000000E+0	0.000000E+0
3.418931E+3	1.012250E-4	1.265720E+4	0.000000E+0	0.000000E+0
3.422933E+3	1.012850E-4	1.265700E+4	0.000000E+0	0.000000E+0
3.426910E+3	1.011200E-4	1.265680E+4	0.000000E+0	0.000000E+0
3.430936E+3	1.013670E-4	1.265650E+4	0.000000E+0	0.000000E+0
3.434926E+3	1.012800E-4	1.265630E+4	0.000000E+0	0.000000E+0
3.438931E+3	1.014180E-4	1.265610E+4	0.000000E+0	0.000000E+0
3.442935E+3	1.013360E-4	1.265600E+4	0.000000E+0	0.000000E+0
3.446911E+3	1.013320E-4	1.265580E+4	0.000000E+0	0.000000E+0
3.450924E+3	1.013270E-4	1.265550E+4	0.000000E+0	0.000000E+0
3.454932E+3	1.011820E-4	1.265520E+4	0.000000E+0	0.000000E+0
3.458927E+3	1.012170E-4	1.265500E+4	0.000000E+0	0.000000E+0
3.462934E+3	1.013390E-4	1.265480E+4	0.000000E+0	0.000000E+0
3.466933E+3	1.014900E-4	1.265450E+4	0.000000E+0	0.000000E+0
3.470932E+3	1.014120E-4	1.265420E+4	0.000000E+0	0.000000E+0
3.474912E+3	1.014000E-4	1.265400E+4	0.000000E+0	0.000000E+0
3.478925E+3	1.014060E-4	1.265370E+4	0.000000E+0	0.000000E+0
3.482938E+3	1.014390E-4	1.265350E+4	0.000000E+0	0.000000E+0
3.486910E+3	1.014520E-4	1.265320E+4	0.000000E+0	0.000000E+0
3.490925E+3	1.014630E-4	1.265300E+4	0.000000E+0	0.000000E+0
3.494933E+3	1.014420E-4	1.265270E+4	0.000000E+0	0.000000E+0
3.498910E+3	1.012750E-4	1.265260E+4	0.000000E+0	0.000000E+0
3.502928E+3	1.013200E-4	1.265230E+4	0.000000E+0	0.000000E+0
3.506933E+3	1.013710E-4	1.265210E+4	0.000000E+0	0.000000E+0
3.510909E+3	1.013830E-4	1.265190E+4	0.000000E+0	0.000000E+0
3.514942E+3	1.018510E-4	1.265170E+4	0.000000E+0	0.000000E+0
3.518932E+3	1.014990E-4	1.265150E+4	0.000000E+0	0.000000E+0
3.522909E+3	1.014490E-4	1.265140E+4	0.000000E+0	0.000000E+0
3.526927E+3	1.014130E-4	1.265100E+4	0.000000E+0	0.000000E+0
3.530927E+3	1.014400E-4	1.265090E+4	0.000000E+0	0.000000E+0
3.534931E+3	1.015380E-4	1.265060E+4	0.000000E+0	0.000000E+0
3.538940E+3	1.014410E-4	1.265020E+4	0.000000E+0	0.000000E+0
3.542911E+3	1.014160E-4	1.264990E+4	0.000000E+0	0.000000E+0
3.546938E+3	1.014780E-4	1.264970E+4	0.000000E+0	0.000000E+0
3.550930E+3	1.014290E-4	1.264950E+4	0.000000E+0	0.000000E+0
3.554930E+3	1.014010E-4	1.264910E+4	0.000000E+0	0.000000E+0
3.558933E+3	1.013730E-4	1.264880E+4	0.000000E+0	0.000000E+0
3.562933E+3	1.014210E-4	1.264860E+4	0.000000E+0	0.000000E+0
3.566932E+3	1.012110E-4	1.264840E+4	0.000000E+0	0.000000E+0
3.570912E+3	1.012300E-4	1.264820E+4	0.000000E+0	0.000000E+0
3.574947E+3	1.011770E-4	1.264780E+4	0.000000E+0	0.000000E+0
3.578931E+3	1.013120E-4	1.264760E+4	0.000000E+0	0.000000E+0
3.582930E+3	1.015000E-4	1.264750E+4	0.000000E+0	0.000000E+0
3.586933E+3	1.016510E-4	1.264720E+4	0.000000E+0	0.000000E+0
3.590910E+3	1.016050E-4	1.264690E+4	0.000000E+0	0.000000E+0
3.594925E+3	1.014310E-4	1.264670E+4	0.000000E+0	0.000000E+0
3.598931E+3	1.016520E-4	1.264650E+4	0.000000E+0	0.000000E+0
3.602931E+3	1.015440E-4	1.264630E+4	0.000000E+0	0.000000E+0
3.606935E+3	1.016320E-4	1.264600E+4	0.000000E+0	0.000000E+0
3.610934E+3	1.015500E-4	1.264570E+4	0.000000E+0	0.000000E+0
3.614931E+3	1.015940E-4	1.264550E+4	0.000000E+0	0.000000E+0
3.618934E+3	1.015360E-4	1.264530E+4	0.000000E+0	0.000000E+0
3.622937E+3	1.015580E-4	1.264520E+4	0.000000E+0	0.000000E+0
3.626911E+3	1.015820E-4	1.264500E+4	0.000000E+0	0.000000E+0
3.630940E+3	1.014850E-4	1.264470E+4	0.000000E+0	0.000000E+0
3.634932E+3	1.015470E-4	1.264450E+4	0.000000E+0	0.000000E+0
3.638930E+3	1.013730E-4	1.264410E+4	0.000000E+0	0.000000E+0
3.642930E+3	1.014960E-4	1.264390E+4	0.000000E+0	0.000000E+0
3.646930E+3	1.014640E-4	1.264380E+4	0.000000E+0	0.000000E+0
3.650935E+3	1.015370E-4	1.264330E+4	0.000000E+0	0.000000E+0
3.654908E+3	1.014680E-4	1.264310E+4	0.000000E+0	0.000000E+0
3.658944E+3	1.014650E-4	1.264290E+4	0.000000E+0	0.000000E+0
3.662931E+3	1.014040E-4	1.264260E+4	0.000000E+0	0.000000E+0
3.666933E+3	1.014630E-4	1.264240E+4	0.000000E+0	0.000000E+0
3.670933E+3	1.014020E-4	1.264220E+4	0.000000E+0	0.000000E+0
3.674915E+3	1.012890E-4	1.264200E+4	0.000000E+0	0.000000E+0
3.678941E+3	1.014530E-4	1.264180E+4	0.000000E+0	0.000000E+0
3.682931E+3	1.015750E-4	1.264150E+4	0.000000E+0	0.000000E+0
3.686911E+3	1.016380E-4	1.264130E+4	0.000000E+0	0.000000E+0
3.690947E+3	1.014540E-4	1.264120E+4	0.000000E+0	0.000000E+0
3.694911E+3	1.014830E-4	1.264090E+4	0.000000E+0	0.000000E+0
3.698950E+3	1.012600E-4	1.264080E+4	0.000000E+0	0.000000E+0
3.702910E+3	1.013850E-4	1.264060E+4	0.000000E+0	0.000000E+0
3.706926E+3	1.014450E-4	1.264030E+4	0.000000E+0	0.000000E+0
3.710930E+3	1.015230E-4	1.264010E+4	0.000000E+0	0.000000E+0
3.714933E+3	1.014610E-4	1.263990E+4	0.000000E+0	0.000000E+0
3.718934E+3	1.014410E-4	1.263980E+4	0.000000E+0	0.000000E+0
3.722932E+3	1.015130E-4	1.263960E+4	0.000000E+0	0.000000E+0
3.726932E+3	1.015490E-4	1.263940E+4	0.000000E+0	0.000000E+0
3.730935E+3	1.014780E-4	1.263900E+4	0.000000E+0	0.000000E+0
3.734915E+3	1.014510E-4	1.263890E+4	0.000000E+0	0.000000E+0
3.738949E+3	1.014260E-4	1.263860E+4	0.000000E+0	0.000000E+0
3.742932E+3	1.012740E-4	1.263830E+4	0.000000E+0	0.000000E+0
3.746930E+3	1.012610E-4	1.263800E+4	0.000000E+0	0.000000E+0
3.750930E+3	1.011730E-4	1.263790E+4	0.000000E+0	0.000000E+0
3.754928E+3	1.012130E-4	1.263760E+4	0.000000E+0	0.000000E+0
3.758931E+3	1.012900E-4	1.263750E+4	0.000000E+0	0.000000E+0
3.762933E+3	1.012920E-4	1.263730E+4	0.000000E+0	0.000000E+0
3.766936E+3	1.012170E-4	1.263710E+4	0.000000E+0	0.000000E+0
3.770931E+3	1.012510E-4	1.263690E+4	0.000000E+0	0.000000E+0
3.774929E+3	1.013370E-4	1.263670E+4	0.000000E+0	0.000000E+0
3.778929E+3	1.012720E-4	1.263640E+4	0.000000E+0	0.000000E+0
3.782932E+3	1.011590E-4	1.263630E+4	0.000000E+0	0.000000E+0
3.786934E+3	1.014040E-4	1.263600E+4	0.000000E+0	0.000000E+0
3.790939E+3	1.012890E-4	1.263560E+4	0.000000E+0	0.000000E+0
3.794938E+3	1.012570E-4	1.263530E+4	0.000000E+0	0.000000E+0
3.798932E+3	1.013770E-4	1.263520E+4	0.000000E+0	0.000000E+0
3.802932E+3	1.013410E-4	1.263500E+4	0.000000E+0	0.000000E+0
3.806929E+3	1.012990E-4	1.263460E+4	0.000000E+0	0.000000E+0
3.810926E+3	1.012950E-4	1.263440E+4	0.000000E+0	0.000000E+0
3.814930E+3	1.011830E-4	1.263420E+4	0.000000E+0	0.000000E+0
3.818928E+3	1.011420E-4	1.263400E+4	0.000000E+0	0.000000E+0
3.822932E+3	1.013590E-4	1.263380E+4	0.000000E+0	0.000000E+0
3.826933E+3	1.012610E-4	1.263350E+4	0.000000E+0	0.000000E+0
3.830931E+3	1.014100E-4	1.263320E+4	0.000000E+0	0.000000E+0
3.834928E+3	1.013990E-4	1.263300E+4	0.000000E+0	0.000000E+0
3.838936E+3	1.012450E-4	1.263280E+4	0.000000E+0	0.000000E+0
3.842934E+3	1.014060E-4	1.263270E+4	0.000000E+0	0.000000E+0
3.846938E+3	1.016970E-4	1.263230E+4	0.000000E+0	0.000000E+0
3.850937E+3	1.015300E-4	1.263220E+4	0.000000E+0	0.000000E+0
3.854931E+3	1.017020E-4	1.263180E+4	0.000000E+0	0.000000E+0
3.858929E+3	1.017580E-4	1.263160E+4	0.000000E+0	0.000000E+0
3.862932E+3	1.017970E-4	1.263140E+4	0.000000E+0	0.000000E+0
3.866936E+3	1.017530E-4	1.263110E+4	0.000000E+0	0.000000E+0
3.870935E+3	1.017530E-4	1.263090E+4	0.000000E+0	0.000000E+0
3.874934E+3	1.018300E-4	1.263060E+4	0.000000E+0	0.000000E+0
3.878932E+3	1.016770E-4	1.263050E+4	0.000000E+0	0.000000E+0
3.882934E+3	1.016780E-4	1.263030E+4	0.000000E+0	0.000000E+0
3.886930E+3	1.016000E-4	1.263000E+4	0.000000E+0	0.000000E+0
3.890929E+3	1.017510E-4	1.262980E+4	0.000000E+0	0.000000E+0
3.894927E+3	1.016620E-4	1.262970E+4	0.000000E+0	0.000000E+0
3.898928E+3	1.016960E-4	1.262950E+4	0.000000E+0	0.000000E+0
3.902932E+3	1.016190E-4	1.262940E+4	0.000000E+0	0.000000E+0
3.906932E+3	1.015540E-4	1.262920E+4	0.000000E+0	0.000000E+0
3.910930E+3	1.016440E-4	1.262910E+4	0.000000E+0	0.000000E+0
3.914931E+3	1.016060E-4	1.262890E+4	0.000000E+0	0.000000E+0
3.918933E+3	1.017020E-4	1.262890E+4	0.000000E+0	0.000000E+0
3.922931E+3	1.018230E-4	1.262850E+4	0.000000E+0	0.000000E+0
3.926930E+3	1.015870E-4	1.262850E+4	0.000000E+0	0.000000E+0
3.930931E+3	1.016130E-4	1.262840E+4	0.000000E+0	0.000000E+0
3.934931E+3	1.016500E-4	1.262820E+4	0.000000E+0	0.000000E+0
3.938931E+3	1.016570E-4	1.262810E+4	0.000000E+0	0.000000E+0
3.942928E+3	1.017160E-4	1.262790E+4	0.000000E+0	0.000000E+0
3.946931E+3	1.017800E-4	1.262780E+4	0.000000E+0	0.000000E+0
3.950931E+3	1.016350E-4	1.262770E+4	0.000000E+0	0.000000E+0
3.954931E+3	1.016730E-4	1.262750E+4	0.000000E+0	0.000000E+0
3.958927E+3	1.017300E-4	1.262740E+4	0.000000E+0	0.000000E+0
3.962929E+3	1.015500E-4	1.262720E+4	0.000000E+0	0.000000E+0
3.966930E+3	1.017930E-4	1.262700E+4	0.000000E+0	0.000000E+0
3.970930E+3	1.018430E-4	1.262680E+4	0.000000E+0	0.000000E+0
3.974934E+3	1.018510E-4	1.262660E+4	0.000000E+0	0.000000E+0
3.978935E+3	1.019850E-4	1.262630E+4	0.000000E+0	0.000000E+0
3.982938E+3	1.019550E-4	1.262610E+4	0.000000E+0	0.000000E+0
3.986933E+3	1.018440E-4	1.262580E+4	0.000000E+0	0.000000E+0
3.990932E+3	1.019100E-4	1.262550E+4	0.000000E+0	0.000000E+0
3.994930E+3	1.017600E-4	1.262530E+4	0.000000E+0	0.000000E+0
3.998931E+3	1.019450E-4	1.262490E+4	0.000000E+0	0.000000E+0
4.002935E+3	1.017860E-4	1.262460E+4	0.000000E+0	0.000000E+0
4.006933E+3	1.018330E-4	1.262430E+4	0.000000E+0	0.000000E+0
4.010931E+3	1.018280E-4	1.262410E+4	0.000000E+0	0.000000E+0
4.014928E+3	1.020230E-4	1.262380E+4	0.000000E+0	0.000000E+0
4.018930E+3	1.018930E-4	1.262350E+4	0.000000E+0	0.000000E+0
4.022939E+3	1.019550E-4	1.262330E+4	0.000000E+0	0.000000E+0
4.026936E+3	1.018910E-4	1.262290E+4	0.000000E+0	0.000000E+0
4.030932E+3	1.019940E-4	1.262270E+4	0.000000E+0	0.000000E+0
4.034928E+3	1.017440E-4	1.262230E+4	0.000000E+0	0.000000E+0
4.038932E+3	1.019170E-4	1.262230E+4	0.000000E+0	0.000000E+0
4.042937E+3	1.019520E-4	1.262190E+4	0.000000E+0	0.000000E+0
4.046935E+3	1.019370E-4	1.262170E+4	0.000000E+0	0.000000E+0
4.050934E+3	1.019590E-4	1.262150E+4	0.000000E+0	0.000000E+0
4.054927E+3	1.019180E-4	1.262130E+4	0.000000E+0	0.000000E+0
4.058932E+3	1.018990E-4	1.262100E+4	0.000000E+0	0.000000E+0
4.062932E+3	1.019160E-4	1.262060E+4	0.000000E+0	0.000000E+0
4.066930E+3	1.020110E-4	1.262050E+4	0.000000E+0	0.000000E+0
4.070932E+3	1.017970E-4	1.262020E+4	0.000000E+0	0.000000E+0
4.074933E+3	1.019130E-4	1.262000E+4	0.000000E+0	0.000000E+0
4.078930E+3	1.018560E-4	1.261980E+4	0.000000E+0	0.000000E+0
4.082930E+3	1.018500E-4	1.261960E+4	0.000000E+0	0.000000E+0
4.086930E+3	1.016940E-4	1.261930E+4	0.000000E+0	0.000000E+0
4.090930E+3	1.017240E-4	1.261890E+4	0.000000E+0	0.000000E+0
4.094938E+3	1.018940E-4	1.261870E+4	0.000000E+0	0.000000E+0
4.098933E+3	1.019150E-4	1.261840E+4	0.000000E+0	0.000000E+0
4.102931E+3	1.018890E-4	1.261830E+4	0.000000E+0	0.000000E+0
4.106928E+3	1.017520E-4	1.261800E+4	0.000000E+0	0.000000E+0
4.110929E+3	1.015170E-4	1.261790E+4	0.000000E+0	0.000000E+0
4.114928E+3	1.016330E-4	1.261770E+4	0.000000E+0	0.000000E+0
4.118932E+3	1.014880E-4	1.261750E+4	0.000000E+0	0.000000E+0
4.122928E+3	1.015440E-4	1.261730E+4	0.000000E+0	0.000000E+0
4.126935E+3	1.018350E-4	1.261720E+4	0.000000E+0	0.000000E+0
4.130932E+3	1.015200E-4	1.261690E+4	0.000000E+0	0.000000E+0
4.134929E+3	1.014230E-4	1.261680E+4	0.000000E+0	0.000000E+0
4.138935E+3	1.014880E-4	1.261660E+4	0.000000E+0	0.000000E+0
4.142930E+3	1.016620E-4	1.261640E+4	0.000000E+0	0.000000E+0
4.146933E+3	1.015870E-4	1.261620E+4	0.000000E+0	0.000000E+0
4.150932E+3	1.015330E-4	1.261600E+4	0.000000E+0	0.000000E+0
4.154930E+3	1.016330E-4	1.261590E+4	0.000000E+0	0.000000E+0
4.158933E+3	1.014630E-4	1.261560E+4	0.000000E+0	0.000000E+0
4.162932E+3	1.015060E-4	1.261540E+4	0.000000E+0	0.000000E+0
4.166936E+3	1.014550E-4	1.261530E+4	0.000000E+0	0.000000E+0
4.170930E+3	1.013960E-4	1.261510E+4	0.000000E+0	0.000000E+0
4.174936E+3	1.014580E-4	1.261480E+4	0.000000E+0	0.000000E+0
4.178933E+3	1.015090E-4	1.261480E+4	0.000000E+0	0.000000E+0
4.182936E+3	1.015290E-4	1.261460E+4	0.000000E+0	0.000000E+0
4.186931E+3	1.015870E-4	1.261440E+4	0.000000E+0	0.000000E+0
4.190931E+3	1.015680E-4	1.261420E+4	0.000000E+0	0.000000E+0
4.194929E+3	1.016040E-4	1.261380E+4	0.000000E+0	0.000000E+0
4.198929E+3	1.016210E-4	1.261350E+4	0.000000E+0	0.000000E+0
4.202929E+3	1.015990E-4	1.261330E+4	0.000000E+0	0.000000E+0
4.206934E+3	1.016090E-4	1.261300E+4	0.000000E+0	0.000000E+0
4.210932E+3	1.015950E-4	1.261290E+4	0.000000E+0	0.000000E+0
4.214932E+3	1.016110E-4	1.261250E+4	0.000000E+0	0.000000E+0
4.218932E+3	1.017390E-4	1.261240E+4	0.000000E+0	0.000000E+0
4.222932E+3	1.015860E-4	1.261210E+4	0.000000E+0	0.000000E+0
4.226930E+3	1.016800E-4	1.261190E+4	0.000000E+0	0.000000E+0
4.230929E+3	1.016670E-4	1.261150E+4	0.000000E+0	0.000000E+0
4.234930E+3	1.015540E-4	1.261140E+4	0.000000E+0	0.000000E+0
4.238930E+3	1.014810E-4	1.261110E+4	0.000000E+0	0.000000E+0
4.242929E+3	1.015710E-4	1.261080E+4	0.000000E+0	0.000000E+0
4.246927E+3	1.014480E-4	1.261060E+4	0.000000E+0	0.000000E+0
4.250930E+3	1.015700E-4	1.261030E+4	0.000000E+0	0.000000E+0
4.254933E+3	1.017640E-4	1.261010E+4	0.000000E+0	0.000000E+0
4.258933E+3	1.017490E-4	1.260990E+4	0.000000E+0	0.000000E+0
4.262927E+3	1.016610E-4	1.260970E+4	0.000000E+0	0.000000E+0
4.266933E+3	1.015690E-4	1.260950E+4	0.000000E+0	0.000000E+0
4.270933E+3	1.014860E-4	1.260920E+4	0.000000E+0	0.000000E+0
4.274935E+3	1.016140E-4	1.260900E+4	0.000000E+0	0.000000E+0
4.278928E+3	1.017300E-4	1.260880E+4	0.000000E+0	0.000000E+0
4.282929E+3	1.015640E-4	1.260850E+4	0.000000E+0	0.000000E+0
4.286933E+3	1.014610E-4	1.260830E+4	0.000000E+0	0.000000E+0
4.290930E+3	1.014020E-4	1.260800E+4	0.000000E+0	0.000000E+0
4.294932E+3	1.014180E-4	1.260780E+4	0.000000E+0	0.000000E+0
4.298931E+3	1.013180E-4	1.260760E+4	0.000000E+0	0.000000E+0
4.302931E+3	1.013480E-4	1.260730E+4	0.000000E+0	0.000000E+0
4.306932E+3	1.014010E-4	1.260710E+4	0.000000E+0	0.000000E+0
4.310929E+3	1.013570E-4	1.260670E+4	0.000000E+0	0.000000E+0
4.314930E+3	1.013960E-4	1.260650E+4	0.000000E+0	0.000000E+0
4.318929E+3	1.013420E-4	1.260620E+4	0.000000E+0	0.000000E+0
4.322929E+3	1.013310E-4	1.260600E+4	0.000000E+0	0.000000E+0
4.326929E+3	1.013550E-4	1.260560E+4	0.000000E+0	0.000000E+0
4.330929E+3	1.013650E-4	1.260560E+4	0.000000E+0	0.000000E+0
4.334932E+3	1.013660E-4	1.260530E+4	0.000000E+0	0.000000E+0
4.338932E+3	1.013120E-4	1.260490E+4	0.000000E+0	0.000000E+0
4.342930E+3	1.013010E-4	1.260500E+4	0.000000E+0	0.000000E+0
4.346931E+3	1.012710E-4	1.260470E+4	0.000000E+0	0.000000E+0
4.350935E+3	1.011590E-4	1.260440E+4	0.000000E+0	0.000000E+0
4.354930E+3	1.012120E-4	1.260420E+4	0.000000E+0	0.000000E+0
4.358928E+3	1.013020E-4	1.260400E+4	0.000000E+0	0.000000E+0
4.362926E+3	1.012980E-4	1.260380E+4	0.000000E+0	0.000000E+0
4.366928E+3	1.013500E-4	1.260360E+4	0.000000E+0	0.000000E+0
4.370934E+3	1.013750E-4	1.260330E+4	0.000000E+0	0.000000E+0
4.374929E+3	1.013630E-4	1.260310E+4	0.000000E+0	0.000000E+0
4.378929E+3	1.013050E-4	1.260290E+4	0.000000E+0	0.000000E+0
4.382924E+3	1.013290E-4	1.260270E+4	0.000000E+0	0.000000E+0
4.386931E+3	1.012090E-4	1.260250E+4	0.000000E+0	0.000000E+0
4.390929E+3	1.012690E-4	1.260240E+4	0.000000E+0	0.000000E+0
4.394929E+3	1.013310E-4	1.260210E+4	0.000000E+0	0.000000E+0
4.398929E+3	1.012710E-4	1.260190E+4	0.000000E+0	0.000000E+0
4.402933E+3	1.016070E-4	1.260160E+4	0.000000E+0	0.000000E+0
4.406929E+3	1.014150E-4	1.260150E+4	0.000000E+0	0.000000E+0
4.410927E+3	1.013700E-4	1.260120E+4	0.000000E+0	0.000000E+0
4.414927E+3	1.015210E-4	1.260100E+4	0.000000E+0	0.000000E+0
4.418932E+3	1.014780E-4	1.260100E+4	0.000000E+0	0.000000E+0
4.422930E+3	1.015330E-4	1.260060E+4	0.000000E+0	0.000000E+0
4.426928E+3	1.013940E-4	1.260040E+4	0.000000E+0	0.000000E+0
4.430927E+3	1.014800E-4	1.260010E+4	0.000000E+0	0.000000E+0
4.434937E+3	1.013580E-4	1.259990E+4	0.000000E+0	0.000000E+0
4.438928E+3	1.014320E-4	1.259970E+4	0.000000E+0	0.000000E+0
4.442928E+3	1.012930E-4	1.259960E+4	0.000000E+0	0.000000E+0
4.446925E+3	1.012350E-4	1.259940E+4	0.000000E+0	0.000000E+0
4.450927E+3	1.014740E-4	1.259920E+4	0.000000E+0	0.000000E+0
4.454928E+3	1.014490E-4	1.259910E+4	0.000000E+0	0.000000E+0
4.458928E+3	1.014700E-4	1.259890E+4	0.000000E+0	0.000000E+0
4.462932E+3	1.014330E-4	1.259880E+4	0.000000E+0	0.000000E+0
4.466930E+3	1.015400E-4	1.259860E+4	0.000000E+0	0.000000E+0
4.470929E+3	1.014030E-4	1.259840E+4	0.000000E+0	0.000000E+0
4.474929E+3	1.013000E-4	1.259820E+4	0.000000E+0	0.000000E+0
4.478926E+3	1.013320E-4	1.259780E+4	0.000000E+0	0.000000E+0
4.482925E+3	1.013990E-4	1.259770E+4	0.000000E+0	0.000000E+0
4.486932E+3	1.015400E-4	1.259760E+4	0.000000E+0	0.000000E+0
4.490930E+3	1.015660E-4	1.259730E+4	0.000000E+0	0.000000E+0
4.494927E+3	1.014990E-4	1.259700E+4	0.000000E+0	0.000000E+0
4.498929E+3	1.014230E-4	1.259670E+4	0.000000E+0	0.000000E+0
4.502927E+3	1.013280E-4	1.259650E+4	0.000000E+0	0.000000E+0
4.506929E+3	1.015230E-4	1.259640E+4	0.000000E+0	0.000000E+0
4.510927E+3	1.014180E-4	1.259610E+4	0.000000E+0	0.000000E+0
4.514928E+3	1.015190E-4	1.259590E+4	0.000000E+0	0.000000E+0
4.518928E+3	1.014410E-4	1.259570E+4	0.000000E+0	0.000000E+0
4.522927E+3	1.014990E-4	1.259550E+4	0.000000E+0	0.000000E+0
4.526925E+3	1.014000E-4	1.259540E+4	0.000000E+0	0.000000E+0
4.530933E+3	1.014490E-4	1.259530E+4	0.000000E+0	0.000000E+0
4.534931E+3	1.015190E-4	1.259510E+4	0.000000E+0	0.000000E+0
4.538929E+3	1.016130E-4	1.259490E+4	0.000000E+0	0.000000E+0
4.542931E+3	1.016010E-4	1.259480E+4	0.000000E+0	0.000000E+0
4.546933E+3	1.016350E-4	1.259450E+4	0.000000E+0	0.000000E+0
4.550933E+3	1.016160E-4	1.259450E+4	0.000000E+0	0.000000E+0
4.554929E+3	1.016170E-4	1.259440E+4	0.000000E+0	0.000000E+0
4.558928E+3	1.015520E-4	1.259430E+4	0.000000E+0	0.000000E+0
4.562931E+3	1.016230E-4	1.259400E+4	0.000000E+0	0.000000E+0
4.566932E+3	1.015440E-4	1.259390E+4	0.000000E+0	0.000000E+0
4.570931E+3	1.016720E-4	1.259370E+4	0.000000E+0	0.000000E+0
4.574927E+3	1.016170E-4	1.259350E+4	0.000000E+0	0.000000E+0
4.578930E+3	1.016130E-4	1.259340E+4	0.000000E+0	0.000000E+0
4.582935E+3	1.016580E-4	1.259330E+4	0.000000E+0	0.000000E+0
4.586930E+3	1.016210E-4	1.259300E+4	0.000000E+0	0.000000E+0
4.590928E+3	1.016060E-4	1.259280E+4	0.000000E+0	0.000000E+0
4.594930E+3	1.015980E-4	1.259260E+4	0.000000E+0	0.000000E+0
4.598928E+3	1.015660E-4	1.259230E+4	0.000000E+0	0.000000E+0
4.602930E+3	1.016630E-4	1.259200E+4	0.000000E+0	0.000000E+0
4.606928E+3	1.015730E-4	1.259180E+4	0.000000E+0	0.000000E+0
4.610928E+3	1.016180E-4	1.259150E+4	0.000000E+0	0.000000E+0
4.614925E+3	1.016740E-4	1.259130E+4	0.000000E+0	0.000000E+0
4.618929E+3	1.016860E-4	1.259110E+4	0.000000E+0	0.000000E+0
4.622928E+3	1.016960E-4	1.259080E+4	0.000000E+0	0.000000E+0
4.626931E+3	1.016070E-4	1.259060E+4	0.000000E+0	0.000000E+0
4.630929E+3	1.015540E-4	1.259030E+4	0.000000E+0	0.000000E+0
4.634932E+3	1.017160E-4	1.259020E+4	0.000000E+0	0.000000E+0
4.638926E+3	1.016600E-4	1.259010E+4	0.000000E+0	0.000000E+0
4.642926E+3	1.016510E-4	1.259000E+4	0.000000E+0	0.000000E+0
4.646928E+3	1.016260E-4	1.258980E+4	0.000000E+0	0.000000E+0
4.650931E+3	1.016940E-4	1.258970E+4	0.000000E+0	0.000000E+0
4.654937E+3	1.015250E-4	1.258940E+4	0.000000E+0	0.000000E+0
4.658909E+3	1.015810E-4	1.258940E+4	0.000000E+0	0.000000E+0
4.662948E+3	1.016690E-4	1.258920E+4	0.000000E+0	0.000000E+0
4.666927E+3	1.016470E-4	1.258910E+4	0.000000E+0	0.000000E+0
4.670929E+3	1.016280E-4	1.258880E+4	0.000000E+0	0.000000E+0
4.674927E+3	1.016620E-4	1.258870E+4	0.000000E+0	0.000000E+0
4.678930E+3	1.016190E-4	1.258840E+4	0.000000E+0	0.000000E+0
4.682930E+3	1.015790E-4	1.258820E+4	0.000000E+0	0.000000E+0
4.686925E+3	1.017490E-4	1.258800E+4	0.000000E+0	0.000000E+0
4.690925E+3	1.017200E-4	1.258770E+4	0.000000E+0	0.000000E+0
4.694928E+3	1.016890E-4	1.258740E+4	0.000000E+0	0.000000E+0
4.698928E+3	1.016860E-4	1.258720E+4	0.000000E+0	0.000000E+0
4.702933E+3	1.016600E-4	1.258690E+4	0.000000E+0	0.000000E+0
4.706931E+3	1.017530E-4	1.258660E+4	0.000000E+0	0.000000E+0
4.710930E+3	1.017270E-4	1.258650E+4	0.000000E+0	0.000000E+0
4.714930E+3	1.016830E-4	1.258620E+4	0.000000E+0	0.000000E+0
4.718929E+3	1.015460E-4	1.258610E+4	0.000000E+0	0.000000E+0
4.722928E+3	1.017060E-4	1.258590E+4	0.000000E+0	0.000000E+0
4.726929E+3	1.016190E-4	1.258570E+4	0.000000E+0	0.000000E+0
4.730928E+3	1.017000E-4	1.258560E+4	0.000000E+0	0.000000E+0
4.734929E+3	1.016820E-4	1.258530E+4	0.000000E+0	0.000000E+0
4.738927E+3	1.017130E-4	1.258520E+4	0.000000E+0	0.000000E+0
4.742929E+3	1.017680E-4	1.258500E+4	0.000000E+0	0.000000E+0
4.746927E+3	1.017340E-4	1.258470E+4	0.000000E+0	0.000000E+0
4.750926E+3	1.018190E-4	1.258440E+4	0.000000E+0	0.000000E+0
4.754927E+3	1.017190E-4	1.258420E+4	0.000000E+0	0.000000E+0
4.758930E+3	1.018050E-4	1.258390E+4	0.000000E+0	0.000000E+0
4.762929E+3	1.017360E-4	1.258370E+4	0.000000E+0	0.000000E+0
4.766927E+3	1.015870E-4	1.258350E+4	0.000000E+0	0.000000E+0
4.770925E+3	1.017310E-4	1.258320E+4	0.000000E+0	0.000000E+0
4.774926E+3	1.017580E-4	1.258300E+4	0.000000E+0	0.000000E+0
4.778928E+3	1.017880E-4	1.258280E+4	0.000000E+0	0.000000E+0
4.782931E+3	1.017900E-4	1.258270E+4	0.000000E+0	0.000000E+0
4.786930E+3	1.017710E-4	1.258250E+4	0.000000E+0	0.000000E+0
4.790931E+3	1.018850E-4	1.258230E+4	0.000000E+0	0.000000E+0
4.794930E+3	1.018070E-4	1.258220E+4	0.000000E+0	0.000000E+0
4.798931E+3	1.018370E-4	1.258190E+4	0.000000E+0	0.000000E+0
4.802926E+3	1.018650E-4	1.258180E+4	0.000000E+0	0.000000E+0
4.806926E+3	1.018530E-4	1.258160E+4	0.000000E+0	0.000000E+0
4.810928E+3	1.017910E-4	1.258130E+4	0.000000E+0	0.000000E+0
4.814926E+3	1.017690E-4	1.258120E+4	0.000000E+0	0.000000E+0
4.818924E+3	1.017670E-4	1.258100E+4	0.000000E+0	0.000000E+0
4.822931E+3	1.018330E-4	1.258090E+4	0.000000E+0	0.000000E+0
4.826927E+3	1.017990E-4	1.258060E+4	0.000000E+0	0.000000E+0
4.830926E+3	1.017030E-4	1.258040E+4	0.000000E+0	0.000000E+0
4.834932E+3	1.018250E-4	1.258020E+4	0.000000E+0	0.000000E+0
4.838935E+3	1.017780E-4	1.258000E+4	0.000000E+0	0.000000E+0
4.842924E+3	1.018030E-4	1.257970E+4	0.000000E+0	0.000000E+0
4.846927E+3	1.018080E-4	1.257960E+4	0.000000E+0	0.000000E+0
4.850927E+3	1.018060E-4	1.257930E+4	0.000000E+0	0.000000E+0
4.854935E+3	1.017640E-4	1.257900E+4	0.000000E+0	0.000000E+0
4.858932E+3	1.017210E-4	1.257890E+4	0.000000E+0	0.000000E+0
4.862928E+3	1.016540E-4	1.257870E+4	0.000000E+0	0.000000E+0
4.866927E+3	1.015990E-4	1.257860E+4	0.000000E+0	0.000000E+0
4.870926E+3	1.016320E-4	1.257840E+4	0.000000E+0	0.000000E+0
4.874933E+3	1.016840E-4	1.257820E+4	0.000000E+0	0.000000E+0
4.878931E+3	1.016910E-4	1.257800E+4	0.000000E+0	0.000000E+0
4.882930E+3	1.016870E-4	1.257780E+4	0.000000E+0	0.000000E+0
4.886930E+3	1.017310E-4	1.257760E+4	0.000000E+0	0.000000E+0
4.890928E+3	1.016950E-4	1.257730E+4	0.000000E+0	0.000000E+0
4.894933E+3	1.016120E-4	1.257710E+4	0.000000E+0	0.000000E+0
4.898932E+3	1.016520E-4	1.257690E+4	0.000000E+0	0.000000E+0
4.902932E+3	1.016090E-4	1.257660E+4	0.000000E+0	0.000000E+0
4.906930E+3	1.016110E-4	1.257640E+4	0.000000E+0	0.000000E+0
4.910931E+3	1.016380E-4	1.257630E+4	0.000000E+0	0.000000E+0
4.914927E+3	1.016360E-4	1.257610E+4	0.000000E+0	0.000000E+0
4.918932E+3	1.016480E-4	1.257600E+4	0.000000E+0	0.000000E+0
4.922932E+3	1.016670E-4	1.257570E+4	0.000000E+0	0.000000E+0
4.926932E+3	1.017050E-4	1.257550E+4	0.000000E+0	0.000000E+0
4.930927E+3	1.015800E-4	1.257540E+4	0.000000E+0	0.000000E+0
4.934929E+3	1.015970E-4	1.257500E+4	0.000000E+0	0.000000E+0
4.938924E+3	1.015880E-4	1.257470E+4	0.000000E+0	0.000000E+0
4.942932E+3	1.016410E-4	1.257450E+4	0.000000E+0	0.000000E+0
4.946927E+3	1.015950E-4	1.257420E+4	0.000000E+0	0.000000E+0
4.950927E+3	1.015110E-4	1.257410E+4	0.000000E+0	0.000000E+0
4.954939E+3	1.016750E-4	1.257390E+4	0.000000E+0	0.000000E+0
4.958907E+3	1.016510E-4	1.257370E+4	0.000000E+0	0.000000E+0
4.962947E+3	1.015430E-4	1.257370E+4	0.000000E+0	0.000000E+0
4.966934E+3	1.015360E-4	1.257350E+4	0.000000E+0	0.000000E+0
4.970932E+3	1.016660E-4	1.257340E+4	0.000000E+0	0.000000E+0
4.974926E+3	1.016380E-4	1.257330E+4	0.000000E+0	0.000000E+0
4.978929E+3	1.016900E-4	1.257310E+4	0.000000E+0	0.000000E+0
4.982926E+3	1.016620E-4	1.257290E+4	0.000000E+0	0.000000E+0
4.986929E+3	1.017460E-4	1.257280E+4	0.000000E+0	0.000000E+0
4.990932E+3	1.015580E-4	1.257260E+4	0.000000E+0	0.000000E+0
4.994931E+3	1.015340E-4	1.257240E+4	0.000000E+0	0.000000E+0
4.998926E+3	1.016190E-4	1.257220E+4	0.000000E+0	0.000000E+0
5.002927E+3	1.015720E-4	1.257200E+4	0.000000E+0	0.000000E+0
5.006932E+3	1.016700E-4	1.257170E+4	0.000000E+0	0.000000E+0
5.010929E+3	1.016320E-4	1.257140E+4	0.000000E+0	0.000000E+0
5.014929E+3	1.015120E-4	1.257130E+4	0.000000E+0	0.000000E+0
5.018930E+3	1.015570E-4	1.257100E+4	0.000000E+0	0.000000E+0
5.022933E+3	1.015470E-4	1.257080E+4	0.000000E+0	0.000000E+0
5.026932E+3	1.016540E-4	1.257060E+4	0.000000E+0	0.000000E+0
5.030932E+3	1.015860E-4	1.257050E+4	0.000000E+0	0.000000E+0
5.034935E+3	1.015440E-4	1.257040E+4	0.000000E+0	0.000000E+0
5.038925E+3	1.016250E-4	1.257010E+4	0.000000E+0	0.000000E+0
5.042932E+3	1.016390E-4	1.256990E+4	0.000000E+0	0.000000E+0
5.046931E+3	1.015000E-4	1.256980E+4	0.000000E+0	0.000000E+0
5.050931E+3	1.015830E-4	1.256950E+4	0.000000E+0	0.000000E+0
5.054930E+3	1.017510E-4	1.256930E+4	0.000000E+0	0.000000E+0
5.058931E+3	1.016170E-4	1.256920E+4	0.000000E+0	0.000000E+0
5.062933E+3	1.016680E-4	1.256900E+4	0.000000E+0	0.000000E+0
5.066934E+3	1.015880E-4	1.256880E+4	0.000000E+0	0.000000E+0
5.070928E+3	1.015600E-4	1.256870E+4	0.000000E+0	0.000000E+0
5.074926E+3	1.013880E-4	1.256840E+4	0.000000E+0	0.000000E+0
5.078926E+3	1.013170E-4	1.256840E+4	0.000000E+0	0.000000E+0
5.082929E+3	1.014240E-4	1.256810E+4	0.000000E+0	0.000000E+0
5.086932E+3	1.013910E-4	1.256810E+4	0.000000E+0	0.000000E+0
5.090931E+3	1.015150E-4	1.256790E+4	0.000000E+0	0.000000E+0
5.094932E+3	1.014270E-4	1.256770E+4	0.000000E+0	0.000000E+0
5.098934E+3	1.014540E-4	1.256740E+4	0.000000E+0	0.000000E+0
5.102927E+3	1.014180E-4	1.256720E+4	0.000000E+0	0.000000E+0
5.106929E+3	1.014410E-4	1.256700E+4	0.000000E+0	0.000000E+0
5.110929E+3	1.013700E-4	1.256680E+4	0.000000E+0	0.000000E+0
5.114930E+3	1.014210E-4	1.256650E+4	0.000000E+0	0.000000E+0
5.118933E+3	1.014630E-4	1.256650E+4	0.000000E+0	0.000000E+0
5.122932E+3	1.014630E-4	1.256620E+4	0.000000E+0	0.000000E+0
5.126930E+3	1.015360E-4	1.256590E+4	0.000000E+0	0.000000E+0
5.130935E+3	1.015120E-4	1.256560E+4	0.000000E+0	0.000000E+0
5.134930E+3	1.016270E-4	1.256540E+4	0.000000E+0	0.000000E+0
5.138930E+3	1.016400E-4	1.256510E+4	0.000000E+0	0.000000E+0
5.142931E+3	1.015560E-4	1.256490E+4	0.000000E+0	0.000000E+0
5.146933E+3	1.015280E-4	1.256480E+4	0.000000E+0	0.000000E+0
5.150933E+3	1.017320E-4	1.256460E+4	0.000000E+0	0.000000E+0
5.154931E+3	1.016490E-4	1.256430E+4	0.000000E+0	0.000000E+0
5.158929E+3	1.017080E-4	1.256420E+4	0.000000E+0	0.000000E+0
5.162933E+3	1.016090E-4	1.256390E+4	0.000000E+0	0.000000E+0
5.166932E+3	1.014740E-4	1.256380E+4	0.000000E+0	0.000000E+0
5.170929E+3	1.017340E-4	1.256360E+4	0.000000E+0	0.000000E+0
5.174927E+3	1.016380E-4	1.256350E+4	0.000000E+0	0.000000E+0
5.178929E+3	1.017110E-4	1.256330E+4	0.000000E+0	0.000000E+0
5.182927E+3	1.015490E-4	1.256310E+4	0.000000E+0	0.000000E+0
5.186927E+3	1.016030E-4	1.256300E+4	0.000000E+0	0.000000E+0
5.190929E+3	1.014540E-4	1.256280E+4	0.000000E+0	0.000000E+0
5.194927E+3	1.014990E-4	1.256270E+4	0.000000E+0	0.000000E+0
5.198930E+3	1.014970E-4	1.256260E+4	0.000000E+0	0.000000E+0
5.202932E+3	1.015870E-4	1.256220E+4	0.000000E+0	0.000000E+0
5.206932E+3	1.019550E-4	1.256210E+4	0.000000E+0	0.000000E+0
5.210935E+3	1.018700E-4	1.256200E+4	0.000000E+0	0.000000E+0
5.214930E+3	1.018070E-4	1.256180E+4	0.000000E+0	0.000000E+0
5.218931E+3	1.018830E-4	1.256170E+4	0.000000E+0	0.000000E+0
5.222931E+3	1.018850E-4	1.256150E+4	0.000000E+0	0.000000E+0
5.226928E+3	1.017960E-4	1.256130E+4	0.000000E+0	0.000000E+0
5.230929E+3	1.018770E-4	1.256120E+4	0.000000E+0	0.000000E+0
5.234931E+3	1.018430E-4	1.256090E+4	0.000000E+0	0.000000E+0
5.238928E+3	1.017400E-4	1.256070E+4	0.000000E+0	0.000000E+0
5.242929E+3	1.017680E-4	1.256060E+4	0.000000E+0	0.000000E+0
5.246931E+3	1.019470E-4	1.256030E+4	0.000000E+0	0.000000E+0
5.250932E+3	1.017770E-4	1.256010E+4	0.000000E+0	0.000000E+0
5.254931E+3	1.017120E-4	1.255980E+4	0.000000E+0	0.000000E+0
5.258929E+3	1.017760E-4	1.255960E+4	0.000000E+0	0.000000E+0
5.262927E+3	1.018410E-4	1.255930E+4	0.000000E+0	0.000000E+0
5.266933E+3	1.019080E-4	1.255920E+4	0.000000E+0	0.000000E+0
5.270929E+3	1.018260E-4	1.255890E+4	0.000000E+0	0.000000E+0
5.274929E+3	1.019410E-4	1.255870E+4	0.000000E+0	0.000000E+0
5.278934E+3	1.019220E-4	1.255850E+4	0.000000E+0	0.000000E+0
5.282935E+3	1.018730E-4	1.255830E+4	0.000000E+0	0.000000E+0
5.286933E+3	1.017800E-4	1.255820E+4	0.000000E+0	0.000000E+0
5.290932E+3	1.019100E-4	1.255800E+4	0.000000E+0	0.000000E+0
5.294932E+3	1.017620E-4	1.255780E+4	0.000000E+0	0.000000E+0
5.298932E+3	1.017930E-4	1.255770E+4	0.000000E+0	0.000000E+0
5.302931E+3	1.019550E-4	1.255760E+4	0.000000E+0	0.000000E+0
5.306930E+3	1.018370E-4	1.255750E+4	0.000000E+0	0.000000E+0
5.310930E+3	1.019440E-4	1.255710E+4	0.000000E+0	0.000000E+0
5.314931E+3	1.019760E-4	1.255690E+4	0.000000E+0	0.000000E+0
5.318931E+3	1.019060E-4	1.255680E+4	0.000000E+0	0.000000E+0
5.322929E+3	1.019220E-4	1.255650E+4	0.000000E+0	0.000000E+0
5.326928E+3	1.018300E-4	1.255640E+4	0.000000E+0	0.000000E+0
5.330931E+3	1.019650E-4	1.255610E+4	0.000000E+0	0.000000E+0
5.334931E+3	1.019610E-4	1.255600E+4	0.000000E+0	0.000000E+0
5.338931E+3	1.019200E-4	1.255590E+4	0.000000E+0	0.000000E+0
5.342932E+3	1.019120E-4	1.255560E+4	0.000000E+0	0.000000E+0
5.346936E+3	1.018060E-4	1.255540E+4	0.000000E+0	0.000000E+0
5.350931E+3	1.019330E-4	1.255540E+4	0.000000E+0	0.000000E+0
5.354929E+3	1.017970E-4	1.255530E+4	0.000000E+0	0.000000E+0
5.358930E+3	1.017990E-4	1.255500E+4	0.000000E+0	0.000000E+0
5.362932E+3	1.019750E-4	1.255500E+4	0.000000E+0	0.000000E+0
5.366930E+3	1.019310E-4	1.255480E+4	0.000000E+0	0.000000E+0
5.370930E+3	1.017910E-4	1.255470E+4	0.000000E+0	0.000000E+0
5.374933E+3	1.019980E-4	1.255460E+4	0.000000E+0	0.000000E+0
5.378933E+3	1.019910E-4	1.255430E+4	0.000000E+0	0.000000E+0
5.382930E+3	1.019550E-4	1.255410E+4	0.000000E+0	0.000000E+0
5.386927E+3	1.018270E-4	1.255390E+4	0.000000E+0	0.000000E+0
5.390925E+3	1.016280E-4	1.255370E+4	0.000000E+0	0.000000E+0
5.394931E+3	1.017030E-4	1.255350E+4	0.000000E+0	0.000000E+0
5.398935E+3	1.018300E-4	1.255340E+4	0.000000E+0	0.000000E+0
5.402931E+3	1.019240E-4	1.255320E+4	0.000000E+0	0.000000E+0
5.406928E+3	1.020150E-4	1.255300E+4	0.000000E+0	0.000000E+0
5.410929E+3	1.021050E-4	1.255280E+4	0.000000E+0	0.000000E+0
5.414931E+3	1.018510E-4	1.255270E+4	0.000000E+0	0.000000E+0
5.418931E+3	1.018910E-4	1.255250E+4	0.000000E+0	0.000000E+0
5.422928E+3	1.018910E-4	1.255250E+4	0.000000E+0	0.000000E+0
5.426931E+3	1.018590E-4	1.255240E+4	0.000000E+0	0.000000E+0
5.430931E+3	1.019100E-4	1.255220E+4	0.000000E+0	0.000000E+0
5.434929E+3	1.021560E-4	1.255190E+4	0.000000E+0	0.000000E+0
5.438929E+3	1.019760E-4	1.255170E+4	0.000000E+0	0.000000E+0
5.442934E+3	1.019380E-4	1.255180E+4	0.000000E+0	0.000000E+0
5.446932E+3	1.019380E-4	1.255160E+4	0.000000E+0	0.000000E+0
5.450929E+3	1.018940E-4	1.255140E+4	0.000000E+0	0.000000E+0
5.454926E+3	1.019550E-4	1.255130E+4	0.000000E+0	0.000000E+0
5.458927E+3	1.018790E-4	1.255120E+4	0.000000E+0	0.000000E+0
5.462937E+3	1.018740E-4	1.255100E+4	0.000000E+0	0.000000E+0
5.466933E+3	1.018330E-4	1.255080E+4	0.000000E+0	0.000000E+0
5.470928E+3	1.018630E-4	1.255050E+4	0.000000E+0	0.000000E+0
5.474928E+3	1.018690E-4	1.255040E+4	0.000000E+0	0.000000E+0
5.478928E+3	1.018320E-4	1.255020E+4	0.000000E+0	0.000000E+0
5.482928E+3	1.018860E-4	1.255010E+4	0.000000E+0	0.000000E+0
5.486927E+3	1.019710E-4	1.254980E+4	0.000000E+0	0.000000E+0
5.490930E+3	1.018990E-4	1.254970E+4	0.000000E+0	0.000000E+0
5.494931E+3	1.018880E-4	1.254940E+4	0.000000E+0	0.000000E+0
5.498931E+3	1.018500E-4	1.254920E+4	0.000000E+0	0.000000E+0
5.502926E+3	1.017860E-4	1.254900E+4	0.000000E+0	0.000000E+0
5.506926E+3	1.018640E-4	1.254870E+4	0.000000E+0	0.000000E+0
5.510929E+3	1.018750E-4	1.254850E+4	0.000000E+0	0.000000E+0
5.514931E+3	1.019280E-4	1.254840E+4	0.000000E+0	0.000000E+0
5.518932E+3	1.018800E-4	1.254820E+4	0.000000E+0	0.000000E+0
5.522929E+3	1.020100E-4	1.254800E+4	0.000000E+0	0.000000E+0
5.526927E+3	1.017720E-4	1.254780E+4	0.000000E+0	0.000000E+0
5.530930E+3	1.018820E-4	1.254780E+4	0.000000E+0	0.000000E+0
5.534930E+3	1.020880E-4	1.254740E+4	0.000000E+0	0.000000E+0
5.538929E+3	1.019160E-4	1.254730E+4	0.000000E+0	0.000000E+0
5.542932E+3	1.019520E-4	1.254690E+4	0.000000E+0	0.000000E+0
5.546932E+3	1.019650E-4	1.254680E+4	0.000000E+0	0.000000E+0
5.550927E+3	1.021090E-4	1.254660E+4	0.000000E+0	0.000000E+0
5.554930E+3	1.017830E-4	1.254630E+4	0.000000E+0	0.000000E+0
5.558927E+3	1.021690E-4	1.254610E+4	0.000000E+0	0.000000E+0
5.562933E+3	1.021480E-4	1.254600E+4	0.000000E+0	0.000000E+0
5.566930E+3	1.019820E-4	1.254580E+4	0.000000E+0	0.000000E+0
5.570931E+3	1.018830E-4	1.254570E+4	0.000000E+0	0.000000E+0
5.574928E+3	1.019550E-4	1.254540E+4	0.000000E+0	0.000000E+0
5.578931E+3	1.018450E-4	1.254530E+4	0.000000E+0	0.000000E+0
5.582928E+3	1.017330E-4	1.254510E+4	0.000000E+0	0.000000E+0
5.586930E+3	1.017640E-4	1.254500E+4	0.000000E+0	0.000000E+0
5.590931E+3	1.016980E-4	1.254470E+4	0.000000E+0	0.000000E+0
5.594933E+3	1.017520E-4	1.254440E+4	0.000000E+0	0.000000E+0
5.598931E+3	1.018590E-4	1.254430E+4	0.000000E+0	0.000000E+0
5.602928E+3	1.015870E-4	1.254410E+4	0.000000E+0	0.000000E+0
5.606929E+3	1.018190E-4	1.254390E+4	0.000000E+0	0.000000E+0
5.610932E+3	1.018540E-4	1.254350E+4	0.000000E+0	0.000000E+0
5.614931E+3	1.017900E-4	1.254340E+4	0.000000E+0	0.000000E+0
5.618927E+3	1.019100E-4	1.254330E+4	0.000000E+0	0.000000E+0
5.622929E+3	1.019560E-4	1.254310E+4	0.000000E+0	0.000000E+0
5.626930E+3	1.019600E-4	1.254300E+4	0.000000E+0	0.000000E+0
5.630929E+3	1.019870E-4	1.254290E+4	0.000000E+0	0.000000E+0
5.634927E+3	1.019530E-4	1.254270E+4	0.000000E+0	0.000000E+0
5.638925E+3	1.019260E-4	1.254260E+4	0.000000E+0	0.000000E+0
5.642926E+3	1.019600E-4	1.254240E+4	0.000000E+0	0.000000E+0
5.646930E+3	1.019440E-4	1.254220E+4	0.000000E+0	0.000000E+0
5.650928E+3	1.018450E-4	1.254210E+4	0.000000E+0	0.000000E+0
5.654928E+3	1.019130E-4	1.254190E+4	0.000000E+0	0.000000E+0
5.658933E+3	1.019900E-4	1.254170E+4	0.000000E+0	0.000000E+0
5.662933E+3	1.019270E-4	1.254150E+4	0.000000E+0	0.000000E+0
5.666930E+3	1.020110E-4	1.254160E+4	0.000000E+0	0.000000E+0
5.670931E+3	1.017730E-4	1.254140E+4	0.000000E+0	0.000000E+0
5.674932E+3	1.019050E-4	1.254110E+4	0.000000E+0	0.000000E+0
5.678931E+3	1.018960E-4	1.254120E+4	0.000000E+0	0.000000E+0
5.682929E+3	1.019110E-4	1.254090E+4	0.000000E+0	0.000000E+0
5.686933E+3	1.019720E-4	1.254080E+4	0.000000E+0	0.000000E+0
5.690930E+3	1.021570E-4	1.254050E+4	0.000000E+0	0.000000E+0
5.694928E+3	1.022480E-4	1.254040E+4	0.000000E+0	0.000000E+0
5.698926E+3	1.021320E-4	1.254020E+4	0.000000E+0	0.000000E+0
5.702931E+3	1.022510E-4	1.254000E+4	0.000000E+0	0.000000E+0
5.706930E+3	1.022410E-4	1.253980E+4	0.000000E+0	0.000000E+0
5.710929E+3	1.021930E-4	1.253970E+4	0.000000E+0	0.000000E+0
5.714927E+3	1.022310E-4	1.253940E+4	0.000000E+0	0.000000E+0
5.718935E+3	1.021960E-4	1.253930E+4	0.000000E+0	0.000000E+0
5.722930E+3	1.021650E-4	1.253920E+4	0.000000E+0	0.000000E+0
5.726933E+3	1.021780E-4	1.253890E+4	0.000000E+0	0.000000E+0
5.730932E+3	1.020430E-4	1.253870E+4	0.000000E+0	0.000000E+0
5.734932E+3	1.020150E-4	1.253860E+4	0.000000E+0	0.000000E+0
5.738933E+3	1.020790E-4	1.253840E+4	0.000000E+0	0.000000E+0
5.742933E+3	1.020740E-4	1.253810E+4	0.000000E+0	0.000000E+0
5.746930E+3	1.020610E-4	1.253790E+4	0.000000E+0	0.000000E+0
5.750930E+3	1.020580E-4	1.253770E+4	0.000000E+0	0.000000E+0
5.754931E+3	1.021950E-4	1.253760E+4	0.000000E+0	0.000000E+0
5.758931E+3	1.022110E-4	1.253740E+4	0.000000E+0	0.000000E+0
5.762930E+3	1.021600E-4	1.253710E+4	0.000000E+0	0.000000E+0
5.766926E+3	1.021130E-4	1.253680E+4	0.000000E+0	0.000000E+0
5.770930E+3	1.021330E-4	1.253670E+4	0.000000E+0	0.000000E+0
5.774928E+3	1.021810E-4	1.253660E+4	0.000000E+0	0.000000E+0
5.778931E+3	1.022020E-4	1.253640E+4	0.000000E+0	0.000000E+0
5.782934E+3	1.021380E-4	1.253620E+4	0.000000E+0	0.000000E+0
5.786935E+3	1.021570E-4	1.253610E+4	0.000000E+0	0.000000E+0
5.790931E+3	1.020930E-4	1.253590E+4	0.000000E+0	0.000000E+0
5.794931E+3	1.021270E-4	1.253570E+4	0.000000E+0	0.000000E+0
5.798934E+3	1.021110E-4	1.253560E+4	0.000000E+0	0.000000E+0
5.802935E+3	1.021310E-4	1.253550E+4	0.000000E+0	0.000000E+0
5.806927E+3	1.021270E-4	1.253540E+4	0.000000E+0	0.000000E+0
5.810930E+3	1.021840E-4	1.253520E+4	0.000000E+0	0.000000E+0
5.814927E+3	1.021610E-4	1.253510E+4	0.000000E+0	0.000000E+0
5.818931E+3	1.021100E-4	1.253470E+4	0.000000E+0	0.000000E+0
5.822932E+3	1.019660E-4	1.253480E+4	0.000000E+0	0.000000E+0
5.826932E+3	1.019890E-4	1.253460E+4	0.000000E+0	0.000000E+0
5.830928E+3	1.019550E-4	1.253460E+4	0.000000E+0	0.000000E+0
5.834931E+3	1.019330E-4	1.253450E+4	0.000000E+0	0.000000E+0
5.838931E+3	1.019320E-4	1.253430E+4	0.000000E+0	0.000000E+0
5.842931E+3	1.020650E-4	1.253420E+4	0.000000E+0	0.000000E+0
5.846933E+3	1.020380E-4	1.253420E+4	0.000000E+0	0.000000E+0
5.850934E+3	1.020310E-4	1.253380E+4	0.000000E+0	0.000000E+0
5.854936E+3	1.020110E-4	1.253360E+4	0.000000E+0	0.000000E+0
5.858934E+3	1.020170E-4	1.253350E+4	0.000000E+0	0.000000E+0
5.862932E+3	1.019630E-4	1.253330E+4	0.000000E+0	0.000000E+0
5.866936E+3	1.019950E-4	1.253320E+4	0.000000E+0	0.000000E+0
5.870931E+3	1.019630E-4	1.253290E+4	0.000000E+0	0.000000E+0
5.874929E+3	1.019180E-4	1.253280E+4	0.000000E+0	0.000000E+0
5.878927E+3	1.019930E-4	1.253260E+4	0.000000E+0	0.000000E+0
5.882928E+3	1.020570E-4	1.253240E+4	0.000000E+0	0.000000E+0
5.886931E+3	1.020320E-4	1.253220E+4	0.000000E+0	0.000000E+0
5.890930E+3	1.019940E-4	1.253210E+4	0.000000E+0	0.000000E+0
5.894930E+3	1.019810E-4	1.253190E+4	0.000000E+0	0.000000E+0
5.898941E+3	1.019390E-4	1.253180E+4	0.000000E+0	0.000000E+0
5.902935E+3	1.017970E-4	1.253170E+4	0.000000E+0	0.000000E+0
5.906933E+3	1.019230E-4	1.253150E+4	0.000000E+0	0.000000E+0
5.910930E+3	1.019030E-4	1.253130E+4	0.000000E+0	0.000000E+0
5.914933E+3	1.019890E-4	1.253110E+4	0.000000E+0	0.000000E+0
5.918927E+3	1.020030E-4	1.253100E+4	0.000000E+0	0.000000E+0
5.922930E+3	1.020580E-4	1.253080E+4	0.000000E+0	0.000000E+0
5.926930E+3	1.021490E-4	1.253060E+4	0.000000E+0	0.000000E+0
5.930931E+3	1.023910E-4	1.253040E+4	0.000000E+0	0.000000E+0
5.934931E+3	1.024370E-4	1.253030E+4	0.000000E+0	0.000000E+0
5.938928E+3	1.023190E-4	1.253010E+4	0.000000E+0	0.000000E+0
5.942928E+3	1.023020E-4	1.252980E+4	0.000000E+0	0.000000E+0
5.946930E+3	1.022530E-4	1.252960E+4	0.000000E+0	0.000000E+0
5.950929E+3	1.023150E-4	1.252940E+4	0.000000E+0	0.000000E+0
5.954929E+3	1.022750E-4	1.252910E+4	0.000000E+0	0.000000E+0
5.958928E+3	1.022070E-4	1.252890E+4	0.000000E+0	0.000000E+0
5.962934E+3	1.022370E-4	1.252860E+4	0.000000E+0	0.000000E+0
5.966931E+3	1.022000E-4	1.252840E+4	0.000000E+0	0.000000E+0
5.970931E+3	1.021540E-4	1.252830E+4	0.000000E+0	0.000000E+0
5.974929E+3	1.021570E-4	1.252800E+4	0.000000E+0	0.000000E+0
5.978930E+3	1.022060E-4	1.252780E+4	0.000000E+0	0.000000E+0
5.982934E+3	1.021750E-4	1.252760E+4	0.000000E+0	0.000000E+0
5.986932E+3	1.019920E-4	1.252730E+4	0.000000E+0	0.000000E+0
5.990930E+3	1.021870E-4	1.252700E+4	0.000000E+0	0.000000E+0
5.994932E+3	1.020050E-4	1.252690E+4	0.000000E+0	0.000000E+0
5.998927E+3	1.020430E-4	1.252650E+4	0.000000E+0	0.000000E+0
6.002932E+3	1.020040E-4	1.252650E+4	0.000000E+0	0.000000E+0
6.006931E+3	1.020530E-4	1.252630E+4	0.000000E+0	0.000000E+0
6.010932E+3	1.020440E-4	1.252610E+4	0.000000E+0	0.000000E+0
6.014935E+3	1.021030E-4	1.252590E+4	0.000000E+0	0.000000E+0
6.018930E+3	1.021720E-4	1.252580E+4	0.000000E+0	0.000000E+0
6.022928E+3	1.021450E-4	1.252560E+4	0.000000E+0	0.000000E+0
6.026931E+3	1.021110E-4	1.252550E+4	0.000000E+0	0.000000E+0
6.030936E+3	1.021160E-4	1.252530E+4	0.000000E+0	0.000000E+0
6.034931E+3	1.021320E-4	1.252510E+4	0.000000E+0	0.000000E+0
6.038926E+3	1.021150E-4	1.252490E+4	0.000000E+0	0.000000E+0
6.042936E+3	1.022200E-4	1.252460E+4	0.000000E+0	0.000000E+0
6.046930E+3	1.021280E-4	1.252460E+4	0.000000E+0	0.000000E+0
6.050931E+3	1.021160E-4	1.252420E+4	0.000000E+0	0.000000E+0
6.054929E+3	1.018050E-4	1.252410E+4	0.000000E+0	0.000000E+0
6.058932E+3	1.019470E-4	1.252370E+4	0.000000E+0	0.000000E+0
6.062934E+3	1.018630E-4	1.252360E+4	0.000000E+0	0.000000E+0
6.066934E+3	1.019450E-4	1.252330E+4	0.000000E+0	0.000000E+0
6.070932E+3	1.018490E-4	1.252320E+4	0.000000E+0	0.000000E+0
6.074927E+3	1.017820E-4	1.252300E+4	0.000000E+0	0.000000E+0
6.078932E+3	1.020000E-4	1.252280E+4	0.000000E+0	0.000000E+0
6.082929E+3	1.019030E-4	1.252260E+4	0.000000E+0	0.000000E+0
6.086927E+3	1.018220E-4	1.252250E+4	0.000000E+0	0.000000E+0
6.090927E+3	1.018360E-4	1.252240E+4	0.000000E+0	0.000000E+0
6.094930E+3	1.018810E-4	1.252240E+4	0.000000E+0	0.000000E+0
6.098930E+3	1.019060E-4	1.252220E+4	0.000000E+0	0.000000E+0
6.102928E+3	1.020810E-4	1.252220E+4	0.000000E+0	0.000000E+0
6.106927E+3	1.016580E-4	1.252210E+4	0.000000E+0	0.000000E+0
6.110928E+3	1.015820E-4	1.252190E+4	0.000000E+0	0.000000E+0
6.114931E+3	1.017050E-4	1.252180E+4	0.000000E+0	0.000000E+0
6.118928E+3	1.018180E-4	1.252170E+4	0.000000E+0	0.000000E+0
6.122930E+3	1.016490E-4	1.252150E+4	0.000000E+0	0.000000E+0
6.126931E+3	1.015490E-4	1.252130E+4	0.000000E+0	0.000000E+0
6.130926E+3	1.013790E-4	1.252120E+4	0.000000E+0	0.000000E+0
6.134929E+3	1.015760E-4	1.252100E+4	0.000000E+0	0.000000E+0
6.138928E+3	1.016550E-4	1.252080E+4	0.000000E+0	0.000000E+0
6.142931E+3	1.014560E-4	1.252060E+4	0.000000E+0	0.000000E+0
6.146930E+3	1.016030E-4	1.252050E+4	0.000000E+0	0.000000E+0
6.150929E+3	1.015590E-4	1.252040E+4	0.000000E+0	0.000000E+0
6.154934E+3	1.014840E-4	1.252030E+4	0.000000E+0	0.000000E+0
6.158930E+3	1.010920E-4	1.252010E+4	0.000000E+0	0.000000E+0
6.162930E+3	1.011450E-4	1.251990E+4	0.000000E+0	0.000000E+0
6.166930E+3	1.010720E-4	1.251970E+4	0.000000E+0	0.000000E+0
6.170930E+3	1.012680E-4	1.251950E+4	0.000000E+0	0.000000E+0
6.174932E+3	1.010680E-4	1.251940E+4	0.000000E+0	0.000000E+0
6.178933E+3	1.008760E-4	1.251920E+4	0.000000E+0	0.000000E+0
6.182932E+3	1.008210E-4	1.251890E+4	0.000000E+0	0.000000E+0
6.186930E+3	1.009250E-4	1.251870E+4	0.000000E+0	0.000000E+0
6.190927E+3	1.009530E-4	1.251850E+4	0.000000E+0	0.000000E+0
6.194931E+3	1.010110E-4	1.251830E+4	0.000000E+0	0.000000E+0
6.198933E+3	1.012370E-4	1.251810E+4	0.000000E+0	0.000000E+0
6.202931E+3	1.011350E-4	1.251790E+4	0.000000E+0	0.000000E+0
6.206931E+3	1.008850E-4	1.251770E+4	0.000000E+0	0.000000E+0
6.210933E+3	1.009050E-4	1.251750E+4	0.000000E+0	0.000000E+0
6.214931E+3	1.009790E-4	1.251730E+4	0.000000E+0	0.000000E+0
6.218931E+3	1.009280E-4	1.251720E+4	0.000000E+0	0.000000E+0
6.222932E+3	1.010890E-4	1.251680E+4	0.000000E+0	0.000000E+0
6.226935E+3	1.009900E-4	1.251670E+4	0.000000E+0	0.000000E+0
6.230931E+3	1.009430E-4	1.251640E+4	0.000000E+0	0.000000E+0
6.234929E+3	1.008350E-4	1.251620E+4	0.000000E+0	0.000000E+0
6.238931E+3	1.010280E-4	1.251600E+4	0.000000E+0	0.000000E+0
6.242934E+3	1.011000E-4	1.251580E+4	0.000000E+0	0.000000E+0
6.246932E+3	1.010740E-4	1.251560E+4	0.000000E+0	0.000000E+0
6.250930E+3	1.008800E-4	1.251560E+4	0.000000E+0	0.000000E+0
6.254929E+3	1.010860E-4	1.251550E+4	0.000000E+0	0.000000E+0
6.258929E+3	1.009660E-4	1.251540E+4	0.000000E+0	0.000000E+0
6.262929E+3	1.010360E-4	1.251530E+4	0.000000E+0	0.000000E+0
6.266930E+3	1.009830E-4	1.251510E+4	0.000000E+0	0.000000E+0
6.270927E+3	1.008730E-4	1.251500E+4	0.000000E+0	0.000000E+0
6.274928E+3	1.009310E-4	1.251490E+4	0.000000E+0	0.000000E+0
6.278930E+3	1.007280E-4	1.251460E+4	0.000000E+0	0.000000E+0
6.282935E+3	1.007710E-4	1.251460E+4	0.000000E+0	0.000000E+0
6.286935E+3	1.007720E-4	1.251440E+4	0.000000E+0	0.000000E+0
6.290934E+3	1.006910E-4	1.251420E+4	0.000000E+0	0.000000E+0
6.294934E+3	1.009550E-4	1.251400E+4	0.000000E+0	0.000000E+0
6.298934E+3	1.007930E-4	1.251390E+4	0.000000E+0	0.000000E+0
6.302931E+3	1.008550E-4	1.251360E+4	0.000000E+0	0.000000E+0
6.306933E+3	1.008350E-4	1.251340E+4	0.000000E+0	0.000000E+0
6.310931E+3	1.007410E-4	1.251310E+4	0.000000E+0	0.000000E+0
6.314929E+3	1.006780E-4	1.251280E+4	0.000000E+0	0.000000E+0
6.318928E+3	1.009540E-4	1.251270E+4	0.000000E+0	0.000000E+0
6.322928E+3	1.008270E-4	1.251250E+4	0.000000E+0	0.000000E+0
6.326927E+3	1.008930E-4	1.251230E+4	0.000000E+0	0.000000E+0
6.330929E+3	1.009420E-4	1.251210E+4	0.000000E+0	0.000000E+0
6.334930E+3	1.008850E-4	1.251180E+4	0.000000E+0	0.000000E+0
6.338932E+3	1.011020E-4	1.251170E+4	0.000000E+0	0.000000E+0
6.342932E+3	1.008210E-4	1.251150E+4	0.000000E+0	0.000000E+0
6.346929E+3	1.008960E-4	1.251140E+4	0.000000E+0	0.000000E+0
6.350933E+3	1.010420E-4	1.251130E+4	0.000000E+0	0.000000E+0
6.354933E+3	1.011200E-4	1.251110E+4	0.000000E+0	0.000000E+0
6.358927E+3	1.008850E-4	1.251110E+4	0.000000E+0	0.000000E+0
6.362925E+3	1.009370E-4	1.251100E+4	0.000000E+0	0.000000E+0
6.366928E+3	1.008980E-4	1.251080E+4	0.000000E+0	0.000000E+0
6.370935E+3	1.009340E-4	1.251070E+4	0.000000E+0	0.000000E+0
6.374927E+3	1.009420E-4	1.251060E+4	0.000000E+0	0.000000E+0
6.378931E+3	1.008870E-4	1.251040E+4	0.000000E+0	0.000000E+0
6.382928E+3	1.009110E-4	1.251030E+4	0.000000E+0	0.000000E+0
6.386934E+3	1.009150E-4	1.251020E+4	0.000000E+0	0.000000E+0
6.390929E+3	1.008930E-4	1.251010E+4	0.000000E+0	0.000000E+0
6.394926E+3	1.008830E-4	1.251000E+4	0.000000E+0	0.000000E+0
6.398925E+3	1.009380E-4	1.251000E+4	0.000000E+0	0.000000E+0
6.402930E+3	1.009850E-4	1.250960E+4	0.000000E+0	0.000000E+0
6.406932E+3	1.009650E-4	1.250960E+4	0.000000E+0	0.000000E+0
6.410931E+3	1.011120E-4	1.250940E+4	0.000000E+0	0.000000E+0
6.414929E+3	1.011100E-4	1.250920E+4	0.000000E+0	0.000000E+0
6.418935E+3	1.010110E-4	1.250900E+4	0.000000E+0	0.000000E+0
6.422934E+3	1.012300E-4	1.250890E+4	0.000000E+0	0.000000E+0
6.426930E+3	1.012590E-4	1.250880E+4	0.000000E+0	0.000000E+0
6.430930E+3	1.012680E-4	1.250850E+4	0.000000E+0	0.000000E+0
6.434933E+3	1.013240E-4	1.250830E+4	0.000000E+0	0.000000E+0
6.438930E+3	1.011130E-4	1.250820E+4	0.000000E+0	0.000000E+0
6.442927E+3	1.014160E-4	1.250810E+4	0.000000E+0	0.000000E+0
6.446925E+3	1.013290E-4	1.250800E+4	0.000000E+0	0.000000E+0
6.450925E+3	1.016620E-4	1.250780E+4	0.000000E+0	0.000000E+0
6.454925E+3	1.016770E-4	1.250760E+4	0.000000E+0	0.000000E+0
6.458925E+3	1.014480E-4	1.250750E+4	0.000000E+0	0.000000E+0
6.462928E+3	1.014850E-4	1.250730E+4	0.000000E+0	0.000000E+0
6.466931E+3	1.015770E-4	1.250710E+4	0.000000E+0	0.000000E+0
6.470929E+3	1.018560E-4	1.250700E+4	0.000000E+0	0.000000E+0
6.474931E+3	1.019220E-4	1.250680E+4	0.000000E+0	0.000000E+0
6.478929E+3	1.018260E-4	1.250650E+4	0.000000E+0	0.000000E+0
6.482928E+3	1.016770E-4	1.250630E+4	0.000000E+0	0.000000E+0
6.486927E+3	1.016850E-4	1.250620E+4	0.000000E+0	0.000000E+0
6.490928E+3	1.016750E-4	1.250590E+4	0.000000E+0	0.000000E+0
6.494929E+3	1.016980E-4	1.250570E+4	0.000000E+0	0.000000E+0
6.498931E+3	1.018000E-4	1.250560E+4	0.000000E+0	0.000000E+0
6.502929E+3	1.016990E-4	1.250530E+4	0.000000E+0	0.000000E+0
6.506927E+3	1.019960E-4	1.250520E+4	0.000000E+0	0.000000E+0
6.510924E+3	1.019640E-4	1.250490E+4	0.000000E+0	0.000000E+0
6.514930E+3	1.019730E-4	1.250470E+4	0.000000E+0	0.000000E+0
6.518928E+3	1.019720E-4	1.250440E+4	0.000000E+0	0.000000E+0
6.522930E+3	1.017040E-4	1.250420E+4	0.000000E+0	0.000000E+0
6.526925E+3	1.019050E-4	1.250410E+4	0.000000E+0	0.000000E+0
6.530927E+3	1.019480E-4	1.250380E+4	0.000000E+0	0.000000E+0
6.534929E+3	1.018860E-4	1.250370E+4	0.000000E+0	0.000000E+0
6.538931E+3	1.019790E-4	1.250340E+4	0.000000E+0	0.000000E+0
6.542931E+3	1.019300E-4	1.250330E+4	0.000000E+0	0.000000E+0
6.546930E+3	1.020260E-4	1.250310E+4	0.000000E+0	0.000000E+0
6.550928E+3	1.019990E-4	1.250300E+4	0.000000E+0	0.000000E+0
6.554934E+3	1.021020E-4	1.250270E+4	0.000000E+0	0.000000E+0
6.558931E+3	1.023220E-4	1.250260E+4	0.000000E+0	0.000000E+0
6.562930E+3	1.021210E-4	1.250250E+4	0.000000E+0	0.000000E+0
6.566928E+3	1.022420E-4	1.250230E+4	0.000000E+0	0.000000E+0
6.570928E+3	1.022660E-4	1.250220E+4	0.000000E+0	0.000000E+0
6.574929E+3	1.021800E-4	1.250200E+4	0.000000E+0	0.000000E+0
6.578926E+3	1.021730E-4	1.250180E+4	0.000000E+0	0.000000E+0
6.582928E+3	1.022550E-4	1.250160E+4	0.000000E+0	0.000000E+0
6.586933E+3	1.021790E-4	1.250160E+4	0.000000E+0	0.000000E+0
6.590929E+3	1.022310E-4	1.250140E+4	0.000000E+0	0.000000E+0
6.594927E+3	1.021980E-4	1.250120E+4	0.000000E+0	0.000000E+0
6.598929E+3	1.022410E-4	1.250110E+4	0.000000E+0	0.000000E+0
6.602928E+3	1.019860E-4	1.250080E+4	0.000000E+0	0.000000E+0
6.606929E+3	1.020640E-4	1.250070E+4	0.000000E+0	0.000000E+0
6.610930E+3	1.021920E-4	1.250050E+4	0.000000E+0	0.000000E+0
6.614929E+3	1.021170E-4	1.250050E+4	0.000000E+0	0.000000E+0
6.618929E+3	1.019580E-4	1.250020E+4	0.000000E+0	0.000000E+0
6.622928E+3	1.020870E-4	1.250000E+4	0.000000E+0	0.000000E+0
6.626930E+3	1.019830E-4	1.249970E+4	0.000000E+0	0.000000E+0
6.630931E+3	1.019460E-4	1.249970E+4	0.000000E+0	0.000000E+0
6.634933E+3	1.019140E-4	1.249940E+4	0.000000E+0	0.000000E+0
6.638933E+3	1.018270E-4	1.249930E+4	0.000000E+0	0.000000E+0
6.642931E+3	1.019100E-4	1.249900E+4	0.000000E+0	0.000000E+0
6.646930E+3	1.020730E-4	1.249900E+4	0.000000E+0	0.000000E+0
6.650933E+3	1.021110E-4	1.249890E+4	0.000000E+0	0.000000E+0
6.654931E+3	1.019550E-4	1.249860E+4	0.000000E+0	0.000000E+0
6.658929E+3	1.020170E-4	1.249860E+4	0.000000E+0	0.000000E+0
6.662929E+3	1.020150E-4	1.249840E+4	0.000000E+0	0.000000E+0
6.666940E+3	1.019330E-4	1.249830E+4	0.000000E+0	0.000000E+0
6.670932E+3	1.020700E-4	1.249810E+4	0.000000E+0	0.000000E+0
6.674931E+3	1.019560E-4	1.249800E+4	0.000000E+0	0.000000E+0
6.678929E+3	1.018910E-4	1.249800E+4	0.000000E+0	0.000000E+0
6.682932E+3	1.020820E-4	1.249790E+4	0.000000E+0	0.000000E+0
6.686931E+3	1.019240E-4	1.249760E+4	0.000000E+0	0.000000E+0
6.690930E+3	1.018180E-4	1.249760E+4	0.000000E+0	0.000000E+0
6.694929E+3	1.018060E-4	1.249730E+4	0.000000E+0	0.000000E+0
6.698932E+3	1.019080E-4	1.249710E+4	0.000000E+0	0.000000E+0
6.702933E+3	1.017830E-4	1.249690E+4	0.000000E+0	0.000000E+0
6.706932E+3	1.014630E-4	1.249660E+4	0.000000E+0	0.000000E+0
6.710927E+3	1.015330E-4	1.249650E+4	0.000000E+0	0.000000E+0
6.714930E+3	1.016370E-4	1.249620E+4	0.000000E+0	0.000000E+0
6.718933E+3	1.014790E-4	1.249610E+4	0.000000E+0	0.000000E+0
6.722931E+3	1.014900E-4	1.249610E+4	0.000000E+0	0.000000E+0
6.726930E+3	1.014500E-4	1.249590E+4	0.000000E+0	0.000000E+0
6.730931E+3	1.013580E-4	1.249570E+4	0.000000E+0	0.000000E+0
6.734933E+3	1.012980E-4	1.249560E+4	0.000000E+0	0.000000E+0
6.738933E+3	1.012320E-4	1.249560E+4	0.000000E+0	0.000000E+0
6.742930E+3	1.013450E-4	1.249540E+4	0.000000E+0	0.000000E+0
6.746933E+3	1.014330E-4	1.249520E+4	0.000000E+0	0.000000E+0
6.750933E+3	1.015480E-4	1.249500E+4	0.000000E+0	0.000000E+0
6.754931E+3	1.012390E-4	1.249480E+4	0.000000E+0	0.000000E+0
6.758929E+3	1.011190E-4	1.249460E+4	0.000000E+0	0.000000E+0
6.762932E+3	1.015080E-4	1.249460E+4	0.000000E+0	0.000000E+0
6.766932E+3	1.014980E-4	1.249430E+4	0.000000E+0	0.000000E+0
6.770931E+3	1.013850E-4	1.249410E+4	0.000000E+0	0.000000E+0
6.774931E+3	1.014070E-4	1.249400E+4	0.000000E+0	0.000000E+0
6.778931E+3	1.015020E-4	1.249370E+4	0.000000E+0	0.000000E+0
6.782930E+3	1.013920E-4	1.249360E+4	0.000000E+0	0.000000E+0
6.786929E+3	1.012700E-4	1.249340E+4	0.000000E+0	0.000000E+0
6.790930E+3	1.012630E-4	1.249320E+4	0.000000E+0	0.000000E+0
6.794932E+3	1.012590E-4	1.249310E+4	0.000000E+0	0.000000E+0
6.798933E+3	1.014310E-4	1.249290E+4	0.000000E+0	0.000000E+0
6.802933E+3	1.012510E-4	1.249280E+4	0.000000E+0	0.000000E+0
6.806928E+3	1.013430E-4	1.249270E+4	0.000000E+0	0.000000E+0
6.810932E+3	1.014060E-4	1.249260E+4	0.000000E+0	0.000000E+0
6.814933E+3	1.012590E-4	1.249260E+4	0.000000E+0	0.000000E+0
6.818931E+3	1.013510E-4	1.249250E+4	0.000000E+0	0.000000E+0
6.822930E+3	1.012570E-4	1.249230E+4	0.000000E+0	0.000000E+0
6.826933E+3	1.012170E-4	1.249220E+4	0.000000E+0	0.000000E+0
6.830930E+3	1.014290E-4	1.249200E+4	0.000000E+0	0.000000E+0
6.834930E+3	1.014100E-4	1.249190E+4	0.000000E+0	0.000000E+0
6.838933E+3	1.014120E-4	1.249150E+4	0.000000E+0	0.000000E+0
6.842934E+3	1.013720E-4	1.249130E+4	0.000000E+0	0.000000E+0
6.846929E+3	1.015440E-4	1.249100E+4	0.000000E+0	0.000000E+0
6.850929E+3	1.014700E-4	1.249080E+4	0.000000E+0	0.000000E+0
6.854934E+3	1.013640E-4	1.249050E+4	0.000000E+0	0.000000E+0
6.858934E+3	1.012360E-4	1.249020E+4	0.000000E+0	0.000000E+0
6.862931E+3	1.012960E-4	1.249000E+4	0.000000E+0	0.000000E+0
6.866930E+3	1.013220E-4	1.248950E+4	0.000000E+0	0.000000E+0
6.870929E+3	1.013110E-4	1.248930E+4	0.000000E+0	0.000000E+0
6.874932E+3	1.014240E-4	1.248920E+4	0.000000E+0	0.000000E+0
6.878930E+3	1.014800E-4	1.248910E+4	0.000000E+0	0.000000E+0
6.882930E+3	1.013780E-4	1.248910E+4	0.000000E+0	0.000000E+0
6.886935E+3	1.014120E-4	1.248900E+4	0.000000E+0	0.000000E+0
6.890935E+3	1.013900E-4	1.248900E+4	0.000000E+0	0.000000E+0
6.894932E+3	1.011570E-4	1.248900E+4	0.000000E+0	0.000000E+0
6.898930E+3	1.013730E-4	1.248880E+4	0.000000E+0	0.000000E+0
6.902927E+3	1.012660E-4	1.248880E+4	0.000000E+0	0.000000E+0
6.906931E+3	1.013060E-4	1.248870E+4	0.000000E+0	0.000000E+0
6.910931E+3	1.012250E-4	1.248850E+4	0.000000E+0	0.000000E+0
6.914934E+3	1.013050E-4	1.248850E+4	0.000000E+0	0.000000E+0
6.918936E+3	1.012650E-4	1.248840E+4	0.000000E+0	0.000000E+0
6.922936E+3	1.013280E-4	1.248820E+4	0.000000E+0	0.000000E+0
6.926936E+3	1.014700E-4	1.248800E+4	0.000000E+0	0.000000E+0
6.930936E+3	1.011300E-4	1.248800E+4	0.000000E+0	0.000000E+0
6.934929E+3	1.010060E-4	1.248780E+4	0.000000E+0	0.000000E+0
6.938932E+3	1.010970E-4	1.248760E+4	0.000000E+0	0.000000E+0
6.942928E+3	1.014070E-4	1.248760E+4	0.000000E+0	0.000000E+0
6.946929E+3	1.014270E-4	1.248710E+4	0.000000E+0	0.000000E+0
6.950927E+3	1.012990E-4	1.248710E+4	0.000000E+0	0.000000E+0
6.954929E+3	1.013370E-4	1.248700E+4	0.000000E+0	0.000000E+0
6.958935E+3	1.013280E-4	1.248670E+4	0.000000E+0	0.000000E+0
6.962934E+3	1.011930E-4	1.248660E+4	0.000000E+0	0.000000E+0
6.966929E+3	1.011800E-4	1.248640E+4	0.000000E+0	0.000000E+0
6.970932E+3	1.012900E-4	1.248600E+4	0.000000E+0	0.000000E+0
6.974938E+3	1.015110E-4	1.248590E+4	0.000000E+0	0.000000E+0
6.978936E+3	1.014840E-4	1.248560E+4	0.000000E+0	0.000000E+0
6.982928E+3	1.013110E-4	1.248550E+4	0.000000E+0	0.000000E+0
6.986930E+3	1.016260E-4	1.248520E+4	0.000000E+0	0.000000E+0
6.990928E+3	1.012230E-4	1.248490E+4	0.000000E+0	0.000000E+0
6.994931E+3	1.013030E-4	1.248480E+4	0.000000E+0	0.000000E+0
6.998935E+3	1.014360E-4	1.248460E+4	0.000000E+0	0.000000E+0
7.002933E+3	1.014100E-4	1.248440E+4	0.000000E+0	0.000000E+0
7.006938E+3	1.013180E-4	1.248430E+4	0.000000E+0	0.000000E+0
7.010931E+3	1.013050E-4	1.248400E+4	0.000000E+0	0.000000E+0
7.014931E+3	1.012080E-4	1.248380E+4	0.000000E+0	0.000000E+0
7.018929E+3	1.013510E-4	1.248360E+4	0.000000E+0	0.000000E+0
7.022932E+3	1.012720E-4	1.248350E+4	0.000000E+0	0.000000E+0
7.026933E+3	1.012210E-4	1.248330E+4	0.000000E+0	0.000000E+0
7.030936E+3	1.011720E-4	1.248310E+4	0.000000E+0	0.000000E+0
7.034934E+3	1.012180E-4	1.248290E+4	0.000000E+0	0.000000E+0
7.038932E+3	1.011530E-4	1.248280E+4	0.000000E+0	0.000000E+0
7.042931E+3	1.010730E-4	1.248250E+4	0.000000E+0	0.000000E+0
7.046927E+3	1.009820E-4	1.248250E+4	0.000000E+0	0.000000E+0
7.050931E+3	1.011310E-4	1.248220E+4	0.000000E+0	0.000000E+0
7.054934E+3	1.011470E-4	1.248210E+4	0.000000E+0	0.000000E+0
7.058932E+3	1.010480E-4	1.248200E+4	0.000000E+0	0.000000E+0
7.062929E+3	1.010760E-4	1.248180E+4	0.000000E+0	0.000000E+0
7.066933E+3	1.012160E-4	1.248160E+4	0.000000E+0	0.000000E+0
7.070937E+3	1.010480E-4	1.248150E+4	0.000000E+0	0.000000E+0
7.074932E+3	1.008080E-4	1.248130E+4	0.000000E+0	0.000000E+0
7.078935E+3	1.011220E-4	1.248100E+4	0.000000E+0	0.000000E+0
7.082930E+3	1.010560E-4	1.248100E+4	0.000000E+0	0.000000E+0
7.086929E+3	1.010020E-4	1.248080E+4	0.000000E+0	0.000000E+0
7.090936E+3	1.011780E-4	1.248080E+4	0.000000E+0	0.000000E+0
7.094928E+3	1.011590E-4	1.248060E+4	0.000000E+0	0.000000E+0
7.098928E+3	1.010990E-4	1.248050E+4	0.000000E+0	0.000000E+0
7.102936E+3	1.009960E-4	1.248050E+4	0.000000E+0	0.000000E+0
7.106933E+3	1.011090E-4	1.248030E+4	0.000000E+0	0.000000E+0
7.110933E+3	1.009150E-4	1.248010E+4	0.000000E+0	0.000000E+0
7.114931E+3	1.009350E-4	1.248010E+4	0.000000E+0	0.000000E+0
7.118936E+3	1.010240E-4	1.247990E+4	0.000000E+0	0.000000E+0
7.122932E+3	1.009780E-4	1.247970E+4	0.000000E+0	0.000000E+0
7.126935E+3	1.010000E-4	1.247960E+4	0.000000E+0	0.000000E+0
7.130934E+3	1.009940E-4	1.247940E+4	0.000000E+0	0.000000E+0
7.134931E+3	1.009800E-4	1.247940E+4	0.000000E+0	0.000000E+0
7.138934E+3	1.010750E-4	1.247910E+4	0.000000E+0	0.000000E+0
7.142930E+3	1.008750E-4	1.247890E+4	0.000000E+0	0.000000E+0
7.146930E+3	1.010510E-4	1.247870E+4	0.000000E+0	0.000000E+0
7.150927E+3	1.008740E-4	1.247860E+4	0.000000E+0	0.000000E+0
7.154932E+3	1.011820E-4	1.247840E+4	0.000000E+0	0.000000E+0
7.158937E+3	1.012330E-4	1.247820E+4	0.000000E+0	0.000000E+0
7.162932E+3	1.012590E-4	1.247790E+4	0.000000E+0	0.000000E+0
7.166930E+3	1.014470E-4	1.247780E+4	0.000000E+0	0.000000E+0
7.170935E+3	1.013790E-4	1.247750E+4	0.000000E+0	0.000000E+0
7.174940E+3	1.011570E-4	1.247740E+4	0.000000E+0	0.000000E+0
7.178938E+3	1.011190E-4	1.247730E+4	0.000000E+0	0.000000E+0
7.182930E+3	1.011940E-4	1.247690E+4	0.000000E+0	0.000000E+0
7.186930E+3	1.010310E-4	1.247670E+4	0.000000E+0	0.000000E+0
7.190926E+3	1.010800E-4	1.247660E+4	0.000000E+0	0.000000E+0
7.194931E+3	1.009000E-4	1.247630E+4	0.000000E+0	0.000000E+0
7.198929E+3	1.008510E-4	1.247610E+4	0.000000E+0	0.000000E+0
7.202929E+3	1.011030E-4	1.247590E+4	0.000000E+0	0.000000E+0
7.206928E+3	1.011500E-4	1.247570E+4	0.000000E+0	0.000000E+0
7.210931E+3	1.010090E-4	1.247550E+4	0.000000E+0	0.000000E+0
7.214931E+3	1.009900E-4	1.247540E+4	0.000000E+0	0.000000E+0
7.218929E+3	1.010330E-4	1.247520E+4	0.000000E+0	0.000000E+0
7.222926E+3	1.010370E-4	1.247510E+4	0.000000E+0	0.000000E+0
7.226931E+3	1.011540E-4	1.247500E+4	0.000000E+0	0.000000E+0
7.230934E+3	1.010690E-4	1.247490E+4	0.000000E+0	0.000000E+0
7.234932E+3	1.009310E-4	1.247480E+4	0.000000E+0	0.000000E+0
7.238930E+3	1.011190E-4	1.247460E+4	0.000000E+0	0.000000E+0
7.242932E+3	1.008790E-4	1.247440E+4	0.000000E+0	0.000000E+0
7.246931E+3	1.013410E-4	1.247440E+4	0.000000E+0	0.000000E+0
7.250935E+3	1.012980E-4	1.247440E+4	0.000000E+0	0.000000E+0
7.254930E+3	1.011960E-4	1.247400E+4	0.000000E+0	0.000000E+0
7.258930E+3	1.011860E-4	1.247420E+4	0.000000E+0	0.000000E+0
7.262933E+3	1.011300E-4	1.247400E+4	0.000000E+0	0.000000E+0
7.266933E+3	1.012170E-4	1.247380E+4	0.000000E+0	0.000000E+0
7.270933E+3	1.012190E-4	1.247370E+4	0.000000E+0	0.000000E+0
7.274933E+3	1.008800E-4	1.247340E+4	0.000000E+0	0.000000E+0
