
Medición hecha el 2026-08-19  08:56 p.m.

Medición de corriente y tensión en el tiempo con posibilidad de inyectar corriente.
Tiempo	Corriente	Tensión
2.557940E+2	9.968400E-6	1.290350E+4	0.000000E+0	0.000000E+0
2.587960E+2	9.968100E-6	1.290470E+4	0.000000E+0	0.000000E+0
2.617930E+2	9.970300E-6	1.290530E+4	0.000000E+0	0.000000E+0
2.647960E+2	9.967900E-6	1.290610E+4	0.000000E+0	0.000000E+0
2.677930E+2	9.969500E-6	1.290770E+4	0.000000E+0	0.000000E+0
2.707960E+2	9.968900E-6	1.290910E+4	0.000000E+0	0.000000E+0
2.737940E+2	9.966300E-6	1.291000E+4	0.000000E+0	0.000000E+0
2.767960E+2	9.965800E-6	1.291070E+4	0.000000E+0	0.000000E+0
2.797970E+2	9.966500E-6	1.291100E+4	0.000000E+0	0.000000E+0
2.827960E+2	9.965400E-6	1.291070E+4	0.000000E+0	0.000000E+0
2.857970E+2	9.964300E-6	1.291020E+4	0.000000E+0	0.000000E+0
2.887960E+2	9.964900E-6	1.291020E+4	0.000000E+0	0.000000E+0
2.917950E+2	9.965400E-6	1.291050E+4	0.000000E+0	0.000000E+0
2.947960E+2	9.963700E-6	1.291070E+4	0.000000E+0	0.000000E+0
2.977940E+2	9.963700E-6	1.291140E+4	0.000000E+0	0.000000E+0
3.007940E+2	9.965200E-6	1.291200E+4	0.000000E+0	0.000000E+0
3.037920E+2	9.965200E-6	1.291250E+4	0.000000E+0	0.000000E+0
3.067950E+2	9.962700E-6	1.291290E+4	0.000000E+0	0.000000E+0
3.097940E+2	9.963500E-6	1.291320E+4	0.000000E+0	0.000000E+0
3.127970E+2	9.963300E-6	1.291300E+4	0.000000E+0	0.000000E+0
3.157930E+2	9.962600E-6	1.291310E+4	0.000000E+0	0.000000E+0
3.187950E+2	9.963000E-6	1.291320E+4	0.000000E+0	0.000000E+0
3.217950E+2	9.964800E-6	1.291400E+4	0.000000E+0	0.000000E+0
3.247980E+2	9.962200E-6	1.291390E+4	0.000000E+0	0.000000E+0
3.277950E+2	9.962400E-6	1.291350E+4	0.000000E+0	0.000000E+0
3.307980E+2	9.961000E-6	1.291300E+4	0.000000E+0	0.000000E+0
3.337980E+2	9.961500E-6	1.291240E+4	0.000000E+0	0.000000E+0
3.367980E+2	9.959000E-6	1.291200E+4	0.000000E+0	0.000000E+0
3.397980E+2	9.961600E-6	1.291170E+4	0.000000E+0	0.000000E+0
3.427960E+2	9.959500E-6	1.291150E+4	0.000000E+0	0.000000E+0
3.457980E+2	9.959900E-6	1.291230E+4	0.000000E+0	0.000000E+0
3.487990E+2	9.960100E-6	1.291300E+4	0.000000E+0	0.000000E+0
3.517960E+2	9.960200E-6	1.291410E+4	0.000000E+0	0.000000E+0
3.547960E+2	9.960900E-6	1.291550E+4	0.000000E+0	0.000000E+0
3.577960E+2	9.958400E-6	1.291670E+4	0.000000E+0	0.000000E+0
3.607980E+2	9.959300E-6	1.291750E+4	0.000000E+0	0.000000E+0
3.637960E+2	9.960300E-6	1.291730E+4	0.000000E+0	0.000000E+0
3.667960E+2	9.960100E-6	1.291730E+4	0.000000E+0	0.000000E+0
3.697960E+2	9.960600E-6	1.291800E+4	0.000000E+0	0.000000E+0
3.727960E+2	9.957400E-6	1.291830E+4	0.000000E+0	0.000000E+0
3.757950E+2	9.959300E-6	1.291850E+4	0.000000E+0	0.000000E+0
3.787940E+2	9.958800E-6	1.291900E+4	0.000000E+0	0.000000E+0
3.817940E+2	9.959400E-6	1.291900E+4	0.000000E+0	0.000000E+0
3.847950E+2	9.958900E-6	1.292020E+4	0.000000E+0	0.000000E+0
3.877920E+2	9.956800E-6	1.292100E+4	0.000000E+0	0.000000E+0
3.907950E+2	9.958300E-6	1.292150E+4	0.000000E+0	0.000000E+0
3.937950E+2	9.958000E-6	1.292210E+4	0.000000E+0	0.000000E+0
3.967980E+2	9.956800E-6	1.292230E+4	0.000000E+0	0.000000E+0
3.997960E+2	9.957500E-6	1.292270E+4	0.000000E+0	0.000000E+0
4.028020E+2	9.957900E-6	1.292220E+4	0.000000E+0	0.000000E+0
4.057930E+2	9.956200E-6	1.292140E+4	0.000000E+0	0.000000E+0
4.087980E+2	9.956900E-6	1.292100E+4	0.000000E+0	0.000000E+0
4.118010E+2	9.955000E-6	1.292130E+4	0.000000E+0	0.000000E+0
4.147980E+2	9.956000E-6	1.292140E+4	0.000000E+0	0.000000E+0
4.178010E+2	9.955500E-6	1.292080E+4	0.000000E+0	0.000000E+0
4.207990E+2	9.956500E-6	1.292010E+4	0.000000E+0	0.000000E+0
4.237970E+2	9.954000E-6	1.292060E+4	0.000000E+0	0.000000E+0
4.268030E+2	9.953700E-6	1.292070E+4	0.000000E+0	0.000000E+0
4.298030E+2	9.954400E-6	1.292110E+4	0.000000E+0	0.000000E+0
4.328010E+2	9.954500E-6	1.292260E+4	0.000000E+0	0.000000E+0
4.358040E+2	9.955700E-6	1.292360E+4	0.000000E+0	0.000000E+0
4.388000E+2	9.953500E-6	1.292360E+4	0.000000E+0	0.000000E+0
4.417910E+2	9.952500E-6	1.292340E+4	0.000000E+0	0.000000E+0
4.448020E+2	9.954300E-6	1.292400E+4	0.000000E+0	0.000000E+0
4.477940E+2	9.954100E-6	1.292440E+4	0.000000E+0	0.000000E+0
4.507960E+2	9.955000E-6	1.292420E+4	0.000000E+0	0.000000E+0
4.538000E+2	9.953300E-6	1.292390E+4	0.000000E+0	0.000000E+0
4.568000E+2	9.956000E-6	1.292340E+4	0.000000E+0	0.000000E+0
4.598040E+2	9.954400E-6	1.292330E+4	0.000000E+0	0.000000E+0
4.627990E+2	9.956700E-6	1.292330E+4	0.000000E+0	0.000000E+0
4.657990E+2	9.954900E-6	1.292430E+4	0.000000E+0	0.000000E+0
4.688000E+2	9.952700E-6	1.292550E+4	0.000000E+0	0.000000E+0
4.717990E+2	9.952400E-6	1.292640E+4	0.000000E+0	0.000000E+0
4.748000E+2	9.954400E-6	1.292660E+4	0.000000E+0	0.000000E+0
4.778000E+2	9.953700E-6	1.292660E+4	0.000000E+0	0.000000E+0
4.808000E+2	9.954400E-6	1.292700E+4	0.000000E+0	0.000000E+0
4.837970E+2	9.953400E-6	1.292800E+4	0.000000E+0	0.000000E+0
4.868000E+2	9.952500E-6	1.292870E+4	0.000000E+0	0.000000E+0
4.898000E+2	9.955500E-6	1.292910E+4	0.000000E+0	0.000000E+0
4.927970E+2	9.953400E-6	1.293000E+4	0.000000E+0	0.000000E+0
4.957970E+2	9.952500E-6	1.292990E+4	0.000000E+0	0.000000E+0
4.987970E+2	9.952300E-6	1.292940E+4	0.000000E+0	0.000000E+0
5.017980E+2	9.953300E-6	1.292940E+4	0.000000E+0	0.000000E+0
5.048000E+2	9.951100E-6	1.293030E+4	0.000000E+0	0.000000E+0
5.078000E+2	9.950900E-6	1.293060E+4	0.000000E+0	0.000000E+0
5.108000E+2	9.951300E-6	1.293190E+4	0.000000E+0	0.000000E+0
5.137980E+2	9.950800E-6	1.293240E+4	0.000000E+0	0.000000E+0
5.168000E+2	9.949500E-6	1.293170E+4	0.000000E+0	0.000000E+0
5.197980E+2	9.950100E-6	1.293080E+4	0.000000E+0	0.000000E+0
5.227980E+2	9.949600E-6	1.293080E+4	0.000000E+0	0.000000E+0
5.257980E+2	9.951000E-6	1.293070E+4	0.000000E+0	0.000000E+0
5.287960E+2	9.949900E-6	1.293030E+4	0.000000E+0	0.000000E+0
5.317930E+2	9.950600E-6	1.292990E+4	0.000000E+0	0.000000E+0
5.347980E+2	9.951200E-6	1.292900E+4	0.000000E+0	0.000000E+0
5.377970E+2	9.950100E-6	1.292860E+4	0.000000E+0	0.000000E+0
5.407990E+2	9.949100E-6	1.292880E+4	0.000000E+0	0.000000E+0
5.438010E+2	9.975200E-6	1.292870E+4	0.000000E+0	0.000000E+0
5.467970E+2	9.952700E-6	1.292800E+4	0.000000E+0	0.000000E+0
5.497990E+2	9.952700E-6	1.292740E+4	0.000000E+0	0.000000E+0
5.527990E+2	9.952600E-6	1.292700E+4	0.000000E+0	0.000000E+0
5.557990E+2	9.951900E-6	1.292700E+4	0.000000E+0	0.000000E+0
5.587990E+2	9.951200E-6	1.292710E+4	0.000000E+0	0.000000E+0
5.617990E+2	9.950700E-6	1.292690E+4	0.000000E+0	0.000000E+0
5.647970E+2	9.950900E-6	1.292730E+4	0.000000E+0	0.000000E+0
5.678000E+2	9.949700E-6	1.292860E+4	0.000000E+0	0.000000E+0
5.707970E+2	9.948600E-6	1.292960E+4	0.000000E+0	0.000000E+0
5.738000E+2	9.947900E-6	1.293070E+4	0.000000E+0	0.000000E+0
5.767950E+2	9.952200E-6	1.293110E+4	0.000000E+0	0.000000E+0
5.797970E+2	9.947500E-6	1.293130E+4	0.000000E+0	0.000000E+0
5.828040E+2	9.948700E-6	1.293140E+4	0.000000E+0	0.000000E+0
5.858000E+2	9.948500E-6	1.293110E+4	0.000000E+0	0.000000E+0
5.887980E+2	9.948400E-6	1.293150E+4	0.000000E+0	0.000000E+0
5.917930E+2	9.946900E-6	1.293150E+4	0.000000E+0	0.000000E+0
5.948000E+2	9.948200E-6	1.293130E+4	0.000000E+0	0.000000E+0
5.978000E+2	9.946700E-6	1.293090E+4	0.000000E+0	0.000000E+0
6.007980E+2	9.947400E-6	1.293050E+4	0.000000E+0	0.000000E+0
6.037950E+2	9.950400E-6	1.293010E+4	0.000000E+0	0.000000E+0
6.068000E+2	9.946800E-6	1.293000E+4	0.000000E+0	0.000000E+0
6.097980E+2	9.947300E-6	1.293000E+4	0.000000E+0	0.000000E+0
6.127980E+2	9.949100E-6	1.293080E+4	0.000000E+0	0.000000E+0
6.157980E+2	9.948800E-6	1.293180E+4	0.000000E+0	0.000000E+0
6.187990E+2	9.946500E-6	1.293240E+4	0.000000E+0	0.000000E+0
6.217990E+2	9.948000E-6	1.293270E+4	0.000000E+0	0.000000E+0
6.247980E+2	9.948500E-6	1.293260E+4	0.000000E+0	0.000000E+0
6.277980E+2	9.947300E-6	1.293210E+4	0.000000E+0	0.000000E+0
6.307980E+2	9.945800E-6	1.293160E+4	0.000000E+0	0.000000E+0
6.337940E+2	9.947000E-6	1.293140E+4	0.000000E+0	0.000000E+0
6.367940E+2	9.945600E-6	1.293100E+4	0.000000E+0	0.000000E+0
6.397960E+2	9.947000E-6	1.293080E+4	0.000000E+0	0.000000E+0
6.427990E+2	9.948300E-6	1.293050E+4	0.000000E+0	0.000000E+0
6.457990E+2	9.948500E-6	1.293150E+4	0.000000E+0	0.000000E+0
6.487970E+2	9.948900E-6	1.293140E+4	0.000000E+0	0.000000E+0
6.517970E+2	9.947500E-6	1.293080E+4	0.000000E+0	0.000000E+0
6.547990E+2	9.949500E-6	1.293060E+4	0.000000E+0	0.000000E+0
6.577970E+2	9.946100E-6	1.293120E+4	0.000000E+0	0.000000E+0
6.607940E+2	9.947100E-6	1.293240E+4	0.000000E+0	0.000000E+0
6.637970E+2	9.946800E-6	1.293320E+4	0.000000E+0	0.000000E+0
6.667990E+2	9.945500E-6	1.293340E+4	0.000000E+0	0.000000E+0
6.697950E+2	9.945400E-6	1.293350E+4	0.000000E+0	0.000000E+0
6.727970E+2	9.946300E-6	1.293350E+4	0.000000E+0	0.000000E+0
6.757950E+2	9.948500E-6	1.293370E+4	0.000000E+0	0.000000E+0
6.787970E+2	9.945000E-6	1.293410E+4	0.000000E+0	0.000000E+0
6.818010E+2	9.946900E-6	1.293490E+4	0.000000E+0	0.000000E+0
6.848010E+2	9.944500E-6	1.293590E+4	0.000000E+0	0.000000E+0
6.877960E+2	9.944300E-6	1.293640E+4	0.000000E+0	0.000000E+0
6.908030E+2	9.944000E-6	1.293680E+4	0.000000E+0	0.000000E+0
6.937960E+2	9.944900E-6	1.293750E+4	0.000000E+0	0.000000E+0
6.967960E+2	9.943200E-6	1.293740E+4	0.000000E+0	0.000000E+0
6.997960E+2	9.944900E-6	1.293700E+4	0.000000E+0	0.000000E+0
7.028000E+2	9.943700E-6	1.293690E+4	0.000000E+0	0.000000E+0
7.057950E+2	9.941200E-6	1.293670E+4	0.000000E+0	0.000000E+0
7.087990E+2	9.941600E-6	1.293620E+4	0.000000E+0	0.000000E+0
7.117980E+2	9.943700E-6	1.293570E+4	0.000000E+0	0.000000E+0
7.147990E+2	9.942800E-6	1.293610E+4	0.000000E+0	0.000000E+0
7.177960E+2	9.943200E-6	1.293670E+4	0.000000E+0	0.000000E+0
7.208010E+2	9.942700E-6	1.293750E+4	0.000000E+0	0.000000E+0
7.237990E+2	9.942200E-6	1.293840E+4	0.000000E+0	0.000000E+0
7.267980E+2	9.942300E-6	1.293930E+4	0.000000E+0	0.000000E+0
7.297940E+2	9.942200E-6	1.293950E+4	0.000000E+0	0.000000E+0
7.328010E+2	9.940600E-6	1.293960E+4	0.000000E+0	0.000000E+0
7.357940E+2	9.941100E-6	1.293960E+4	0.000000E+0	0.000000E+0
7.387990E+2	9.939800E-6	1.293940E+4	0.000000E+0	0.000000E+0
7.417970E+2	9.947700E-6	1.293870E+4	0.000000E+0	0.000000E+0
7.447960E+2	9.950000E-6	1.293800E+4	0.000000E+0	0.000000E+0
7.477970E+2	9.948800E-6	1.293830E+4	0.000000E+0	0.000000E+0
7.507950E+2	9.948600E-6	1.293850E+4	0.000000E+0	0.000000E+0
7.537990E+2	9.946900E-6	1.293890E+4	0.000000E+0	0.000000E+0
7.567970E+2	9.949100E-6	1.293960E+4	0.000000E+0	0.000000E+0
7.597940E+2	9.948700E-6	1.293990E+4	0.000000E+0	0.000000E+0
7.628000E+2	9.947300E-6	1.294030E+4	0.000000E+0	0.000000E+0
7.657970E+2	9.946700E-6	1.293990E+4	0.000000E+0	0.000000E+0
7.687950E+2	9.949400E-6	1.293960E+4	0.000000E+0	0.000000E+0
7.717970E+2	9.947100E-6	1.293980E+4	0.000000E+0	0.000000E+0
7.748000E+2	9.947200E-6	1.294010E+4	0.000000E+0	0.000000E+0
7.778000E+2	9.945400E-6	1.294060E+4	0.000000E+0	0.000000E+0
7.807970E+2	9.945100E-6	1.294140E+4	0.000000E+0	0.000000E+0
7.837960E+2	9.947000E-6	1.294150E+4	0.000000E+0	0.000000E+0
7.868000E+2	9.946700E-6	1.294120E+4	0.000000E+0	0.000000E+0
7.897960E+2	9.945400E-6	1.294110E+4	0.000000E+0	0.000000E+0
7.927960E+2	9.946200E-6	1.294160E+4	0.000000E+0	0.000000E+0
7.957960E+2	9.945100E-6	1.294170E+4	0.000000E+0	0.000000E+0
7.987990E+2	9.945800E-6	1.294160E+4	0.000000E+0	0.000000E+0
8.017990E+2	9.945000E-6	1.294100E+4	0.000000E+0	0.000000E+0
8.047930E+2	9.945900E-6	1.294070E+4	0.000000E+0	0.000000E+0
8.077960E+2	9.944600E-6	1.293990E+4	0.000000E+0	0.000000E+0
8.107980E+2	9.945300E-6	1.293970E+4	0.000000E+0	0.000000E+0
8.137960E+2	9.945900E-6	1.293950E+4	0.000000E+0	0.000000E+0
8.167940E+2	9.944000E-6	1.293950E+4	0.000000E+0	0.000000E+0
8.197960E+2	9.943100E-6	1.293990E+4	0.000000E+0	0.000000E+0
8.227960E+2	9.944700E-6	1.294020E+4	0.000000E+0	0.000000E+0
8.257970E+2	9.943700E-6	1.294060E+4	0.000000E+0	0.000000E+0
8.288000E+2	9.942900E-6	1.294060E+4	0.000000E+0	0.000000E+0
8.317990E+2	9.942800E-6	1.294040E+4	0.000000E+0	0.000000E+0
8.347960E+2	9.943000E-6	1.294090E+4	0.000000E+0	0.000000E+0
8.377970E+2	9.949300E-6	1.294180E+4	0.000000E+0	0.000000E+0
8.407920E+2	9.943200E-6	1.294270E+4	0.000000E+0	0.000000E+0
8.437940E+2	9.944100E-6	1.294380E+4	0.000000E+0	0.000000E+0
8.468010E+2	9.947600E-6	1.294480E+4	0.000000E+0	0.000000E+0
8.497970E+2	9.947500E-6	1.294540E+4	0.000000E+0	0.000000E+0
8.527980E+2	9.948500E-6	1.294580E+4	0.000000E+0	0.000000E+0
8.558000E+2	9.948100E-6	1.294630E+4	0.000000E+0	0.000000E+0
8.587970E+2	9.945900E-6	1.294650E+4	0.000000E+0	0.000000E+0
8.618060E+2	9.950400E-6	1.294660E+4	0.000000E+0	0.000000E+0
8.647980E+2	9.945500E-6	1.294680E+4	0.000000E+0	0.000000E+0
8.677950E+2	9.946100E-6	1.294670E+4	0.000000E+0	0.000000E+0
8.708010E+2	9.946300E-6	1.294630E+4	0.000000E+0	0.000000E+0
8.738000E+2	9.944500E-6	1.294520E+4	0.000000E+0	0.000000E+0
8.767980E+2	9.944000E-6	1.294510E+4	0.000000E+0	0.000000E+0
8.797960E+2	9.945900E-6	1.294530E+4	0.000000E+0	0.000000E+0
8.828000E+2	9.945500E-6	1.294520E+4	0.000000E+0	0.000000E+0
8.857980E+2	9.946100E-6	1.294510E+4	0.000000E+0	0.000000E+0
8.887990E+2	9.948100E-6	1.294580E+4	0.000000E+0	0.000000E+0
8.917980E+2	9.950100E-6	1.294550E+4	0.000000E+0	0.000000E+0
8.947960E+2	9.946500E-6	1.294540E+4	0.000000E+0	0.000000E+0
8.977960E+2	9.946000E-6	1.294550E+4	0.000000E+0	0.000000E+0
9.007940E+2	9.947000E-6	1.294570E+4	0.000000E+0	0.000000E+0
9.037960E+2	9.945600E-6	1.294560E+4	0.000000E+0	0.000000E+0
9.067940E+2	9.946300E-6	1.294570E+4	0.000000E+0	0.000000E+0
9.097930E+2	9.947600E-6	1.294580E+4	0.000000E+0	0.000000E+0
9.127960E+2	9.947000E-6	1.294540E+4	0.000000E+0	0.000000E+0
9.157940E+2	9.945600E-6	1.294480E+4	0.000000E+0	0.000000E+0
9.187960E+2	9.947100E-6	1.294480E+4	0.000000E+0	0.000000E+0
9.217940E+2	9.950000E-6	1.294490E+4	0.000000E+0	0.000000E+0
9.247970E+2	9.946600E-6	1.294540E+4	0.000000E+0	0.000000E+0
9.277940E+2	9.945900E-6	1.294610E+4	0.000000E+0	0.000000E+0
9.307970E+2	9.945400E-6	1.294650E+4	0.000000E+0	0.000000E+0
9.337940E+2	9.946800E-6	1.294690E+4	0.000000E+0	0.000000E+0
9.368000E+2	9.944500E-6	1.294750E+4	0.000000E+0	0.000000E+0
9.397950E+2	9.946500E-6	1.294890E+4	0.000000E+0	0.000000E+0
9.427990E+2	9.946400E-6	1.295030E+4	0.000000E+0	0.000000E+0
9.457950E+2	9.946200E-6	1.295090E+4	0.000000E+0	0.000000E+0
9.487980E+2	9.948300E-6	1.295080E+4	0.000000E+0	0.000000E+0
9.517950E+2	9.947000E-6	1.295120E+4	0.000000E+0	0.000000E+0
9.547950E+2	9.946300E-6	1.295130E+4	0.000000E+0	0.000000E+0
9.577930E+2	9.945400E-6	1.295160E+4	0.000000E+0	0.000000E+0
9.607950E+2	9.944100E-6	1.295190E+4	0.000000E+0	0.000000E+0
9.637930E+2	9.945900E-6	1.295220E+4	0.000000E+0	0.000000E+0
9.667970E+2	9.944800E-6	1.295220E+4	0.000000E+0	0.000000E+0
9.697930E+2	9.945900E-6	1.295220E+4	0.000000E+0	0.000000E+0
9.727950E+2	9.945900E-6	1.295230E+4	0.000000E+0	0.000000E+0
9.757930E+2	9.944700E-6	1.295210E+4	0.000000E+0	0.000000E+0
9.787930E+2	9.945600E-6	1.295190E+4	0.000000E+0	0.000000E+0
9.817950E+2	9.943500E-6	1.295220E+4	0.000000E+0	0.000000E+0
9.847950E+2	9.942400E-6	1.295180E+4	0.000000E+0	0.000000E+0
9.877960E+2	9.943300E-6	1.295140E+4	0.000000E+0	0.000000E+0
9.907980E+2	9.945500E-6	1.295160E+4	0.000000E+0	0.000000E+0
9.937980E+2	9.944600E-6	1.295180E+4	0.000000E+0	0.000000E+0
9.967980E+2	9.944700E-6	1.295140E+4	0.000000E+0	0.000000E+0
9.997960E+2	9.945100E-6	1.295070E+4	0.000000E+0	0.000000E+0
1.002796E+3	9.944800E-6	1.295060E+4	0.000000E+0	0.000000E+0
1.005797E+3	9.942800E-6	1.295010E+4	0.000000E+0	0.000000E+0
1.008797E+3	9.943700E-6	1.294950E+4	0.000000E+0	0.000000E+0
1.011796E+3	9.945200E-6	1.294900E+4	0.000000E+0	0.000000E+0
1.014797E+3	9.945300E-6	1.294850E+4	0.000000E+0	0.000000E+0
1.017797E+3	9.942000E-6	1.294850E+4	0.000000E+0	0.000000E+0
1.020796E+3	9.940100E-6	1.294880E+4	0.000000E+0	0.000000E+0
1.023792E+3	9.940200E-6	1.294950E+4	0.000000E+0	0.000000E+0
1.026797E+3	9.939400E-6	1.295110E+4	0.000000E+0	0.000000E+0
1.029797E+3	9.941800E-6	1.295210E+4	0.000000E+0	0.000000E+0
1.032797E+3	9.941600E-6	1.295250E+4	0.000000E+0	0.000000E+0
1.035798E+3	9.942800E-6	1.295210E+4	0.000000E+0	0.000000E+0
1.038797E+3	9.941700E-6	1.295280E+4	0.000000E+0	0.000000E+0
1.041797E+3	9.940900E-6	1.295290E+4	0.000000E+0	0.000000E+0
1.044798E+3	9.942600E-6	1.295280E+4	0.000000E+0	0.000000E+0
1.047800E+3	9.941600E-6	1.295260E+4	0.000000E+0	0.000000E+0
1.050797E+3	9.941200E-6	1.295290E+4	0.000000E+0	0.000000E+0
1.053798E+3	9.940400E-6	1.295280E+4	0.000000E+0	0.000000E+0
1.056795E+3	9.942800E-6	1.295220E+4	0.000000E+0	0.000000E+0
1.059796E+3	9.943000E-6	1.295160E+4	0.000000E+0	0.000000E+0
1.062798E+3	9.941800E-6	1.295170E+4	0.000000E+0	0.000000E+0
1.065796E+3	9.941900E-6	1.295230E+4	0.000000E+0	0.000000E+0
1.068796E+3	9.940400E-6	1.295200E+4	0.000000E+0	0.000000E+0
1.071798E+3	9.939100E-6	1.295150E+4	0.000000E+0	0.000000E+0
1.074796E+3	9.939800E-6	1.295120E+4	0.000000E+0	0.000000E+0
1.077798E+3	9.941100E-6	1.295130E+4	0.000000E+0	0.000000E+0
1.080796E+3	9.940000E-6	1.295170E+4	0.000000E+0	0.000000E+0
1.083799E+3	9.939100E-6	1.295180E+4	0.000000E+0	0.000000E+0
1.086798E+3	9.942100E-6	1.295220E+4	0.000000E+0	0.000000E+0
1.089797E+3	9.939900E-6	1.295220E+4	0.000000E+0	0.000000E+0
1.092798E+3	9.939000E-6	1.295210E+4	0.000000E+0	0.000000E+0
1.095799E+3	9.940500E-6	1.295170E+4	0.000000E+0	0.000000E+0
1.098797E+3	9.940200E-6	1.295110E+4	0.000000E+0	0.000000E+0
1.101797E+3	9.942300E-6	1.295090E+4	0.000000E+0	0.000000E+0
1.104796E+3	9.941700E-6	1.295060E+4	0.000000E+0	0.000000E+0
1.107796E+3	9.943000E-6	1.295080E+4	0.000000E+0	0.000000E+0
1.110796E+3	9.941100E-6	1.295110E+4	0.000000E+0	0.000000E+0
1.113795E+3	9.939700E-6	1.295180E+4	0.000000E+0	0.000000E+0
1.116796E+3	9.941000E-6	1.295290E+4	0.000000E+0	0.000000E+0
1.119794E+3	9.940600E-6	1.295360E+4	0.000000E+0	0.000000E+0
1.122797E+3	9.940000E-6	1.295380E+4	0.000000E+0	0.000000E+0
1.125795E+3	9.941400E-6	1.295310E+4	0.000000E+0	0.000000E+0
1.128795E+3	9.942300E-6	1.295160E+4	0.000000E+0	0.000000E+0
1.131795E+3	9.939700E-6	1.295040E+4	0.000000E+0	0.000000E+0
1.134797E+3	9.941000E-6	1.294970E+4	0.000000E+0	0.000000E+0
1.137792E+3	9.937300E-6	1.294890E+4	0.000000E+0	0.000000E+0
1.140795E+3	9.934500E-6	1.294950E+4	0.000000E+0	0.000000E+0
1.143811E+3	9.937600E-6	1.295040E+4	0.000000E+0	0.000000E+0
1.146798E+3	9.942100E-6	1.295240E+4	0.000000E+0	0.000000E+0
1.149801E+3	9.940100E-6	1.295440E+4	0.000000E+0	0.000000E+0
1.152798E+3	9.935900E-6	1.295470E+4	0.000000E+0	0.000000E+0
1.155800E+3	9.939500E-6	1.295580E+4	0.000000E+0	0.000000E+0
1.158800E+3	9.934500E-6	1.295590E+4	0.000000E+0	0.000000E+0
1.161798E+3	9.934000E-6	1.295510E+4	0.000000E+0	0.000000E+0
1.164798E+3	9.935500E-6	1.295440E+4	0.000000E+0	0.000000E+0
1.167798E+3	9.935700E-6	1.295370E+4	0.000000E+0	0.000000E+0
1.170798E+3	9.939500E-6	1.295310E+4	0.000000E+0	0.000000E+0
1.173796E+3	9.939800E-6	1.295300E+4	0.000000E+0	0.000000E+0
1.176796E+3	9.941000E-6	1.295310E+4	0.000000E+0	0.000000E+0
1.179796E+3	9.938800E-6	1.295310E+4	0.000000E+0	0.000000E+0
1.182798E+3	9.941300E-6	1.295310E+4	0.000000E+0	0.000000E+0
1.185801E+3	9.938900E-6	1.295310E+4	0.000000E+0	0.000000E+0
1.188799E+3	9.940600E-6	1.295250E+4	0.000000E+0	0.000000E+0
1.191799E+3	9.940400E-6	1.295210E+4	0.000000E+0	0.000000E+0
1.194797E+3	9.940700E-6	1.295120E+4	0.000000E+0	0.000000E+0
1.197799E+3	9.942600E-6	1.295070E+4	0.000000E+0	0.000000E+0
1.200797E+3	9.943900E-6	1.295040E+4	0.000000E+0	0.000000E+0
1.203804E+3	9.940500E-6	1.295010E+4	0.000000E+0	0.000000E+0
1.206800E+3	9.940000E-6	1.294970E+4	0.000000E+0	0.000000E+0
1.209799E+3	9.939700E-6	1.294920E+4	0.000000E+0	0.000000E+0
1.212799E+3	9.935400E-6	1.294870E+4	0.000000E+0	0.000000E+0
1.215802E+3	9.935200E-6	1.294870E+4	0.000000E+0	0.000000E+0
1.218799E+3	9.935100E-6	1.294850E+4	0.000000E+0	0.000000E+0
1.221803E+3	9.935100E-6	1.294820E+4	0.000000E+0	0.000000E+0
1.224795E+3	9.934800E-6	1.294790E+4	0.000000E+0	0.000000E+0
1.227797E+3	9.934000E-6	1.294770E+4	0.000000E+0	0.000000E+0
1.230798E+3	9.935700E-6	1.294770E+4	0.000000E+0	0.000000E+0
1.233797E+3	9.935000E-6	1.294830E+4	0.000000E+0	0.000000E+0
1.236801E+3	9.933000E-6	1.294870E+4	0.000000E+0	0.000000E+0
1.239801E+3	9.934000E-6	1.294880E+4	0.000000E+0	0.000000E+0
1.242801E+3	9.935800E-6	1.294860E+4	0.000000E+0	0.000000E+0
1.245803E+3	9.935200E-6	1.294830E+4	0.000000E+0	0.000000E+0
1.248801E+3	9.935600E-6	1.294820E+4	0.000000E+0	0.000000E+0
1.251798E+3	9.938600E-6	1.294830E+4	0.000000E+0	0.000000E+0
1.254801E+3	9.933500E-6	1.294880E+4	0.000000E+0	0.000000E+0
1.257798E+3	9.933200E-6	1.294920E+4	0.000000E+0	0.000000E+0
1.260798E+3	9.932500E-6	1.294910E+4	0.000000E+0	0.000000E+0
1.263798E+3	9.933200E-6	1.294890E+4	0.000000E+0	0.000000E+0
1.266801E+3	9.934500E-6	1.294870E+4	0.000000E+0	0.000000E+0
1.269797E+3	9.934100E-6	1.294890E+4	0.000000E+0	0.000000E+0
1.272794E+3	9.933700E-6	1.294990E+4	0.000000E+0	0.000000E+0
1.275797E+3	9.933800E-6	1.295160E+4	0.000000E+0	0.000000E+0
1.278797E+3	9.933500E-6	1.295220E+4	0.000000E+0	0.000000E+0
1.281797E+3	9.933200E-6	1.295260E+4	0.000000E+0	0.000000E+0
1.284797E+3	9.934100E-6	1.295270E+4	0.000000E+0	0.000000E+0
1.287797E+3	9.933100E-6	1.295260E+4	0.000000E+0	0.000000E+0
1.290797E+3	9.932900E-6	1.295240E+4	0.000000E+0	0.000000E+0
1.293799E+3	9.932600E-6	1.295230E+4	0.000000E+0	0.000000E+0
1.296805E+3	9.931800E-6	1.295250E+4	0.000000E+0	0.000000E+0
1.299803E+3	9.932200E-6	1.295240E+4	0.000000E+0	0.000000E+0
1.302794E+3	9.932100E-6	1.295220E+4	0.000000E+0	0.000000E+0
1.305800E+3	9.931400E-6	1.295210E+4	0.000000E+0	0.000000E+0
1.308801E+3	9.931800E-6	1.295220E+4	0.000000E+0	0.000000E+0
1.311800E+3	9.934400E-6	1.295220E+4	0.000000E+0	0.000000E+0
1.314803E+3	9.932200E-6	1.295240E+4	0.000000E+0	0.000000E+0
1.317806E+3	9.932100E-6	1.295250E+4	0.000000E+0	0.000000E+0
1.320798E+3	9.933300E-6	1.295330E+4	0.000000E+0	0.000000E+0
1.323798E+3	9.932600E-6	1.295380E+4	0.000000E+0	0.000000E+0
1.326798E+3	9.932100E-6	1.295420E+4	0.000000E+0	0.000000E+0
1.329800E+3	9.931600E-6	1.295450E+4	0.000000E+0	0.000000E+0
1.332798E+3	9.931600E-6	1.295490E+4	0.000000E+0	0.000000E+0
1.335801E+3	9.932100E-6	1.295500E+4	0.000000E+0	0.000000E+0
1.338793E+3	9.933800E-6	1.295540E+4	0.000000E+0	0.000000E+0
1.341799E+3	9.931600E-6	1.295590E+4	0.000000E+0	0.000000E+0
1.344798E+3	9.930900E-6	1.295610E+4	0.000000E+0	0.000000E+0
1.347796E+3	9.932300E-6	1.295620E+4	0.000000E+0	0.000000E+0
1.350798E+3	9.933000E-6	1.295610E+4	0.000000E+0	0.000000E+0
1.353799E+3	9.932300E-6	1.295670E+4	0.000000E+0	0.000000E+0
1.356801E+3	9.931800E-6	1.295730E+4	0.000000E+0	0.000000E+0
1.359794E+3	9.930100E-6	1.295740E+4	0.000000E+0	0.000000E+0
1.362801E+3	9.931000E-6	1.295760E+4	0.000000E+0	0.000000E+0
1.365799E+3	9.931900E-6	1.295790E+4	0.000000E+0	0.000000E+0
1.368801E+3	9.930700E-6	1.295820E+4	0.000000E+0	0.000000E+0
1.371799E+3	9.929200E-6	1.295890E+4	0.000000E+0	0.000000E+0
1.374799E+3	9.930400E-6	1.295930E+4	0.000000E+0	0.000000E+0
1.377801E+3	9.931600E-6	1.295950E+4	0.000000E+0	0.000000E+0
1.380794E+3	9.931200E-6	1.295920E+4	0.000000E+0	0.000000E+0
1.383797E+3	9.931500E-6	1.295890E+4	0.000000E+0	0.000000E+0
1.386799E+3	9.930100E-6	1.295890E+4	0.000000E+0	0.000000E+0
1.389797E+3	9.933000E-6	1.295870E+4	0.000000E+0	0.000000E+0
1.392799E+3	9.934300E-6	1.295820E+4	0.000000E+0	0.000000E+0
1.395797E+3	9.936700E-6	1.295800E+4	0.000000E+0	0.000000E+0
1.398799E+3	9.933700E-6	1.295770E+4	0.000000E+0	0.000000E+0
1.401798E+3	9.933700E-6	1.295760E+4	0.000000E+0	0.000000E+0
1.404798E+3	9.933500E-6	1.295740E+4	0.000000E+0	0.000000E+0
1.407795E+3	9.933200E-6	1.295750E+4	0.000000E+0	0.000000E+0
1.410795E+3	9.932300E-6	1.295740E+4	0.000000E+0	0.000000E+0
1.413797E+3	9.932300E-6	1.295750E+4	0.000000E+0	0.000000E+0
1.416800E+3	9.935200E-6	1.295780E+4	0.000000E+0	0.000000E+0
1.419798E+3	9.933300E-6	1.295840E+4	0.000000E+0	0.000000E+0
1.422798E+3	9.933800E-6	1.295850E+4	0.000000E+0	0.000000E+0
1.425796E+3	9.933600E-6	1.295840E+4	0.000000E+0	0.000000E+0
1.428800E+3	9.934000E-6	1.295860E+4	0.000000E+0	0.000000E+0
1.431800E+3	9.933700E-6	1.295910E+4	0.000000E+0	0.000000E+0
1.434798E+3	9.935100E-6	1.295960E+4	0.000000E+0	0.000000E+0
1.437798E+3	9.933200E-6	1.296010E+4	0.000000E+0	0.000000E+0
1.440799E+3	9.935800E-6	1.296040E+4	0.000000E+0	0.000000E+0
1.443799E+3	9.935000E-6	1.296030E+4	0.000000E+0	0.000000E+0
1.446796E+3	9.935300E-6	1.296000E+4	0.000000E+0	0.000000E+0
1.449797E+3	9.932600E-6	1.296010E+4	0.000000E+0	0.000000E+0
1.452796E+3	9.934900E-6	1.296080E+4	0.000000E+0	0.000000E+0
1.455805E+3	9.940300E-6	1.296120E+4	0.000000E+0	0.000000E+0
1.458799E+3	9.935500E-6	1.296190E+4	0.000000E+0	0.000000E+0
1.461793E+3	9.935200E-6	1.296280E+4	0.000000E+0	0.000000E+0
1.464799E+3	9.933700E-6	1.296400E+4	0.000000E+0	0.000000E+0
1.467794E+3	9.934000E-6	1.296460E+4	0.000000E+0	0.000000E+0
1.470799E+3	9.935600E-6	1.296520E+4	0.000000E+0	0.000000E+0
1.473797E+3	9.932800E-6	1.296610E+4	0.000000E+0	0.000000E+0
1.476799E+3	9.963400E-6	1.296680E+4	0.000000E+0	0.000000E+0
1.479795E+3	9.933200E-6	1.296810E+4	0.000000E+0	0.000000E+0
1.482797E+3	9.933800E-6	1.297010E+4	0.000000E+0	0.000000E+0
1.485795E+3	9.933900E-6	1.297150E+4	0.000000E+0	0.000000E+0
1.488799E+3	9.933900E-6	1.297210E+4	0.000000E+0	0.000000E+0
1.491797E+3	9.933200E-6	1.297240E+4	0.000000E+0	0.000000E+0
1.494798E+3	9.933400E-6	1.297270E+4	0.000000E+0	0.000000E+0
1.497800E+3	9.931600E-6	1.297300E+4	0.000000E+0	0.000000E+0
1.500802E+3	9.931900E-6	1.297270E+4	0.000000E+0	0.000000E+0
1.503793E+3	9.931400E-6	1.297350E+4	0.000000E+0	0.000000E+0
1.506798E+3	9.932900E-6	1.297380E+4	0.000000E+0	0.000000E+0
1.509797E+3	9.934000E-6	1.297380E+4	0.000000E+0	0.000000E+0
1.512798E+3	9.931400E-6	1.297350E+4	0.000000E+0	0.000000E+0
1.515800E+3	9.933300E-6	1.297300E+4	0.000000E+0	0.000000E+0
1.518798E+3	9.931400E-6	1.297320E+4	0.000000E+0	0.000000E+0
1.521800E+3	9.932100E-6	1.297440E+4	0.000000E+0	0.000000E+0
1.524800E+3	9.933500E-6	1.297520E+4	0.000000E+0	0.000000E+0
1.527796E+3	9.934900E-6	1.297500E+4	0.000000E+0	0.000000E+0
1.530798E+3	9.931200E-6	1.297450E+4	0.000000E+0	0.000000E+0
1.533801E+3	9.931500E-6	1.297440E+4	0.000000E+0	0.000000E+0
1.536798E+3	9.933000E-6	1.297390E+4	0.000000E+0	0.000000E+0
1.539798E+3	9.932500E-6	1.297370E+4	0.000000E+0	0.000000E+0
1.542798E+3	9.931600E-6	1.297320E+4	0.000000E+0	0.000000E+0
1.545798E+3	9.932400E-6	1.297250E+4	0.000000E+0	0.000000E+0
1.548796E+3	9.934000E-6	1.297180E+4	0.000000E+0	0.000000E+0
1.551797E+3	9.932900E-6	1.297120E+4	0.000000E+0	0.000000E+0
1.554797E+3	9.927800E-6	1.297120E+4	0.000000E+0	0.000000E+0
1.557797E+3	9.927800E-6	1.297220E+4	0.000000E+0	0.000000E+0
1.560796E+3	9.927400E-6	1.297300E+4	0.000000E+0	0.000000E+0
1.563802E+3	9.926700E-6	1.297350E+4	0.000000E+0	0.000000E+0
1.566797E+3	9.929300E-6	1.297360E+4	0.000000E+0	0.000000E+0
1.569794E+3	9.929600E-6	1.297420E+4	0.000000E+0	0.000000E+0
1.572799E+3	9.929500E-6	1.297500E+4	0.000000E+0	0.000000E+0
1.575797E+3	9.929000E-6	1.297560E+4	0.000000E+0	0.000000E+0
1.578800E+3	9.928200E-6	1.297610E+4	0.000000E+0	0.000000E+0
1.581795E+3	9.927700E-6	1.297590E+4	0.000000E+0	0.000000E+0
1.584798E+3	9.927000E-6	1.297580E+4	0.000000E+0	0.000000E+0
1.587798E+3	9.928900E-6	1.297590E+4	0.000000E+0	0.000000E+0
1.590797E+3	9.929300E-6	1.297530E+4	0.000000E+0	0.000000E+0
1.593800E+3	9.928400E-6	1.297490E+4	0.000000E+0	0.000000E+0
1.596798E+3	9.926400E-6	1.297490E+4	0.000000E+0	0.000000E+0
1.599793E+3	9.925300E-6	1.297580E+4	0.000000E+0	0.000000E+0
1.602795E+3	9.924000E-6	1.297610E+4	0.000000E+0	0.000000E+0
1.605795E+3	9.927700E-6	1.297620E+4	0.000000E+0	0.000000E+0
1.608798E+3	9.927400E-6	1.297680E+4	0.000000E+0	0.000000E+0
1.611796E+3	9.926600E-6	1.297680E+4	0.000000E+0	0.000000E+0
1.614798E+3	9.926800E-6	1.297670E+4	0.000000E+0	0.000000E+0
1.617793E+3	9.926900E-6	1.297630E+4	0.000000E+0	0.000000E+0
1.620798E+3	9.927600E-6	1.297530E+4	0.000000E+0	0.000000E+0
1.623799E+3	9.925900E-6	1.297420E+4	0.000000E+0	0.000000E+0
1.626799E+3	9.927800E-6	1.297330E+4	0.000000E+0	0.000000E+0
1.629799E+3	9.927800E-6	1.297290E+4	0.000000E+0	0.000000E+0
1.632798E+3	9.925000E-6	1.297310E+4	0.000000E+0	0.000000E+0
1.635793E+3	9.926800E-6	1.297390E+4	0.000000E+0	0.000000E+0
1.638796E+3	9.928000E-6	1.297410E+4	0.000000E+0	0.000000E+0
1.641796E+3	9.924600E-6	1.297430E+4	0.000000E+0	0.000000E+0
1.644789E+3	9.928500E-6	1.297430E+4	0.000000E+0	0.000000E+0
1.647797E+3	9.926300E-6	1.297430E+4	0.000000E+0	0.000000E+0
1.650799E+3	9.926100E-6	1.297390E+4	0.000000E+0	0.000000E+0
1.653797E+3	9.927400E-6	1.297360E+4	0.000000E+0	0.000000E+0
1.656801E+3	9.926800E-6	1.297340E+4	0.000000E+0	0.000000E+0
1.659795E+3	9.926300E-6	1.297310E+4	0.000000E+0	0.000000E+0
1.662791E+3	9.926500E-6	1.297260E+4	0.000000E+0	0.000000E+0
1.665797E+3	9.926900E-6	1.297200E+4	0.000000E+0	0.000000E+0
1.668794E+3	9.928900E-6	1.297150E+4	0.000000E+0	0.000000E+0
1.671795E+3	9.927100E-6	1.297170E+4	0.000000E+0	0.000000E+0
1.674794E+3	9.926100E-6	1.297200E+4	0.000000E+0	0.000000E+0
1.677794E+3	9.926400E-6	1.297230E+4	0.000000E+0	0.000000E+0
1.680792E+3	9.925900E-6	1.297290E+4	0.000000E+0	0.000000E+0
1.683795E+3	9.924900E-6	1.297340E+4	0.000000E+0	0.000000E+0
1.686794E+3	9.926600E-6	1.297380E+4	0.000000E+0	0.000000E+0
1.689789E+3	9.927000E-6	1.297390E+4	0.000000E+0	0.000000E+0
1.692795E+3	9.928900E-6	1.297410E+4	0.000000E+0	0.000000E+0
1.695793E+3	9.926300E-6	1.297490E+4	0.000000E+0	0.000000E+0
1.698797E+3	9.923700E-6	1.297630E+4	0.000000E+0	0.000000E+0
1.701793E+3	9.925800E-6	1.297710E+4	0.000000E+0	0.000000E+0
1.704796E+3	9.926600E-6	1.297700E+4	0.000000E+0	0.000000E+0
1.707793E+3	9.925800E-6	1.297760E+4	0.000000E+0	0.000000E+0
1.710793E+3	9.929000E-6	1.297790E+4	0.000000E+0	0.000000E+0
1.713795E+3	9.926900E-6	1.297760E+4	0.000000E+0	0.000000E+0
1.716796E+3	9.923800E-6	1.297780E+4	0.000000E+0	0.000000E+0
1.719796E+3	9.925000E-6	1.297800E+4	0.000000E+0	0.000000E+0
1.722795E+3	9.924300E-6	1.297830E+4	0.000000E+0	0.000000E+0
1.725793E+3	9.925700E-6	1.297810E+4	0.000000E+0	0.000000E+0
1.728793E+3	9.925100E-6	1.297790E+4	0.000000E+0	0.000000E+0
1.731794E+3	9.927700E-6	1.297770E+4	0.000000E+0	0.000000E+0
1.734796E+3	9.926200E-6	1.297710E+4	0.000000E+0	0.000000E+0
1.737796E+3	9.925000E-6	1.297700E+4	0.000000E+0	0.000000E+0
1.740794E+3	9.924300E-6	1.297710E+4	0.000000E+0	0.000000E+0
1.743796E+3	9.926100E-6	1.297720E+4	0.000000E+0	0.000000E+0
1.746796E+3	9.925800E-6	1.297710E+4	0.000000E+0	0.000000E+0
1.749796E+3	9.927100E-6	1.297780E+4	0.000000E+0	0.000000E+0
1.752794E+3	9.927400E-6	1.297760E+4	0.000000E+0	0.000000E+0
1.755794E+3	9.928700E-6	1.297750E+4	0.000000E+0	0.000000E+0
1.758797E+3	9.924900E-6	1.297740E+4	0.000000E+0	0.000000E+0
1.761794E+3	9.926200E-6	1.297730E+4	0.000000E+0	0.000000E+0
1.764795E+3	9.926200E-6	1.297750E+4	0.000000E+0	0.000000E+0
1.767795E+3	9.926300E-6	1.297770E+4	0.000000E+0	0.000000E+0
1.770794E+3	9.927700E-6	1.297810E+4	0.000000E+0	0.000000E+0
1.773792E+3	9.927000E-6	1.297860E+4	0.000000E+0	0.000000E+0
1.776795E+3	9.928400E-6	1.297900E+4	0.000000E+0	0.000000E+0
1.779798E+3	9.926900E-6	1.297990E+4	0.000000E+0	0.000000E+0
1.782797E+3	9.927600E-6	1.298100E+4	0.000000E+0	0.000000E+0
1.785797E+3	9.927000E-6	1.298220E+4	0.000000E+0	0.000000E+0
1.788798E+3	9.925900E-6	1.298250E+4	0.000000E+0	0.000000E+0
1.791800E+3	9.926000E-6	1.298230E+4	0.000000E+0	0.000000E+0
1.794798E+3	9.926500E-6	1.298200E+4	0.000000E+0	0.000000E+0
1.797801E+3	9.927600E-6	1.298160E+4	0.000000E+0	0.000000E+0
1.800796E+3	9.927900E-6	1.298110E+4	0.000000E+0	0.000000E+0
1.803799E+3	9.927500E-6	1.298080E+4	0.000000E+0	0.000000E+0
1.806791E+3	9.926900E-6	1.298030E+4	0.000000E+0	0.000000E+0
1.809798E+3	9.927800E-6	1.298020E+4	0.000000E+0	0.000000E+0
1.812796E+3	9.928000E-6	1.297970E+4	0.000000E+0	0.000000E+0
1.815798E+3	9.925100E-6	1.297930E+4	0.000000E+0	0.000000E+0
1.818799E+3	9.924900E-6	1.297970E+4	0.000000E+0	0.000000E+0
1.821794E+3	9.924500E-6	1.298090E+4	0.000000E+0	0.000000E+0
1.824802E+3	9.924900E-6	1.298160E+4	0.000000E+0	0.000000E+0
1.827802E+3	9.924500E-6	1.298210E+4	0.000000E+0	0.000000E+0
1.830803E+3	9.926600E-6	1.298230E+4	0.000000E+0	0.000000E+0
1.833797E+3	9.927400E-6	1.298300E+4	0.000000E+0	0.000000E+0
1.836796E+3	9.924400E-6	1.298330E+4	0.000000E+0	0.000000E+0
1.839796E+3	9.926600E-6	1.298350E+4	0.000000E+0	0.000000E+0
1.842796E+3	9.929800E-6	1.298350E+4	0.000000E+0	0.000000E+0
1.845799E+3	9.925600E-6	1.298330E+4	0.000000E+0	0.000000E+0
1.848799E+3	9.924600E-6	1.298300E+4	0.000000E+0	0.000000E+0
1.851795E+3	9.924700E-6	1.298270E+4	0.000000E+0	0.000000E+0
1.854797E+3	9.926000E-6	1.298250E+4	0.000000E+0	0.000000E+0
1.857792E+3	9.924600E-6	1.298250E+4	0.000000E+0	0.000000E+0
1.860797E+3	9.924600E-6	1.298240E+4	0.000000E+0	0.000000E+0
1.863797E+3	9.924700E-6	1.298220E+4	0.000000E+0	0.000000E+0
1.866795E+3	9.925900E-6	1.298190E+4	0.000000E+0	0.000000E+0
1.869800E+3	9.922600E-6	1.298210E+4	0.000000E+0	0.000000E+0
1.872795E+3	9.926900E-6	1.298210E+4	0.000000E+0	0.000000E+0
1.875808E+3	9.926100E-6	1.298200E+4	0.000000E+0	0.000000E+0
1.878800E+3	9.925300E-6	1.298250E+4	0.000000E+0	0.000000E+0
1.881795E+3	9.924400E-6	1.298320E+4	0.000000E+0	0.000000E+0
1.884797E+3	9.924300E-6	1.298390E+4	0.000000E+0	0.000000E+0
1.887800E+3	9.924000E-6	1.298510E+4	0.000000E+0	0.000000E+0
1.890798E+3	9.923800E-6	1.298610E+4	0.000000E+0	0.000000E+0
1.893791E+3	9.921100E-6	1.298660E+4	0.000000E+0	0.000000E+0
1.896796E+3	9.922800E-6	1.298650E+4	0.000000E+0	0.000000E+0
1.899793E+3	9.923900E-6	1.298650E+4	0.000000E+0	0.000000E+0
1.902796E+3	9.923600E-6	1.298730E+4	0.000000E+0	0.000000E+0
1.905791E+3	9.923700E-6	1.298820E+4	0.000000E+0	0.000000E+0
1.908793E+3	9.923800E-6	1.298860E+4	0.000000E+0	0.000000E+0
1.911796E+3	9.924000E-6	1.298860E+4	0.000000E+0	0.000000E+0
1.914796E+3	9.923400E-6	1.298850E+4	0.000000E+0	0.000000E+0
1.917793E+3	9.921200E-6	1.298830E+4	0.000000E+0	0.000000E+0
1.920794E+3	9.922400E-6	1.298790E+4	0.000000E+0	0.000000E+0
1.923793E+3	9.921800E-6	1.298760E+4	0.000000E+0	0.000000E+0
1.926793E+3	9.921900E-6	1.298790E+4	0.000000E+0	0.000000E+0
1.929792E+3	9.921400E-6	1.298770E+4	0.000000E+0	0.000000E+0
1.932791E+3	9.922100E-6	1.298790E+4	0.000000E+0	0.000000E+0
1.935792E+3	9.921600E-6	1.298810E+4	0.000000E+0	0.000000E+0
1.938792E+3	9.921400E-6	1.298830E+4	0.000000E+0	0.000000E+0
1.941794E+3	9.922400E-6	1.298790E+4	0.000000E+0	0.000000E+0
1.944794E+3	9.923300E-6	1.298780E+4	0.000000E+0	0.000000E+0
1.947795E+3	9.923700E-6	1.298840E+4	0.000000E+0	0.000000E+0
1.950795E+3	9.922300E-6	1.298890E+4	0.000000E+0	0.000000E+0
1.953792E+3	9.922700E-6	1.298880E+4	0.000000E+0	0.000000E+0
1.956794E+3	9.919900E-6	1.298950E+4	0.000000E+0	0.000000E+0
1.959792E+3	9.920500E-6	1.299000E+4	0.000000E+0	0.000000E+0
1.962790E+3	9.922000E-6	1.299080E+4	0.000000E+0	0.000000E+0
1.965792E+3	9.921500E-6	1.299110E+4	0.000000E+0	0.000000E+0
1.968798E+3	9.921100E-6	1.299080E+4	0.000000E+0	0.000000E+0
1.971790E+3	9.922200E-6	1.299110E+4	0.000000E+0	0.000000E+0
1.974800E+3	9.923000E-6	1.299100E+4	0.000000E+0	0.000000E+0
1.977801E+3	9.922800E-6	1.299090E+4	0.000000E+0	0.000000E+0
1.980801E+3	9.922000E-6	1.299060E+4	0.000000E+0	0.000000E+0
1.983801E+3	9.922200E-6	1.299040E+4	0.000000E+0	0.000000E+0
1.986800E+3	9.923300E-6	1.299040E+4	0.000000E+0	0.000000E+0
1.989793E+3	9.920800E-6	1.299020E+4	0.000000E+0	0.000000E+0
1.992791E+3	9.920000E-6	1.299030E+4	0.000000E+0	0.000000E+0
1.995791E+3	9.919200E-6	1.299000E+4	0.000000E+0	0.000000E+0
1.998793E+3	9.921100E-6	1.298980E+4	0.000000E+0	0.000000E+0
2.001806E+3	9.919200E-6	1.298960E+4	0.000000E+0	0.000000E+0
2.004799E+3	9.919600E-6	1.298910E+4	0.000000E+0	0.000000E+0
2.007794E+3	9.918900E-6	1.298880E+4	0.000000E+0	0.000000E+0
2.010793E+3	9.920800E-6	1.298940E+4	0.000000E+0	0.000000E+0
2.013794E+3	9.920400E-6	1.298990E+4	0.000000E+0	0.000000E+0
2.016793E+3	9.920400E-6	1.298990E+4	0.000000E+0	0.000000E+0
2.019802E+3	9.920400E-6	1.298960E+4	0.000000E+0	0.000000E+0
2.022794E+3	9.920300E-6	1.298930E+4	0.000000E+0	0.000000E+0
2.025791E+3	9.919500E-6	1.298900E+4	0.000000E+0	0.000000E+0
2.028791E+3	9.916800E-6	1.298910E+4	0.000000E+0	0.000000E+0
2.031797E+3	9.916700E-6	1.298990E+4	0.000000E+0	0.000000E+0
2.034797E+3	9.918000E-6	1.298970E+4	0.000000E+0	0.000000E+0
2.037794E+3	9.916500E-6	1.298980E+4	0.000000E+0	0.000000E+0
2.040794E+3	9.916800E-6	1.299070E+4	0.000000E+0	0.000000E+0
2.043797E+3	9.926900E-6	1.299170E+4	0.000000E+0	0.000000E+0
2.046794E+3	9.920400E-6	1.299230E+4	0.000000E+0	0.000000E+0
2.049794E+3	9.918800E-6	1.299200E+4	0.000000E+0	0.000000E+0
2.052794E+3	9.919300E-6	1.299160E+4	0.000000E+0	0.000000E+0
2.055795E+3	9.920600E-6	1.299170E+4	0.000000E+0	0.000000E+0
2.058794E+3	9.918600E-6	1.299160E+4	0.000000E+0	0.000000E+0
2.061797E+3	9.916000E-6	1.299120E+4	0.000000E+0	0.000000E+0
2.064793E+3	9.917300E-6	1.299150E+4	0.000000E+0	0.000000E+0
2.067801E+3	9.917600E-6	1.299140E+4	0.000000E+0	0.000000E+0
2.070793E+3	9.917700E-6	1.299110E+4	0.000000E+0	0.000000E+0
2.073793E+3	9.917300E-6	1.299090E+4	0.000000E+0	0.000000E+0
2.076795E+3	9.916600E-6	1.299110E+4	0.000000E+0	0.000000E+0
2.079793E+3	9.918100E-6	1.299090E+4	0.000000E+0	0.000000E+0
2.082795E+3	9.918100E-6	1.299140E+4	0.000000E+0	0.000000E+0
2.085795E+3	9.918600E-6	1.299130E+4	0.000000E+0	0.000000E+0
2.088793E+3	9.918100E-6	1.299100E+4	0.000000E+0	0.000000E+0
2.091793E+3	9.917100E-6	1.299070E+4	0.000000E+0	0.000000E+0
2.094796E+3	9.917600E-6	1.299060E+4	0.000000E+0	0.000000E+0
2.097794E+3	9.918400E-6	1.299060E+4	0.000000E+0	0.000000E+0
2.100791E+3	9.929700E-6	1.299070E+4	0.000000E+0	0.000000E+0
2.103796E+3	9.918700E-6	1.299090E+4	0.000000E+0	0.000000E+0
2.106797E+3	9.918700E-6	1.299120E+4	0.000000E+0	0.000000E+0
2.109794E+3	9.918000E-6	1.299130E+4	0.000000E+0	0.000000E+0
2.112796E+3	9.917300E-6	1.299220E+4	0.000000E+0	0.000000E+0
2.115799E+3	9.918300E-6	1.299270E+4	0.000000E+0	0.000000E+0
2.118801E+3	9.916600E-6	1.299320E+4	0.000000E+0	0.000000E+0
2.121799E+3	9.917600E-6	1.299320E+4	0.000000E+0	0.000000E+0
2.124795E+3	9.916700E-6	1.299340E+4	0.000000E+0	0.000000E+0
2.127800E+3	9.916300E-6	1.299360E+4	0.000000E+0	0.000000E+0
2.130799E+3	9.911300E-6	1.299390E+4	0.000000E+0	0.000000E+0
2.133800E+3	9.912100E-6	1.299410E+4	0.000000E+0	0.000000E+0
2.136798E+3	9.911800E-6	1.299450E+4	0.000000E+0	0.000000E+0
2.139798E+3	9.911800E-6	1.299530E+4	0.000000E+0	0.000000E+0
2.142798E+3	9.911600E-6	1.299580E+4	0.000000E+0	0.000000E+0
2.145797E+3	9.911500E-6	1.299640E+4	0.000000E+0	0.000000E+0
2.148797E+3	9.911100E-6	1.299740E+4	0.000000E+0	0.000000E+0
2.151798E+3	9.913900E-6	1.299810E+4	0.000000E+0	0.000000E+0
2.154798E+3	9.912800E-6	1.299920E+4	0.000000E+0	0.000000E+0
2.157796E+3	9.911300E-6	1.300010E+4	0.000000E+0	0.000000E+0
2.160795E+3	9.909900E-6	1.300070E+4	0.000000E+0	0.000000E+0
2.163798E+3	9.910100E-6	1.300070E+4	0.000000E+0	0.000000E+0
2.166796E+3	9.911100E-6	1.300050E+4	0.000000E+0	0.000000E+0
2.169796E+3	9.909600E-6	1.300090E+4	0.000000E+0	0.000000E+0
2.172804E+3	9.911100E-6	1.300110E+4	0.000000E+0	0.000000E+0
2.175798E+3	9.910500E-6	1.300110E+4	0.000000E+0	0.000000E+0
2.178798E+3	9.910400E-6	1.300130E+4	0.000000E+0	0.000000E+0
2.181803E+3	9.909900E-6	1.300110E+4	0.000000E+0	0.000000E+0
2.184801E+3	9.909700E-6	1.300050E+4	0.000000E+0	0.000000E+0
2.187799E+3	9.913900E-6	1.299970E+4	0.000000E+0	0.000000E+0
2.190796E+3	9.912000E-6	1.299890E+4	0.000000E+0	0.000000E+0
2.193796E+3	9.911400E-6	1.299850E+4	0.000000E+0	0.000000E+0
2.196799E+3	9.911000E-6	1.299820E+4	0.000000E+0	0.000000E+0
2.199797E+3	9.909700E-6	1.299780E+4	0.000000E+0	0.000000E+0
2.202796E+3	9.910000E-6	1.299760E+4	0.000000E+0	0.000000E+0
2.205797E+3	9.911900E-6	1.299720E+4	0.000000E+0	0.000000E+0
2.208799E+3	9.910800E-6	1.299720E+4	0.000000E+0	0.000000E+0
2.211800E+3	9.909000E-6	1.299730E+4	0.000000E+0	0.000000E+0
2.214800E+3	9.910400E-6	1.299710E+4	0.000000E+0	0.000000E+0
2.217800E+3	9.910400E-6	1.299770E+4	0.000000E+0	0.000000E+0
2.220799E+3	9.910200E-6	1.299870E+4	0.000000E+0	0.000000E+0
2.223800E+3	9.908700E-6	1.299900E+4	0.000000E+0	0.000000E+0
2.226799E+3	9.910200E-6	1.299980E+4	0.000000E+0	0.000000E+0
2.229797E+3	9.909900E-6	1.299990E+4	0.000000E+0	0.000000E+0
2.232800E+3	9.907300E-6	1.300010E+4	0.000000E+0	0.000000E+0
2.235800E+3	9.909300E-6	1.299990E+4	0.000000E+0	0.000000E+0
2.238800E+3	9.909900E-6	1.299970E+4	0.000000E+0	0.000000E+0
2.241800E+3	9.909300E-6	1.299950E+4	0.000000E+0	0.000000E+0
2.244797E+3	9.911300E-6	1.299990E+4	0.000000E+0	0.000000E+0
2.247796E+3	9.908700E-6	1.300080E+4	0.000000E+0	0.000000E+0
2.250800E+3	9.908100E-6	1.300170E+4	0.000000E+0	0.000000E+0
2.253800E+3	9.911100E-6	1.300220E+4	0.000000E+0	0.000000E+0
2.256796E+3	9.907800E-6	1.300250E+4	0.000000E+0	0.000000E+0
2.259796E+3	9.909200E-6	1.300260E+4	0.000000E+0	0.000000E+0
2.262796E+3	9.909100E-6	1.300230E+4	0.000000E+0	0.000000E+0
2.265796E+3	9.906300E-6	1.300180E+4	0.000000E+0	0.000000E+0
2.268796E+3	9.906700E-6	1.300120E+4	0.000000E+0	0.000000E+0
2.271794E+3	9.908000E-6	1.300090E+4	0.000000E+0	0.000000E+0
2.274795E+3	9.907900E-6	1.300050E+4	0.000000E+0	0.000000E+0
2.277798E+3	9.907300E-6	1.299990E+4	0.000000E+0	0.000000E+0
2.280798E+3	9.907700E-6	1.299960E+4	0.000000E+0	0.000000E+0
2.283802E+3	9.908400E-6	1.299920E+4	0.000000E+0	0.000000E+0
2.286799E+3	9.908700E-6	1.299870E+4	0.000000E+0	0.000000E+0
2.289796E+3	9.909100E-6	1.299870E+4	0.000000E+0	0.000000E+0
2.292797E+3	9.908300E-6	1.299870E+4	0.000000E+0	0.000000E+0
2.295797E+3	9.908500E-6	1.299940E+4	0.000000E+0	0.000000E+0
2.298797E+3	9.907200E-6	1.299970E+4	0.000000E+0	0.000000E+0
2.301802E+3	9.905800E-6	1.299960E+4	0.000000E+0	0.000000E+0
2.304797E+3	9.907000E-6	1.300000E+4	0.000000E+0	0.000000E+0
2.307799E+3	9.907700E-6	1.300080E+4	0.000000E+0	0.000000E+0
2.310799E+3	9.909600E-6	1.300180E+4	0.000000E+0	0.000000E+0
2.313800E+3	9.906300E-6	1.300260E+4	0.000000E+0	0.000000E+0
2.316795E+3	9.905700E-6	1.300290E+4	0.000000E+0	0.000000E+0
2.319795E+3	9.906800E-6	1.300300E+4	0.000000E+0	0.000000E+0
2.322797E+3	9.905900E-6	1.300300E+4	0.000000E+0	0.000000E+0
2.325790E+3	9.907300E-6	1.300300E+4	0.000000E+0	0.000000E+0
2.328797E+3	9.908100E-6	1.300320E+4	0.000000E+0	0.000000E+0
2.331798E+3	9.905800E-6	1.300340E+4	0.000000E+0	0.000000E+0
2.334797E+3	9.905800E-6	1.300320E+4	0.000000E+0	0.000000E+0
2.337798E+3	9.904200E-6	1.300310E+4	0.000000E+0	0.000000E+0
2.340798E+3	9.905100E-6	1.300260E+4	0.000000E+0	0.000000E+0
2.343800E+3	9.908000E-6	1.300240E+4	0.000000E+0	0.000000E+0
2.346796E+3	9.907000E-6	1.300220E+4	0.000000E+0	0.000000E+0
2.349801E+3	9.907500E-6	1.300210E+4	0.000000E+0	0.000000E+0
2.352802E+3	9.907800E-6	1.300220E+4	0.000000E+0	0.000000E+0
2.355800E+3	9.906000E-6	1.300200E+4	0.000000E+0	0.000000E+0
2.358798E+3	9.905600E-6	1.300190E+4	0.000000E+0	0.000000E+0
2.361798E+3	9.906700E-6	1.300200E+4	0.000000E+0	0.000000E+0
2.364801E+3	9.907800E-6	1.300260E+4	0.000000E+0	0.000000E+0
2.367799E+3	9.905700E-6	1.300310E+4	0.000000E+0	0.000000E+0
2.370798E+3	9.905700E-6	1.300410E+4	0.000000E+0	0.000000E+0
2.373798E+3	9.905700E-6	1.300530E+4	0.000000E+0	0.000000E+0
2.376797E+3	9.906300E-6	1.300580E+4	0.000000E+0	0.000000E+0
2.379802E+3	9.905200E-6	1.300590E+4	0.000000E+0	0.000000E+0
2.382799E+3	9.907100E-6	1.300550E+4	0.000000E+0	0.000000E+0
2.385800E+3	9.905800E-6	1.300500E+4	0.000000E+0	0.000000E+0
2.388797E+3	9.905500E-6	1.300480E+4	0.000000E+0	0.000000E+0
2.391796E+3	9.905500E-6	1.300520E+4	0.000000E+0	0.000000E+0
2.394799E+3	9.904100E-6	1.300510E+4	0.000000E+0	0.000000E+0
2.397799E+3	9.905700E-6	1.300520E+4	0.000000E+0	0.000000E+0
2.400800E+3	9.902700E-6	1.300500E+4	0.000000E+0	0.000000E+0
2.403795E+3	9.904200E-6	1.300550E+4	0.000000E+0	0.000000E+0
2.406799E+3	9.900700E-6	1.300660E+4	0.000000E+0	0.000000E+0
2.409798E+3	9.905000E-6	1.300750E+4	0.000000E+0	0.000000E+0
2.412804E+3	9.905100E-6	1.300740E+4	0.000000E+0	0.000000E+0
2.415797E+3	9.905800E-6	1.300780E+4	0.000000E+0	0.000000E+0
2.418797E+3	9.905900E-6	1.300800E+4	0.000000E+0	0.000000E+0
2.421795E+3	9.903200E-6	1.300800E+4	0.000000E+0	0.000000E+0
2.424802E+3	9.905200E-6	1.300760E+4	0.000000E+0	0.000000E+0
2.427803E+3	9.906100E-6	1.300710E+4	0.000000E+0	0.000000E+0
2.430804E+3	9.905700E-6	1.300700E+4	0.000000E+0	0.000000E+0
2.433796E+3	9.905500E-6	1.300630E+4	0.000000E+0	0.000000E+0
2.436798E+3	9.905300E-6	1.300620E+4	0.000000E+0	0.000000E+0
2.439798E+3	9.904600E-6	1.300630E+4	0.000000E+0	0.000000E+0
2.442800E+3	9.904800E-6	1.300670E+4	0.000000E+0	0.000000E+0
2.445798E+3	9.902600E-6	1.300680E+4	0.000000E+0	0.000000E+0
2.448798E+3	9.903700E-6	1.300750E+4	0.000000E+0	0.000000E+0
2.451795E+3	9.904000E-6	1.300880E+4	0.000000E+0	0.000000E+0
2.454798E+3	9.904400E-6	1.300960E+4	0.000000E+0	0.000000E+0
2.457798E+3	9.904400E-6	1.300970E+4	0.000000E+0	0.000000E+0
2.460798E+3	9.903000E-6	1.301010E+4	0.000000E+0	0.000000E+0
2.463799E+3	9.903400E-6	1.301090E+4	0.000000E+0	0.000000E+0
2.466796E+3	9.903100E-6	1.301090E+4	0.000000E+0	0.000000E+0
2.469801E+3	9.901600E-6	1.301130E+4	0.000000E+0	0.000000E+0
2.472799E+3	9.904300E-6	1.301160E+4	0.000000E+0	0.000000E+0
2.475801E+3	9.905900E-6	1.301110E+4	0.000000E+0	0.000000E+0
2.478797E+3	9.903900E-6	1.301060E+4	0.000000E+0	0.000000E+0
2.481797E+3	9.905400E-6	1.301020E+4	0.000000E+0	0.000000E+0
2.484801E+3	9.903400E-6	1.300970E+4	0.000000E+0	0.000000E+0
2.487800E+3	9.904800E-6	1.300940E+4	0.000000E+0	0.000000E+0
2.490796E+3	9.902400E-6	1.300940E+4	0.000000E+0	0.000000E+0
2.493797E+3	9.903400E-6	1.300940E+4	0.000000E+0	0.000000E+0
2.496797E+3	9.903300E-6	1.300970E+4	0.000000E+0	0.000000E+0
2.499799E+3	9.902600E-6	1.301010E+4	0.000000E+0	0.000000E+0
2.502797E+3	9.902500E-6	1.301030E+4	0.000000E+0	0.000000E+0
2.505802E+3	9.903600E-6	1.301090E+4	0.000000E+0	0.000000E+0
2.508795E+3	9.901200E-6	1.301160E+4	0.000000E+0	0.000000E+0
2.511798E+3	9.903500E-6	1.301190E+4	0.000000E+0	0.000000E+0
2.514797E+3	9.902200E-6	1.301170E+4	0.000000E+0	0.000000E+0
2.517801E+3	9.903000E-6	1.301130E+4	0.000000E+0	0.000000E+0
2.520797E+3	9.902200E-6	1.301040E+4	0.000000E+0	0.000000E+0
2.523798E+3	9.901000E-6	1.301000E+4	0.000000E+0	0.000000E+0
2.526798E+3	9.902600E-6	1.300980E+4	0.000000E+0	0.000000E+0
2.529793E+3	9.899600E-6	1.300960E+4	0.000000E+0	0.000000E+0
2.532796E+3	9.900200E-6	1.300920E+4	0.000000E+0	0.000000E+0
2.535796E+3	9.899600E-6	1.300860E+4	0.000000E+0	0.000000E+0
2.538793E+3	9.899400E-6	1.300840E+4	0.000000E+0	0.000000E+0
2.541796E+3	9.899000E-6	1.300880E+4	0.000000E+0	0.000000E+0
2.544797E+3	9.898200E-6	1.300900E+4	0.000000E+0	0.000000E+0
2.547796E+3	9.898000E-6	1.300960E+4	0.000000E+0	0.000000E+0
2.550822E+3	9.899600E-6	1.300970E+4	0.000000E+0	0.000000E+0
2.553798E+3	9.896800E-6	1.301060E+4	0.000000E+0	0.000000E+0
2.556801E+3	9.896800E-6	1.301060E+4	0.000000E+0	0.000000E+0
2.559797E+3	9.897800E-6	1.301080E+4	0.000000E+0	0.000000E+0
2.562796E+3	9.898600E-6	1.301060E+4	0.000000E+0	0.000000E+0
2.565798E+3	9.897000E-6	1.301160E+4	0.000000E+0	0.000000E+0
2.568796E+3	9.898400E-6	1.301230E+4	0.000000E+0	0.000000E+0
2.571797E+3	9.897600E-6	1.301260E+4	0.000000E+0	0.000000E+0
2.574797E+3	9.898700E-6	1.301220E+4	0.000000E+0	0.000000E+0
2.577797E+3	9.897000E-6	1.301140E+4	0.000000E+0	0.000000E+0
2.580797E+3	9.896700E-6	1.301130E+4	0.000000E+0	0.000000E+0
2.583795E+3	9.898400E-6	1.301180E+4	0.000000E+0	0.000000E+0
2.586799E+3	9.898600E-6	1.301190E+4	0.000000E+0	0.000000E+0
2.589797E+3	9.897900E-6	1.301230E+4	0.000000E+0	0.000000E+0
2.592795E+3	9.896900E-6	1.301300E+4	0.000000E+0	0.000000E+0
2.595792E+3	9.896200E-6	1.301360E+4	0.000000E+0	0.000000E+0
2.598798E+3	9.898400E-6	1.301370E+4	0.000000E+0	0.000000E+0
2.601800E+3	9.897300E-6	1.301410E+4	0.000000E+0	0.000000E+0
2.604797E+3	9.897100E-6	1.301440E+4	0.000000E+0	0.000000E+0
2.607795E+3	9.897500E-6	1.301440E+4	0.000000E+0	0.000000E+0
2.610798E+3	9.897000E-6	1.301390E+4	0.000000E+0	0.000000E+0
2.613800E+3	9.899700E-6	1.301320E+4	0.000000E+0	0.000000E+0
2.616800E+3	9.895700E-6	1.301290E+4	0.000000E+0	0.000000E+0
2.619795E+3	9.896400E-6	1.301290E+4	0.000000E+0	0.000000E+0
2.622800E+3	9.895400E-6	1.301280E+4	0.000000E+0	0.000000E+0
2.625793E+3	9.897600E-6	1.301320E+4	0.000000E+0	0.000000E+0
2.628798E+3	9.896700E-6	1.301350E+4	0.000000E+0	0.000000E+0
2.631793E+3	9.897800E-6	1.301410E+4	0.000000E+0	0.000000E+0
2.634801E+3	9.896600E-6	1.301520E+4	0.000000E+0	0.000000E+0
2.637795E+3	9.898600E-6	1.301600E+4	0.000000E+0	0.000000E+0
2.640793E+3	9.897600E-6	1.301570E+4	0.000000E+0	0.000000E+0
2.643801E+3	9.900700E-6	1.301510E+4	0.000000E+0	0.000000E+0
2.646798E+3	9.897600E-6	1.301450E+4	0.000000E+0	0.000000E+0
2.649799E+3	9.897500E-6	1.301400E+4	0.000000E+0	0.000000E+0
2.652807E+3	9.898800E-6	1.301360E+4	0.000000E+0	0.000000E+0
2.655791E+3	9.898600E-6	1.301350E+4	0.000000E+0	0.000000E+0
2.658794E+3	9.897000E-6	1.301360E+4	0.000000E+0	0.000000E+0
2.661796E+3	9.897200E-6	1.301330E+4	0.000000E+0	0.000000E+0
2.664794E+3	9.895700E-6	1.301300E+4	0.000000E+0	0.000000E+0
2.667796E+3	9.898200E-6	1.301300E+4	0.000000E+0	0.000000E+0
2.670796E+3	9.897200E-6	1.301370E+4	0.000000E+0	0.000000E+0
2.673797E+3	9.900300E-6	1.301370E+4	0.000000E+0	0.000000E+0
2.676794E+3	9.896400E-6	1.301400E+4	0.000000E+0	0.000000E+0
2.679794E+3	9.896600E-6	1.301400E+4	0.000000E+0	0.000000E+0
2.682795E+3	9.896200E-6	1.301350E+4	0.000000E+0	0.000000E+0
2.685794E+3	9.897000E-6	1.301330E+4	0.000000E+0	0.000000E+0
2.688795E+3	9.896000E-6	1.301380E+4	0.000000E+0	0.000000E+0
2.691792E+3	9.895500E-6	1.301410E+4	0.000000E+0	0.000000E+0
2.694795E+3	9.895300E-6	1.301490E+4	0.000000E+0	0.000000E+0
2.697793E+3	9.896200E-6	1.301510E+4	0.000000E+0	0.000000E+0
2.700795E+3	9.894700E-6	1.301540E+4	0.000000E+0	0.000000E+0
2.703795E+3	9.895200E-6	1.301580E+4	0.000000E+0	0.000000E+0
2.706793E+3	9.897500E-6	1.301630E+4	0.000000E+0	0.000000E+0
2.709795E+3	9.896100E-6	1.301670E+4	0.000000E+0	0.000000E+0
2.712795E+3	9.894500E-6	1.301680E+4	0.000000E+0	0.000000E+0
2.715796E+3	9.895600E-6	1.301690E+4	0.000000E+0	0.000000E+0
2.718795E+3	9.897400E-6	1.301700E+4	0.000000E+0	0.000000E+0
2.721795E+3	9.896600E-6	1.301690E+4	0.000000E+0	0.000000E+0
2.724793E+3	9.899700E-6	1.301630E+4	0.000000E+0	0.000000E+0
2.727793E+3	9.897100E-6	1.301600E+4	0.000000E+0	0.000000E+0
2.730795E+3	9.897400E-6	1.301560E+4	0.000000E+0	0.000000E+0
2.733794E+3	9.896400E-6	1.301600E+4	0.000000E+0	0.000000E+0
2.736793E+3	9.895800E-6	1.301660E+4	0.000000E+0	0.000000E+0
2.739791E+3	9.896600E-6	1.301730E+4	0.000000E+0	0.000000E+0
2.742794E+3	9.894900E-6	1.301700E+4	0.000000E+0	0.000000E+0
2.745793E+3	9.893700E-6	1.301720E+4	0.000000E+0	0.000000E+0
2.748796E+3	9.894800E-6	1.301740E+4	0.000000E+0	0.000000E+0
2.751794E+3	9.894500E-6	1.301830E+4	0.000000E+0	0.000000E+0
2.754794E+3	9.895200E-6	1.301840E+4	0.000000E+0	0.000000E+0
2.757792E+3	9.893200E-6	1.301840E+4	0.000000E+0	0.000000E+0
2.760796E+3	9.894700E-6	1.301830E+4	0.000000E+0	0.000000E+0
2.763794E+3	9.895100E-6	1.301860E+4	0.000000E+0	0.000000E+0
2.766797E+3	9.894900E-6	1.301880E+4	0.000000E+0	0.000000E+0
2.769795E+3	9.893400E-6	1.301920E+4	0.000000E+0	0.000000E+0
2.772795E+3	9.894200E-6	1.301940E+4	0.000000E+0	0.000000E+0
2.775797E+3	9.892700E-6	1.301980E+4	0.000000E+0	0.000000E+0
2.778795E+3	9.892500E-6	1.302090E+4	0.000000E+0	0.000000E+0
2.781795E+3	9.894400E-6	1.302220E+4	0.000000E+0	0.000000E+0
2.784794E+3	9.898600E-6	1.302280E+4	0.000000E+0	0.000000E+0
2.787792E+3	9.897700E-6	1.302250E+4	0.000000E+0	0.000000E+0
2.790794E+3	9.897400E-6	1.302250E+4	0.000000E+0	0.000000E+0
2.793793E+3	9.897200E-6	1.302220E+4	0.000000E+0	0.000000E+0
2.796792E+3	9.897600E-6	1.302200E+4	0.000000E+0	0.000000E+0
2.799793E+3	9.897000E-6	1.302220E+4	0.000000E+0	0.000000E+0
2.802798E+3	9.897600E-6	1.302200E+4	0.000000E+0	0.000000E+0
2.805795E+3	9.896800E-6	1.302150E+4	0.000000E+0	0.000000E+0
2.808793E+3	9.896500E-6	1.302160E+4	0.000000E+0	0.000000E+0
2.811795E+3	9.895200E-6	1.302140E+4	0.000000E+0	0.000000E+0
2.814793E+3	9.895000E-6	1.302070E+4	0.000000E+0	0.000000E+0
2.817791E+3	9.896600E-6	1.302030E+4	0.000000E+0	0.000000E+0
2.820791E+3	9.896500E-6	1.301950E+4	0.000000E+0	0.000000E+0
2.823796E+3	9.894900E-6	1.301910E+4	0.000000E+0	0.000000E+0
2.826795E+3	9.896300E-6	1.301870E+4	0.000000E+0	0.000000E+0
2.829793E+3	9.897200E-6	1.301830E+4	0.000000E+0	0.000000E+0
2.832796E+3	9.896800E-6	1.301810E+4	0.000000E+0	0.000000E+0
2.835793E+3	9.894500E-6	1.301780E+4	0.000000E+0	0.000000E+0
2.838793E+3	9.895200E-6	1.301770E+4	0.000000E+0	0.000000E+0
2.841796E+3	9.896300E-6	1.301750E+4	0.000000E+0	0.000000E+0
2.844796E+3	9.892800E-6	1.301860E+4	0.000000E+0	0.000000E+0
2.847797E+3	9.894300E-6	1.301960E+4	0.000000E+0	0.000000E+0
2.850796E+3	9.893100E-6	1.302040E+4	0.000000E+0	0.000000E+0
2.853794E+3	9.891900E-6	1.302050E+4	0.000000E+0	0.000000E+0
2.856796E+3	9.895100E-6	1.302050E+4	0.000000E+0	0.000000E+0
2.859796E+3	9.893100E-6	1.302110E+4	0.000000E+0	0.000000E+0
2.862796E+3	9.910600E-6	1.302220E+4	0.000000E+0	0.000000E+0
2.865889E+3	9.896100E-6	1.302270E+4	0.000000E+0	0.000000E+0
2.868864E+3	9.896700E-6	1.302320E+4	0.000000E+0	0.000000E+0
2.871863E+3	9.896000E-6	1.302320E+4	0.000000E+0	0.000000E+0
2.874923E+3	9.895900E-6	1.302450E+4	0.000000E+0	0.000000E+0
2.877839E+3	9.896200E-6	1.302480E+4	0.000000E+0	0.000000E+0
2.880811E+3	9.913500E-6	1.302470E+4	0.000000E+0	0.000000E+0
2.883853E+3	9.897600E-6	1.302510E+4	0.000000E+0	0.000000E+0
2.886880E+3	9.894200E-6	1.302530E+4	0.000000E+0	0.000000E+0
2.889918E+3	9.893500E-6	1.302530E+4	0.000000E+0	0.000000E+0
2.892867E+3	9.894400E-6	1.302560E+4	0.000000E+0	0.000000E+0
2.895823E+3	9.890600E-6	1.302570E+4	0.000000E+0	0.000000E+0
2.898805E+3	9.892500E-6	1.302590E+4	0.000000E+0	0.000000E+0
2.901796E+3	9.892300E-6	1.302600E+4	0.000000E+0	0.000000E+0
2.904796E+3	9.891300E-6	1.302550E+4	0.000000E+0	0.000000E+0
2.907796E+3	9.891800E-6	1.302530E+4	0.000000E+0	0.000000E+0
2.910797E+3	9.892900E-6	1.302480E+4	0.000000E+0	0.000000E+0
2.913800E+3	9.891900E-6	1.302400E+4	0.000000E+0	0.000000E+0
2.916797E+3	9.891900E-6	1.302330E+4	0.000000E+0	0.000000E+0
2.919801E+3	9.891200E-6	1.302270E+4	0.000000E+0	0.000000E+0
2.922797E+3	9.889900E-6	1.302240E+4	0.000000E+0	0.000000E+0
2.925801E+3	9.898600E-6	1.302190E+4	0.000000E+0	0.000000E+0
2.928797E+3	9.894100E-6	1.302210E+4	0.000000E+0	0.000000E+0
2.931794E+3	9.890200E-6	1.302240E+4	0.000000E+0	0.000000E+0
2.934796E+3	9.890100E-6	1.302260E+4	0.000000E+0	0.000000E+0
2.937799E+3	9.891200E-6	1.302320E+4	0.000000E+0	0.000000E+0
2.940797E+3	9.890700E-6	1.302340E+4	0.000000E+0	0.000000E+0
2.943801E+3	9.895200E-6	1.302460E+4	0.000000E+0	0.000000E+0
2.946797E+3	9.894800E-6	1.302470E+4	0.000000E+0	0.000000E+0
2.949801E+3	9.895700E-6	1.302460E+4	0.000000E+0	0.000000E+0
2.952797E+3	9.894100E-6	1.302430E+4	0.000000E+0	0.000000E+0
2.955836E+3	9.897400E-6	1.302390E+4	0.000000E+0	0.000000E+0
2.958800E+3	9.910100E-6	1.302390E+4	0.000000E+0	0.000000E+0
2.962162E+3	9.928500E-6	1.302480E+4	0.000000E+0	0.000000E+0
2.964805E+3	9.892500E-6	1.302550E+4	0.000000E+0	0.000000E+0
2.967798E+3	9.896000E-6	1.302630E+4	0.000000E+0	0.000000E+0
2.970803E+3	9.892200E-6	1.302690E+4	0.000000E+0	0.000000E+0
2.973802E+3	9.892300E-6	1.302720E+4	0.000000E+0	0.000000E+0
2.976803E+3	9.892700E-6	1.302670E+4	0.000000E+0	0.000000E+0
2.979805E+3	9.894000E-6	1.302690E+4	0.000000E+0	0.000000E+0
2.982802E+3	9.895800E-6	1.302710E+4	0.000000E+0	0.000000E+0
2.985793E+3	9.893000E-6	1.302710E+4	0.000000E+0	0.000000E+0
2.988795E+3	9.894100E-6	1.302720E+4	0.000000E+0	0.000000E+0
2.991801E+3	9.891500E-6	1.302750E+4	0.000000E+0	0.000000E+0
2.994801E+3	9.892200E-6	1.302730E+4	0.000000E+0	0.000000E+0
2.997804E+3	9.894300E-6	1.302700E+4	0.000000E+0	0.000000E+0
3.000795E+3	9.894100E-6	1.302730E+4	0.000000E+0	0.000000E+0
3.003796E+3	9.894600E-6	1.302840E+4	0.000000E+0	0.000000E+0
3.006793E+3	9.894100E-6	1.302830E+4	0.000000E+0	0.000000E+0
3.009798E+3	9.893600E-6	1.302770E+4	0.000000E+0	0.000000E+0
3.012793E+3	9.893300E-6	1.302740E+4	0.000000E+0	0.000000E+0
3.015799E+3	9.895000E-6	1.302740E+4	0.000000E+0	0.000000E+0
3.018799E+3	9.892300E-6	1.302720E+4	0.000000E+0	0.000000E+0
3.021794E+3	9.892500E-6	1.302730E+4	0.000000E+0	0.000000E+0
3.024794E+3	9.891700E-6	1.302750E+4	0.000000E+0	0.000000E+0
3.027797E+3	9.893200E-6	1.302700E+4	0.000000E+0	0.000000E+0
3.030799E+3	9.891600E-6	1.302630E+4	0.000000E+0	0.000000E+0
3.033799E+3	9.893300E-6	1.302570E+4	0.000000E+0	0.000000E+0
3.036799E+3	9.893800E-6	1.302530E+4	0.000000E+0	0.000000E+0
3.039794E+3	9.894100E-6	1.302520E+4	0.000000E+0	0.000000E+0
3.042796E+3	9.893300E-6	1.302500E+4	0.000000E+0	0.000000E+0
3.045797E+3	9.894200E-6	1.302480E+4	0.000000E+0	0.000000E+0
3.048796E+3	9.893400E-6	1.302460E+4	0.000000E+0	0.000000E+0
3.051797E+3	9.892500E-6	1.302460E+4	0.000000E+0	0.000000E+0
3.054795E+3	9.892700E-6	1.302480E+4	0.000000E+0	0.000000E+0
3.057797E+3	9.893500E-6	1.302520E+4	0.000000E+0	0.000000E+0
3.060797E+3	9.892700E-6	1.302620E+4	0.000000E+0	0.000000E+0
3.063795E+3	9.894600E-6	1.302680E+4	0.000000E+0	0.000000E+0
3.066795E+3	9.894000E-6	1.302750E+4	0.000000E+0	0.000000E+0
3.069795E+3	9.893900E-6	1.302740E+4	0.000000E+0	0.000000E+0
3.072794E+3	9.893500E-6	1.302750E+4	0.000000E+0	0.000000E+0
3.075798E+3	9.894000E-6	1.302830E+4	0.000000E+0	0.000000E+0
3.078793E+3	9.895000E-6	1.302880E+4	0.000000E+0	0.000000E+0
3.081797E+3	9.894200E-6	1.302870E+4	0.000000E+0	0.000000E+0
3.084797E+3	9.894900E-6	1.302830E+4	0.000000E+0	0.000000E+0
3.087795E+3	9.893200E-6	1.302810E+4	0.000000E+0	0.000000E+0
3.090795E+3	9.892600E-6	1.302780E+4	0.000000E+0	0.000000E+0
3.093793E+3	9.893400E-6	1.302740E+4	0.000000E+0	0.000000E+0
3.096795E+3	9.892600E-6	1.302730E+4	0.000000E+0	0.000000E+0
3.099793E+3	9.891100E-6	1.302690E+4	0.000000E+0	0.000000E+0
3.102796E+3	9.891800E-6	1.302670E+4	0.000000E+0	0.000000E+0
3.105794E+3	9.892200E-6	1.302690E+4	0.000000E+0	0.000000E+0
3.108796E+3	9.891200E-6	1.302780E+4	0.000000E+0	0.000000E+0
3.111794E+3	9.891100E-6	1.302880E+4	0.000000E+0	0.000000E+0
3.114796E+3	9.891600E-6	1.302880E+4	0.000000E+0	0.000000E+0
3.117794E+3	9.892200E-6	1.302890E+4	0.000000E+0	0.000000E+0
3.120794E+3	9.886100E-6	1.302890E+4	0.000000E+0	0.000000E+0
3.123793E+3	9.885600E-6	1.302880E+4	0.000000E+0	0.000000E+0
3.126793E+3	9.885500E-6	1.302850E+4	0.000000E+0	0.000000E+0
3.129793E+3	9.885100E-6	1.302840E+4	0.000000E+0	0.000000E+0
3.132794E+3	9.884600E-6	1.302790E+4	0.000000E+0	0.000000E+0
3.135794E+3	9.885800E-6	1.302820E+4	0.000000E+0	0.000000E+0
3.138792E+3	9.885400E-6	1.302820E+4	0.000000E+0	0.000000E+0
3.141795E+3	9.884000E-6	1.302860E+4	0.000000E+0	0.000000E+0
3.144794E+3	9.885600E-6	1.302850E+4	0.000000E+0	0.000000E+0
3.147794E+3	9.885900E-6	1.302870E+4	0.000000E+0	0.000000E+0
3.150792E+3	9.885900E-6	1.302900E+4	0.000000E+0	0.000000E+0
3.153794E+3	9.887100E-6	1.302890E+4	0.000000E+0	0.000000E+0
3.156794E+3	9.886200E-6	1.302900E+4	0.000000E+0	0.000000E+0
3.159794E+3	9.885900E-6	1.302880E+4	0.000000E+0	0.000000E+0
3.162794E+3	9.886300E-6	1.302850E+4	0.000000E+0	0.000000E+0
3.165793E+3	9.883500E-6	1.302830E+4	0.000000E+0	0.000000E+0
3.168792E+3	9.885400E-6	1.302800E+4	0.000000E+0	0.000000E+0
3.171799E+3	9.885500E-6	1.302800E+4	0.000000E+0	0.000000E+0
3.174797E+3	9.884800E-6	1.302780E+4	0.000000E+0	0.000000E+0
3.177795E+3	9.885000E-6	1.302740E+4	0.000000E+0	0.000000E+0
3.180796E+3	9.885200E-6	1.302690E+4	0.000000E+0	0.000000E+0
3.183800E+3	9.886700E-6	1.302650E+4	0.000000E+0	0.000000E+0
3.186799E+3	9.885400E-6	1.302660E+4	0.000000E+0	0.000000E+0
3.189803E+3	9.888000E-6	1.302730E+4	0.000000E+0	0.000000E+0
3.192799E+3	9.887100E-6	1.302860E+4	0.000000E+0	0.000000E+0
3.195796E+3	9.885000E-6	1.302960E+4	0.000000E+0	0.000000E+0
3.198795E+3	9.886200E-6	1.303000E+4	0.000000E+0	0.000000E+0
3.201793E+3	9.884900E-6	1.303070E+4	0.000000E+0	0.000000E+0
3.204793E+3	9.886400E-6	1.303110E+4	0.000000E+0	0.000000E+0
3.207791E+3	9.886400E-6	1.303150E+4	0.000000E+0	0.000000E+0
3.210794E+3	9.886500E-6	1.303160E+4	0.000000E+0	0.000000E+0
3.213791E+3	9.885300E-6	1.303160E+4	0.000000E+0	0.000000E+0
3.216793E+3	9.884600E-6	1.303140E+4	0.000000E+0	0.000000E+0
3.219791E+3	9.884000E-6	1.303120E+4	0.000000E+0	0.000000E+0
3.222794E+3	9.884300E-6	1.303120E+4	0.000000E+0	0.000000E+0
3.225796E+3	9.884700E-6	1.303090E+4	0.000000E+0	0.000000E+0
3.228796E+3	9.884600E-6	1.303070E+4	0.000000E+0	0.000000E+0
3.231795E+3	9.884500E-6	1.303110E+4	0.000000E+0	0.000000E+0
3.234796E+3	9.884300E-6	1.303180E+4	0.000000E+0	0.000000E+0
3.237794E+3	9.884700E-6	1.303180E+4	0.000000E+0	0.000000E+0
3.240794E+3	9.884700E-6	1.303200E+4	0.000000E+0	0.000000E+0
3.243811E+3	9.886000E-6	1.303250E+4	0.000000E+0	0.000000E+0
3.246795E+3	9.884900E-6	1.303230E+4	0.000000E+0	0.000000E+0
3.249795E+3	9.885500E-6	1.303270E+4	0.000000E+0	0.000000E+0
3.252791E+3	9.884900E-6	1.303320E+4	0.000000E+0	0.000000E+0
3.255798E+3	9.885700E-6	1.303420E+4	0.000000E+0	0.000000E+0
3.258794E+3	9.885900E-6	1.303460E+4	0.000000E+0	0.000000E+0
3.261795E+3	9.885800E-6	1.303520E+4	0.000000E+0	0.000000E+0
3.264793E+3	9.883700E-6	1.303520E+4	0.000000E+0	0.000000E+0
3.267793E+3	9.886000E-6	1.303550E+4	0.000000E+0	0.000000E+0
3.270792E+3	9.884300E-6	1.303620E+4	0.000000E+0	0.000000E+0
3.273796E+3	9.884500E-6	1.303640E+4	0.000000E+0	0.000000E+0
3.276795E+3	9.884200E-6	1.303640E+4	0.000000E+0	0.000000E+0
3.279795E+3	9.917800E-6	1.303660E+4	0.000000E+0	0.000000E+0
3.282793E+3	9.885500E-6	1.303700E+4	0.000000E+0	0.000000E+0
3.285791E+3	9.884800E-6	1.303770E+4	0.000000E+0	0.000000E+0
3.288793E+3	9.883500E-6	1.303790E+4	0.000000E+0	0.000000E+0
3.291794E+3	9.883300E-6	1.303760E+4	0.000000E+0	0.000000E+0
3.294795E+3	9.882800E-6	1.303710E+4	0.000000E+0	0.000000E+0
3.297793E+3	9.882000E-6	1.303630E+4	0.000000E+0	0.000000E+0
3.300796E+3	9.882100E-6	1.303540E+4	0.000000E+0	0.000000E+0
3.303794E+3	9.883600E-6	1.303530E+4	0.000000E+0	0.000000E+0
3.306794E+3	9.885600E-6	1.303580E+4	0.000000E+0	0.000000E+0
3.309793E+3	9.883900E-6	1.303640E+4	0.000000E+0	0.000000E+0
3.312794E+3	9.884200E-6	1.303670E+4	0.000000E+0	0.000000E+0
3.315794E+3	9.884500E-6	1.303660E+4	0.000000E+0	0.000000E+0
3.318794E+3	9.885200E-6	1.303680E+4	0.000000E+0	0.000000E+0
3.321792E+3	9.883700E-6	1.303740E+4	0.000000E+0	0.000000E+0
3.324796E+3	9.884200E-6	1.303730E+4	0.000000E+0	0.000000E+0
3.327791E+3	9.883700E-6	1.303710E+4	0.000000E+0	0.000000E+0
3.330794E+3	9.882500E-6	1.303680E+4	0.000000E+0	0.000000E+0
3.333795E+3	9.883200E-6	1.303680E+4	0.000000E+0	0.000000E+0
3.336795E+3	9.881400E-6	1.303650E+4	0.000000E+0	0.000000E+0
3.339794E+3	9.884600E-6	1.303590E+4	0.000000E+0	0.000000E+0
3.342794E+3	9.884800E-6	1.303570E+4	0.000000E+0	0.000000E+0
3.345794E+3	9.880700E-6	1.303530E+4	0.000000E+0	0.000000E+0
3.348794E+3	9.882600E-6	1.303590E+4	0.000000E+0	0.000000E+0
3.351795E+3	9.881800E-6	1.303610E+4	0.000000E+0	0.000000E+0
3.354799E+3	9.882500E-6	1.303590E+4	0.000000E+0	0.000000E+0
3.357793E+3	9.883900E-6	1.303630E+4	0.000000E+0	0.000000E+0
3.360793E+3	9.884200E-6	1.303670E+4	0.000000E+0	0.000000E+0
3.363792E+3	9.881000E-6	1.303740E+4	0.000000E+0	0.000000E+0
3.366799E+3	9.885000E-6	1.303760E+4	0.000000E+0	0.000000E+0
3.369803E+3	9.884900E-6	1.303750E+4	0.000000E+0	0.000000E+0
3.372799E+3	9.881100E-6	1.303820E+4	0.000000E+0	0.000000E+0
3.375797E+3	9.883000E-6	1.303830E+4	0.000000E+0	0.000000E+0
3.378799E+3	9.882000E-6	1.303790E+4	0.000000E+0	0.000000E+0
3.381799E+3	9.882600E-6	1.303780E+4	0.000000E+0	0.000000E+0
3.384795E+3	9.881600E-6	1.303730E+4	0.000000E+0	0.000000E+0
3.387794E+3	9.882200E-6	1.303740E+4	0.000000E+0	0.000000E+0
3.390795E+3	9.882500E-6	1.303800E+4	0.000000E+0	0.000000E+0
3.393794E+3	9.881900E-6	1.303870E+4	0.000000E+0	0.000000E+0
3.396793E+3	9.884400E-6	1.303860E+4	0.000000E+0	0.000000E+0
3.399794E+3	9.880900E-6	1.303890E+4	0.000000E+0	0.000000E+0
3.402794E+3	9.881500E-6	1.303910E+4	0.000000E+0	0.000000E+0
3.405793E+3	9.881300E-6	1.303910E+4	0.000000E+0	0.000000E+0
3.408793E+3	9.881200E-6	1.303970E+4	0.000000E+0	0.000000E+0
3.411794E+3	9.882600E-6	1.303960E+4	0.000000E+0	0.000000E+0
3.414793E+3	9.881500E-6	1.303910E+4	0.000000E+0	0.000000E+0
3.417794E+3	9.882700E-6	1.303890E+4	0.000000E+0	0.000000E+0
3.420794E+3	9.880600E-6	1.303930E+4	0.000000E+0	0.000000E+0
3.423794E+3	9.879800E-6	1.303930E+4	0.000000E+0	0.000000E+0
3.426800E+3	9.882500E-6	1.303910E+4	0.000000E+0	0.000000E+0
3.429804E+3	9.882200E-6	1.303910E+4	0.000000E+0	0.000000E+0
3.432800E+3	9.881400E-6	1.303910E+4	0.000000E+0	0.000000E+0
3.435803E+3	9.881400E-6	1.303860E+4	0.000000E+0	0.000000E+0
3.438797E+3	9.879000E-6	1.303810E+4	0.000000E+0	0.000000E+0
3.441795E+3	9.880300E-6	1.303750E+4	0.000000E+0	0.000000E+0
3.444795E+3	9.880100E-6	1.303700E+4	0.000000E+0	0.000000E+0
3.447793E+3	9.882600E-6	1.303670E+4	0.000000E+0	0.000000E+0
3.450795E+3	9.880800E-6	1.303670E+4	0.000000E+0	0.000000E+0
3.453795E+3	9.878900E-6	1.303650E+4	0.000000E+0	0.000000E+0
3.456793E+3	9.880700E-6	1.303590E+4	0.000000E+0	0.000000E+0
3.459792E+3	9.880700E-6	1.303560E+4	0.000000E+0	0.000000E+0
3.462793E+3	9.880700E-6	1.303550E+4	0.000000E+0	0.000000E+0
3.465793E+3	9.880100E-6	1.303540E+4	0.000000E+0	0.000000E+0
3.468796E+3	9.880900E-6	1.303520E+4	0.000000E+0	0.000000E+0
3.471793E+3	9.880900E-6	1.303480E+4	0.000000E+0	0.000000E+0
3.474793E+3	9.880200E-6	1.303450E+4	0.000000E+0	0.000000E+0
3.477795E+3	9.881000E-6	1.303420E+4	0.000000E+0	0.000000E+0
3.480795E+3	9.879800E-6	1.303390E+4	0.000000E+0	0.000000E+0
3.483793E+3	9.880100E-6	1.303340E+4	0.000000E+0	0.000000E+0
3.486791E+3	9.881500E-6	1.303340E+4	0.000000E+0	0.000000E+0
3.489793E+3	9.881400E-6	1.303360E+4	0.000000E+0	0.000000E+0
3.492793E+3	9.879900E-6	1.303410E+4	0.000000E+0	0.000000E+0
3.495793E+3	9.880400E-6	1.303440E+4	0.000000E+0	0.000000E+0
3.498791E+3	9.881300E-6	1.303420E+4	0.000000E+0	0.000000E+0
3.501793E+3	9.879200E-6	1.303400E+4	0.000000E+0	0.000000E+0
3.504797E+3	9.882000E-6	1.303380E+4	0.000000E+0	0.000000E+0
3.507801E+3	9.880400E-6	1.303370E+4	0.000000E+0	0.000000E+0
3.510797E+3	9.881100E-6	1.303380E+4	0.000000E+0	0.000000E+0
3.513800E+3	9.878900E-6	1.303390E+4	0.000000E+0	0.000000E+0
3.516794E+3	9.879300E-6	1.303390E+4	0.000000E+0	0.000000E+0
3.519794E+3	9.878400E-6	1.303450E+4	0.000000E+0	0.000000E+0
3.522792E+3	9.878500E-6	1.303540E+4	0.000000E+0	0.000000E+0
3.525797E+3	9.878700E-6	1.303590E+4	0.000000E+0	0.000000E+0
3.528802E+3	9.876900E-6	1.303580E+4	0.000000E+0	0.000000E+0
3.531795E+3	9.880300E-6	1.303560E+4	0.000000E+0	0.000000E+0
3.534792E+3	9.886100E-6	1.303570E+4	0.000000E+0	0.000000E+0
3.537805E+3	9.882500E-6	1.303680E+4	0.000000E+0	0.000000E+0
3.540795E+3	9.880300E-6	1.303780E+4	0.000000E+0	0.000000E+0
3.543797E+3	9.881500E-6	1.303850E+4	0.000000E+0	0.000000E+0
3.546793E+3	9.881000E-6	1.303890E+4	0.000000E+0	0.000000E+0
3.549796E+3	9.880600E-6	1.303950E+4	0.000000E+0	0.000000E+0
3.552792E+3	9.878700E-6	1.303980E+4	0.000000E+0	0.000000E+0
3.555806E+3	9.881200E-6	1.303980E+4	0.000000E+0	0.000000E+0
3.558792E+3	9.879400E-6	1.303950E+4	0.000000E+0	0.000000E+0
3.561798E+3	9.880500E-6	1.303950E+4	0.000000E+0	0.000000E+0
3.564792E+3	9.881600E-6	1.303920E+4	0.000000E+0	0.000000E+0
3.567795E+3	9.879100E-6	1.303910E+4	0.000000E+0	0.000000E+0
3.570793E+3	9.880100E-6	1.303900E+4	0.000000E+0	0.000000E+0
3.573793E+3	9.878100E-6	1.303880E+4	0.000000E+0	0.000000E+0
3.576791E+3	9.880800E-6	1.303870E+4	0.000000E+0	0.000000E+0
3.579804E+3	9.879700E-6	1.303840E+4	0.000000E+0	0.000000E+0
3.582796E+3	9.878000E-6	1.303800E+4	0.000000E+0	0.000000E+0
3.585799E+3	9.878100E-6	1.303760E+4	0.000000E+0	0.000000E+0
3.588796E+3	9.878000E-6	1.303710E+4	0.000000E+0	0.000000E+0
3.591798E+3	9.879400E-6	1.303680E+4	0.000000E+0	0.000000E+0
3.594794E+3	9.881000E-6	1.303660E+4	0.000000E+0	0.000000E+0
3.597796E+3	9.879500E-6	1.303630E+4	0.000000E+0	0.000000E+0
3.600793E+3	9.878900E-6	1.303700E+4	0.000000E+0	0.000000E+0
3.603792E+3	9.878100E-6	1.303780E+4	0.000000E+0	0.000000E+0
3.606798E+3	9.881600E-6	1.303830E+4	0.000000E+0	0.000000E+0
3.609795E+3	9.880800E-6	1.303840E+4	0.000000E+0	0.000000E+0
3.612792E+3	9.879900E-6	1.303840E+4	0.000000E+0	0.000000E+0
3.615794E+3	9.879800E-6	1.303820E+4	0.000000E+0	0.000000E+0
3.618794E+3	9.880000E-6	1.303800E+4	0.000000E+0	0.000000E+0
3.621792E+3	9.878900E-6	1.303890E+4	0.000000E+0	0.000000E+0
3.624795E+3	9.878800E-6	1.303980E+4	0.000000E+0	0.000000E+0
3.627795E+3	9.877700E-6	1.304010E+4	0.000000E+0	0.000000E+0
3.630795E+3	9.878700E-6	1.303990E+4	0.000000E+0	0.000000E+0
3.633795E+3	9.878700E-6	1.304000E+4	0.000000E+0	0.000000E+0
3.636794E+3	9.880700E-6	1.303970E+4	0.000000E+0	0.000000E+0
3.639792E+3	9.879200E-6	1.303940E+4	0.000000E+0	0.000000E+0
3.642795E+3	9.878500E-6	1.303890E+4	0.000000E+0	0.000000E+0
3.645795E+3	9.881000E-6	1.303850E+4	0.000000E+0	0.000000E+0
3.648793E+3	9.879900E-6	1.303830E+4	0.000000E+0	0.000000E+0
3.651795E+3	9.879000E-6	1.303830E+4	0.000000E+0	0.000000E+0
3.654793E+3	9.879600E-6	1.303840E+4	0.000000E+0	0.000000E+0
3.657798E+3	9.878600E-6	1.303920E+4	0.000000E+0	0.000000E+0
3.660796E+3	9.877400E-6	1.304040E+4	0.000000E+0	0.000000E+0
3.663795E+3	9.876900E-6	1.304150E+4	0.000000E+0	0.000000E+0
3.666793E+3	9.879000E-6	1.304190E+4	0.000000E+0	0.000000E+0
3.669794E+3	9.878800E-6	1.304230E+4	0.000000E+0	0.000000E+0
3.672793E+3	9.879400E-6	1.304280E+4	0.000000E+0	0.000000E+0
3.675793E+3	9.881300E-6	1.304390E+4	0.000000E+0	0.000000E+0
3.678791E+3	9.879900E-6	1.304450E+4	0.000000E+0	0.000000E+0
3.681793E+3	9.879900E-6	1.304390E+4	0.000000E+0	0.000000E+0
3.684801E+3	9.879100E-6	1.304330E+4	0.000000E+0	0.000000E+0
3.687801E+3	9.879100E-6	1.304280E+4	0.000000E+0	0.000000E+0
3.690797E+3	9.879500E-6	1.304270E+4	0.000000E+0	0.000000E+0
3.693802E+3	9.878800E-6	1.304270E+4	0.000000E+0	0.000000E+0
3.696799E+3	9.879400E-6	1.304230E+4	0.000000E+0	0.000000E+0
3.699796E+3	9.884100E-6	1.304200E+4	0.000000E+0	0.000000E+0
3.702792E+3	9.883200E-6	1.304160E+4	0.000000E+0	0.000000E+0
3.705792E+3	9.882400E-6	1.304130E+4	0.000000E+0	0.000000E+0
3.708791E+3	9.883400E-6	1.304100E+4	0.000000E+0	0.000000E+0
3.711792E+3	9.883700E-6	1.304080E+4	0.000000E+0	0.000000E+0
3.714794E+3	9.882500E-6	1.304050E+4	0.000000E+0	0.000000E+0
3.717794E+3	9.884500E-6	1.304030E+4	0.000000E+0	0.000000E+0
3.720794E+3	9.882700E-6	1.304020E+4	0.000000E+0	0.000000E+0
3.723794E+3	9.881800E-6	1.304020E+4	0.000000E+0	0.000000E+0
3.726792E+3	9.882800E-6	1.304060E+4	0.000000E+0	0.000000E+0
3.729793E+3	9.881900E-6	1.304120E+4	0.000000E+0	0.000000E+0
3.732795E+3	9.883200E-6	1.304120E+4	0.000000E+0	0.000000E+0
3.735792E+3	9.884500E-6	1.304100E+4	0.000000E+0	0.000000E+0
3.738793E+3	9.884600E-6	1.304120E+4	0.000000E+0	0.000000E+0
3.741793E+3	9.885100E-6	1.304140E+4	0.000000E+0	0.000000E+0
3.744793E+3	9.907800E-6	1.304150E+4	0.000000E+0	0.000000E+0
3.747795E+3	9.885400E-6	1.304140E+4	0.000000E+0	0.000000E+0
3.750795E+3	9.885000E-6	1.304120E+4	0.000000E+0	0.000000E+0
3.753795E+3	9.883800E-6	1.304090E+4	0.000000E+0	0.000000E+0
3.756795E+3	9.885500E-6	1.304090E+4	0.000000E+0	0.000000E+0
3.759794E+3	9.883600E-6	1.304130E+4	0.000000E+0	0.000000E+0
3.762793E+3	9.884200E-6	1.304180E+4	0.000000E+0	0.000000E+0
3.765806E+3	9.883500E-6	1.304210E+4	0.000000E+0	0.000000E+0
3.768794E+3	9.883500E-6	1.304190E+4	0.000000E+0	0.000000E+0
3.771793E+3	9.884200E-6	1.304160E+4	0.000000E+0	0.000000E+0
3.774794E+3	9.883700E-6	1.304200E+4	0.000000E+0	0.000000E+0
3.777794E+3	9.882300E-6	1.304240E+4	0.000000E+0	0.000000E+0
3.780793E+3	9.883100E-6	1.304280E+4	0.000000E+0	0.000000E+0
3.783797E+3	9.883500E-6	1.304290E+4	0.000000E+0	0.000000E+0
3.786796E+3	9.884200E-6	1.304280E+4	0.000000E+0	0.000000E+0
3.789796E+3	9.883300E-6	1.304270E+4	0.000000E+0	0.000000E+0
3.792794E+3	9.883100E-6	1.304260E+4	0.000000E+0	0.000000E+0
3.795794E+3	9.883100E-6	1.304270E+4	0.000000E+0	0.000000E+0
3.798794E+3	9.885400E-6	1.304240E+4	0.000000E+0	0.000000E+0
3.801794E+3	9.882400E-6	1.304230E+4	0.000000E+0	0.000000E+0
3.804795E+3	9.882300E-6	1.304190E+4	0.000000E+0	0.000000E+0
3.807794E+3	9.881500E-6	1.304170E+4	0.000000E+0	0.000000E+0
3.810795E+3	9.882800E-6	1.304160E+4	0.000000E+0	0.000000E+0
3.813795E+3	9.883100E-6	1.304220E+4	0.000000E+0	0.000000E+0
3.816797E+3	9.883800E-6	1.304270E+4	0.000000E+0	0.000000E+0
3.819792E+3	9.885300E-6	1.304330E+4	0.000000E+0	0.000000E+0
3.822795E+3	9.883600E-6	1.304420E+4	0.000000E+0	0.000000E+0
3.825795E+3	9.885500E-6	1.304440E+4	0.000000E+0	0.000000E+0
3.828795E+3	9.884400E-6	1.304430E+4	0.000000E+0	0.000000E+0
3.831795E+3	9.883200E-6	1.304380E+4	0.000000E+0	0.000000E+0
3.834795E+3	9.882400E-6	1.304450E+4	0.000000E+0	0.000000E+0
3.837796E+3	9.881400E-6	1.304550E+4	0.000000E+0	0.000000E+0
3.840793E+3	9.883500E-6	1.304540E+4	0.000000E+0	0.000000E+0
3.843806E+3	9.884200E-6	1.304510E+4	0.000000E+0	0.000000E+0
3.846796E+3	9.882500E-6	1.304490E+4	0.000000E+0	0.000000E+0
3.849801E+3	9.881700E-6	1.304480E+4	0.000000E+0	0.000000E+0
3.852800E+3	9.881200E-6	1.304470E+4	0.000000E+0	0.000000E+0
3.855793E+3	9.884200E-6	1.304470E+4	0.000000E+0	0.000000E+0
3.858791E+3	9.882200E-6	1.304460E+4	0.000000E+0	0.000000E+0
3.861794E+3	9.883000E-6	1.304510E+4	0.000000E+0	0.000000E+0
3.864790E+3	9.882900E-6	1.304530E+4	0.000000E+0	0.000000E+0
3.867791E+3	9.883600E-6	1.304550E+4	0.000000E+0	0.000000E+0
3.870793E+3	9.883000E-6	1.304550E+4	0.000000E+0	0.000000E+0
3.873794E+3	9.880900E-6	1.304570E+4	0.000000E+0	0.000000E+0
3.876793E+3	9.879900E-6	1.304570E+4	0.000000E+0	0.000000E+0
3.879792E+3	9.880400E-6	1.304530E+4	0.000000E+0	0.000000E+0
3.882791E+3	9.881100E-6	1.304510E+4	0.000000E+0	0.000000E+0
3.885798E+3	9.882400E-6	1.304520E+4	0.000000E+0	0.000000E+0
3.888794E+3	9.881700E-6	1.304550E+4	0.000000E+0	0.000000E+0
3.891801E+3	9.880400E-6	1.304590E+4	0.000000E+0	0.000000E+0
3.894797E+3	9.881000E-6	1.304630E+4	0.000000E+0	0.000000E+0
3.897791E+3	9.883000E-6	1.304690E+4	0.000000E+0	0.000000E+0
3.900792E+3	9.883100E-6	1.304690E+4	0.000000E+0	0.000000E+0
3.903795E+3	9.882400E-6	1.304680E+4	0.000000E+0	0.000000E+0
3.906792E+3	9.881600E-6	1.304640E+4	0.000000E+0	0.000000E+0
3.909800E+3	9.879800E-6	1.304650E+4	0.000000E+0	0.000000E+0
3.912794E+3	9.881500E-6	1.304650E+4	0.000000E+0	0.000000E+0
3.915792E+3	9.880800E-6	1.304590E+4	0.000000E+0	0.000000E+0
3.918801E+3	9.881400E-6	1.304540E+4	0.000000E+0	0.000000E+0
3.921799E+3	9.882900E-6	1.304490E+4	0.000000E+0	0.000000E+0
3.924790E+3	9.882200E-6	1.304460E+4	0.000000E+0	0.000000E+0
3.927793E+3	9.880200E-6	1.304430E+4	0.000000E+0	0.000000E+0
3.930790E+3	9.880900E-6	1.304430E+4	0.000000E+0	0.000000E+0
3.933790E+3	9.882600E-6	1.304450E+4	0.000000E+0	0.000000E+0
3.936803E+3	9.882000E-6	1.304490E+4	0.000000E+0	0.000000E+0
3.939793E+3	9.881800E-6	1.304510E+4	0.000000E+0	0.000000E+0
3.942799E+3	9.881400E-6	1.304520E+4	0.000000E+0	0.000000E+0
3.945790E+3	9.883200E-6	1.304560E+4	0.000000E+0	0.000000E+0
3.948796E+3	9.883200E-6	1.304610E+4	0.000000E+0	0.000000E+0
3.951791E+3	9.880200E-6	1.304630E+4	0.000000E+0	0.000000E+0
3.954799E+3	9.878500E-6	1.304620E+4	0.000000E+0	0.000000E+0
3.957796E+3	9.879300E-6	1.304640E+4	0.000000E+0	0.000000E+0
3.960794E+3	9.880000E-6	1.304680E+4	0.000000E+0	0.000000E+0
3.963796E+3	9.879300E-6	1.304650E+4	0.000000E+0	0.000000E+0
3.966796E+3	9.880500E-6	1.304610E+4	0.000000E+0	0.000000E+0
3.969794E+3	9.880800E-6	1.304570E+4	0.000000E+0	0.000000E+0
3.972797E+3	9.880100E-6	1.304590E+4	0.000000E+0	0.000000E+0
3.975789E+3	9.881500E-6	1.304660E+4	0.000000E+0	0.000000E+0
3.978789E+3	9.880000E-6	1.304720E+4	0.000000E+0	0.000000E+0
3.981789E+3	9.878900E-6	1.304740E+4	0.000000E+0	0.000000E+0
3.984791E+3	9.879300E-6	1.304780E+4	0.000000E+0	0.000000E+0
3.987792E+3	9.881400E-6	1.304800E+4	0.000000E+0	0.000000E+0
3.990800E+3	9.881800E-6	1.304790E+4	0.000000E+0	0.000000E+0
3.993790E+3	9.879800E-6	1.304780E+4	0.000000E+0	0.000000E+0
3.996791E+3	9.882900E-6	1.304770E+4	0.000000E+0	0.000000E+0
3.999795E+3	9.880800E-6	1.304780E+4	0.000000E+0	0.000000E+0
4.002794E+3	9.879500E-6	1.304790E+4	0.000000E+0	0.000000E+0
4.005793E+3	9.879800E-6	1.304810E+4	0.000000E+0	0.000000E+0
4.008805E+3	9.878600E-6	1.304810E+4	0.000000E+0	0.000000E+0
4.011792E+3	9.879900E-6	1.304810E+4	0.000000E+0	0.000000E+0
4.014795E+3	9.879800E-6	1.304790E+4	0.000000E+0	0.000000E+0
4.017793E+3	9.880700E-6	1.304800E+4	0.000000E+0	0.000000E+0
4.020795E+3	9.880800E-6	1.304820E+4	0.000000E+0	0.000000E+0
4.023793E+3	9.879200E-6	1.304810E+4	0.000000E+0	0.000000E+0
4.026793E+3	9.880200E-6	1.304790E+4	0.000000E+0	0.000000E+0
4.029795E+3	9.880200E-6	1.304820E+4	0.000000E+0	0.000000E+0
4.032796E+3	9.879700E-6	1.304830E+4	0.000000E+0	0.000000E+0
4.035795E+3	9.880400E-6	1.304850E+4	0.000000E+0	0.000000E+0
4.038796E+3	9.877300E-6	1.304830E+4	0.000000E+0	0.000000E+0
4.041799E+3	9.879500E-6	1.304850E+4	0.000000E+0	0.000000E+0
4.044800E+3	9.879200E-6	1.304930E+4	0.000000E+0	0.000000E+0
4.047801E+3	9.879300E-6	1.304940E+4	0.000000E+0	0.000000E+0
4.050803E+3	9.879300E-6	1.304990E+4	0.000000E+0	0.000000E+0
4.053802E+3	9.880700E-6	1.305090E+4	0.000000E+0	0.000000E+0
4.056799E+3	9.879700E-6	1.305160E+4	0.000000E+0	0.000000E+0
4.059804E+3	9.880700E-6	1.305230E+4	0.000000E+0	0.000000E+0
4.062800E+3	9.879600E-6	1.305240E+4	0.000000E+0	0.000000E+0
4.065804E+3	9.878300E-6	1.305260E+4	0.000000E+0	0.000000E+0
4.068796E+3	9.878400E-6	1.305250E+4	0.000000E+0	0.000000E+0
4.071804E+3	9.878600E-6	1.305250E+4	0.000000E+0	0.000000E+0
4.074804E+3	9.879300E-6	1.305200E+4	0.000000E+0	0.000000E+0
4.077799E+3	9.877900E-6	1.305210E+4	0.000000E+0	0.000000E+0
4.080802E+3	9.876700E-6	1.305220E+4	0.000000E+0	0.000000E+0
4.083805E+3	9.879100E-6	1.305240E+4	0.000000E+0	0.000000E+0
4.086797E+3	9.878800E-6	1.305210E+4	0.000000E+0	0.000000E+0
4.089797E+3	9.877700E-6	1.305170E+4	0.000000E+0	0.000000E+0
4.092797E+3	9.879300E-6	1.305210E+4	0.000000E+0	0.000000E+0
4.095805E+3	9.881200E-6	1.305220E+4	0.000000E+0	0.000000E+0
4.098797E+3	9.877600E-6	1.305200E+4	0.000000E+0	0.000000E+0
4.101795E+3	9.879000E-6	1.305180E+4	0.000000E+0	0.000000E+0
4.104793E+3	9.879100E-6	1.305210E+4	0.000000E+0	0.000000E+0
4.107793E+3	9.879600E-6	1.305260E+4	0.000000E+0	0.000000E+0
4.110792E+3	9.880600E-6	1.305260E+4	0.000000E+0	0.000000E+0
4.113792E+3	9.877900E-6	1.305260E+4	0.000000E+0	0.000000E+0
4.116792E+3	9.878400E-6	1.305230E+4	0.000000E+0	0.000000E+0
4.119796E+3	9.878900E-6	1.305250E+4	0.000000E+0	0.000000E+0
4.122795E+3	9.878000E-6	1.305270E+4	0.000000E+0	0.000000E+0
4.125796E+3	9.881000E-6	1.305380E+4	0.000000E+0	0.000000E+0
4.128795E+3	9.878300E-6	1.305490E+4	0.000000E+0	0.000000E+0
4.131794E+3	9.878100E-6	1.305510E+4	0.000000E+0	0.000000E+0
4.134793E+3	9.877600E-6	1.305490E+4	0.000000E+0	0.000000E+0
4.137794E+3	9.877700E-6	1.305450E+4	0.000000E+0	0.000000E+0
4.140796E+3	9.877000E-6	1.305390E+4	0.000000E+0	0.000000E+0
4.143799E+3	9.877600E-6	1.305380E+4	0.000000E+0	0.000000E+0
4.146793E+3	9.878900E-6	1.305350E+4	0.000000E+0	0.000000E+0
4.149793E+3	9.878900E-6	1.305340E+4	0.000000E+0	0.000000E+0
4.152806E+3	9.878600E-6	1.305310E+4	0.000000E+0	0.000000E+0
4.155799E+3	9.882600E-6	1.305270E+4	0.000000E+0	0.000000E+0
4.158797E+3	9.878600E-6	1.305230E+4	0.000000E+0	0.000000E+0
4.161796E+3	9.877400E-6	1.305180E+4	0.000000E+0	0.000000E+0
4.164797E+3	9.878500E-6	1.305150E+4	0.000000E+0	0.000000E+0
4.167799E+3	9.877700E-6	1.305160E+4	0.000000E+0	0.000000E+0
4.170794E+3	9.876800E-6	1.305170E+4	0.000000E+0	0.000000E+0
4.173794E+3	9.876300E-6	1.305150E+4	0.000000E+0	0.000000E+0
4.176794E+3	9.876400E-6	1.305170E+4	0.000000E+0	0.000000E+0
4.179799E+3	9.875500E-6	1.305200E+4	0.000000E+0	0.000000E+0
4.182797E+3	9.876200E-6	1.305190E+4	0.000000E+0	0.000000E+0
4.185794E+3	9.876700E-6	1.305170E+4	0.000000E+0	0.000000E+0
4.188790E+3	9.874300E-6	1.305170E+4	0.000000E+0	0.000000E+0
4.191790E+3	9.875400E-6	1.305190E+4	0.000000E+0	0.000000E+0
4.194790E+3	9.876600E-6	1.305320E+4	0.000000E+0	0.000000E+0
4.197795E+3	9.877200E-6	1.305410E+4	0.000000E+0	0.000000E+0
4.200795E+3	9.877900E-6	1.305510E+4	0.000000E+0	0.000000E+0
4.203792E+3	9.876800E-6	1.305560E+4	0.000000E+0	0.000000E+0
4.206801E+3	9.877600E-6	1.305620E+4	0.000000E+0	0.000000E+0
4.209795E+3	9.876300E-6	1.305640E+4	0.000000E+0	0.000000E+0
4.212790E+3	9.875600E-6	1.305710E+4	0.000000E+0	0.000000E+0
4.215790E+3	9.876300E-6	1.305730E+4	0.000000E+0	0.000000E+0
4.218799E+3	9.877000E-6	1.305710E+4	0.000000E+0	0.000000E+0
4.221801E+3	9.876500E-6	1.305680E+4	0.000000E+0	0.000000E+0
4.224801E+3	9.876500E-6	1.305630E+4	0.000000E+0	0.000000E+0
4.227803E+3	9.877600E-6	1.305560E+4	0.000000E+0	0.000000E+0
4.230796E+3	9.877600E-6	1.305550E+4	0.000000E+0	0.000000E+0
4.233796E+3	9.876100E-6	1.305630E+4	0.000000E+0	0.000000E+0
4.236793E+3	9.876900E-6	1.305670E+4	0.000000E+0	0.000000E+0
4.239793E+3	9.877300E-6	1.305680E+4	0.000000E+0	0.000000E+0
4.242796E+3	9.877200E-6	1.305710E+4	0.000000E+0	0.000000E+0
4.245796E+3	9.876500E-6	1.305770E+4	0.000000E+0	0.000000E+0
4.248796E+3	9.876700E-6	1.305750E+4	0.000000E+0	0.000000E+0
4.251796E+3	9.875400E-6	1.305720E+4	0.000000E+0	0.000000E+0
4.254797E+3	9.874900E-6	1.305720E+4	0.000000E+0	0.000000E+0
4.257794E+3	9.875900E-6	1.305680E+4	0.000000E+0	0.000000E+0
4.260791E+3	9.878800E-6	1.305610E+4	0.000000E+0	0.000000E+0
4.263791E+3	9.875800E-6	1.305520E+4	0.000000E+0	0.000000E+0
4.266791E+3	9.877400E-6	1.305470E+4	0.000000E+0	0.000000E+0
4.269802E+3	9.875800E-6	1.305430E+4	0.000000E+0	0.000000E+0
4.272791E+3	9.877100E-6	1.305430E+4	0.000000E+0	0.000000E+0
4.275790E+3	9.876800E-6	1.305510E+4	0.000000E+0	0.000000E+0
4.278798E+3	9.877400E-6	1.305510E+4	0.000000E+0	0.000000E+0
4.281793E+3	9.879100E-6	1.305490E+4	0.000000E+0	0.000000E+0
4.284800E+3	9.875500E-6	1.305490E+4	0.000000E+0	0.000000E+0
4.287793E+3	9.877100E-6	1.305530E+4	0.000000E+0	0.000000E+0
4.290795E+3	9.875400E-6	1.305560E+4	0.000000E+0	0.000000E+0
4.293793E+3	9.875800E-6	1.305600E+4	0.000000E+0	0.000000E+0
4.296793E+3	9.877300E-6	1.305550E+4	0.000000E+0	0.000000E+0
4.299796E+3	9.874400E-6	1.305610E+4	0.000000E+0	0.000000E+0
4.302798E+3	9.873300E-6	1.305700E+4	0.000000E+0	0.000000E+0
4.305801E+3	9.875000E-6	1.305700E+4	0.000000E+0	0.000000E+0
4.308796E+3	9.875600E-6	1.305710E+4	0.000000E+0	0.000000E+0
4.311795E+3	9.875500E-6	1.305780E+4	0.000000E+0	0.000000E+0
4.314793E+3	9.875700E-6	1.305780E+4	0.000000E+0	0.000000E+0
4.317793E+3	9.875000E-6	1.305780E+4	0.000000E+0	0.000000E+0
4.320796E+3	9.875700E-6	1.305820E+4	0.000000E+0	0.000000E+0
4.323799E+3	9.874200E-6	1.305850E+4	0.000000E+0	0.000000E+0
4.326798E+3	9.876500E-6	1.305840E+4	0.000000E+0	0.000000E+0
4.329799E+3	9.874900E-6	1.305850E+4	0.000000E+0	0.000000E+0
4.332795E+3	9.875500E-6	1.305910E+4	0.000000E+0	0.000000E+0
4.335799E+3	9.876800E-6	1.305900E+4	0.000000E+0	0.000000E+0
4.338798E+3	9.874300E-6	1.305890E+4	0.000000E+0	0.000000E+0
4.341799E+3	9.875600E-6	1.305890E+4	0.000000E+0	0.000000E+0
4.344799E+3	9.875000E-6	1.305800E+4	0.000000E+0	0.000000E+0
4.347801E+3	9.875900E-6	1.305730E+4	0.000000E+0	0.000000E+0
4.350794E+3	9.878500E-6	1.305710E+4	0.000000E+0	0.000000E+0
4.353791E+3	9.873700E-6	1.305680E+4	0.000000E+0	0.000000E+0
4.356792E+3	9.875400E-6	1.305720E+4	0.000000E+0	0.000000E+0
4.359795E+3	9.875600E-6	1.305740E+4	0.000000E+0	0.000000E+0
4.362800E+3	9.874500E-6	1.305720E+4	0.000000E+0	0.000000E+0
4.365802E+3	9.875400E-6	1.305730E+4	0.000000E+0	0.000000E+0
4.368794E+3	9.875300E-6	1.305740E+4	0.000000E+0	0.000000E+0
4.371794E+3	9.874900E-6	1.305690E+4	0.000000E+0	0.000000E+0
4.374797E+3	9.875000E-6	1.305680E+4	0.000000E+0	0.000000E+0
4.377793E+3	9.874600E-6	1.305650E+4	0.000000E+0	0.000000E+0
4.380795E+3	9.876600E-6	1.305660E+4	0.000000E+0	0.000000E+0
4.383798E+3	9.874800E-6	1.305630E+4	0.000000E+0	0.000000E+0
4.386792E+3	9.874400E-6	1.305590E+4	0.000000E+0	0.000000E+0
4.389800E+3	9.874100E-6	1.305560E+4	0.000000E+0	0.000000E+0
4.392796E+3	9.874000E-6	1.305500E+4	0.000000E+0	0.000000E+0
4.395794E+3	9.875100E-6	1.305510E+4	0.000000E+0	0.000000E+0
4.398802E+3	9.876800E-6	1.305450E+4	0.000000E+0	0.000000E+0
4.401797E+3	9.873400E-6	1.305450E+4	0.000000E+0	0.000000E+0
4.404795E+3	9.875000E-6	1.305440E+4	0.000000E+0	0.000000E+0
4.407795E+3	9.873800E-6	1.305460E+4	0.000000E+0	0.000000E+0
4.410791E+3	9.874500E-6	1.305490E+4	0.000000E+0	0.000000E+0
4.413793E+3	9.877100E-6	1.305490E+4	0.000000E+0	0.000000E+0
4.416793E+3	9.876200E-6	1.305480E+4	0.000000E+0	0.000000E+0
4.419791E+3	9.874700E-6	1.305460E+4	0.000000E+0	0.000000E+0
4.422793E+3	9.875400E-6	1.305440E+4	0.000000E+0	0.000000E+0
4.425797E+3	9.875300E-6	1.305430E+4	0.000000E+0	0.000000E+0
4.428793E+3	9.875300E-6	1.305450E+4	0.000000E+0	0.000000E+0
4.431801E+3	9.873600E-6	1.305570E+4	0.000000E+0	0.000000E+0
4.434797E+3	9.875600E-6	1.305630E+4	0.000000E+0	0.000000E+0
4.437799E+3	9.874200E-6	1.305640E+4	0.000000E+0	0.000000E+0
4.440799E+3	9.876300E-6	1.305680E+4	0.000000E+0	0.000000E+0
4.443801E+3	9.878500E-6	1.305690E+4	0.000000E+0	0.000000E+0
4.446791E+3	9.876800E-6	1.305710E+4	0.000000E+0	0.000000E+0
4.449798E+3	9.875700E-6	1.305730E+4	0.000000E+0	0.000000E+0
4.452796E+3	9.874900E-6	1.305710E+4	0.000000E+0	0.000000E+0
4.455798E+3	9.878500E-6	1.305680E+4	0.000000E+0	0.000000E+0
4.458792E+3	9.874200E-6	1.305660E+4	0.000000E+0	0.000000E+0
4.461792E+3	9.873300E-6	1.305640E+4	0.000000E+0	0.000000E+0
4.464792E+3	9.873000E-6	1.305620E+4	0.000000E+0	0.000000E+0
4.467793E+3	9.872900E-6	1.305590E+4	0.000000E+0	0.000000E+0
4.470792E+3	9.874200E-6	1.305600E+4	0.000000E+0	0.000000E+0
4.473793E+3	9.873800E-6	1.305620E+4	0.000000E+0	0.000000E+0
4.476793E+3	9.872900E-6	1.305610E+4	0.000000E+0	0.000000E+0
4.479793E+3	9.873100E-6	1.305590E+4	0.000000E+0	0.000000E+0
4.482797E+3	9.873400E-6	1.305550E+4	0.000000E+0	0.000000E+0
4.485793E+3	9.875100E-6	1.305530E+4	0.000000E+0	0.000000E+0
4.488793E+3	9.872100E-6	1.305500E+4	0.000000E+0	0.000000E+0
4.491795E+3	9.873600E-6	1.305540E+4	0.000000E+0	0.000000E+0
4.494793E+3	9.873400E-6	1.305540E+4	0.000000E+0	0.000000E+0
4.497795E+3	9.871900E-6	1.305500E+4	0.000000E+0	0.000000E+0
4.500793E+3	9.872900E-6	1.305540E+4	0.000000E+0	0.000000E+0
4.503798E+3	9.873400E-6	1.305580E+4	0.000000E+0	0.000000E+0
4.506793E+3	9.873100E-6	1.305580E+4	0.000000E+0	0.000000E+0
4.509793E+3	9.872500E-6	1.305630E+4	0.000000E+0	0.000000E+0
4.512791E+3	9.873700E-6	1.305700E+4	0.000000E+0	0.000000E+0
4.515793E+3	9.873400E-6	1.305750E+4	0.000000E+0	0.000000E+0
4.518793E+3	9.874300E-6	1.305790E+4	0.000000E+0	0.000000E+0
4.521793E+3	9.872600E-6	1.305810E+4	0.000000E+0	0.000000E+0
4.524793E+3	9.873500E-6	1.305810E+4	0.000000E+0	0.000000E+0
4.527792E+3	9.874000E-6	1.305800E+4	0.000000E+0	0.000000E+0
4.530793E+3	9.872700E-6	1.305810E+4	0.000000E+0	0.000000E+0
4.533791E+3	9.873100E-6	1.305790E+4	0.000000E+0	0.000000E+0
4.536792E+3	9.873900E-6	1.305780E+4	0.000000E+0	0.000000E+0
4.539792E+3	9.873400E-6	1.305820E+4	0.000000E+0	0.000000E+0
4.542791E+3	9.872400E-6	1.305850E+4	0.000000E+0	0.000000E+0
4.545794E+3	9.871600E-6	1.305870E+4	0.000000E+0	0.000000E+0
4.548792E+3	9.872000E-6	1.305850E+4	0.000000E+0	0.000000E+0
4.551792E+3	9.873100E-6	1.305820E+4	0.000000E+0	0.000000E+0
4.554792E+3	9.875300E-6	1.305790E+4	0.000000E+0	0.000000E+0
4.557794E+3	9.871900E-6	1.305770E+4	0.000000E+0	0.000000E+0
4.560792E+3	9.873500E-6	1.305740E+4	0.000000E+0	0.000000E+0
4.563793E+3	9.872400E-6	1.305710E+4	0.000000E+0	0.000000E+0
4.566790E+3	9.873600E-6	1.305730E+4	0.000000E+0	0.000000E+0
4.569792E+3	9.871300E-6	1.305760E+4	0.000000E+0	0.000000E+0
4.572792E+3	9.872100E-6	1.305800E+4	0.000000E+0	0.000000E+0
4.575792E+3	9.873900E-6	1.305830E+4	0.000000E+0	0.000000E+0
4.578793E+3	9.873000E-6	1.305830E+4	0.000000E+0	0.000000E+0
4.581792E+3	9.871000E-6	1.305830E+4	0.000000E+0	0.000000E+0
4.584793E+3	9.872400E-6	1.305870E+4	0.000000E+0	0.000000E+0
4.587793E+3	9.871600E-6	1.305960E+4	0.000000E+0	0.000000E+0
4.590793E+3	9.871700E-6	1.306000E+4	0.000000E+0	0.000000E+0
4.593793E+3	9.870000E-6	1.306010E+4	0.000000E+0	0.000000E+0
4.596793E+3	9.871200E-6	1.306040E+4	0.000000E+0	0.000000E+0
4.599794E+3	9.871600E-6	1.306020E+4	0.000000E+0	0.000000E+0
4.602793E+3	9.871400E-6	1.306050E+4	0.000000E+0	0.000000E+0
4.605791E+3	9.872700E-6	1.306070E+4	0.000000E+0	0.000000E+0
4.608791E+3	9.872700E-6	1.306040E+4	0.000000E+0	0.000000E+0
4.611791E+3	9.873700E-6	1.306020E+4	0.000000E+0	0.000000E+0
4.614791E+3	9.872600E-6	1.306010E+4	0.000000E+0	0.000000E+0
4.617791E+3	9.871200E-6	1.306020E+4	0.000000E+0	0.000000E+0
4.620794E+3	9.871900E-6	1.306020E+4	0.000000E+0	0.000000E+0
4.623792E+3	9.871600E-6	1.306010E+4	0.000000E+0	0.000000E+0
4.626794E+3	9.870800E-6	1.305960E+4	0.000000E+0	0.000000E+0
4.629792E+3	9.871200E-6	1.305940E+4	0.000000E+0	0.000000E+0
4.632792E+3	9.870400E-6	1.305930E+4	0.000000E+0	0.000000E+0
4.635795E+3	9.871600E-6	1.305990E+4	0.000000E+0	0.000000E+0
4.638797E+3	9.870700E-6	1.305980E+4	0.000000E+0	0.000000E+0
4.641795E+3	9.872500E-6	1.305970E+4	0.000000E+0	0.000000E+0
4.644792E+3	9.872600E-6	1.305950E+4	0.000000E+0	0.000000E+0
4.647800E+3	9.870900E-6	1.305920E+4	0.000000E+0	0.000000E+0
4.650794E+3	9.872600E-6	1.305950E+4	0.000000E+0	0.000000E+0
4.653792E+3	9.871400E-6	1.305970E+4	0.000000E+0	0.000000E+0
4.656794E+3	9.871200E-6	1.305970E+4	0.000000E+0	0.000000E+0
4.659792E+3	9.872100E-6	1.306000E+4	0.000000E+0	0.000000E+0
4.662792E+3	9.871400E-6	1.306020E+4	0.000000E+0	0.000000E+0
4.665792E+3	9.872500E-6	1.306030E+4	0.000000E+0	0.000000E+0
4.668792E+3	9.871700E-6	1.306050E+4	0.000000E+0	0.000000E+0
4.671793E+3	9.870800E-6	1.306040E+4	0.000000E+0	0.000000E+0
4.674793E+3	9.870200E-6	1.305990E+4	0.000000E+0	0.000000E+0
4.677795E+3	9.869600E-6	1.305970E+4	0.000000E+0	0.000000E+0
4.680793E+3	9.870000E-6	1.305980E+4	0.000000E+0	0.000000E+0
4.683795E+3	9.869700E-6	1.306020E+4	0.000000E+0	0.000000E+0
4.686798E+3	9.870800E-6	1.306070E+4	0.000000E+0	0.000000E+0
4.689801E+3	9.869600E-6	1.306090E+4	0.000000E+0	0.000000E+0
4.692797E+3	9.869300E-6	1.306100E+4	0.000000E+0	0.000000E+0
4.695799E+3	9.869300E-6	1.306180E+4	0.000000E+0	0.000000E+0
4.698799E+3	9.868700E-6	1.306300E+4	0.000000E+0	0.000000E+0
4.701802E+3	9.869400E-6	1.306360E+4	0.000000E+0	0.000000E+0
4.704796E+3	9.869300E-6	1.306400E+4	0.000000E+0	0.000000E+0
4.707794E+3	9.869700E-6	1.306440E+4	0.000000E+0	0.000000E+0
4.710800E+3	9.869800E-6	1.306450E+4	0.000000E+0	0.000000E+0
4.713797E+3	9.870700E-6	1.306430E+4	0.000000E+0	0.000000E+0
4.716793E+3	9.869000E-6	1.306370E+4	0.000000E+0	0.000000E+0
4.719801E+3	9.870200E-6	1.306330E+4	0.000000E+0	0.000000E+0
4.722801E+3	9.870500E-6	1.306340E+4	0.000000E+0	0.000000E+0
4.725795E+3	9.869500E-6	1.306390E+4	0.000000E+0	0.000000E+0
4.728792E+3	9.867100E-6	1.306450E+4	0.000000E+0	0.000000E+0
4.731797E+3	9.868300E-6	1.306450E+4	0.000000E+0	0.000000E+0
4.734791E+3	9.869300E-6	1.306410E+4	0.000000E+0	0.000000E+0
4.737790E+3	9.870100E-6	1.306390E+4	0.000000E+0	0.000000E+0
4.740802E+3	9.871100E-6	1.306400E+4	0.000000E+0	0.000000E+0
4.743795E+3	9.875400E-6	1.306390E+4	0.000000E+0	0.000000E+0
4.746795E+3	9.868800E-6	1.306370E+4	0.000000E+0	0.000000E+0
4.749797E+3	9.869200E-6	1.306360E+4	0.000000E+0	0.000000E+0
4.752795E+3	9.869900E-6	1.306420E+4	0.000000E+0	0.000000E+0
4.755797E+3	9.867800E-6	1.306410E+4	0.000000E+0	0.000000E+0
4.758795E+3	9.868400E-6	1.306400E+4	0.000000E+0	0.000000E+0
4.761793E+3	9.868600E-6	1.306410E+4	0.000000E+0	0.000000E+0
4.764797E+3	9.869800E-6	1.306460E+4	0.000000E+0	0.000000E+0
4.767795E+3	9.872200E-6	1.306480E+4	0.000000E+0	0.000000E+0
4.770795E+3	9.872600E-6	1.306440E+4	0.000000E+0	0.000000E+0
4.773791E+3	9.870900E-6	1.306380E+4	0.000000E+0	0.000000E+0
4.776793E+3	9.869900E-6	1.306330E+4	0.000000E+0	0.000000E+0
4.779793E+3	9.870200E-6	1.306340E+4	0.000000E+0	0.000000E+0
4.782791E+3	9.869900E-6	1.306340E+4	0.000000E+0	0.000000E+0
4.785793E+3	9.870500E-6	1.306390E+4	0.000000E+0	0.000000E+0
4.788791E+3	9.871100E-6	1.306420E+4	0.000000E+0	0.000000E+0
4.791791E+3	9.871700E-6	1.306420E+4	0.000000E+0	0.000000E+0
4.794794E+3	9.870500E-6	1.306390E+4	0.000000E+0	0.000000E+0
4.797794E+3	9.869200E-6	1.306370E+4	0.000000E+0	0.000000E+0
4.800793E+3	9.868000E-6	1.306380E+4	0.000000E+0	0.000000E+0
4.803796E+3	9.869200E-6	1.306350E+4	0.000000E+0	0.000000E+0
4.806794E+3	9.867200E-6	1.306320E+4	0.000000E+0	0.000000E+0
4.809794E+3	9.867400E-6	1.306290E+4	0.000000E+0	0.000000E+0
4.812797E+3	9.867800E-6	1.306290E+4	0.000000E+0	0.000000E+0
4.815794E+3	9.869500E-6	1.306350E+4	0.000000E+0	0.000000E+0
4.818797E+3	9.867900E-6	1.306350E+4	0.000000E+0	0.000000E+0
4.821795E+3	9.868400E-6	1.306370E+4	0.000000E+0	0.000000E+0
4.824799E+3	9.868400E-6	1.306360E+4	0.000000E+0	0.000000E+0
4.827799E+3	9.867100E-6	1.306340E+4	0.000000E+0	0.000000E+0
4.830799E+3	9.868700E-6	1.306340E+4	0.000000E+0	0.000000E+0
4.833797E+3	9.869200E-6	1.306350E+4	0.000000E+0	0.000000E+0
4.836797E+3	9.867400E-6	1.306370E+4	0.000000E+0	0.000000E+0
4.839797E+3	9.868200E-6	1.306360E+4	0.000000E+0	0.000000E+0
4.842800E+3	9.867500E-6	1.306410E+4	0.000000E+0	0.000000E+0
4.845798E+3	9.867400E-6	1.306490E+4	0.000000E+0	0.000000E+0
4.848800E+3	9.866400E-6	1.306480E+4	0.000000E+0	0.000000E+0
4.851800E+3	9.868600E-6	1.306480E+4	0.000000E+0	0.000000E+0
4.854800E+3	9.869100E-6	1.306510E+4	0.000000E+0	0.000000E+0
4.857796E+3	9.867800E-6	1.306530E+4	0.000000E+0	0.000000E+0
4.860797E+3	9.867900E-6	1.306570E+4	0.000000E+0	0.000000E+0
4.863795E+3	9.868300E-6	1.306680E+4	0.000000E+0	0.000000E+0
4.866795E+3	9.869000E-6	1.306730E+4	0.000000E+0	0.000000E+0
4.869798E+3	9.869200E-6	1.306730E+4	0.000000E+0	0.000000E+0
4.872798E+3	9.868700E-6	1.306710E+4	0.000000E+0	0.000000E+0
4.875795E+3	9.867100E-6	1.306660E+4	0.000000E+0	0.000000E+0
4.878793E+3	9.867200E-6	1.306660E+4	0.000000E+0	0.000000E+0
4.881799E+3	9.868100E-6	1.306630E+4	0.000000E+0	0.000000E+0
4.884798E+3	9.869700E-6	1.306610E+4	0.000000E+0	0.000000E+0
4.887796E+3	9.868200E-6	1.306600E+4	0.000000E+0	0.000000E+0
4.890799E+3	9.868200E-6	1.306600E+4	0.000000E+0	0.000000E+0
4.893794E+3	9.868000E-6	1.306640E+4	0.000000E+0	0.000000E+0
4.896796E+3	9.868300E-6	1.306650E+4	0.000000E+0	0.000000E+0
4.899797E+3	9.868500E-6	1.306680E+4	0.000000E+0	0.000000E+0
4.902799E+3	9.866800E-6	1.306670E+4	0.000000E+0	0.000000E+0
4.905796E+3	9.867400E-6	1.306650E+4	0.000000E+0	0.000000E+0
4.908796E+3	9.869000E-6	1.306630E+4	0.000000E+0	0.000000E+0
4.911796E+3	9.867700E-6	1.306620E+4	0.000000E+0	0.000000E+0
4.914797E+3	9.869000E-6	1.306570E+4	0.000000E+0	0.000000E+0
4.917797E+3	9.869700E-6	1.306560E+4	0.000000E+0	0.000000E+0
4.920800E+3	9.869600E-6	1.306550E+4	0.000000E+0	0.000000E+0
4.923798E+3	9.868600E-6	1.306500E+4	0.000000E+0	0.000000E+0
4.926802E+3	9.869100E-6	1.306480E+4	0.000000E+0	0.000000E+0
4.929798E+3	9.867900E-6	1.306470E+4	0.000000E+0	0.000000E+0
4.932800E+3	9.868600E-6	1.306450E+4	0.000000E+0	0.000000E+0
4.935798E+3	9.867600E-6	1.306460E+4	0.000000E+0	0.000000E+0
4.938797E+3	9.868300E-6	1.306490E+4	0.000000E+0	0.000000E+0
4.941800E+3	9.868800E-6	1.306520E+4	0.000000E+0	0.000000E+0
4.944801E+3	9.870400E-6	1.306580E+4	0.000000E+0	0.000000E+0
4.947803E+3	9.868300E-6	1.306580E+4	0.000000E+0	0.000000E+0
4.950798E+3	9.868000E-6	1.306570E+4	0.000000E+0	0.000000E+0
4.953796E+3	9.866700E-6	1.306590E+4	0.000000E+0	0.000000E+0
4.956801E+3	9.867500E-6	1.306620E+4	0.000000E+0	0.000000E+0
4.959798E+3	9.866000E-6	1.306620E+4	0.000000E+0	0.000000E+0
4.962798E+3	9.867000E-6	1.306650E+4	0.000000E+0	0.000000E+0
4.965801E+3	9.868100E-6	1.306700E+4	0.000000E+0	0.000000E+0
4.968799E+3	9.868300E-6	1.306710E+4	0.000000E+0	0.000000E+0
4.971801E+3	9.868400E-6	1.306710E+4	0.000000E+0	0.000000E+0
4.974799E+3	9.866300E-6	1.306690E+4	0.000000E+0	0.000000E+0
4.977799E+3	9.867600E-6	1.306700E+4	0.000000E+0	0.000000E+0
4.980801E+3	9.867900E-6	1.306720E+4	0.000000E+0	0.000000E+0
4.983802E+3	9.866700E-6	1.306730E+4	0.000000E+0	0.000000E+0
4.986796E+3	9.871400E-6	1.306770E+4	0.000000E+0	0.000000E+0
4.989802E+3	9.868100E-6	1.306760E+4	0.000000E+0	0.000000E+0
4.992796E+3	9.870200E-6	1.306730E+4	0.000000E+0	0.000000E+0
4.995793E+3	9.869900E-6	1.306720E+4	0.000000E+0	0.000000E+0
4.998796E+3	9.868800E-6	1.306680E+4	0.000000E+0	0.000000E+0
5.001797E+3	9.867700E-6	1.306720E+4	0.000000E+0	0.000000E+0
5.004797E+3	9.866900E-6	1.306810E+4	0.000000E+0	0.000000E+0
5.007797E+3	9.868400E-6	1.306850E+4	0.000000E+0	0.000000E+0
5.010796E+3	9.865700E-6	1.306860E+4	0.000000E+0	0.000000E+0
5.013797E+3	9.867400E-6	1.306860E+4	0.000000E+0	0.000000E+0
5.016800E+3	9.872400E-6	1.306860E+4	0.000000E+0	0.000000E+0
5.019799E+3	9.866600E-6	1.306860E+4	0.000000E+0	0.000000E+0
5.022799E+3	9.867000E-6	1.306860E+4	0.000000E+0	0.000000E+0
5.025798E+3	9.868600E-6	1.306860E+4	0.000000E+0	0.000000E+0
5.028797E+3	9.867000E-6	1.306880E+4	0.000000E+0	0.000000E+0
5.031797E+3	9.865700E-6	1.306830E+4	0.000000E+0	0.000000E+0
5.034797E+3	9.866800E-6	1.306800E+4	0.000000E+0	0.000000E+0
5.037797E+3	9.867200E-6	1.306760E+4	0.000000E+0	0.000000E+0
5.040795E+3	9.866900E-6	1.306740E+4	0.000000E+0	0.000000E+0
5.043796E+3	9.889500E-6	1.306680E+4	0.000000E+0	0.000000E+0
5.046795E+3	9.871000E-6	1.306620E+4	0.000000E+0	0.000000E+0
5.049798E+3	9.866400E-6	1.306570E+4	0.000000E+0	0.000000E+0
5.052798E+3	9.866900E-6	1.306520E+4	0.000000E+0	0.000000E+0
5.055795E+3	9.865800E-6	1.306480E+4	0.000000E+0	0.000000E+0
5.058798E+3	9.866000E-6	1.306450E+4	0.000000E+0	0.000000E+0
5.061795E+3	9.867200E-6	1.306430E+4	0.000000E+0	0.000000E+0
5.064795E+3	9.866400E-6	1.306440E+4	0.000000E+0	0.000000E+0
5.067796E+3	9.866700E-6	1.306410E+4	0.000000E+0	0.000000E+0
5.070799E+3	9.866000E-6	1.306440E+4	0.000000E+0	0.000000E+0
5.073801E+3	9.866400E-6	1.306420E+4	0.000000E+0	0.000000E+0
5.076799E+3	9.868100E-6	1.306460E+4	0.000000E+0	0.000000E+0
5.079797E+3	9.866800E-6	1.306460E+4	0.000000E+0	0.000000E+0
5.082797E+3	9.903400E-6	1.306470E+4	0.000000E+0	0.000000E+0
5.085801E+3	9.867200E-6	1.306530E+4	0.000000E+0	0.000000E+0
5.088801E+3	9.866900E-6	1.306520E+4	0.000000E+0	0.000000E+0
5.091799E+3	9.869000E-6	1.306500E+4	0.000000E+0	0.000000E+0
5.094797E+3	9.868200E-6	1.306480E+4	0.000000E+0	0.000000E+0
5.097794E+3	9.867600E-6	1.306470E+4	0.000000E+0	0.000000E+0
5.100800E+3	9.868100E-6	1.306480E+4	0.000000E+0	0.000000E+0
5.103797E+3	9.866800E-6	1.306480E+4	0.000000E+0	0.000000E+0
5.106797E+3	9.867200E-6	1.306490E+4	0.000000E+0	0.000000E+0
5.109798E+3	9.866800E-6	1.306490E+4	0.000000E+0	0.000000E+0
5.112795E+3	9.867300E-6	1.306470E+4	0.000000E+0	0.000000E+0
5.115795E+3	9.866900E-6	1.306500E+4	0.000000E+0	0.000000E+0
5.118797E+3	9.867100E-6	1.306500E+4	0.000000E+0	0.000000E+0
5.121797E+3	9.867000E-6	1.306490E+4	0.000000E+0	0.000000E+0
5.124795E+3	9.866300E-6	1.306530E+4	0.000000E+0	0.000000E+0
5.127797E+3	9.866600E-6	1.306550E+4	0.000000E+0	0.000000E+0
5.130794E+3	9.866800E-6	1.306570E+4	0.000000E+0	0.000000E+0
5.133795E+3	9.867100E-6	1.306600E+4	0.000000E+0	0.000000E+0
5.136797E+3	9.865900E-6	1.306620E+4	0.000000E+0	0.000000E+0
5.139795E+3	9.866200E-6	1.306610E+4	0.000000E+0	0.000000E+0
5.142795E+3	9.865700E-6	1.306610E+4	0.000000E+0	0.000000E+0
5.145798E+3	9.867200E-6	1.306590E+4	0.000000E+0	0.000000E+0
5.148798E+3	9.866500E-6	1.306630E+4	0.000000E+0	0.000000E+0
5.151798E+3	9.865400E-6	1.306680E+4	0.000000E+0	0.000000E+0
5.154798E+3	9.865800E-6	1.306700E+4	0.000000E+0	0.000000E+0
5.157798E+3	9.865200E-6	1.306680E+4	0.000000E+0	0.000000E+0
5.160799E+3	9.866100E-6	1.306630E+4	0.000000E+0	0.000000E+0
5.163796E+3	9.864600E-6	1.306590E+4	0.000000E+0	0.000000E+0
5.166796E+3	9.866800E-6	1.306570E+4	0.000000E+0	0.000000E+0
5.169798E+3	9.867300E-6	1.306550E+4	0.000000E+0	0.000000E+0
5.172793E+3	9.866300E-6	1.306640E+4	0.000000E+0	0.000000E+0
5.175794E+3	9.866200E-6	1.306630E+4	0.000000E+0	0.000000E+0
5.178797E+3	9.866300E-6	1.306600E+4	0.000000E+0	0.000000E+0
5.181797E+3	9.864700E-6	1.306590E+4	0.000000E+0	0.000000E+0
5.184796E+3	9.864600E-6	1.306600E+4	0.000000E+0	0.000000E+0
5.187794E+3	9.862100E-6	1.306580E+4	0.000000E+0	0.000000E+0
5.190796E+3	9.863000E-6	1.306560E+4	0.000000E+0	0.000000E+0
5.193797E+3	9.864100E-6	1.306570E+4	0.000000E+0	0.000000E+0
5.196797E+3	9.864400E-6	1.306580E+4	0.000000E+0	0.000000E+0
5.199799E+3	9.861800E-6	1.306660E+4	0.000000E+0	0.000000E+0
5.202794E+3	9.863300E-6	1.306660E+4	0.000000E+0	0.000000E+0
5.205797E+3	9.863400E-6	1.306690E+4	0.000000E+0	0.000000E+0
5.208797E+3	9.864600E-6	1.306710E+4	0.000000E+0	0.000000E+0
5.211797E+3	9.864000E-6	1.306750E+4	0.000000E+0	0.000000E+0
5.214797E+3	9.862300E-6	1.306760E+4	0.000000E+0	0.000000E+0
5.217795E+3	9.863200E-6	1.306750E+4	0.000000E+0	0.000000E+0
5.220797E+3	9.861300E-6	1.306760E+4	0.000000E+0	0.000000E+0
5.223795E+3	9.863000E-6	1.306770E+4	0.000000E+0	0.000000E+0
5.226795E+3	9.863700E-6	1.306830E+4	0.000000E+0	0.000000E+0
5.229798E+3	9.864900E-6	1.306880E+4	0.000000E+0	0.000000E+0
5.232795E+3	9.864300E-6	1.306900E+4	0.000000E+0	0.000000E+0
5.235798E+3	9.864100E-6	1.306930E+4	0.000000E+0	0.000000E+0
5.238795E+3	9.863300E-6	1.306930E+4	0.000000E+0	0.000000E+0
5.241798E+3	9.862100E-6	1.306900E+4	0.000000E+0	0.000000E+0
5.244798E+3	9.862200E-6	1.306880E+4	0.000000E+0	0.000000E+0
5.247796E+3	9.862500E-6	1.306860E+4	0.000000E+0	0.000000E+0
5.250796E+3	9.863100E-6	1.306830E+4	0.000000E+0	0.000000E+0
5.253794E+3	9.862700E-6	1.306800E+4	0.000000E+0	0.000000E+0
5.256796E+3	9.862100E-6	1.306780E+4	0.000000E+0	0.000000E+0
5.259798E+3	9.862600E-6	1.306790E+4	0.000000E+0	0.000000E+0
5.262796E+3	9.862900E-6	1.306830E+4	0.000000E+0	0.000000E+0
5.265797E+3	9.862900E-6	1.306870E+4	0.000000E+0	0.000000E+0
5.268797E+3	9.864500E-6	1.306940E+4	0.000000E+0	0.000000E+0
5.271793E+3	9.860500E-6	1.307000E+4	0.000000E+0	0.000000E+0
5.274799E+3	9.861800E-6	1.307000E+4	0.000000E+0	0.000000E+0
5.277794E+3	9.861000E-6	1.307030E+4	0.000000E+0	0.000000E+0
5.280804E+3	9.861100E-6	1.307040E+4	0.000000E+0	0.000000E+0
5.283796E+3	9.860800E-6	1.307050E+4	0.000000E+0	0.000000E+0
5.286794E+3	9.861200E-6	1.307080E+4	0.000000E+0	0.000000E+0
5.289794E+3	9.861100E-6	1.307070E+4	0.000000E+0	0.000000E+0
5.292800E+3	9.861400E-6	1.307070E+4	0.000000E+0	0.000000E+0
5.295795E+3	9.861400E-6	1.307100E+4	0.000000E+0	0.000000E+0
5.298794E+3	9.859300E-6	1.307060E+4	0.000000E+0	0.000000E+0
5.301803E+3	9.861400E-6	1.307010E+4	0.000000E+0	0.000000E+0
5.304795E+3	9.860200E-6	1.307010E+4	0.000000E+0	0.000000E+0
5.307795E+3	9.861000E-6	1.307040E+4	0.000000E+0	0.000000E+0
5.310795E+3	9.862600E-6	1.307000E+4	0.000000E+0	0.000000E+0
5.313795E+3	9.860400E-6	1.306930E+4	0.000000E+0	0.000000E+0
5.316795E+3	9.860900E-6	1.306860E+4	0.000000E+0	0.000000E+0
5.319795E+3	9.859600E-6	1.306790E+4	0.000000E+0	0.000000E+0
5.322795E+3	9.863000E-6	1.306730E+4	0.000000E+0	0.000000E+0
5.325796E+3	9.862400E-6	1.306710E+4	0.000000E+0	0.000000E+0
5.328796E+3	9.862600E-6	1.306710E+4	0.000000E+0	0.000000E+0
5.331798E+3	9.862800E-6	1.306720E+4	0.000000E+0	0.000000E+0
5.334798E+3	9.860800E-6	1.306680E+4	0.000000E+0	0.000000E+0
5.337795E+3	9.860000E-6	1.306660E+4	0.000000E+0	0.000000E+0
5.340796E+3	9.860300E-6	1.306670E+4	0.000000E+0	0.000000E+0
5.343798E+3	9.860400E-6	1.306700E+4	0.000000E+0	0.000000E+0
5.346801E+3	9.859800E-6	1.306720E+4	0.000000E+0	0.000000E+0
5.349801E+3	9.861000E-6	1.306720E+4	0.000000E+0	0.000000E+0
5.352800E+3	9.861700E-6	1.306700E+4	0.000000E+0	0.000000E+0
5.355806E+3	9.862500E-6	1.306720E+4	0.000000E+0	0.000000E+0
5.358796E+3	9.860200E-6	1.306760E+4	0.000000E+0	0.000000E+0
5.361801E+3	9.861300E-6	1.306720E+4	0.000000E+0	0.000000E+0
5.364799E+3	9.859400E-6	1.306730E+4	0.000000E+0	0.000000E+0
5.367802E+3	9.863000E-6	1.306740E+4	0.000000E+0	0.000000E+0
5.370802E+3	9.861900E-6	1.306770E+4	0.000000E+0	0.000000E+0
5.373802E+3	9.861900E-6	1.306800E+4	0.000000E+0	0.000000E+0
5.376802E+3	9.862700E-6	1.306850E+4	0.000000E+0	0.000000E+0
5.379802E+3	9.862500E-6	1.306890E+4	0.000000E+0	0.000000E+0
5.382799E+3	9.862700E-6	1.306920E+4	0.000000E+0	0.000000E+0
5.385800E+3	9.862200E-6	1.306910E+4	0.000000E+0	0.000000E+0
5.388800E+3	9.860500E-6	1.306940E+4	0.000000E+0	0.000000E+0
5.391798E+3	9.859300E-6	1.307060E+4	0.000000E+0	0.000000E+0
5.394799E+3	9.859000E-6	1.307140E+4	0.000000E+0	0.000000E+0
5.397798E+3	9.860100E-6	1.307180E+4	0.000000E+0	0.000000E+0
5.400800E+3	9.859900E-6	1.307240E+4	0.000000E+0	0.000000E+0
5.403800E+3	9.859500E-6	1.307300E+4	0.000000E+0	0.000000E+0
5.406802E+3	9.858600E-6	1.307340E+4	0.000000E+0	0.000000E+0
5.409800E+3	9.857200E-6	1.307300E+4	0.000000E+0	0.000000E+0
5.412800E+3	9.856500E-6	1.307240E+4	0.000000E+0	0.000000E+0
5.415801E+3	9.857400E-6	1.307200E+4	0.000000E+0	0.000000E+0
5.418801E+3	9.858800E-6	1.307140E+4	0.000000E+0	0.000000E+0
5.421803E+3	9.860000E-6	1.307100E+4	0.000000E+0	0.000000E+0
5.424800E+3	9.858100E-6	1.307050E+4	0.000000E+0	0.000000E+0
5.427803E+3	9.857800E-6	1.307050E+4	0.000000E+0	0.000000E+0
5.430801E+3	9.859800E-6	1.307060E+4	0.000000E+0	0.000000E+0
5.433803E+3	9.860300E-6	1.307100E+4	0.000000E+0	0.000000E+0
5.436803E+3	9.860100E-6	1.307100E+4	0.000000E+0	0.000000E+0
5.439802E+3	9.859400E-6	1.307070E+4	0.000000E+0	0.000000E+0
5.442801E+3	9.860100E-6	1.307040E+4	0.000000E+0	0.000000E+0
5.445801E+3	9.859300E-6	1.307020E+4	0.000000E+0	0.000000E+0
5.448801E+3	9.861000E-6	1.306990E+4	0.000000E+0	0.000000E+0
5.451802E+3	9.859500E-6	1.306920E+4	0.000000E+0	0.000000E+0
5.454799E+3	9.857300E-6	1.306880E+4	0.000000E+0	0.000000E+0
5.457796E+3	9.859200E-6	1.306850E+4	0.000000E+0	0.000000E+0
5.460799E+3	9.857500E-6	1.306890E+4	0.000000E+0	0.000000E+0
5.463797E+3	9.860700E-6	1.306990E+4	0.000000E+0	0.000000E+0
5.466797E+3	9.859900E-6	1.307060E+4	0.000000E+0	0.000000E+0
5.469794E+3	9.857700E-6	1.307070E+4	0.000000E+0	0.000000E+0
5.472796E+3	9.857900E-6	1.307100E+4	0.000000E+0	0.000000E+0
5.475795E+3	9.859800E-6	1.307180E+4	0.000000E+0	0.000000E+0
5.478799E+3	9.858300E-6	1.307220E+4	0.000000E+0	0.000000E+0
5.481797E+3	9.860100E-6	1.307260E+4	0.000000E+0	0.000000E+0
5.484799E+3	9.861100E-6	1.307270E+4	0.000000E+0	0.000000E+0
5.487797E+3	9.860000E-6	1.307280E+4	0.000000E+0	0.000000E+0
5.490795E+3	9.860700E-6	1.307310E+4	0.000000E+0	0.000000E+0
5.493795E+3	9.859100E-6	1.307280E+4	0.000000E+0	0.000000E+0
5.496797E+3	9.858800E-6	1.307230E+4	0.000000E+0	0.000000E+0
5.499798E+3	9.858000E-6	1.307170E+4	0.000000E+0	0.000000E+0
5.502795E+3	9.859700E-6	1.307150E+4	0.000000E+0	0.000000E+0
5.505795E+3	9.861200E-6	1.307150E+4	0.000000E+0	0.000000E+0
5.508798E+3	9.858900E-6	1.307170E+4	0.000000E+0	0.000000E+0
5.511796E+3	9.857900E-6	1.307200E+4	0.000000E+0	0.000000E+0
5.514800E+3	9.858400E-6	1.307300E+4	0.000000E+0	0.000000E+0
5.517798E+3	9.858900E-6	1.307400E+4	0.000000E+0	0.000000E+0
5.520800E+3	9.858300E-6	1.307420E+4	0.000000E+0	0.000000E+0
5.523796E+3	9.858400E-6	1.307410E+4	0.000000E+0	0.000000E+0
5.526799E+3	9.858100E-6	1.307390E+4	0.000000E+0	0.000000E+0
5.529796E+3	9.858100E-6	1.307370E+4	0.000000E+0	0.000000E+0
5.532799E+3	9.857500E-6	1.307410E+4	0.000000E+0	0.000000E+0
5.535798E+3	9.857200E-6	1.307430E+4	0.000000E+0	0.000000E+0
5.538799E+3	9.857100E-6	1.307440E+4	0.000000E+0	0.000000E+0
5.541799E+3	9.857900E-6	1.307480E+4	0.000000E+0	0.000000E+0
5.544798E+3	9.857300E-6	1.307460E+4	0.000000E+0	0.000000E+0
5.547801E+3	9.856800E-6	1.307420E+4	0.000000E+0	0.000000E+0
5.550799E+3	9.857000E-6	1.307410E+4	0.000000E+0	0.000000E+0
5.553800E+3	9.855800E-6	1.307380E+4	0.000000E+0	0.000000E+0
5.556801E+3	9.856900E-6	1.307340E+4	0.000000E+0	0.000000E+0
5.559797E+3	9.855700E-6	1.307330E+4	0.000000E+0	0.000000E+0
5.562797E+3	9.855700E-6	1.307310E+4	0.000000E+0	0.000000E+0
5.565799E+3	9.857000E-6	1.307300E+4	0.000000E+0	0.000000E+0
5.568797E+3	9.856000E-6	1.307290E+4	0.000000E+0	0.000000E+0
5.571799E+3	9.855700E-6	1.307270E+4	0.000000E+0	0.000000E+0
5.574800E+3	9.857300E-6	1.307230E+4	0.000000E+0	0.000000E+0
5.577797E+3	9.856300E-6	1.307150E+4	0.000000E+0	0.000000E+0
5.580807E+3	9.857600E-6	1.307090E+4	0.000000E+0	0.000000E+0
5.583797E+3	9.857500E-6	1.307020E+4	0.000000E+0	0.000000E+0
5.586800E+3	9.856000E-6	1.306990E+4	0.000000E+0	0.000000E+0
5.589800E+3	9.853800E-6	1.307060E+4	0.000000E+0	0.000000E+0
5.592794E+3	9.853600E-6	1.307140E+4	0.000000E+0	0.000000E+0
5.595801E+3	9.854600E-6	1.307190E+4	0.000000E+0	0.000000E+0
5.598806E+3	9.855900E-6	1.307280E+4	0.000000E+0	0.000000E+0
5.601800E+3	9.855300E-6	1.307320E+4	0.000000E+0	0.000000E+0
5.604803E+3	9.855500E-6	1.307320E+4	0.000000E+0	0.000000E+0
5.607801E+3	9.857600E-6	1.307310E+4	0.000000E+0	0.000000E+0
5.610803E+3	9.855900E-6	1.307280E+4	0.000000E+0	0.000000E+0
5.613804E+3	9.855700E-6	1.307260E+4	0.000000E+0	0.000000E+0
5.616802E+3	9.857800E-6	1.307250E+4	0.000000E+0	0.000000E+0
5.619806E+3	9.856300E-6	1.307250E+4	0.000000E+0	0.000000E+0
5.622800E+3	9.855200E-6	1.307250E+4	0.000000E+0	0.000000E+0
5.625804E+3	9.854600E-6	1.307260E+4	0.000000E+0	0.000000E+0
5.628806E+3	9.855000E-6	1.307270E+4	0.000000E+0	0.000000E+0
5.631802E+3	9.852700E-6	1.307280E+4	0.000000E+0	0.000000E+0
5.634804E+3	9.853700E-6	1.307260E+4	0.000000E+0	0.000000E+0
5.637802E+3	9.855100E-6	1.307290E+4	0.000000E+0	0.000000E+0
5.640799E+3	9.853400E-6	1.307330E+4	0.000000E+0	0.000000E+0
5.643807E+3	9.852900E-6	1.307450E+4	0.000000E+0	0.000000E+0
5.646797E+3	9.853200E-6	1.307570E+4	0.000000E+0	0.000000E+0
5.649799E+3	9.854600E-6	1.307680E+4	0.000000E+0	0.000000E+0
5.652802E+3	9.851900E-6	1.307690E+4	0.000000E+0	0.000000E+0
5.655802E+3	9.851800E-6	1.307680E+4	0.000000E+0	0.000000E+0
5.658796E+3	9.853600E-6	1.307670E+4	0.000000E+0	0.000000E+0
5.661800E+3	9.855200E-6	1.307640E+4	0.000000E+0	0.000000E+0
5.664805E+3	9.852300E-6	1.307660E+4	0.000000E+0	0.000000E+0
5.667799E+3	9.853000E-6	1.307670E+4	0.000000E+0	0.000000E+0
5.670801E+3	9.851000E-6	1.307660E+4	0.000000E+0	0.000000E+0
5.673805E+3	9.849900E-6	1.307600E+4	0.000000E+0	0.000000E+0
5.676807E+3	9.849700E-6	1.307530E+4	0.000000E+0	0.000000E+0
5.679797E+3	9.852000E-6	1.307570E+4	0.000000E+0	0.000000E+0
5.682803E+3	9.850600E-6	1.307550E+4	0.000000E+0	0.000000E+0
5.685805E+3	9.849800E-6	1.307530E+4	0.000000E+0	0.000000E+0
5.688801E+3	9.851100E-6	1.307480E+4	0.000000E+0	0.000000E+0
5.691805E+3	9.851600E-6	1.307490E+4	0.000000E+0	0.000000E+0
5.694798E+3	9.851400E-6	1.307480E+4	0.000000E+0	0.000000E+0
5.697798E+3	9.850200E-6	1.307460E+4	0.000000E+0	0.000000E+0
5.700805E+3	9.851400E-6	1.307410E+4	0.000000E+0	0.000000E+0
5.703798E+3	9.851500E-6	1.307350E+4	0.000000E+0	0.000000E+0
5.706801E+3	9.852600E-6	1.307310E+4	0.000000E+0	0.000000E+0
5.709803E+3	9.852100E-6	1.307250E+4	0.000000E+0	0.000000E+0
5.712804E+3	9.849800E-6	1.307210E+4	0.000000E+0	0.000000E+0
5.715806E+3	9.850300E-6	1.307170E+4	0.000000E+0	0.000000E+0
5.718796E+3	9.850300E-6	1.307140E+4	0.000000E+0	0.000000E+0
5.721804E+3	9.851300E-6	1.307150E+4	0.000000E+0	0.000000E+0
5.724802E+3	9.851700E-6	1.307130E+4	0.000000E+0	0.000000E+0
5.727800E+3	9.851000E-6	1.307100E+4	0.000000E+0	0.000000E+0
5.730796E+3	9.850500E-6	1.307080E+4	0.000000E+0	0.000000E+0
5.733804E+3	9.849300E-6	1.307060E+4	0.000000E+0	0.000000E+0
5.736805E+3	9.849900E-6	1.307080E+4	0.000000E+0	0.000000E+0
5.739799E+3	9.849600E-6	1.307070E+4	0.000000E+0	0.000000E+0
5.742802E+3	9.850500E-6	1.307020E+4	0.000000E+0	0.000000E+0
5.745805E+3	9.851900E-6	1.307010E+4	0.000000E+0	0.000000E+0
5.748797E+3	9.851400E-6	1.306990E+4	0.000000E+0	0.000000E+0
5.751800E+3	9.851500E-6	1.306990E+4	0.000000E+0	0.000000E+0
5.754795E+3	9.850300E-6	1.307000E+4	0.000000E+0	0.000000E+0
5.757804E+3	9.850100E-6	1.306990E+4	0.000000E+0	0.000000E+0
5.760802E+3	9.851700E-6	1.306990E+4	0.000000E+0	0.000000E+0
5.763805E+3	9.850200E-6	1.306940E+4	0.000000E+0	0.000000E+0
5.766797E+3	9.851300E-6	1.306920E+4	0.000000E+0	0.000000E+0
5.769798E+3	9.849900E-6	1.306920E+4	0.000000E+0	0.000000E+0
5.772797E+3	9.849100E-6	1.306900E+4	0.000000E+0	0.000000E+0
5.775798E+3	9.849900E-6	1.306910E+4	0.000000E+0	0.000000E+0
5.778797E+3	9.850400E-6	1.306900E+4	0.000000E+0	0.000000E+0
5.781799E+3	9.849300E-6	1.306880E+4	0.000000E+0	0.000000E+0
5.784801E+3	9.849600E-6	1.306900E+4	0.000000E+0	0.000000E+0
5.787803E+3	9.850500E-6	1.306930E+4	0.000000E+0	0.000000E+0
5.790803E+3	9.850200E-6	1.306960E+4	0.000000E+0	0.000000E+0
5.793806E+3	9.849300E-6	1.306940E+4	0.000000E+0	0.000000E+0
5.796796E+3	9.851200E-6	1.306920E+4	0.000000E+0	0.000000E+0
5.799801E+3	9.850400E-6	1.306930E+4	0.000000E+0	0.000000E+0
5.802796E+3	9.851400E-6	1.306930E+4	0.000000E+0	0.000000E+0
5.805795E+3	9.848000E-6	1.306890E+4	0.000000E+0	0.000000E+0
5.808799E+3	9.848300E-6	1.306910E+4	0.000000E+0	0.000000E+0
5.811791E+3	9.850000E-6	1.306960E+4	0.000000E+0	0.000000E+0
5.814802E+3	9.849100E-6	1.306990E+4	0.000000E+0	0.000000E+0
5.817799E+3	9.848700E-6	1.306980E+4	0.000000E+0	0.000000E+0
5.820796E+3	9.848400E-6	1.306990E+4	0.000000E+0	0.000000E+0
5.823804E+3	9.848300E-6	1.307010E+4	0.000000E+0	0.000000E+0
5.826804E+3	9.849600E-6	1.307050E+4	0.000000E+0	0.000000E+0
5.829797E+3	9.846800E-6	1.307090E+4	0.000000E+0	0.000000E+0
5.832806E+3	9.849500E-6	1.307120E+4	0.000000E+0	0.000000E+0
5.835798E+3	9.849300E-6	1.307190E+4	0.000000E+0	0.000000E+0
5.838800E+3	9.849600E-6	1.307210E+4	0.000000E+0	0.000000E+0
5.841804E+3	9.849500E-6	1.307210E+4	0.000000E+0	0.000000E+0
5.844805E+3	9.846800E-6	1.307190E+4	0.000000E+0	0.000000E+0
5.847797E+3	9.847500E-6	1.307180E+4	0.000000E+0	0.000000E+0
5.850799E+3	9.847800E-6	1.307180E+4	0.000000E+0	0.000000E+0
5.853807E+3	9.848000E-6	1.307200E+4	0.000000E+0	0.000000E+0
5.856797E+3	9.848900E-6	1.307190E+4	0.000000E+0	0.000000E+0
5.859800E+3	9.847200E-6	1.307160E+4	0.000000E+0	0.000000E+0
5.862792E+3	9.848500E-6	1.307120E+4	0.000000E+0	0.000000E+0
5.865805E+3	9.846300E-6	1.307090E+4	0.000000E+0	0.000000E+0
5.868807E+3	9.848700E-6	1.307070E+4	0.000000E+0	0.000000E+0
5.871798E+3	9.845800E-6	1.307050E+4	0.000000E+0	0.000000E+0
5.874803E+3	9.847400E-6	1.307060E+4	0.000000E+0	0.000000E+0
5.877805E+3	9.847500E-6	1.307070E+4	0.000000E+0	0.000000E+0
5.880806E+3	9.847100E-6	1.307100E+4	0.000000E+0	0.000000E+0
5.883809E+3	9.847300E-6	1.307100E+4	0.000000E+0	0.000000E+0
5.886798E+3	9.846900E-6	1.307050E+4	0.000000E+0	0.000000E+0
5.889798E+3	9.847600E-6	1.307050E+4	0.000000E+0	0.000000E+0
5.892796E+3	9.845700E-6	1.307020E+4	0.000000E+0	0.000000E+0
5.895796E+3	9.847300E-6	1.307020E+4	0.000000E+0	0.000000E+0
5.898793E+3	9.847000E-6	1.307080E+4	0.000000E+0	0.000000E+0
5.901793E+3	9.848300E-6	1.307140E+4	0.000000E+0	0.000000E+0
5.904801E+3	9.845800E-6	1.307170E+4	0.000000E+0	0.000000E+0
5.907802E+3	9.846000E-6	1.307210E+4	0.000000E+0	0.000000E+0
5.910795E+3	9.848100E-6	1.307260E+4	0.000000E+0	0.000000E+0
5.913794E+3	9.845100E-6	1.307300E+4	0.000000E+0	0.000000E+0
5.916793E+3	9.846700E-6	1.307310E+4	0.000000E+0	0.000000E+0
5.919794E+3	9.846700E-6	1.307300E+4	0.000000E+0	0.000000E+0
5.922793E+3	9.846600E-6	1.307290E+4	0.000000E+0	0.000000E+0
5.925794E+3	9.847200E-6	1.307300E+4	0.000000E+0	0.000000E+0
5.928793E+3	9.848400E-6	1.307290E+4	0.000000E+0	0.000000E+0
5.931794E+3	9.848500E-6	1.307290E+4	0.000000E+0	0.000000E+0
5.934792E+3	9.848000E-6	1.307300E+4	0.000000E+0	0.000000E+0
5.937792E+3	9.848000E-6	1.307320E+4	0.000000E+0	0.000000E+0
5.940791E+3	9.844900E-6	1.307360E+4	0.000000E+0	0.000000E+0
5.943800E+3	9.847800E-6	1.307420E+4	0.000000E+0	0.000000E+0
5.946795E+3	9.846700E-6	1.307490E+4	0.000000E+0	0.000000E+0
5.949794E+3	9.847800E-6	1.307460E+4	0.000000E+0	0.000000E+0
5.952792E+3	9.847800E-6	1.307460E+4	0.000000E+0	0.000000E+0
5.955792E+3	9.846800E-6	1.307480E+4	0.000000E+0	0.000000E+0
5.958792E+3	9.847300E-6	1.307490E+4	0.000000E+0	0.000000E+0
5.961792E+3	9.846100E-6	1.307450E+4	0.000000E+0	0.000000E+0
5.964794E+3	9.844000E-6	1.307410E+4	0.000000E+0	0.000000E+0
5.967793E+3	9.844800E-6	1.307390E+4	0.000000E+0	0.000000E+0
5.970793E+3	9.845200E-6	1.307400E+4	0.000000E+0	0.000000E+0
5.973792E+3	9.846700E-6	1.307430E+4	0.000000E+0	0.000000E+0
5.976793E+3	9.848200E-6	1.307450E+4	0.000000E+0	0.000000E+0
5.979796E+3	9.845800E-6	1.307420E+4	0.000000E+0	0.000000E+0
5.982795E+3	9.844700E-6	1.307370E+4	0.000000E+0	0.000000E+0
5.985796E+3	9.845800E-6	1.307320E+4	0.000000E+0	0.000000E+0
5.988793E+3	9.844300E-6	1.307280E+4	0.000000E+0	0.000000E+0
5.991793E+3	9.845600E-6	1.307310E+4	0.000000E+0	0.000000E+0
5.994791E+3	9.844900E-6	1.307330E+4	0.000000E+0	0.000000E+0
5.997799E+3	9.849800E-6	1.307330E+4	0.000000E+0	0.000000E+0
6.000799E+3	9.844900E-6	1.307350E+4	0.000000E+0	0.000000E+0
6.003793E+3	9.846300E-6	1.307340E+4	0.000000E+0	0.000000E+0
6.006799E+3	9.846000E-6	1.307320E+4	0.000000E+0	0.000000E+0
6.009801E+3	9.845600E-6	1.307300E+4	0.000000E+0	0.000000E+0
6.012801E+3	9.844200E-6	1.307280E+4	0.000000E+0	0.000000E+0
6.015793E+3	9.844400E-6	1.307270E+4	0.000000E+0	0.000000E+0
6.018794E+3	9.845000E-6	1.307240E+4	0.000000E+0	0.000000E+0
6.021794E+3	9.844100E-6	1.307240E+4	0.000000E+0	0.000000E+0
6.024797E+3	9.845300E-6	1.307260E+4	0.000000E+0	0.000000E+0
6.027791E+3	9.848400E-6	1.307290E+4	0.000000E+0	0.000000E+0
6.030797E+3	9.845200E-6	1.307270E+4	0.000000E+0	0.000000E+0
6.033800E+3	9.845400E-6	1.307240E+4	0.000000E+0	0.000000E+0
6.036789E+3	9.847000E-6	1.307220E+4	0.000000E+0	0.000000E+0
6.039802E+3	9.845800E-6	1.307280E+4	0.000000E+0	0.000000E+0
6.042802E+3	9.846100E-6	1.307310E+4	0.000000E+0	0.000000E+0
6.045790E+3	9.845600E-6	1.307300E+4	0.000000E+0	0.000000E+0
6.048794E+3	9.845600E-6	1.307320E+4	0.000000E+0	0.000000E+0
6.051793E+3	9.844800E-6	1.307330E+4	0.000000E+0	0.000000E+0
6.054790E+3	9.847700E-6	1.307340E+4	0.000000E+0	0.000000E+0
6.057793E+3	9.849500E-6	1.307340E+4	0.000000E+0	0.000000E+0
6.060798E+3	9.847400E-6	1.307310E+4	0.000000E+0	0.000000E+0
6.063800E+3	9.844300E-6	1.307290E+4	0.000000E+0	0.000000E+0
6.066802E+3	9.843100E-6	1.307310E+4	0.000000E+0	0.000000E+0
6.069795E+3	9.843800E-6	1.307350E+4	0.000000E+0	0.000000E+0
6.072790E+3	9.844000E-6	1.307350E+4	0.000000E+0	0.000000E+0
6.075801E+3	9.846100E-6	1.307340E+4	0.000000E+0	0.000000E+0
6.078791E+3	9.846800E-6	1.307340E+4	0.000000E+0	0.000000E+0
6.081791E+3	9.843700E-6	1.307350E+4	0.000000E+0	0.000000E+0
6.084795E+3	9.844100E-6	1.307380E+4	0.000000E+0	0.000000E+0
6.087791E+3	9.844700E-6	1.307390E+4	0.000000E+0	0.000000E+0
6.090793E+3	9.843700E-6	1.307400E+4	0.000000E+0	0.000000E+0
6.093791E+3	9.845300E-6	1.307370E+4	0.000000E+0	0.000000E+0
6.096796E+3	9.844200E-6	1.307380E+4	0.000000E+0	0.000000E+0
6.099797E+3	9.844000E-6	1.307390E+4	0.000000E+0	0.000000E+0
6.102804E+3	9.845200E-6	1.307400E+4	0.000000E+0	0.000000E+0
6.105794E+3	9.843900E-6	1.307390E+4	0.000000E+0	0.000000E+0
6.108793E+3	9.846300E-6	1.307390E+4	0.000000E+0	0.000000E+0
6.111791E+3	9.844700E-6	1.307390E+4	0.000000E+0	0.000000E+0
6.114794E+3	9.848100E-6	1.307390E+4	0.000000E+0	0.000000E+0
6.117794E+3	9.845800E-6	1.307420E+4	0.000000E+0	0.000000E+0
6.120800E+3	9.843300E-6	1.307520E+4	0.000000E+0	0.000000E+0
6.123795E+3	9.844400E-6	1.307620E+4	0.000000E+0	0.000000E+0
6.126794E+3	9.844700E-6	1.307640E+4	0.000000E+0	0.000000E+0
6.129802E+3	9.844700E-6	1.307670E+4	0.000000E+0	0.000000E+0
6.132791E+3	9.845500E-6	1.307720E+4	0.000000E+0	0.000000E+0
6.135794E+3	9.845200E-6	1.307760E+4	0.000000E+0	0.000000E+0
6.138797E+3	9.844900E-6	1.307740E+4	0.000000E+0	0.000000E+0
6.141794E+3	9.843900E-6	1.307690E+4	0.000000E+0	0.000000E+0
6.144796E+3	9.844500E-6	1.307640E+4	0.000000E+0	0.000000E+0
6.147800E+3	9.843900E-6	1.307640E+4	0.000000E+0	0.000000E+0
6.150800E+3	9.843000E-6	1.307620E+4	0.000000E+0	0.000000E+0
6.153795E+3	9.843500E-6	1.307570E+4	0.000000E+0	0.000000E+0
6.156801E+3	9.845300E-6	1.307540E+4	0.000000E+0	0.000000E+0
6.159796E+3	9.845400E-6	1.307510E+4	0.000000E+0	0.000000E+0
6.162793E+3	9.845800E-6	1.307480E+4	0.000000E+0	0.000000E+0
6.165790E+3	9.843800E-6	1.307490E+4	0.000000E+0	0.000000E+0
6.168790E+3	9.844700E-6	1.307500E+4	0.000000E+0	0.000000E+0
6.171803E+3	9.844900E-6	1.307480E+4	0.000000E+0	0.000000E+0
6.174805E+3	9.843600E-6	1.307440E+4	0.000000E+0	0.000000E+0
6.177790E+3	9.844900E-6	1.307410E+4	0.000000E+0	0.000000E+0
6.180795E+3	9.843400E-6	1.307390E+4	0.000000E+0	0.000000E+0
6.183791E+3	9.844400E-6	1.307390E+4	0.000000E+0	0.000000E+0
6.186794E+3	9.843700E-6	1.307400E+4	0.000000E+0	0.000000E+0
6.189794E+3	9.843000E-6	1.307400E+4	0.000000E+0	0.000000E+0
6.192797E+3	9.843100E-6	1.307360E+4	0.000000E+0	0.000000E+0
6.195801E+3	9.842900E-6	1.307350E+4	0.000000E+0	0.000000E+0
6.198799E+3	9.843900E-6	1.307390E+4	0.000000E+0	0.000000E+0
6.201802E+3	9.843800E-6	1.307410E+4	0.000000E+0	0.000000E+0
6.204802E+3	9.844300E-6	1.307450E+4	0.000000E+0	0.000000E+0
6.207792E+3	9.843800E-6	1.307480E+4	0.000000E+0	0.000000E+0
6.210794E+3	9.842600E-6	1.307430E+4	0.000000E+0	0.000000E+0
6.213797E+3	9.841300E-6	1.307450E+4	0.000000E+0	0.000000E+0
6.216800E+3	9.843700E-6	1.307490E+4	0.000000E+0	0.000000E+0
6.219795E+3	9.844400E-6	1.307550E+4	0.000000E+0	0.000000E+0
6.222794E+3	9.846000E-6	1.307580E+4	0.000000E+0	0.000000E+0
6.225802E+3	9.843900E-6	1.307620E+4	0.000000E+0	0.000000E+0
6.228794E+3	9.845200E-6	1.307610E+4	0.000000E+0	0.000000E+0
6.231794E+3	9.842400E-6	1.307650E+4	0.000000E+0	0.000000E+0
6.234797E+3	9.842400E-6	1.307700E+4	0.000000E+0	0.000000E+0
6.237802E+3	9.841100E-6	1.307730E+4	0.000000E+0	0.000000E+0
6.240792E+3	9.840400E-6	1.307760E+4	0.000000E+0	0.000000E+0
6.243803E+3	9.843100E-6	1.307750E+4	0.000000E+0	0.000000E+0
6.246801E+3	9.841500E-6	1.307710E+4	0.000000E+0	0.000000E+0
6.249803E+3	9.842900E-6	1.307650E+4	0.000000E+0	0.000000E+0
6.252797E+3	9.842800E-6	1.307610E+4	0.000000E+0	0.000000E+0
6.255790E+3	9.842400E-6	1.307580E+4	0.000000E+0	0.000000E+0
6.258790E+3	9.841500E-6	1.307540E+4	0.000000E+0	0.000000E+0
6.261801E+3	9.841800E-6	1.307510E+4	0.000000E+0	0.000000E+0
6.264792E+3	9.842400E-6	1.307480E+4	0.000000E+0	0.000000E+0
6.267801E+3	9.843500E-6	1.307510E+4	0.000000E+0	0.000000E+0
6.270793E+3	9.842800E-6	1.307550E+4	0.000000E+0	0.000000E+0
6.273802E+3	9.842800E-6	1.307570E+4	0.000000E+0	0.000000E+0
6.276802E+3	9.840300E-6	1.307600E+4	0.000000E+0	0.000000E+0
6.279798E+3	9.841600E-6	1.307590E+4	0.000000E+0	0.000000E+0
6.282802E+3	9.842000E-6	1.307570E+4	0.000000E+0	0.000000E+0
6.285799E+3	9.842100E-6	1.307580E+4	0.000000E+0	0.000000E+0
6.288803E+3	9.841900E-6	1.307620E+4	0.000000E+0	0.000000E+0
6.291801E+3	9.840800E-6	1.307660E+4	0.000000E+0	0.000000E+0
6.294803E+3	9.841800E-6	1.307640E+4	0.000000E+0	0.000000E+0
6.297802E+3	9.843100E-6	1.307620E+4	0.000000E+0	0.000000E+0
6.300792E+3	9.842400E-6	1.307610E+4	0.000000E+0	0.000000E+0
6.303804E+3	9.841400E-6	1.307600E+4	0.000000E+0	0.000000E+0
6.306804E+3	9.841500E-6	1.307580E+4	0.000000E+0	0.000000E+0
6.309792E+3	9.840200E-6	1.307560E+4	0.000000E+0	0.000000E+0
6.312795E+3	9.842100E-6	1.307530E+4	0.000000E+0	0.000000E+0
6.315803E+3	9.840700E-6	1.307520E+4	0.000000E+0	0.000000E+0
6.318794E+3	9.841900E-6	1.307490E+4	0.000000E+0	0.000000E+0
6.321802E+3	9.842300E-6	1.307470E+4	0.000000E+0	0.000000E+0
6.324794E+3	9.842500E-6	1.307470E+4	0.000000E+0	0.000000E+0
6.327803E+3	9.841000E-6	1.307480E+4	0.000000E+0	0.000000E+0
6.330795E+3	9.841500E-6	1.307470E+4	0.000000E+0	0.000000E+0
6.333795E+3	9.841300E-6	1.307490E+4	0.000000E+0	0.000000E+0
6.336793E+3	9.841900E-6	1.307510E+4	0.000000E+0	0.000000E+0
6.339803E+3	9.842700E-6	1.307520E+4	0.000000E+0	0.000000E+0
6.342795E+3	9.842600E-6	1.307520E+4	0.000000E+0	0.000000E+0
6.345796E+3	9.842300E-6	1.307510E+4	0.000000E+0	0.000000E+0
6.348799E+3	9.841800E-6	1.307490E+4	0.000000E+0	0.000000E+0
6.351795E+3	9.841400E-6	1.307490E+4	0.000000E+0	0.000000E+0
6.354793E+3	9.843000E-6	1.307470E+4	0.000000E+0	0.000000E+0
6.357801E+3	9.842100E-6	1.307460E+4	0.000000E+0	0.000000E+0
6.360801E+3	9.841900E-6	1.307440E+4	0.000000E+0	0.000000E+0
6.363796E+3	9.841400E-6	1.307430E+4	0.000000E+0	0.000000E+0
6.366793E+3	9.840900E-6	1.307500E+4	0.000000E+0	0.000000E+0
6.369802E+3	9.840400E-6	1.307530E+4	0.000000E+0	0.000000E+0
6.372803E+3	9.841100E-6	1.307560E+4	0.000000E+0	0.000000E+0
6.375802E+3	9.841600E-6	1.307560E+4	0.000000E+0	0.000000E+0
6.378794E+3	9.840400E-6	1.307570E+4	0.000000E+0	0.000000E+0
6.381802E+3	9.841300E-6	1.307570E+4	0.000000E+0	0.000000E+0
6.384796E+3	9.842200E-6	1.307590E+4	0.000000E+0	0.000000E+0
6.387796E+3	9.843100E-6	1.307600E+4	0.000000E+0	0.000000E+0
6.390799E+3	9.842100E-6	1.307610E+4	0.000000E+0	0.000000E+0
6.393801E+3	9.841700E-6	1.307620E+4	0.000000E+0	0.000000E+0
6.396802E+3	9.841000E-6	1.307650E+4	0.000000E+0	0.000000E+0
6.399804E+3	9.841000E-6	1.307610E+4	0.000000E+0	0.000000E+0
6.402806E+3	9.841500E-6	1.307590E+4	0.000000E+0	0.000000E+0
6.405804E+3	9.839400E-6	1.307550E+4	0.000000E+0	0.000000E+0
6.408803E+3	9.840500E-6	1.307560E+4	0.000000E+0	0.000000E+0
6.411797E+3	9.839300E-6	1.307590E+4	0.000000E+0	0.000000E+0
6.414799E+3	9.840600E-6	1.307530E+4	0.000000E+0	0.000000E+0
6.417797E+3	9.840300E-6	1.307490E+4	0.000000E+0	0.000000E+0
6.420800E+3	9.841000E-6	1.307470E+4	0.000000E+0	0.000000E+0
6.423801E+3	9.840300E-6	1.307470E+4	0.000000E+0	0.000000E+0
6.426798E+3	9.839100E-6	1.307460E+4	0.000000E+0	0.000000E+0
6.429803E+3	9.839800E-6	1.307430E+4	0.000000E+0	0.000000E+0
6.432798E+3	9.839700E-6	1.307410E+4	0.000000E+0	0.000000E+0
6.435802E+3	9.840300E-6	1.307380E+4	0.000000E+0	0.000000E+0
6.438800E+3	9.841300E-6	1.307340E+4	0.000000E+0	0.000000E+0
6.441808E+3	9.839600E-6	1.307340E+4	0.000000E+0	0.000000E+0
6.444796E+3	9.839700E-6	1.307340E+4	0.000000E+0	0.000000E+0
6.447795E+3	9.839800E-6	1.307360E+4	0.000000E+0	0.000000E+0
6.450798E+3	9.840600E-6	1.307390E+4	0.000000E+0	0.000000E+0
6.453806E+3	9.840100E-6	1.307390E+4	0.000000E+0	0.000000E+0
6.456806E+3	9.840500E-6	1.307420E+4	0.000000E+0	0.000000E+0
6.459809E+3	9.839600E-6	1.307480E+4	0.000000E+0	0.000000E+0
6.462798E+3	9.839100E-6	1.307510E+4	0.000000E+0	0.000000E+0
6.465796E+3	9.838000E-6	1.307590E+4	0.000000E+0	0.000000E+0
6.468799E+3	9.840700E-6	1.307660E+4	0.000000E+0	0.000000E+0
6.471797E+3	9.839800E-6	1.307680E+4	0.000000E+0	0.000000E+0
6.474799E+3	9.841200E-6	1.307700E+4	0.000000E+0	0.000000E+0
6.477802E+3	9.840000E-6	1.307730E+4	0.000000E+0	0.000000E+0
6.480804E+3	9.840600E-6	1.307740E+4	0.000000E+0	0.000000E+0
6.483805E+3	9.841000E-6	1.307770E+4	0.000000E+0	0.000000E+0
6.486802E+3	9.841900E-6	1.307800E+4	0.000000E+0	0.000000E+0
6.489807E+3	9.839900E-6	1.307830E+4	0.000000E+0	0.000000E+0
6.492799E+3	9.838700E-6	1.307810E+4	0.000000E+0	0.000000E+0
6.495807E+3	9.840800E-6	1.307800E+4	0.000000E+0	0.000000E+0
6.498797E+3	9.836700E-6	1.307770E+4	0.000000E+0	0.000000E+0
6.501794E+3	9.839500E-6	1.307750E+4	0.000000E+0	0.000000E+0
6.504797E+3	9.839300E-6	1.307720E+4	0.000000E+0	0.000000E+0
6.507797E+3	9.838700E-6	1.307680E+4	0.000000E+0	0.000000E+0
6.510795E+3	9.840400E-6	1.307620E+4	0.000000E+0	0.000000E+0
6.513803E+3	9.841200E-6	1.307580E+4	0.000000E+0	0.000000E+0
6.516795E+3	9.840200E-6	1.307550E+4	0.000000E+0	0.000000E+0
6.519803E+3	9.837800E-6	1.307520E+4	0.000000E+0	0.000000E+0
6.522801E+3	9.838800E-6	1.307530E+4	0.000000E+0	0.000000E+0
6.525805E+3	9.838800E-6	1.307550E+4	0.000000E+0	0.000000E+0
6.528798E+3	9.839400E-6	1.307550E+4	0.000000E+0	0.000000E+0
6.531793E+3	9.837200E-6	1.307600E+4	0.000000E+0	0.000000E+0
6.534800E+3	9.839800E-6	1.307680E+4	0.000000E+0	0.000000E+0
6.537798E+3	9.837300E-6	1.307720E+4	0.000000E+0	0.000000E+0
6.540800E+3	9.840900E-6	1.307740E+4	0.000000E+0	0.000000E+0
6.543808E+3	9.837400E-6	1.307740E+4	0.000000E+0	0.000000E+0
6.546798E+3	9.839000E-6	1.307700E+4	0.000000E+0	0.000000E+0
6.549806E+3	9.839400E-6	1.307680E+4	0.000000E+0	0.000000E+0
6.552795E+3	9.837900E-6	1.307650E+4	0.000000E+0	0.000000E+0
6.555798E+3	9.839600E-6	1.307640E+4	0.000000E+0	0.000000E+0
6.558799E+3	9.838700E-6	1.307650E+4	0.000000E+0	0.000000E+0
6.561797E+3	9.837900E-6	1.307680E+4	0.000000E+0	0.000000E+0
6.564798E+3	9.837400E-6	1.307680E+4	0.000000E+0	0.000000E+0
6.567796E+3	9.839000E-6	1.307710E+4	0.000000E+0	0.000000E+0
6.570794E+3	9.836700E-6	1.307680E+4	0.000000E+0	0.000000E+0
6.573797E+3	9.838300E-6	1.307650E+4	0.000000E+0	0.000000E+0
6.576794E+3	9.837700E-6	1.307640E+4	0.000000E+0	0.000000E+0
6.579794E+3	9.838900E-6	1.307630E+4	0.000000E+0	0.000000E+0
6.582794E+3	9.839700E-6	1.307620E+4	0.000000E+0	0.000000E+0
6.585794E+3	9.838600E-6	1.307590E+4	0.000000E+0	0.000000E+0
6.588794E+3	9.837000E-6	1.307550E+4	0.000000E+0	0.000000E+0
6.591797E+3	9.838700E-6	1.307520E+4	0.000000E+0	0.000000E+0
6.594799E+3	9.837100E-6	1.307580E+4	0.000000E+0	0.000000E+0
6.597792E+3	9.836800E-6	1.307620E+4	0.000000E+0	0.000000E+0
6.600798E+3	9.838900E-6	1.307610E+4	0.000000E+0	0.000000E+0
6.603798E+3	9.836800E-6	1.307620E+4	0.000000E+0	0.000000E+0
6.606795E+3	9.838600E-6	1.307640E+4	0.000000E+0	0.000000E+0
6.609795E+3	9.838400E-6	1.307640E+4	0.000000E+0	0.000000E+0
6.612794E+3	9.837500E-6	1.307630E+4	0.000000E+0	0.000000E+0
6.615793E+3	9.839300E-6	1.307620E+4	0.000000E+0	0.000000E+0
6.618792E+3	9.841600E-6	1.307660E+4	0.000000E+0	0.000000E+0
6.621793E+3	9.839300E-6	1.307760E+4	0.000000E+0	0.000000E+0
6.624793E+3	9.840000E-6	1.307820E+4	0.000000E+0	0.000000E+0
6.627793E+3	9.839500E-6	1.307840E+4	0.000000E+0	0.000000E+0
6.630793E+3	9.838900E-6	1.307880E+4	0.000000E+0	0.000000E+0
6.633795E+3	9.838900E-6	1.307890E+4	0.000000E+0	0.000000E+0
6.636798E+3	9.837700E-6	1.307850E+4	0.000000E+0	0.000000E+0
6.639793E+3	9.839600E-6	1.307830E+4	0.000000E+0	0.000000E+0
6.642791E+3	9.838200E-6	1.307810E+4	0.000000E+0	0.000000E+0
6.645793E+3	9.838900E-6	1.307780E+4	0.000000E+0	0.000000E+0
6.648793E+3	9.839300E-6	1.307710E+4	0.000000E+0	0.000000E+0
6.651793E+3	9.840500E-6	1.307700E+4	0.000000E+0	0.000000E+0
6.654794E+3	9.839800E-6	1.307700E+4	0.000000E+0	0.000000E+0
6.657793E+3	9.837300E-6	1.307680E+4	0.000000E+0	0.000000E+0
6.660796E+3	9.839600E-6	1.307700E+4	0.000000E+0	0.000000E+0
6.663804E+3	9.838900E-6	1.307780E+4	0.000000E+0	0.000000E+0
6.666796E+3	9.839800E-6	1.307830E+4	0.000000E+0	0.000000E+0
6.669798E+3	9.837900E-6	1.307920E+4	0.000000E+0	0.000000E+0
6.672796E+3	9.838600E-6	1.307990E+4	0.000000E+0	0.000000E+0
6.675794E+3	9.837600E-6	1.308020E+4	0.000000E+0	0.000000E+0
6.678792E+3	9.836300E-6	1.308040E+4	0.000000E+0	0.000000E+0
6.681792E+3	9.837300E-6	1.308110E+4	0.000000E+0	0.000000E+0
6.684799E+3	9.839000E-6	1.308120E+4	0.000000E+0	0.000000E+0
6.687795E+3	9.838600E-6	1.308140E+4	0.000000E+0	0.000000E+0
6.690794E+3	9.839400E-6	1.308150E+4	0.000000E+0	0.000000E+0
6.693795E+3	9.836700E-6	1.308180E+4	0.000000E+0	0.000000E+0
6.696795E+3	9.838300E-6	1.308220E+4	0.000000E+0	0.000000E+0
6.699797E+3	9.836600E-6	1.308220E+4	0.000000E+0	0.000000E+0
6.702798E+3	9.838100E-6	1.308190E+4	0.000000E+0	0.000000E+0
6.705797E+3	9.837600E-6	1.308130E+4	0.000000E+0	0.000000E+0
6.708797E+3	9.837900E-6	1.308120E+4	0.000000E+0	0.000000E+0
6.711798E+3	9.838000E-6	1.308100E+4	0.000000E+0	0.000000E+0
6.714797E+3	9.835600E-6	1.308090E+4	0.000000E+0	0.000000E+0
6.717795E+3	9.836600E-6	1.308070E+4	0.000000E+0	0.000000E+0
6.720796E+3	9.838300E-6	1.308020E+4	0.000000E+0	0.000000E+0
6.723795E+3	9.837700E-6	1.307970E+4	0.000000E+0	0.000000E+0
6.726795E+3	9.837900E-6	1.307930E+4	0.000000E+0	0.000000E+0
6.729795E+3	9.838200E-6	1.307880E+4	0.000000E+0	0.000000E+0
6.732795E+3	9.839100E-6	1.307830E+4	0.000000E+0	0.000000E+0
6.735796E+3	9.837800E-6	1.307880E+4	0.000000E+0	0.000000E+0
6.738796E+3	9.836400E-6	1.307850E+4	0.000000E+0	0.000000E+0
6.741798E+3	9.835400E-6	1.307800E+4	0.000000E+0	0.000000E+0
6.744794E+3	9.835700E-6	1.307750E+4	0.000000E+0	0.000000E+0
6.747797E+3	9.836800E-6	1.307700E+4	0.000000E+0	0.000000E+0
6.750793E+3	9.836400E-6	1.307660E+4	0.000000E+0	0.000000E+0
6.753793E+3	9.836100E-6	1.307640E+4	0.000000E+0	0.000000E+0
6.756794E+3	9.837000E-6	1.307610E+4	0.000000E+0	0.000000E+0
6.759796E+3	9.835700E-6	1.307570E+4	0.000000E+0	0.000000E+0
6.762796E+3	9.837900E-6	1.307530E+4	0.000000E+0	0.000000E+0
6.765796E+3	9.837300E-6	1.307500E+4	0.000000E+0	0.000000E+0
6.768794E+3	9.839700E-6	1.307470E+4	0.000000E+0	0.000000E+0
6.771799E+3	9.838200E-6	1.307470E+4	0.000000E+0	0.000000E+0
6.774799E+3	9.837600E-6	1.307450E+4	0.000000E+0	0.000000E+0
6.777797E+3	9.837800E-6	1.307450E+4	0.000000E+0	0.000000E+0
6.780797E+3	9.836400E-6	1.307470E+4	0.000000E+0	0.000000E+0
6.783800E+3	9.837100E-6	1.307470E+4	0.000000E+0	0.000000E+0
6.786797E+3	9.837800E-6	1.307500E+4	0.000000E+0	0.000000E+0
6.789798E+3	9.838900E-6	1.307550E+4	0.000000E+0	0.000000E+0
6.792800E+3	9.836100E-6	1.307570E+4	0.000000E+0	0.000000E+0
6.795797E+3	9.837000E-6	1.307580E+4	0.000000E+0	0.000000E+0
6.798795E+3	9.837000E-6	1.307570E+4	0.000000E+0	0.000000E+0
6.801796E+3	9.840400E-6	1.307560E+4	0.000000E+0	0.000000E+0
6.804797E+3	9.837100E-6	1.307540E+4	0.000000E+0	0.000000E+0
6.807798E+3	9.836900E-6	1.307480E+4	0.000000E+0	0.000000E+0
6.810793E+3	9.835400E-6	1.307420E+4	0.000000E+0	0.000000E+0
6.813796E+3	9.835900E-6	1.307370E+4	0.000000E+0	0.000000E+0
6.816796E+3	9.835200E-6	1.307340E+4	0.000000E+0	0.000000E+0
6.819798E+3	9.836100E-6	1.307300E+4	0.000000E+0	0.000000E+0
6.822795E+3	9.837200E-6	1.307290E+4	0.000000E+0	0.000000E+0
6.825798E+3	9.836300E-6	1.307290E+4	0.000000E+0	0.000000E+0
6.828796E+3	9.837500E-6	1.307280E+4	0.000000E+0	0.000000E+0
6.831799E+3	9.835500E-6	1.307250E+4	0.000000E+0	0.000000E+0
6.834796E+3	9.834900E-6	1.307270E+4	0.000000E+0	0.000000E+0
6.837798E+3	9.838000E-6	1.307250E+4	0.000000E+0	0.000000E+0
6.840796E+3	9.835700E-6	1.307210E+4	0.000000E+0	0.000000E+0
6.843796E+3	9.857900E-6	1.307230E+4	0.000000E+0	0.000000E+0
6.846796E+3	9.836000E-6	1.307230E+4	0.000000E+0	0.000000E+0
6.849796E+3	9.836800E-6	1.307230E+4	0.000000E+0	0.000000E+0
6.852795E+3	9.834200E-6	1.307250E+4	0.000000E+0	0.000000E+0
6.855792E+3	9.835700E-6	1.307260E+4	0.000000E+0	0.000000E+0
6.858796E+3	9.835300E-6	1.307250E+4	0.000000E+0	0.000000E+0
6.861799E+3	9.834300E-6	1.307240E+4	0.000000E+0	0.000000E+0
6.864797E+3	9.834200E-6	1.307200E+4	0.000000E+0	0.000000E+0
6.867794E+3	9.833600E-6	1.307180E+4	0.000000E+0	0.000000E+0
6.870795E+3	9.835600E-6	1.307150E+4	0.000000E+0	0.000000E+0
6.873794E+3	9.835000E-6	1.307140E+4	0.000000E+0	0.000000E+0
6.876795E+3	9.835000E-6	1.307160E+4	0.000000E+0	0.000000E+0
6.879795E+3	9.834800E-6	1.307170E+4	0.000000E+0	0.000000E+0
6.882794E+3	9.833900E-6	1.307190E+4	0.000000E+0	0.000000E+0
6.885797E+3	9.833800E-6	1.307180E+4	0.000000E+0	0.000000E+0
6.888797E+3	9.833500E-6	1.307140E+4	0.000000E+0	0.000000E+0
6.891795E+3	9.833700E-6	1.307130E+4	0.000000E+0	0.000000E+0
6.894795E+3	9.833800E-6	1.307130E+4	0.000000E+0	0.000000E+0
6.897795E+3	9.834300E-6	1.307140E+4	0.000000E+0	0.000000E+0
6.900797E+3	9.833200E-6	1.307140E+4	0.000000E+0	0.000000E+0
6.903793E+3	9.833600E-6	1.307090E+4	0.000000E+0	0.000000E+0
6.906795E+3	9.833900E-6	1.307090E+4	0.000000E+0	0.000000E+0
6.909793E+3	9.835700E-6	1.307080E+4	0.000000E+0	0.000000E+0
6.912793E+3	9.835300E-6	1.307060E+4	0.000000E+0	0.000000E+0
6.915795E+3	9.833500E-6	1.307100E+4	0.000000E+0	0.000000E+0
6.918795E+3	9.833100E-6	1.307120E+4	0.000000E+0	0.000000E+0
6.921794E+3	9.833300E-6	1.307170E+4	0.000000E+0	0.000000E+0
6.924795E+3	9.834000E-6	1.307170E+4	0.000000E+0	0.000000E+0
6.927796E+3	9.833000E-6	1.307150E+4	0.000000E+0	0.000000E+0
6.930796E+3	9.831600E-6	1.307130E+4	0.000000E+0	0.000000E+0
6.933793E+3	9.833700E-6	1.307100E+4	0.000000E+0	0.000000E+0
6.936794E+3	9.836400E-6	1.307050E+4	0.000000E+0	0.000000E+0
6.939793E+3	9.834100E-6	1.307020E+4	0.000000E+0	0.000000E+0
6.942796E+3	9.833700E-6	1.306980E+4	0.000000E+0	0.000000E+0
6.945794E+3	9.833900E-6	1.307000E+4	0.000000E+0	0.000000E+0
6.948797E+3	9.834900E-6	1.307040E+4	0.000000E+0	0.000000E+0
6.951794E+3	9.834300E-6	1.307050E+4	0.000000E+0	0.000000E+0
6.954796E+3	9.832200E-6	1.307040E+4	0.000000E+0	0.000000E+0
6.957794E+3	9.832700E-6	1.307020E+4	0.000000E+0	0.000000E+0
6.960797E+3	9.831400E-6	1.307000E+4	0.000000E+0	0.000000E+0
6.963797E+3	9.833400E-6	1.306990E+4	0.000000E+0	0.000000E+0
6.966794E+3	9.832400E-6	1.306950E+4	0.000000E+0	0.000000E+0
6.969794E+3	9.833300E-6	1.306950E+4	0.000000E+0	0.000000E+0
6.972795E+3	9.832600E-6	1.306940E+4	0.000000E+0	0.000000E+0
6.975795E+3	9.830700E-6	1.306910E+4	0.000000E+0	0.000000E+0
6.978794E+3	9.838000E-6	1.306880E+4	0.000000E+0	0.000000E+0
6.981793E+3	9.833800E-6	1.306860E+4	0.000000E+0	0.000000E+0
6.984792E+3	9.832200E-6	1.306870E+4	0.000000E+0	0.000000E+0
6.987793E+3	9.834600E-6	1.306870E+4	0.000000E+0	0.000000E+0
6.990795E+3	9.836300E-6	1.306860E+4	0.000000E+0	0.000000E+0
6.993793E+3	9.832800E-6	1.306840E+4	0.000000E+0	0.000000E+0
6.996795E+3	9.834100E-6	1.306840E+4	0.000000E+0	0.000000E+0
6.999793E+3	9.832600E-6	1.306850E+4	0.000000E+0	0.000000E+0
7.002793E+3	9.834100E-6	1.306830E+4	0.000000E+0	0.000000E+0
7.005799E+3	9.834200E-6	1.306820E+4	0.000000E+0	0.000000E+0
7.008799E+3	9.838700E-6	1.306810E+4	0.000000E+0	0.000000E+0
7.011803E+3	9.833100E-6	1.306830E+4	0.000000E+0	0.000000E+0
7.014795E+3	9.833700E-6	1.306870E+4	0.000000E+0	0.000000E+0
7.017799E+3	9.833200E-6	1.306860E+4	0.000000E+0	0.000000E+0
7.020799E+3	9.831200E-6	1.306860E+4	0.000000E+0	0.000000E+0
7.023802E+3	9.846300E-6	1.306860E+4	0.000000E+0	0.000000E+0
7.026794E+3	9.834300E-6	1.306850E+4	0.000000E+0	0.000000E+0
7.029799E+3	9.832100E-6	1.306850E+4	0.000000E+0	0.000000E+0
7.032791E+3	9.834600E-6	1.306860E+4	0.000000E+0	0.000000E+0
7.035797E+3	9.833600E-6	1.306870E+4	0.000000E+0	0.000000E+0
7.038793E+3	9.835200E-6	1.306860E+4	0.000000E+0	0.000000E+0
7.041802E+3	9.832500E-6	1.306860E+4	0.000000E+0	0.000000E+0
7.044800E+3	9.834900E-6	1.306860E+4	0.000000E+0	0.000000E+0
7.047798E+3	9.832000E-6	1.306880E+4	0.000000E+0	0.000000E+0
7.050798E+3	9.831800E-6	1.306880E+4	0.000000E+0	0.000000E+0
7.053802E+3	9.830600E-6	1.306860E+4	0.000000E+0	0.000000E+0
7.056798E+3	9.831400E-6	1.306840E+4	0.000000E+0	0.000000E+0
7.059798E+3	9.830500E-6	1.306830E+4	0.000000E+0	0.000000E+0
7.062802E+3	9.832500E-6	1.306830E+4	0.000000E+0	0.000000E+0
7.065803E+3	9.831400E-6	1.306830E+4	0.000000E+0	0.000000E+0
7.068800E+3	9.832600E-6	1.306850E+4	0.000000E+0	0.000000E+0
7.071803E+3	9.832700E-6	1.306840E+4	0.000000E+0	0.000000E+0
7.074798E+3	9.831900E-6	1.306820E+4	0.000000E+0	0.000000E+0
7.077802E+3	9.834900E-6	1.306800E+4	0.000000E+0	0.000000E+0
7.080798E+3	9.832300E-6	1.306780E+4	0.000000E+0	0.000000E+0
7.083800E+3	9.831000E-6	1.306740E+4	0.000000E+0	0.000000E+0
7.086798E+3	9.830800E-6	1.306720E+4	0.000000E+0	0.000000E+0
7.089800E+3	9.829600E-6	1.306730E+4	0.000000E+0	0.000000E+0
7.092799E+3	9.830100E-6	1.306720E+4	0.000000E+0	0.000000E+0
7.095801E+3	9.829900E-6	1.306710E+4	0.000000E+0	0.000000E+0
7.098798E+3	9.831100E-6	1.306680E+4	0.000000E+0	0.000000E+0
7.101791E+3	9.830800E-6	1.306660E+4	0.000000E+0	0.000000E+0
7.104801E+3	9.830100E-6	1.306640E+4	0.000000E+0	0.000000E+0
7.107803E+3	9.829800E-6	1.306620E+4	0.000000E+0	0.000000E+0
7.110791E+3	9.832000E-6	1.306610E+4	0.000000E+0	0.000000E+0
7.113804E+3	9.830600E-6	1.306630E+4	0.000000E+0	0.000000E+0
7.116790E+3	9.832100E-6	1.306640E+4	0.000000E+0	0.000000E+0
7.119791E+3	9.831200E-6	1.306620E+4	0.000000E+0	0.000000E+0
7.122802E+3	9.831300E-6	1.306620E+4	0.000000E+0	0.000000E+0
7.125794E+3	9.830600E-6	1.306600E+4	0.000000E+0	0.000000E+0
7.128804E+3	9.829200E-6	1.306590E+4	0.000000E+0	0.000000E+0
7.131805E+3	9.829500E-6	1.306590E+4	0.000000E+0	0.000000E+0
7.134794E+3	9.830100E-6	1.306590E+4	0.000000E+0	0.000000E+0
7.137796E+3	9.830500E-6	1.306570E+4	0.000000E+0	0.000000E+0
7.140794E+3	9.831600E-6	1.306570E+4	0.000000E+0	0.000000E+0
7.143807E+3	9.853400E-6	1.306550E+4	0.000000E+0	0.000000E+0
7.146795E+3	9.832500E-6	1.306520E+4	0.000000E+0	0.000000E+0
7.149794E+3	9.835800E-6	1.306500E+4	0.000000E+0	0.000000E+0
7.152795E+3	9.831400E-6	1.306480E+4	0.000000E+0	0.000000E+0
7.155795E+3	9.830300E-6	1.306480E+4	0.000000E+0	0.000000E+0
7.158797E+3	9.830900E-6	1.306500E+4	0.000000E+0	0.000000E+0
7.161800E+3	9.829000E-6	1.306480E+4	0.000000E+0	0.000000E+0
7.164798E+3	9.830900E-6	1.306470E+4	0.000000E+0	0.000000E+0
7.167798E+3	9.832000E-6	1.306450E+4	0.000000E+0	0.000000E+0
7.170800E+3	9.831800E-6	1.306440E+4	0.000000E+0	0.000000E+0
7.173796E+3	9.831600E-6	1.306430E+4	0.000000E+0	0.000000E+0
7.176798E+3	9.832500E-6	1.306410E+4	0.000000E+0	0.000000E+0
7.179793E+3	9.832400E-6	1.306390E+4	0.000000E+0	0.000000E+0
7.182798E+3	9.831200E-6	1.306390E+4	0.000000E+0	0.000000E+0
7.185796E+3	9.831800E-6	1.306360E+4	0.000000E+0	0.000000E+0
7.188796E+3	9.831100E-6	1.306320E+4	0.000000E+0	0.000000E+0
7.191795E+3	9.833200E-6	1.306270E+4	0.000000E+0	0.000000E+0
7.194793E+3	9.829000E-6	1.306260E+4	0.000000E+0	0.000000E+0
7.197793E+3	9.829700E-6	1.306280E+4	0.000000E+0	0.000000E+0
7.200796E+3	9.832200E-6	1.306250E+4	0.000000E+0	0.000000E+0
7.203793E+3	9.830400E-6	1.306240E+4	0.000000E+0	0.000000E+0
7.206794E+3	9.830300E-6	1.306240E+4	0.000000E+0	0.000000E+0
7.209793E+3	9.820000E-6	1.306240E+4	0.000000E+0	0.000000E+0
